
=== cargo fmt --all -- --check ===

=== cargo clippy --workspace --all-targets -- -D warnings ===
   Compiling markit-mdbench-runner v0.1.0 (/home/jnhu/Source/markit-primary-run/research/benchmarks/markdown-ast-update/runner)
    Checking markit-mdbench-workload-freeze v0.1.0 (/home/jnhu/Source/markit-primary-run/research/benchmarks/markdown-ast-update/workload-freeze)
    Checking markit-mdbench-block-local v0.1.0 (/home/jnhu/Source/markit-primary-run/research/benchmarks/markdown-ast-update/mechanisms/block-local)
    Checking markit-mdbench-restart-convergence v0.1.0 (/home/jnhu/Source/markit-primary-run/research/benchmarks/markdown-ast-update/mechanisms/restart-convergence)
    Checking markit-mdbench-diagnostics v0.1.0 (/home/jnhu/Source/markit-primary-run/research/benchmarks/markdown-ast-update/diagnostics)
    Checking markit-mdbench-campaign v0.1.0 (/home/jnhu/Source/markit-primary-run/research/benchmarks/markdown-ast-update/campaign)
    Finished `dev` profile [unoptimized + debuginfo] target(s) in 2.51s

=== cargo test --workspace (campaign freeze contract + prior gates) ===
   Compiling markit-mdbench-runner v0.1.0 (/home/jnhu/Source/markit-primary-run/research/benchmarks/markdown-ast-update/runner)
   Compiling markit-mdbench-workload-freeze v0.1.0 (/home/jnhu/Source/markit-primary-run/research/benchmarks/markdown-ast-update/workload-freeze)
   Compiling markit-mdbench-restart-convergence v0.1.0 (/home/jnhu/Source/markit-primary-run/research/benchmarks/markdown-ast-update/mechanisms/restart-convergence)
   Compiling markit-mdbench-block-local v0.1.0 (/home/jnhu/Source/markit-primary-run/research/benchmarks/markdown-ast-update/mechanisms/block-local)
   Compiling markit-mdbench-diagnostics v0.1.0 (/home/jnhu/Source/markit-primary-run/research/benchmarks/markdown-ast-update/diagnostics)
   Compiling markit-mdbench-campaign v0.1.0 (/home/jnhu/Source/markit-primary-run/research/benchmarks/markdown-ast-update/campaign)
    Finished `test` profile [unoptimized + debuginfo] target(s) in 2.02s
     Running unittests src/lib.rs (target/debug/deps/markit_mdbench_block_local-037a0ebfd650d437)

running 0 tests

test result: ok. 0 passed; 0 failed; 0 ignored; 0 measured; 0 filtered out; finished in 0.00s

     Running tests/adversarial_r5.rs (target/debug/deps/adversarial_r5-2784fbf844500d84)

running 1 test
test adversarial_small_model_differential_504_sequences ... ok

test result: ok. 1 passed; 0 failed; 0 ignored; 0 measured; 0 filtered out; finished in 0.59s

     Running tests/attribution_exact_fixtures.rs (target/debug/deps/attribution_exact_fixtures-9f3285fe90387db3)

running 4 tests
test h1_fallback_repeated_inspection_effort ... ok
test h1_length_shrinking_old_post_inspections ... ok
test h1_fallback_keeps_discarded_region_work ... ok
test h1_metadata_scan_is_charged_exactly_once ... ok

test result: ok. 4 passed; 0 failed; 0 ignored; 0 measured; 0 filtered out; finished in 0.00s

     Running tests/h1_gate.rs (target/debug/deps/h1_gate-5e78ef5fd80a9e35)

running 17 tests
test h1_identity_w1_safe_local_edit ... ok
test h1_fallback_counters_are_full_reconstruction_plus_discarded_region ... ok
test h1_counters_and_eager_completion ... ok
test h1_guard_margins_report_source_inspection ... ok
test h1_prefix_reuse_is_ownership_pass_through ... ok
test h1_identity_w2_definition_presence ... ok
test h1_fallback_pass_guard_probes ... ok
test h1_grammar_pass_all_43_fixtures ... ok
test h1_updates_are_deterministic ... ok
test h1_chained_edits_stay_equal_to_clean_parses ... ok
test h1_query_batch_matches_the_frozen_contract ... ok
test h1_update_matches_clean_parse_multibyte_sensitive_ops ... ok
test h1_update_matches_clean_parse_structural_recipes_64k ... ok
test h1_update_matches_clean_parse_generic_grid_64k ... ok
test h1_update_matches_clean_parse_structural_recipes_1m ... ok
test h1_update_matches_clean_parse_every_shape_insert_tiny_all_anchors ... ok
test h1_update_matches_clean_parse_scaling_slice has been running for over 60 seconds
test h1_update_matches_clean_parse_scaling_slice ... ok

test result: ok. 17 passed; 0 failed; 0 ignored; 0 measured; 0 filtered out; finished in 77.12s

     Running tests/matrix_r5.rs (target/debug/deps/matrix_r5-25cc131e59b1295d)

running 549 tests
test matrix_case_000 ... ignored, matrix case; run with --release (verify-r5.sh, or nextest for parallel/retry/resume)
test matrix_case_001 ... ignored, matrix case; run with --release (verify-r5.sh, or nextest for parallel/retry/resume)
test matrix_case_002 ... ignored, matrix case; run with --release (verify-r5.sh, or nextest for parallel/retry/resume)
test matrix_case_003 ... ignored, matrix case; run with --release (verify-r5.sh, or nextest for parallel/retry/resume)
test matrix_case_004 ... ignored, matrix case; run with --release (verify-r5.sh, or nextest for parallel/retry/resume)
test matrix_case_005 ... ignored, matrix case; run with --release (verify-r5.sh, or nextest for parallel/retry/resume)
test matrix_case_006 ... ignored, matrix case; run with --release (verify-r5.sh, or nextest for parallel/retry/resume)
test matrix_case_007 ... ignored, matrix case; run with --release (verify-r5.sh, or nextest for parallel/retry/resume)
test matrix_case_008 ... ignored, matrix case; run with --release (verify-r5.sh, or nextest for parallel/retry/resume)
test matrix_case_009 ... ignored, matrix case; run with --release (verify-r5.sh, or nextest for parallel/retry/resume)
test matrix_case_010 ... ignored, matrix case; run with --release (verify-r5.sh, or nextest for parallel/retry/resume)
test matrix_case_011 ... ignored, matrix case; run with --release (verify-r5.sh, or nextest for parallel/retry/resume)
test matrix_case_012 ... ignored, matrix case; run with --release (verify-r5.sh, or nextest for parallel/retry/resume)
test matrix_case_013 ... ignored, matrix case; run with --release (verify-r5.sh, or nextest for parallel/retry/resume)
test matrix_case_014 ... ignored, matrix case; run with --release (verify-r5.sh, or nextest for parallel/retry/resume)
test matrix_case_015 ... ignored, matrix case; run with --release (verify-r5.sh, or nextest for parallel/retry/resume)
test matrix_case_016 ... ignored, matrix case; run with --release (verify-r5.sh, or nextest for parallel/retry/resume)
test matrix_case_017 ... ignored, matrix case; run with --release (verify-r5.sh, or nextest for parallel/retry/resume)
test matrix_case_018 ... ignored, matrix case; run with --release (verify-r5.sh, or nextest for parallel/retry/resume)
test matrix_case_019 ... ignored, matrix case; run with --release (verify-r5.sh, or nextest for parallel/retry/resume)
test matrix_case_020 ... ignored, matrix case; run with --release (verify-r5.sh, or nextest for parallel/retry/resume)
test matrix_case_021 ... ignored, matrix case; run with --release (verify-r5.sh, or nextest for parallel/retry/resume)
test matrix_case_022 ... ignored, matrix case; run with --release (verify-r5.sh, or nextest for parallel/retry/resume)
test matrix_case_023 ... ignored, matrix case; run with --release (verify-r5.sh, or nextest for parallel/retry/resume)
test matrix_case_024 ... ignored, matrix case; run with --release (verify-r5.sh, or nextest for parallel/retry/resume)
test matrix_case_025 ... ignored, matrix case; run with --release (verify-r5.sh, or nextest for parallel/retry/resume)
test matrix_case_026 ... ignored, matrix case; run with --release (verify-r5.sh, or nextest for parallel/retry/resume)
test matrix_case_027 ... ignored, matrix case; run with --release (verify-r5.sh, or nextest for parallel/retry/resume)
test matrix_case_028 ... ignored, matrix case; run with --release (verify-r5.sh, or nextest for parallel/retry/resume)
test matrix_case_029 ... ignored, matrix case; run with --release (verify-r5.sh, or nextest for parallel/retry/resume)
test matrix_case_030 ... ignored, matrix case; run with --release (verify-r5.sh, or nextest for parallel/retry/resume)
test matrix_case_031 ... ignored, matrix case; run with --release (verify-r5.sh, or nextest for parallel/retry/resume)
test matrix_case_032 ... ignored, matrix case; run with --release (verify-r5.sh, or nextest for parallel/retry/resume)
test matrix_case_033 ... ignored, matrix case; run with --release (verify-r5.sh, or nextest for parallel/retry/resume)
test matrix_case_034 ... ignored, matrix case; run with --release (verify-r5.sh, or nextest for parallel/retry/resume)
test matrix_case_035 ... ignored, matrix case; run with --release (verify-r5.sh, or nextest for parallel/retry/resume)
test matrix_case_036 ... ignored, matrix case; run with --release (verify-r5.sh, or nextest for parallel/retry/resume)
test matrix_case_037 ... ignored, matrix case; run with --release (verify-r5.sh, or nextest for parallel/retry/resume)
test matrix_case_038 ... ignored, matrix case; run with --release (verify-r5.sh, or nextest for parallel/retry/resume)
test matrix_case_039 ... ignored, matrix case; run with --release (verify-r5.sh, or nextest for parallel/retry/resume)
test matrix_case_040 ... ignored, matrix case; run with --release (verify-r5.sh, or nextest for parallel/retry/resume)
test matrix_case_041 ... ignored, matrix case; run with --release (verify-r5.sh, or nextest for parallel/retry/resume)
test matrix_case_042 ... ignored, matrix case; run with --release (verify-r5.sh, or nextest for parallel/retry/resume)
test matrix_case_043 ... ignored, matrix case; run with --release (verify-r5.sh, or nextest for parallel/retry/resume)
test matrix_case_044 ... ignored, matrix case; run with --release (verify-r5.sh, or nextest for parallel/retry/resume)
test matrix_case_045 ... ignored, matrix case; run with --release (verify-r5.sh, or nextest for parallel/retry/resume)
test matrix_case_046 ... ignored, matrix case; run with --release (verify-r5.sh, or nextest for parallel/retry/resume)
test matrix_case_047 ... ignored, matrix case; run with --release (verify-r5.sh, or nextest for parallel/retry/resume)
test matrix_case_048 ... ignored, matrix case; run with --release (verify-r5.sh, or nextest for parallel/retry/resume)
test matrix_case_049 ... ignored, matrix case; run with --release (verify-r5.sh, or nextest for parallel/retry/resume)
test matrix_case_050 ... ignored, matrix case; run with --release (verify-r5.sh, or nextest for parallel/retry/resume)
test matrix_case_051 ... ignored, matrix case; run with --release (verify-r5.sh, or nextest for parallel/retry/resume)
test matrix_case_052 ... ignored, matrix case; run with --release (verify-r5.sh, or nextest for parallel/retry/resume)
test matrix_case_053 ... ignored, matrix case; run with --release (verify-r5.sh, or nextest for parallel/retry/resume)
test matrix_case_054 ... ignored, matrix case; run with --release (verify-r5.sh, or nextest for parallel/retry/resume)
test matrix_case_055 ... ignored, matrix case; run with --release (verify-r5.sh, or nextest for parallel/retry/resume)
test matrix_case_056 ... ignored, matrix case; run with --release (verify-r5.sh, or nextest for parallel/retry/resume)
test matrix_case_057 ... ignored, matrix case; run with --release (verify-r5.sh, or nextest for parallel/retry/resume)
test matrix_case_058 ... ignored, matrix case; run with --release (verify-r5.sh, or nextest for parallel/retry/resume)
test matrix_case_059 ... ignored, matrix case; run with --release (verify-r5.sh, or nextest for parallel/retry/resume)
test matrix_case_060 ... ignored, matrix case; run with --release (verify-r5.sh, or nextest for parallel/retry/resume)
test matrix_case_061 ... ignored, matrix case; run with --release (verify-r5.sh, or nextest for parallel/retry/resume)
test matrix_case_062 ... ignored, matrix case; run with --release (verify-r5.sh, or nextest for parallel/retry/resume)
test matrix_case_063 ... ignored, matrix case; run with --release (verify-r5.sh, or nextest for parallel/retry/resume)
test matrix_case_064 ... ignored, matrix case; run with --release (verify-r5.sh, or nextest for parallel/retry/resume)
test matrix_case_065 ... ignored, matrix case; run with --release (verify-r5.sh, or nextest for parallel/retry/resume)
test matrix_case_066 ... ignored, matrix case; run with --release (verify-r5.sh, or nextest for parallel/retry/resume)
test matrix_case_067 ... ignored, matrix case; run with --release (verify-r5.sh, or nextest for parallel/retry/resume)
test matrix_case_068 ... ignored, matrix case; run with --release (verify-r5.sh, or nextest for parallel/retry/resume)
test matrix_case_069 ... ignored, matrix case; run with --release (verify-r5.sh, or nextest for parallel/retry/resume)
test matrix_case_070 ... ignored, matrix case; run with --release (verify-r5.sh, or nextest for parallel/retry/resume)
test matrix_case_071 ... ignored, matrix case; run with --release (verify-r5.sh, or nextest for parallel/retry/resume)
test matrix_case_072 ... ignored, matrix case; run with --release (verify-r5.sh, or nextest for parallel/retry/resume)
test matrix_case_073 ... ignored, matrix case; run with --release (verify-r5.sh, or nextest for parallel/retry/resume)
test matrix_case_074 ... ignored, matrix case; run with --release (verify-r5.sh, or nextest for parallel/retry/resume)
test matrix_case_075 ... ignored, matrix case; run with --release (verify-r5.sh, or nextest for parallel/retry/resume)
test matrix_case_076 ... ignored, matrix case; run with --release (verify-r5.sh, or nextest for parallel/retry/resume)
test matrix_case_077 ... ignored, matrix case; run with --release (verify-r5.sh, or nextest for parallel/retry/resume)
test matrix_case_078 ... ignored, matrix case; run with --release (verify-r5.sh, or nextest for parallel/retry/resume)
test matrix_case_079 ... ignored, matrix case; run with --release (verify-r5.sh, or nextest for parallel/retry/resume)
test matrix_case_080 ... ignored, matrix case; run with --release (verify-r5.sh, or nextest for parallel/retry/resume)
test matrix_case_081 ... ignored, matrix case; run with --release (verify-r5.sh, or nextest for parallel/retry/resume)
test matrix_case_082 ... ignored, matrix case; run with --release (verify-r5.sh, or nextest for parallel/retry/resume)
test matrix_case_083 ... ignored, matrix case; run with --release (verify-r5.sh, or nextest for parallel/retry/resume)
test matrix_case_084 ... ignored, matrix case; run with --release (verify-r5.sh, or nextest for parallel/retry/resume)
test matrix_case_085 ... ignored, matrix case; run with --release (verify-r5.sh, or nextest for parallel/retry/resume)
test matrix_case_086 ... ignored, matrix case; run with --release (verify-r5.sh, or nextest for parallel/retry/resume)
test matrix_case_087 ... ignored, matrix case; run with --release (verify-r5.sh, or nextest for parallel/retry/resume)
test matrix_case_088 ... ignored, matrix case; run with --release (verify-r5.sh, or nextest for parallel/retry/resume)
test matrix_case_089 ... ignored, matrix case; run with --release (verify-r5.sh, or nextest for parallel/retry/resume)
test matrix_case_090 ... ignored, matrix case; run with --release (verify-r5.sh, or nextest for parallel/retry/resume)
test matrix_case_091 ... ignored, matrix case; run with --release (verify-r5.sh, or nextest for parallel/retry/resume)
test matrix_case_092 ... ignored, matrix case; run with --release (verify-r5.sh, or nextest for parallel/retry/resume)
test matrix_case_093 ... ignored, matrix case; run with --release (verify-r5.sh, or nextest for parallel/retry/resume)
test matrix_case_094 ... ignored, matrix case; run with --release (verify-r5.sh, or nextest for parallel/retry/resume)
test matrix_case_095 ... ignored, matrix case; run with --release (verify-r5.sh, or nextest for parallel/retry/resume)
test matrix_case_096 ... ignored, matrix case; run with --release (verify-r5.sh, or nextest for parallel/retry/resume)
test matrix_case_097 ... ignored, matrix case; run with --release (verify-r5.sh, or nextest for parallel/retry/resume)
test matrix_case_098 ... ignored, matrix case; run with --release (verify-r5.sh, or nextest for parallel/retry/resume)
test matrix_case_099 ... ignored, matrix case; run with --release (verify-r5.sh, or nextest for parallel/retry/resume)
test matrix_case_100 ... ignored, matrix case; run with --release (verify-r5.sh, or nextest for parallel/retry/resume)
test matrix_case_101 ... ignored, matrix case; run with --release (verify-r5.sh, or nextest for parallel/retry/resume)
test matrix_case_102 ... ignored, matrix case; run with --release (verify-r5.sh, or nextest for parallel/retry/resume)
test matrix_case_103 ... ignored, matrix case; run with --release (verify-r5.sh, or nextest for parallel/retry/resume)
test matrix_case_104 ... ignored, matrix case; run with --release (verify-r5.sh, or nextest for parallel/retry/resume)
test matrix_case_105 ... ignored, matrix case; run with --release (verify-r5.sh, or nextest for parallel/retry/resume)
test matrix_case_106 ... ignored, matrix case; run with --release (verify-r5.sh, or nextest for parallel/retry/resume)
test matrix_case_107 ... ignored, matrix case; run with --release (verify-r5.sh, or nextest for parallel/retry/resume)
test matrix_case_108 ... ignored, matrix case; run with --release (verify-r5.sh, or nextest for parallel/retry/resume)
test matrix_case_109 ... ignored, matrix case; run with --release (verify-r5.sh, or nextest for parallel/retry/resume)
test matrix_case_110 ... ignored, matrix case; run with --release (verify-r5.sh, or nextest for parallel/retry/resume)
test matrix_case_111 ... ignored, matrix case; run with --release (verify-r5.sh, or nextest for parallel/retry/resume)
test matrix_case_112 ... ignored, matrix case; run with --release (verify-r5.sh, or nextest for parallel/retry/resume)
test matrix_case_113 ... ignored, matrix case; run with --release (verify-r5.sh, or nextest for parallel/retry/resume)
test matrix_case_114 ... ignored, matrix case; run with --release (verify-r5.sh, or nextest for parallel/retry/resume)
test matrix_case_115 ... ignored, matrix case; run with --release (verify-r5.sh, or nextest for parallel/retry/resume)
test matrix_case_116 ... ignored, matrix case; run with --release (verify-r5.sh, or nextest for parallel/retry/resume)
test matrix_case_117 ... ignored, matrix case; run with --release (verify-r5.sh, or nextest for parallel/retry/resume)
test matrix_case_118 ... ignored, matrix case; run with --release (verify-r5.sh, or nextest for parallel/retry/resume)
test matrix_case_119 ... ignored, matrix case; run with --release (verify-r5.sh, or nextest for parallel/retry/resume)
test matrix_case_120 ... ignored, matrix case; run with --release (verify-r5.sh, or nextest for parallel/retry/resume)
test matrix_case_121 ... ignored, matrix case; run with --release (verify-r5.sh, or nextest for parallel/retry/resume)
test matrix_case_122 ... ignored, matrix case; run with --release (verify-r5.sh, or nextest for parallel/retry/resume)
test matrix_case_123 ... ignored, matrix case; run with --release (verify-r5.sh, or nextest for parallel/retry/resume)
test matrix_case_124 ... ignored, matrix case; run with --release (verify-r5.sh, or nextest for parallel/retry/resume)
test matrix_case_125 ... ignored, matrix case; run with --release (verify-r5.sh, or nextest for parallel/retry/resume)
test matrix_case_126 ... ignored, matrix case; run with --release (verify-r5.sh, or nextest for parallel/retry/resume)
test matrix_case_127 ... ignored, matrix case; run with --release (verify-r5.sh, or nextest for parallel/retry/resume)
test matrix_case_128 ... ignored, matrix case; run with --release (verify-r5.sh, or nextest for parallel/retry/resume)
test matrix_case_129 ... ignored, matrix case; run with --release (verify-r5.sh, or nextest for parallel/retry/resume)
test matrix_case_130 ... ignored, matrix case; run with --release (verify-r5.sh, or nextest for parallel/retry/resume)
test matrix_case_131 ... ignored, matrix case; run with --release (verify-r5.sh, or nextest for parallel/retry/resume)
test matrix_case_132 ... ignored, matrix case; run with --release (verify-r5.sh, or nextest for parallel/retry/resume)
test matrix_case_133 ... ignored, matrix case; run with --release (verify-r5.sh, or nextest for parallel/retry/resume)
test matrix_case_134 ... ignored, matrix case; run with --release (verify-r5.sh, or nextest for parallel/retry/resume)
test matrix_case_135 ... ignored, matrix case; run with --release (verify-r5.sh, or nextest for parallel/retry/resume)
test matrix_case_136 ... ignored, matrix case; run with --release (verify-r5.sh, or nextest for parallel/retry/resume)
test matrix_case_137 ... ignored, matrix case; run with --release (verify-r5.sh, or nextest for parallel/retry/resume)
test matrix_case_138 ... ignored, matrix case; run with --release (verify-r5.sh, or nextest for parallel/retry/resume)
test matrix_case_139 ... ignored, matrix case; run with --release (verify-r5.sh, or nextest for parallel/retry/resume)
test matrix_case_140 ... ignored, matrix case; run with --release (verify-r5.sh, or nextest for parallel/retry/resume)
test matrix_case_141 ... ignored, matrix case; run with --release (verify-r5.sh, or nextest for parallel/retry/resume)
test matrix_case_142 ... ignored, matrix case; run with --release (verify-r5.sh, or nextest for parallel/retry/resume)
test matrix_case_143 ... ignored, matrix case; run with --release (verify-r5.sh, or nextest for parallel/retry/resume)
test matrix_case_144 ... ignored, matrix case; run with --release (verify-r5.sh, or nextest for parallel/retry/resume)
test matrix_case_145 ... ignored, matrix case; run with --release (verify-r5.sh, or nextest for parallel/retry/resume)
test matrix_case_146 ... ignored, matrix case; run with --release (verify-r5.sh, or nextest for parallel/retry/resume)
test matrix_case_147 ... ignored, matrix case; run with --release (verify-r5.sh, or nextest for parallel/retry/resume)
test matrix_case_148 ... ignored, matrix case; run with --release (verify-r5.sh, or nextest for parallel/retry/resume)
test matrix_case_149 ... ignored, matrix case; run with --release (verify-r5.sh, or nextest for parallel/retry/resume)
test matrix_case_150 ... ignored, matrix case; run with --release (verify-r5.sh, or nextest for parallel/retry/resume)
test matrix_case_151 ... ignored, matrix case; run with --release (verify-r5.sh, or nextest for parallel/retry/resume)
test matrix_case_152 ... ignored, matrix case; run with --release (verify-r5.sh, or nextest for parallel/retry/resume)
test matrix_case_153 ... ignored, matrix case; run with --release (verify-r5.sh, or nextest for parallel/retry/resume)
test matrix_case_154 ... ignored, matrix case; run with --release (verify-r5.sh, or nextest for parallel/retry/resume)
test matrix_case_155 ... ignored, matrix case; run with --release (verify-r5.sh, or nextest for parallel/retry/resume)
test matrix_case_156 ... ignored, matrix case; run with --release (verify-r5.sh, or nextest for parallel/retry/resume)
test matrix_case_157 ... ignored, matrix case; run with --release (verify-r5.sh, or nextest for parallel/retry/resume)
test matrix_case_158 ... ignored, matrix case; run with --release (verify-r5.sh, or nextest for parallel/retry/resume)
test matrix_case_159 ... ignored, matrix case; run with --release (verify-r5.sh, or nextest for parallel/retry/resume)
test matrix_case_160 ... ignored, matrix case; run with --release (verify-r5.sh, or nextest for parallel/retry/resume)
test matrix_case_161 ... ignored, matrix case; run with --release (verify-r5.sh, or nextest for parallel/retry/resume)
test matrix_case_162 ... ignored, matrix case; run with --release (verify-r5.sh, or nextest for parallel/retry/resume)
test matrix_case_163 ... ignored, matrix case; run with --release (verify-r5.sh, or nextest for parallel/retry/resume)
test matrix_case_164 ... ignored, matrix case; run with --release (verify-r5.sh, or nextest for parallel/retry/resume)
test matrix_case_165 ... ignored, matrix case; run with --release (verify-r5.sh, or nextest for parallel/retry/resume)
test matrix_case_166 ... ignored, matrix case; run with --release (verify-r5.sh, or nextest for parallel/retry/resume)
test matrix_case_167 ... ignored, matrix case; run with --release (verify-r5.sh, or nextest for parallel/retry/resume)
test matrix_case_168 ... ignored, matrix case; run with --release (verify-r5.sh, or nextest for parallel/retry/resume)
test matrix_case_169 ... ignored, matrix case; run with --release (verify-r5.sh, or nextest for parallel/retry/resume)
test matrix_case_170 ... ignored, matrix case; run with --release (verify-r5.sh, or nextest for parallel/retry/resume)
test matrix_case_171 ... ignored, matrix case; run with --release (verify-r5.sh, or nextest for parallel/retry/resume)
test matrix_case_172 ... ignored, matrix case; run with --release (verify-r5.sh, or nextest for parallel/retry/resume)
test matrix_case_173 ... ignored, matrix case; run with --release (verify-r5.sh, or nextest for parallel/retry/resume)
test matrix_case_174 ... ignored, matrix case; run with --release (verify-r5.sh, or nextest for parallel/retry/resume)
test matrix_case_175 ... ignored, matrix case; run with --release (verify-r5.sh, or nextest for parallel/retry/resume)
test matrix_case_176 ... ignored, matrix case; run with --release (verify-r5.sh, or nextest for parallel/retry/resume)
test matrix_case_177 ... ignored, matrix case; run with --release (verify-r5.sh, or nextest for parallel/retry/resume)
test matrix_case_178 ... ignored, matrix case; run with --release (verify-r5.sh, or nextest for parallel/retry/resume)
test matrix_case_179 ... ignored, matrix case; run with --release (verify-r5.sh, or nextest for parallel/retry/resume)
test matrix_case_180 ... ignored, matrix case; run with --release (verify-r5.sh, or nextest for parallel/retry/resume)
test matrix_case_181 ... ignored, matrix case; run with --release (verify-r5.sh, or nextest for parallel/retry/resume)
test matrix_case_182 ... ignored, matrix case; run with --release (verify-r5.sh, or nextest for parallel/retry/resume)
test matrix_case_183 ... ignored, matrix case; run with --release (verify-r5.sh, or nextest for parallel/retry/resume)
test matrix_case_184 ... ignored, matrix case; run with --release (verify-r5.sh, or nextest for parallel/retry/resume)
test matrix_case_185 ... ignored, matrix case; run with --release (verify-r5.sh, or nextest for parallel/retry/resume)
test matrix_case_186 ... ignored, matrix case; run with --release (verify-r5.sh, or nextest for parallel/retry/resume)
test matrix_case_187 ... ignored, matrix case; run with --release (verify-r5.sh, or nextest for parallel/retry/resume)
test matrix_case_188 ... ignored, matrix case; run with --release (verify-r5.sh, or nextest for parallel/retry/resume)
test matrix_case_189 ... ignored, matrix case; run with --release (verify-r5.sh, or nextest for parallel/retry/resume)
test matrix_case_190 ... ignored, matrix case; run with --release (verify-r5.sh, or nextest for parallel/retry/resume)
test matrix_case_191 ... ignored, matrix case; run with --release (verify-r5.sh, or nextest for parallel/retry/resume)
test matrix_case_192 ... ignored, matrix case; run with --release (verify-r5.sh, or nextest for parallel/retry/resume)
test matrix_case_193 ... ignored, matrix case; run with --release (verify-r5.sh, or nextest for parallel/retry/resume)
test matrix_case_194 ... ignored, matrix case; run with --release (verify-r5.sh, or nextest for parallel/retry/resume)
test matrix_case_195 ... ignored, matrix case; run with --release (verify-r5.sh, or nextest for parallel/retry/resume)
test matrix_case_196 ... ignored, matrix case; run with --release (verify-r5.sh, or nextest for parallel/retry/resume)
test matrix_case_197 ... ignored, matrix case; run with --release (verify-r5.sh, or nextest for parallel/retry/resume)
test matrix_case_198 ... ignored, matrix case; run with --release (verify-r5.sh, or nextest for parallel/retry/resume)
test matrix_case_199 ... ignored, matrix case; run with --release (verify-r5.sh, or nextest for parallel/retry/resume)
test matrix_case_200 ... ignored, matrix case; run with --release (verify-r5.sh, or nextest for parallel/retry/resume)
test matrix_case_201 ... ignored, matrix case; run with --release (verify-r5.sh, or nextest for parallel/retry/resume)
test matrix_case_202 ... ignored, matrix case; run with --release (verify-r5.sh, or nextest for parallel/retry/resume)
test matrix_case_203 ... ignored, matrix case; run with --release (verify-r5.sh, or nextest for parallel/retry/resume)
test matrix_case_204 ... ignored, matrix case; run with --release (verify-r5.sh, or nextest for parallel/retry/resume)
test matrix_case_205 ... ignored, matrix case; run with --release (verify-r5.sh, or nextest for parallel/retry/resume)
test matrix_case_206 ... ignored, matrix case; run with --release (verify-r5.sh, or nextest for parallel/retry/resume)
test matrix_case_207 ... ignored, matrix case; run with --release (verify-r5.sh, or nextest for parallel/retry/resume)
test matrix_case_208 ... ignored, matrix case; run with --release (verify-r5.sh, or nextest for parallel/retry/resume)
test matrix_case_209 ... ignored, matrix case; run with --release (verify-r5.sh, or nextest for parallel/retry/resume)
test matrix_case_210 ... ignored, matrix case; run with --release (verify-r5.sh, or nextest for parallel/retry/resume)
test matrix_case_211 ... ignored, matrix case; run with --release (verify-r5.sh, or nextest for parallel/retry/resume)
test matrix_case_212 ... ignored, matrix case; run with --release (verify-r5.sh, or nextest for parallel/retry/resume)
test matrix_case_213 ... ignored, matrix case; run with --release (verify-r5.sh, or nextest for parallel/retry/resume)
test matrix_case_214 ... ignored, matrix case; run with --release (verify-r5.sh, or nextest for parallel/retry/resume)
test matrix_case_215 ... ignored, matrix case; run with --release (verify-r5.sh, or nextest for parallel/retry/resume)
test matrix_case_216 ... ignored, matrix case; run with --release (verify-r5.sh, or nextest for parallel/retry/resume)
test matrix_case_217 ... ignored, matrix case; run with --release (verify-r5.sh, or nextest for parallel/retry/resume)
test matrix_case_218 ... ignored, matrix case; run with --release (verify-r5.sh, or nextest for parallel/retry/resume)
test matrix_case_219 ... ignored, matrix case; run with --release (verify-r5.sh, or nextest for parallel/retry/resume)
test matrix_case_220 ... ignored, matrix case; run with --release (verify-r5.sh, or nextest for parallel/retry/resume)
test matrix_case_221 ... ignored, matrix case; run with --release (verify-r5.sh, or nextest for parallel/retry/resume)
test matrix_case_222 ... ignored, matrix case; run with --release (verify-r5.sh, or nextest for parallel/retry/resume)
test matrix_case_223 ... ignored, matrix case; run with --release (verify-r5.sh, or nextest for parallel/retry/resume)
test matrix_case_224 ... ignored, matrix case; run with --release (verify-r5.sh, or nextest for parallel/retry/resume)
test matrix_case_225 ... ignored, matrix case; run with --release (verify-r5.sh, or nextest for parallel/retry/resume)
test matrix_case_226 ... ignored, matrix case; run with --release (verify-r5.sh, or nextest for parallel/retry/resume)
test matrix_case_227 ... ignored, matrix case; run with --release (verify-r5.sh, or nextest for parallel/retry/resume)
test matrix_case_228 ... ignored, matrix case; run with --release (verify-r5.sh, or nextest for parallel/retry/resume)
test matrix_case_229 ... ignored, matrix case; run with --release (verify-r5.sh, or nextest for parallel/retry/resume)
test matrix_case_230 ... ignored, matrix case; run with --release (verify-r5.sh, or nextest for parallel/retry/resume)
test matrix_case_231 ... ignored, matrix case; run with --release (verify-r5.sh, or nextest for parallel/retry/resume)
test matrix_case_232 ... ignored, matrix case; run with --release (verify-r5.sh, or nextest for parallel/retry/resume)
test matrix_case_233 ... ignored, matrix case; run with --release (verify-r5.sh, or nextest for parallel/retry/resume)
test matrix_case_234 ... ignored, matrix case; run with --release (verify-r5.sh, or nextest for parallel/retry/resume)
test matrix_case_235 ... ignored, matrix case; run with --release (verify-r5.sh, or nextest for parallel/retry/resume)
test matrix_case_236 ... ignored, matrix case; run with --release (verify-r5.sh, or nextest for parallel/retry/resume)
test matrix_case_237 ... ignored, matrix case; run with --release (verify-r5.sh, or nextest for parallel/retry/resume)
test matrix_case_238 ... ignored, matrix case; run with --release (verify-r5.sh, or nextest for parallel/retry/resume)
test matrix_case_239 ... ignored, matrix case; run with --release (verify-r5.sh, or nextest for parallel/retry/resume)
test matrix_case_240 ... ignored, matrix case; run with --release (verify-r5.sh, or nextest for parallel/retry/resume)
test matrix_case_241 ... ignored, matrix case; run with --release (verify-r5.sh, or nextest for parallel/retry/resume)
test matrix_case_242 ... ignored, matrix case; run with --release (verify-r5.sh, or nextest for parallel/retry/resume)
test matrix_case_243 ... ignored, matrix case; run with --release (verify-r5.sh, or nextest for parallel/retry/resume)
test matrix_case_244 ... ignored, matrix case; run with --release (verify-r5.sh, or nextest for parallel/retry/resume)
test matrix_case_245 ... ignored, matrix case; run with --release (verify-r5.sh, or nextest for parallel/retry/resume)
test matrix_case_246 ... ignored, matrix case; run with --release (verify-r5.sh, or nextest for parallel/retry/resume)
test matrix_case_247 ... ignored, matrix case; run with --release (verify-r5.sh, or nextest for parallel/retry/resume)
test matrix_case_248 ... ignored, matrix case; run with --release (verify-r5.sh, or nextest for parallel/retry/resume)
test matrix_case_249 ... ignored, matrix case; run with --release (verify-r5.sh, or nextest for parallel/retry/resume)
test matrix_case_250 ... ignored, matrix case; run with --release (verify-r5.sh, or nextest for parallel/retry/resume)
test matrix_case_251 ... ignored, matrix case; run with --release (verify-r5.sh, or nextest for parallel/retry/resume)
test matrix_case_252 ... ignored, matrix case; run with --release (verify-r5.sh, or nextest for parallel/retry/resume)
test matrix_case_253 ... ignored, matrix case; run with --release (verify-r5.sh, or nextest for parallel/retry/resume)
test matrix_case_254 ... ignored, matrix case; run with --release (verify-r5.sh, or nextest for parallel/retry/resume)
test matrix_case_255 ... ignored, matrix case; run with --release (verify-r5.sh, or nextest for parallel/retry/resume)
test matrix_case_256 ... ignored, matrix case; run with --release (verify-r5.sh, or nextest for parallel/retry/resume)
test matrix_case_257 ... ignored, matrix case; run with --release (verify-r5.sh, or nextest for parallel/retry/resume)
test matrix_case_258 ... ignored, matrix case; run with --release (verify-r5.sh, or nextest for parallel/retry/resume)
test matrix_case_259 ... ignored, matrix case; run with --release (verify-r5.sh, or nextest for parallel/retry/resume)
test matrix_case_260 ... ignored, matrix case; run with --release (verify-r5.sh, or nextest for parallel/retry/resume)
test matrix_case_261 ... ignored, matrix case; run with --release (verify-r5.sh, or nextest for parallel/retry/resume)
test matrix_case_262 ... ignored, matrix case; run with --release (verify-r5.sh, or nextest for parallel/retry/resume)
test matrix_case_263 ... ignored, matrix case; run with --release (verify-r5.sh, or nextest for parallel/retry/resume)
test matrix_case_264 ... ignored, matrix case; run with --release (verify-r5.sh, or nextest for parallel/retry/resume)
test matrix_case_265 ... ignored, matrix case; run with --release (verify-r5.sh, or nextest for parallel/retry/resume)
test matrix_case_266 ... ignored, matrix case; run with --release (verify-r5.sh, or nextest for parallel/retry/resume)
test matrix_case_267 ... ignored, matrix case; run with --release (verify-r5.sh, or nextest for parallel/retry/resume)
test matrix_case_268 ... ignored, matrix case; run with --release (verify-r5.sh, or nextest for parallel/retry/resume)
test matrix_case_269 ... ignored, matrix case; run with --release (verify-r5.sh, or nextest for parallel/retry/resume)
test matrix_case_270 ... ignored, matrix case; run with --release (verify-r5.sh, or nextest for parallel/retry/resume)
test matrix_case_271 ... ignored, matrix case; run with --release (verify-r5.sh, or nextest for parallel/retry/resume)
test matrix_case_272 ... ignored, matrix case; run with --release (verify-r5.sh, or nextest for parallel/retry/resume)
test matrix_case_273 ... ignored, matrix case; run with --release (verify-r5.sh, or nextest for parallel/retry/resume)
test matrix_case_274 ... ignored, matrix case; run with --release (verify-r5.sh, or nextest for parallel/retry/resume)
test matrix_case_275 ... ignored, matrix case; run with --release (verify-r5.sh, or nextest for parallel/retry/resume)
test matrix_case_276 ... ignored, matrix case; run with --release (verify-r5.sh, or nextest for parallel/retry/resume)
test matrix_case_277 ... ignored, matrix case; run with --release (verify-r5.sh, or nextest for parallel/retry/resume)
test matrix_case_278 ... ignored, matrix case; run with --release (verify-r5.sh, or nextest for parallel/retry/resume)
test matrix_case_279 ... ignored, matrix case; run with --release (verify-r5.sh, or nextest for parallel/retry/resume)
test matrix_case_280 ... ignored, matrix case; run with --release (verify-r5.sh, or nextest for parallel/retry/resume)
test matrix_case_281 ... ignored, matrix case; run with --release (verify-r5.sh, or nextest for parallel/retry/resume)
test matrix_case_282 ... ignored, matrix case; run with --release (verify-r5.sh, or nextest for parallel/retry/resume)
test matrix_case_283 ... ignored, matrix case; run with --release (verify-r5.sh, or nextest for parallel/retry/resume)
test matrix_case_284 ... ignored, matrix case; run with --release (verify-r5.sh, or nextest for parallel/retry/resume)
test matrix_case_285 ... ignored, matrix case; run with --release (verify-r5.sh, or nextest for parallel/retry/resume)
test matrix_case_286 ... ignored, matrix case; run with --release (verify-r5.sh, or nextest for parallel/retry/resume)
test matrix_case_287 ... ignored, matrix case; run with --release (verify-r5.sh, or nextest for parallel/retry/resume)
test matrix_case_288 ... ignored, matrix case; run with --release (verify-r5.sh, or nextest for parallel/retry/resume)
test matrix_case_289 ... ignored, matrix case; run with --release (verify-r5.sh, or nextest for parallel/retry/resume)
test matrix_case_290 ... ignored, matrix case; run with --release (verify-r5.sh, or nextest for parallel/retry/resume)
test matrix_case_291 ... ignored, matrix case; run with --release (verify-r5.sh, or nextest for parallel/retry/resume)
test matrix_case_292 ... ignored, matrix case; run with --release (verify-r5.sh, or nextest for parallel/retry/resume)
test matrix_case_293 ... ignored, matrix case; run with --release (verify-r5.sh, or nextest for parallel/retry/resume)
test matrix_case_294 ... ignored, matrix case; run with --release (verify-r5.sh, or nextest for parallel/retry/resume)
test matrix_case_295 ... ignored, matrix case; run with --release (verify-r5.sh, or nextest for parallel/retry/resume)
test matrix_case_296 ... ignored, matrix case; run with --release (verify-r5.sh, or nextest for parallel/retry/resume)
test matrix_case_297 ... ignored, matrix case; run with --release (verify-r5.sh, or nextest for parallel/retry/resume)
test matrix_case_298 ... ignored, matrix case; run with --release (verify-r5.sh, or nextest for parallel/retry/resume)
test matrix_case_299 ... ignored, matrix case; run with --release (verify-r5.sh, or nextest for parallel/retry/resume)
test matrix_case_300 ... ignored, matrix case; run with --release (verify-r5.sh, or nextest for parallel/retry/resume)
test matrix_case_301 ... ignored, matrix case; run with --release (verify-r5.sh, or nextest for parallel/retry/resume)
test matrix_case_302 ... ignored, matrix case; run with --release (verify-r5.sh, or nextest for parallel/retry/resume)
test matrix_case_303 ... ignored, matrix case; run with --release (verify-r5.sh, or nextest for parallel/retry/resume)
test matrix_case_304 ... ignored, matrix case; run with --release (verify-r5.sh, or nextest for parallel/retry/resume)
test matrix_case_305 ... ignored, matrix case; run with --release (verify-r5.sh, or nextest for parallel/retry/resume)
test matrix_case_306 ... ignored, matrix case; run with --release (verify-r5.sh, or nextest for parallel/retry/resume)
test matrix_case_307 ... ignored, matrix case; run with --release (verify-r5.sh, or nextest for parallel/retry/resume)
test matrix_case_308 ... ignored, matrix case; run with --release (verify-r5.sh, or nextest for parallel/retry/resume)
test matrix_case_309 ... ignored, matrix case; run with --release (verify-r5.sh, or nextest for parallel/retry/resume)
test matrix_case_310 ... ignored, matrix case; run with --release (verify-r5.sh, or nextest for parallel/retry/resume)
test matrix_case_311 ... ignored, matrix case; run with --release (verify-r5.sh, or nextest for parallel/retry/resume)
test matrix_case_312 ... ignored, matrix case; run with --release (verify-r5.sh, or nextest for parallel/retry/resume)
test matrix_case_313 ... ignored, matrix case; run with --release (verify-r5.sh, or nextest for parallel/retry/resume)
test matrix_case_314 ... ignored, matrix case; run with --release (verify-r5.sh, or nextest for parallel/retry/resume)
test matrix_case_315 ... ignored, matrix case; run with --release (verify-r5.sh, or nextest for parallel/retry/resume)
test matrix_case_316 ... ignored, matrix case; run with --release (verify-r5.sh, or nextest for parallel/retry/resume)
test matrix_case_317 ... ignored, matrix case; run with --release (verify-r5.sh, or nextest for parallel/retry/resume)
test matrix_case_318 ... ignored, matrix case; run with --release (verify-r5.sh, or nextest for parallel/retry/resume)
test matrix_case_319 ... ignored, matrix case; run with --release (verify-r5.sh, or nextest for parallel/retry/resume)
test matrix_case_320 ... ignored, matrix case; run with --release (verify-r5.sh, or nextest for parallel/retry/resume)
test matrix_case_321 ... ignored, matrix case; run with --release (verify-r5.sh, or nextest for parallel/retry/resume)
test matrix_case_322 ... ignored, matrix case; run with --release (verify-r5.sh, or nextest for parallel/retry/resume)
test matrix_case_323 ... ignored, matrix case; run with --release (verify-r5.sh, or nextest for parallel/retry/resume)
test matrix_case_324 ... ignored, matrix case; run with --release (verify-r5.sh, or nextest for parallel/retry/resume)
test matrix_case_325 ... ignored, matrix case; run with --release (verify-r5.sh, or nextest for parallel/retry/resume)
test matrix_case_326 ... ignored, matrix case; run with --release (verify-r5.sh, or nextest for parallel/retry/resume)
test matrix_case_327 ... ignored, matrix case; run with --release (verify-r5.sh, or nextest for parallel/retry/resume)
test matrix_case_328 ... ignored, matrix case; run with --release (verify-r5.sh, or nextest for parallel/retry/resume)
test matrix_case_329 ... ignored, matrix case; run with --release (verify-r5.sh, or nextest for parallel/retry/resume)
test matrix_case_330 ... ignored, matrix case; run with --release (verify-r5.sh, or nextest for parallel/retry/resume)
test matrix_case_331 ... ignored, matrix case; run with --release (verify-r5.sh, or nextest for parallel/retry/resume)
test matrix_case_332 ... ignored, matrix case; run with --release (verify-r5.sh, or nextest for parallel/retry/resume)
test matrix_case_333 ... ignored, matrix case; run with --release (verify-r5.sh, or nextest for parallel/retry/resume)
test matrix_case_334 ... ignored, matrix case; run with --release (verify-r5.sh, or nextest for parallel/retry/resume)
test matrix_case_335 ... ignored, matrix case; run with --release (verify-r5.sh, or nextest for parallel/retry/resume)
test matrix_case_336 ... ignored, matrix case; run with --release (verify-r5.sh, or nextest for parallel/retry/resume)
test matrix_case_337 ... ignored, matrix case; run with --release (verify-r5.sh, or nextest for parallel/retry/resume)
test matrix_case_338 ... ignored, matrix case; run with --release (verify-r5.sh, or nextest for parallel/retry/resume)
test matrix_case_339 ... ignored, matrix case; run with --release (verify-r5.sh, or nextest for parallel/retry/resume)
test matrix_case_340 ... ignored, matrix case; run with --release (verify-r5.sh, or nextest for parallel/retry/resume)
test matrix_case_341 ... ignored, matrix case; run with --release (verify-r5.sh, or nextest for parallel/retry/resume)
test matrix_case_342 ... ignored, matrix case; run with --release (verify-r5.sh, or nextest for parallel/retry/resume)
test matrix_case_343 ... ignored, matrix case; run with --release (verify-r5.sh, or nextest for parallel/retry/resume)
test matrix_case_344 ... ignored, matrix case; run with --release (verify-r5.sh, or nextest for parallel/retry/resume)
test matrix_case_345 ... ignored, matrix case; run with --release (verify-r5.sh, or nextest for parallel/retry/resume)
test matrix_case_346 ... ignored, matrix case; run with --release (verify-r5.sh, or nextest for parallel/retry/resume)
test matrix_case_347 ... ignored, matrix case; run with --release (verify-r5.sh, or nextest for parallel/retry/resume)
test matrix_case_348 ... ignored, matrix case; run with --release (verify-r5.sh, or nextest for parallel/retry/resume)
test matrix_case_349 ... ignored, matrix case; run with --release (verify-r5.sh, or nextest for parallel/retry/resume)
test matrix_case_350 ... ignored, matrix case; run with --release (verify-r5.sh, or nextest for parallel/retry/resume)
test matrix_case_351 ... ignored, matrix case; run with --release (verify-r5.sh, or nextest for parallel/retry/resume)
test matrix_case_352 ... ignored, matrix case; run with --release (verify-r5.sh, or nextest for parallel/retry/resume)
test matrix_case_353 ... ignored, matrix case; run with --release (verify-r5.sh, or nextest for parallel/retry/resume)
test matrix_case_354 ... ignored, matrix case; run with --release (verify-r5.sh, or nextest for parallel/retry/resume)
test matrix_case_355 ... ignored, matrix case; run with --release (verify-r5.sh, or nextest for parallel/retry/resume)
test matrix_case_356 ... ignored, matrix case; run with --release (verify-r5.sh, or nextest for parallel/retry/resume)
test matrix_case_357 ... ignored, matrix case; run with --release (verify-r5.sh, or nextest for parallel/retry/resume)
test matrix_case_358 ... ignored, matrix case; run with --release (verify-r5.sh, or nextest for parallel/retry/resume)
test matrix_case_359 ... ignored, matrix case; run with --release (verify-r5.sh, or nextest for parallel/retry/resume)
test matrix_case_360 ... ignored, matrix case; run with --release (verify-r5.sh, or nextest for parallel/retry/resume)
test matrix_case_361 ... ignored, matrix case; run with --release (verify-r5.sh, or nextest for parallel/retry/resume)
test matrix_case_362 ... ignored, matrix case; run with --release (verify-r5.sh, or nextest for parallel/retry/resume)
test matrix_case_363 ... ignored, matrix case; run with --release (verify-r5.sh, or nextest for parallel/retry/resume)
test matrix_case_364 ... ignored, matrix case; run with --release (verify-r5.sh, or nextest for parallel/retry/resume)
test matrix_case_365 ... ignored, matrix case; run with --release (verify-r5.sh, or nextest for parallel/retry/resume)
test matrix_case_366 ... ignored, matrix case; run with --release (verify-r5.sh, or nextest for parallel/retry/resume)
test matrix_case_367 ... ignored, matrix case; run with --release (verify-r5.sh, or nextest for parallel/retry/resume)
test matrix_case_368 ... ignored, matrix case; run with --release (verify-r5.sh, or nextest for parallel/retry/resume)
test matrix_case_369 ... ignored, matrix case; run with --release (verify-r5.sh, or nextest for parallel/retry/resume)
test matrix_case_370 ... ignored, matrix case; run with --release (verify-r5.sh, or nextest for parallel/retry/resume)
test matrix_case_371 ... ignored, matrix case; run with --release (verify-r5.sh, or nextest for parallel/retry/resume)
test matrix_case_372 ... ignored, matrix case; run with --release (verify-r5.sh, or nextest for parallel/retry/resume)
test matrix_case_373 ... ignored, matrix case; run with --release (verify-r5.sh, or nextest for parallel/retry/resume)
test matrix_case_374 ... ignored, matrix case; run with --release (verify-r5.sh, or nextest for parallel/retry/resume)
test matrix_case_375 ... ignored, matrix case; run with --release (verify-r5.sh, or nextest for parallel/retry/resume)
test matrix_case_376 ... ignored, matrix case; run with --release (verify-r5.sh, or nextest for parallel/retry/resume)
test matrix_case_377 ... ignored, matrix case; run with --release (verify-r5.sh, or nextest for parallel/retry/resume)
test matrix_case_378 ... ignored, matrix case; run with --release (verify-r5.sh, or nextest for parallel/retry/resume)
test matrix_case_379 ... ignored, matrix case; run with --release (verify-r5.sh, or nextest for parallel/retry/resume)
test matrix_case_380 ... ignored, matrix case; run with --release (verify-r5.sh, or nextest for parallel/retry/resume)
test matrix_case_381 ... ignored, matrix case; run with --release (verify-r5.sh, or nextest for parallel/retry/resume)
test matrix_case_382 ... ignored, matrix case; run with --release (verify-r5.sh, or nextest for parallel/retry/resume)
test matrix_case_383 ... ignored, matrix case; run with --release (verify-r5.sh, or nextest for parallel/retry/resume)
test matrix_case_384 ... ignored, matrix case; run with --release (verify-r5.sh, or nextest for parallel/retry/resume)
test matrix_case_385 ... ignored, matrix case; run with --release (verify-r5.sh, or nextest for parallel/retry/resume)
test matrix_case_386 ... ignored, matrix case; run with --release (verify-r5.sh, or nextest for parallel/retry/resume)
test matrix_case_387 ... ignored, matrix case; run with --release (verify-r5.sh, or nextest for parallel/retry/resume)
test matrix_case_388 ... ignored, matrix case; run with --release (verify-r5.sh, or nextest for parallel/retry/resume)
test matrix_case_389 ... ignored, matrix case; run with --release (verify-r5.sh, or nextest for parallel/retry/resume)
test matrix_case_390 ... ignored, matrix case; run with --release (verify-r5.sh, or nextest for parallel/retry/resume)
test matrix_case_391 ... ignored, matrix case; run with --release (verify-r5.sh, or nextest for parallel/retry/resume)
test matrix_case_392 ... ignored, matrix case; run with --release (verify-r5.sh, or nextest for parallel/retry/resume)
test matrix_case_393 ... ignored, matrix case; run with --release (verify-r5.sh, or nextest for parallel/retry/resume)
test matrix_case_394 ... ignored, matrix case; run with --release (verify-r5.sh, or nextest for parallel/retry/resume)
test matrix_case_395 ... ignored, matrix case; run with --release (verify-r5.sh, or nextest for parallel/retry/resume)
test matrix_case_396 ... ignored, matrix case; run with --release (verify-r5.sh, or nextest for parallel/retry/resume)
test matrix_case_397 ... ignored, matrix case; run with --release (verify-r5.sh, or nextest for parallel/retry/resume)
test matrix_case_398 ... ignored, matrix case; run with --release (verify-r5.sh, or nextest for parallel/retry/resume)
test matrix_case_399 ... ignored, matrix case; run with --release (verify-r5.sh, or nextest for parallel/retry/resume)
test matrix_case_400 ... ignored, matrix case; run with --release (verify-r5.sh, or nextest for parallel/retry/resume)
test matrix_case_401 ... ignored, matrix case; run with --release (verify-r5.sh, or nextest for parallel/retry/resume)
test matrix_case_402 ... ignored, matrix case; run with --release (verify-r5.sh, or nextest for parallel/retry/resume)
test matrix_case_403 ... ignored, matrix case; run with --release (verify-r5.sh, or nextest for parallel/retry/resume)
test matrix_case_404 ... ignored, matrix case; run with --release (verify-r5.sh, or nextest for parallel/retry/resume)
test matrix_case_405 ... ignored, matrix case; run with --release (verify-r5.sh, or nextest for parallel/retry/resume)
test matrix_case_406 ... ignored, matrix case; run with --release (verify-r5.sh, or nextest for parallel/retry/resume)
test matrix_case_407 ... ignored, matrix case; run with --release (verify-r5.sh, or nextest for parallel/retry/resume)
test matrix_case_408 ... ignored, matrix case; run with --release (verify-r5.sh, or nextest for parallel/retry/resume)
test matrix_case_409 ... ignored, matrix case; run with --release (verify-r5.sh, or nextest for parallel/retry/resume)
test matrix_case_410 ... ignored, matrix case; run with --release (verify-r5.sh, or nextest for parallel/retry/resume)
test matrix_case_411 ... ignored, matrix case; run with --release (verify-r5.sh, or nextest for parallel/retry/resume)
test matrix_case_412 ... ignored, matrix case; run with --release (verify-r5.sh, or nextest for parallel/retry/resume)
test matrix_case_413 ... ignored, matrix case; run with --release (verify-r5.sh, or nextest for parallel/retry/resume)
test matrix_case_414 ... ignored, matrix case; run with --release (verify-r5.sh, or nextest for parallel/retry/resume)
test matrix_case_415 ... ignored, matrix case; run with --release (verify-r5.sh, or nextest for parallel/retry/resume)
test matrix_case_416 ... ignored, matrix case; run with --release (verify-r5.sh, or nextest for parallel/retry/resume)
test matrix_case_417 ... ignored, matrix case; run with --release (verify-r5.sh, or nextest for parallel/retry/resume)
test matrix_case_418 ... ignored, matrix case; run with --release (verify-r5.sh, or nextest for parallel/retry/resume)
test matrix_case_419 ... ignored, matrix case; run with --release (verify-r5.sh, or nextest for parallel/retry/resume)
test matrix_case_420 ... ignored, matrix case; run with --release (verify-r5.sh, or nextest for parallel/retry/resume)
test matrix_case_421 ... ignored, matrix case; run with --release (verify-r5.sh, or nextest for parallel/retry/resume)
test matrix_case_422 ... ignored, matrix case; run with --release (verify-r5.sh, or nextest for parallel/retry/resume)
test matrix_case_423 ... ignored, matrix case; run with --release (verify-r5.sh, or nextest for parallel/retry/resume)
test matrix_case_424 ... ignored, matrix case; run with --release (verify-r5.sh, or nextest for parallel/retry/resume)
test matrix_case_425 ... ignored, matrix case; run with --release (verify-r5.sh, or nextest for parallel/retry/resume)
test matrix_case_426 ... ignored, matrix case; run with --release (verify-r5.sh, or nextest for parallel/retry/resume)
test matrix_case_427 ... ignored, matrix case; run with --release (verify-r5.sh, or nextest for parallel/retry/resume)
test matrix_case_428 ... ignored, matrix case; run with --release (verify-r5.sh, or nextest for parallel/retry/resume)
test matrix_case_429 ... ignored, matrix case; run with --release (verify-r5.sh, or nextest for parallel/retry/resume)
test matrix_case_430 ... ignored, matrix case; run with --release (verify-r5.sh, or nextest for parallel/retry/resume)
test matrix_case_431 ... ignored, matrix case; run with --release (verify-r5.sh, or nextest for parallel/retry/resume)
test matrix_case_432 ... ignored, matrix case; run with --release (verify-r5.sh, or nextest for parallel/retry/resume)
test matrix_case_433 ... ignored, matrix case; run with --release (verify-r5.sh, or nextest for parallel/retry/resume)
test matrix_case_434 ... ignored, matrix case; run with --release (verify-r5.sh, or nextest for parallel/retry/resume)
test matrix_case_435 ... ignored, matrix case; run with --release (verify-r5.sh, or nextest for parallel/retry/resume)
test matrix_case_436 ... ignored, matrix case; run with --release (verify-r5.sh, or nextest for parallel/retry/resume)
test matrix_case_437 ... ignored, matrix case; run with --release (verify-r5.sh, or nextest for parallel/retry/resume)
test matrix_case_438 ... ignored, matrix case; run with --release (verify-r5.sh, or nextest for parallel/retry/resume)
test matrix_case_439 ... ignored, matrix case; run with --release (verify-r5.sh, or nextest for parallel/retry/resume)
test matrix_case_440 ... ignored, matrix case; run with --release (verify-r5.sh, or nextest for parallel/retry/resume)
test matrix_case_441 ... ignored, matrix case; run with --release (verify-r5.sh, or nextest for parallel/retry/resume)
test matrix_case_442 ... ignored, matrix case; run with --release (verify-r5.sh, or nextest for parallel/retry/resume)
test matrix_case_443 ... ignored, matrix case; run with --release (verify-r5.sh, or nextest for parallel/retry/resume)
test matrix_case_444 ... ignored, matrix case; run with --release (verify-r5.sh, or nextest for parallel/retry/resume)
test matrix_case_445 ... ignored, matrix case; run with --release (verify-r5.sh, or nextest for parallel/retry/resume)
test matrix_case_446 ... ignored, matrix case; run with --release (verify-r5.sh, or nextest for parallel/retry/resume)
test matrix_case_447 ... ignored, matrix case; run with --release (verify-r5.sh, or nextest for parallel/retry/resume)
test matrix_case_448 ... ignored, matrix case; run with --release (verify-r5.sh, or nextest for parallel/retry/resume)
test matrix_case_449 ... ignored, matrix case; run with --release (verify-r5.sh, or nextest for parallel/retry/resume)
test matrix_case_450 ... ignored, matrix case; run with --release (verify-r5.sh, or nextest for parallel/retry/resume)
test matrix_case_451 ... ignored, matrix case; run with --release (verify-r5.sh, or nextest for parallel/retry/resume)
test matrix_case_452 ... ignored, matrix case; run with --release (verify-r5.sh, or nextest for parallel/retry/resume)
test matrix_case_453 ... ignored, matrix case; run with --release (verify-r5.sh, or nextest for parallel/retry/resume)
test matrix_case_454 ... ignored, matrix case; run with --release (verify-r5.sh, or nextest for parallel/retry/resume)
test matrix_case_455 ... ignored, matrix case; run with --release (verify-r5.sh, or nextest for parallel/retry/resume)
test matrix_case_456 ... ignored, matrix case; run with --release (verify-r5.sh, or nextest for parallel/retry/resume)
test matrix_case_457 ... ignored, matrix case; run with --release (verify-r5.sh, or nextest for parallel/retry/resume)
test matrix_case_458 ... ignored, matrix case; run with --release (verify-r5.sh, or nextest for parallel/retry/resume)
test matrix_case_459 ... ignored, matrix case; run with --release (verify-r5.sh, or nextest for parallel/retry/resume)
test matrix_case_460 ... ignored, matrix case; run with --release (verify-r5.sh, or nextest for parallel/retry/resume)
test matrix_case_461 ... ignored, matrix case; run with --release (verify-r5.sh, or nextest for parallel/retry/resume)
test matrix_case_462 ... ignored, matrix case; run with --release (verify-r5.sh, or nextest for parallel/retry/resume)
test matrix_case_463 ... ignored, matrix case; run with --release (verify-r5.sh, or nextest for parallel/retry/resume)
test matrix_case_464 ... ignored, matrix case; run with --release (verify-r5.sh, or nextest for parallel/retry/resume)
test matrix_case_465 ... ignored, matrix case; run with --release (verify-r5.sh, or nextest for parallel/retry/resume)
test matrix_case_466 ... ignored, matrix case; run with --release (verify-r5.sh, or nextest for parallel/retry/resume)
test matrix_case_467 ... ignored, matrix case; run with --release (verify-r5.sh, or nextest for parallel/retry/resume)
test matrix_case_468 ... ignored, matrix case; run with --release (verify-r5.sh, or nextest for parallel/retry/resume)
test matrix_case_469 ... ignored, matrix case; run with --release (verify-r5.sh, or nextest for parallel/retry/resume)
test matrix_case_470 ... ignored, matrix case; run with --release (verify-r5.sh, or nextest for parallel/retry/resume)
test matrix_case_471 ... ignored, matrix case; run with --release (verify-r5.sh, or nextest for parallel/retry/resume)
test matrix_case_472 ... ignored, matrix case; run with --release (verify-r5.sh, or nextest for parallel/retry/resume)
test matrix_case_473 ... ignored, matrix case; run with --release (verify-r5.sh, or nextest for parallel/retry/resume)
test matrix_case_474 ... ignored, matrix case; run with --release (verify-r5.sh, or nextest for parallel/retry/resume)
test matrix_case_475 ... ignored, matrix case; run with --release (verify-r5.sh, or nextest for parallel/retry/resume)
test matrix_case_476 ... ignored, matrix case; run with --release (verify-r5.sh, or nextest for parallel/retry/resume)
test matrix_case_477 ... ignored, matrix case; run with --release (verify-r5.sh, or nextest for parallel/retry/resume)
test matrix_case_478 ... ignored, matrix case; run with --release (verify-r5.sh, or nextest for parallel/retry/resume)
test matrix_case_479 ... ignored, matrix case; run with --release (verify-r5.sh, or nextest for parallel/retry/resume)
test matrix_case_480 ... ignored, matrix case; run with --release (verify-r5.sh, or nextest for parallel/retry/resume)
test matrix_case_481 ... ignored, matrix case; run with --release (verify-r5.sh, or nextest for parallel/retry/resume)
test matrix_case_482 ... ignored, matrix case; run with --release (verify-r5.sh, or nextest for parallel/retry/resume)
test matrix_case_483 ... ignored, matrix case; run with --release (verify-r5.sh, or nextest for parallel/retry/resume)
test matrix_case_484 ... ignored, matrix case; run with --release (verify-r5.sh, or nextest for parallel/retry/resume)
test matrix_case_485 ... ignored, matrix case; run with --release (verify-r5.sh, or nextest for parallel/retry/resume)
test matrix_case_486 ... ignored, matrix case; run with --release (verify-r5.sh, or nextest for parallel/retry/resume)
test matrix_case_487 ... ignored, matrix case; run with --release (verify-r5.sh, or nextest for parallel/retry/resume)
test matrix_case_488 ... ignored, matrix case; run with --release (verify-r5.sh, or nextest for parallel/retry/resume)
test matrix_case_489 ... ignored, matrix case; run with --release (verify-r5.sh, or nextest for parallel/retry/resume)
test matrix_case_490 ... ignored, matrix case; run with --release (verify-r5.sh, or nextest for parallel/retry/resume)
test matrix_case_491 ... ignored, matrix case; run with --release (verify-r5.sh, or nextest for parallel/retry/resume)
test matrix_case_492 ... ignored, matrix case; run with --release (verify-r5.sh, or nextest for parallel/retry/resume)
test matrix_case_493 ... ignored, matrix case; run with --release (verify-r5.sh, or nextest for parallel/retry/resume)
test matrix_case_494 ... ignored, matrix case; run with --release (verify-r5.sh, or nextest for parallel/retry/resume)
test matrix_case_495 ... ignored, matrix case; run with --release (verify-r5.sh, or nextest for parallel/retry/resume)
test matrix_case_496 ... ignored, matrix case; run with --release (verify-r5.sh, or nextest for parallel/retry/resume)
test matrix_case_497 ... ignored, matrix case; run with --release (verify-r5.sh, or nextest for parallel/retry/resume)
test matrix_case_498 ... ignored, matrix case; run with --release (verify-r5.sh, or nextest for parallel/retry/resume)
test matrix_case_499 ... ignored, matrix case; run with --release (verify-r5.sh, or nextest for parallel/retry/resume)
test matrix_case_500 ... ignored, matrix case; run with --release (verify-r5.sh, or nextest for parallel/retry/resume)
test matrix_case_501 ... ignored, matrix case; run with --release (verify-r5.sh, or nextest for parallel/retry/resume)
test matrix_case_502 ... ignored, matrix case; run with --release (verify-r5.sh, or nextest for parallel/retry/resume)
test matrix_case_503 ... ignored, matrix case; run with --release (verify-r5.sh, or nextest for parallel/retry/resume)
test matrix_case_504 ... ignored, matrix case; run with --release (verify-r5.sh, or nextest for parallel/retry/resume)
test matrix_case_505 ... ignored, matrix case; run with --release (verify-r5.sh, or nextest for parallel/retry/resume)
test matrix_case_506 ... ignored, matrix case; run with --release (verify-r5.sh, or nextest for parallel/retry/resume)
test matrix_case_507 ... ignored, matrix case; run with --release (verify-r5.sh, or nextest for parallel/retry/resume)
test matrix_case_508 ... ignored, matrix case; run with --release (verify-r5.sh, or nextest for parallel/retry/resume)
test matrix_case_509 ... ignored, matrix case; run with --release (verify-r5.sh, or nextest for parallel/retry/resume)
test matrix_case_510 ... ignored, matrix case; run with --release (verify-r5.sh, or nextest for parallel/retry/resume)
test matrix_case_511 ... ignored, matrix case; run with --release (verify-r5.sh, or nextest for parallel/retry/resume)
test matrix_case_512 ... ignored, matrix case; run with --release (verify-r5.sh, or nextest for parallel/retry/resume)
test matrix_case_513 ... ignored, matrix case; run with --release (verify-r5.sh, or nextest for parallel/retry/resume)
test matrix_case_514 ... ignored, matrix case; run with --release (verify-r5.sh, or nextest for parallel/retry/resume)
test matrix_case_515 ... ignored, matrix case; run with --release (verify-r5.sh, or nextest for parallel/retry/resume)
test matrix_case_516 ... ignored, matrix case; run with --release (verify-r5.sh, or nextest for parallel/retry/resume)
test matrix_case_517 ... ignored, matrix case; run with --release (verify-r5.sh, or nextest for parallel/retry/resume)
test matrix_case_518 ... ignored, matrix case; run with --release (verify-r5.sh, or nextest for parallel/retry/resume)
test matrix_case_519 ... ignored, matrix case; run with --release (verify-r5.sh, or nextest for parallel/retry/resume)
test matrix_case_520 ... ignored, matrix case; run with --release (verify-r5.sh, or nextest for parallel/retry/resume)
test matrix_case_521 ... ignored, matrix case; run with --release (verify-r5.sh, or nextest for parallel/retry/resume)
test matrix_case_522 ... ignored, matrix case; run with --release (verify-r5.sh, or nextest for parallel/retry/resume)
test matrix_case_523 ... ignored, matrix case; run with --release (verify-r5.sh, or nextest for parallel/retry/resume)
test matrix_case_524 ... ignored, matrix case; run with --release (verify-r5.sh, or nextest for parallel/retry/resume)
test matrix_case_525 ... ignored, matrix case; run with --release (verify-r5.sh, or nextest for parallel/retry/resume)
test matrix_case_526 ... ignored, matrix case; run with --release (verify-r5.sh, or nextest for parallel/retry/resume)
test matrix_case_527 ... ignored, matrix case; run with --release (verify-r5.sh, or nextest for parallel/retry/resume)
test matrix_case_528 ... ignored, matrix case; run with --release (verify-r5.sh, or nextest for parallel/retry/resume)
test matrix_case_529 ... ignored, matrix case; run with --release (verify-r5.sh, or nextest for parallel/retry/resume)
test matrix_case_530 ... ignored, matrix case; run with --release (verify-r5.sh, or nextest for parallel/retry/resume)
test matrix_case_531 ... ignored, matrix case; run with --release (verify-r5.sh, or nextest for parallel/retry/resume)
test matrix_case_532 ... ignored, matrix case; run with --release (verify-r5.sh, or nextest for parallel/retry/resume)
test matrix_case_533 ... ignored, matrix case; run with --release (verify-r5.sh, or nextest for parallel/retry/resume)
test matrix_case_534 ... ignored, matrix case; run with --release (verify-r5.sh, or nextest for parallel/retry/resume)
test matrix_case_535 ... ignored, matrix case; run with --release (verify-r5.sh, or nextest for parallel/retry/resume)
test matrix_case_536 ... ignored, matrix case; run with --release (verify-r5.sh, or nextest for parallel/retry/resume)
test matrix_case_537 ... ignored, matrix case; run with --release (verify-r5.sh, or nextest for parallel/retry/resume)
test matrix_case_538 ... ignored, matrix case; run with --release (verify-r5.sh, or nextest for parallel/retry/resume)
test matrix_case_539 ... ignored, matrix case; run with --release (verify-r5.sh, or nextest for parallel/retry/resume)
test matrix_case_540 ... ignored, matrix case; run with --release (verify-r5.sh, or nextest for parallel/retry/resume)
test matrix_case_541 ... ignored, matrix case; run with --release (verify-r5.sh, or nextest for parallel/retry/resume)
test matrix_case_542 ... ignored, matrix case; run with --release (verify-r5.sh, or nextest for parallel/retry/resume)
test matrix_case_543 ... ignored, matrix case; run with --release (verify-r5.sh, or nextest for parallel/retry/resume)
test matrix_case_544 ... ignored, matrix case; run with --release (verify-r5.sh, or nextest for parallel/retry/resume)
test matrix_case_545 ... ignored, matrix case; run with --release (verify-r5.sh, or nextest for parallel/retry/resume)
test matrix_case_546 ... ignored, matrix case; run with --release (verify-r5.sh, or nextest for parallel/retry/resume)
test matrix_case_547 ... ignored, matrix case; run with --release (verify-r5.sh, or nextest for parallel/retry/resume)
test r5_case_inventory_frozen_counts ... ignored, frozen inventory counts; verify-r5.sh runs it with --release

test result: ok. 0 passed; 0 failed; 549 ignored; 0 measured; 0 filtered out; finished in 0.00s

     Running unittests src/lib.rs (target/debug/deps/markit_mdbench_campaign-fb3c53793cab2b49)

running 42 tests
test finalize::tests::expectation_from_schedule_rejects_a_truncated_schedule ... ok
test identity::tests::campaign_seed_is_documented_derivation ... ok
test identity::tests::observation_ids_are_unique_per_immutable_fields ... ok
test machine::tests::cpu_list_parsing ... ok
test identity::tests::session_and_horse_seeds_are_distinct_per_inputs ... ok
test machine::tests::selection_rule_prefers_lowest_nonzero_cpu ... ok
test identity::tests::run_id_is_deterministic_and_binds_the_executable_digest ... ok
test machine::tests::hard_identity_mismatches_still_block ... ok
test machine::tests::mem_total_remains_captured_and_reported ... ok
test machine::tests::mem_total_drift_alone_never_blocks ... ok
test preflight::tests::attribution_scope_blocks_a_duplicate_case ... ok
test identity::tests::spec_id_is_deterministic_and_sensitive_to_binding ... ok
test schedule::tests::horse_order_is_position_balanced_and_deterministic ... ok
test smoke::tests::raw_root_guard_blocks_relative_and_absolute_paths ... ok
test stats::tests::aggregation_pairs_before_averaging ... ok
test stats::tests::geometric_mean_basics ... ok
test stats::tests::case_estimates_are_medians_of_three_sessions ... ok
test stats::tests::nearest_rank_definitions_are_exact ... ok
test stats::tests::p50_p95_of_30_samples ... ok
test preflight::tests::attribution_scope_blocks_a_missing_case ... ok
test stats::tests::project_macro_prevents_high_case_count_domination ... ok
test stats::tests::session_instability_is_flag_only ... ok
test stats::tests::family_macro_equal_weights_families ... ok
test stats::tests::median_of_three_is_the_middle_value ... ok
test stats::tests::speedup_formula_preserves_parity_semantics ... ok
test finalize::tests::a_missing_row_is_blocked ... ok
test finalize::tests::a_complete_attribution_lane_passes ... ok
test schedule::tests::seed_drift_changes_the_schedule ... ok
test stats::tests::warmups_are_excluded_and_failures_invalidate ... ok
test finalize::tests::an_extra_unscheduled_row_is_blocked ... ok
test finalize::tests::a_duplicate_row_is_blocked ... ok
test schedule::tests::negative_missing_duplicate_unknown_horse_wrong_sessions ... ok
test finalize::tests::a_complete_timing_session_passes ... ok
test schedule::tests::schedule_generation_is_deterministic ... ok
test preflight::tests::attribution_scope_blocks_an_extra_case ... ok
test preflight::tests::attribution_lane_passes_the_frozen_shape_without_blockers ... ok
test finalize::tests::identity_and_schema_drift_are_blocked ... ok
test preflight::tests::timing_session_passes_the_frozen_shape_and_blocks_duplicates ... ok
test preflight::tests::timing_scope_rejects_a_session_outside_the_frozen_count ... ok
test preflight::tests::attribution_ids_never_collide_with_timing_ids_or_each_other ... ok
test identity::tests::current_executable_digest_is_available_and_stable ... ok
test preflight::tests::real_scopes_enumerate_the_frozen_campaign_cardinalities ... ok

test result: ok. 42 passed; 0 failed; 0 ignored; 0 measured; 0 filtered out; finished in 9.67s

     Running unittests src/bin/mdbench-campaign.rs (target/debug/deps/mdbench_campaign-13ecb566e816b736)

running 2 tests
test tests::preflight_scope_must_be_stated_explicitly ... ok
test tests::one_spec_carries_one_run_identity ... ok

test result: ok. 2 passed; 0 failed; 0 ignored; 0 measured; 0 filtered out; finished in 0.00s

     Running tests/campaign_freeze.rs (target/debug/deps/campaign_freeze-143dfe3b4ef8fd78)

running 9 tests
test result_rows_are_schema_v2_only ... ok
test envelope_schema_has_not_drifted_from_the_rust_model ... ok
test campaign_manifest_verifies_against_live_state ... ok
test frozen_workload_consumes_exactly_22_and_362 ... ok
test attribution_counters_are_deterministic_on_representative_cases ... ok
test campaign_receipt_binds_every_artifact ... ok
test schedule_is_deterministic_and_verifies ... ok
test non_research_fake_clock_smoke_end_to_end ... ok
test preflight_passes_and_enumerates_unique_observation_ids ... ok

test result: ok. 9 passed; 0 failed; 0 ignored; 0 measured; 0 filtered out; finished in 59.96s

     Running unittests src/lib.rs (target/debug/deps/markit_mdbench_common-1cf1521ffbf0097d)

running 30 tests
test case::tests::case_id_is_content_identity_not_runtime_identity ... ok
test edit::tests::classification_matches_byte_facts ... ok
test observed::tests::invalid_marker_is_rejected ... ok
test case::tests::full_parse_key_has_no_edit_fields ... ok
test case::tests::encoding_is_stable_and_explicit ... ok
test case::tests::validation_enforces_option_patterns ... ok
test payload::tests::shape_names_are_stable ... ok
test edit::tests::rejects_start_after_end ... ok
test edit::tests::rejects_out_of_range_and_bad_boundaries ... ok
test status::tests::failure_maps_into_execution_status ... ok
test observed::tests::json_round_trip_preserves_all_three_states ... ok
test source::tests::digest_is_stable ... ok
test edit::tests::apply_produces_expected_post_source ... ok
test source::tests::source_is_utf8_and_digested_from_bytes ... ok
test work::tests::add_zero_is_a_measured_zero_not_unknown ... ok
test observed::tests::known_zero_is_distinct_from_unknown_and_not_applicable ... ok
test status::tests::serde_names_are_snake_case ... ok
test work::tests::cumulative_adds_accumulate_and_never_overwrite ... ok
test work::tests::cumulative_inspection_total_counts_repeats_across_versions ... ok
test work::tests::cumulative_overflow_becomes_unknown_not_wrapped ... ok
test work::tests::full_domain_union_is_represented_exactly ... ok
test work::tests::gauges_are_last_value_wins ... ok
test work::tests::inspection_total_overflow_is_honest_unknown ... ok
test work::tests::no_inspections_derive_measured_zero_and_unfinalized_stays_unknown ... ok
test work::tests::nodes_reused_zero_is_measured_and_distinct_from_not_applicable ... ok
test work::tests::noop_sink_discards_everything ... ok
test work::tests::old_and_post_spaces_never_union_into_each_other ... ok
test work::tests::overlapping_inspections_are_unioned_not_double_counted ... ok
test work::tests::touching_inspections_merge_into_one_interval ... ok
test work::tests::serde_shape_is_snake_case_and_strict ... ok

test result: ok. 30 passed; 0 failed; 0 ignored; 0 measured; 0 filtered out; finished in 0.00s

     Running tests/golden_vectors.rs (target/debug/deps/golden_vectors-92357bda150c4572)

running 3 tests
test canonical_encoding_is_pinned_byte_for_byte ... ok
test case_id_derivation_is_pinned ... ok
test changing_any_identity_field_changes_the_case_id ... ok

test result: ok. 3 passed; 0 failed; 0 ignored; 0 measured; 0 filtered out; finished in 0.00s

     Running unittests src/lib.rs (target/debug/deps/markit_mdbench_corpusgen-66a911c8f520e5f4)

running 37 tests
test mutations::tests::medium_line_forms_on_plain ... ok
test mutations::tests::fs_fence_close_moves_the_closer_in_front_of_body2 ... ok
test mutations::tests::raw_anchors_are_floor_percentiles ... ok
test mutations::tests::fence_open_prepends_an_opener_to_the_containing_line ... ok
test mutations::tests::query_anchors_are_snapped_generic_anchors ... ok
test mutations::tests::snap_down_never_splits_a_scalar ... ok
test mutations::tests::cs_item_indent_selects_the_ladder_sibling_on_deep ... ok
test mutations::tests::ids_code_delim_deletes_the_first_opening_backtick ... ok
test mutations::tests::loc_text_replaces_interior_run_bytes ... ok
test tests::corpus_ids_use_frozen_labels ... ok
test mutations::tests::ids_emph_insert_lands_before_the_closing_delimiter ... ok
test tests::deep_mountains_are_32_lines_of_64_bytes_with_cjk_variants ... ok
test mutations::tests::cs_item_indent_nests_the_beta_item_in_mixed ... ok
test tests::fanout_header_spells_r00_to_r15 ... ok
test tests::fence_unit_internal_layout_matches_the_freeze ... ok
test tests::mixed_tile_is_byte_identical_to_the_frozen_recipe ... ok
test tests::size_not_tiled_errors ... ok
test mutations::tests::medium_window_cap_fires_on_huge_block ... ok
test mutations::tests::cs_bq_nest_targets_a_single_level_quote ... ok
test mutations::tests::para_split_inserts_two_lfs_at_run_midpoint ... ok
test mutations::tests::generic_edit_byte_classes_hold ... ok
test mutations::tests::para_merge_deletes_the_blank_line_bytes ... ok
test mutations::tests::generic_landings_match_the_formula_table ... ok
test tests::variant_schedules_follow_the_frozen_periods ... ok
test tests::unit_variant_sizes_match_the_freeze ... ok
test mutations::tests::mixed_sd_defs_select_the_anchor_tile_header ... ok
test mutations::tests::ids_link_delim_deletes_the_opening_bracket ... ok
test mutations::tests::sd_def_replace_rewrites_the_destination_bytes ... ok
test mutations::tests::sd_def_delete_removes_the_whole_definition_line ... ok
test mutations::tests::loc_utf8_swap_replaces_exactly_three_bytes_of_one_scalar ... ok
test tests::generation_is_reproducible_across_calls ... ok
test mutations::tests::fence_open_has_both_early_and_middle_variants_on_seven_shapes ... ok
test mutations::tests::huge_block_64k_para_merge_is_not_applicable_but_1m_is ... ok
test mutations::tests::structural_edits_are_valid_deterministic_and_apply ... ok
test mutations::tests::all_16m_applicable_recipes_instantiate_and_validate ... ok
test tests::all_24_corpora_generate_exact_deterministic_and_valid ... ok
test mutations::tests::structural_applicability_matches_the_frozen_matrix ... ok

test result: ok. 37 passed; 0 failed; 0 ignored; 0 measured; 0 filtered out; finished in 20.67s

     Running unittests bin/gen-receipts.rs (target/debug/deps/gen_receipts-88554e37ade3fa75)

running 0 tests

test result: ok. 0 passed; 0 failed; 0 ignored; 0 measured; 0 filtered out; finished in 0.00s

     Running unittests src/lib.rs (target/debug/deps/markit_mdbench_diagnostics-b817001074716f27)

running 0 tests

test result: ok. 0 passed; 0 failed; 0 ignored; 0 measured; 0 filtered out; finished in 0.00s

     Running unittests src/bin/mdbench-diverge.rs (target/debug/deps/mdbench_diverge-17be43b1b3c7dffc)

running 0 tests

test result: ok. 0 passed; 0 failed; 0 ignored; 0 measured; 0 filtered out; finished in 0.00s

     Running tests/anti_cheat.rs (target/debug/deps/anti_cheat-9bb81e2d446e80b4)

running 4 tests
test mechanism_crates_do_not_depend_on_the_workload_freeze ... ok
test the_diagnostic_crate_is_not_a_mechanism_dependency ... ok
test only_the_h0_oracle_crate_may_use_full_rebuild_in_production ... ok
test mechanism_sources_reference_no_benchmark_identity ... ok

test result: ok. 4 passed; 0 failed; 0 ignored; 0 measured; 0 filtered out; finished in 0.05s

     Running tests/frozen_correctness_closure.rs (target/debug/deps/frozen_correctness_closure-77e35af08b4bfd09)

running 6 tests
test every_frozen_wrong_dispatch_is_still_in_the_manifest ... ok
test frozen_manifest_counts_are_unchanged ... ok
test safe_frozen_cases_still_exercise_each_mechanism ... ok
test frozen_reference_environment_cases_are_the_ones_that_flipped ... ok
test pinned_real_counterexamples_now_pass ... ok
test full_frozen_matrix_is_1810_of_1810 ... ok

test result: ok. 6 passed; 0 failed; 0 ignored; 0 measured; 0 filtered out; finished in 4.32s

     Running unittests src/lib.rs (target/debug/deps/markit_mdbench_fragment_reuse-582bf1d8ef4d2b5b)

running 0 tests

test result: ok. 0 passed; 0 failed; 0 ignored; 0 measured; 0 filtered out; finished in 0.00s

     Running tests/adversarial_r5.rs (target/debug/deps/adversarial_r5-eea203da7ea88c0e)

running 1 test
test adversarial_small_model_differential_504_sequences ... ok

test result: ok. 1 passed; 0 failed; 0 ignored; 0 measured; 0 filtered out; finished in 0.63s

     Running tests/h2_gate.rs (target/debug/deps/h2_gate-8cba44b53aba12b8)

running 17 tests
test h2_definition_moved_reference_reuses_when_unchanged ... ok
test h2_identity_w1_safe_local_edit ... ok
test h2_definition_changing_edits_reuse_only_reference_free_subtrees ... ok
test h2_counters_and_eager_completion ... ok
test h2_identity_w2_context_change_refuses_reuse ... ok
test h2_margins_report_source_inspection ... ok
test h2_reuse_pass_fragment_probes ... ok
test h2_grammar_pass_all_43_fixtures ... ok
test h2_updates_are_deterministic ... ok
test h2_chained_edits_stay_equal_to_clean_parses ... ok
test h2_query_batch_matches_the_frozen_contract ... ok
test h2_update_matches_clean_parse_multibyte_sensitive_ops ... ok
test h2_update_matches_clean_parse_structural_recipes_64k ... ok
test h2_update_matches_clean_parse_generic_grid_64k ... ok
test h2_update_matches_clean_parse_every_shape_insert_tiny_all_anchors ... ok
test h2_update_matches_clean_parse_structural_recipes_1m ... ok
test h2_update_matches_clean_parse_scaling_slice has been running for over 60 seconds
test h2_update_matches_clean_parse_scaling_slice ... ok

test result: ok. 17 passed; 0 failed; 0 ignored; 0 measured; 0 filtered out; finished in 79.94s

     Running tests/matrix_r5.rs (target/debug/deps/matrix_r5-01099a94c8676346)

running 549 tests
test matrix_case_000 ... ignored, matrix case; run with --release (verify-r5.sh, or nextest for parallel/retry/resume)
test matrix_case_001 ... ignored, matrix case; run with --release (verify-r5.sh, or nextest for parallel/retry/resume)
test matrix_case_002 ... ignored, matrix case; run with --release (verify-r5.sh, or nextest for parallel/retry/resume)
test matrix_case_003 ... ignored, matrix case; run with --release (verify-r5.sh, or nextest for parallel/retry/resume)
test matrix_case_004 ... ignored, matrix case; run with --release (verify-r5.sh, or nextest for parallel/retry/resume)
test matrix_case_005 ... ignored, matrix case; run with --release (verify-r5.sh, or nextest for parallel/retry/resume)
test matrix_case_006 ... ignored, matrix case; run with --release (verify-r5.sh, or nextest for parallel/retry/resume)
test matrix_case_007 ... ignored, matrix case; run with --release (verify-r5.sh, or nextest for parallel/retry/resume)
test matrix_case_008 ... ignored, matrix case; run with --release (verify-r5.sh, or nextest for parallel/retry/resume)
test matrix_case_009 ... ignored, matrix case; run with --release (verify-r5.sh, or nextest for parallel/retry/resume)
test matrix_case_010 ... ignored, matrix case; run with --release (verify-r5.sh, or nextest for parallel/retry/resume)
test matrix_case_011 ... ignored, matrix case; run with --release (verify-r5.sh, or nextest for parallel/retry/resume)
test matrix_case_012 ... ignored, matrix case; run with --release (verify-r5.sh, or nextest for parallel/retry/resume)
test matrix_case_013 ... ignored, matrix case; run with --release (verify-r5.sh, or nextest for parallel/retry/resume)
test matrix_case_014 ... ignored, matrix case; run with --release (verify-r5.sh, or nextest for parallel/retry/resume)
test matrix_case_015 ... ignored, matrix case; run with --release (verify-r5.sh, or nextest for parallel/retry/resume)
test matrix_case_016 ... ignored, matrix case; run with --release (verify-r5.sh, or nextest for parallel/retry/resume)
test matrix_case_017 ... ignored, matrix case; run with --release (verify-r5.sh, or nextest for parallel/retry/resume)
test matrix_case_018 ... ignored, matrix case; run with --release (verify-r5.sh, or nextest for parallel/retry/resume)
test matrix_case_019 ... ignored, matrix case; run with --release (verify-r5.sh, or nextest for parallel/retry/resume)
test matrix_case_020 ... ignored, matrix case; run with --release (verify-r5.sh, or nextest for parallel/retry/resume)
test matrix_case_021 ... ignored, matrix case; run with --release (verify-r5.sh, or nextest for parallel/retry/resume)
test matrix_case_022 ... ignored, matrix case; run with --release (verify-r5.sh, or nextest for parallel/retry/resume)
test matrix_case_023 ... ignored, matrix case; run with --release (verify-r5.sh, or nextest for parallel/retry/resume)
test matrix_case_024 ... ignored, matrix case; run with --release (verify-r5.sh, or nextest for parallel/retry/resume)
test matrix_case_025 ... ignored, matrix case; run with --release (verify-r5.sh, or nextest for parallel/retry/resume)
test matrix_case_026 ... ignored, matrix case; run with --release (verify-r5.sh, or nextest for parallel/retry/resume)
test matrix_case_027 ... ignored, matrix case; run with --release (verify-r5.sh, or nextest for parallel/retry/resume)
test matrix_case_028 ... ignored, matrix case; run with --release (verify-r5.sh, or nextest for parallel/retry/resume)
test matrix_case_029 ... ignored, matrix case; run with --release (verify-r5.sh, or nextest for parallel/retry/resume)
test matrix_case_030 ... ignored, matrix case; run with --release (verify-r5.sh, or nextest for parallel/retry/resume)
test matrix_case_031 ... ignored, matrix case; run with --release (verify-r5.sh, or nextest for parallel/retry/resume)
test matrix_case_032 ... ignored, matrix case; run with --release (verify-r5.sh, or nextest for parallel/retry/resume)
test matrix_case_033 ... ignored, matrix case; run with --release (verify-r5.sh, or nextest for parallel/retry/resume)
test matrix_case_034 ... ignored, matrix case; run with --release (verify-r5.sh, or nextest for parallel/retry/resume)
test matrix_case_035 ... ignored, matrix case; run with --release (verify-r5.sh, or nextest for parallel/retry/resume)
test matrix_case_036 ... ignored, matrix case; run with --release (verify-r5.sh, or nextest for parallel/retry/resume)
test matrix_case_037 ... ignored, matrix case; run with --release (verify-r5.sh, or nextest for parallel/retry/resume)
test matrix_case_038 ... ignored, matrix case; run with --release (verify-r5.sh, or nextest for parallel/retry/resume)
test matrix_case_039 ... ignored, matrix case; run with --release (verify-r5.sh, or nextest for parallel/retry/resume)
test matrix_case_040 ... ignored, matrix case; run with --release (verify-r5.sh, or nextest for parallel/retry/resume)
test matrix_case_041 ... ignored, matrix case; run with --release (verify-r5.sh, or nextest for parallel/retry/resume)
test matrix_case_042 ... ignored, matrix case; run with --release (verify-r5.sh, or nextest for parallel/retry/resume)
test matrix_case_043 ... ignored, matrix case; run with --release (verify-r5.sh, or nextest for parallel/retry/resume)
test matrix_case_044 ... ignored, matrix case; run with --release (verify-r5.sh, or nextest for parallel/retry/resume)
test matrix_case_045 ... ignored, matrix case; run with --release (verify-r5.sh, or nextest for parallel/retry/resume)
test matrix_case_046 ... ignored, matrix case; run with --release (verify-r5.sh, or nextest for parallel/retry/resume)
test matrix_case_047 ... ignored, matrix case; run with --release (verify-r5.sh, or nextest for parallel/retry/resume)
test matrix_case_048 ... ignored, matrix case; run with --release (verify-r5.sh, or nextest for parallel/retry/resume)
test matrix_case_049 ... ignored, matrix case; run with --release (verify-r5.sh, or nextest for parallel/retry/resume)
test matrix_case_050 ... ignored, matrix case; run with --release (verify-r5.sh, or nextest for parallel/retry/resume)
test matrix_case_051 ... ignored, matrix case; run with --release (verify-r5.sh, or nextest for parallel/retry/resume)
test matrix_case_052 ... ignored, matrix case; run with --release (verify-r5.sh, or nextest for parallel/retry/resume)
test matrix_case_053 ... ignored, matrix case; run with --release (verify-r5.sh, or nextest for parallel/retry/resume)
test matrix_case_054 ... ignored, matrix case; run with --release (verify-r5.sh, or nextest for parallel/retry/resume)
test matrix_case_055 ... ignored, matrix case; run with --release (verify-r5.sh, or nextest for parallel/retry/resume)
test matrix_case_056 ... ignored, matrix case; run with --release (verify-r5.sh, or nextest for parallel/retry/resume)
test matrix_case_057 ... ignored, matrix case; run with --release (verify-r5.sh, or nextest for parallel/retry/resume)
test matrix_case_058 ... ignored, matrix case; run with --release (verify-r5.sh, or nextest for parallel/retry/resume)
test matrix_case_059 ... ignored, matrix case; run with --release (verify-r5.sh, or nextest for parallel/retry/resume)
test matrix_case_060 ... ignored, matrix case; run with --release (verify-r5.sh, or nextest for parallel/retry/resume)
test matrix_case_061 ... ignored, matrix case; run with --release (verify-r5.sh, or nextest for parallel/retry/resume)
test matrix_case_062 ... ignored, matrix case; run with --release (verify-r5.sh, or nextest for parallel/retry/resume)
test matrix_case_063 ... ignored, matrix case; run with --release (verify-r5.sh, or nextest for parallel/retry/resume)
test matrix_case_064 ... ignored, matrix case; run with --release (verify-r5.sh, or nextest for parallel/retry/resume)
test matrix_case_065 ... ignored, matrix case; run with --release (verify-r5.sh, or nextest for parallel/retry/resume)
test matrix_case_066 ... ignored, matrix case; run with --release (verify-r5.sh, or nextest for parallel/retry/resume)
test matrix_case_067 ... ignored, matrix case; run with --release (verify-r5.sh, or nextest for parallel/retry/resume)
test matrix_case_068 ... ignored, matrix case; run with --release (verify-r5.sh, or nextest for parallel/retry/resume)
test matrix_case_069 ... ignored, matrix case; run with --release (verify-r5.sh, or nextest for parallel/retry/resume)
test matrix_case_070 ... ignored, matrix case; run with --release (verify-r5.sh, or nextest for parallel/retry/resume)
test matrix_case_071 ... ignored, matrix case; run with --release (verify-r5.sh, or nextest for parallel/retry/resume)
test matrix_case_072 ... ignored, matrix case; run with --release (verify-r5.sh, or nextest for parallel/retry/resume)
test matrix_case_073 ... ignored, matrix case; run with --release (verify-r5.sh, or nextest for parallel/retry/resume)
test matrix_case_074 ... ignored, matrix case; run with --release (verify-r5.sh, or nextest for parallel/retry/resume)
test matrix_case_075 ... ignored, matrix case; run with --release (verify-r5.sh, or nextest for parallel/retry/resume)
test matrix_case_076 ... ignored, matrix case; run with --release (verify-r5.sh, or nextest for parallel/retry/resume)
test matrix_case_077 ... ignored, matrix case; run with --release (verify-r5.sh, or nextest for parallel/retry/resume)
test matrix_case_078 ... ignored, matrix case; run with --release (verify-r5.sh, or nextest for parallel/retry/resume)
test matrix_case_079 ... ignored, matrix case; run with --release (verify-r5.sh, or nextest for parallel/retry/resume)
test matrix_case_080 ... ignored, matrix case; run with --release (verify-r5.sh, or nextest for parallel/retry/resume)
test matrix_case_081 ... ignored, matrix case; run with --release (verify-r5.sh, or nextest for parallel/retry/resume)
test matrix_case_082 ... ignored, matrix case; run with --release (verify-r5.sh, or nextest for parallel/retry/resume)
test matrix_case_083 ... ignored, matrix case; run with --release (verify-r5.sh, or nextest for parallel/retry/resume)
test matrix_case_084 ... ignored, matrix case; run with --release (verify-r5.sh, or nextest for parallel/retry/resume)
test matrix_case_085 ... ignored, matrix case; run with --release (verify-r5.sh, or nextest for parallel/retry/resume)
test matrix_case_086 ... ignored, matrix case; run with --release (verify-r5.sh, or nextest for parallel/retry/resume)
test matrix_case_087 ... ignored, matrix case; run with --release (verify-r5.sh, or nextest for parallel/retry/resume)
test matrix_case_088 ... ignored, matrix case; run with --release (verify-r5.sh, or nextest for parallel/retry/resume)
test matrix_case_089 ... ignored, matrix case; run with --release (verify-r5.sh, or nextest for parallel/retry/resume)
test matrix_case_090 ... ignored, matrix case; run with --release (verify-r5.sh, or nextest for parallel/retry/resume)
test matrix_case_091 ... ignored, matrix case; run with --release (verify-r5.sh, or nextest for parallel/retry/resume)
test matrix_case_092 ... ignored, matrix case; run with --release (verify-r5.sh, or nextest for parallel/retry/resume)
test matrix_case_093 ... ignored, matrix case; run with --release (verify-r5.sh, or nextest for parallel/retry/resume)
test matrix_case_094 ... ignored, matrix case; run with --release (verify-r5.sh, or nextest for parallel/retry/resume)
test matrix_case_095 ... ignored, matrix case; run with --release (verify-r5.sh, or nextest for parallel/retry/resume)
test matrix_case_096 ... ignored, matrix case; run with --release (verify-r5.sh, or nextest for parallel/retry/resume)
test matrix_case_097 ... ignored, matrix case; run with --release (verify-r5.sh, or nextest for parallel/retry/resume)
test matrix_case_098 ... ignored, matrix case; run with --release (verify-r5.sh, or nextest for parallel/retry/resume)
test matrix_case_099 ... ignored, matrix case; run with --release (verify-r5.sh, or nextest for parallel/retry/resume)
test matrix_case_100 ... ignored, matrix case; run with --release (verify-r5.sh, or nextest for parallel/retry/resume)
test matrix_case_101 ... ignored, matrix case; run with --release (verify-r5.sh, or nextest for parallel/retry/resume)
test matrix_case_102 ... ignored, matrix case; run with --release (verify-r5.sh, or nextest for parallel/retry/resume)
test matrix_case_103 ... ignored, matrix case; run with --release (verify-r5.sh, or nextest for parallel/retry/resume)
test matrix_case_104 ... ignored, matrix case; run with --release (verify-r5.sh, or nextest for parallel/retry/resume)
test matrix_case_105 ... ignored, matrix case; run with --release (verify-r5.sh, or nextest for parallel/retry/resume)
test matrix_case_106 ... ignored, matrix case; run with --release (verify-r5.sh, or nextest for parallel/retry/resume)
test matrix_case_107 ... ignored, matrix case; run with --release (verify-r5.sh, or nextest for parallel/retry/resume)
test matrix_case_108 ... ignored, matrix case; run with --release (verify-r5.sh, or nextest for parallel/retry/resume)
test matrix_case_109 ... ignored, matrix case; run with --release (verify-r5.sh, or nextest for parallel/retry/resume)
test matrix_case_110 ... ignored, matrix case; run with --release (verify-r5.sh, or nextest for parallel/retry/resume)
test matrix_case_111 ... ignored, matrix case; run with --release (verify-r5.sh, or nextest for parallel/retry/resume)
test matrix_case_112 ... ignored, matrix case; run with --release (verify-r5.sh, or nextest for parallel/retry/resume)
test matrix_case_113 ... ignored, matrix case; run with --release (verify-r5.sh, or nextest for parallel/retry/resume)
test matrix_case_114 ... ignored, matrix case; run with --release (verify-r5.sh, or nextest for parallel/retry/resume)
test matrix_case_115 ... ignored, matrix case; run with --release (verify-r5.sh, or nextest for parallel/retry/resume)
test matrix_case_116 ... ignored, matrix case; run with --release (verify-r5.sh, or nextest for parallel/retry/resume)
test matrix_case_117 ... ignored, matrix case; run with --release (verify-r5.sh, or nextest for parallel/retry/resume)
test matrix_case_118 ... ignored, matrix case; run with --release (verify-r5.sh, or nextest for parallel/retry/resume)
test matrix_case_119 ... ignored, matrix case; run with --release (verify-r5.sh, or nextest for parallel/retry/resume)
test matrix_case_120 ... ignored, matrix case; run with --release (verify-r5.sh, or nextest for parallel/retry/resume)
test matrix_case_121 ... ignored, matrix case; run with --release (verify-r5.sh, or nextest for parallel/retry/resume)
test matrix_case_122 ... ignored, matrix case; run with --release (verify-r5.sh, or nextest for parallel/retry/resume)
test matrix_case_123 ... ignored, matrix case; run with --release (verify-r5.sh, or nextest for parallel/retry/resume)
test matrix_case_124 ... ignored, matrix case; run with --release (verify-r5.sh, or nextest for parallel/retry/resume)
test matrix_case_125 ... ignored, matrix case; run with --release (verify-r5.sh, or nextest for parallel/retry/resume)
test matrix_case_126 ... ignored, matrix case; run with --release (verify-r5.sh, or nextest for parallel/retry/resume)
test matrix_case_127 ... ignored, matrix case; run with --release (verify-r5.sh, or nextest for parallel/retry/resume)
test matrix_case_128 ... ignored, matrix case; run with --release (verify-r5.sh, or nextest for parallel/retry/resume)
test matrix_case_129 ... ignored, matrix case; run with --release (verify-r5.sh, or nextest for parallel/retry/resume)
test matrix_case_130 ... ignored, matrix case; run with --release (verify-r5.sh, or nextest for parallel/retry/resume)
test matrix_case_131 ... ignored, matrix case; run with --release (verify-r5.sh, or nextest for parallel/retry/resume)
test matrix_case_132 ... ignored, matrix case; run with --release (verify-r5.sh, or nextest for parallel/retry/resume)
test matrix_case_133 ... ignored, matrix case; run with --release (verify-r5.sh, or nextest for parallel/retry/resume)
test matrix_case_134 ... ignored, matrix case; run with --release (verify-r5.sh, or nextest for parallel/retry/resume)
test matrix_case_135 ... ignored, matrix case; run with --release (verify-r5.sh, or nextest for parallel/retry/resume)
test matrix_case_136 ... ignored, matrix case; run with --release (verify-r5.sh, or nextest for parallel/retry/resume)
test matrix_case_137 ... ignored, matrix case; run with --release (verify-r5.sh, or nextest for parallel/retry/resume)
test matrix_case_138 ... ignored, matrix case; run with --release (verify-r5.sh, or nextest for parallel/retry/resume)
test matrix_case_139 ... ignored, matrix case; run with --release (verify-r5.sh, or nextest for parallel/retry/resume)
test matrix_case_140 ... ignored, matrix case; run with --release (verify-r5.sh, or nextest for parallel/retry/resume)
test matrix_case_141 ... ignored, matrix case; run with --release (verify-r5.sh, or nextest for parallel/retry/resume)
test matrix_case_142 ... ignored, matrix case; run with --release (verify-r5.sh, or nextest for parallel/retry/resume)
test matrix_case_143 ... ignored, matrix case; run with --release (verify-r5.sh, or nextest for parallel/retry/resume)
test matrix_case_144 ... ignored, matrix case; run with --release (verify-r5.sh, or nextest for parallel/retry/resume)
test matrix_case_145 ... ignored, matrix case; run with --release (verify-r5.sh, or nextest for parallel/retry/resume)
test matrix_case_146 ... ignored, matrix case; run with --release (verify-r5.sh, or nextest for parallel/retry/resume)
test matrix_case_147 ... ignored, matrix case; run with --release (verify-r5.sh, or nextest for parallel/retry/resume)
test matrix_case_148 ... ignored, matrix case; run with --release (verify-r5.sh, or nextest for parallel/retry/resume)
test matrix_case_149 ... ignored, matrix case; run with --release (verify-r5.sh, or nextest for parallel/retry/resume)
test matrix_case_150 ... ignored, matrix case; run with --release (verify-r5.sh, or nextest for parallel/retry/resume)
test matrix_case_151 ... ignored, matrix case; run with --release (verify-r5.sh, or nextest for parallel/retry/resume)
test matrix_case_152 ... ignored, matrix case; run with --release (verify-r5.sh, or nextest for parallel/retry/resume)
test matrix_case_153 ... ignored, matrix case; run with --release (verify-r5.sh, or nextest for parallel/retry/resume)
test matrix_case_154 ... ignored, matrix case; run with --release (verify-r5.sh, or nextest for parallel/retry/resume)
test matrix_case_155 ... ignored, matrix case; run with --release (verify-r5.sh, or nextest for parallel/retry/resume)
test matrix_case_156 ... ignored, matrix case; run with --release (verify-r5.sh, or nextest for parallel/retry/resume)
test matrix_case_157 ... ignored, matrix case; run with --release (verify-r5.sh, or nextest for parallel/retry/resume)
test matrix_case_158 ... ignored, matrix case; run with --release (verify-r5.sh, or nextest for parallel/retry/resume)
test matrix_case_159 ... ignored, matrix case; run with --release (verify-r5.sh, or nextest for parallel/retry/resume)
test matrix_case_160 ... ignored, matrix case; run with --release (verify-r5.sh, or nextest for parallel/retry/resume)
test matrix_case_161 ... ignored, matrix case; run with --release (verify-r5.sh, or nextest for parallel/retry/resume)
test matrix_case_162 ... ignored, matrix case; run with --release (verify-r5.sh, or nextest for parallel/retry/resume)
test matrix_case_163 ... ignored, matrix case; run with --release (verify-r5.sh, or nextest for parallel/retry/resume)
test matrix_case_164 ... ignored, matrix case; run with --release (verify-r5.sh, or nextest for parallel/retry/resume)
test matrix_case_165 ... ignored, matrix case; run with --release (verify-r5.sh, or nextest for parallel/retry/resume)
test matrix_case_166 ... ignored, matrix case; run with --release (verify-r5.sh, or nextest for parallel/retry/resume)
test matrix_case_167 ... ignored, matrix case; run with --release (verify-r5.sh, or nextest for parallel/retry/resume)
test matrix_case_168 ... ignored, matrix case; run with --release (verify-r5.sh, or nextest for parallel/retry/resume)
test matrix_case_169 ... ignored, matrix case; run with --release (verify-r5.sh, or nextest for parallel/retry/resume)
test matrix_case_170 ... ignored, matrix case; run with --release (verify-r5.sh, or nextest for parallel/retry/resume)
test matrix_case_171 ... ignored, matrix case; run with --release (verify-r5.sh, or nextest for parallel/retry/resume)
test matrix_case_172 ... ignored, matrix case; run with --release (verify-r5.sh, or nextest for parallel/retry/resume)
test matrix_case_173 ... ignored, matrix case; run with --release (verify-r5.sh, or nextest for parallel/retry/resume)
test matrix_case_174 ... ignored, matrix case; run with --release (verify-r5.sh, or nextest for parallel/retry/resume)
test matrix_case_175 ... ignored, matrix case; run with --release (verify-r5.sh, or nextest for parallel/retry/resume)
test matrix_case_176 ... ignored, matrix case; run with --release (verify-r5.sh, or nextest for parallel/retry/resume)
test matrix_case_177 ... ignored, matrix case; run with --release (verify-r5.sh, or nextest for parallel/retry/resume)
test matrix_case_178 ... ignored, matrix case; run with --release (verify-r5.sh, or nextest for parallel/retry/resume)
test matrix_case_179 ... ignored, matrix case; run with --release (verify-r5.sh, or nextest for parallel/retry/resume)
test matrix_case_180 ... ignored, matrix case; run with --release (verify-r5.sh, or nextest for parallel/retry/resume)
test matrix_case_181 ... ignored, matrix case; run with --release (verify-r5.sh, or nextest for parallel/retry/resume)
test matrix_case_182 ... ignored, matrix case; run with --release (verify-r5.sh, or nextest for parallel/retry/resume)
test matrix_case_183 ... ignored, matrix case; run with --release (verify-r5.sh, or nextest for parallel/retry/resume)
test matrix_case_184 ... ignored, matrix case; run with --release (verify-r5.sh, or nextest for parallel/retry/resume)
test matrix_case_185 ... ignored, matrix case; run with --release (verify-r5.sh, or nextest for parallel/retry/resume)
test matrix_case_186 ... ignored, matrix case; run with --release (verify-r5.sh, or nextest for parallel/retry/resume)
test matrix_case_187 ... ignored, matrix case; run with --release (verify-r5.sh, or nextest for parallel/retry/resume)
test matrix_case_188 ... ignored, matrix case; run with --release (verify-r5.sh, or nextest for parallel/retry/resume)
test matrix_case_189 ... ignored, matrix case; run with --release (verify-r5.sh, or nextest for parallel/retry/resume)
test matrix_case_190 ... ignored, matrix case; run with --release (verify-r5.sh, or nextest for parallel/retry/resume)
test matrix_case_191 ... ignored, matrix case; run with --release (verify-r5.sh, or nextest for parallel/retry/resume)
test matrix_case_192 ... ignored, matrix case; run with --release (verify-r5.sh, or nextest for parallel/retry/resume)
test matrix_case_193 ... ignored, matrix case; run with --release (verify-r5.sh, or nextest for parallel/retry/resume)
test matrix_case_194 ... ignored, matrix case; run with --release (verify-r5.sh, or nextest for parallel/retry/resume)
test matrix_case_195 ... ignored, matrix case; run with --release (verify-r5.sh, or nextest for parallel/retry/resume)
test matrix_case_196 ... ignored, matrix case; run with --release (verify-r5.sh, or nextest for parallel/retry/resume)
test matrix_case_197 ... ignored, matrix case; run with --release (verify-r5.sh, or nextest for parallel/retry/resume)
test matrix_case_198 ... ignored, matrix case; run with --release (verify-r5.sh, or nextest for parallel/retry/resume)
test matrix_case_199 ... ignored, matrix case; run with --release (verify-r5.sh, or nextest for parallel/retry/resume)
test matrix_case_200 ... ignored, matrix case; run with --release (verify-r5.sh, or nextest for parallel/retry/resume)
test matrix_case_201 ... ignored, matrix case; run with --release (verify-r5.sh, or nextest for parallel/retry/resume)
test matrix_case_202 ... ignored, matrix case; run with --release (verify-r5.sh, or nextest for parallel/retry/resume)
test matrix_case_203 ... ignored, matrix case; run with --release (verify-r5.sh, or nextest for parallel/retry/resume)
test matrix_case_204 ... ignored, matrix case; run with --release (verify-r5.sh, or nextest for parallel/retry/resume)
test matrix_case_205 ... ignored, matrix case; run with --release (verify-r5.sh, or nextest for parallel/retry/resume)
test matrix_case_206 ... ignored, matrix case; run with --release (verify-r5.sh, or nextest for parallel/retry/resume)
test matrix_case_207 ... ignored, matrix case; run with --release (verify-r5.sh, or nextest for parallel/retry/resume)
test matrix_case_208 ... ignored, matrix case; run with --release (verify-r5.sh, or nextest for parallel/retry/resume)
test matrix_case_209 ... ignored, matrix case; run with --release (verify-r5.sh, or nextest for parallel/retry/resume)
test matrix_case_210 ... ignored, matrix case; run with --release (verify-r5.sh, or nextest for parallel/retry/resume)
test matrix_case_211 ... ignored, matrix case; run with --release (verify-r5.sh, or nextest for parallel/retry/resume)
test matrix_case_212 ... ignored, matrix case; run with --release (verify-r5.sh, or nextest for parallel/retry/resume)
test matrix_case_213 ... ignored, matrix case; run with --release (verify-r5.sh, or nextest for parallel/retry/resume)
test matrix_case_214 ... ignored, matrix case; run with --release (verify-r5.sh, or nextest for parallel/retry/resume)
test matrix_case_215 ... ignored, matrix case; run with --release (verify-r5.sh, or nextest for parallel/retry/resume)
test matrix_case_216 ... ignored, matrix case; run with --release (verify-r5.sh, or nextest for parallel/retry/resume)
test matrix_case_217 ... ignored, matrix case; run with --release (verify-r5.sh, or nextest for parallel/retry/resume)
test matrix_case_218 ... ignored, matrix case; run with --release (verify-r5.sh, or nextest for parallel/retry/resume)
test matrix_case_219 ... ignored, matrix case; run with --release (verify-r5.sh, or nextest for parallel/retry/resume)
test matrix_case_220 ... ignored, matrix case; run with --release (verify-r5.sh, or nextest for parallel/retry/resume)
test matrix_case_221 ... ignored, matrix case; run with --release (verify-r5.sh, or nextest for parallel/retry/resume)
test matrix_case_222 ... ignored, matrix case; run with --release (verify-r5.sh, or nextest for parallel/retry/resume)
test matrix_case_223 ... ignored, matrix case; run with --release (verify-r5.sh, or nextest for parallel/retry/resume)
test matrix_case_224 ... ignored, matrix case; run with --release (verify-r5.sh, or nextest for parallel/retry/resume)
test matrix_case_225 ... ignored, matrix case; run with --release (verify-r5.sh, or nextest for parallel/retry/resume)
test matrix_case_226 ... ignored, matrix case; run with --release (verify-r5.sh, or nextest for parallel/retry/resume)
test matrix_case_227 ... ignored, matrix case; run with --release (verify-r5.sh, or nextest for parallel/retry/resume)
test matrix_case_228 ... ignored, matrix case; run with --release (verify-r5.sh, or nextest for parallel/retry/resume)
test matrix_case_229 ... ignored, matrix case; run with --release (verify-r5.sh, or nextest for parallel/retry/resume)
test matrix_case_230 ... ignored, matrix case; run with --release (verify-r5.sh, or nextest for parallel/retry/resume)
test matrix_case_231 ... ignored, matrix case; run with --release (verify-r5.sh, or nextest for parallel/retry/resume)
test matrix_case_232 ... ignored, matrix case; run with --release (verify-r5.sh, or nextest for parallel/retry/resume)
test matrix_case_233 ... ignored, matrix case; run with --release (verify-r5.sh, or nextest for parallel/retry/resume)
test matrix_case_234 ... ignored, matrix case; run with --release (verify-r5.sh, or nextest for parallel/retry/resume)
test matrix_case_235 ... ignored, matrix case; run with --release (verify-r5.sh, or nextest for parallel/retry/resume)
test matrix_case_236 ... ignored, matrix case; run with --release (verify-r5.sh, or nextest for parallel/retry/resume)
test matrix_case_237 ... ignored, matrix case; run with --release (verify-r5.sh, or nextest for parallel/retry/resume)
test matrix_case_238 ... ignored, matrix case; run with --release (verify-r5.sh, or nextest for parallel/retry/resume)
test matrix_case_239 ... ignored, matrix case; run with --release (verify-r5.sh, or nextest for parallel/retry/resume)
test matrix_case_240 ... ignored, matrix case; run with --release (verify-r5.sh, or nextest for parallel/retry/resume)
test matrix_case_241 ... ignored, matrix case; run with --release (verify-r5.sh, or nextest for parallel/retry/resume)
test matrix_case_242 ... ignored, matrix case; run with --release (verify-r5.sh, or nextest for parallel/retry/resume)
test matrix_case_243 ... ignored, matrix case; run with --release (verify-r5.sh, or nextest for parallel/retry/resume)
test matrix_case_244 ... ignored, matrix case; run with --release (verify-r5.sh, or nextest for parallel/retry/resume)
test matrix_case_245 ... ignored, matrix case; run with --release (verify-r5.sh, or nextest for parallel/retry/resume)
test matrix_case_246 ... ignored, matrix case; run with --release (verify-r5.sh, or nextest for parallel/retry/resume)
test matrix_case_247 ... ignored, matrix case; run with --release (verify-r5.sh, or nextest for parallel/retry/resume)
test matrix_case_248 ... ignored, matrix case; run with --release (verify-r5.sh, or nextest for parallel/retry/resume)
test matrix_case_249 ... ignored, matrix case; run with --release (verify-r5.sh, or nextest for parallel/retry/resume)
test matrix_case_250 ... ignored, matrix case; run with --release (verify-r5.sh, or nextest for parallel/retry/resume)
test matrix_case_251 ... ignored, matrix case; run with --release (verify-r5.sh, or nextest for parallel/retry/resume)
test matrix_case_252 ... ignored, matrix case; run with --release (verify-r5.sh, or nextest for parallel/retry/resume)
test matrix_case_253 ... ignored, matrix case; run with --release (verify-r5.sh, or nextest for parallel/retry/resume)
test matrix_case_254 ... ignored, matrix case; run with --release (verify-r5.sh, or nextest for parallel/retry/resume)
test matrix_case_255 ... ignored, matrix case; run with --release (verify-r5.sh, or nextest for parallel/retry/resume)
test matrix_case_256 ... ignored, matrix case; run with --release (verify-r5.sh, or nextest for parallel/retry/resume)
test matrix_case_257 ... ignored, matrix case; run with --release (verify-r5.sh, or nextest for parallel/retry/resume)
test matrix_case_258 ... ignored, matrix case; run with --release (verify-r5.sh, or nextest for parallel/retry/resume)
test matrix_case_259 ... ignored, matrix case; run with --release (verify-r5.sh, or nextest for parallel/retry/resume)
test matrix_case_260 ... ignored, matrix case; run with --release (verify-r5.sh, or nextest for parallel/retry/resume)
test matrix_case_261 ... ignored, matrix case; run with --release (verify-r5.sh, or nextest for parallel/retry/resume)
test matrix_case_262 ... ignored, matrix case; run with --release (verify-r5.sh, or nextest for parallel/retry/resume)
test matrix_case_263 ... ignored, matrix case; run with --release (verify-r5.sh, or nextest for parallel/retry/resume)
test matrix_case_264 ... ignored, matrix case; run with --release (verify-r5.sh, or nextest for parallel/retry/resume)
test matrix_case_265 ... ignored, matrix case; run with --release (verify-r5.sh, or nextest for parallel/retry/resume)
test matrix_case_266 ... ignored, matrix case; run with --release (verify-r5.sh, or nextest for parallel/retry/resume)
test matrix_case_267 ... ignored, matrix case; run with --release (verify-r5.sh, or nextest for parallel/retry/resume)
test matrix_case_268 ... ignored, matrix case; run with --release (verify-r5.sh, or nextest for parallel/retry/resume)
test matrix_case_269 ... ignored, matrix case; run with --release (verify-r5.sh, or nextest for parallel/retry/resume)
test matrix_case_270 ... ignored, matrix case; run with --release (verify-r5.sh, or nextest for parallel/retry/resume)
test matrix_case_271 ... ignored, matrix case; run with --release (verify-r5.sh, or nextest for parallel/retry/resume)
test matrix_case_272 ... ignored, matrix case; run with --release (verify-r5.sh, or nextest for parallel/retry/resume)
test matrix_case_273 ... ignored, matrix case; run with --release (verify-r5.sh, or nextest for parallel/retry/resume)
test matrix_case_274 ... ignored, matrix case; run with --release (verify-r5.sh, or nextest for parallel/retry/resume)
test matrix_case_275 ... ignored, matrix case; run with --release (verify-r5.sh, or nextest for parallel/retry/resume)
test matrix_case_276 ... ignored, matrix case; run with --release (verify-r5.sh, or nextest for parallel/retry/resume)
test matrix_case_277 ... ignored, matrix case; run with --release (verify-r5.sh, or nextest for parallel/retry/resume)
test matrix_case_278 ... ignored, matrix case; run with --release (verify-r5.sh, or nextest for parallel/retry/resume)
test matrix_case_279 ... ignored, matrix case; run with --release (verify-r5.sh, or nextest for parallel/retry/resume)
test matrix_case_280 ... ignored, matrix case; run with --release (verify-r5.sh, or nextest for parallel/retry/resume)
test matrix_case_281 ... ignored, matrix case; run with --release (verify-r5.sh, or nextest for parallel/retry/resume)
test matrix_case_282 ... ignored, matrix case; run with --release (verify-r5.sh, or nextest for parallel/retry/resume)
test matrix_case_283 ... ignored, matrix case; run with --release (verify-r5.sh, or nextest for parallel/retry/resume)
test matrix_case_284 ... ignored, matrix case; run with --release (verify-r5.sh, or nextest for parallel/retry/resume)
test matrix_case_285 ... ignored, matrix case; run with --release (verify-r5.sh, or nextest for parallel/retry/resume)
test matrix_case_286 ... ignored, matrix case; run with --release (verify-r5.sh, or nextest for parallel/retry/resume)
test matrix_case_287 ... ignored, matrix case; run with --release (verify-r5.sh, or nextest for parallel/retry/resume)
test matrix_case_288 ... ignored, matrix case; run with --release (verify-r5.sh, or nextest for parallel/retry/resume)
test matrix_case_289 ... ignored, matrix case; run with --release (verify-r5.sh, or nextest for parallel/retry/resume)
test matrix_case_290 ... ignored, matrix case; run with --release (verify-r5.sh, or nextest for parallel/retry/resume)
test matrix_case_291 ... ignored, matrix case; run with --release (verify-r5.sh, or nextest for parallel/retry/resume)
test matrix_case_292 ... ignored, matrix case; run with --release (verify-r5.sh, or nextest for parallel/retry/resume)
test matrix_case_293 ... ignored, matrix case; run with --release (verify-r5.sh, or nextest for parallel/retry/resume)
test matrix_case_294 ... ignored, matrix case; run with --release (verify-r5.sh, or nextest for parallel/retry/resume)
test matrix_case_295 ... ignored, matrix case; run with --release (verify-r5.sh, or nextest for parallel/retry/resume)
test matrix_case_296 ... ignored, matrix case; run with --release (verify-r5.sh, or nextest for parallel/retry/resume)
test matrix_case_297 ... ignored, matrix case; run with --release (verify-r5.sh, or nextest for parallel/retry/resume)
test matrix_case_298 ... ignored, matrix case; run with --release (verify-r5.sh, or nextest for parallel/retry/resume)
test matrix_case_299 ... ignored, matrix case; run with --release (verify-r5.sh, or nextest for parallel/retry/resume)
test matrix_case_300 ... ignored, matrix case; run with --release (verify-r5.sh, or nextest for parallel/retry/resume)
test matrix_case_301 ... ignored, matrix case; run with --release (verify-r5.sh, or nextest for parallel/retry/resume)
test matrix_case_302 ... ignored, matrix case; run with --release (verify-r5.sh, or nextest for parallel/retry/resume)
test matrix_case_303 ... ignored, matrix case; run with --release (verify-r5.sh, or nextest for parallel/retry/resume)
test matrix_case_304 ... ignored, matrix case; run with --release (verify-r5.sh, or nextest for parallel/retry/resume)
test matrix_case_305 ... ignored, matrix case; run with --release (verify-r5.sh, or nextest for parallel/retry/resume)
test matrix_case_306 ... ignored, matrix case; run with --release (verify-r5.sh, or nextest for parallel/retry/resume)
test matrix_case_307 ... ignored, matrix case; run with --release (verify-r5.sh, or nextest for parallel/retry/resume)
test matrix_case_308 ... ignored, matrix case; run with --release (verify-r5.sh, or nextest for parallel/retry/resume)
test matrix_case_309 ... ignored, matrix case; run with --release (verify-r5.sh, or nextest for parallel/retry/resume)
test matrix_case_310 ... ignored, matrix case; run with --release (verify-r5.sh, or nextest for parallel/retry/resume)
test matrix_case_311 ... ignored, matrix case; run with --release (verify-r5.sh, or nextest for parallel/retry/resume)
test matrix_case_312 ... ignored, matrix case; run with --release (verify-r5.sh, or nextest for parallel/retry/resume)
test matrix_case_313 ... ignored, matrix case; run with --release (verify-r5.sh, or nextest for parallel/retry/resume)
test matrix_case_314 ... ignored, matrix case; run with --release (verify-r5.sh, or nextest for parallel/retry/resume)
test matrix_case_315 ... ignored, matrix case; run with --release (verify-r5.sh, or nextest for parallel/retry/resume)
test matrix_case_316 ... ignored, matrix case; run with --release (verify-r5.sh, or nextest for parallel/retry/resume)
test matrix_case_317 ... ignored, matrix case; run with --release (verify-r5.sh, or nextest for parallel/retry/resume)
test matrix_case_318 ... ignored, matrix case; run with --release (verify-r5.sh, or nextest for parallel/retry/resume)
test matrix_case_319 ... ignored, matrix case; run with --release (verify-r5.sh, or nextest for parallel/retry/resume)
test matrix_case_320 ... ignored, matrix case; run with --release (verify-r5.sh, or nextest for parallel/retry/resume)
test matrix_case_321 ... ignored, matrix case; run with --release (verify-r5.sh, or nextest for parallel/retry/resume)
test matrix_case_322 ... ignored, matrix case; run with --release (verify-r5.sh, or nextest for parallel/retry/resume)
test matrix_case_323 ... ignored, matrix case; run with --release (verify-r5.sh, or nextest for parallel/retry/resume)
test matrix_case_324 ... ignored, matrix case; run with --release (verify-r5.sh, or nextest for parallel/retry/resume)
test matrix_case_325 ... ignored, matrix case; run with --release (verify-r5.sh, or nextest for parallel/retry/resume)
test matrix_case_326 ... ignored, matrix case; run with --release (verify-r5.sh, or nextest for parallel/retry/resume)
test matrix_case_327 ... ignored, matrix case; run with --release (verify-r5.sh, or nextest for parallel/retry/resume)
test matrix_case_328 ... ignored, matrix case; run with --release (verify-r5.sh, or nextest for parallel/retry/resume)
test matrix_case_329 ... ignored, matrix case; run with --release (verify-r5.sh, or nextest for parallel/retry/resume)
test matrix_case_330 ... ignored, matrix case; run with --release (verify-r5.sh, or nextest for parallel/retry/resume)
test matrix_case_331 ... ignored, matrix case; run with --release (verify-r5.sh, or nextest for parallel/retry/resume)
test matrix_case_332 ... ignored, matrix case; run with --release (verify-r5.sh, or nextest for parallel/retry/resume)
test matrix_case_333 ... ignored, matrix case; run with --release (verify-r5.sh, or nextest for parallel/retry/resume)
test matrix_case_334 ... ignored, matrix case; run with --release (verify-r5.sh, or nextest for parallel/retry/resume)
test matrix_case_335 ... ignored, matrix case; run with --release (verify-r5.sh, or nextest for parallel/retry/resume)
test matrix_case_336 ... ignored, matrix case; run with --release (verify-r5.sh, or nextest for parallel/retry/resume)
test matrix_case_337 ... ignored, matrix case; run with --release (verify-r5.sh, or nextest for parallel/retry/resume)
test matrix_case_338 ... ignored, matrix case; run with --release (verify-r5.sh, or nextest for parallel/retry/resume)
test matrix_case_339 ... ignored, matrix case; run with --release (verify-r5.sh, or nextest for parallel/retry/resume)
test matrix_case_340 ... ignored, matrix case; run with --release (verify-r5.sh, or nextest for parallel/retry/resume)
test matrix_case_341 ... ignored, matrix case; run with --release (verify-r5.sh, or nextest for parallel/retry/resume)
test matrix_case_342 ... ignored, matrix case; run with --release (verify-r5.sh, or nextest for parallel/retry/resume)
test matrix_case_343 ... ignored, matrix case; run with --release (verify-r5.sh, or nextest for parallel/retry/resume)
test matrix_case_344 ... ignored, matrix case; run with --release (verify-r5.sh, or nextest for parallel/retry/resume)
test matrix_case_345 ... ignored, matrix case; run with --release (verify-r5.sh, or nextest for parallel/retry/resume)
test matrix_case_346 ... ignored, matrix case; run with --release (verify-r5.sh, or nextest for parallel/retry/resume)
test matrix_case_347 ... ignored, matrix case; run with --release (verify-r5.sh, or nextest for parallel/retry/resume)
test matrix_case_348 ... ignored, matrix case; run with --release (verify-r5.sh, or nextest for parallel/retry/resume)
test matrix_case_349 ... ignored, matrix case; run with --release (verify-r5.sh, or nextest for parallel/retry/resume)
test matrix_case_350 ... ignored, matrix case; run with --release (verify-r5.sh, or nextest for parallel/retry/resume)
test matrix_case_351 ... ignored, matrix case; run with --release (verify-r5.sh, or nextest for parallel/retry/resume)
test matrix_case_352 ... ignored, matrix case; run with --release (verify-r5.sh, or nextest for parallel/retry/resume)
test matrix_case_353 ... ignored, matrix case; run with --release (verify-r5.sh, or nextest for parallel/retry/resume)
test matrix_case_354 ... ignored, matrix case; run with --release (verify-r5.sh, or nextest for parallel/retry/resume)
test matrix_case_355 ... ignored, matrix case; run with --release (verify-r5.sh, or nextest for parallel/retry/resume)
test matrix_case_356 ... ignored, matrix case; run with --release (verify-r5.sh, or nextest for parallel/retry/resume)
test matrix_case_357 ... ignored, matrix case; run with --release (verify-r5.sh, or nextest for parallel/retry/resume)
test matrix_case_358 ... ignored, matrix case; run with --release (verify-r5.sh, or nextest for parallel/retry/resume)
test matrix_case_359 ... ignored, matrix case; run with --release (verify-r5.sh, or nextest for parallel/retry/resume)
test matrix_case_360 ... ignored, matrix case; run with --release (verify-r5.sh, or nextest for parallel/retry/resume)
test matrix_case_361 ... ignored, matrix case; run with --release (verify-r5.sh, or nextest for parallel/retry/resume)
test matrix_case_362 ... ignored, matrix case; run with --release (verify-r5.sh, or nextest for parallel/retry/resume)
test matrix_case_363 ... ignored, matrix case; run with --release (verify-r5.sh, or nextest for parallel/retry/resume)
test matrix_case_364 ... ignored, matrix case; run with --release (verify-r5.sh, or nextest for parallel/retry/resume)
test matrix_case_365 ... ignored, matrix case; run with --release (verify-r5.sh, or nextest for parallel/retry/resume)
test matrix_case_366 ... ignored, matrix case; run with --release (verify-r5.sh, or nextest for parallel/retry/resume)
test matrix_case_367 ... ignored, matrix case; run with --release (verify-r5.sh, or nextest for parallel/retry/resume)
test matrix_case_368 ... ignored, matrix case; run with --release (verify-r5.sh, or nextest for parallel/retry/resume)
test matrix_case_369 ... ignored, matrix case; run with --release (verify-r5.sh, or nextest for parallel/retry/resume)
test matrix_case_370 ... ignored, matrix case; run with --release (verify-r5.sh, or nextest for parallel/retry/resume)
test matrix_case_371 ... ignored, matrix case; run with --release (verify-r5.sh, or nextest for parallel/retry/resume)
test matrix_case_372 ... ignored, matrix case; run with --release (verify-r5.sh, or nextest for parallel/retry/resume)
test matrix_case_373 ... ignored, matrix case; run with --release (verify-r5.sh, or nextest for parallel/retry/resume)
test matrix_case_374 ... ignored, matrix case; run with --release (verify-r5.sh, or nextest for parallel/retry/resume)
test matrix_case_375 ... ignored, matrix case; run with --release (verify-r5.sh, or nextest for parallel/retry/resume)
test matrix_case_376 ... ignored, matrix case; run with --release (verify-r5.sh, or nextest for parallel/retry/resume)
test matrix_case_377 ... ignored, matrix case; run with --release (verify-r5.sh, or nextest for parallel/retry/resume)
test matrix_case_378 ... ignored, matrix case; run with --release (verify-r5.sh, or nextest for parallel/retry/resume)
test matrix_case_379 ... ignored, matrix case; run with --release (verify-r5.sh, or nextest for parallel/retry/resume)
test matrix_case_380 ... ignored, matrix case; run with --release (verify-r5.sh, or nextest for parallel/retry/resume)
test matrix_case_381 ... ignored, matrix case; run with --release (verify-r5.sh, or nextest for parallel/retry/resume)
test matrix_case_382 ... ignored, matrix case; run with --release (verify-r5.sh, or nextest for parallel/retry/resume)
test matrix_case_383 ... ignored, matrix case; run with --release (verify-r5.sh, or nextest for parallel/retry/resume)
test matrix_case_384 ... ignored, matrix case; run with --release (verify-r5.sh, or nextest for parallel/retry/resume)
test matrix_case_385 ... ignored, matrix case; run with --release (verify-r5.sh, or nextest for parallel/retry/resume)
test matrix_case_386 ... ignored, matrix case; run with --release (verify-r5.sh, or nextest for parallel/retry/resume)
test matrix_case_387 ... ignored, matrix case; run with --release (verify-r5.sh, or nextest for parallel/retry/resume)
test matrix_case_388 ... ignored, matrix case; run with --release (verify-r5.sh, or nextest for parallel/retry/resume)
test matrix_case_389 ... ignored, matrix case; run with --release (verify-r5.sh, or nextest for parallel/retry/resume)
test matrix_case_390 ... ignored, matrix case; run with --release (verify-r5.sh, or nextest for parallel/retry/resume)
test matrix_case_391 ... ignored, matrix case; run with --release (verify-r5.sh, or nextest for parallel/retry/resume)
test matrix_case_392 ... ignored, matrix case; run with --release (verify-r5.sh, or nextest for parallel/retry/resume)
test matrix_case_393 ... ignored, matrix case; run with --release (verify-r5.sh, or nextest for parallel/retry/resume)
test matrix_case_394 ... ignored, matrix case; run with --release (verify-r5.sh, or nextest for parallel/retry/resume)
test matrix_case_395 ... ignored, matrix case; run with --release (verify-r5.sh, or nextest for parallel/retry/resume)
test matrix_case_396 ... ignored, matrix case; run with --release (verify-r5.sh, or nextest for parallel/retry/resume)
test matrix_case_397 ... ignored, matrix case; run with --release (verify-r5.sh, or nextest for parallel/retry/resume)
test matrix_case_398 ... ignored, matrix case; run with --release (verify-r5.sh, or nextest for parallel/retry/resume)
test matrix_case_399 ... ignored, matrix case; run with --release (verify-r5.sh, or nextest for parallel/retry/resume)
test matrix_case_400 ... ignored, matrix case; run with --release (verify-r5.sh, or nextest for parallel/retry/resume)
test matrix_case_401 ... ignored, matrix case; run with --release (verify-r5.sh, or nextest for parallel/retry/resume)
test matrix_case_402 ... ignored, matrix case; run with --release (verify-r5.sh, or nextest for parallel/retry/resume)
test matrix_case_403 ... ignored, matrix case; run with --release (verify-r5.sh, or nextest for parallel/retry/resume)
test matrix_case_404 ... ignored, matrix case; run with --release (verify-r5.sh, or nextest for parallel/retry/resume)
test matrix_case_405 ... ignored, matrix case; run with --release (verify-r5.sh, or nextest for parallel/retry/resume)
test matrix_case_406 ... ignored, matrix case; run with --release (verify-r5.sh, or nextest for parallel/retry/resume)
test matrix_case_407 ... ignored, matrix case; run with --release (verify-r5.sh, or nextest for parallel/retry/resume)
test matrix_case_408 ... ignored, matrix case; run with --release (verify-r5.sh, or nextest for parallel/retry/resume)
test matrix_case_409 ... ignored, matrix case; run with --release (verify-r5.sh, or nextest for parallel/retry/resume)
test matrix_case_410 ... ignored, matrix case; run with --release (verify-r5.sh, or nextest for parallel/retry/resume)
test matrix_case_411 ... ignored, matrix case; run with --release (verify-r5.sh, or nextest for parallel/retry/resume)
test matrix_case_412 ... ignored, matrix case; run with --release (verify-r5.sh, or nextest for parallel/retry/resume)
test matrix_case_413 ... ignored, matrix case; run with --release (verify-r5.sh, or nextest for parallel/retry/resume)
test matrix_case_414 ... ignored, matrix case; run with --release (verify-r5.sh, or nextest for parallel/retry/resume)
test matrix_case_415 ... ignored, matrix case; run with --release (verify-r5.sh, or nextest for parallel/retry/resume)
test matrix_case_416 ... ignored, matrix case; run with --release (verify-r5.sh, or nextest for parallel/retry/resume)
test matrix_case_417 ... ignored, matrix case; run with --release (verify-r5.sh, or nextest for parallel/retry/resume)
test matrix_case_418 ... ignored, matrix case; run with --release (verify-r5.sh, or nextest for parallel/retry/resume)
test matrix_case_419 ... ignored, matrix case; run with --release (verify-r5.sh, or nextest for parallel/retry/resume)
test matrix_case_420 ... ignored, matrix case; run with --release (verify-r5.sh, or nextest for parallel/retry/resume)
test matrix_case_421 ... ignored, matrix case; run with --release (verify-r5.sh, or nextest for parallel/retry/resume)
test matrix_case_422 ... ignored, matrix case; run with --release (verify-r5.sh, or nextest for parallel/retry/resume)
test matrix_case_423 ... ignored, matrix case; run with --release (verify-r5.sh, or nextest for parallel/retry/resume)
test matrix_case_424 ... ignored, matrix case; run with --release (verify-r5.sh, or nextest for parallel/retry/resume)
test matrix_case_425 ... ignored, matrix case; run with --release (verify-r5.sh, or nextest for parallel/retry/resume)
test matrix_case_426 ... ignored, matrix case; run with --release (verify-r5.sh, or nextest for parallel/retry/resume)
test matrix_case_427 ... ignored, matrix case; run with --release (verify-r5.sh, or nextest for parallel/retry/resume)
test matrix_case_428 ... ignored, matrix case; run with --release (verify-r5.sh, or nextest for parallel/retry/resume)
test matrix_case_429 ... ignored, matrix case; run with --release (verify-r5.sh, or nextest for parallel/retry/resume)
test matrix_case_430 ... ignored, matrix case; run with --release (verify-r5.sh, or nextest for parallel/retry/resume)
test matrix_case_431 ... ignored, matrix case; run with --release (verify-r5.sh, or nextest for parallel/retry/resume)
test matrix_case_432 ... ignored, matrix case; run with --release (verify-r5.sh, or nextest for parallel/retry/resume)
test matrix_case_433 ... ignored, matrix case; run with --release (verify-r5.sh, or nextest for parallel/retry/resume)
test matrix_case_434 ... ignored, matrix case; run with --release (verify-r5.sh, or nextest for parallel/retry/resume)
test matrix_case_435 ... ignored, matrix case; run with --release (verify-r5.sh, or nextest for parallel/retry/resume)
test matrix_case_436 ... ignored, matrix case; run with --release (verify-r5.sh, or nextest for parallel/retry/resume)
test matrix_case_437 ... ignored, matrix case; run with --release (verify-r5.sh, or nextest for parallel/retry/resume)
test matrix_case_438 ... ignored, matrix case; run with --release (verify-r5.sh, or nextest for parallel/retry/resume)
test matrix_case_439 ... ignored, matrix case; run with --release (verify-r5.sh, or nextest for parallel/retry/resume)
test matrix_case_440 ... ignored, matrix case; run with --release (verify-r5.sh, or nextest for parallel/retry/resume)
test matrix_case_441 ... ignored, matrix case; run with --release (verify-r5.sh, or nextest for parallel/retry/resume)
test matrix_case_442 ... ignored, matrix case; run with --release (verify-r5.sh, or nextest for parallel/retry/resume)
test matrix_case_443 ... ignored, matrix case; run with --release (verify-r5.sh, or nextest for parallel/retry/resume)
test matrix_case_444 ... ignored, matrix case; run with --release (verify-r5.sh, or nextest for parallel/retry/resume)
test matrix_case_445 ... ignored, matrix case; run with --release (verify-r5.sh, or nextest for parallel/retry/resume)
test matrix_case_446 ... ignored, matrix case; run with --release (verify-r5.sh, or nextest for parallel/retry/resume)
test matrix_case_447 ... ignored, matrix case; run with --release (verify-r5.sh, or nextest for parallel/retry/resume)
test matrix_case_448 ... ignored, matrix case; run with --release (verify-r5.sh, or nextest for parallel/retry/resume)
test matrix_case_449 ... ignored, matrix case; run with --release (verify-r5.sh, or nextest for parallel/retry/resume)
test matrix_case_450 ... ignored, matrix case; run with --release (verify-r5.sh, or nextest for parallel/retry/resume)
test matrix_case_451 ... ignored, matrix case; run with --release (verify-r5.sh, or nextest for parallel/retry/resume)
test matrix_case_452 ... ignored, matrix case; run with --release (verify-r5.sh, or nextest for parallel/retry/resume)
test matrix_case_453 ... ignored, matrix case; run with --release (verify-r5.sh, or nextest for parallel/retry/resume)
test matrix_case_454 ... ignored, matrix case; run with --release (verify-r5.sh, or nextest for parallel/retry/resume)
test matrix_case_455 ... ignored, matrix case; run with --release (verify-r5.sh, or nextest for parallel/retry/resume)
test matrix_case_456 ... ignored, matrix case; run with --release (verify-r5.sh, or nextest for parallel/retry/resume)
test matrix_case_457 ... ignored, matrix case; run with --release (verify-r5.sh, or nextest for parallel/retry/resume)
test matrix_case_458 ... ignored, matrix case; run with --release (verify-r5.sh, or nextest for parallel/retry/resume)
test matrix_case_459 ... ignored, matrix case; run with --release (verify-r5.sh, or nextest for parallel/retry/resume)
test matrix_case_460 ... ignored, matrix case; run with --release (verify-r5.sh, or nextest for parallel/retry/resume)
test matrix_case_461 ... ignored, matrix case; run with --release (verify-r5.sh, or nextest for parallel/retry/resume)
test matrix_case_462 ... ignored, matrix case; run with --release (verify-r5.sh, or nextest for parallel/retry/resume)
test matrix_case_463 ... ignored, matrix case; run with --release (verify-r5.sh, or nextest for parallel/retry/resume)
test matrix_case_464 ... ignored, matrix case; run with --release (verify-r5.sh, or nextest for parallel/retry/resume)
test matrix_case_465 ... ignored, matrix case; run with --release (verify-r5.sh, or nextest for parallel/retry/resume)
test matrix_case_466 ... ignored, matrix case; run with --release (verify-r5.sh, or nextest for parallel/retry/resume)
test matrix_case_467 ... ignored, matrix case; run with --release (verify-r5.sh, or nextest for parallel/retry/resume)
test matrix_case_468 ... ignored, matrix case; run with --release (verify-r5.sh, or nextest for parallel/retry/resume)
test matrix_case_469 ... ignored, matrix case; run with --release (verify-r5.sh, or nextest for parallel/retry/resume)
test matrix_case_470 ... ignored, matrix case; run with --release (verify-r5.sh, or nextest for parallel/retry/resume)
test matrix_case_471 ... ignored, matrix case; run with --release (verify-r5.sh, or nextest for parallel/retry/resume)
test matrix_case_472 ... ignored, matrix case; run with --release (verify-r5.sh, or nextest for parallel/retry/resume)
test matrix_case_473 ... ignored, matrix case; run with --release (verify-r5.sh, or nextest for parallel/retry/resume)
test matrix_case_474 ... ignored, matrix case; run with --release (verify-r5.sh, or nextest for parallel/retry/resume)
test matrix_case_475 ... ignored, matrix case; run with --release (verify-r5.sh, or nextest for parallel/retry/resume)
test matrix_case_476 ... ignored, matrix case; run with --release (verify-r5.sh, or nextest for parallel/retry/resume)
test matrix_case_477 ... ignored, matrix case; run with --release (verify-r5.sh, or nextest for parallel/retry/resume)
test matrix_case_478 ... ignored, matrix case; run with --release (verify-r5.sh, or nextest for parallel/retry/resume)
test matrix_case_479 ... ignored, matrix case; run with --release (verify-r5.sh, or nextest for parallel/retry/resume)
test matrix_case_480 ... ignored, matrix case; run with --release (verify-r5.sh, or nextest for parallel/retry/resume)
test matrix_case_481 ... ignored, matrix case; run with --release (verify-r5.sh, or nextest for parallel/retry/resume)
test matrix_case_482 ... ignored, matrix case; run with --release (verify-r5.sh, or nextest for parallel/retry/resume)
test matrix_case_483 ... ignored, matrix case; run with --release (verify-r5.sh, or nextest for parallel/retry/resume)
test matrix_case_484 ... ignored, matrix case; run with --release (verify-r5.sh, or nextest for parallel/retry/resume)
test matrix_case_485 ... ignored, matrix case; run with --release (verify-r5.sh, or nextest for parallel/retry/resume)
test matrix_case_486 ... ignored, matrix case; run with --release (verify-r5.sh, or nextest for parallel/retry/resume)
test matrix_case_487 ... ignored, matrix case; run with --release (verify-r5.sh, or nextest for parallel/retry/resume)
test matrix_case_488 ... ignored, matrix case; run with --release (verify-r5.sh, or nextest for parallel/retry/resume)
test matrix_case_489 ... ignored, matrix case; run with --release (verify-r5.sh, or nextest for parallel/retry/resume)
test matrix_case_490 ... ignored, matrix case; run with --release (verify-r5.sh, or nextest for parallel/retry/resume)
test matrix_case_491 ... ignored, matrix case; run with --release (verify-r5.sh, or nextest for parallel/retry/resume)
test matrix_case_492 ... ignored, matrix case; run with --release (verify-r5.sh, or nextest for parallel/retry/resume)
test matrix_case_493 ... ignored, matrix case; run with --release (verify-r5.sh, or nextest for parallel/retry/resume)
test matrix_case_494 ... ignored, matrix case; run with --release (verify-r5.sh, or nextest for parallel/retry/resume)
test matrix_case_495 ... ignored, matrix case; run with --release (verify-r5.sh, or nextest for parallel/retry/resume)
test matrix_case_496 ... ignored, matrix case; run with --release (verify-r5.sh, or nextest for parallel/retry/resume)
test matrix_case_497 ... ignored, matrix case; run with --release (verify-r5.sh, or nextest for parallel/retry/resume)
test matrix_case_498 ... ignored, matrix case; run with --release (verify-r5.sh, or nextest for parallel/retry/resume)
test matrix_case_499 ... ignored, matrix case; run with --release (verify-r5.sh, or nextest for parallel/retry/resume)
test matrix_case_500 ... ignored, matrix case; run with --release (verify-r5.sh, or nextest for parallel/retry/resume)
test matrix_case_501 ... ignored, matrix case; run with --release (verify-r5.sh, or nextest for parallel/retry/resume)
test matrix_case_502 ... ignored, matrix case; run with --release (verify-r5.sh, or nextest for parallel/retry/resume)
test matrix_case_503 ... ignored, matrix case; run with --release (verify-r5.sh, or nextest for parallel/retry/resume)
test matrix_case_504 ... ignored, matrix case; run with --release (verify-r5.sh, or nextest for parallel/retry/resume)
test matrix_case_505 ... ignored, matrix case; run with --release (verify-r5.sh, or nextest for parallel/retry/resume)
test matrix_case_506 ... ignored, matrix case; run with --release (verify-r5.sh, or nextest for parallel/retry/resume)
test matrix_case_507 ... ignored, matrix case; run with --release (verify-r5.sh, or nextest for parallel/retry/resume)
test matrix_case_508 ... ignored, matrix case; run with --release (verify-r5.sh, or nextest for parallel/retry/resume)
test matrix_case_509 ... ignored, matrix case; run with --release (verify-r5.sh, or nextest for parallel/retry/resume)
test matrix_case_510 ... ignored, matrix case; run with --release (verify-r5.sh, or nextest for parallel/retry/resume)
test matrix_case_511 ... ignored, matrix case; run with --release (verify-r5.sh, or nextest for parallel/retry/resume)
test matrix_case_512 ... ignored, matrix case; run with --release (verify-r5.sh, or nextest for parallel/retry/resume)
test matrix_case_513 ... ignored, matrix case; run with --release (verify-r5.sh, or nextest for parallel/retry/resume)
test matrix_case_514 ... ignored, matrix case; run with --release (verify-r5.sh, or nextest for parallel/retry/resume)
test matrix_case_515 ... ignored, matrix case; run with --release (verify-r5.sh, or nextest for parallel/retry/resume)
test matrix_case_516 ... ignored, matrix case; run with --release (verify-r5.sh, or nextest for parallel/retry/resume)
test matrix_case_517 ... ignored, matrix case; run with --release (verify-r5.sh, or nextest for parallel/retry/resume)
test matrix_case_518 ... ignored, matrix case; run with --release (verify-r5.sh, or nextest for parallel/retry/resume)
test matrix_case_519 ... ignored, matrix case; run with --release (verify-r5.sh, or nextest for parallel/retry/resume)
test matrix_case_520 ... ignored, matrix case; run with --release (verify-r5.sh, or nextest for parallel/retry/resume)
test matrix_case_521 ... ignored, matrix case; run with --release (verify-r5.sh, or nextest for parallel/retry/resume)
test matrix_case_522 ... ignored, matrix case; run with --release (verify-r5.sh, or nextest for parallel/retry/resume)
test matrix_case_523 ... ignored, matrix case; run with --release (verify-r5.sh, or nextest for parallel/retry/resume)
test matrix_case_524 ... ignored, matrix case; run with --release (verify-r5.sh, or nextest for parallel/retry/resume)
test matrix_case_525 ... ignored, matrix case; run with --release (verify-r5.sh, or nextest for parallel/retry/resume)
test matrix_case_526 ... ignored, matrix case; run with --release (verify-r5.sh, or nextest for parallel/retry/resume)
test matrix_case_527 ... ignored, matrix case; run with --release (verify-r5.sh, or nextest for parallel/retry/resume)
test matrix_case_528 ... ignored, matrix case; run with --release (verify-r5.sh, or nextest for parallel/retry/resume)
test matrix_case_529 ... ignored, matrix case; run with --release (verify-r5.sh, or nextest for parallel/retry/resume)
test matrix_case_530 ... ignored, matrix case; run with --release (verify-r5.sh, or nextest for parallel/retry/resume)
test matrix_case_531 ... ignored, matrix case; run with --release (verify-r5.sh, or nextest for parallel/retry/resume)
test matrix_case_532 ... ignored, matrix case; run with --release (verify-r5.sh, or nextest for parallel/retry/resume)
test matrix_case_533 ... ignored, matrix case; run with --release (verify-r5.sh, or nextest for parallel/retry/resume)
test matrix_case_534 ... ignored, matrix case; run with --release (verify-r5.sh, or nextest for parallel/retry/resume)
test matrix_case_535 ... ignored, matrix case; run with --release (verify-r5.sh, or nextest for parallel/retry/resume)
test matrix_case_536 ... ignored, matrix case; run with --release (verify-r5.sh, or nextest for parallel/retry/resume)
test matrix_case_537 ... ignored, matrix case; run with --release (verify-r5.sh, or nextest for parallel/retry/resume)
test matrix_case_538 ... ignored, matrix case; run with --release (verify-r5.sh, or nextest for parallel/retry/resume)
test matrix_case_539 ... ignored, matrix case; run with --release (verify-r5.sh, or nextest for parallel/retry/resume)
test matrix_case_540 ... ignored, matrix case; run with --release (verify-r5.sh, or nextest for parallel/retry/resume)
test matrix_case_541 ... ignored, matrix case; run with --release (verify-r5.sh, or nextest for parallel/retry/resume)
test matrix_case_542 ... ignored, matrix case; run with --release (verify-r5.sh, or nextest for parallel/retry/resume)
test matrix_case_543 ... ignored, matrix case; run with --release (verify-r5.sh, or nextest for parallel/retry/resume)
test matrix_case_544 ... ignored, matrix case; run with --release (verify-r5.sh, or nextest for parallel/retry/resume)
test matrix_case_545 ... ignored, matrix case; run with --release (verify-r5.sh, or nextest for parallel/retry/resume)
test matrix_case_546 ... ignored, matrix case; run with --release (verify-r5.sh, or nextest for parallel/retry/resume)
test matrix_case_547 ... ignored, matrix case; run with --release (verify-r5.sh, or nextest for parallel/retry/resume)
test r5_case_inventory_frozen_counts ... ignored, frozen inventory counts; verify-r5.sh runs it with --release

test result: ok. 0 passed; 0 failed; 549 ignored; 0 measured; 0 filtered out; finished in 0.00s

     Running tests/reference_environment.rs (target/debug/deps/reference_environment-2e463ba37aa0c8d2)

running 5 tests
test safe_local_edits_still_reuse_fragments ... ok
test reference_definition_removal_refreshes_a_reused_payload ... ok
test fence_closer_restoration_refreshes_a_reused_payload ... ok
test reference_definition_restore_refreshes_a_reused_payload ... ok
test fence_closer_removal_refreshes_a_reused_payload ... ok

test result: ok. 5 passed; 0 failed; 0 ignored; 0 measured; 0 filtered out; finished in 0.00s

     Running unittests src/lib.rs (target/debug/deps/markit_mdbench_full_rebuild-3d8434a08e1f2810)

running 0 tests

test result: ok. 0 passed; 0 failed; 0 ignored; 0 measured; 0 filtered out; finished in 0.00s

     Running tests/corpus_differential.rs (target/debug/deps/corpus_differential-0755b504094165e6)

running 18 tests
test byte_coordinate_regression_probes ... ok
test structural_recipe_slots_reproduce_the_frozen_matrix_counts ... ignored, full 24-corpus x 13-recipe expansion; ~25 min in the debug profile — verify-r4.sh runs it with --release
test container_depth_decrease_keeps_surviving_frames_open ... ok
test query_extremes_and_multibyte_boundaries ... ok
test attribution_is_honest_on_update ... ok
test chained_edits_stay_equal_to_clean_parses ... ok
test h0_eager_completion_validation_pass ... ok
test update_result_is_independent_of_the_old_state ... ok
test query_batch_matches_the_frozen_contract ... ok
test post_edit_states_satisfy_all_tree_invariants ... ok
test update_matches_clean_parse_multibyte_sensitive_ops ... ok
test update_matches_clean_parse_structural_recipes_64k ... ok
test update_matches_clean_parse_generic_grid_64k ... ok
test full_parse_matches_mechanism_result_on_all_corpora ... ok
test update_matches_clean_parse_structural_recipes_1m ... ok
test full_parse_is_deterministic_and_matches_on_the_top_size ... ok
test update_matches_clean_parse_every_shape_insert_tiny_all_anchors ... ok
test update_matches_clean_parse_scaling_slice has been running for over 60 seconds
test update_matches_clean_parse_scaling_slice ... ok

test result: ok. 17 passed; 0 failed; 1 ignored; 0 measured; 0 filtered out; finished in 77.29s

     Running tests/fixtures.rs (target/debug/deps/fixtures-1e894185fde95913)

running 2 tests
test fixture_comparison_is_not_tautological ... ok
test all_43_golden_fixtures_pass ... ok

test result: ok. 2 passed; 0 failed; 0 ignored; 0 measured; 0 filtered out; finished in 0.02s

     Running tests/inline_inspection.rs (target/debug/deps/inline_inspection-19222144186cb5f1)

running 1 test
test inline_inspection_events_are_reported ... ok

test result: ok. 1 passed; 0 failed; 0 ignored; 0 measured; 0 filtered out; finished in 0.00s

     Running unittests src/lib.rs (target/debug/deps/markit_mdbench_instrumentation-343860df2cf9e070)

running 9 tests
test clock::tests::manual_clock_records_read_sequence ... ok
test lanes::tests::allocation_overflow_is_honest_unknown ... ok
test clock::tests::real_clock_is_monotonic ... ok
test lanes::tests::manual_reporter_scopes_values_to_one_case_never_leaks ... ok
test timer::tests::full_parse_has_not_applicable_prepare ... ok
test lanes::tests::lane_payloads_serialize_exclusively ... ok
test timer::tests::overflow_is_checked_not_silent ... ok
test timer::tests::serde_is_strict_and_round_trips ... ok
test timer::tests::total_is_arithmetic_sum ... ok

test result: ok. 9 passed; 0 failed; 0 ignored; 0 measured; 0 filtered out; finished in 0.00s

     Running unittests src/lib.rs (target/debug/deps/markit_mdbench_null_r1-510419624bcc4abb)

running 7 tests
test fixture::tests::edit_inserts_at_declared_offset ... ok
test tests::id_is_the_reserved_null_id ... ok
test tests::checksum_is_deterministic_and_sensitive ... ok
test fixture::tests::fixture_is_small_utf8_and_edit_is_char_aligned ... ok
test tests::injected_failures_return_statuses ... ok
test tests::fixture_sources_have_distinct_ids ... ok
test tests::null_full_parse_and_update_round_trip_scalars ... ok

test result: ok. 7 passed; 0 failed; 0 ignored; 0 measured; 0 filtered out; finished in 0.00s

     Running unittests src/lib.rs (target/debug/deps/markit_mdbench_old_tree_subtree_reuse-99af6464edcb8f14)

running 0 tests

test result: ok. 0 passed; 0 failed; 0 ignored; 0 measured; 0 filtered out; finished in 0.00s

     Running tests/adversarial_r5.rs (target/debug/deps/adversarial_r5-6546c5a485da9df1)

running 1 test
test adversarial_small_model_differential_504_sequences ... ok

test result: ok. 1 passed; 0 failed; 0 ignored; 0 measured; 0 filtered out; finished in 0.61s

     Running tests/h3_gate.rs (target/debug/deps/h3_gate-9a69165720ab4a08)

running 15 tests
test h3_identity_w2_changed_and_state_mismatched_candidates_refused ... ok
test h3_patch_margins_report_source_inspection ... ok
test h3_identity_w1_local_same_context_edit ... ok
test h3_counters_and_eager_completion ... ok
test h3_reuse_pass_patch_and_cursor_probes ... ok
test h3_grammar_pass_all_43_fixtures ... ok
test h3_updates_are_deterministic ... ok
test h3_chained_edits_stay_equal_to_clean_parses ... ok
test h3_query_batch_matches_the_frozen_contract ... ok
test h3_update_matches_clean_parse_multibyte_sensitive_ops ... ok
test h3_update_matches_clean_parse_structural_recipes_64k ... ok
test h3_update_matches_clean_parse_generic_grid_64k ... ok
test h3_update_matches_clean_parse_every_shape_insert_tiny_all_anchors ... ok
test h3_update_matches_clean_parse_scaling_slice has been running for over 60 seconds
test h3_update_matches_clean_parse_structural_recipes_1m has been running for over 60 seconds
test h3_update_matches_clean_parse_structural_recipes_1m ... ok
test h3_update_matches_clean_parse_scaling_slice ... ok

test result: ok. 15 passed; 0 failed; 0 ignored; 0 measured; 0 filtered out; finished in 78.63s

     Running tests/matrix_r5.rs (target/debug/deps/matrix_r5-3d892df2e6d0a400)

running 549 tests
test matrix_case_000 ... ignored, matrix case; run with --release (verify-r5.sh, or nextest for parallel/retry/resume)
test matrix_case_001 ... ignored, matrix case; run with --release (verify-r5.sh, or nextest for parallel/retry/resume)
test matrix_case_002 ... ignored, matrix case; run with --release (verify-r5.sh, or nextest for parallel/retry/resume)
test matrix_case_003 ... ignored, matrix case; run with --release (verify-r5.sh, or nextest for parallel/retry/resume)
test matrix_case_004 ... ignored, matrix case; run with --release (verify-r5.sh, or nextest for parallel/retry/resume)
test matrix_case_005 ... ignored, matrix case; run with --release (verify-r5.sh, or nextest for parallel/retry/resume)
test matrix_case_006 ... ignored, matrix case; run with --release (verify-r5.sh, or nextest for parallel/retry/resume)
test matrix_case_007 ... ignored, matrix case; run with --release (verify-r5.sh, or nextest for parallel/retry/resume)
test matrix_case_008 ... ignored, matrix case; run with --release (verify-r5.sh, or nextest for parallel/retry/resume)
test matrix_case_009 ... ignored, matrix case; run with --release (verify-r5.sh, or nextest for parallel/retry/resume)
test matrix_case_010 ... ignored, matrix case; run with --release (verify-r5.sh, or nextest for parallel/retry/resume)
test matrix_case_011 ... ignored, matrix case; run with --release (verify-r5.sh, or nextest for parallel/retry/resume)
test matrix_case_012 ... ignored, matrix case; run with --release (verify-r5.sh, or nextest for parallel/retry/resume)
test matrix_case_013 ... ignored, matrix case; run with --release (verify-r5.sh, or nextest for parallel/retry/resume)
test matrix_case_014 ... ignored, matrix case; run with --release (verify-r5.sh, or nextest for parallel/retry/resume)
test matrix_case_015 ... ignored, matrix case; run with --release (verify-r5.sh, or nextest for parallel/retry/resume)
test matrix_case_016 ... ignored, matrix case; run with --release (verify-r5.sh, or nextest for parallel/retry/resume)
test matrix_case_017 ... ignored, matrix case; run with --release (verify-r5.sh, or nextest for parallel/retry/resume)
test matrix_case_018 ... ignored, matrix case; run with --release (verify-r5.sh, or nextest for parallel/retry/resume)
test matrix_case_019 ... ignored, matrix case; run with --release (verify-r5.sh, or nextest for parallel/retry/resume)
test matrix_case_020 ... ignored, matrix case; run with --release (verify-r5.sh, or nextest for parallel/retry/resume)
test matrix_case_021 ... ignored, matrix case; run with --release (verify-r5.sh, or nextest for parallel/retry/resume)
test matrix_case_022 ... ignored, matrix case; run with --release (verify-r5.sh, or nextest for parallel/retry/resume)
test matrix_case_023 ... ignored, matrix case; run with --release (verify-r5.sh, or nextest for parallel/retry/resume)
test matrix_case_024 ... ignored, matrix case; run with --release (verify-r5.sh, or nextest for parallel/retry/resume)
test matrix_case_025 ... ignored, matrix case; run with --release (verify-r5.sh, or nextest for parallel/retry/resume)
test matrix_case_026 ... ignored, matrix case; run with --release (verify-r5.sh, or nextest for parallel/retry/resume)
test matrix_case_027 ... ignored, matrix case; run with --release (verify-r5.sh, or nextest for parallel/retry/resume)
test matrix_case_028 ... ignored, matrix case; run with --release (verify-r5.sh, or nextest for parallel/retry/resume)
test matrix_case_029 ... ignored, matrix case; run with --release (verify-r5.sh, or nextest for parallel/retry/resume)
test matrix_case_030 ... ignored, matrix case; run with --release (verify-r5.sh, or nextest for parallel/retry/resume)
test matrix_case_031 ... ignored, matrix case; run with --release (verify-r5.sh, or nextest for parallel/retry/resume)
test matrix_case_032 ... ignored, matrix case; run with --release (verify-r5.sh, or nextest for parallel/retry/resume)
test matrix_case_033 ... ignored, matrix case; run with --release (verify-r5.sh, or nextest for parallel/retry/resume)
test matrix_case_034 ... ignored, matrix case; run with --release (verify-r5.sh, or nextest for parallel/retry/resume)
test matrix_case_035 ... ignored, matrix case; run with --release (verify-r5.sh, or nextest for parallel/retry/resume)
test matrix_case_036 ... ignored, matrix case; run with --release (verify-r5.sh, or nextest for parallel/retry/resume)
test matrix_case_037 ... ignored, matrix case; run with --release (verify-r5.sh, or nextest for parallel/retry/resume)
test matrix_case_038 ... ignored, matrix case; run with --release (verify-r5.sh, or nextest for parallel/retry/resume)
test matrix_case_039 ... ignored, matrix case; run with --release (verify-r5.sh, or nextest for parallel/retry/resume)
test matrix_case_040 ... ignored, matrix case; run with --release (verify-r5.sh, or nextest for parallel/retry/resume)
test matrix_case_041 ... ignored, matrix case; run with --release (verify-r5.sh, or nextest for parallel/retry/resume)
test matrix_case_042 ... ignored, matrix case; run with --release (verify-r5.sh, or nextest for parallel/retry/resume)
test matrix_case_043 ... ignored, matrix case; run with --release (verify-r5.sh, or nextest for parallel/retry/resume)
test matrix_case_044 ... ignored, matrix case; run with --release (verify-r5.sh, or nextest for parallel/retry/resume)
test matrix_case_045 ... ignored, matrix case; run with --release (verify-r5.sh, or nextest for parallel/retry/resume)
test matrix_case_046 ... ignored, matrix case; run with --release (verify-r5.sh, or nextest for parallel/retry/resume)
test matrix_case_047 ... ignored, matrix case; run with --release (verify-r5.sh, or nextest for parallel/retry/resume)
test matrix_case_048 ... ignored, matrix case; run with --release (verify-r5.sh, or nextest for parallel/retry/resume)
test matrix_case_049 ... ignored, matrix case; run with --release (verify-r5.sh, or nextest for parallel/retry/resume)
test matrix_case_050 ... ignored, matrix case; run with --release (verify-r5.sh, or nextest for parallel/retry/resume)
test matrix_case_051 ... ignored, matrix case; run with --release (verify-r5.sh, or nextest for parallel/retry/resume)
test matrix_case_052 ... ignored, matrix case; run with --release (verify-r5.sh, or nextest for parallel/retry/resume)
test matrix_case_053 ... ignored, matrix case; run with --release (verify-r5.sh, or nextest for parallel/retry/resume)
test matrix_case_054 ... ignored, matrix case; run with --release (verify-r5.sh, or nextest for parallel/retry/resume)
test matrix_case_055 ... ignored, matrix case; run with --release (verify-r5.sh, or nextest for parallel/retry/resume)
test matrix_case_056 ... ignored, matrix case; run with --release (verify-r5.sh, or nextest for parallel/retry/resume)
test matrix_case_057 ... ignored, matrix case; run with --release (verify-r5.sh, or nextest for parallel/retry/resume)
test matrix_case_058 ... ignored, matrix case; run with --release (verify-r5.sh, or nextest for parallel/retry/resume)
test matrix_case_059 ... ignored, matrix case; run with --release (verify-r5.sh, or nextest for parallel/retry/resume)
test matrix_case_060 ... ignored, matrix case; run with --release (verify-r5.sh, or nextest for parallel/retry/resume)
test matrix_case_061 ... ignored, matrix case; run with --release (verify-r5.sh, or nextest for parallel/retry/resume)
test matrix_case_062 ... ignored, matrix case; run with --release (verify-r5.sh, or nextest for parallel/retry/resume)
test matrix_case_063 ... ignored, matrix case; run with --release (verify-r5.sh, or nextest for parallel/retry/resume)
test matrix_case_064 ... ignored, matrix case; run with --release (verify-r5.sh, or nextest for parallel/retry/resume)
test matrix_case_065 ... ignored, matrix case; run with --release (verify-r5.sh, or nextest for parallel/retry/resume)
test matrix_case_066 ... ignored, matrix case; run with --release (verify-r5.sh, or nextest for parallel/retry/resume)
test matrix_case_067 ... ignored, matrix case; run with --release (verify-r5.sh, or nextest for parallel/retry/resume)
test matrix_case_068 ... ignored, matrix case; run with --release (verify-r5.sh, or nextest for parallel/retry/resume)
test matrix_case_069 ... ignored, matrix case; run with --release (verify-r5.sh, or nextest for parallel/retry/resume)
test matrix_case_070 ... ignored, matrix case; run with --release (verify-r5.sh, or nextest for parallel/retry/resume)
test matrix_case_071 ... ignored, matrix case; run with --release (verify-r5.sh, or nextest for parallel/retry/resume)
test matrix_case_072 ... ignored, matrix case; run with --release (verify-r5.sh, or nextest for parallel/retry/resume)
test matrix_case_073 ... ignored, matrix case; run with --release (verify-r5.sh, or nextest for parallel/retry/resume)
test matrix_case_074 ... ignored, matrix case; run with --release (verify-r5.sh, or nextest for parallel/retry/resume)
test matrix_case_075 ... ignored, matrix case; run with --release (verify-r5.sh, or nextest for parallel/retry/resume)
test matrix_case_076 ... ignored, matrix case; run with --release (verify-r5.sh, or nextest for parallel/retry/resume)
test matrix_case_077 ... ignored, matrix case; run with --release (verify-r5.sh, or nextest for parallel/retry/resume)
test matrix_case_078 ... ignored, matrix case; run with --release (verify-r5.sh, or nextest for parallel/retry/resume)
test matrix_case_079 ... ignored, matrix case; run with --release (verify-r5.sh, or nextest for parallel/retry/resume)
test matrix_case_080 ... ignored, matrix case; run with --release (verify-r5.sh, or nextest for parallel/retry/resume)
test matrix_case_081 ... ignored, matrix case; run with --release (verify-r5.sh, or nextest for parallel/retry/resume)
test matrix_case_082 ... ignored, matrix case; run with --release (verify-r5.sh, or nextest for parallel/retry/resume)
test matrix_case_083 ... ignored, matrix case; run with --release (verify-r5.sh, or nextest for parallel/retry/resume)
test matrix_case_084 ... ignored, matrix case; run with --release (verify-r5.sh, or nextest for parallel/retry/resume)
test matrix_case_085 ... ignored, matrix case; run with --release (verify-r5.sh, or nextest for parallel/retry/resume)
test matrix_case_086 ... ignored, matrix case; run with --release (verify-r5.sh, or nextest for parallel/retry/resume)
test matrix_case_087 ... ignored, matrix case; run with --release (verify-r5.sh, or nextest for parallel/retry/resume)
test matrix_case_088 ... ignored, matrix case; run with --release (verify-r5.sh, or nextest for parallel/retry/resume)
test matrix_case_089 ... ignored, matrix case; run with --release (verify-r5.sh, or nextest for parallel/retry/resume)
test matrix_case_090 ... ignored, matrix case; run with --release (verify-r5.sh, or nextest for parallel/retry/resume)
test matrix_case_091 ... ignored, matrix case; run with --release (verify-r5.sh, or nextest for parallel/retry/resume)
test matrix_case_092 ... ignored, matrix case; run with --release (verify-r5.sh, or nextest for parallel/retry/resume)
test matrix_case_093 ... ignored, matrix case; run with --release (verify-r5.sh, or nextest for parallel/retry/resume)
test matrix_case_094 ... ignored, matrix case; run with --release (verify-r5.sh, or nextest for parallel/retry/resume)
test matrix_case_095 ... ignored, matrix case; run with --release (verify-r5.sh, or nextest for parallel/retry/resume)
test matrix_case_096 ... ignored, matrix case; run with --release (verify-r5.sh, or nextest for parallel/retry/resume)
test matrix_case_097 ... ignored, matrix case; run with --release (verify-r5.sh, or nextest for parallel/retry/resume)
test matrix_case_098 ... ignored, matrix case; run with --release (verify-r5.sh, or nextest for parallel/retry/resume)
test matrix_case_099 ... ignored, matrix case; run with --release (verify-r5.sh, or nextest for parallel/retry/resume)
test matrix_case_100 ... ignored, matrix case; run with --release (verify-r5.sh, or nextest for parallel/retry/resume)
test matrix_case_101 ... ignored, matrix case; run with --release (verify-r5.sh, or nextest for parallel/retry/resume)
test matrix_case_102 ... ignored, matrix case; run with --release (verify-r5.sh, or nextest for parallel/retry/resume)
test matrix_case_103 ... ignored, matrix case; run with --release (verify-r5.sh, or nextest for parallel/retry/resume)
test matrix_case_104 ... ignored, matrix case; run with --release (verify-r5.sh, or nextest for parallel/retry/resume)
test matrix_case_105 ... ignored, matrix case; run with --release (verify-r5.sh, or nextest for parallel/retry/resume)
test matrix_case_106 ... ignored, matrix case; run with --release (verify-r5.sh, or nextest for parallel/retry/resume)
test matrix_case_107 ... ignored, matrix case; run with --release (verify-r5.sh, or nextest for parallel/retry/resume)
test matrix_case_108 ... ignored, matrix case; run with --release (verify-r5.sh, or nextest for parallel/retry/resume)
test matrix_case_109 ... ignored, matrix case; run with --release (verify-r5.sh, or nextest for parallel/retry/resume)
test matrix_case_110 ... ignored, matrix case; run with --release (verify-r5.sh, or nextest for parallel/retry/resume)
test matrix_case_111 ... ignored, matrix case; run with --release (verify-r5.sh, or nextest for parallel/retry/resume)
test matrix_case_112 ... ignored, matrix case; run with --release (verify-r5.sh, or nextest for parallel/retry/resume)
test matrix_case_113 ... ignored, matrix case; run with --release (verify-r5.sh, or nextest for parallel/retry/resume)
test matrix_case_114 ... ignored, matrix case; run with --release (verify-r5.sh, or nextest for parallel/retry/resume)
test matrix_case_115 ... ignored, matrix case; run with --release (verify-r5.sh, or nextest for parallel/retry/resume)
test matrix_case_116 ... ignored, matrix case; run with --release (verify-r5.sh, or nextest for parallel/retry/resume)
test matrix_case_117 ... ignored, matrix case; run with --release (verify-r5.sh, or nextest for parallel/retry/resume)
test matrix_case_118 ... ignored, matrix case; run with --release (verify-r5.sh, or nextest for parallel/retry/resume)
test matrix_case_119 ... ignored, matrix case; run with --release (verify-r5.sh, or nextest for parallel/retry/resume)
test matrix_case_120 ... ignored, matrix case; run with --release (verify-r5.sh, or nextest for parallel/retry/resume)
test matrix_case_121 ... ignored, matrix case; run with --release (verify-r5.sh, or nextest for parallel/retry/resume)
test matrix_case_122 ... ignored, matrix case; run with --release (verify-r5.sh, or nextest for parallel/retry/resume)
test matrix_case_123 ... ignored, matrix case; run with --release (verify-r5.sh, or nextest for parallel/retry/resume)
test matrix_case_124 ... ignored, matrix case; run with --release (verify-r5.sh, or nextest for parallel/retry/resume)
test matrix_case_125 ... ignored, matrix case; run with --release (verify-r5.sh, or nextest for parallel/retry/resume)
test matrix_case_126 ... ignored, matrix case; run with --release (verify-r5.sh, or nextest for parallel/retry/resume)
test matrix_case_127 ... ignored, matrix case; run with --release (verify-r5.sh, or nextest for parallel/retry/resume)
test matrix_case_128 ... ignored, matrix case; run with --release (verify-r5.sh, or nextest for parallel/retry/resume)
test matrix_case_129 ... ignored, matrix case; run with --release (verify-r5.sh, or nextest for parallel/retry/resume)
test matrix_case_130 ... ignored, matrix case; run with --release (verify-r5.sh, or nextest for parallel/retry/resume)
test matrix_case_131 ... ignored, matrix case; run with --release (verify-r5.sh, or nextest for parallel/retry/resume)
test matrix_case_132 ... ignored, matrix case; run with --release (verify-r5.sh, or nextest for parallel/retry/resume)
test matrix_case_133 ... ignored, matrix case; run with --release (verify-r5.sh, or nextest for parallel/retry/resume)
test matrix_case_134 ... ignored, matrix case; run with --release (verify-r5.sh, or nextest for parallel/retry/resume)
test matrix_case_135 ... ignored, matrix case; run with --release (verify-r5.sh, or nextest for parallel/retry/resume)
test matrix_case_136 ... ignored, matrix case; run with --release (verify-r5.sh, or nextest for parallel/retry/resume)
test matrix_case_137 ... ignored, matrix case; run with --release (verify-r5.sh, or nextest for parallel/retry/resume)
test matrix_case_138 ... ignored, matrix case; run with --release (verify-r5.sh, or nextest for parallel/retry/resume)
test matrix_case_139 ... ignored, matrix case; run with --release (verify-r5.sh, or nextest for parallel/retry/resume)
test matrix_case_140 ... ignored, matrix case; run with --release (verify-r5.sh, or nextest for parallel/retry/resume)
test matrix_case_141 ... ignored, matrix case; run with --release (verify-r5.sh, or nextest for parallel/retry/resume)
test matrix_case_142 ... ignored, matrix case; run with --release (verify-r5.sh, or nextest for parallel/retry/resume)
test matrix_case_143 ... ignored, matrix case; run with --release (verify-r5.sh, or nextest for parallel/retry/resume)
test matrix_case_144 ... ignored, matrix case; run with --release (verify-r5.sh, or nextest for parallel/retry/resume)
test matrix_case_145 ... ignored, matrix case; run with --release (verify-r5.sh, or nextest for parallel/retry/resume)
test matrix_case_146 ... ignored, matrix case; run with --release (verify-r5.sh, or nextest for parallel/retry/resume)
test matrix_case_147 ... ignored, matrix case; run with --release (verify-r5.sh, or nextest for parallel/retry/resume)
test matrix_case_148 ... ignored, matrix case; run with --release (verify-r5.sh, or nextest for parallel/retry/resume)
test matrix_case_149 ... ignored, matrix case; run with --release (verify-r5.sh, or nextest for parallel/retry/resume)
test matrix_case_150 ... ignored, matrix case; run with --release (verify-r5.sh, or nextest for parallel/retry/resume)
test matrix_case_151 ... ignored, matrix case; run with --release (verify-r5.sh, or nextest for parallel/retry/resume)
test matrix_case_152 ... ignored, matrix case; run with --release (verify-r5.sh, or nextest for parallel/retry/resume)
test matrix_case_153 ... ignored, matrix case; run with --release (verify-r5.sh, or nextest for parallel/retry/resume)
test matrix_case_154 ... ignored, matrix case; run with --release (verify-r5.sh, or nextest for parallel/retry/resume)
test matrix_case_155 ... ignored, matrix case; run with --release (verify-r5.sh, or nextest for parallel/retry/resume)
test matrix_case_156 ... ignored, matrix case; run with --release (verify-r5.sh, or nextest for parallel/retry/resume)
test matrix_case_157 ... ignored, matrix case; run with --release (verify-r5.sh, or nextest for parallel/retry/resume)
test matrix_case_158 ... ignored, matrix case; run with --release (verify-r5.sh, or nextest for parallel/retry/resume)
test matrix_case_159 ... ignored, matrix case; run with --release (verify-r5.sh, or nextest for parallel/retry/resume)
test matrix_case_160 ... ignored, matrix case; run with --release (verify-r5.sh, or nextest for parallel/retry/resume)
test matrix_case_161 ... ignored, matrix case; run with --release (verify-r5.sh, or nextest for parallel/retry/resume)
test matrix_case_162 ... ignored, matrix case; run with --release (verify-r5.sh, or nextest for parallel/retry/resume)
test matrix_case_163 ... ignored, matrix case; run with --release (verify-r5.sh, or nextest for parallel/retry/resume)
test matrix_case_164 ... ignored, matrix case; run with --release (verify-r5.sh, or nextest for parallel/retry/resume)
test matrix_case_165 ... ignored, matrix case; run with --release (verify-r5.sh, or nextest for parallel/retry/resume)
test matrix_case_166 ... ignored, matrix case; run with --release (verify-r5.sh, or nextest for parallel/retry/resume)
test matrix_case_167 ... ignored, matrix case; run with --release (verify-r5.sh, or nextest for parallel/retry/resume)
test matrix_case_168 ... ignored, matrix case; run with --release (verify-r5.sh, or nextest for parallel/retry/resume)
test matrix_case_169 ... ignored, matrix case; run with --release (verify-r5.sh, or nextest for parallel/retry/resume)
test matrix_case_170 ... ignored, matrix case; run with --release (verify-r5.sh, or nextest for parallel/retry/resume)
test matrix_case_171 ... ignored, matrix case; run with --release (verify-r5.sh, or nextest for parallel/retry/resume)
test matrix_case_172 ... ignored, matrix case; run with --release (verify-r5.sh, or nextest for parallel/retry/resume)
test matrix_case_173 ... ignored, matrix case; run with --release (verify-r5.sh, or nextest for parallel/retry/resume)
test matrix_case_174 ... ignored, matrix case; run with --release (verify-r5.sh, or nextest for parallel/retry/resume)
test matrix_case_175 ... ignored, matrix case; run with --release (verify-r5.sh, or nextest for parallel/retry/resume)
test matrix_case_176 ... ignored, matrix case; run with --release (verify-r5.sh, or nextest for parallel/retry/resume)
test matrix_case_177 ... ignored, matrix case; run with --release (verify-r5.sh, or nextest for parallel/retry/resume)
test matrix_case_178 ... ignored, matrix case; run with --release (verify-r5.sh, or nextest for parallel/retry/resume)
test matrix_case_179 ... ignored, matrix case; run with --release (verify-r5.sh, or nextest for parallel/retry/resume)
test matrix_case_180 ... ignored, matrix case; run with --release (verify-r5.sh, or nextest for parallel/retry/resume)
test matrix_case_181 ... ignored, matrix case; run with --release (verify-r5.sh, or nextest for parallel/retry/resume)
test matrix_case_182 ... ignored, matrix case; run with --release (verify-r5.sh, or nextest for parallel/retry/resume)
test matrix_case_183 ... ignored, matrix case; run with --release (verify-r5.sh, or nextest for parallel/retry/resume)
test matrix_case_184 ... ignored, matrix case; run with --release (verify-r5.sh, or nextest for parallel/retry/resume)
test matrix_case_185 ... ignored, matrix case; run with --release (verify-r5.sh, or nextest for parallel/retry/resume)
test matrix_case_186 ... ignored, matrix case; run with --release (verify-r5.sh, or nextest for parallel/retry/resume)
test matrix_case_187 ... ignored, matrix case; run with --release (verify-r5.sh, or nextest for parallel/retry/resume)
test matrix_case_188 ... ignored, matrix case; run with --release (verify-r5.sh, or nextest for parallel/retry/resume)
test matrix_case_189 ... ignored, matrix case; run with --release (verify-r5.sh, or nextest for parallel/retry/resume)
test matrix_case_190 ... ignored, matrix case; run with --release (verify-r5.sh, or nextest for parallel/retry/resume)
test matrix_case_191 ... ignored, matrix case; run with --release (verify-r5.sh, or nextest for parallel/retry/resume)
test matrix_case_192 ... ignored, matrix case; run with --release (verify-r5.sh, or nextest for parallel/retry/resume)
test matrix_case_193 ... ignored, matrix case; run with --release (verify-r5.sh, or nextest for parallel/retry/resume)
test matrix_case_194 ... ignored, matrix case; run with --release (verify-r5.sh, or nextest for parallel/retry/resume)
test matrix_case_195 ... ignored, matrix case; run with --release (verify-r5.sh, or nextest for parallel/retry/resume)
test matrix_case_196 ... ignored, matrix case; run with --release (verify-r5.sh, or nextest for parallel/retry/resume)
test matrix_case_197 ... ignored, matrix case; run with --release (verify-r5.sh, or nextest for parallel/retry/resume)
test matrix_case_198 ... ignored, matrix case; run with --release (verify-r5.sh, or nextest for parallel/retry/resume)
test matrix_case_199 ... ignored, matrix case; run with --release (verify-r5.sh, or nextest for parallel/retry/resume)
test matrix_case_200 ... ignored, matrix case; run with --release (verify-r5.sh, or nextest for parallel/retry/resume)
test matrix_case_201 ... ignored, matrix case; run with --release (verify-r5.sh, or nextest for parallel/retry/resume)
test matrix_case_202 ... ignored, matrix case; run with --release (verify-r5.sh, or nextest for parallel/retry/resume)
test matrix_case_203 ... ignored, matrix case; run with --release (verify-r5.sh, or nextest for parallel/retry/resume)
test matrix_case_204 ... ignored, matrix case; run with --release (verify-r5.sh, or nextest for parallel/retry/resume)
test matrix_case_205 ... ignored, matrix case; run with --release (verify-r5.sh, or nextest for parallel/retry/resume)
test matrix_case_206 ... ignored, matrix case; run with --release (verify-r5.sh, or nextest for parallel/retry/resume)
test matrix_case_207 ... ignored, matrix case; run with --release (verify-r5.sh, or nextest for parallel/retry/resume)
test matrix_case_208 ... ignored, matrix case; run with --release (verify-r5.sh, or nextest for parallel/retry/resume)
test matrix_case_209 ... ignored, matrix case; run with --release (verify-r5.sh, or nextest for parallel/retry/resume)
test matrix_case_210 ... ignored, matrix case; run with --release (verify-r5.sh, or nextest for parallel/retry/resume)
test matrix_case_211 ... ignored, matrix case; run with --release (verify-r5.sh, or nextest for parallel/retry/resume)
test matrix_case_212 ... ignored, matrix case; run with --release (verify-r5.sh, or nextest for parallel/retry/resume)
test matrix_case_213 ... ignored, matrix case; run with --release (verify-r5.sh, or nextest for parallel/retry/resume)
test matrix_case_214 ... ignored, matrix case; run with --release (verify-r5.sh, or nextest for parallel/retry/resume)
test matrix_case_215 ... ignored, matrix case; run with --release (verify-r5.sh, or nextest for parallel/retry/resume)
test matrix_case_216 ... ignored, matrix case; run with --release (verify-r5.sh, or nextest for parallel/retry/resume)
test matrix_case_217 ... ignored, matrix case; run with --release (verify-r5.sh, or nextest for parallel/retry/resume)
test matrix_case_218 ... ignored, matrix case; run with --release (verify-r5.sh, or nextest for parallel/retry/resume)
test matrix_case_219 ... ignored, matrix case; run with --release (verify-r5.sh, or nextest for parallel/retry/resume)
test matrix_case_220 ... ignored, matrix case; run with --release (verify-r5.sh, or nextest for parallel/retry/resume)
test matrix_case_221 ... ignored, matrix case; run with --release (verify-r5.sh, or nextest for parallel/retry/resume)
test matrix_case_222 ... ignored, matrix case; run with --release (verify-r5.sh, or nextest for parallel/retry/resume)
test matrix_case_223 ... ignored, matrix case; run with --release (verify-r5.sh, or nextest for parallel/retry/resume)
test matrix_case_224 ... ignored, matrix case; run with --release (verify-r5.sh, or nextest for parallel/retry/resume)
test matrix_case_225 ... ignored, matrix case; run with --release (verify-r5.sh, or nextest for parallel/retry/resume)
test matrix_case_226 ... ignored, matrix case; run with --release (verify-r5.sh, or nextest for parallel/retry/resume)
test matrix_case_227 ... ignored, matrix case; run with --release (verify-r5.sh, or nextest for parallel/retry/resume)
test matrix_case_228 ... ignored, matrix case; run with --release (verify-r5.sh, or nextest for parallel/retry/resume)
test matrix_case_229 ... ignored, matrix case; run with --release (verify-r5.sh, or nextest for parallel/retry/resume)
test matrix_case_230 ... ignored, matrix case; run with --release (verify-r5.sh, or nextest for parallel/retry/resume)
test matrix_case_231 ... ignored, matrix case; run with --release (verify-r5.sh, or nextest for parallel/retry/resume)
test matrix_case_232 ... ignored, matrix case; run with --release (verify-r5.sh, or nextest for parallel/retry/resume)
test matrix_case_233 ... ignored, matrix case; run with --release (verify-r5.sh, or nextest for parallel/retry/resume)
test matrix_case_234 ... ignored, matrix case; run with --release (verify-r5.sh, or nextest for parallel/retry/resume)
test matrix_case_235 ... ignored, matrix case; run with --release (verify-r5.sh, or nextest for parallel/retry/resume)
test matrix_case_236 ... ignored, matrix case; run with --release (verify-r5.sh, or nextest for parallel/retry/resume)
test matrix_case_237 ... ignored, matrix case; run with --release (verify-r5.sh, or nextest for parallel/retry/resume)
test matrix_case_238 ... ignored, matrix case; run with --release (verify-r5.sh, or nextest for parallel/retry/resume)
test matrix_case_239 ... ignored, matrix case; run with --release (verify-r5.sh, or nextest for parallel/retry/resume)
test matrix_case_240 ... ignored, matrix case; run with --release (verify-r5.sh, or nextest for parallel/retry/resume)
test matrix_case_241 ... ignored, matrix case; run with --release (verify-r5.sh, or nextest for parallel/retry/resume)
test matrix_case_242 ... ignored, matrix case; run with --release (verify-r5.sh, or nextest for parallel/retry/resume)
test matrix_case_243 ... ignored, matrix case; run with --release (verify-r5.sh, or nextest for parallel/retry/resume)
test matrix_case_244 ... ignored, matrix case; run with --release (verify-r5.sh, or nextest for parallel/retry/resume)
test matrix_case_245 ... ignored, matrix case; run with --release (verify-r5.sh, or nextest for parallel/retry/resume)
test matrix_case_246 ... ignored, matrix case; run with --release (verify-r5.sh, or nextest for parallel/retry/resume)
test matrix_case_247 ... ignored, matrix case; run with --release (verify-r5.sh, or nextest for parallel/retry/resume)
test matrix_case_248 ... ignored, matrix case; run with --release (verify-r5.sh, or nextest for parallel/retry/resume)
test matrix_case_249 ... ignored, matrix case; run with --release (verify-r5.sh, or nextest for parallel/retry/resume)
test matrix_case_250 ... ignored, matrix case; run with --release (verify-r5.sh, or nextest for parallel/retry/resume)
test matrix_case_251 ... ignored, matrix case; run with --release (verify-r5.sh, or nextest for parallel/retry/resume)
test matrix_case_252 ... ignored, matrix case; run with --release (verify-r5.sh, or nextest for parallel/retry/resume)
test matrix_case_253 ... ignored, matrix case; run with --release (verify-r5.sh, or nextest for parallel/retry/resume)
test matrix_case_254 ... ignored, matrix case; run with --release (verify-r5.sh, or nextest for parallel/retry/resume)
test matrix_case_255 ... ignored, matrix case; run with --release (verify-r5.sh, or nextest for parallel/retry/resume)
test matrix_case_256 ... ignored, matrix case; run with --release (verify-r5.sh, or nextest for parallel/retry/resume)
test matrix_case_257 ... ignored, matrix case; run with --release (verify-r5.sh, or nextest for parallel/retry/resume)
test matrix_case_258 ... ignored, matrix case; run with --release (verify-r5.sh, or nextest for parallel/retry/resume)
test matrix_case_259 ... ignored, matrix case; run with --release (verify-r5.sh, or nextest for parallel/retry/resume)
test matrix_case_260 ... ignored, matrix case; run with --release (verify-r5.sh, or nextest for parallel/retry/resume)
test matrix_case_261 ... ignored, matrix case; run with --release (verify-r5.sh, or nextest for parallel/retry/resume)
test matrix_case_262 ... ignored, matrix case; run with --release (verify-r5.sh, or nextest for parallel/retry/resume)
test matrix_case_263 ... ignored, matrix case; run with --release (verify-r5.sh, or nextest for parallel/retry/resume)
test matrix_case_264 ... ignored, matrix case; run with --release (verify-r5.sh, or nextest for parallel/retry/resume)
test matrix_case_265 ... ignored, matrix case; run with --release (verify-r5.sh, or nextest for parallel/retry/resume)
test matrix_case_266 ... ignored, matrix case; run with --release (verify-r5.sh, or nextest for parallel/retry/resume)
test matrix_case_267 ... ignored, matrix case; run with --release (verify-r5.sh, or nextest for parallel/retry/resume)
test matrix_case_268 ... ignored, matrix case; run with --release (verify-r5.sh, or nextest for parallel/retry/resume)
test matrix_case_269 ... ignored, matrix case; run with --release (verify-r5.sh, or nextest for parallel/retry/resume)
test matrix_case_270 ... ignored, matrix case; run with --release (verify-r5.sh, or nextest for parallel/retry/resume)
test matrix_case_271 ... ignored, matrix case; run with --release (verify-r5.sh, or nextest for parallel/retry/resume)
test matrix_case_272 ... ignored, matrix case; run with --release (verify-r5.sh, or nextest for parallel/retry/resume)
test matrix_case_273 ... ignored, matrix case; run with --release (verify-r5.sh, or nextest for parallel/retry/resume)
test matrix_case_274 ... ignored, matrix case; run with --release (verify-r5.sh, or nextest for parallel/retry/resume)
test matrix_case_275 ... ignored, matrix case; run with --release (verify-r5.sh, or nextest for parallel/retry/resume)
test matrix_case_276 ... ignored, matrix case; run with --release (verify-r5.sh, or nextest for parallel/retry/resume)
test matrix_case_277 ... ignored, matrix case; run with --release (verify-r5.sh, or nextest for parallel/retry/resume)
test matrix_case_278 ... ignored, matrix case; run with --release (verify-r5.sh, or nextest for parallel/retry/resume)
test matrix_case_279 ... ignored, matrix case; run with --release (verify-r5.sh, or nextest for parallel/retry/resume)
test matrix_case_280 ... ignored, matrix case; run with --release (verify-r5.sh, or nextest for parallel/retry/resume)
test matrix_case_281 ... ignored, matrix case; run with --release (verify-r5.sh, or nextest for parallel/retry/resume)
test matrix_case_282 ... ignored, matrix case; run with --release (verify-r5.sh, or nextest for parallel/retry/resume)
test matrix_case_283 ... ignored, matrix case; run with --release (verify-r5.sh, or nextest for parallel/retry/resume)
test matrix_case_284 ... ignored, matrix case; run with --release (verify-r5.sh, or nextest for parallel/retry/resume)
test matrix_case_285 ... ignored, matrix case; run with --release (verify-r5.sh, or nextest for parallel/retry/resume)
test matrix_case_286 ... ignored, matrix case; run with --release (verify-r5.sh, or nextest for parallel/retry/resume)
test matrix_case_287 ... ignored, matrix case; run with --release (verify-r5.sh, or nextest for parallel/retry/resume)
test matrix_case_288 ... ignored, matrix case; run with --release (verify-r5.sh, or nextest for parallel/retry/resume)
test matrix_case_289 ... ignored, matrix case; run with --release (verify-r5.sh, or nextest for parallel/retry/resume)
test matrix_case_290 ... ignored, matrix case; run with --release (verify-r5.sh, or nextest for parallel/retry/resume)
test matrix_case_291 ... ignored, matrix case; run with --release (verify-r5.sh, or nextest for parallel/retry/resume)
test matrix_case_292 ... ignored, matrix case; run with --release (verify-r5.sh, or nextest for parallel/retry/resume)
test matrix_case_293 ... ignored, matrix case; run with --release (verify-r5.sh, or nextest for parallel/retry/resume)
test matrix_case_294 ... ignored, matrix case; run with --release (verify-r5.sh, or nextest for parallel/retry/resume)
test matrix_case_295 ... ignored, matrix case; run with --release (verify-r5.sh, or nextest for parallel/retry/resume)
test matrix_case_296 ... ignored, matrix case; run with --release (verify-r5.sh, or nextest for parallel/retry/resume)
test matrix_case_297 ... ignored, matrix case; run with --release (verify-r5.sh, or nextest for parallel/retry/resume)
test matrix_case_298 ... ignored, matrix case; run with --release (verify-r5.sh, or nextest for parallel/retry/resume)
test matrix_case_299 ... ignored, matrix case; run with --release (verify-r5.sh, or nextest for parallel/retry/resume)
test matrix_case_300 ... ignored, matrix case; run with --release (verify-r5.sh, or nextest for parallel/retry/resume)
test matrix_case_301 ... ignored, matrix case; run with --release (verify-r5.sh, or nextest for parallel/retry/resume)
test matrix_case_302 ... ignored, matrix case; run with --release (verify-r5.sh, or nextest for parallel/retry/resume)
test matrix_case_303 ... ignored, matrix case; run with --release (verify-r5.sh, or nextest for parallel/retry/resume)
test matrix_case_304 ... ignored, matrix case; run with --release (verify-r5.sh, or nextest for parallel/retry/resume)
test matrix_case_305 ... ignored, matrix case; run with --release (verify-r5.sh, or nextest for parallel/retry/resume)
test matrix_case_306 ... ignored, matrix case; run with --release (verify-r5.sh, or nextest for parallel/retry/resume)
test matrix_case_307 ... ignored, matrix case; run with --release (verify-r5.sh, or nextest for parallel/retry/resume)
test matrix_case_308 ... ignored, matrix case; run with --release (verify-r5.sh, or nextest for parallel/retry/resume)
test matrix_case_309 ... ignored, matrix case; run with --release (verify-r5.sh, or nextest for parallel/retry/resume)
test matrix_case_310 ... ignored, matrix case; run with --release (verify-r5.sh, or nextest for parallel/retry/resume)
test matrix_case_311 ... ignored, matrix case; run with --release (verify-r5.sh, or nextest for parallel/retry/resume)
test matrix_case_312 ... ignored, matrix case; run with --release (verify-r5.sh, or nextest for parallel/retry/resume)
test matrix_case_313 ... ignored, matrix case; run with --release (verify-r5.sh, or nextest for parallel/retry/resume)
test matrix_case_314 ... ignored, matrix case; run with --release (verify-r5.sh, or nextest for parallel/retry/resume)
test matrix_case_315 ... ignored, matrix case; run with --release (verify-r5.sh, or nextest for parallel/retry/resume)
test matrix_case_316 ... ignored, matrix case; run with --release (verify-r5.sh, or nextest for parallel/retry/resume)
test matrix_case_317 ... ignored, matrix case; run with --release (verify-r5.sh, or nextest for parallel/retry/resume)
test matrix_case_318 ... ignored, matrix case; run with --release (verify-r5.sh, or nextest for parallel/retry/resume)
test matrix_case_319 ... ignored, matrix case; run with --release (verify-r5.sh, or nextest for parallel/retry/resume)
test matrix_case_320 ... ignored, matrix case; run with --release (verify-r5.sh, or nextest for parallel/retry/resume)
test matrix_case_321 ... ignored, matrix case; run with --release (verify-r5.sh, or nextest for parallel/retry/resume)
test matrix_case_322 ... ignored, matrix case; run with --release (verify-r5.sh, or nextest for parallel/retry/resume)
test matrix_case_323 ... ignored, matrix case; run with --release (verify-r5.sh, or nextest for parallel/retry/resume)
test matrix_case_324 ... ignored, matrix case; run with --release (verify-r5.sh, or nextest for parallel/retry/resume)
test matrix_case_325 ... ignored, matrix case; run with --release (verify-r5.sh, or nextest for parallel/retry/resume)
test matrix_case_326 ... ignored, matrix case; run with --release (verify-r5.sh, or nextest for parallel/retry/resume)
test matrix_case_327 ... ignored, matrix case; run with --release (verify-r5.sh, or nextest for parallel/retry/resume)
test matrix_case_328 ... ignored, matrix case; run with --release (verify-r5.sh, or nextest for parallel/retry/resume)
test matrix_case_329 ... ignored, matrix case; run with --release (verify-r5.sh, or nextest for parallel/retry/resume)
test matrix_case_330 ... ignored, matrix case; run with --release (verify-r5.sh, or nextest for parallel/retry/resume)
test matrix_case_331 ... ignored, matrix case; run with --release (verify-r5.sh, or nextest for parallel/retry/resume)
test matrix_case_332 ... ignored, matrix case; run with --release (verify-r5.sh, or nextest for parallel/retry/resume)
test matrix_case_333 ... ignored, matrix case; run with --release (verify-r5.sh, or nextest for parallel/retry/resume)
test matrix_case_334 ... ignored, matrix case; run with --release (verify-r5.sh, or nextest for parallel/retry/resume)
test matrix_case_335 ... ignored, matrix case; run with --release (verify-r5.sh, or nextest for parallel/retry/resume)
test matrix_case_336 ... ignored, matrix case; run with --release (verify-r5.sh, or nextest for parallel/retry/resume)
test matrix_case_337 ... ignored, matrix case; run with --release (verify-r5.sh, or nextest for parallel/retry/resume)
test matrix_case_338 ... ignored, matrix case; run with --release (verify-r5.sh, or nextest for parallel/retry/resume)
test matrix_case_339 ... ignored, matrix case; run with --release (verify-r5.sh, or nextest for parallel/retry/resume)
test matrix_case_340 ... ignored, matrix case; run with --release (verify-r5.sh, or nextest for parallel/retry/resume)
test matrix_case_341 ... ignored, matrix case; run with --release (verify-r5.sh, or nextest for parallel/retry/resume)
test matrix_case_342 ... ignored, matrix case; run with --release (verify-r5.sh, or nextest for parallel/retry/resume)
test matrix_case_343 ... ignored, matrix case; run with --release (verify-r5.sh, or nextest for parallel/retry/resume)
test matrix_case_344 ... ignored, matrix case; run with --release (verify-r5.sh, or nextest for parallel/retry/resume)
test matrix_case_345 ... ignored, matrix case; run with --release (verify-r5.sh, or nextest for parallel/retry/resume)
test matrix_case_346 ... ignored, matrix case; run with --release (verify-r5.sh, or nextest for parallel/retry/resume)
test matrix_case_347 ... ignored, matrix case; run with --release (verify-r5.sh, or nextest for parallel/retry/resume)
test matrix_case_348 ... ignored, matrix case; run with --release (verify-r5.sh, or nextest for parallel/retry/resume)
test matrix_case_349 ... ignored, matrix case; run with --release (verify-r5.sh, or nextest for parallel/retry/resume)
test matrix_case_350 ... ignored, matrix case; run with --release (verify-r5.sh, or nextest for parallel/retry/resume)
test matrix_case_351 ... ignored, matrix case; run with --release (verify-r5.sh, or nextest for parallel/retry/resume)
test matrix_case_352 ... ignored, matrix case; run with --release (verify-r5.sh, or nextest for parallel/retry/resume)
test matrix_case_353 ... ignored, matrix case; run with --release (verify-r5.sh, or nextest for parallel/retry/resume)
test matrix_case_354 ... ignored, matrix case; run with --release (verify-r5.sh, or nextest for parallel/retry/resume)
test matrix_case_355 ... ignored, matrix case; run with --release (verify-r5.sh, or nextest for parallel/retry/resume)
test matrix_case_356 ... ignored, matrix case; run with --release (verify-r5.sh, or nextest for parallel/retry/resume)
test matrix_case_357 ... ignored, matrix case; run with --release (verify-r5.sh, or nextest for parallel/retry/resume)
test matrix_case_358 ... ignored, matrix case; run with --release (verify-r5.sh, or nextest for parallel/retry/resume)
test matrix_case_359 ... ignored, matrix case; run with --release (verify-r5.sh, or nextest for parallel/retry/resume)
test matrix_case_360 ... ignored, matrix case; run with --release (verify-r5.sh, or nextest for parallel/retry/resume)
test matrix_case_361 ... ignored, matrix case; run with --release (verify-r5.sh, or nextest for parallel/retry/resume)
test matrix_case_362 ... ignored, matrix case; run with --release (verify-r5.sh, or nextest for parallel/retry/resume)
test matrix_case_363 ... ignored, matrix case; run with --release (verify-r5.sh, or nextest for parallel/retry/resume)
test matrix_case_364 ... ignored, matrix case; run with --release (verify-r5.sh, or nextest for parallel/retry/resume)
test matrix_case_365 ... ignored, matrix case; run with --release (verify-r5.sh, or nextest for parallel/retry/resume)
test matrix_case_366 ... ignored, matrix case; run with --release (verify-r5.sh, or nextest for parallel/retry/resume)
test matrix_case_367 ... ignored, matrix case; run with --release (verify-r5.sh, or nextest for parallel/retry/resume)
test matrix_case_368 ... ignored, matrix case; run with --release (verify-r5.sh, or nextest for parallel/retry/resume)
test matrix_case_369 ... ignored, matrix case; run with --release (verify-r5.sh, or nextest for parallel/retry/resume)
test matrix_case_370 ... ignored, matrix case; run with --release (verify-r5.sh, or nextest for parallel/retry/resume)
test matrix_case_371 ... ignored, matrix case; run with --release (verify-r5.sh, or nextest for parallel/retry/resume)
test matrix_case_372 ... ignored, matrix case; run with --release (verify-r5.sh, or nextest for parallel/retry/resume)
test matrix_case_373 ... ignored, matrix case; run with --release (verify-r5.sh, or nextest for parallel/retry/resume)
test matrix_case_374 ... ignored, matrix case; run with --release (verify-r5.sh, or nextest for parallel/retry/resume)
test matrix_case_375 ... ignored, matrix case; run with --release (verify-r5.sh, or nextest for parallel/retry/resume)
test matrix_case_376 ... ignored, matrix case; run with --release (verify-r5.sh, or nextest for parallel/retry/resume)
test matrix_case_377 ... ignored, matrix case; run with --release (verify-r5.sh, or nextest for parallel/retry/resume)
test matrix_case_378 ... ignored, matrix case; run with --release (verify-r5.sh, or nextest for parallel/retry/resume)
test matrix_case_379 ... ignored, matrix case; run with --release (verify-r5.sh, or nextest for parallel/retry/resume)
test matrix_case_380 ... ignored, matrix case; run with --release (verify-r5.sh, or nextest for parallel/retry/resume)
test matrix_case_381 ... ignored, matrix case; run with --release (verify-r5.sh, or nextest for parallel/retry/resume)
test matrix_case_382 ... ignored, matrix case; run with --release (verify-r5.sh, or nextest for parallel/retry/resume)
test matrix_case_383 ... ignored, matrix case; run with --release (verify-r5.sh, or nextest for parallel/retry/resume)
test matrix_case_384 ... ignored, matrix case; run with --release (verify-r5.sh, or nextest for parallel/retry/resume)
test matrix_case_385 ... ignored, matrix case; run with --release (verify-r5.sh, or nextest for parallel/retry/resume)
test matrix_case_386 ... ignored, matrix case; run with --release (verify-r5.sh, or nextest for parallel/retry/resume)
test matrix_case_387 ... ignored, matrix case; run with --release (verify-r5.sh, or nextest for parallel/retry/resume)
test matrix_case_388 ... ignored, matrix case; run with --release (verify-r5.sh, or nextest for parallel/retry/resume)
test matrix_case_389 ... ignored, matrix case; run with --release (verify-r5.sh, or nextest for parallel/retry/resume)
test matrix_case_390 ... ignored, matrix case; run with --release (verify-r5.sh, or nextest for parallel/retry/resume)
test matrix_case_391 ... ignored, matrix case; run with --release (verify-r5.sh, or nextest for parallel/retry/resume)
test matrix_case_392 ... ignored, matrix case; run with --release (verify-r5.sh, or nextest for parallel/retry/resume)
test matrix_case_393 ... ignored, matrix case; run with --release (verify-r5.sh, or nextest for parallel/retry/resume)
test matrix_case_394 ... ignored, matrix case; run with --release (verify-r5.sh, or nextest for parallel/retry/resume)
test matrix_case_395 ... ignored, matrix case; run with --release (verify-r5.sh, or nextest for parallel/retry/resume)
test matrix_case_396 ... ignored, matrix case; run with --release (verify-r5.sh, or nextest for parallel/retry/resume)
test matrix_case_397 ... ignored, matrix case; run with --release (verify-r5.sh, or nextest for parallel/retry/resume)
test matrix_case_398 ... ignored, matrix case; run with --release (verify-r5.sh, or nextest for parallel/retry/resume)
test matrix_case_399 ... ignored, matrix case; run with --release (verify-r5.sh, or nextest for parallel/retry/resume)
test matrix_case_400 ... ignored, matrix case; run with --release (verify-r5.sh, or nextest for parallel/retry/resume)
test matrix_case_401 ... ignored, matrix case; run with --release (verify-r5.sh, or nextest for parallel/retry/resume)
test matrix_case_402 ... ignored, matrix case; run with --release (verify-r5.sh, or nextest for parallel/retry/resume)
test matrix_case_403 ... ignored, matrix case; run with --release (verify-r5.sh, or nextest for parallel/retry/resume)
test matrix_case_404 ... ignored, matrix case; run with --release (verify-r5.sh, or nextest for parallel/retry/resume)
test matrix_case_405 ... ignored, matrix case; run with --release (verify-r5.sh, or nextest for parallel/retry/resume)
test matrix_case_406 ... ignored, matrix case; run with --release (verify-r5.sh, or nextest for parallel/retry/resume)
test matrix_case_407 ... ignored, matrix case; run with --release (verify-r5.sh, or nextest for parallel/retry/resume)
test matrix_case_408 ... ignored, matrix case; run with --release (verify-r5.sh, or nextest for parallel/retry/resume)
test matrix_case_409 ... ignored, matrix case; run with --release (verify-r5.sh, or nextest for parallel/retry/resume)
test matrix_case_410 ... ignored, matrix case; run with --release (verify-r5.sh, or nextest for parallel/retry/resume)
test matrix_case_411 ... ignored, matrix case; run with --release (verify-r5.sh, or nextest for parallel/retry/resume)
test matrix_case_412 ... ignored, matrix case; run with --release (verify-r5.sh, or nextest for parallel/retry/resume)
test matrix_case_413 ... ignored, matrix case; run with --release (verify-r5.sh, or nextest for parallel/retry/resume)
test matrix_case_414 ... ignored, matrix case; run with --release (verify-r5.sh, or nextest for parallel/retry/resume)
test matrix_case_415 ... ignored, matrix case; run with --release (verify-r5.sh, or nextest for parallel/retry/resume)
test matrix_case_416 ... ignored, matrix case; run with --release (verify-r5.sh, or nextest for parallel/retry/resume)
test matrix_case_417 ... ignored, matrix case; run with --release (verify-r5.sh, or nextest for parallel/retry/resume)
test matrix_case_418 ... ignored, matrix case; run with --release (verify-r5.sh, or nextest for parallel/retry/resume)
test matrix_case_419 ... ignored, matrix case; run with --release (verify-r5.sh, or nextest for parallel/retry/resume)
test matrix_case_420 ... ignored, matrix case; run with --release (verify-r5.sh, or nextest for parallel/retry/resume)
test matrix_case_421 ... ignored, matrix case; run with --release (verify-r5.sh, or nextest for parallel/retry/resume)
test matrix_case_422 ... ignored, matrix case; run with --release (verify-r5.sh, or nextest for parallel/retry/resume)
test matrix_case_423 ... ignored, matrix case; run with --release (verify-r5.sh, or nextest for parallel/retry/resume)
test matrix_case_424 ... ignored, matrix case; run with --release (verify-r5.sh, or nextest for parallel/retry/resume)
test matrix_case_425 ... ignored, matrix case; run with --release (verify-r5.sh, or nextest for parallel/retry/resume)
test matrix_case_426 ... ignored, matrix case; run with --release (verify-r5.sh, or nextest for parallel/retry/resume)
test matrix_case_427 ... ignored, matrix case; run with --release (verify-r5.sh, or nextest for parallel/retry/resume)
test matrix_case_428 ... ignored, matrix case; run with --release (verify-r5.sh, or nextest for parallel/retry/resume)
test matrix_case_429 ... ignored, matrix case; run with --release (verify-r5.sh, or nextest for parallel/retry/resume)
test matrix_case_430 ... ignored, matrix case; run with --release (verify-r5.sh, or nextest for parallel/retry/resume)
test matrix_case_431 ... ignored, matrix case; run with --release (verify-r5.sh, or nextest for parallel/retry/resume)
test matrix_case_432 ... ignored, matrix case; run with --release (verify-r5.sh, or nextest for parallel/retry/resume)
test matrix_case_433 ... ignored, matrix case; run with --release (verify-r5.sh, or nextest for parallel/retry/resume)
test matrix_case_434 ... ignored, matrix case; run with --release (verify-r5.sh, or nextest for parallel/retry/resume)
test matrix_case_435 ... ignored, matrix case; run with --release (verify-r5.sh, or nextest for parallel/retry/resume)
test matrix_case_436 ... ignored, matrix case; run with --release (verify-r5.sh, or nextest for parallel/retry/resume)
test matrix_case_437 ... ignored, matrix case; run with --release (verify-r5.sh, or nextest for parallel/retry/resume)
test matrix_case_438 ... ignored, matrix case; run with --release (verify-r5.sh, or nextest for parallel/retry/resume)
test matrix_case_439 ... ignored, matrix case; run with --release (verify-r5.sh, or nextest for parallel/retry/resume)
test matrix_case_440 ... ignored, matrix case; run with --release (verify-r5.sh, or nextest for parallel/retry/resume)
test matrix_case_441 ... ignored, matrix case; run with --release (verify-r5.sh, or nextest for parallel/retry/resume)
test matrix_case_442 ... ignored, matrix case; run with --release (verify-r5.sh, or nextest for parallel/retry/resume)
test matrix_case_443 ... ignored, matrix case; run with --release (verify-r5.sh, or nextest for parallel/retry/resume)
test matrix_case_444 ... ignored, matrix case; run with --release (verify-r5.sh, or nextest for parallel/retry/resume)
test matrix_case_445 ... ignored, matrix case; run with --release (verify-r5.sh, or nextest for parallel/retry/resume)
test matrix_case_446 ... ignored, matrix case; run with --release (verify-r5.sh, or nextest for parallel/retry/resume)
test matrix_case_447 ... ignored, matrix case; run with --release (verify-r5.sh, or nextest for parallel/retry/resume)
test matrix_case_448 ... ignored, matrix case; run with --release (verify-r5.sh, or nextest for parallel/retry/resume)
test matrix_case_449 ... ignored, matrix case; run with --release (verify-r5.sh, or nextest for parallel/retry/resume)
test matrix_case_450 ... ignored, matrix case; run with --release (verify-r5.sh, or nextest for parallel/retry/resume)
test matrix_case_451 ... ignored, matrix case; run with --release (verify-r5.sh, or nextest for parallel/retry/resume)
test matrix_case_452 ... ignored, matrix case; run with --release (verify-r5.sh, or nextest for parallel/retry/resume)
test matrix_case_453 ... ignored, matrix case; run with --release (verify-r5.sh, or nextest for parallel/retry/resume)
test matrix_case_454 ... ignored, matrix case; run with --release (verify-r5.sh, or nextest for parallel/retry/resume)
test matrix_case_455 ... ignored, matrix case; run with --release (verify-r5.sh, or nextest for parallel/retry/resume)
test matrix_case_456 ... ignored, matrix case; run with --release (verify-r5.sh, or nextest for parallel/retry/resume)
test matrix_case_457 ... ignored, matrix case; run with --release (verify-r5.sh, or nextest for parallel/retry/resume)
test matrix_case_458 ... ignored, matrix case; run with --release (verify-r5.sh, or nextest for parallel/retry/resume)
test matrix_case_459 ... ignored, matrix case; run with --release (verify-r5.sh, or nextest for parallel/retry/resume)
test matrix_case_460 ... ignored, matrix case; run with --release (verify-r5.sh, or nextest for parallel/retry/resume)
test matrix_case_461 ... ignored, matrix case; run with --release (verify-r5.sh, or nextest for parallel/retry/resume)
test matrix_case_462 ... ignored, matrix case; run with --release (verify-r5.sh, or nextest for parallel/retry/resume)
test matrix_case_463 ... ignored, matrix case; run with --release (verify-r5.sh, or nextest for parallel/retry/resume)
test matrix_case_464 ... ignored, matrix case; run with --release (verify-r5.sh, or nextest for parallel/retry/resume)
test matrix_case_465 ... ignored, matrix case; run with --release (verify-r5.sh, or nextest for parallel/retry/resume)
test matrix_case_466 ... ignored, matrix case; run with --release (verify-r5.sh, or nextest for parallel/retry/resume)
test matrix_case_467 ... ignored, matrix case; run with --release (verify-r5.sh, or nextest for parallel/retry/resume)
test matrix_case_468 ... ignored, matrix case; run with --release (verify-r5.sh, or nextest for parallel/retry/resume)
test matrix_case_469 ... ignored, matrix case; run with --release (verify-r5.sh, or nextest for parallel/retry/resume)
test matrix_case_470 ... ignored, matrix case; run with --release (verify-r5.sh, or nextest for parallel/retry/resume)
test matrix_case_471 ... ignored, matrix case; run with --release (verify-r5.sh, or nextest for parallel/retry/resume)
test matrix_case_472 ... ignored, matrix case; run with --release (verify-r5.sh, or nextest for parallel/retry/resume)
test matrix_case_473 ... ignored, matrix case; run with --release (verify-r5.sh, or nextest for parallel/retry/resume)
test matrix_case_474 ... ignored, matrix case; run with --release (verify-r5.sh, or nextest for parallel/retry/resume)
test matrix_case_475 ... ignored, matrix case; run with --release (verify-r5.sh, or nextest for parallel/retry/resume)
test matrix_case_476 ... ignored, matrix case; run with --release (verify-r5.sh, or nextest for parallel/retry/resume)
test matrix_case_477 ... ignored, matrix case; run with --release (verify-r5.sh, or nextest for parallel/retry/resume)
test matrix_case_478 ... ignored, matrix case; run with --release (verify-r5.sh, or nextest for parallel/retry/resume)
test matrix_case_479 ... ignored, matrix case; run with --release (verify-r5.sh, or nextest for parallel/retry/resume)
test matrix_case_480 ... ignored, matrix case; run with --release (verify-r5.sh, or nextest for parallel/retry/resume)
test matrix_case_481 ... ignored, matrix case; run with --release (verify-r5.sh, or nextest for parallel/retry/resume)
test matrix_case_482 ... ignored, matrix case; run with --release (verify-r5.sh, or nextest for parallel/retry/resume)
test matrix_case_483 ... ignored, matrix case; run with --release (verify-r5.sh, or nextest for parallel/retry/resume)
test matrix_case_484 ... ignored, matrix case; run with --release (verify-r5.sh, or nextest for parallel/retry/resume)
test matrix_case_485 ... ignored, matrix case; run with --release (verify-r5.sh, or nextest for parallel/retry/resume)
test matrix_case_486 ... ignored, matrix case; run with --release (verify-r5.sh, or nextest for parallel/retry/resume)
test matrix_case_487 ... ignored, matrix case; run with --release (verify-r5.sh, or nextest for parallel/retry/resume)
test matrix_case_488 ... ignored, matrix case; run with --release (verify-r5.sh, or nextest for parallel/retry/resume)
test matrix_case_489 ... ignored, matrix case; run with --release (verify-r5.sh, or nextest for parallel/retry/resume)
test matrix_case_490 ... ignored, matrix case; run with --release (verify-r5.sh, or nextest for parallel/retry/resume)
test matrix_case_491 ... ignored, matrix case; run with --release (verify-r5.sh, or nextest for parallel/retry/resume)
test matrix_case_492 ... ignored, matrix case; run with --release (verify-r5.sh, or nextest for parallel/retry/resume)
test matrix_case_493 ... ignored, matrix case; run with --release (verify-r5.sh, or nextest for parallel/retry/resume)
test matrix_case_494 ... ignored, matrix case; run with --release (verify-r5.sh, or nextest for parallel/retry/resume)
test matrix_case_495 ... ignored, matrix case; run with --release (verify-r5.sh, or nextest for parallel/retry/resume)
test matrix_case_496 ... ignored, matrix case; run with --release (verify-r5.sh, or nextest for parallel/retry/resume)
test matrix_case_497 ... ignored, matrix case; run with --release (verify-r5.sh, or nextest for parallel/retry/resume)
test matrix_case_498 ... ignored, matrix case; run with --release (verify-r5.sh, or nextest for parallel/retry/resume)
test matrix_case_499 ... ignored, matrix case; run with --release (verify-r5.sh, or nextest for parallel/retry/resume)
test matrix_case_500 ... ignored, matrix case; run with --release (verify-r5.sh, or nextest for parallel/retry/resume)
test matrix_case_501 ... ignored, matrix case; run with --release (verify-r5.sh, or nextest for parallel/retry/resume)
test matrix_case_502 ... ignored, matrix case; run with --release (verify-r5.sh, or nextest for parallel/retry/resume)
test matrix_case_503 ... ignored, matrix case; run with --release (verify-r5.sh, or nextest for parallel/retry/resume)
test matrix_case_504 ... ignored, matrix case; run with --release (verify-r5.sh, or nextest for parallel/retry/resume)
test matrix_case_505 ... ignored, matrix case; run with --release (verify-r5.sh, or nextest for parallel/retry/resume)
test matrix_case_506 ... ignored, matrix case; run with --release (verify-r5.sh, or nextest for parallel/retry/resume)
test matrix_case_507 ... ignored, matrix case; run with --release (verify-r5.sh, or nextest for parallel/retry/resume)
test matrix_case_508 ... ignored, matrix case; run with --release (verify-r5.sh, or nextest for parallel/retry/resume)
test matrix_case_509 ... ignored, matrix case; run with --release (verify-r5.sh, or nextest for parallel/retry/resume)
test matrix_case_510 ... ignored, matrix case; run with --release (verify-r5.sh, or nextest for parallel/retry/resume)
test matrix_case_511 ... ignored, matrix case; run with --release (verify-r5.sh, or nextest for parallel/retry/resume)
test matrix_case_512 ... ignored, matrix case; run with --release (verify-r5.sh, or nextest for parallel/retry/resume)
test matrix_case_513 ... ignored, matrix case; run with --release (verify-r5.sh, or nextest for parallel/retry/resume)
test matrix_case_514 ... ignored, matrix case; run with --release (verify-r5.sh, or nextest for parallel/retry/resume)
test matrix_case_515 ... ignored, matrix case; run with --release (verify-r5.sh, or nextest for parallel/retry/resume)
test matrix_case_516 ... ignored, matrix case; run with --release (verify-r5.sh, or nextest for parallel/retry/resume)
test matrix_case_517 ... ignored, matrix case; run with --release (verify-r5.sh, or nextest for parallel/retry/resume)
test matrix_case_518 ... ignored, matrix case; run with --release (verify-r5.sh, or nextest for parallel/retry/resume)
test matrix_case_519 ... ignored, matrix case; run with --release (verify-r5.sh, or nextest for parallel/retry/resume)
test matrix_case_520 ... ignored, matrix case; run with --release (verify-r5.sh, or nextest for parallel/retry/resume)
test matrix_case_521 ... ignored, matrix case; run with --release (verify-r5.sh, or nextest for parallel/retry/resume)
test matrix_case_522 ... ignored, matrix case; run with --release (verify-r5.sh, or nextest for parallel/retry/resume)
test matrix_case_523 ... ignored, matrix case; run with --release (verify-r5.sh, or nextest for parallel/retry/resume)
test matrix_case_524 ... ignored, matrix case; run with --release (verify-r5.sh, or nextest for parallel/retry/resume)
test matrix_case_525 ... ignored, matrix case; run with --release (verify-r5.sh, or nextest for parallel/retry/resume)
test matrix_case_526 ... ignored, matrix case; run with --release (verify-r5.sh, or nextest for parallel/retry/resume)
test matrix_case_527 ... ignored, matrix case; run with --release (verify-r5.sh, or nextest for parallel/retry/resume)
test matrix_case_528 ... ignored, matrix case; run with --release (verify-r5.sh, or nextest for parallel/retry/resume)
test matrix_case_529 ... ignored, matrix case; run with --release (verify-r5.sh, or nextest for parallel/retry/resume)
test matrix_case_530 ... ignored, matrix case; run with --release (verify-r5.sh, or nextest for parallel/retry/resume)
test matrix_case_531 ... ignored, matrix case; run with --release (verify-r5.sh, or nextest for parallel/retry/resume)
test matrix_case_532 ... ignored, matrix case; run with --release (verify-r5.sh, or nextest for parallel/retry/resume)
test matrix_case_533 ... ignored, matrix case; run with --release (verify-r5.sh, or nextest for parallel/retry/resume)
test matrix_case_534 ... ignored, matrix case; run with --release (verify-r5.sh, or nextest for parallel/retry/resume)
test matrix_case_535 ... ignored, matrix case; run with --release (verify-r5.sh, or nextest for parallel/retry/resume)
test matrix_case_536 ... ignored, matrix case; run with --release (verify-r5.sh, or nextest for parallel/retry/resume)
test matrix_case_537 ... ignored, matrix case; run with --release (verify-r5.sh, or nextest for parallel/retry/resume)
test matrix_case_538 ... ignored, matrix case; run with --release (verify-r5.sh, or nextest for parallel/retry/resume)
test matrix_case_539 ... ignored, matrix case; run with --release (verify-r5.sh, or nextest for parallel/retry/resume)
test matrix_case_540 ... ignored, matrix case; run with --release (verify-r5.sh, or nextest for parallel/retry/resume)
test matrix_case_541 ... ignored, matrix case; run with --release (verify-r5.sh, or nextest for parallel/retry/resume)
test matrix_case_542 ... ignored, matrix case; run with --release (verify-r5.sh, or nextest for parallel/retry/resume)
test matrix_case_543 ... ignored, matrix case; run with --release (verify-r5.sh, or nextest for parallel/retry/resume)
test matrix_case_544 ... ignored, matrix case; run with --release (verify-r5.sh, or nextest for parallel/retry/resume)
test matrix_case_545 ... ignored, matrix case; run with --release (verify-r5.sh, or nextest for parallel/retry/resume)
test matrix_case_546 ... ignored, matrix case; run with --release (verify-r5.sh, or nextest for parallel/retry/resume)
test matrix_case_547 ... ignored, matrix case; run with --release (verify-r5.sh, or nextest for parallel/retry/resume)
test r5_case_inventory_frozen_counts ... ignored, frozen inventory counts; verify-r5.sh runs it with --release

test result: ok. 0 passed; 0 failed; 549 ignored; 0 measured; 0 filtered out; finished in 0.00s

     Running tests/reference_environment.rs (target/debug/deps/reference_environment-0927d29369800b5a)

running 5 tests
test fence_closer_removal_refreshes_a_reused_payload ... ok
test fence_closer_restoration_refreshes_a_reused_payload ... ok
test reference_definition_removal_refreshes_a_reused_payload ... ok
test reference_definition_restore_refreshes_a_reused_payload ... ok
test safe_local_edits_still_reuse_fragments ... ok

test result: ok. 5 passed; 0 failed; 0 ignored; 0 measured; 0 filtered out; finished in 0.00s

     Running unittests src/lib.rs (target/debug/deps/markit_mdbench_oracle-07586a8a9a278552)

running 22 tests
test divergence::tests::equal_documents_have_no_divergence ... ok
test divergence::tests::descends_the_common_prefix_before_reporting_shape ... ok
test divergence::tests::reports_first_divergence_in_document_order ... ok
test divergence::tests::reports_missing_node_at_the_first_absent_child ... ok
test fixture::tests::load_gate_rejects_the_corrected_codespan_field ... ok
test divergence::tests::span_difference_is_reported_before_children ... ok
test normalized::tests::checksum_ignores_nothing_semantic ... ok
test normalized::tests::path_at_end_exclusive_and_eof ... ok
test fixture::tests::parses_documentation_example ... ok
test normalized::tests::path_at_walks_to_deepest_container ... ok
test normalized::tests::checksum_is_deterministic_and_content_sensitive ... ok
test tests::export_checksum_matches_the_normalized_derivation ... ok
test tests::reference_oracle_compares_structure_not_checksum ... ok
test validate::tests::boundary_checks_need_the_source ... ok
test validate::tests::content_interval_must_sit_inside_the_node ... ok
test validate::tests::empty_content_interval_is_legal ... ok
test tests::scalar_hook_reports_pass_and_wrong_result ... ok
test validate::tests::forbidden_fields_are_rejected ... ok
test validate::tests::legal_shapes_pass ... ok
test validate::tests::missing_required_fields_are_rejected ... ok
test validate::tests::zero_length_nodes_are_rejected ... ok
test fixture::tests::loads_all_frozen_fixtures ... ok

test result: ok. 22 passed; 0 failed; 0 ignored; 0 measured; 0 filtered out; finished in 0.02s

     Running unittests src/lib.rs (target/debug/deps/markit_mdbench_profile_select-a8b4d2d97be3e7f9)

running 0 tests

test result: ok. 0 passed; 0 failed; 0 ignored; 0 measured; 0 filtered out; finished in 0.00s

     Running unittests src/bin/mdbench-corrective-b.rs (target/debug/deps/mdbench_corrective_b-aad8a256182ab303)

running 0 tests

test result: ok. 0 passed; 0 failed; 0 ignored; 0 measured; 0 filtered out; finished in 0.00s

     Running tests/selection.rs (target/debug/deps/selection-4ea42bfbf852a400)

running 18 tests
test bins_split_zero_and_tertiles_deterministically ... ok
test collapsed_quantiles_do_not_jitter ... ok
test percentile_rank_is_tie_stable ... ok
test spot_check_span_evidence_rejects_corrupt_spans ... ok
test candidate_universe_loader_rejects_undeclared_and_missing_sources ... ok
test no_horse_or_performance_dependency_is_reachable ... ok
test profile_source_hash_binds_to_identity ... ok
test full_document_rank_uses_math_candidate_occurrences_not_occupancy ... ok
test syntax_inventory_grades_mirror_frozen_construct_scopes ... ok
test syntax_cells_carry_evidence_grades_not_mixed_counts ... ok
test exact_duplicates_form_one_group_with_lexical_canonical ... ok
test representative_tie_break_is_lexical_and_deterministic ... ok
test domain_cap_relaxation_is_mechanical_and_logged ... ok
test representative_selection_respects_project_cap_and_covers_cells ... ok
test near_duplicate_signature_is_deterministic_and_inspectable ... ok
test selection_is_stable_across_repeated_runs ... ok
test cross_set_membership_is_physically_deduplicated ... ok
test extremal_maximum_and_tail_replicate_rules ... ok

test result: ok. 18 passed; 0 failed; 0 ignored; 0 measured; 0 filtered out; finished in 0.08s

     Running unittests src/lib.rs (target/debug/deps/markit_mdbench_restart_convergence-b4431ca861b1b1d2)

running 0 tests

test result: ok. 0 passed; 0 failed; 0 ignored; 0 measured; 0 filtered out; finished in 0.00s

     Running tests/adversarial_r5.rs (target/debug/deps/adversarial_r5-ca5086b1e1080193)

running 1 test
test adversarial_small_model_differential_504_sequences ... ok

test result: ok. 1 passed; 0 failed; 0 ignored; 0 measured; 0 filtered out; finished in 0.62s

     Running tests/attribution_exact_fixtures.rs (target/debug/deps/attribution_exact_fixtures-2cc671681021ddc7)

running 3 tests
test h4_discarded_forward_pass_then_restart_at_zero ... ok
test h4_length_growing_old_post_inspections ... ok
test h4_prefix_fresh_region_reused_suffix ... ok

test result: ok. 3 passed; 0 failed; 0 ignored; 0 measured; 0 filtered out; finished in 0.00s

     Running tests/h4_gate.rs (target/debug/deps/h4_gate-40ea141dd8db017f)

running 17 tests
test h4_converged_suffix_shares_retained_syntax_identity ... ok
test h4_identity_w2_persistent_context_damage_zero_reuse ... ok
test h4_identity_w1_restart_convergence_and_subfull_inspection ... ok
test h4_counters_and_eager_completion ... ok
test h4_identity_w3_definition_change_restarts_at_zero ... ok
test h4_prepare_margins_report_source_inspection ... ok
test h4_convergence_pass_predicate_witnesses ... ok
test h4_grammar_pass_all_43_fixtures ... ok
test h4_determinism_same_inputs_same_witnesses ... ok
test h4_chained_edits_stay_equal_to_clean_parses ... ok
test h4_query_batch_matches_the_frozen_contract ... ok
test h4_update_matches_clean_parse_multibyte_sensitive_ops ... ok
test h4_update_matches_clean_parse_structural_recipes_64k ... ok
test h4_update_matches_clean_parse_generic_grid_64k ... ok
test h4_update_matches_clean_parse_structural_recipes_1m ... ok
test h4_update_matches_clean_parse_every_shape_insert_tiny_all_anchors ... ok
test h4_update_matches_clean_parse_scaling_slice has been running for over 60 seconds
test h4_update_matches_clean_parse_scaling_slice ... ok

test result: ok. 17 passed; 0 failed; 0 ignored; 0 measured; 0 filtered out; finished in 77.59s

     Running tests/matrix_r5.rs (target/debug/deps/matrix_r5-d831368ef7e8737c)

running 549 tests
test matrix_case_000 ... ignored, matrix case; run with --release (verify-r5.sh, or nextest for parallel/retry/resume)
test matrix_case_001 ... ignored, matrix case; run with --release (verify-r5.sh, or nextest for parallel/retry/resume)
test matrix_case_002 ... ignored, matrix case; run with --release (verify-r5.sh, or nextest for parallel/retry/resume)
test matrix_case_003 ... ignored, matrix case; run with --release (verify-r5.sh, or nextest for parallel/retry/resume)
test matrix_case_004 ... ignored, matrix case; run with --release (verify-r5.sh, or nextest for parallel/retry/resume)
test matrix_case_005 ... ignored, matrix case; run with --release (verify-r5.sh, or nextest for parallel/retry/resume)
test matrix_case_006 ... ignored, matrix case; run with --release (verify-r5.sh, or nextest for parallel/retry/resume)
test matrix_case_007 ... ignored, matrix case; run with --release (verify-r5.sh, or nextest for parallel/retry/resume)
test matrix_case_008 ... ignored, matrix case; run with --release (verify-r5.sh, or nextest for parallel/retry/resume)
test matrix_case_009 ... ignored, matrix case; run with --release (verify-r5.sh, or nextest for parallel/retry/resume)
test matrix_case_010 ... ignored, matrix case; run with --release (verify-r5.sh, or nextest for parallel/retry/resume)
test matrix_case_011 ... ignored, matrix case; run with --release (verify-r5.sh, or nextest for parallel/retry/resume)
test matrix_case_012 ... ignored, matrix case; run with --release (verify-r5.sh, or nextest for parallel/retry/resume)
test matrix_case_013 ... ignored, matrix case; run with --release (verify-r5.sh, or nextest for parallel/retry/resume)
test matrix_case_014 ... ignored, matrix case; run with --release (verify-r5.sh, or nextest for parallel/retry/resume)
test matrix_case_015 ... ignored, matrix case; run with --release (verify-r5.sh, or nextest for parallel/retry/resume)
test matrix_case_016 ... ignored, matrix case; run with --release (verify-r5.sh, or nextest for parallel/retry/resume)
test matrix_case_017 ... ignored, matrix case; run with --release (verify-r5.sh, or nextest for parallel/retry/resume)
test matrix_case_018 ... ignored, matrix case; run with --release (verify-r5.sh, or nextest for parallel/retry/resume)
test matrix_case_019 ... ignored, matrix case; run with --release (verify-r5.sh, or nextest for parallel/retry/resume)
test matrix_case_020 ... ignored, matrix case; run with --release (verify-r5.sh, or nextest for parallel/retry/resume)
test matrix_case_021 ... ignored, matrix case; run with --release (verify-r5.sh, or nextest for parallel/retry/resume)
test matrix_case_022 ... ignored, matrix case; run with --release (verify-r5.sh, or nextest for parallel/retry/resume)
test matrix_case_023 ... ignored, matrix case; run with --release (verify-r5.sh, or nextest for parallel/retry/resume)
test matrix_case_024 ... ignored, matrix case; run with --release (verify-r5.sh, or nextest for parallel/retry/resume)
test matrix_case_025 ... ignored, matrix case; run with --release (verify-r5.sh, or nextest for parallel/retry/resume)
test matrix_case_026 ... ignored, matrix case; run with --release (verify-r5.sh, or nextest for parallel/retry/resume)
test matrix_case_027 ... ignored, matrix case; run with --release (verify-r5.sh, or nextest for parallel/retry/resume)
test matrix_case_028 ... ignored, matrix case; run with --release (verify-r5.sh, or nextest for parallel/retry/resume)
test matrix_case_029 ... ignored, matrix case; run with --release (verify-r5.sh, or nextest for parallel/retry/resume)
test matrix_case_030 ... ignored, matrix case; run with --release (verify-r5.sh, or nextest for parallel/retry/resume)
test matrix_case_031 ... ignored, matrix case; run with --release (verify-r5.sh, or nextest for parallel/retry/resume)
test matrix_case_032 ... ignored, matrix case; run with --release (verify-r5.sh, or nextest for parallel/retry/resume)
test matrix_case_033 ... ignored, matrix case; run with --release (verify-r5.sh, or nextest for parallel/retry/resume)
test matrix_case_034 ... ignored, matrix case; run with --release (verify-r5.sh, or nextest for parallel/retry/resume)
test matrix_case_035 ... ignored, matrix case; run with --release (verify-r5.sh, or nextest for parallel/retry/resume)
test matrix_case_036 ... ignored, matrix case; run with --release (verify-r5.sh, or nextest for parallel/retry/resume)
test matrix_case_037 ... ignored, matrix case; run with --release (verify-r5.sh, or nextest for parallel/retry/resume)
test matrix_case_038 ... ignored, matrix case; run with --release (verify-r5.sh, or nextest for parallel/retry/resume)
test matrix_case_039 ... ignored, matrix case; run with --release (verify-r5.sh, or nextest for parallel/retry/resume)
test matrix_case_040 ... ignored, matrix case; run with --release (verify-r5.sh, or nextest for parallel/retry/resume)
test matrix_case_041 ... ignored, matrix case; run with --release (verify-r5.sh, or nextest for parallel/retry/resume)
test matrix_case_042 ... ignored, matrix case; run with --release (verify-r5.sh, or nextest for parallel/retry/resume)
test matrix_case_043 ... ignored, matrix case; run with --release (verify-r5.sh, or nextest for parallel/retry/resume)
test matrix_case_044 ... ignored, matrix case; run with --release (verify-r5.sh, or nextest for parallel/retry/resume)
test matrix_case_045 ... ignored, matrix case; run with --release (verify-r5.sh, or nextest for parallel/retry/resume)
test matrix_case_046 ... ignored, matrix case; run with --release (verify-r5.sh, or nextest for parallel/retry/resume)
test matrix_case_047 ... ignored, matrix case; run with --release (verify-r5.sh, or nextest for parallel/retry/resume)
test matrix_case_048 ... ignored, matrix case; run with --release (verify-r5.sh, or nextest for parallel/retry/resume)
test matrix_case_049 ... ignored, matrix case; run with --release (verify-r5.sh, or nextest for parallel/retry/resume)
test matrix_case_050 ... ignored, matrix case; run with --release (verify-r5.sh, or nextest for parallel/retry/resume)
test matrix_case_051 ... ignored, matrix case; run with --release (verify-r5.sh, or nextest for parallel/retry/resume)
test matrix_case_052 ... ignored, matrix case; run with --release (verify-r5.sh, or nextest for parallel/retry/resume)
test matrix_case_053 ... ignored, matrix case; run with --release (verify-r5.sh, or nextest for parallel/retry/resume)
test matrix_case_054 ... ignored, matrix case; run with --release (verify-r5.sh, or nextest for parallel/retry/resume)
test matrix_case_055 ... ignored, matrix case; run with --release (verify-r5.sh, or nextest for parallel/retry/resume)
test matrix_case_056 ... ignored, matrix case; run with --release (verify-r5.sh, or nextest for parallel/retry/resume)
test matrix_case_057 ... ignored, matrix case; run with --release (verify-r5.sh, or nextest for parallel/retry/resume)
test matrix_case_058 ... ignored, matrix case; run with --release (verify-r5.sh, or nextest for parallel/retry/resume)
test matrix_case_059 ... ignored, matrix case; run with --release (verify-r5.sh, or nextest for parallel/retry/resume)
test matrix_case_060 ... ignored, matrix case; run with --release (verify-r5.sh, or nextest for parallel/retry/resume)
test matrix_case_061 ... ignored, matrix case; run with --release (verify-r5.sh, or nextest for parallel/retry/resume)
test matrix_case_062 ... ignored, matrix case; run with --release (verify-r5.sh, or nextest for parallel/retry/resume)
test matrix_case_063 ... ignored, matrix case; run with --release (verify-r5.sh, or nextest for parallel/retry/resume)
test matrix_case_064 ... ignored, matrix case; run with --release (verify-r5.sh, or nextest for parallel/retry/resume)
test matrix_case_065 ... ignored, matrix case; run with --release (verify-r5.sh, or nextest for parallel/retry/resume)
test matrix_case_066 ... ignored, matrix case; run with --release (verify-r5.sh, or nextest for parallel/retry/resume)
test matrix_case_067 ... ignored, matrix case; run with --release (verify-r5.sh, or nextest for parallel/retry/resume)
test matrix_case_068 ... ignored, matrix case; run with --release (verify-r5.sh, or nextest for parallel/retry/resume)
test matrix_case_069 ... ignored, matrix case; run with --release (verify-r5.sh, or nextest for parallel/retry/resume)
test matrix_case_070 ... ignored, matrix case; run with --release (verify-r5.sh, or nextest for parallel/retry/resume)
test matrix_case_071 ... ignored, matrix case; run with --release (verify-r5.sh, or nextest for parallel/retry/resume)
test matrix_case_072 ... ignored, matrix case; run with --release (verify-r5.sh, or nextest for parallel/retry/resume)
test matrix_case_073 ... ignored, matrix case; run with --release (verify-r5.sh, or nextest for parallel/retry/resume)
test matrix_case_074 ... ignored, matrix case; run with --release (verify-r5.sh, or nextest for parallel/retry/resume)
test matrix_case_075 ... ignored, matrix case; run with --release (verify-r5.sh, or nextest for parallel/retry/resume)
test matrix_case_076 ... ignored, matrix case; run with --release (verify-r5.sh, or nextest for parallel/retry/resume)
test matrix_case_077 ... ignored, matrix case; run with --release (verify-r5.sh, or nextest for parallel/retry/resume)
test matrix_case_078 ... ignored, matrix case; run with --release (verify-r5.sh, or nextest for parallel/retry/resume)
test matrix_case_079 ... ignored, matrix case; run with --release (verify-r5.sh, or nextest for parallel/retry/resume)
test matrix_case_080 ... ignored, matrix case; run with --release (verify-r5.sh, or nextest for parallel/retry/resume)
test matrix_case_081 ... ignored, matrix case; run with --release (verify-r5.sh, or nextest for parallel/retry/resume)
test matrix_case_082 ... ignored, matrix case; run with --release (verify-r5.sh, or nextest for parallel/retry/resume)
test matrix_case_083 ... ignored, matrix case; run with --release (verify-r5.sh, or nextest for parallel/retry/resume)
test matrix_case_084 ... ignored, matrix case; run with --release (verify-r5.sh, or nextest for parallel/retry/resume)
test matrix_case_085 ... ignored, matrix case; run with --release (verify-r5.sh, or nextest for parallel/retry/resume)
test matrix_case_086 ... ignored, matrix case; run with --release (verify-r5.sh, or nextest for parallel/retry/resume)
test matrix_case_087 ... ignored, matrix case; run with --release (verify-r5.sh, or nextest for parallel/retry/resume)
test matrix_case_088 ... ignored, matrix case; run with --release (verify-r5.sh, or nextest for parallel/retry/resume)
test matrix_case_089 ... ignored, matrix case; run with --release (verify-r5.sh, or nextest for parallel/retry/resume)
test matrix_case_090 ... ignored, matrix case; run with --release (verify-r5.sh, or nextest for parallel/retry/resume)
test matrix_case_091 ... ignored, matrix case; run with --release (verify-r5.sh, or nextest for parallel/retry/resume)
test matrix_case_092 ... ignored, matrix case; run with --release (verify-r5.sh, or nextest for parallel/retry/resume)
test matrix_case_093 ... ignored, matrix case; run with --release (verify-r5.sh, or nextest for parallel/retry/resume)
test matrix_case_094 ... ignored, matrix case; run with --release (verify-r5.sh, or nextest for parallel/retry/resume)
test matrix_case_095 ... ignored, matrix case; run with --release (verify-r5.sh, or nextest for parallel/retry/resume)
test matrix_case_096 ... ignored, matrix case; run with --release (verify-r5.sh, or nextest for parallel/retry/resume)
test matrix_case_097 ... ignored, matrix case; run with --release (verify-r5.sh, or nextest for parallel/retry/resume)
test matrix_case_098 ... ignored, matrix case; run with --release (verify-r5.sh, or nextest for parallel/retry/resume)
test matrix_case_099 ... ignored, matrix case; run with --release (verify-r5.sh, or nextest for parallel/retry/resume)
test matrix_case_100 ... ignored, matrix case; run with --release (verify-r5.sh, or nextest for parallel/retry/resume)
test matrix_case_101 ... ignored, matrix case; run with --release (verify-r5.sh, or nextest for parallel/retry/resume)
test matrix_case_102 ... ignored, matrix case; run with --release (verify-r5.sh, or nextest for parallel/retry/resume)
test matrix_case_103 ... ignored, matrix case; run with --release (verify-r5.sh, or nextest for parallel/retry/resume)
test matrix_case_104 ... ignored, matrix case; run with --release (verify-r5.sh, or nextest for parallel/retry/resume)
test matrix_case_105 ... ignored, matrix case; run with --release (verify-r5.sh, or nextest for parallel/retry/resume)
test matrix_case_106 ... ignored, matrix case; run with --release (verify-r5.sh, or nextest for parallel/retry/resume)
test matrix_case_107 ... ignored, matrix case; run with --release (verify-r5.sh, or nextest for parallel/retry/resume)
test matrix_case_108 ... ignored, matrix case; run with --release (verify-r5.sh, or nextest for parallel/retry/resume)
test matrix_case_109 ... ignored, matrix case; run with --release (verify-r5.sh, or nextest for parallel/retry/resume)
test matrix_case_110 ... ignored, matrix case; run with --release (verify-r5.sh, or nextest for parallel/retry/resume)
test matrix_case_111 ... ignored, matrix case; run with --release (verify-r5.sh, or nextest for parallel/retry/resume)
test matrix_case_112 ... ignored, matrix case; run with --release (verify-r5.sh, or nextest for parallel/retry/resume)
test matrix_case_113 ... ignored, matrix case; run with --release (verify-r5.sh, or nextest for parallel/retry/resume)
test matrix_case_114 ... ignored, matrix case; run with --release (verify-r5.sh, or nextest for parallel/retry/resume)
test matrix_case_115 ... ignored, matrix case; run with --release (verify-r5.sh, or nextest for parallel/retry/resume)
test matrix_case_116 ... ignored, matrix case; run with --release (verify-r5.sh, or nextest for parallel/retry/resume)
test matrix_case_117 ... ignored, matrix case; run with --release (verify-r5.sh, or nextest for parallel/retry/resume)
test matrix_case_118 ... ignored, matrix case; run with --release (verify-r5.sh, or nextest for parallel/retry/resume)
test matrix_case_119 ... ignored, matrix case; run with --release (verify-r5.sh, or nextest for parallel/retry/resume)
test matrix_case_120 ... ignored, matrix case; run with --release (verify-r5.sh, or nextest for parallel/retry/resume)
test matrix_case_121 ... ignored, matrix case; run with --release (verify-r5.sh, or nextest for parallel/retry/resume)
test matrix_case_122 ... ignored, matrix case; run with --release (verify-r5.sh, or nextest for parallel/retry/resume)
test matrix_case_123 ... ignored, matrix case; run with --release (verify-r5.sh, or nextest for parallel/retry/resume)
test matrix_case_124 ... ignored, matrix case; run with --release (verify-r5.sh, or nextest for parallel/retry/resume)
test matrix_case_125 ... ignored, matrix case; run with --release (verify-r5.sh, or nextest for parallel/retry/resume)
test matrix_case_126 ... ignored, matrix case; run with --release (verify-r5.sh, or nextest for parallel/retry/resume)
test matrix_case_127 ... ignored, matrix case; run with --release (verify-r5.sh, or nextest for parallel/retry/resume)
test matrix_case_128 ... ignored, matrix case; run with --release (verify-r5.sh, or nextest for parallel/retry/resume)
test matrix_case_129 ... ignored, matrix case; run with --release (verify-r5.sh, or nextest for parallel/retry/resume)
test matrix_case_130 ... ignored, matrix case; run with --release (verify-r5.sh, or nextest for parallel/retry/resume)
test matrix_case_131 ... ignored, matrix case; run with --release (verify-r5.sh, or nextest for parallel/retry/resume)
test matrix_case_132 ... ignored, matrix case; run with --release (verify-r5.sh, or nextest for parallel/retry/resume)
test matrix_case_133 ... ignored, matrix case; run with --release (verify-r5.sh, or nextest for parallel/retry/resume)
test matrix_case_134 ... ignored, matrix case; run with --release (verify-r5.sh, or nextest for parallel/retry/resume)
test matrix_case_135 ... ignored, matrix case; run with --release (verify-r5.sh, or nextest for parallel/retry/resume)
test matrix_case_136 ... ignored, matrix case; run with --release (verify-r5.sh, or nextest for parallel/retry/resume)
test matrix_case_137 ... ignored, matrix case; run with --release (verify-r5.sh, or nextest for parallel/retry/resume)
test matrix_case_138 ... ignored, matrix case; run with --release (verify-r5.sh, or nextest for parallel/retry/resume)
test matrix_case_139 ... ignored, matrix case; run with --release (verify-r5.sh, or nextest for parallel/retry/resume)
test matrix_case_140 ... ignored, matrix case; run with --release (verify-r5.sh, or nextest for parallel/retry/resume)
test matrix_case_141 ... ignored, matrix case; run with --release (verify-r5.sh, or nextest for parallel/retry/resume)
test matrix_case_142 ... ignored, matrix case; run with --release (verify-r5.sh, or nextest for parallel/retry/resume)
test matrix_case_143 ... ignored, matrix case; run with --release (verify-r5.sh, or nextest for parallel/retry/resume)
test matrix_case_144 ... ignored, matrix case; run with --release (verify-r5.sh, or nextest for parallel/retry/resume)
test matrix_case_145 ... ignored, matrix case; run with --release (verify-r5.sh, or nextest for parallel/retry/resume)
test matrix_case_146 ... ignored, matrix case; run with --release (verify-r5.sh, or nextest for parallel/retry/resume)
test matrix_case_147 ... ignored, matrix case; run with --release (verify-r5.sh, or nextest for parallel/retry/resume)
test matrix_case_148 ... ignored, matrix case; run with --release (verify-r5.sh, or nextest for parallel/retry/resume)
test matrix_case_149 ... ignored, matrix case; run with --release (verify-r5.sh, or nextest for parallel/retry/resume)
test matrix_case_150 ... ignored, matrix case; run with --release (verify-r5.sh, or nextest for parallel/retry/resume)
test matrix_case_151 ... ignored, matrix case; run with --release (verify-r5.sh, or nextest for parallel/retry/resume)
test matrix_case_152 ... ignored, matrix case; run with --release (verify-r5.sh, or nextest for parallel/retry/resume)
test matrix_case_153 ... ignored, matrix case; run with --release (verify-r5.sh, or nextest for parallel/retry/resume)
test matrix_case_154 ... ignored, matrix case; run with --release (verify-r5.sh, or nextest for parallel/retry/resume)
test matrix_case_155 ... ignored, matrix case; run with --release (verify-r5.sh, or nextest for parallel/retry/resume)
test matrix_case_156 ... ignored, matrix case; run with --release (verify-r5.sh, or nextest for parallel/retry/resume)
test matrix_case_157 ... ignored, matrix case; run with --release (verify-r5.sh, or nextest for parallel/retry/resume)
test matrix_case_158 ... ignored, matrix case; run with --release (verify-r5.sh, or nextest for parallel/retry/resume)
test matrix_case_159 ... ignored, matrix case; run with --release (verify-r5.sh, or nextest for parallel/retry/resume)
test matrix_case_160 ... ignored, matrix case; run with --release (verify-r5.sh, or nextest for parallel/retry/resume)
test matrix_case_161 ... ignored, matrix case; run with --release (verify-r5.sh, or nextest for parallel/retry/resume)
test matrix_case_162 ... ignored, matrix case; run with --release (verify-r5.sh, or nextest for parallel/retry/resume)
test matrix_case_163 ... ignored, matrix case; run with --release (verify-r5.sh, or nextest for parallel/retry/resume)
test matrix_case_164 ... ignored, matrix case; run with --release (verify-r5.sh, or nextest for parallel/retry/resume)
test matrix_case_165 ... ignored, matrix case; run with --release (verify-r5.sh, or nextest for parallel/retry/resume)
test matrix_case_166 ... ignored, matrix case; run with --release (verify-r5.sh, or nextest for parallel/retry/resume)
test matrix_case_167 ... ignored, matrix case; run with --release (verify-r5.sh, or nextest for parallel/retry/resume)
test matrix_case_168 ... ignored, matrix case; run with --release (verify-r5.sh, or nextest for parallel/retry/resume)
test matrix_case_169 ... ignored, matrix case; run with --release (verify-r5.sh, or nextest for parallel/retry/resume)
test matrix_case_170 ... ignored, matrix case; run with --release (verify-r5.sh, or nextest for parallel/retry/resume)
test matrix_case_171 ... ignored, matrix case; run with --release (verify-r5.sh, or nextest for parallel/retry/resume)
test matrix_case_172 ... ignored, matrix case; run with --release (verify-r5.sh, or nextest for parallel/retry/resume)
test matrix_case_173 ... ignored, matrix case; run with --release (verify-r5.sh, or nextest for parallel/retry/resume)
test matrix_case_174 ... ignored, matrix case; run with --release (verify-r5.sh, or nextest for parallel/retry/resume)
test matrix_case_175 ... ignored, matrix case; run with --release (verify-r5.sh, or nextest for parallel/retry/resume)
test matrix_case_176 ... ignored, matrix case; run with --release (verify-r5.sh, or nextest for parallel/retry/resume)
test matrix_case_177 ... ignored, matrix case; run with --release (verify-r5.sh, or nextest for parallel/retry/resume)
test matrix_case_178 ... ignored, matrix case; run with --release (verify-r5.sh, or nextest for parallel/retry/resume)
test matrix_case_179 ... ignored, matrix case; run with --release (verify-r5.sh, or nextest for parallel/retry/resume)
test matrix_case_180 ... ignored, matrix case; run with --release (verify-r5.sh, or nextest for parallel/retry/resume)
test matrix_case_181 ... ignored, matrix case; run with --release (verify-r5.sh, or nextest for parallel/retry/resume)
test matrix_case_182 ... ignored, matrix case; run with --release (verify-r5.sh, or nextest for parallel/retry/resume)
test matrix_case_183 ... ignored, matrix case; run with --release (verify-r5.sh, or nextest for parallel/retry/resume)
test matrix_case_184 ... ignored, matrix case; run with --release (verify-r5.sh, or nextest for parallel/retry/resume)
test matrix_case_185 ... ignored, matrix case; run with --release (verify-r5.sh, or nextest for parallel/retry/resume)
test matrix_case_186 ... ignored, matrix case; run with --release (verify-r5.sh, or nextest for parallel/retry/resume)
test matrix_case_187 ... ignored, matrix case; run with --release (verify-r5.sh, or nextest for parallel/retry/resume)
test matrix_case_188 ... ignored, matrix case; run with --release (verify-r5.sh, or nextest for parallel/retry/resume)
test matrix_case_189 ... ignored, matrix case; run with --release (verify-r5.sh, or nextest for parallel/retry/resume)
test matrix_case_190 ... ignored, matrix case; run with --release (verify-r5.sh, or nextest for parallel/retry/resume)
test matrix_case_191 ... ignored, matrix case; run with --release (verify-r5.sh, or nextest for parallel/retry/resume)
test matrix_case_192 ... ignored, matrix case; run with --release (verify-r5.sh, or nextest for parallel/retry/resume)
test matrix_case_193 ... ignored, matrix case; run with --release (verify-r5.sh, or nextest for parallel/retry/resume)
test matrix_case_194 ... ignored, matrix case; run with --release (verify-r5.sh, or nextest for parallel/retry/resume)
test matrix_case_195 ... ignored, matrix case; run with --release (verify-r5.sh, or nextest for parallel/retry/resume)
test matrix_case_196 ... ignored, matrix case; run with --release (verify-r5.sh, or nextest for parallel/retry/resume)
test matrix_case_197 ... ignored, matrix case; run with --release (verify-r5.sh, or nextest for parallel/retry/resume)
test matrix_case_198 ... ignored, matrix case; run with --release (verify-r5.sh, or nextest for parallel/retry/resume)
test matrix_case_199 ... ignored, matrix case; run with --release (verify-r5.sh, or nextest for parallel/retry/resume)
test matrix_case_200 ... ignored, matrix case; run with --release (verify-r5.sh, or nextest for parallel/retry/resume)
test matrix_case_201 ... ignored, matrix case; run with --release (verify-r5.sh, or nextest for parallel/retry/resume)
test matrix_case_202 ... ignored, matrix case; run with --release (verify-r5.sh, or nextest for parallel/retry/resume)
test matrix_case_203 ... ignored, matrix case; run with --release (verify-r5.sh, or nextest for parallel/retry/resume)
test matrix_case_204 ... ignored, matrix case; run with --release (verify-r5.sh, or nextest for parallel/retry/resume)
test matrix_case_205 ... ignored, matrix case; run with --release (verify-r5.sh, or nextest for parallel/retry/resume)
test matrix_case_206 ... ignored, matrix case; run with --release (verify-r5.sh, or nextest for parallel/retry/resume)
test matrix_case_207 ... ignored, matrix case; run with --release (verify-r5.sh, or nextest for parallel/retry/resume)
test matrix_case_208 ... ignored, matrix case; run with --release (verify-r5.sh, or nextest for parallel/retry/resume)
test matrix_case_209 ... ignored, matrix case; run with --release (verify-r5.sh, or nextest for parallel/retry/resume)
test matrix_case_210 ... ignored, matrix case; run with --release (verify-r5.sh, or nextest for parallel/retry/resume)
test matrix_case_211 ... ignored, matrix case; run with --release (verify-r5.sh, or nextest for parallel/retry/resume)
test matrix_case_212 ... ignored, matrix case; run with --release (verify-r5.sh, or nextest for parallel/retry/resume)
test matrix_case_213 ... ignored, matrix case; run with --release (verify-r5.sh, or nextest for parallel/retry/resume)
test matrix_case_214 ... ignored, matrix case; run with --release (verify-r5.sh, or nextest for parallel/retry/resume)
test matrix_case_215 ... ignored, matrix case; run with --release (verify-r5.sh, or nextest for parallel/retry/resume)
test matrix_case_216 ... ignored, matrix case; run with --release (verify-r5.sh, or nextest for parallel/retry/resume)
test matrix_case_217 ... ignored, matrix case; run with --release (verify-r5.sh, or nextest for parallel/retry/resume)
test matrix_case_218 ... ignored, matrix case; run with --release (verify-r5.sh, or nextest for parallel/retry/resume)
test matrix_case_219 ... ignored, matrix case; run with --release (verify-r5.sh, or nextest for parallel/retry/resume)
test matrix_case_220 ... ignored, matrix case; run with --release (verify-r5.sh, or nextest for parallel/retry/resume)
test matrix_case_221 ... ignored, matrix case; run with --release (verify-r5.sh, or nextest for parallel/retry/resume)
test matrix_case_222 ... ignored, matrix case; run with --release (verify-r5.sh, or nextest for parallel/retry/resume)
test matrix_case_223 ... ignored, matrix case; run with --release (verify-r5.sh, or nextest for parallel/retry/resume)
test matrix_case_224 ... ignored, matrix case; run with --release (verify-r5.sh, or nextest for parallel/retry/resume)
test matrix_case_225 ... ignored, matrix case; run with --release (verify-r5.sh, or nextest for parallel/retry/resume)
test matrix_case_226 ... ignored, matrix case; run with --release (verify-r5.sh, or nextest for parallel/retry/resume)
test matrix_case_227 ... ignored, matrix case; run with --release (verify-r5.sh, or nextest for parallel/retry/resume)
test matrix_case_228 ... ignored, matrix case; run with --release (verify-r5.sh, or nextest for parallel/retry/resume)
test matrix_case_229 ... ignored, matrix case; run with --release (verify-r5.sh, or nextest for parallel/retry/resume)
test matrix_case_230 ... ignored, matrix case; run with --release (verify-r5.sh, or nextest for parallel/retry/resume)
test matrix_case_231 ... ignored, matrix case; run with --release (verify-r5.sh, or nextest for parallel/retry/resume)
test matrix_case_232 ... ignored, matrix case; run with --release (verify-r5.sh, or nextest for parallel/retry/resume)
test matrix_case_233 ... ignored, matrix case; run with --release (verify-r5.sh, or nextest for parallel/retry/resume)
test matrix_case_234 ... ignored, matrix case; run with --release (verify-r5.sh, or nextest for parallel/retry/resume)
test matrix_case_235 ... ignored, matrix case; run with --release (verify-r5.sh, or nextest for parallel/retry/resume)
test matrix_case_236 ... ignored, matrix case; run with --release (verify-r5.sh, or nextest for parallel/retry/resume)
test matrix_case_237 ... ignored, matrix case; run with --release (verify-r5.sh, or nextest for parallel/retry/resume)
test matrix_case_238 ... ignored, matrix case; run with --release (verify-r5.sh, or nextest for parallel/retry/resume)
test matrix_case_239 ... ignored, matrix case; run with --release (verify-r5.sh, or nextest for parallel/retry/resume)
test matrix_case_240 ... ignored, matrix case; run with --release (verify-r5.sh, or nextest for parallel/retry/resume)
test matrix_case_241 ... ignored, matrix case; run with --release (verify-r5.sh, or nextest for parallel/retry/resume)
test matrix_case_242 ... ignored, matrix case; run with --release (verify-r5.sh, or nextest for parallel/retry/resume)
test matrix_case_243 ... ignored, matrix case; run with --release (verify-r5.sh, or nextest for parallel/retry/resume)
test matrix_case_244 ... ignored, matrix case; run with --release (verify-r5.sh, or nextest for parallel/retry/resume)
test matrix_case_245 ... ignored, matrix case; run with --release (verify-r5.sh, or nextest for parallel/retry/resume)
test matrix_case_246 ... ignored, matrix case; run with --release (verify-r5.sh, or nextest for parallel/retry/resume)
test matrix_case_247 ... ignored, matrix case; run with --release (verify-r5.sh, or nextest for parallel/retry/resume)
test matrix_case_248 ... ignored, matrix case; run with --release (verify-r5.sh, or nextest for parallel/retry/resume)
test matrix_case_249 ... ignored, matrix case; run with --release (verify-r5.sh, or nextest for parallel/retry/resume)
test matrix_case_250 ... ignored, matrix case; run with --release (verify-r5.sh, or nextest for parallel/retry/resume)
test matrix_case_251 ... ignored, matrix case; run with --release (verify-r5.sh, or nextest for parallel/retry/resume)
test matrix_case_252 ... ignored, matrix case; run with --release (verify-r5.sh, or nextest for parallel/retry/resume)
test matrix_case_253 ... ignored, matrix case; run with --release (verify-r5.sh, or nextest for parallel/retry/resume)
test matrix_case_254 ... ignored, matrix case; run with --release (verify-r5.sh, or nextest for parallel/retry/resume)
test matrix_case_255 ... ignored, matrix case; run with --release (verify-r5.sh, or nextest for parallel/retry/resume)
test matrix_case_256 ... ignored, matrix case; run with --release (verify-r5.sh, or nextest for parallel/retry/resume)
test matrix_case_257 ... ignored, matrix case; run with --release (verify-r5.sh, or nextest for parallel/retry/resume)
test matrix_case_258 ... ignored, matrix case; run with --release (verify-r5.sh, or nextest for parallel/retry/resume)
test matrix_case_259 ... ignored, matrix case; run with --release (verify-r5.sh, or nextest for parallel/retry/resume)
test matrix_case_260 ... ignored, matrix case; run with --release (verify-r5.sh, or nextest for parallel/retry/resume)
test matrix_case_261 ... ignored, matrix case; run with --release (verify-r5.sh, or nextest for parallel/retry/resume)
test matrix_case_262 ... ignored, matrix case; run with --release (verify-r5.sh, or nextest for parallel/retry/resume)
test matrix_case_263 ... ignored, matrix case; run with --release (verify-r5.sh, or nextest for parallel/retry/resume)
test matrix_case_264 ... ignored, matrix case; run with --release (verify-r5.sh, or nextest for parallel/retry/resume)
test matrix_case_265 ... ignored, matrix case; run with --release (verify-r5.sh, or nextest for parallel/retry/resume)
test matrix_case_266 ... ignored, matrix case; run with --release (verify-r5.sh, or nextest for parallel/retry/resume)
test matrix_case_267 ... ignored, matrix case; run with --release (verify-r5.sh, or nextest for parallel/retry/resume)
test matrix_case_268 ... ignored, matrix case; run with --release (verify-r5.sh, or nextest for parallel/retry/resume)
test matrix_case_269 ... ignored, matrix case; run with --release (verify-r5.sh, or nextest for parallel/retry/resume)
test matrix_case_270 ... ignored, matrix case; run with --release (verify-r5.sh, or nextest for parallel/retry/resume)
test matrix_case_271 ... ignored, matrix case; run with --release (verify-r5.sh, or nextest for parallel/retry/resume)
test matrix_case_272 ... ignored, matrix case; run with --release (verify-r5.sh, or nextest for parallel/retry/resume)
test matrix_case_273 ... ignored, matrix case; run with --release (verify-r5.sh, or nextest for parallel/retry/resume)
test matrix_case_274 ... ignored, matrix case; run with --release (verify-r5.sh, or nextest for parallel/retry/resume)
test matrix_case_275 ... ignored, matrix case; run with --release (verify-r5.sh, or nextest for parallel/retry/resume)
test matrix_case_276 ... ignored, matrix case; run with --release (verify-r5.sh, or nextest for parallel/retry/resume)
test matrix_case_277 ... ignored, matrix case; run with --release (verify-r5.sh, or nextest for parallel/retry/resume)
test matrix_case_278 ... ignored, matrix case; run with --release (verify-r5.sh, or nextest for parallel/retry/resume)
test matrix_case_279 ... ignored, matrix case; run with --release (verify-r5.sh, or nextest for parallel/retry/resume)
test matrix_case_280 ... ignored, matrix case; run with --release (verify-r5.sh, or nextest for parallel/retry/resume)
test matrix_case_281 ... ignored, matrix case; run with --release (verify-r5.sh, or nextest for parallel/retry/resume)
test matrix_case_282 ... ignored, matrix case; run with --release (verify-r5.sh, or nextest for parallel/retry/resume)
test matrix_case_283 ... ignored, matrix case; run with --release (verify-r5.sh, or nextest for parallel/retry/resume)
test matrix_case_284 ... ignored, matrix case; run with --release (verify-r5.sh, or nextest for parallel/retry/resume)
test matrix_case_285 ... ignored, matrix case; run with --release (verify-r5.sh, or nextest for parallel/retry/resume)
test matrix_case_286 ... ignored, matrix case; run with --release (verify-r5.sh, or nextest for parallel/retry/resume)
test matrix_case_287 ... ignored, matrix case; run with --release (verify-r5.sh, or nextest for parallel/retry/resume)
test matrix_case_288 ... ignored, matrix case; run with --release (verify-r5.sh, or nextest for parallel/retry/resume)
test matrix_case_289 ... ignored, matrix case; run with --release (verify-r5.sh, or nextest for parallel/retry/resume)
test matrix_case_290 ... ignored, matrix case; run with --release (verify-r5.sh, or nextest for parallel/retry/resume)
test matrix_case_291 ... ignored, matrix case; run with --release (verify-r5.sh, or nextest for parallel/retry/resume)
test matrix_case_292 ... ignored, matrix case; run with --release (verify-r5.sh, or nextest for parallel/retry/resume)
test matrix_case_293 ... ignored, matrix case; run with --release (verify-r5.sh, or nextest for parallel/retry/resume)
test matrix_case_294 ... ignored, matrix case; run with --release (verify-r5.sh, or nextest for parallel/retry/resume)
test matrix_case_295 ... ignored, matrix case; run with --release (verify-r5.sh, or nextest for parallel/retry/resume)
test matrix_case_296 ... ignored, matrix case; run with --release (verify-r5.sh, or nextest for parallel/retry/resume)
test matrix_case_297 ... ignored, matrix case; run with --release (verify-r5.sh, or nextest for parallel/retry/resume)
test matrix_case_298 ... ignored, matrix case; run with --release (verify-r5.sh, or nextest for parallel/retry/resume)
test matrix_case_299 ... ignored, matrix case; run with --release (verify-r5.sh, or nextest for parallel/retry/resume)
test matrix_case_300 ... ignored, matrix case; run with --release (verify-r5.sh, or nextest for parallel/retry/resume)
test matrix_case_301 ... ignored, matrix case; run with --release (verify-r5.sh, or nextest for parallel/retry/resume)
test matrix_case_302 ... ignored, matrix case; run with --release (verify-r5.sh, or nextest for parallel/retry/resume)
test matrix_case_303 ... ignored, matrix case; run with --release (verify-r5.sh, or nextest for parallel/retry/resume)
test matrix_case_304 ... ignored, matrix case; run with --release (verify-r5.sh, or nextest for parallel/retry/resume)
test matrix_case_305 ... ignored, matrix case; run with --release (verify-r5.sh, or nextest for parallel/retry/resume)
test matrix_case_306 ... ignored, matrix case; run with --release (verify-r5.sh, or nextest for parallel/retry/resume)
test matrix_case_307 ... ignored, matrix case; run with --release (verify-r5.sh, or nextest for parallel/retry/resume)
test matrix_case_308 ... ignored, matrix case; run with --release (verify-r5.sh, or nextest for parallel/retry/resume)
test matrix_case_309 ... ignored, matrix case; run with --release (verify-r5.sh, or nextest for parallel/retry/resume)
test matrix_case_310 ... ignored, matrix case; run with --release (verify-r5.sh, or nextest for parallel/retry/resume)
test matrix_case_311 ... ignored, matrix case; run with --release (verify-r5.sh, or nextest for parallel/retry/resume)
test matrix_case_312 ... ignored, matrix case; run with --release (verify-r5.sh, or nextest for parallel/retry/resume)
test matrix_case_313 ... ignored, matrix case; run with --release (verify-r5.sh, or nextest for parallel/retry/resume)
test matrix_case_314 ... ignored, matrix case; run with --release (verify-r5.sh, or nextest for parallel/retry/resume)
test matrix_case_315 ... ignored, matrix case; run with --release (verify-r5.sh, or nextest for parallel/retry/resume)
test matrix_case_316 ... ignored, matrix case; run with --release (verify-r5.sh, or nextest for parallel/retry/resume)
test matrix_case_317 ... ignored, matrix case; run with --release (verify-r5.sh, or nextest for parallel/retry/resume)
test matrix_case_318 ... ignored, matrix case; run with --release (verify-r5.sh, or nextest for parallel/retry/resume)
test matrix_case_319 ... ignored, matrix case; run with --release (verify-r5.sh, or nextest for parallel/retry/resume)
test matrix_case_320 ... ignored, matrix case; run with --release (verify-r5.sh, or nextest for parallel/retry/resume)
test matrix_case_321 ... ignored, matrix case; run with --release (verify-r5.sh, or nextest for parallel/retry/resume)
test matrix_case_322 ... ignored, matrix case; run with --release (verify-r5.sh, or nextest for parallel/retry/resume)
test matrix_case_323 ... ignored, matrix case; run with --release (verify-r5.sh, or nextest for parallel/retry/resume)
test matrix_case_324 ... ignored, matrix case; run with --release (verify-r5.sh, or nextest for parallel/retry/resume)
test matrix_case_325 ... ignored, matrix case; run with --release (verify-r5.sh, or nextest for parallel/retry/resume)
test matrix_case_326 ... ignored, matrix case; run with --release (verify-r5.sh, or nextest for parallel/retry/resume)
test matrix_case_327 ... ignored, matrix case; run with --release (verify-r5.sh, or nextest for parallel/retry/resume)
test matrix_case_328 ... ignored, matrix case; run with --release (verify-r5.sh, or nextest for parallel/retry/resume)
test matrix_case_329 ... ignored, matrix case; run with --release (verify-r5.sh, or nextest for parallel/retry/resume)
test matrix_case_330 ... ignored, matrix case; run with --release (verify-r5.sh, or nextest for parallel/retry/resume)
test matrix_case_331 ... ignored, matrix case; run with --release (verify-r5.sh, or nextest for parallel/retry/resume)
test matrix_case_332 ... ignored, matrix case; run with --release (verify-r5.sh, or nextest for parallel/retry/resume)
test matrix_case_333 ... ignored, matrix case; run with --release (verify-r5.sh, or nextest for parallel/retry/resume)
test matrix_case_334 ... ignored, matrix case; run with --release (verify-r5.sh, or nextest for parallel/retry/resume)
test matrix_case_335 ... ignored, matrix case; run with --release (verify-r5.sh, or nextest for parallel/retry/resume)
test matrix_case_336 ... ignored, matrix case; run with --release (verify-r5.sh, or nextest for parallel/retry/resume)
test matrix_case_337 ... ignored, matrix case; run with --release (verify-r5.sh, or nextest for parallel/retry/resume)
test matrix_case_338 ... ignored, matrix case; run with --release (verify-r5.sh, or nextest for parallel/retry/resume)
test matrix_case_339 ... ignored, matrix case; run with --release (verify-r5.sh, or nextest for parallel/retry/resume)
test matrix_case_340 ... ignored, matrix case; run with --release (verify-r5.sh, or nextest for parallel/retry/resume)
test matrix_case_341 ... ignored, matrix case; run with --release (verify-r5.sh, or nextest for parallel/retry/resume)
test matrix_case_342 ... ignored, matrix case; run with --release (verify-r5.sh, or nextest for parallel/retry/resume)
test matrix_case_343 ... ignored, matrix case; run with --release (verify-r5.sh, or nextest for parallel/retry/resume)
test matrix_case_344 ... ignored, matrix case; run with --release (verify-r5.sh, or nextest for parallel/retry/resume)
test matrix_case_345 ... ignored, matrix case; run with --release (verify-r5.sh, or nextest for parallel/retry/resume)
test matrix_case_346 ... ignored, matrix case; run with --release (verify-r5.sh, or nextest for parallel/retry/resume)
test matrix_case_347 ... ignored, matrix case; run with --release (verify-r5.sh, or nextest for parallel/retry/resume)
test matrix_case_348 ... ignored, matrix case; run with --release (verify-r5.sh, or nextest for parallel/retry/resume)
test matrix_case_349 ... ignored, matrix case; run with --release (verify-r5.sh, or nextest for parallel/retry/resume)
test matrix_case_350 ... ignored, matrix case; run with --release (verify-r5.sh, or nextest for parallel/retry/resume)
test matrix_case_351 ... ignored, matrix case; run with --release (verify-r5.sh, or nextest for parallel/retry/resume)
test matrix_case_352 ... ignored, matrix case; run with --release (verify-r5.sh, or nextest for parallel/retry/resume)
test matrix_case_353 ... ignored, matrix case; run with --release (verify-r5.sh, or nextest for parallel/retry/resume)
test matrix_case_354 ... ignored, matrix case; run with --release (verify-r5.sh, or nextest for parallel/retry/resume)
test matrix_case_355 ... ignored, matrix case; run with --release (verify-r5.sh, or nextest for parallel/retry/resume)
test matrix_case_356 ... ignored, matrix case; run with --release (verify-r5.sh, or nextest for parallel/retry/resume)
test matrix_case_357 ... ignored, matrix case; run with --release (verify-r5.sh, or nextest for parallel/retry/resume)
test matrix_case_358 ... ignored, matrix case; run with --release (verify-r5.sh, or nextest for parallel/retry/resume)
test matrix_case_359 ... ignored, matrix case; run with --release (verify-r5.sh, or nextest for parallel/retry/resume)
test matrix_case_360 ... ignored, matrix case; run with --release (verify-r5.sh, or nextest for parallel/retry/resume)
test matrix_case_361 ... ignored, matrix case; run with --release (verify-r5.sh, or nextest for parallel/retry/resume)
test matrix_case_362 ... ignored, matrix case; run with --release (verify-r5.sh, or nextest for parallel/retry/resume)
test matrix_case_363 ... ignored, matrix case; run with --release (verify-r5.sh, or nextest for parallel/retry/resume)
test matrix_case_364 ... ignored, matrix case; run with --release (verify-r5.sh, or nextest for parallel/retry/resume)
test matrix_case_365 ... ignored, matrix case; run with --release (verify-r5.sh, or nextest for parallel/retry/resume)
test matrix_case_366 ... ignored, matrix case; run with --release (verify-r5.sh, or nextest for parallel/retry/resume)
test matrix_case_367 ... ignored, matrix case; run with --release (verify-r5.sh, or nextest for parallel/retry/resume)
test matrix_case_368 ... ignored, matrix case; run with --release (verify-r5.sh, or nextest for parallel/retry/resume)
test matrix_case_369 ... ignored, matrix case; run with --release (verify-r5.sh, or nextest for parallel/retry/resume)
test matrix_case_370 ... ignored, matrix case; run with --release (verify-r5.sh, or nextest for parallel/retry/resume)
test matrix_case_371 ... ignored, matrix case; run with --release (verify-r5.sh, or nextest for parallel/retry/resume)
test matrix_case_372 ... ignored, matrix case; run with --release (verify-r5.sh, or nextest for parallel/retry/resume)
test matrix_case_373 ... ignored, matrix case; run with --release (verify-r5.sh, or nextest for parallel/retry/resume)
test matrix_case_374 ... ignored, matrix case; run with --release (verify-r5.sh, or nextest for parallel/retry/resume)
test matrix_case_375 ... ignored, matrix case; run with --release (verify-r5.sh, or nextest for parallel/retry/resume)
test matrix_case_376 ... ignored, matrix case; run with --release (verify-r5.sh, or nextest for parallel/retry/resume)
test matrix_case_377 ... ignored, matrix case; run with --release (verify-r5.sh, or nextest for parallel/retry/resume)
test matrix_case_378 ... ignored, matrix case; run with --release (verify-r5.sh, or nextest for parallel/retry/resume)
test matrix_case_379 ... ignored, matrix case; run with --release (verify-r5.sh, or nextest for parallel/retry/resume)
test matrix_case_380 ... ignored, matrix case; run with --release (verify-r5.sh, or nextest for parallel/retry/resume)
test matrix_case_381 ... ignored, matrix case; run with --release (verify-r5.sh, or nextest for parallel/retry/resume)
test matrix_case_382 ... ignored, matrix case; run with --release (verify-r5.sh, or nextest for parallel/retry/resume)
test matrix_case_383 ... ignored, matrix case; run with --release (verify-r5.sh, or nextest for parallel/retry/resume)
test matrix_case_384 ... ignored, matrix case; run with --release (verify-r5.sh, or nextest for parallel/retry/resume)
test matrix_case_385 ... ignored, matrix case; run with --release (verify-r5.sh, or nextest for parallel/retry/resume)
test matrix_case_386 ... ignored, matrix case; run with --release (verify-r5.sh, or nextest for parallel/retry/resume)
test matrix_case_387 ... ignored, matrix case; run with --release (verify-r5.sh, or nextest for parallel/retry/resume)
test matrix_case_388 ... ignored, matrix case; run with --release (verify-r5.sh, or nextest for parallel/retry/resume)
test matrix_case_389 ... ignored, matrix case; run with --release (verify-r5.sh, or nextest for parallel/retry/resume)
test matrix_case_390 ... ignored, matrix case; run with --release (verify-r5.sh, or nextest for parallel/retry/resume)
test matrix_case_391 ... ignored, matrix case; run with --release (verify-r5.sh, or nextest for parallel/retry/resume)
test matrix_case_392 ... ignored, matrix case; run with --release (verify-r5.sh, or nextest for parallel/retry/resume)
test matrix_case_393 ... ignored, matrix case; run with --release (verify-r5.sh, or nextest for parallel/retry/resume)
test matrix_case_394 ... ignored, matrix case; run with --release (verify-r5.sh, or nextest for parallel/retry/resume)
test matrix_case_395 ... ignored, matrix case; run with --release (verify-r5.sh, or nextest for parallel/retry/resume)
test matrix_case_396 ... ignored, matrix case; run with --release (verify-r5.sh, or nextest for parallel/retry/resume)
test matrix_case_397 ... ignored, matrix case; run with --release (verify-r5.sh, or nextest for parallel/retry/resume)
test matrix_case_398 ... ignored, matrix case; run with --release (verify-r5.sh, or nextest for parallel/retry/resume)
test matrix_case_399 ... ignored, matrix case; run with --release (verify-r5.sh, or nextest for parallel/retry/resume)
test matrix_case_400 ... ignored, matrix case; run with --release (verify-r5.sh, or nextest for parallel/retry/resume)
test matrix_case_401 ... ignored, matrix case; run with --release (verify-r5.sh, or nextest for parallel/retry/resume)
test matrix_case_402 ... ignored, matrix case; run with --release (verify-r5.sh, or nextest for parallel/retry/resume)
test matrix_case_403 ... ignored, matrix case; run with --release (verify-r5.sh, or nextest for parallel/retry/resume)
test matrix_case_404 ... ignored, matrix case; run with --release (verify-r5.sh, or nextest for parallel/retry/resume)
test matrix_case_405 ... ignored, matrix case; run with --release (verify-r5.sh, or nextest for parallel/retry/resume)
test matrix_case_406 ... ignored, matrix case; run with --release (verify-r5.sh, or nextest for parallel/retry/resume)
test matrix_case_407 ... ignored, matrix case; run with --release (verify-r5.sh, or nextest for parallel/retry/resume)
test matrix_case_408 ... ignored, matrix case; run with --release (verify-r5.sh, or nextest for parallel/retry/resume)
test matrix_case_409 ... ignored, matrix case; run with --release (verify-r5.sh, or nextest for parallel/retry/resume)
test matrix_case_410 ... ignored, matrix case; run with --release (verify-r5.sh, or nextest for parallel/retry/resume)
test matrix_case_411 ... ignored, matrix case; run with --release (verify-r5.sh, or nextest for parallel/retry/resume)
test matrix_case_412 ... ignored, matrix case; run with --release (verify-r5.sh, or nextest for parallel/retry/resume)
test matrix_case_413 ... ignored, matrix case; run with --release (verify-r5.sh, or nextest for parallel/retry/resume)
test matrix_case_414 ... ignored, matrix case; run with --release (verify-r5.sh, or nextest for parallel/retry/resume)
test matrix_case_415 ... ignored, matrix case; run with --release (verify-r5.sh, or nextest for parallel/retry/resume)
test matrix_case_416 ... ignored, matrix case; run with --release (verify-r5.sh, or nextest for parallel/retry/resume)
test matrix_case_417 ... ignored, matrix case; run with --release (verify-r5.sh, or nextest for parallel/retry/resume)
test matrix_case_418 ... ignored, matrix case; run with --release (verify-r5.sh, or nextest for parallel/retry/resume)
test matrix_case_419 ... ignored, matrix case; run with --release (verify-r5.sh, or nextest for parallel/retry/resume)
test matrix_case_420 ... ignored, matrix case; run with --release (verify-r5.sh, or nextest for parallel/retry/resume)
test matrix_case_421 ... ignored, matrix case; run with --release (verify-r5.sh, or nextest for parallel/retry/resume)
test matrix_case_422 ... ignored, matrix case; run with --release (verify-r5.sh, or nextest for parallel/retry/resume)
test matrix_case_423 ... ignored, matrix case; run with --release (verify-r5.sh, or nextest for parallel/retry/resume)
test matrix_case_424 ... ignored, matrix case; run with --release (verify-r5.sh, or nextest for parallel/retry/resume)
test matrix_case_425 ... ignored, matrix case; run with --release (verify-r5.sh, or nextest for parallel/retry/resume)
test matrix_case_426 ... ignored, matrix case; run with --release (verify-r5.sh, or nextest for parallel/retry/resume)
test matrix_case_427 ... ignored, matrix case; run with --release (verify-r5.sh, or nextest for parallel/retry/resume)
test matrix_case_428 ... ignored, matrix case; run with --release (verify-r5.sh, or nextest for parallel/retry/resume)
test matrix_case_429 ... ignored, matrix case; run with --release (verify-r5.sh, or nextest for parallel/retry/resume)
test matrix_case_430 ... ignored, matrix case; run with --release (verify-r5.sh, or nextest for parallel/retry/resume)
test matrix_case_431 ... ignored, matrix case; run with --release (verify-r5.sh, or nextest for parallel/retry/resume)
test matrix_case_432 ... ignored, matrix case; run with --release (verify-r5.sh, or nextest for parallel/retry/resume)
test matrix_case_433 ... ignored, matrix case; run with --release (verify-r5.sh, or nextest for parallel/retry/resume)
test matrix_case_434 ... ignored, matrix case; run with --release (verify-r5.sh, or nextest for parallel/retry/resume)
test matrix_case_435 ... ignored, matrix case; run with --release (verify-r5.sh, or nextest for parallel/retry/resume)
test matrix_case_436 ... ignored, matrix case; run with --release (verify-r5.sh, or nextest for parallel/retry/resume)
test matrix_case_437 ... ignored, matrix case; run with --release (verify-r5.sh, or nextest for parallel/retry/resume)
test matrix_case_438 ... ignored, matrix case; run with --release (verify-r5.sh, or nextest for parallel/retry/resume)
test matrix_case_439 ... ignored, matrix case; run with --release (verify-r5.sh, or nextest for parallel/retry/resume)
test matrix_case_440 ... ignored, matrix case; run with --release (verify-r5.sh, or nextest for parallel/retry/resume)
test matrix_case_441 ... ignored, matrix case; run with --release (verify-r5.sh, or nextest for parallel/retry/resume)
test matrix_case_442 ... ignored, matrix case; run with --release (verify-r5.sh, or nextest for parallel/retry/resume)
test matrix_case_443 ... ignored, matrix case; run with --release (verify-r5.sh, or nextest for parallel/retry/resume)
test matrix_case_444 ... ignored, matrix case; run with --release (verify-r5.sh, or nextest for parallel/retry/resume)
test matrix_case_445 ... ignored, matrix case; run with --release (verify-r5.sh, or nextest for parallel/retry/resume)
test matrix_case_446 ... ignored, matrix case; run with --release (verify-r5.sh, or nextest for parallel/retry/resume)
test matrix_case_447 ... ignored, matrix case; run with --release (verify-r5.sh, or nextest for parallel/retry/resume)
test matrix_case_448 ... ignored, matrix case; run with --release (verify-r5.sh, or nextest for parallel/retry/resume)
test matrix_case_449 ... ignored, matrix case; run with --release (verify-r5.sh, or nextest for parallel/retry/resume)
test matrix_case_450 ... ignored, matrix case; run with --release (verify-r5.sh, or nextest for parallel/retry/resume)
test matrix_case_451 ... ignored, matrix case; run with --release (verify-r5.sh, or nextest for parallel/retry/resume)
test matrix_case_452 ... ignored, matrix case; run with --release (verify-r5.sh, or nextest for parallel/retry/resume)
test matrix_case_453 ... ignored, matrix case; run with --release (verify-r5.sh, or nextest for parallel/retry/resume)
test matrix_case_454 ... ignored, matrix case; run with --release (verify-r5.sh, or nextest for parallel/retry/resume)
test matrix_case_455 ... ignored, matrix case; run with --release (verify-r5.sh, or nextest for parallel/retry/resume)
test matrix_case_456 ... ignored, matrix case; run with --release (verify-r5.sh, or nextest for parallel/retry/resume)
test matrix_case_457 ... ignored, matrix case; run with --release (verify-r5.sh, or nextest for parallel/retry/resume)
test matrix_case_458 ... ignored, matrix case; run with --release (verify-r5.sh, or nextest for parallel/retry/resume)
test matrix_case_459 ... ignored, matrix case; run with --release (verify-r5.sh, or nextest for parallel/retry/resume)
test matrix_case_460 ... ignored, matrix case; run with --release (verify-r5.sh, or nextest for parallel/retry/resume)
test matrix_case_461 ... ignored, matrix case; run with --release (verify-r5.sh, or nextest for parallel/retry/resume)
test matrix_case_462 ... ignored, matrix case; run with --release (verify-r5.sh, or nextest for parallel/retry/resume)
test matrix_case_463 ... ignored, matrix case; run with --release (verify-r5.sh, or nextest for parallel/retry/resume)
test matrix_case_464 ... ignored, matrix case; run with --release (verify-r5.sh, or nextest for parallel/retry/resume)
test matrix_case_465 ... ignored, matrix case; run with --release (verify-r5.sh, or nextest for parallel/retry/resume)
test matrix_case_466 ... ignored, matrix case; run with --release (verify-r5.sh, or nextest for parallel/retry/resume)
test matrix_case_467 ... ignored, matrix case; run with --release (verify-r5.sh, or nextest for parallel/retry/resume)
test matrix_case_468 ... ignored, matrix case; run with --release (verify-r5.sh, or nextest for parallel/retry/resume)
test matrix_case_469 ... ignored, matrix case; run with --release (verify-r5.sh, or nextest for parallel/retry/resume)
test matrix_case_470 ... ignored, matrix case; run with --release (verify-r5.sh, or nextest for parallel/retry/resume)
test matrix_case_471 ... ignored, matrix case; run with --release (verify-r5.sh, or nextest for parallel/retry/resume)
test matrix_case_472 ... ignored, matrix case; run with --release (verify-r5.sh, or nextest for parallel/retry/resume)
test matrix_case_473 ... ignored, matrix case; run with --release (verify-r5.sh, or nextest for parallel/retry/resume)
test matrix_case_474 ... ignored, matrix case; run with --release (verify-r5.sh, or nextest for parallel/retry/resume)
test matrix_case_475 ... ignored, matrix case; run with --release (verify-r5.sh, or nextest for parallel/retry/resume)
test matrix_case_476 ... ignored, matrix case; run with --release (verify-r5.sh, or nextest for parallel/retry/resume)
test matrix_case_477 ... ignored, matrix case; run with --release (verify-r5.sh, or nextest for parallel/retry/resume)
test matrix_case_478 ... ignored, matrix case; run with --release (verify-r5.sh, or nextest for parallel/retry/resume)
test matrix_case_479 ... ignored, matrix case; run with --release (verify-r5.sh, or nextest for parallel/retry/resume)
test matrix_case_480 ... ignored, matrix case; run with --release (verify-r5.sh, or nextest for parallel/retry/resume)
test matrix_case_481 ... ignored, matrix case; run with --release (verify-r5.sh, or nextest for parallel/retry/resume)
test matrix_case_482 ... ignored, matrix case; run with --release (verify-r5.sh, or nextest for parallel/retry/resume)
test matrix_case_483 ... ignored, matrix case; run with --release (verify-r5.sh, or nextest for parallel/retry/resume)
test matrix_case_484 ... ignored, matrix case; run with --release (verify-r5.sh, or nextest for parallel/retry/resume)
test matrix_case_485 ... ignored, matrix case; run with --release (verify-r5.sh, or nextest for parallel/retry/resume)
test matrix_case_486 ... ignored, matrix case; run with --release (verify-r5.sh, or nextest for parallel/retry/resume)
test matrix_case_487 ... ignored, matrix case; run with --release (verify-r5.sh, or nextest for parallel/retry/resume)
test matrix_case_488 ... ignored, matrix case; run with --release (verify-r5.sh, or nextest for parallel/retry/resume)
test matrix_case_489 ... ignored, matrix case; run with --release (verify-r5.sh, or nextest for parallel/retry/resume)
test matrix_case_490 ... ignored, matrix case; run with --release (verify-r5.sh, or nextest for parallel/retry/resume)
test matrix_case_491 ... ignored, matrix case; run with --release (verify-r5.sh, or nextest for parallel/retry/resume)
test matrix_case_492 ... ignored, matrix case; run with --release (verify-r5.sh, or nextest for parallel/retry/resume)
test matrix_case_493 ... ignored, matrix case; run with --release (verify-r5.sh, or nextest for parallel/retry/resume)
test matrix_case_494 ... ignored, matrix case; run with --release (verify-r5.sh, or nextest for parallel/retry/resume)
test matrix_case_495 ... ignored, matrix case; run with --release (verify-r5.sh, or nextest for parallel/retry/resume)
test matrix_case_496 ... ignored, matrix case; run with --release (verify-r5.sh, or nextest for parallel/retry/resume)
test matrix_case_497 ... ignored, matrix case; run with --release (verify-r5.sh, or nextest for parallel/retry/resume)
test matrix_case_498 ... ignored, matrix case; run with --release (verify-r5.sh, or nextest for parallel/retry/resume)
test matrix_case_499 ... ignored, matrix case; run with --release (verify-r5.sh, or nextest for parallel/retry/resume)
test matrix_case_500 ... ignored, matrix case; run with --release (verify-r5.sh, or nextest for parallel/retry/resume)
test matrix_case_501 ... ignored, matrix case; run with --release (verify-r5.sh, or nextest for parallel/retry/resume)
test matrix_case_502 ... ignored, matrix case; run with --release (verify-r5.sh, or nextest for parallel/retry/resume)
test matrix_case_503 ... ignored, matrix case; run with --release (verify-r5.sh, or nextest for parallel/retry/resume)
test matrix_case_504 ... ignored, matrix case; run with --release (verify-r5.sh, or nextest for parallel/retry/resume)
test matrix_case_505 ... ignored, matrix case; run with --release (verify-r5.sh, or nextest for parallel/retry/resume)
test matrix_case_506 ... ignored, matrix case; run with --release (verify-r5.sh, or nextest for parallel/retry/resume)
test matrix_case_507 ... ignored, matrix case; run with --release (verify-r5.sh, or nextest for parallel/retry/resume)
test matrix_case_508 ... ignored, matrix case; run with --release (verify-r5.sh, or nextest for parallel/retry/resume)
test matrix_case_509 ... ignored, matrix case; run with --release (verify-r5.sh, or nextest for parallel/retry/resume)
test matrix_case_510 ... ignored, matrix case; run with --release (verify-r5.sh, or nextest for parallel/retry/resume)
test matrix_case_511 ... ignored, matrix case; run with --release (verify-r5.sh, or nextest for parallel/retry/resume)
test matrix_case_512 ... ignored, matrix case; run with --release (verify-r5.sh, or nextest for parallel/retry/resume)
test matrix_case_513 ... ignored, matrix case; run with --release (verify-r5.sh, or nextest for parallel/retry/resume)
test matrix_case_514 ... ignored, matrix case; run with --release (verify-r5.sh, or nextest for parallel/retry/resume)
test matrix_case_515 ... ignored, matrix case; run with --release (verify-r5.sh, or nextest for parallel/retry/resume)
test matrix_case_516 ... ignored, matrix case; run with --release (verify-r5.sh, or nextest for parallel/retry/resume)
test matrix_case_517 ... ignored, matrix case; run with --release (verify-r5.sh, or nextest for parallel/retry/resume)
test matrix_case_518 ... ignored, matrix case; run with --release (verify-r5.sh, or nextest for parallel/retry/resume)
test matrix_case_519 ... ignored, matrix case; run with --release (verify-r5.sh, or nextest for parallel/retry/resume)
test matrix_case_520 ... ignored, matrix case; run with --release (verify-r5.sh, or nextest for parallel/retry/resume)
test matrix_case_521 ... ignored, matrix case; run with --release (verify-r5.sh, or nextest for parallel/retry/resume)
test matrix_case_522 ... ignored, matrix case; run with --release (verify-r5.sh, or nextest for parallel/retry/resume)
test matrix_case_523 ... ignored, matrix case; run with --release (verify-r5.sh, or nextest for parallel/retry/resume)
test matrix_case_524 ... ignored, matrix case; run with --release (verify-r5.sh, or nextest for parallel/retry/resume)
test matrix_case_525 ... ignored, matrix case; run with --release (verify-r5.sh, or nextest for parallel/retry/resume)
test matrix_case_526 ... ignored, matrix case; run with --release (verify-r5.sh, or nextest for parallel/retry/resume)
test matrix_case_527 ... ignored, matrix case; run with --release (verify-r5.sh, or nextest for parallel/retry/resume)
test matrix_case_528 ... ignored, matrix case; run with --release (verify-r5.sh, or nextest for parallel/retry/resume)
test matrix_case_529 ... ignored, matrix case; run with --release (verify-r5.sh, or nextest for parallel/retry/resume)
test matrix_case_530 ... ignored, matrix case; run with --release (verify-r5.sh, or nextest for parallel/retry/resume)
test matrix_case_531 ... ignored, matrix case; run with --release (verify-r5.sh, or nextest for parallel/retry/resume)
test matrix_case_532 ... ignored, matrix case; run with --release (verify-r5.sh, or nextest for parallel/retry/resume)
test matrix_case_533 ... ignored, matrix case; run with --release (verify-r5.sh, or nextest for parallel/retry/resume)
test matrix_case_534 ... ignored, matrix case; run with --release (verify-r5.sh, or nextest for parallel/retry/resume)
test matrix_case_535 ... ignored, matrix case; run with --release (verify-r5.sh, or nextest for parallel/retry/resume)
test matrix_case_536 ... ignored, matrix case; run with --release (verify-r5.sh, or nextest for parallel/retry/resume)
test matrix_case_537 ... ignored, matrix case; run with --release (verify-r5.sh, or nextest for parallel/retry/resume)
test matrix_case_538 ... ignored, matrix case; run with --release (verify-r5.sh, or nextest for parallel/retry/resume)
test matrix_case_539 ... ignored, matrix case; run with --release (verify-r5.sh, or nextest for parallel/retry/resume)
test matrix_case_540 ... ignored, matrix case; run with --release (verify-r5.sh, or nextest for parallel/retry/resume)
test matrix_case_541 ... ignored, matrix case; run with --release (verify-r5.sh, or nextest for parallel/retry/resume)
test matrix_case_542 ... ignored, matrix case; run with --release (verify-r5.sh, or nextest for parallel/retry/resume)
test matrix_case_543 ... ignored, matrix case; run with --release (verify-r5.sh, or nextest for parallel/retry/resume)
test matrix_case_544 ... ignored, matrix case; run with --release (verify-r5.sh, or nextest for parallel/retry/resume)
test matrix_case_545 ... ignored, matrix case; run with --release (verify-r5.sh, or nextest for parallel/retry/resume)
test matrix_case_546 ... ignored, matrix case; run with --release (verify-r5.sh, or nextest for parallel/retry/resume)
test matrix_case_547 ... ignored, matrix case; run with --release (verify-r5.sh, or nextest for parallel/retry/resume)
test r5_case_inventory_frozen_counts ... ignored, frozen inventory counts; verify-r5.sh runs it with --release

test result: ok. 0 passed; 0 failed; 549 ignored; 0 measured; 0 filtered out; finished in 0.00s

     Running tests/reference_environment.rs (target/debug/deps/reference_environment-25b421db70a60c65)

running 5 tests
test safe_local_edits_still_converge_and_reuse ... ok
test fence_closer_removal_refreshes_a_reused_payload ... ok
test reference_definition_removal_refreshes_a_reused_payload ... ok
test reference_definition_restore_refreshes_a_reused_payload ... ok
test fence_closer_restoration_refreshes_a_reused_payload ... ok

test result: ok. 5 passed; 0 failed; 0 ignored; 0 measured; 0 filtered out; finished in 0.00s

     Running unittests src/lib.rs (target/debug/deps/markit_mdbench_runner-a714c252c097e38e)

running 9 tests
test build_identity::tests::identity_is_present_and_recorded ... ok
test case_order::tests::empty_and_singletons_are_safe ... ok
test case_order::tests::splitmix64_stream_matches_golden_vectors ... ok
test case_order::tests::order_cases_matches_golden_permutation ... ok
test jsonl::tests::row_is_one_json_line ... ok
test case_order::tests::different_seed_normally_different_order ... ok
test case_order::tests::unordered_enumeration_yields_same_final_order ... ok
test case_order::tests::same_seed_same_order ... ok
test case_order::tests::bounded_draws_are_in_range_and_balanced ... ok

test result: ok. 9 passed; 0 failed; 0 ignored; 0 measured; 0 filtered out; finished in 0.05s

     Running unittests src/bin/mdbench-gen-schema.rs (target/debug/deps/mdbench_gen_schema-697a1a4f96fd768d)

running 0 tests

test result: ok. 0 passed; 0 failed; 0 ignored; 0 measured; 0 filtered out; finished in 0.00s

     Running unittests src/bin/mdbench-worker.rs (target/debug/deps/mdbench_worker-44ea432a085a2bf7)

running 0 tests

test result: ok. 0 passed; 0 failed; 0 ignored; 0 measured; 0 filtered out; finished in 0.00s

     Running unittests src/bin/r1-smoke.rs (target/debug/deps/r1_smoke-0ac78774c6dcf3d0)

running 0 tests

test result: ok. 0 passed; 0 failed; 0 ignored; 0 measured; 0 filtered out; finished in 0.00s

     Running tests/r1_acceptance.rs (target/debug/deps/r1_acceptance-931fd27d0676ec72)

running 16 tests
test edit_meta_rejects_contradictory_combinations ... ok
test attribution_covers_prepare_and_unions_overlapping_inspections ... ok
test case_id_is_identical_across_lanes_and_mechanisms ... ok
test full_parse_has_not_applicable_prepare_and_native_only_timing ... ok
test edit_meta_matches_operation_contract_for_every_operation ... ok
test memory_lane_values_are_per_case_and_never_leak_across_cases ... ok
test memory_lane_opens_and_closes_one_window_around_the_mechanism ... ok
test null_mechanism_end_to_end_pass_through_real_runner ... ok
test invalid_lane_combinations_are_rejected ... ok
test no_horse_implementations_exist ... ok
test update_timing_boundaries_are_exact_and_complete_runs_inside_t_native ... ok
test lanes_are_structurally_exclusive_in_reports_and_rows ... ok
test injected_failures_are_preserved_and_never_dropped ... ok
test rows_round_trip_through_jsonl ... ok
test schema_has_no_conclusion_fields ... ok
test rows_validate_against_generated_schema_and_schema_has_not_drifted ... ok

test result: ok. 16 passed; 0 failed; 0 ignored; 0 measured; 0 filtered out; finished in 0.03s

     Running tests/supervisor_isolation.rs (target/debug/deps/supervisor_isolation-6a4edb84b40a2030)

running 8 tests

thread 'main' (154556) panicked at runner/src/bin/mdbench-worker.rs:154:1:
injected crash for supervisor testing
note: run with `RUST_BACKTRACE=1` environment variable to display a backtrace

thread 'main' (154557) panicked at runner/src/bin/mdbench-worker.rs:155:1:
injected initial-state crash for supervisor testing
note: run with `RUST_BACKTRACE=1` environment variable to display a backtrace
test abnormal_child_exit_is_classified_as_crash ... ok
test worker_full_parse_reports_pass_with_not_applicable_prepare ... ok
test mechanism_reported_failure_survives_the_process_boundary ... ok
test worker_panic_is_recorded_as_crash_and_the_row_survives ... ok
test panic_in_initial_state_construction_never_erases_the_case ... ok
test worker_normal_pass_survives_with_a_pass_row ... ok
test fatal_signal_is_classified_as_crash ... ok
test hang_is_classified_as_timeout_within_the_budget ... ok

test result: ok. 8 passed; 0 failed; 0 ignored; 0 measured; 0 filtered out; finished in 0.40s

     Running unittests src/lib.rs (target/debug/deps/markit_mdbench_semantics-56c66d6f283b06e7)

running 5 tests
test canonical::tests::canonical_json_sorts_keys_and_drops_whitespace ... ok
test canonical::tests::sha256_matches_known_vector ... ok
test lanes::tests::lane_identities_are_versioned_and_distinct ... ok
test lanes::tests::g0_keeps_its_frozen_construct_set ... ok
test lanes::tests::semantic_qualification_never_implies_horse_qualification ... ok

test result: ok. 5 passed; 0 failed; 0 ignored; 0 measured; 0 filtered out; finished in 0.00s

     Running unittests src/bin/mdbench-gen-semantic-schema.rs (target/debug/deps/mdbench_gen_semantic_schema-95b0ff894c8141b6)

running 0 tests

test result: ok. 0 passed; 0 failed; 0 ignored; 0 measured; 0 filtered out; finished in 0.00s

     Running unittests src/bin/mdbench-semantic-pilot.rs (target/debug/deps/mdbench_semantic_pilot-4ebc395642e6fbac)

running 0 tests

test result: ok. 0 passed; 0 failed; 0 ignored; 0 measured; 0 filtered out; finished in 0.00s

     Running tests/contracts.rs (target/debug/deps/contracts-51ee28d7d2d0c5c4)

running 8 tests
test lane_identities_are_stable_and_versioned ... ok
test synthetic_case_identity_is_unchanged ... ok
test semantics_crate_has_no_mechanism_dependency ... ok
test profiler_identity_is_versioned ... ok
test semantic_and_horse_qualification_are_independent ... ok
test generated_artifacts_match_the_models ... ok
test published_artifacts_carry_no_machine_paths ... ok
test committed_pilot_artifacts_match_the_driver ... ok

test result: ok. 8 passed; 0 failed; 0 ignored; 0 measured; 0 filtered out; finished in 0.35s

     Running tests/lifecycle.rs (target/debug/deps/lifecycle-b56c2be54461ee7b)

running 6 tests
test position_requests_that_share_an_anchor_are_deduplicated ... ok
test trace_coordinates_are_validated_against_each_steps_pre_source ... ok
test restore_exactness_is_reported_and_can_be_a_declared_failure ... ok
test a_break_that_changes_nothing_is_rejected ... ok
test break_restore_sha_chain_is_correct_and_verified ... ok
test payload_identity_is_deterministic_and_inserted_bytes_are_reconstructable ... ok

test result: ok. 6 passed; 0 failed; 0 ignored; 0 measured; 0 filtered out; finished in 0.01s

     Running tests/profiler.rs (target/debug/deps/profiler-a1a4336d0139324c)

running 11 tests
test fenced_content_interval_handles_container_prefixed_closers ... ok
test host_context_rule_holds_for_g0_code_spans ... ok
test a_candidate_anchored_on_a_fence_opener_is_still_literal_content ... ok
test source_facts_are_parser_independent_and_byte_exact ... ok
test the_empty_source_profiles_under_both_lanes ... ok
test probe_oracle_disagreement_is_recorded ... ok
test host_context_rule_keeps_literal_content_out_of_host_syntax ... ok
test ambiguous_and_unknown_candidates_are_never_resolved ... ok
test recognized_facts_carry_byte_spans_on_char_boundaries ... ok
test table_facts_come_from_the_recognized_construct ... ok
test profiling_is_byte_deterministic ... ok

test result: ok. 11 passed; 0 failed; 0 ignored; 0 measured; 0 filtered out; finished in 0.01s

     Running tests/transitions.rs (target/debug/deps/transitions-c16a49e0b5c7d6ad)

running 12 tests
test a_vacuous_assertion_set_is_rejected ... ok
test a_no_op_edit_is_rejected ... ok
test kind_predicates_see_out_of_band_recognized_facts ... ok
test unknown_lane_is_rejected ... ok
test transition_rejects_non_char_boundary_edits ... ok
test transition_rejects_post_source_that_does_not_match_the_edit ... ok
test transition_rejects_predicates_bound_to_another_lane ... ok
test the_same_edit_is_strictly_eligible_under_the_lane_that_owns_it ... ok
test pre_and_post_eligibility_are_independent ... ok
test content_only_edit_is_a_content_change_not_a_structure_change ... ok
test g0_heading_to_paragraph_transition_holds ... ok
test table_delimiter_break_and_restore_are_proven_by_the_oracle ... ok

test result: ok. 12 passed; 0 failed; 0 ignored; 0 measured; 0 filtered out; finished in 0.00s

     Running unittests src/lib.rs (target/debug/deps/markit_mdbench_shared_grammar-8c51145858cd1739)

running 6 tests
test parser::tests::context_keys_distinguish_container_state ... ok
test parser::tests::full_parse_shapes_a_simple_document ... ok
test parser::tests::eof_fence_inside_a_container_never_escapes_its_parent ... ok
test parser::tests::region_parse_matches_full_parse_on_a_suffix_region ... ok
test parser::tests::splice_hook_runs_and_produces_placeholders ... ok
test parser::tests::splice_take_reports_its_tail_byte_source_inspection ... ok

test result: ok. 6 passed; 0 failed; 0 ignored; 0 measured; 0 filtered out; finished in 0.00s

     Running unittests src/lib.rs (target/debug/deps/markit_mdbench_workload_freeze-89b323df486284e6)

running 0 tests

test result: ok. 0 passed; 0 failed; 0 ignored; 0 measured; 0 filtered out; finished in 0.00s

     Running unittests src/bin/mdbench-corrective-c.rs (target/debug/deps/mdbench_corrective_c-7722e317b9446db2)

running 0 tests

test result: ok. 0 passed; 0 failed; 0 ignored; 0 measured; 0 filtered out; finished in 0.00s

     Running tests/constructor_regression.rs (target/debug/deps/constructor_regression-f0bcd7af19c17bbd)

running 4 tests
test link_dest_break_inserts_space ... ok
test list_indent_requires_adjacent_sibling ... ok
test exact_inverse_is_byte_exact_for_all_edit_shapes ... ok
test header_pipe_remove_selects_separator_only ... ok

test result: ok. 4 passed; 0 failed; 0 ignored; 0 measured; 0 filtered out; finished in 0.00s

   Doc-tests markit_mdbench_block_local

running 0 tests

test result: ok. 0 passed; 0 failed; 0 ignored; 0 measured; 0 filtered out; finished in 0.00s

   Doc-tests markit_mdbench_campaign

running 0 tests

test result: ok. 0 passed; 0 failed; 0 ignored; 0 measured; 0 filtered out; finished in 0.00s

   Doc-tests markit_mdbench_common

running 0 tests

test result: ok. 0 passed; 0 failed; 0 ignored; 0 measured; 0 filtered out; finished in 0.00s

   Doc-tests markit_mdbench_corpusgen

running 0 tests

test result: ok. 0 passed; 0 failed; 0 ignored; 0 measured; 0 filtered out; finished in 0.00s

   Doc-tests markit_mdbench_diagnostics

running 0 tests

test result: ok. 0 passed; 0 failed; 0 ignored; 0 measured; 0 filtered out; finished in 0.00s

   Doc-tests markit_mdbench_fragment_reuse

running 0 tests

test result: ok. 0 passed; 0 failed; 0 ignored; 0 measured; 0 filtered out; finished in 0.00s

   Doc-tests markit_mdbench_full_rebuild

running 0 tests

test result: ok. 0 passed; 0 failed; 0 ignored; 0 measured; 0 filtered out; finished in 0.00s

   Doc-tests markit_mdbench_instrumentation

running 0 tests

test result: ok. 0 passed; 0 failed; 0 ignored; 0 measured; 0 filtered out; finished in 0.00s

   Doc-tests markit_mdbench_null_r1

running 0 tests

test result: ok. 0 passed; 0 failed; 0 ignored; 0 measured; 0 filtered out; finished in 0.00s

   Doc-tests markit_mdbench_old_tree_subtree_reuse

running 0 tests

test result: ok. 0 passed; 0 failed; 0 ignored; 0 measured; 0 filtered out; finished in 0.00s

   Doc-tests markit_mdbench_oracle

running 0 tests

test result: ok. 0 passed; 0 failed; 0 ignored; 0 measured; 0 filtered out; finished in 0.00s

   Doc-tests markit_mdbench_profile_select

running 0 tests

test result: ok. 0 passed; 0 failed; 0 ignored; 0 measured; 0 filtered out; finished in 0.00s

   Doc-tests markit_mdbench_restart_convergence

running 0 tests

test result: ok. 0 passed; 0 failed; 0 ignored; 0 measured; 0 filtered out; finished in 0.00s

   Doc-tests markit_mdbench_runner

running 0 tests

test result: ok. 0 passed; 0 failed; 0 ignored; 0 measured; 0 filtered out; finished in 0.00s

   Doc-tests markit_mdbench_semantics

running 0 tests

test result: ok. 0 passed; 0 failed; 0 ignored; 0 measured; 0 filtered out; finished in 0.00s

   Doc-tests markit_mdbench_shared_grammar

running 0 tests

test result: ok. 0 passed; 0 failed; 0 ignored; 0 measured; 0 filtered out; finished in 0.00s

   Doc-tests markit_mdbench_workload_freeze

running 0 tests

test result: ok. 0 passed; 0 failed; 0 ignored; 0 measured; 0 filtered out; finished in 0.00s


=== #35 workload freeze verify (WORKLOAD_IDENTITY_CHANGED must be NO) ===
VERIFY_OK payloads=449 full_read_records=37 receipt_artifacts=6

=== #35 workload freeze determinism ===
DETERMINISM_OK artifacts=7 byte-identical

=== build the frozen release profile (release-primary-v1) ===

=== campaign manifest verify ===
CAMPAIGN_MANIFEST_OK campaign_id=MARKIT-31-PRIMARY-PERFORMANCE-CAMPAIGN-v1

=== campaign receipt verify ===
CAMPAIGN_RECEIPT_OK spec_id=ad45c7cbd2565d7f78c54a75fdaa27defe22788febb21d583e09805c6d6c66f2 artifacts=14

=== campaign schedule determinism (byte-identical regeneration) ===
SCHEDULE_DETERMINISM_PASS bytes=597147

=== machine preflight (non-measuring, fail-closed) — scope All ===
{"blockers":[],"diagnostics":{"machine_memory":{"current_mem_total_bytes":67252449280,"definition":"/proc/meminfo:MemTotal = usable RAM (installed capacity minus firmware/kernel reservations), not installed physical capacity; recorded observation, never byte-exact matched","delta_bytes":4096,"frozen_mem_total_bytes":67252445184,"identity_role":"diagnostic_only"},"observation_enumeration":{"duplicate_ids":0,"lanes":[{"attribution_rows":0,"duplicate_ids":0,"lane":"timing:clean_state:0","measured_rows":3300,"rows":4400,"unique_ids":4400,"warmup_rows":1100},{"attribution_rows":0,"duplicate_ids":0,"lane":"timing:clean_state:1","measured_rows":3300,"rows":4400,"unique_ids":4400,"warmup_rows":1100},{"attribution_rows":0,"duplicate_ids":0,"lane":"timing:clean_state:2","measured_rows":3300,"rows":4400,"unique_ids":4400,"warmup_rows":1100},{"attribution_rows":110,"duplicate_ids":0,"lane":"attribution:clean_state","measured_rows":0,"rows":110,"unique_ids":110,"warmup_rows":0},{"attribution_rows":0,"duplicate_ids":0,"lane":"timing:edit_write:0","measured_rows":54300,"rows":72400,"unique_ids":72400,"warmup_rows":18100},{"attribution_rows":0,"duplicate_ids":0,"lane":"timing:edit_write:1","measured_rows":54300,"rows":72400,"unique_ids":72400,"warmup_rows":18100},{"attribution_rows":0,"duplicate_ids":0,"lane":"timing:edit_write:2","measured_rows":54300,"rows":72400,"unique_ids":72400,"warmup_rows":18100},{"attribution_rows":1810,"duplicate_ids":0,"lane":"attribution:edit_write","measured_rows":0,"rows":1810,"unique_ids":1810,"warmup_rows":0}],"rows":232320,"scope":"all","unique_ids":232320},"scope":"all","transient":{"load_average_1_5_15":"2.38 2.22 2.19","mem_available_kib":"57078232","temperature_raw":"63000","timestamp_unix":1790088709}},"host_binding":"enforced","verdict":"CAMPAIGN_PREFLIGHT_PASS"}

=== machine preflight — scope Timing (clean_state session 0) ===
{"blockers":[],"diagnostics":{"machine_memory":{"current_mem_total_bytes":67252449280,"definition":"/proc/meminfo:MemTotal = usable RAM (installed capacity minus firmware/kernel reservations), not installed physical capacity; recorded observation, never byte-exact matched","delta_bytes":4096,"frozen_mem_total_bytes":67252445184,"identity_role":"diagnostic_only"},"observation_enumeration":{"duplicate_ids":0,"lanes":[{"attribution_rows":0,"duplicate_ids":0,"lane":"timing:clean_state:0","measured_rows":3300,"rows":4400,"unique_ids":4400,"warmup_rows":1100}],"rows":4400,"scope":"timing:clean_state:0","unique_ids":4400},"scope":"timing:clean_state:0","transient":{"load_average_1_5_15":"2.38 2.22 2.19","mem_available_kib":"57118112","temperature_raw":"63000","timestamp_unix":1790088710}},"host_binding":"enforced","verdict":"CAMPAIGN_PREFLIGHT_PASS"}

=== machine preflight — scope Attribution (edit_write lane) ===
{"blockers":[],"diagnostics":{"machine_memory":{"current_mem_total_bytes":67252449280,"definition":"/proc/meminfo:MemTotal = usable RAM (installed capacity minus firmware/kernel reservations), not installed physical capacity; recorded observation, never byte-exact matched","delta_bytes":4096,"frozen_mem_total_bytes":67252445184,"identity_role":"diagnostic_only"},"observation_enumeration":{"duplicate_ids":0,"lanes":[{"attribution_rows":1810,"duplicate_ids":0,"lane":"attribution:edit_write","measured_rows":0,"rows":1810,"unique_ids":1810,"warmup_rows":0}],"rows":1810,"scope":"attribution:edit_write","unique_ids":1810},"scope":"attribution:edit_write","transient":{"load_average_1_5_15":"2.43 2.24 2.19","mem_available_kib":"57116080","temperature_raw":"64000","timestamp_unix":1790088711}},"host_binding":"enforced","verdict":"CAMPAIGN_PREFLIGHT_PASS"}

=== campaign fake-clock NON_RESEARCH smoke (end-to-end plumbing) ===
NON_RESEARCH_SMOKE_PASS timing_rows=20 attribution_rows=10 failure_propagated=true
NON_RESEARCH_RESULT

=== PRIMARY_TIMING = NOT_STARTED (nothing above ran a real campaign clock) ===
PRIMARY_PERFORMANCE_CAMPAIGN_FREEZE_VERIFY_DONE
EXIT_CODE=0
