session,round,ordinal,label,variant,cell,n_bytes,m_blocks,case_id_hex,sample_kind,measured_ordinal,prepare_ns,native_ns,total_ns,drain_ns,drain_states,drain_payloads_destroyed,inventory_old_block_slots,inventory_handles_kept_shared,inventory_handles_last_reference,execution_status,correctness_status,result_checksum
0,0,0,A0-dup,A0,128KiB,131072,1024,22e51081397aebb06a1c4c3f85bd08a6e7041a438f4aae416970027e1ddbb24e,warmup,0,7230,108576,115806,1628,0,0,0,0,0,Pass,Pass,15067928572581534229
0,0,1,A0-dup,A0,256KiB,262144,2048,6f0154469137295abd7b45b25bc83aace599559234fd5f331140bd800c48b670,warmup,0,13816,214314,228130,72,0,0,0,0,0,Pass,Pass,1126272383489710074
0,0,2,A0-dup,A0,512KiB,524288,4096,155dfc49f4c05f1087ef002a279acee734e738bc580f2b3925315f95a108242b,warmup,0,28511,443873,472384,47,0,0,0,0,0,Pass,Pass,192086794746352270
0,0,3,Adrop,Adrop,512KiB,524288,4096,155dfc49f4c05f1087ef002a279acee734e738bc580f2b3925315f95a108242b,warmup,0,28476,253134,281610,318944,1,4096,4096,4095,1,Pass,Pass,192086794746352270
0,0,4,Adefs,Adefs,256KiB,262144,2048,6f0154469137295abd7b45b25bc83aace599559234fd5f331140bd800c48b670,warmup,0,13518,145976,159494,45,0,0,4096,4095,1,Pass,Pass,1126272383489710074
0,0,5,Acapacity,Acapacity,4MiB,4194304,32768,f9dc4b51d64658b088837d5f2a7d485e8eba57daed852c20d443b77cc8137655,warmup,0,667281,6097080,6764361,498,0,0,4096,4095,1,Pass,Pass,7876534982476418273
0,0,6,A0,A0,512KiB,524288,4096,155dfc49f4c05f1087ef002a279acee734e738bc580f2b3925315f95a108242b,warmup,0,29544,321239,350783,148,0,0,4096,4095,1,Pass,Pass,192086794746352270
0,0,7,A0,A0,4MiB,4194304,32768,f9dc4b51d64658b088837d5f2a7d485e8eba57daed852c20d443b77cc8137655,warmup,0,654782,5705203,6359985,372,0,0,4096,4095,1,Pass,Pass,7876534982476418273
0,0,8,A0-dup,A0,16MiB,16777216,131072,0c00f8138e0e622f6fc7215fc0f0d135e79bf60450e4c79d30e30624a8842117,warmup,0,2954025,26744406,29698431,360,0,0,4096,4095,1,Pass,Pass,7408339909486172793
0,0,9,A0,A0,128KiB,131072,1024,22e51081397aebb06a1c4c3f85bd08a6e7041a438f4aae416970027e1ddbb24e,warmup,0,7247,82103,89350,114,0,0,4096,4095,1,Pass,Pass,15067928572581534229
0,0,10,A0-dup,A0,2MiB,2097152,16384,6587afedd7c0f949b131311e7425d033a0754a29587f85f26ec370a31fc4edf0,warmup,0,166928,1545895,1712823,403,0,0,4096,4095,1,Pass,Pass,7349817109290025153
0,0,11,A0,A0,8MiB,8388608,65536,e456d3adf67030c5a168df273f5171ca3e1299e54571d94cca82b117f3cf3aeb,warmup,0,1374703,11150598,12525301,264,0,0,4096,4095,1,Pass,Pass,9713268438230653554
0,0,12,Adrop,Adrop,2MiB,2097152,16384,6587afedd7c0f949b131311e7425d033a0754a29587f85f26ec370a31fc4edf0,warmup,0,115692,1281258,1396950,2163519,1,16384,16384,16383,1,Pass,Pass,7349817109290025153
0,0,13,Adefs,Adefs,4MiB,4194304,32768,f9dc4b51d64658b088837d5f2a7d485e8eba57daed852c20d443b77cc8137655,warmup,0,459991,4038949,4498940,129,0,0,16384,16383,1,Pass,Pass,7876534982476418273
0,0,14,Acapacity,Acapacity,2MiB,2097152,16384,6587afedd7c0f949b131311e7425d033a0754a29587f85f26ec370a31fc4edf0,warmup,0,113656,1483433,1597089,120,0,0,16384,16383,1,Pass,Pass,7349817109290025153
0,0,15,Acapacity,Acapacity,16MiB,16777216,131072,0c00f8138e0e622f6fc7215fc0f0d135e79bf60450e4c79d30e30624a8842117,warmup,0,3175185,21820701,24995886,152,0,0,16384,16383,1,Pass,Pass,7408339909486172793
0,0,16,A0,A0,256KiB,262144,2048,6f0154469137295abd7b45b25bc83aace599559234fd5f331140bd800c48b670,warmup,0,13822,160130,173952,54,0,0,16384,16383,1,Pass,Pass,1126272383489710074
0,0,17,Acapacity,Acapacity,128KiB,131072,1024,22e51081397aebb06a1c4c3f85bd08a6e7041a438f4aae416970027e1ddbb24e,warmup,0,6716,77809,84525,52,0,0,16384,16383,1,Pass,Pass,15067928572581534229
0,0,18,Adefs,Adefs,2MiB,2097152,16384,6587afedd7c0f949b131311e7425d033a0754a29587f85f26ec370a31fc4edf0,warmup,0,114313,1343621,1457934,117,0,0,16384,16383,1,Pass,Pass,7349817109290025153
0,0,19,Adrop,Adrop,256KiB,262144,2048,6f0154469137295abd7b45b25bc83aace599559234fd5f331140bd800c48b670,warmup,0,13921,122080,136001,149365,1,2048,2048,2047,1,Pass,Pass,1126272383489710074
0,0,20,A0-dup,A0,1MiB,1048576,8192,337a179ec729c20c01309d98317f7ca00691d12ca10285b55ade71fb880e191c,warmup,0,57846,654189,712035,93,0,0,2048,2047,1,Pass,Pass,16341657278089853397
0,0,21,A0-dup,A0,4MiB,4194304,32768,f9dc4b51d64658b088837d5f2a7d485e8eba57daed852c20d443b77cc8137655,warmup,0,557250,5196117,5753367,419,0,0,2048,2047,1,Pass,Pass,7876534982476418273
0,0,22,Adefs,Adefs,16MiB,16777216,131072,0c00f8138e0e622f6fc7215fc0f0d135e79bf60450e4c79d30e30624a8842117,warmup,0,3021999,19476239,22498238,343,0,0,2048,2047,1,Pass,Pass,7408339909486172793
0,0,23,A0,A0,2MiB,2097152,16384,6587afedd7c0f949b131311e7425d033a0754a29587f85f26ec370a31fc4edf0,warmup,0,155022,1584294,1739316,173,0,0,2048,2047,1,Pass,Pass,7349817109290025153
0,0,24,Adefs,Adefs,512KiB,524288,4096,155dfc49f4c05f1087ef002a279acee734e738bc580f2b3925315f95a108242b,warmup,0,29105,296789,325894,64,0,0,2048,2047,1,Pass,Pass,192086794746352270
0,0,25,Adrop,Adrop,128KiB,131072,1024,22e51081397aebb06a1c4c3f85bd08a6e7041a438f4aae416970027e1ddbb24e,warmup,0,6604,61295,67899,80808,1,1024,1024,1023,1,Pass,Pass,15067928572581534229
0,0,26,Adefs,Adefs,128KiB,131072,1024,22e51081397aebb06a1c4c3f85bd08a6e7041a438f4aae416970027e1ddbb24e,warmup,0,6518,72716,79234,103,0,0,1024,1023,1,Pass,Pass,15067928572581534229
0,0,27,Adrop,Adrop,4MiB,4194304,32768,f9dc4b51d64658b088837d5f2a7d485e8eba57daed852c20d443b77cc8137655,warmup,0,431202,3704387,4135589,3880925,1,32768,32768,32767,1,Pass,Pass,7876534982476418273
0,0,28,Acapacity,Acapacity,8MiB,8388608,65536,e456d3adf67030c5a168df273f5171ca3e1299e54571d94cca82b117f3cf3aeb,warmup,0,1430655,10682544,12113199,356,0,0,32768,32767,1,Pass,Pass,9713268438230653554
0,0,29,Adrop,Adrop,8MiB,8388608,65536,e456d3adf67030c5a168df273f5171ca3e1299e54571d94cca82b117f3cf3aeb,warmup,0,1437888,9096287,10534175,7680614,1,65536,65536,65535,1,Pass,Pass,9713268438230653554
0,0,30,Acapacity,Acapacity,256KiB,262144,2048,6f0154469137295abd7b45b25bc83aace599559234fd5f331140bd800c48b670,warmup,0,14154,159911,174065,206,0,0,65536,65535,1,Pass,Pass,1126272383489710074
0,0,31,Adefs,Adefs,1MiB,1048576,8192,337a179ec729c20c01309d98317f7ca00691d12ca10285b55ade71fb880e191c,warmup,0,57820,612437,670257,99,0,0,65536,65535,1,Pass,Pass,16341657278089853397
0,0,32,Adrop,Adrop,1MiB,1048576,8192,337a179ec729c20c01309d98317f7ca00691d12ca10285b55ade71fb880e191c,warmup,0,57558,515228,572786,606287,1,8192,8192,8191,1,Pass,Pass,16341657278089853397
0,0,33,A0-dup,A0,8MiB,8388608,65536,e456d3adf67030c5a168df273f5171ca3e1299e54571d94cca82b117f3cf3aeb,warmup,0,1433658,11432945,12866603,416,0,0,8192,8191,1,Pass,Pass,9713268438230653554
0,0,34,Acapacity,Acapacity,512KiB,524288,4096,155dfc49f4c05f1087ef002a279acee734e738bc580f2b3925315f95a108242b,warmup,0,29206,316309,345515,54,0,0,8192,8191,1,Pass,Pass,192086794746352270
0,0,35,A0,A0,1MiB,1048576,8192,337a179ec729c20c01309d98317f7ca00691d12ca10285b55ade71fb880e191c,warmup,0,57177,674998,732175,90,0,0,8192,8191,1,Pass,Pass,16341657278089853397
0,0,36,Adefs,Adefs,8MiB,8388608,65536,e456d3adf67030c5a168df273f5171ca3e1299e54571d94cca82b117f3cf3aeb,warmup,0,1398150,9769348,11167498,254,0,0,8192,8191,1,Pass,Pass,9713268438230653554
0,0,37,Adrop,Adrop,16MiB,16777216,131072,0c00f8138e0e622f6fc7215fc0f0d135e79bf60450e4c79d30e30624a8842117,warmup,0,3086944,19247561,22334505,21949791,1,131072,131072,131071,1,Pass,Pass,7408339909486172793
0,0,38,Acapacity,Acapacity,1MiB,1048576,8192,337a179ec729c20c01309d98317f7ca00691d12ca10285b55ade71fb880e191c,warmup,0,58223,652162,710385,188,0,0,131072,131071,1,Pass,Pass,16341657278089853397
0,0,39,A0,A0,16MiB,16777216,131072,0c00f8138e0e622f6fc7215fc0f0d135e79bf60450e4c79d30e30624a8842117,warmup,0,2943908,26453081,29396989,324,0,0,131072,131071,1,Pass,Pass,7408339909486172793
0,1,0,A0,A0,4MiB,4194304,32768,f9dc4b51d64658b088837d5f2a7d485e8eba57daed852c20d443b77cc8137655,warmup,0,453822,4330991,4784813,434,0,0,131072,131071,1,Pass,Pass,7876534982476418273
0,1,1,Adrop,Adrop,512KiB,524288,4096,155dfc49f4c05f1087ef002a279acee734e738bc580f2b3925315f95a108242b,warmup,0,29434,252904,282338,319869,1,4096,4096,4095,1,Pass,Pass,192086794746352270
0,1,2,Adefs,Adefs,1MiB,1048576,8192,337a179ec729c20c01309d98317f7ca00691d12ca10285b55ade71fb880e191c,warmup,0,57482,629322,686804,88,0,0,4096,4095,1,Pass,Pass,16341657278089853397
0,1,3,Acapacity,Acapacity,4MiB,4194304,32768,f9dc4b51d64658b088837d5f2a7d485e8eba57daed852c20d443b77cc8137655,warmup,0,472145,4564952,5037097,415,0,0,4096,4095,1,Pass,Pass,7876534982476418273
0,1,4,Adefs,Adefs,8MiB,8388608,65536,e456d3adf67030c5a168df273f5171ca3e1299e54571d94cca82b117f3cf3aeb,warmup,0,1362187,10352415,11714602,118,0,0,4096,4095,1,Pass,Pass,9713268438230653554
0,1,5,Adrop,Adrop,256KiB,262144,2048,6f0154469137295abd7b45b25bc83aace599559234fd5f331140bd800c48b670,warmup,0,14106,124077,138183,161381,1,2048,2048,2047,1,Pass,Pass,1126272383489710074
0,1,6,A0-dup,A0,2MiB,2097152,16384,6587afedd7c0f949b131311e7425d033a0754a29587f85f26ec370a31fc4edf0,warmup,0,115665,1488881,1604546,109,0,0,2048,2047,1,Pass,Pass,7349817109290025153
0,1,7,Adefs,Adefs,4MiB,4194304,32768,f9dc4b51d64658b088837d5f2a7d485e8eba57daed852c20d443b77cc8137655,warmup,0,557107,4187149,4744256,605,0,0,2048,2047,1,Pass,Pass,7876534982476418273
0,1,8,Adrop,Adrop,4MiB,4194304,32768,f9dc4b51d64658b088837d5f2a7d485e8eba57daed852c20d443b77cc8137655,warmup,0,440835,3833172,4274007,4326255,1,32768,32768,32767,1,Pass,Pass,7876534982476418273
0,1,9,Acapacity,Acapacity,256KiB,262144,2048,6f0154469137295abd7b45b25bc83aace599559234fd5f331140bd800c48b670,warmup,0,13831,155823,169654,263,0,0,32768,32767,1,Pass,Pass,1126272383489710074
0,1,10,A0,A0,1MiB,1048576,8192,337a179ec729c20c01309d98317f7ca00691d12ca10285b55ade71fb880e191c,warmup,0,57196,660291,717487,87,0,0,32768,32767,1,Pass,Pass,16341657278089853397
0,1,11,A0,A0,2MiB,2097152,16384,6587afedd7c0f949b131311e7425d033a0754a29587f85f26ec370a31fc4edf0,warmup,0,167325,1720875,1888200,199,0,0,32768,32767,1,Pass,Pass,7349817109290025153
0,1,12,Adrop,Adrop,128KiB,131072,1024,22e51081397aebb06a1c4c3f85bd08a6e7041a438f4aae416970027e1ddbb24e,warmup,0,6917,64475,71392,80576,1,1024,1024,1023,1,Pass,Pass,15067928572581534229
0,1,13,Adefs,Adefs,16MiB,16777216,131072,0c00f8138e0e622f6fc7215fc0f0d135e79bf60450e4c79d30e30624a8842117,warmup,0,2945892,21382559,24328451,433,0,0,1024,1023,1,Pass,Pass,7408339909486172793
0,1,14,A0-dup,A0,16MiB,16777216,131072,0c00f8138e0e622f6fc7215fc0f0d135e79bf60450e4c79d30e30624a8842117,warmup,0,3033512,23550064,26583576,265,0,0,1024,1023,1,Pass,Pass,7408339909486172793
0,1,15,Acapacity,Acapacity,512KiB,524288,4096,155dfc49f4c05f1087ef002a279acee734e738bc580f2b3925315f95a108242b,warmup,0,29158,317934,347092,49,0,0,1024,1023,1,Pass,Pass,192086794746352270
0,1,16,Adefs,Adefs,512KiB,524288,4096,155dfc49f4c05f1087ef002a279acee734e738bc580f2b3925315f95a108242b,warmup,0,29327,294840,324167,69,0,0,1024,1023,1,Pass,Pass,192086794746352270
0,1,17,Acapacity,Acapacity,8MiB,8388608,65536,e456d3adf67030c5a168df273f5171ca3e1299e54571d94cca82b117f3cf3aeb,warmup,0,1378364,10985352,12363716,481,0,0,1024,1023,1,Pass,Pass,9713268438230653554
0,1,18,Adefs,Adefs,128KiB,131072,1024,22e51081397aebb06a1c4c3f85bd08a6e7041a438f4aae416970027e1ddbb24e,warmup,0,7096,77722,84818,41,0,0,1024,1023,1,Pass,Pass,15067928572581534229
0,1,19,A0,A0,512KiB,524288,4096,155dfc49f4c05f1087ef002a279acee734e738bc580f2b3925315f95a108242b,warmup,0,28900,322854,351754,59,0,0,1024,1023,1,Pass,Pass,192086794746352270
0,1,20,Adrop,Adrop,1MiB,1048576,8192,337a179ec729c20c01309d98317f7ca00691d12ca10285b55ade71fb880e191c,warmup,0,57652,535446,593098,608740,1,8192,8192,8191,1,Pass,Pass,16341657278089853397
0,1,21,A0-dup,A0,1MiB,1048576,8192,337a179ec729c20c01309d98317f7ca00691d12ca10285b55ade71fb880e191c,warmup,0,57330,646482,703812,129,0,0,8192,8191,1,Pass,Pass,16341657278089853397
0,1,22,A0-dup,A0,256KiB,262144,2048,6f0154469137295abd7b45b25bc83aace599559234fd5f331140bd800c48b670,warmup,0,13717,157368,171085,66,0,0,8192,8191,1,Pass,Pass,1126272383489710074
0,1,23,Adefs,Adefs,256KiB,262144,2048,6f0154469137295abd7b45b25bc83aace599559234fd5f331140bd800c48b670,warmup,0,13641,145335,158976,85,0,0,8192,8191,1,Pass,Pass,1126272383489710074
0,1,24,A0-dup,A0,512KiB,524288,4096,155dfc49f4c05f1087ef002a279acee734e738bc580f2b3925315f95a108242b,warmup,0,29050,311187,340237,63,0,0,8192,8191,1,Pass,Pass,192086794746352270
0,1,25,Adefs,Adefs,2MiB,2097152,16384,6587afedd7c0f949b131311e7425d033a0754a29587f85f26ec370a31fc4edf0,warmup,0,155176,1571201,1726377,345,0,0,8192,8191,1,Pass,Pass,7349817109290025153
0,1,26,A0-dup,A0,8MiB,8388608,65536,e456d3adf67030c5a168df273f5171ca3e1299e54571d94cca82b117f3cf3aeb,warmup,0,1391897,11072690,12464587,137,0,0,8192,8191,1,Pass,Pass,9713268438230653554
0,1,27,Acapacity,Acapacity,2MiB,2097152,16384,6587afedd7c0f949b131311e7425d033a0754a29587f85f26ec370a31fc4edf0,warmup,0,118133,1498277,1616410,94,0,0,8192,8191,1,Pass,Pass,7349817109290025153
0,1,28,A0,A0,8MiB,8388608,65536,e456d3adf67030c5a168df273f5171ca3e1299e54571d94cca82b117f3cf3aeb,warmup,0,1420873,11367141,12788014,121,0,0,8192,8191,1,Pass,Pass,9713268438230653554
0,1,29,A0,A0,16MiB,16777216,131072,0c00f8138e0e622f6fc7215fc0f0d135e79bf60450e4c79d30e30624a8842117,warmup,0,2998650,21705582,24704232,338,0,0,8192,8191,1,Pass,Pass,7408339909486172793
0,1,30,A0-dup,A0,4MiB,4194304,32768,f9dc4b51d64658b088837d5f2a7d485e8eba57daed852c20d443b77cc8137655,warmup,0,538727,4669977,5208704,121,0,0,8192,8191,1,Pass,Pass,7876534982476418273
0,1,31,A0-dup,A0,128KiB,131072,1024,22e51081397aebb06a1c4c3f85bd08a6e7041a438f4aae416970027e1ddbb24e,warmup,0,7123,83458,90581,103,0,0,8192,8191,1,Pass,Pass,15067928572581534229
0,1,32,A0,A0,256KiB,262144,2048,6f0154469137295abd7b45b25bc83aace599559234fd5f331140bd800c48b670,warmup,0,13390,156623,170013,53,0,0,8192,8191,1,Pass,Pass,1126272383489710074
0,1,33,Adrop,Adrop,8MiB,8388608,65536,e456d3adf67030c5a168df273f5171ca3e1299e54571d94cca82b117f3cf3aeb,warmup,0,1427401,9650616,11078017,8577278,1,65536,65536,65535,1,Pass,Pass,9713268438230653554
0,1,34,Acapacity,Acapacity,128KiB,131072,1024,22e51081397aebb06a1c4c3f85bd08a6e7041a438f4aae416970027e1ddbb24e,warmup,0,6853,96682,103535,104,0,0,65536,65535,1,Pass,Pass,15067928572581534229
0,1,35,Acapacity,Acapacity,1MiB,1048576,8192,337a179ec729c20c01309d98317f7ca00691d12ca10285b55ade71fb880e191c,warmup,0,57709,667534,725243,73,0,0,65536,65535,1,Pass,Pass,16341657278089853397
0,1,36,Adrop,Adrop,2MiB,2097152,16384,6587afedd7c0f949b131311e7425d033a0754a29587f85f26ec370a31fc4edf0,warmup,0,149691,1331667,1481358,1652838,1,16384,16384,16383,1,Pass,Pass,7349817109290025153
0,1,37,Acapacity,Acapacity,16MiB,16777216,131072,0c00f8138e0e622f6fc7215fc0f0d135e79bf60450e4c79d30e30624a8842117,warmup,0,3018206,22955366,25973572,509,0,0,16384,16383,1,Pass,Pass,7408339909486172793
0,1,38,A0,A0,128KiB,131072,1024,22e51081397aebb06a1c4c3f85bd08a6e7041a438f4aae416970027e1ddbb24e,warmup,0,7105,86308,93413,179,0,0,16384,16383,1,Pass,Pass,15067928572581534229
0,1,39,Adrop,Adrop,16MiB,16777216,131072,0c00f8138e0e622f6fc7215fc0f0d135e79bf60450e4c79d30e30624a8842117,warmup,0,2942712,20242957,23185669,22690071,1,131072,131072,131071,1,Pass,Pass,7408339909486172793
0,2,0,A0,A0,2MiB,2097152,16384,6587afedd7c0f949b131311e7425d033a0754a29587f85f26ec370a31fc4edf0,warmup,0,152796,1776460,1929256,108,0,0,131072,131071,1,Pass,Pass,7349817109290025153
0,2,1,Adefs,Adefs,256KiB,262144,2048,6f0154469137295abd7b45b25bc83aace599559234fd5f331140bd800c48b670,warmup,0,13891,148919,162810,57,0,0,131072,131071,1,Pass,Pass,1126272383489710074
0,2,2,Adrop,Adrop,16MiB,16777216,131072,0c00f8138e0e622f6fc7215fc0f0d135e79bf60450e4c79d30e30624a8842117,warmup,0,2954562,22210260,25164822,18628290,1,131072,131072,131071,1,Pass,Pass,7408339909486172793
0,2,3,Acapacity,Acapacity,128KiB,131072,1024,22e51081397aebb06a1c4c3f85bd08a6e7041a438f4aae416970027e1ddbb24e,warmup,0,7277,82530,89807,111,0,0,131072,131071,1,Pass,Pass,15067928572581534229
0,2,4,Adefs,Adefs,1MiB,1048576,8192,337a179ec729c20c01309d98317f7ca00691d12ca10285b55ade71fb880e191c,warmup,0,56734,638450,695184,39,0,0,131072,131071,1,Pass,Pass,16341657278089853397
0,2,5,A0,A0,4MiB,4194304,32768,f9dc4b51d64658b088837d5f2a7d485e8eba57daed852c20d443b77cc8137655,warmup,0,443252,4630780,5074032,115,0,0,131072,131071,1,Pass,Pass,7876534982476418273
0,2,6,Adefs,Adefs,4MiB,4194304,32768,f9dc4b51d64658b088837d5f2a7d485e8eba57daed852c20d443b77cc8137655,warmup,0,506281,4394530,4900811,116,0,0,131072,131071,1,Pass,Pass,7876534982476418273
0,2,7,Acapacity,Acapacity,4MiB,4194304,32768,f9dc4b51d64658b088837d5f2a7d485e8eba57daed852c20d443b77cc8137655,warmup,0,527185,4296554,4823739,288,0,0,131072,131071,1,Pass,Pass,7876534982476418273
0,2,8,Adefs,Adefs,128KiB,131072,1024,22e51081397aebb06a1c4c3f85bd08a6e7041a438f4aae416970027e1ddbb24e,warmup,0,7064,76642,83706,54,0,0,131072,131071,1,Pass,Pass,15067928572581534229
0,2,9,Adefs,Adefs,512KiB,524288,4096,155dfc49f4c05f1087ef002a279acee734e738bc580f2b3925315f95a108242b,warmup,0,29087,297822,326909,62,0,0,131072,131071,1,Pass,Pass,192086794746352270
0,2,10,A0,A0,8MiB,8388608,65536,e456d3adf67030c5a168df273f5171ca3e1299e54571d94cca82b117f3cf3aeb,warmup,0,1422602,11567201,12989803,404,0,0,131072,131071,1,Pass,Pass,9713268438230653554
0,2,11,Adefs,Adefs,16MiB,16777216,131072,0c00f8138e0e622f6fc7215fc0f0d135e79bf60450e4c79d30e30624a8842117,warmup,0,3041839,24061134,27102973,408,0,0,131072,131071,1,Pass,Pass,7408339909486172793
0,2,12,Adefs,Adefs,8MiB,8388608,65536,e456d3adf67030c5a168df273f5171ca3e1299e54571d94cca82b117f3cf3aeb,warmup,0,1365381,10191955,11557336,423,0,0,131072,131071,1,Pass,Pass,9713268438230653554
0,2,13,A0,A0,16MiB,16777216,131072,0c00f8138e0e622f6fc7215fc0f0d135e79bf60450e4c79d30e30624a8842117,warmup,0,2940269,24182940,27123209,343,0,0,131072,131071,1,Pass,Pass,7408339909486172793
0,2,14,Acapacity,Acapacity,2MiB,2097152,16384,6587afedd7c0f949b131311e7425d033a0754a29587f85f26ec370a31fc4edf0,warmup,0,114212,1471024,1585236,114,0,0,131072,131071,1,Pass,Pass,7349817109290025153
0,2,15,A0,A0,128KiB,131072,1024,22e51081397aebb06a1c4c3f85bd08a6e7041a438f4aae416970027e1ddbb24e,warmup,0,7104,81912,89016,116,0,0,131072,131071,1,Pass,Pass,15067928572581534229
0,2,16,A0-dup,A0,2MiB,2097152,16384,6587afedd7c0f949b131311e7425d033a0754a29587f85f26ec370a31fc4edf0,warmup,0,130054,1786105,1916159,156,0,0,131072,131071,1,Pass,Pass,7349817109290025153
0,2,17,Acapacity,Acapacity,256KiB,262144,2048,6f0154469137295abd7b45b25bc83aace599559234fd5f331140bd800c48b670,warmup,0,13621,155803,169424,70,0,0,131072,131071,1,Pass,Pass,1126272383489710074
0,2,18,Acapacity,Acapacity,512KiB,524288,4096,155dfc49f4c05f1087ef002a279acee734e738bc580f2b3925315f95a108242b,warmup,0,29417,306056,335473,57,0,0,131072,131071,1,Pass,Pass,192086794746352270
0,2,19,A0,A0,1MiB,1048576,8192,337a179ec729c20c01309d98317f7ca00691d12ca10285b55ade71fb880e191c,warmup,0,57886,673765,731651,93,0,0,131072,131071,1,Pass,Pass,16341657278089853397
0,2,20,A0-dup,A0,4MiB,4194304,32768,f9dc4b51d64658b088837d5f2a7d485e8eba57daed852c20d443b77cc8137655,warmup,0,524568,4495633,5020201,336,0,0,131072,131071,1,Pass,Pass,7876534982476418273
0,2,21,Adrop,Adrop,128KiB,131072,1024,22e51081397aebb06a1c4c3f85bd08a6e7041a438f4aae416970027e1ddbb24e,warmup,0,7174,64625,71799,87413,1,1024,1024,1023,1,Pass,Pass,15067928572581534229
0,2,22,A0-dup,A0,1MiB,1048576,8192,337a179ec729c20c01309d98317f7ca00691d12ca10285b55ade71fb880e191c,warmup,0,57981,660865,718846,83,0,0,1024,1023,1,Pass,Pass,16341657278089853397
0,2,23,Adrop,Adrop,512KiB,524288,4096,155dfc49f4c05f1087ef002a279acee734e738bc580f2b3925315f95a108242b,warmup,0,28849,252839,281688,338009,1,4096,4096,4095,1,Pass,Pass,192086794746352270
0,2,24,A0,A0,256KiB,262144,2048,6f0154469137295abd7b45b25bc83aace599559234fd5f331140bd800c48b670,warmup,0,13726,163401,177127,102,0,0,4096,4095,1,Pass,Pass,1126272383489710074
0,2,25,A0-dup,A0,8MiB,8388608,65536,e456d3adf67030c5a168df273f5171ca3e1299e54571d94cca82b117f3cf3aeb,warmup,0,1411290,10643134,12054424,416,0,0,4096,4095,1,Pass,Pass,9713268438230653554
0,2,26,Adrop,Adrop,1MiB,1048576,8192,337a179ec729c20c01309d98317f7ca00691d12ca10285b55ade71fb880e191c,warmup,0,58387,533954,592341,638781,1,8192,8192,8191,1,Pass,Pass,16341657278089853397
0,2,27,Acapacity,Acapacity,1MiB,1048576,8192,337a179ec729c20c01309d98317f7ca00691d12ca10285b55ade71fb880e191c,warmup,0,57474,651364,708838,158,0,0,8192,8191,1,Pass,Pass,16341657278089853397
0,2,28,Acapacity,Acapacity,8MiB,8388608,65536,e456d3adf67030c5a168df273f5171ca3e1299e54571d94cca82b117f3cf3aeb,warmup,0,1386910,10993119,12380029,358,0,0,8192,8191,1,Pass,Pass,9713268438230653554
0,2,29,Adrop,Adrop,256KiB,262144,2048,6f0154469137295abd7b45b25bc83aace599559234fd5f331140bd800c48b670,warmup,0,13962,126959,140921,153682,1,2048,2048,2047,1,Pass,Pass,1126272383489710074
0,2,30,Adrop,Adrop,4MiB,4194304,32768,f9dc4b51d64658b088837d5f2a7d485e8eba57daed852c20d443b77cc8137655,warmup,0,432167,3790869,4223036,3988718,1,32768,32768,32767,1,Pass,Pass,7876534982476418273
0,2,31,A0-dup,A0,512KiB,524288,4096,155dfc49f4c05f1087ef002a279acee734e738bc580f2b3925315f95a108242b,warmup,0,29734,316660,346394,266,0,0,32768,32767,1,Pass,Pass,192086794746352270
0,2,32,Adrop,Adrop,8MiB,8388608,65536,e456d3adf67030c5a168df273f5171ca3e1299e54571d94cca82b117f3cf3aeb,warmup,0,1392386,9410424,10802810,8714368,1,65536,65536,65535,1,Pass,Pass,9713268438230653554
0,2,33,A0,A0,512KiB,524288,4096,155dfc49f4c05f1087ef002a279acee734e738bc580f2b3925315f95a108242b,warmup,0,29373,317074,346447,170,0,0,65536,65535,1,Pass,Pass,192086794746352270
0,2,34,A0-dup,A0,128KiB,131072,1024,22e51081397aebb06a1c4c3f85bd08a6e7041a438f4aae416970027e1ddbb24e,warmup,0,6978,104341,111319,124,0,0,65536,65535,1,Pass,Pass,15067928572581534229
0,2,35,Adefs,Adefs,2MiB,2097152,16384,6587afedd7c0f949b131311e7425d033a0754a29587f85f26ec370a31fc4edf0,warmup,0,153613,1489989,1643602,365,0,0,65536,65535,1,Pass,Pass,7349817109290025153
0,2,36,Acapacity,Acapacity,16MiB,16777216,131072,0c00f8138e0e622f6fc7215fc0f0d135e79bf60450e4c79d30e30624a8842117,warmup,0,3070316,22252786,25323102,327,0,0,65536,65535,1,Pass,Pass,7408339909486172793
0,2,37,A0-dup,A0,16MiB,16777216,131072,0c00f8138e0e622f6fc7215fc0f0d135e79bf60450e4c79d30e30624a8842117,warmup,0,2960522,23392584,26353106,521,0,0,65536,65535,1,Pass,Pass,7408339909486172793
0,2,38,A0-dup,A0,256KiB,262144,2048,6f0154469137295abd7b45b25bc83aace599559234fd5f331140bd800c48b670,warmup,0,13789,165759,179548,187,0,0,65536,65535,1,Pass,Pass,1126272383489710074
0,2,39,Adrop,Adrop,2MiB,2097152,16384,6587afedd7c0f949b131311e7425d033a0754a29587f85f26ec370a31fc4edf0,warmup,0,114608,1239253,1353861,1682612,1,16384,16384,16383,1,Pass,Pass,7349817109290025153
0,3,0,A0-dup,A0,16MiB,16777216,131072,0c00f8138e0e622f6fc7215fc0f0d135e79bf60450e4c79d30e30624a8842117,warmup,0,2917747,23357720,26275467,353,0,0,16384,16383,1,Pass,Pass,7408339909486172793
0,3,1,Adrop,Adrop,2MiB,2097152,16384,6587afedd7c0f949b131311e7425d033a0754a29587f85f26ec370a31fc4edf0,warmup,0,119540,1227987,1347527,1815533,1,16384,16384,16383,1,Pass,Pass,7349817109290025153
0,3,2,Adrop,Adrop,4MiB,4194304,32768,f9dc4b51d64658b088837d5f2a7d485e8eba57daed852c20d443b77cc8137655,warmup,0,461237,3487054,3948291,3894419,1,32768,32768,32767,1,Pass,Pass,7876534982476418273
0,3,3,A0-dup,A0,256KiB,262144,2048,6f0154469137295abd7b45b25bc83aace599559234fd5f331140bd800c48b670,warmup,0,13918,157866,171784,150,0,0,32768,32767,1,Pass,Pass,1126272383489710074
0,3,4,Adefs,Adefs,16MiB,16777216,131072,0c00f8138e0e622f6fc7215fc0f0d135e79bf60450e4c79d30e30624a8842117,warmup,0,3077551,21515091,24592642,263,0,0,32768,32767,1,Pass,Pass,7408339909486172793
0,3,5,Acapacity,Acapacity,2MiB,2097152,16384,6587afedd7c0f949b131311e7425d033a0754a29587f85f26ec370a31fc4edf0,warmup,0,116950,1432381,1549331,110,0,0,32768,32767,1,Pass,Pass,7349817109290025153
0,3,6,Acapacity,Acapacity,256KiB,262144,2048,6f0154469137295abd7b45b25bc83aace599559234fd5f331140bd800c48b670,warmup,0,13998,158385,172383,114,0,0,32768,32767,1,Pass,Pass,1126272383489710074
0,3,7,A0-dup,A0,1MiB,1048576,8192,337a179ec729c20c01309d98317f7ca00691d12ca10285b55ade71fb880e191c,warmup,0,57750,676816,734566,60,0,0,32768,32767,1,Pass,Pass,16341657278089853397
0,3,8,Acapacity,Acapacity,128KiB,131072,1024,22e51081397aebb06a1c4c3f85bd08a6e7041a438f4aae416970027e1ddbb24e,warmup,0,7075,78026,85101,59,0,0,32768,32767,1,Pass,Pass,15067928572581534229
0,3,9,Adrop,Adrop,1MiB,1048576,8192,337a179ec729c20c01309d98317f7ca00691d12ca10285b55ade71fb880e191c,warmup,0,59861,547665,607526,627628,1,8192,8192,8191,1,Pass,Pass,16341657278089853397
0,3,10,A0,A0,256KiB,262144,2048,6f0154469137295abd7b45b25bc83aace599559234fd5f331140bd800c48b670,warmup,0,13828,161966,175794,71,0,0,8192,8191,1,Pass,Pass,1126272383489710074
0,3,11,A0-dup,A0,512KiB,524288,4096,155dfc49f4c05f1087ef002a279acee734e738bc580f2b3925315f95a108242b,warmup,0,28445,317982,346427,68,0,0,8192,8191,1,Pass,Pass,192086794746352270
0,3,12,Adefs,Adefs,8MiB,8388608,65536,e456d3adf67030c5a168df273f5171ca3e1299e54571d94cca82b117f3cf3aeb,warmup,0,1390515,10122635,11513150,172,0,0,8192,8191,1,Pass,Pass,9713268438230653554
0,3,13,Adrop,Adrop,8MiB,8388608,65536,e456d3adf67030c5a168df273f5171ca3e1299e54571d94cca82b117f3cf3aeb,warmup,0,1330196,9555010,10885206,9321771,1,65536,65536,65535,1,Pass,Pass,9713268438230653554
0,3,14,Acapacity,Acapacity,1MiB,1048576,8192,337a179ec729c20c01309d98317f7ca00691d12ca10285b55ade71fb880e191c,warmup,0,58680,642061,700741,641,0,0,65536,65535,1,Pass,Pass,16341657278089853397
0,3,15,Adrop,Adrop,16MiB,16777216,131072,0c00f8138e0e622f6fc7215fc0f0d135e79bf60450e4c79d30e30624a8842117,warmup,0,2974230,18068528,21042758,19994709,1,131072,131072,131071,1,Pass,Pass,7408339909486172793
0,3,16,Acapacity,Acapacity,16MiB,16777216,131072,0c00f8138e0e622f6fc7215fc0f0d135e79bf60450e4c79d30e30624a8842117,warmup,0,2999610,26069727,29069337,417,0,0,131072,131071,1,Pass,Pass,7408339909486172793
0,3,17,Adefs,Adefs,512KiB,524288,4096,155dfc49f4c05f1087ef002a279acee734e738bc580f2b3925315f95a108242b,warmup,0,29470,315513,344983,119,0,0,131072,131071,1,Pass,Pass,192086794746352270
0,3,18,Adrop,Adrop,512KiB,524288,4096,155dfc49f4c05f1087ef002a279acee734e738bc580f2b3925315f95a108242b,warmup,0,28705,257113,285818,319157,1,4096,4096,4095,1,Pass,Pass,192086794746352270
0,3,19,A0,A0,1MiB,1048576,8192,337a179ec729c20c01309d98317f7ca00691d12ca10285b55ade71fb880e191c,warmup,0,57744,679132,736876,59,0,0,4096,4095,1,Pass,Pass,16341657278089853397
0,3,20,Adefs,Adefs,1MiB,1048576,8192,337a179ec729c20c01309d98317f7ca00691d12ca10285b55ade71fb880e191c,warmup,0,57740,596955,654695,80,0,0,4096,4095,1,Pass,Pass,16341657278089853397
0,3,21,Adefs,Adefs,4MiB,4194304,32768,f9dc4b51d64658b088837d5f2a7d485e8eba57daed852c20d443b77cc8137655,warmup,0,446570,4330495,4777065,191,0,0,4096,4095,1,Pass,Pass,7876534982476418273
0,3,22,Acapacity,Acapacity,4MiB,4194304,32768,f9dc4b51d64658b088837d5f2a7d485e8eba57daed852c20d443b77cc8137655,warmup,0,470269,4357745,4828014,306,0,0,4096,4095,1,Pass,Pass,7876534982476418273
0,3,23,A0,A0,512KiB,524288,4096,155dfc49f4c05f1087ef002a279acee734e738bc580f2b3925315f95a108242b,warmup,0,29580,324411,353991,188,0,0,4096,4095,1,Pass,Pass,192086794746352270
0,3,24,A0-dup,A0,2MiB,2097152,16384,6587afedd7c0f949b131311e7425d033a0754a29587f85f26ec370a31fc4edf0,warmup,0,123513,1464048,1587561,191,0,0,4096,4095,1,Pass,Pass,7349817109290025153
0,3,25,Adrop,Adrop,128KiB,131072,1024,22e51081397aebb06a1c4c3f85bd08a6e7041a438f4aae416970027e1ddbb24e,warmup,0,7117,64730,71847,82189,1,1024,1024,1023,1,Pass,Pass,15067928572581534229
0,3,26,A0,A0,128KiB,131072,1024,22e51081397aebb06a1c4c3f85bd08a6e7041a438f4aae416970027e1ddbb24e,warmup,0,6706,78255,84961,53,0,0,1024,1023,1,Pass,Pass,15067928572581534229
0,3,27,A0,A0,16MiB,16777216,131072,0c00f8138e0e622f6fc7215fc0f0d135e79bf60450e4c79d30e30624a8842117,warmup,0,3119855,21468742,24588597,340,0,0,1024,1023,1,Pass,Pass,7408339909486172793
0,3,28,Acapacity,Acapacity,8MiB,8388608,65536,e456d3adf67030c5a168df273f5171ca3e1299e54571d94cca82b117f3cf3aeb,warmup,0,1373514,10925095,12298609,115,0,0,1024,1023,1,Pass,Pass,9713268438230653554
0,3,29,A0,A0,2MiB,2097152,16384,6587afedd7c0f949b131311e7425d033a0754a29587f85f26ec370a31fc4edf0,warmup,0,153623,1551070,1704693,135,0,0,1024,1023,1,Pass,Pass,7349817109290025153
0,3,30,Adefs,Adefs,256KiB,262144,2048,6f0154469137295abd7b45b25bc83aace599559234fd5f331140bd800c48b670,warmup,0,14029,149964,163993,108,0,0,1024,1023,1,Pass,Pass,1126272383489710074
0,3,31,A0-dup,A0,8MiB,8388608,65536,e456d3adf67030c5a168df273f5171ca3e1299e54571d94cca82b117f3cf3aeb,warmup,0,1391999,11023148,12415147,124,0,0,1024,1023,1,Pass,Pass,9713268438230653554
0,3,32,A0,A0,4MiB,4194304,32768,f9dc4b51d64658b088837d5f2a7d485e8eba57daed852c20d443b77cc8137655,warmup,0,540703,4414995,4955698,270,0,0,1024,1023,1,Pass,Pass,7876534982476418273
0,3,33,A0-dup,A0,4MiB,4194304,32768,f9dc4b51d64658b088837d5f2a7d485e8eba57daed852c20d443b77cc8137655,warmup,0,534072,4507672,5041744,98,0,0,1024,1023,1,Pass,Pass,7876534982476418273
0,3,34,A0,A0,8MiB,8388608,65536,e456d3adf67030c5a168df273f5171ca3e1299e54571d94cca82b117f3cf3aeb,warmup,0,1407968,10964894,12372862,374,0,0,1024,1023,1,Pass,Pass,9713268438230653554
0,3,35,Acapacity,Acapacity,512KiB,524288,4096,155dfc49f4c05f1087ef002a279acee734e738bc580f2b3925315f95a108242b,warmup,0,29497,312394,341891,172,0,0,1024,1023,1,Pass,Pass,192086794746352270
0,3,36,Adefs,Adefs,2MiB,2097152,16384,6587afedd7c0f949b131311e7425d033a0754a29587f85f26ec370a31fc4edf0,warmup,0,122053,1405614,1527667,157,0,0,1024,1023,1,Pass,Pass,7349817109290025153
0,3,37,A0-dup,A0,128KiB,131072,1024,22e51081397aebb06a1c4c3f85bd08a6e7041a438f4aae416970027e1ddbb24e,warmup,0,6970,81879,88849,68,0,0,1024,1023,1,Pass,Pass,15067928572581534229
0,3,38,Adefs,Adefs,128KiB,131072,1024,22e51081397aebb06a1c4c3f85bd08a6e7041a438f4aae416970027e1ddbb24e,warmup,0,6752,73133,79885,64,0,0,1024,1023,1,Pass,Pass,15067928572581534229
0,3,39,Adrop,Adrop,256KiB,262144,2048,6f0154469137295abd7b45b25bc83aace599559234fd5f331140bd800c48b670,warmup,0,13825,122696,136521,160427,1,2048,2048,2047,1,Pass,Pass,1126272383489710074
0,4,0,A0-dup,A0,8MiB,8388608,65536,e456d3adf67030c5a168df273f5171ca3e1299e54571d94cca82b117f3cf3aeb,warmup,0,1388580,11033548,12422128,353,0,0,2048,2047,1,Pass,Pass,9713268438230653554
0,4,1,A0-dup,A0,2MiB,2097152,16384,6587afedd7c0f949b131311e7425d033a0754a29587f85f26ec370a31fc4edf0,warmup,0,119671,1447475,1567146,328,0,0,2048,2047,1,Pass,Pass,7349817109290025153
0,4,2,A0,A0,128KiB,131072,1024,22e51081397aebb06a1c4c3f85bd08a6e7041a438f4aae416970027e1ddbb24e,warmup,0,7056,82184,89240,67,0,0,2048,2047,1,Pass,Pass,15067928572581534229
0,4,3,A0-dup,A0,128KiB,131072,1024,22e51081397aebb06a1c4c3f85bd08a6e7041a438f4aae416970027e1ddbb24e,warmup,0,6533,78774,85307,59,0,0,2048,2047,1,Pass,Pass,15067928572581534229
0,4,4,A0-dup,A0,512KiB,524288,4096,155dfc49f4c05f1087ef002a279acee734e738bc580f2b3925315f95a108242b,warmup,0,29092,314959,344051,66,0,0,2048,2047,1,Pass,Pass,192086794746352270
0,4,5,A0,A0,2MiB,2097152,16384,6587afedd7c0f949b131311e7425d033a0754a29587f85f26ec370a31fc4edf0,warmup,0,124081,1501760,1625841,194,0,0,2048,2047,1,Pass,Pass,7349817109290025153
0,4,6,Acapacity,Acapacity,256KiB,262144,2048,6f0154469137295abd7b45b25bc83aace599559234fd5f331140bd800c48b670,warmup,0,13883,156402,170285,58,0,0,2048,2047,1,Pass,Pass,1126272383489710074
0,4,7,A0,A0,256KiB,262144,2048,6f0154469137295abd7b45b25bc83aace599559234fd5f331140bd800c48b670,warmup,0,13494,156808,170302,61,0,0,2048,2047,1,Pass,Pass,1126272383489710074
0,4,8,A0,A0,512KiB,524288,4096,155dfc49f4c05f1087ef002a279acee734e738bc580f2b3925315f95a108242b,warmup,0,29003,319208,348211,53,0,0,2048,2047,1,Pass,Pass,192086794746352270
0,4,9,Adefs,Adefs,2MiB,2097152,16384,6587afedd7c0f949b131311e7425d033a0754a29587f85f26ec370a31fc4edf0,warmup,0,128496,1401812,1530308,209,0,0,2048,2047,1,Pass,Pass,7349817109290025153
0,4,10,Acapacity,Acapacity,1MiB,1048576,8192,337a179ec729c20c01309d98317f7ca00691d12ca10285b55ade71fb880e191c,warmup,0,58275,660922,719197,139,0,0,2048,2047,1,Pass,Pass,16341657278089853397
0,4,11,Acapacity,Acapacity,512KiB,524288,4096,155dfc49f4c05f1087ef002a279acee734e738bc580f2b3925315f95a108242b,warmup,0,29155,309860,339015,55,0,0,2048,2047,1,Pass,Pass,192086794746352270
0,4,12,A0,A0,1MiB,1048576,8192,337a179ec729c20c01309d98317f7ca00691d12ca10285b55ade71fb880e191c,warmup,0,57876,698076,755952,259,0,0,2048,2047,1,Pass,Pass,16341657278089853397
0,4,13,Acapacity,Acapacity,8MiB,8388608,65536,e456d3adf67030c5a168df273f5171ca3e1299e54571d94cca82b117f3cf3aeb,warmup,0,1403656,10897861,12301517,324,0,0,2048,2047,1,Pass,Pass,9713268438230653554
0,4,14,Adefs,Adefs,1MiB,1048576,8192,337a179ec729c20c01309d98317f7ca00691d12ca10285b55ade71fb880e191c,warmup,0,57841,652233,710074,161,0,0,2048,2047,1,Pass,Pass,16341657278089853397
0,4,15,A0-dup,A0,256KiB,262144,2048,6f0154469137295abd7b45b25bc83aace599559234fd5f331140bd800c48b670,warmup,0,13683,156723,170406,53,0,0,2048,2047,1,Pass,Pass,1126272383489710074
0,4,16,Adefs,Adefs,16MiB,16777216,131072,0c00f8138e0e622f6fc7215fc0f0d135e79bf60450e4c79d30e30624a8842117,warmup,0,3030320,21350945,24381265,341,0,0,2048,2047,1,Pass,Pass,7408339909486172793
0,4,17,Adefs,Adefs,8MiB,8388608,65536,e456d3adf67030c5a168df273f5171ca3e1299e54571d94cca82b117f3cf3aeb,warmup,0,1430925,10057699,11488624,267,0,0,2048,2047,1,Pass,Pass,9713268438230653554
0,4,18,A0-dup,A0,4MiB,4194304,32768,f9dc4b51d64658b088837d5f2a7d485e8eba57daed852c20d443b77cc8137655,warmup,0,585731,4541105,5126836,195,0,0,2048,2047,1,Pass,Pass,7876534982476418273
0,4,19,Adrop,Adrop,1MiB,1048576,8192,337a179ec729c20c01309d98317f7ca00691d12ca10285b55ade71fb880e191c,warmup,0,58116,533245,591361,634164,1,8192,8192,8191,1,Pass,Pass,16341657278089853397
0,4,20,Adrop,Adrop,4MiB,4194304,32768,f9dc4b51d64658b088837d5f2a7d485e8eba57daed852c20d443b77cc8137655,warmup,0,503263,3784600,4287863,4123120,1,32768,32768,32767,1,Pass,Pass,7876534982476418273
0,4,21,A0,A0,8MiB,8388608,65536,e456d3adf67030c5a168df273f5171ca3e1299e54571d94cca82b117f3cf3aeb,warmup,0,1388555,10924990,12313545,344,0,0,32768,32767,1,Pass,Pass,9713268438230653554
0,4,22,Adefs,Adefs,256KiB,262144,2048,6f0154469137295abd7b45b25bc83aace599559234fd5f331140bd800c48b670,warmup,0,14103,150441,164544,111,0,0,32768,32767,1,Pass,Pass,1126272383489710074
0,4,23,Adefs,Adefs,128KiB,131072,1024,22e51081397aebb06a1c4c3f85bd08a6e7041a438f4aae416970027e1ddbb24e,warmup,0,6817,73403,80220,51,0,0,32768,32767,1,Pass,Pass,15067928572581534229
0,4,24,Acapacity,Acapacity,16MiB,16777216,131072,0c00f8138e0e622f6fc7215fc0f0d135e79bf60450e4c79d30e30624a8842117,warmup,0,2938897,22651408,25590305,256,0,0,32768,32767,1,Pass,Pass,7408339909486172793
0,4,25,A0-dup,A0,1MiB,1048576,8192,337a179ec729c20c01309d98317f7ca00691d12ca10285b55ade71fb880e191c,warmup,0,58245,675534,733779,103,0,0,32768,32767,1,Pass,Pass,16341657278089853397
0,4,26,Adrop,Adrop,2MiB,2097152,16384,6587afedd7c0f949b131311e7425d033a0754a29587f85f26ec370a31fc4edf0,warmup,0,118259,1208413,1326672,1783477,1,16384,16384,16383,1,Pass,Pass,7349817109290025153
0,4,27,Acapacity,Acapacity,128KiB,131072,1024,22e51081397aebb06a1c4c3f85bd08a6e7041a438f4aae416970027e1ddbb24e,warmup,0,6880,79775,86655,109,0,0,16384,16383,1,Pass,Pass,15067928572581534229
0,4,28,A0,A0,16MiB,16777216,131072,0c00f8138e0e622f6fc7215fc0f0d135e79bf60450e4c79d30e30624a8842117,warmup,0,2980893,21577228,24558121,266,0,0,16384,16383,1,Pass,Pass,7408339909486172793
0,4,29,A0-dup,A0,16MiB,16777216,131072,0c00f8138e0e622f6fc7215fc0f0d135e79bf60450e4c79d30e30624a8842117,warmup,0,2916268,23088626,26004894,221,0,0,16384,16383,1,Pass,Pass,7408339909486172793
0,4,30,Acapacity,Acapacity,2MiB,2097152,16384,6587afedd7c0f949b131311e7425d033a0754a29587f85f26ec370a31fc4edf0,warmup,0,114913,1488859,1603772,199,0,0,16384,16383,1,Pass,Pass,7349817109290025153
0,4,31,Adefs,Adefs,4MiB,4194304,32768,f9dc4b51d64658b088837d5f2a7d485e8eba57daed852c20d443b77cc8137655,warmup,0,415994,3959603,4375597,203,0,0,16384,16383,1,Pass,Pass,7876534982476418273
0,4,32,Acapacity,Acapacity,4MiB,4194304,32768,f9dc4b51d64658b088837d5f2a7d485e8eba57daed852c20d443b77cc8137655,warmup,0,501273,4411134,4912407,120,0,0,16384,16383,1,Pass,Pass,7876534982476418273
0,4,33,Adrop,Adrop,128KiB,131072,1024,22e51081397aebb06a1c4c3f85bd08a6e7041a438f4aae416970027e1ddbb24e,warmup,0,7051,64981,72032,79234,1,1024,1024,1023,1,Pass,Pass,15067928572581534229
0,4,34,Adrop,Adrop,512KiB,524288,4096,155dfc49f4c05f1087ef002a279acee734e738bc580f2b3925315f95a108242b,warmup,0,28752,260416,289168,328281,1,4096,4096,4095,1,Pass,Pass,192086794746352270
0,4,35,Adrop,Adrop,256KiB,262144,2048,6f0154469137295abd7b45b25bc83aace599559234fd5f331140bd800c48b670,warmup,0,13440,123442,136882,160912,1,2048,2048,2047,1,Pass,Pass,1126272383489710074
0,4,36,A0,A0,4MiB,4194304,32768,f9dc4b51d64658b088837d5f2a7d485e8eba57daed852c20d443b77cc8137655,warmup,0,521321,4567519,5088840,188,0,0,2048,2047,1,Pass,Pass,7876534982476418273
0,4,37,Adrop,Adrop,16MiB,16777216,131072,0c00f8138e0e622f6fc7215fc0f0d135e79bf60450e4c79d30e30624a8842117,warmup,0,3013051,20001615,23014666,21057833,1,131072,131072,131071,1,Pass,Pass,7408339909486172793
0,4,38,Adefs,Adefs,512KiB,524288,4096,155dfc49f4c05f1087ef002a279acee734e738bc580f2b3925315f95a108242b,warmup,0,29609,297427,327036,117,0,0,131072,131071,1,Pass,Pass,192086794746352270
0,4,39,Adrop,Adrop,8MiB,8388608,65536,e456d3adf67030c5a168df273f5171ca3e1299e54571d94cca82b117f3cf3aeb,warmup,0,1381854,9796020,11177874,8192133,1,65536,65536,65535,1,Pass,Pass,9713268438230653554
0,5,0,Acapacity,Acapacity,2MiB,2097152,16384,6587afedd7c0f949b131311e7425d033a0754a29587f85f26ec370a31fc4edf0,warmup,0,120984,1496471,1617455,96,0,0,65536,65535,1,Pass,Pass,7349817109290025153
0,5,1,A0-dup,A0,128KiB,131072,1024,22e51081397aebb06a1c4c3f85bd08a6e7041a438f4aae416970027e1ddbb24e,warmup,0,7164,82323,89487,93,0,0,65536,65535,1,Pass,Pass,15067928572581534229
0,5,2,Acapacity,Acapacity,256KiB,262144,2048,6f0154469137295abd7b45b25bc83aace599559234fd5f331140bd800c48b670,warmup,0,13641,155170,168811,52,0,0,65536,65535,1,Pass,Pass,1126272383489710074
0,5,3,A0,A0,8MiB,8388608,65536,e456d3adf67030c5a168df273f5171ca3e1299e54571d94cca82b117f3cf3aeb,warmup,0,1386156,11060865,12447021,188,0,0,65536,65535,1,Pass,Pass,9713268438230653554
0,5,4,Adefs,Adefs,512KiB,524288,4096,155dfc49f4c05f1087ef002a279acee734e738bc580f2b3925315f95a108242b,warmup,0,29879,298852,328731,168,0,0,65536,65535,1,Pass,Pass,192086794746352270
0,5,5,Adrop,Adrop,2MiB,2097152,16384,6587afedd7c0f949b131311e7425d033a0754a29587f85f26ec370a31fc4edf0,warmup,0,116462,1236503,1352965,1738890,1,16384,16384,16383,1,Pass,Pass,7349817109290025153
0,5,6,A0-dup,A0,4MiB,4194304,32768,f9dc4b51d64658b088837d5f2a7d485e8eba57daed852c20d443b77cc8137655,warmup,0,500284,4500932,5001216,363,0,0,16384,16383,1,Pass,Pass,7876534982476418273
0,5,7,Adrop,Adrop,256KiB,262144,2048,6f0154469137295abd7b45b25bc83aace599559234fd5f331140bd800c48b670,warmup,0,14020,125963,139983,171841,1,2048,2048,2047,1,Pass,Pass,1126272383489710074
0,5,8,Adrop,Adrop,1MiB,1048576,8192,337a179ec729c20c01309d98317f7ca00691d12ca10285b55ade71fb880e191c,warmup,0,58724,587493,646217,629414,1,8192,8192,8191,1,Pass,Pass,16341657278089853397
0,5,9,Adrop,Adrop,4MiB,4194304,32768,f9dc4b51d64658b088837d5f2a7d485e8eba57daed852c20d443b77cc8137655,warmup,0,523357,3866622,4389979,4005198,1,32768,32768,32767,1,Pass,Pass,7876534982476418273
0,5,10,A0-dup,A0,16MiB,16777216,131072,0c00f8138e0e622f6fc7215fc0f0d135e79bf60450e4c79d30e30624a8842117,warmup,0,3061317,26129144,29190461,415,0,0,32768,32767,1,Pass,Pass,7408339909486172793
0,5,11,Acapacity,Acapacity,128KiB,131072,1024,22e51081397aebb06a1c4c3f85bd08a6e7041a438f4aae416970027e1ddbb24e,warmup,0,7075,81056,88131,373,0,0,32768,32767,1,Pass,Pass,15067928572581534229
0,5,12,Acapacity,Acapacity,4MiB,4194304,32768,f9dc4b51d64658b088837d5f2a7d485e8eba57daed852c20d443b77cc8137655,warmup,0,405346,4185845,4591191,179,0,0,32768,32767,1,Pass,Pass,7876534982476418273
0,5,13,A0,A0,4MiB,4194304,32768,f9dc4b51d64658b088837d5f2a7d485e8eba57daed852c20d443b77cc8137655,warmup,0,436766,4237216,4673982,189,0,0,32768,32767,1,Pass,Pass,7876534982476418273
0,5,14,Adefs,Adefs,8MiB,8388608,65536,e456d3adf67030c5a168df273f5171ca3e1299e54571d94cca82b117f3cf3aeb,warmup,0,1371353,10103421,11474774,121,0,0,32768,32767,1,Pass,Pass,9713268438230653554
0,5,15,Adefs,Adefs,2MiB,2097152,16384,6587afedd7c0f949b131311e7425d033a0754a29587f85f26ec370a31fc4edf0,warmup,0,147857,1622978,1770835,114,0,0,32768,32767,1,Pass,Pass,7349817109290025153
0,5,16,A0,A0,1MiB,1048576,8192,337a179ec729c20c01309d98317f7ca00691d12ca10285b55ade71fb880e191c,warmup,0,57880,662126,720006,302,0,0,32768,32767,1,Pass,Pass,16341657278089853397
0,5,17,Adrop,Adrop,8MiB,8388608,65536,e456d3adf67030c5a168df273f5171ca3e1299e54571d94cca82b117f3cf3aeb,warmup,0,1388042,9523350,10911392,8574280,1,65536,65536,65535,1,Pass,Pass,9713268438230653554
0,5,18,Acapacity,Acapacity,8MiB,8388608,65536,e456d3adf67030c5a168df273f5171ca3e1299e54571d94cca82b117f3cf3aeb,warmup,0,1420494,10541193,11961687,465,0,0,65536,65535,1,Pass,Pass,9713268438230653554
0,5,19,Adefs,Adefs,256KiB,262144,2048,6f0154469137295abd7b45b25bc83aace599559234fd5f331140bd800c48b670,warmup,0,13930,154601,168531,160,0,0,65536,65535,1,Pass,Pass,1126272383489710074
0,5,20,Adrop,Adrop,16MiB,16777216,131072,0c00f8138e0e622f6fc7215fc0f0d135e79bf60450e4c79d30e30624a8842117,warmup,0,2956540,19911587,22868127,20664784,1,131072,131072,131071,1,Pass,Pass,7408339909486172793
0,5,21,Adrop,Adrop,128KiB,131072,1024,22e51081397aebb06a1c4c3f85bd08a6e7041a438f4aae416970027e1ddbb24e,warmup,0,7111,65685,72796,78154,1,1024,1024,1023,1,Pass,Pass,15067928572581534229
0,5,22,Adrop,Adrop,512KiB,524288,4096,155dfc49f4c05f1087ef002a279acee734e738bc580f2b3925315f95a108242b,warmup,0,29280,250260,279540,325597,1,4096,4096,4095,1,Pass,Pass,192086794746352270
0,5,23,A0-dup,A0,2MiB,2097152,16384,6587afedd7c0f949b131311e7425d033a0754a29587f85f26ec370a31fc4edf0,warmup,0,116753,1431783,1548536,303,0,0,4096,4095,1,Pass,Pass,7349817109290025153
0,5,24,Adefs,Adefs,1MiB,1048576,8192,337a179ec729c20c01309d98317f7ca00691d12ca10285b55ade71fb880e191c,warmup,0,60463,650561,711024,110,0,0,4096,4095,1,Pass,Pass,16341657278089853397
0,5,25,A0,A0,2MiB,2097152,16384,6587afedd7c0f949b131311e7425d033a0754a29587f85f26ec370a31fc4edf0,warmup,0,114416,1482618,1597034,119,0,0,4096,4095,1,Pass,Pass,7349817109290025153
0,5,26,A0-dup,A0,256KiB,262144,2048,6f0154469137295abd7b45b25bc83aace599559234fd5f331140bd800c48b670,warmup,0,13952,161193,175145,87,0,0,4096,4095,1,Pass,Pass,1126272383489710074
0,5,27,Adefs,Adefs,4MiB,4194304,32768,f9dc4b51d64658b088837d5f2a7d485e8eba57daed852c20d443b77cc8137655,warmup,0,509019,4220663,4729682,252,0,0,4096,4095,1,Pass,Pass,7876534982476418273
0,5,28,A0,A0,512KiB,524288,4096,155dfc49f4c05f1087ef002a279acee734e738bc580f2b3925315f95a108242b,warmup,0,29717,318243,347960,115,0,0,4096,4095,1,Pass,Pass,192086794746352270
0,5,29,Adefs,Adefs,128KiB,131072,1024,22e51081397aebb06a1c4c3f85bd08a6e7041a438f4aae416970027e1ddbb24e,warmup,0,6589,75316,81905,47,0,0,4096,4095,1,Pass,Pass,15067928572581534229
0,5,30,A0,A0,16MiB,16777216,131072,0c00f8138e0e622f6fc7215fc0f0d135e79bf60450e4c79d30e30624a8842117,warmup,0,3021726,26368733,29390459,304,0,0,4096,4095,1,Pass,Pass,7408339909486172793
0,5,31,Adefs,Adefs,16MiB,16777216,131072,0c00f8138e0e622f6fc7215fc0f0d135e79bf60450e4c79d30e30624a8842117,warmup,0,2874119,21176475,24050594,282,0,0,4096,4095,1,Pass,Pass,7408339909486172793
0,5,32,Acapacity,Acapacity,16MiB,16777216,131072,0c00f8138e0e622f6fc7215fc0f0d135e79bf60450e4c79d30e30624a8842117,warmup,0,2895119,22824839,25719958,94,0,0,4096,4095,1,Pass,Pass,7408339909486172793
0,5,33,A0,A0,128KiB,131072,1024,22e51081397aebb06a1c4c3f85bd08a6e7041a438f4aae416970027e1ddbb24e,warmup,0,6964,82812,89776,119,0,0,4096,4095,1,Pass,Pass,15067928572581534229
0,5,34,Acapacity,Acapacity,512KiB,524288,4096,155dfc49f4c05f1087ef002a279acee734e738bc580f2b3925315f95a108242b,warmup,0,29166,314369,343535,88,0,0,4096,4095,1,Pass,Pass,192086794746352270
0,5,35,A0-dup,A0,1MiB,1048576,8192,337a179ec729c20c01309d98317f7ca00691d12ca10285b55ade71fb880e191c,warmup,0,57722,682599,740321,83,0,0,4096,4095,1,Pass,Pass,16341657278089853397
0,5,36,A0-dup,A0,512KiB,524288,4096,155dfc49f4c05f1087ef002a279acee734e738bc580f2b3925315f95a108242b,warmup,0,29229,328277,357506,70,0,0,4096,4095,1,Pass,Pass,192086794746352270
0,5,37,Acapacity,Acapacity,1MiB,1048576,8192,337a179ec729c20c01309d98317f7ca00691d12ca10285b55ade71fb880e191c,warmup,0,57229,689450,746679,87,0,0,4096,4095,1,Pass,Pass,16341657278089853397
0,5,38,A0-dup,A0,8MiB,8388608,65536,e456d3adf67030c5a168df273f5171ca3e1299e54571d94cca82b117f3cf3aeb,warmup,0,1363013,10761482,12124495,361,0,0,4096,4095,1,Pass,Pass,9713268438230653554
0,5,39,A0,A0,256KiB,262144,2048,6f0154469137295abd7b45b25bc83aace599559234fd5f331140bd800c48b670,warmup,0,13973,158320,172293,67,0,0,4096,4095,1,Pass,Pass,1126272383489710074
0,6,0,A0,A0,16MiB,16777216,131072,0c00f8138e0e622f6fc7215fc0f0d135e79bf60450e4c79d30e30624a8842117,warmup,0,2946548,23236108,26182656,313,0,0,4096,4095,1,Pass,Pass,7408339909486172793
0,6,1,Acapacity,Acapacity,128KiB,131072,1024,22e51081397aebb06a1c4c3f85bd08a6e7041a438f4aae416970027e1ddbb24e,warmup,0,7737,85761,93498,120,0,0,4096,4095,1,Pass,Pass,15067928572581534229
0,6,2,A0-dup,A0,128KiB,131072,1024,22e51081397aebb06a1c4c3f85bd08a6e7041a438f4aae416970027e1ddbb24e,warmup,0,6615,80289,86904,64,0,0,4096,4095,1,Pass,Pass,15067928572581534229
0,6,3,A0,A0,8MiB,8388608,65536,e456d3adf67030c5a168df273f5171ca3e1299e54571d94cca82b117f3cf3aeb,warmup,0,1427607,10653365,12080972,90,0,0,4096,4095,1,Pass,Pass,9713268438230653554
0,6,4,Adefs,Adefs,4MiB,4194304,32768,f9dc4b51d64658b088837d5f2a7d485e8eba57daed852c20d443b77cc8137655,warmup,0,552148,4240131,4792279,260,0,0,4096,4095,1,Pass,Pass,7876534982476418273
0,6,5,A0,A0,128KiB,131072,1024,22e51081397aebb06a1c4c3f85bd08a6e7041a438f4aae416970027e1ddbb24e,warmup,0,7071,82578,89649,129,0,0,4096,4095,1,Pass,Pass,15067928572581534229
0,6,6,A0,A0,4MiB,4194304,32768,f9dc4b51d64658b088837d5f2a7d485e8eba57daed852c20d443b77cc8137655,warmup,0,514757,4557465,5072222,391,0,0,4096,4095,1,Pass,Pass,7876534982476418273
0,6,7,A0-dup,A0,4MiB,4194304,32768,f9dc4b51d64658b088837d5f2a7d485e8eba57daed852c20d443b77cc8137655,warmup,0,483662,4323389,4807051,331,0,0,4096,4095,1,Pass,Pass,7876534982476418273
0,6,8,Acapacity,Acapacity,2MiB,2097152,16384,6587afedd7c0f949b131311e7425d033a0754a29587f85f26ec370a31fc4edf0,warmup,0,114317,1433668,1547985,183,0,0,4096,4095,1,Pass,Pass,7349817109290025153
0,6,9,Adefs,Adefs,128KiB,131072,1024,22e51081397aebb06a1c4c3f85bd08a6e7041a438f4aae416970027e1ddbb24e,warmup,0,6955,77074,84029,240,0,0,4096,4095,1,Pass,Pass,15067928572581534229
0,6,10,Adrop,Adrop,128KiB,131072,1024,22e51081397aebb06a1c4c3f85bd08a6e7041a438f4aae416970027e1ddbb24e,warmup,0,6586,65662,72248,76784,1,1024,1024,1023,1,Pass,Pass,15067928572581534229
0,6,11,Acapacity,Acapacity,256KiB,262144,2048,6f0154469137295abd7b45b25bc83aace599559234fd5f331140bd800c48b670,warmup,0,13651,157276,170927,96,0,0,1024,1023,1,Pass,Pass,1126272383489710074
0,6,12,Adefs,Adefs,256KiB,262144,2048,6f0154469137295abd7b45b25bc83aace599559234fd5f331140bd800c48b670,warmup,0,13570,146610,160180,93,0,0,1024,1023,1,Pass,Pass,1126272383489710074
0,6,13,Adefs,Adefs,1MiB,1048576,8192,337a179ec729c20c01309d98317f7ca00691d12ca10285b55ade71fb880e191c,warmup,0,57433,624217,681650,94,0,0,1024,1023,1,Pass,Pass,16341657278089853397
0,6,14,Adrop,Adrop,2MiB,2097152,16384,6587afedd7c0f949b131311e7425d033a0754a29587f85f26ec370a31fc4edf0,warmup,0,119203,1231453,1350656,1726933,1,16384,16384,16383,1,Pass,Pass,7349817109290025153
0,6,15,Acapacity,Acapacity,1MiB,1048576,8192,337a179ec729c20c01309d98317f7ca00691d12ca10285b55ade71fb880e191c,warmup,0,57864,651769,709633,310,0,0,16384,16383,1,Pass,Pass,16341657278089853397
0,6,16,A0,A0,1MiB,1048576,8192,337a179ec729c20c01309d98317f7ca00691d12ca10285b55ade71fb880e191c,warmup,0,57791,650652,708443,73,0,0,16384,16383,1,Pass,Pass,16341657278089853397
0,6,17,Adefs,Adefs,8MiB,8388608,65536,e456d3adf67030c5a168df273f5171ca3e1299e54571d94cca82b117f3cf3aeb,warmup,0,1400389,10149148,11549537,281,0,0,16384,16383,1,Pass,Pass,9713268438230653554
0,6,18,A0-dup,A0,256KiB,262144,2048,6f0154469137295abd7b45b25bc83aace599559234fd5f331140bd800c48b670,warmup,0,13992,160165,174157,91,0,0,16384,16383,1,Pass,Pass,1126272383489710074
0,6,19,Adefs,Adefs,16MiB,16777216,131072,0c00f8138e0e622f6fc7215fc0f0d135e79bf60450e4c79d30e30624a8842117,warmup,0,2972252,21340681,24312933,279,0,0,16384,16383,1,Pass,Pass,7408339909486172793
0,6,20,Adrop,Adrop,512KiB,524288,4096,155dfc49f4c05f1087ef002a279acee734e738bc580f2b3925315f95a108242b,warmup,0,29518,255739,285257,325268,1,4096,4096,4095,1,Pass,Pass,192086794746352270
0,6,21,A0-dup,A0,2MiB,2097152,16384,6587afedd7c0f949b131311e7425d033a0754a29587f85f26ec370a31fc4edf0,warmup,0,143693,1456577,1600270,298,0,0,4096,4095,1,Pass,Pass,7349817109290025153
0,6,22,Adefs,Adefs,2MiB,2097152,16384,6587afedd7c0f949b131311e7425d033a0754a29587f85f26ec370a31fc4edf0,warmup,0,152602,1441933,1594535,196,0,0,4096,4095,1,Pass,Pass,7349817109290025153
0,6,23,Adrop,Adrop,256KiB,262144,2048,6f0154469137295abd7b45b25bc83aace599559234fd5f331140bd800c48b670,warmup,0,13759,127195,140954,157281,1,2048,2048,2047,1,Pass,Pass,1126272383489710074
0,6,24,Adrop,Adrop,16MiB,16777216,131072,0c00f8138e0e622f6fc7215fc0f0d135e79bf60450e4c79d30e30624a8842117,warmup,0,2901269,20225695,23126964,19214154,1,131072,131072,131071,1,Pass,Pass,7408339909486172793
0,6,25,Adrop,Adrop,4MiB,4194304,32768,f9dc4b51d64658b088837d5f2a7d485e8eba57daed852c20d443b77cc8137655,warmup,0,327612,3484445,3812057,4286619,1,32768,32768,32767,1,Pass,Pass,7876534982476418273
0,6,26,A0,A0,512KiB,524288,4096,155dfc49f4c05f1087ef002a279acee734e738bc580f2b3925315f95a108242b,warmup,0,29408,320771,350179,263,0,0,32768,32767,1,Pass,Pass,192086794746352270
0,6,27,Acapacity,Acapacity,16MiB,16777216,131072,0c00f8138e0e622f6fc7215fc0f0d135e79bf60450e4c79d30e30624a8842117,warmup,0,3114592,25216283,28330875,406,0,0,32768,32767,1,Pass,Pass,7408339909486172793
0,6,28,A0-dup,A0,8MiB,8388608,65536,e456d3adf67030c5a168df273f5171ca3e1299e54571d94cca82b117f3cf3aeb,warmup,0,1355303,10720949,12076252,126,0,0,32768,32767,1,Pass,Pass,9713268438230653554
0,6,29,A0-dup,A0,16MiB,16777216,131072,0c00f8138e0e622f6fc7215fc0f0d135e79bf60450e4c79d30e30624a8842117,warmup,0,2924663,23212847,26137510,126,0,0,32768,32767,1,Pass,Pass,7408339909486172793
0,6,30,A0-dup,A0,1MiB,1048576,8192,337a179ec729c20c01309d98317f7ca00691d12ca10285b55ade71fb880e191c,warmup,0,58021,643071,701092,117,0,0,32768,32767,1,Pass,Pass,16341657278089853397
0,6,31,A0,A0,256KiB,262144,2048,6f0154469137295abd7b45b25bc83aace599559234fd5f331140bd800c48b670,warmup,0,13654,154909,168563,78,0,0,32768,32767,1,Pass,Pass,1126272383489710074
0,6,32,Acapacity,Acapacity,8MiB,8388608,65536,e456d3adf67030c5a168df273f5171ca3e1299e54571d94cca82b117f3cf3aeb,warmup,0,1361956,11192799,12554755,415,0,0,32768,32767,1,Pass,Pass,9713268438230653554
0,6,33,Adrop,Adrop,8MiB,8388608,65536,e456d3adf67030c5a168df273f5171ca3e1299e54571d94cca82b117f3cf3aeb,warmup,0,1324771,9535946,10860717,8721030,1,65536,65536,65535,1,Pass,Pass,9713268438230653554
0,6,34,Acapacity,Acapacity,512KiB,524288,4096,155dfc49f4c05f1087ef002a279acee734e738bc580f2b3925315f95a108242b,warmup,0,28969,316723,345692,437,0,0,65536,65535,1,Pass,Pass,192086794746352270
0,6,35,Acapacity,Acapacity,4MiB,4194304,32768,f9dc4b51d64658b088837d5f2a7d485e8eba57daed852c20d443b77cc8137655,warmup,0,411857,4468566,4880423,253,0,0,65536,65535,1,Pass,Pass,7876534982476418273
0,6,36,A0,A0,2MiB,2097152,16384,6587afedd7c0f949b131311e7425d033a0754a29587f85f26ec370a31fc4edf0,warmup,0,117419,1535003,1652422,547,0,0,65536,65535,1,Pass,Pass,7349817109290025153
0,6,37,Adrop,Adrop,1MiB,1048576,8192,337a179ec729c20c01309d98317f7ca00691d12ca10285b55ade71fb880e191c,warmup,0,57936,538817,596753,654200,1,8192,8192,8191,1,Pass,Pass,16341657278089853397
0,6,38,A0-dup,A0,512KiB,524288,4096,155dfc49f4c05f1087ef002a279acee734e738bc580f2b3925315f95a108242b,warmup,0,28788,316142,344930,165,0,0,8192,8191,1,Pass,Pass,192086794746352270
0,6,39,Adefs,Adefs,512KiB,524288,4096,155dfc49f4c05f1087ef002a279acee734e738bc580f2b3925315f95a108242b,warmup,0,28672,285186,313858,109,0,0,8192,8191,1,Pass,Pass,192086794746352270
0,7,0,A0-dup,A0,8MiB,8388608,65536,e456d3adf67030c5a168df273f5171ca3e1299e54571d94cca82b117f3cf3aeb,warmup,0,1403691,11114487,12518178,123,0,0,8192,8191,1,Pass,Pass,9713268438230653554
0,7,1,A0,A0,4MiB,4194304,32768,f9dc4b51d64658b088837d5f2a7d485e8eba57daed852c20d443b77cc8137655,warmup,0,551293,4948748,5500041,164,0,0,8192,8191,1,Pass,Pass,7876534982476418273
0,7,2,Adefs,Adefs,512KiB,524288,4096,155dfc49f4c05f1087ef002a279acee734e738bc580f2b3925315f95a108242b,warmup,0,29408,295674,325082,89,0,0,8192,8191,1,Pass,Pass,192086794746352270
0,7,3,Adrop,Adrop,8MiB,8388608,65536,e456d3adf67030c5a168df273f5171ca3e1299e54571d94cca82b117f3cf3aeb,warmup,0,1410640,9462073,10872713,8430821,1,65536,65536,65535,1,Pass,Pass,9713268438230653554
0,7,4,Adrop,Adrop,16MiB,16777216,131072,0c00f8138e0e622f6fc7215fc0f0d135e79bf60450e4c79d30e30624a8842117,warmup,0,3003594,19708390,22711984,17623239,1,131072,131072,131071,1,Pass,Pass,7408339909486172793
0,7,5,Acapacity,Acapacity,256KiB,262144,2048,6f0154469137295abd7b45b25bc83aace599559234fd5f331140bd800c48b670,warmup,0,14000,158875,172875,305,0,0,131072,131071,1,Pass,Pass,1126272383489710074
0,7,6,A0,A0,512KiB,524288,4096,155dfc49f4c05f1087ef002a279acee734e738bc580f2b3925315f95a108242b,warmup,0,29229,317093,346322,75,0,0,131072,131071,1,Pass,Pass,192086794746352270
0,7,7,Adrop,Adrop,512KiB,524288,4096,155dfc49f4c05f1087ef002a279acee734e738bc580f2b3925315f95a108242b,warmup,0,28907,248883,277790,318461,1,4096,4096,4095,1,Pass,Pass,192086794746352270
0,7,8,A0,A0,256KiB,262144,2048,6f0154469137295abd7b45b25bc83aace599559234fd5f331140bd800c48b670,warmup,0,13478,157636,171114,64,0,0,4096,4095,1,Pass,Pass,1126272383489710074
0,7,9,A0-dup,A0,1MiB,1048576,8192,337a179ec729c20c01309d98317f7ca00691d12ca10285b55ade71fb880e191c,warmup,0,57443,693721,751164,139,0,0,4096,4095,1,Pass,Pass,16341657278089853397
0,7,10,A0-dup,A0,128KiB,131072,1024,22e51081397aebb06a1c4c3f85bd08a6e7041a438f4aae416970027e1ddbb24e,warmup,0,6748,80799,87547,123,0,0,4096,4095,1,Pass,Pass,15067928572581534229
0,7,11,A0-dup,A0,2MiB,2097152,16384,6587afedd7c0f949b131311e7425d033a0754a29587f85f26ec370a31fc4edf0,warmup,0,122784,1506352,1629136,426,0,0,4096,4095,1,Pass,Pass,7349817109290025153
0,7,12,Acapacity,Acapacity,1MiB,1048576,8192,337a179ec729c20c01309d98317f7ca00691d12ca10285b55ade71fb880e191c,warmup,0,58116,649124,707240,188,0,0,4096,4095,1,Pass,Pass,16341657278089853397
0,7,13,Adrop,Adrop,256KiB,262144,2048,6f0154469137295abd7b45b25bc83aace599559234fd5f331140bd800c48b670,warmup,0,13431,126445,139876,157340,1,2048,2048,2047,1,Pass,Pass,1126272383489710074
0,7,14,A0-dup,A0,4MiB,4194304,32768,f9dc4b51d64658b088837d5f2a7d485e8eba57daed852c20d443b77cc8137655,warmup,0,507491,4522685,5030176,634,0,0,2048,2047,1,Pass,Pass,7876534982476418273
0,7,15,Acapacity,Acapacity,4MiB,4194304,32768,f9dc4b51d64658b088837d5f2a7d485e8eba57daed852c20d443b77cc8137655,warmup,0,552270,4533556,5085826,114,0,0,2048,2047,1,Pass,Pass,7876534982476418273
0,7,16,A0-dup,A0,512KiB,524288,4096,155dfc49f4c05f1087ef002a279acee734e738bc580f2b3925315f95a108242b,warmup,0,29357,321485,350842,95,0,0,2048,2047,1,Pass,Pass,192086794746352270
0,7,17,Adrop,Adrop,2MiB,2097152,16384,6587afedd7c0f949b131311e7425d033a0754a29587f85f26ec370a31fc4edf0,warmup,0,117623,1209191,1326814,1704881,1,16384,16384,16383,1,Pass,Pass,7349817109290025153
0,7,18,Acapacity,Acapacity,128KiB,131072,1024,22e51081397aebb06a1c4c3f85bd08a6e7041a438f4aae416970027e1ddbb24e,warmup,0,6910,79847,86757,65,0,0,16384,16383,1,Pass,Pass,15067928572581534229
0,7,19,A0,A0,2MiB,2097152,16384,6587afedd7c0f949b131311e7425d033a0754a29587f85f26ec370a31fc4edf0,warmup,0,124987,1472306,1597293,91,0,0,16384,16383,1,Pass,Pass,7349817109290025153
0,7,20,Adefs,Adefs,256KiB,262144,2048,6f0154469137295abd7b45b25bc83aace599559234fd5f331140bd800c48b670,warmup,0,14084,150148,164232,118,0,0,16384,16383,1,Pass,Pass,1126272383489710074
0,7,21,Acapacity,Acapacity,2MiB,2097152,16384,6587afedd7c0f949b131311e7425d033a0754a29587f85f26ec370a31fc4edf0,warmup,0,127043,1475251,1602294,181,0,0,16384,16383,1,Pass,Pass,7349817109290025153
0,7,22,Adrop,Adrop,128KiB,131072,1024,22e51081397aebb06a1c4c3f85bd08a6e7041a438f4aae416970027e1ddbb24e,warmup,0,6947,63335,70282,78892,1,1024,1024,1023,1,Pass,Pass,15067928572581534229
0,7,23,A0-dup,A0,16MiB,16777216,131072,0c00f8138e0e622f6fc7215fc0f0d135e79bf60450e4c79d30e30624a8842117,warmup,0,2928945,26325534,29254479,447,0,0,1024,1023,1,Pass,Pass,7408339909486172793
0,7,24,Adrop,Adrop,1MiB,1048576,8192,337a179ec729c20c01309d98317f7ca00691d12ca10285b55ade71fb880e191c,warmup,0,58237,539900,598137,651356,1,8192,8192,8191,1,Pass,Pass,16341657278089853397
0,7,25,Acapacity,Acapacity,16MiB,16777216,131072,0c00f8138e0e622f6fc7215fc0f0d135e79bf60450e4c79d30e30624a8842117,warmup,0,2967766,22727069,25694835,335,0,0,8192,8191,1,Pass,Pass,7408339909486172793
0,7,26,A0-dup,A0,256KiB,262144,2048,6f0154469137295abd7b45b25bc83aace599559234fd5f331140bd800c48b670,warmup,0,13717,162619,176336,90,0,0,8192,8191,1,Pass,Pass,1126272383489710074
0,7,27,A0,A0,1MiB,1048576,8192,337a179ec729c20c01309d98317f7ca00691d12ca10285b55ade71fb880e191c,warmup,0,56987,677367,734354,55,0,0,8192,8191,1,Pass,Pass,16341657278089853397
0,7,28,Adefs,Adefs,16MiB,16777216,131072,0c00f8138e0e622f6fc7215fc0f0d135e79bf60450e4c79d30e30624a8842117,warmup,0,3063429,20222184,23285613,259,0,0,8192,8191,1,Pass,Pass,7408339909486172793
0,7,29,Acapacity,Acapacity,512KiB,524288,4096,155dfc49f4c05f1087ef002a279acee734e738bc580f2b3925315f95a108242b,warmup,0,29541,315265,344806,152,0,0,8192,8191,1,Pass,Pass,192086794746352270
0,7,30,Adefs,Adefs,4MiB,4194304,32768,f9dc4b51d64658b088837d5f2a7d485e8eba57daed852c20d443b77cc8137655,warmup,0,346961,4084753,4431714,393,0,0,8192,8191,1,Pass,Pass,7876534982476418273
0,7,31,A0,A0,16MiB,16777216,131072,0c00f8138e0e622f6fc7215fc0f0d135e79bf60450e4c79d30e30624a8842117,warmup,0,2972342,23282640,26254982,355,0,0,8192,8191,1,Pass,Pass,7408339909486172793
0,7,32,Adrop,Adrop,4MiB,4194304,32768,f9dc4b51d64658b088837d5f2a7d485e8eba57daed852c20d443b77cc8137655,warmup,0,476440,3643803,4120243,3799245,1,32768,32768,32767,1,Pass,Pass,7876534982476418273
0,7,33,A0,A0,8MiB,8388608,65536,e456d3adf67030c5a168df273f5171ca3e1299e54571d94cca82b117f3cf3aeb,warmup,0,1407073,11041615,12448688,582,0,0,32768,32767,1,Pass,Pass,9713268438230653554
0,7,34,Adefs,Adefs,1MiB,1048576,8192,337a179ec729c20c01309d98317f7ca00691d12ca10285b55ade71fb880e191c,warmup,0,57793,610933,668726,160,0,0,32768,32767,1,Pass,Pass,16341657278089853397
0,7,35,Adefs,Adefs,8MiB,8388608,65536,e456d3adf67030c5a168df273f5171ca3e1299e54571d94cca82b117f3cf3aeb,warmup,0,1399350,10189136,11588486,119,0,0,32768,32767,1,Pass,Pass,9713268438230653554
0,7,36,A0,A0,128KiB,131072,1024,22e51081397aebb06a1c4c3f85bd08a6e7041a438f4aae416970027e1ddbb24e,warmup,0,6909,82069,88978,68,0,0,32768,32767,1,Pass,Pass,15067928572581534229
0,7,37,Adefs,Adefs,128KiB,131072,1024,22e51081397aebb06a1c4c3f85bd08a6e7041a438f4aae416970027e1ddbb24e,warmup,0,6493,73260,79753,61,0,0,32768,32767,1,Pass,Pass,15067928572581534229
0,7,38,Adefs,Adefs,2MiB,2097152,16384,6587afedd7c0f949b131311e7425d033a0754a29587f85f26ec370a31fc4edf0,warmup,0,113558,1364302,1477860,200,0,0,32768,32767,1,Pass,Pass,7349817109290025153
0,7,39,Acapacity,Acapacity,8MiB,8388608,65536,e456d3adf67030c5a168df273f5171ca3e1299e54571d94cca82b117f3cf3aeb,warmup,0,1396800,10942842,12339642,415,0,0,32768,32767,1,Pass,Pass,9713268438230653554
0,8,0,Adefs,Adefs,4MiB,4194304,32768,f9dc4b51d64658b088837d5f2a7d485e8eba57daed852c20d443b77cc8137655,warmup,0,573498,4463505,5037003,104,0,0,32768,32767,1,Pass,Pass,7876534982476418273
0,8,1,Adefs,Adefs,256KiB,262144,2048,6f0154469137295abd7b45b25bc83aace599559234fd5f331140bd800c48b670,warmup,0,13929,153447,167376,54,0,0,32768,32767,1,Pass,Pass,1126272383489710074
0,8,2,Adefs,Adefs,16MiB,16777216,131072,0c00f8138e0e622f6fc7215fc0f0d135e79bf60450e4c79d30e30624a8842117,warmup,0,3010884,19431861,22442745,345,0,0,32768,32767,1,Pass,Pass,7408339909486172793
0,8,3,Acapacity,Acapacity,4MiB,4194304,32768,f9dc4b51d64658b088837d5f2a7d485e8eba57daed852c20d443b77cc8137655,warmup,0,392288,4048280,4440568,621,0,0,32768,32767,1,Pass,Pass,7876534982476418273
0,8,4,A0,A0,8MiB,8388608,65536,e456d3adf67030c5a168df273f5171ca3e1299e54571d94cca82b117f3cf3aeb,warmup,0,1400570,11074734,12475304,360,0,0,32768,32767,1,Pass,Pass,9713268438230653554
0,8,5,A0-dup,A0,512KiB,524288,4096,155dfc49f4c05f1087ef002a279acee734e738bc580f2b3925315f95a108242b,warmup,0,29597,315390,344987,91,0,0,32768,32767,1,Pass,Pass,192086794746352270
0,8,6,Acapacity,Acapacity,128KiB,131072,1024,22e51081397aebb06a1c4c3f85bd08a6e7041a438f4aae416970027e1ddbb24e,warmup,0,6602,78001,84603,54,0,0,32768,32767,1,Pass,Pass,15067928572581534229
0,8,7,Acapacity,Acapacity,256KiB,262144,2048,6f0154469137295abd7b45b25bc83aace599559234fd5f331140bd800c48b670,warmup,0,13562,154064,167626,55,0,0,32768,32767,1,Pass,Pass,1126272383489710074
0,8,8,Adrop,Adrop,4MiB,4194304,32768,f9dc4b51d64658b088837d5f2a7d485e8eba57daed852c20d443b77cc8137655,warmup,0,477534,4008120,4485654,4021533,1,32768,32768,32767,1,Pass,Pass,7876534982476418273
0,8,9,Acapacity,Acapacity,16MiB,16777216,131072,0c00f8138e0e622f6fc7215fc0f0d135e79bf60450e4c79d30e30624a8842117,warmup,0,2957471,21753083,24710554,335,0,0,32768,32767,1,Pass,Pass,7408339909486172793
0,8,10,A0,A0,128KiB,131072,1024,22e51081397aebb06a1c4c3f85bd08a6e7041a438f4aae416970027e1ddbb24e,warmup,0,7270,82534,89804,115,0,0,32768,32767,1,Pass,Pass,15067928572581534229
0,8,11,Acapacity,Acapacity,2MiB,2097152,16384,6587afedd7c0f949b131311e7425d033a0754a29587f85f26ec370a31fc4edf0,warmup,0,117776,1506823,1624599,115,0,0,32768,32767,1,Pass,Pass,7349817109290025153
0,8,12,Adrop,Adrop,16MiB,16777216,131072,0c00f8138e0e622f6fc7215fc0f0d135e79bf60450e4c79d30e30624a8842117,warmup,0,3030303,19767587,22797890,17770014,1,131072,131072,131071,1,Pass,Pass,7408339909486172793
0,8,13,Adefs,Adefs,8MiB,8388608,65536,e456d3adf67030c5a168df273f5171ca3e1299e54571d94cca82b117f3cf3aeb,warmup,0,1387593,10223413,11611006,345,0,0,131072,131071,1,Pass,Pass,9713268438230653554
0,8,14,Adefs,Adefs,512KiB,524288,4096,155dfc49f4c05f1087ef002a279acee734e738bc580f2b3925315f95a108242b,warmup,0,29636,296601,326237,91,0,0,131072,131071,1,Pass,Pass,192086794746352270
0,8,15,Acapacity,Acapacity,8MiB,8388608,65536,e456d3adf67030c5a168df273f5171ca3e1299e54571d94cca82b117f3cf3aeb,warmup,0,1363173,10822306,12185479,92,0,0,131072,131071,1,Pass,Pass,9713268438230653554
0,8,16,A0,A0,4MiB,4194304,32768,f9dc4b51d64658b088837d5f2a7d485e8eba57daed852c20d443b77cc8137655,warmup,0,523954,4537387,5061341,331,0,0,131072,131071,1,Pass,Pass,7876534982476418273
0,8,17,A0-dup,A0,8MiB,8388608,65536,e456d3adf67030c5a168df273f5171ca3e1299e54571d94cca82b117f3cf3aeb,warmup,0,1413015,10704593,12117608,133,0,0,131072,131071,1,Pass,Pass,9713268438230653554
0,8,18,Adrop,Adrop,128KiB,131072,1024,22e51081397aebb06a1c4c3f85bd08a6e7041a438f4aae416970027e1ddbb24e,warmup,0,7119,65497,72616,79635,1,1024,1024,1023,1,Pass,Pass,15067928572581534229
0,8,19,Adrop,Adrop,512KiB,524288,4096,155dfc49f4c05f1087ef002a279acee734e738bc580f2b3925315f95a108242b,warmup,0,29068,248521,277589,329819,1,4096,4096,4095,1,Pass,Pass,192086794746352270
0,8,20,A0,A0,2MiB,2097152,16384,6587afedd7c0f949b131311e7425d033a0754a29587f85f26ec370a31fc4edf0,warmup,0,122411,1469574,1591985,106,0,0,4096,4095,1,Pass,Pass,7349817109290025153
0,8,21,A0-dup,A0,256KiB,262144,2048,6f0154469137295abd7b45b25bc83aace599559234fd5f331140bd800c48b670,warmup,0,13857,158887,172744,90,0,0,4096,4095,1,Pass,Pass,1126272383489710074
0,8,22,Adefs,Adefs,128KiB,131072,1024,22e51081397aebb06a1c4c3f85bd08a6e7041a438f4aae416970027e1ddbb24e,warmup,0,6726,74330,81056,35,0,0,4096,4095,1,Pass,Pass,15067928572581534229
0,8,23,Adrop,Adrop,2MiB,2097152,16384,6587afedd7c0f949b131311e7425d033a0754a29587f85f26ec370a31fc4edf0,warmup,0,121884,1224264,1346148,1648276,1,16384,16384,16383,1,Pass,Pass,7349817109290025153
0,8,24,A0-dup,A0,1MiB,1048576,8192,337a179ec729c20c01309d98317f7ca00691d12ca10285b55ade71fb880e191c,warmup,0,58003,660223,718226,96,0,0,16384,16383,1,Pass,Pass,16341657278089853397
0,8,25,A0,A0,16MiB,16777216,131072,0c00f8138e0e622f6fc7215fc0f0d135e79bf60450e4c79d30e30624a8842117,warmup,0,3016045,25230936,28246981,439,0,0,16384,16383,1,Pass,Pass,7408339909486172793
0,8,26,Adefs,Adefs,2MiB,2097152,16384,6587afedd7c0f949b131311e7425d033a0754a29587f85f26ec370a31fc4edf0,warmup,0,115914,1419080,1534994,142,0,0,16384,16383,1,Pass,Pass,7349817109290025153
0,8,27,A0-dup,A0,4MiB,4194304,32768,f9dc4b51d64658b088837d5f2a7d485e8eba57daed852c20d443b77cc8137655,warmup,0,511351,4562467,5073818,582,0,0,16384,16383,1,Pass,Pass,7876534982476418273
0,8,28,Adrop,Adrop,256KiB,262144,2048,6f0154469137295abd7b45b25bc83aace599559234fd5f331140bd800c48b670,warmup,0,14081,123209,137290,157039,1,2048,2048,2047,1,Pass,Pass,1126272383489710074
0,8,29,Adefs,Adefs,1MiB,1048576,8192,337a179ec729c20c01309d98317f7ca00691d12ca10285b55ade71fb880e191c,warmup,0,57993,626264,684257,73,0,0,2048,2047,1,Pass,Pass,16341657278089853397
0,8,30,A0,A0,512KiB,524288,4096,155dfc49f4c05f1087ef002a279acee734e738bc580f2b3925315f95a108242b,warmup,0,29738,308718,338456,48,0,0,2048,2047,1,Pass,Pass,192086794746352270
0,8,31,Adrop,Adrop,1MiB,1048576,8192,337a179ec729c20c01309d98317f7ca00691d12ca10285b55ade71fb880e191c,warmup,0,58020,536356,594376,636081,1,8192,8192,8191,1,Pass,Pass,16341657278089853397
0,8,32,Acapacity,Acapacity,512KiB,524288,4096,155dfc49f4c05f1087ef002a279acee734e738bc580f2b3925315f95a108242b,warmup,0,29854,311185,341039,141,0,0,8192,8191,1,Pass,Pass,192086794746352270
0,8,33,A0,A0,1MiB,1048576,8192,337a179ec729c20c01309d98317f7ca00691d12ca10285b55ade71fb880e191c,warmup,0,57805,664950,722755,71,0,0,8192,8191,1,Pass,Pass,16341657278089853397
0,8,34,A0-dup,A0,128KiB,131072,1024,22e51081397aebb06a1c4c3f85bd08a6e7041a438f4aae416970027e1ddbb24e,warmup,0,6869,82383,89252,74,0,0,8192,8191,1,Pass,Pass,15067928572581534229
0,8,35,A0-dup,A0,2MiB,2097152,16384,6587afedd7c0f949b131311e7425d033a0754a29587f85f26ec370a31fc4edf0,warmup,0,123692,1490138,1613830,179,0,0,8192,8191,1,Pass,Pass,7349817109290025153
0,8,36,A0-dup,A0,16MiB,16777216,131072,0c00f8138e0e622f6fc7215fc0f0d135e79bf60450e4c79d30e30624a8842117,warmup,0,2976920,22776845,25753765,361,0,0,8192,8191,1,Pass,Pass,7408339909486172793
0,8,37,Acapacity,Acapacity,1MiB,1048576,8192,337a179ec729c20c01309d98317f7ca00691d12ca10285b55ade71fb880e191c,warmup,0,57672,657796,715468,318,0,0,8192,8191,1,Pass,Pass,16341657278089853397
0,8,38,Adrop,Adrop,8MiB,8388608,65536,e456d3adf67030c5a168df273f5171ca3e1299e54571d94cca82b117f3cf3aeb,warmup,0,1470030,9823720,11293750,8292060,1,65536,65536,65535,1,Pass,Pass,9713268438230653554
0,8,39,A0,A0,256KiB,262144,2048,6f0154469137295abd7b45b25bc83aace599559234fd5f331140bd800c48b670,warmup,0,14172,163737,177909,88,0,0,65536,65535,1,Pass,Pass,1126272383489710074
0,9,0,Acapacity,Acapacity,1MiB,1048576,8192,337a179ec729c20c01309d98317f7ca00691d12ca10285b55ade71fb880e191c,warmup,0,57871,663425,721296,57,0,0,65536,65535,1,Pass,Pass,16341657278089853397
0,9,1,Adrop,Adrop,512KiB,524288,4096,155dfc49f4c05f1087ef002a279acee734e738bc580f2b3925315f95a108242b,warmup,0,29066,247914,276980,322838,1,4096,4096,4095,1,Pass,Pass,192086794746352270
0,9,2,A0-dup,A0,4MiB,4194304,32768,f9dc4b51d64658b088837d5f2a7d485e8eba57daed852c20d443b77cc8137655,warmup,0,447634,4610358,5057992,147,0,0,4096,4095,1,Pass,Pass,7876534982476418273
0,9,3,A0-dup,A0,16MiB,16777216,131072,0c00f8138e0e622f6fc7215fc0f0d135e79bf60450e4c79d30e30624a8842117,warmup,0,3066284,22492235,25558519,349,0,0,4096,4095,1,Pass,Pass,7408339909486172793
0,9,4,Adefs,Adefs,2MiB,2097152,16384,6587afedd7c0f949b131311e7425d033a0754a29587f85f26ec370a31fc4edf0,warmup,0,118476,1388562,1507038,171,0,0,4096,4095,1,Pass,Pass,7349817109290025153
0,9,5,A0,A0,256KiB,262144,2048,6f0154469137295abd7b45b25bc83aace599559234fd5f331140bd800c48b670,warmup,0,13930,159727,173657,126,0,0,4096,4095,1,Pass,Pass,1126272383489710074
0,9,6,A0-dup,A0,128KiB,131072,1024,22e51081397aebb06a1c4c3f85bd08a6e7041a438f4aae416970027e1ddbb24e,warmup,0,6684,80507,87191,30,0,0,4096,4095,1,Pass,Pass,15067928572581534229
0,9,7,Adefs,Adefs,8MiB,8388608,65536,e456d3adf67030c5a168df273f5171ca3e1299e54571d94cca82b117f3cf3aeb,warmup,0,1383962,10231242,11615204,400,0,0,4096,4095,1,Pass,Pass,9713268438230653554
0,9,8,Adrop,Adrop,8MiB,8388608,65536,e456d3adf67030c5a168df273f5171ca3e1299e54571d94cca82b117f3cf3aeb,warmup,0,1407489,9387874,10795363,8556872,1,65536,65536,65535,1,Pass,Pass,9713268438230653554
0,9,9,Adefs,Adefs,256KiB,262144,2048,6f0154469137295abd7b45b25bc83aace599559234fd5f331140bd800c48b670,warmup,0,14219,149369,163588,141,0,0,65536,65535,1,Pass,Pass,1126272383489710074
0,9,10,Adrop,Adrop,128KiB,131072,1024,22e51081397aebb06a1c4c3f85bd08a6e7041a438f4aae416970027e1ddbb24e,warmup,0,6681,63084,69765,81881,1,1024,1024,1023,1,Pass,Pass,15067928572581534229
0,9,11,A0,A0,4MiB,4194304,32768,f9dc4b51d64658b088837d5f2a7d485e8eba57daed852c20d443b77cc8137655,warmup,0,397913,4432675,4830588,145,0,0,1024,1023,1,Pass,Pass,7876534982476418273
0,9,12,Acapacity,Acapacity,16MiB,16777216,131072,0c00f8138e0e622f6fc7215fc0f0d135e79bf60450e4c79d30e30624a8842117,warmup,0,2993633,22733386,25727019,547,0,0,1024,1023,1,Pass,Pass,7408339909486172793
0,9,13,Adrop,Adrop,1MiB,1048576,8192,337a179ec729c20c01309d98317f7ca00691d12ca10285b55ade71fb880e191c,warmup,0,57303,536631,593934,632547,1,8192,8192,8191,1,Pass,Pass,16341657278089853397
0,9,14,A0-dup,A0,512KiB,524288,4096,155dfc49f4c05f1087ef002a279acee734e738bc580f2b3925315f95a108242b,warmup,0,29659,318125,347784,126,0,0,8192,8191,1,Pass,Pass,192086794746352270
0,9,15,A0,A0,2MiB,2097152,16384,6587afedd7c0f949b131311e7425d033a0754a29587f85f26ec370a31fc4edf0,warmup,0,118638,1504510,1623148,194,0,0,8192,8191,1,Pass,Pass,7349817109290025153
0,9,16,Adefs,Adefs,16MiB,16777216,131072,0c00f8138e0e622f6fc7215fc0f0d135e79bf60450e4c79d30e30624a8842117,warmup,0,2991923,19263635,22255558,422,0,0,8192,8191,1,Pass,Pass,7408339909486172793
0,9,17,Acapacity,Acapacity,2MiB,2097152,16384,6587afedd7c0f949b131311e7425d033a0754a29587f85f26ec370a31fc4edf0,warmup,0,115272,1493774,1609046,540,0,0,8192,8191,1,Pass,Pass,7349817109290025153
0,9,18,A0-dup,A0,1MiB,1048576,8192,337a179ec729c20c01309d98317f7ca00691d12ca10285b55ade71fb880e191c,warmup,0,57796,654624,712420,157,0,0,8192,8191,1,Pass,Pass,16341657278089853397
0,9,19,Adrop,Adrop,2MiB,2097152,16384,6587afedd7c0f949b131311e7425d033a0754a29587f85f26ec370a31fc4edf0,warmup,0,116405,1211944,1328349,1734118,1,16384,16384,16383,1,Pass,Pass,7349817109290025153
0,9,20,Adrop,Adrop,4MiB,4194304,32768,f9dc4b51d64658b088837d5f2a7d485e8eba57daed852c20d443b77cc8137655,warmup,0,559110,3693889,4252999,3881111,1,32768,32768,32767,1,Pass,Pass,7876534982476418273
0,9,21,Adefs,Adefs,1MiB,1048576,8192,337a179ec729c20c01309d98317f7ca00691d12ca10285b55ade71fb880e191c,warmup,0,58055,618973,677028,124,0,0,32768,32767,1,Pass,Pass,16341657278089853397
0,9,22,Adrop,Adrop,256KiB,262144,2048,6f0154469137295abd7b45b25bc83aace599559234fd5f331140bd800c48b670,warmup,0,13765,123497,137262,154977,1,2048,2048,2047,1,Pass,Pass,1126272383489710074
0,9,23,Adefs,Adefs,512KiB,524288,4096,155dfc49f4c05f1087ef002a279acee734e738bc580f2b3925315f95a108242b,warmup,0,28624,293189,321813,100,0,0,2048,2047,1,Pass,Pass,192086794746352270
0,9,24,A0-dup,A0,8MiB,8388608,65536,e456d3adf67030c5a168df273f5171ca3e1299e54571d94cca82b117f3cf3aeb,warmup,0,1345441,11140754,12486195,120,0,0,2048,2047,1,Pass,Pass,9713268438230653554
0,9,25,A0-dup,A0,2MiB,2097152,16384,6587afedd7c0f949b131311e7425d033a0754a29587f85f26ec370a31fc4edf0,warmup,0,114140,1471163,1585303,116,0,0,2048,2047,1,Pass,Pass,7349817109290025153
0,9,26,Acapacity,Acapacity,512KiB,524288,4096,155dfc49f4c05f1087ef002a279acee734e738bc580f2b3925315f95a108242b,warmup,0,29812,321694,351506,102,0,0,2048,2047,1,Pass,Pass,192086794746352270
0,9,27,Acapacity,Acapacity,128KiB,131072,1024,22e51081397aebb06a1c4c3f85bd08a6e7041a438f4aae416970027e1ddbb24e,warmup,0,6731,78191,84922,46,0,0,2048,2047,1,Pass,Pass,15067928572581534229
0,9,28,Adefs,Adefs,128KiB,131072,1024,22e51081397aebb06a1c4c3f85bd08a6e7041a438f4aae416970027e1ddbb24e,warmup,0,6621,73811,80432,56,0,0,2048,2047,1,Pass,Pass,15067928572581534229
0,9,29,Acapacity,Acapacity,8MiB,8388608,65536,e456d3adf67030c5a168df273f5171ca3e1299e54571d94cca82b117f3cf3aeb,warmup,0,1396292,10955463,12351755,337,0,0,2048,2047,1,Pass,Pass,9713268438230653554
0,9,30,Adrop,Adrop,16MiB,16777216,131072,0c00f8138e0e622f6fc7215fc0f0d135e79bf60450e4c79d30e30624a8842117,warmup,0,2934473,19184782,22119255,19024830,1,131072,131072,131071,1,Pass,Pass,7408339909486172793
0,9,31,A0,A0,512KiB,524288,4096,155dfc49f4c05f1087ef002a279acee734e738bc580f2b3925315f95a108242b,warmup,0,30109,324932,355041,141,0,0,131072,131071,1,Pass,Pass,192086794746352270
0,9,32,A0-dup,A0,256KiB,262144,2048,6f0154469137295abd7b45b25bc83aace599559234fd5f331140bd800c48b670,warmup,0,13701,155200,168901,57,0,0,131072,131071,1,Pass,Pass,1126272383489710074
0,9,33,Acapacity,Acapacity,256KiB,262144,2048,6f0154469137295abd7b45b25bc83aace599559234fd5f331140bd800c48b670,warmup,0,13541,152625,166166,42,0,0,131072,131071,1,Pass,Pass,1126272383489710074
0,9,34,Acapacity,Acapacity,4MiB,4194304,32768,f9dc4b51d64658b088837d5f2a7d485e8eba57daed852c20d443b77cc8137655,warmup,0,524691,4321502,4846193,98,0,0,131072,131071,1,Pass,Pass,7876534982476418273
0,9,35,A0,A0,8MiB,8388608,65536,e456d3adf67030c5a168df273f5171ca3e1299e54571d94cca82b117f3cf3aeb,warmup,0,1393762,11085427,12479189,257,0,0,131072,131071,1,Pass,Pass,9713268438230653554
0,9,36,A0,A0,1MiB,1048576,8192,337a179ec729c20c01309d98317f7ca00691d12ca10285b55ade71fb880e191c,warmup,0,57878,658549,716427,392,0,0,131072,131071,1,Pass,Pass,16341657278089853397
0,9,37,A0,A0,16MiB,16777216,131072,0c00f8138e0e622f6fc7215fc0f0d135e79bf60450e4c79d30e30624a8842117,warmup,0,3377962,26534598,29912560,343,0,0,131072,131071,1,Pass,Pass,7408339909486172793
0,9,38,A0,A0,128KiB,131072,1024,22e51081397aebb06a1c4c3f85bd08a6e7041a438f4aae416970027e1ddbb24e,warmup,0,7223,83259,90482,86,0,0,131072,131071,1,Pass,Pass,15067928572581534229
0,9,39,Adefs,Adefs,4MiB,4194304,32768,f9dc4b51d64658b088837d5f2a7d485e8eba57daed852c20d443b77cc8137655,warmup,0,417653,3947221,4364874,88,0,0,131072,131071,1,Pass,Pass,7876534982476418273
0,10,0,Adrop,Adrop,256KiB,262144,2048,6f0154469137295abd7b45b25bc83aace599559234fd5f331140bd800c48b670,measured,0,14133,125572,139705,153045,1,2048,2048,2047,1,Pass,Pass,1126272383489710074
0,10,1,Adrop,Adrop,2MiB,2097152,16384,6587afedd7c0f949b131311e7425d033a0754a29587f85f26ec370a31fc4edf0,measured,0,114746,1227453,1342199,1716990,1,16384,16384,16383,1,Pass,Pass,7349817109290025153
0,10,2,A0-dup,A0,2MiB,2097152,16384,6587afedd7c0f949b131311e7425d033a0754a29587f85f26ec370a31fc4edf0,measured,0,143174,1484520,1627694,352,0,0,16384,16383,1,Pass,Pass,7349817109290025153
0,10,3,Adefs,Adefs,1MiB,1048576,8192,337a179ec729c20c01309d98317f7ca00691d12ca10285b55ade71fb880e191c,measured,0,57630,655241,712871,191,0,0,16384,16383,1,Pass,Pass,16341657278089853397
0,10,4,A0-dup,A0,16MiB,16777216,131072,0c00f8138e0e622f6fc7215fc0f0d135e79bf60450e4c79d30e30624a8842117,measured,0,2981036,21674326,24655362,435,0,0,16384,16383,1,Pass,Pass,7408339909486172793
0,10,5,A0,A0,8MiB,8388608,65536,e456d3adf67030c5a168df273f5171ca3e1299e54571d94cca82b117f3cf3aeb,measured,0,1409296,11069854,12479150,132,0,0,16384,16383,1,Pass,Pass,9713268438230653554
0,10,6,A0-dup,A0,256KiB,262144,2048,6f0154469137295abd7b45b25bc83aace599559234fd5f331140bd800c48b670,measured,0,14178,160727,174905,106,0,0,16384,16383,1,Pass,Pass,1126272383489710074
0,10,7,A0,A0,16MiB,16777216,131072,0c00f8138e0e622f6fc7215fc0f0d135e79bf60450e4c79d30e30624a8842117,measured,0,3023689,23090027,26113716,372,0,0,16384,16383,1,Pass,Pass,7408339909486172793
0,10,8,Acapacity,Acapacity,2MiB,2097152,16384,6587afedd7c0f949b131311e7425d033a0754a29587f85f26ec370a31fc4edf0,measured,0,150987,1545930,1696917,118,0,0,16384,16383,1,Pass,Pass,7349817109290025153
0,10,9,Adrop,Adrop,8MiB,8388608,65536,e456d3adf67030c5a168df273f5171ca3e1299e54571d94cca82b117f3cf3aeb,measured,0,1417762,9141872,10559634,8655129,1,65536,65536,65535,1,Pass,Pass,9713268438230653554
0,10,10,A0,A0,4MiB,4194304,32768,f9dc4b51d64658b088837d5f2a7d485e8eba57daed852c20d443b77cc8137655,measured,0,484539,4269146,4753685,283,0,0,65536,65535,1,Pass,Pass,7876534982476418273
0,10,11,Adefs,Adefs,128KiB,131072,1024,22e51081397aebb06a1c4c3f85bd08a6e7041a438f4aae416970027e1ddbb24e,measured,0,7384,81241,88625,143,0,0,65536,65535,1,Pass,Pass,15067928572581534229
0,10,12,Adrop,Adrop,4MiB,4194304,32768,f9dc4b51d64658b088837d5f2a7d485e8eba57daed852c20d443b77cc8137655,measured,0,502351,3865986,4368337,4003479,1,32768,32768,32767,1,Pass,Pass,7876534982476418273
0,10,13,A0-dup,A0,4MiB,4194304,32768,f9dc4b51d64658b088837d5f2a7d485e8eba57daed852c20d443b77cc8137655,measured,0,506714,4508971,5015685,125,0,0,32768,32767,1,Pass,Pass,7876534982476418273
0,10,14,Acapacity,Acapacity,512KiB,524288,4096,155dfc49f4c05f1087ef002a279acee734e738bc580f2b3925315f95a108242b,measured,0,30792,335020,365812,125,0,0,32768,32767,1,Pass,Pass,192086794746352270
0,10,15,Acapacity,Acapacity,256KiB,262144,2048,6f0154469137295abd7b45b25bc83aace599559234fd5f331140bd800c48b670,measured,0,13623,155039,168662,64,0,0,32768,32767,1,Pass,Pass,1126272383489710074
0,10,16,A0,A0,256KiB,262144,2048,6f0154469137295abd7b45b25bc83aace599559234fd5f331140bd800c48b670,measured,0,13667,157264,170931,51,0,0,32768,32767,1,Pass,Pass,1126272383489710074
0,10,17,Adefs,Adefs,2MiB,2097152,16384,6587afedd7c0f949b131311e7425d033a0754a29587f85f26ec370a31fc4edf0,measured,0,126649,1420965,1547614,190,0,0,32768,32767,1,Pass,Pass,7349817109290025153
0,10,18,Acapacity,Acapacity,1MiB,1048576,8192,337a179ec729c20c01309d98317f7ca00691d12ca10285b55ade71fb880e191c,measured,0,57862,646296,704158,119,0,0,32768,32767,1,Pass,Pass,16341657278089853397
0,10,19,A0-dup,A0,128KiB,131072,1024,22e51081397aebb06a1c4c3f85bd08a6e7041a438f4aae416970027e1ddbb24e,measured,0,6927,79640,86567,48,0,0,32768,32767,1,Pass,Pass,15067928572581534229
0,10,20,Acapacity,Acapacity,16MiB,16777216,131072,0c00f8138e0e622f6fc7215fc0f0d135e79bf60450e4c79d30e30624a8842117,measured,0,2969504,21518267,24487771,421,0,0,32768,32767,1,Pass,Pass,7408339909486172793
0,10,21,Adefs,Adefs,4MiB,4194304,32768,f9dc4b51d64658b088837d5f2a7d485e8eba57daed852c20d443b77cc8137655,measured,0,328193,4009315,4337508,192,0,0,32768,32767,1,Pass,Pass,7876534982476418273
0,10,22,Adefs,Adefs,8MiB,8388608,65536,e456d3adf67030c5a168df273f5171ca3e1299e54571d94cca82b117f3cf3aeb,measured,0,1407759,10377413,11785172,333,0,0,32768,32767,1,Pass,Pass,9713268438230653554
0,10,23,Adrop,Adrop,512KiB,524288,4096,155dfc49f4c05f1087ef002a279acee734e738bc580f2b3925315f95a108242b,measured,0,29888,256332,286220,325019,1,4096,4096,4095,1,Pass,Pass,192086794746352270
0,10,24,Adefs,Adefs,256KiB,262144,2048,6f0154469137295abd7b45b25bc83aace599559234fd5f331140bd800c48b670,measured,0,13595,151019,164614,93,0,0,4096,4095,1,Pass,Pass,1126272383489710074
0,10,25,A0,A0,2MiB,2097152,16384,6587afedd7c0f949b131311e7425d033a0754a29587f85f26ec370a31fc4edf0,measured,0,117997,1500853,1618850,416,0,0,4096,4095,1,Pass,Pass,7349817109290025153
0,10,26,A0,A0,512KiB,524288,4096,155dfc49f4c05f1087ef002a279acee734e738bc580f2b3925315f95a108242b,measured,0,29338,322592,351930,192,0,0,4096,4095,1,Pass,Pass,192086794746352270
0,10,27,Adrop,Adrop,16MiB,16777216,131072,0c00f8138e0e622f6fc7215fc0f0d135e79bf60450e4c79d30e30624a8842117,measured,0,3137851,19325987,22463838,23522162,1,131072,131072,131071,1,Pass,Pass,7408339909486172793
0,10,28,Adefs,Adefs,16MiB,16777216,131072,0c00f8138e0e622f6fc7215fc0f0d135e79bf60450e4c79d30e30624a8842117,measured,0,2938236,22653736,25591972,383,0,0,131072,131071,1,Pass,Pass,7408339909486172793
0,10,29,Acapacity,Acapacity,128KiB,131072,1024,22e51081397aebb06a1c4c3f85bd08a6e7041a438f4aae416970027e1ddbb24e,measured,0,7075,80923,87998,119,0,0,131072,131071,1,Pass,Pass,15067928572581534229
0,10,30,A0-dup,A0,8MiB,8388608,65536,e456d3adf67030c5a168df273f5171ca3e1299e54571d94cca82b117f3cf3aeb,measured,0,1386213,11029829,12416042,143,0,0,131072,131071,1,Pass,Pass,9713268438230653554
0,10,31,A0,A0,1MiB,1048576,8192,337a179ec729c20c01309d98317f7ca00691d12ca10285b55ade71fb880e191c,measured,0,57640,697086,754726,135,0,0,131072,131071,1,Pass,Pass,16341657278089853397
0,10,32,Acapacity,Acapacity,8MiB,8388608,65536,e456d3adf67030c5a168df273f5171ca3e1299e54571d94cca82b117f3cf3aeb,measured,0,1428665,10606842,12035507,109,0,0,131072,131071,1,Pass,Pass,9713268438230653554
0,10,33,A0,A0,128KiB,131072,1024,22e51081397aebb06a1c4c3f85bd08a6e7041a438f4aae416970027e1ddbb24e,measured,0,7406,82246,89652,88,0,0,131072,131071,1,Pass,Pass,15067928572581534229
0,10,34,Adrop,Adrop,1MiB,1048576,8192,337a179ec729c20c01309d98317f7ca00691d12ca10285b55ade71fb880e191c,measured,0,57511,524040,581551,618506,1,8192,8192,8191,1,Pass,Pass,16341657278089853397
0,10,35,A0-dup,A0,1MiB,1048576,8192,337a179ec729c20c01309d98317f7ca00691d12ca10285b55ade71fb880e191c,measured,0,57633,656955,714588,53,0,0,8192,8191,1,Pass,Pass,16341657278089853397
0,10,36,A0-dup,A0,512KiB,524288,4096,155dfc49f4c05f1087ef002a279acee734e738bc580f2b3925315f95a108242b,measured,0,29313,319265,348578,60,0,0,8192,8191,1,Pass,Pass,192086794746352270
0,10,37,Acapacity,Acapacity,4MiB,4194304,32768,f9dc4b51d64658b088837d5f2a7d485e8eba57daed852c20d443b77cc8137655,measured,0,426329,4416357,4842686,412,0,0,8192,8191,1,Pass,Pass,7876534982476418273
0,10,38,Adrop,Adrop,128KiB,131072,1024,22e51081397aebb06a1c4c3f85bd08a6e7041a438f4aae416970027e1ddbb24e,measured,0,7106,65260,72366,79248,1,1024,1024,1023,1,Pass,Pass,15067928572581534229
0,10,39,Adefs,Adefs,512KiB,524288,4096,155dfc49f4c05f1087ef002a279acee734e738bc580f2b3925315f95a108242b,measured,0,29235,294560,323795,68,0,0,1024,1023,1,Pass,Pass,192086794746352270
0,11,0,A0-dup,A0,128KiB,131072,1024,22e51081397aebb06a1c4c3f85bd08a6e7041a438f4aae416970027e1ddbb24e,measured,1,6725,78369,85094,79,0,0,1024,1023,1,Pass,Pass,15067928572581534229
0,11,1,Acapacity,Acapacity,2MiB,2097152,16384,6587afedd7c0f949b131311e7425d033a0754a29587f85f26ec370a31fc4edf0,measured,1,126769,1469295,1596064,185,0,0,1024,1023,1,Pass,Pass,7349817109290025153
0,11,2,Acapacity,Acapacity,512KiB,524288,4096,155dfc49f4c05f1087ef002a279acee734e738bc580f2b3925315f95a108242b,measured,1,29545,315756,345301,133,0,0,1024,1023,1,Pass,Pass,192086794746352270
0,11,3,A0,A0,128KiB,131072,1024,22e51081397aebb06a1c4c3f85bd08a6e7041a438f4aae416970027e1ddbb24e,measured,1,6763,81807,88570,78,0,0,1024,1023,1,Pass,Pass,15067928572581534229
0,11,4,Adrop,Adrop,2MiB,2097152,16384,6587afedd7c0f949b131311e7425d033a0754a29587f85f26ec370a31fc4edf0,measured,1,123068,1223854,1346922,1703682,1,16384,16384,16383,1,Pass,Pass,7349817109290025153
0,11,5,Acapacity,Acapacity,256KiB,262144,2048,6f0154469137295abd7b45b25bc83aace599559234fd5f331140bd800c48b670,measured,1,17274,157244,174518,86,0,0,16384,16383,1,Pass,Pass,1126272383489710074
0,11,6,A0-dup,A0,16MiB,16777216,131072,0c00f8138e0e622f6fc7215fc0f0d135e79bf60450e4c79d30e30624a8842117,measured,1,3027643,22447186,25474829,342,0,0,16384,16383,1,Pass,Pass,7408339909486172793
0,11,7,A0-dup,A0,1MiB,1048576,8192,337a179ec729c20c01309d98317f7ca00691d12ca10285b55ade71fb880e191c,measured,1,57677,659443,717120,115,0,0,16384,16383,1,Pass,Pass,16341657278089853397
0,11,8,Adefs,Adefs,16MiB,16777216,131072,0c00f8138e0e622f6fc7215fc0f0d135e79bf60450e4c79d30e30624a8842117,measured,1,3041358,20638669,23680027,346,0,0,16384,16383,1,Pass,Pass,7408339909486172793
0,11,9,Adefs,Adefs,512KiB,524288,4096,155dfc49f4c05f1087ef002a279acee734e738bc580f2b3925315f95a108242b,measured,1,29642,300484,330126,60,0,0,16384,16383,1,Pass,Pass,192086794746352270
0,11,10,A0,A0,256KiB,262144,2048,6f0154469137295abd7b45b25bc83aace599559234fd5f331140bd800c48b670,measured,1,13552,154091,167643,57,0,0,16384,16383,1,Pass,Pass,1126272383489710074
0,11,11,A0,A0,512KiB,524288,4096,155dfc49f4c05f1087ef002a279acee734e738bc580f2b3925315f95a108242b,measured,1,29334,312615,341949,58,0,0,16384,16383,1,Pass,Pass,192086794746352270
0,11,12,Adefs,Adefs,256KiB,262144,2048,6f0154469137295abd7b45b25bc83aace599559234fd5f331140bd800c48b670,measured,1,13616,145819,159435,54,0,0,16384,16383,1,Pass,Pass,1126272383489710074
0,11,13,Adrop,Adrop,256KiB,262144,2048,6f0154469137295abd7b45b25bc83aace599559234fd5f331140bd800c48b670,measured,1,13481,126246,139727,157180,1,2048,2048,2047,1,Pass,Pass,1126272383489710074
0,11,14,A0,A0,1MiB,1048576,8192,337a179ec729c20c01309d98317f7ca00691d12ca10285b55ade71fb880e191c,measured,1,57227,682525,739752,79,0,0,2048,2047,1,Pass,Pass,16341657278089853397
0,11,15,Adrop,Adrop,128KiB,131072,1024,22e51081397aebb06a1c4c3f85bd08a6e7041a438f4aae416970027e1ddbb24e,measured,1,6512,61244,67756,82389,1,1024,1024,1023,1,Pass,Pass,15067928572581534229
0,11,16,Adefs,Adefs,8MiB,8388608,65536,e456d3adf67030c5a168df273f5171ca3e1299e54571d94cca82b117f3cf3aeb,measured,1,1407988,9854299,11262287,302,0,0,1024,1023,1,Pass,Pass,9713268438230653554
0,11,17,A0-dup,A0,2MiB,2097152,16384,6587afedd7c0f949b131311e7425d033a0754a29587f85f26ec370a31fc4edf0,measured,1,114204,1499362,1613566,628,0,0,1024,1023,1,Pass,Pass,7349817109290025153
0,11,18,Adrop,Adrop,512KiB,524288,4096,155dfc49f4c05f1087ef002a279acee734e738bc580f2b3925315f95a108242b,measured,1,29220,251405,280625,318697,1,4096,4096,4095,1,Pass,Pass,192086794746352270
0,11,19,A0-dup,A0,8MiB,8388608,65536,e456d3adf67030c5a168df273f5171ca3e1299e54571d94cca82b117f3cf3aeb,measured,1,1412065,10796670,12208735,379,0,0,4096,4095,1,Pass,Pass,9713268438230653554
0,11,20,A0-dup,A0,512KiB,524288,4096,155dfc49f4c05f1087ef002a279acee734e738bc580f2b3925315f95a108242b,measured,1,29882,318422,348304,88,0,0,4096,4095,1,Pass,Pass,192086794746352270
0,11,21,Adrop,Adrop,16MiB,16777216,131072,0c00f8138e0e622f6fc7215fc0f0d135e79bf60450e4c79d30e30624a8842117,measured,1,3083772,20388625,23472397,18066010,1,131072,131072,131071,1,Pass,Pass,7408339909486172793
0,11,22,Acapacity,Acapacity,1MiB,1048576,8192,337a179ec729c20c01309d98317f7ca00691d12ca10285b55ade71fb880e191c,measured,1,57742,648864,706606,128,0,0,131072,131071,1,Pass,Pass,16341657278089853397
0,11,23,Adrop,Adrop,8MiB,8388608,65536,e456d3adf67030c5a168df273f5171ca3e1299e54571d94cca82b117f3cf3aeb,measured,1,1393061,9465841,10858902,8428183,1,65536,65536,65535,1,Pass,Pass,9713268438230653554
0,11,24,Acapacity,Acapacity,128KiB,131072,1024,22e51081397aebb06a1c4c3f85bd08a6e7041a438f4aae416970027e1ddbb24e,measured,1,7028,83845,90873,93,0,0,65536,65535,1,Pass,Pass,15067928572581534229
0,11,25,Adrop,Adrop,1MiB,1048576,8192,337a179ec729c20c01309d98317f7ca00691d12ca10285b55ade71fb880e191c,measured,1,57691,531124,588815,634964,1,8192,8192,8191,1,Pass,Pass,16341657278089853397
0,11,26,Adefs,Adefs,128KiB,131072,1024,22e51081397aebb06a1c4c3f85bd08a6e7041a438f4aae416970027e1ddbb24e,measured,1,6690,74339,81029,68,0,0,8192,8191,1,Pass,Pass,15067928572581534229
0,11,27,A0,A0,8MiB,8388608,65536,e456d3adf67030c5a168df273f5171ca3e1299e54571d94cca82b117f3cf3aeb,measured,1,1452313,10773250,12225563,670,0,0,8192,8191,1,Pass,Pass,9713268438230653554
0,11,28,A0-dup,A0,4MiB,4194304,32768,f9dc4b51d64658b088837d5f2a7d485e8eba57daed852c20d443b77cc8137655,measured,1,455172,4574027,5029199,107,0,0,8192,8191,1,Pass,Pass,7876534982476418273
0,11,29,A0-dup,A0,256KiB,262144,2048,6f0154469137295abd7b45b25bc83aace599559234fd5f331140bd800c48b670,measured,1,13926,160669,174595,90,0,0,8192,8191,1,Pass,Pass,1126272383489710074
0,11,30,Adefs,Adefs,2MiB,2097152,16384,6587afedd7c0f949b131311e7425d033a0754a29587f85f26ec370a31fc4edf0,measured,1,131569,1487445,1619014,95,0,0,8192,8191,1,Pass,Pass,7349817109290025153
0,11,31,Acapacity,Acapacity,16MiB,16777216,131072,0c00f8138e0e622f6fc7215fc0f0d135e79bf60450e4c79d30e30624a8842117,measured,1,3064600,24787937,27852537,393,0,0,8192,8191,1,Pass,Pass,7408339909486172793
0,11,32,Acapacity,Acapacity,4MiB,4194304,32768,f9dc4b51d64658b088837d5f2a7d485e8eba57daed852c20d443b77cc8137655,measured,1,329353,4188352,4517705,425,0,0,8192,8191,1,Pass,Pass,7876534982476418273
0,11,33,Adefs,Adefs,1MiB,1048576,8192,337a179ec729c20c01309d98317f7ca00691d12ca10285b55ade71fb880e191c,measured,1,58959,599520,658479,89,0,0,8192,8191,1,Pass,Pass,16341657278089853397
0,11,34,Adefs,Adefs,4MiB,4194304,32768,f9dc4b51d64658b088837d5f2a7d485e8eba57daed852c20d443b77cc8137655,measured,1,446503,4172932,4619435,195,0,0,8192,8191,1,Pass,Pass,7876534982476418273
0,11,35,Acapacity,Acapacity,8MiB,8388608,65536,e456d3adf67030c5a168df273f5171ca3e1299e54571d94cca82b117f3cf3aeb,measured,1,1409759,10565349,11975108,555,0,0,8192,8191,1,Pass,Pass,9713268438230653554
0,11,36,A0,A0,16MiB,16777216,131072,0c00f8138e0e622f6fc7215fc0f0d135e79bf60450e4c79d30e30624a8842117,measured,1,2906108,23251884,26157992,325,0,0,8192,8191,1,Pass,Pass,7408339909486172793
0,11,37,A0,A0,2MiB,2097152,16384,6587afedd7c0f949b131311e7425d033a0754a29587f85f26ec370a31fc4edf0,measured,1,132407,1640526,1772933,119,0,0,8192,8191,1,Pass,Pass,7349817109290025153
0,11,38,Adrop,Adrop,4MiB,4194304,32768,f9dc4b51d64658b088837d5f2a7d485e8eba57daed852c20d443b77cc8137655,measured,1,449344,3695329,4144673,4167308,1,32768,32768,32767,1,Pass,Pass,7876534982476418273
0,11,39,A0,A0,4MiB,4194304,32768,f9dc4b51d64658b088837d5f2a7d485e8eba57daed852c20d443b77cc8137655,measured,1,483593,4433853,4917446,267,0,0,32768,32767,1,Pass,Pass,7876534982476418273
0,12,0,A0,A0,8MiB,8388608,65536,e456d3adf67030c5a168df273f5171ca3e1299e54571d94cca82b117f3cf3aeb,measured,2,1402867,11064112,12466979,435,0,0,32768,32767,1,Pass,Pass,9713268438230653554
0,12,1,Adrop,Adrop,1MiB,1048576,8192,337a179ec729c20c01309d98317f7ca00691d12ca10285b55ade71fb880e191c,measured,2,62172,532323,594495,626181,1,8192,8192,8191,1,Pass,Pass,16341657278089853397
0,12,2,Adrop,Adrop,512KiB,524288,4096,155dfc49f4c05f1087ef002a279acee734e738bc580f2b3925315f95a108242b,measured,2,29281,251596,280877,318487,1,4096,4096,4095,1,Pass,Pass,192086794746352270
0,12,3,A0-dup,A0,16MiB,16777216,131072,0c00f8138e0e622f6fc7215fc0f0d135e79bf60450e4c79d30e30624a8842117,measured,2,2992027,22196323,25188350,549,0,0,4096,4095,1,Pass,Pass,7408339909486172793
0,12,4,A0,A0,128KiB,131072,1024,22e51081397aebb06a1c4c3f85bd08a6e7041a438f4aae416970027e1ddbb24e,measured,2,6903,98349,105252,153,0,0,4096,4095,1,Pass,Pass,15067928572581534229
0,12,5,Acapacity,Acapacity,16MiB,16777216,131072,0c00f8138e0e622f6fc7215fc0f0d135e79bf60450e4c79d30e30624a8842117,measured,2,3023166,23008628,26031794,350,0,0,4096,4095,1,Pass,Pass,7408339909486172793
0,12,6,A0,A0,256KiB,262144,2048,6f0154469137295abd7b45b25bc83aace599559234fd5f331140bd800c48b670,measured,2,14144,161757,175901,222,0,0,4096,4095,1,Pass,Pass,1126272383489710074
0,12,7,Adrop,Adrop,256KiB,262144,2048,6f0154469137295abd7b45b25bc83aace599559234fd5f331140bd800c48b670,measured,2,14052,125210,139262,153797,1,2048,2048,2047,1,Pass,Pass,1126272383489710074
0,12,8,Adefs,Adefs,8MiB,8388608,65536,e456d3adf67030c5a168df273f5171ca3e1299e54571d94cca82b117f3cf3aeb,measured,2,1414523,9782051,11196574,294,0,0,2048,2047,1,Pass,Pass,9713268438230653554
0,12,9,A0,A0,512KiB,524288,4096,155dfc49f4c05f1087ef002a279acee734e738bc580f2b3925315f95a108242b,measured,2,29614,325921,355535,166,0,0,2048,2047,1,Pass,Pass,192086794746352270
0,12,10,Adrop,Adrop,4MiB,4194304,32768,f9dc4b51d64658b088837d5f2a7d485e8eba57daed852c20d443b77cc8137655,measured,2,500122,4057382,4557504,4175261,1,32768,32768,32767,1,Pass,Pass,7876534982476418273
0,12,11,A0,A0,1MiB,1048576,8192,337a179ec729c20c01309d98317f7ca00691d12ca10285b55ade71fb880e191c,measured,2,57937,637721,695658,150,0,0,32768,32767,1,Pass,Pass,16341657278089853397
0,12,12,Acapacity,Acapacity,512KiB,524288,4096,155dfc49f4c05f1087ef002a279acee734e738bc580f2b3925315f95a108242b,measured,2,29219,315455,344674,56,0,0,32768,32767,1,Pass,Pass,192086794746352270
0,12,13,A0,A0,16MiB,16777216,131072,0c00f8138e0e622f6fc7215fc0f0d135e79bf60450e4c79d30e30624a8842117,measured,2,3093110,22395144,25488254,312,0,0,32768,32767,1,Pass,Pass,7408339909486172793
0,12,14,Adefs,Adefs,2MiB,2097152,16384,6587afedd7c0f949b131311e7425d033a0754a29587f85f26ec370a31fc4edf0,measured,2,117913,1396680,1514593,198,0,0,32768,32767,1,Pass,Pass,7349817109290025153
0,12,15,Adefs,Adefs,4MiB,4194304,32768,f9dc4b51d64658b088837d5f2a7d485e8eba57daed852c20d443b77cc8137655,measured,2,409738,3840039,4249777,192,0,0,32768,32767,1,Pass,Pass,7876534982476418273
0,12,16,Acapacity,Acapacity,128KiB,131072,1024,22e51081397aebb06a1c4c3f85bd08a6e7041a438f4aae416970027e1ddbb24e,measured,2,7271,80648,87919,65,0,0,32768,32767,1,Pass,Pass,15067928572581534229
0,12,17,Acapacity,Acapacity,1MiB,1048576,8192,337a179ec729c20c01309d98317f7ca00691d12ca10285b55ade71fb880e191c,measured,2,57358,646281,703639,59,0,0,32768,32767,1,Pass,Pass,16341657278089853397
0,12,18,Acapacity,Acapacity,256KiB,262144,2048,6f0154469137295abd7b45b25bc83aace599559234fd5f331140bd800c48b670,measured,2,13563,154446,168009,58,0,0,32768,32767,1,Pass,Pass,1126272383489710074
0,12,19,Adefs,Adefs,16MiB,16777216,131072,0c00f8138e0e622f6fc7215fc0f0d135e79bf60450e4c79d30e30624a8842117,measured,2,3101590,20188968,23290558,311,0,0,32768,32767,1,Pass,Pass,7408339909486172793
0,12,20,Adefs,Adefs,1MiB,1048576,8192,337a179ec729c20c01309d98317f7ca00691d12ca10285b55ade71fb880e191c,measured,2,57617,643172,700789,202,0,0,32768,32767,1,Pass,Pass,16341657278089853397
0,12,21,A0-dup,A0,4MiB,4194304,32768,f9dc4b51d64658b088837d5f2a7d485e8eba57daed852c20d443b77cc8137655,measured,2,544313,4519511,5063824,89,0,0,32768,32767,1,Pass,Pass,7876534982476418273
0,12,22,Adrop,Adrop,16MiB,16777216,131072,0c00f8138e0e622f6fc7215fc0f0d135e79bf60450e4c79d30e30624a8842117,measured,2,3072068,19316214,22388282,19479001,1,131072,131072,131071,1,Pass,Pass,7408339909486172793
0,12,23,Acapacity,Acapacity,8MiB,8388608,65536,e456d3adf67030c5a168df273f5171ca3e1299e54571d94cca82b117f3cf3aeb,measured,2,1462627,10602610,12065237,367,0,0,131072,131071,1,Pass,Pass,9713268438230653554
0,12,24,Adrop,Adrop,128KiB,131072,1024,22e51081397aebb06a1c4c3f85bd08a6e7041a438f4aae416970027e1ddbb24e,measured,2,7557,65666,73223,81272,1,1024,1024,1023,1,Pass,Pass,15067928572581534229
0,12,25,Adefs,Adefs,512KiB,524288,4096,155dfc49f4c05f1087ef002a279acee734e738bc580f2b3925315f95a108242b,measured,2,29139,293162,322301,116,0,0,1024,1023,1,Pass,Pass,192086794746352270
0,12,26,A0-dup,A0,128KiB,131072,1024,22e51081397aebb06a1c4c3f85bd08a6e7041a438f4aae416970027e1ddbb24e,measured,2,6705,79556,86261,40,0,0,1024,1023,1,Pass,Pass,15067928572581534229
0,12,27,Adrop,Adrop,2MiB,2097152,16384,6587afedd7c0f949b131311e7425d033a0754a29587f85f26ec370a31fc4edf0,measured,2,126621,1261335,1387956,1886016,1,16384,16384,16383,1,Pass,Pass,7349817109290025153
0,12,28,A0,A0,4MiB,4194304,32768,f9dc4b51d64658b088837d5f2a7d485e8eba57daed852c20d443b77cc8137655,measured,2,545788,4428328,4974116,135,0,0,16384,16383,1,Pass,Pass,7876534982476418273
0,12,29,Adefs,Adefs,128KiB,131072,1024,22e51081397aebb06a1c4c3f85bd08a6e7041a438f4aae416970027e1ddbb24e,measured,2,7066,77176,84242,104,0,0,16384,16383,1,Pass,Pass,15067928572581534229
0,12,30,Acapacity,Acapacity,4MiB,4194304,32768,f9dc4b51d64658b088837d5f2a7d485e8eba57daed852c20d443b77cc8137655,measured,2,541339,4354093,4895432,276,0,0,16384,16383,1,Pass,Pass,7876534982476418273
0,12,31,A0,A0,2MiB,2097152,16384,6587afedd7c0f949b131311e7425d033a0754a29587f85f26ec370a31fc4edf0,measured,2,139765,1536463,1676228,193,0,0,16384,16383,1,Pass,Pass,7349817109290025153
0,12,32,A0-dup,A0,8MiB,8388608,65536,e456d3adf67030c5a168df273f5171ca3e1299e54571d94cca82b117f3cf3aeb,measured,2,1397205,11168523,12565728,417,0,0,16384,16383,1,Pass,Pass,9713268438230653554
0,12,33,Adefs,Adefs,256KiB,262144,2048,6f0154469137295abd7b45b25bc83aace599559234fd5f331140bd800c48b670,measured,2,13890,149553,163443,90,0,0,16384,16383,1,Pass,Pass,1126272383489710074
0,12,34,Acapacity,Acapacity,2MiB,2097152,16384,6587afedd7c0f949b131311e7425d033a0754a29587f85f26ec370a31fc4edf0,measured,2,155452,1549690,1705142,97,0,0,16384,16383,1,Pass,Pass,7349817109290025153
0,12,35,A0-dup,A0,2MiB,2097152,16384,6587afedd7c0f949b131311e7425d033a0754a29587f85f26ec370a31fc4edf0,measured,2,118947,1437934,1556881,110,0,0,16384,16383,1,Pass,Pass,7349817109290025153
0,12,36,Adrop,Adrop,8MiB,8388608,65536,e456d3adf67030c5a168df273f5171ca3e1299e54571d94cca82b117f3cf3aeb,measured,2,1389738,9493768,10883506,8222661,1,65536,65536,65535,1,Pass,Pass,9713268438230653554
0,12,37,A0-dup,A0,256KiB,262144,2048,6f0154469137295abd7b45b25bc83aace599559234fd5f331140bd800c48b670,measured,2,13613,162368,175981,136,0,0,65536,65535,1,Pass,Pass,1126272383489710074
0,12,38,A0-dup,A0,1MiB,1048576,8192,337a179ec729c20c01309d98317f7ca00691d12ca10285b55ade71fb880e191c,measured,2,57171,647040,704211,44,0,0,65536,65535,1,Pass,Pass,16341657278089853397
0,12,39,A0-dup,A0,512KiB,524288,4096,155dfc49f4c05f1087ef002a279acee734e738bc580f2b3925315f95a108242b,measured,2,28930,314027,342957,51,0,0,65536,65535,1,Pass,Pass,192086794746352270
0,13,0,Adefs,Adefs,2MiB,2097152,16384,6587afedd7c0f949b131311e7425d033a0754a29587f85f26ec370a31fc4edf0,measured,3,120919,1342873,1463792,191,0,0,65536,65535,1,Pass,Pass,7349817109290025153
0,13,1,A0,A0,256KiB,262144,2048,6f0154469137295abd7b45b25bc83aace599559234fd5f331140bd800c48b670,measured,3,13720,163976,177696,131,0,0,65536,65535,1,Pass,Pass,1126272383489710074
0,13,2,Adefs,Adefs,128KiB,131072,1024,22e51081397aebb06a1c4c3f85bd08a6e7041a438f4aae416970027e1ddbb24e,measured,3,6642,74253,80895,51,0,0,65536,65535,1,Pass,Pass,15067928572581534229
0,13,3,Acapacity,Acapacity,16MiB,16777216,131072,0c00f8138e0e622f6fc7215fc0f0d135e79bf60450e4c79d30e30624a8842117,measured,3,2983419,25716601,28700020,138,0,0,65536,65535,1,Pass,Pass,7408339909486172793
0,13,4,A0-dup,A0,512KiB,524288,4096,155dfc49f4c05f1087ef002a279acee734e738bc580f2b3925315f95a108242b,measured,3,29694,318184,347878,95,0,0,65536,65535,1,Pass,Pass,192086794746352270
0,13,5,Acapacity,Acapacity,512KiB,524288,4096,155dfc49f4c05f1087ef002a279acee734e738bc580f2b3925315f95a108242b,measured,3,28904,313591,342495,37,0,0,65536,65535,1,Pass,Pass,192086794746352270
0,13,6,Adrop,Adrop,2MiB,2097152,16384,6587afedd7c0f949b131311e7425d033a0754a29587f85f26ec370a31fc4edf0,measured,3,121517,1321613,1443130,1668307,1,16384,16384,16383,1,Pass,Pass,7349817109290025153
0,13,7,Acapacity,Acapacity,128KiB,131072,1024,22e51081397aebb06a1c4c3f85bd08a6e7041a438f4aae416970027e1ddbb24e,measured,3,6861,80388,87249,52,0,0,16384,16383,1,Pass,Pass,15067928572581534229
0,13,8,A0-dup,A0,16MiB,16777216,131072,0c00f8138e0e622f6fc7215fc0f0d135e79bf60450e4c79d30e30624a8842117,measured,3,3084956,22397481,25482437,348,0,0,16384,16383,1,Pass,Pass,7408339909486172793
0,13,9,Acapacity,Acapacity,256KiB,262144,2048,6f0154469137295abd7b45b25bc83aace599559234fd5f331140bd800c48b670,measured,3,13657,156527,170184,190,0,0,16384,16383,1,Pass,Pass,1126272383489710074
0,13,10,Acapacity,Acapacity,1MiB,1048576,8192,337a179ec729c20c01309d98317f7ca00691d12ca10285b55ade71fb880e191c,measured,3,57831,648023,705854,88,0,0,16384,16383,1,Pass,Pass,16341657278089853397
0,13,11,Adrop,Adrop,16MiB,16777216,131072,0c00f8138e0e622f6fc7215fc0f0d135e79bf60450e4c79d30e30624a8842117,measured,3,3160929,19414239,22575168,17858252,1,131072,131072,131071,1,Pass,Pass,7408339909486172793
0,13,12,Adefs,Adefs,16MiB,16777216,131072,0c00f8138e0e622f6fc7215fc0f0d135e79bf60450e4c79d30e30624a8842117,measured,3,2988726,24357158,27345884,411,0,0,131072,131071,1,Pass,Pass,7408339909486172793
0,13,13,Adefs,Adefs,4MiB,4194304,32768,f9dc4b51d64658b088837d5f2a7d485e8eba57daed852c20d443b77cc8137655,measured,3,424767,4061739,4486506,119,0,0,131072,131071,1,Pass,Pass,7876534982476418273
0,13,14,A0-dup,A0,256KiB,262144,2048,6f0154469137295abd7b45b25bc83aace599559234fd5f331140bd800c48b670,measured,3,17148,161359,178507,117,0,0,131072,131071,1,Pass,Pass,1126272383489710074
0,13,15,Adrop,Adrop,1MiB,1048576,8192,337a179ec729c20c01309d98317f7ca00691d12ca10285b55ade71fb880e191c,measured,3,57450,553935,611385,644018,1,8192,8192,8191,1,Pass,Pass,16341657278089853397
0,13,16,A0-dup,A0,4MiB,4194304,32768,f9dc4b51d64658b088837d5f2a7d485e8eba57daed852c20d443b77cc8137655,measured,3,552387,4640154,5192541,473,0,0,8192,8191,1,Pass,Pass,7876534982476418273
0,13,17,Acapacity,Acapacity,2MiB,2097152,16384,6587afedd7c0f949b131311e7425d033a0754a29587f85f26ec370a31fc4edf0,measured,3,147482,1545377,1692859,105,0,0,8192,8191,1,Pass,Pass,7349817109290025153
0,13,18,A0,A0,4MiB,4194304,32768,f9dc4b51d64658b088837d5f2a7d485e8eba57daed852c20d443b77cc8137655,measured,3,526088,4511280,5037368,111,0,0,8192,8191,1,Pass,Pass,7876534982476418273
0,13,19,Adrop,Adrop,256KiB,262144,2048,6f0154469137295abd7b45b25bc83aace599559234fd5f331140bd800c48b670,measured,3,13993,126983,140976,158018,1,2048,2048,2047,1,Pass,Pass,1126272383489710074
0,13,20,Adrop,Adrop,8MiB,8388608,65536,e456d3adf67030c5a168df273f5171ca3e1299e54571d94cca82b117f3cf3aeb,measured,3,1412187,9275631,10687818,8429306,1,65536,65536,65535,1,Pass,Pass,9713268438230653554
0,13,21,Adrop,Adrop,128KiB,131072,1024,22e51081397aebb06a1c4c3f85bd08a6e7041a438f4aae416970027e1ddbb24e,measured,3,6954,65733,72687,79420,1,1024,1024,1023,1,Pass,Pass,15067928572581534229
0,13,22,A0,A0,128KiB,131072,1024,22e51081397aebb06a1c4c3f85bd08a6e7041a438f4aae416970027e1ddbb24e,measured,3,6736,80085,86821,89,0,0,1024,1023,1,Pass,Pass,15067928572581534229
0,13,23,Adefs,Adefs,8MiB,8388608,65536,e456d3adf67030c5a168df273f5171ca3e1299e54571d94cca82b117f3cf3aeb,measured,3,1473065,9867978,11341043,469,0,0,1024,1023,1,Pass,Pass,9713268438230653554
0,13,24,Acapacity,Acapacity,8MiB,8388608,65536,e456d3adf67030c5a168df273f5171ca3e1299e54571d94cca82b117f3cf3aeb,measured,3,1415677,10568063,11983740,262,0,0,1024,1023,1,Pass,Pass,9713268438230653554
0,13,25,A0,A0,512KiB,524288,4096,155dfc49f4c05f1087ef002a279acee734e738bc580f2b3925315f95a108242b,measured,3,29546,319841,349387,69,0,0,1024,1023,1,Pass,Pass,192086794746352270
0,13,26,Adefs,Adefs,1MiB,1048576,8192,337a179ec729c20c01309d98317f7ca00691d12ca10285b55ade71fb880e191c,measured,3,57280,603102,660382,89,0,0,1024,1023,1,Pass,Pass,16341657278089853397
0,13,27,Adrop,Adrop,4MiB,4194304,32768,f9dc4b51d64658b088837d5f2a7d485e8eba57daed852c20d443b77cc8137655,measured,3,472242,3812664,4284906,4215964,1,32768,32768,32767,1,Pass,Pass,7876534982476418273
0,13,28,A0,A0,16MiB,16777216,131072,0c00f8138e0e622f6fc7215fc0f0d135e79bf60450e4c79d30e30624a8842117,measured,3,3030715,21297150,24327865,381,0,0,32768,32767,1,Pass,Pass,7408339909486172793
0,13,29,Adrop,Adrop,512KiB,524288,4096,155dfc49f4c05f1087ef002a279acee734e738bc580f2b3925315f95a108242b,measured,3,30242,293155,323397,363361,1,4096,4096,4095,1,Pass,Pass,192086794746352270
0,13,30,A0-dup,A0,128KiB,131072,1024,22e51081397aebb06a1c4c3f85bd08a6e7041a438f4aae416970027e1ddbb24e,measured,3,7118,85781,92899,93,0,0,4096,4095,1,Pass,Pass,15067928572581534229
0,13,31,Adefs,Adefs,512KiB,524288,4096,155dfc49f4c05f1087ef002a279acee734e738bc580f2b3925315f95a108242b,measured,3,29051,297187,326238,89,0,0,4096,4095,1,Pass,Pass,192086794746352270
0,13,32,A0-dup,A0,1MiB,1048576,8192,337a179ec729c20c01309d98317f7ca00691d12ca10285b55ade71fb880e191c,measured,3,80338,699181,779519,240,0,0,4096,4095,1,Pass,Pass,16341657278089853397
0,13,33,A0,A0,1MiB,1048576,8192,337a179ec729c20c01309d98317f7ca00691d12ca10285b55ade71fb880e191c,measured,3,57606,638520,696126,174,0,0,4096,4095,1,Pass,Pass,16341657278089853397
0,13,34,Adefs,Adefs,256KiB,262144,2048,6f0154469137295abd7b45b25bc83aace599559234fd5f331140bd800c48b670,measured,3,13513,149861,163374,67,0,0,4096,4095,1,Pass,Pass,1126272383489710074
0,13,35,A0-dup,A0,2MiB,2097152,16384,6587afedd7c0f949b131311e7425d033a0754a29587f85f26ec370a31fc4edf0,measured,3,116243,1422223,1538466,104,0,0,4096,4095,1,Pass,Pass,7349817109290025153
0,13,36,A0,A0,2MiB,2097152,16384,6587afedd7c0f949b131311e7425d033a0754a29587f85f26ec370a31fc4edf0,measured,3,142019,1463188,1605207,326,0,0,4096,4095,1,Pass,Pass,7349817109290025153
0,13,37,A0-dup,A0,8MiB,8388608,65536,e456d3adf67030c5a168df273f5171ca3e1299e54571d94cca82b117f3cf3aeb,measured,3,1399011,11017527,12416538,332,0,0,4096,4095,1,Pass,Pass,9713268438230653554
0,13,38,A0,A0,8MiB,8388608,65536,e456d3adf67030c5a168df273f5171ca3e1299e54571d94cca82b117f3cf3aeb,measured,3,1422725,10823844,12246569,126,0,0,4096,4095,1,Pass,Pass,9713268438230653554
0,13,39,Acapacity,Acapacity,4MiB,4194304,32768,f9dc4b51d64658b088837d5f2a7d485e8eba57daed852c20d443b77cc8137655,measured,3,365820,4376874,4742694,529,0,0,4096,4095,1,Pass,Pass,7876534982476418273
0,14,0,A0,A0,1MiB,1048576,8192,337a179ec729c20c01309d98317f7ca00691d12ca10285b55ade71fb880e191c,measured,4,58158,672006,730164,191,0,0,4096,4095,1,Pass,Pass,16341657278089853397
0,14,1,Acapacity,Acapacity,1MiB,1048576,8192,337a179ec729c20c01309d98317f7ca00691d12ca10285b55ade71fb880e191c,measured,4,58151,638496,696647,122,0,0,4096,4095,1,Pass,Pass,16341657278089853397
0,14,2,Adefs,Adefs,4MiB,4194304,32768,f9dc4b51d64658b088837d5f2a7d485e8eba57daed852c20d443b77cc8137655,measured,4,547854,4344925,4892779,140,0,0,4096,4095,1,Pass,Pass,7876534982476418273
0,14,3,Acapacity,Acapacity,512KiB,524288,4096,155dfc49f4c05f1087ef002a279acee734e738bc580f2b3925315f95a108242b,measured,4,29369,319077,348446,126,0,0,4096,4095,1,Pass,Pass,192086794746352270
0,14,4,A0-dup,A0,512KiB,524288,4096,155dfc49f4c05f1087ef002a279acee734e738bc580f2b3925315f95a108242b,measured,4,28737,322661,351398,50,0,0,4096,4095,1,Pass,Pass,192086794746352270
0,14,5,Acapacity,Acapacity,16MiB,16777216,131072,0c00f8138e0e622f6fc7215fc0f0d135e79bf60450e4c79d30e30624a8842117,measured,4,3029875,20726108,23755983,414,0,0,4096,4095,1,Pass,Pass,7408339909486172793
0,14,6,A0-dup,A0,2MiB,2097152,16384,6587afedd7c0f949b131311e7425d033a0754a29587f85f26ec370a31fc4edf0,measured,4,128052,1510758,1638810,282,0,0,4096,4095,1,Pass,Pass,7349817109290025153
0,14,7,Adrop,Adrop,256KiB,262144,2048,6f0154469137295abd7b45b25bc83aace599559234fd5f331140bd800c48b670,measured,4,13915,128040,141955,155755,1,2048,2048,2047,1,Pass,Pass,1126272383489710074
0,14,8,A0-dup,A0,16MiB,16777216,131072,0c00f8138e0e622f6fc7215fc0f0d135e79bf60450e4c79d30e30624a8842117,measured,4,3071141,22367123,25438264,111,0,0,2048,2047,1,Pass,Pass,7408339909486172793
0,14,9,A0-dup,A0,256KiB,262144,2048,6f0154469137295abd7b45b25bc83aace599559234fd5f331140bd800c48b670,measured,4,17463,170156,187619,115,0,0,2048,2047,1,Pass,Pass,1126272383489710074
0,14,10,Adefs,Adefs,1MiB,1048576,8192,337a179ec729c20c01309d98317f7ca00691d12ca10285b55ade71fb880e191c,measured,4,57530,634202,691732,131,0,0,2048,2047,1,Pass,Pass,16341657278089853397
0,14,11,A0,A0,4MiB,4194304,32768,f9dc4b51d64658b088837d5f2a7d485e8eba57daed852c20d443b77cc8137655,measured,4,455877,4459380,4915257,125,0,0,2048,2047,1,Pass,Pass,7876534982476418273
0,14,12,Acapacity,Acapacity,256KiB,262144,2048,6f0154469137295abd7b45b25bc83aace599559234fd5f331140bd800c48b670,measured,4,14014,159553,173567,163,0,0,2048,2047,1,Pass,Pass,1126272383489710074
0,14,13,Adrop,Adrop,512KiB,524288,4096,155dfc49f4c05f1087ef002a279acee734e738bc580f2b3925315f95a108242b,measured,4,28926,269587,298513,325559,1,4096,4096,4095,1,Pass,Pass,192086794746352270
0,14,14,A0-dup,A0,4MiB,4194304,32768,f9dc4b51d64658b088837d5f2a7d485e8eba57daed852c20d443b77cc8137655,measured,4,478653,4457650,4936303,299,0,0,4096,4095,1,Pass,Pass,7876534982476418273
0,14,15,Adrop,Adrop,8MiB,8388608,65536,e456d3adf67030c5a168df273f5171ca3e1299e54571d94cca82b117f3cf3aeb,measured,4,1373685,9491810,10865495,8339682,1,65536,65536,65535,1,Pass,Pass,9713268438230653554
0,14,16,Adrop,Adrop,2MiB,2097152,16384,6587afedd7c0f949b131311e7425d033a0754a29587f85f26ec370a31fc4edf0,measured,4,121714,1207184,1328898,1823365,1,16384,16384,16383,1,Pass,Pass,7349817109290025153
0,14,17,Adrop,Adrop,16MiB,16777216,131072,0c00f8138e0e622f6fc7215fc0f0d135e79bf60450e4c79d30e30624a8842117,measured,4,3094985,20531622,23626607,18438540,1,131072,131072,131071,1,Pass,Pass,7408339909486172793
0,14,18,Adrop,Adrop,4MiB,4194304,32768,f9dc4b51d64658b088837d5f2a7d485e8eba57daed852c20d443b77cc8137655,measured,4,501171,4149038,4650209,4322374,1,32768,32768,32767,1,Pass,Pass,7876534982476418273
0,14,19,Adefs,Adefs,2MiB,2097152,16384,6587afedd7c0f949b131311e7425d033a0754a29587f85f26ec370a31fc4edf0,measured,4,128239,1351477,1479716,131,0,0,32768,32767,1,Pass,Pass,7349817109290025153
0,14,20,Acapacity,Acapacity,8MiB,8388608,65536,e456d3adf67030c5a168df273f5171ca3e1299e54571d94cca82b117f3cf3aeb,measured,4,1395880,10950598,12346478,120,0,0,32768,32767,1,Pass,Pass,9713268438230653554
0,14,21,A0,A0,2MiB,2097152,16384,6587afedd7c0f949b131311e7425d033a0754a29587f85f26ec370a31fc4edf0,measured,4,119026,1448124,1567150,127,0,0,32768,32767,1,Pass,Pass,7349817109290025153
0,14,22,A0,A0,128KiB,131072,1024,22e51081397aebb06a1c4c3f85bd08a6e7041a438f4aae416970027e1ddbb24e,measured,4,6914,83094,90008,90,0,0,32768,32767,1,Pass,Pass,15067928572581534229
0,14,23,A0,A0,256KiB,262144,2048,6f0154469137295abd7b45b25bc83aace599559234fd5f331140bd800c48b670,measured,4,13629,159277,172906,44,0,0,32768,32767,1,Pass,Pass,1126272383489710074
0,14,24,Acapacity,Acapacity,128KiB,131072,1024,22e51081397aebb06a1c4c3f85bd08a6e7041a438f4aae416970027e1ddbb24e,measured,4,6672,77754,84426,57,0,0,32768,32767,1,Pass,Pass,15067928572581534229
0,14,25,Adefs,Adefs,8MiB,8388608,65536,e456d3adf67030c5a168df273f5171ca3e1299e54571d94cca82b117f3cf3aeb,measured,4,1374559,10104027,11478586,132,0,0,32768,32767,1,Pass,Pass,9713268438230653554
0,14,26,Adefs,Adefs,256KiB,262144,2048,6f0154469137295abd7b45b25bc83aace599559234fd5f331140bd800c48b670,measured,4,14163,150935,165098,102,0,0,32768,32767,1,Pass,Pass,1126272383489710074
0,14,27,Acapacity,Acapacity,2MiB,2097152,16384,6587afedd7c0f949b131311e7425d033a0754a29587f85f26ec370a31fc4edf0,measured,4,131956,1465591,1597547,99,0,0,32768,32767,1,Pass,Pass,7349817109290025153
0,14,28,Acapacity,Acapacity,4MiB,4194304,32768,f9dc4b51d64658b088837d5f2a7d485e8eba57daed852c20d443b77cc8137655,measured,4,554113,4497332,5051445,264,0,0,32768,32767,1,Pass,Pass,7876534982476418273
0,14,29,A0-dup,A0,1MiB,1048576,8192,337a179ec729c20c01309d98317f7ca00691d12ca10285b55ade71fb880e191c,measured,4,57801,658445,716246,119,0,0,32768,32767,1,Pass,Pass,16341657278089853397
0,14,30,Adrop,Adrop,128KiB,131072,1024,22e51081397aebb06a1c4c3f85bd08a6e7041a438f4aae416970027e1ddbb24e,measured,4,6776,63935,70711,86965,1,1024,1024,1023,1,Pass,Pass,15067928572581534229
0,14,31,Adrop,Adrop,1MiB,1048576,8192,337a179ec729c20c01309d98317f7ca00691d12ca10285b55ade71fb880e191c,measured,4,57386,521703,579089,658156,1,8192,8192,8191,1,Pass,Pass,16341657278089853397
0,14,32,A0-dup,A0,8MiB,8388608,65536,e456d3adf67030c5a168df273f5171ca3e1299e54571d94cca82b117f3cf3aeb,measured,4,1479280,11243157,12722437,353,0,0,8192,8191,1,Pass,Pass,9713268438230653554
0,14,33,Adefs,Adefs,128KiB,131072,1024,22e51081397aebb06a1c4c3f85bd08a6e7041a438f4aae416970027e1ddbb24e,measured,4,7125,80010,87135,107,0,0,8192,8191,1,Pass,Pass,15067928572581534229
0,14,34,A0,A0,512KiB,524288,4096,155dfc49f4c05f1087ef002a279acee734e738bc580f2b3925315f95a108242b,measured,4,29822,353738,383560,134,0,0,8192,8191,1,Pass,Pass,192086794746352270
0,14,35,A0,A0,16MiB,16777216,131072,0c00f8138e0e622f6fc7215fc0f0d135e79bf60450e4c79d30e30624a8842117,measured,4,2918431,25659317,28577748,398,0,0,8192,8191,1,Pass,Pass,7408339909486172793
0,14,36,A0,A0,8MiB,8388608,65536,e456d3adf67030c5a168df273f5171ca3e1299e54571d94cca82b117f3cf3aeb,measured,4,1418002,10929914,12347916,125,0,0,8192,8191,1,Pass,Pass,9713268438230653554
0,14,37,Adefs,Adefs,512KiB,524288,4096,155dfc49f4c05f1087ef002a279acee734e738bc580f2b3925315f95a108242b,measured,4,29411,310251,339662,260,0,0,8192,8191,1,Pass,Pass,192086794746352270
0,14,38,A0-dup,A0,128KiB,131072,1024,22e51081397aebb06a1c4c3f85bd08a6e7041a438f4aae416970027e1ddbb24e,measured,4,6590,78546,85136,60,0,0,8192,8191,1,Pass,Pass,15067928572581534229
0,14,39,Adefs,Adefs,16MiB,16777216,131072,0c00f8138e0e622f6fc7215fc0f0d135e79bf60450e4c79d30e30624a8842117,measured,4,2959165,20239246,23198411,361,0,0,8192,8191,1,Pass,Pass,7408339909486172793
0,15,0,Adrop,Adrop,16MiB,16777216,131072,0c00f8138e0e622f6fc7215fc0f0d135e79bf60450e4c79d30e30624a8842117,measured,5,2955073,20098517,23053590,19154986,1,131072,131072,131071,1,Pass,Pass,7408339909486172793
0,15,1,Adrop,Adrop,8MiB,8388608,65536,e456d3adf67030c5a168df273f5171ca3e1299e54571d94cca82b117f3cf3aeb,measured,5,1348991,9621317,10970308,9022732,1,65536,65536,65535,1,Pass,Pass,9713268438230653554
0,15,2,A0,A0,1MiB,1048576,8192,337a179ec729c20c01309d98317f7ca00691d12ca10285b55ade71fb880e191c,measured,5,57655,653090,710745,386,0,0,65536,65535,1,Pass,Pass,16341657278089853397
0,15,3,Adrop,Adrop,128KiB,131072,1024,22e51081397aebb06a1c4c3f85bd08a6e7041a438f4aae416970027e1ddbb24e,measured,5,6537,62577,69114,83035,1,1024,1024,1023,1,Pass,Pass,15067928572581534229
0,15,4,Adefs,Adefs,1MiB,1048576,8192,337a179ec729c20c01309d98317f7ca00691d12ca10285b55ade71fb880e191c,measured,5,57265,616733,673998,64,0,0,1024,1023,1,Pass,Pass,16341657278089853397
0,15,5,Acapacity,Acapacity,512KiB,524288,4096,155dfc49f4c05f1087ef002a279acee734e738bc580f2b3925315f95a108242b,measured,5,29326,314578,343904,56,0,0,1024,1023,1,Pass,Pass,192086794746352270
0,15,6,A0-dup,A0,1MiB,1048576,8192,337a179ec729c20c01309d98317f7ca00691d12ca10285b55ade71fb880e191c,measured,5,57372,652294,709666,88,0,0,1024,1023,1,Pass,Pass,16341657278089853397
0,15,7,Adefs,Adefs,128KiB,131072,1024,22e51081397aebb06a1c4c3f85bd08a6e7041a438f4aae416970027e1ddbb24e,measured,5,6600,74432,81032,55,0,0,1024,1023,1,Pass,Pass,15067928572581534229
0,15,8,A0-dup,A0,128KiB,131072,1024,22e51081397aebb06a1c4c3f85bd08a6e7041a438f4aae416970027e1ddbb24e,measured,5,6761,83375,90136,47,0,0,1024,1023,1,Pass,Pass,15067928572581534229
0,15,9,Adrop,Adrop,2MiB,2097152,16384,6587afedd7c0f949b131311e7425d033a0754a29587f85f26ec370a31fc4edf0,measured,5,123224,1173087,1296311,1931032,1,16384,16384,16383,1,Pass,Pass,7349817109290025153
0,15,10,Adefs,Adefs,512KiB,524288,4096,155dfc49f4c05f1087ef002a279acee734e738bc580f2b3925315f95a108242b,measured,5,29464,303240,332704,188,0,0,16384,16383,1,Pass,Pass,192086794746352270
0,15,11,A0,A0,512KiB,524288,4096,155dfc49f4c05f1087ef002a279acee734e738bc580f2b3925315f95a108242b,measured,5,33106,317167,350273,66,0,0,16384,16383,1,Pass,Pass,192086794746352270
0,15,12,Adrop,Adrop,4MiB,4194304,32768,f9dc4b51d64658b088837d5f2a7d485e8eba57daed852c20d443b77cc8137655,measured,5,486470,3820989,4307459,3796121,1,32768,32768,32767,1,Pass,Pass,7876534982476418273
0,15,13,A0,A0,256KiB,262144,2048,6f0154469137295abd7b45b25bc83aace599559234fd5f331140bd800c48b670,measured,5,14233,161459,175692,201,0,0,32768,32767,1,Pass,Pass,1126272383489710074
0,15,14,Adefs,Adefs,256KiB,262144,2048,6f0154469137295abd7b45b25bc83aace599559234fd5f331140bd800c48b670,measured,5,13517,147058,160575,49,0,0,32768,32767,1,Pass,Pass,1126272383489710074
0,15,15,Acapacity,Acapacity,4MiB,4194304,32768,f9dc4b51d64658b088837d5f2a7d485e8eba57daed852c20d443b77cc8137655,measured,5,504924,4356172,4861096,311,0,0,32768,32767,1,Pass,Pass,7876534982476418273
0,15,16,A0-dup,A0,256KiB,262144,2048,6f0154469137295abd7b45b25bc83aace599559234fd5f331140bd800c48b670,measured,5,14252,160246,174498,115,0,0,32768,32767,1,Pass,Pass,1126272383489710074
0,15,17,Acapacity,Acapacity,256KiB,262144,2048,6f0154469137295abd7b45b25bc83aace599559234fd5f331140bd800c48b670,measured,5,13669,152632,166301,49,0,0,32768,32767,1,Pass,Pass,1126272383489710074
0,15,18,Adefs,Adefs,16MiB,16777216,131072,0c00f8138e0e622f6fc7215fc0f0d135e79bf60450e4c79d30e30624a8842117,measured,5,3041230,24384160,27425390,420,0,0,32768,32767,1,Pass,Pass,7408339909486172793
0,15,19,Acapacity,Acapacity,2MiB,2097152,16384,6587afedd7c0f949b131311e7425d033a0754a29587f85f26ec370a31fc4edf0,measured,5,128890,1479564,1608454,121,0,0,32768,32767,1,Pass,Pass,7349817109290025153
0,15,20,A0,A0,128KiB,131072,1024,22e51081397aebb06a1c4c3f85bd08a6e7041a438f4aae416970027e1ddbb24e,measured,5,7128,81771,88899,43,0,0,32768,32767,1,Pass,Pass,15067928572581534229
0,15,21,A0-dup,A0,2MiB,2097152,16384,6587afedd7c0f949b131311e7425d033a0754a29587f85f26ec370a31fc4edf0,measured,5,115138,1491838,1606976,114,0,0,32768,32767,1,Pass,Pass,7349817109290025153
0,15,22,Adrop,Adrop,512KiB,524288,4096,155dfc49f4c05f1087ef002a279acee734e738bc580f2b3925315f95a108242b,measured,5,29133,258303,287436,326277,1,4096,4096,4095,1,Pass,Pass,192086794746352270
0,15,23,Adefs,Adefs,8MiB,8388608,65536,e456d3adf67030c5a168df273f5171ca3e1299e54571d94cca82b117f3cf3aeb,measured,5,1405662,9761456,11167118,426,0,0,4096,4095,1,Pass,Pass,9713268438230653554
0,15,24,A0-dup,A0,512KiB,524288,4096,155dfc49f4c05f1087ef002a279acee734e738bc580f2b3925315f95a108242b,measured,5,29649,323493,353142,90,0,0,4096,4095,1,Pass,Pass,192086794746352270
0,15,25,A0,A0,8MiB,8388608,65536,e456d3adf67030c5a168df273f5171ca3e1299e54571d94cca82b117f3cf3aeb,measured,5,1424187,10705429,12129616,96,0,0,4096,4095,1,Pass,Pass,9713268438230653554
0,15,26,A0-dup,A0,4MiB,4194304,32768,f9dc4b51d64658b088837d5f2a7d485e8eba57daed852c20d443b77cc8137655,measured,5,409323,4523099,4932422,261,0,0,4096,4095,1,Pass,Pass,7876534982476418273
0,15,27,Adefs,Adefs,2MiB,2097152,16384,6587afedd7c0f949b131311e7425d033a0754a29587f85f26ec370a31fc4edf0,measured,5,156913,1402041,1558954,334,0,0,4096,4095,1,Pass,Pass,7349817109290025153
0,15,28,A0,A0,2MiB,2097152,16384,6587afedd7c0f949b131311e7425d033a0754a29587f85f26ec370a31fc4edf0,measured,5,142779,1485610,1628389,360,0,0,4096,4095,1,Pass,Pass,7349817109290025153
0,15,29,A0,A0,4MiB,4194304,32768,f9dc4b51d64658b088837d5f2a7d485e8eba57daed852c20d443b77cc8137655,measured,5,407652,4211850,4619502,189,0,0,4096,4095,1,Pass,Pass,7876534982476418273
0,15,30,Acapacity,Acapacity,8MiB,8388608,65536,e456d3adf67030c5a168df273f5171ca3e1299e54571d94cca82b117f3cf3aeb,measured,5,1374775,10894078,12268853,119,0,0,4096,4095,1,Pass,Pass,9713268438230653554
0,15,31,Acapacity,Acapacity,128KiB,131072,1024,22e51081397aebb06a1c4c3f85bd08a6e7041a438f4aae416970027e1ddbb24e,measured,5,7032,80789,87821,92,0,0,4096,4095,1,Pass,Pass,15067928572581534229
0,15,32,Acapacity,Acapacity,16MiB,16777216,131072,0c00f8138e0e622f6fc7215fc0f0d135e79bf60450e4c79d30e30624a8842117,measured,5,3087798,22527177,25614975,532,0,0,4096,4095,1,Pass,Pass,7408339909486172793
0,15,33,Adrop,Adrop,256KiB,262144,2048,6f0154469137295abd7b45b25bc83aace599559234fd5f331140bd800c48b670,measured,5,14099,134442,148541,154787,1,2048,2048,2047,1,Pass,Pass,1126272383489710074
0,15,34,Acapacity,Acapacity,1MiB,1048576,8192,337a179ec729c20c01309d98317f7ca00691d12ca10285b55ade71fb880e191c,measured,5,57415,638778,696193,100,0,0,2048,2047,1,Pass,Pass,16341657278089853397
0,15,35,A0-dup,A0,8MiB,8388608,65536,e456d3adf67030c5a168df273f5171ca3e1299e54571d94cca82b117f3cf3aeb,measured,5,1430760,10739642,12170402,257,0,0,2048,2047,1,Pass,Pass,9713268438230653554
0,15,36,A0,A0,16MiB,16777216,131072,0c00f8138e0e622f6fc7215fc0f0d135e79bf60450e4c79d30e30624a8842117,measured,5,3033004,22837941,25870945,270,0,0,2048,2047,1,Pass,Pass,7408339909486172793
0,15,37,Adrop,Adrop,1MiB,1048576,8192,337a179ec729c20c01309d98317f7ca00691d12ca10285b55ade71fb880e191c,measured,5,57567,549847,607414,633676,1,8192,8192,8191,1,Pass,Pass,16341657278089853397
0,15,38,Adefs,Adefs,4MiB,4194304,32768,f9dc4b51d64658b088837d5f2a7d485e8eba57daed852c20d443b77cc8137655,measured,5,311732,4106048,4417780,397,0,0,8192,8191,1,Pass,Pass,7876534982476418273
0,15,39,A0-dup,A0,16MiB,16777216,131072,0c00f8138e0e622f6fc7215fc0f0d135e79bf60450e4c79d30e30624a8842117,measured,5,3017341,21359829,24377170,584,0,0,8192,8191,1,Pass,Pass,7408339909486172793
0,16,0,Adefs,Adefs,1MiB,1048576,8192,337a179ec729c20c01309d98317f7ca00691d12ca10285b55ade71fb880e191c,measured,6,58239,601220,659459,205,0,0,8192,8191,1,Pass,Pass,16341657278089853397
0,16,1,A0-dup,A0,1MiB,1048576,8192,337a179ec729c20c01309d98317f7ca00691d12ca10285b55ade71fb880e191c,measured,6,57587,645896,703483,87,0,0,8192,8191,1,Pass,Pass,16341657278089853397
0,16,2,Acapacity,Acapacity,16MiB,16777216,131072,0c00f8138e0e622f6fc7215fc0f0d135e79bf60450e4c79d30e30624a8842117,measured,6,2959946,21750281,24710227,534,0,0,8192,8191,1,Pass,Pass,7408339909486172793
0,16,3,A0-dup,A0,16MiB,16777216,131072,0c00f8138e0e622f6fc7215fc0f0d135e79bf60450e4c79d30e30624a8842117,measured,6,2949186,23647127,26596313,288,0,0,8192,8191,1,Pass,Pass,7408339909486172793
0,16,4,A0,A0,16MiB,16777216,131072,0c00f8138e0e622f6fc7215fc0f0d135e79bf60450e4c79d30e30624a8842117,measured,6,2897058,23450331,26347389,362,0,0,8192,8191,1,Pass,Pass,7408339909486172793
0,16,5,A0-dup,A0,512KiB,524288,4096,155dfc49f4c05f1087ef002a279acee734e738bc580f2b3925315f95a108242b,measured,6,29722,340547,370269,112,0,0,8192,8191,1,Pass,Pass,192086794746352270
0,16,6,A0-dup,A0,4MiB,4194304,32768,f9dc4b51d64658b088837d5f2a7d485e8eba57daed852c20d443b77cc8137655,measured,6,341690,4519771,4861461,325,0,0,8192,8191,1,Pass,Pass,7876534982476418273
0,16,7,Acapacity,Acapacity,1MiB,1048576,8192,337a179ec729c20c01309d98317f7ca00691d12ca10285b55ade71fb880e191c,measured,6,58128,629611,687739,120,0,0,8192,8191,1,Pass,Pass,16341657278089853397
0,16,8,A0,A0,4MiB,4194304,32768,f9dc4b51d64658b088837d5f2a7d485e8eba57daed852c20d443b77cc8137655,measured,6,471424,4456606,4928030,192,0,0,8192,8191,1,Pass,Pass,7876534982476418273
0,16,9,Adrop,Adrop,256KiB,262144,2048,6f0154469137295abd7b45b25bc83aace599559234fd5f331140bd800c48b670,measured,6,13892,126770,140662,158103,1,2048,2048,2047,1,Pass,Pass,1126272383489710074
0,16,10,A0,A0,256KiB,262144,2048,6f0154469137295abd7b45b25bc83aace599559234fd5f331140bd800c48b670,measured,6,13698,175657,189355,91,0,0,2048,2047,1,Pass,Pass,1126272383489710074
0,16,11,Adrop,Adrop,512KiB,524288,4096,155dfc49f4c05f1087ef002a279acee734e738bc580f2b3925315f95a108242b,measured,6,29094,249585,278679,314261,1,4096,4096,4095,1,Pass,Pass,192086794746352270
0,16,12,Acapacity,Acapacity,128KiB,131072,1024,22e51081397aebb06a1c4c3f85bd08a6e7041a438f4aae416970027e1ddbb24e,measured,6,6555,77741,84296,103,0,0,4096,4095,1,Pass,Pass,15067928572581534229
0,16,13,Adefs,Adefs,4MiB,4194304,32768,f9dc4b51d64658b088837d5f2a7d485e8eba57daed852c20d443b77cc8137655,measured,6,533982,4175654,4709636,150,0,0,4096,4095,1,Pass,Pass,7876534982476418273
0,16,14,Acapacity,Acapacity,256KiB,262144,2048,6f0154469137295abd7b45b25bc83aace599559234fd5f331140bd800c48b670,measured,6,14185,160971,175156,131,0,0,4096,4095,1,Pass,Pass,1126272383489710074
0,16,15,A0-dup,A0,256KiB,262144,2048,6f0154469137295abd7b45b25bc83aace599559234fd5f331140bd800c48b670,measured,6,13655,162929,176584,32,0,0,4096,4095,1,Pass,Pass,1126272383489710074
0,16,16,Acapacity,Acapacity,2MiB,2097152,16384,6587afedd7c0f949b131311e7425d033a0754a29587f85f26ec370a31fc4edf0,measured,6,118289,1482796,1601085,100,0,0,4096,4095,1,Pass,Pass,7349817109290025153
0,16,17,A0,A0,2MiB,2097152,16384,6587afedd7c0f949b131311e7425d033a0754a29587f85f26ec370a31fc4edf0,measured,6,149769,1498361,1648130,184,0,0,4096,4095,1,Pass,Pass,7349817109290025153
0,16,18,Acapacity,Acapacity,512KiB,524288,4096,155dfc49f4c05f1087ef002a279acee734e738bc580f2b3925315f95a108242b,measured,6,29317,313863,343180,183,0,0,4096,4095,1,Pass,Pass,192086794746352270
0,16,19,A0,A0,512KiB,524288,4096,155dfc49f4c05f1087ef002a279acee734e738bc580f2b3925315f95a108242b,measured,6,29117,315833,344950,80,0,0,4096,4095,1,Pass,Pass,192086794746352270
0,16,20,Adefs,Adefs,512KiB,524288,4096,155dfc49f4c05f1087ef002a279acee734e738bc580f2b3925315f95a108242b,measured,6,29619,296028,325647,71,0,0,4096,4095,1,Pass,Pass,192086794746352270
0,16,21,A0-dup,A0,2MiB,2097152,16384,6587afedd7c0f949b131311e7425d033a0754a29587f85f26ec370a31fc4edf0,measured,6,134138,1545459,1679597,205,0,0,4096,4095,1,Pass,Pass,7349817109290025153
0,16,22,Adefs,Adefs,128KiB,131072,1024,22e51081397aebb06a1c4c3f85bd08a6e7041a438f4aae416970027e1ddbb24e,measured,6,7229,77413,84642,176,0,0,4096,4095,1,Pass,Pass,15067928572581534229
0,16,23,Adrop,Adrop,128KiB,131072,1024,22e51081397aebb06a1c4c3f85bd08a6e7041a438f4aae416970027e1ddbb24e,measured,6,6901,65553,72454,81131,1,1024,1024,1023,1,Pass,Pass,15067928572581534229
0,16,24,Adrop,Adrop,2MiB,2097152,16384,6587afedd7c0f949b131311e7425d033a0754a29587f85f26ec370a31fc4edf0,measured,6,120056,1247992,1368048,1663527,1,16384,16384,16383,1,Pass,Pass,7349817109290025153
0,16,25,Adrop,Adrop,16MiB,16777216,131072,0c00f8138e0e622f6fc7215fc0f0d135e79bf60450e4c79d30e30624a8842117,measured,6,3130404,19199040,22329444,23482744,1,131072,131072,131071,1,Pass,Pass,7408339909486172793
0,16,26,Adefs,Adefs,256KiB,262144,2048,6f0154469137295abd7b45b25bc83aace599559234fd5f331140bd800c48b670,measured,6,14438,157876,172314,201,0,0,131072,131071,1,Pass,Pass,1126272383489710074
0,16,27,Adrop,Adrop,8MiB,8388608,65536,e456d3adf67030c5a168df273f5171ca3e1299e54571d94cca82b117f3cf3aeb,measured,6,1417278,9570714,10987992,8343651,1,65536,65536,65535,1,Pass,Pass,9713268438230653554
0,16,28,A0,A0,8MiB,8388608,65536,e456d3adf67030c5a168df273f5171ca3e1299e54571d94cca82b117f3cf3aeb,measured,6,1364304,11125466,12489770,289,0,0,65536,65535,1,Pass,Pass,9713268438230653554
0,16,29,A0,A0,1MiB,1048576,8192,337a179ec729c20c01309d98317f7ca00691d12ca10285b55ade71fb880e191c,measured,6,57551,660757,718308,186,0,0,65536,65535,1,Pass,Pass,16341657278089853397
0,16,30,Acapacity,Acapacity,4MiB,4194304,32768,f9dc4b51d64658b088837d5f2a7d485e8eba57daed852c20d443b77cc8137655,measured,6,449095,4478684,4927779,342,0,0,65536,65535,1,Pass,Pass,7876534982476418273
0,16,31,Adrop,Adrop,4MiB,4194304,32768,f9dc4b51d64658b088837d5f2a7d485e8eba57daed852c20d443b77cc8137655,measured,6,486464,3910602,4397066,3735476,1,32768,32768,32767,1,Pass,Pass,7876534982476418273
0,16,32,Acapacity,Acapacity,8MiB,8388608,65536,e456d3adf67030c5a168df273f5171ca3e1299e54571d94cca82b117f3cf3aeb,measured,6,1416441,10540266,11956707,120,0,0,32768,32767,1,Pass,Pass,9713268438230653554
0,16,33,A0,A0,128KiB,131072,1024,22e51081397aebb06a1c4c3f85bd08a6e7041a438f4aae416970027e1ddbb24e,measured,6,7039,84928,91967,86,0,0,32768,32767,1,Pass,Pass,15067928572581534229
0,16,34,A0-dup,A0,128KiB,131072,1024,22e51081397aebb06a1c4c3f85bd08a6e7041a438f4aae416970027e1ddbb24e,measured,6,6626,79553,86179,36,0,0,32768,32767,1,Pass,Pass,15067928572581534229
0,16,35,Adefs,Adefs,2MiB,2097152,16384,6587afedd7c0f949b131311e7425d033a0754a29587f85f26ec370a31fc4edf0,measured,6,120728,1344255,1464983,114,0,0,32768,32767,1,Pass,Pass,7349817109290025153
0,16,36,Adrop,Adrop,1MiB,1048576,8192,337a179ec729c20c01309d98317f7ca00691d12ca10285b55ade71fb880e191c,measured,6,58150,514708,572858,644634,1,8192,8192,8191,1,Pass,Pass,16341657278089853397
0,16,37,A0-dup,A0,8MiB,8388608,65536,e456d3adf67030c5a168df273f5171ca3e1299e54571d94cca82b117f3cf3aeb,measured,6,1416719,10722639,12139358,449,0,0,8192,8191,1,Pass,Pass,9713268438230653554
0,16,38,Adefs,Adefs,8MiB,8388608,65536,e456d3adf67030c5a168df273f5171ca3e1299e54571d94cca82b117f3cf3aeb,measured,6,1431542,9925973,11357515,273,0,0,8192,8191,1,Pass,Pass,9713268438230653554
0,16,39,Adefs,Adefs,16MiB,16777216,131072,0c00f8138e0e622f6fc7215fc0f0d135e79bf60450e4c79d30e30624a8842117,measured,6,2940815,23032717,25973532,308,0,0,8192,8191,1,Pass,Pass,7408339909486172793
0,17,0,A0-dup,A0,16MiB,16777216,131072,0c00f8138e0e622f6fc7215fc0f0d135e79bf60450e4c79d30e30624a8842117,measured,7,2950585,23321942,26272527,423,0,0,8192,8191,1,Pass,Pass,7408339909486172793
0,17,1,A0,A0,256KiB,262144,2048,6f0154469137295abd7b45b25bc83aace599559234fd5f331140bd800c48b670,measured,7,13867,168831,182698,360,0,0,8192,8191,1,Pass,Pass,1126272383489710074
0,17,2,Acapacity,Acapacity,2MiB,2097152,16384,6587afedd7c0f949b131311e7425d033a0754a29587f85f26ec370a31fc4edf0,measured,7,138741,1490316,1629057,399,0,0,8192,8191,1,Pass,Pass,7349817109290025153
0,17,3,Acapacity,Acapacity,512KiB,524288,4096,155dfc49f4c05f1087ef002a279acee734e738bc580f2b3925315f95a108242b,measured,7,29426,313491,342917,37,0,0,8192,8191,1,Pass,Pass,192086794746352270
0,17,4,Adrop,Adrop,16MiB,16777216,131072,0c00f8138e0e622f6fc7215fc0f0d135e79bf60450e4c79d30e30624a8842117,measured,7,3056026,20626506,23682532,18352595,1,131072,131072,131071,1,Pass,Pass,7408339909486172793
0,17,5,Adrop,Adrop,8MiB,8388608,65536,e456d3adf67030c5a168df273f5171ca3e1299e54571d94cca82b117f3cf3aeb,measured,7,1392802,9409903,10802705,8304818,1,65536,65536,65535,1,Pass,Pass,9713268438230653554
0,17,6,Acapacity,Acapacity,1MiB,1048576,8192,337a179ec729c20c01309d98317f7ca00691d12ca10285b55ade71fb880e191c,measured,7,59565,702582,762147,296,0,0,65536,65535,1,Pass,Pass,16341657278089853397
0,17,7,A0,A0,1MiB,1048576,8192,337a179ec729c20c01309d98317f7ca00691d12ca10285b55ade71fb880e191c,measured,7,58282,636604,694886,84,0,0,65536,65535,1,Pass,Pass,16341657278089853397
0,17,8,Acapacity,Acapacity,8MiB,8388608,65536,e456d3adf67030c5a168df273f5171ca3e1299e54571d94cca82b117f3cf3aeb,measured,7,1420187,10538492,11958679,126,0,0,65536,65535,1,Pass,Pass,9713268438230653554
0,17,9,Acapacity,Acapacity,16MiB,16777216,131072,0c00f8138e0e622f6fc7215fc0f0d135e79bf60450e4c79d30e30624a8842117,measured,7,2880871,25921207,28802078,305,0,0,65536,65535,1,Pass,Pass,7408339909486172793
0,17,10,Adrop,Adrop,1MiB,1048576,8192,337a179ec729c20c01309d98317f7ca00691d12ca10285b55ade71fb880e191c,measured,7,57960,555491,613451,627436,1,8192,8192,8191,1,Pass,Pass,16341657278089853397
0,17,11,A0-dup,A0,128KiB,131072,1024,22e51081397aebb06a1c4c3f85bd08a6e7041a438f4aae416970027e1ddbb24e,measured,7,10262,80256,90518,110,0,0,8192,8191,1,Pass,Pass,15067928572581534229
0,17,12,Adrop,Adrop,512KiB,524288,4096,155dfc49f4c05f1087ef002a279acee734e738bc580f2b3925315f95a108242b,measured,7,29172,250039,279211,314449,1,4096,4096,4095,1,Pass,Pass,192086794746352270
0,17,13,A0,A0,4MiB,4194304,32768,f9dc4b51d64658b088837d5f2a7d485e8eba57daed852c20d443b77cc8137655,measured,7,451094,4442180,4893274,459,0,0,4096,4095,1,Pass,Pass,7876534982476418273
0,17,14,Adefs,Adefs,2MiB,2097152,16384,6587afedd7c0f949b131311e7425d033a0754a29587f85f26ec370a31fc4edf0,measured,7,122882,1396965,1519847,189,0,0,4096,4095,1,Pass,Pass,7349817109290025153
0,17,15,Adefs,Adefs,128KiB,131072,1024,22e51081397aebb06a1c4c3f85bd08a6e7041a438f4aae416970027e1ddbb24e,measured,7,6933,77283,84216,130,0,0,4096,4095,1,Pass,Pass,15067928572581534229
0,17,16,A0,A0,16MiB,16777216,131072,0c00f8138e0e622f6fc7215fc0f0d135e79bf60450e4c79d30e30624a8842117,measured,7,3073582,21538480,24612062,500,0,0,4096,4095,1,Pass,Pass,7408339909486172793
0,17,17,Adefs,Adefs,256KiB,262144,2048,6f0154469137295abd7b45b25bc83aace599559234fd5f331140bd800c48b670,measured,7,14009,153590,167599,122,0,0,4096,4095,1,Pass,Pass,1126272383489710074
0,17,18,A0,A0,2MiB,2097152,16384,6587afedd7c0f949b131311e7425d033a0754a29587f85f26ec370a31fc4edf0,measured,7,152326,1518101,1670427,361,0,0,4096,4095,1,Pass,Pass,7349817109290025153
0,17,19,Adefs,Adefs,1MiB,1048576,8192,337a179ec729c20c01309d98317f7ca00691d12ca10285b55ade71fb880e191c,measured,7,57267,615022,672289,131,0,0,4096,4095,1,Pass,Pass,16341657278089853397
0,17,20,Adrop,Adrop,4MiB,4194304,32768,f9dc4b51d64658b088837d5f2a7d485e8eba57daed852c20d443b77cc8137655,measured,7,500812,3691231,4192043,4278792,1,32768,32768,32767,1,Pass,Pass,7876534982476418273
0,17,21,A0-dup,A0,2MiB,2097152,16384,6587afedd7c0f949b131311e7425d033a0754a29587f85f26ec370a31fc4edf0,measured,7,147020,1482113,1629133,280,0,0,32768,32767,1,Pass,Pass,7349817109290025153
0,17,22,Adefs,Adefs,4MiB,4194304,32768,f9dc4b51d64658b088837d5f2a7d485e8eba57daed852c20d443b77cc8137655,measured,7,501614,4153225,4654839,432,0,0,32768,32767,1,Pass,Pass,7876534982476418273
0,17,23,Acapacity,Acapacity,128KiB,131072,1024,22e51081397aebb06a1c4c3f85bd08a6e7041a438f4aae416970027e1ddbb24e,measured,7,7059,80071,87130,114,0,0,32768,32767,1,Pass,Pass,15067928572581534229
0,17,24,Adefs,Adefs,8MiB,8388608,65536,e456d3adf67030c5a168df273f5171ca3e1299e54571d94cca82b117f3cf3aeb,measured,7,1416695,9817492,11234187,446,0,0,32768,32767,1,Pass,Pass,9713268438230653554
0,17,25,Adefs,Adefs,16MiB,16777216,131072,0c00f8138e0e622f6fc7215fc0f0d135e79bf60450e4c79d30e30624a8842117,measured,7,2959864,20983620,23943484,124,0,0,32768,32767,1,Pass,Pass,7408339909486172793
0,17,26,Adefs,Adefs,512KiB,524288,4096,155dfc49f4c05f1087ef002a279acee734e738bc580f2b3925315f95a108242b,measured,7,30593,316259,346852,196,0,0,32768,32767,1,Pass,Pass,192086794746352270
0,17,27,Adrop,Adrop,2MiB,2097152,16384,6587afedd7c0f949b131311e7425d033a0754a29587f85f26ec370a31fc4edf0,measured,7,130626,1188484,1319110,1747864,1,16384,16384,16383,1,Pass,Pass,7349817109290025153
0,17,28,A0-dup,A0,1MiB,1048576,8192,337a179ec729c20c01309d98317f7ca00691d12ca10285b55ade71fb880e191c,measured,7,58197,649257,707454,216,0,0,16384,16383,1,Pass,Pass,16341657278089853397
0,17,29,A0,A0,512KiB,524288,4096,155dfc49f4c05f1087ef002a279acee734e738bc580f2b3925315f95a108242b,measured,7,29705,314158,343863,110,0,0,16384,16383,1,Pass,Pass,192086794746352270
0,17,30,A0,A0,128KiB,131072,1024,22e51081397aebb06a1c4c3f85bd08a6e7041a438f4aae416970027e1ddbb24e,measured,7,6623,81365,87988,89,0,0,16384,16383,1,Pass,Pass,15067928572581534229
0,17,31,A0,A0,8MiB,8388608,65536,e456d3adf67030c5a168df273f5171ca3e1299e54571d94cca82b117f3cf3aeb,measured,7,1373687,11096383,12470070,260,0,0,16384,16383,1,Pass,Pass,9713268438230653554
0,17,32,A0-dup,A0,512KiB,524288,4096,155dfc49f4c05f1087ef002a279acee734e738bc580f2b3925315f95a108242b,measured,7,29522,320248,349770,173,0,0,16384,16383,1,Pass,Pass,192086794746352270
0,17,33,Acapacity,Acapacity,256KiB,262144,2048,6f0154469137295abd7b45b25bc83aace599559234fd5f331140bd800c48b670,measured,7,13389,153949,167338,76,0,0,16384,16383,1,Pass,Pass,1126272383489710074
0,17,34,A0-dup,A0,4MiB,4194304,32768,f9dc4b51d64658b088837d5f2a7d485e8eba57daed852c20d443b77cc8137655,measured,7,405198,4474998,4880196,261,0,0,16384,16383,1,Pass,Pass,7876534982476418273
0,17,35,Acapacity,Acapacity,4MiB,4194304,32768,f9dc4b51d64658b088837d5f2a7d485e8eba57daed852c20d443b77cc8137655,measured,7,422045,4191527,4613572,203,0,0,16384,16383,1,Pass,Pass,7876534982476418273
0,17,36,Adrop,Adrop,256KiB,262144,2048,6f0154469137295abd7b45b25bc83aace599559234fd5f331140bd800c48b670,measured,7,13917,134017,147934,158060,1,2048,2048,2047,1,Pass,Pass,1126272383489710074
0,17,37,Adrop,Adrop,128KiB,131072,1024,22e51081397aebb06a1c4c3f85bd08a6e7041a438f4aae416970027e1ddbb24e,measured,7,6618,62164,68782,80732,1,1024,1024,1023,1,Pass,Pass,15067928572581534229
0,17,38,A0-dup,A0,256KiB,262144,2048,6f0154469137295abd7b45b25bc83aace599559234fd5f331140bd800c48b670,measured,7,13560,158438,171998,111,0,0,1024,1023,1,Pass,Pass,1126272383489710074
0,17,39,A0-dup,A0,8MiB,8388608,65536,e456d3adf67030c5a168df273f5171ca3e1299e54571d94cca82b117f3cf3aeb,measured,7,1364635,11049785,12414420,432,0,0,1024,1023,1,Pass,Pass,9713268438230653554
0,18,0,Adefs,Adefs,8MiB,8388608,65536,e456d3adf67030c5a168df273f5171ca3e1299e54571d94cca82b117f3cf3aeb,measured,8,1406804,10104440,11511244,140,0,0,1024,1023,1,Pass,Pass,9713268438230653554
0,18,1,Acapacity,Acapacity,4MiB,4194304,32768,f9dc4b51d64658b088837d5f2a7d485e8eba57daed852c20d443b77cc8137655,measured,8,474807,4344639,4819446,487,0,0,1024,1023,1,Pass,Pass,7876534982476418273
0,18,2,Adefs,Adefs,128KiB,131072,1024,22e51081397aebb06a1c4c3f85bd08a6e7041a438f4aae416970027e1ddbb24e,measured,8,7147,77579,84726,300,0,0,1024,1023,1,Pass,Pass,15067928572581534229
0,18,3,Adrop,Adrop,512KiB,524288,4096,155dfc49f4c05f1087ef002a279acee734e738bc580f2b3925315f95a108242b,measured,8,29080,253772,282852,333341,1,4096,4096,4095,1,Pass,Pass,192086794746352270
0,18,4,Acapacity,Acapacity,8MiB,8388608,65536,e456d3adf67030c5a168df273f5171ca3e1299e54571d94cca82b117f3cf3aeb,measured,8,1415411,10545493,11960904,367,0,0,4096,4095,1,Pass,Pass,9713268438230653554
0,18,5,Acapacity,Acapacity,128KiB,131072,1024,22e51081397aebb06a1c4c3f85bd08a6e7041a438f4aae416970027e1ddbb24e,measured,8,6784,80695,87479,115,0,0,4096,4095,1,Pass,Pass,15067928572581534229
0,18,6,Adrop,Adrop,256KiB,262144,2048,6f0154469137295abd7b45b25bc83aace599559234fd5f331140bd800c48b670,measured,8,13561,124933,138494,153438,1,2048,2048,2047,1,Pass,Pass,1126272383489710074
0,18,7,A0-dup,A0,16MiB,16777216,131072,0c00f8138e0e622f6fc7215fc0f0d135e79bf60450e4c79d30e30624a8842117,measured,8,2967714,22217518,25185232,100,0,0,2048,2047,1,Pass,Pass,7408339909486172793
0,18,8,A0,A0,4MiB,4194304,32768,f9dc4b51d64658b088837d5f2a7d485e8eba57daed852c20d443b77cc8137655,measured,8,348019,4365661,4713680,135,0,0,2048,2047,1,Pass,Pass,7876534982476418273
0,18,9,Adrop,Adrop,4MiB,4194304,32768,f9dc4b51d64658b088837d5f2a7d485e8eba57daed852c20d443b77cc8137655,measured,8,506491,3825797,4332288,3770848,1,32768,32768,32767,1,Pass,Pass,7876534982476418273
0,18,10,Adefs,Adefs,4MiB,4194304,32768,f9dc4b51d64658b088837d5f2a7d485e8eba57daed852c20d443b77cc8137655,measured,8,546963,4356699,4903662,421,0,0,32768,32767,1,Pass,Pass,7876534982476418273
0,18,11,A0-dup,A0,1MiB,1048576,8192,337a179ec729c20c01309d98317f7ca00691d12ca10285b55ade71fb880e191c,measured,8,57847,642149,699996,183,0,0,32768,32767,1,Pass,Pass,16341657278089853397
0,18,12,A0-dup,A0,512KiB,524288,4096,155dfc49f4c05f1087ef002a279acee734e738bc580f2b3925315f95a108242b,measured,8,29273,319298,348571,68,0,0,32768,32767,1,Pass,Pass,192086794746352270
0,18,13,Adrop,Adrop,128KiB,131072,1024,22e51081397aebb06a1c4c3f85bd08a6e7041a438f4aae416970027e1ddbb24e,measured,8,6827,63222,70049,80066,1,1024,1024,1023,1,Pass,Pass,15067928572581534229
0,18,14,A0,A0,2MiB,2097152,16384,6587afedd7c0f949b131311e7425d033a0754a29587f85f26ec370a31fc4edf0,measured,8,119472,1483454,1602926,296,0,0,1024,1023,1,Pass,Pass,7349817109290025153
0,18,15,Adrop,Adrop,2MiB,2097152,16384,6587afedd7c0f949b131311e7425d033a0754a29587f85f26ec370a31fc4edf0,measured,8,133028,1216069,1349097,1725679,1,16384,16384,16383,1,Pass,Pass,7349817109290025153
0,18,16,A0,A0,512KiB,524288,4096,155dfc49f4c05f1087ef002a279acee734e738bc580f2b3925315f95a108242b,measured,8,29562,323364,352926,159,0,0,16384,16383,1,Pass,Pass,192086794746352270
0,18,17,Adefs,Adefs,256KiB,262144,2048,6f0154469137295abd7b45b25bc83aace599559234fd5f331140bd800c48b670,measured,8,13445,146024,159469,117,0,0,16384,16383,1,Pass,Pass,1126272383489710074
0,18,18,Acapacity,Acapacity,2MiB,2097152,16384,6587afedd7c0f949b131311e7425d033a0754a29587f85f26ec370a31fc4edf0,measured,8,120245,1509498,1629743,328,0,0,16384,16383,1,Pass,Pass,7349817109290025153
0,18,19,Adefs,Adefs,2MiB,2097152,16384,6587afedd7c0f949b131311e7425d033a0754a29587f85f26ec370a31fc4edf0,measured,8,152469,1394775,1547244,187,0,0,16384,16383,1,Pass,Pass,7349817109290025153
0,18,20,Acapacity,Acapacity,512KiB,524288,4096,155dfc49f4c05f1087ef002a279acee734e738bc580f2b3925315f95a108242b,measured,8,29918,311726,341644,122,0,0,16384,16383,1,Pass,Pass,192086794746352270
0,18,21,A0,A0,8MiB,8388608,65536,e456d3adf67030c5a168df273f5171ca3e1299e54571d94cca82b117f3cf3aeb,measured,8,1403498,11097190,12500688,273,0,0,16384,16383,1,Pass,Pass,9713268438230653554
0,18,22,A0-dup,A0,128KiB,131072,1024,22e51081397aebb06a1c4c3f85bd08a6e7041a438f4aae416970027e1ddbb24e,measured,8,6949,82299,89248,78,0,0,16384,16383,1,Pass,Pass,15067928572581534229
0,18,23,Acapacity,Acapacity,1MiB,1048576,8192,337a179ec729c20c01309d98317f7ca00691d12ca10285b55ade71fb880e191c,measured,8,57221,640684,697905,91,0,0,16384,16383,1,Pass,Pass,16341657278089853397
0,18,24,A0-dup,A0,256KiB,262144,2048,6f0154469137295abd7b45b25bc83aace599559234fd5f331140bd800c48b670,measured,8,13557,156564,170121,78,0,0,16384,16383,1,Pass,Pass,1126272383489710074
0,18,25,A0-dup,A0,8MiB,8388608,65536,e456d3adf67030c5a168df273f5171ca3e1299e54571d94cca82b117f3cf3aeb,measured,8,1420909,10696465,12117374,253,0,0,16384,16383,1,Pass,Pass,9713268438230653554
0,18,26,Acapacity,Acapacity,256KiB,262144,2048,6f0154469137295abd7b45b25bc83aace599559234fd5f331140bd800c48b670,measured,8,14000,164753,178753,265,0,0,16384,16383,1,Pass,Pass,1126272383489710074
0,18,27,Adrop,Adrop,8MiB,8388608,65536,e456d3adf67030c5a168df273f5171ca3e1299e54571d94cca82b117f3cf3aeb,measured,8,1392006,9465480,10857486,8350756,1,65536,65536,65535,1,Pass,Pass,9713268438230653554
0,18,28,A0-dup,A0,2MiB,2097152,16384,6587afedd7c0f949b131311e7425d033a0754a29587f85f26ec370a31fc4edf0,measured,8,114106,1398341,1512447,202,0,0,65536,65535,1,Pass,Pass,7349817109290025153
0,18,29,Adrop,Adrop,1MiB,1048576,8192,337a179ec729c20c01309d98317f7ca00691d12ca10285b55ade71fb880e191c,measured,8,57856,520909,578765,642818,1,8192,8192,8191,1,Pass,Pass,16341657278089853397
0,18,30,A0-dup,A0,4MiB,4194304,32768,f9dc4b51d64658b088837d5f2a7d485e8eba57daed852c20d443b77cc8137655,measured,8,514575,4479376,4993951,135,0,0,8192,8191,1,Pass,Pass,7876534982476418273
0,18,31,A0,A0,128KiB,131072,1024,22e51081397aebb06a1c4c3f85bd08a6e7041a438f4aae416970027e1ddbb24e,measured,8,7233,81677,88910,125,0,0,8192,8191,1,Pass,Pass,15067928572581534229
0,18,32,Adefs,Adefs,512KiB,524288,4096,155dfc49f4c05f1087ef002a279acee734e738bc580f2b3925315f95a108242b,measured,8,29201,303501,332702,33,0,0,8192,8191,1,Pass,Pass,192086794746352270
0,18,33,Adefs,Adefs,1MiB,1048576,8192,337a179ec729c20c01309d98317f7ca00691d12ca10285b55ade71fb880e191c,measured,8,57444,614618,672062,72,0,0,8192,8191,1,Pass,Pass,16341657278089853397
0,18,34,Acapacity,Acapacity,16MiB,16777216,131072,0c00f8138e0e622f6fc7215fc0f0d135e79bf60450e4c79d30e30624a8842117,measured,8,3061243,23177870,26239113,420,0,0,8192,8191,1,Pass,Pass,7408339909486172793
0,18,35,Adrop,Adrop,16MiB,16777216,131072,0c00f8138e0e622f6fc7215fc0f0d135e79bf60450e4c79d30e30624a8842117,measured,8,2935571,19947192,22882763,19324665,1,131072,131072,131071,1,Pass,Pass,7408339909486172793
0,18,36,A0,A0,256KiB,262144,2048,6f0154469137295abd7b45b25bc83aace599559234fd5f331140bd800c48b670,measured,8,14092,162751,176843,426,0,0,131072,131071,1,Pass,Pass,1126272383489710074
0,18,37,Adefs,Adefs,16MiB,16777216,131072,0c00f8138e0e622f6fc7215fc0f0d135e79bf60450e4c79d30e30624a8842117,measured,8,3018831,24795527,27814358,347,0,0,131072,131071,1,Pass,Pass,7408339909486172793
0,18,38,A0,A0,1MiB,1048576,8192,337a179ec729c20c01309d98317f7ca00691d12ca10285b55ade71fb880e191c,measured,8,58321,647573,705894,89,0,0,131072,131071,1,Pass,Pass,16341657278089853397
0,18,39,A0,A0,16MiB,16777216,131072,0c00f8138e0e622f6fc7215fc0f0d135e79bf60450e4c79d30e30624a8842117,measured,8,2976904,22510291,25487195,424,0,0,131072,131071,1,Pass,Pass,7408339909486172793
0,19,0,A0-dup,A0,2MiB,2097152,16384,6587afedd7c0f949b131311e7425d033a0754a29587f85f26ec370a31fc4edf0,measured,9,127055,1551634,1678689,126,0,0,131072,131071,1,Pass,Pass,7349817109290025153
0,19,1,Acapacity,Acapacity,1MiB,1048576,8192,337a179ec729c20c01309d98317f7ca00691d12ca10285b55ade71fb880e191c,measured,9,57904,630267,688171,98,0,0,131072,131071,1,Pass,Pass,16341657278089853397
0,19,2,Adefs,Adefs,16MiB,16777216,131072,0c00f8138e0e622f6fc7215fc0f0d135e79bf60450e4c79d30e30624a8842117,measured,9,3070744,21316445,24387189,277,0,0,131072,131071,1,Pass,Pass,7408339909486172793
0,19,3,A0-dup,A0,4MiB,4194304,32768,f9dc4b51d64658b088837d5f2a7d485e8eba57daed852c20d443b77cc8137655,measured,9,469466,4442661,4912127,346,0,0,131072,131071,1,Pass,Pass,7876534982476418273
0,19,4,Acapacity,Acapacity,2MiB,2097152,16384,6587afedd7c0f949b131311e7425d033a0754a29587f85f26ec370a31fc4edf0,measured,9,128045,1417639,1545684,176,0,0,131072,131071,1,Pass,Pass,7349817109290025153
0,19,5,A0,A0,1MiB,1048576,8192,337a179ec729c20c01309d98317f7ca00691d12ca10285b55ade71fb880e191c,measured,9,57931,689331,747262,279,0,0,131072,131071,1,Pass,Pass,16341657278089853397
0,19,6,A0-dup,A0,1MiB,1048576,8192,337a179ec729c20c01309d98317f7ca00691d12ca10285b55ade71fb880e191c,measured,9,58146,648717,706863,64,0,0,131072,131071,1,Pass,Pass,16341657278089853397
0,19,7,Adrop,Adrop,4MiB,4194304,32768,f9dc4b51d64658b088837d5f2a7d485e8eba57daed852c20d443b77cc8137655,measured,9,539686,3910537,4450223,3867104,1,32768,32768,32767,1,Pass,Pass,7876534982476418273
0,19,8,Adrop,Adrop,1MiB,1048576,8192,337a179ec729c20c01309d98317f7ca00691d12ca10285b55ade71fb880e191c,measured,9,57918,522658,580576,646552,1,8192,8192,8191,1,Pass,Pass,16341657278089853397
0,19,9,A0,A0,256KiB,262144,2048,6f0154469137295abd7b45b25bc83aace599559234fd5f331140bd800c48b670,measured,9,13684,164457,178141,74,0,0,8192,8191,1,Pass,Pass,1126272383489710074
0,19,10,A0-dup,A0,256KiB,262144,2048,6f0154469137295abd7b45b25bc83aace599559234fd5f331140bd800c48b670,measured,9,13950,158733,172683,56,0,0,8192,8191,1,Pass,Pass,1126272383489710074
0,19,11,A0,A0,2MiB,2097152,16384,6587afedd7c0f949b131311e7425d033a0754a29587f85f26ec370a31fc4edf0,measured,9,124246,1490938,1615184,484,0,0,8192,8191,1,Pass,Pass,7349817109290025153
0,19,12,Adrop,Adrop,256KiB,262144,2048,6f0154469137295abd7b45b25bc83aace599559234fd5f331140bd800c48b670,measured,9,13783,127166,140949,151433,1,2048,2048,2047,1,Pass,Pass,1126272383489710074
0,19,13,A0,A0,128KiB,131072,1024,22e51081397aebb06a1c4c3f85bd08a6e7041a438f4aae416970027e1ddbb24e,measured,9,6592,79374,85966,78,0,0,2048,2047,1,Pass,Pass,15067928572581534229
0,19,14,Adrop,Adrop,16MiB,16777216,131072,0c00f8138e0e622f6fc7215fc0f0d135e79bf60450e4c79d30e30624a8842117,measured,9,2992839,19154790,22147629,18947634,1,131072,131072,131071,1,Pass,Pass,7408339909486172793
0,19,15,Adefs,Adefs,256KiB,262144,2048,6f0154469137295abd7b45b25bc83aace599559234fd5f331140bd800c48b670,measured,9,14130,163805,177935,334,0,0,131072,131071,1,Pass,Pass,1126272383489710074
0,19,16,Adefs,Adefs,1MiB,1048576,8192,337a179ec729c20c01309d98317f7ca00691d12ca10285b55ade71fb880e191c,measured,9,56917,617840,674757,74,0,0,131072,131071,1,Pass,Pass,16341657278089853397
0,19,17,Acapacity,Acapacity,512KiB,524288,4096,155dfc49f4c05f1087ef002a279acee734e738bc580f2b3925315f95a108242b,measured,9,29075,315091,344166,88,0,0,131072,131071,1,Pass,Pass,192086794746352270
0,19,18,Adefs,Adefs,512KiB,524288,4096,155dfc49f4c05f1087ef002a279acee734e738bc580f2b3925315f95a108242b,measured,9,28547,301748,330295,44,0,0,131072,131071,1,Pass,Pass,192086794746352270
0,19,19,Adrop,Adrop,8MiB,8388608,65536,e456d3adf67030c5a168df273f5171ca3e1299e54571d94cca82b117f3cf3aeb,measured,9,1450569,9245736,10696305,8265809,1,65536,65536,65535,1,Pass,Pass,9713268438230653554
0,19,20,A0,A0,16MiB,16777216,131072,0c00f8138e0e622f6fc7215fc0f0d135e79bf60450e4c79d30e30624a8842117,measured,9,3032430,26445863,29478293,414,0,0,65536,65535,1,Pass,Pass,7408339909486172793
0,19,21,Acapacity,Acapacity,128KiB,131072,1024,22e51081397aebb06a1c4c3f85bd08a6e7041a438f4aae416970027e1ddbb24e,measured,9,6950,81087,88037,112,0,0,65536,65535,1,Pass,Pass,15067928572581534229
0,19,22,Acapacity,Acapacity,16MiB,16777216,131072,0c00f8138e0e622f6fc7215fc0f0d135e79bf60450e4c79d30e30624a8842117,measured,9,2956399,22098574,25054973,250,0,0,65536,65535,1,Pass,Pass,7408339909486172793
0,19,23,A0-dup,A0,16MiB,16777216,131072,0c00f8138e0e622f6fc7215fc0f0d135e79bf60450e4c79d30e30624a8842117,measured,9,2989097,23735581,26724678,137,0,0,65536,65535,1,Pass,Pass,7408339909486172793
0,19,24,Acapacity,Acapacity,8MiB,8388608,65536,e456d3adf67030c5a168df273f5171ca3e1299e54571d94cca82b117f3cf3aeb,measured,9,1472081,10764505,12236586,118,0,0,65536,65535,1,Pass,Pass,9713268438230653554
0,19,25,A0-dup,A0,8MiB,8388608,65536,e456d3adf67030c5a168df273f5171ca3e1299e54571d94cca82b117f3cf3aeb,measured,9,1409419,10817297,12226716,434,0,0,65536,65535,1,Pass,Pass,9713268438230653554
0,19,26,Adefs,Adefs,128KiB,131072,1024,22e51081397aebb06a1c4c3f85bd08a6e7041a438f4aae416970027e1ddbb24e,measured,9,7028,78292,85320,87,0,0,65536,65535,1,Pass,Pass,15067928572581534229
0,19,27,Adefs,Adefs,8MiB,8388608,65536,e456d3adf67030c5a168df273f5171ca3e1299e54571d94cca82b117f3cf3aeb,measured,9,1397744,10336551,11734295,91,0,0,65536,65535,1,Pass,Pass,9713268438230653554
0,19,28,Adefs,Adefs,2MiB,2097152,16384,6587afedd7c0f949b131311e7425d033a0754a29587f85f26ec370a31fc4edf0,measured,9,122974,1370514,1493488,268,0,0,65536,65535,1,Pass,Pass,7349817109290025153
0,19,29,Acapacity,Acapacity,4MiB,4194304,32768,f9dc4b51d64658b088837d5f2a7d485e8eba57daed852c20d443b77cc8137655,measured,9,484310,4348355,4832665,93,0,0,65536,65535,1,Pass,Pass,7876534982476418273
0,19,30,A0,A0,4MiB,4194304,32768,f9dc4b51d64658b088837d5f2a7d485e8eba57daed852c20d443b77cc8137655,measured,9,484769,4279595,4764364,243,0,0,65536,65535,1,Pass,Pass,7876534982476418273
0,19,31,Acapacity,Acapacity,256KiB,262144,2048,6f0154469137295abd7b45b25bc83aace599559234fd5f331140bd800c48b670,measured,9,13749,158095,171844,123,0,0,65536,65535,1,Pass,Pass,1126272383489710074
0,19,32,Adrop,Adrop,2MiB,2097152,16384,6587afedd7c0f949b131311e7425d033a0754a29587f85f26ec370a31fc4edf0,measured,9,130296,1222456,1352752,1729059,1,16384,16384,16383,1,Pass,Pass,7349817109290025153
0,19,33,A0-dup,A0,512KiB,524288,4096,155dfc49f4c05f1087ef002a279acee734e738bc580f2b3925315f95a108242b,measured,9,29526,317374,346900,62,0,0,16384,16383,1,Pass,Pass,192086794746352270
0,19,34,A0-dup,A0,128KiB,131072,1024,22e51081397aebb06a1c4c3f85bd08a6e7041a438f4aae416970027e1ddbb24e,measured,9,6626,81390,88016,79,0,0,16384,16383,1,Pass,Pass,15067928572581534229
0,19,35,Adrop,Adrop,128KiB,131072,1024,22e51081397aebb06a1c4c3f85bd08a6e7041a438f4aae416970027e1ddbb24e,measured,9,6697,63986,70683,82235,1,1024,1024,1023,1,Pass,Pass,15067928572581534229
0,19,36,Adrop,Adrop,512KiB,524288,4096,155dfc49f4c05f1087ef002a279acee734e738bc580f2b3925315f95a108242b,measured,9,29177,266795,295972,309807,1,4096,4096,4095,1,Pass,Pass,192086794746352270
0,19,37,Adefs,Adefs,4MiB,4194304,32768,f9dc4b51d64658b088837d5f2a7d485e8eba57daed852c20d443b77cc8137655,measured,9,527142,4153467,4680609,249,0,0,4096,4095,1,Pass,Pass,7876534982476418273
0,19,38,A0,A0,512KiB,524288,4096,155dfc49f4c05f1087ef002a279acee734e738bc580f2b3925315f95a108242b,measured,9,29007,320570,349577,179,0,0,4096,4095,1,Pass,Pass,192086794746352270
0,19,39,A0,A0,8MiB,8388608,65536,e456d3adf67030c5a168df273f5171ca3e1299e54571d94cca82b117f3cf3aeb,measured,9,1403187,11022461,12425648,202,0,0,4096,4095,1,Pass,Pass,9713268438230653554
0,20,0,Adefs,Adefs,256KiB,262144,2048,6f0154469137295abd7b45b25bc83aace599559234fd5f331140bd800c48b670,measured,10,13721,153644,167365,179,0,0,4096,4095,1,Pass,Pass,1126272383489710074
0,20,1,Acapacity,Acapacity,256KiB,262144,2048,6f0154469137295abd7b45b25bc83aace599559234fd5f331140bd800c48b670,measured,10,13757,155667,169424,59,0,0,4096,4095,1,Pass,Pass,1126272383489710074
0,20,2,Adrop,Adrop,4MiB,4194304,32768,f9dc4b51d64658b088837d5f2a7d485e8eba57daed852c20d443b77cc8137655,measured,10,396005,3740399,4136404,4145202,1,32768,32768,32767,1,Pass,Pass,7876534982476418273
0,20,3,Adrop,Adrop,16MiB,16777216,131072,0c00f8138e0e622f6fc7215fc0f0d135e79bf60450e4c79d30e30624a8842117,measured,10,3013385,19197922,22211307,18963300,1,131072,131072,131071,1,Pass,Pass,7408339909486172793
0,20,4,Acapacity,Acapacity,16MiB,16777216,131072,0c00f8138e0e622f6fc7215fc0f0d135e79bf60450e4c79d30e30624a8842117,measured,10,2963075,24300110,27263185,409,0,0,131072,131071,1,Pass,Pass,7408339909486172793
0,20,5,Adrop,Adrop,8MiB,8388608,65536,e456d3adf67030c5a168df273f5171ca3e1299e54571d94cca82b117f3cf3aeb,measured,10,1355050,9219869,10574919,7919932,1,65536,65536,65535,1,Pass,Pass,9713268438230653554
0,20,6,A0-dup,A0,128KiB,131072,1024,22e51081397aebb06a1c4c3f85bd08a6e7041a438f4aae416970027e1ddbb24e,measured,10,7097,83546,90643,178,0,0,65536,65535,1,Pass,Pass,15067928572581534229
0,20,7,Adefs,Adefs,1MiB,1048576,8192,337a179ec729c20c01309d98317f7ca00691d12ca10285b55ade71fb880e191c,measured,10,58110,620011,678121,128,0,0,65536,65535,1,Pass,Pass,16341657278089853397
0,20,8,A0-dup,A0,2MiB,2097152,16384,6587afedd7c0f949b131311e7425d033a0754a29587f85f26ec370a31fc4edf0,measured,10,143407,1508616,1652023,129,0,0,65536,65535,1,Pass,Pass,7349817109290025153
0,20,9,Acapacity,Acapacity,2MiB,2097152,16384,6587afedd7c0f949b131311e7425d033a0754a29587f85f26ec370a31fc4edf0,measured,10,116167,1431499,1547666,115,0,0,65536,65535,1,Pass,Pass,7349817109290025153
0,20,10,A0-dup,A0,1MiB,1048576,8192,337a179ec729c20c01309d98317f7ca00691d12ca10285b55ade71fb880e191c,measured,10,58555,654130,712685,372,0,0,65536,65535,1,Pass,Pass,16341657278089853397
0,20,11,Acapacity,Acapacity,4MiB,4194304,32768,f9dc4b51d64658b088837d5f2a7d485e8eba57daed852c20d443b77cc8137655,measured,10,523669,4320694,4844363,115,0,0,65536,65535,1,Pass,Pass,7876534982476418273
0,20,12,A0,A0,2MiB,2097152,16384,6587afedd7c0f949b131311e7425d033a0754a29587f85f26ec370a31fc4edf0,measured,10,130630,1480662,1611292,88,0,0,65536,65535,1,Pass,Pass,7349817109290025153
0,20,13,Adrop,Adrop,2MiB,2097152,16384,6587afedd7c0f949b131311e7425d033a0754a29587f85f26ec370a31fc4edf0,measured,10,224442,1985382,2209824,1768043,1,16384,16384,16383,1,Pass,Pass,7349817109290025153
0,20,14,Adefs,Adefs,128KiB,131072,1024,22e51081397aebb06a1c4c3f85bd08a6e7041a438f4aae416970027e1ddbb24e,measured,10,7004,79767,86771,90,0,0,16384,16383,1,Pass,Pass,15067928572581534229
0,20,15,A0-dup,A0,512KiB,524288,4096,155dfc49f4c05f1087ef002a279acee734e738bc580f2b3925315f95a108242b,measured,10,29045,315787,344832,74,0,0,16384,16383,1,Pass,Pass,192086794746352270
0,20,16,Acapacity,Acapacity,128KiB,131072,1024,22e51081397aebb06a1c4c3f85bd08a6e7041a438f4aae416970027e1ddbb24e,measured,10,6634,77548,84182,65,0,0,16384,16383,1,Pass,Pass,15067928572581534229
0,20,17,Adrop,Adrop,512KiB,524288,4096,155dfc49f4c05f1087ef002a279acee734e738bc580f2b3925315f95a108242b,measured,10,28486,244276,272762,339306,1,4096,4096,4095,1,Pass,Pass,192086794746352270
0,20,18,Acapacity,Acapacity,1MiB,1048576,8192,337a179ec729c20c01309d98317f7ca00691d12ca10285b55ade71fb880e191c,measured,10,57212,646920,704132,93,0,0,4096,4095,1,Pass,Pass,16341657278089853397
0,20,19,A0,A0,16MiB,16777216,131072,0c00f8138e0e622f6fc7215fc0f0d135e79bf60450e4c79d30e30624a8842117,measured,10,3070345,23726114,26796459,348,0,0,4096,4095,1,Pass,Pass,7408339909486172793
0,20,20,Adefs,Adefs,4MiB,4194304,32768,f9dc4b51d64658b088837d5f2a7d485e8eba57daed852c20d443b77cc8137655,measured,10,510633,4210399,4721032,132,0,0,4096,4095,1,Pass,Pass,7876534982476418273
0,20,21,Adefs,Adefs,2MiB,2097152,16384,6587afedd7c0f949b131311e7425d033a0754a29587f85f26ec370a31fc4edf0,measured,10,131658,1353883,1485541,192,0,0,4096,4095,1,Pass,Pass,7349817109290025153
0,20,22,A0-dup,A0,4MiB,4194304,32768,f9dc4b51d64658b088837d5f2a7d485e8eba57daed852c20d443b77cc8137655,measured,10,445598,4353003,4798601,215,0,0,4096,4095,1,Pass,Pass,7876534982476418273
0,20,23,Adrop,Adrop,128KiB,131072,1024,22e51081397aebb06a1c4c3f85bd08a6e7041a438f4aae416970027e1ddbb24e,measured,10,7120,66686,73806,83698,1,1024,1024,1023,1,Pass,Pass,15067928572581534229
0,20,24,A0-dup,A0,16MiB,16777216,131072,0c00f8138e0e622f6fc7215fc0f0d135e79bf60450e4c79d30e30624a8842117,measured,10,3037461,22363655,25401116,125,0,0,1024,1023,1,Pass,Pass,7408339909486172793
0,20,25,A0,A0,256KiB,262144,2048,6f0154469137295abd7b45b25bc83aace599559234fd5f331140bd800c48b670,measured,10,14004,162006,176010,121,0,0,1024,1023,1,Pass,Pass,1126272383489710074
0,20,26,A0,A0,512KiB,524288,4096,155dfc49f4c05f1087ef002a279acee734e738bc580f2b3925315f95a108242b,measured,10,28920,316597,345517,80,0,0,1024,1023,1,Pass,Pass,192086794746352270
0,20,27,A0,A0,1MiB,1048576,8192,337a179ec729c20c01309d98317f7ca00691d12ca10285b55ade71fb880e191c,measured,10,57854,658628,716482,86,0,0,1024,1023,1,Pass,Pass,16341657278089853397
0,20,28,Adefs,Adefs,16MiB,16777216,131072,0c00f8138e0e622f6fc7215fc0f0d135e79bf60450e4c79d30e30624a8842117,measured,10,3288780,19291079,22579859,277,0,0,1024,1023,1,Pass,Pass,7408339909486172793
0,20,29,A0-dup,A0,256KiB,262144,2048,6f0154469137295abd7b45b25bc83aace599559234fd5f331140bd800c48b670,measured,10,13864,163899,177763,41,0,0,1024,1023,1,Pass,Pass,1126272383489710074
0,20,30,Adefs,Adefs,512KiB,524288,4096,155dfc49f4c05f1087ef002a279acee734e738bc580f2b3925315f95a108242b,measured,10,28828,302584,331412,64,0,0,1024,1023,1,Pass,Pass,192086794746352270
0,20,31,Adrop,Adrop,256KiB,262144,2048,6f0154469137295abd7b45b25bc83aace599559234fd5f331140bd800c48b670,measured,10,13603,120802,134405,157196,1,2048,2048,2047,1,Pass,Pass,1126272383489710074
0,20,32,A0,A0,8MiB,8388608,65536,e456d3adf67030c5a168df273f5171ca3e1299e54571d94cca82b117f3cf3aeb,measured,10,1431465,10678998,12110463,435,0,0,2048,2047,1,Pass,Pass,9713268438230653554
0,20,33,A0-dup,A0,8MiB,8388608,65536,e456d3adf67030c5a168df273f5171ca3e1299e54571d94cca82b117f3cf3aeb,measured,10,1380062,11070589,12450651,182,0,0,2048,2047,1,Pass,Pass,9713268438230653554
0,20,34,A0,A0,4MiB,4194304,32768,f9dc4b51d64658b088837d5f2a7d485e8eba57daed852c20d443b77cc8137655,measured,10,370492,4449436,4819928,410,0,0,2048,2047,1,Pass,Pass,7876534982476418273
0,20,35,Acapacity,Acapacity,512KiB,524288,4096,155dfc49f4c05f1087ef002a279acee734e738bc580f2b3925315f95a108242b,measured,10,29460,316017,345477,204,0,0,2048,2047,1,Pass,Pass,192086794746352270
0,20,36,Acapacity,Acapacity,8MiB,8388608,65536,e456d3adf67030c5a168df273f5171ca3e1299e54571d94cca82b117f3cf3aeb,measured,10,1410804,10884011,12294815,336,0,0,2048,2047,1,Pass,Pass,9713268438230653554
0,20,37,Adefs,Adefs,8MiB,8388608,65536,e456d3adf67030c5a168df273f5171ca3e1299e54571d94cca82b117f3cf3aeb,measured,10,1387052,10094661,11481713,416,0,0,2048,2047,1,Pass,Pass,9713268438230653554
0,20,38,Adrop,Adrop,1MiB,1048576,8192,337a179ec729c20c01309d98317f7ca00691d12ca10285b55ade71fb880e191c,measured,10,57373,528872,586245,643496,1,8192,8192,8191,1,Pass,Pass,16341657278089853397
0,20,39,A0,A0,128KiB,131072,1024,22e51081397aebb06a1c4c3f85bd08a6e7041a438f4aae416970027e1ddbb24e,measured,10,6588,80463,87051,53,0,0,8192,8191,1,Pass,Pass,15067928572581534229
0,21,0,Adefs,Adefs,512KiB,524288,4096,155dfc49f4c05f1087ef002a279acee734e738bc580f2b3925315f95a108242b,measured,11,29140,297335,326475,69,0,0,8192,8191,1,Pass,Pass,192086794746352270
0,21,1,Acapacity,Acapacity,2MiB,2097152,16384,6587afedd7c0f949b131311e7425d033a0754a29587f85f26ec370a31fc4edf0,measured,11,125598,1509398,1634996,134,0,0,8192,8191,1,Pass,Pass,7349817109290025153
0,21,2,A0,A0,256KiB,262144,2048,6f0154469137295abd7b45b25bc83aace599559234fd5f331140bd800c48b670,measured,11,13892,164099,177991,75,0,0,8192,8191,1,Pass,Pass,1126272383489710074
0,21,3,A0,A0,128KiB,131072,1024,22e51081397aebb06a1c4c3f85bd08a6e7041a438f4aae416970027e1ddbb24e,measured,11,6548,79183,85731,71,0,0,8192,8191,1,Pass,Pass,15067928572581534229
0,21,4,Adrop,Adrop,512KiB,524288,4096,155dfc49f4c05f1087ef002a279acee734e738bc580f2b3925315f95a108242b,measured,11,29269,249573,278842,314851,1,4096,4096,4095,1,Pass,Pass,192086794746352270
0,21,5,A0-dup,A0,1MiB,1048576,8192,337a179ec729c20c01309d98317f7ca00691d12ca10285b55ade71fb880e191c,measured,11,56923,657587,714510,51,0,0,4096,4095,1,Pass,Pass,16341657278089853397
0,21,6,Adrop,Adrop,16MiB,16777216,131072,0c00f8138e0e622f6fc7215fc0f0d135e79bf60450e4c79d30e30624a8842117,measured,11,3105628,19304653,22410281,17975217,1,131072,131072,131071,1,Pass,Pass,7408339909486172793
0,21,7,A0-dup,A0,4MiB,4194304,32768,f9dc4b51d64658b088837d5f2a7d485e8eba57daed852c20d443b77cc8137655,measured,11,480470,4646276,5126746,402,0,0,131072,131071,1,Pass,Pass,7876534982476418273
0,21,8,Acapacity,Acapacity,512KiB,524288,4096,155dfc49f4c05f1087ef002a279acee734e738bc580f2b3925315f95a108242b,measured,11,29446,318214,347660,97,0,0,131072,131071,1,Pass,Pass,192086794746352270
0,21,9,Adefs,Adefs,1MiB,1048576,8192,337a179ec729c20c01309d98317f7ca00691d12ca10285b55ade71fb880e191c,measured,11,57897,630407,688304,97,0,0,131072,131071,1,Pass,Pass,16341657278089853397
0,21,10,A0-dup,A0,2MiB,2097152,16384,6587afedd7c0f949b131311e7425d033a0754a29587f85f26ec370a31fc4edf0,measured,11,119121,1499169,1618290,104,0,0,131072,131071,1,Pass,Pass,7349817109290025153
0,21,11,A0-dup,A0,128KiB,131072,1024,22e51081397aebb06a1c4c3f85bd08a6e7041a438f4aae416970027e1ddbb24e,measured,11,6966,82169,89135,49,0,0,131072,131071,1,Pass,Pass,15067928572581534229
0,21,12,A0,A0,8MiB,8388608,65536,e456d3adf67030c5a168df273f5171ca3e1299e54571d94cca82b117f3cf3aeb,measured,11,1425855,10685016,12110871,438,0,0,131072,131071,1,Pass,Pass,9713268438230653554
0,21,13,A0-dup,A0,256KiB,262144,2048,6f0154469137295abd7b45b25bc83aace599559234fd5f331140bd800c48b670,measured,11,14153,161930,176083,95,0,0,131072,131071,1,Pass,Pass,1126272383489710074
0,21,14,A0,A0,512KiB,524288,4096,155dfc49f4c05f1087ef002a279acee734e738bc580f2b3925315f95a108242b,measured,11,28887,328958,357845,55,0,0,131072,131071,1,Pass,Pass,192086794746352270
0,21,15,Adrop,Adrop,4MiB,4194304,32768,f9dc4b51d64658b088837d5f2a7d485e8eba57daed852c20d443b77cc8137655,measured,11,447799,3891333,4339132,3880296,1,32768,32768,32767,1,Pass,Pass,7876534982476418273
0,21,16,Acapacity,Acapacity,256KiB,262144,2048,6f0154469137295abd7b45b25bc83aace599559234fd5f331140bd800c48b670,measured,11,13652,158362,172014,193,0,0,32768,32767,1,Pass,Pass,1126272383489710074
0,21,17,Adefs,Adefs,2MiB,2097152,16384,6587afedd7c0f949b131311e7425d033a0754a29587f85f26ec370a31fc4edf0,measured,11,134851,1393385,1528236,361,0,0,32768,32767,1,Pass,Pass,7349817109290025153
0,21,18,A0,A0,4MiB,4194304,32768,f9dc4b51d64658b088837d5f2a7d485e8eba57daed852c20d443b77cc8137655,measured,11,521190,4415971,4937161,247,0,0,32768,32767,1,Pass,Pass,7876534982476418273
0,21,19,A0-dup,A0,512KiB,524288,4096,155dfc49f4c05f1087ef002a279acee734e738bc580f2b3925315f95a108242b,measured,11,29240,315380,344620,88,0,0,32768,32767,1,Pass,Pass,192086794746352270
0,21,20,Adefs,Adefs,256KiB,262144,2048,6f0154469137295abd7b45b25bc83aace599559234fd5f331140bd800c48b670,measured,11,13653,145808,159461,61,0,0,32768,32767,1,Pass,Pass,1126272383489710074
0,21,21,Adrop,Adrop,1MiB,1048576,8192,337a179ec729c20c01309d98317f7ca00691d12ca10285b55ade71fb880e191c,measured,11,57693,538345,596038,634850,1,8192,8192,8191,1,Pass,Pass,16341657278089853397
0,21,22,Adrop,Adrop,8MiB,8388608,65536,e456d3adf67030c5a168df273f5171ca3e1299e54571d94cca82b117f3cf3aeb,measured,11,1404955,9518856,10923811,8299310,1,65536,65536,65535,1,Pass,Pass,9713268438230653554
0,21,23,A0,A0,1MiB,1048576,8192,337a179ec729c20c01309d98317f7ca00691d12ca10285b55ade71fb880e191c,measured,11,58439,659943,718382,212,0,0,65536,65535,1,Pass,Pass,16341657278089853397
0,21,24,Acapacity,Acapacity,16MiB,16777216,131072,0c00f8138e0e622f6fc7215fc0f0d135e79bf60450e4c79d30e30624a8842117,measured,11,3002859,25927216,28930075,362,0,0,65536,65535,1,Pass,Pass,7408339909486172793
0,21,25,Adefs,Adefs,128KiB,131072,1024,22e51081397aebb06a1c4c3f85bd08a6e7041a438f4aae416970027e1ddbb24e,measured,11,6923,82707,89630,118,0,0,65536,65535,1,Pass,Pass,15067928572581534229
0,21,26,A0,A0,2MiB,2097152,16384,6587afedd7c0f949b131311e7425d033a0754a29587f85f26ec370a31fc4edf0,measured,11,123881,1476771,1600652,511,0,0,65536,65535,1,Pass,Pass,7349817109290025153
0,21,27,Adefs,Adefs,16MiB,16777216,131072,0c00f8138e0e622f6fc7215fc0f0d135e79bf60450e4c79d30e30624a8842117,measured,11,3016055,19330539,22346594,353,0,0,65536,65535,1,Pass,Pass,7408339909486172793
0,21,28,Acapacity,Acapacity,1MiB,1048576,8192,337a179ec729c20c01309d98317f7ca00691d12ca10285b55ade71fb880e191c,measured,11,58188,647749,705937,117,0,0,65536,65535,1,Pass,Pass,16341657278089853397
0,21,29,Adrop,Adrop,2MiB,2097152,16384,6587afedd7c0f949b131311e7425d033a0754a29587f85f26ec370a31fc4edf0,measured,11,129288,1173867,1303155,1870778,1,16384,16384,16383,1,Pass,Pass,7349817109290025153
0,21,30,A0-dup,A0,8MiB,8388608,65536,e456d3adf67030c5a168df273f5171ca3e1299e54571d94cca82b117f3cf3aeb,measured,11,1482375,11485717,12968092,344,0,0,16384,16383,1,Pass,Pass,9713268438230653554
0,21,31,Adrop,Adrop,128KiB,131072,1024,22e51081397aebb06a1c4c3f85bd08a6e7041a438f4aae416970027e1ddbb24e,measured,11,6988,68929,75917,82348,1,1024,1024,1023,1,Pass,Pass,15067928572581534229
0,21,32,Acapacity,Acapacity,8MiB,8388608,65536,e456d3adf67030c5a168df273f5171ca3e1299e54571d94cca82b117f3cf3aeb,measured,11,1447553,10534587,11982140,464,0,0,1024,1023,1,Pass,Pass,9713268438230653554
0,21,33,Adefs,Adefs,8MiB,8388608,65536,e456d3adf67030c5a168df273f5171ca3e1299e54571d94cca82b117f3cf3aeb,measured,11,1403127,10127585,11530712,328,0,0,1024,1023,1,Pass,Pass,9713268438230653554
0,21,34,A0-dup,A0,16MiB,16777216,131072,0c00f8138e0e622f6fc7215fc0f0d135e79bf60450e4c79d30e30624a8842117,measured,11,3034711,23534224,26568935,102,0,0,1024,1023,1,Pass,Pass,7408339909486172793
0,21,35,Adefs,Adefs,4MiB,4194304,32768,f9dc4b51d64658b088837d5f2a7d485e8eba57daed852c20d443b77cc8137655,measured,11,468568,4189838,4658406,470,0,0,1024,1023,1,Pass,Pass,7876534982476418273
0,21,36,Acapacity,Acapacity,128KiB,131072,1024,22e51081397aebb06a1c4c3f85bd08a6e7041a438f4aae416970027e1ddbb24e,measured,11,6877,80301,87178,121,0,0,1024,1023,1,Pass,Pass,15067928572581534229
0,21,37,Adrop,Adrop,256KiB,262144,2048,6f0154469137295abd7b45b25bc83aace599559234fd5f331140bd800c48b670,measured,11,13546,135476,149022,154952,1,2048,2048,2047,1,Pass,Pass,1126272383489710074
0,21,38,Acapacity,Acapacity,4MiB,4194304,32768,f9dc4b51d64658b088837d5f2a7d485e8eba57daed852c20d443b77cc8137655,measured,11,519751,4326073,4845824,423,0,0,2048,2047,1,Pass,Pass,7876534982476418273
0,21,39,A0,A0,16MiB,16777216,131072,0c00f8138e0e622f6fc7215fc0f0d135e79bf60450e4c79d30e30624a8842117,measured,11,3083681,23653887,26737568,335,0,0,2048,2047,1,Pass,Pass,7408339909486172793
0,22,0,Adefs,Adefs,16MiB,16777216,131072,0c00f8138e0e622f6fc7215fc0f0d135e79bf60450e4c79d30e30624a8842117,measured,12,2921609,21117310,24038919,131,0,0,2048,2047,1,Pass,Pass,7408339909486172793
0,22,1,Adrop,Adrop,4MiB,4194304,32768,f9dc4b51d64658b088837d5f2a7d485e8eba57daed852c20d443b77cc8137655,measured,12,443156,3916311,4359467,3781395,1,32768,32768,32767,1,Pass,Pass,7876534982476418273
0,22,2,A0-dup,A0,16MiB,16777216,131072,0c00f8138e0e622f6fc7215fc0f0d135e79bf60450e4c79d30e30624a8842117,measured,12,3041722,23539972,26581694,351,0,0,32768,32767,1,Pass,Pass,7408339909486172793
0,22,3,A0-dup,A0,128KiB,131072,1024,22e51081397aebb06a1c4c3f85bd08a6e7041a438f4aae416970027e1ddbb24e,measured,12,7104,82909,90013,113,0,0,32768,32767,1,Pass,Pass,15067928572581534229
0,22,4,Adefs,Adefs,512KiB,524288,4096,155dfc49f4c05f1087ef002a279acee734e738bc580f2b3925315f95a108242b,measured,12,29204,296154,325358,82,0,0,32768,32767,1,Pass,Pass,192086794746352270
0,22,5,Acapacity,Acapacity,512KiB,524288,4096,155dfc49f4c05f1087ef002a279acee734e738bc580f2b3925315f95a108242b,measured,12,28978,307391,336369,64,0,0,32768,32767,1,Pass,Pass,192086794746352270
0,22,6,Adefs,Adefs,4MiB,4194304,32768,f9dc4b51d64658b088837d5f2a7d485e8eba57daed852c20d443b77cc8137655,measured,12,409846,4278538,4688384,112,0,0,32768,32767,1,Pass,Pass,7876534982476418273
0,22,7,A0-dup,A0,8MiB,8388608,65536,e456d3adf67030c5a168df273f5171ca3e1299e54571d94cca82b117f3cf3aeb,measured,12,1398866,11043298,12442164,333,0,0,32768,32767,1,Pass,Pass,9713268438230653554
0,22,8,Adrop,Adrop,256KiB,262144,2048,6f0154469137295abd7b45b25bc83aace599559234fd5f331140bd800c48b670,measured,12,13818,125936,139754,159007,1,2048,2048,2047,1,Pass,Pass,1126272383489710074
0,22,9,Adefs,Adefs,1MiB,1048576,8192,337a179ec729c20c01309d98317f7ca00691d12ca10285b55ade71fb880e191c,measured,12,57255,649152,706407,94,0,0,2048,2047,1,Pass,Pass,16341657278089853397
0,22,10,A0-dup,A0,256KiB,262144,2048,6f0154469137295abd7b45b25bc83aace599559234fd5f331140bd800c48b670,measured,12,13487,156914,170401,70,0,0,2048,2047,1,Pass,Pass,1126272383489710074
0,22,11,Acapacity,Acapacity,16MiB,16777216,131072,0c00f8138e0e622f6fc7215fc0f0d135e79bf60450e4c79d30e30624a8842117,measured,12,3085994,21902560,24988554,422,0,0,2048,2047,1,Pass,Pass,7408339909486172793
0,22,12,A0,A0,16MiB,16777216,131072,0c00f8138e0e622f6fc7215fc0f0d135e79bf60450e4c79d30e30624a8842117,measured,12,2902431,23504841,26407272,337,0,0,2048,2047,1,Pass,Pass,7408339909486172793
0,22,13,A0,A0,8MiB,8388608,65536,e456d3adf67030c5a168df273f5171ca3e1299e54571d94cca82b117f3cf3aeb,measured,12,1553699,11563175,13116874,329,0,0,2048,2047,1,Pass,Pass,9713268438230653554
0,22,14,Adrop,Adrop,128KiB,131072,1024,22e51081397aebb06a1c4c3f85bd08a6e7041a438f4aae416970027e1ddbb24e,measured,12,6952,68242,75194,83361,1,1024,1024,1023,1,Pass,Pass,15067928572581534229
0,22,15,Acapacity,Acapacity,128KiB,131072,1024,22e51081397aebb06a1c4c3f85bd08a6e7041a438f4aae416970027e1ddbb24e,measured,12,6523,77549,84072,70,0,0,1024,1023,1,Pass,Pass,15067928572581534229
0,22,16,Acapacity,Acapacity,8MiB,8388608,65536,e456d3adf67030c5a168df273f5171ca3e1299e54571d94cca82b117f3cf3aeb,measured,12,1512847,11358996,12871843,186,0,0,1024,1023,1,Pass,Pass,9713268438230653554
0,22,17,A0,A0,512KiB,524288,4096,155dfc49f4c05f1087ef002a279acee734e738bc580f2b3925315f95a108242b,measured,12,29708,330399,360107,95,0,0,1024,1023,1,Pass,Pass,192086794746352270
0,22,18,Acapacity,Acapacity,256KiB,262144,2048,6f0154469137295abd7b45b25bc83aace599559234fd5f331140bd800c48b670,measured,12,13453,153872,167325,37,0,0,1024,1023,1,Pass,Pass,1126272383489710074
0,22,19,Adefs,Adefs,8MiB,8388608,65536,e456d3adf67030c5a168df273f5171ca3e1299e54571d94cca82b117f3cf3aeb,measured,12,1432092,9758273,11190365,127,0,0,1024,1023,1,Pass,Pass,9713268438230653554
0,22,20,A0-dup,A0,1MiB,1048576,8192,337a179ec729c20c01309d98317f7ca00691d12ca10285b55ade71fb880e191c,measured,12,57380,687215,744595,181,0,0,1024,1023,1,Pass,Pass,16341657278089853397
0,22,21,A0,A0,256KiB,262144,2048,6f0154469137295abd7b45b25bc83aace599559234fd5f331140bd800c48b670,measured,12,13683,156221,169904,50,0,0,1024,1023,1,Pass,Pass,1126272383489710074
0,22,22,Adrop,Adrop,16MiB,16777216,131072,0c00f8138e0e622f6fc7215fc0f0d135e79bf60450e4c79d30e30624a8842117,measured,12,2977939,18121611,21099550,20684749,1,131072,131072,131071,1,Pass,Pass,7408339909486172793
0,22,23,A0,A0,1MiB,1048576,8192,337a179ec729c20c01309d98317f7ca00691d12ca10285b55ade71fb880e191c,measured,12,58443,713345,771788,284,0,0,131072,131071,1,Pass,Pass,16341657278089853397
0,22,24,Adrop,Adrop,512KiB,524288,4096,155dfc49f4c05f1087ef002a279acee734e738bc580f2b3925315f95a108242b,measured,12,29015,250648,279663,312138,1,4096,4096,4095,1,Pass,Pass,192086794746352270
0,22,25,A0-dup,A0,2MiB,2097152,16384,6587afedd7c0f949b131311e7425d033a0754a29587f85f26ec370a31fc4edf0,measured,12,130853,1507305,1638158,273,0,0,4096,4095,1,Pass,Pass,7349817109290025153
0,22,26,Acapacity,Acapacity,2MiB,2097152,16384,6587afedd7c0f949b131311e7425d033a0754a29587f85f26ec370a31fc4edf0,measured,12,117392,1475401,1592793,112,0,0,4096,4095,1,Pass,Pass,7349817109290025153
0,22,27,A0,A0,128KiB,131072,1024,22e51081397aebb06a1c4c3f85bd08a6e7041a438f4aae416970027e1ddbb24e,measured,12,6954,82867,89821,90,0,0,4096,4095,1,Pass,Pass,15067928572581534229
0,22,28,A0,A0,2MiB,2097152,16384,6587afedd7c0f949b131311e7425d033a0754a29587f85f26ec370a31fc4edf0,measured,12,132503,1477139,1609642,257,0,0,4096,4095,1,Pass,Pass,7349817109290025153
0,22,29,Acapacity,Acapacity,4MiB,4194304,32768,f9dc4b51d64658b088837d5f2a7d485e8eba57daed852c20d443b77cc8137655,measured,12,540496,4358123,4898619,340,0,0,4096,4095,1,Pass,Pass,7876534982476418273
0,22,30,Adrop,Adrop,8MiB,8388608,65536,e456d3adf67030c5a168df273f5171ca3e1299e54571d94cca82b117f3cf3aeb,measured,12,1411679,9144756,10556435,9398135,1,65536,65536,65535,1,Pass,Pass,9713268438230653554
0,22,31,Adefs,Adefs,256KiB,262144,2048,6f0154469137295abd7b45b25bc83aace599559234fd5f331140bd800c48b670,measured,12,13769,152782,166551,172,0,0,65536,65535,1,Pass,Pass,1126272383489710074
0,22,32,Acapacity,Acapacity,1MiB,1048576,8192,337a179ec729c20c01309d98317f7ca00691d12ca10285b55ade71fb880e191c,measured,12,57168,640332,697500,93,0,0,65536,65535,1,Pass,Pass,16341657278089853397
0,22,33,Adrop,Adrop,2MiB,2097152,16384,6587afedd7c0f949b131311e7425d033a0754a29587f85f26ec370a31fc4edf0,measured,12,143257,1240000,1383257,1773288,1,16384,16384,16383,1,Pass,Pass,7349817109290025153
0,22,34,A0,A0,4MiB,4194304,32768,f9dc4b51d64658b088837d5f2a7d485e8eba57daed852c20d443b77cc8137655,measured,12,540982,4571534,5112516,125,0,0,16384,16383,1,Pass,Pass,7876534982476418273
0,22,35,A0-dup,A0,512KiB,524288,4096,155dfc49f4c05f1087ef002a279acee734e738bc580f2b3925315f95a108242b,measured,12,29247,318971,348218,114,0,0,16384,16383,1,Pass,Pass,192086794746352270
0,22,36,Adefs,Adefs,128KiB,131072,1024,22e51081397aebb06a1c4c3f85bd08a6e7041a438f4aae416970027e1ddbb24e,measured,12,6643,74393,81036,62,0,0,16384,16383,1,Pass,Pass,15067928572581534229
0,22,37,Adefs,Adefs,2MiB,2097152,16384,6587afedd7c0f949b131311e7425d033a0754a29587f85f26ec370a31fc4edf0,measured,12,131778,1447302,1579080,115,0,0,16384,16383,1,Pass,Pass,7349817109290025153
0,22,38,Adrop,Adrop,1MiB,1048576,8192,337a179ec729c20c01309d98317f7ca00691d12ca10285b55ade71fb880e191c,measured,12,57972,601718,659690,630930,1,8192,8192,8191,1,Pass,Pass,16341657278089853397
0,22,39,A0-dup,A0,4MiB,4194304,32768,f9dc4b51d64658b088837d5f2a7d485e8eba57daed852c20d443b77cc8137655,measured,12,516866,4482969,4999835,175,0,0,8192,8191,1,Pass,Pass,7876534982476418273
0,23,0,A0-dup,A0,4MiB,4194304,32768,f9dc4b51d64658b088837d5f2a7d485e8eba57daed852c20d443b77cc8137655,measured,13,514091,4553705,5067796,513,0,0,8192,8191,1,Pass,Pass,7876534982476418273
0,23,1,A0,A0,2MiB,2097152,16384,6587afedd7c0f949b131311e7425d033a0754a29587f85f26ec370a31fc4edf0,measured,13,117250,1427533,1544783,365,0,0,8192,8191,1,Pass,Pass,7349817109290025153
0,23,2,A0,A0,256KiB,262144,2048,6f0154469137295abd7b45b25bc83aace599559234fd5f331140bd800c48b670,measured,13,13946,161505,175451,123,0,0,8192,8191,1,Pass,Pass,1126272383489710074
0,23,3,Acapacity,Acapacity,256KiB,262144,2048,6f0154469137295abd7b45b25bc83aace599559234fd5f331140bd800c48b670,measured,13,13448,153868,167316,63,0,0,8192,8191,1,Pass,Pass,1126272383489710074
0,23,4,Adefs,Adefs,128KiB,131072,1024,22e51081397aebb06a1c4c3f85bd08a6e7041a438f4aae416970027e1ddbb24e,measured,13,6476,75305,81781,75,0,0,8192,8191,1,Pass,Pass,15067928572581534229
0,23,5,Adrop,Adrop,1MiB,1048576,8192,337a179ec729c20c01309d98317f7ca00691d12ca10285b55ade71fb880e191c,measured,13,57823,530648,588471,641000,1,8192,8192,8191,1,Pass,Pass,16341657278089853397
0,23,6,Adefs,Adefs,1MiB,1048576,8192,337a179ec729c20c01309d98317f7ca00691d12ca10285b55ade71fb880e191c,measured,13,58511,605084,663595,65,0,0,8192,8191,1,Pass,Pass,16341657278089853397
0,23,7,Acapacity,Acapacity,1MiB,1048576,8192,337a179ec729c20c01309d98317f7ca00691d12ca10285b55ade71fb880e191c,measured,13,57743,626066,683809,101,0,0,8192,8191,1,Pass,Pass,16341657278089853397
0,23,8,Adrop,Adrop,4MiB,4194304,32768,f9dc4b51d64658b088837d5f2a7d485e8eba57daed852c20d443b77cc8137655,measured,13,476239,3816520,4292759,3800358,1,32768,32768,32767,1,Pass,Pass,7876534982476418273
0,23,9,A0-dup,A0,1MiB,1048576,8192,337a179ec729c20c01309d98317f7ca00691d12ca10285b55ade71fb880e191c,measured,13,58195,669093,727288,157,0,0,32768,32767,1,Pass,Pass,16341657278089853397
0,23,10,A0,A0,8MiB,8388608,65536,e456d3adf67030c5a168df273f5171ca3e1299e54571d94cca82b117f3cf3aeb,measured,13,1432863,10705446,12138309,347,0,0,32768,32767,1,Pass,Pass,9713268438230653554
0,23,11,A0-dup,A0,8MiB,8388608,65536,e456d3adf67030c5a168df273f5171ca3e1299e54571d94cca82b117f3cf3aeb,measured,13,1422609,10855244,12277853,280,0,0,32768,32767,1,Pass,Pass,9713268438230653554
0,23,12,Acapacity,Acapacity,4MiB,4194304,32768,f9dc4b51d64658b088837d5f2a7d485e8eba57daed852c20d443b77cc8137655,measured,13,372509,4357638,4730147,193,0,0,32768,32767,1,Pass,Pass,7876534982476418273
0,23,13,A0-dup,A0,16MiB,16777216,131072,0c00f8138e0e622f6fc7215fc0f0d135e79bf60450e4c79d30e30624a8842117,measured,13,3084865,27460784,30545649,4980,0,0,32768,32767,1,Pass,Pass,7408339909486172793
0,23,14,Acapacity,Acapacity,16MiB,16777216,131072,0c00f8138e0e622f6fc7215fc0f0d135e79bf60450e4c79d30e30624a8842117,measured,13,2930822,22961059,25891881,623,0,0,32768,32767,1,Pass,Pass,7408339909486172793
0,23,15,A0,A0,128KiB,131072,1024,22e51081397aebb06a1c4c3f85bd08a6e7041a438f4aae416970027e1ddbb24e,measured,13,6867,83624,90491,198,0,0,32768,32767,1,Pass,Pass,15067928572581534229
0,23,16,A0,A0,4MiB,4194304,32768,f9dc4b51d64658b088837d5f2a7d485e8eba57daed852c20d443b77cc8137655,measured,13,380830,4388533,4769363,207,0,0,32768,32767,1,Pass,Pass,7876534982476418273
0,23,17,Adrop,Adrop,8MiB,8388608,65536,e456d3adf67030c5a168df273f5171ca3e1299e54571d94cca82b117f3cf3aeb,measured,13,1401594,9020536,10422130,8709470,1,65536,65536,65535,1,Pass,Pass,9713268438230653554
0,23,18,A0,A0,1MiB,1048576,8192,337a179ec729c20c01309d98317f7ca00691d12ca10285b55ade71fb880e191c,measured,13,57710,655996,713706,154,0,0,65536,65535,1,Pass,Pass,16341657278089853397
0,23,19,A0,A0,16MiB,16777216,131072,0c00f8138e0e622f6fc7215fc0f0d135e79bf60450e4c79d30e30624a8842117,measured,13,3147516,22682133,25829649,276,0,0,65536,65535,1,Pass,Pass,7408339909486172793
0,23,20,A0-dup,A0,2MiB,2097152,16384,6587afedd7c0f949b131311e7425d033a0754a29587f85f26ec370a31fc4edf0,measured,13,118670,1507125,1625795,261,0,0,65536,65535,1,Pass,Pass,7349817109290025153
0,23,21,Adrop,Adrop,128KiB,131072,1024,22e51081397aebb06a1c4c3f85bd08a6e7041a438f4aae416970027e1ddbb24e,measured,13,6949,64812,71761,82767,1,1024,1024,1023,1,Pass,Pass,15067928572581534229
0,23,22,A0-dup,A0,256KiB,262144,2048,6f0154469137295abd7b45b25bc83aace599559234fd5f331140bd800c48b670,measured,13,13586,157779,171365,82,0,0,1024,1023,1,Pass,Pass,1126272383489710074
0,23,23,Adefs,Adefs,512KiB,524288,4096,155dfc49f4c05f1087ef002a279acee734e738bc580f2b3925315f95a108242b,measured,13,29476,297913,327389,81,0,0,1024,1023,1,Pass,Pass,192086794746352270
0,23,24,A0-dup,A0,128KiB,131072,1024,22e51081397aebb06a1c4c3f85bd08a6e7041a438f4aae416970027e1ddbb24e,measured,13,6437,79009,85446,110,0,0,1024,1023,1,Pass,Pass,15067928572581534229
0,23,25,A0,A0,512KiB,524288,4096,155dfc49f4c05f1087ef002a279acee734e738bc580f2b3925315f95a108242b,measured,13,29347,320526,349873,92,0,0,1024,1023,1,Pass,Pass,192086794746352270
0,23,26,Adrop,Adrop,16MiB,16777216,131072,0c00f8138e0e622f6fc7215fc0f0d135e79bf60450e4c79d30e30624a8842117,measured,13,3140602,20327836,23468438,18365518,1,131072,131072,131071,1,Pass,Pass,7408339909486172793
0,23,27,Adefs,Adefs,4MiB,4194304,32768,f9dc4b51d64658b088837d5f2a7d485e8eba57daed852c20d443b77cc8137655,measured,13,350620,4095169,4445789,634,0,0,131072,131071,1,Pass,Pass,7876534982476418273
0,23,28,Adefs,Adefs,256KiB,262144,2048,6f0154469137295abd7b45b25bc83aace599559234fd5f331140bd800c48b670,measured,13,14515,170938,185453,104,0,0,131072,131071,1,Pass,Pass,1126272383489710074
0,23,29,Adefs,Adefs,2MiB,2097152,16384,6587afedd7c0f949b131311e7425d033a0754a29587f85f26ec370a31fc4edf0,measured,13,128975,1460336,1589311,193,0,0,131072,131071,1,Pass,Pass,7349817109290025153
0,23,30,Acapacity,Acapacity,128KiB,131072,1024,22e51081397aebb06a1c4c3f85bd08a6e7041a438f4aae416970027e1ddbb24e,measured,13,7236,80264,87500,159,0,0,131072,131071,1,Pass,Pass,15067928572581534229
0,23,31,Acapacity,Acapacity,512KiB,524288,4096,155dfc49f4c05f1087ef002a279acee734e738bc580f2b3925315f95a108242b,measured,13,29469,315012,344481,47,0,0,131072,131071,1,Pass,Pass,192086794746352270
0,23,32,Adrop,Adrop,2MiB,2097152,16384,6587afedd7c0f949b131311e7425d033a0754a29587f85f26ec370a31fc4edf0,measured,13,134845,1238982,1373827,1706133,1,16384,16384,16383,1,Pass,Pass,7349817109290025153
0,23,33,Adefs,Adefs,16MiB,16777216,131072,0c00f8138e0e622f6fc7215fc0f0d135e79bf60450e4c79d30e30624a8842117,measured,13,3096871,24279172,27376043,502,0,0,16384,16383,1,Pass,Pass,7408339909486172793
0,23,34,A0-dup,A0,512KiB,524288,4096,155dfc49f4c05f1087ef002a279acee734e738bc580f2b3925315f95a108242b,measured,13,29403,328986,358389,87,0,0,16384,16383,1,Pass,Pass,192086794746352270
0,23,35,Acapacity,Acapacity,8MiB,8388608,65536,e456d3adf67030c5a168df273f5171ca3e1299e54571d94cca82b117f3cf3aeb,measured,13,1376688,12085536,13462224,341,0,0,16384,16383,1,Pass,Pass,9713268438230653554
0,23,36,Acapacity,Acapacity,2MiB,2097152,16384,6587afedd7c0f949b131311e7425d033a0754a29587f85f26ec370a31fc4edf0,measured,13,147376,1532868,1680244,191,0,0,16384,16383,1,Pass,Pass,7349817109290025153
0,23,37,Adefs,Adefs,8MiB,8388608,65536,e456d3adf67030c5a168df273f5171ca3e1299e54571d94cca82b117f3cf3aeb,measured,13,1428685,9791325,11220010,413,0,0,16384,16383,1,Pass,Pass,9713268438230653554
0,23,38,Adrop,Adrop,512KiB,524288,4096,155dfc49f4c05f1087ef002a279acee734e738bc580f2b3925315f95a108242b,measured,13,29414,252050,281464,311396,1,4096,4096,4095,1,Pass,Pass,192086794746352270
0,23,39,Adrop,Adrop,256KiB,262144,2048,6f0154469137295abd7b45b25bc83aace599559234fd5f331140bd800c48b670,measured,13,13368,121281,134649,156862,1,2048,2048,2047,1,Pass,Pass,1126272383489710074
0,24,0,Adefs,Adefs,128KiB,131072,1024,22e51081397aebb06a1c4c3f85bd08a6e7041a438f4aae416970027e1ddbb24e,measured,14,6556,75944,82500,108,0,0,2048,2047,1,Pass,Pass,15067928572581534229
0,24,1,A0-dup,A0,512KiB,524288,4096,155dfc49f4c05f1087ef002a279acee734e738bc580f2b3925315f95a108242b,measured,14,29276,318746,348022,111,0,0,2048,2047,1,Pass,Pass,192086794746352270
0,24,2,A0-dup,A0,256KiB,262144,2048,6f0154469137295abd7b45b25bc83aace599559234fd5f331140bd800c48b670,measured,14,13709,155836,169545,92,0,0,2048,2047,1,Pass,Pass,1126272383489710074
0,24,3,Acapacity,Acapacity,8MiB,8388608,65536,e456d3adf67030c5a168df273f5171ca3e1299e54571d94cca82b117f3cf3aeb,measured,14,1391780,11086383,12478163,357,0,0,2048,2047,1,Pass,Pass,9713268438230653554
0,24,4,A0-dup,A0,1MiB,1048576,8192,337a179ec729c20c01309d98317f7ca00691d12ca10285b55ade71fb880e191c,measured,14,57863,643868,701731,136,0,0,2048,2047,1,Pass,Pass,16341657278089853397
0,24,5,A0,A0,16MiB,16777216,131072,0c00f8138e0e622f6fc7215fc0f0d135e79bf60450e4c79d30e30624a8842117,measured,14,3012358,23677817,26690175,332,0,0,2048,2047,1,Pass,Pass,7408339909486172793
0,24,6,Adrop,Adrop,512KiB,524288,4096,155dfc49f4c05f1087ef002a279acee734e738bc580f2b3925315f95a108242b,measured,14,29871,258082,287953,314240,1,4096,4096,4095,1,Pass,Pass,192086794746352270
0,24,7,A0-dup,A0,8MiB,8388608,65536,e456d3adf67030c5a168df273f5171ca3e1299e54571d94cca82b117f3cf3aeb,measured,14,1401450,11086168,12487618,414,0,0,4096,4095,1,Pass,Pass,9713268438230653554
0,24,8,Adefs,Adefs,512KiB,524288,4096,155dfc49f4c05f1087ef002a279acee734e738bc580f2b3925315f95a108242b,measured,14,29216,301648,330864,245,0,0,4096,4095,1,Pass,Pass,192086794746352270
0,24,9,Adefs,Adefs,4MiB,4194304,32768,f9dc4b51d64658b088837d5f2a7d485e8eba57daed852c20d443b77cc8137655,measured,14,439643,4291046,4730689,330,0,0,4096,4095,1,Pass,Pass,7876534982476418273
0,24,10,Adefs,Adefs,1MiB,1048576,8192,337a179ec729c20c01309d98317f7ca00691d12ca10285b55ade71fb880e191c,measured,14,57816,607965,665781,115,0,0,4096,4095,1,Pass,Pass,16341657278089853397
0,24,11,Adefs,Adefs,8MiB,8388608,65536,e456d3adf67030c5a168df273f5171ca3e1299e54571d94cca82b117f3cf3aeb,measured,14,1378842,10084146,11462988,408,0,0,4096,4095,1,Pass,Pass,9713268438230653554
0,24,12,Adefs,Adefs,256KiB,262144,2048,6f0154469137295abd7b45b25bc83aace599559234fd5f331140bd800c48b670,measured,14,13966,154952,168918,94,0,0,4096,4095,1,Pass,Pass,1126272383489710074
0,24,13,A0-dup,A0,4MiB,4194304,32768,f9dc4b51d64658b088837d5f2a7d485e8eba57daed852c20d443b77cc8137655,measured,14,444262,4471548,4915810,112,0,0,4096,4095,1,Pass,Pass,7876534982476418273
0,24,14,A0,A0,1MiB,1048576,8192,337a179ec729c20c01309d98317f7ca00691d12ca10285b55ade71fb880e191c,measured,14,58200,646362,704562,399,0,0,4096,4095,1,Pass,Pass,16341657278089853397
0,24,15,Adefs,Adefs,16MiB,16777216,131072,0c00f8138e0e622f6fc7215fc0f0d135e79bf60450e4c79d30e30624a8842117,measured,14,3002779,20203853,23206632,336,0,0,4096,4095,1,Pass,Pass,7408339909486172793
0,24,16,A0,A0,256KiB,262144,2048,6f0154469137295abd7b45b25bc83aace599559234fd5f331140bd800c48b670,measured,14,14073,160829,174902,170,0,0,4096,4095,1,Pass,Pass,1126272383489710074
0,24,17,Acapacity,Acapacity,1MiB,1048576,8192,337a179ec729c20c01309d98317f7ca00691d12ca10285b55ade71fb880e191c,measured,14,57243,648064,705307,94,0,0,4096,4095,1,Pass,Pass,16341657278089853397
0,24,18,Adrop,Adrop,2MiB,2097152,16384,6587afedd7c0f949b131311e7425d033a0754a29587f85f26ec370a31fc4edf0,measured,14,150725,1294770,1445495,1743383,1,16384,16384,16383,1,Pass,Pass,7349817109290025153
0,24,19,Adrop,Adrop,8MiB,8388608,65536,e456d3adf67030c5a168df273f5171ca3e1299e54571d94cca82b117f3cf3aeb,measured,14,1384614,9474370,10858984,8528605,1,65536,65536,65535,1,Pass,Pass,9713268438230653554
0,24,20,Acapacity,Acapacity,512KiB,524288,4096,155dfc49f4c05f1087ef002a279acee734e738bc580f2b3925315f95a108242b,measured,14,29613,315290,344903,118,0,0,65536,65535,1,Pass,Pass,192086794746352270
0,24,21,A0,A0,2MiB,2097152,16384,6587afedd7c0f949b131311e7425d033a0754a29587f85f26ec370a31fc4edf0,measured,14,114945,1448557,1563502,358,0,0,65536,65535,1,Pass,Pass,7349817109290025153
0,24,22,Adrop,Adrop,4MiB,4194304,32768,f9dc4b51d64658b088837d5f2a7d485e8eba57daed852c20d443b77cc8137655,measured,14,482243,3767888,4250131,3904827,1,32768,32768,32767,1,Pass,Pass,7876534982476418273
0,24,23,Acapacity,Acapacity,4MiB,4194304,32768,f9dc4b51d64658b088837d5f2a7d485e8eba57daed852c20d443b77cc8137655,measured,14,545539,4546469,5092008,146,0,0,32768,32767,1,Pass,Pass,7876534982476418273
0,24,24,A0-dup,A0,128KiB,131072,1024,22e51081397aebb06a1c4c3f85bd08a6e7041a438f4aae416970027e1ddbb24e,measured,14,6951,81704,88655,63,0,0,32768,32767,1,Pass,Pass,15067928572581534229
0,24,25,A0-dup,A0,16MiB,16777216,131072,0c00f8138e0e622f6fc7215fc0f0d135e79bf60450e4c79d30e30624a8842117,measured,14,3078564,23636318,26714882,121,0,0,32768,32767,1,Pass,Pass,7408339909486172793
0,24,26,A0-dup,A0,2MiB,2097152,16384,6587afedd7c0f949b131311e7425d033a0754a29587f85f26ec370a31fc4edf0,measured,14,140986,1564805,1705791,118,0,0,32768,32767,1,Pass,Pass,7349817109290025153
0,24,27,A0,A0,4MiB,4194304,32768,f9dc4b51d64658b088837d5f2a7d485e8eba57daed852c20d443b77cc8137655,measured,14,569453,4572957,5142410,122,0,0,32768,32767,1,Pass,Pass,7876534982476418273
0,24,28,A0,A0,8MiB,8388608,65536,e456d3adf67030c5a168df273f5171ca3e1299e54571d94cca82b117f3cf3aeb,measured,14,1399486,10891216,12290702,127,0,0,32768,32767,1,Pass,Pass,9713268438230653554
0,24,29,Adrop,Adrop,16MiB,16777216,131072,0c00f8138e0e622f6fc7215fc0f0d135e79bf60450e4c79d30e30624a8842117,measured,14,3075571,19268402,22343973,17399328,1,131072,131072,131071,1,Pass,Pass,7408339909486172793
0,24,30,Adrop,Adrop,256KiB,262144,2048,6f0154469137295abd7b45b25bc83aace599559234fd5f331140bd800c48b670,measured,14,13957,125220,139177,158129,1,2048,2048,2047,1,Pass,Pass,1126272383489710074
0,24,31,Acapacity,Acapacity,256KiB,262144,2048,6f0154469137295abd7b45b25bc83aace599559234fd5f331140bd800c48b670,measured,14,13417,153785,167202,77,0,0,2048,2047,1,Pass,Pass,1126272383489710074
0,24,32,Adrop,Adrop,1MiB,1048576,8192,337a179ec729c20c01309d98317f7ca00691d12ca10285b55ade71fb880e191c,measured,14,59834,553691,613525,638046,1,8192,8192,8191,1,Pass,Pass,16341657278089853397
0,24,33,Acapacity,Acapacity,2MiB,2097152,16384,6587afedd7c0f949b131311e7425d033a0754a29587f85f26ec370a31fc4edf0,measured,14,161425,1624141,1785566,197,0,0,8192,8191,1,Pass,Pass,7349817109290025153
0,24,34,Acapacity,Acapacity,128KiB,131072,1024,22e51081397aebb06a1c4c3f85bd08a6e7041a438f4aae416970027e1ddbb24e,measured,14,7078,80483,87561,109,0,0,8192,8191,1,Pass,Pass,15067928572581534229
0,24,35,Adrop,Adrop,128KiB,131072,1024,22e51081397aebb06a1c4c3f85bd08a6e7041a438f4aae416970027e1ddbb24e,measured,14,6518,62597,69115,78734,1,1024,1024,1023,1,Pass,Pass,15067928572581534229
0,24,36,Acapacity,Acapacity,16MiB,16777216,131072,0c00f8138e0e622f6fc7215fc0f0d135e79bf60450e4c79d30e30624a8842117,measured,14,3046625,25178773,28225398,366,0,0,1024,1023,1,Pass,Pass,7408339909486172793
0,24,37,A0,A0,512KiB,524288,4096,155dfc49f4c05f1087ef002a279acee734e738bc580f2b3925315f95a108242b,measured,14,29942,325278,355220,119,0,0,1024,1023,1,Pass,Pass,192086794746352270
0,24,38,Adefs,Adefs,2MiB,2097152,16384,6587afedd7c0f949b131311e7425d033a0754a29587f85f26ec370a31fc4edf0,measured,14,130780,1420382,1551162,347,0,0,1024,1023,1,Pass,Pass,7349817109290025153
0,24,39,A0,A0,128KiB,131072,1024,22e51081397aebb06a1c4c3f85bd08a6e7041a438f4aae416970027e1ddbb24e,measured,14,6728,82479,89207,69,0,0,1024,1023,1,Pass,Pass,15067928572581534229
0,25,0,Acapacity,Acapacity,2MiB,2097152,16384,6587afedd7c0f949b131311e7425d033a0754a29587f85f26ec370a31fc4edf0,measured,15,173872,1583541,1757413,273,0,0,1024,1023,1,Pass,Pass,7349817109290025153
0,25,1,A0-dup,A0,4MiB,4194304,32768,f9dc4b51d64658b088837d5f2a7d485e8eba57daed852c20d443b77cc8137655,measured,15,470669,4417438,4888107,200,0,0,1024,1023,1,Pass,Pass,7876534982476418273
0,25,2,Adrop,Adrop,2MiB,2097152,16384,6587afedd7c0f949b131311e7425d033a0754a29587f85f26ec370a31fc4edf0,measured,15,134161,1258120,1392281,1692635,1,16384,16384,16383,1,Pass,Pass,7349817109290025153
0,25,3,A0-dup,A0,8MiB,8388608,65536,e456d3adf67030c5a168df273f5171ca3e1299e54571d94cca82b117f3cf3aeb,measured,15,1387338,11118834,12506172,202,0,0,16384,16383,1,Pass,Pass,9713268438230653554
0,25,4,A0,A0,4MiB,4194304,32768,f9dc4b51d64658b088837d5f2a7d485e8eba57daed852c20d443b77cc8137655,measured,15,399587,4370547,4770134,409,0,0,16384,16383,1,Pass,Pass,7876534982476418273
0,25,5,A0-dup,A0,256KiB,262144,2048,6f0154469137295abd7b45b25bc83aace599559234fd5f331140bd800c48b670,measured,15,13830,166810,180640,92,0,0,16384,16383,1,Pass,Pass,1126272383489710074
0,25,6,Adrop,Adrop,1MiB,1048576,8192,337a179ec729c20c01309d98317f7ca00691d12ca10285b55ade71fb880e191c,measured,15,57242,532888,590130,669618,1,8192,8192,8191,1,Pass,Pass,16341657278089853397
0,25,7,Acapacity,Acapacity,8MiB,8388608,65536,e456d3adf67030c5a168df273f5171ca3e1299e54571d94cca82b117f3cf3aeb,measured,15,1386451,10818839,12205290,478,0,0,8192,8191,1,Pass,Pass,9713268438230653554
0,25,8,A0,A0,1MiB,1048576,8192,337a179ec729c20c01309d98317f7ca00691d12ca10285b55ade71fb880e191c,measured,15,57604,653079,710683,335,0,0,8192,8191,1,Pass,Pass,16341657278089853397
0,25,9,A0-dup,A0,1MiB,1048576,8192,337a179ec729c20c01309d98317f7ca00691d12ca10285b55ade71fb880e191c,measured,15,57642,677434,735076,88,0,0,8192,8191,1,Pass,Pass,16341657278089853397
0,25,10,Adefs,Adefs,256KiB,262144,2048,6f0154469137295abd7b45b25bc83aace599559234fd5f331140bd800c48b670,measured,15,13737,145565,159302,57,0,0,8192,8191,1,Pass,Pass,1126272383489710074
0,25,11,A0-dup,A0,512KiB,524288,4096,155dfc49f4c05f1087ef002a279acee734e738bc580f2b3925315f95a108242b,measured,15,29050,316687,345737,57,0,0,8192,8191,1,Pass,Pass,192086794746352270
0,25,12,A0,A0,512KiB,524288,4096,155dfc49f4c05f1087ef002a279acee734e738bc580f2b3925315f95a108242b,measured,15,29370,316665,346035,61,0,0,8192,8191,1,Pass,Pass,192086794746352270
0,25,13,Adrop,Adrop,512KiB,524288,4096,155dfc49f4c05f1087ef002a279acee734e738bc580f2b3925315f95a108242b,measured,15,29120,247277,276397,328045,1,4096,4096,4095,1,Pass,Pass,192086794746352270
0,25,14,A0,A0,256KiB,262144,2048,6f0154469137295abd7b45b25bc83aace599559234fd5f331140bd800c48b670,measured,15,13631,157701,171332,78,0,0,4096,4095,1,Pass,Pass,1126272383489710074
0,25,15,Adefs,Adefs,2MiB,2097152,16384,6587afedd7c0f949b131311e7425d033a0754a29587f85f26ec370a31fc4edf0,measured,15,117451,1338995,1456446,90,0,0,4096,4095,1,Pass,Pass,7349817109290025153
0,25,16,Acapacity,Acapacity,256KiB,262144,2048,6f0154469137295abd7b45b25bc83aace599559234fd5f331140bd800c48b670,measured,15,14051,155701,169752,88,0,0,4096,4095,1,Pass,Pass,1126272383489710074
0,25,17,A0,A0,128KiB,131072,1024,22e51081397aebb06a1c4c3f85bd08a6e7041a438f4aae416970027e1ddbb24e,measured,15,6516,81562,88078,80,0,0,4096,4095,1,Pass,Pass,15067928572581534229
0,25,18,A0-dup,A0,16MiB,16777216,131072,0c00f8138e0e622f6fc7215fc0f0d135e79bf60450e4c79d30e30624a8842117,measured,15,2995344,23338576,26333920,354,0,0,4096,4095,1,Pass,Pass,7408339909486172793
0,25,19,Adrop,Adrop,128KiB,131072,1024,22e51081397aebb06a1c4c3f85bd08a6e7041a438f4aae416970027e1ddbb24e,measured,15,6862,68652,75514,82980,1,1024,1024,1023,1,Pass,Pass,15067928572581534229
0,25,20,Acapacity,Acapacity,1MiB,1048576,8192,337a179ec729c20c01309d98317f7ca00691d12ca10285b55ade71fb880e191c,measured,15,57520,639428,696948,78,0,0,1024,1023,1,Pass,Pass,16341657278089853397
0,25,21,Adefs,Adefs,4MiB,4194304,32768,f9dc4b51d64658b088837d5f2a7d485e8eba57daed852c20d443b77cc8137655,measured,15,477040,4300678,4777718,349,0,0,1024,1023,1,Pass,Pass,7876534982476418273
0,25,22,A0-dup,A0,2MiB,2097152,16384,6587afedd7c0f949b131311e7425d033a0754a29587f85f26ec370a31fc4edf0,measured,15,123574,1472643,1596217,120,0,0,1024,1023,1,Pass,Pass,7349817109290025153
0,25,23,A0-dup,A0,128KiB,131072,1024,22e51081397aebb06a1c4c3f85bd08a6e7041a438f4aae416970027e1ddbb24e,measured,15,6699,82781,89480,56,0,0,1024,1023,1,Pass,Pass,15067928572581534229
0,25,24,A0,A0,2MiB,2097152,16384,6587afedd7c0f949b131311e7425d033a0754a29587f85f26ec370a31fc4edf0,measured,15,130539,1440682,1571221,121,0,0,1024,1023,1,Pass,Pass,7349817109290025153
0,25,25,Adefs,Adefs,8MiB,8388608,65536,e456d3adf67030c5a168df273f5171ca3e1299e54571d94cca82b117f3cf3aeb,measured,15,1376938,9939172,11316110,369,0,0,1024,1023,1,Pass,Pass,9713268438230653554
0,25,26,Adefs,Adefs,1MiB,1048576,8192,337a179ec729c20c01309d98317f7ca00691d12ca10285b55ade71fb880e191c,measured,15,57490,628673,686163,140,0,0,1024,1023,1,Pass,Pass,16341657278089853397
0,25,27,Acapacity,Acapacity,4MiB,4194304,32768,f9dc4b51d64658b088837d5f2a7d485e8eba57daed852c20d443b77cc8137655,measured,15,437764,4210574,4648338,207,0,0,1024,1023,1,Pass,Pass,7876534982476418273
0,25,28,Adrop,Adrop,256KiB,262144,2048,6f0154469137295abd7b45b25bc83aace599559234fd5f331140bd800c48b670,measured,15,13828,125000,138828,158609,1,2048,2048,2047,1,Pass,Pass,1126272383489710074
0,25,29,Adefs,Adefs,128KiB,131072,1024,22e51081397aebb06a1c4c3f85bd08a6e7041a438f4aae416970027e1ddbb24e,measured,15,6549,74422,80971,53,0,0,2048,2047,1,Pass,Pass,15067928572581534229
0,25,30,Acapacity,Acapacity,16MiB,16777216,131072,0c00f8138e0e622f6fc7215fc0f0d135e79bf60450e4c79d30e30624a8842117,measured,15,2945860,22885913,25831773,269,0,0,2048,2047,1,Pass,Pass,7408339909486172793
0,25,31,Adrop,Adrop,8MiB,8388608,65536,e456d3adf67030c5a168df273f5171ca3e1299e54571d94cca82b117f3cf3aeb,measured,15,1398718,9621110,11019828,8327803,1,65536,65536,65535,1,Pass,Pass,9713268438230653554
0,25,32,Adefs,Adefs,16MiB,16777216,131072,0c00f8138e0e622f6fc7215fc0f0d135e79bf60450e4c79d30e30624a8842117,measured,15,3068738,20267765,23336503,372,0,0,65536,65535,1,Pass,Pass,7408339909486172793
0,25,33,A0,A0,8MiB,8388608,65536,e456d3adf67030c5a168df273f5171ca3e1299e54571d94cca82b117f3cf3aeb,measured,15,1408718,10804777,12213495,545,0,0,65536,65535,1,Pass,Pass,9713268438230653554
0,25,34,Adrop,Adrop,4MiB,4194304,32768,f9dc4b51d64658b088837d5f2a7d485e8eba57daed852c20d443b77cc8137655,measured,15,437817,3747739,4185556,4483530,1,32768,32768,32767,1,Pass,Pass,7876534982476418273
0,25,35,Acapacity,Acapacity,512KiB,524288,4096,155dfc49f4c05f1087ef002a279acee734e738bc580f2b3925315f95a108242b,measured,15,29568,319649,349217,113,0,0,32768,32767,1,Pass,Pass,192086794746352270
0,25,36,A0,A0,16MiB,16777216,131072,0c00f8138e0e622f6fc7215fc0f0d135e79bf60450e4c79d30e30624a8842117,measured,15,2918489,23249123,26167612,345,0,0,32768,32767,1,Pass,Pass,7408339909486172793
0,25,37,Adrop,Adrop,16MiB,16777216,131072,0c00f8138e0e622f6fc7215fc0f0d135e79bf60450e4c79d30e30624a8842117,measured,15,2938201,20221445,23159646,20144323,1,131072,131072,131071,1,Pass,Pass,7408339909486172793
0,25,38,Acapacity,Acapacity,128KiB,131072,1024,22e51081397aebb06a1c4c3f85bd08a6e7041a438f4aae416970027e1ddbb24e,measured,15,6769,80504,87273,322,0,0,131072,131071,1,Pass,Pass,15067928572581534229
0,25,39,Adefs,Adefs,512KiB,524288,4096,155dfc49f4c05f1087ef002a279acee734e738bc580f2b3925315f95a108242b,measured,15,29276,299044,328320,56,0,0,131072,131071,1,Pass,Pass,192086794746352270
0,26,0,A0,A0,256KiB,262144,2048,6f0154469137295abd7b45b25bc83aace599559234fd5f331140bd800c48b670,measured,16,13485,155713,169198,51,0,0,131072,131071,1,Pass,Pass,1126272383489710074
0,26,1,Adefs,Adefs,1MiB,1048576,8192,337a179ec729c20c01309d98317f7ca00691d12ca10285b55ade71fb880e191c,measured,16,57633,613774,671407,49,0,0,131072,131071,1,Pass,Pass,16341657278089853397
0,26,2,A0-dup,A0,128KiB,131072,1024,22e51081397aebb06a1c4c3f85bd08a6e7041a438f4aae416970027e1ddbb24e,measured,16,6594,80030,86624,70,0,0,131072,131071,1,Pass,Pass,15067928572581534229
0,26,3,A0,A0,128KiB,131072,1024,22e51081397aebb06a1c4c3f85bd08a6e7041a438f4aae416970027e1ddbb24e,measured,16,6581,82786,89367,87,0,0,131072,131071,1,Pass,Pass,15067928572581534229
0,26,4,Adefs,Adefs,2MiB,2097152,16384,6587afedd7c0f949b131311e7425d033a0754a29587f85f26ec370a31fc4edf0,measured,16,160311,1509315,1669626,416,0,0,131072,131071,1,Pass,Pass,7349817109290025153
0,26,5,A0-dup,A0,512KiB,524288,4096,155dfc49f4c05f1087ef002a279acee734e738bc580f2b3925315f95a108242b,measured,16,28928,324364,353292,86,0,0,131072,131071,1,Pass,Pass,192086794746352270
0,26,6,Acapacity,Acapacity,8MiB,8388608,65536,e456d3adf67030c5a168df273f5171ca3e1299e54571d94cca82b117f3cf3aeb,measured,16,1395902,10898181,12294083,424,0,0,131072,131071,1,Pass,Pass,9713268438230653554
0,26,7,A0,A0,512KiB,524288,4096,155dfc49f4c05f1087ef002a279acee734e738bc580f2b3925315f95a108242b,measured,16,29807,324784,354591,183,0,0,131072,131071,1,Pass,Pass,192086794746352270
0,26,8,Adefs,Adefs,8MiB,8388608,65536,e456d3adf67030c5a168df273f5171ca3e1299e54571d94cca82b117f3cf3aeb,measured,16,1372745,9890397,11263142,340,0,0,131072,131071,1,Pass,Pass,9713268438230653554
0,26,9,A0-dup,A0,16MiB,16777216,131072,0c00f8138e0e622f6fc7215fc0f0d135e79bf60450e4c79d30e30624a8842117,measured,16,3051607,25984946,29036553,330,0,0,131072,131071,1,Pass,Pass,7408339909486172793
0,26,10,Adrop,Adrop,256KiB,262144,2048,6f0154469137295abd7b45b25bc83aace599559234fd5f331140bd800c48b670,measured,16,13866,126730,140596,160291,1,2048,2048,2047,1,Pass,Pass,1126272383489710074
0,26,11,Acapacity,Acapacity,128KiB,131072,1024,22e51081397aebb06a1c4c3f85bd08a6e7041a438f4aae416970027e1ddbb24e,measured,16,6584,77906,84490,131,0,0,2048,2047,1,Pass,Pass,15067928572581534229
0,26,12,A0-dup,A0,2MiB,2097152,16384,6587afedd7c0f949b131311e7425d033a0754a29587f85f26ec370a31fc4edf0,measured,16,131143,1542920,1674063,194,0,0,2048,2047,1,Pass,Pass,7349817109290025153
0,26,13,Adrop,Adrop,8MiB,8388608,65536,e456d3adf67030c5a168df273f5171ca3e1299e54571d94cca82b117f3cf3aeb,measured,16,1378778,9397475,10776253,8441647,1,65536,65536,65535,1,Pass,Pass,9713268438230653554
0,26,14,Acapacity,Acapacity,1MiB,1048576,8192,337a179ec729c20c01309d98317f7ca00691d12ca10285b55ade71fb880e191c,measured,16,61475,631075,692550,195,0,0,65536,65535,1,Pass,Pass,16341657278089853397
0,26,15,Acapacity,Acapacity,2MiB,2097152,16384,6587afedd7c0f949b131311e7425d033a0754a29587f85f26ec370a31fc4edf0,measured,16,132615,1469061,1601676,255,0,0,65536,65535,1,Pass,Pass,7349817109290025153
0,26,16,Adrop,Adrop,128KiB,131072,1024,22e51081397aebb06a1c4c3f85bd08a6e7041a438f4aae416970027e1ddbb24e,measured,16,6953,67933,74886,81203,1,1024,1024,1023,1,Pass,Pass,15067928572581534229
0,26,17,Adrop,Adrop,512KiB,524288,4096,155dfc49f4c05f1087ef002a279acee734e738bc580f2b3925315f95a108242b,measured,16,29071,251925,280996,312258,1,4096,4096,4095,1,Pass,Pass,192086794746352270
0,26,18,Adefs,Adefs,4MiB,4194304,32768,f9dc4b51d64658b088837d5f2a7d485e8eba57daed852c20d443b77cc8137655,measured,16,477844,4138657,4616501,424,0,0,4096,4095,1,Pass,Pass,7876534982476418273
0,26,19,Acapacity,Acapacity,512KiB,524288,4096,155dfc49f4c05f1087ef002a279acee734e738bc580f2b3925315f95a108242b,measured,16,29235,318718,347953,156,0,0,4096,4095,1,Pass,Pass,192086794746352270
0,26,20,A0,A0,2MiB,2097152,16384,6587afedd7c0f949b131311e7425d033a0754a29587f85f26ec370a31fc4edf0,measured,16,126021,1480584,1606605,446,0,0,4096,4095,1,Pass,Pass,7349817109290025153
0,26,21,A0,A0,4MiB,4194304,32768,f9dc4b51d64658b088837d5f2a7d485e8eba57daed852c20d443b77cc8137655,measured,16,480293,4434295,4914588,196,0,0,4096,4095,1,Pass,Pass,7876534982476418273
0,26,22,Adefs,Adefs,128KiB,131072,1024,22e51081397aebb06a1c4c3f85bd08a6e7041a438f4aae416970027e1ddbb24e,measured,16,7145,76891,84036,187,0,0,4096,4095,1,Pass,Pass,15067928572581534229
0,26,23,Adefs,Adefs,256KiB,262144,2048,6f0154469137295abd7b45b25bc83aace599559234fd5f331140bd800c48b670,measured,16,13549,154433,167982,59,0,0,4096,4095,1,Pass,Pass,1126272383489710074
0,26,24,A0-dup,A0,8MiB,8388608,65536,e456d3adf67030c5a168df273f5171ca3e1299e54571d94cca82b117f3cf3aeb,measured,16,1372694,11157700,12530394,464,0,0,4096,4095,1,Pass,Pass,9713268438230653554
0,26,25,Adrop,Adrop,4MiB,4194304,32768,f9dc4b51d64658b088837d5f2a7d485e8eba57daed852c20d443b77cc8137655,measured,16,528782,3831937,4360719,3751085,1,32768,32768,32767,1,Pass,Pass,7876534982476418273
0,26,26,A0-dup,A0,256KiB,262144,2048,6f0154469137295abd7b45b25bc83aace599559234fd5f331140bd800c48b670,measured,16,13892,159964,173856,192,0,0,32768,32767,1,Pass,Pass,1126272383489710074
0,26,27,A0,A0,8MiB,8388608,65536,e456d3adf67030c5a168df273f5171ca3e1299e54571d94cca82b117f3cf3aeb,measured,16,1371421,10883680,12255101,146,0,0,32768,32767,1,Pass,Pass,9713268438230653554
0,26,28,A0,A0,16MiB,16777216,131072,0c00f8138e0e622f6fc7215fc0f0d135e79bf60450e4c79d30e30624a8842117,measured,16,3066529,22956153,26022682,753,0,0,32768,32767,1,Pass,Pass,7408339909486172793
0,26,29,Acapacity,Acapacity,4MiB,4194304,32768,f9dc4b51d64658b088837d5f2a7d485e8eba57daed852c20d443b77cc8137655,measured,16,367807,4166358,4534165,421,0,0,32768,32767,1,Pass,Pass,7876534982476418273
0,26,30,Adrop,Adrop,16MiB,16777216,131072,0c00f8138e0e622f6fc7215fc0f0d135e79bf60450e4c79d30e30624a8842117,measured,16,2908841,19850192,22759033,19041490,1,131072,131072,131071,1,Pass,Pass,7408339909486172793
0,26,31,A0-dup,A0,1MiB,1048576,8192,337a179ec729c20c01309d98317f7ca00691d12ca10285b55ade71fb880e191c,measured,16,58257,677577,735834,290,0,0,131072,131071,1,Pass,Pass,16341657278089853397
0,26,32,A0,A0,1MiB,1048576,8192,337a179ec729c20c01309d98317f7ca00691d12ca10285b55ade71fb880e191c,measured,16,61452,646115,707567,177,0,0,131072,131071,1,Pass,Pass,16341657278089853397
0,26,33,Adefs,Adefs,16MiB,16777216,131072,0c00f8138e0e622f6fc7215fc0f0d135e79bf60450e4c79d30e30624a8842117,measured,16,3070859,23644583,26715442,481,0,0,131072,131071,1,Pass,Pass,7408339909486172793
0,26,34,Adrop,Adrop,1MiB,1048576,8192,337a179ec729c20c01309d98317f7ca00691d12ca10285b55ade71fb880e191c,measured,16,58582,517065,575647,647755,1,8192,8192,8191,1,Pass,Pass,16341657278089853397
0,26,35,Acapacity,Acapacity,256KiB,262144,2048,6f0154469137295abd7b45b25bc83aace599559234fd5f331140bd800c48b670,measured,16,13636,152450,166086,82,0,0,8192,8191,1,Pass,Pass,1126272383489710074
0,26,36,Adefs,Adefs,512KiB,524288,4096,155dfc49f4c05f1087ef002a279acee734e738bc580f2b3925315f95a108242b,measured,16,28957,291755,320712,72,0,0,8192,8191,1,Pass,Pass,192086794746352270
0,26,37,Adrop,Adrop,2MiB,2097152,16384,6587afedd7c0f949b131311e7425d033a0754a29587f85f26ec370a31fc4edf0,measured,16,117409,1171792,1289201,2169136,1,16384,16384,16383,1,Pass,Pass,7349817109290025153
0,26,38,A0-dup,A0,4MiB,4194304,32768,f9dc4b51d64658b088837d5f2a7d485e8eba57daed852c20d443b77cc8137655,measured,16,484335,4457042,4941377,608,0,0,16384,16383,1,Pass,Pass,7876534982476418273
0,26,39,Acapacity,Acapacity,16MiB,16777216,131072,0c00f8138e0e622f6fc7215fc0f0d135e79bf60450e4c79d30e30624a8842117,measured,16,2928184,22561176,25489360,286,0,0,16384,16383,1,Pass,Pass,7408339909486172793
0,27,0,A0-dup,A0,2MiB,2097152,16384,6587afedd7c0f949b131311e7425d033a0754a29587f85f26ec370a31fc4edf0,measured,17,118619,1491575,1610194,564,0,0,16384,16383,1,Pass,Pass,7349817109290025153
0,27,1,Adefs,Adefs,2MiB,2097152,16384,6587afedd7c0f949b131311e7425d033a0754a29587f85f26ec370a31fc4edf0,measured,17,154245,1445869,1600114,189,0,0,16384,16383,1,Pass,Pass,7349817109290025153
0,27,2,Acapacity,Acapacity,16MiB,16777216,131072,0c00f8138e0e622f6fc7215fc0f0d135e79bf60450e4c79d30e30624a8842117,measured,17,2943637,22799886,25743523,338,0,0,16384,16383,1,Pass,Pass,7408339909486172793
0,27,3,A0-dup,A0,256KiB,262144,2048,6f0154469137295abd7b45b25bc83aace599559234fd5f331140bd800c48b670,measured,17,13914,168116,182030,218,0,0,16384,16383,1,Pass,Pass,1126272383489710074
0,27,4,A0,A0,16MiB,16777216,131072,0c00f8138e0e622f6fc7215fc0f0d135e79bf60450e4c79d30e30624a8842117,measured,17,2936647,23477858,26414505,336,0,0,16384,16383,1,Pass,Pass,7408339909486172793
0,27,5,Adefs,Adefs,16MiB,16777216,131072,0c00f8138e0e622f6fc7215fc0f0d135e79bf60450e4c79d30e30624a8842117,measured,17,3039031,21394268,24433299,416,0,0,16384,16383,1,Pass,Pass,7408339909486172793
0,27,6,Acapacity,Acapacity,256KiB,262144,2048,6f0154469137295abd7b45b25bc83aace599559234fd5f331140bd800c48b670,measured,17,14268,158259,172527,106,0,0,16384,16383,1,Pass,Pass,1126272383489710074
0,27,7,Adefs,Adefs,128KiB,131072,1024,22e51081397aebb06a1c4c3f85bd08a6e7041a438f4aae416970027e1ddbb24e,measured,17,6548,74592,81140,47,0,0,16384,16383,1,Pass,Pass,15067928572581534229
0,27,8,A0,A0,512KiB,524288,4096,155dfc49f4c05f1087ef002a279acee734e738bc580f2b3925315f95a108242b,measured,17,29399,324099,353498,82,0,0,16384,16383,1,Pass,Pass,192086794746352270
0,27,9,Adefs,Adefs,8MiB,8388608,65536,e456d3adf67030c5a168df273f5171ca3e1299e54571d94cca82b117f3cf3aeb,measured,17,1410884,10075637,11486521,349,0,0,16384,16383,1,Pass,Pass,9713268438230653554
0,27,10,Adrop,Adrop,512KiB,524288,4096,155dfc49f4c05f1087ef002a279acee734e738bc580f2b3925315f95a108242b,measured,17,29915,252021,281936,320569,1,4096,4096,4095,1,Pass,Pass,192086794746352270
0,27,11,Adrop,Adrop,128KiB,131072,1024,22e51081397aebb06a1c4c3f85bd08a6e7041a438f4aae416970027e1ddbb24e,measured,17,6540,62289,68829,81484,1,1024,1024,1023,1,Pass,Pass,15067928572581534229
0,27,12,A0,A0,8MiB,8388608,65536,e456d3adf67030c5a168df273f5171ca3e1299e54571d94cca82b117f3cf3aeb,measured,17,1427444,10805790,12233234,203,0,0,1024,1023,1,Pass,Pass,9713268438230653554
0,27,13,Acapacity,Acapacity,2MiB,2097152,16384,6587afedd7c0f949b131311e7425d033a0754a29587f85f26ec370a31fc4edf0,measured,17,163549,1683259,1846808,348,0,0,1024,1023,1,Pass,Pass,7349817109290025153
0,27,14,A0-dup,A0,4MiB,4194304,32768,f9dc4b51d64658b088837d5f2a7d485e8eba57daed852c20d443b77cc8137655,measured,17,511458,4333881,4845339,492,0,0,1024,1023,1,Pass,Pass,7876534982476418273
0,27,15,Acapacity,Acapacity,512KiB,524288,4096,155dfc49f4c05f1087ef002a279acee734e738bc580f2b3925315f95a108242b,measured,17,29706,316309,346015,137,0,0,1024,1023,1,Pass,Pass,192086794746352270
0,27,16,Adefs,Adefs,4MiB,4194304,32768,f9dc4b51d64658b088837d5f2a7d485e8eba57daed852c20d443b77cc8137655,measured,17,454932,4166439,4621371,224,0,0,1024,1023,1,Pass,Pass,7876534982476418273
0,27,17,A0-dup,A0,1MiB,1048576,8192,337a179ec729c20c01309d98317f7ca00691d12ca10285b55ade71fb880e191c,measured,17,58312,665671,723983,88,0,0,1024,1023,1,Pass,Pass,16341657278089853397
0,27,18,Adefs,Adefs,256KiB,262144,2048,6f0154469137295abd7b45b25bc83aace599559234fd5f331140bd800c48b670,measured,17,13523,147259,160782,73,0,0,1024,1023,1,Pass,Pass,1126272383489710074
0,27,19,A0,A0,4MiB,4194304,32768,f9dc4b51d64658b088837d5f2a7d485e8eba57daed852c20d443b77cc8137655,measured,17,502532,4693979,5196511,196,0,0,1024,1023,1,Pass,Pass,7876534982476418273
0,27,20,Acapacity,Acapacity,4MiB,4194304,32768,f9dc4b51d64658b088837d5f2a7d485e8eba57daed852c20d443b77cc8137655,measured,17,535730,4536273,5072003,230,0,0,1024,1023,1,Pass,Pass,7876534982476418273
0,27,21,A0-dup,A0,128KiB,131072,1024,22e51081397aebb06a1c4c3f85bd08a6e7041a438f4aae416970027e1ddbb24e,measured,17,7030,84900,91930,119,0,0,1024,1023,1,Pass,Pass,15067928572581534229
0,27,22,A0-dup,A0,512KiB,524288,4096,155dfc49f4c05f1087ef002a279acee734e738bc580f2b3925315f95a108242b,measured,17,29022,328060,357082,73,0,0,1024,1023,1,Pass,Pass,192086794746352270
0,27,23,Acapacity,Acapacity,128KiB,131072,1024,22e51081397aebb06a1c4c3f85bd08a6e7041a438f4aae416970027e1ddbb24e,measured,17,6515,77326,83841,76,0,0,1024,1023,1,Pass,Pass,15067928572581534229
0,27,24,A0,A0,1MiB,1048576,8192,337a179ec729c20c01309d98317f7ca00691d12ca10285b55ade71fb880e191c,measured,17,57139,659679,716818,82,0,0,1024,1023,1,Pass,Pass,16341657278089853397
0,27,25,Adrop,Adrop,4MiB,4194304,32768,f9dc4b51d64658b088837d5f2a7d485e8eba57daed852c20d443b77cc8137655,measured,17,486563,3660713,4147276,4436569,1,32768,32768,32767,1,Pass,Pass,7876534982476418273
0,27,26,Acapacity,Acapacity,8MiB,8388608,65536,e456d3adf67030c5a168df273f5171ca3e1299e54571d94cca82b117f3cf3aeb,measured,17,1451240,10714171,12165411,121,0,0,32768,32767,1,Pass,Pass,9713268438230653554
0,27,27,Acapacity,Acapacity,1MiB,1048576,8192,337a179ec729c20c01309d98317f7ca00691d12ca10285b55ade71fb880e191c,measured,17,58831,642750,701581,214,0,0,32768,32767,1,Pass,Pass,16341657278089853397
0,27,28,A0-dup,A0,8MiB,8388608,65536,e456d3adf67030c5a168df273f5171ca3e1299e54571d94cca82b117f3cf3aeb,measured,17,1388286,10956959,12345245,175,0,0,32768,32767,1,Pass,Pass,9713268438230653554
0,27,29,Adrop,Adrop,8MiB,8388608,65536,e456d3adf67030c5a168df273f5171ca3e1299e54571d94cca82b117f3cf3aeb,measured,17,1395416,9458599,10854015,8329738,1,65536,65536,65535,1,Pass,Pass,9713268438230653554
0,27,30,Adrop,Adrop,1MiB,1048576,8192,337a179ec729c20c01309d98317f7ca00691d12ca10285b55ade71fb880e191c,measured,17,62918,535482,598400,652522,1,8192,8192,8191,1,Pass,Pass,16341657278089853397
0,27,31,Adrop,Adrop,256KiB,262144,2048,6f0154469137295abd7b45b25bc83aace599559234fd5f331140bd800c48b670,measured,17,13507,122612,136119,155443,1,2048,2048,2047,1,Pass,Pass,1126272383489710074
0,27,32,Adrop,Adrop,2MiB,2097152,16384,6587afedd7c0f949b131311e7425d033a0754a29587f85f26ec370a31fc4edf0,measured,17,124725,1278097,1402822,1845267,1,16384,16384,16383,1,Pass,Pass,7349817109290025153
0,27,33,A0,A0,256KiB,262144,2048,6f0154469137295abd7b45b25bc83aace599559234fd5f331140bd800c48b670,measured,17,14196,160057,174253,92,0,0,16384,16383,1,Pass,Pass,1126272383489710074
0,27,34,Adrop,Adrop,16MiB,16777216,131072,0c00f8138e0e622f6fc7215fc0f0d135e79bf60450e4c79d30e30624a8842117,measured,17,2985543,20254472,23240015,19039993,1,131072,131072,131071,1,Pass,Pass,7408339909486172793
0,27,35,Adefs,Adefs,1MiB,1048576,8192,337a179ec729c20c01309d98317f7ca00691d12ca10285b55ade71fb880e191c,measured,17,57979,597262,655241,347,0,0,131072,131071,1,Pass,Pass,16341657278089853397
0,27,36,A0,A0,2MiB,2097152,16384,6587afedd7c0f949b131311e7425d033a0754a29587f85f26ec370a31fc4edf0,measured,17,115298,1519574,1634872,168,0,0,131072,131071,1,Pass,Pass,7349817109290025153
0,27,37,A0,A0,128KiB,131072,1024,22e51081397aebb06a1c4c3f85bd08a6e7041a438f4aae416970027e1ddbb24e,measured,17,6890,81285,88175,37,0,0,131072,131071,1,Pass,Pass,15067928572581534229
0,27,38,Adefs,Adefs,512KiB,524288,4096,155dfc49f4c05f1087ef002a279acee734e738bc580f2b3925315f95a108242b,measured,17,29157,295990,325147,36,0,0,131072,131071,1,Pass,Pass,192086794746352270
0,27,39,A0-dup,A0,16MiB,16777216,131072,0c00f8138e0e622f6fc7215fc0f0d135e79bf60450e4c79d30e30624a8842117,measured,17,3081582,25417418,28499000,349,0,0,131072,131071,1,Pass,Pass,7408339909486172793
0,28,0,Adrop,Adrop,128KiB,131072,1024,22e51081397aebb06a1c4c3f85bd08a6e7041a438f4aae416970027e1ddbb24e,measured,18,7073,66032,73105,82397,1,1024,1024,1023,1,Pass,Pass,15067928572581534229
0,28,1,Adefs,Adefs,4MiB,4194304,32768,f9dc4b51d64658b088837d5f2a7d485e8eba57daed852c20d443b77cc8137655,measured,18,385385,4212082,4597467,249,0,0,1024,1023,1,Pass,Pass,7876534982476418273
0,28,2,Adefs,Adefs,8MiB,8388608,65536,e456d3adf67030c5a168df273f5171ca3e1299e54571d94cca82b117f3cf3aeb,measured,18,1477584,10297043,11774627,268,0,0,1024,1023,1,Pass,Pass,9713268438230653554
0,28,3,Acapacity,Acapacity,128KiB,131072,1024,22e51081397aebb06a1c4c3f85bd08a6e7041a438f4aae416970027e1ddbb24e,measured,18,6898,81148,88046,87,0,0,1024,1023,1,Pass,Pass,15067928572581534229
0,28,4,Adrop,Adrop,4MiB,4194304,32768,f9dc4b51d64658b088837d5f2a7d485e8eba57daed852c20d443b77cc8137655,measured,18,408116,3611410,4019526,3654097,1,32768,32768,32767,1,Pass,Pass,7876534982476418273
0,28,5,Adefs,Adefs,128KiB,131072,1024,22e51081397aebb06a1c4c3f85bd08a6e7041a438f4aae416970027e1ddbb24e,measured,18,7200,82390,89590,298,0,0,32768,32767,1,Pass,Pass,15067928572581534229
0,28,6,Adrop,Adrop,1MiB,1048576,8192,337a179ec729c20c01309d98317f7ca00691d12ca10285b55ade71fb880e191c,measured,18,57891,524717,582608,638564,1,8192,8192,8191,1,Pass,Pass,16341657278089853397
0,28,7,A0-dup,A0,512KiB,524288,4096,155dfc49f4c05f1087ef002a279acee734e738bc580f2b3925315f95a108242b,measured,18,29382,320761,350143,71,0,0,8192,8191,1,Pass,Pass,192086794746352270
0,28,8,Adrop,Adrop,256KiB,262144,2048,6f0154469137295abd7b45b25bc83aace599559234fd5f331140bd800c48b670,measured,18,13367,121520,134887,163003,1,2048,2048,2047,1,Pass,Pass,1126272383489710074
0,28,9,A0,A0,128KiB,131072,1024,22e51081397aebb06a1c4c3f85bd08a6e7041a438f4aae416970027e1ddbb24e,measured,18,6614,81996,88610,69,0,0,2048,2047,1,Pass,Pass,15067928572581534229
0,28,10,A0,A0,512KiB,524288,4096,155dfc49f4c05f1087ef002a279acee734e738bc580f2b3925315f95a108242b,measured,18,33141,315371,348512,76,0,0,2048,2047,1,Pass,Pass,192086794746352270
0,28,11,Adrop,Adrop,16MiB,16777216,131072,0c00f8138e0e622f6fc7215fc0f0d135e79bf60450e4c79d30e30624a8842117,measured,18,3018312,18141724,21160036,20120328,1,131072,131072,131071,1,Pass,Pass,7408339909486172793
0,28,12,A0-dup,A0,1MiB,1048576,8192,337a179ec729c20c01309d98317f7ca00691d12ca10285b55ade71fb880e191c,measured,18,58227,642507,700734,195,0,0,131072,131071,1,Pass,Pass,16341657278089853397
0,28,13,Acapacity,Acapacity,1MiB,1048576,8192,337a179ec729c20c01309d98317f7ca00691d12ca10285b55ade71fb880e191c,measured,18,57730,641988,699718,87,0,0,131072,131071,1,Pass,Pass,16341657278089853397
0,28,14,Acapacity,Acapacity,2MiB,2097152,16384,6587afedd7c0f949b131311e7425d033a0754a29587f85f26ec370a31fc4edf0,measured,18,114312,1478921,1593233,92,0,0,131072,131071,1,Pass,Pass,7349817109290025153
0,28,15,A0,A0,256KiB,262144,2048,6f0154469137295abd7b45b25bc83aace599559234fd5f331140bd800c48b670,measured,18,13888,163072,176960,94,0,0,131072,131071,1,Pass,Pass,1126272383489710074
0,28,16,A0,A0,4MiB,4194304,32768,f9dc4b51d64658b088837d5f2a7d485e8eba57daed852c20d443b77cc8137655,measured,18,530291,4460162,4990453,260,0,0,131072,131071,1,Pass,Pass,7876534982476418273
0,28,17,A0-dup,A0,256KiB,262144,2048,6f0154469137295abd7b45b25bc83aace599559234fd5f331140bd800c48b670,measured,18,14091,160728,174819,94,0,0,131072,131071,1,Pass,Pass,1126272383489710074
0,28,18,A0,A0,16MiB,16777216,131072,0c00f8138e0e622f6fc7215fc0f0d135e79bf60450e4c79d30e30624a8842117,measured,18,3079938,25527981,28607919,423,0,0,131072,131071,1,Pass,Pass,7408339909486172793
0,28,19,Adefs,Adefs,16MiB,16777216,131072,0c00f8138e0e622f6fc7215fc0f0d135e79bf60450e4c79d30e30624a8842117,measured,18,2954965,21122196,24077161,133,0,0,131072,131071,1,Pass,Pass,7408339909486172793
0,28,20,Acapacity,Acapacity,16MiB,16777216,131072,0c00f8138e0e622f6fc7215fc0f0d135e79bf60450e4c79d30e30624a8842117,measured,18,2982017,21787173,24769190,275,0,0,131072,131071,1,Pass,Pass,7408339909486172793
0,28,21,Adrop,Adrop,512KiB,524288,4096,155dfc49f4c05f1087ef002a279acee734e738bc580f2b3925315f95a108242b,measured,18,30098,256620,286718,320253,1,4096,4096,4095,1,Pass,Pass,192086794746352270
0,28,22,A0-dup,A0,8MiB,8388608,65536,e456d3adf67030c5a168df273f5171ca3e1299e54571d94cca82b117f3cf3aeb,measured,18,1428003,10440354,11868357,140,0,0,4096,4095,1,Pass,Pass,9713268438230653554
0,28,23,Acapacity,Acapacity,256KiB,262144,2048,6f0154469137295abd7b45b25bc83aace599559234fd5f331140bd800c48b670,measured,18,14084,159870,173954,115,0,0,4096,4095,1,Pass,Pass,1126272383489710074
0,28,24,A0,A0,8MiB,8388608,65536,e456d3adf67030c5a168df273f5171ca3e1299e54571d94cca82b117f3cf3aeb,measured,18,1417218,10664485,12081703,572,0,0,4096,4095,1,Pass,Pass,9713268438230653554
0,28,25,Acapacity,Acapacity,4MiB,4194304,32768,f9dc4b51d64658b088837d5f2a7d485e8eba57daed852c20d443b77cc8137655,measured,18,389635,4380131,4769766,124,0,0,4096,4095,1,Pass,Pass,7876534982476418273
0,28,26,Adefs,Adefs,1MiB,1048576,8192,337a179ec729c20c01309d98317f7ca00691d12ca10285b55ade71fb880e191c,measured,18,58216,600498,658714,110,0,0,4096,4095,1,Pass,Pass,16341657278089853397
0,28,27,A0,A0,2MiB,2097152,16384,6587afedd7c0f949b131311e7425d033a0754a29587f85f26ec370a31fc4edf0,measured,18,123973,1527513,1651486,112,0,0,4096,4095,1,Pass,Pass,7349817109290025153
0,28,28,Adrop,Adrop,2MiB,2097152,16384,6587afedd7c0f949b131311e7425d033a0754a29587f85f26ec370a31fc4edf0,measured,18,121086,1263905,1384991,1715791,1,16384,16384,16383,1,Pass,Pass,7349817109290025153
0,28,29,A0-dup,A0,128KiB,131072,1024,22e51081397aebb06a1c4c3f85bd08a6e7041a438f4aae416970027e1ddbb24e,measured,18,6996,81276,88272,70,0,0,16384,16383,1,Pass,Pass,15067928572581534229
0,28,30,A0,A0,1MiB,1048576,8192,337a179ec729c20c01309d98317f7ca00691d12ca10285b55ade71fb880e191c,measured,18,61507,650566,712073,93,0,0,16384,16383,1,Pass,Pass,16341657278089853397
0,28,31,Adrop,Adrop,8MiB,8388608,65536,e456d3adf67030c5a168df273f5171ca3e1299e54571d94cca82b117f3cf3aeb,measured,18,1497721,9484534,10982255,8438065,1,65536,65536,65535,1,Pass,Pass,9713268438230653554
0,28,32,Acapacity,Acapacity,8MiB,8388608,65536,e456d3adf67030c5a168df273f5171ca3e1299e54571d94cca82b117f3cf3aeb,measured,18,1346457,11083109,12429566,252,0,0,65536,65535,1,Pass,Pass,9713268438230653554
0,28,33,A0-dup,A0,2MiB,2097152,16384,6587afedd7c0f949b131311e7425d033a0754a29587f85f26ec370a31fc4edf0,measured,18,114641,1455353,1569994,133,0,0,65536,65535,1,Pass,Pass,7349817109290025153
0,28,34,Adefs,Adefs,512KiB,524288,4096,155dfc49f4c05f1087ef002a279acee734e738bc580f2b3925315f95a108242b,measured,18,29111,300172,329283,129,0,0,65536,65535,1,Pass,Pass,192086794746352270
0,28,35,A0-dup,A0,16MiB,16777216,131072,0c00f8138e0e622f6fc7215fc0f0d135e79bf60450e4c79d30e30624a8842117,measured,18,3108253,22531193,25639446,419,0,0,65536,65535,1,Pass,Pass,7408339909486172793
0,28,36,Acapacity,Acapacity,512KiB,524288,4096,155dfc49f4c05f1087ef002a279acee734e738bc580f2b3925315f95a108242b,measured,18,29122,361137,390259,126,0,0,65536,65535,1,Pass,Pass,192086794746352270
0,28,37,Adefs,Adefs,2MiB,2097152,16384,6587afedd7c0f949b131311e7425d033a0754a29587f85f26ec370a31fc4edf0,measured,18,121494,1460770,1582264,346,0,0,65536,65535,1,Pass,Pass,7349817109290025153
0,28,38,A0-dup,A0,4MiB,4194304,32768,f9dc4b51d64658b088837d5f2a7d485e8eba57daed852c20d443b77cc8137655,measured,18,438247,4251856,4690103,418,0,0,65536,65535,1,Pass,Pass,7876534982476418273
0,28,39,Adefs,Adefs,256KiB,262144,2048,6f0154469137295abd7b45b25bc83aace599559234fd5f331140bd800c48b670,measured,18,13751,154267,168018,118,0,0,65536,65535,1,Pass,Pass,1126272383489710074
0,29,0,Adrop,Adrop,128KiB,131072,1024,22e51081397aebb06a1c4c3f85bd08a6e7041a438f4aae416970027e1ddbb24e,measured,19,6519,63654,70173,80227,1,1024,1024,1023,1,Pass,Pass,15067928572581534229
0,29,1,Adrop,Adrop,8MiB,8388608,65536,e456d3adf67030c5a168df273f5171ca3e1299e54571d94cca82b117f3cf3aeb,measured,19,1412563,9212998,10625561,8338379,1,65536,65536,65535,1,Pass,Pass,9713268438230653554
0,29,2,Acapacity,Acapacity,16MiB,16777216,131072,0c00f8138e0e622f6fc7215fc0f0d135e79bf60450e4c79d30e30624a8842117,measured,19,3020844,23188822,26209666,100,0,0,65536,65535,1,Pass,Pass,7408339909486172793
0,29,3,Adrop,Adrop,2MiB,2097152,16384,6587afedd7c0f949b131311e7425d033a0754a29587f85f26ec370a31fc4edf0,measured,19,116170,1191196,1307366,1830240,1,16384,16384,16383,1,Pass,Pass,7349817109290025153
0,29,4,Adefs,Adefs,8MiB,8388608,65536,e456d3adf67030c5a168df273f5171ca3e1299e54571d94cca82b117f3cf3aeb,measured,19,1509144,10863410,12372554,513,0,0,16384,16383,1,Pass,Pass,9713268438230653554
0,29,5,Adefs,Adefs,512KiB,524288,4096,155dfc49f4c05f1087ef002a279acee734e738bc580f2b3925315f95a108242b,measured,19,29221,304916,334137,87,0,0,16384,16383,1,Pass,Pass,192086794746352270
0,29,6,Adefs,Adefs,4MiB,4194304,32768,f9dc4b51d64658b088837d5f2a7d485e8eba57daed852c20d443b77cc8137655,measured,19,441801,4129674,4571475,138,0,0,16384,16383,1,Pass,Pass,7876534982476418273
0,29,7,A0,A0,4MiB,4194304,32768,f9dc4b51d64658b088837d5f2a7d485e8eba57daed852c20d443b77cc8137655,measured,19,504319,4531238,5035557,340,0,0,16384,16383,1,Pass,Pass,7876534982476418273
0,29,8,Acapacity,Acapacity,256KiB,262144,2048,6f0154469137295abd7b45b25bc83aace599559234fd5f331140bd800c48b670,measured,19,13989,156266,170255,114,0,0,16384,16383,1,Pass,Pass,1126272383489710074
0,29,9,Adefs,Adefs,16MiB,16777216,131072,0c00f8138e0e622f6fc7215fc0f0d135e79bf60450e4c79d30e30624a8842117,measured,19,2948104,21099670,24047774,210,0,0,16384,16383,1,Pass,Pass,7408339909486172793
0,29,10,Adefs,Adefs,128KiB,131072,1024,22e51081397aebb06a1c4c3f85bd08a6e7041a438f4aae416970027e1ddbb24e,measured,19,7170,80416,87586,90,0,0,16384,16383,1,Pass,Pass,15067928572581534229
0,29,11,Adrop,Adrop,1MiB,1048576,8192,337a179ec729c20c01309d98317f7ca00691d12ca10285b55ade71fb880e191c,measured,19,61886,511139,573025,629994,1,8192,8192,8191,1,Pass,Pass,16341657278089853397
0,29,12,A0,A0,1MiB,1048576,8192,337a179ec729c20c01309d98317f7ca00691d12ca10285b55ade71fb880e191c,measured,19,57592,631447,689039,175,0,0,8192,8191,1,Pass,Pass,16341657278089853397
0,29,13,Acapacity,Acapacity,4MiB,4194304,32768,f9dc4b51d64658b088837d5f2a7d485e8eba57daed852c20d443b77cc8137655,measured,19,446318,4293706,4740024,104,0,0,8192,8191,1,Pass,Pass,7876534982476418273
0,29,14,Adrop,Adrop,16MiB,16777216,131072,0c00f8138e0e622f6fc7215fc0f0d135e79bf60450e4c79d30e30624a8842117,measured,19,2941688,20164233,23105921,19065641,1,131072,131072,131071,1,Pass,Pass,7408339909486172793
0,29,15,A0,A0,2MiB,2097152,16384,6587afedd7c0f949b131311e7425d033a0754a29587f85f26ec370a31fc4edf0,measured,19,125915,1666019,1791934,497,0,0,131072,131071,1,Pass,Pass,7349817109290025153
0,29,16,Adrop,Adrop,256KiB,262144,2048,6f0154469137295abd7b45b25bc83aace599559234fd5f331140bd800c48b670,measured,19,14238,125829,140067,163169,1,2048,2048,2047,1,Pass,Pass,1126272383489710074
0,29,17,Acapacity,Acapacity,2MiB,2097152,16384,6587afedd7c0f949b131311e7425d033a0754a29587f85f26ec370a31fc4edf0,measured,19,125373,1459208,1584581,122,0,0,2048,2047,1,Pass,Pass,7349817109290025153
0,29,18,A0-dup,A0,16MiB,16777216,131072,0c00f8138e0e622f6fc7215fc0f0d135e79bf60450e4c79d30e30624a8842117,measured,19,2933219,27089848,30023067,449,0,0,2048,2047,1,Pass,Pass,7408339909486172793
0,29,19,Adefs,Adefs,1MiB,1048576,8192,337a179ec729c20c01309d98317f7ca00691d12ca10285b55ade71fb880e191c,measured,19,57411,609403,666814,133,0,0,2048,2047,1,Pass,Pass,16341657278089853397
0,29,20,A0-dup,A0,512KiB,524288,4096,155dfc49f4c05f1087ef002a279acee734e738bc580f2b3925315f95a108242b,measured,19,28785,314720,343505,69,0,0,2048,2047,1,Pass,Pass,192086794746352270
0,29,21,Adefs,Adefs,256KiB,262144,2048,6f0154469137295abd7b45b25bc83aace599559234fd5f331140bd800c48b670,measured,19,13626,144971,158597,79,0,0,2048,2047,1,Pass,Pass,1126272383489710074
0,29,22,Adrop,Adrop,4MiB,4194304,32768,f9dc4b51d64658b088837d5f2a7d485e8eba57daed852c20d443b77cc8137655,measured,19,366750,3713496,4080246,4015499,1,32768,32768,32767,1,Pass,Pass,7876534982476418273
0,29,23,Adefs,Adefs,2MiB,2097152,16384,6587afedd7c0f949b131311e7425d033a0754a29587f85f26ec370a31fc4edf0,measured,19,141491,1416305,1557796,332,0,0,32768,32767,1,Pass,Pass,7349817109290025153
0,29,24,A0,A0,16MiB,16777216,131072,0c00f8138e0e622f6fc7215fc0f0d135e79bf60450e4c79d30e30624a8842117,measured,19,2943426,23398014,26341440,328,0,0,32768,32767,1,Pass,Pass,7408339909486172793
0,29,25,A0,A0,128KiB,131072,1024,22e51081397aebb06a1c4c3f85bd08a6e7041a438f4aae416970027e1ddbb24e,measured,19,6947,82234,89181,181,0,0,32768,32767,1,Pass,Pass,15067928572581534229
0,29,26,Acapacity,Acapacity,8MiB,8388608,65536,e456d3adf67030c5a168df273f5171ca3e1299e54571d94cca82b117f3cf3aeb,measured,19,1429279,10638925,12068204,554,0,0,32768,32767,1,Pass,Pass,9713268438230653554
0,29,27,Acapacity,Acapacity,1MiB,1048576,8192,337a179ec729c20c01309d98317f7ca00691d12ca10285b55ade71fb880e191c,measured,19,57537,641218,698755,267,0,0,32768,32767,1,Pass,Pass,16341657278089853397
0,29,28,A0,A0,256KiB,262144,2048,6f0154469137295abd7b45b25bc83aace599559234fd5f331140bd800c48b670,measured,19,13772,159954,173726,54,0,0,32768,32767,1,Pass,Pass,1126272383489710074
0,29,29,Acapacity,Acapacity,128KiB,131072,1024,22e51081397aebb06a1c4c3f85bd08a6e7041a438f4aae416970027e1ddbb24e,measured,19,6627,77905,84532,61,0,0,32768,32767,1,Pass,Pass,15067928572581534229
0,29,30,A0-dup,A0,8MiB,8388608,65536,e456d3adf67030c5a168df273f5171ca3e1299e54571d94cca82b117f3cf3aeb,measured,19,1360357,11012718,12373075,120,0,0,32768,32767,1,Pass,Pass,9713268438230653554
0,29,31,A0-dup,A0,1MiB,1048576,8192,337a179ec729c20c01309d98317f7ca00691d12ca10285b55ade71fb880e191c,measured,19,58012,657486,715498,107,0,0,32768,32767,1,Pass,Pass,16341657278089853397
0,29,32,Adrop,Adrop,512KiB,524288,4096,155dfc49f4c05f1087ef002a279acee734e738bc580f2b3925315f95a108242b,measured,19,29213,255807,285020,307300,1,4096,4096,4095,1,Pass,Pass,192086794746352270
0,29,33,A0-dup,A0,256KiB,262144,2048,6f0154469137295abd7b45b25bc83aace599559234fd5f331140bd800c48b670,measured,19,14041,198772,212813,94,0,0,4096,4095,1,Pass,Pass,1126272383489710074
0,29,34,A0-dup,A0,128KiB,131072,1024,22e51081397aebb06a1c4c3f85bd08a6e7041a438f4aae416970027e1ddbb24e,measured,19,6503,79987,86490,93,0,0,4096,4095,1,Pass,Pass,15067928572581534229
0,29,35,A0-dup,A0,4MiB,4194304,32768,f9dc4b51d64658b088837d5f2a7d485e8eba57daed852c20d443b77cc8137655,measured,19,535364,4353394,4888758,410,0,0,4096,4095,1,Pass,Pass,7876534982476418273
0,29,36,Acapacity,Acapacity,512KiB,524288,4096,155dfc49f4c05f1087ef002a279acee734e738bc580f2b3925315f95a108242b,measured,19,29471,324492,353963,86,0,0,4096,4095,1,Pass,Pass,192086794746352270
0,29,37,A0-dup,A0,2MiB,2097152,16384,6587afedd7c0f949b131311e7425d033a0754a29587f85f26ec370a31fc4edf0,measured,19,146290,1528513,1674803,248,0,0,4096,4095,1,Pass,Pass,7349817109290025153
0,29,38,A0,A0,8MiB,8388608,65536,e456d3adf67030c5a168df273f5171ca3e1299e54571d94cca82b117f3cf3aeb,measured,19,1380049,10872496,12252545,108,0,0,4096,4095,1,Pass,Pass,9713268438230653554
0,29,39,A0,A0,512KiB,524288,4096,155dfc49f4c05f1087ef002a279acee734e738bc580f2b3925315f95a108242b,measured,19,29762,322959,352721,71,0,0,4096,4095,1,Pass,Pass,192086794746352270
0,30,0,Acapacity,Acapacity,512KiB,524288,4096,155dfc49f4c05f1087ef002a279acee734e738bc580f2b3925315f95a108242b,measured,20,29277,309679,338956,56,0,0,4096,4095,1,Pass,Pass,192086794746352270
0,30,1,Adrop,Adrop,16MiB,16777216,131072,0c00f8138e0e622f6fc7215fc0f0d135e79bf60450e4c79d30e30624a8842117,measured,20,2940810,20833493,23774303,19172069,1,131072,131072,131071,1,Pass,Pass,7408339909486172793
0,30,2,Adefs,Adefs,2MiB,2097152,16384,6587afedd7c0f949b131311e7425d033a0754a29587f85f26ec370a31fc4edf0,measured,20,124058,1467254,1591312,410,0,0,131072,131071,1,Pass,Pass,7349817109290025153
0,30,3,A0,A0,8MiB,8388608,65536,e456d3adf67030c5a168df273f5171ca3e1299e54571d94cca82b117f3cf3aeb,measured,20,1385923,11107827,12493750,414,0,0,131072,131071,1,Pass,Pass,9713268438230653554
0,30,4,A0-dup,A0,1MiB,1048576,8192,337a179ec729c20c01309d98317f7ca00691d12ca10285b55ade71fb880e191c,measured,20,57605,654837,712442,100,0,0,131072,131071,1,Pass,Pass,16341657278089853397
0,30,5,Adefs,Adefs,16MiB,16777216,131072,0c00f8138e0e622f6fc7215fc0f0d135e79bf60450e4c79d30e30624a8842117,measured,20,3003378,23996204,26999582,389,0,0,131072,131071,1,Pass,Pass,7408339909486172793
0,30,6,Adrop,Adrop,256KiB,262144,2048,6f0154469137295abd7b45b25bc83aace599559234fd5f331140bd800c48b670,measured,20,13955,125394,139349,164891,1,2048,2048,2047,1,Pass,Pass,1126272383489710074
0,30,7,A0,A0,256KiB,262144,2048,6f0154469137295abd7b45b25bc83aace599559234fd5f331140bd800c48b670,measured,20,13760,157061,170821,42,0,0,2048,2047,1,Pass,Pass,1126272383489710074
0,30,8,Adefs,Adefs,256KiB,262144,2048,6f0154469137295abd7b45b25bc83aace599559234fd5f331140bd800c48b670,measured,20,13597,148475,162072,43,0,0,2048,2047,1,Pass,Pass,1126272383489710074
0,30,9,Adrop,Adrop,128KiB,131072,1024,22e51081397aebb06a1c4c3f85bd08a6e7041a438f4aae416970027e1ddbb24e,measured,20,6474,61391,67865,80608,1,1024,1024,1023,1,Pass,Pass,15067928572581534229
0,30,10,Adefs,Adefs,512KiB,524288,4096,155dfc49f4c05f1087ef002a279acee734e738bc580f2b3925315f95a108242b,measured,20,29211,301415,330626,22,0,0,1024,1023,1,Pass,Pass,192086794746352270
0,30,11,Adefs,Adefs,128KiB,131072,1024,22e51081397aebb06a1c4c3f85bd08a6e7041a438f4aae416970027e1ddbb24e,measured,20,6510,75799,82309,71,0,0,1024,1023,1,Pass,Pass,15067928572581534229
0,30,12,A0-dup,A0,4MiB,4194304,32768,f9dc4b51d64658b088837d5f2a7d485e8eba57daed852c20d443b77cc8137655,measured,20,485472,4426904,4912376,143,0,0,1024,1023,1,Pass,Pass,7876534982476418273
0,30,13,A0,A0,512KiB,524288,4096,155dfc49f4c05f1087ef002a279acee734e738bc580f2b3925315f95a108242b,measured,20,29809,327551,357360,145,0,0,1024,1023,1,Pass,Pass,192086794746352270
0,30,14,A0,A0,16MiB,16777216,131072,0c00f8138e0e622f6fc7215fc0f0d135e79bf60450e4c79d30e30624a8842117,measured,20,3265277,22605750,25871027,346,0,0,1024,1023,1,Pass,Pass,7408339909486172793
0,30,15,Adrop,Adrop,512KiB,524288,4096,155dfc49f4c05f1087ef002a279acee734e738bc580f2b3925315f95a108242b,measured,20,29456,256356,285812,308154,1,4096,4096,4095,1,Pass,Pass,192086794746352270
0,30,16,Acapacity,Acapacity,1MiB,1048576,8192,337a179ec729c20c01309d98317f7ca00691d12ca10285b55ade71fb880e191c,measured,20,57621,645496,703117,54,0,0,4096,4095,1,Pass,Pass,16341657278089853397
0,30,17,Adrop,Adrop,4MiB,4194304,32768,f9dc4b51d64658b088837d5f2a7d485e8eba57daed852c20d443b77cc8137655,measured,20,486900,3804443,4291343,3839370,1,32768,32768,32767,1,Pass,Pass,7876534982476418273
0,30,18,Adefs,Adefs,1MiB,1048576,8192,337a179ec729c20c01309d98317f7ca00691d12ca10285b55ade71fb880e191c,measured,20,58041,608801,666842,384,0,0,32768,32767,1,Pass,Pass,16341657278089853397
0,30,19,Adefs,Adefs,4MiB,4194304,32768,f9dc4b51d64658b088837d5f2a7d485e8eba57daed852c20d443b77cc8137655,measured,20,512624,4220175,4732799,394,0,0,32768,32767,1,Pass,Pass,7876534982476418273
0,30,20,A0,A0,1MiB,1048576,8192,337a179ec729c20c01309d98317f7ca00691d12ca10285b55ade71fb880e191c,measured,20,58001,642340,700341,103,0,0,32768,32767,1,Pass,Pass,16341657278089853397
0,30,21,Adrop,Adrop,1MiB,1048576,8192,337a179ec729c20c01309d98317f7ca00691d12ca10285b55ade71fb880e191c,measured,20,57733,523904,581637,621812,1,8192,8192,8191,1,Pass,Pass,16341657278089853397
0,30,22,A0-dup,A0,512KiB,524288,4096,155dfc49f4c05f1087ef002a279acee734e738bc580f2b3925315f95a108242b,measured,20,29446,318496,347942,81,0,0,8192,8191,1,Pass,Pass,192086794746352270
0,30,23,Adefs,Adefs,8MiB,8388608,65536,e456d3adf67030c5a168df273f5171ca3e1299e54571d94cca82b117f3cf3aeb,measured,20,1365715,10044927,11410642,223,0,0,8192,8191,1,Pass,Pass,9713268438230653554
0,30,24,Acapacity,Acapacity,4MiB,4194304,32768,f9dc4b51d64658b088837d5f2a7d485e8eba57daed852c20d443b77cc8137655,measured,20,478455,4355018,4833473,143,0,0,8192,8191,1,Pass,Pass,7876534982476418273
0,30,25,Acapacity,Acapacity,128KiB,131072,1024,22e51081397aebb06a1c4c3f85bd08a6e7041a438f4aae416970027e1ddbb24e,measured,20,7120,79165,86285,110,0,0,8192,8191,1,Pass,Pass,15067928572581534229
0,30,26,A0,A0,128KiB,131072,1024,22e51081397aebb06a1c4c3f85bd08a6e7041a438f4aae416970027e1ddbb24e,measured,20,6559,79928,86487,61,0,0,8192,8191,1,Pass,Pass,15067928572581534229
0,30,27,A0-dup,A0,2MiB,2097152,16384,6587afedd7c0f949b131311e7425d033a0754a29587f85f26ec370a31fc4edf0,measured,20,168126,1598183,1766309,95,0,0,8192,8191,1,Pass,Pass,7349817109290025153
0,30,28,A0,A0,4MiB,4194304,32768,f9dc4b51d64658b088837d5f2a7d485e8eba57daed852c20d443b77cc8137655,measured,20,522006,4358595,4880601,251,0,0,8192,8191,1,Pass,Pass,7876534982476418273
0,30,29,A0,A0,2MiB,2097152,16384,6587afedd7c0f949b131311e7425d033a0754a29587f85f26ec370a31fc4edf0,measured,20,136900,1523392,1660292,502,0,0,8192,8191,1,Pass,Pass,7349817109290025153
0,30,30,Acapacity,Acapacity,2MiB,2097152,16384,6587afedd7c0f949b131311e7425d033a0754a29587f85f26ec370a31fc4edf0,measured,20,146418,1798826,1945244,185,0,0,8192,8191,1,Pass,Pass,7349817109290025153
0,30,31,A0-dup,A0,256KiB,262144,2048,6f0154469137295abd7b45b25bc83aace599559234fd5f331140bd800c48b670,measured,20,14134,158390,172524,262,0,0,8192,8191,1,Pass,Pass,1126272383489710074
0,30,32,A0-dup,A0,128KiB,131072,1024,22e51081397aebb06a1c4c3f85bd08a6e7041a438f4aae416970027e1ddbb24e,measured,20,6571,80366,86937,50,0,0,8192,8191,1,Pass,Pass,15067928572581534229
0,30,33,Acapacity,Acapacity,16MiB,16777216,131072,0c00f8138e0e622f6fc7215fc0f0d135e79bf60450e4c79d30e30624a8842117,measured,20,2971244,22510802,25482046,586,0,0,8192,8191,1,Pass,Pass,7408339909486172793
0,30,34,A0-dup,A0,8MiB,8388608,65536,e456d3adf67030c5a168df273f5171ca3e1299e54571d94cca82b117f3cf3aeb,measured,20,1387159,10834481,12221640,132,0,0,8192,8191,1,Pass,Pass,9713268438230653554
0,30,35,Adrop,Adrop,8MiB,8388608,65536,e456d3adf67030c5a168df273f5171ca3e1299e54571d94cca82b117f3cf3aeb,measured,20,1454063,9256986,10711049,8921880,1,65536,65536,65535,1,Pass,Pass,9713268438230653554
0,30,36,Adrop,Adrop,2MiB,2097152,16384,6587afedd7c0f949b131311e7425d033a0754a29587f85f26ec370a31fc4edf0,measured,20,132070,1288714,1420784,1669357,1,16384,16384,16383,1,Pass,Pass,7349817109290025153
0,30,37,Acapacity,Acapacity,8MiB,8388608,65536,e456d3adf67030c5a168df273f5171ca3e1299e54571d94cca82b117f3cf3aeb,measured,20,1391995,10896123,12288118,464,0,0,16384,16383,1,Pass,Pass,9713268438230653554
0,30,38,A0-dup,A0,16MiB,16777216,131072,0c00f8138e0e622f6fc7215fc0f0d135e79bf60450e4c79d30e30624a8842117,measured,20,2978114,23251710,26229824,212,0,0,16384,16383,1,Pass,Pass,7408339909486172793
0,30,39,Acapacity,Acapacity,256KiB,262144,2048,6f0154469137295abd7b45b25bc83aace599559234fd5f331140bd800c48b670,measured,20,13848,158562,172410,134,0,0,16384,16383,1,Pass,Pass,1126272383489710074
0,31,0,Adrop,Adrop,4MiB,4194304,32768,f9dc4b51d64658b088837d5f2a7d485e8eba57daed852c20d443b77cc8137655,measured,21,458008,3766035,4224043,4067350,1,32768,32768,32767,1,Pass,Pass,7876534982476418273
0,31,1,Adefs,Adefs,16MiB,16777216,131072,0c00f8138e0e622f6fc7215fc0f0d135e79bf60450e4c79d30e30624a8842117,measured,21,3073332,21004155,24077487,122,0,0,32768,32767,1,Pass,Pass,7408339909486172793
0,31,2,Adrop,Adrop,128KiB,131072,1024,22e51081397aebb06a1c4c3f85bd08a6e7041a438f4aae416970027e1ddbb24e,measured,21,7326,66525,73851,83395,1,1024,1024,1023,1,Pass,Pass,15067928572581534229
0,31,3,Acapacity,Acapacity,2MiB,2097152,16384,6587afedd7c0f949b131311e7425d033a0754a29587f85f26ec370a31fc4edf0,measured,21,153948,1593838,1747786,523,0,0,1024,1023,1,Pass,Pass,7349817109290025153
0,31,4,A0,A0,128KiB,131072,1024,22e51081397aebb06a1c4c3f85bd08a6e7041a438f4aae416970027e1ddbb24e,measured,21,6985,81376,88361,69,0,0,1024,1023,1,Pass,Pass,15067928572581534229
0,31,5,Adrop,Adrop,2MiB,2097152,16384,6587afedd7c0f949b131311e7425d033a0754a29587f85f26ec370a31fc4edf0,measured,21,136347,1249337,1385684,1732592,1,16384,16384,16383,1,Pass,Pass,7349817109290025153
0,31,6,Adrop,Adrop,8MiB,8388608,65536,e456d3adf67030c5a168df273f5171ca3e1299e54571d94cca82b117f3cf3aeb,measured,21,1374173,9476204,10850377,8963457,1,65536,65536,65535,1,Pass,Pass,9713268438230653554
0,31,7,A0-dup,A0,256KiB,262144,2048,6f0154469137295abd7b45b25bc83aace599559234fd5f331140bd800c48b670,measured,21,13876,159077,172953,271,0,0,65536,65535,1,Pass,Pass,1126272383489710074
0,31,8,A0,A0,4MiB,4194304,32768,f9dc4b51d64658b088837d5f2a7d485e8eba57daed852c20d443b77cc8137655,measured,21,524069,4471391,4995460,192,0,0,65536,65535,1,Pass,Pass,7876534982476418273
0,31,9,Adefs,Adefs,1MiB,1048576,8192,337a179ec729c20c01309d98317f7ca00691d12ca10285b55ade71fb880e191c,measured,21,58392,607392,665784,137,0,0,65536,65535,1,Pass,Pass,16341657278089853397
0,31,10,A0,A0,256KiB,262144,2048,6f0154469137295abd7b45b25bc83aace599559234fd5f331140bd800c48b670,measured,21,13684,160891,174575,62,0,0,65536,65535,1,Pass,Pass,1126272383489710074
0,31,11,Acapacity,Acapacity,256KiB,262144,2048,6f0154469137295abd7b45b25bc83aace599559234fd5f331140bd800c48b670,measured,21,13422,152177,165599,64,0,0,65536,65535,1,Pass,Pass,1126272383489710074
0,31,12,Acapacity,Acapacity,16MiB,16777216,131072,0c00f8138e0e622f6fc7215fc0f0d135e79bf60450e4c79d30e30624a8842117,measured,21,3022941,22884269,25907210,412,0,0,65536,65535,1,Pass,Pass,7408339909486172793
0,31,13,A0-dup,A0,4MiB,4194304,32768,f9dc4b51d64658b088837d5f2a7d485e8eba57daed852c20d443b77cc8137655,measured,21,402166,4478884,4881050,117,0,0,65536,65535,1,Pass,Pass,7876534982476418273
0,31,14,Adefs,Adefs,2MiB,2097152,16384,6587afedd7c0f949b131311e7425d033a0754a29587f85f26ec370a31fc4edf0,measured,21,147731,1420164,1567895,160,0,0,65536,65535,1,Pass,Pass,7349817109290025153
0,31,15,Adefs,Adefs,8MiB,8388608,65536,e456d3adf67030c5a168df273f5171ca3e1299e54571d94cca82b117f3cf3aeb,measured,21,1371411,9971276,11342687,349,0,0,65536,65535,1,Pass,Pass,9713268438230653554
0,31,16,A0-dup,A0,16MiB,16777216,131072,0c00f8138e0e622f6fc7215fc0f0d135e79bf60450e4c79d30e30624a8842117,measured,21,2940329,23986370,26926699,372,0,0,65536,65535,1,Pass,Pass,7408339909486172793
0,31,17,Adrop,Adrop,256KiB,262144,2048,6f0154469137295abd7b45b25bc83aace599559234fd5f331140bd800c48b670,measured,21,13725,127893,141618,158838,1,2048,2048,2047,1,Pass,Pass,1126272383489710074
0,31,18,Adrop,Adrop,16MiB,16777216,131072,0c00f8138e0e622f6fc7215fc0f0d135e79bf60450e4c79d30e30624a8842117,measured,21,2937348,20200322,23137670,19193814,1,131072,131072,131071,1,Pass,Pass,7408339909486172793
0,31,19,A0-dup,A0,8MiB,8388608,65536,e456d3adf67030c5a168df273f5171ca3e1299e54571d94cca82b117f3cf3aeb,measured,21,1405189,10728073,12133262,348,0,0,131072,131071,1,Pass,Pass,9713268438230653554
0,31,20,Acapacity,Acapacity,512KiB,524288,4096,155dfc49f4c05f1087ef002a279acee734e738bc580f2b3925315f95a108242b,measured,21,29424,319480,348904,106,0,0,131072,131071,1,Pass,Pass,192086794746352270
0,31,21,Acapacity,Acapacity,1MiB,1048576,8192,337a179ec729c20c01309d98317f7ca00691d12ca10285b55ade71fb880e191c,measured,21,58073,645921,703994,36,0,0,131072,131071,1,Pass,Pass,16341657278089853397
0,31,22,Acapacity,Acapacity,128KiB,131072,1024,22e51081397aebb06a1c4c3f85bd08a6e7041a438f4aae416970027e1ddbb24e,measured,21,6545,77818,84363,35,0,0,131072,131071,1,Pass,Pass,15067928572581534229
0,31,23,A0,A0,16MiB,16777216,131072,0c00f8138e0e622f6fc7215fc0f0d135e79bf60450e4c79d30e30624a8842117,measured,21,2958912,26255123,29214035,417,0,0,131072,131071,1,Pass,Pass,7408339909486172793
0,31,24,A0,A0,8MiB,8388608,65536,e456d3adf67030c5a168df273f5171ca3e1299e54571d94cca82b117f3cf3aeb,measured,21,1395294,11129137,12524431,124,0,0,131072,131071,1,Pass,Pass,9713268438230653554
0,31,25,A0,A0,1MiB,1048576,8192,337a179ec729c20c01309d98317f7ca00691d12ca10285b55ade71fb880e191c,measured,21,57670,638236,695906,109,0,0,131072,131071,1,Pass,Pass,16341657278089853397
0,31,26,A0-dup,A0,2MiB,2097152,16384,6587afedd7c0f949b131311e7425d033a0754a29587f85f26ec370a31fc4edf0,measured,21,116743,1538976,1655719,114,0,0,131072,131071,1,Pass,Pass,7349817109290025153
0,31,27,Adefs,Adefs,4MiB,4194304,32768,f9dc4b51d64658b088837d5f2a7d485e8eba57daed852c20d443b77cc8137655,measured,21,501790,4052060,4553850,120,0,0,131072,131071,1,Pass,Pass,7876534982476418273
0,31,28,A0,A0,2MiB,2097152,16384,6587afedd7c0f949b131311e7425d033a0754a29587f85f26ec370a31fc4edf0,measured,21,167201,1595799,1763000,122,0,0,131072,131071,1,Pass,Pass,7349817109290025153
0,31,29,Acapacity,Acapacity,8MiB,8388608,65536,e456d3adf67030c5a168df273f5171ca3e1299e54571d94cca82b117f3cf3aeb,measured,21,1435979,10536282,11972261,290,0,0,131072,131071,1,Pass,Pass,9713268438230653554
0,31,30,A0,A0,512KiB,524288,4096,155dfc49f4c05f1087ef002a279acee734e738bc580f2b3925315f95a108242b,measured,21,29028,318892,347920,94,0,0,131072,131071,1,Pass,Pass,192086794746352270
0,31,31,A0-dup,A0,512KiB,524288,4096,155dfc49f4c05f1087ef002a279acee734e738bc580f2b3925315f95a108242b,measured,21,28778,318960,347738,53,0,0,131072,131071,1,Pass,Pass,192086794746352270
0,31,32,A0-dup,A0,1MiB,1048576,8192,337a179ec729c20c01309d98317f7ca00691d12ca10285b55ade71fb880e191c,measured,21,57705,681834,739539,61,0,0,131072,131071,1,Pass,Pass,16341657278089853397
0,31,33,Adefs,Adefs,256KiB,262144,2048,6f0154469137295abd7b45b25bc83aace599559234fd5f331140bd800c48b670,measured,21,14378,156778,171156,62,0,0,131072,131071,1,Pass,Pass,1126272383489710074
0,31,34,Adefs,Adefs,512KiB,524288,4096,155dfc49f4c05f1087ef002a279acee734e738bc580f2b3925315f95a108242b,measured,21,29291,296087,325378,64,0,0,131072,131071,1,Pass,Pass,192086794746352270
0,31,35,Acapacity,Acapacity,4MiB,4194304,32768,f9dc4b51d64658b088837d5f2a7d485e8eba57daed852c20d443b77cc8137655,measured,21,502486,4341341,4843827,315,0,0,131072,131071,1,Pass,Pass,7876534982476418273
0,31,36,Adefs,Adefs,128KiB,131072,1024,22e51081397aebb06a1c4c3f85bd08a6e7041a438f4aae416970027e1ddbb24e,measured,21,6975,77282,84257,56,0,0,131072,131071,1,Pass,Pass,15067928572581534229
0,31,37,Adrop,Adrop,512KiB,524288,4096,155dfc49f4c05f1087ef002a279acee734e738bc580f2b3925315f95a108242b,measured,21,28949,255103,284052,309605,1,4096,4096,4095,1,Pass,Pass,192086794746352270
0,31,38,A0-dup,A0,128KiB,131072,1024,22e51081397aebb06a1c4c3f85bd08a6e7041a438f4aae416970027e1ddbb24e,measured,21,6474,79182,85656,71,0,0,4096,4095,1,Pass,Pass,15067928572581534229
0,31,39,Adrop,Adrop,1MiB,1048576,8192,337a179ec729c20c01309d98317f7ca00691d12ca10285b55ade71fb880e191c,measured,21,57578,535757,593335,645910,1,8192,8192,8191,1,Pass,Pass,16341657278089853397
0,32,0,Acapacity,Acapacity,16MiB,16777216,131072,0c00f8138e0e622f6fc7215fc0f0d135e79bf60450e4c79d30e30624a8842117,measured,22,2984805,22875751,25860556,345,0,0,8192,8191,1,Pass,Pass,7408339909486172793
0,32,1,Acapacity,Acapacity,512KiB,524288,4096,155dfc49f4c05f1087ef002a279acee734e738bc580f2b3925315f95a108242b,measured,22,29663,319119,348782,88,0,0,8192,8191,1,Pass,Pass,192086794746352270
0,32,2,Adefs,Adefs,8MiB,8388608,65536,e456d3adf67030c5a168df273f5171ca3e1299e54571d94cca82b117f3cf3aeb,measured,22,1422475,10145623,11568098,95,0,0,8192,8191,1,Pass,Pass,9713268438230653554
0,32,3,A0,A0,512KiB,524288,4096,155dfc49f4c05f1087ef002a279acee734e738bc580f2b3925315f95a108242b,measured,22,29543,327437,356980,86,0,0,8192,8191,1,Pass,Pass,192086794746352270
0,32,4,Adefs,Adefs,16MiB,16777216,131072,0c00f8138e0e622f6fc7215fc0f0d135e79bf60450e4c79d30e30624a8842117,measured,22,3104720,20326888,23431608,447,0,0,8192,8191,1,Pass,Pass,7408339909486172793
0,32,5,Adefs,Adefs,256KiB,262144,2048,6f0154469137295abd7b45b25bc83aace599559234fd5f331140bd800c48b670,measured,22,14240,151397,165637,58,0,0,8192,8191,1,Pass,Pass,1126272383489710074
0,32,6,Adefs,Adefs,4MiB,4194304,32768,f9dc4b51d64658b088837d5f2a7d485e8eba57daed852c20d443b77cc8137655,measured,22,400851,4247344,4648195,89,0,0,8192,8191,1,Pass,Pass,7876534982476418273
0,32,7,Acapacity,Acapacity,8MiB,8388608,65536,e456d3adf67030c5a168df273f5171ca3e1299e54571d94cca82b117f3cf3aeb,measured,22,1421822,10829946,12251768,336,0,0,8192,8191,1,Pass,Pass,9713268438230653554
0,32,8,Adefs,Adefs,2MiB,2097152,16384,6587afedd7c0f949b131311e7425d033a0754a29587f85f26ec370a31fc4edf0,measured,22,132087,1436573,1568660,95,0,0,8192,8191,1,Pass,Pass,7349817109290025153
0,32,9,A0,A0,128KiB,131072,1024,22e51081397aebb06a1c4c3f85bd08a6e7041a438f4aae416970027e1ddbb24e,measured,22,6768,81853,88621,58,0,0,8192,8191,1,Pass,Pass,15067928572581534229
0,32,10,Adrop,Adrop,256KiB,262144,2048,6f0154469137295abd7b45b25bc83aace599559234fd5f331140bd800c48b670,measured,22,13579,122845,136424,154519,1,2048,2048,2047,1,Pass,Pass,1126272383489710074
0,32,11,Acapacity,Acapacity,128KiB,131072,1024,22e51081397aebb06a1c4c3f85bd08a6e7041a438f4aae416970027e1ddbb24e,measured,22,6504,77184,83688,90,0,0,2048,2047,1,Pass,Pass,15067928572581534229
0,32,12,A0-dup,A0,512KiB,524288,4096,155dfc49f4c05f1087ef002a279acee734e738bc580f2b3925315f95a108242b,measured,22,29246,323851,353097,78,0,0,2048,2047,1,Pass,Pass,192086794746352270
0,32,13,A0,A0,8MiB,8388608,65536,e456d3adf67030c5a168df273f5171ca3e1299e54571d94cca82b117f3cf3aeb,measured,22,1402185,10906444,12308629,197,0,0,2048,2047,1,Pass,Pass,9713268438230653554
0,32,14,A0,A0,1MiB,1048576,8192,337a179ec729c20c01309d98317f7ca00691d12ca10285b55ade71fb880e191c,measured,22,58149,651441,709590,121,0,0,2048,2047,1,Pass,Pass,16341657278089853397
0,32,15,A0-dup,A0,16MiB,16777216,131072,0c00f8138e0e622f6fc7215fc0f0d135e79bf60450e4c79d30e30624a8842117,measured,22,3089938,22434989,25524927,276,0,0,2048,2047,1,Pass,Pass,7408339909486172793
0,32,16,Acapacity,Acapacity,1MiB,1048576,8192,337a179ec729c20c01309d98317f7ca00691d12ca10285b55ade71fb880e191c,measured,22,57868,647467,705335,328,0,0,2048,2047,1,Pass,Pass,16341657278089853397
0,32,17,Adrop,Adrop,1MiB,1048576,8192,337a179ec729c20c01309d98317f7ca00691d12ca10285b55ade71fb880e191c,measured,22,58169,518925,577094,639310,1,8192,8192,8191,1,Pass,Pass,16341657278089853397
0,32,18,A0,A0,256KiB,262144,2048,6f0154469137295abd7b45b25bc83aace599559234fd5f331140bd800c48b670,measured,22,13300,163050,176350,61,0,0,8192,8191,1,Pass,Pass,1126272383489710074
0,32,19,Acapacity,Acapacity,4MiB,4194304,32768,f9dc4b51d64658b088837d5f2a7d485e8eba57daed852c20d443b77cc8137655,measured,22,362091,4323845,4685936,101,0,0,8192,8191,1,Pass,Pass,7876534982476418273
0,32,20,Adrop,Adrop,2MiB,2097152,16384,6587afedd7c0f949b131311e7425d033a0754a29587f85f26ec370a31fc4edf0,measured,22,145106,1370951,1516057,1736923,1,16384,16384,16383,1,Pass,Pass,7349817109290025153
0,32,21,Adrop,Adrop,8MiB,8388608,65536,e456d3adf67030c5a168df273f5171ca3e1299e54571d94cca82b117f3cf3aeb,measured,22,1386138,9426761,10812899,8804241,1,65536,65536,65535,1,Pass,Pass,9713268438230653554
0,32,22,A0-dup,A0,4MiB,4194304,32768,f9dc4b51d64658b088837d5f2a7d485e8eba57daed852c20d443b77cc8137655,measured,22,529609,4502840,5032449,271,0,0,65536,65535,1,Pass,Pass,7876534982476418273
0,32,23,A0-dup,A0,8MiB,8388608,65536,e456d3adf67030c5a168df273f5171ca3e1299e54571d94cca82b117f3cf3aeb,measured,22,1397427,10915335,12312762,188,0,0,65536,65535,1,Pass,Pass,9713268438230653554
0,32,24,Adrop,Adrop,4MiB,4194304,32768,f9dc4b51d64658b088837d5f2a7d485e8eba57daed852c20d443b77cc8137655,measured,22,422368,3513396,3935764,4378019,1,32768,32768,32767,1,Pass,Pass,7876534982476418273
0,32,25,Adefs,Adefs,512KiB,524288,4096,155dfc49f4c05f1087ef002a279acee734e738bc580f2b3925315f95a108242b,measured,22,29969,300303,330272,284,0,0,32768,32767,1,Pass,Pass,192086794746352270
0,32,26,A0,A0,2MiB,2097152,16384,6587afedd7c0f949b131311e7425d033a0754a29587f85f26ec370a31fc4edf0,measured,22,122195,1477585,1599780,332,0,0,32768,32767,1,Pass,Pass,7349817109290025153
0,32,27,Adrop,Adrop,16MiB,16777216,131072,0c00f8138e0e622f6fc7215fc0f0d135e79bf60450e4c79d30e30624a8842117,measured,22,3043816,21227650,24271466,19095726,1,131072,131072,131071,1,Pass,Pass,7408339909486172793
0,32,28,A0,A0,4MiB,4194304,32768,f9dc4b51d64658b088837d5f2a7d485e8eba57daed852c20d443b77cc8137655,measured,22,408446,4281587,4690033,496,0,0,131072,131071,1,Pass,Pass,7876534982476418273
0,32,29,A0-dup,A0,256KiB,262144,2048,6f0154469137295abd7b45b25bc83aace599559234fd5f331140bd800c48b670,measured,22,14235,161666,175901,92,0,0,131072,131071,1,Pass,Pass,1126272383489710074
0,32,30,A0-dup,A0,1MiB,1048576,8192,337a179ec729c20c01309d98317f7ca00691d12ca10285b55ade71fb880e191c,measured,22,57969,650156,708125,56,0,0,131072,131071,1,Pass,Pass,16341657278089853397
0,32,31,A0-dup,A0,128KiB,131072,1024,22e51081397aebb06a1c4c3f85bd08a6e7041a438f4aae416970027e1ddbb24e,measured,22,6783,79172,85955,63,0,0,131072,131071,1,Pass,Pass,15067928572581534229
0,32,32,A0,A0,16MiB,16777216,131072,0c00f8138e0e622f6fc7215fc0f0d135e79bf60450e4c79d30e30624a8842117,measured,22,2976839,26449600,29426439,389,0,0,131072,131071,1,Pass,Pass,7408339909486172793
0,32,33,Adrop,Adrop,512KiB,524288,4096,155dfc49f4c05f1087ef002a279acee734e738bc580f2b3925315f95a108242b,measured,22,29265,268632,297897,308855,1,4096,4096,4095,1,Pass,Pass,192086794746352270
0,32,34,A0-dup,A0,2MiB,2097152,16384,6587afedd7c0f949b131311e7425d033a0754a29587f85f26ec370a31fc4edf0,measured,22,116311,1441573,1557884,548,0,0,4096,4095,1,Pass,Pass,7349817109290025153
0,32,35,Adrop,Adrop,128KiB,131072,1024,22e51081397aebb06a1c4c3f85bd08a6e7041a438f4aae416970027e1ddbb24e,measured,22,7047,65128,72175,81776,1,1024,1024,1023,1,Pass,Pass,15067928572581534229
0,32,36,Acapacity,Acapacity,2MiB,2097152,16384,6587afedd7c0f949b131311e7425d033a0754a29587f85f26ec370a31fc4edf0,measured,22,133181,1457136,1590317,188,0,0,1024,1023,1,Pass,Pass,7349817109290025153
0,32,37,Adefs,Adefs,128KiB,131072,1024,22e51081397aebb06a1c4c3f85bd08a6e7041a438f4aae416970027e1ddbb24e,measured,22,7042,76994,84036,94,0,0,1024,1023,1,Pass,Pass,15067928572581534229
0,32,38,Acapacity,Acapacity,256KiB,262144,2048,6f0154469137295abd7b45b25bc83aace599559234fd5f331140bd800c48b670,measured,22,13642,154635,168277,74,0,0,1024,1023,1,Pass,Pass,1126272383489710074
0,32,39,Adefs,Adefs,1MiB,1048576,8192,337a179ec729c20c01309d98317f7ca00691d12ca10285b55ade71fb880e191c,measured,22,57451,601766,659217,72,0,0,1024,1023,1,Pass,Pass,16341657278089853397
0,33,0,Acapacity,Acapacity,1MiB,1048576,8192,337a179ec729c20c01309d98317f7ca00691d12ca10285b55ade71fb880e191c,measured,23,57895,633742,691637,73,0,0,1024,1023,1,Pass,Pass,16341657278089853397
0,33,1,Acapacity,Acapacity,8MiB,8388608,65536,e456d3adf67030c5a168df273f5171ca3e1299e54571d94cca82b117f3cf3aeb,measured,23,1397561,10880038,12277599,330,0,0,1024,1023,1,Pass,Pass,9713268438230653554
0,33,2,A0-dup,A0,4MiB,4194304,32768,f9dc4b51d64658b088837d5f2a7d485e8eba57daed852c20d443b77cc8137655,measured,23,387835,4239129,4626964,190,0,0,1024,1023,1,Pass,Pass,7876534982476418273
0,33,3,Adefs,Adefs,2MiB,2097152,16384,6587afedd7c0f949b131311e7425d033a0754a29587f85f26ec370a31fc4edf0,measured,23,123428,1429667,1553095,295,0,0,1024,1023,1,Pass,Pass,7349817109290025153
0,33,4,Adefs,Adefs,8MiB,8388608,65536,e456d3adf67030c5a168df273f5171ca3e1299e54571d94cca82b117f3cf3aeb,measured,23,1378222,9882210,11260432,184,0,0,1024,1023,1,Pass,Pass,9713268438230653554
0,33,5,Adrop,Adrop,128KiB,131072,1024,22e51081397aebb06a1c4c3f85bd08a6e7041a438f4aae416970027e1ddbb24e,measured,23,6990,65477,72467,86499,1,1024,1024,1023,1,Pass,Pass,15067928572581534229
0,33,6,Adrop,Adrop,1MiB,1048576,8192,337a179ec729c20c01309d98317f7ca00691d12ca10285b55ade71fb880e191c,measured,23,57812,529368,587180,642001,1,8192,8192,8191,1,Pass,Pass,16341657278089853397
0,33,7,A0-dup,A0,8MiB,8388608,65536,e456d3adf67030c5a168df273f5171ca3e1299e54571d94cca82b117f3cf3aeb,measured,23,1412099,10931438,12343537,213,0,0,8192,8191,1,Pass,Pass,9713268438230653554
0,33,8,A0,A0,4MiB,4194304,32768,f9dc4b51d64658b088837d5f2a7d485e8eba57daed852c20d443b77cc8137655,measured,23,468586,4507607,4976193,278,0,0,8192,8191,1,Pass,Pass,7876534982476418273
0,33,9,Acapacity,Acapacity,16MiB,16777216,131072,0c00f8138e0e622f6fc7215fc0f0d135e79bf60450e4c79d30e30624a8842117,measured,23,2964913,22787940,25752853,259,0,0,8192,8191,1,Pass,Pass,7408339909486172793
0,33,10,Adefs,Adefs,512KiB,524288,4096,155dfc49f4c05f1087ef002a279acee734e738bc580f2b3925315f95a108242b,measured,23,29132,305832,334964,188,0,0,8192,8191,1,Pass,Pass,192086794746352270
0,33,11,A0-dup,A0,512KiB,524288,4096,155dfc49f4c05f1087ef002a279acee734e738bc580f2b3925315f95a108242b,measured,23,28842,331197,360039,65,0,0,8192,8191,1,Pass,Pass,192086794746352270
0,33,12,Adrop,Adrop,512KiB,524288,4096,155dfc49f4c05f1087ef002a279acee734e738bc580f2b3925315f95a108242b,measured,23,28995,248433,277428,317258,1,4096,4096,4095,1,Pass,Pass,192086794746352270
0,33,13,Acapacity,Acapacity,2MiB,2097152,16384,6587afedd7c0f949b131311e7425d033a0754a29587f85f26ec370a31fc4edf0,measured,23,167785,1565955,1733740,267,0,0,4096,4095,1,Pass,Pass,7349817109290025153
0,33,14,Adefs,Adefs,4MiB,4194304,32768,f9dc4b51d64658b088837d5f2a7d485e8eba57daed852c20d443b77cc8137655,measured,23,417989,4000412,4418401,196,0,0,4096,4095,1,Pass,Pass,7876534982476418273
0,33,15,Adefs,Adefs,16MiB,16777216,131072,0c00f8138e0e622f6fc7215fc0f0d135e79bf60450e4c79d30e30624a8842117,measured,23,3053469,20485344,23538813,361,0,0,4096,4095,1,Pass,Pass,7408339909486172793
0,33,16,A0-dup,A0,256KiB,262144,2048,6f0154469137295abd7b45b25bc83aace599559234fd5f331140bd800c48b670,measured,23,14113,167757,181870,95,0,0,4096,4095,1,Pass,Pass,1126272383489710074
0,33,17,A0,A0,16MiB,16777216,131072,0c00f8138e0e622f6fc7215fc0f0d135e79bf60450e4c79d30e30624a8842117,measured,23,2928232,23211861,26140093,344,0,0,4096,4095,1,Pass,Pass,7408339909486172793
0,33,18,A0,A0,8MiB,8388608,65536,e456d3adf67030c5a168df273f5171ca3e1299e54571d94cca82b117f3cf3aeb,measured,23,1405180,11168863,12574043,97,0,0,4096,4095,1,Pass,Pass,9713268438230653554
0,33,19,Acapacity,Acapacity,512KiB,524288,4096,155dfc49f4c05f1087ef002a279acee734e738bc580f2b3925315f95a108242b,measured,23,29563,315658,345221,98,0,0,4096,4095,1,Pass,Pass,192086794746352270
0,33,20,Acapacity,Acapacity,4MiB,4194304,32768,f9dc4b51d64658b088837d5f2a7d485e8eba57daed852c20d443b77cc8137655,measured,23,345116,4162974,4508090,179,0,0,4096,4095,1,Pass,Pass,7876534982476418273
0,33,21,Acapacity,Acapacity,128KiB,131072,1024,22e51081397aebb06a1c4c3f85bd08a6e7041a438f4aae416970027e1ddbb24e,measured,23,6935,80424,87359,60,0,0,4096,4095,1,Pass,Pass,15067928572581534229
0,33,22,Adrop,Adrop,2MiB,2097152,16384,6587afedd7c0f949b131311e7425d033a0754a29587f85f26ec370a31fc4edf0,measured,23,138090,1301071,1439161,1752185,1,16384,16384,16383,1,Pass,Pass,7349817109290025153
0,33,23,Adrop,Adrop,4MiB,4194304,32768,f9dc4b51d64658b088837d5f2a7d485e8eba57daed852c20d443b77cc8137655,measured,23,525528,3712173,4237701,3870673,1,32768,32768,32767,1,Pass,Pass,7876534982476418273
0,33,24,A0,A0,1MiB,1048576,8192,337a179ec729c20c01309d98317f7ca00691d12ca10285b55ade71fb880e191c,measured,23,57975,657247,715222,244,0,0,32768,32767,1,Pass,Pass,16341657278089853397
0,33,25,A0-dup,A0,16MiB,16777216,131072,0c00f8138e0e622f6fc7215fc0f0d135e79bf60450e4c79d30e30624a8842117,measured,23,3178883,22738905,25917788,373,0,0,32768,32767,1,Pass,Pass,7408339909486172793
0,33,26,Adefs,Adefs,256KiB,262144,2048,6f0154469137295abd7b45b25bc83aace599559234fd5f331140bd800c48b670,measured,23,13815,152473,166288,215,0,0,32768,32767,1,Pass,Pass,1126272383489710074
0,33,27,Adefs,Adefs,1MiB,1048576,8192,337a179ec729c20c01309d98317f7ca00691d12ca10285b55ade71fb880e191c,measured,23,57811,619073,676884,88,0,0,32768,32767,1,Pass,Pass,16341657278089853397
0,33,28,Adrop,Adrop,16MiB,16777216,131072,0c00f8138e0e622f6fc7215fc0f0d135e79bf60450e4c79d30e30624a8842117,measured,23,2959578,20122361,23081939,19364497,1,131072,131072,131071,1,Pass,Pass,7408339909486172793
0,33,29,A0,A0,128KiB,131072,1024,22e51081397aebb06a1c4c3f85bd08a6e7041a438f4aae416970027e1ddbb24e,measured,23,7235,82864,90099,197,0,0,131072,131071,1,Pass,Pass,15067928572581534229
0,33,30,Adefs,Adefs,128KiB,131072,1024,22e51081397aebb06a1c4c3f85bd08a6e7041a438f4aae416970027e1ddbb24e,measured,23,6742,73100,79842,55,0,0,131072,131071,1,Pass,Pass,15067928572581534229
0,33,31,A0,A0,512KiB,524288,4096,155dfc49f4c05f1087ef002a279acee734e738bc580f2b3925315f95a108242b,measured,23,29127,337836,366963,77,0,0,131072,131071,1,Pass,Pass,192086794746352270
0,33,32,A0,A0,256KiB,262144,2048,6f0154469137295abd7b45b25bc83aace599559234fd5f331140bd800c48b670,measured,23,13858,156078,169936,75,0,0,131072,131071,1,Pass,Pass,1126272383489710074
0,33,33,A0-dup,A0,128KiB,131072,1024,22e51081397aebb06a1c4c3f85bd08a6e7041a438f4aae416970027e1ddbb24e,measured,23,6506,78200,84706,67,0,0,131072,131071,1,Pass,Pass,15067928572581534229
0,33,34,Adrop,Adrop,256KiB,262144,2048,6f0154469137295abd7b45b25bc83aace599559234fd5f331140bd800c48b670,measured,23,13530,122340,135870,157845,1,2048,2048,2047,1,Pass,Pass,1126272383489710074
0,33,35,A0,A0,2MiB,2097152,16384,6587afedd7c0f949b131311e7425d033a0754a29587f85f26ec370a31fc4edf0,measured,23,115822,1448724,1564546,362,0,0,2048,2047,1,Pass,Pass,7349817109290025153
0,33,36,Adrop,Adrop,8MiB,8388608,65536,e456d3adf67030c5a168df273f5171ca3e1299e54571d94cca82b117f3cf3aeb,measured,23,1368797,9362087,10730884,8611624,1,65536,65536,65535,1,Pass,Pass,9713268438230653554
0,33,37,Acapacity,Acapacity,256KiB,262144,2048,6f0154469137295abd7b45b25bc83aace599559234fd5f331140bd800c48b670,measured,23,14176,179657,193833,352,0,0,65536,65535,1,Pass,Pass,1126272383489710074
0,33,38,A0-dup,A0,1MiB,1048576,8192,337a179ec729c20c01309d98317f7ca00691d12ca10285b55ade71fb880e191c,measured,23,58149,669658,727807,138,0,0,65536,65535,1,Pass,Pass,16341657278089853397
0,33,39,A0-dup,A0,2MiB,2097152,16384,6587afedd7c0f949b131311e7425d033a0754a29587f85f26ec370a31fc4edf0,measured,23,148751,1542071,1690822,520,0,0,65536,65535,1,Pass,Pass,7349817109290025153
0,34,0,A0,A0,4MiB,4194304,32768,f9dc4b51d64658b088837d5f2a7d485e8eba57daed852c20d443b77cc8137655,measured,24,386907,4209671,4596578,181,0,0,65536,65535,1,Pass,Pass,7876534982476418273
0,34,1,A0,A0,2MiB,2097152,16384,6587afedd7c0f949b131311e7425d033a0754a29587f85f26ec370a31fc4edf0,measured,24,155247,1582444,1737691,106,0,0,65536,65535,1,Pass,Pass,7349817109290025153
0,34,2,Adrop,Adrop,256KiB,262144,2048,6f0154469137295abd7b45b25bc83aace599559234fd5f331140bd800c48b670,measured,24,13829,125565,139394,161836,1,2048,2048,2047,1,Pass,Pass,1126272383489710074
0,34,3,Acapacity,Acapacity,128KiB,131072,1024,22e51081397aebb06a1c4c3f85bd08a6e7041a438f4aae416970027e1ddbb24e,measured,24,6651,77821,84472,90,0,0,2048,2047,1,Pass,Pass,15067928572581534229
0,34,4,A0-dup,A0,128KiB,131072,1024,22e51081397aebb06a1c4c3f85bd08a6e7041a438f4aae416970027e1ddbb24e,measured,24,6519,78947,85466,70,0,0,2048,2047,1,Pass,Pass,15067928572581534229
0,34,5,Acapacity,Acapacity,8MiB,8388608,65536,e456d3adf67030c5a168df273f5171ca3e1299e54571d94cca82b117f3cf3aeb,measured,24,1352272,10780134,12132406,270,0,0,2048,2047,1,Pass,Pass,9713268438230653554
0,34,6,Adrop,Adrop,128KiB,131072,1024,22e51081397aebb06a1c4c3f85bd08a6e7041a438f4aae416970027e1ddbb24e,measured,24,6995,64638,71633,81943,1,1024,1024,1023,1,Pass,Pass,15067928572581534229
0,34,7,A0-dup,A0,4MiB,4194304,32768,f9dc4b51d64658b088837d5f2a7d485e8eba57daed852c20d443b77cc8137655,measured,24,546096,4418052,4964148,108,0,0,1024,1023,1,Pass,Pass,7876534982476418273
0,34,8,Acapacity,Acapacity,4MiB,4194304,32768,f9dc4b51d64658b088837d5f2a7d485e8eba57daed852c20d443b77cc8137655,measured,24,456694,4370930,4827624,131,0,0,1024,1023,1,Pass,Pass,7876534982476418273
0,34,9,Adefs,Adefs,1MiB,1048576,8192,337a179ec729c20c01309d98317f7ca00691d12ca10285b55ade71fb880e191c,measured,24,57922,612013,669935,118,0,0,1024,1023,1,Pass,Pass,16341657278089853397
0,34,10,A0-dup,A0,8MiB,8388608,65536,e456d3adf67030c5a168df273f5171ca3e1299e54571d94cca82b117f3cf3aeb,measured,24,1474421,11780776,13255197,172,0,0,1024,1023,1,Pass,Pass,9713268438230653554
0,34,11,A0-dup,A0,512KiB,524288,4096,155dfc49f4c05f1087ef002a279acee734e738bc580f2b3925315f95a108242b,measured,24,29573,317472,347045,113,0,0,1024,1023,1,Pass,Pass,192086794746352270
0,34,12,Adrop,Adrop,1MiB,1048576,8192,337a179ec729c20c01309d98317f7ca00691d12ca10285b55ade71fb880e191c,measured,24,57616,530675,588291,636954,1,8192,8192,8191,1,Pass,Pass,16341657278089853397
0,34,13,Adrop,Adrop,512KiB,524288,4096,155dfc49f4c05f1087ef002a279acee734e738bc580f2b3925315f95a108242b,measured,24,29085,251857,280942,318728,1,4096,4096,4095,1,Pass,Pass,192086794746352270
0,34,14,Adefs,Adefs,512KiB,524288,4096,155dfc49f4c05f1087ef002a279acee734e738bc580f2b3925315f95a108242b,measured,24,29035,292709,321744,69,0,0,4096,4095,1,Pass,Pass,192086794746352270
0,34,15,Adefs,Adefs,16MiB,16777216,131072,0c00f8138e0e622f6fc7215fc0f0d135e79bf60450e4c79d30e30624a8842117,measured,24,2930335,24837911,27768246,341,0,0,4096,4095,1,Pass,Pass,7408339909486172793
0,34,16,Acapacity,Acapacity,16MiB,16777216,131072,0c00f8138e0e622f6fc7215fc0f0d135e79bf60450e4c79d30e30624a8842117,measured,24,3023825,22692955,25716780,142,0,0,4096,4095,1,Pass,Pass,7408339909486172793
0,34,17,Adrop,Adrop,8MiB,8388608,65536,e456d3adf67030c5a168df273f5171ca3e1299e54571d94cca82b117f3cf3aeb,measured,24,1395370,9067415,10462785,8392814,1,65536,65536,65535,1,Pass,Pass,9713268438230653554
0,34,18,Adefs,Adefs,128KiB,131072,1024,22e51081397aebb06a1c4c3f85bd08a6e7041a438f4aae416970027e1ddbb24e,measured,24,7028,77755,84783,99,0,0,65536,65535,1,Pass,Pass,15067928572581534229
0,34,19,Adrop,Adrop,4MiB,4194304,32768,f9dc4b51d64658b088837d5f2a7d485e8eba57daed852c20d443b77cc8137655,measured,24,302486,3557421,3859907,4237397,1,32768,32768,32767,1,Pass,Pass,7876534982476418273
0,34,20,A0,A0,128KiB,131072,1024,22e51081397aebb06a1c4c3f85bd08a6e7041a438f4aae416970027e1ddbb24e,measured,24,6907,81912,88819,265,0,0,32768,32767,1,Pass,Pass,15067928572581534229
0,34,21,A0,A0,8MiB,8388608,65536,e456d3adf67030c5a168df273f5171ca3e1299e54571d94cca82b117f3cf3aeb,measured,24,1393260,11040518,12433778,274,0,0,32768,32767,1,Pass,Pass,9713268438230653554
0,34,22,A0-dup,A0,16MiB,16777216,131072,0c00f8138e0e622f6fc7215fc0f0d135e79bf60450e4c79d30e30624a8842117,measured,24,3007252,23330537,26337789,289,0,0,32768,32767,1,Pass,Pass,7408339909486172793
0,34,23,Adrop,Adrop,2MiB,2097152,16384,6587afedd7c0f949b131311e7425d033a0754a29587f85f26ec370a31fc4edf0,measured,24,154037,1377462,1531499,1746057,1,16384,16384,16383,1,Pass,Pass,7349817109290025153
0,34,24,Acapacity,Acapacity,256KiB,262144,2048,6f0154469137295abd7b45b25bc83aace599559234fd5f331140bd800c48b670,measured,24,13965,157936,171901,320,0,0,16384,16383,1,Pass,Pass,1126272383489710074
0,34,25,A0,A0,1MiB,1048576,8192,337a179ec729c20c01309d98317f7ca00691d12ca10285b55ade71fb880e191c,measured,24,58010,656272,714282,104,0,0,16384,16383,1,Pass,Pass,16341657278089853397
0,34,26,Adefs,Adefs,256KiB,262144,2048,6f0154469137295abd7b45b25bc83aace599559234fd5f331140bd800c48b670,measured,24,13356,149141,162497,83,0,0,16384,16383,1,Pass,Pass,1126272383489710074
0,34,27,A0-dup,A0,2MiB,2097152,16384,6587afedd7c0f949b131311e7425d033a0754a29587f85f26ec370a31fc4edf0,measured,24,121233,1447630,1568863,200,0,0,16384,16383,1,Pass,Pass,7349817109290025153
0,34,28,Adrop,Adrop,16MiB,16777216,131072,0c00f8138e0e622f6fc7215fc0f0d135e79bf60450e4c79d30e30624a8842117,measured,24,3008131,20132923,23141054,21615112,1,131072,131072,131071,1,Pass,Pass,7408339909486172793
0,34,29,A0-dup,A0,256KiB,262144,2048,6f0154469137295abd7b45b25bc83aace599559234fd5f331140bd800c48b670,measured,24,13860,160813,174673,296,0,0,131072,131071,1,Pass,Pass,1126272383489710074
0,34,30,A0,A0,512KiB,524288,4096,155dfc49f4c05f1087ef002a279acee734e738bc580f2b3925315f95a108242b,measured,24,29196,323314,352510,83,0,0,131072,131071,1,Pass,Pass,192086794746352270
0,34,31,Acapacity,Acapacity,1MiB,1048576,8192,337a179ec729c20c01309d98317f7ca00691d12ca10285b55ade71fb880e191c,measured,24,57408,652997,710405,100,0,0,131072,131071,1,Pass,Pass,16341657278089853397
0,34,32,A0-dup,A0,1MiB,1048576,8192,337a179ec729c20c01309d98317f7ca00691d12ca10285b55ade71fb880e191c,measured,24,57661,653455,711116,114,0,0,131072,131071,1,Pass,Pass,16341657278089853397
0,34,33,Adefs,Adefs,2MiB,2097152,16384,6587afedd7c0f949b131311e7425d033a0754a29587f85f26ec370a31fc4edf0,measured,24,120943,1422858,1543801,578,0,0,131072,131071,1,Pass,Pass,7349817109290025153
0,34,34,Acapacity,Acapacity,512KiB,524288,4096,155dfc49f4c05f1087ef002a279acee734e738bc580f2b3925315f95a108242b,measured,24,30508,361602,392110,122,0,0,131072,131071,1,Pass,Pass,192086794746352270
0,34,35,A0,A0,256KiB,262144,2048,6f0154469137295abd7b45b25bc83aace599559234fd5f331140bd800c48b670,measured,24,13555,162640,176195,130,0,0,131072,131071,1,Pass,Pass,1126272383489710074
0,34,36,Adefs,Adefs,4MiB,4194304,32768,f9dc4b51d64658b088837d5f2a7d485e8eba57daed852c20d443b77cc8137655,measured,24,444189,3964254,4408443,270,0,0,131072,131071,1,Pass,Pass,7876534982476418273
0,34,37,Acapacity,Acapacity,2MiB,2097152,16384,6587afedd7c0f949b131311e7425d033a0754a29587f85f26ec370a31fc4edf0,measured,24,127470,1474301,1601771,435,0,0,131072,131071,1,Pass,Pass,7349817109290025153
0,34,38,A0,A0,16MiB,16777216,131072,0c00f8138e0e622f6fc7215fc0f0d135e79bf60450e4c79d30e30624a8842117,measured,24,3063174,25535506,28598680,642,0,0,131072,131071,1,Pass,Pass,7408339909486172793
0,34,39,Adefs,Adefs,8MiB,8388608,65536,e456d3adf67030c5a168df273f5171ca3e1299e54571d94cca82b117f3cf3aeb,measured,24,1400551,10212273,11612824,133,0,0,131072,131071,1,Pass,Pass,9713268438230653554
0,35,0,A0,A0,256KiB,262144,2048,6f0154469137295abd7b45b25bc83aace599559234fd5f331140bd800c48b670,measured,25,14030,161797,175827,150,0,0,131072,131071,1,Pass,Pass,1126272383489710074
0,35,1,Adefs,Adefs,128KiB,131072,1024,22e51081397aebb06a1c4c3f85bd08a6e7041a438f4aae416970027e1ddbb24e,measured,25,6693,74233,80926,83,0,0,131072,131071,1,Pass,Pass,15067928572581534229
0,35,2,Adrop,Adrop,2MiB,2097152,16384,6587afedd7c0f949b131311e7425d033a0754a29587f85f26ec370a31fc4edf0,measured,25,122001,1230268,1352269,1968459,1,16384,16384,16383,1,Pass,Pass,7349817109290025153
0,35,3,Acapacity,Acapacity,1MiB,1048576,8192,337a179ec729c20c01309d98317f7ca00691d12ca10285b55ade71fb880e191c,measured,25,57670,641854,699524,112,0,0,16384,16383,1,Pass,Pass,16341657278089853397
0,35,4,A0-dup,A0,128KiB,131072,1024,22e51081397aebb06a1c4c3f85bd08a6e7041a438f4aae416970027e1ddbb24e,measured,25,6586,79862,86448,76,0,0,16384,16383,1,Pass,Pass,15067928572581534229
0,35,5,Adrop,Adrop,256KiB,262144,2048,6f0154469137295abd7b45b25bc83aace599559234fd5f331140bd800c48b670,measured,25,13661,121767,135428,155608,1,2048,2048,2047,1,Pass,Pass,1126272383489710074
0,35,6,A0-dup,A0,4MiB,4194304,32768,f9dc4b51d64658b088837d5f2a7d485e8eba57daed852c20d443b77cc8137655,measured,25,442095,4482775,4924870,208,0,0,2048,2047,1,Pass,Pass,7876534982476418273
0,35,7,A0-dup,A0,1MiB,1048576,8192,337a179ec729c20c01309d98317f7ca00691d12ca10285b55ade71fb880e191c,measured,25,57860,637842,695702,270,0,0,2048,2047,1,Pass,Pass,16341657278089853397
0,35,8,Acapacity,Acapacity,16MiB,16777216,131072,0c00f8138e0e622f6fc7215fc0f0d135e79bf60450e4c79d30e30624a8842117,measured,25,2930638,22618209,25548847,281,0,0,2048,2047,1,Pass,Pass,7408339909486172793
0,35,9,Adefs,Adefs,2MiB,2097152,16384,6587afedd7c0f949b131311e7425d033a0754a29587f85f26ec370a31fc4edf0,measured,25,121380,1416537,1537917,363,0,0,2048,2047,1,Pass,Pass,7349817109290025153
0,35,10,Adrop,Adrop,512KiB,524288,4096,155dfc49f4c05f1087ef002a279acee734e738bc580f2b3925315f95a108242b,measured,25,30780,291409,322189,336006,1,4096,4096,4095,1,Pass,Pass,192086794746352270
0,35,11,A0,A0,16MiB,16777216,131072,0c00f8138e0e622f6fc7215fc0f0d135e79bf60450e4c79d30e30624a8842117,measured,25,2981584,23477129,26458713,580,0,0,4096,4095,1,Pass,Pass,7408339909486172793
0,35,12,Acapacity,Acapacity,256KiB,262144,2048,6f0154469137295abd7b45b25bc83aace599559234fd5f331140bd800c48b670,measured,25,13752,157650,171402,182,0,0,4096,4095,1,Pass,Pass,1126272383489710074
0,35,13,A0,A0,512KiB,524288,4096,155dfc49f4c05f1087ef002a279acee734e738bc580f2b3925315f95a108242b,measured,25,28745,336267,365012,73,0,0,4096,4095,1,Pass,Pass,192086794746352270
0,35,14,Acapacity,Acapacity,512KiB,524288,4096,155dfc49f4c05f1087ef002a279acee734e738bc580f2b3925315f95a108242b,measured,25,28704,310720,339424,97,0,0,4096,4095,1,Pass,Pass,192086794746352270
0,35,15,Adefs,Adefs,16MiB,16777216,131072,0c00f8138e0e622f6fc7215fc0f0d135e79bf60450e4c79d30e30624a8842117,measured,25,2928229,20999967,23928196,353,0,0,4096,4095,1,Pass,Pass,7408339909486172793
0,35,16,A0,A0,2MiB,2097152,16384,6587afedd7c0f949b131311e7425d033a0754a29587f85f26ec370a31fc4edf0,measured,25,122446,1447791,1570237,125,0,0,4096,4095,1,Pass,Pass,7349817109290025153
0,35,17,A0,A0,4MiB,4194304,32768,f9dc4b51d64658b088837d5f2a7d485e8eba57daed852c20d443b77cc8137655,measured,25,405954,4287993,4693947,565,0,0,4096,4095,1,Pass,Pass,7876534982476418273
0,35,18,A0-dup,A0,256KiB,262144,2048,6f0154469137295abd7b45b25bc83aace599559234fd5f331140bd800c48b670,measured,25,14069,161503,175572,87,0,0,4096,4095,1,Pass,Pass,1126272383489710074
0,35,19,A0-dup,A0,16MiB,16777216,131072,0c00f8138e0e622f6fc7215fc0f0d135e79bf60450e4c79d30e30624a8842117,measured,25,2977309,23489991,26467300,358,0,0,4096,4095,1,Pass,Pass,7408339909486172793
0,35,20,A0,A0,8MiB,8388608,65536,e456d3adf67030c5a168df273f5171ca3e1299e54571d94cca82b117f3cf3aeb,measured,25,1412625,10667328,12079953,143,0,0,4096,4095,1,Pass,Pass,9713268438230653554
0,35,21,Adefs,Adefs,256KiB,262144,2048,6f0154469137295abd7b45b25bc83aace599559234fd5f331140bd800c48b670,measured,25,14205,156635,170840,115,0,0,4096,4095,1,Pass,Pass,1126272383489710074
0,35,22,A0-dup,A0,512KiB,524288,4096,155dfc49f4c05f1087ef002a279acee734e738bc580f2b3925315f95a108242b,measured,25,29067,331348,360415,78,0,0,4096,4095,1,Pass,Pass,192086794746352270
0,35,23,Acapacity,Acapacity,4MiB,4194304,32768,f9dc4b51d64658b088837d5f2a7d485e8eba57daed852c20d443b77cc8137655,measured,25,334970,4166132,4501102,356,0,0,4096,4095,1,Pass,Pass,7876534982476418273
0,35,24,A0-dup,A0,2MiB,2097152,16384,6587afedd7c0f949b131311e7425d033a0754a29587f85f26ec370a31fc4edf0,measured,25,132199,1579947,1712146,92,0,0,4096,4095,1,Pass,Pass,7349817109290025153
0,35,25,A0,A0,128KiB,131072,1024,22e51081397aebb06a1c4c3f85bd08a6e7041a438f4aae416970027e1ddbb24e,measured,25,6959,81974,88933,89,0,0,4096,4095,1,Pass,Pass,15067928572581534229
0,35,26,Adrop,Adrop,128KiB,131072,1024,22e51081397aebb06a1c4c3f85bd08a6e7041a438f4aae416970027e1ddbb24e,measured,25,6454,61686,68140,82486,1,1024,1024,1023,1,Pass,Pass,15067928572581534229
0,35,27,Acapacity,Acapacity,8MiB,8388608,65536,e456d3adf67030c5a168df273f5171ca3e1299e54571d94cca82b117f3cf3aeb,measured,25,1434574,10710280,12144854,358,0,0,1024,1023,1,Pass,Pass,9713268438230653554
0,35,28,Adefs,Adefs,1MiB,1048576,8192,337a179ec729c20c01309d98317f7ca00691d12ca10285b55ade71fb880e191c,measured,25,58513,641025,699538,351,0,0,1024,1023,1,Pass,Pass,16341657278089853397
0,35,29,Adrop,Adrop,8MiB,8388608,65536,e456d3adf67030c5a168df273f5171ca3e1299e54571d94cca82b117f3cf3aeb,measured,25,1377058,9371382,10748440,8745811,1,65536,65536,65535,1,Pass,Pass,9713268438230653554
0,35,30,Adefs,Adefs,512KiB,524288,4096,155dfc49f4c05f1087ef002a279acee734e738bc580f2b3925315f95a108242b,measured,25,29628,297411,327039,139,0,0,65536,65535,1,Pass,Pass,192086794746352270
0,35,31,Adrop,Adrop,4MiB,4194304,32768,f9dc4b51d64658b088837d5f2a7d485e8eba57daed852c20d443b77cc8137655,measured,25,490762,3605476,4096238,4142824,1,32768,32768,32767,1,Pass,Pass,7876534982476418273
0,35,32,Adrop,Adrop,16MiB,16777216,131072,0c00f8138e0e622f6fc7215fc0f0d135e79bf60450e4c79d30e30624a8842117,measured,25,2944688,20221948,23166636,19070699,1,131072,131072,131071,1,Pass,Pass,7408339909486172793
0,35,33,A0-dup,A0,8MiB,8388608,65536,e456d3adf67030c5a168df273f5171ca3e1299e54571d94cca82b117f3cf3aeb,measured,25,1379583,10795760,12175343,373,0,0,131072,131071,1,Pass,Pass,9713268438230653554
0,35,34,Acapacity,Acapacity,2MiB,2097152,16384,6587afedd7c0f949b131311e7425d033a0754a29587f85f26ec370a31fc4edf0,measured,25,114126,1466492,1580618,220,0,0,131072,131071,1,Pass,Pass,7349817109290025153
0,35,35,Adefs,Adefs,4MiB,4194304,32768,f9dc4b51d64658b088837d5f2a7d485e8eba57daed852c20d443b77cc8137655,measured,25,537178,4268281,4805459,126,0,0,131072,131071,1,Pass,Pass,7876534982476418273
0,35,36,Acapacity,Acapacity,128KiB,131072,1024,22e51081397aebb06a1c4c3f85bd08a6e7041a438f4aae416970027e1ddbb24e,measured,25,6912,80192,87104,96,0,0,131072,131071,1,Pass,Pass,15067928572581534229
0,35,37,A0,A0,1MiB,1048576,8192,337a179ec729c20c01309d98317f7ca00691d12ca10285b55ade71fb880e191c,measured,25,57322,659494,716816,64,0,0,131072,131071,1,Pass,Pass,16341657278089853397
0,35,38,Adrop,Adrop,1MiB,1048576,8192,337a179ec729c20c01309d98317f7ca00691d12ca10285b55ade71fb880e191c,measured,25,57996,526899,584895,626409,1,8192,8192,8191,1,Pass,Pass,16341657278089853397
0,35,39,Adefs,Adefs,8MiB,8388608,65536,e456d3adf67030c5a168df273f5171ca3e1299e54571d94cca82b117f3cf3aeb,measured,25,1442018,10124935,11566953,263,0,0,8192,8191,1,Pass,Pass,9713268438230653554
0,36,0,A0-dup,A0,128KiB,131072,1024,22e51081397aebb06a1c4c3f85bd08a6e7041a438f4aae416970027e1ddbb24e,measured,26,7059,82664,89723,99,0,0,8192,8191,1,Pass,Pass,15067928572581534229
0,36,1,A0-dup,A0,16MiB,16777216,131072,0c00f8138e0e622f6fc7215fc0f0d135e79bf60450e4c79d30e30624a8842117,measured,26,2989839,27732021,30721860,417,0,0,8192,8191,1,Pass,Pass,7408339909486172793
0,36,2,Adefs,Adefs,16MiB,16777216,131072,0c00f8138e0e622f6fc7215fc0f0d135e79bf60450e4c79d30e30624a8842117,measured,26,2939031,21236453,24175484,283,0,0,8192,8191,1,Pass,Pass,7408339909486172793
0,36,3,A0,A0,2MiB,2097152,16384,6587afedd7c0f949b131311e7425d033a0754a29587f85f26ec370a31fc4edf0,measured,26,114822,1464384,1579206,558,0,0,8192,8191,1,Pass,Pass,7349817109290025153
0,36,4,Acapacity,Acapacity,256KiB,262144,2048,6f0154469137295abd7b45b25bc83aace599559234fd5f331140bd800c48b670,measured,26,14176,156511,170687,55,0,0,8192,8191,1,Pass,Pass,1126272383489710074
0,36,5,A0-dup,A0,2MiB,2097152,16384,6587afedd7c0f949b131311e7425d033a0754a29587f85f26ec370a31fc4edf0,measured,26,155878,1619661,1775539,106,0,0,8192,8191,1,Pass,Pass,7349817109290025153
0,36,6,A0,A0,8MiB,8388608,65536,e456d3adf67030c5a168df273f5171ca3e1299e54571d94cca82b117f3cf3aeb,measured,26,1361967,10556499,11918466,120,0,0,8192,8191,1,Pass,Pass,9713268438230653554
0,36,7,A0,A0,512KiB,524288,4096,155dfc49f4c05f1087ef002a279acee734e738bc580f2b3925315f95a108242b,measured,26,29462,335680,365142,90,0,0,8192,8191,1,Pass,Pass,192086794746352270
0,36,8,A0,A0,128KiB,131072,1024,22e51081397aebb06a1c4c3f85bd08a6e7041a438f4aae416970027e1ddbb24e,measured,26,6520,79447,85967,73,0,0,8192,8191,1,Pass,Pass,15067928572581534229
0,36,9,A0-dup,A0,512KiB,524288,4096,155dfc49f4c05f1087ef002a279acee734e738bc580f2b3925315f95a108242b,measured,26,28907,322489,351396,69,0,0,8192,8191,1,Pass,Pass,192086794746352270
0,36,10,Adrop,Adrop,1MiB,1048576,8192,337a179ec729c20c01309d98317f7ca00691d12ca10285b55ade71fb880e191c,measured,26,58172,530046,588218,629770,1,8192,8192,8191,1,Pass,Pass,16341657278089853397
0,36,11,Adefs,Adefs,1MiB,1048576,8192,337a179ec729c20c01309d98317f7ca00691d12ca10285b55ade71fb880e191c,measured,26,57763,599196,656959,94,0,0,8192,8191,1,Pass,Pass,16341657278089853397
0,36,12,Acapacity,Acapacity,128KiB,131072,1024,22e51081397aebb06a1c4c3f85bd08a6e7041a438f4aae416970027e1ddbb24e,measured,26,6599,77508,84107,75,0,0,8192,8191,1,Pass,Pass,15067928572581534229
0,36,13,A0,A0,1MiB,1048576,8192,337a179ec729c20c01309d98317f7ca00691d12ca10285b55ade71fb880e191c,measured,26,60262,730803,791065,128,0,0,8192,8191,1,Pass,Pass,16341657278089853397
0,36,14,A0,A0,16MiB,16777216,131072,0c00f8138e0e622f6fc7215fc0f0d135e79bf60450e4c79d30e30624a8842117,measured,26,3022783,23753845,26776628,455,0,0,8192,8191,1,Pass,Pass,7408339909486172793
0,36,15,Acapacity,Acapacity,8MiB,8388608,65536,e456d3adf67030c5a168df273f5171ca3e1299e54571d94cca82b117f3cf3aeb,measured,26,1399501,10944302,12343803,115,0,0,8192,8191,1,Pass,Pass,9713268438230653554
0,36,16,A0,A0,256KiB,262144,2048,6f0154469137295abd7b45b25bc83aace599559234fd5f331140bd800c48b670,measured,26,14116,167253,181369,105,0,0,8192,8191,1,Pass,Pass,1126272383489710074
0,36,17,Adrop,Adrop,2MiB,2097152,16384,6587afedd7c0f949b131311e7425d033a0754a29587f85f26ec370a31fc4edf0,measured,26,130870,1248962,1379832,1678625,1,16384,16384,16383,1,Pass,Pass,7349817109290025153
0,36,18,Adrop,Adrop,512KiB,524288,4096,155dfc49f4c05f1087ef002a279acee734e738bc580f2b3925315f95a108242b,measured,26,29436,249500,278936,321977,1,4096,4096,4095,1,Pass,Pass,192086794746352270
0,36,19,Adefs,Adefs,2MiB,2097152,16384,6587afedd7c0f949b131311e7425d033a0754a29587f85f26ec370a31fc4edf0,measured,26,133267,1434116,1567383,204,0,0,4096,4095,1,Pass,Pass,7349817109290025153
0,36,20,Adrop,Adrop,16MiB,16777216,131072,0c00f8138e0e622f6fc7215fc0f0d135e79bf60450e4c79d30e30624a8842117,measured,26,3073401,20608549,23681950,18598938,1,131072,131072,131071,1,Pass,Pass,7408339909486172793
0,36,21,A0-dup,A0,256KiB,262144,2048,6f0154469137295abd7b45b25bc83aace599559234fd5f331140bd800c48b670,measured,26,14460,161513,175973,480,0,0,131072,131071,1,Pass,Pass,1126272383489710074
0,36,22,Adrop,Adrop,8MiB,8388608,65536,e456d3adf67030c5a168df273f5171ca3e1299e54571d94cca82b117f3cf3aeb,measured,26,1411363,9495968,10907331,8954321,1,65536,65536,65535,1,Pass,Pass,9713268438230653554
0,36,23,A0-dup,A0,1MiB,1048576,8192,337a179ec729c20c01309d98317f7ca00691d12ca10285b55ade71fb880e191c,measured,26,57837,649958,707795,118,0,0,65536,65535,1,Pass,Pass,16341657278089853397
0,36,24,Adrop,Adrop,128KiB,131072,1024,22e51081397aebb06a1c4c3f85bd08a6e7041a438f4aae416970027e1ddbb24e,measured,26,6675,65427,72102,81707,1,1024,1024,1023,1,Pass,Pass,15067928572581534229
0,36,25,Adefs,Adefs,128KiB,131072,1024,22e51081397aebb06a1c4c3f85bd08a6e7041a438f4aae416970027e1ddbb24e,measured,26,6549,76787,83336,86,0,0,1024,1023,1,Pass,Pass,15067928572581534229
0,36,26,Adefs,Adefs,4MiB,4194304,32768,f9dc4b51d64658b088837d5f2a7d485e8eba57daed852c20d443b77cc8137655,measured,26,309399,4127661,4437060,339,0,0,1024,1023,1,Pass,Pass,7876534982476418273
0,36,27,Acapacity,Acapacity,16MiB,16777216,131072,0c00f8138e0e622f6fc7215fc0f0d135e79bf60450e4c79d30e30624a8842117,measured,26,3096620,24410366,27506986,347,0,0,1024,1023,1,Pass,Pass,7408339909486172793
0,36,28,Acapacity,Acapacity,1MiB,1048576,8192,337a179ec729c20c01309d98317f7ca00691d12ca10285b55ade71fb880e191c,measured,26,58016,652750,710766,124,0,0,1024,1023,1,Pass,Pass,16341657278089853397
0,36,29,Acapacity,Acapacity,512KiB,524288,4096,155dfc49f4c05f1087ef002a279acee734e738bc580f2b3925315f95a108242b,measured,26,29562,312818,342380,48,0,0,1024,1023,1,Pass,Pass,192086794746352270
0,36,30,Acapacity,Acapacity,2MiB,2097152,16384,6587afedd7c0f949b131311e7425d033a0754a29587f85f26ec370a31fc4edf0,measured,26,158987,1465939,1624926,309,0,0,1024,1023,1,Pass,Pass,7349817109290025153
0,36,31,Adrop,Adrop,4MiB,4194304,32768,f9dc4b51d64658b088837d5f2a7d485e8eba57daed852c20d443b77cc8137655,measured,26,418390,3574691,3993081,3817428,1,32768,32768,32767,1,Pass,Pass,7876534982476418273
0,36,32,Adrop,Adrop,256KiB,262144,2048,6f0154469137295abd7b45b25bc83aace599559234fd5f331140bd800c48b670,measured,26,14095,126535,140630,159971,1,2048,2048,2047,1,Pass,Pass,1126272383489710074
0,36,33,Adefs,Adefs,256KiB,262144,2048,6f0154469137295abd7b45b25bc83aace599559234fd5f331140bd800c48b670,measured,26,13681,147009,160690,99,0,0,2048,2047,1,Pass,Pass,1126272383489710074
0,36,34,A0,A0,4MiB,4194304,32768,f9dc4b51d64658b088837d5f2a7d485e8eba57daed852c20d443b77cc8137655,measured,26,416343,4239541,4655884,555,0,0,2048,2047,1,Pass,Pass,7876534982476418273
0,36,35,Adefs,Adefs,8MiB,8388608,65536,e456d3adf67030c5a168df273f5171ca3e1299e54571d94cca82b117f3cf3aeb,measured,26,1389737,10161733,11551470,187,0,0,2048,2047,1,Pass,Pass,9713268438230653554
0,36,36,Acapacity,Acapacity,4MiB,4194304,32768,f9dc4b51d64658b088837d5f2a7d485e8eba57daed852c20d443b77cc8137655,measured,26,427015,4395622,4822637,329,0,0,2048,2047,1,Pass,Pass,7876534982476418273
0,36,37,Adefs,Adefs,512KiB,524288,4096,155dfc49f4c05f1087ef002a279acee734e738bc580f2b3925315f95a108242b,measured,26,29429,295506,324935,89,0,0,2048,2047,1,Pass,Pass,192086794746352270
0,36,38,A0-dup,A0,8MiB,8388608,65536,e456d3adf67030c5a168df273f5171ca3e1299e54571d94cca82b117f3cf3aeb,measured,26,1377984,11087406,12465390,334,0,0,2048,2047,1,Pass,Pass,9713268438230653554
0,36,39,A0-dup,A0,4MiB,4194304,32768,f9dc4b51d64658b088837d5f2a7d485e8eba57daed852c20d443b77cc8137655,measured,26,426784,4492991,4919775,162,0,0,2048,2047,1,Pass,Pass,7876534982476418273
0,37,0,Adrop,Adrop,512KiB,524288,4096,155dfc49f4c05f1087ef002a279acee734e738bc580f2b3925315f95a108242b,measured,27,29370,250473,279843,315326,1,4096,4096,4095,1,Pass,Pass,192086794746352270
0,37,1,Acapacity,Acapacity,16MiB,16777216,131072,0c00f8138e0e622f6fc7215fc0f0d135e79bf60450e4c79d30e30624a8842117,measured,27,3089162,20965641,24054803,414,0,0,4096,4095,1,Pass,Pass,7408339909486172793
0,37,2,A0,A0,128KiB,131072,1024,22e51081397aebb06a1c4c3f85bd08a6e7041a438f4aae416970027e1ddbb24e,measured,27,7231,86230,93461,116,0,0,4096,4095,1,Pass,Pass,15067928572581534229
0,37,3,A0,A0,16MiB,16777216,131072,0c00f8138e0e622f6fc7215fc0f0d135e79bf60450e4c79d30e30624a8842117,measured,27,3021332,23190219,26211551,255,0,0,4096,4095,1,Pass,Pass,7408339909486172793
0,37,4,A0,A0,2MiB,2097152,16384,6587afedd7c0f949b131311e7425d033a0754a29587f85f26ec370a31fc4edf0,measured,27,154852,1594292,1749144,407,0,0,4096,4095,1,Pass,Pass,7349817109290025153
0,37,5,Adefs,Adefs,2MiB,2097152,16384,6587afedd7c0f949b131311e7425d033a0754a29587f85f26ec370a31fc4edf0,measured,27,120573,1360998,1481571,199,0,0,4096,4095,1,Pass,Pass,7349817109290025153
0,37,6,Adrop,Adrop,16MiB,16777216,131072,0c00f8138e0e622f6fc7215fc0f0d135e79bf60450e4c79d30e30624a8842117,measured,27,3031845,20567784,23599629,18908081,1,131072,131072,131071,1,Pass,Pass,7408339909486172793
0,37,7,Adefs,Adefs,4MiB,4194304,32768,f9dc4b51d64658b088837d5f2a7d485e8eba57daed852c20d443b77cc8137655,measured,27,425170,4243442,4668612,307,0,0,131072,131071,1,Pass,Pass,7876534982476418273
0,37,8,Acapacity,Acapacity,256KiB,262144,2048,6f0154469137295abd7b45b25bc83aace599559234fd5f331140bd800c48b670,measured,27,13850,157678,171528,87,0,0,131072,131071,1,Pass,Pass,1126272383489710074
0,37,9,A0-dup,A0,8MiB,8388608,65536,e456d3adf67030c5a168df273f5171ca3e1299e54571d94cca82b117f3cf3aeb,measured,27,1384803,11111095,12495898,115,0,0,131072,131071,1,Pass,Pass,9713268438230653554
0,37,10,A0,A0,512KiB,524288,4096,155dfc49f4c05f1087ef002a279acee734e738bc580f2b3925315f95a108242b,measured,27,29764,320233,349997,94,0,0,131072,131071,1,Pass,Pass,192086794746352270
0,37,11,Adefs,Adefs,1MiB,1048576,8192,337a179ec729c20c01309d98317f7ca00691d12ca10285b55ade71fb880e191c,measured,27,57780,620019,677799,36,0,0,131072,131071,1,Pass,Pass,16341657278089853397
0,37,12,Adrop,Adrop,256KiB,262144,2048,6f0154469137295abd7b45b25bc83aace599559234fd5f331140bd800c48b670,measured,27,13524,119598,133122,160192,1,2048,2048,2047,1,Pass,Pass,1126272383489710074
0,37,13,Adrop,Adrop,128KiB,131072,1024,22e51081397aebb06a1c4c3f85bd08a6e7041a438f4aae416970027e1ddbb24e,measured,27,6707,64378,71085,82269,1,1024,1024,1023,1,Pass,Pass,15067928572581534229
0,37,14,A0,A0,256KiB,262144,2048,6f0154469137295abd7b45b25bc83aace599559234fd5f331140bd800c48b670,measured,27,13547,156424,169971,66,0,0,1024,1023,1,Pass,Pass,1126272383489710074
0,37,15,Adrop,Adrop,8MiB,8388608,65536,e456d3adf67030c5a168df273f5171ca3e1299e54571d94cca82b117f3cf3aeb,measured,27,1426922,9347289,10774211,8537757,1,65536,65536,65535,1,Pass,Pass,9713268438230653554
0,37,16,A0-dup,A0,2MiB,2097152,16384,6587afedd7c0f949b131311e7425d033a0754a29587f85f26ec370a31fc4edf0,measured,27,127566,1473971,1601537,274,0,0,65536,65535,1,Pass,Pass,7349817109290025153
0,37,17,A0-dup,A0,16MiB,16777216,131072,0c00f8138e0e622f6fc7215fc0f0d135e79bf60450e4c79d30e30624a8842117,measured,27,2943031,25596593,28539624,418,0,0,65536,65535,1,Pass,Pass,7408339909486172793
0,37,18,A0-dup,A0,512KiB,524288,4096,155dfc49f4c05f1087ef002a279acee734e738bc580f2b3925315f95a108242b,measured,27,29921,322790,352711,119,0,0,65536,65535,1,Pass,Pass,192086794746352270
0,37,19,Adefs,Adefs,256KiB,262144,2048,6f0154469137295abd7b45b25bc83aace599559234fd5f331140bd800c48b670,measured,27,13592,147543,161135,40,0,0,65536,65535,1,Pass,Pass,1126272383489710074
0,37,20,Acapacity,Acapacity,8MiB,8388608,65536,e456d3adf67030c5a168df273f5171ca3e1299e54571d94cca82b117f3cf3aeb,measured,27,1412896,10658813,12071709,253,0,0,65536,65535,1,Pass,Pass,9713268438230653554
0,37,21,Adefs,Adefs,128KiB,131072,1024,22e51081397aebb06a1c4c3f85bd08a6e7041a438f4aae416970027e1ddbb24e,measured,27,6945,77805,84750,37,0,0,65536,65535,1,Pass,Pass,15067928572581534229
0,37,22,Adefs,Adefs,8MiB,8388608,65536,e456d3adf67030c5a168df273f5171ca3e1299e54571d94cca82b117f3cf3aeb,measured,27,1401987,10237746,11639733,120,0,0,65536,65535,1,Pass,Pass,9713268438230653554
0,37,23,A0-dup,A0,4MiB,4194304,32768,f9dc4b51d64658b088837d5f2a7d485e8eba57daed852c20d443b77cc8137655,measured,27,414636,4453209,4867845,89,0,0,65536,65535,1,Pass,Pass,7876534982476418273
0,37,24,A0,A0,1MiB,1048576,8192,337a179ec729c20c01309d98317f7ca00691d12ca10285b55ade71fb880e191c,measured,27,59936,740362,800298,39,0,0,65536,65535,1,Pass,Pass,16341657278089853397
0,37,25,A0,A0,8MiB,8388608,65536,e456d3adf67030c5a168df273f5171ca3e1299e54571d94cca82b117f3cf3aeb,measured,27,1408578,10666612,12075190,100,0,0,65536,65535,1,Pass,Pass,9713268438230653554
0,37,26,Adefs,Adefs,512KiB,524288,4096,155dfc49f4c05f1087ef002a279acee734e738bc580f2b3925315f95a108242b,measured,27,29545,298546,328091,45,0,0,65536,65535,1,Pass,Pass,192086794746352270
0,37,27,Adefs,Adefs,16MiB,16777216,131072,0c00f8138e0e622f6fc7215fc0f0d135e79bf60450e4c79d30e30624a8842117,measured,27,3026309,21453861,24480170,355,0,0,65536,65535,1,Pass,Pass,7408339909486172793
0,37,28,Acapacity,Acapacity,1MiB,1048576,8192,337a179ec729c20c01309d98317f7ca00691d12ca10285b55ade71fb880e191c,measured,27,57803,698869,756672,150,0,0,65536,65535,1,Pass,Pass,16341657278089853397
0,37,29,Adrop,Adrop,1MiB,1048576,8192,337a179ec729c20c01309d98317f7ca00691d12ca10285b55ade71fb880e191c,measured,27,58025,523663,581688,627903,1,8192,8192,8191,1,Pass,Pass,16341657278089853397
0,37,30,Adrop,Adrop,4MiB,4194304,32768,f9dc4b51d64658b088837d5f2a7d485e8eba57daed852c20d443b77cc8137655,measured,27,338507,3598003,3936510,4088382,1,32768,32768,32767,1,Pass,Pass,7876534982476418273
0,37,31,A0-dup,A0,128KiB,131072,1024,22e51081397aebb06a1c4c3f85bd08a6e7041a438f4aae416970027e1ddbb24e,measured,27,6999,81788,88787,103,0,0,32768,32767,1,Pass,Pass,15067928572581534229
0,37,32,Acapacity,Acapacity,128KiB,131072,1024,22e51081397aebb06a1c4c3f85bd08a6e7041a438f4aae416970027e1ddbb24e,measured,27,6548,81519,88067,70,0,0,32768,32767,1,Pass,Pass,15067928572581534229
0,37,33,A0,A0,4MiB,4194304,32768,f9dc4b51d64658b088837d5f2a7d485e8eba57daed852c20d443b77cc8137655,measured,27,417032,4179092,4596124,321,0,0,32768,32767,1,Pass,Pass,7876534982476418273
0,37,34,A0-dup,A0,1MiB,1048576,8192,337a179ec729c20c01309d98317f7ca00691d12ca10285b55ade71fb880e191c,measured,27,58076,651744,709820,128,0,0,32768,32767,1,Pass,Pass,16341657278089853397
0,37,35,Adrop,Adrop,2MiB,2097152,16384,6587afedd7c0f949b131311e7425d033a0754a29587f85f26ec370a31fc4edf0,measured,27,128822,1189500,1318322,1722603,1,16384,16384,16383,1,Pass,Pass,7349817109290025153
0,37,36,A0-dup,A0,256KiB,262144,2048,6f0154469137295abd7b45b25bc83aace599559234fd5f331140bd800c48b670,measured,27,14191,160229,174420,111,0,0,16384,16383,1,Pass,Pass,1126272383489710074
0,37,37,Acapacity,Acapacity,4MiB,4194304,32768,f9dc4b51d64658b088837d5f2a7d485e8eba57daed852c20d443b77cc8137655,measured,27,415960,4169276,4585236,406,0,0,16384,16383,1,Pass,Pass,7876534982476418273
0,37,38,Acapacity,Acapacity,512KiB,524288,4096,155dfc49f4c05f1087ef002a279acee734e738bc580f2b3925315f95a108242b,measured,27,29566,314304,343870,151,0,0,16384,16383,1,Pass,Pass,192086794746352270
0,37,39,Acapacity,Acapacity,2MiB,2097152,16384,6587afedd7c0f949b131311e7425d033a0754a29587f85f26ec370a31fc4edf0,measured,27,175437,1599356,1774793,451,0,0,16384,16383,1,Pass,Pass,7349817109290025153
0,38,0,Acapacity,Acapacity,1MiB,1048576,8192,337a179ec729c20c01309d98317f7ca00691d12ca10285b55ade71fb880e191c,measured,28,58849,647567,706416,273,0,0,16384,16383,1,Pass,Pass,16341657278089853397
0,38,1,Adefs,Adefs,256KiB,262144,2048,6f0154469137295abd7b45b25bc83aace599559234fd5f331140bd800c48b670,measured,28,13788,147863,161651,72,0,0,16384,16383,1,Pass,Pass,1126272383489710074
0,38,2,A0-dup,A0,8MiB,8388608,65536,e456d3adf67030c5a168df273f5171ca3e1299e54571d94cca82b117f3cf3aeb,measured,28,1391891,11013961,12405852,287,0,0,16384,16383,1,Pass,Pass,9713268438230653554
0,38,3,Acapacity,Acapacity,4MiB,4194304,32768,f9dc4b51d64658b088837d5f2a7d485e8eba57daed852c20d443b77cc8137655,measured,28,375657,4190618,4566275,192,0,0,16384,16383,1,Pass,Pass,7876534982476418273
0,38,4,Acapacity,Acapacity,2MiB,2097152,16384,6587afedd7c0f949b131311e7425d033a0754a29587f85f26ec370a31fc4edf0,measured,28,115618,1468935,1584553,190,0,0,16384,16383,1,Pass,Pass,7349817109290025153
0,38,5,Adefs,Adefs,8MiB,8388608,65536,e456d3adf67030c5a168df273f5171ca3e1299e54571d94cca82b117f3cf3aeb,measured,28,1521201,10052435,11573636,346,0,0,16384,16383,1,Pass,Pass,9713268438230653554
0,38,6,Adefs,Adefs,2MiB,2097152,16384,6587afedd7c0f949b131311e7425d033a0754a29587f85f26ec370a31fc4edf0,measured,28,119684,1397756,1517440,193,0,0,16384,16383,1,Pass,Pass,7349817109290025153
0,38,7,Adefs,Adefs,16MiB,16777216,131072,0c00f8138e0e622f6fc7215fc0f0d135e79bf60450e4c79d30e30624a8842117,measured,28,3080009,19101734,22181743,458,0,0,16384,16383,1,Pass,Pass,7408339909486172793
0,38,8,Adrop,Adrop,512KiB,524288,4096,155dfc49f4c05f1087ef002a279acee734e738bc580f2b3925315f95a108242b,measured,28,29318,271382,300700,321642,1,4096,4096,4095,1,Pass,Pass,192086794746352270
0,38,9,Adefs,Adefs,128KiB,131072,1024,22e51081397aebb06a1c4c3f85bd08a6e7041a438f4aae416970027e1ddbb24e,measured,28,6688,74063,80751,79,0,0,4096,4095,1,Pass,Pass,15067928572581534229
0,38,10,Adrop,Adrop,4MiB,4194304,32768,f9dc4b51d64658b088837d5f2a7d485e8eba57daed852c20d443b77cc8137655,measured,28,355340,3537178,3892518,4258593,1,32768,32768,32767,1,Pass,Pass,7876534982476418273
0,38,11,A0,A0,256KiB,262144,2048,6f0154469137295abd7b45b25bc83aace599559234fd5f331140bd800c48b670,measured,28,14046,160698,174744,130,0,0,32768,32767,1,Pass,Pass,1126272383489710074
0,38,12,A0,A0,2MiB,2097152,16384,6587afedd7c0f949b131311e7425d033a0754a29587f85f26ec370a31fc4edf0,measured,28,118613,1501350,1619963,131,0,0,32768,32767,1,Pass,Pass,7349817109290025153
0,38,13,Adrop,Adrop,128KiB,131072,1024,22e51081397aebb06a1c4c3f85bd08a6e7041a438f4aae416970027e1ddbb24e,measured,28,7011,65583,72594,81270,1,1024,1024,1023,1,Pass,Pass,15067928572581534229
0,38,14,Adrop,Adrop,1MiB,1048576,8192,337a179ec729c20c01309d98317f7ca00691d12ca10285b55ade71fb880e191c,measured,28,57882,514574,572456,637298,1,8192,8192,8191,1,Pass,Pass,16341657278089853397
0,38,15,A0-dup,A0,1MiB,1048576,8192,337a179ec729c20c01309d98317f7ca00691d12ca10285b55ade71fb880e191c,measured,28,57353,646641,703994,65,0,0,8192,8191,1,Pass,Pass,16341657278089853397
0,38,16,A0-dup,A0,4MiB,4194304,32768,f9dc4b51d64658b088837d5f2a7d485e8eba57daed852c20d443b77cc8137655,measured,28,441801,4021472,4463273,115,0,0,8192,8191,1,Pass,Pass,7876534982476418273
0,38,17,A0,A0,16MiB,16777216,131072,0c00f8138e0e622f6fc7215fc0f0d135e79bf60450e4c79d30e30624a8842117,measured,28,3084589,21245037,24329626,402,0,0,8192,8191,1,Pass,Pass,7408339909486172793
0,38,18,Acapacity,Acapacity,8MiB,8388608,65536,e456d3adf67030c5a168df273f5171ca3e1299e54571d94cca82b117f3cf3aeb,measured,28,1423956,10270762,11694718,426,0,0,8192,8191,1,Pass,Pass,9713268438230653554
0,38,19,Adrop,Adrop,16MiB,16777216,131072,0c00f8138e0e622f6fc7215fc0f0d135e79bf60450e4c79d30e30624a8842117,measured,28,2942986,19998521,22941507,19217115,1,131072,131072,131071,1,Pass,Pass,7408339909486172793
0,38,20,A0,A0,4MiB,4194304,32768,f9dc4b51d64658b088837d5f2a7d485e8eba57daed852c20d443b77cc8137655,measured,28,383739,4388431,4772170,403,0,0,131072,131071,1,Pass,Pass,7876534982476418273
0,38,21,A0-dup,A0,16MiB,16777216,131072,0c00f8138e0e622f6fc7215fc0f0d135e79bf60450e4c79d30e30624a8842117,measured,28,3303501,25296868,28600369,382,0,0,131072,131071,1,Pass,Pass,7408339909486172793
0,38,22,Adrop,Adrop,8MiB,8388608,65536,e456d3adf67030c5a168df273f5171ca3e1299e54571d94cca82b117f3cf3aeb,measured,28,1462371,8846988,10309359,8598513,1,65536,65536,65535,1,Pass,Pass,9713268438230653554
0,38,23,Acapacity,Acapacity,256KiB,262144,2048,6f0154469137295abd7b45b25bc83aace599559234fd5f331140bd800c48b670,measured,28,13797,157186,170983,171,0,0,65536,65535,1,Pass,Pass,1126272383489710074
0,38,24,A0,A0,128KiB,131072,1024,22e51081397aebb06a1c4c3f85bd08a6e7041a438f4aae416970027e1ddbb24e,measured,28,6538,78963,85501,72,0,0,65536,65535,1,Pass,Pass,15067928572581534229
0,38,25,A0-dup,A0,256KiB,262144,2048,6f0154469137295abd7b45b25bc83aace599559234fd5f331140bd800c48b670,measured,28,13665,156330,169995,75,0,0,65536,65535,1,Pass,Pass,1126272383489710074
0,38,26,Acapacity,Acapacity,128KiB,131072,1024,22e51081397aebb06a1c4c3f85bd08a6e7041a438f4aae416970027e1ddbb24e,measured,28,6492,77007,83499,70,0,0,65536,65535,1,Pass,Pass,15067928572581534229
0,38,27,Adrop,Adrop,2MiB,2097152,16384,6587afedd7c0f949b131311e7425d033a0754a29587f85f26ec370a31fc4edf0,measured,28,170006,1336541,1506547,1732695,1,16384,16384,16383,1,Pass,Pass,7349817109290025153
0,38,28,A0-dup,A0,512KiB,524288,4096,155dfc49f4c05f1087ef002a279acee734e738bc580f2b3925315f95a108242b,measured,28,29226,329603,358829,116,0,0,16384,16383,1,Pass,Pass,192086794746352270
0,38,29,Adrop,Adrop,256KiB,262144,2048,6f0154469137295abd7b45b25bc83aace599559234fd5f331140bd800c48b670,measured,28,13573,120624,134197,157164,1,2048,2048,2047,1,Pass,Pass,1126272383489710074
0,38,30,Adefs,Adefs,4MiB,4194304,32768,f9dc4b51d64658b088837d5f2a7d485e8eba57daed852c20d443b77cc8137655,measured,28,432580,3781844,4214424,190,0,0,2048,2047,1,Pass,Pass,7876534982476418273
0,38,31,A0,A0,8MiB,8388608,65536,e456d3adf67030c5a168df273f5171ca3e1299e54571d94cca82b117f3cf3aeb,measured,28,1417044,10658037,12075081,271,0,0,2048,2047,1,Pass,Pass,9713268438230653554
0,38,32,Adefs,Adefs,1MiB,1048576,8192,337a179ec729c20c01309d98317f7ca00691d12ca10285b55ade71fb880e191c,measured,28,57460,607880,665340,106,0,0,2048,2047,1,Pass,Pass,16341657278089853397
0,38,33,A0,A0,1MiB,1048576,8192,337a179ec729c20c01309d98317f7ca00691d12ca10285b55ade71fb880e191c,measured,28,57746,644032,701778,92,0,0,2048,2047,1,Pass,Pass,16341657278089853397
0,38,34,A0,A0,512KiB,524288,4096,155dfc49f4c05f1087ef002a279acee734e738bc580f2b3925315f95a108242b,measured,28,28692,313809,342501,47,0,0,2048,2047,1,Pass,Pass,192086794746352270
0,38,35,A0-dup,A0,2MiB,2097152,16384,6587afedd7c0f949b131311e7425d033a0754a29587f85f26ec370a31fc4edf0,measured,28,130017,1530909,1660926,103,0,0,2048,2047,1,Pass,Pass,7349817109290025153
0,38,36,Acapacity,Acapacity,16MiB,16777216,131072,0c00f8138e0e622f6fc7215fc0f0d135e79bf60450e4c79d30e30624a8842117,measured,28,3047459,23767253,26814712,122,0,0,2048,2047,1,Pass,Pass,7408339909486172793
0,38,37,A0-dup,A0,128KiB,131072,1024,22e51081397aebb06a1c4c3f85bd08a6e7041a438f4aae416970027e1ddbb24e,measured,28,6848,82624,89472,34,0,0,2048,2047,1,Pass,Pass,15067928572581534229
0,38,38,Adefs,Adefs,512KiB,524288,4096,155dfc49f4c05f1087ef002a279acee734e738bc580f2b3925315f95a108242b,measured,28,29001,300283,329284,49,0,0,2048,2047,1,Pass,Pass,192086794746352270
0,38,39,Acapacity,Acapacity,512KiB,524288,4096,155dfc49f4c05f1087ef002a279acee734e738bc580f2b3925315f95a108242b,measured,28,29045,313399,342444,54,0,0,2048,2047,1,Pass,Pass,192086794746352270
0,39,0,Adefs,Adefs,128KiB,131072,1024,22e51081397aebb06a1c4c3f85bd08a6e7041a438f4aae416970027e1ddbb24e,measured,29,6668,74339,81007,65,0,0,2048,2047,1,Pass,Pass,15067928572581534229
0,39,1,A0-dup,A0,8MiB,8388608,65536,e456d3adf67030c5a168df273f5171ca3e1299e54571d94cca82b117f3cf3aeb,measured,29,1389858,11162774,12552632,400,0,0,2048,2047,1,Pass,Pass,9713268438230653554
0,39,2,Adefs,Adefs,512KiB,524288,4096,155dfc49f4c05f1087ef002a279acee734e738bc580f2b3925315f95a108242b,measured,29,29749,300428,330177,86,0,0,2048,2047,1,Pass,Pass,192086794746352270
0,39,3,A0-dup,A0,128KiB,131072,1024,22e51081397aebb06a1c4c3f85bd08a6e7041a438f4aae416970027e1ddbb24e,measured,29,6671,79685,86356,57,0,0,2048,2047,1,Pass,Pass,15067928572581534229
0,39,4,Adrop,Adrop,256KiB,262144,2048,6f0154469137295abd7b45b25bc83aace599559234fd5f331140bd800c48b670,measured,29,13693,121406,135099,154367,1,2048,2048,2047,1,Pass,Pass,1126272383489710074
0,39,5,A0,A0,256KiB,262144,2048,6f0154469137295abd7b45b25bc83aace599559234fd5f331140bd800c48b670,measured,29,13835,156052,169887,36,0,0,2048,2047,1,Pass,Pass,1126272383489710074
0,39,6,A0,A0,8MiB,8388608,65536,e456d3adf67030c5a168df273f5171ca3e1299e54571d94cca82b117f3cf3aeb,measured,29,1374107,11146223,12520330,220,0,0,2048,2047,1,Pass,Pass,9713268438230653554
0,39,7,Adefs,Adefs,4MiB,4194304,32768,f9dc4b51d64658b088837d5f2a7d485e8eba57daed852c20d443b77cc8137655,measured,29,326501,3850359,4176860,261,0,0,2048,2047,1,Pass,Pass,7876534982476418273
0,39,8,Acapacity,Acapacity,128KiB,131072,1024,22e51081397aebb06a1c4c3f85bd08a6e7041a438f4aae416970027e1ddbb24e,measured,29,7379,80785,88164,176,0,0,2048,2047,1,Pass,Pass,15067928572581534229
0,39,9,Acapacity,Acapacity,2MiB,2097152,16384,6587afedd7c0f949b131311e7425d033a0754a29587f85f26ec370a31fc4edf0,measured,29,135392,1516709,1652101,161,0,0,2048,2047,1,Pass,Pass,7349817109290025153
0,39,10,A0,A0,512KiB,524288,4096,155dfc49f4c05f1087ef002a279acee734e738bc580f2b3925315f95a108242b,measured,29,29386,319014,348400,91,0,0,2048,2047,1,Pass,Pass,192086794746352270
0,39,11,Adefs,Adefs,16MiB,16777216,131072,0c00f8138e0e622f6fc7215fc0f0d135e79bf60450e4c79d30e30624a8842117,measured,29,2966496,20956938,23923434,589,0,0,2048,2047,1,Pass,Pass,7408339909486172793
0,39,12,Adrop,Adrop,512KiB,524288,4096,155dfc49f4c05f1087ef002a279acee734e738bc580f2b3925315f95a108242b,measured,29,29730,257901,287631,310279,1,4096,4096,4095,1,Pass,Pass,192086794746352270
0,39,13,Acapacity,Acapacity,1MiB,1048576,8192,337a179ec729c20c01309d98317f7ca00691d12ca10285b55ade71fb880e191c,measured,29,57816,647469,705285,58,0,0,4096,4095,1,Pass,Pass,16341657278089853397
0,39,14,A0,A0,4MiB,4194304,32768,f9dc4b51d64658b088837d5f2a7d485e8eba57daed852c20d443b77cc8137655,measured,29,435310,4208229,4643539,111,0,0,4096,4095,1,Pass,Pass,7876534982476418273
0,39,15,A0,A0,128KiB,131072,1024,22e51081397aebb06a1c4c3f85bd08a6e7041a438f4aae416970027e1ddbb24e,measured,29,6907,81882,88789,86,0,0,4096,4095,1,Pass,Pass,15067928572581534229
0,39,16,Acapacity,Acapacity,16MiB,16777216,131072,0c00f8138e0e622f6fc7215fc0f0d135e79bf60450e4c79d30e30624a8842117,measured,29,3012074,21956314,24968388,360,0,0,4096,4095,1,Pass,Pass,7408339909486172793
0,39,17,A0-dup,A0,512KiB,524288,4096,155dfc49f4c05f1087ef002a279acee734e738bc580f2b3925315f95a108242b,measured,29,29599,322934,352533,272,0,0,4096,4095,1,Pass,Pass,192086794746352270
0,39,18,Adrop,Adrop,1MiB,1048576,8192,337a179ec729c20c01309d98317f7ca00691d12ca10285b55ade71fb880e191c,measured,29,57732,557499,615231,651545,1,8192,8192,8191,1,Pass,Pass,16341657278089853397
0,39,19,A0,A0,16MiB,16777216,131072,0c00f8138e0e622f6fc7215fc0f0d135e79bf60450e4c79d30e30624a8842117,measured,29,2964935,23613576,26578511,328,0,0,8192,8191,1,Pass,Pass,7408339909486172793
0,39,20,Adefs,Adefs,8MiB,8388608,65536,e456d3adf67030c5a168df273f5171ca3e1299e54571d94cca82b117f3cf3aeb,measured,29,1343416,9863201,11206617,109,0,0,8192,8191,1,Pass,Pass,9713268438230653554
0,39,21,A0,A0,2MiB,2097152,16384,6587afedd7c0f949b131311e7425d033a0754a29587f85f26ec370a31fc4edf0,measured,29,125224,1507899,1633123,335,0,0,8192,8191,1,Pass,Pass,7349817109290025153
0,39,22,Acapacity,Acapacity,4MiB,4194304,32768,f9dc4b51d64658b088837d5f2a7d485e8eba57daed852c20d443b77cc8137655,measured,29,433596,3998655,4432251,157,0,0,8192,8191,1,Pass,Pass,7876534982476418273
0,39,23,Adefs,Adefs,256KiB,262144,2048,6f0154469137295abd7b45b25bc83aace599559234fd5f331140bd800c48b670,measured,29,13906,150053,163959,114,0,0,8192,8191,1,Pass,Pass,1126272383489710074
0,39,24,Adrop,Adrop,8MiB,8388608,65536,e456d3adf67030c5a168df273f5171ca3e1299e54571d94cca82b117f3cf3aeb,measured,29,1385571,9451022,10836593,9371699,1,65536,65536,65535,1,Pass,Pass,9713268438230653554
0,39,25,Adefs,Adefs,1MiB,1048576,8192,337a179ec729c20c01309d98317f7ca00691d12ca10285b55ade71fb880e191c,measured,29,58150,596120,654270,86,0,0,65536,65535,1,Pass,Pass,16341657278089853397
0,39,26,Adefs,Adefs,2MiB,2097152,16384,6587afedd7c0f949b131311e7425d033a0754a29587f85f26ec370a31fc4edf0,measured,29,121558,1451172,1572730,94,0,0,65536,65535,1,Pass,Pass,7349817109290025153
0,39,27,A0-dup,A0,2MiB,2097152,16384,6587afedd7c0f949b131311e7425d033a0754a29587f85f26ec370a31fc4edf0,measured,29,164988,1538206,1703194,201,0,0,65536,65535,1,Pass,Pass,7349817109290025153
0,39,28,Adrop,Adrop,128KiB,131072,1024,22e51081397aebb06a1c4c3f85bd08a6e7041a438f4aae416970027e1ddbb24e,measured,29,6813,65089,71902,80439,1,1024,1024,1023,1,Pass,Pass,15067928572581534229
0,39,29,A0-dup,A0,256KiB,262144,2048,6f0154469137295abd7b45b25bc83aace599559234fd5f331140bd800c48b670,measured,29,13706,156436,170142,85,0,0,1024,1023,1,Pass,Pass,1126272383489710074
0,39,30,Acapacity,Acapacity,256KiB,262144,2048,6f0154469137295abd7b45b25bc83aace599559234fd5f331140bd800c48b670,measured,29,13673,168148,181821,103,0,0,1024,1023,1,Pass,Pass,1126272383489710074
0,39,31,A0,A0,1MiB,1048576,8192,337a179ec729c20c01309d98317f7ca00691d12ca10285b55ade71fb880e191c,measured,29,57455,653350,710805,118,0,0,1024,1023,1,Pass,Pass,16341657278089853397
0,39,32,Adrop,Adrop,2MiB,2097152,16384,6587afedd7c0f949b131311e7425d033a0754a29587f85f26ec370a31fc4edf0,measured,29,134689,1267087,1401776,1709231,1,16384,16384,16383,1,Pass,Pass,7349817109290025153
0,39,33,A0-dup,A0,1MiB,1048576,8192,337a179ec729c20c01309d98317f7ca00691d12ca10285b55ade71fb880e191c,measured,29,58035,648064,706099,299,0,0,16384,16383,1,Pass,Pass,16341657278089853397
0,39,34,Adrop,Adrop,4MiB,4194304,32768,f9dc4b51d64658b088837d5f2a7d485e8eba57daed852c20d443b77cc8137655,measured,29,477769,3520160,3997929,3855568,1,32768,32768,32767,1,Pass,Pass,7876534982476418273
0,39,35,A0-dup,A0,4MiB,4194304,32768,f9dc4b51d64658b088837d5f2a7d485e8eba57daed852c20d443b77cc8137655,measured,29,480224,4138726,4618950,205,0,0,32768,32767,1,Pass,Pass,7876534982476418273
0,39,36,Acapacity,Acapacity,8MiB,8388608,65536,e456d3adf67030c5a168df273f5171ca3e1299e54571d94cca82b117f3cf3aeb,measured,29,1402907,10902022,12304929,226,0,0,32768,32767,1,Pass,Pass,9713268438230653554
0,39,37,Adrop,Adrop,16MiB,16777216,131072,0c00f8138e0e622f6fc7215fc0f0d135e79bf60450e4c79d30e30624a8842117,measured,29,3004427,20389213,23393640,18593266,1,131072,131072,131071,1,Pass,Pass,7408339909486172793
0,39,38,A0-dup,A0,16MiB,16777216,131072,0c00f8138e0e622f6fc7215fc0f0d135e79bf60450e4c79d30e30624a8842117,measured,29,2862059,26566226,29428285,352,0,0,131072,131071,1,Pass,Pass,7408339909486172793
0,39,39,Acapacity,Acapacity,512KiB,524288,4096,155dfc49f4c05f1087ef002a279acee734e738bc580f2b3925315f95a108242b,measured,29,29629,326003,355632,107,0,0,131072,131071,1,Pass,Pass,192086794746352270
1,0,0,Adefs,Adefs,128KiB,131072,1024,22e51081397aebb06a1c4c3f85bd08a6e7041a438f4aae416970027e1ddbb24e,warmup,0,7326,100230,107556,1227,0,0,0,0,0,Pass,Pass,15067928572581534229
1,0,1,Adrop,Adrop,16MiB,16777216,131072,0c00f8138e0e622f6fc7215fc0f0d135e79bf60450e4c79d30e30624a8842117,warmup,0,2984470,22212843,25197313,24874890,1,131072,131072,131071,1,Pass,Pass,7408339909486172793
1,0,2,Adrop,Adrop,4MiB,4194304,32768,f9dc4b51d64658b088837d5f2a7d485e8eba57daed852c20d443b77cc8137655,warmup,0,436883,5048571,5485454,3936398,1,32768,32768,32767,1,Pass,Pass,7876534982476418273
1,0,3,A0,A0,8MiB,8388608,65536,e456d3adf67030c5a168df273f5171ca3e1299e54571d94cca82b117f3cf3aeb,warmup,0,1424407,12666944,14091351,340,0,0,32768,32767,1,Pass,Pass,9713268438230653554
1,0,4,A0-dup,A0,512KiB,524288,4096,155dfc49f4c05f1087ef002a279acee734e738bc580f2b3925315f95a108242b,warmup,0,29225,328628,357853,314,0,0,32768,32767,1,Pass,Pass,192086794746352270
1,0,5,Adrop,Adrop,1MiB,1048576,8192,337a179ec729c20c01309d98317f7ca00691d12ca10285b55ade71fb880e191c,warmup,0,57131,535390,592521,646474,1,8192,8192,8191,1,Pass,Pass,16341657278089853397
1,0,6,Acapacity,Acapacity,4MiB,4194304,32768,f9dc4b51d64658b088837d5f2a7d485e8eba57daed852c20d443b77cc8137655,warmup,0,570560,6054979,6625539,266,0,0,8192,8191,1,Pass,Pass,7876534982476418273
1,0,7,A0,A0,512KiB,524288,4096,155dfc49f4c05f1087ef002a279acee734e738bc580f2b3925315f95a108242b,warmup,0,29412,319908,349320,173,0,0,8192,8191,1,Pass,Pass,192086794746352270
1,0,8,Adrop,Adrop,256KiB,262144,2048,6f0154469137295abd7b45b25bc83aace599559234fd5f331140bd800c48b670,warmup,0,13809,127475,141284,150930,1,2048,2048,2047,1,Pass,Pass,1126272383489710074
1,0,9,Adefs,Adefs,512KiB,524288,4096,155dfc49f4c05f1087ef002a279acee734e738bc580f2b3925315f95a108242b,warmup,0,28623,298145,326768,71,0,0,2048,2047,1,Pass,Pass,192086794746352270
1,0,10,A0-dup,A0,8MiB,8388608,65536,e456d3adf67030c5a168df273f5171ca3e1299e54571d94cca82b117f3cf3aeb,warmup,0,1470811,13153736,14624547,331,0,0,2048,2047,1,Pass,Pass,9713268438230653554
1,0,11,Adrop,Adrop,128KiB,131072,1024,22e51081397aebb06a1c4c3f85bd08a6e7041a438f4aae416970027e1ddbb24e,warmup,0,6938,65545,72483,79104,1,1024,1024,1023,1,Pass,Pass,15067928572581534229
1,0,12,Adrop,Adrop,2MiB,2097152,16384,6587afedd7c0f949b131311e7425d033a0754a29587f85f26ec370a31fc4edf0,warmup,0,169795,1332314,1502109,1993261,1,16384,16384,16383,1,Pass,Pass,7349817109290025153
1,0,13,Adefs,Adefs,16MiB,16777216,131072,0c00f8138e0e622f6fc7215fc0f0d135e79bf60450e4c79d30e30624a8842117,warmup,0,2981101,24818919,27800020,359,0,0,16384,16383,1,Pass,Pass,7408339909486172793
1,0,14,A0-dup,A0,256KiB,262144,2048,6f0154469137295abd7b45b25bc83aace599559234fd5f331140bd800c48b670,warmup,0,13851,163312,177163,97,0,0,16384,16383,1,Pass,Pass,1126272383489710074
1,0,15,Adrop,Adrop,8MiB,8388608,65536,e456d3adf67030c5a168df273f5171ca3e1299e54571d94cca82b117f3cf3aeb,warmup,0,1405084,11396738,12801822,14642588,1,65536,65536,65535,1,Pass,Pass,9713268438230653554
1,0,16,Acapacity,Acapacity,2MiB,2097152,16384,6587afedd7c0f949b131311e7425d033a0754a29587f85f26ec370a31fc4edf0,warmup,0,117503,1582646,1700149,219,0,0,65536,65535,1,Pass,Pass,7349817109290025153
1,0,17,A0-dup,A0,128KiB,131072,1024,22e51081397aebb06a1c4c3f85bd08a6e7041a438f4aae416970027e1ddbb24e,warmup,0,7311,82925,90236,47,0,0,65536,65535,1,Pass,Pass,15067928572581534229
1,0,18,Acapacity,Acapacity,16MiB,16777216,131072,0c00f8138e0e622f6fc7215fc0f0d135e79bf60450e4c79d30e30624a8842117,warmup,0,3076627,27131878,30208505,351,0,0,65536,65535,1,Pass,Pass,7408339909486172793
1,0,19,A0,A0,16MiB,16777216,131072,0c00f8138e0e622f6fc7215fc0f0d135e79bf60450e4c79d30e30624a8842117,warmup,0,3039937,23714171,26754108,345,0,0,65536,65535,1,Pass,Pass,7408339909486172793
1,0,20,Acapacity,Acapacity,1MiB,1048576,8192,337a179ec729c20c01309d98317f7ca00691d12ca10285b55ade71fb880e191c,warmup,0,57883,642530,700413,407,0,0,65536,65535,1,Pass,Pass,16341657278089853397
1,0,21,Adefs,Adefs,256KiB,262144,2048,6f0154469137295abd7b45b25bc83aace599559234fd5f331140bd800c48b670,warmup,0,13850,147645,161495,105,0,0,65536,65535,1,Pass,Pass,1126272383489710074
1,0,22,A0,A0,4MiB,4194304,32768,f9dc4b51d64658b088837d5f2a7d485e8eba57daed852c20d443b77cc8137655,warmup,0,485364,4408514,4893878,250,0,0,65536,65535,1,Pass,Pass,7876534982476418273
1,0,23,A0-dup,A0,2MiB,2097152,16384,6587afedd7c0f949b131311e7425d033a0754a29587f85f26ec370a31fc4edf0,warmup,0,124372,1487409,1611781,92,0,0,65536,65535,1,Pass,Pass,7349817109290025153
1,0,24,Adefs,Adefs,4MiB,4194304,32768,f9dc4b51d64658b088837d5f2a7d485e8eba57daed852c20d443b77cc8137655,warmup,0,524987,4201391,4726378,200,0,0,65536,65535,1,Pass,Pass,7876534982476418273
1,0,25,Adefs,Adefs,2MiB,2097152,16384,6587afedd7c0f949b131311e7425d033a0754a29587f85f26ec370a31fc4edf0,warmup,0,124371,1402507,1526878,254,0,0,65536,65535,1,Pass,Pass,7349817109290025153
1,0,26,A0-dup,A0,1MiB,1048576,8192,337a179ec729c20c01309d98317f7ca00691d12ca10285b55ade71fb880e191c,warmup,0,57685,698057,755742,114,0,0,65536,65535,1,Pass,Pass,16341657278089853397
1,0,27,A0,A0,2MiB,2097152,16384,6587afedd7c0f949b131311e7425d033a0754a29587f85f26ec370a31fc4edf0,warmup,0,115113,1533028,1648141,253,0,0,65536,65535,1,Pass,Pass,7349817109290025153
1,0,28,Acapacity,Acapacity,512KiB,524288,4096,155dfc49f4c05f1087ef002a279acee734e738bc580f2b3925315f95a108242b,warmup,0,29256,311696,340952,82,0,0,65536,65535,1,Pass,Pass,192086794746352270
1,0,29,Adefs,Adefs,8MiB,8388608,65536,e456d3adf67030c5a168df273f5171ca3e1299e54571d94cca82b117f3cf3aeb,warmup,0,1472892,9937027,11409919,351,0,0,65536,65535,1,Pass,Pass,9713268438230653554
1,0,30,A0-dup,A0,4MiB,4194304,32768,f9dc4b51d64658b088837d5f2a7d485e8eba57daed852c20d443b77cc8137655,warmup,0,600077,4562111,5162188,129,0,0,65536,65535,1,Pass,Pass,7876534982476418273
1,0,31,A0,A0,1MiB,1048576,8192,337a179ec729c20c01309d98317f7ca00691d12ca10285b55ade71fb880e191c,warmup,0,57164,671524,728688,120,0,0,65536,65535,1,Pass,Pass,16341657278089853397
1,0,32,A0,A0,256KiB,262144,2048,6f0154469137295abd7b45b25bc83aace599559234fd5f331140bd800c48b670,warmup,0,13796,159651,173447,35,0,0,65536,65535,1,Pass,Pass,1126272383489710074
1,0,33,Adefs,Adefs,1MiB,1048576,8192,337a179ec729c20c01309d98317f7ca00691d12ca10285b55ade71fb880e191c,warmup,0,57413,627349,684762,94,0,0,65536,65535,1,Pass,Pass,16341657278089853397
1,0,34,Acapacity,Acapacity,128KiB,131072,1024,22e51081397aebb06a1c4c3f85bd08a6e7041a438f4aae416970027e1ddbb24e,warmup,0,6654,79463,86117,35,0,0,65536,65535,1,Pass,Pass,15067928572581534229
1,0,35,Acapacity,Acapacity,8MiB,8388608,65536,e456d3adf67030c5a168df273f5171ca3e1299e54571d94cca82b117f3cf3aeb,warmup,0,1419869,10181966,11601835,96,0,0,65536,65535,1,Pass,Pass,9713268438230653554
1,0,36,Adrop,Adrop,512KiB,524288,4096,155dfc49f4c05f1087ef002a279acee734e738bc580f2b3925315f95a108242b,warmup,0,30564,271661,302225,349943,1,4096,4096,4095,1,Pass,Pass,192086794746352270
1,0,37,A0,A0,128KiB,131072,1024,22e51081397aebb06a1c4c3f85bd08a6e7041a438f4aae416970027e1ddbb24e,warmup,0,7178,84301,91479,53,0,0,4096,4095,1,Pass,Pass,15067928572581534229
1,0,38,A0-dup,A0,16MiB,16777216,131072,0c00f8138e0e622f6fc7215fc0f0d135e79bf60450e4c79d30e30624a8842117,warmup,0,3084285,22189442,25273727,118,0,0,4096,4095,1,Pass,Pass,7408339909486172793
1,0,39,Acapacity,Acapacity,256KiB,262144,2048,6f0154469137295abd7b45b25bc83aace599559234fd5f331140bd800c48b670,warmup,0,14067,155572,169639,98,0,0,4096,4095,1,Pass,Pass,1126272383489710074
1,1,0,A0,A0,512KiB,524288,4096,155dfc49f4c05f1087ef002a279acee734e738bc580f2b3925315f95a108242b,warmup,0,28654,311893,340547,33,0,0,4096,4095,1,Pass,Pass,192086794746352270
1,1,1,Adrop,Adrop,1MiB,1048576,8192,337a179ec729c20c01309d98317f7ca00691d12ca10285b55ade71fb880e191c,warmup,0,57121,531536,588657,665200,1,8192,8192,8191,1,Pass,Pass,16341657278089853397
1,1,2,Adefs,Adefs,16MiB,16777216,131072,0c00f8138e0e622f6fc7215fc0f0d135e79bf60450e4c79d30e30624a8842117,warmup,0,3042624,19452484,22495108,307,0,0,8192,8191,1,Pass,Pass,7408339909486172793
1,1,3,Adrop,Adrop,512KiB,524288,4096,155dfc49f4c05f1087ef002a279acee734e738bc580f2b3925315f95a108242b,warmup,0,28812,255350,284162,320240,1,4096,4096,4095,1,Pass,Pass,192086794746352270
1,1,4,A0-dup,A0,512KiB,524288,4096,155dfc49f4c05f1087ef002a279acee734e738bc580f2b3925315f95a108242b,warmup,0,28847,311479,340326,41,0,0,4096,4095,1,Pass,Pass,192086794746352270
1,1,5,Acapacity,Acapacity,1MiB,1048576,8192,337a179ec729c20c01309d98317f7ca00691d12ca10285b55ade71fb880e191c,warmup,0,56665,668888,725553,93,0,0,4096,4095,1,Pass,Pass,16341657278089853397
1,1,6,Adefs,Adefs,256KiB,262144,2048,6f0154469137295abd7b45b25bc83aace599559234fd5f331140bd800c48b670,warmup,0,13521,147033,160554,42,0,0,4096,4095,1,Pass,Pass,1126272383489710074
1,1,7,Acapacity,Acapacity,8MiB,8388608,65536,e456d3adf67030c5a168df273f5171ca3e1299e54571d94cca82b117f3cf3aeb,warmup,0,1380090,10425565,11805655,254,0,0,4096,4095,1,Pass,Pass,9713268438230653554
1,1,8,A0-dup,A0,1MiB,1048576,8192,337a179ec729c20c01309d98317f7ca00691d12ca10285b55ade71fb880e191c,warmup,0,57274,663707,720981,126,0,0,4096,4095,1,Pass,Pass,16341657278089853397
1,1,9,Adefs,Adefs,2MiB,2097152,16384,6587afedd7c0f949b131311e7425d033a0754a29587f85f26ec370a31fc4edf0,warmup,0,135736,1461226,1596962,224,0,0,4096,4095,1,Pass,Pass,7349817109290025153
1,1,10,A0-dup,A0,16MiB,16777216,131072,0c00f8138e0e622f6fc7215fc0f0d135e79bf60450e4c79d30e30624a8842117,warmup,0,3027050,21891825,24918875,341,0,0,4096,4095,1,Pass,Pass,7408339909486172793
1,1,11,Adefs,Adefs,4MiB,4194304,32768,f9dc4b51d64658b088837d5f2a7d485e8eba57daed852c20d443b77cc8137655,warmup,0,437100,4099103,4536203,92,0,0,4096,4095,1,Pass,Pass,7876534982476418273
1,1,12,Adrop,Adrop,16MiB,16777216,131072,0c00f8138e0e622f6fc7215fc0f0d135e79bf60450e4c79d30e30624a8842117,warmup,0,3198183,20148573,23346756,15925114,1,131072,131072,131071,1,Pass,Pass,7408339909486172793
1,1,13,A0,A0,128KiB,131072,1024,22e51081397aebb06a1c4c3f85bd08a6e7041a438f4aae416970027e1ddbb24e,warmup,0,7005,81478,88483,114,0,0,131072,131071,1,Pass,Pass,15067928572581534229
1,1,14,A0-dup,A0,4MiB,4194304,32768,f9dc4b51d64658b088837d5f2a7d485e8eba57daed852c20d443b77cc8137655,warmup,0,586921,4907255,5494176,116,0,0,131072,131071,1,Pass,Pass,7876534982476418273
1,1,15,A0,A0,256KiB,262144,2048,6f0154469137295abd7b45b25bc83aace599559234fd5f331140bd800c48b670,warmup,0,13927,160523,174450,108,0,0,131072,131071,1,Pass,Pass,1126272383489710074
1,1,16,A0,A0,8MiB,8388608,65536,e456d3adf67030c5a168df273f5171ca3e1299e54571d94cca82b117f3cf3aeb,warmup,0,1392729,10524096,11916825,114,0,0,131072,131071,1,Pass,Pass,9713268438230653554
1,1,17,Adefs,Adefs,128KiB,131072,1024,22e51081397aebb06a1c4c3f85bd08a6e7041a438f4aae416970027e1ddbb24e,warmup,0,7139,78173,85312,147,0,0,131072,131071,1,Pass,Pass,15067928572581534229
1,1,18,A0,A0,1MiB,1048576,8192,337a179ec729c20c01309d98317f7ca00691d12ca10285b55ade71fb880e191c,warmup,0,57411,669824,727235,129,0,0,131072,131071,1,Pass,Pass,16341657278089853397
1,1,19,Acapacity,Acapacity,2MiB,2097152,16384,6587afedd7c0f949b131311e7425d033a0754a29587f85f26ec370a31fc4edf0,warmup,0,121524,1493875,1615399,149,0,0,131072,131071,1,Pass,Pass,7349817109290025153
1,1,20,A0-dup,A0,2MiB,2097152,16384,6587afedd7c0f949b131311e7425d033a0754a29587f85f26ec370a31fc4edf0,warmup,0,114418,1512747,1627165,305,0,0,131072,131071,1,Pass,Pass,7349817109290025153
1,1,21,A0-dup,A0,128KiB,131072,1024,22e51081397aebb06a1c4c3f85bd08a6e7041a438f4aae416970027e1ddbb24e,warmup,0,7124,81495,88619,83,0,0,131072,131071,1,Pass,Pass,15067928572581534229
1,1,22,A0,A0,4MiB,4194304,32768,f9dc4b51d64658b088837d5f2a7d485e8eba57daed852c20d443b77cc8137655,warmup,0,514755,4788442,5303197,250,0,0,131072,131071,1,Pass,Pass,7876534982476418273
1,1,23,Acapacity,Acapacity,128KiB,131072,1024,22e51081397aebb06a1c4c3f85bd08a6e7041a438f4aae416970027e1ddbb24e,warmup,0,7191,80475,87666,88,0,0,131072,131071,1,Pass,Pass,15067928572581534229
1,1,24,Adrop,Adrop,256KiB,262144,2048,6f0154469137295abd7b45b25bc83aace599559234fd5f331140bd800c48b670,warmup,0,13455,124761,138216,154961,1,2048,2048,2047,1,Pass,Pass,1126272383489710074
1,1,25,Adefs,Adefs,8MiB,8388608,65536,e456d3adf67030c5a168df273f5171ca3e1299e54571d94cca82b117f3cf3aeb,warmup,0,1445440,9874789,11320229,342,0,0,2048,2047,1,Pass,Pass,9713268438230653554
1,1,26,A0,A0,2MiB,2097152,16384,6587afedd7c0f949b131311e7425d033a0754a29587f85f26ec370a31fc4edf0,warmup,0,138554,1473826,1612380,191,0,0,2048,2047,1,Pass,Pass,7349817109290025153
1,1,27,Acapacity,Acapacity,4MiB,4194304,32768,f9dc4b51d64658b088837d5f2a7d485e8eba57daed852c20d443b77cc8137655,warmup,0,532247,4170000,4702247,329,0,0,2048,2047,1,Pass,Pass,7876534982476418273
1,1,28,Adrop,Adrop,2MiB,2097152,16384,6587afedd7c0f949b131311e7425d033a0754a29587f85f26ec370a31fc4edf0,warmup,0,124447,1227185,1351632,1871468,1,16384,16384,16383,1,Pass,Pass,7349817109290025153
1,1,29,Adefs,Adefs,1MiB,1048576,8192,337a179ec729c20c01309d98317f7ca00691d12ca10285b55ade71fb880e191c,warmup,0,57391,606294,663685,84,0,0,16384,16383,1,Pass,Pass,16341657278089853397
1,1,30,A0-dup,A0,8MiB,8388608,65536,e456d3adf67030c5a168df273f5171ca3e1299e54571d94cca82b117f3cf3aeb,warmup,0,1414848,10334629,11749477,320,0,0,16384,16383,1,Pass,Pass,9713268438230653554
1,1,31,Adefs,Adefs,512KiB,524288,4096,155dfc49f4c05f1087ef002a279acee734e738bc580f2b3925315f95a108242b,warmup,0,29490,303231,332721,192,0,0,16384,16383,1,Pass,Pass,192086794746352270
1,1,32,A0,A0,16MiB,16777216,131072,0c00f8138e0e622f6fc7215fc0f0d135e79bf60450e4c79d30e30624a8842117,warmup,0,3086581,26792168,29878749,291,0,0,16384,16383,1,Pass,Pass,7408339909486172793
1,1,33,Acapacity,Acapacity,512KiB,524288,4096,155dfc49f4c05f1087ef002a279acee734e738bc580f2b3925315f95a108242b,warmup,0,29010,314780,343790,96,0,0,16384,16383,1,Pass,Pass,192086794746352270
1,1,34,Adrop,Adrop,4MiB,4194304,32768,f9dc4b51d64658b088837d5f2a7d485e8eba57daed852c20d443b77cc8137655,warmup,0,520780,4136923,4657703,4392496,1,32768,32768,32767,1,Pass,Pass,7876534982476418273
1,1,35,Acapacity,Acapacity,256KiB,262144,2048,6f0154469137295abd7b45b25bc83aace599559234fd5f331140bd800c48b670,warmup,0,13987,156605,170592,64,0,0,32768,32767,1,Pass,Pass,1126272383489710074
1,1,36,Acapacity,Acapacity,16MiB,16777216,131072,0c00f8138e0e622f6fc7215fc0f0d135e79bf60450e4c79d30e30624a8842117,warmup,0,3092243,20942026,24034269,295,0,0,32768,32767,1,Pass,Pass,7408339909486172793
1,1,37,A0-dup,A0,256KiB,262144,2048,6f0154469137295abd7b45b25bc83aace599559234fd5f331140bd800c48b670,warmup,0,14636,183585,198221,235,0,0,32768,32767,1,Pass,Pass,1126272383489710074
1,1,38,Adrop,Adrop,128KiB,131072,1024,22e51081397aebb06a1c4c3f85bd08a6e7041a438f4aae416970027e1ddbb24e,warmup,0,6837,66246,73083,80455,1,1024,1024,1023,1,Pass,Pass,15067928572581534229
1,1,39,Adrop,Adrop,8MiB,8388608,65536,e456d3adf67030c5a168df273f5171ca3e1299e54571d94cca82b117f3cf3aeb,warmup,0,1447722,8825573,10273295,9103113,1,65536,65536,65535,1,Pass,Pass,9713268438230653554
1,2,0,A0-dup,A0,16MiB,16777216,131072,0c00f8138e0e622f6fc7215fc0f0d135e79bf60450e4c79d30e30624a8842117,warmup,0,3087612,22622121,25709733,270,0,0,65536,65535,1,Pass,Pass,7408339909486172793
1,2,1,Acapacity,Acapacity,8MiB,8388608,65536,e456d3adf67030c5a168df273f5171ca3e1299e54571d94cca82b117f3cf3aeb,warmup,0,1410098,10828394,12238492,124,0,0,65536,65535,1,Pass,Pass,9713268438230653554
1,2,2,A0,A0,2MiB,2097152,16384,6587afedd7c0f949b131311e7425d033a0754a29587f85f26ec370a31fc4edf0,warmup,0,126300,1533121,1659421,155,0,0,65536,65535,1,Pass,Pass,7349817109290025153
1,2,3,Adefs,Adefs,256KiB,262144,2048,6f0154469137295abd7b45b25bc83aace599559234fd5f331140bd800c48b670,warmup,0,14062,148785,162847,43,0,0,65536,65535,1,Pass,Pass,1126272383489710074
1,2,4,Acapacity,Acapacity,16MiB,16777216,131072,0c00f8138e0e622f6fc7215fc0f0d135e79bf60450e4c79d30e30624a8842117,warmup,0,3132667,22343987,25476654,499,0,0,65536,65535,1,Pass,Pass,7408339909486172793
1,2,5,Adrop,Adrop,512KiB,524288,4096,155dfc49f4c05f1087ef002a279acee734e738bc580f2b3925315f95a108242b,warmup,0,29476,256893,286369,317137,1,4096,4096,4095,1,Pass,Pass,192086794746352270
1,2,6,A0,A0,1MiB,1048576,8192,337a179ec729c20c01309d98317f7ca00691d12ca10285b55ade71fb880e191c,warmup,0,57506,664769,722275,106,0,0,4096,4095,1,Pass,Pass,16341657278089853397
1,2,7,Adefs,Adefs,4MiB,4194304,32768,f9dc4b51d64658b088837d5f2a7d485e8eba57daed852c20d443b77cc8137655,warmup,0,518881,4239239,4758120,115,0,0,4096,4095,1,Pass,Pass,7876534982476418273
1,2,8,Adefs,Adefs,16MiB,16777216,131072,0c00f8138e0e622f6fc7215fc0f0d135e79bf60450e4c79d30e30624a8842117,warmup,0,3082264,18763280,21845544,128,0,0,4096,4095,1,Pass,Pass,7408339909486172793
1,2,9,Adrop,Adrop,8MiB,8388608,65536,e456d3adf67030c5a168df273f5171ca3e1299e54571d94cca82b117f3cf3aeb,warmup,0,1355617,9431225,10786842,12075266,1,65536,65536,65535,1,Pass,Pass,9713268438230653554
1,2,10,Acapacity,Acapacity,512KiB,524288,4096,155dfc49f4c05f1087ef002a279acee734e738bc580f2b3925315f95a108242b,warmup,0,29555,315503,345058,185,0,0,65536,65535,1,Pass,Pass,192086794746352270
1,2,11,Adrop,Adrop,128KiB,131072,1024,22e51081397aebb06a1c4c3f85bd08a6e7041a438f4aae416970027e1ddbb24e,warmup,0,6745,61654,68399,81701,1,1024,1024,1023,1,Pass,Pass,15067928572581534229
1,2,12,A0,A0,128KiB,131072,1024,22e51081397aebb06a1c4c3f85bd08a6e7041a438f4aae416970027e1ddbb24e,warmup,0,6625,79283,85908,46,0,0,1024,1023,1,Pass,Pass,15067928572581534229
1,2,13,A0-dup,A0,256KiB,262144,2048,6f0154469137295abd7b45b25bc83aace599559234fd5f331140bd800c48b670,warmup,0,13501,158431,171932,53,0,0,1024,1023,1,Pass,Pass,1126272383489710074
1,2,14,Acapacity,Acapacity,128KiB,131072,1024,22e51081397aebb06a1c4c3f85bd08a6e7041a438f4aae416970027e1ddbb24e,warmup,0,6627,78644,85271,58,0,0,1024,1023,1,Pass,Pass,15067928572581534229
1,2,15,A0-dup,A0,1MiB,1048576,8192,337a179ec729c20c01309d98317f7ca00691d12ca10285b55ade71fb880e191c,warmup,0,61488,659040,720528,94,0,0,1024,1023,1,Pass,Pass,16341657278089853397
1,2,16,A0,A0,4MiB,4194304,32768,f9dc4b51d64658b088837d5f2a7d485e8eba57daed852c20d443b77cc8137655,warmup,0,497708,4531618,5029326,176,0,0,1024,1023,1,Pass,Pass,7876534982476418273
1,2,17,A0-dup,A0,128KiB,131072,1024,22e51081397aebb06a1c4c3f85bd08a6e7041a438f4aae416970027e1ddbb24e,warmup,0,7367,83024,90391,133,0,0,1024,1023,1,Pass,Pass,15067928572581534229
1,2,18,A0-dup,A0,512KiB,524288,4096,155dfc49f4c05f1087ef002a279acee734e738bc580f2b3925315f95a108242b,warmup,0,28875,310716,339591,49,0,0,1024,1023,1,Pass,Pass,192086794746352270
1,2,19,Adefs,Adefs,8MiB,8388608,65536,e456d3adf67030c5a168df273f5171ca3e1299e54571d94cca82b117f3cf3aeb,warmup,0,1454509,9265635,10720144,510,0,0,1024,1023,1,Pass,Pass,9713268438230653554
1,2,20,Acapacity,Acapacity,1MiB,1048576,8192,337a179ec729c20c01309d98317f7ca00691d12ca10285b55ade71fb880e191c,warmup,0,61607,645661,707268,121,0,0,1024,1023,1,Pass,Pass,16341657278089853397
1,2,21,Adefs,Adefs,512KiB,524288,4096,155dfc49f4c05f1087ef002a279acee734e738bc580f2b3925315f95a108242b,warmup,0,29228,291489,320717,53,0,0,1024,1023,1,Pass,Pass,192086794746352270
1,2,22,A0,A0,16MiB,16777216,131072,0c00f8138e0e622f6fc7215fc0f0d135e79bf60450e4c79d30e30624a8842117,warmup,0,3086738,20963126,24049864,437,0,0,1024,1023,1,Pass,Pass,7408339909486172793
1,2,23,Adefs,Adefs,1MiB,1048576,8192,337a179ec729c20c01309d98317f7ca00691d12ca10285b55ade71fb880e191c,warmup,0,57981,657266,715247,125,0,0,1024,1023,1,Pass,Pass,16341657278089853397
1,2,24,A0-dup,A0,2MiB,2097152,16384,6587afedd7c0f949b131311e7425d033a0754a29587f85f26ec370a31fc4edf0,warmup,0,119689,1551529,1671218,264,0,0,1024,1023,1,Pass,Pass,7349817109290025153
1,2,25,Adefs,Adefs,2MiB,2097152,16384,6587afedd7c0f949b131311e7425d033a0754a29587f85f26ec370a31fc4edf0,warmup,0,118494,1437918,1556412,160,0,0,1024,1023,1,Pass,Pass,7349817109290025153
1,2,26,Adrop,Adrop,2MiB,2097152,16384,6587afedd7c0f949b131311e7425d033a0754a29587f85f26ec370a31fc4edf0,warmup,0,144305,1266875,1411180,1928353,1,16384,16384,16383,1,Pass,Pass,7349817109290025153
1,2,27,Adrop,Adrop,256KiB,262144,2048,6f0154469137295abd7b45b25bc83aace599559234fd5f331140bd800c48b670,warmup,0,14470,136801,151271,169268,1,2048,2048,2047,1,Pass,Pass,1126272383489710074
1,2,28,A0,A0,512KiB,524288,4096,155dfc49f4c05f1087ef002a279acee734e738bc580f2b3925315f95a108242b,warmup,0,29001,311114,340115,77,0,0,2048,2047,1,Pass,Pass,192086794746352270
1,2,29,Adrop,Adrop,4MiB,4194304,32768,f9dc4b51d64658b088837d5f2a7d485e8eba57daed852c20d443b77cc8137655,warmup,0,473697,3563178,4036875,4709413,1,32768,32768,32767,1,Pass,Pass,7876534982476418273
1,2,30,A0-dup,A0,8MiB,8388608,65536,e456d3adf67030c5a168df273f5171ca3e1299e54571d94cca82b117f3cf3aeb,warmup,0,1391074,11266133,12657207,186,0,0,32768,32767,1,Pass,Pass,9713268438230653554
1,2,31,Acapacity,Acapacity,2MiB,2097152,16384,6587afedd7c0f949b131311e7425d033a0754a29587f85f26ec370a31fc4edf0,warmup,0,133141,1426645,1559786,205,0,0,32768,32767,1,Pass,Pass,7349817109290025153
1,2,32,A0,A0,8MiB,8388608,65536,e456d3adf67030c5a168df273f5171ca3e1299e54571d94cca82b117f3cf3aeb,warmup,0,1535164,11297099,12832263,263,0,0,32768,32767,1,Pass,Pass,9713268438230653554
1,2,33,Adefs,Adefs,128KiB,131072,1024,22e51081397aebb06a1c4c3f85bd08a6e7041a438f4aae416970027e1ddbb24e,warmup,0,6997,81921,88918,135,0,0,32768,32767,1,Pass,Pass,15067928572581534229
1,2,34,Acapacity,Acapacity,256KiB,262144,2048,6f0154469137295abd7b45b25bc83aace599559234fd5f331140bd800c48b670,warmup,0,13754,157695,171449,31,0,0,32768,32767,1,Pass,Pass,1126272383489710074
1,2,35,A0,A0,256KiB,262144,2048,6f0154469137295abd7b45b25bc83aace599559234fd5f331140bd800c48b670,warmup,0,13617,161669,175286,28,0,0,32768,32767,1,Pass,Pass,1126272383489710074
1,2,36,A0-dup,A0,4MiB,4194304,32768,f9dc4b51d64658b088837d5f2a7d485e8eba57daed852c20d443b77cc8137655,warmup,0,604013,4868309,5472322,280,0,0,32768,32767,1,Pass,Pass,7876534982476418273
1,2,37,Adrop,Adrop,1MiB,1048576,8192,337a179ec729c20c01309d98317f7ca00691d12ca10285b55ade71fb880e191c,warmup,0,57355,516348,573703,682863,1,8192,8192,8191,1,Pass,Pass,16341657278089853397
1,2,38,Adrop,Adrop,16MiB,16777216,131072,0c00f8138e0e622f6fc7215fc0f0d135e79bf60450e4c79d30e30624a8842117,warmup,0,3086111,18413384,21499495,18237344,1,131072,131072,131071,1,Pass,Pass,7408339909486172793
1,2,39,Acapacity,Acapacity,4MiB,4194304,32768,f9dc4b51d64658b088837d5f2a7d485e8eba57daed852c20d443b77cc8137655,warmup,0,441705,4097899,4539604,265,0,0,131072,131071,1,Pass,Pass,7876534982476418273
1,3,0,A0-dup,A0,8MiB,8388608,65536,e456d3adf67030c5a168df273f5171ca3e1299e54571d94cca82b117f3cf3aeb,warmup,0,1437789,11258296,12696085,103,0,0,131072,131071,1,Pass,Pass,9713268438230653554
1,3,1,Adefs,Adefs,4MiB,4194304,32768,f9dc4b51d64658b088837d5f2a7d485e8eba57daed852c20d443b77cc8137655,warmup,0,476041,4152627,4628668,123,0,0,131072,131071,1,Pass,Pass,7876534982476418273
1,3,2,A0-dup,A0,128KiB,131072,1024,22e51081397aebb06a1c4c3f85bd08a6e7041a438f4aae416970027e1ddbb24e,warmup,0,6947,82571,89518,103,0,0,131072,131071,1,Pass,Pass,15067928572581534229
1,3,3,A0,A0,1MiB,1048576,8192,337a179ec729c20c01309d98317f7ca00691d12ca10285b55ade71fb880e191c,warmup,0,56935,654298,711233,93,0,0,131072,131071,1,Pass,Pass,16341657278089853397
1,3,4,A0-dup,A0,512KiB,524288,4096,155dfc49f4c05f1087ef002a279acee734e738bc580f2b3925315f95a108242b,warmup,0,30325,315148,345473,44,0,0,131072,131071,1,Pass,Pass,192086794746352270
1,3,5,Acapacity,Acapacity,1MiB,1048576,8192,337a179ec729c20c01309d98317f7ca00691d12ca10285b55ade71fb880e191c,warmup,0,57575,658834,716409,95,0,0,131072,131071,1,Pass,Pass,16341657278089853397
1,3,6,A0-dup,A0,4MiB,4194304,32768,f9dc4b51d64658b088837d5f2a7d485e8eba57daed852c20d443b77cc8137655,warmup,0,466445,4182921,4649366,102,0,0,131072,131071,1,Pass,Pass,7876534982476418273
1,3,7,Acapacity,Acapacity,16MiB,16777216,131072,0c00f8138e0e622f6fc7215fc0f0d135e79bf60450e4c79d30e30624a8842117,warmup,0,3106597,27376482,30483079,348,0,0,131072,131071,1,Pass,Pass,7408339909486172793
1,3,8,Adrop,Adrop,128KiB,131072,1024,22e51081397aebb06a1c4c3f85bd08a6e7041a438f4aae416970027e1ddbb24e,warmup,0,7288,64856,72144,81398,1,1024,1024,1023,1,Pass,Pass,15067928572581534229
1,3,9,A0-dup,A0,256KiB,262144,2048,6f0154469137295abd7b45b25bc83aace599559234fd5f331140bd800c48b670,warmup,0,13393,158910,172303,69,0,0,1024,1023,1,Pass,Pass,1126272383489710074
1,3,10,A0-dup,A0,1MiB,1048576,8192,337a179ec729c20c01309d98317f7ca00691d12ca10285b55ade71fb880e191c,warmup,0,56944,672476,729420,42,0,0,1024,1023,1,Pass,Pass,16341657278089853397
1,3,11,Acapacity,Acapacity,4MiB,4194304,32768,f9dc4b51d64658b088837d5f2a7d485e8eba57daed852c20d443b77cc8137655,warmup,0,514549,4668424,5182973,110,0,0,1024,1023,1,Pass,Pass,7876534982476418273
1,3,12,Adrop,Adrop,2MiB,2097152,16384,6587afedd7c0f949b131311e7425d033a0754a29587f85f26ec370a31fc4edf0,warmup,0,117946,1184454,1302400,1831961,1,16384,16384,16383,1,Pass,Pass,7349817109290025153
1,3,13,Adrop,Adrop,4MiB,4194304,32768,f9dc4b51d64658b088837d5f2a7d485e8eba57daed852c20d443b77cc8137655,warmup,0,472122,3944543,4416665,4640207,1,32768,32768,32767,1,Pass,Pass,7876534982476418273
1,3,14,Acapacity,Acapacity,128KiB,131072,1024,22e51081397aebb06a1c4c3f85bd08a6e7041a438f4aae416970027e1ddbb24e,warmup,0,7172,79993,87165,141,0,0,32768,32767,1,Pass,Pass,15067928572581534229
1,3,15,Acapacity,Acapacity,512KiB,524288,4096,155dfc49f4c05f1087ef002a279acee734e738bc580f2b3925315f95a108242b,warmup,0,29052,310755,339807,42,0,0,32768,32767,1,Pass,Pass,192086794746352270
1,3,16,A0,A0,2MiB,2097152,16384,6587afedd7c0f949b131311e7425d033a0754a29587f85f26ec370a31fc4edf0,warmup,0,151069,1515757,1666826,150,0,0,32768,32767,1,Pass,Pass,7349817109290025153
1,3,17,Adrop,Adrop,16MiB,16777216,131072,0c00f8138e0e622f6fc7215fc0f0d135e79bf60450e4c79d30e30624a8842117,warmup,0,3025923,19297440,22323363,17672379,1,131072,131072,131071,1,Pass,Pass,7408339909486172793
1,3,18,Adrop,Adrop,8MiB,8388608,65536,e456d3adf67030c5a168df273f5171ca3e1299e54571d94cca82b117f3cf3aeb,warmup,0,1459943,9983829,11443772,10700774,1,65536,65536,65535,1,Pass,Pass,9713268438230653554
1,3,19,A0,A0,512KiB,524288,4096,155dfc49f4c05f1087ef002a279acee734e738bc580f2b3925315f95a108242b,warmup,0,29125,322247,351372,117,0,0,65536,65535,1,Pass,Pass,192086794746352270
1,3,20,A0-dup,A0,2MiB,2097152,16384,6587afedd7c0f949b131311e7425d033a0754a29587f85f26ec370a31fc4edf0,warmup,0,141452,1481519,1622971,252,0,0,65536,65535,1,Pass,Pass,7349817109290025153
1,3,21,Adefs,Adefs,2MiB,2097152,16384,6587afedd7c0f949b131311e7425d033a0754a29587f85f26ec370a31fc4edf0,warmup,0,135706,1396056,1531762,120,0,0,65536,65535,1,Pass,Pass,7349817109290025153
1,3,22,A0,A0,4MiB,4194304,32768,f9dc4b51d64658b088837d5f2a7d485e8eba57daed852c20d443b77cc8137655,warmup,0,467451,4285659,4753110,433,0,0,65536,65535,1,Pass,Pass,7876534982476418273
1,3,23,Adefs,Adefs,16MiB,16777216,131072,0c00f8138e0e622f6fc7215fc0f0d135e79bf60450e4c79d30e30624a8842117,warmup,0,3085840,24836795,27922635,291,0,0,65536,65535,1,Pass,Pass,7408339909486172793
1,3,24,Acapacity,Acapacity,2MiB,2097152,16384,6587afedd7c0f949b131311e7425d033a0754a29587f85f26ec370a31fc4edf0,warmup,0,141504,1497484,1638988,233,0,0,65536,65535,1,Pass,Pass,7349817109290025153
1,3,25,Adefs,Adefs,512KiB,524288,4096,155dfc49f4c05f1087ef002a279acee734e738bc580f2b3925315f95a108242b,warmup,0,29712,301555,331267,80,0,0,65536,65535,1,Pass,Pass,192086794746352270
1,3,26,A0,A0,16MiB,16777216,131072,0c00f8138e0e622f6fc7215fc0f0d135e79bf60450e4c79d30e30624a8842117,warmup,0,3084918,22375259,25460177,107,0,0,65536,65535,1,Pass,Pass,7408339909486172793
1,3,27,Adefs,Adefs,128KiB,131072,1024,22e51081397aebb06a1c4c3f85bd08a6e7041a438f4aae416970027e1ddbb24e,warmup,0,7299,77084,84383,82,0,0,65536,65535,1,Pass,Pass,15067928572581534229
1,3,28,A0,A0,256KiB,262144,2048,6f0154469137295abd7b45b25bc83aace599559234fd5f331140bd800c48b670,warmup,0,13564,162563,176127,85,0,0,65536,65535,1,Pass,Pass,1126272383489710074
1,3,29,Adefs,Adefs,8MiB,8388608,65536,e456d3adf67030c5a168df273f5171ca3e1299e54571d94cca82b117f3cf3aeb,warmup,0,1431132,10364562,11795694,357,0,0,65536,65535,1,Pass,Pass,9713268438230653554
1,3,30,Adrop,Adrop,256KiB,262144,2048,6f0154469137295abd7b45b25bc83aace599559234fd5f331140bd800c48b670,warmup,0,13916,129932,143848,154460,1,2048,2048,2047,1,Pass,Pass,1126272383489710074
1,3,31,Adrop,Adrop,1MiB,1048576,8192,337a179ec729c20c01309d98317f7ca00691d12ca10285b55ade71fb880e191c,warmup,0,57793,532281,590074,678554,1,8192,8192,8191,1,Pass,Pass,16341657278089853397
1,3,32,Acapacity,Acapacity,256KiB,262144,2048,6f0154469137295abd7b45b25bc83aace599559234fd5f331140bd800c48b670,warmup,0,13662,155257,168919,79,0,0,8192,8191,1,Pass,Pass,1126272383489710074
1,3,33,Acapacity,Acapacity,8MiB,8388608,65536,e456d3adf67030c5a168df273f5171ca3e1299e54571d94cca82b117f3cf3aeb,warmup,0,1445110,11415051,12860161,188,0,0,8192,8191,1,Pass,Pass,9713268438230653554
1,3,34,A0-dup,A0,16MiB,16777216,131072,0c00f8138e0e622f6fc7215fc0f0d135e79bf60450e4c79d30e30624a8842117,warmup,0,3041733,23221702,26263435,238,0,0,8192,8191,1,Pass,Pass,7408339909486172793
1,3,35,Adrop,Adrop,512KiB,524288,4096,155dfc49f4c05f1087ef002a279acee734e738bc580f2b3925315f95a108242b,warmup,0,29453,255740,285193,311456,1,4096,4096,4095,1,Pass,Pass,192086794746352270
1,3,36,Adefs,Adefs,256KiB,262144,2048,6f0154469137295abd7b45b25bc83aace599559234fd5f331140bd800c48b670,warmup,0,13896,147235,161131,43,0,0,4096,4095,1,Pass,Pass,1126272383489710074
1,3,37,A0,A0,8MiB,8388608,65536,e456d3adf67030c5a168df273f5171ca3e1299e54571d94cca82b117f3cf3aeb,warmup,0,1444426,10920512,12364938,352,0,0,4096,4095,1,Pass,Pass,9713268438230653554
1,3,38,Adefs,Adefs,1MiB,1048576,8192,337a179ec729c20c01309d98317f7ca00691d12ca10285b55ade71fb880e191c,warmup,0,58021,613914,671935,109,0,0,4096,4095,1,Pass,Pass,16341657278089853397
1,3,39,A0,A0,128KiB,131072,1024,22e51081397aebb06a1c4c3f85bd08a6e7041a438f4aae416970027e1ddbb24e,warmup,0,6913,80906,87819,63,0,0,4096,4095,1,Pass,Pass,15067928572581534229
1,4,0,Acapacity,Acapacity,8MiB,8388608,65536,e456d3adf67030c5a168df273f5171ca3e1299e54571d94cca82b117f3cf3aeb,warmup,0,1460461,10913034,12373495,117,0,0,4096,4095,1,Pass,Pass,9713268438230653554
1,4,1,A0-dup,A0,512KiB,524288,4096,155dfc49f4c05f1087ef002a279acee734e738bc580f2b3925315f95a108242b,warmup,0,29142,321021,350163,112,0,0,4096,4095,1,Pass,Pass,192086794746352270
1,4,2,Adefs,Adefs,256KiB,262144,2048,6f0154469137295abd7b45b25bc83aace599559234fd5f331140bd800c48b670,warmup,0,13489,148925,162414,53,0,0,4096,4095,1,Pass,Pass,1126272383489710074
1,4,3,Adrop,Adrop,1MiB,1048576,8192,337a179ec729c20c01309d98317f7ca00691d12ca10285b55ade71fb880e191c,warmup,0,57150,528308,585458,641946,1,8192,8192,8191,1,Pass,Pass,16341657278089853397
1,4,4,A0,A0,16MiB,16777216,131072,0c00f8138e0e622f6fc7215fc0f0d135e79bf60450e4c79d30e30624a8842117,warmup,0,3038214,23086106,26124320,573,0,0,8192,8191,1,Pass,Pass,7408339909486172793
1,4,5,Acapacity,Acapacity,256KiB,262144,2048,6f0154469137295abd7b45b25bc83aace599559234fd5f331140bd800c48b670,warmup,0,14262,158184,172446,220,0,0,8192,8191,1,Pass,Pass,1126272383489710074
1,4,6,Adrop,Adrop,16MiB,16777216,131072,0c00f8138e0e622f6fc7215fc0f0d135e79bf60450e4c79d30e30624a8842117,warmup,0,3013573,20184022,23197595,17011628,1,131072,131072,131071,1,Pass,Pass,7408339909486172793
1,4,7,Adefs,Adefs,8MiB,8388608,65536,e456d3adf67030c5a168df273f5171ca3e1299e54571d94cca82b117f3cf3aeb,warmup,0,1463670,9934104,11397774,198,0,0,131072,131071,1,Pass,Pass,9713268438230653554
1,4,8,A0-dup,A0,2MiB,2097152,16384,6587afedd7c0f949b131311e7425d033a0754a29587f85f26ec370a31fc4edf0,warmup,0,132736,1530049,1662785,108,0,0,131072,131071,1,Pass,Pass,7349817109290025153
1,4,9,Adrop,Adrop,4MiB,4194304,32768,f9dc4b51d64658b088837d5f2a7d485e8eba57daed852c20d443b77cc8137655,warmup,0,439875,3653727,4093602,4432434,1,32768,32768,32767,1,Pass,Pass,7876534982476418273
1,4,10,Adefs,Adefs,128KiB,131072,1024,22e51081397aebb06a1c4c3f85bd08a6e7041a438f4aae416970027e1ddbb24e,warmup,0,7291,80194,87485,110,0,0,32768,32767,1,Pass,Pass,15067928572581534229
1,4,11,A0,A0,256KiB,262144,2048,6f0154469137295abd7b45b25bc83aace599559234fd5f331140bd800c48b670,warmup,0,13723,162663,176386,46,0,0,32768,32767,1,Pass,Pass,1126272383489710074
1,4,12,Acapacity,Acapacity,512KiB,524288,4096,155dfc49f4c05f1087ef002a279acee734e738bc580f2b3925315f95a108242b,warmup,0,28818,317200,346018,48,0,0,32768,32767,1,Pass,Pass,192086794746352270
1,4,13,A0,A0,4MiB,4194304,32768,f9dc4b51d64658b088837d5f2a7d485e8eba57daed852c20d443b77cc8137655,warmup,0,545988,4487555,5033543,634,0,0,32768,32767,1,Pass,Pass,7876534982476418273
1,4,14,A0-dup,A0,8MiB,8388608,65536,e456d3adf67030c5a168df273f5171ca3e1299e54571d94cca82b117f3cf3aeb,warmup,0,1446243,10782836,12229079,135,0,0,32768,32767,1,Pass,Pass,9713268438230653554
1,4,15,A0-dup,A0,16MiB,16777216,131072,0c00f8138e0e622f6fc7215fc0f0d135e79bf60450e4c79d30e30624a8842117,warmup,0,3131919,25994844,29126763,429,0,0,32768,32767,1,Pass,Pass,7408339909486172793
1,4,16,A0,A0,128KiB,131072,1024,22e51081397aebb06a1c4c3f85bd08a6e7041a438f4aae416970027e1ddbb24e,warmup,0,7028,85872,92900,112,0,0,32768,32767,1,Pass,Pass,15067928572581534229
1,4,17,A0-dup,A0,256KiB,262144,2048,6f0154469137295abd7b45b25bc83aace599559234fd5f331140bd800c48b670,warmup,0,13674,162909,176583,35,0,0,32768,32767,1,Pass,Pass,1126272383489710074
1,4,18,Acapacity,Acapacity,128KiB,131072,1024,22e51081397aebb06a1c4c3f85bd08a6e7041a438f4aae416970027e1ddbb24e,warmup,0,6577,78093,84670,35,0,0,32768,32767,1,Pass,Pass,15067928572581534229
1,4,19,A0,A0,2MiB,2097152,16384,6587afedd7c0f949b131311e7425d033a0754a29587f85f26ec370a31fc4edf0,warmup,0,126499,1484266,1610765,110,0,0,32768,32767,1,Pass,Pass,7349817109290025153
1,4,20,Adefs,Adefs,512KiB,524288,4096,155dfc49f4c05f1087ef002a279acee734e738bc580f2b3925315f95a108242b,warmup,0,29800,312801,342601,272,0,0,32768,32767,1,Pass,Pass,192086794746352270
1,4,21,Adefs,Adefs,16MiB,16777216,131072,0c00f8138e0e622f6fc7215fc0f0d135e79bf60450e4c79d30e30624a8842117,warmup,0,3076689,20051679,23128368,367,0,0,32768,32767,1,Pass,Pass,7408339909486172793
1,4,22,Adrop,Adrop,128KiB,131072,1024,22e51081397aebb06a1c4c3f85bd08a6e7041a438f4aae416970027e1ddbb24e,warmup,0,7054,67771,74825,82472,1,1024,1024,1023,1,Pass,Pass,15067928572581534229
1,4,23,A0,A0,8MiB,8388608,65536,e456d3adf67030c5a168df273f5171ca3e1299e54571d94cca82b117f3cf3aeb,warmup,0,1456099,11540993,12997092,459,0,0,1024,1023,1,Pass,Pass,9713268438230653554
1,4,24,A0,A0,512KiB,524288,4096,155dfc49f4c05f1087ef002a279acee734e738bc580f2b3925315f95a108242b,warmup,0,29256,325133,354389,102,0,0,1024,1023,1,Pass,Pass,192086794746352270
1,4,25,Acapacity,Acapacity,16MiB,16777216,131072,0c00f8138e0e622f6fc7215fc0f0d135e79bf60450e4c79d30e30624a8842117,warmup,0,3080207,22272709,25352916,130,0,0,1024,1023,1,Pass,Pass,7408339909486172793
1,4,26,Acapacity,Acapacity,1MiB,1048576,8192,337a179ec729c20c01309d98317f7ca00691d12ca10285b55ade71fb880e191c,warmup,0,57675,649179,706854,412,0,0,1024,1023,1,Pass,Pass,16341657278089853397
1,4,27,Adrop,Adrop,8MiB,8388608,65536,e456d3adf67030c5a168df273f5171ca3e1299e54571d94cca82b117f3cf3aeb,warmup,0,1458653,9921186,11379839,9532307,1,65536,65536,65535,1,Pass,Pass,9713268438230653554
1,4,28,Acapacity,Acapacity,2MiB,2097152,16384,6587afedd7c0f949b131311e7425d033a0754a29587f85f26ec370a31fc4edf0,warmup,0,117035,1407949,1524984,441,0,0,65536,65535,1,Pass,Pass,7349817109290025153
1,4,29,Adefs,Adefs,2MiB,2097152,16384,6587afedd7c0f949b131311e7425d033a0754a29587f85f26ec370a31fc4edf0,warmup,0,128878,1396259,1525137,284,0,0,65536,65535,1,Pass,Pass,7349817109290025153
1,4,30,Adefs,Adefs,4MiB,4194304,32768,f9dc4b51d64658b088837d5f2a7d485e8eba57daed852c20d443b77cc8137655,warmup,0,585696,4320326,4906022,117,0,0,65536,65535,1,Pass,Pass,7876534982476418273
1,4,31,A0-dup,A0,128KiB,131072,1024,22e51081397aebb06a1c4c3f85bd08a6e7041a438f4aae416970027e1ddbb24e,warmup,0,7095,86610,93705,126,0,0,65536,65535,1,Pass,Pass,15067928572581534229
1,4,32,Adrop,Adrop,256KiB,262144,2048,6f0154469137295abd7b45b25bc83aace599559234fd5f331140bd800c48b670,warmup,0,13542,124790,138332,167139,1,2048,2048,2047,1,Pass,Pass,1126272383489710074
1,4,33,Adefs,Adefs,1MiB,1048576,8192,337a179ec729c20c01309d98317f7ca00691d12ca10285b55ade71fb880e191c,warmup,0,56749,620847,677596,31,0,0,2048,2047,1,Pass,Pass,16341657278089853397
1,4,34,A0,A0,1MiB,1048576,8192,337a179ec729c20c01309d98317f7ca00691d12ca10285b55ade71fb880e191c,warmup,0,61416,645242,706658,80,0,0,2048,2047,1,Pass,Pass,16341657278089853397
1,4,35,A0-dup,A0,4MiB,4194304,32768,f9dc4b51d64658b088837d5f2a7d485e8eba57daed852c20d443b77cc8137655,warmup,0,609641,4641597,5251238,114,0,0,2048,2047,1,Pass,Pass,7876534982476418273
1,4,36,Acapacity,Acapacity,4MiB,4194304,32768,f9dc4b51d64658b088837d5f2a7d485e8eba57daed852c20d443b77cc8137655,warmup,0,828367,5477500,6305867,345,0,0,2048,2047,1,Pass,Pass,7876534982476418273
1,4,37,Adrop,Adrop,2MiB,2097152,16384,6587afedd7c0f949b131311e7425d033a0754a29587f85f26ec370a31fc4edf0,warmup,0,123926,1229634,1353560,1898219,1,16384,16384,16383,1,Pass,Pass,7349817109290025153
1,4,38,A0-dup,A0,1MiB,1048576,8192,337a179ec729c20c01309d98317f7ca00691d12ca10285b55ade71fb880e191c,warmup,0,58389,652105,710494,124,0,0,16384,16383,1,Pass,Pass,16341657278089853397
1,4,39,Adrop,Adrop,512KiB,524288,4096,155dfc49f4c05f1087ef002a279acee734e738bc580f2b3925315f95a108242b,warmup,0,29306,259713,289019,313413,1,4096,4096,4095,1,Pass,Pass,192086794746352270
1,5,0,A0,A0,512KiB,524288,4096,155dfc49f4c05f1087ef002a279acee734e738bc580f2b3925315f95a108242b,warmup,0,28682,319135,347817,62,0,0,4096,4095,1,Pass,Pass,192086794746352270
1,5,1,Adrop,Adrop,16MiB,16777216,131072,0c00f8138e0e622f6fc7215fc0f0d135e79bf60450e4c79d30e30624a8842117,warmup,0,3093147,18938752,22031899,18193567,1,131072,131072,131071,1,Pass,Pass,7408339909486172793
1,5,2,Acapacity,Acapacity,1MiB,1048576,8192,337a179ec729c20c01309d98317f7ca00691d12ca10285b55ade71fb880e191c,warmup,0,58317,649785,708102,209,0,0,131072,131071,1,Pass,Pass,16341657278089853397
1,5,3,A0,A0,2MiB,2097152,16384,6587afedd7c0f949b131311e7425d033a0754a29587f85f26ec370a31fc4edf0,warmup,0,143520,1490517,1634037,221,0,0,131072,131071,1,Pass,Pass,7349817109290025153
1,5,4,Adrop,Adrop,1MiB,1048576,8192,337a179ec729c20c01309d98317f7ca00691d12ca10285b55ade71fb880e191c,warmup,0,58658,522078,580736,662597,1,8192,8192,8191,1,Pass,Pass,16341657278089853397
1,5,5,A0-dup,A0,256KiB,262144,2048,6f0154469137295abd7b45b25bc83aace599559234fd5f331140bd800c48b670,warmup,0,13695,156786,170481,69,0,0,8192,8191,1,Pass,Pass,1126272383489710074
1,5,6,Adefs,Adefs,256KiB,262144,2048,6f0154469137295abd7b45b25bc83aace599559234fd5f331140bd800c48b670,warmup,0,13756,145047,158803,44,0,0,8192,8191,1,Pass,Pass,1126272383489710074
1,5,7,A0-dup,A0,128KiB,131072,1024,22e51081397aebb06a1c4c3f85bd08a6e7041a438f4aae416970027e1ddbb24e,warmup,0,6636,79440,86076,42,0,0,8192,8191,1,Pass,Pass,15067928572581534229
1,5,8,Adrop,Adrop,8MiB,8388608,65536,e456d3adf67030c5a168df273f5171ca3e1299e54571d94cca82b117f3cf3aeb,warmup,0,1417550,9907506,11325056,9081974,1,65536,65536,65535,1,Pass,Pass,9713268438230653554
1,5,9,A0,A0,4MiB,4194304,32768,f9dc4b51d64658b088837d5f2a7d485e8eba57daed852c20d443b77cc8137655,warmup,0,487529,4506056,4993585,289,0,0,65536,65535,1,Pass,Pass,7876534982476418273
1,5,10,Acapacity,Acapacity,4MiB,4194304,32768,f9dc4b51d64658b088837d5f2a7d485e8eba57daed852c20d443b77cc8137655,warmup,0,486526,4397225,4883751,220,0,0,65536,65535,1,Pass,Pass,7876534982476418273
1,5,11,Acapacity,Acapacity,8MiB,8388608,65536,e456d3adf67030c5a168df273f5171ca3e1299e54571d94cca82b117f3cf3aeb,warmup,0,1415214,10293888,11709102,366,0,0,65536,65535,1,Pass,Pass,9713268438230653554
1,5,12,Adrop,Adrop,4MiB,4194304,32768,f9dc4b51d64658b088837d5f2a7d485e8eba57daed852c20d443b77cc8137655,warmup,0,584492,4101927,4686419,4821888,1,32768,32768,32767,1,Pass,Pass,7876534982476418273
1,5,13,Adefs,Adefs,8MiB,8388608,65536,e456d3adf67030c5a168df273f5171ca3e1299e54571d94cca82b117f3cf3aeb,warmup,0,1419951,10493474,11913425,227,0,0,32768,32767,1,Pass,Pass,9713268438230653554
1,5,14,A0-dup,A0,4MiB,4194304,32768,f9dc4b51d64658b088837d5f2a7d485e8eba57daed852c20d443b77cc8137655,warmup,0,477647,4416252,4893899,353,0,0,32768,32767,1,Pass,Pass,7876534982476418273
1,5,15,A0,A0,256KiB,262144,2048,6f0154469137295abd7b45b25bc83aace599559234fd5f331140bd800c48b670,warmup,0,13987,162161,176148,186,0,0,32768,32767,1,Pass,Pass,1126272383489710074
1,5,16,Adrop,Adrop,2MiB,2097152,16384,6587afedd7c0f949b131311e7425d033a0754a29587f85f26ec370a31fc4edf0,warmup,0,135528,1215824,1351352,2151411,1,16384,16384,16383,1,Pass,Pass,7349817109290025153
1,5,17,Adrop,Adrop,512KiB,524288,4096,155dfc49f4c05f1087ef002a279acee734e738bc580f2b3925315f95a108242b,warmup,0,29124,267554,296678,317423,1,4096,4096,4095,1,Pass,Pass,192086794746352270
1,5,18,A0-dup,A0,2MiB,2097152,16384,6587afedd7c0f949b131311e7425d033a0754a29587f85f26ec370a31fc4edf0,warmup,0,139379,1491775,1631154,209,0,0,4096,4095,1,Pass,Pass,7349817109290025153
1,5,19,A0,A0,8MiB,8388608,65536,e456d3adf67030c5a168df273f5171ca3e1299e54571d94cca82b117f3cf3aeb,warmup,0,1393738,10955740,12349478,247,0,0,4096,4095,1,Pass,Pass,9713268438230653554
1,5,20,Adefs,Adefs,128KiB,131072,1024,22e51081397aebb06a1c4c3f85bd08a6e7041a438f4aae416970027e1ddbb24e,warmup,0,7075,78112,85187,97,0,0,4096,4095,1,Pass,Pass,15067928572581534229
1,5,21,Acapacity,Acapacity,16MiB,16777216,131072,0c00f8138e0e622f6fc7215fc0f0d135e79bf60450e4c79d30e30624a8842117,warmup,0,3085066,26516799,29601865,396,0,0,4096,4095,1,Pass,Pass,7408339909486172793
1,5,22,Acapacity,Acapacity,128KiB,131072,1024,22e51081397aebb06a1c4c3f85bd08a6e7041a438f4aae416970027e1ddbb24e,warmup,0,7021,81627,88648,97,0,0,4096,4095,1,Pass,Pass,15067928572581534229
1,5,23,A0,A0,128KiB,131072,1024,22e51081397aebb06a1c4c3f85bd08a6e7041a438f4aae416970027e1ddbb24e,warmup,0,6649,82192,88841,54,0,0,4096,4095,1,Pass,Pass,15067928572581534229
1,5,24,Adefs,Adefs,1MiB,1048576,8192,337a179ec729c20c01309d98317f7ca00691d12ca10285b55ade71fb880e191c,warmup,0,57278,635728,693006,141,0,0,4096,4095,1,Pass,Pass,16341657278089853397
1,5,25,Acapacity,Acapacity,256KiB,262144,2048,6f0154469137295abd7b45b25bc83aace599559234fd5f331140bd800c48b670,warmup,0,13772,155119,168891,141,0,0,4096,4095,1,Pass,Pass,1126272383489710074
1,5,26,A0-dup,A0,1MiB,1048576,8192,337a179ec729c20c01309d98317f7ca00691d12ca10285b55ade71fb880e191c,warmup,0,57310,660924,718234,41,0,0,4096,4095,1,Pass,Pass,16341657278089853397
1,5,27,A0-dup,A0,8MiB,8388608,65536,e456d3adf67030c5a168df273f5171ca3e1299e54571d94cca82b117f3cf3aeb,warmup,0,1474552,11566904,13041456,218,0,0,4096,4095,1,Pass,Pass,9713268438230653554
1,5,28,Adrop,Adrop,256KiB,262144,2048,6f0154469137295abd7b45b25bc83aace599559234fd5f331140bd800c48b670,warmup,0,14343,125849,140192,159437,1,2048,2048,2047,1,Pass,Pass,1126272383489710074
1,5,29,Adefs,Adefs,4MiB,4194304,32768,f9dc4b51d64658b088837d5f2a7d485e8eba57daed852c20d443b77cc8137655,warmup,0,492793,4211737,4704530,475,0,0,2048,2047,1,Pass,Pass,7876534982476418273
1,5,30,Adefs,Adefs,512KiB,524288,4096,155dfc49f4c05f1087ef002a279acee734e738bc580f2b3925315f95a108242b,warmup,0,33178,298003,331181,109,0,0,2048,2047,1,Pass,Pass,192086794746352270
1,5,31,Acapacity,Acapacity,2MiB,2097152,16384,6587afedd7c0f949b131311e7425d033a0754a29587f85f26ec370a31fc4edf0,warmup,0,137631,1474815,1612446,109,0,0,2048,2047,1,Pass,Pass,7349817109290025153
1,5,32,Acapacity,Acapacity,512KiB,524288,4096,155dfc49f4c05f1087ef002a279acee734e738bc580f2b3925315f95a108242b,warmup,0,29184,337470,366654,147,0,0,2048,2047,1,Pass,Pass,192086794746352270
1,5,33,A0-dup,A0,512KiB,524288,4096,155dfc49f4c05f1087ef002a279acee734e738bc580f2b3925315f95a108242b,warmup,0,29141,316785,345926,51,0,0,2048,2047,1,Pass,Pass,192086794746352270
1,5,34,Adrop,Adrop,128KiB,131072,1024,22e51081397aebb06a1c4c3f85bd08a6e7041a438f4aae416970027e1ddbb24e,warmup,0,6685,63559,70244,82929,1,1024,1024,1023,1,Pass,Pass,15067928572581534229
1,5,35,A0,A0,16MiB,16777216,131072,0c00f8138e0e622f6fc7215fc0f0d135e79bf60450e4c79d30e30624a8842117,warmup,0,3068538,22431950,25500488,252,0,0,1024,1023,1,Pass,Pass,7408339909486172793
1,5,36,A0,A0,1MiB,1048576,8192,337a179ec729c20c01309d98317f7ca00691d12ca10285b55ade71fb880e191c,warmup,0,57976,685605,743581,112,0,0,1024,1023,1,Pass,Pass,16341657278089853397
1,5,37,Adefs,Adefs,16MiB,16777216,131072,0c00f8138e0e622f6fc7215fc0f0d135e79bf60450e4c79d30e30624a8842117,warmup,0,3014473,20236298,23250771,420,0,0,1024,1023,1,Pass,Pass,7408339909486172793
1,5,38,Adefs,Adefs,2MiB,2097152,16384,6587afedd7c0f949b131311e7425d033a0754a29587f85f26ec370a31fc4edf0,warmup,0,125823,1389847,1515670,94,0,0,1024,1023,1,Pass,Pass,7349817109290025153
1,5,39,A0-dup,A0,16MiB,16777216,131072,0c00f8138e0e622f6fc7215fc0f0d135e79bf60450e4c79d30e30624a8842117,warmup,0,3017930,22317072,25335002,112,0,0,1024,1023,1,Pass,Pass,7408339909486172793
1,6,0,A0,A0,16MiB,16777216,131072,0c00f8138e0e622f6fc7215fc0f0d135e79bf60450e4c79d30e30624a8842117,warmup,0,3010331,23095521,26105852,337,0,0,1024,1023,1,Pass,Pass,7408339909486172793
1,6,1,A0-dup,A0,512KiB,524288,4096,155dfc49f4c05f1087ef002a279acee734e738bc580f2b3925315f95a108242b,warmup,0,29566,323524,353090,90,0,0,1024,1023,1,Pass,Pass,192086794746352270
1,6,2,Acapacity,Acapacity,128KiB,131072,1024,22e51081397aebb06a1c4c3f85bd08a6e7041a438f4aae416970027e1ddbb24e,warmup,0,6667,78023,84690,49,0,0,1024,1023,1,Pass,Pass,15067928572581534229
1,6,3,Acapacity,Acapacity,4MiB,4194304,32768,f9dc4b51d64658b088837d5f2a7d485e8eba57daed852c20d443b77cc8137655,warmup,0,522611,4467476,4990087,99,0,0,1024,1023,1,Pass,Pass,7876534982476418273
1,6,4,Adefs,Adefs,2MiB,2097152,16384,6587afedd7c0f949b131311e7425d033a0754a29587f85f26ec370a31fc4edf0,warmup,0,143627,1400649,1544276,252,0,0,1024,1023,1,Pass,Pass,7349817109290025153
1,6,5,A0,A0,8MiB,8388608,65536,e456d3adf67030c5a168df273f5171ca3e1299e54571d94cca82b117f3cf3aeb,warmup,0,1473803,11070834,12544637,425,0,0,1024,1023,1,Pass,Pass,9713268438230653554
1,6,6,A0-dup,A0,128KiB,131072,1024,22e51081397aebb06a1c4c3f85bd08a6e7041a438f4aae416970027e1ddbb24e,warmup,0,7360,84047,91407,133,0,0,1024,1023,1,Pass,Pass,15067928572581534229
1,6,7,A0,A0,1MiB,1048576,8192,337a179ec729c20c01309d98317f7ca00691d12ca10285b55ade71fb880e191c,warmup,0,57267,657644,714911,94,0,0,1024,1023,1,Pass,Pass,16341657278089853397
1,6,8,Adrop,Adrop,2MiB,2097152,16384,6587afedd7c0f949b131311e7425d033a0754a29587f85f26ec370a31fc4edf0,warmup,0,114991,1220332,1335323,1814279,1,16384,16384,16383,1,Pass,Pass,7349817109290025153
1,6,9,Adefs,Adefs,1MiB,1048576,8192,337a179ec729c20c01309d98317f7ca00691d12ca10285b55ade71fb880e191c,warmup,0,58299,604327,662626,104,0,0,16384,16383,1,Pass,Pass,16341657278089853397
1,6,10,A0-dup,A0,16MiB,16777216,131072,0c00f8138e0e622f6fc7215fc0f0d135e79bf60450e4c79d30e30624a8842117,warmup,0,3113498,22424899,25538397,307,0,0,16384,16383,1,Pass,Pass,7408339909486172793
1,6,11,Acapacity,Acapacity,2MiB,2097152,16384,6587afedd7c0f949b131311e7425d033a0754a29587f85f26ec370a31fc4edf0,warmup,0,153527,1445538,1599065,121,0,0,16384,16383,1,Pass,Pass,7349817109290025153
1,6,12,Adrop,Adrop,4MiB,4194304,32768,f9dc4b51d64658b088837d5f2a7d485e8eba57daed852c20d443b77cc8137655,warmup,0,545930,4036497,4582427,4831800,1,32768,32768,32767,1,Pass,Pass,7876534982476418273
1,6,13,Acapacity,Acapacity,1MiB,1048576,8192,337a179ec729c20c01309d98317f7ca00691d12ca10285b55ade71fb880e191c,warmup,0,57494,647262,704756,135,0,0,32768,32767,1,Pass,Pass,16341657278089853397
1,6,14,A0,A0,2MiB,2097152,16384,6587afedd7c0f949b131311e7425d033a0754a29587f85f26ec370a31fc4edf0,warmup,0,139927,1604737,1744664,116,0,0,32768,32767,1,Pass,Pass,7349817109290025153
1,6,15,Adefs,Adefs,128KiB,131072,1024,22e51081397aebb06a1c4c3f85bd08a6e7041a438f4aae416970027e1ddbb24e,warmup,0,7077,77863,84940,106,0,0,32768,32767,1,Pass,Pass,15067928572581534229
1,6,16,Adrop,Adrop,16MiB,16777216,131072,0c00f8138e0e622f6fc7215fc0f0d135e79bf60450e4c79d30e30624a8842117,warmup,0,3069574,20177024,23246598,19028021,1,131072,131072,131071,1,Pass,Pass,7408339909486172793
1,6,17,Adrop,Adrop,8MiB,8388608,65536,e456d3adf67030c5a168df273f5171ca3e1299e54571d94cca82b117f3cf3aeb,warmup,0,1397053,10049091,11446144,9259240,1,65536,65536,65535,1,Pass,Pass,9713268438230653554
1,6,18,Adrop,Adrop,512KiB,524288,4096,155dfc49f4c05f1087ef002a279acee734e738bc580f2b3925315f95a108242b,warmup,0,29740,265770,295510,318739,1,4096,4096,4095,1,Pass,Pass,192086794746352270
1,6,19,A0,A0,128KiB,131072,1024,22e51081397aebb06a1c4c3f85bd08a6e7041a438f4aae416970027e1ddbb24e,warmup,0,6640,80223,86863,105,0,0,4096,4095,1,Pass,Pass,15067928572581534229
1,6,20,A0,A0,512KiB,524288,4096,155dfc49f4c05f1087ef002a279acee734e738bc580f2b3925315f95a108242b,warmup,0,29904,358356,388260,45,0,0,4096,4095,1,Pass,Pass,192086794746352270
1,6,21,Acapacity,Acapacity,8MiB,8388608,65536,e456d3adf67030c5a168df273f5171ca3e1299e54571d94cca82b117f3cf3aeb,warmup,0,1399472,10605674,12005146,111,0,0,4096,4095,1,Pass,Pass,9713268438230653554
1,6,22,Adefs,Adefs,512KiB,524288,4096,155dfc49f4c05f1087ef002a279acee734e738bc580f2b3925315f95a108242b,warmup,0,29672,299873,329545,196,0,0,4096,4095,1,Pass,Pass,192086794746352270
1,6,23,Adrop,Adrop,1MiB,1048576,8192,337a179ec729c20c01309d98317f7ca00691d12ca10285b55ade71fb880e191c,warmup,0,57721,529797,587518,631967,1,8192,8192,8191,1,Pass,Pass,16341657278089853397
1,6,24,A0,A0,4MiB,4194304,32768,f9dc4b51d64658b088837d5f2a7d485e8eba57daed852c20d443b77cc8137655,warmup,0,483128,4212062,4695190,273,0,0,8192,8191,1,Pass,Pass,7876534982476418273
1,6,25,A0-dup,A0,2MiB,2097152,16384,6587afedd7c0f949b131311e7425d033a0754a29587f85f26ec370a31fc4edf0,warmup,0,122261,1488135,1610396,110,0,0,8192,8191,1,Pass,Pass,7349817109290025153
1,6,26,A0-dup,A0,256KiB,262144,2048,6f0154469137295abd7b45b25bc83aace599559234fd5f331140bd800c48b670,warmup,0,14476,159220,173696,103,0,0,8192,8191,1,Pass,Pass,1126272383489710074
1,6,27,Acapacity,Acapacity,512KiB,524288,4096,155dfc49f4c05f1087ef002a279acee734e738bc580f2b3925315f95a108242b,warmup,0,28973,311692,340665,45,0,0,8192,8191,1,Pass,Pass,192086794746352270
1,6,28,Adefs,Adefs,256KiB,262144,2048,6f0154469137295abd7b45b25bc83aace599559234fd5f331140bd800c48b670,warmup,0,13495,143868,157363,42,0,0,8192,8191,1,Pass,Pass,1126272383489710074
1,6,29,Adefs,Adefs,8MiB,8388608,65536,e456d3adf67030c5a168df273f5171ca3e1299e54571d94cca82b117f3cf3aeb,warmup,0,1431345,10004716,11436061,103,0,0,8192,8191,1,Pass,Pass,9713268438230653554
1,6,30,Acapacity,Acapacity,256KiB,262144,2048,6f0154469137295abd7b45b25bc83aace599559234fd5f331140bd800c48b670,warmup,0,14302,159624,173926,344,0,0,8192,8191,1,Pass,Pass,1126272383489710074
1,6,31,Adefs,Adefs,16MiB,16777216,131072,0c00f8138e0e622f6fc7215fc0f0d135e79bf60450e4c79d30e30624a8842117,warmup,0,3108962,24349872,27458834,230,0,0,8192,8191,1,Pass,Pass,7408339909486172793
1,6,32,Adrop,Adrop,256KiB,262144,2048,6f0154469137295abd7b45b25bc83aace599559234fd5f331140bd800c48b670,warmup,0,14414,125939,140353,158834,1,2048,2048,2047,1,Pass,Pass,1126272383489710074
1,6,33,A0-dup,A0,1MiB,1048576,8192,337a179ec729c20c01309d98317f7ca00691d12ca10285b55ade71fb880e191c,warmup,0,57045,673992,731037,49,0,0,2048,2047,1,Pass,Pass,16341657278089853397
1,6,34,A0-dup,A0,4MiB,4194304,32768,f9dc4b51d64658b088837d5f2a7d485e8eba57daed852c20d443b77cc8137655,warmup,0,535043,4488577,5023620,168,0,0,2048,2047,1,Pass,Pass,7876534982476418273
1,6,35,Acapacity,Acapacity,16MiB,16777216,131072,0c00f8138e0e622f6fc7215fc0f0d135e79bf60450e4c79d30e30624a8842117,warmup,0,2991140,23372658,26363798,339,0,0,2048,2047,1,Pass,Pass,7408339909486172793
1,6,36,Adefs,Adefs,4MiB,4194304,32768,f9dc4b51d64658b088837d5f2a7d485e8eba57daed852c20d443b77cc8137655,warmup,0,437621,3891191,4328812,122,0,0,2048,2047,1,Pass,Pass,7876534982476418273
1,6,37,A0-dup,A0,8MiB,8388608,65536,e456d3adf67030c5a168df273f5171ca3e1299e54571d94cca82b117f3cf3aeb,warmup,0,1407950,10373473,11781423,243,0,0,2048,2047,1,Pass,Pass,9713268438230653554
1,6,38,A0,A0,256KiB,262144,2048,6f0154469137295abd7b45b25bc83aace599559234fd5f331140bd800c48b670,warmup,0,14131,161836,175967,99,0,0,2048,2047,1,Pass,Pass,1126272383489710074
1,6,39,Adrop,Adrop,128KiB,131072,1024,22e51081397aebb06a1c4c3f85bd08a6e7041a438f4aae416970027e1ddbb24e,warmup,0,9906,62738,72644,83370,1,1024,1024,1023,1,Pass,Pass,15067928572581534229
1,7,0,Adefs,Adefs,16MiB,16777216,131072,0c00f8138e0e622f6fc7215fc0f0d135e79bf60450e4c79d30e30624a8842117,warmup,0,3127071,20369127,23496198,349,0,0,1024,1023,1,Pass,Pass,7408339909486172793
1,7,1,Adrop,Adrop,256KiB,262144,2048,6f0154469137295abd7b45b25bc83aace599559234fd5f331140bd800c48b670,warmup,0,13755,126584,140339,153656,1,2048,2048,2047,1,Pass,Pass,1126272383489710074
1,7,2,A0-dup,A0,2MiB,2097152,16384,6587afedd7c0f949b131311e7425d033a0754a29587f85f26ec370a31fc4edf0,warmup,0,119737,1531058,1650795,124,0,0,2048,2047,1,Pass,Pass,7349817109290025153
1,7,3,A0,A0,128KiB,131072,1024,22e51081397aebb06a1c4c3f85bd08a6e7041a438f4aae416970027e1ddbb24e,warmup,0,7048,82595,89643,45,0,0,2048,2047,1,Pass,Pass,15067928572581534229
1,7,4,Adrop,Adrop,4MiB,4194304,32768,f9dc4b51d64658b088837d5f2a7d485e8eba57daed852c20d443b77cc8137655,warmup,0,550977,4199638,4750615,3896491,1,32768,32768,32767,1,Pass,Pass,7876534982476418273
1,7,5,Adefs,Adefs,8MiB,8388608,65536,e456d3adf67030c5a168df273f5171ca3e1299e54571d94cca82b117f3cf3aeb,warmup,0,1392682,9849062,11241744,170,0,0,32768,32767,1,Pass,Pass,9713268438230653554
1,7,6,Adrop,Adrop,1MiB,1048576,8192,337a179ec729c20c01309d98317f7ca00691d12ca10285b55ade71fb880e191c,warmup,0,58028,519075,577103,657502,1,8192,8192,8191,1,Pass,Pass,16341657278089853397
1,7,7,A0,A0,256KiB,262144,2048,6f0154469137295abd7b45b25bc83aace599559234fd5f331140bd800c48b670,warmup,0,13906,160766,174672,62,0,0,8192,8191,1,Pass,Pass,1126272383489710074
1,7,8,A0-dup,A0,8MiB,8388608,65536,e456d3adf67030c5a168df273f5171ca3e1299e54571d94cca82b117f3cf3aeb,warmup,0,1406515,10968977,12375492,334,0,0,8192,8191,1,Pass,Pass,9713268438230653554
1,7,9,A0-dup,A0,16MiB,16777216,131072,0c00f8138e0e622f6fc7215fc0f0d135e79bf60450e4c79d30e30624a8842117,warmup,0,2948801,22029575,24978376,167,0,0,8192,8191,1,Pass,Pass,7408339909486172793
1,7,10,Acapacity,Acapacity,128KiB,131072,1024,22e51081397aebb06a1c4c3f85bd08a6e7041a438f4aae416970027e1ddbb24e,warmup,0,7076,81439,88515,96,0,0,8192,8191,1,Pass,Pass,15067928572581534229
1,7,11,Adrop,Adrop,128KiB,131072,1024,22e51081397aebb06a1c4c3f85bd08a6e7041a438f4aae416970027e1ddbb24e,warmup,0,6606,62868,69474,81640,1,1024,1024,1023,1,Pass,Pass,15067928572581534229
1,7,12,Adrop,Adrop,2MiB,2097152,16384,6587afedd7c0f949b131311e7425d033a0754a29587f85f26ec370a31fc4edf0,warmup,0,163502,1389522,1553024,1948876,1,16384,16384,16383,1,Pass,Pass,7349817109290025153
1,7,13,A0-dup,A0,512KiB,524288,4096,155dfc49f4c05f1087ef002a279acee734e738bc580f2b3925315f95a108242b,warmup,0,29385,333007,362392,144,0,0,16384,16383,1,Pass,Pass,192086794746352270
1,7,14,Adefs,Adefs,256KiB,262144,2048,6f0154469137295abd7b45b25bc83aace599559234fd5f331140bd800c48b670,warmup,0,14132,154146,168278,51,0,0,16384,16383,1,Pass,Pass,1126272383489710074
1,7,15,A0-dup,A0,128KiB,131072,1024,22e51081397aebb06a1c4c3f85bd08a6e7041a438f4aae416970027e1ddbb24e,warmup,0,7127,94793,101920,129,0,0,16384,16383,1,Pass,Pass,15067928572581534229
1,7,16,Adefs,Adefs,4MiB,4194304,32768,f9dc4b51d64658b088837d5f2a7d485e8eba57daed852c20d443b77cc8137655,warmup,0,513921,4056712,4570633,330,0,0,16384,16383,1,Pass,Pass,7876534982476418273
1,7,17,Adrop,Adrop,8MiB,8388608,65536,e456d3adf67030c5a168df273f5171ca3e1299e54571d94cca82b117f3cf3aeb,warmup,0,1406732,8575568,9982300,9447788,1,65536,65536,65535,1,Pass,Pass,9713268438230653554
1,7,18,Acapacity,Acapacity,512KiB,524288,4096,155dfc49f4c05f1087ef002a279acee734e738bc580f2b3925315f95a108242b,warmup,0,29366,316424,345790,226,0,0,65536,65535,1,Pass,Pass,192086794746352270
1,7,19,A0,A0,4MiB,4194304,32768,f9dc4b51d64658b088837d5f2a7d485e8eba57daed852c20d443b77cc8137655,warmup,0,517083,4687805,5204888,479,0,0,65536,65535,1,Pass,Pass,7876534982476418273
1,7,20,Acapacity,Acapacity,2MiB,2097152,16384,6587afedd7c0f949b131311e7425d033a0754a29587f85f26ec370a31fc4edf0,warmup,0,166661,1497578,1664239,111,0,0,65536,65535,1,Pass,Pass,7349817109290025153
1,7,21,Adefs,Adefs,2MiB,2097152,16384,6587afedd7c0f949b131311e7425d033a0754a29587f85f26ec370a31fc4edf0,warmup,0,115488,1422824,1538312,129,0,0,65536,65535,1,Pass,Pass,7349817109290025153
1,7,22,Acapacity,Acapacity,1MiB,1048576,8192,337a179ec729c20c01309d98317f7ca00691d12ca10285b55ade71fb880e191c,warmup,0,58428,647506,705934,85,0,0,65536,65535,1,Pass,Pass,16341657278089853397
1,7,23,Acapacity,Acapacity,8MiB,8388608,65536,e456d3adf67030c5a168df273f5171ca3e1299e54571d94cca82b117f3cf3aeb,warmup,0,1385591,10578667,11964258,329,0,0,65536,65535,1,Pass,Pass,9713268438230653554
1,7,24,Acapacity,Acapacity,16MiB,16777216,131072,0c00f8138e0e622f6fc7215fc0f0d135e79bf60450e4c79d30e30624a8842117,warmup,0,2953005,23177245,26130250,453,0,0,65536,65535,1,Pass,Pass,7408339909486172793
1,7,25,A0,A0,8MiB,8388608,65536,e456d3adf67030c5a168df273f5171ca3e1299e54571d94cca82b117f3cf3aeb,warmup,0,1396835,11022233,12419068,457,0,0,65536,65535,1,Pass,Pass,9713268438230653554
1,7,26,A0,A0,1MiB,1048576,8192,337a179ec729c20c01309d98317f7ca00691d12ca10285b55ade71fb880e191c,warmup,0,57743,648191,705934,235,0,0,65536,65535,1,Pass,Pass,16341657278089853397
1,7,27,A0-dup,A0,256KiB,262144,2048,6f0154469137295abd7b45b25bc83aace599559234fd5f331140bd800c48b670,warmup,0,13574,157440,171014,50,0,0,65536,65535,1,Pass,Pass,1126272383489710074
1,7,28,A0,A0,2MiB,2097152,16384,6587afedd7c0f949b131311e7425d033a0754a29587f85f26ec370a31fc4edf0,warmup,0,147239,1481180,1628419,251,0,0,65536,65535,1,Pass,Pass,7349817109290025153
1,7,29,Acapacity,Acapacity,4MiB,4194304,32768,f9dc4b51d64658b088837d5f2a7d485e8eba57daed852c20d443b77cc8137655,warmup,0,482738,4003229,4485967,134,0,0,65536,65535,1,Pass,Pass,7876534982476418273
1,7,30,A0,A0,16MiB,16777216,131072,0c00f8138e0e622f6fc7215fc0f0d135e79bf60450e4c79d30e30624a8842117,warmup,0,3043703,22379775,25423478,340,0,0,65536,65535,1,Pass,Pass,7408339909486172793
1,7,31,A0-dup,A0,4MiB,4194304,32768,f9dc4b51d64658b088837d5f2a7d485e8eba57daed852c20d443b77cc8137655,warmup,0,469476,4489657,4959133,365,0,0,65536,65535,1,Pass,Pass,7876534982476418273
1,7,32,Adefs,Adefs,128KiB,131072,1024,22e51081397aebb06a1c4c3f85bd08a6e7041a438f4aae416970027e1ddbb24e,warmup,0,6850,83313,90163,62,0,0,65536,65535,1,Pass,Pass,15067928572581534229
1,7,33,Adrop,Adrop,512KiB,524288,4096,155dfc49f4c05f1087ef002a279acee734e738bc580f2b3925315f95a108242b,warmup,0,29272,251460,280732,310198,1,4096,4096,4095,1,Pass,Pass,192086794746352270
1,7,34,Adefs,Adefs,512KiB,524288,4096,155dfc49f4c05f1087ef002a279acee734e738bc580f2b3925315f95a108242b,warmup,0,28825,298402,327227,74,0,0,4096,4095,1,Pass,Pass,192086794746352270
1,7,35,Adefs,Adefs,1MiB,1048576,8192,337a179ec729c20c01309d98317f7ca00691d12ca10285b55ade71fb880e191c,warmup,0,57221,626496,683717,49,0,0,4096,4095,1,Pass,Pass,16341657278089853397
1,7,36,Acapacity,Acapacity,256KiB,262144,2048,6f0154469137295abd7b45b25bc83aace599559234fd5f331140bd800c48b670,warmup,0,13446,154425,167871,46,0,0,4096,4095,1,Pass,Pass,1126272383489710074
1,7,37,A0,A0,512KiB,524288,4096,155dfc49f4c05f1087ef002a279acee734e738bc580f2b3925315f95a108242b,warmup,0,29093,320186,349279,50,0,0,4096,4095,1,Pass,Pass,192086794746352270
1,7,38,A0-dup,A0,1MiB,1048576,8192,337a179ec729c20c01309d98317f7ca00691d12ca10285b55ade71fb880e191c,warmup,0,56912,654304,711216,93,0,0,4096,4095,1,Pass,Pass,16341657278089853397
1,7,39,Adrop,Adrop,16MiB,16777216,131072,0c00f8138e0e622f6fc7215fc0f0d135e79bf60450e4c79d30e30624a8842117,warmup,0,3025995,19055996,22081991,16949755,1,131072,131072,131071,1,Pass,Pass,7408339909486172793
1,8,0,A0,A0,128KiB,131072,1024,22e51081397aebb06a1c4c3f85bd08a6e7041a438f4aae416970027e1ddbb24e,warmup,0,6976,82020,88996,163,0,0,131072,131071,1,Pass,Pass,15067928572581534229
1,8,1,Adrop,Adrop,256KiB,262144,2048,6f0154469137295abd7b45b25bc83aace599559234fd5f331140bd800c48b670,warmup,0,13381,125504,138885,157501,1,2048,2048,2047,1,Pass,Pass,1126272383489710074
1,8,2,Adrop,Adrop,4MiB,4194304,32768,f9dc4b51d64658b088837d5f2a7d485e8eba57daed852c20d443b77cc8137655,warmup,0,474989,4029567,4504556,4872165,1,32768,32768,32767,1,Pass,Pass,7876534982476418273
1,8,3,Adefs,Adefs,256KiB,262144,2048,6f0154469137295abd7b45b25bc83aace599559234fd5f331140bd800c48b670,warmup,0,13967,148343,162310,85,0,0,32768,32767,1,Pass,Pass,1126272383489710074
1,8,4,A0-dup,A0,8MiB,8388608,65536,e456d3adf67030c5a168df273f5171ca3e1299e54571d94cca82b117f3cf3aeb,warmup,0,1434103,10994003,12428106,589,0,0,32768,32767,1,Pass,Pass,9713268438230653554
1,8,5,Adefs,Adefs,8MiB,8388608,65536,e456d3adf67030c5a168df273f5171ca3e1299e54571d94cca82b117f3cf3aeb,warmup,0,1429761,10195867,11625628,363,0,0,32768,32767,1,Pass,Pass,9713268438230653554
1,8,6,A0,A0,16MiB,16777216,131072,0c00f8138e0e622f6fc7215fc0f0d135e79bf60450e4c79d30e30624a8842117,warmup,0,3024955,26750693,29775648,342,0,0,32768,32767,1,Pass,Pass,7408339909486172793
1,8,7,A0,A0,256KiB,262144,2048,6f0154469137295abd7b45b25bc83aace599559234fd5f331140bd800c48b670,warmup,0,13854,166759,180613,188,0,0,32768,32767,1,Pass,Pass,1126272383489710074
1,8,8,A0,A0,4MiB,4194304,32768,f9dc4b51d64658b088837d5f2a7d485e8eba57daed852c20d443b77cc8137655,warmup,0,495459,4433880,4929339,325,0,0,32768,32767,1,Pass,Pass,7876534982476418273
1,8,9,Adrop,Adrop,2MiB,2097152,16384,6587afedd7c0f949b131311e7425d033a0754a29587f85f26ec370a31fc4edf0,warmup,0,149442,1394298,1543740,2045807,1,16384,16384,16383,1,Pass,Pass,7349817109290025153
1,8,10,Adrop,Adrop,512KiB,524288,4096,155dfc49f4c05f1087ef002a279acee734e738bc580f2b3925315f95a108242b,warmup,0,29411,270820,300231,311171,1,4096,4096,4095,1,Pass,Pass,192086794746352270
1,8,11,A0-dup,A0,16MiB,16777216,131072,0c00f8138e0e622f6fc7215fc0f0d135e79bf60450e4c79d30e30624a8842117,warmup,0,3071939,23537244,26609183,621,0,0,4096,4095,1,Pass,Pass,7408339909486172793
1,8,12,Adefs,Adefs,2MiB,2097152,16384,6587afedd7c0f949b131311e7425d033a0754a29587f85f26ec370a31fc4edf0,warmup,0,163358,1481586,1644944,121,0,0,4096,4095,1,Pass,Pass,7349817109290025153
1,8,13,A0,A0,2MiB,2097152,16384,6587afedd7c0f949b131311e7425d033a0754a29587f85f26ec370a31fc4edf0,warmup,0,125377,1445429,1570806,128,0,0,4096,4095,1,Pass,Pass,7349817109290025153
1,8,14,A0-dup,A0,256KiB,262144,2048,6f0154469137295abd7b45b25bc83aace599559234fd5f331140bd800c48b670,warmup,0,13880,159736,173616,124,0,0,4096,4095,1,Pass,Pass,1126272383489710074
1,8,15,Adefs,Adefs,4MiB,4194304,32768,f9dc4b51d64658b088837d5f2a7d485e8eba57daed852c20d443b77cc8137655,warmup,0,522784,4363507,4886291,442,0,0,4096,4095,1,Pass,Pass,7876534982476418273
1,8,16,Adrop,Adrop,1MiB,1048576,8192,337a179ec729c20c01309d98317f7ca00691d12ca10285b55ade71fb880e191c,warmup,0,61419,532786,594205,650320,1,8192,8192,8191,1,Pass,Pass,16341657278089853397
1,8,17,Acapacity,Acapacity,512KiB,524288,4096,155dfc49f4c05f1087ef002a279acee734e738bc580f2b3925315f95a108242b,warmup,0,28753,314379,343132,55,0,0,8192,8191,1,Pass,Pass,192086794746352270
1,8,18,A0,A0,512KiB,524288,4096,155dfc49f4c05f1087ef002a279acee734e738bc580f2b3925315f95a108242b,warmup,0,28828,316150,344978,45,0,0,8192,8191,1,Pass,Pass,192086794746352270
1,8,19,Acapacity,Acapacity,2MiB,2097152,16384,6587afedd7c0f949b131311e7425d033a0754a29587f85f26ec370a31fc4edf0,warmup,0,123316,1487274,1610590,175,0,0,8192,8191,1,Pass,Pass,7349817109290025153
1,8,20,Adefs,Adefs,512KiB,524288,4096,155dfc49f4c05f1087ef002a279acee734e738bc580f2b3925315f95a108242b,warmup,0,42450,339355,381805,134,0,0,8192,8191,1,Pass,Pass,192086794746352270
1,8,21,Adrop,Adrop,16MiB,16777216,131072,0c00f8138e0e622f6fc7215fc0f0d135e79bf60450e4c79d30e30624a8842117,warmup,0,3095761,19121960,22217721,17654013,1,131072,131072,131071,1,Pass,Pass,7408339909486172793
1,8,22,Acapacity,Acapacity,1MiB,1048576,8192,337a179ec729c20c01309d98317f7ca00691d12ca10285b55ade71fb880e191c,warmup,0,58047,641276,699323,279,0,0,131072,131071,1,Pass,Pass,16341657278089853397
1,8,23,Acapacity,Acapacity,256KiB,262144,2048,6f0154469137295abd7b45b25bc83aace599559234fd5f331140bd800c48b670,warmup,0,13597,157803,171400,33,0,0,131072,131071,1,Pass,Pass,1126272383489710074
1,8,24,Acapacity,Acapacity,128KiB,131072,1024,22e51081397aebb06a1c4c3f85bd08a6e7041a438f4aae416970027e1ddbb24e,warmup,0,6627,78678,85305,48,0,0,131072,131071,1,Pass,Pass,15067928572581534229
1,8,25,Acapacity,Acapacity,8MiB,8388608,65536,e456d3adf67030c5a168df273f5171ca3e1299e54571d94cca82b117f3cf3aeb,warmup,0,1447451,11390888,12838339,342,0,0,131072,131071,1,Pass,Pass,9713268438230653554
1,8,26,Adrop,Adrop,8MiB,8388608,65536,e456d3adf67030c5a168df273f5171ca3e1299e54571d94cca82b117f3cf3aeb,warmup,0,1401988,9580239,10982227,9529571,1,65536,65536,65535,1,Pass,Pass,9713268438230653554
1,8,27,A0-dup,A0,2MiB,2097152,16384,6587afedd7c0f949b131311e7425d033a0754a29587f85f26ec370a31fc4edf0,warmup,0,137948,1469508,1607456,321,0,0,65536,65535,1,Pass,Pass,7349817109290025153
1,8,28,A0,A0,1MiB,1048576,8192,337a179ec729c20c01309d98317f7ca00691d12ca10285b55ade71fb880e191c,warmup,0,57735,645695,703430,249,0,0,65536,65535,1,Pass,Pass,16341657278089853397
1,8,29,Adefs,Adefs,128KiB,131072,1024,22e51081397aebb06a1c4c3f85bd08a6e7041a438f4aae416970027e1ddbb24e,warmup,0,6644,75630,82274,86,0,0,65536,65535,1,Pass,Pass,15067928572581534229
1,8,30,A0-dup,A0,1MiB,1048576,8192,337a179ec729c20c01309d98317f7ca00691d12ca10285b55ade71fb880e191c,warmup,0,57746,642000,699746,63,0,0,65536,65535,1,Pass,Pass,16341657278089853397
1,8,31,A0-dup,A0,4MiB,4194304,32768,f9dc4b51d64658b088837d5f2a7d485e8eba57daed852c20d443b77cc8137655,warmup,0,528684,4603927,5132611,150,0,0,65536,65535,1,Pass,Pass,7876534982476418273
1,8,32,A0-dup,A0,512KiB,524288,4096,155dfc49f4c05f1087ef002a279acee734e738bc580f2b3925315f95a108242b,warmup,0,29257,321029,350286,95,0,0,65536,65535,1,Pass,Pass,192086794746352270
1,8,33,Adrop,Adrop,128KiB,131072,1024,22e51081397aebb06a1c4c3f85bd08a6e7041a438f4aae416970027e1ddbb24e,warmup,0,6725,64107,70832,80368,1,1024,1024,1023,1,Pass,Pass,15067928572581534229
1,8,34,Adefs,Adefs,1MiB,1048576,8192,337a179ec729c20c01309d98317f7ca00691d12ca10285b55ade71fb880e191c,warmup,0,57203,627170,684373,116,0,0,1024,1023,1,Pass,Pass,16341657278089853397
1,8,35,Acapacity,Acapacity,16MiB,16777216,131072,0c00f8138e0e622f6fc7215fc0f0d135e79bf60450e4c79d30e30624a8842117,warmup,0,3071226,27394386,30465612,354,0,0,1024,1023,1,Pass,Pass,7408339909486172793
1,8,36,A0-dup,A0,128KiB,131072,1024,22e51081397aebb06a1c4c3f85bd08a6e7041a438f4aae416970027e1ddbb24e,warmup,0,7251,84354,91605,103,0,0,1024,1023,1,Pass,Pass,15067928572581534229
1,8,37,A0,A0,8MiB,8388608,65536,e456d3adf67030c5a168df273f5171ca3e1299e54571d94cca82b117f3cf3aeb,warmup,0,1379803,10904258,12284061,593,0,0,1024,1023,1,Pass,Pass,9713268438230653554
1,8,38,Acapacity,Acapacity,4MiB,4194304,32768,f9dc4b51d64658b088837d5f2a7d485e8eba57daed852c20d443b77cc8137655,warmup,0,568136,4872842,5440978,353,0,0,1024,1023,1,Pass,Pass,7876534982476418273
1,8,39,Adefs,Adefs,16MiB,16777216,131072,0c00f8138e0e622f6fc7215fc0f0d135e79bf60450e4c79d30e30624a8842117,warmup,0,3075628,21248280,24323908,364,0,0,1024,1023,1,Pass,Pass,7408339909486172793
1,9,0,A0,A0,512KiB,524288,4096,155dfc49f4c05f1087ef002a279acee734e738bc580f2b3925315f95a108242b,warmup,0,29274,321512,350786,105,0,0,1024,1023,1,Pass,Pass,192086794746352270
1,9,1,Acapacity,Acapacity,16MiB,16777216,131072,0c00f8138e0e622f6fc7215fc0f0d135e79bf60450e4c79d30e30624a8842117,warmup,0,3091489,21958449,25049938,353,0,0,1024,1023,1,Pass,Pass,7408339909486172793
1,9,2,Adefs,Adefs,128KiB,131072,1024,22e51081397aebb06a1c4c3f85bd08a6e7041a438f4aae416970027e1ddbb24e,warmup,0,7245,78126,85371,265,0,0,1024,1023,1,Pass,Pass,15067928572581534229
1,9,3,A0-dup,A0,4MiB,4194304,32768,f9dc4b51d64658b088837d5f2a7d485e8eba57daed852c20d443b77cc8137655,warmup,0,530975,4855061,5386036,222,0,0,1024,1023,1,Pass,Pass,7876534982476418273
1,9,4,Acapacity,Acapacity,1MiB,1048576,8192,337a179ec729c20c01309d98317f7ca00691d12ca10285b55ade71fb880e191c,warmup,0,57730,645050,702780,195,0,0,1024,1023,1,Pass,Pass,16341657278089853397
1,9,5,Acapacity,Acapacity,256KiB,262144,2048,6f0154469137295abd7b45b25bc83aace599559234fd5f331140bd800c48b670,warmup,0,13521,156585,170106,52,0,0,1024,1023,1,Pass,Pass,1126272383489710074
1,9,6,A0-dup,A0,1MiB,1048576,8192,337a179ec729c20c01309d98317f7ca00691d12ca10285b55ade71fb880e191c,warmup,0,57544,678924,736468,39,0,0,1024,1023,1,Pass,Pass,16341657278089853397
1,9,7,A0-dup,A0,128KiB,131072,1024,22e51081397aebb06a1c4c3f85bd08a6e7041a438f4aae416970027e1ddbb24e,warmup,0,6661,79838,86499,41,0,0,1024,1023,1,Pass,Pass,15067928572581534229
1,9,8,Adrop,Adrop,4MiB,4194304,32768,f9dc4b51d64658b088837d5f2a7d485e8eba57daed852c20d443b77cc8137655,warmup,0,591603,4180478,4772081,4491767,1,32768,32768,32767,1,Pass,Pass,7876534982476418273
1,9,9,Acapacity,Acapacity,512KiB,524288,4096,155dfc49f4c05f1087ef002a279acee734e738bc580f2b3925315f95a108242b,warmup,0,29295,317570,346865,193,0,0,32768,32767,1,Pass,Pass,192086794746352270
1,9,10,A0,A0,128KiB,131072,1024,22e51081397aebb06a1c4c3f85bd08a6e7041a438f4aae416970027e1ddbb24e,warmup,0,6829,78643,85472,51,0,0,32768,32767,1,Pass,Pass,15067928572581534229
1,9,11,Acapacity,Acapacity,128KiB,131072,1024,22e51081397aebb06a1c4c3f85bd08a6e7041a438f4aae416970027e1ddbb24e,warmup,0,6653,78184,84837,45,0,0,32768,32767,1,Pass,Pass,15067928572581534229
1,9,12,Adefs,Adefs,2MiB,2097152,16384,6587afedd7c0f949b131311e7425d033a0754a29587f85f26ec370a31fc4edf0,warmup,0,123792,1409028,1532820,126,0,0,32768,32767,1,Pass,Pass,7349817109290025153
1,9,13,A0,A0,8MiB,8388608,65536,e456d3adf67030c5a168df273f5171ca3e1299e54571d94cca82b117f3cf3aeb,warmup,0,1407215,10824999,12232214,269,0,0,32768,32767,1,Pass,Pass,9713268438230653554
1,9,14,Adrop,Adrop,512KiB,524288,4096,155dfc49f4c05f1087ef002a279acee734e738bc580f2b3925315f95a108242b,warmup,0,29583,269537,299120,323610,1,4096,4096,4095,1,Pass,Pass,192086794746352270
1,9,15,Adrop,Adrop,2MiB,2097152,16384,6587afedd7c0f949b131311e7425d033a0754a29587f85f26ec370a31fc4edf0,warmup,0,138535,1198573,1337108,2314428,1,16384,16384,16383,1,Pass,Pass,7349817109290025153
1,9,16,Adefs,Adefs,1MiB,1048576,8192,337a179ec729c20c01309d98317f7ca00691d12ca10285b55ade71fb880e191c,warmup,0,58473,606445,664918,156,0,0,16384,16383,1,Pass,Pass,16341657278089853397
1,9,17,Adrop,Adrop,1MiB,1048576,8192,337a179ec729c20c01309d98317f7ca00691d12ca10285b55ade71fb880e191c,warmup,0,61564,503863,565427,642159,1,8192,8192,8191,1,Pass,Pass,16341657278089853397
1,9,18,Acapacity,Acapacity,4MiB,4194304,32768,f9dc4b51d64658b088837d5f2a7d485e8eba57daed852c20d443b77cc8137655,warmup,0,530361,4334189,4864550,274,0,0,8192,8191,1,Pass,Pass,7876534982476418273
1,9,19,A0-dup,A0,2MiB,2097152,16384,6587afedd7c0f949b131311e7425d033a0754a29587f85f26ec370a31fc4edf0,warmup,0,143551,1496084,1639635,195,0,0,8192,8191,1,Pass,Pass,7349817109290025153
1,9,20,A0,A0,256KiB,262144,2048,6f0154469137295abd7b45b25bc83aace599559234fd5f331140bd800c48b670,warmup,0,14307,159079,173386,87,0,0,8192,8191,1,Pass,Pass,1126272383489710074
1,9,21,Adrop,Adrop,128KiB,131072,1024,22e51081397aebb06a1c4c3f85bd08a6e7041a438f4aae416970027e1ddbb24e,warmup,0,6556,62400,68956,80979,1,1024,1024,1023,1,Pass,Pass,15067928572581534229
1,9,22,A0-dup,A0,8MiB,8388608,65536,e456d3adf67030c5a168df273f5171ca3e1299e54571d94cca82b117f3cf3aeb,warmup,0,1408469,10811719,12220188,349,0,0,1024,1023,1,Pass,Pass,9713268438230653554
1,9,23,A0-dup,A0,16MiB,16777216,131072,0c00f8138e0e622f6fc7215fc0f0d135e79bf60450e4c79d30e30624a8842117,warmup,0,3026623,23216352,26242975,289,0,0,1024,1023,1,Pass,Pass,7408339909486172793
1,9,24,Adrop,Adrop,16MiB,16777216,131072,0c00f8138e0e622f6fc7215fc0f0d135e79bf60450e4c79d30e30624a8842117,warmup,0,3017973,19670970,22688943,17527495,1,131072,131072,131071,1,Pass,Pass,7408339909486172793
1,9,25,Adefs,Adefs,256KiB,262144,2048,6f0154469137295abd7b45b25bc83aace599559234fd5f331140bd800c48b670,warmup,0,13955,149135,163090,197,0,0,131072,131071,1,Pass,Pass,1126272383489710074
1,9,26,A0-dup,A0,512KiB,524288,4096,155dfc49f4c05f1087ef002a279acee734e738bc580f2b3925315f95a108242b,warmup,0,29011,321248,350259,59,0,0,131072,131071,1,Pass,Pass,192086794746352270
1,9,27,Adrop,Adrop,8MiB,8388608,65536,e456d3adf67030c5a168df273f5171ca3e1299e54571d94cca82b117f3cf3aeb,warmup,0,1411684,9331319,10743003,9430030,1,65536,65536,65535,1,Pass,Pass,9713268438230653554
1,9,28,Adrop,Adrop,256KiB,262144,2048,6f0154469137295abd7b45b25bc83aace599559234fd5f331140bd800c48b670,warmup,0,14448,131869,146317,177108,1,2048,2048,2047,1,Pass,Pass,1126272383489710074
1,9,29,Acapacity,Acapacity,2MiB,2097152,16384,6587afedd7c0f949b131311e7425d033a0754a29587f85f26ec370a31fc4edf0,warmup,0,137457,1413977,1551434,435,0,0,2048,2047,1,Pass,Pass,7349817109290025153
1,9,30,A0,A0,2MiB,2097152,16384,6587afedd7c0f949b131311e7425d033a0754a29587f85f26ec370a31fc4edf0,warmup,0,115057,1469872,1584929,129,0,0,2048,2047,1,Pass,Pass,7349817109290025153
1,9,31,Adefs,Adefs,4MiB,4194304,32768,f9dc4b51d64658b088837d5f2a7d485e8eba57daed852c20d443b77cc8137655,warmup,0,550406,4191834,4742240,224,0,0,2048,2047,1,Pass,Pass,7876534982476418273
1,9,32,A0-dup,A0,256KiB,262144,2048,6f0154469137295abd7b45b25bc83aace599559234fd5f331140bd800c48b670,warmup,0,14299,165345,179644,31,0,0,2048,2047,1,Pass,Pass,1126272383489710074
1,9,33,A0,A0,1MiB,1048576,8192,337a179ec729c20c01309d98317f7ca00691d12ca10285b55ade71fb880e191c,warmup,0,57997,656180,714177,84,0,0,2048,2047,1,Pass,Pass,16341657278089853397
1,9,34,Adefs,Adefs,8MiB,8388608,65536,e456d3adf67030c5a168df273f5171ca3e1299e54571d94cca82b117f3cf3aeb,warmup,0,1405669,9831751,11237420,286,0,0,2048,2047,1,Pass,Pass,9713268438230653554
1,9,35,Adefs,Adefs,512KiB,524288,4096,155dfc49f4c05f1087ef002a279acee734e738bc580f2b3925315f95a108242b,warmup,0,29101,303281,332382,92,0,0,2048,2047,1,Pass,Pass,192086794746352270
1,9,36,A0,A0,4MiB,4194304,32768,f9dc4b51d64658b088837d5f2a7d485e8eba57daed852c20d443b77cc8137655,warmup,0,486374,4503595,4989969,135,0,0,2048,2047,1,Pass,Pass,7876534982476418273
1,9,37,Acapacity,Acapacity,8MiB,8388608,65536,e456d3adf67030c5a168df273f5171ca3e1299e54571d94cca82b117f3cf3aeb,warmup,0,1398957,10713663,12112620,423,0,0,2048,2047,1,Pass,Pass,9713268438230653554
1,9,38,A0,A0,16MiB,16777216,131072,0c00f8138e0e622f6fc7215fc0f0d135e79bf60450e4c79d30e30624a8842117,warmup,0,3029268,26763327,29792595,331,0,0,2048,2047,1,Pass,Pass,7408339909486172793
1,9,39,Adefs,Adefs,16MiB,16777216,131072,0c00f8138e0e622f6fc7215fc0f0d135e79bf60450e4c79d30e30624a8842117,warmup,0,3032133,21393780,24425913,289,0,0,2048,2047,1,Pass,Pass,7408339909486172793
1,10,0,A0,A0,128KiB,131072,1024,22e51081397aebb06a1c4c3f85bd08a6e7041a438f4aae416970027e1ddbb24e,measured,0,7128,84276,91404,125,0,0,2048,2047,1,Pass,Pass,15067928572581534229
1,10,1,Acapacity,Acapacity,256KiB,262144,2048,6f0154469137295abd7b45b25bc83aace599559234fd5f331140bd800c48b670,measured,0,13464,156157,169621,30,0,0,2048,2047,1,Pass,Pass,1126272383489710074
1,10,2,A0,A0,256KiB,262144,2048,6f0154469137295abd7b45b25bc83aace599559234fd5f331140bd800c48b670,measured,0,13544,154982,168526,31,0,0,2048,2047,1,Pass,Pass,1126272383489710074
1,10,3,A0-dup,A0,256KiB,262144,2048,6f0154469137295abd7b45b25bc83aace599559234fd5f331140bd800c48b670,measured,0,13508,161841,175349,35,0,0,2048,2047,1,Pass,Pass,1126272383489710074
1,10,4,Adefs,Adefs,256KiB,262144,2048,6f0154469137295abd7b45b25bc83aace599559234fd5f331140bd800c48b670,measured,0,13730,146755,160485,57,0,0,2048,2047,1,Pass,Pass,1126272383489710074
1,10,5,Adrop,Adrop,8MiB,8388608,65536,e456d3adf67030c5a168df273f5171ca3e1299e54571d94cca82b117f3cf3aeb,measured,0,1412183,9961068,11373251,9771791,1,65536,65536,65535,1,Pass,Pass,9713268438230653554
1,10,6,Adefs,Adefs,16MiB,16777216,131072,0c00f8138e0e622f6fc7215fc0f0d135e79bf60450e4c79d30e30624a8842117,measured,0,3038009,20027436,23065445,618,0,0,65536,65535,1,Pass,Pass,7408339909486172793
1,10,7,Acapacity,Acapacity,4MiB,4194304,32768,f9dc4b51d64658b088837d5f2a7d485e8eba57daed852c20d443b77cc8137655,measured,0,446179,4401008,4847187,124,0,0,65536,65535,1,Pass,Pass,7876534982476418273
1,10,8,A0,A0,16MiB,16777216,131072,0c00f8138e0e622f6fc7215fc0f0d135e79bf60450e4c79d30e30624a8842117,measured,0,3090654,22060340,25150994,286,0,0,65536,65535,1,Pass,Pass,7408339909486172793
1,10,9,A0-dup,A0,2MiB,2097152,16384,6587afedd7c0f949b131311e7425d033a0754a29587f85f26ec370a31fc4edf0,measured,0,126081,1445441,1571522,112,0,0,65536,65535,1,Pass,Pass,7349817109290025153
1,10,10,Acapacity,Acapacity,2MiB,2097152,16384,6587afedd7c0f949b131311e7425d033a0754a29587f85f26ec370a31fc4edf0,measured,0,120697,1481685,1602382,247,0,0,65536,65535,1,Pass,Pass,7349817109290025153
1,10,11,A0-dup,A0,16MiB,16777216,131072,0c00f8138e0e622f6fc7215fc0f0d135e79bf60450e4c79d30e30624a8842117,measured,0,3070268,22076968,25147236,332,0,0,65536,65535,1,Pass,Pass,7408339909486172793
1,10,12,A0,A0,4MiB,4194304,32768,f9dc4b51d64658b088837d5f2a7d485e8eba57daed852c20d443b77cc8137655,measured,0,471467,4175276,4646743,99,0,0,65536,65535,1,Pass,Pass,7876534982476418273
1,10,13,A0,A0,8MiB,8388608,65536,e456d3adf67030c5a168df273f5171ca3e1299e54571d94cca82b117f3cf3aeb,measured,0,1402513,10717487,12120000,99,0,0,65536,65535,1,Pass,Pass,9713268438230653554
1,10,14,A0-dup,A0,512KiB,524288,4096,155dfc49f4c05f1087ef002a279acee734e738bc580f2b3925315f95a108242b,measured,0,29324,346093,375417,117,0,0,65536,65535,1,Pass,Pass,192086794746352270
1,10,15,A0-dup,A0,4MiB,4194304,32768,f9dc4b51d64658b088837d5f2a7d485e8eba57daed852c20d443b77cc8137655,measured,0,481070,4287001,4768071,347,0,0,65536,65535,1,Pass,Pass,7876534982476418273
1,10,16,Adefs,Adefs,512KiB,524288,4096,155dfc49f4c05f1087ef002a279acee734e738bc580f2b3925315f95a108242b,measured,0,29113,296877,325990,271,0,0,65536,65535,1,Pass,Pass,192086794746352270
1,10,17,Adrop,Adrop,1MiB,1048576,8192,337a179ec729c20c01309d98317f7ca00691d12ca10285b55ade71fb880e191c,measured,0,57447,538299,595746,661603,1,8192,8192,8191,1,Pass,Pass,16341657278089853397
1,10,18,Acapacity,Acapacity,16MiB,16777216,131072,0c00f8138e0e622f6fc7215fc0f0d135e79bf60450e4c79d30e30624a8842117,measured,0,3041702,22412296,25453998,288,0,0,8192,8191,1,Pass,Pass,7408339909486172793
1,10,19,A0-dup,A0,8MiB,8388608,65536,e456d3adf67030c5a168df273f5171ca3e1299e54571d94cca82b117f3cf3aeb,measured,0,1415116,11160200,12575316,432,0,0,8192,8191,1,Pass,Pass,9713268438230653554
1,10,20,A0,A0,1MiB,1048576,8192,337a179ec729c20c01309d98317f7ca00691d12ca10285b55ade71fb880e191c,measured,0,57909,655898,713807,80,0,0,8192,8191,1,Pass,Pass,16341657278089853397
1,10,21,A0,A0,512KiB,524288,4096,155dfc49f4c05f1087ef002a279acee734e738bc580f2b3925315f95a108242b,measured,0,29307,319464,348771,35,0,0,8192,8191,1,Pass,Pass,192086794746352270
1,10,22,A0-dup,A0,1MiB,1048576,8192,337a179ec729c20c01309d98317f7ca00691d12ca10285b55ade71fb880e191c,measured,0,57451,671878,729329,48,0,0,8192,8191,1,Pass,Pass,16341657278089853397
1,10,23,Adrop,Adrop,512KiB,524288,4096,155dfc49f4c05f1087ef002a279acee734e738bc580f2b3925315f95a108242b,measured,0,28960,259506,288466,313848,1,4096,4096,4095,1,Pass,Pass,192086794746352270
1,10,24,Adrop,Adrop,16MiB,16777216,131072,0c00f8138e0e622f6fc7215fc0f0d135e79bf60450e4c79d30e30624a8842117,measured,0,3090887,20181523,23272410,18687191,1,131072,131072,131071,1,Pass,Pass,7408339909486172793
1,10,25,Acapacity,Acapacity,8MiB,8388608,65536,e456d3adf67030c5a168df273f5171ca3e1299e54571d94cca82b117f3cf3aeb,measured,0,1467740,10739158,12206898,443,0,0,131072,131071,1,Pass,Pass,9713268438230653554
1,10,26,Adefs,Adefs,8MiB,8388608,65536,e456d3adf67030c5a168df273f5171ca3e1299e54571d94cca82b117f3cf3aeb,measured,0,1423155,10273153,11696308,115,0,0,131072,131071,1,Pass,Pass,9713268438230653554
1,10,27,Adrop,Adrop,2MiB,2097152,16384,6587afedd7c0f949b131311e7425d033a0754a29587f85f26ec370a31fc4edf0,measured,0,121015,1211950,1332965,2098150,1,16384,16384,16383,1,Pass,Pass,7349817109290025153
1,10,28,Adrop,Adrop,4MiB,4194304,32768,f9dc4b51d64658b088837d5f2a7d485e8eba57daed852c20d443b77cc8137655,measured,0,550367,3791754,4342121,4392912,1,32768,32768,32767,1,Pass,Pass,7876534982476418273
1,10,29,A0,A0,2MiB,2097152,16384,6587afedd7c0f949b131311e7425d033a0754a29587f85f26ec370a31fc4edf0,measured,0,142046,1499171,1641217,201,0,0,32768,32767,1,Pass,Pass,7349817109290025153
1,10,30,Acapacity,Acapacity,512KiB,524288,4096,155dfc49f4c05f1087ef002a279acee734e738bc580f2b3925315f95a108242b,measured,0,29080,313670,342750,81,0,0,32768,32767,1,Pass,Pass,192086794746352270
1,10,31,Adefs,Adefs,128KiB,131072,1024,22e51081397aebb06a1c4c3f85bd08a6e7041a438f4aae416970027e1ddbb24e,measured,0,6569,74250,80819,52,0,0,32768,32767,1,Pass,Pass,15067928572581534229
1,10,32,A0-dup,A0,128KiB,131072,1024,22e51081397aebb06a1c4c3f85bd08a6e7041a438f4aae416970027e1ddbb24e,measured,0,6765,79797,86562,53,0,0,32768,32767,1,Pass,Pass,15067928572581534229
1,10,33,Adrop,Adrop,128KiB,131072,1024,22e51081397aebb06a1c4c3f85bd08a6e7041a438f4aae416970027e1ddbb24e,measured,0,6508,62004,68512,81514,1,1024,1024,1023,1,Pass,Pass,15067928572581534229
1,10,34,Acapacity,Acapacity,128KiB,131072,1024,22e51081397aebb06a1c4c3f85bd08a6e7041a438f4aae416970027e1ddbb24e,measured,0,6703,78516,85219,52,0,0,1024,1023,1,Pass,Pass,15067928572581534229
1,10,35,Adefs,Adefs,2MiB,2097152,16384,6587afedd7c0f949b131311e7425d033a0754a29587f85f26ec370a31fc4edf0,measured,0,153691,1453920,1607611,388,0,0,1024,1023,1,Pass,Pass,7349817109290025153
1,10,36,Acapacity,Acapacity,1MiB,1048576,8192,337a179ec729c20c01309d98317f7ca00691d12ca10285b55ade71fb880e191c,measured,0,57816,641975,699791,184,0,0,1024,1023,1,Pass,Pass,16341657278089853397
1,10,37,Adefs,Adefs,4MiB,4194304,32768,f9dc4b51d64658b088837d5f2a7d485e8eba57daed852c20d443b77cc8137655,measured,0,510751,4272709,4783460,114,0,0,1024,1023,1,Pass,Pass,7876534982476418273
1,10,38,Adrop,Adrop,256KiB,262144,2048,6f0154469137295abd7b45b25bc83aace599559234fd5f331140bd800c48b670,measured,0,14083,131309,145392,155760,1,2048,2048,2047,1,Pass,Pass,1126272383489710074
1,10,39,Adefs,Adefs,1MiB,1048576,8192,337a179ec729c20c01309d98317f7ca00691d12ca10285b55ade71fb880e191c,measured,0,57085,620620,677705,42,0,0,2048,2047,1,Pass,Pass,16341657278089853397
1,11,0,Adefs,Adefs,8MiB,8388608,65536,e456d3adf67030c5a168df273f5171ca3e1299e54571d94cca82b117f3cf3aeb,measured,1,1472961,9902921,11375882,116,0,0,2048,2047,1,Pass,Pass,9713268438230653554
1,11,1,Acapacity,Acapacity,8MiB,8388608,65536,e456d3adf67030c5a168df273f5171ca3e1299e54571d94cca82b117f3cf3aeb,measured,1,1504374,11738803,13243177,328,0,0,2048,2047,1,Pass,Pass,9713268438230653554
1,11,2,Adrop,Adrop,16MiB,16777216,131072,0c00f8138e0e622f6fc7215fc0f0d135e79bf60450e4c79d30e30624a8842117,measured,1,3013507,23750873,26764380,17763962,1,131072,131072,131071,1,Pass,Pass,7408339909486172793
1,11,3,A0-dup,A0,1MiB,1048576,8192,337a179ec729c20c01309d98317f7ca00691d12ca10285b55ade71fb880e191c,measured,1,58004,645984,703988,118,0,0,131072,131071,1,Pass,Pass,16341657278089853397
1,11,4,Acapacity,Acapacity,2MiB,2097152,16384,6587afedd7c0f949b131311e7425d033a0754a29587f85f26ec370a31fc4edf0,measured,1,143418,1492777,1636195,256,0,0,131072,131071,1,Pass,Pass,7349817109290025153
1,11,5,Adefs,Adefs,128KiB,131072,1024,22e51081397aebb06a1c4c3f85bd08a6e7041a438f4aae416970027e1ddbb24e,measured,1,7547,80829,88376,81,0,0,131072,131071,1,Pass,Pass,15067928572581534229
1,11,6,Acapacity,Acapacity,1MiB,1048576,8192,337a179ec729c20c01309d98317f7ca00691d12ca10285b55ade71fb880e191c,measured,1,58289,635811,694100,157,0,0,131072,131071,1,Pass,Pass,16341657278089853397
1,11,7,A0,A0,1MiB,1048576,8192,337a179ec729c20c01309d98317f7ca00691d12ca10285b55ade71fb880e191c,measured,1,57475,647331,704806,119,0,0,131072,131071,1,Pass,Pass,16341657278089853397
1,11,8,Acapacity,Acapacity,512KiB,524288,4096,155dfc49f4c05f1087ef002a279acee734e738bc580f2b3925315f95a108242b,measured,1,28849,310989,339838,82,0,0,131072,131071,1,Pass,Pass,192086794746352270
1,11,9,A0-dup,A0,256KiB,262144,2048,6f0154469137295abd7b45b25bc83aace599559234fd5f331140bd800c48b670,measured,1,13683,158687,172370,26,0,0,131072,131071,1,Pass,Pass,1126272383489710074
1,11,10,Adefs,Adefs,1MiB,1048576,8192,337a179ec729c20c01309d98317f7ca00691d12ca10285b55ade71fb880e191c,measured,1,57682,607185,664867,82,0,0,131072,131071,1,Pass,Pass,16341657278089853397
1,11,11,Adrop,Adrop,1MiB,1048576,8192,337a179ec729c20c01309d98317f7ca00691d12ca10285b55ade71fb880e191c,measured,1,57617,505981,563598,625239,1,8192,8192,8191,1,Pass,Pass,16341657278089853397
1,11,12,Acapacity,Acapacity,4MiB,4194304,32768,f9dc4b51d64658b088837d5f2a7d485e8eba57daed852c20d443b77cc8137655,measured,1,599118,4711326,5310444,352,0,0,8192,8191,1,Pass,Pass,7876534982476418273
1,11,13,Acapacity,Acapacity,16MiB,16777216,131072,0c00f8138e0e622f6fc7215fc0f0d135e79bf60450e4c79d30e30624a8842117,measured,1,3021611,26239609,29261220,396,0,0,8192,8191,1,Pass,Pass,7408339909486172793
1,11,14,A0,A0,128KiB,131072,1024,22e51081397aebb06a1c4c3f85bd08a6e7041a438f4aae416970027e1ddbb24e,measured,1,7115,82295,89410,155,0,0,8192,8191,1,Pass,Pass,15067928572581534229
1,11,15,Adrop,Adrop,2MiB,2097152,16384,6587afedd7c0f949b131311e7425d033a0754a29587f85f26ec370a31fc4edf0,measured,1,148553,1240929,1389482,1705756,1,16384,16384,16383,1,Pass,Pass,7349817109290025153
1,11,16,Acapacity,Acapacity,256KiB,262144,2048,6f0154469137295abd7b45b25bc83aace599559234fd5f331140bd800c48b670,measured,1,14493,156465,170958,170,0,0,16384,16383,1,Pass,Pass,1126272383489710074
1,11,17,A0,A0,16MiB,16777216,131072,0c00f8138e0e622f6fc7215fc0f0d135e79bf60450e4c79d30e30624a8842117,measured,1,3099931,22216761,25316692,249,0,0,16384,16383,1,Pass,Pass,7408339909486172793
1,11,18,Adrop,Adrop,8MiB,8388608,65536,e456d3adf67030c5a168df273f5171ca3e1299e54571d94cca82b117f3cf3aeb,measured,1,1404269,10132649,11536918,9404289,1,65536,65536,65535,1,Pass,Pass,9713268438230653554
1,11,19,Adefs,Adefs,16MiB,16777216,131072,0c00f8138e0e622f6fc7215fc0f0d135e79bf60450e4c79d30e30624a8842117,measured,1,3009839,20251088,23260927,361,0,0,65536,65535,1,Pass,Pass,7408339909486172793
1,11,20,Adrop,Adrop,512KiB,524288,4096,155dfc49f4c05f1087ef002a279acee734e738bc580f2b3925315f95a108242b,measured,1,29407,256116,285523,319443,1,4096,4096,4095,1,Pass,Pass,192086794746352270
1,11,21,Adefs,Adefs,4MiB,4194304,32768,f9dc4b51d64658b088837d5f2a7d485e8eba57daed852c20d443b77cc8137655,measured,1,514912,4201780,4716692,205,0,0,4096,4095,1,Pass,Pass,7876534982476418273
1,11,22,A0-dup,A0,2MiB,2097152,16384,6587afedd7c0f949b131311e7425d033a0754a29587f85f26ec370a31fc4edf0,measured,1,156699,1623321,1780020,120,0,0,4096,4095,1,Pass,Pass,7349817109290025153
1,11,23,A0,A0,8MiB,8388608,65536,e456d3adf67030c5a168df273f5171ca3e1299e54571d94cca82b117f3cf3aeb,measured,1,1368155,10689545,12057700,265,0,0,4096,4095,1,Pass,Pass,9713268438230653554
1,11,24,Adrop,Adrop,128KiB,131072,1024,22e51081397aebb06a1c4c3f85bd08a6e7041a438f4aae416970027e1ddbb24e,measured,1,7197,65759,72956,82396,1,1024,1024,1023,1,Pass,Pass,15067928572581534229
1,11,25,Adrop,Adrop,256KiB,262144,2048,6f0154469137295abd7b45b25bc83aace599559234fd5f331140bd800c48b670,measured,1,13436,122786,136222,160677,1,2048,2048,2047,1,Pass,Pass,1126272383489710074
1,11,26,Adrop,Adrop,4MiB,4194304,32768,f9dc4b51d64658b088837d5f2a7d485e8eba57daed852c20d443b77cc8137655,measured,1,458333,3382331,3840664,5214392,1,32768,32768,32767,1,Pass,Pass,7876534982476418273
1,11,27,Adefs,Adefs,512KiB,524288,4096,155dfc49f4c05f1087ef002a279acee734e738bc580f2b3925315f95a108242b,measured,1,29517,303278,332795,138,0,0,32768,32767,1,Pass,Pass,192086794746352270
1,11,28,A0-dup,A0,16MiB,16777216,131072,0c00f8138e0e622f6fc7215fc0f0d135e79bf60450e4c79d30e30624a8842117,measured,1,3026136,22403883,25430019,294,0,0,32768,32767,1,Pass,Pass,7408339909486172793
1,11,29,A0,A0,4MiB,4194304,32768,f9dc4b51d64658b088837d5f2a7d485e8eba57daed852c20d443b77cc8137655,measured,1,517903,4465041,4982944,119,0,0,32768,32767,1,Pass,Pass,7876534982476418273
1,11,30,A0,A0,512KiB,524288,4096,155dfc49f4c05f1087ef002a279acee734e738bc580f2b3925315f95a108242b,measured,1,29270,328282,357552,79,0,0,32768,32767,1,Pass,Pass,192086794746352270
1,11,31,A0-dup,A0,128KiB,131072,1024,22e51081397aebb06a1c4c3f85bd08a6e7041a438f4aae416970027e1ddbb24e,measured,1,6599,78603,85202,32,0,0,32768,32767,1,Pass,Pass,15067928572581534229
1,11,32,A0,A0,256KiB,262144,2048,6f0154469137295abd7b45b25bc83aace599559234fd5f331140bd800c48b670,measured,1,13486,158375,171861,30,0,0,32768,32767,1,Pass,Pass,1126272383489710074
1,11,33,Adefs,Adefs,2MiB,2097152,16384,6587afedd7c0f949b131311e7425d033a0754a29587f85f26ec370a31fc4edf0,measured,1,158518,1465076,1623594,260,0,0,32768,32767,1,Pass,Pass,7349817109290025153
1,11,34,A0-dup,A0,512KiB,524288,4096,155dfc49f4c05f1087ef002a279acee734e738bc580f2b3925315f95a108242b,measured,1,29412,331902,361314,79,0,0,32768,32767,1,Pass,Pass,192086794746352270
1,11,35,A0-dup,A0,8MiB,8388608,65536,e456d3adf67030c5a168df273f5171ca3e1299e54571d94cca82b117f3cf3aeb,measured,1,1448929,10889878,12338807,105,0,0,32768,32767,1,Pass,Pass,9713268438230653554
1,11,36,A0,A0,2MiB,2097152,16384,6587afedd7c0f949b131311e7425d033a0754a29587f85f26ec370a31fc4edf0,measured,1,136669,1523975,1660644,254,0,0,32768,32767,1,Pass,Pass,7349817109290025153
1,11,37,Adefs,Adefs,256KiB,262144,2048,6f0154469137295abd7b45b25bc83aace599559234fd5f331140bd800c48b670,measured,1,13860,152816,166676,78,0,0,32768,32767,1,Pass,Pass,1126272383489710074
1,11,38,A0-dup,A0,4MiB,4194304,32768,f9dc4b51d64658b088837d5f2a7d485e8eba57daed852c20d443b77cc8137655,measured,1,484170,4286035,4770205,357,0,0,32768,32767,1,Pass,Pass,7876534982476418273
1,11,39,Acapacity,Acapacity,128KiB,131072,1024,22e51081397aebb06a1c4c3f85bd08a6e7041a438f4aae416970027e1ddbb24e,measured,1,7343,80714,88057,84,0,0,32768,32767,1,Pass,Pass,15067928572581534229
1,12,0,A0-dup,A0,128KiB,131072,1024,22e51081397aebb06a1c4c3f85bd08a6e7041a438f4aae416970027e1ddbb24e,measured,2,6534,79275,85809,32,0,0,32768,32767,1,Pass,Pass,15067928572581534229
1,12,1,Acapacity,Acapacity,16MiB,16777216,131072,0c00f8138e0e622f6fc7215fc0f0d135e79bf60450e4c79d30e30624a8842117,measured,2,3024160,22276475,25300635,276,0,0,32768,32767,1,Pass,Pass,7408339909486172793
1,12,2,A0-dup,A0,1MiB,1048576,8192,337a179ec729c20c01309d98317f7ca00691d12ca10285b55ade71fb880e191c,measured,2,57632,685221,742853,93,0,0,32768,32767,1,Pass,Pass,16341657278089853397
1,12,3,A0,A0,8MiB,8388608,65536,e456d3adf67030c5a168df273f5171ca3e1299e54571d94cca82b117f3cf3aeb,measured,2,1460926,10892048,12352974,133,0,0,32768,32767,1,Pass,Pass,9713268438230653554
1,12,4,Adefs,Adefs,2MiB,2097152,16384,6587afedd7c0f949b131311e7425d033a0754a29587f85f26ec370a31fc4edf0,measured,2,193559,1542915,1736474,365,0,0,32768,32767,1,Pass,Pass,7349817109290025153
1,12,5,Adefs,Adefs,8MiB,8388608,65536,e456d3adf67030c5a168df273f5171ca3e1299e54571d94cca82b117f3cf3aeb,measured,2,1415103,9768715,11183818,113,0,0,32768,32767,1,Pass,Pass,9713268438230653554
1,12,6,Adefs,Adefs,1MiB,1048576,8192,337a179ec729c20c01309d98317f7ca00691d12ca10285b55ade71fb880e191c,measured,2,57362,606206,663568,91,0,0,32768,32767,1,Pass,Pass,16341657278089853397
1,12,7,Adefs,Adefs,4MiB,4194304,32768,f9dc4b51d64658b088837d5f2a7d485e8eba57daed852c20d443b77cc8137655,measured,2,487119,4245636,4732755,92,0,0,32768,32767,1,Pass,Pass,7876534982476418273
1,12,8,A0,A0,1MiB,1048576,8192,337a179ec729c20c01309d98317f7ca00691d12ca10285b55ade71fb880e191c,measured,2,70411,749611,820022,156,0,0,32768,32767,1,Pass,Pass,16341657278089853397
1,12,9,A0-dup,A0,512KiB,524288,4096,155dfc49f4c05f1087ef002a279acee734e738bc580f2b3925315f95a108242b,measured,2,29106,322081,351187,49,0,0,32768,32767,1,Pass,Pass,192086794746352270
1,12,10,A0,A0,2MiB,2097152,16384,6587afedd7c0f949b131311e7425d033a0754a29587f85f26ec370a31fc4edf0,measured,2,125427,1542917,1668344,337,0,0,32768,32767,1,Pass,Pass,7349817109290025153
1,12,11,Acapacity,Acapacity,512KiB,524288,4096,155dfc49f4c05f1087ef002a279acee734e738bc580f2b3925315f95a108242b,measured,2,29304,314867,344171,80,0,0,32768,32767,1,Pass,Pass,192086794746352270
1,12,12,Adefs,Adefs,512KiB,524288,4096,155dfc49f4c05f1087ef002a279acee734e738bc580f2b3925315f95a108242b,measured,2,28998,306373,335371,123,0,0,32768,32767,1,Pass,Pass,192086794746352270
1,12,13,Acapacity,Acapacity,2MiB,2097152,16384,6587afedd7c0f949b131311e7425d033a0754a29587f85f26ec370a31fc4edf0,measured,2,126576,1521957,1648533,109,0,0,32768,32767,1,Pass,Pass,7349817109290025153
1,12,14,Acapacity,Acapacity,128KiB,131072,1024,22e51081397aebb06a1c4c3f85bd08a6e7041a438f4aae416970027e1ddbb24e,measured,2,7091,80656,87747,33,0,0,32768,32767,1,Pass,Pass,15067928572581534229
1,12,15,A0-dup,A0,16MiB,16777216,131072,0c00f8138e0e622f6fc7215fc0f0d135e79bf60450e4c79d30e30624a8842117,measured,2,3013210,22603818,25617028,109,0,0,32768,32767,1,Pass,Pass,7408339909486172793
1,12,16,A0,A0,512KiB,524288,4096,155dfc49f4c05f1087ef002a279acee734e738bc580f2b3925315f95a108242b,measured,2,33074,324927,358001,110,0,0,32768,32767,1,Pass,Pass,192086794746352270
1,12,17,A0,A0,4MiB,4194304,32768,f9dc4b51d64658b088837d5f2a7d485e8eba57daed852c20d443b77cc8137655,measured,2,598228,5215643,5813871,156,0,0,32768,32767,1,Pass,Pass,7876534982476418273
1,12,18,A0-dup,A0,2MiB,2097152,16384,6587afedd7c0f949b131311e7425d033a0754a29587f85f26ec370a31fc4edf0,measured,2,122854,1430645,1553499,373,0,0,32768,32767,1,Pass,Pass,7349817109290025153
1,12,19,Adrop,Adrop,8MiB,8388608,65536,e456d3adf67030c5a168df273f5171ca3e1299e54571d94cca82b117f3cf3aeb,measured,2,1411642,9962557,11374199,9351935,1,65536,65536,65535,1,Pass,Pass,9713268438230653554
1,12,20,A0-dup,A0,256KiB,262144,2048,6f0154469137295abd7b45b25bc83aace599559234fd5f331140bd800c48b670,measured,2,13957,162437,176394,245,0,0,65536,65535,1,Pass,Pass,1126272383489710074
1,12,21,Adefs,Adefs,16MiB,16777216,131072,0c00f8138e0e622f6fc7215fc0f0d135e79bf60450e4c79d30e30624a8842117,measured,2,3159102,21313969,24473071,151,0,0,65536,65535,1,Pass,Pass,7408339909486172793
1,12,22,Adrop,Adrop,256KiB,262144,2048,6f0154469137295abd7b45b25bc83aace599559234fd5f331140bd800c48b670,measured,2,14130,125702,139832,166010,1,2048,2048,2047,1,Pass,Pass,1126272383489710074
1,12,23,Adrop,Adrop,4MiB,4194304,32768,f9dc4b51d64658b088837d5f2a7d485e8eba57daed852c20d443b77cc8137655,measured,2,610730,4018072,4628802,5172317,1,32768,32768,32767,1,Pass,Pass,7876534982476418273
1,12,24,A0-dup,A0,8MiB,8388608,65536,e456d3adf67030c5a168df273f5171ca3e1299e54571d94cca82b117f3cf3aeb,measured,2,1405874,10811798,12217672,311,0,0,32768,32767,1,Pass,Pass,9713268438230653554
1,12,25,A0,A0,16MiB,16777216,131072,0c00f8138e0e622f6fc7215fc0f0d135e79bf60450e4c79d30e30624a8842117,measured,2,3078279,22407707,25485986,136,0,0,32768,32767,1,Pass,Pass,7408339909486172793
1,12,26,Adefs,Adefs,256KiB,262144,2048,6f0154469137295abd7b45b25bc83aace599559234fd5f331140bd800c48b670,measured,2,13769,156070,169839,122,0,0,32768,32767,1,Pass,Pass,1126272383489710074
1,12,27,Adefs,Adefs,128KiB,131072,1024,22e51081397aebb06a1c4c3f85bd08a6e7041a438f4aae416970027e1ddbb24e,measured,2,6528,73136,79664,66,0,0,32768,32767,1,Pass,Pass,15067928572581534229
1,12,28,A0-dup,A0,4MiB,4194304,32768,f9dc4b51d64658b088837d5f2a7d485e8eba57daed852c20d443b77cc8137655,measured,2,494267,4550282,5044549,289,0,0,32768,32767,1,Pass,Pass,7876534982476418273
1,12,29,Adrop,Adrop,128KiB,131072,1024,22e51081397aebb06a1c4c3f85bd08a6e7041a438f4aae416970027e1ddbb24e,measured,2,7204,68351,75555,80057,1,1024,1024,1023,1,Pass,Pass,15067928572581534229
1,12,30,Acapacity,Acapacity,8MiB,8388608,65536,e456d3adf67030c5a168df273f5171ca3e1299e54571d94cca82b117f3cf3aeb,measured,2,1422171,11552209,12974380,113,0,0,1024,1023,1,Pass,Pass,9713268438230653554
1,12,31,Acapacity,Acapacity,1MiB,1048576,8192,337a179ec729c20c01309d98317f7ca00691d12ca10285b55ade71fb880e191c,measured,2,57641,637578,695219,120,0,0,1024,1023,1,Pass,Pass,16341657278089853397
1,12,32,Adrop,Adrop,2MiB,2097152,16384,6587afedd7c0f949b131311e7425d033a0754a29587f85f26ec370a31fc4edf0,measured,2,138891,1255315,1394206,1898484,1,16384,16384,16383,1,Pass,Pass,7349817109290025153
1,12,33,Acapacity,Acapacity,4MiB,4194304,32768,f9dc4b51d64658b088837d5f2a7d485e8eba57daed852c20d443b77cc8137655,measured,2,542094,4647101,5189195,182,0,0,16384,16383,1,Pass,Pass,7876534982476418273
1,12,34,Adrop,Adrop,512KiB,524288,4096,155dfc49f4c05f1087ef002a279acee734e738bc580f2b3925315f95a108242b,measured,2,29453,257390,286843,314936,1,4096,4096,4095,1,Pass,Pass,192086794746352270
1,12,35,Adrop,Adrop,16MiB,16777216,131072,0c00f8138e0e622f6fc7215fc0f0d135e79bf60450e4c79d30e30624a8842117,measured,2,3023320,19054398,22077718,17621640,1,131072,131072,131071,1,Pass,Pass,7408339909486172793
1,12,36,A0,A0,128KiB,131072,1024,22e51081397aebb06a1c4c3f85bd08a6e7041a438f4aae416970027e1ddbb24e,measured,2,6933,87687,94620,219,0,0,131072,131071,1,Pass,Pass,15067928572581534229
1,12,37,Adrop,Adrop,1MiB,1048576,8192,337a179ec729c20c01309d98317f7ca00691d12ca10285b55ade71fb880e191c,measured,2,57034,551899,608933,652875,1,8192,8192,8191,1,Pass,Pass,16341657278089853397
1,12,38,A0,A0,256KiB,262144,2048,6f0154469137295abd7b45b25bc83aace599559234fd5f331140bd800c48b670,measured,2,13778,158585,172363,82,0,0,8192,8191,1,Pass,Pass,1126272383489710074
1,12,39,Acapacity,Acapacity,256KiB,262144,2048,6f0154469137295abd7b45b25bc83aace599559234fd5f331140bd800c48b670,measured,2,13768,154057,167825,83,0,0,8192,8191,1,Pass,Pass,1126272383489710074
1,13,0,A0,A0,128KiB,131072,1024,22e51081397aebb06a1c4c3f85bd08a6e7041a438f4aae416970027e1ddbb24e,measured,3,6662,80050,86712,83,0,0,8192,8191,1,Pass,Pass,15067928572581534229
1,13,1,A0-dup,A0,8MiB,8388608,65536,e456d3adf67030c5a168df273f5171ca3e1299e54571d94cca82b117f3cf3aeb,measured,3,1451537,10897719,12349256,333,0,0,8192,8191,1,Pass,Pass,9713268438230653554
1,13,2,A0-dup,A0,16MiB,16777216,131072,0c00f8138e0e622f6fc7215fc0f0d135e79bf60450e4c79d30e30624a8842117,measured,3,3108267,27329418,30437685,363,0,0,8192,8191,1,Pass,Pass,7408339909486172793
1,13,3,Adrop,Adrop,256KiB,262144,2048,6f0154469137295abd7b45b25bc83aace599559234fd5f331140bd800c48b670,measured,3,14196,132291,146487,157032,1,2048,2048,2047,1,Pass,Pass,1126272383489710074
1,13,4,A0-dup,A0,256KiB,262144,2048,6f0154469137295abd7b45b25bc83aace599559234fd5f331140bd800c48b670,measured,3,13410,157222,170632,81,0,0,2048,2047,1,Pass,Pass,1126272383489710074
1,13,5,Acapacity,Acapacity,256KiB,262144,2048,6f0154469137295abd7b45b25bc83aace599559234fd5f331140bd800c48b670,measured,3,13580,153687,167267,71,0,0,2048,2047,1,Pass,Pass,1126272383489710074
1,13,6,A0,A0,2MiB,2097152,16384,6587afedd7c0f949b131311e7425d033a0754a29587f85f26ec370a31fc4edf0,measured,3,160123,1573283,1733406,162,0,0,2048,2047,1,Pass,Pass,7349817109290025153
1,13,7,Adrop,Adrop,1MiB,1048576,8192,337a179ec729c20c01309d98317f7ca00691d12ca10285b55ade71fb880e191c,measured,3,59125,550889,610014,657358,1,8192,8192,8191,1,Pass,Pass,16341657278089853397
1,13,8,Adrop,Adrop,512KiB,524288,4096,155dfc49f4c05f1087ef002a279acee734e738bc580f2b3925315f95a108242b,measured,3,29345,265076,294421,316602,1,4096,4096,4095,1,Pass,Pass,192086794746352270
1,13,9,A0,A0,16MiB,16777216,131072,0c00f8138e0e622f6fc7215fc0f0d135e79bf60450e4c79d30e30624a8842117,measured,3,3144164,22658995,25803159,636,0,0,4096,4095,1,Pass,Pass,7408339909486172793
1,13,10,Adefs,Adefs,1MiB,1048576,8192,337a179ec729c20c01309d98317f7ca00691d12ca10285b55ade71fb880e191c,measured,3,57617,640539,698156,179,0,0,4096,4095,1,Pass,Pass,16341657278089853397
1,13,11,A0,A0,512KiB,524288,4096,155dfc49f4c05f1087ef002a279acee734e738bc580f2b3925315f95a108242b,measured,3,29067,320185,349252,154,0,0,4096,4095,1,Pass,Pass,192086794746352270
1,13,12,Adefs,Adefs,512KiB,524288,4096,155dfc49f4c05f1087ef002a279acee734e738bc580f2b3925315f95a108242b,measured,3,28973,300825,329798,55,0,0,4096,4095,1,Pass,Pass,192086794746352270
1,13,13,A0-dup,A0,512KiB,524288,4096,155dfc49f4c05f1087ef002a279acee734e738bc580f2b3925315f95a108242b,measured,3,28996,316100,345096,45,0,0,4096,4095,1,Pass,Pass,192086794746352270
1,13,14,Adrop,Adrop,8MiB,8388608,65536,e456d3adf67030c5a168df273f5171ca3e1299e54571d94cca82b117f3cf3aeb,measured,3,1373188,9478974,10852162,10336141,1,65536,65536,65535,1,Pass,Pass,9713268438230653554
1,13,15,Acapacity,Acapacity,16MiB,16777216,131072,0c00f8138e0e622f6fc7215fc0f0d135e79bf60450e4c79d30e30624a8842117,measured,3,3044444,23636816,26681260,276,0,0,65536,65535,1,Pass,Pass,7408339909486172793
1,13,16,Acapacity,Acapacity,128KiB,131072,1024,22e51081397aebb06a1c4c3f85bd08a6e7041a438f4aae416970027e1ddbb24e,measured,3,6877,81508,88385,90,0,0,65536,65535,1,Pass,Pass,15067928572581534229
1,13,17,Acapacity,Acapacity,8MiB,8388608,65536,e456d3adf67030c5a168df273f5171ca3e1299e54571d94cca82b117f3cf3aeb,measured,3,1385695,10733195,12118890,281,0,0,65536,65535,1,Pass,Pass,9713268438230653554
1,13,18,A0-dup,A0,4MiB,4194304,32768,f9dc4b51d64658b088837d5f2a7d485e8eba57daed852c20d443b77cc8137655,measured,3,551021,4537301,5088322,144,0,0,65536,65535,1,Pass,Pass,7876534982476418273
1,13,19,A0-dup,A0,1MiB,1048576,8192,337a179ec729c20c01309d98317f7ca00691d12ca10285b55ade71fb880e191c,measured,3,58205,675938,734143,153,0,0,65536,65535,1,Pass,Pass,16341657278089853397
1,13,20,Adefs,Adefs,16MiB,16777216,131072,0c00f8138e0e622f6fc7215fc0f0d135e79bf60450e4c79d30e30624a8842117,measured,3,3020986,20728967,23749953,154,0,0,65536,65535,1,Pass,Pass,7408339909486172793
1,13,21,Adrop,Adrop,16MiB,16777216,131072,0c00f8138e0e622f6fc7215fc0f0d135e79bf60450e4c79d30e30624a8842117,measured,3,3120932,19004146,22125078,18440917,1,131072,131072,131071,1,Pass,Pass,7408339909486172793
1,13,22,Adrop,Adrop,128KiB,131072,1024,22e51081397aebb06a1c4c3f85bd08a6e7041a438f4aae416970027e1ddbb24e,measured,3,6876,65779,72655,82094,1,1024,1024,1023,1,Pass,Pass,15067928572581534229
1,13,23,Acapacity,Acapacity,4MiB,4194304,32768,f9dc4b51d64658b088837d5f2a7d485e8eba57daed852c20d443b77cc8137655,measured,3,437967,4238108,4676075,394,0,0,1024,1023,1,Pass,Pass,7876534982476418273
1,13,24,A0-dup,A0,2MiB,2097152,16384,6587afedd7c0f949b131311e7425d033a0754a29587f85f26ec370a31fc4edf0,measured,3,120284,1475298,1595582,284,0,0,1024,1023,1,Pass,Pass,7349817109290025153
1,13,25,Adefs,Adefs,2MiB,2097152,16384,6587afedd7c0f949b131311e7425d033a0754a29587f85f26ec370a31fc4edf0,measured,3,134733,1341269,1476002,118,0,0,1024,1023,1,Pass,Pass,7349817109290025153
1,13,26,Acapacity,Acapacity,512KiB,524288,4096,155dfc49f4c05f1087ef002a279acee734e738bc580f2b3925315f95a108242b,measured,3,29416,320304,349720,80,0,0,1024,1023,1,Pass,Pass,192086794746352270
1,13,27,A0,A0,256KiB,262144,2048,6f0154469137295abd7b45b25bc83aace599559234fd5f331140bd800c48b670,measured,3,13514,156850,170364,41,0,0,1024,1023,1,Pass,Pass,1126272383489710074
1,13,28,A0-dup,A0,128KiB,131072,1024,22e51081397aebb06a1c4c3f85bd08a6e7041a438f4aae416970027e1ddbb24e,measured,3,6527,80365,86892,47,0,0,1024,1023,1,Pass,Pass,15067928572581534229
1,13,29,Adefs,Adefs,256KiB,262144,2048,6f0154469137295abd7b45b25bc83aace599559234fd5f331140bd800c48b670,measured,3,13658,146277,159935,43,0,0,1024,1023,1,Pass,Pass,1126272383489710074
1,13,30,Adefs,Adefs,4MiB,4194304,32768,f9dc4b51d64658b088837d5f2a7d485e8eba57daed852c20d443b77cc8137655,measured,3,520909,4122757,4643666,153,0,0,1024,1023,1,Pass,Pass,7876534982476418273
1,13,31,Adefs,Adefs,8MiB,8388608,65536,e456d3adf67030c5a168df273f5171ca3e1299e54571d94cca82b117f3cf3aeb,measured,3,1460273,10218091,11678364,247,0,0,1024,1023,1,Pass,Pass,9713268438230653554
1,13,32,Adrop,Adrop,2MiB,2097152,16384,6587afedd7c0f949b131311e7425d033a0754a29587f85f26ec370a31fc4edf0,measured,3,128316,1209693,1338009,2298781,1,16384,16384,16383,1,Pass,Pass,7349817109290025153
1,13,33,A0,A0,8MiB,8388608,65536,e456d3adf67030c5a168df273f5171ca3e1299e54571d94cca82b117f3cf3aeb,measured,3,1448413,10741739,12190152,301,0,0,16384,16383,1,Pass,Pass,9713268438230653554
1,13,34,Adefs,Adefs,128KiB,131072,1024,22e51081397aebb06a1c4c3f85bd08a6e7041a438f4aae416970027e1ddbb24e,measured,3,7345,77973,85318,201,0,0,16384,16383,1,Pass,Pass,15067928572581534229
1,13,35,Acapacity,Acapacity,2MiB,2097152,16384,6587afedd7c0f949b131311e7425d033a0754a29587f85f26ec370a31fc4edf0,measured,3,149085,1482091,1631176,106,0,0,16384,16383,1,Pass,Pass,7349817109290025153
1,13,36,A0,A0,4MiB,4194304,32768,f9dc4b51d64658b088837d5f2a7d485e8eba57daed852c20d443b77cc8137655,measured,3,423002,4152398,4575400,362,0,0,16384,16383,1,Pass,Pass,7876534982476418273
1,13,37,Acapacity,Acapacity,1MiB,1048576,8192,337a179ec729c20c01309d98317f7ca00691d12ca10285b55ade71fb880e191c,measured,3,61243,634066,695309,176,0,0,16384,16383,1,Pass,Pass,16341657278089853397
1,13,38,Adrop,Adrop,4MiB,4194304,32768,f9dc4b51d64658b088837d5f2a7d485e8eba57daed852c20d443b77cc8137655,measured,3,476099,3510931,3987030,4784357,1,32768,32768,32767,1,Pass,Pass,7876534982476418273
1,13,39,A0,A0,1MiB,1048576,8192,337a179ec729c20c01309d98317f7ca00691d12ca10285b55ade71fb880e191c,measured,3,58214,650190,708404,123,0,0,32768,32767,1,Pass,Pass,16341657278089853397
1,14,0,Adefs,Adefs,4MiB,4194304,32768,f9dc4b51d64658b088837d5f2a7d485e8eba57daed852c20d443b77cc8137655,measured,4,526062,4248846,4774908,207,0,0,32768,32767,1,Pass,Pass,7876534982476418273
1,14,1,A0-dup,A0,512KiB,524288,4096,155dfc49f4c05f1087ef002a279acee734e738bc580f2b3925315f95a108242b,measured,4,29379,325016,354395,101,0,0,32768,32767,1,Pass,Pass,192086794746352270
1,14,2,Acapacity,Acapacity,512KiB,524288,4096,155dfc49f4c05f1087ef002a279acee734e738bc580f2b3925315f95a108242b,measured,4,28793,308804,337597,42,0,0,32768,32767,1,Pass,Pass,192086794746352270
1,14,3,Adrop,Adrop,128KiB,131072,1024,22e51081397aebb06a1c4c3f85bd08a6e7041a438f4aae416970027e1ddbb24e,measured,4,6646,66991,73637,79764,1,1024,1024,1023,1,Pass,Pass,15067928572581534229
1,14,4,Adefs,Adefs,2MiB,2097152,16384,6587afedd7c0f949b131311e7425d033a0754a29587f85f26ec370a31fc4edf0,measured,4,147755,1438344,1586099,196,0,0,1024,1023,1,Pass,Pass,7349817109290025153
1,14,5,Adefs,Adefs,512KiB,524288,4096,155dfc49f4c05f1087ef002a279acee734e738bc580f2b3925315f95a108242b,measured,4,29468,302265,331733,103,0,0,1024,1023,1,Pass,Pass,192086794746352270
1,14,6,A0,A0,2MiB,2097152,16384,6587afedd7c0f949b131311e7425d033a0754a29587f85f26ec370a31fc4edf0,measured,4,149154,1517150,1666304,152,0,0,1024,1023,1,Pass,Pass,7349817109290025153
1,14,7,Acapacity,Acapacity,256KiB,262144,2048,6f0154469137295abd7b45b25bc83aace599559234fd5f331140bd800c48b670,measured,4,14222,162230,176452,42,0,0,1024,1023,1,Pass,Pass,1126272383489710074
1,14,8,Adefs,Adefs,128KiB,131072,1024,22e51081397aebb06a1c4c3f85bd08a6e7041a438f4aae416970027e1ddbb24e,measured,4,6603,74399,81002,48,0,0,1024,1023,1,Pass,Pass,15067928572581534229
1,14,9,A0-dup,A0,2MiB,2097152,16384,6587afedd7c0f949b131311e7425d033a0754a29587f85f26ec370a31fc4edf0,measured,4,145204,1540182,1685386,126,0,0,1024,1023,1,Pass,Pass,7349817109290025153
1,14,10,A0-dup,A0,16MiB,16777216,131072,0c00f8138e0e622f6fc7215fc0f0d135e79bf60450e4c79d30e30624a8842117,measured,4,3031565,26874157,29905722,348,0,0,1024,1023,1,Pass,Pass,7408339909486172793
1,14,11,A0,A0,512KiB,524288,4096,155dfc49f4c05f1087ef002a279acee734e738bc580f2b3925315f95a108242b,measured,4,29385,324175,353560,154,0,0,1024,1023,1,Pass,Pass,192086794746352270
1,14,12,A0,A0,8MiB,8388608,65536,e456d3adf67030c5a168df273f5171ca3e1299e54571d94cca82b117f3cf3aeb,measured,4,1413811,10971480,12385291,583,0,0,1024,1023,1,Pass,Pass,9713268438230653554
1,14,13,Acapacity,Acapacity,128KiB,131072,1024,22e51081397aebb06a1c4c3f85bd08a6e7041a438f4aae416970027e1ddbb24e,measured,4,7315,81432,88747,79,0,0,1024,1023,1,Pass,Pass,15067928572581534229
1,14,14,Acapacity,Acapacity,8MiB,8388608,65536,e456d3adf67030c5a168df273f5171ca3e1299e54571d94cca82b117f3cf3aeb,measured,4,1390648,11271251,12661899,821,0,0,1024,1023,1,Pass,Pass,9713268438230653554
1,14,15,Adrop,Adrop,256KiB,262144,2048,6f0154469137295abd7b45b25bc83aace599559234fd5f331140bd800c48b670,measured,4,13802,132259,146061,153243,1,2048,2048,2047,1,Pass,Pass,1126272383489710074
1,14,16,Adrop,Adrop,16MiB,16777216,131072,0c00f8138e0e622f6fc7215fc0f0d135e79bf60450e4c79d30e30624a8842117,measured,4,3097157,18355924,21453081,14437794,1,131072,131072,131071,1,Pass,Pass,7408339909486172793
1,14,17,Adefs,Adefs,1MiB,1048576,8192,337a179ec729c20c01309d98317f7ca00691d12ca10285b55ade71fb880e191c,measured,4,57828,606244,664072,308,0,0,131072,131071,1,Pass,Pass,16341657278089853397
1,14,18,Adefs,Adefs,16MiB,16777216,131072,0c00f8138e0e622f6fc7215fc0f0d135e79bf60450e4c79d30e30624a8842117,measured,4,3080577,23889335,26969912,593,0,0,131072,131071,1,Pass,Pass,7408339909486172793
1,14,19,A0-dup,A0,1MiB,1048576,8192,337a179ec729c20c01309d98317f7ca00691d12ca10285b55ade71fb880e191c,measured,4,57452,657756,715208,106,0,0,131072,131071,1,Pass,Pass,16341657278089853397
1,14,20,A0,A0,4MiB,4194304,32768,f9dc4b51d64658b088837d5f2a7d485e8eba57daed852c20d443b77cc8137655,measured,4,479658,4635578,5115236,304,0,0,131072,131071,1,Pass,Pass,7876534982476418273
1,14,21,A0,A0,128KiB,131072,1024,22e51081397aebb06a1c4c3f85bd08a6e7041a438f4aae416970027e1ddbb24e,measured,4,6962,86025,92987,121,0,0,131072,131071,1,Pass,Pass,15067928572581534229
1,14,22,Adrop,Adrop,2MiB,2097152,16384,6587afedd7c0f949b131311e7425d033a0754a29587f85f26ec370a31fc4edf0,measured,4,151944,1218870,1370814,2317924,1,16384,16384,16383,1,Pass,Pass,7349817109290025153
1,14,23,A0-dup,A0,8MiB,8388608,65536,e456d3adf67030c5a168df273f5171ca3e1299e54571d94cca82b117f3cf3aeb,measured,4,1411090,11379139,12790229,421,0,0,16384,16383,1,Pass,Pass,9713268438230653554
1,14,24,Adefs,Adefs,8MiB,8388608,65536,e456d3adf67030c5a168df273f5171ca3e1299e54571d94cca82b117f3cf3aeb,measured,4,1474599,9616785,11091384,288,0,0,16384,16383,1,Pass,Pass,9713268438230653554
1,14,25,Acapacity,Acapacity,16MiB,16777216,131072,0c00f8138e0e622f6fc7215fc0f0d135e79bf60450e4c79d30e30624a8842117,measured,4,3017492,22841729,25859221,230,0,0,16384,16383,1,Pass,Pass,7408339909486172793
1,14,26,A0,A0,16MiB,16777216,131072,0c00f8138e0e622f6fc7215fc0f0d135e79bf60450e4c79d30e30624a8842117,measured,4,3075078,22459637,25534715,193,0,0,16384,16383,1,Pass,Pass,7408339909486172793
1,14,27,Adefs,Adefs,256KiB,262144,2048,6f0154469137295abd7b45b25bc83aace599559234fd5f331140bd800c48b670,measured,4,13792,157635,171427,83,0,0,16384,16383,1,Pass,Pass,1126272383489710074
1,14,28,Acapacity,Acapacity,4MiB,4194304,32768,f9dc4b51d64658b088837d5f2a7d485e8eba57daed852c20d443b77cc8137655,measured,4,579532,4942328,5521860,381,0,0,16384,16383,1,Pass,Pass,7876534982476418273
1,14,29,A0-dup,A0,256KiB,262144,2048,6f0154469137295abd7b45b25bc83aace599559234fd5f331140bd800c48b670,measured,4,14128,170792,184920,82,0,0,16384,16383,1,Pass,Pass,1126272383489710074
1,14,30,A0,A0,1MiB,1048576,8192,337a179ec729c20c01309d98317f7ca00691d12ca10285b55ade71fb880e191c,measured,4,57479,657181,714660,30,0,0,16384,16383,1,Pass,Pass,16341657278089853397
1,14,31,A0,A0,256KiB,262144,2048,6f0154469137295abd7b45b25bc83aace599559234fd5f331140bd800c48b670,measured,4,13619,157795,171414,31,0,0,16384,16383,1,Pass,Pass,1126272383489710074
1,14,32,Adrop,Adrop,8MiB,8388608,65536,e456d3adf67030c5a168df273f5171ca3e1299e54571d94cca82b117f3cf3aeb,measured,4,1408852,9546150,10955002,9991721,1,65536,65536,65535,1,Pass,Pass,9713268438230653554
1,14,33,A0-dup,A0,128KiB,131072,1024,22e51081397aebb06a1c4c3f85bd08a6e7041a438f4aae416970027e1ddbb24e,measured,4,7266,83176,90442,135,0,0,65536,65535,1,Pass,Pass,15067928572581534229
1,14,34,A0-dup,A0,4MiB,4194304,32768,f9dc4b51d64658b088837d5f2a7d485e8eba57daed852c20d443b77cc8137655,measured,4,455606,4434829,4890435,347,0,0,65536,65535,1,Pass,Pass,7876534982476418273
1,14,35,Adrop,Adrop,1MiB,1048576,8192,337a179ec729c20c01309d98317f7ca00691d12ca10285b55ade71fb880e191c,measured,4,58961,511169,570130,683631,1,8192,8192,8191,1,Pass,Pass,16341657278089853397
1,14,36,Acapacity,Acapacity,1MiB,1048576,8192,337a179ec729c20c01309d98317f7ca00691d12ca10285b55ade71fb880e191c,measured,4,69094,654832,723926,207,0,0,8192,8191,1,Pass,Pass,16341657278089853397
1,14,37,Adrop,Adrop,512KiB,524288,4096,155dfc49f4c05f1087ef002a279acee734e738bc580f2b3925315f95a108242b,measured,4,29162,249781,278943,328456,1,4096,4096,4095,1,Pass,Pass,192086794746352270
1,14,38,Acapacity,Acapacity,2MiB,2097152,16384,6587afedd7c0f949b131311e7425d033a0754a29587f85f26ec370a31fc4edf0,measured,4,136277,1460122,1596399,133,0,0,4096,4095,1,Pass,Pass,7349817109290025153
1,14,39,Adrop,Adrop,4MiB,4194304,32768,f9dc4b51d64658b088837d5f2a7d485e8eba57daed852c20d443b77cc8137655,measured,4,449740,3871001,4320741,4893798,1,32768,32768,32767,1,Pass,Pass,7876534982476418273
1,15,0,A0,A0,16MiB,16777216,131072,0c00f8138e0e622f6fc7215fc0f0d135e79bf60450e4c79d30e30624a8842117,measured,5,3079114,23729972,26809086,179,0,0,32768,32767,1,Pass,Pass,7408339909486172793
1,15,1,A0-dup,A0,2MiB,2097152,16384,6587afedd7c0f949b131311e7425d033a0754a29587f85f26ec370a31fc4edf0,measured,5,135751,1510892,1646643,83,0,0,32768,32767,1,Pass,Pass,7349817109290025153
1,15,2,Acapacity,Acapacity,16MiB,16777216,131072,0c00f8138e0e622f6fc7215fc0f0d135e79bf60450e4c79d30e30624a8842117,measured,5,3007320,22805861,25813181,286,0,0,32768,32767,1,Pass,Pass,7408339909486172793
1,15,3,Adefs,Adefs,8MiB,8388608,65536,e456d3adf67030c5a168df273f5171ca3e1299e54571d94cca82b117f3cf3aeb,measured,5,1459713,10161851,11621564,282,0,0,32768,32767,1,Pass,Pass,9713268438230653554
1,15,4,Adefs,Adefs,128KiB,131072,1024,22e51081397aebb06a1c4c3f85bd08a6e7041a438f4aae416970027e1ddbb24e,measured,5,7591,76033,83624,85,0,0,32768,32767,1,Pass,Pass,15067928572581534229
1,15,5,A0-dup,A0,4MiB,4194304,32768,f9dc4b51d64658b088837d5f2a7d485e8eba57daed852c20d443b77cc8137655,measured,5,403803,4135751,4539554,344,0,0,32768,32767,1,Pass,Pass,7876534982476418273
1,15,6,A0-dup,A0,16MiB,16777216,131072,0c00f8138e0e622f6fc7215fc0f0d135e79bf60450e4c79d30e30624a8842117,measured,5,3054801,24510679,27565480,288,0,0,32768,32767,1,Pass,Pass,7408339909486172793
1,15,7,A0-dup,A0,256KiB,262144,2048,6f0154469137295abd7b45b25bc83aace599559234fd5f331140bd800c48b670,measured,5,14150,163544,177694,111,0,0,32768,32767,1,Pass,Pass,1126272383489710074
1,15,8,A0-dup,A0,1MiB,1048576,8192,337a179ec729c20c01309d98317f7ca00691d12ca10285b55ade71fb880e191c,measured,5,57045,660538,717583,45,0,0,32768,32767,1,Pass,Pass,16341657278089853397
1,15,9,Adefs,Adefs,16MiB,16777216,131072,0c00f8138e0e622f6fc7215fc0f0d135e79bf60450e4c79d30e30624a8842117,measured,5,3112383,20344571,23456954,407,0,0,32768,32767,1,Pass,Pass,7408339909486172793
1,15,10,A0,A0,512KiB,524288,4096,155dfc49f4c05f1087ef002a279acee734e738bc580f2b3925315f95a108242b,measured,5,30595,342508,373103,46,0,0,32768,32767,1,Pass,Pass,192086794746352270
1,15,11,A0-dup,A0,128KiB,131072,1024,22e51081397aebb06a1c4c3f85bd08a6e7041a438f4aae416970027e1ddbb24e,measured,5,6766,100568,107334,32,0,0,32768,32767,1,Pass,Pass,15067928572581534229
1,15,12,Adrop,Adrop,256KiB,262144,2048,6f0154469137295abd7b45b25bc83aace599559234fd5f331140bd800c48b670,measured,5,13739,122633,136372,163525,1,2048,2048,2047,1,Pass,Pass,1126272383489710074
1,15,13,A0,A0,4MiB,4194304,32768,f9dc4b51d64658b088837d5f2a7d485e8eba57daed852c20d443b77cc8137655,measured,5,485585,4621307,5106892,271,0,0,2048,2047,1,Pass,Pass,7876534982476418273
1,15,14,Acapacity,Acapacity,8MiB,8388608,65536,e456d3adf67030c5a168df273f5171ca3e1299e54571d94cca82b117f3cf3aeb,measured,5,1444936,11004947,12449883,344,0,0,2048,2047,1,Pass,Pass,9713268438230653554
1,15,15,Adefs,Adefs,4MiB,4194304,32768,f9dc4b51d64658b088837d5f2a7d485e8eba57daed852c20d443b77cc8137655,measured,5,465879,3964961,4430840,270,0,0,2048,2047,1,Pass,Pass,7876534982476418273
1,15,16,Adefs,Adefs,1MiB,1048576,8192,337a179ec729c20c01309d98317f7ca00691d12ca10285b55ade71fb880e191c,measured,5,58508,629512,688020,115,0,0,2048,2047,1,Pass,Pass,16341657278089853397
1,15,17,A0,A0,128KiB,131072,1024,22e51081397aebb06a1c4c3f85bd08a6e7041a438f4aae416970027e1ddbb24e,measured,5,6751,80376,87127,29,0,0,2048,2047,1,Pass,Pass,15067928572581534229
1,15,18,Adefs,Adefs,512KiB,524288,4096,155dfc49f4c05f1087ef002a279acee734e738bc580f2b3925315f95a108242b,measured,5,29532,298075,327607,29,0,0,2048,2047,1,Pass,Pass,192086794746352270
1,15,19,Acapacity,Acapacity,128KiB,131072,1024,22e51081397aebb06a1c4c3f85bd08a6e7041a438f4aae416970027e1ddbb24e,measured,5,6521,78413,84934,42,0,0,2048,2047,1,Pass,Pass,15067928572581534229
1,15,20,A0-dup,A0,8MiB,8388608,65536,e456d3adf67030c5a168df273f5171ca3e1299e54571d94cca82b117f3cf3aeb,measured,5,1385022,11394626,12779648,254,0,0,2048,2047,1,Pass,Pass,9713268438230653554
1,15,21,A0,A0,2MiB,2097152,16384,6587afedd7c0f949b131311e7425d033a0754a29587f85f26ec370a31fc4edf0,measured,5,134171,1528660,1662831,96,0,0,2048,2047,1,Pass,Pass,7349817109290025153
1,15,22,Adrop,Adrop,2MiB,2097152,16384,6587afedd7c0f949b131311e7425d033a0754a29587f85f26ec370a31fc4edf0,measured,5,119263,1199461,1318724,1887010,1,16384,16384,16383,1,Pass,Pass,7349817109290025153
1,15,23,Adrop,Adrop,4MiB,4194304,32768,f9dc4b51d64658b088837d5f2a7d485e8eba57daed852c20d443b77cc8137655,measured,5,466794,3754225,4221019,5092711,1,32768,32768,32767,1,Pass,Pass,7876534982476418273
1,15,24,Acapacity,Acapacity,256KiB,262144,2048,6f0154469137295abd7b45b25bc83aace599559234fd5f331140bd800c48b670,measured,5,14143,160425,174568,80,0,0,32768,32767,1,Pass,Pass,1126272383489710074
1,15,25,Acapacity,Acapacity,1MiB,1048576,8192,337a179ec729c20c01309d98317f7ca00691d12ca10285b55ade71fb880e191c,measured,5,57650,645200,702850,130,0,0,32768,32767,1,Pass,Pass,16341657278089853397
1,15,26,Adrop,Adrop,8MiB,8388608,65536,e456d3adf67030c5a168df273f5171ca3e1299e54571d94cca82b117f3cf3aeb,measured,5,1447819,9334019,10781838,10077161,1,65536,65536,65535,1,Pass,Pass,9713268438230653554
1,15,27,Adrop,Adrop,128KiB,131072,1024,22e51081397aebb06a1c4c3f85bd08a6e7041a438f4aae416970027e1ddbb24e,measured,5,7024,65081,72105,79403,1,1024,1024,1023,1,Pass,Pass,15067928572581534229
1,15,28,Acapacity,Acapacity,512KiB,524288,4096,155dfc49f4c05f1087ef002a279acee734e738bc580f2b3925315f95a108242b,measured,5,29056,313106,342162,85,0,0,1024,1023,1,Pass,Pass,192086794746352270
1,15,29,Adefs,Adefs,2MiB,2097152,16384,6587afedd7c0f949b131311e7425d033a0754a29587f85f26ec370a31fc4edf0,measured,5,143265,1397005,1540270,322,0,0,1024,1023,1,Pass,Pass,7349817109290025153
1,15,30,A0,A0,256KiB,262144,2048,6f0154469137295abd7b45b25bc83aace599559234fd5f331140bd800c48b670,measured,5,14248,158671,172919,49,0,0,1024,1023,1,Pass,Pass,1126272383489710074
1,15,31,A0-dup,A0,512KiB,524288,4096,155dfc49f4c05f1087ef002a279acee734e738bc580f2b3925315f95a108242b,measured,5,29028,318910,347938,44,0,0,1024,1023,1,Pass,Pass,192086794746352270
1,15,32,Adrop,Adrop,16MiB,16777216,131072,0c00f8138e0e622f6fc7215fc0f0d135e79bf60450e4c79d30e30624a8842117,measured,5,3116989,18774939,21891928,17333745,1,131072,131072,131071,1,Pass,Pass,7408339909486172793
1,15,33,Acapacity,Acapacity,2MiB,2097152,16384,6587afedd7c0f949b131311e7425d033a0754a29587f85f26ec370a31fc4edf0,measured,5,144482,1491785,1636267,279,0,0,131072,131071,1,Pass,Pass,7349817109290025153
1,15,34,Acapacity,Acapacity,4MiB,4194304,32768,f9dc4b51d64658b088837d5f2a7d485e8eba57daed852c20d443b77cc8137655,measured,5,468391,4603494,5071885,347,0,0,131072,131071,1,Pass,Pass,7876534982476418273
1,15,35,Adrop,Adrop,1MiB,1048576,8192,337a179ec729c20c01309d98317f7ca00691d12ca10285b55ade71fb880e191c,measured,5,57689,529394,587083,658212,1,8192,8192,8191,1,Pass,Pass,16341657278089853397
1,15,36,Adefs,Adefs,256KiB,262144,2048,6f0154469137295abd7b45b25bc83aace599559234fd5f331140bd800c48b670,measured,5,14461,146880,161341,44,0,0,8192,8191,1,Pass,Pass,1126272383489710074
1,15,37,A0,A0,1MiB,1048576,8192,337a179ec729c20c01309d98317f7ca00691d12ca10285b55ade71fb880e191c,measured,5,57233,668834,726067,97,0,0,8192,8191,1,Pass,Pass,16341657278089853397
1,15,38,A0,A0,8MiB,8388608,65536,e456d3adf67030c5a168df273f5171ca3e1299e54571d94cca82b117f3cf3aeb,measured,5,1400957,10868112,12269069,122,0,0,8192,8191,1,Pass,Pass,9713268438230653554
1,15,39,Adrop,Adrop,512KiB,524288,4096,155dfc49f4c05f1087ef002a279acee734e738bc580f2b3925315f95a108242b,measured,5,29472,257859,287331,308775,1,4096,4096,4095,1,Pass,Pass,192086794746352270
1,16,0,Adefs,Adefs,8MiB,8388608,65536,e456d3adf67030c5a168df273f5171ca3e1299e54571d94cca82b117f3cf3aeb,measured,6,1436737,10085072,11521809,107,0,0,4096,4095,1,Pass,Pass,9713268438230653554
1,16,1,Acapacity,Acapacity,16MiB,16777216,131072,0c00f8138e0e622f6fc7215fc0f0d135e79bf60450e4c79d30e30624a8842117,measured,6,3138930,26461843,29600773,295,0,0,4096,4095,1,Pass,Pass,7408339909486172793
1,16,2,Adrop,Adrop,2MiB,2097152,16384,6587afedd7c0f949b131311e7425d033a0754a29587f85f26ec370a31fc4edf0,measured,6,113825,1253234,1367059,1928112,1,16384,16384,16383,1,Pass,Pass,7349817109290025153
1,16,3,Adefs,Adefs,4MiB,4194304,32768,f9dc4b51d64658b088837d5f2a7d485e8eba57daed852c20d443b77cc8137655,measured,6,523183,4164348,4687531,420,0,0,16384,16383,1,Pass,Pass,7876534982476418273
1,16,4,A0-dup,A0,4MiB,4194304,32768,f9dc4b51d64658b088837d5f2a7d485e8eba57daed852c20d443b77cc8137655,measured,6,522000,4458828,4980828,549,0,0,16384,16383,1,Pass,Pass,7876534982476418273
1,16,5,Adefs,Adefs,128KiB,131072,1024,22e51081397aebb06a1c4c3f85bd08a6e7041a438f4aae416970027e1ddbb24e,measured,6,7202,76975,84177,82,0,0,16384,16383,1,Pass,Pass,15067928572581534229
1,16,6,Adrop,Adrop,512KiB,524288,4096,155dfc49f4c05f1087ef002a279acee734e738bc580f2b3925315f95a108242b,measured,6,28489,253060,281549,326570,1,4096,4096,4095,1,Pass,Pass,192086794746352270
1,16,7,A0-dup,A0,256KiB,262144,2048,6f0154469137295abd7b45b25bc83aace599559234fd5f331140bd800c48b670,measured,6,13640,158156,171796,42,0,0,4096,4095,1,Pass,Pass,1126272383489710074
1,16,8,Adefs,Adefs,16MiB,16777216,131072,0c00f8138e0e622f6fc7215fc0f0d135e79bf60450e4c79d30e30624a8842117,measured,6,3097450,19747700,22845150,120,0,0,4096,4095,1,Pass,Pass,7408339909486172793
1,16,9,A0,A0,128KiB,131072,1024,22e51081397aebb06a1c4c3f85bd08a6e7041a438f4aae416970027e1ddbb24e,measured,6,7484,97532,105016,203,0,0,4096,4095,1,Pass,Pass,15067928572581534229
1,16,10,A0,A0,8MiB,8388608,65536,e456d3adf67030c5a168df273f5171ca3e1299e54571d94cca82b117f3cf3aeb,measured,6,1422391,10884485,12306876,423,0,0,4096,4095,1,Pass,Pass,9713268438230653554
1,16,11,A0,A0,4MiB,4194304,32768,f9dc4b51d64658b088837d5f2a7d485e8eba57daed852c20d443b77cc8137655,measured,6,452863,4332066,4784929,125,0,0,4096,4095,1,Pass,Pass,7876534982476418273
1,16,12,A0,A0,512KiB,524288,4096,155dfc49f4c05f1087ef002a279acee734e738bc580f2b3925315f95a108242b,measured,6,29628,317792,347420,28,0,0,4096,4095,1,Pass,Pass,192086794746352270
1,16,13,Adefs,Adefs,256KiB,262144,2048,6f0154469137295abd7b45b25bc83aace599559234fd5f331140bd800c48b670,measured,6,13504,145543,159047,29,0,0,4096,4095,1,Pass,Pass,1126272383489710074
1,16,14,Adrop,Adrop,128KiB,131072,1024,22e51081397aebb06a1c4c3f85bd08a6e7041a438f4aae416970027e1ddbb24e,measured,6,6534,64649,71183,80824,1,1024,1024,1023,1,Pass,Pass,15067928572581534229
1,16,15,Adrop,Adrop,8MiB,8388608,65536,e456d3adf67030c5a168df273f5171ca3e1299e54571d94cca82b117f3cf3aeb,measured,6,1462547,9544188,11006735,10578302,1,65536,65536,65535,1,Pass,Pass,9713268438230653554
1,16,16,A0-dup,A0,1MiB,1048576,8192,337a179ec729c20c01309d98317f7ca00691d12ca10285b55ade71fb880e191c,measured,6,57562,670640,728202,184,0,0,65536,65535,1,Pass,Pass,16341657278089853397
1,16,17,Adrop,Adrop,4MiB,4194304,32768,f9dc4b51d64658b088837d5f2a7d485e8eba57daed852c20d443b77cc8137655,measured,6,460372,3886029,4346401,4880542,1,32768,32768,32767,1,Pass,Pass,7876534982476418273
1,16,18,Acapacity,Acapacity,128KiB,131072,1024,22e51081397aebb06a1c4c3f85bd08a6e7041a438f4aae416970027e1ddbb24e,measured,6,7510,83826,91336,49,0,0,32768,32767,1,Pass,Pass,15067928572581534229
1,16,19,Acapacity,Acapacity,512KiB,524288,4096,155dfc49f4c05f1087ef002a279acee734e738bc580f2b3925315f95a108242b,measured,6,28904,317018,345922,55,0,0,32768,32767,1,Pass,Pass,192086794746352270
1,16,20,Acapacity,Acapacity,256KiB,262144,2048,6f0154469137295abd7b45b25bc83aace599559234fd5f331140bd800c48b670,measured,6,13523,152637,166160,43,0,0,32768,32767,1,Pass,Pass,1126272383489710074
1,16,21,Acapacity,Acapacity,8MiB,8388608,65536,e456d3adf67030c5a168df273f5171ca3e1299e54571d94cca82b117f3cf3aeb,measured,6,1383262,10929622,12312884,118,0,0,32768,32767,1,Pass,Pass,9713268438230653554
1,16,22,A0-dup,A0,2MiB,2097152,16384,6587afedd7c0f949b131311e7425d033a0754a29587f85f26ec370a31fc4edf0,measured,6,115529,1524295,1639824,157,0,0,32768,32767,1,Pass,Pass,7349817109290025153
1,16,23,Adrop,Adrop,1MiB,1048576,8192,337a179ec729c20c01309d98317f7ca00691d12ca10285b55ade71fb880e191c,measured,6,58257,517631,575888,679757,1,8192,8192,8191,1,Pass,Pass,16341657278089853397
1,16,24,A0-dup,A0,16MiB,16777216,131072,0c00f8138e0e622f6fc7215fc0f0d135e79bf60450e4c79d30e30624a8842117,measured,6,3226226,23305986,26532212,475,0,0,8192,8191,1,Pass,Pass,7408339909486172793
1,16,25,Adefs,Adefs,2MiB,2097152,16384,6587afedd7c0f949b131311e7425d033a0754a29587f85f26ec370a31fc4edf0,measured,6,139660,1438932,1578592,123,0,0,8192,8191,1,Pass,Pass,7349817109290025153
1,16,26,A0,A0,2MiB,2097152,16384,6587afedd7c0f949b131311e7425d033a0754a29587f85f26ec370a31fc4edf0,measured,6,129688,1478160,1607848,160,0,0,8192,8191,1,Pass,Pass,7349817109290025153
1,16,27,Acapacity,Acapacity,2MiB,2097152,16384,6587afedd7c0f949b131311e7425d033a0754a29587f85f26ec370a31fc4edf0,measured,6,132420,1482129,1614549,238,0,0,8192,8191,1,Pass,Pass,7349817109290025153
1,16,28,A0,A0,256KiB,262144,2048,6f0154469137295abd7b45b25bc83aace599559234fd5f331140bd800c48b670,measured,6,13958,159626,173584,101,0,0,8192,8191,1,Pass,Pass,1126272383489710074
1,16,29,Adefs,Adefs,512KiB,524288,4096,155dfc49f4c05f1087ef002a279acee734e738bc580f2b3925315f95a108242b,measured,6,29123,296523,325646,100,0,0,8192,8191,1,Pass,Pass,192086794746352270
1,16,30,Adrop,Adrop,16MiB,16777216,131072,0c00f8138e0e622f6fc7215fc0f0d135e79bf60450e4c79d30e30624a8842117,measured,6,3096777,19816214,22912991,18780370,1,131072,131072,131071,1,Pass,Pass,7408339909486172793
1,16,31,Adefs,Adefs,1MiB,1048576,8192,337a179ec729c20c01309d98317f7ca00691d12ca10285b55ade71fb880e191c,measured,6,59944,648417,708361,130,0,0,131072,131071,1,Pass,Pass,16341657278089853397
1,16,32,Adrop,Adrop,256KiB,262144,2048,6f0154469137295abd7b45b25bc83aace599559234fd5f331140bd800c48b670,measured,6,14017,122959,136976,159412,1,2048,2048,2047,1,Pass,Pass,1126272383489710074
1,16,33,A0-dup,A0,128KiB,131072,1024,22e51081397aebb06a1c4c3f85bd08a6e7041a438f4aae416970027e1ddbb24e,measured,6,6622,79358,85980,47,0,0,2048,2047,1,Pass,Pass,15067928572581534229
1,16,34,A0-dup,A0,8MiB,8388608,65536,e456d3adf67030c5a168df273f5171ca3e1299e54571d94cca82b117f3cf3aeb,measured,6,1456854,11208372,12665226,285,0,0,2048,2047,1,Pass,Pass,9713268438230653554
1,16,35,A0,A0,16MiB,16777216,131072,0c00f8138e0e622f6fc7215fc0f0d135e79bf60450e4c79d30e30624a8842117,measured,6,3080638,27321931,30402569,293,0,0,2048,2047,1,Pass,Pass,7408339909486172793
1,16,36,A0-dup,A0,512KiB,524288,4096,155dfc49f4c05f1087ef002a279acee734e738bc580f2b3925315f95a108242b,measured,6,29262,321249,350511,159,0,0,2048,2047,1,Pass,Pass,192086794746352270
1,16,37,Acapacity,Acapacity,1MiB,1048576,8192,337a179ec729c20c01309d98317f7ca00691d12ca10285b55ade71fb880e191c,measured,6,57774,639394,697168,81,0,0,2048,2047,1,Pass,Pass,16341657278089853397
1,16,38,Acapacity,Acapacity,4MiB,4194304,32768,f9dc4b51d64658b088837d5f2a7d485e8eba57daed852c20d443b77cc8137655,measured,6,517846,4695625,5213471,108,0,0,2048,2047,1,Pass,Pass,7876534982476418273
1,16,39,A0,A0,1MiB,1048576,8192,337a179ec729c20c01309d98317f7ca00691d12ca10285b55ade71fb880e191c,measured,6,58461,663161,721622,264,0,0,2048,2047,1,Pass,Pass,16341657278089853397
1,17,0,A0-dup,A0,1MiB,1048576,8192,337a179ec729c20c01309d98317f7ca00691d12ca10285b55ade71fb880e191c,measured,7,58211,645330,703541,212,0,0,2048,2047,1,Pass,Pass,16341657278089853397
1,17,1,A0,A0,4MiB,4194304,32768,f9dc4b51d64658b088837d5f2a7d485e8eba57daed852c20d443b77cc8137655,measured,7,427111,4488845,4915956,101,0,0,2048,2047,1,Pass,Pass,7876534982476418273
1,17,2,Adrop,Adrop,128KiB,131072,1024,22e51081397aebb06a1c4c3f85bd08a6e7041a438f4aae416970027e1ddbb24e,measured,7,7117,64893,72010,81760,1,1024,1024,1023,1,Pass,Pass,15067928572581534229
1,17,3,Adrop,Adrop,1MiB,1048576,8192,337a179ec729c20c01309d98317f7ca00691d12ca10285b55ade71fb880e191c,measured,7,60620,562295,622915,690134,1,8192,8192,8191,1,Pass,Pass,16341657278089853397
1,17,4,A0,A0,1MiB,1048576,8192,337a179ec729c20c01309d98317f7ca00691d12ca10285b55ade71fb880e191c,measured,7,58026,638341,696367,131,0,0,8192,8191,1,Pass,Pass,16341657278089853397
1,17,5,A0-dup,A0,4MiB,4194304,32768,f9dc4b51d64658b088837d5f2a7d485e8eba57daed852c20d443b77cc8137655,measured,7,418844,4460521,4879365,229,0,0,8192,8191,1,Pass,Pass,7876534982476418273
1,17,6,A0-dup,A0,128KiB,131072,1024,22e51081397aebb06a1c4c3f85bd08a6e7041a438f4aae416970027e1ddbb24e,measured,7,6910,81714,88624,97,0,0,8192,8191,1,Pass,Pass,15067928572581534229
1,17,7,Adefs,Adefs,512KiB,524288,4096,155dfc49f4c05f1087ef002a279acee734e738bc580f2b3925315f95a108242b,measured,7,28828,300427,329255,48,0,0,8192,8191,1,Pass,Pass,192086794746352270
1,17,8,A0,A0,128KiB,131072,1024,22e51081397aebb06a1c4c3f85bd08a6e7041a438f4aae416970027e1ddbb24e,measured,7,6629,79751,86380,41,0,0,8192,8191,1,Pass,Pass,15067928572581534229
1,17,9,Adrop,Adrop,8MiB,8388608,65536,e456d3adf67030c5a168df273f5171ca3e1299e54571d94cca82b117f3cf3aeb,measured,7,1416448,9352088,10768536,10026929,1,65536,65536,65535,1,Pass,Pass,9713268438230653554
1,17,10,Adefs,Adefs,8MiB,8388608,65536,e456d3adf67030c5a168df273f5171ca3e1299e54571d94cca82b117f3cf3aeb,measured,7,1405888,9974937,11380825,609,0,0,65536,65535,1,Pass,Pass,9713268438230653554
1,17,11,Acapacity,Acapacity,128KiB,131072,1024,22e51081397aebb06a1c4c3f85bd08a6e7041a438f4aae416970027e1ddbb24e,measured,7,7008,81422,88430,130,0,0,65536,65535,1,Pass,Pass,15067928572581534229
1,17,12,Adrop,Adrop,256KiB,262144,2048,6f0154469137295abd7b45b25bc83aace599559234fd5f331140bd800c48b670,measured,7,13648,124985,138633,161647,1,2048,2048,2047,1,Pass,Pass,1126272383489710074
1,17,13,A0-dup,A0,512KiB,524288,4096,155dfc49f4c05f1087ef002a279acee734e738bc580f2b3925315f95a108242b,measured,7,28912,319608,348520,50,0,0,2048,2047,1,Pass,Pass,192086794746352270
1,17,14,Adefs,Adefs,2MiB,2097152,16384,6587afedd7c0f949b131311e7425d033a0754a29587f85f26ec370a31fc4edf0,measured,7,151397,1595218,1746615,150,0,0,2048,2047,1,Pass,Pass,7349817109290025153
1,17,15,A0,A0,256KiB,262144,2048,6f0154469137295abd7b45b25bc83aace599559234fd5f331140bd800c48b670,measured,7,13981,158418,172399,34,0,0,2048,2047,1,Pass,Pass,1126272383489710074
1,17,16,Adefs,Adefs,4MiB,4194304,32768,f9dc4b51d64658b088837d5f2a7d485e8eba57daed852c20d443b77cc8137655,measured,7,511218,4128514,4639732,117,0,0,2048,2047,1,Pass,Pass,7876534982476418273
1,17,17,Acapacity,Acapacity,256KiB,262144,2048,6f0154469137295abd7b45b25bc83aace599559234fd5f331140bd800c48b670,measured,7,13915,158444,172359,81,0,0,2048,2047,1,Pass,Pass,1126272383489710074
1,17,18,Acapacity,Acapacity,16MiB,16777216,131072,0c00f8138e0e622f6fc7215fc0f0d135e79bf60450e4c79d30e30624a8842117,measured,7,3118620,21724295,24842915,288,0,0,2048,2047,1,Pass,Pass,7408339909486172793
1,17,19,A0,A0,512KiB,524288,4096,155dfc49f4c05f1087ef002a279acee734e738bc580f2b3925315f95a108242b,measured,7,29319,317581,346900,269,0,0,2048,2047,1,Pass,Pass,192086794746352270
1,17,20,A0-dup,A0,2MiB,2097152,16384,6587afedd7c0f949b131311e7425d033a0754a29587f85f26ec370a31fc4edf0,measured,7,145525,1527317,1672842,124,0,0,2048,2047,1,Pass,Pass,7349817109290025153
1,17,21,Adefs,Adefs,256KiB,262144,2048,6f0154469137295abd7b45b25bc83aace599559234fd5f331140bd800c48b670,measured,7,14031,149171,163202,55,0,0,2048,2047,1,Pass,Pass,1126272383489710074
1,17,22,Adefs,Adefs,16MiB,16777216,131072,0c00f8138e0e622f6fc7215fc0f0d135e79bf60450e4c79d30e30624a8842117,measured,7,3015265,19899331,22914596,127,0,0,2048,2047,1,Pass,Pass,7408339909486172793
1,17,23,Adrop,Adrop,16MiB,16777216,131072,0c00f8138e0e622f6fc7215fc0f0d135e79bf60450e4c79d30e30624a8842117,measured,7,3102182,19725108,22827290,17594049,1,131072,131072,131071,1,Pass,Pass,7408339909486172793
1,17,24,Acapacity,Acapacity,512KiB,524288,4096,155dfc49f4c05f1087ef002a279acee734e738bc580f2b3925315f95a108242b,measured,7,29021,314383,343404,211,0,0,131072,131071,1,Pass,Pass,192086794746352270
1,17,25,Acapacity,Acapacity,4MiB,4194304,32768,f9dc4b51d64658b088837d5f2a7d485e8eba57daed852c20d443b77cc8137655,measured,7,456100,4288959,4745059,228,0,0,131072,131071,1,Pass,Pass,7876534982476418273
1,17,26,A0,A0,2MiB,2097152,16384,6587afedd7c0f949b131311e7425d033a0754a29587f85f26ec370a31fc4edf0,measured,7,134936,1499375,1634311,94,0,0,131072,131071,1,Pass,Pass,7349817109290025153
1,17,27,Acapacity,Acapacity,2MiB,2097152,16384,6587afedd7c0f949b131311e7425d033a0754a29587f85f26ec370a31fc4edf0,measured,7,140938,1501482,1642420,93,0,0,131072,131071,1,Pass,Pass,7349817109290025153
1,17,28,Adrop,Adrop,2MiB,2097152,16384,6587afedd7c0f949b131311e7425d033a0754a29587f85f26ec370a31fc4edf0,measured,7,145479,1397573,1543052,1767266,1,16384,16384,16383,1,Pass,Pass,7349817109290025153
1,17,29,Adrop,Adrop,4MiB,4194304,32768,f9dc4b51d64658b088837d5f2a7d485e8eba57daed852c20d443b77cc8137655,measured,7,471218,3952933,4424151,4285970,1,32768,32768,32767,1,Pass,Pass,7876534982476418273
1,17,30,Adrop,Adrop,512KiB,524288,4096,155dfc49f4c05f1087ef002a279acee734e738bc580f2b3925315f95a108242b,measured,7,29688,253558,283246,320511,1,4096,4096,4095,1,Pass,Pass,192086794746352270
1,17,31,A0,A0,16MiB,16777216,131072,0c00f8138e0e622f6fc7215fc0f0d135e79bf60450e4c79d30e30624a8842117,measured,7,2999773,26870619,29870392,289,0,0,4096,4095,1,Pass,Pass,7408339909486172793
1,17,32,A0-dup,A0,256KiB,262144,2048,6f0154469137295abd7b45b25bc83aace599559234fd5f331140bd800c48b670,measured,7,14016,161854,175870,344,0,0,4096,4095,1,Pass,Pass,1126272383489710074
1,17,33,Acapacity,Acapacity,1MiB,1048576,8192,337a179ec729c20c01309d98317f7ca00691d12ca10285b55ade71fb880e191c,measured,7,57594,642275,699869,361,0,0,4096,4095,1,Pass,Pass,16341657278089853397
1,17,34,A0-dup,A0,16MiB,16777216,131072,0c00f8138e0e622f6fc7215fc0f0d135e79bf60450e4c79d30e30624a8842117,measured,7,2943547,23388309,26331856,585,0,0,4096,4095,1,Pass,Pass,7408339909486172793
1,17,35,Acapacity,Acapacity,8MiB,8388608,65536,e456d3adf67030c5a168df273f5171ca3e1299e54571d94cca82b117f3cf3aeb,measured,7,1460427,10640109,12100536,539,0,0,4096,4095,1,Pass,Pass,9713268438230653554
1,17,36,A0-dup,A0,8MiB,8388608,65536,e456d3adf67030c5a168df273f5171ca3e1299e54571d94cca82b117f3cf3aeb,measured,7,1407082,11480389,12887471,401,0,0,4096,4095,1,Pass,Pass,9713268438230653554
1,17,37,Adefs,Adefs,1MiB,1048576,8192,337a179ec729c20c01309d98317f7ca00691d12ca10285b55ade71fb880e191c,measured,7,58184,612177,670361,106,0,0,4096,4095,1,Pass,Pass,16341657278089853397
1,17,38,A0,A0,8MiB,8388608,65536,e456d3adf67030c5a168df273f5171ca3e1299e54571d94cca82b117f3cf3aeb,measured,7,1376431,11621911,12998342,114,0,0,4096,4095,1,Pass,Pass,9713268438230653554
1,17,39,Adefs,Adefs,128KiB,131072,1024,22e51081397aebb06a1c4c3f85bd08a6e7041a438f4aae416970027e1ddbb24e,measured,7,7343,78073,85416,83,0,0,4096,4095,1,Pass,Pass,15067928572581534229
1,18,0,A0-dup,A0,2MiB,2097152,16384,6587afedd7c0f949b131311e7425d033a0754a29587f85f26ec370a31fc4edf0,measured,8,143467,1502200,1645667,127,0,0,4096,4095,1,Pass,Pass,7349817109290025153
1,18,1,Adrop,Adrop,8MiB,8388608,65536,e456d3adf67030c5a168df273f5171ca3e1299e54571d94cca82b117f3cf3aeb,measured,8,1458378,9430992,10889370,10467079,1,65536,65536,65535,1,Pass,Pass,9713268438230653554
1,18,2,Adrop,Adrop,16MiB,16777216,131072,0c00f8138e0e622f6fc7215fc0f0d135e79bf60450e4c79d30e30624a8842117,measured,8,2997933,18957755,21955688,16781554,1,131072,131072,131071,1,Pass,Pass,7408339909486172793
1,18,3,Adrop,Adrop,512KiB,524288,4096,155dfc49f4c05f1087ef002a279acee734e738bc580f2b3925315f95a108242b,measured,8,29569,256286,285855,314488,1,4096,4096,4095,1,Pass,Pass,192086794746352270
1,18,4,A0,A0,512KiB,524288,4096,155dfc49f4c05f1087ef002a279acee734e738bc580f2b3925315f95a108242b,measured,8,29262,314844,344106,94,0,0,4096,4095,1,Pass,Pass,192086794746352270
1,18,5,Adrop,Adrop,1MiB,1048576,8192,337a179ec729c20c01309d98317f7ca00691d12ca10285b55ade71fb880e191c,measured,8,57948,535336,593284,671957,1,8192,8192,8191,1,Pass,Pass,16341657278089853397
1,18,6,A0-dup,A0,1MiB,1048576,8192,337a179ec729c20c01309d98317f7ca00691d12ca10285b55ade71fb880e191c,measured,8,57637,648469,706106,85,0,0,8192,8191,1,Pass,Pass,16341657278089853397
1,18,7,A0,A0,4MiB,4194304,32768,f9dc4b51d64658b088837d5f2a7d485e8eba57daed852c20d443b77cc8137655,measured,8,477463,4483924,4961387,212,0,0,8192,8191,1,Pass,Pass,7876534982476418273
1,18,8,A0,A0,1MiB,1048576,8192,337a179ec729c20c01309d98317f7ca00691d12ca10285b55ade71fb880e191c,measured,8,58248,649217,707465,93,0,0,8192,8191,1,Pass,Pass,16341657278089853397
1,18,9,Adefs,Adefs,1MiB,1048576,8192,337a179ec729c20c01309d98317f7ca00691d12ca10285b55ade71fb880e191c,measured,8,61877,588380,650257,132,0,0,8192,8191,1,Pass,Pass,16341657278089853397
1,18,10,A0-dup,A0,512KiB,524288,4096,155dfc49f4c05f1087ef002a279acee734e738bc580f2b3925315f95a108242b,measured,8,29357,315895,345252,50,0,0,8192,8191,1,Pass,Pass,192086794746352270
1,18,11,Adefs,Adefs,8MiB,8388608,65536,e456d3adf67030c5a168df273f5171ca3e1299e54571d94cca82b117f3cf3aeb,measured,8,1410455,9995789,11406244,293,0,0,8192,8191,1,Pass,Pass,9713268438230653554
1,18,12,Acapacity,Acapacity,4MiB,4194304,32768,f9dc4b51d64658b088837d5f2a7d485e8eba57daed852c20d443b77cc8137655,measured,8,457763,4485861,4943624,260,0,0,8192,8191,1,Pass,Pass,7876534982476418273
1,18,13,A0-dup,A0,128KiB,131072,1024,22e51081397aebb06a1c4c3f85bd08a6e7041a438f4aae416970027e1ddbb24e,measured,8,7292,82120,89412,112,0,0,8192,8191,1,Pass,Pass,15067928572581534229
1,18,14,A0-dup,A0,8MiB,8388608,65536,e456d3adf67030c5a168df273f5171ca3e1299e54571d94cca82b117f3cf3aeb,measured,8,1420477,10819503,12239980,179,0,0,8192,8191,1,Pass,Pass,9713268438230653554
1,18,15,A0-dup,A0,16MiB,16777216,131072,0c00f8138e0e622f6fc7215fc0f0d135e79bf60450e4c79d30e30624a8842117,measured,8,3013021,27287106,30300127,423,0,0,8192,8191,1,Pass,Pass,7408339909486172793
1,18,16,Adefs,Adefs,512KiB,524288,4096,155dfc49f4c05f1087ef002a279acee734e738bc580f2b3925315f95a108242b,measured,8,29410,299948,329358,300,0,0,8192,8191,1,Pass,Pass,192086794746352270
1,18,17,A0,A0,8MiB,8388608,65536,e456d3adf67030c5a168df273f5171ca3e1299e54571d94cca82b117f3cf3aeb,measured,8,1447529,11107424,12554953,409,0,0,8192,8191,1,Pass,Pass,9713268438230653554
1,18,18,Adefs,Adefs,2MiB,2097152,16384,6587afedd7c0f949b131311e7425d033a0754a29587f85f26ec370a31fc4edf0,measured,8,119669,1405142,1524811,133,0,0,8192,8191,1,Pass,Pass,7349817109290025153
1,18,19,Acapacity,Acapacity,1MiB,1048576,8192,337a179ec729c20c01309d98317f7ca00691d12ca10285b55ade71fb880e191c,measured,8,57986,648705,706691,92,0,0,8192,8191,1,Pass,Pass,16341657278089853397
1,18,20,A0-dup,A0,256KiB,262144,2048,6f0154469137295abd7b45b25bc83aace599559234fd5f331140bd800c48b670,measured,8,14320,157407,171727,31,0,0,8192,8191,1,Pass,Pass,1126272383489710074
1,18,21,Adrop,Adrop,2MiB,2097152,16384,6587afedd7c0f949b131311e7425d033a0754a29587f85f26ec370a31fc4edf0,measured,8,159261,1330279,1489540,2133592,1,16384,16384,16383,1,Pass,Pass,7349817109290025153
1,18,22,Adefs,Adefs,128KiB,131072,1024,22e51081397aebb06a1c4c3f85bd08a6e7041a438f4aae416970027e1ddbb24e,measured,8,7058,76050,83108,80,0,0,16384,16383,1,Pass,Pass,15067928572581534229
1,18,23,A0,A0,2MiB,2097152,16384,6587afedd7c0f949b131311e7425d033a0754a29587f85f26ec370a31fc4edf0,measured,8,118240,1553348,1671588,94,0,0,16384,16383,1,Pass,Pass,7349817109290025153
1,18,24,Adefs,Adefs,256KiB,262144,2048,6f0154469137295abd7b45b25bc83aace599559234fd5f331140bd800c48b670,measured,8,14182,158236,172418,96,0,0,16384,16383,1,Pass,Pass,1126272383489710074
1,18,25,Adefs,Adefs,16MiB,16777216,131072,0c00f8138e0e622f6fc7215fc0f0d135e79bf60450e4c79d30e30624a8842117,measured,8,2947480,21622198,24569678,243,0,0,16384,16383,1,Pass,Pass,7408339909486172793
1,18,26,Acapacity,Acapacity,8MiB,8388608,65536,e456d3adf67030c5a168df273f5171ca3e1299e54571d94cca82b117f3cf3aeb,measured,8,1462698,10748853,12211551,264,0,0,16384,16383,1,Pass,Pass,9713268438230653554
1,18,27,Adefs,Adefs,4MiB,4194304,32768,f9dc4b51d64658b088837d5f2a7d485e8eba57daed852c20d443b77cc8137655,measured,8,538197,4532396,5070593,280,0,0,16384,16383,1,Pass,Pass,7876534982476418273
1,18,28,A0,A0,128KiB,131072,1024,22e51081397aebb06a1c4c3f85bd08a6e7041a438f4aae416970027e1ddbb24e,measured,8,11003,82889,93892,100,0,0,16384,16383,1,Pass,Pass,15067928572581534229
1,18,29,A0,A0,256KiB,262144,2048,6f0154469137295abd7b45b25bc83aace599559234fd5f331140bd800c48b670,measured,8,13630,159774,173404,36,0,0,16384,16383,1,Pass,Pass,1126272383489710074
1,18,30,Acapacity,Acapacity,16MiB,16777216,131072,0c00f8138e0e622f6fc7215fc0f0d135e79bf60450e4c79d30e30624a8842117,measured,8,3028396,22028101,25056497,289,0,0,16384,16383,1,Pass,Pass,7408339909486172793
1,18,31,Acapacity,Acapacity,2MiB,2097152,16384,6587afedd7c0f949b131311e7425d033a0754a29587f85f26ec370a31fc4edf0,measured,8,121403,1486671,1608074,347,0,0,16384,16383,1,Pass,Pass,7349817109290025153
1,18,32,A0,A0,16MiB,16777216,131072,0c00f8138e0e622f6fc7215fc0f0d135e79bf60450e4c79d30e30624a8842117,measured,8,2961805,23472337,26434142,386,0,0,16384,16383,1,Pass,Pass,7408339909486172793
1,18,33,Adrop,Adrop,128KiB,131072,1024,22e51081397aebb06a1c4c3f85bd08a6e7041a438f4aae416970027e1ddbb24e,measured,8,7174,64191,71365,81059,1,1024,1024,1023,1,Pass,Pass,15067928572581534229
1,18,34,Adrop,Adrop,4MiB,4194304,32768,f9dc4b51d64658b088837d5f2a7d485e8eba57daed852c20d443b77cc8137655,measured,8,416481,3692187,4108668,4526695,1,32768,32768,32767,1,Pass,Pass,7876534982476418273
1,18,35,Acapacity,Acapacity,256KiB,262144,2048,6f0154469137295abd7b45b25bc83aace599559234fd5f331140bd800c48b670,measured,8,14033,156303,170336,150,0,0,32768,32767,1,Pass,Pass,1126272383489710074
1,18,36,A0-dup,A0,4MiB,4194304,32768,f9dc4b51d64658b088837d5f2a7d485e8eba57daed852c20d443b77cc8137655,measured,8,525600,4673672,5199272,193,0,0,32768,32767,1,Pass,Pass,7876534982476418273
1,18,37,Acapacity,Acapacity,128KiB,131072,1024,22e51081397aebb06a1c4c3f85bd08a6e7041a438f4aae416970027e1ddbb24e,measured,8,7172,80872,88044,96,0,0,32768,32767,1,Pass,Pass,15067928572581534229
1,18,38,Adrop,Adrop,256KiB,262144,2048,6f0154469137295abd7b45b25bc83aace599559234fd5f331140bd800c48b670,measured,8,13670,125687,139357,157039,1,2048,2048,2047,1,Pass,Pass,1126272383489710074
1,18,39,Acapacity,Acapacity,512KiB,524288,4096,155dfc49f4c05f1087ef002a279acee734e738bc580f2b3925315f95a108242b,measured,8,32698,314197,346895,51,0,0,2048,2047,1,Pass,Pass,192086794746352270
1,19,0,Adrop,Adrop,128KiB,131072,1024,22e51081397aebb06a1c4c3f85bd08a6e7041a438f4aae416970027e1ddbb24e,measured,9,6585,64292,70877,80766,1,1024,1024,1023,1,Pass,Pass,15067928572581534229
1,19,1,Acapacity,Acapacity,8MiB,8388608,65536,e456d3adf67030c5a168df273f5171ca3e1299e54571d94cca82b117f3cf3aeb,measured,9,1502198,10950541,12452739,422,0,0,1024,1023,1,Pass,Pass,9713268438230653554
1,19,2,Acapacity,Acapacity,128KiB,131072,1024,22e51081397aebb06a1c4c3f85bd08a6e7041a438f4aae416970027e1ddbb24e,measured,9,7096,81342,88438,133,0,0,1024,1023,1,Pass,Pass,15067928572581534229
1,19,3,Adefs,Adefs,256KiB,262144,2048,6f0154469137295abd7b45b25bc83aace599559234fd5f331140bd800c48b670,measured,9,13625,148460,162085,181,0,0,1024,1023,1,Pass,Pass,1126272383489710074
1,19,4,A0,A0,1MiB,1048576,8192,337a179ec729c20c01309d98317f7ca00691d12ca10285b55ade71fb880e191c,measured,9,57993,669459,727452,176,0,0,1024,1023,1,Pass,Pass,16341657278089853397
1,19,5,Acapacity,Acapacity,2MiB,2097152,16384,6587afedd7c0f949b131311e7425d033a0754a29587f85f26ec370a31fc4edf0,measured,9,121637,1437600,1559237,116,0,0,1024,1023,1,Pass,Pass,7349817109290025153
1,19,6,Adefs,Adefs,512KiB,524288,4096,155dfc49f4c05f1087ef002a279acee734e738bc580f2b3925315f95a108242b,measured,9,29073,296431,325504,51,0,0,1024,1023,1,Pass,Pass,192086794746352270
1,19,7,Adefs,Adefs,8MiB,8388608,65536,e456d3adf67030c5a168df273f5171ca3e1299e54571d94cca82b117f3cf3aeb,measured,9,1485820,10304652,11790472,353,0,0,1024,1023,1,Pass,Pass,9713268438230653554
1,19,8,A0,A0,8MiB,8388608,65536,e456d3adf67030c5a168df273f5171ca3e1299e54571d94cca82b117f3cf3aeb,measured,9,1404012,11487972,12891984,87,0,0,1024,1023,1,Pass,Pass,9713268438230653554
1,19,9,A0-dup,A0,16MiB,16777216,131072,0c00f8138e0e622f6fc7215fc0f0d135e79bf60450e4c79d30e30624a8842117,measured,9,2947917,23367261,26315178,340,0,0,1024,1023,1,Pass,Pass,7408339909486172793
1,19,10,A0-dup,A0,512KiB,524288,4096,155dfc49f4c05f1087ef002a279acee734e738bc580f2b3925315f95a108242b,measured,9,29870,324349,354219,95,0,0,1024,1023,1,Pass,Pass,192086794746352270
1,19,11,Adefs,Adefs,128KiB,131072,1024,22e51081397aebb06a1c4c3f85bd08a6e7041a438f4aae416970027e1ddbb24e,measured,9,6580,73429,80009,31,0,0,1024,1023,1,Pass,Pass,15067928572581534229
1,19,12,Acapacity,Acapacity,512KiB,524288,4096,155dfc49f4c05f1087ef002a279acee734e738bc580f2b3925315f95a108242b,measured,9,28906,307439,336345,42,0,0,1024,1023,1,Pass,Pass,192086794746352270
1,19,13,A0-dup,A0,4MiB,4194304,32768,f9dc4b51d64658b088837d5f2a7d485e8eba57daed852c20d443b77cc8137655,measured,9,461219,4468252,4929471,338,0,0,1024,1023,1,Pass,Pass,7876534982476418273
1,19,14,A0,A0,2MiB,2097152,16384,6587afedd7c0f949b131311e7425d033a0754a29587f85f26ec370a31fc4edf0,measured,9,116705,1477851,1594556,98,0,0,1024,1023,1,Pass,Pass,7349817109290025153
1,19,15,A0-dup,A0,128KiB,131072,1024,22e51081397aebb06a1c4c3f85bd08a6e7041a438f4aae416970027e1ddbb24e,measured,9,7202,80949,88151,41,0,0,1024,1023,1,Pass,Pass,15067928572581534229
1,19,16,A0,A0,512KiB,524288,4096,155dfc49f4c05f1087ef002a279acee734e738bc580f2b3925315f95a108242b,measured,9,29364,327262,356626,50,0,0,1024,1023,1,Pass,Pass,192086794746352270
1,19,17,Acapacity,Acapacity,4MiB,4194304,32768,f9dc4b51d64658b088837d5f2a7d485e8eba57daed852c20d443b77cc8137655,measured,9,502205,4544835,5047040,370,0,0,1024,1023,1,Pass,Pass,7876534982476418273
1,19,18,A0-dup,A0,256KiB,262144,2048,6f0154469137295abd7b45b25bc83aace599559234fd5f331140bd800c48b670,measured,9,14515,161135,175650,101,0,0,1024,1023,1,Pass,Pass,1126272383489710074
1,19,19,Acapacity,Acapacity,256KiB,262144,2048,6f0154469137295abd7b45b25bc83aace599559234fd5f331140bd800c48b670,measured,9,13460,153757,167217,41,0,0,1024,1023,1,Pass,Pass,1126272383489710074
1,19,20,Acapacity,Acapacity,1MiB,1048576,8192,337a179ec729c20c01309d98317f7ca00691d12ca10285b55ade71fb880e191c,measured,9,57544,650783,708327,27,0,0,1024,1023,1,Pass,Pass,16341657278089853397
1,19,21,Adrop,Adrop,16MiB,16777216,131072,0c00f8138e0e622f6fc7215fc0f0d135e79bf60450e4c79d30e30624a8842117,measured,9,3084582,19470723,22555305,15279708,1,131072,131072,131071,1,Pass,Pass,7408339909486172793
1,19,22,Adefs,Adefs,16MiB,16777216,131072,0c00f8138e0e622f6fc7215fc0f0d135e79bf60450e4c79d30e30624a8842117,measured,9,3021810,24317573,27339383,334,0,0,131072,131071,1,Pass,Pass,7408339909486172793
1,19,23,Adrop,Adrop,8MiB,8388608,65536,e456d3adf67030c5a168df273f5171ca3e1299e54571d94cca82b117f3cf3aeb,measured,9,1459984,9529444,10989428,10682414,1,65536,65536,65535,1,Pass,Pass,9713268438230653554
1,19,24,A0,A0,16MiB,16777216,131072,0c00f8138e0e622f6fc7215fc0f0d135e79bf60450e4c79d30e30624a8842117,measured,9,3201995,22704301,25906296,246,0,0,65536,65535,1,Pass,Pass,7408339909486172793
1,19,25,A0,A0,128KiB,131072,1024,22e51081397aebb06a1c4c3f85bd08a6e7041a438f4aae416970027e1ddbb24e,measured,9,7599,82518,90117,92,0,0,65536,65535,1,Pass,Pass,15067928572581534229
1,19,26,Adrop,Adrop,1MiB,1048576,8192,337a179ec729c20c01309d98317f7ca00691d12ca10285b55ade71fb880e191c,measured,9,58230,523951,582181,653569,1,8192,8192,8191,1,Pass,Pass,16341657278089853397
1,19,27,Adefs,Adefs,2MiB,2097152,16384,6587afedd7c0f949b131311e7425d033a0754a29587f85f26ec370a31fc4edf0,measured,9,121190,1422588,1543778,210,0,0,8192,8191,1,Pass,Pass,7349817109290025153
1,19,28,A0,A0,4MiB,4194304,32768,f9dc4b51d64658b088837d5f2a7d485e8eba57daed852c20d443b77cc8137655,measured,9,499257,4639159,5138416,102,0,0,8192,8191,1,Pass,Pass,7876534982476418273
1,19,29,Adrop,Adrop,2MiB,2097152,16384,6587afedd7c0f949b131311e7425d033a0754a29587f85f26ec370a31fc4edf0,measured,9,120058,1181309,1301367,1825045,1,16384,16384,16383,1,Pass,Pass,7349817109290025153
1,19,30,Adrop,Adrop,256KiB,262144,2048,6f0154469137295abd7b45b25bc83aace599559234fd5f331140bd800c48b670,measured,9,13949,125300,139249,157156,1,2048,2048,2047,1,Pass,Pass,1126272383489710074
1,19,31,Adefs,Adefs,4MiB,4194304,32768,f9dc4b51d64658b088837d5f2a7d485e8eba57daed852c20d443b77cc8137655,measured,9,527387,4304743,4832130,341,0,0,2048,2047,1,Pass,Pass,7876534982476418273
1,19,32,Adefs,Adefs,1MiB,1048576,8192,337a179ec729c20c01309d98317f7ca00691d12ca10285b55ade71fb880e191c,measured,9,57742,607089,664831,208,0,0,2048,2047,1,Pass,Pass,16341657278089853397
1,19,33,Adrop,Adrop,512KiB,524288,4096,155dfc49f4c05f1087ef002a279acee734e738bc580f2b3925315f95a108242b,measured,9,29635,249902,279537,329231,1,4096,4096,4095,1,Pass,Pass,192086794746352270
1,19,34,Acapacity,Acapacity,16MiB,16777216,131072,0c00f8138e0e622f6fc7215fc0f0d135e79bf60450e4c79d30e30624a8842117,measured,9,3082473,22275429,25357902,225,0,0,4096,4095,1,Pass,Pass,7408339909486172793
1,19,35,A0-dup,A0,2MiB,2097152,16384,6587afedd7c0f949b131311e7425d033a0754a29587f85f26ec370a31fc4edf0,measured,9,133130,1501339,1634469,280,0,0,4096,4095,1,Pass,Pass,7349817109290025153
1,19,36,Adrop,Adrop,4MiB,4194304,32768,f9dc4b51d64658b088837d5f2a7d485e8eba57daed852c20d443b77cc8137655,measured,9,561940,4044926,4606866,4500049,1,32768,32768,32767,1,Pass,Pass,7876534982476418273
1,19,37,A0-dup,A0,1MiB,1048576,8192,337a179ec729c20c01309d98317f7ca00691d12ca10285b55ade71fb880e191c,measured,9,57748,644806,702554,111,0,0,32768,32767,1,Pass,Pass,16341657278089853397
1,19,38,A0,A0,256KiB,262144,2048,6f0154469137295abd7b45b25bc83aace599559234fd5f331140bd800c48b670,measured,9,14017,158365,172382,43,0,0,32768,32767,1,Pass,Pass,1126272383489710074
1,19,39,A0-dup,A0,8MiB,8388608,65536,e456d3adf67030c5a168df273f5171ca3e1299e54571d94cca82b117f3cf3aeb,measured,9,1398587,11304864,12703451,253,0,0,32768,32767,1,Pass,Pass,9713268438230653554
1,20,0,Acapacity,Acapacity,128KiB,131072,1024,22e51081397aebb06a1c4c3f85bd08a6e7041a438f4aae416970027e1ddbb24e,measured,10,7109,81205,88314,220,0,0,32768,32767,1,Pass,Pass,15067928572581534229
1,20,1,Acapacity,Acapacity,2MiB,2097152,16384,6587afedd7c0f949b131311e7425d033a0754a29587f85f26ec370a31fc4edf0,measured,10,132724,1525107,1657831,83,0,0,32768,32767,1,Pass,Pass,7349817109290025153
1,20,2,A0,A0,512KiB,524288,4096,155dfc49f4c05f1087ef002a279acee734e738bc580f2b3925315f95a108242b,measured,10,29700,317416,347116,63,0,0,32768,32767,1,Pass,Pass,192086794746352270
1,20,3,A0,A0,2MiB,2097152,16384,6587afedd7c0f949b131311e7425d033a0754a29587f85f26ec370a31fc4edf0,measured,10,125094,1508319,1633413,361,0,0,32768,32767,1,Pass,Pass,7349817109290025153
1,20,4,Acapacity,Acapacity,8MiB,8388608,65536,e456d3adf67030c5a168df273f5171ca3e1299e54571d94cca82b117f3cf3aeb,measured,10,1428525,10714036,12142561,341,0,0,32768,32767,1,Pass,Pass,9713268438230653554
1,20,5,Adefs,Adefs,512KiB,524288,4096,155dfc49f4c05f1087ef002a279acee734e738bc580f2b3925315f95a108242b,measured,10,29496,304513,334009,81,0,0,32768,32767,1,Pass,Pass,192086794746352270
1,20,6,Acapacity,Acapacity,16MiB,16777216,131072,0c00f8138e0e622f6fc7215fc0f0d135e79bf60450e4c79d30e30624a8842117,measured,10,3026117,22718103,25744220,349,0,0,32768,32767,1,Pass,Pass,7408339909486172793
1,20,7,A0-dup,A0,2MiB,2097152,16384,6587afedd7c0f949b131311e7425d033a0754a29587f85f26ec370a31fc4edf0,measured,10,143049,1486264,1629313,121,0,0,32768,32767,1,Pass,Pass,7349817109290025153
1,20,8,Acapacity,Acapacity,256KiB,262144,2048,6f0154469137295abd7b45b25bc83aace599559234fd5f331140bd800c48b670,measured,10,13896,157979,171875,83,0,0,32768,32767,1,Pass,Pass,1126272383489710074
1,20,9,A0-dup,A0,512KiB,524288,4096,155dfc49f4c05f1087ef002a279acee734e738bc580f2b3925315f95a108242b,measured,10,28743,313504,342247,35,0,0,32768,32767,1,Pass,Pass,192086794746352270
1,20,10,Acapacity,Acapacity,4MiB,4194304,32768,f9dc4b51d64658b088837d5f2a7d485e8eba57daed852c20d443b77cc8137655,measured,10,523309,4549318,5072627,284,0,0,32768,32767,1,Pass,Pass,7876534982476418273
1,20,11,A0,A0,16MiB,16777216,131072,0c00f8138e0e622f6fc7215fc0f0d135e79bf60450e4c79d30e30624a8842117,measured,10,2954081,23502682,26456763,124,0,0,32768,32767,1,Pass,Pass,7408339909486172793
1,20,12,A0-dup,A0,1MiB,1048576,8192,337a179ec729c20c01309d98317f7ca00691d12ca10285b55ade71fb880e191c,measured,10,57791,731881,789672,157,0,0,32768,32767,1,Pass,Pass,16341657278089853397
1,20,13,Adefs,Adefs,2MiB,2097152,16384,6587afedd7c0f949b131311e7425d033a0754a29587f85f26ec370a31fc4edf0,measured,10,145794,1410908,1556702,83,0,0,32768,32767,1,Pass,Pass,7349817109290025153
1,20,14,Adrop,Adrop,2MiB,2097152,16384,6587afedd7c0f949b131311e7425d033a0754a29587f85f26ec370a31fc4edf0,measured,10,129107,1174264,1303371,2124416,1,16384,16384,16383,1,Pass,Pass,7349817109290025153
1,20,15,Adrop,Adrop,1MiB,1048576,8192,337a179ec729c20c01309d98317f7ca00691d12ca10285b55ade71fb880e191c,measured,10,57925,516838,574763,670530,1,8192,8192,8191,1,Pass,Pass,16341657278089853397
1,20,16,A0-dup,A0,16MiB,16777216,131072,0c00f8138e0e622f6fc7215fc0f0d135e79bf60450e4c79d30e30624a8842117,measured,10,3012060,23089845,26101905,360,0,0,8192,8191,1,Pass,Pass,7408339909486172793
1,20,17,A0,A0,4MiB,4194304,32768,f9dc4b51d64658b088837d5f2a7d485e8eba57daed852c20d443b77cc8137655,measured,10,520926,4362650,4883576,343,0,0,8192,8191,1,Pass,Pass,7876534982476418273
1,20,18,Adefs,Adefs,256KiB,262144,2048,6f0154469137295abd7b45b25bc83aace599559234fd5f331140bd800c48b670,measured,10,14385,156307,170692,119,0,0,8192,8191,1,Pass,Pass,1126272383489710074
1,20,19,A0-dup,A0,256KiB,262144,2048,6f0154469137295abd7b45b25bc83aace599559234fd5f331140bd800c48b670,measured,10,17265,157951,175216,48,0,0,8192,8191,1,Pass,Pass,1126272383489710074
1,20,20,A0,A0,128KiB,131072,1024,22e51081397aebb06a1c4c3f85bd08a6e7041a438f4aae416970027e1ddbb24e,measured,10,6627,78726,85353,28,0,0,8192,8191,1,Pass,Pass,15067928572581534229
1,20,21,Adefs,Adefs,4MiB,4194304,32768,f9dc4b51d64658b088837d5f2a7d485e8eba57daed852c20d443b77cc8137655,measured,10,451051,4232595,4683646,108,0,0,8192,8191,1,Pass,Pass,7876534982476418273
1,20,22,Acapacity,Acapacity,512KiB,524288,4096,155dfc49f4c05f1087ef002a279acee734e738bc580f2b3925315f95a108242b,measured,10,29042,339766,368808,298,0,0,8192,8191,1,Pass,Pass,192086794746352270
1,20,23,A0-dup,A0,128KiB,131072,1024,22e51081397aebb06a1c4c3f85bd08a6e7041a438f4aae416970027e1ddbb24e,measured,10,6788,83454,90242,101,0,0,8192,8191,1,Pass,Pass,15067928572581534229
1,20,24,Adefs,Adefs,1MiB,1048576,8192,337a179ec729c20c01309d98317f7ca00691d12ca10285b55ade71fb880e191c,measured,10,57810,611815,669625,30,0,0,8192,8191,1,Pass,Pass,16341657278089853397
1,20,25,Adrop,Adrop,8MiB,8388608,65536,e456d3adf67030c5a168df273f5171ca3e1299e54571d94cca82b117f3cf3aeb,measured,10,1394820,9669219,11064039,8576414,1,65536,65536,65535,1,Pass,Pass,9713268438230653554
1,20,26,Acapacity,Acapacity,1MiB,1048576,8192,337a179ec729c20c01309d98317f7ca00691d12ca10285b55ade71fb880e191c,measured,10,58062,633990,692052,179,0,0,65536,65535,1,Pass,Pass,16341657278089853397
1,20,27,A0-dup,A0,8MiB,8388608,65536,e456d3adf67030c5a168df273f5171ca3e1299e54571d94cca82b117f3cf3aeb,measured,10,1477284,10830735,12308019,234,0,0,65536,65535,1,Pass,Pass,9713268438230653554
1,20,28,Adefs,Adefs,16MiB,16777216,131072,0c00f8138e0e622f6fc7215fc0f0d135e79bf60450e4c79d30e30624a8842117,measured,10,2998492,20871156,23869648,158,0,0,65536,65535,1,Pass,Pass,7408339909486172793
1,20,29,Adrop,Adrop,256KiB,262144,2048,6f0154469137295abd7b45b25bc83aace599559234fd5f331140bd800c48b670,measured,10,13954,126250,140204,167039,1,2048,2048,2047,1,Pass,Pass,1126272383489710074
1,20,30,A0,A0,256KiB,262144,2048,6f0154469137295abd7b45b25bc83aace599559234fd5f331140bd800c48b670,measured,10,13547,156135,169682,74,0,0,2048,2047,1,Pass,Pass,1126272383489710074
1,20,31,A0-dup,A0,4MiB,4194304,32768,f9dc4b51d64658b088837d5f2a7d485e8eba57daed852c20d443b77cc8137655,measured,10,411535,4621347,5032882,112,0,0,2048,2047,1,Pass,Pass,7876534982476418273
1,20,32,Adrop,Adrop,4MiB,4194304,32768,f9dc4b51d64658b088837d5f2a7d485e8eba57daed852c20d443b77cc8137655,measured,10,452598,3914085,4366683,4856472,1,32768,32768,32767,1,Pass,Pass,7876534982476418273
1,20,33,Adrop,Adrop,512KiB,524288,4096,155dfc49f4c05f1087ef002a279acee734e738bc580f2b3925315f95a108242b,measured,10,29333,266060,295393,316228,1,4096,4096,4095,1,Pass,Pass,192086794746352270
1,20,34,A0,A0,8MiB,8388608,65536,e456d3adf67030c5a168df273f5171ca3e1299e54571d94cca82b117f3cf3aeb,measured,10,1436218,10981457,12417675,614,0,0,4096,4095,1,Pass,Pass,9713268438230653554
1,20,35,Adrop,Adrop,128KiB,131072,1024,22e51081397aebb06a1c4c3f85bd08a6e7041a438f4aae416970027e1ddbb24e,measured,10,7259,66128,73387,81626,1,1024,1024,1023,1,Pass,Pass,15067928572581534229
1,20,36,Adrop,Adrop,16MiB,16777216,131072,0c00f8138e0e622f6fc7215fc0f0d135e79bf60450e4c79d30e30624a8842117,measured,10,3027492,19949185,22976677,18484560,1,131072,131072,131071,1,Pass,Pass,7408339909486172793
1,20,37,A0,A0,1MiB,1048576,8192,337a179ec729c20c01309d98317f7ca00691d12ca10285b55ade71fb880e191c,measured,10,60711,653930,714641,199,0,0,131072,131071,1,Pass,Pass,16341657278089853397
1,20,38,Adefs,Adefs,128KiB,131072,1024,22e51081397aebb06a1c4c3f85bd08a6e7041a438f4aae416970027e1ddbb24e,measured,10,6387,78660,85047,61,0,0,131072,131071,1,Pass,Pass,15067928572581534229
1,20,39,Adefs,Adefs,8MiB,8388608,65536,e456d3adf67030c5a168df273f5171ca3e1299e54571d94cca82b117f3cf3aeb,measured,10,1407987,10199072,11607059,364,0,0,131072,131071,1,Pass,Pass,9713268438230653554
1,21,0,Adefs,Adefs,512KiB,524288,4096,155dfc49f4c05f1087ef002a279acee734e738bc580f2b3925315f95a108242b,measured,11,29348,299607,328955,99,0,0,131072,131071,1,Pass,Pass,192086794746352270
1,21,1,Adrop,Adrop,2MiB,2097152,16384,6587afedd7c0f949b131311e7425d033a0754a29587f85f26ec370a31fc4edf0,measured,11,116882,1218513,1335395,1816780,1,16384,16384,16383,1,Pass,Pass,7349817109290025153
1,21,2,A0-dup,A0,128KiB,131072,1024,22e51081397aebb06a1c4c3f85bd08a6e7041a438f4aae416970027e1ddbb24e,measured,11,7290,81809,89099,84,0,0,16384,16383,1,Pass,Pass,15067928572581534229
1,21,3,A0-dup,A0,512KiB,524288,4096,155dfc49f4c05f1087ef002a279acee734e738bc580f2b3925315f95a108242b,measured,11,29134,314173,343307,86,0,0,16384,16383,1,Pass,Pass,192086794746352270
1,21,4,Adefs,Adefs,4MiB,4194304,32768,f9dc4b51d64658b088837d5f2a7d485e8eba57daed852c20d443b77cc8137655,measured,11,421182,4242733,4663915,579,0,0,16384,16383,1,Pass,Pass,7876534982476418273
1,21,5,A0-dup,A0,8MiB,8388608,65536,e456d3adf67030c5a168df273f5171ca3e1299e54571d94cca82b117f3cf3aeb,measured,11,1400162,11372362,12772524,279,0,0,16384,16383,1,Pass,Pass,9713268438230653554
1,21,6,Adrop,Adrop,256KiB,262144,2048,6f0154469137295abd7b45b25bc83aace599559234fd5f331140bd800c48b670,measured,11,14121,130786,144907,154255,1,2048,2048,2047,1,Pass,Pass,1126272383489710074
1,21,7,Acapacity,Acapacity,1MiB,1048576,8192,337a179ec729c20c01309d98317f7ca00691d12ca10285b55ade71fb880e191c,measured,11,57972,642346,700318,97,0,0,2048,2047,1,Pass,Pass,16341657278089853397
1,21,8,Adrop,Adrop,1MiB,1048576,8192,337a179ec729c20c01309d98317f7ca00691d12ca10285b55ade71fb880e191c,measured,11,61937,513104,575041,640142,1,8192,8192,8191,1,Pass,Pass,16341657278089853397
1,21,9,A0,A0,128KiB,131072,1024,22e51081397aebb06a1c4c3f85bd08a6e7041a438f4aae416970027e1ddbb24e,measured,11,6752,80253,87005,68,0,0,8192,8191,1,Pass,Pass,15067928572581534229
1,21,10,Acapacity,Acapacity,256KiB,262144,2048,6f0154469137295abd7b45b25bc83aace599559234fd5f331140bd800c48b670,measured,11,13712,153140,166852,45,0,0,8192,8191,1,Pass,Pass,1126272383489710074
1,21,11,Adefs,Adefs,8MiB,8388608,65536,e456d3adf67030c5a168df273f5171ca3e1299e54571d94cca82b117f3cf3aeb,measured,11,1393397,10403072,11796469,365,0,0,8192,8191,1,Pass,Pass,9713268438230653554
1,21,12,Acapacity,Acapacity,128KiB,131072,1024,22e51081397aebb06a1c4c3f85bd08a6e7041a438f4aae416970027e1ddbb24e,measured,11,7007,80002,87009,81,0,0,8192,8191,1,Pass,Pass,15067928572581534229
1,21,13,A0-dup,A0,1MiB,1048576,8192,337a179ec729c20c01309d98317f7ca00691d12ca10285b55ade71fb880e191c,measured,11,57561,658276,715837,243,0,0,8192,8191,1,Pass,Pass,16341657278089853397
1,21,14,Adefs,Adefs,128KiB,131072,1024,22e51081397aebb06a1c4c3f85bd08a6e7041a438f4aae416970027e1ddbb24e,measured,11,6556,75791,82347,35,0,0,8192,8191,1,Pass,Pass,15067928572581534229
1,21,15,A0,A0,1MiB,1048576,8192,337a179ec729c20c01309d98317f7ca00691d12ca10285b55ade71fb880e191c,measured,11,58284,653563,711847,205,0,0,8192,8191,1,Pass,Pass,16341657278089853397
1,21,16,A0,A0,2MiB,2097152,16384,6587afedd7c0f949b131311e7425d033a0754a29587f85f26ec370a31fc4edf0,measured,11,114349,1498124,1612473,228,0,0,8192,8191,1,Pass,Pass,7349817109290025153
1,21,17,Acapacity,Acapacity,4MiB,4194304,32768,f9dc4b51d64658b088837d5f2a7d485e8eba57daed852c20d443b77cc8137655,measured,11,420171,4153422,4573593,346,0,0,8192,8191,1,Pass,Pass,7876534982476418273
1,21,18,A0,A0,512KiB,524288,4096,155dfc49f4c05f1087ef002a279acee734e738bc580f2b3925315f95a108242b,measured,11,29371,320711,350082,35,0,0,8192,8191,1,Pass,Pass,192086794746352270
1,21,19,Adefs,Adefs,2MiB,2097152,16384,6587afedd7c0f949b131311e7425d033a0754a29587f85f26ec370a31fc4edf0,measured,11,143099,1398828,1541927,94,0,0,8192,8191,1,Pass,Pass,7349817109290025153
1,21,20,Adrop,Adrop,16MiB,16777216,131072,0c00f8138e0e622f6fc7215fc0f0d135e79bf60450e4c79d30e30624a8842117,measured,11,3079803,23269166,26348969,17029011,1,131072,131072,131071,1,Pass,Pass,7408339909486172793
1,21,21,A0,A0,8MiB,8388608,65536,e456d3adf67030c5a168df273f5171ca3e1299e54571d94cca82b117f3cf3aeb,measured,11,1409827,11198706,12608533,330,0,0,131072,131071,1,Pass,Pass,9713268438230653554
1,21,22,Adefs,Adefs,1MiB,1048576,8192,337a179ec729c20c01309d98317f7ca00691d12ca10285b55ade71fb880e191c,measured,11,58142,604211,662353,102,0,0,131072,131071,1,Pass,Pass,16341657278089853397
1,21,23,A0,A0,4MiB,4194304,32768,f9dc4b51d64658b088837d5f2a7d485e8eba57daed852c20d443b77cc8137655,measured,11,446582,4328028,4774610,120,0,0,131072,131071,1,Pass,Pass,7876534982476418273
1,21,24,Acapacity,Acapacity,16MiB,16777216,131072,0c00f8138e0e622f6fc7215fc0f0d135e79bf60450e4c79d30e30624a8842117,measured,11,3190579,27222948,30413527,338,0,0,131072,131071,1,Pass,Pass,7408339909486172793
1,21,25,Adrop,Adrop,4MiB,4194304,32768,f9dc4b51d64658b088837d5f2a7d485e8eba57daed852c20d443b77cc8137655,measured,11,582785,3996577,4579362,4091555,1,32768,32768,32767,1,Pass,Pass,7876534982476418273
1,21,26,Adefs,Adefs,256KiB,262144,2048,6f0154469137295abd7b45b25bc83aace599559234fd5f331140bd800c48b670,measured,11,14127,149967,164094,144,0,0,32768,32767,1,Pass,Pass,1126272383489710074
1,21,27,Acapacity,Acapacity,8MiB,8388608,65536,e456d3adf67030c5a168df273f5171ca3e1299e54571d94cca82b117f3cf3aeb,measured,11,1486466,10832372,12318838,342,0,0,32768,32767,1,Pass,Pass,9713268438230653554
1,21,28,Adrop,Adrop,8MiB,8388608,65536,e456d3adf67030c5a168df273f5171ca3e1299e54571d94cca82b117f3cf3aeb,measured,11,1414483,9691634,11106117,8915650,1,65536,65536,65535,1,Pass,Pass,9713268438230653554
1,21,29,Adefs,Adefs,16MiB,16777216,131072,0c00f8138e0e622f6fc7215fc0f0d135e79bf60450e4c79d30e30624a8842117,measured,11,3019925,20860686,23880611,622,0,0,65536,65535,1,Pass,Pass,7408339909486172793
1,21,30,Adrop,Adrop,512KiB,524288,4096,155dfc49f4c05f1087ef002a279acee734e738bc580f2b3925315f95a108242b,measured,11,29443,255227,284670,321049,1,4096,4096,4095,1,Pass,Pass,192086794746352270
1,21,31,Adrop,Adrop,128KiB,131072,1024,22e51081397aebb06a1c4c3f85bd08a6e7041a438f4aae416970027e1ddbb24e,measured,11,6727,63958,70685,80242,1,1024,1024,1023,1,Pass,Pass,15067928572581534229
1,21,32,Acapacity,Acapacity,512KiB,524288,4096,155dfc49f4c05f1087ef002a279acee734e738bc580f2b3925315f95a108242b,measured,11,29009,316255,345264,67,0,0,1024,1023,1,Pass,Pass,192086794746352270
1,21,33,A0-dup,A0,256KiB,262144,2048,6f0154469137295abd7b45b25bc83aace599559234fd5f331140bd800c48b670,measured,11,13619,157009,170628,72,0,0,1024,1023,1,Pass,Pass,1126272383489710074
1,21,34,A0,A0,256KiB,262144,2048,6f0154469137295abd7b45b25bc83aace599559234fd5f331140bd800c48b670,measured,11,13556,156154,169710,44,0,0,1024,1023,1,Pass,Pass,1126272383489710074
1,21,35,Acapacity,Acapacity,2MiB,2097152,16384,6587afedd7c0f949b131311e7425d033a0754a29587f85f26ec370a31fc4edf0,measured,11,122546,1428662,1551208,111,0,0,1024,1023,1,Pass,Pass,7349817109290025153
1,21,36,A0-dup,A0,2MiB,2097152,16384,6587afedd7c0f949b131311e7425d033a0754a29587f85f26ec370a31fc4edf0,measured,11,148330,1492613,1640943,105,0,0,1024,1023,1,Pass,Pass,7349817109290025153
1,21,37,A0,A0,16MiB,16777216,131072,0c00f8138e0e622f6fc7215fc0f0d135e79bf60450e4c79d30e30624a8842117,measured,11,3103877,22225581,25329458,335,0,0,1024,1023,1,Pass,Pass,7408339909486172793
1,21,38,A0-dup,A0,16MiB,16777216,131072,0c00f8138e0e622f6fc7215fc0f0d135e79bf60450e4c79d30e30624a8842117,measured,11,3039976,22951538,25991514,123,0,0,1024,1023,1,Pass,Pass,7408339909486172793
1,21,39,A0-dup,A0,4MiB,4194304,32768,f9dc4b51d64658b088837d5f2a7d485e8eba57daed852c20d443b77cc8137655,measured,11,392620,4557946,4950566,133,0,0,1024,1023,1,Pass,Pass,7876534982476418273
1,22,0,A0-dup,A0,8MiB,8388608,65536,e456d3adf67030c5a168df273f5171ca3e1299e54571d94cca82b117f3cf3aeb,measured,12,1306467,11431804,12738271,427,0,0,1024,1023,1,Pass,Pass,9713268438230653554
1,22,1,Acapacity,Acapacity,16MiB,16777216,131072,0c00f8138e0e622f6fc7215fc0f0d135e79bf60450e4c79d30e30624a8842117,measured,12,3020987,22759685,25780672,471,0,0,1024,1023,1,Pass,Pass,7408339909486172793
1,22,2,Acapacity,Acapacity,512KiB,524288,4096,155dfc49f4c05f1087ef002a279acee734e738bc580f2b3925315f95a108242b,measured,12,29229,314680,343909,130,0,0,1024,1023,1,Pass,Pass,192086794746352270
1,22,3,Acapacity,Acapacity,2MiB,2097152,16384,6587afedd7c0f949b131311e7425d033a0754a29587f85f26ec370a31fc4edf0,measured,12,118409,1423276,1541685,413,0,0,1024,1023,1,Pass,Pass,7349817109290025153
1,22,4,A0,A0,8MiB,8388608,65536,e456d3adf67030c5a168df273f5171ca3e1299e54571d94cca82b117f3cf3aeb,measured,12,1399811,10876560,12276371,108,0,0,1024,1023,1,Pass,Pass,9713268438230653554
1,22,5,A0-dup,A0,16MiB,16777216,131072,0c00f8138e0e622f6fc7215fc0f0d135e79bf60450e4c79d30e30624a8842117,measured,12,3030580,23086056,26116636,391,0,0,1024,1023,1,Pass,Pass,7408339909486172793
1,22,6,A0,A0,512KiB,524288,4096,155dfc49f4c05f1087ef002a279acee734e738bc580f2b3925315f95a108242b,measured,12,29205,320085,349290,105,0,0,1024,1023,1,Pass,Pass,192086794746352270
1,22,7,A0-dup,A0,2MiB,2097152,16384,6587afedd7c0f949b131311e7425d033a0754a29587f85f26ec370a31fc4edf0,measured,12,118617,1458389,1577006,188,0,0,1024,1023,1,Pass,Pass,7349817109290025153
1,22,8,Acapacity,Acapacity,256KiB,262144,2048,6f0154469137295abd7b45b25bc83aace599559234fd5f331140bd800c48b670,measured,12,14036,156301,170337,169,0,0,1024,1023,1,Pass,Pass,1126272383489710074
1,22,9,Adrop,Adrop,16MiB,16777216,131072,0c00f8138e0e622f6fc7215fc0f0d135e79bf60450e4c79d30e30624a8842117,measured,12,2952675,19932700,22885375,19557402,1,131072,131072,131071,1,Pass,Pass,7408339909486172793
1,22,10,Acapacity,Acapacity,1MiB,1048576,8192,337a179ec729c20c01309d98317f7ca00691d12ca10285b55ade71fb880e191c,measured,12,57807,640867,698674,260,0,0,131072,131071,1,Pass,Pass,16341657278089853397
1,22,11,A0,A0,4MiB,4194304,32768,f9dc4b51d64658b088837d5f2a7d485e8eba57daed852c20d443b77cc8137655,measured,12,544591,4726018,5270609,123,0,0,131072,131071,1,Pass,Pass,7876534982476418273
1,22,12,Adefs,Adefs,512KiB,524288,4096,155dfc49f4c05f1087ef002a279acee734e738bc580f2b3925315f95a108242b,measured,12,29658,295217,324875,106,0,0,131072,131071,1,Pass,Pass,192086794746352270
1,22,13,Adrop,Adrop,8MiB,8388608,65536,e456d3adf67030c5a168df273f5171ca3e1299e54571d94cca82b117f3cf3aeb,measured,12,1438765,9547476,10986241,9970590,1,65536,65536,65535,1,Pass,Pass,9713268438230653554
1,22,14,Acapacity,Acapacity,4MiB,4194304,32768,f9dc4b51d64658b088837d5f2a7d485e8eba57daed852c20d443b77cc8137655,measured,12,526137,4884668,5410805,624,0,0,65536,65535,1,Pass,Pass,7876534982476418273
1,22,15,Adrop,Adrop,512KiB,524288,4096,155dfc49f4c05f1087ef002a279acee734e738bc580f2b3925315f95a108242b,measured,12,29326,254673,283999,321024,1,4096,4096,4095,1,Pass,Pass,192086794746352270
1,22,16,A0-dup,A0,4MiB,4194304,32768,f9dc4b51d64658b088837d5f2a7d485e8eba57daed852c20d443b77cc8137655,measured,12,513463,4596551,5110014,191,0,0,4096,4095,1,Pass,Pass,7876534982476418273
1,22,17,A0-dup,A0,128KiB,131072,1024,22e51081397aebb06a1c4c3f85bd08a6e7041a438f4aae416970027e1ddbb24e,measured,12,6882,81098,87980,89,0,0,4096,4095,1,Pass,Pass,15067928572581534229
1,22,18,A0,A0,256KiB,262144,2048,6f0154469137295abd7b45b25bc83aace599559234fd5f331140bd800c48b670,measured,12,13856,161047,174903,44,0,0,4096,4095,1,Pass,Pass,1126272383489710074
1,22,19,Adefs,Adefs,8MiB,8388608,65536,e456d3adf67030c5a168df273f5171ca3e1299e54571d94cca82b117f3cf3aeb,measured,12,1432030,10063948,11495978,334,0,0,4096,4095,1,Pass,Pass,9713268438230653554
1,22,20,Adrop,Adrop,256KiB,262144,2048,6f0154469137295abd7b45b25bc83aace599559234fd5f331140bd800c48b670,measured,12,14450,126354,140804,158566,1,2048,2048,2047,1,Pass,Pass,1126272383489710074
1,22,21,A0-dup,A0,256KiB,262144,2048,6f0154469137295abd7b45b25bc83aace599559234fd5f331140bd800c48b670,measured,12,13815,157536,171351,50,0,0,2048,2047,1,Pass,Pass,1126272383489710074
1,22,22,A0,A0,2MiB,2097152,16384,6587afedd7c0f949b131311e7425d033a0754a29587f85f26ec370a31fc4edf0,measured,12,121555,1506611,1628166,114,0,0,2048,2047,1,Pass,Pass,7349817109290025153
1,22,23,A0-dup,A0,512KiB,524288,4096,155dfc49f4c05f1087ef002a279acee734e738bc580f2b3925315f95a108242b,measured,12,29423,317468,346891,225,0,0,2048,2047,1,Pass,Pass,192086794746352270
1,22,24,Adefs,Adefs,2MiB,2097152,16384,6587afedd7c0f949b131311e7425d033a0754a29587f85f26ec370a31fc4edf0,measured,12,115352,1326828,1442180,101,0,0,2048,2047,1,Pass,Pass,7349817109290025153
1,22,25,Adefs,Adefs,256KiB,262144,2048,6f0154469137295abd7b45b25bc83aace599559234fd5f331140bd800c48b670,measured,12,14551,158406,172957,104,0,0,2048,2047,1,Pass,Pass,1126272383489710074
1,22,26,A0,A0,16MiB,16777216,131072,0c00f8138e0e622f6fc7215fc0f0d135e79bf60450e4c79d30e30624a8842117,measured,12,3075868,26695884,29771752,224,0,0,2048,2047,1,Pass,Pass,7408339909486172793
1,22,27,Adefs,Adefs,1MiB,1048576,8192,337a179ec729c20c01309d98317f7ca00691d12ca10285b55ade71fb880e191c,measured,12,58610,618117,676727,102,0,0,2048,2047,1,Pass,Pass,16341657278089853397
1,22,28,Adefs,Adefs,4MiB,4194304,32768,f9dc4b51d64658b088837d5f2a7d485e8eba57daed852c20d443b77cc8137655,measured,12,532884,4638758,5171642,415,0,0,2048,2047,1,Pass,Pass,7876534982476418273
1,22,29,Adrop,Adrop,1MiB,1048576,8192,337a179ec729c20c01309d98317f7ca00691d12ca10285b55ade71fb880e191c,measured,12,58520,512427,570947,660602,1,8192,8192,8191,1,Pass,Pass,16341657278089853397
1,22,30,Adrop,Adrop,2MiB,2097152,16384,6587afedd7c0f949b131311e7425d033a0754a29587f85f26ec370a31fc4edf0,measured,12,117547,1181967,1299514,1824388,1,16384,16384,16383,1,Pass,Pass,7349817109290025153
1,22,31,Adefs,Adefs,16MiB,16777216,131072,0c00f8138e0e622f6fc7215fc0f0d135e79bf60450e4c79d30e30624a8842117,measured,12,2954772,21169562,24124334,493,0,0,16384,16383,1,Pass,Pass,7408339909486172793
1,22,32,Adrop,Adrop,4MiB,4194304,32768,f9dc4b51d64658b088837d5f2a7d485e8eba57daed852c20d443b77cc8137655,measured,12,513037,3821318,4334355,4280980,1,32768,32768,32767,1,Pass,Pass,7876534982476418273
1,22,33,Acapacity,Acapacity,128KiB,131072,1024,22e51081397aebb06a1c4c3f85bd08a6e7041a438f4aae416970027e1ddbb24e,measured,12,7161,80456,87617,79,0,0,32768,32767,1,Pass,Pass,15067928572581534229
1,22,34,A0,A0,128KiB,131072,1024,22e51081397aebb06a1c4c3f85bd08a6e7041a438f4aae416970027e1ddbb24e,measured,12,6481,79164,85645,73,0,0,32768,32767,1,Pass,Pass,15067928572581534229
1,22,35,Adrop,Adrop,128KiB,131072,1024,22e51081397aebb06a1c4c3f85bd08a6e7041a438f4aae416970027e1ddbb24e,measured,12,6591,61972,68563,81019,1,1024,1024,1023,1,Pass,Pass,15067928572581534229
1,22,36,Adefs,Adefs,128KiB,131072,1024,22e51081397aebb06a1c4c3f85bd08a6e7041a438f4aae416970027e1ddbb24e,measured,12,6552,73471,80023,63,0,0,1024,1023,1,Pass,Pass,15067928572581534229
1,22,37,A0,A0,1MiB,1048576,8192,337a179ec729c20c01309d98317f7ca00691d12ca10285b55ade71fb880e191c,measured,12,57772,645620,703392,49,0,0,1024,1023,1,Pass,Pass,16341657278089853397
1,22,38,A0-dup,A0,1MiB,1048576,8192,337a179ec729c20c01309d98317f7ca00691d12ca10285b55ade71fb880e191c,measured,12,57536,656414,713950,83,0,0,1024,1023,1,Pass,Pass,16341657278089853397
1,22,39,Acapacity,Acapacity,8MiB,8388608,65536,e456d3adf67030c5a168df273f5171ca3e1299e54571d94cca82b117f3cf3aeb,measured,12,1431217,10889863,12321080,346,0,0,1024,1023,1,Pass,Pass,9713268438230653554
1,23,0,A0,A0,16MiB,16777216,131072,0c00f8138e0e622f6fc7215fc0f0d135e79bf60450e4c79d30e30624a8842117,measured,13,2978185,22799493,25777678,223,0,0,1024,1023,1,Pass,Pass,7408339909486172793
1,23,1,Adrop,Adrop,512KiB,524288,4096,155dfc49f4c05f1087ef002a279acee734e738bc580f2b3925315f95a108242b,measured,13,29443,257652,287095,321514,1,4096,4096,4095,1,Pass,Pass,192086794746352270
1,23,2,Adefs,Adefs,4MiB,4194304,32768,f9dc4b51d64658b088837d5f2a7d485e8eba57daed852c20d443b77cc8137655,measured,13,420877,3976711,4397588,213,0,0,4096,4095,1,Pass,Pass,7876534982476418273
1,23,3,A0,A0,4MiB,4194304,32768,f9dc4b51d64658b088837d5f2a7d485e8eba57daed852c20d443b77cc8137655,measured,13,661637,4887265,5548902,98,0,0,4096,4095,1,Pass,Pass,7876534982476418273
1,23,4,A0,A0,8MiB,8388608,65536,e456d3adf67030c5a168df273f5171ca3e1299e54571d94cca82b117f3cf3aeb,measured,13,1455895,11022322,12478217,399,0,0,4096,4095,1,Pass,Pass,9713268438230653554
1,23,5,A0-dup,A0,256KiB,262144,2048,6f0154469137295abd7b45b25bc83aace599559234fd5f331140bd800c48b670,measured,13,14220,162502,176722,193,0,0,4096,4095,1,Pass,Pass,1126272383489710074
1,23,6,Adrop,Adrop,4MiB,4194304,32768,f9dc4b51d64658b088837d5f2a7d485e8eba57daed852c20d443b77cc8137655,measured,13,453256,3881753,4335009,4020127,1,32768,32768,32767,1,Pass,Pass,7876534982476418273
1,23,7,A0-dup,A0,8MiB,8388608,65536,e456d3adf67030c5a168df273f5171ca3e1299e54571d94cca82b117f3cf3aeb,measured,13,1446875,11764214,13211089,226,0,0,32768,32767,1,Pass,Pass,9713268438230653554
1,23,8,Adrop,Adrop,8MiB,8388608,65536,e456d3adf67030c5a168df273f5171ca3e1299e54571d94cca82b117f3cf3aeb,measured,13,1435449,9956805,11392254,9968780,1,65536,65536,65535,1,Pass,Pass,9713268438230653554
1,23,9,Acapacity,Acapacity,8MiB,8388608,65536,e456d3adf67030c5a168df273f5171ca3e1299e54571d94cca82b117f3cf3aeb,measured,13,1409861,11204455,12614316,193,0,0,65536,65535,1,Pass,Pass,9713268438230653554
1,23,10,Acapacity,Acapacity,512KiB,524288,4096,155dfc49f4c05f1087ef002a279acee734e738bc580f2b3925315f95a108242b,measured,13,29772,316792,346564,111,0,0,65536,65535,1,Pass,Pass,192086794746352270
1,23,11,Adrop,Adrop,2MiB,2097152,16384,6587afedd7c0f949b131311e7425d033a0754a29587f85f26ec370a31fc4edf0,measured,13,146662,1229651,1376313,1984567,1,16384,16384,16383,1,Pass,Pass,7349817109290025153
1,23,12,Acapacity,Acapacity,2MiB,2097152,16384,6587afedd7c0f949b131311e7425d033a0754a29587f85f26ec370a31fc4edf0,measured,13,127767,1432725,1560492,309,0,0,16384,16383,1,Pass,Pass,7349817109290025153
1,23,13,Acapacity,Acapacity,256KiB,262144,2048,6f0154469137295abd7b45b25bc83aace599559234fd5f331140bd800c48b670,measured,13,13935,158127,172062,82,0,0,16384,16383,1,Pass,Pass,1126272383489710074
1,23,14,A0,A0,128KiB,131072,1024,22e51081397aebb06a1c4c3f85bd08a6e7041a438f4aae416970027e1ddbb24e,measured,13,6649,79320,85969,54,0,0,16384,16383,1,Pass,Pass,15067928572581534229
1,23,15,Adefs,Adefs,256KiB,262144,2048,6f0154469137295abd7b45b25bc83aace599559234fd5f331140bd800c48b670,measured,13,13734,152842,166576,47,0,0,16384,16383,1,Pass,Pass,1126272383489710074
1,23,16,Acapacity,Acapacity,4MiB,4194304,32768,f9dc4b51d64658b088837d5f2a7d485e8eba57daed852c20d443b77cc8137655,measured,13,499648,4381745,4881393,108,0,0,16384,16383,1,Pass,Pass,7876534982476418273
1,23,17,A0-dup,A0,4MiB,4194304,32768,f9dc4b51d64658b088837d5f2a7d485e8eba57daed852c20d443b77cc8137655,measured,13,547944,4558364,5106308,211,0,0,16384,16383,1,Pass,Pass,7876534982476418273
1,23,18,A0,A0,512KiB,524288,4096,155dfc49f4c05f1087ef002a279acee734e738bc580f2b3925315f95a108242b,measured,13,29148,324928,354076,50,0,0,16384,16383,1,Pass,Pass,192086794746352270
1,23,19,Adefs,Adefs,512KiB,524288,4096,155dfc49f4c05f1087ef002a279acee734e738bc580f2b3925315f95a108242b,measured,13,28902,298646,327548,51,0,0,16384,16383,1,Pass,Pass,192086794746352270
1,23,20,A0,A0,256KiB,262144,2048,6f0154469137295abd7b45b25bc83aace599559234fd5f331140bd800c48b670,measured,13,13946,156049,169995,42,0,0,16384,16383,1,Pass,Pass,1126272383489710074
1,23,21,Adefs,Adefs,2MiB,2097152,16384,6587afedd7c0f949b131311e7425d033a0754a29587f85f26ec370a31fc4edf0,measured,13,141716,1544127,1685843,153,0,0,16384,16383,1,Pass,Pass,7349817109290025153
1,23,22,Adrop,Adrop,1MiB,1048576,8192,337a179ec729c20c01309d98317f7ca00691d12ca10285b55ade71fb880e191c,measured,13,57646,520522,578168,647779,1,8192,8192,8191,1,Pass,Pass,16341657278089853397
1,23,23,A0-dup,A0,16MiB,16777216,131072,0c00f8138e0e622f6fc7215fc0f0d135e79bf60450e4c79d30e30624a8842117,measured,13,2963758,22309161,25272919,465,0,0,8192,8191,1,Pass,Pass,7408339909486172793
1,23,24,Adefs,Adefs,8MiB,8388608,65536,e456d3adf67030c5a168df273f5171ca3e1299e54571d94cca82b117f3cf3aeb,measured,13,1496937,10790014,12286951,342,0,0,8192,8191,1,Pass,Pass,9713268438230653554
1,23,25,A0,A0,2MiB,2097152,16384,6587afedd7c0f949b131311e7425d033a0754a29587f85f26ec370a31fc4edf0,measured,13,121518,1498358,1619876,121,0,0,8192,8191,1,Pass,Pass,7349817109290025153
1,23,26,Acapacity,Acapacity,128KiB,131072,1024,22e51081397aebb06a1c4c3f85bd08a6e7041a438f4aae416970027e1ddbb24e,measured,13,7162,79964,87126,35,0,0,8192,8191,1,Pass,Pass,15067928572581534229
1,23,27,Adrop,Adrop,256KiB,262144,2048,6f0154469137295abd7b45b25bc83aace599559234fd5f331140bd800c48b670,measured,13,13842,124267,138109,158564,1,2048,2048,2047,1,Pass,Pass,1126272383489710074
1,23,28,Adefs,Adefs,16MiB,16777216,131072,0c00f8138e0e622f6fc7215fc0f0d135e79bf60450e4c79d30e30624a8842117,measured,13,3099939,20375805,23475744,211,0,0,2048,2047,1,Pass,Pass,7408339909486172793
1,23,29,Acapacity,Acapacity,1MiB,1048576,8192,337a179ec729c20c01309d98317f7ca00691d12ca10285b55ade71fb880e191c,measured,13,58241,640197,698438,138,0,0,2048,2047,1,Pass,Pass,16341657278089853397
1,23,30,A0-dup,A0,512KiB,524288,4096,155dfc49f4c05f1087ef002a279acee734e738bc580f2b3925315f95a108242b,measured,13,29414,317294,346708,83,0,0,2048,2047,1,Pass,Pass,192086794746352270
1,23,31,A0-dup,A0,2MiB,2097152,16384,6587afedd7c0f949b131311e7425d033a0754a29587f85f26ec370a31fc4edf0,measured,13,115004,1457785,1572789,251,0,0,2048,2047,1,Pass,Pass,7349817109290025153
1,23,32,A0-dup,A0,128KiB,131072,1024,22e51081397aebb06a1c4c3f85bd08a6e7041a438f4aae416970027e1ddbb24e,measured,13,7035,83287,90322,142,0,0,2048,2047,1,Pass,Pass,15067928572581534229
1,23,33,A0-dup,A0,1MiB,1048576,8192,337a179ec729c20c01309d98317f7ca00691d12ca10285b55ade71fb880e191c,measured,13,57527,663048,720575,83,0,0,2048,2047,1,Pass,Pass,16341657278089853397
1,23,34,Adrop,Adrop,16MiB,16777216,131072,0c00f8138e0e622f6fc7215fc0f0d135e79bf60450e4c79d30e30624a8842117,measured,13,3027943,19214340,22242283,18169249,1,131072,131072,131071,1,Pass,Pass,7408339909486172793
1,23,35,Adefs,Adefs,128KiB,131072,1024,22e51081397aebb06a1c4c3f85bd08a6e7041a438f4aae416970027e1ddbb24e,measured,13,7090,77884,84974,185,0,0,131072,131071,1,Pass,Pass,15067928572581534229
1,23,36,Acapacity,Acapacity,16MiB,16777216,131072,0c00f8138e0e622f6fc7215fc0f0d135e79bf60450e4c79d30e30624a8842117,measured,13,3084333,27998675,31083008,342,0,0,131072,131071,1,Pass,Pass,7408339909486172793
1,23,37,A0,A0,1MiB,1048576,8192,337a179ec729c20c01309d98317f7ca00691d12ca10285b55ade71fb880e191c,measured,13,61044,688140,749184,126,0,0,131072,131071,1,Pass,Pass,16341657278089853397
1,23,38,Adrop,Adrop,128KiB,131072,1024,22e51081397aebb06a1c4c3f85bd08a6e7041a438f4aae416970027e1ddbb24e,measured,13,6550,63559,70109,80852,1,1024,1024,1023,1,Pass,Pass,15067928572581534229
1,23,39,Adefs,Adefs,1MiB,1048576,8192,337a179ec729c20c01309d98317f7ca00691d12ca10285b55ade71fb880e191c,measured,13,58140,607285,665425,83,0,0,1024,1023,1,Pass,Pass,16341657278089853397
1,24,0,A0,A0,128KiB,131072,1024,22e51081397aebb06a1c4c3f85bd08a6e7041a438f4aae416970027e1ddbb24e,measured,14,6711,80079,86790,29,0,0,1024,1023,1,Pass,Pass,15067928572581534229
1,24,1,Adefs,Adefs,16MiB,16777216,131072,0c00f8138e0e622f6fc7215fc0f0d135e79bf60450e4c79d30e30624a8842117,measured,14,3039549,19198087,22237636,359,0,0,1024,1023,1,Pass,Pass,7408339909486172793
1,24,2,Adefs,Adefs,4MiB,4194304,32768,f9dc4b51d64658b088837d5f2a7d485e8eba57daed852c20d443b77cc8137655,measured,14,583903,4540924,5124827,424,0,0,1024,1023,1,Pass,Pass,7876534982476418273
1,24,3,A0-dup,A0,2MiB,2097152,16384,6587afedd7c0f949b131311e7425d033a0754a29587f85f26ec370a31fc4edf0,measured,14,131080,1482850,1613930,115,0,0,1024,1023,1,Pass,Pass,7349817109290025153
1,24,4,Acapacity,Acapacity,512KiB,524288,4096,155dfc49f4c05f1087ef002a279acee734e738bc580f2b3925315f95a108242b,measured,14,29352,311170,340522,85,0,0,1024,1023,1,Pass,Pass,192086794746352270
1,24,5,A0-dup,A0,256KiB,262144,2048,6f0154469137295abd7b45b25bc83aace599559234fd5f331140bd800c48b670,measured,14,13874,158967,172841,28,0,0,1024,1023,1,Pass,Pass,1126272383489710074
1,24,6,Adrop,Adrop,256KiB,262144,2048,6f0154469137295abd7b45b25bc83aace599559234fd5f331140bd800c48b670,measured,14,13789,124065,137854,155653,1,2048,2048,2047,1,Pass,Pass,1126272383489710074
1,24,7,Acapacity,Acapacity,256KiB,262144,2048,6f0154469137295abd7b45b25bc83aace599559234fd5f331140bd800c48b670,measured,14,13720,155161,168881,76,0,0,2048,2047,1,Pass,Pass,1126272383489710074
1,24,8,A0,A0,256KiB,262144,2048,6f0154469137295abd7b45b25bc83aace599559234fd5f331140bd800c48b670,measured,14,13661,154339,168000,51,0,0,2048,2047,1,Pass,Pass,1126272383489710074
1,24,9,Acapacity,Acapacity,2MiB,2097152,16384,6587afedd7c0f949b131311e7425d033a0754a29587f85f26ec370a31fc4edf0,measured,14,128704,1440619,1569323,111,0,0,2048,2047,1,Pass,Pass,7349817109290025153
1,24,10,A0-dup,A0,4MiB,4194304,32768,f9dc4b51d64658b088837d5f2a7d485e8eba57daed852c20d443b77cc8137655,measured,14,496044,4362840,4858884,443,0,0,2048,2047,1,Pass,Pass,7876534982476418273
1,24,11,A0,A0,4MiB,4194304,32768,f9dc4b51d64658b088837d5f2a7d485e8eba57daed852c20d443b77cc8137655,measured,14,483846,4400957,4884803,175,0,0,2048,2047,1,Pass,Pass,7876534982476418273
1,24,12,A0,A0,2MiB,2097152,16384,6587afedd7c0f949b131311e7425d033a0754a29587f85f26ec370a31fc4edf0,measured,14,122627,1522274,1644901,278,0,0,2048,2047,1,Pass,Pass,7349817109290025153
1,24,13,Adefs,Adefs,128KiB,131072,1024,22e51081397aebb06a1c4c3f85bd08a6e7041a438f4aae416970027e1ddbb24e,measured,14,7132,77451,84583,114,0,0,2048,2047,1,Pass,Pass,15067928572581534229
1,24,14,A0-dup,A0,16MiB,16777216,131072,0c00f8138e0e622f6fc7215fc0f0d135e79bf60450e4c79d30e30624a8842117,measured,14,3091772,22438226,25529998,248,0,0,2048,2047,1,Pass,Pass,7408339909486172793
1,24,15,Adrop,Adrop,128KiB,131072,1024,22e51081397aebb06a1c4c3f85bd08a6e7041a438f4aae416970027e1ddbb24e,measured,14,7010,64734,71744,80885,1,1024,1024,1023,1,Pass,Pass,15067928572581534229
1,24,16,Adrop,Adrop,4MiB,4194304,32768,f9dc4b51d64658b088837d5f2a7d485e8eba57daed852c20d443b77cc8137655,measured,14,610389,4450933,5061322,4922236,1,32768,32768,32767,1,Pass,Pass,7876534982476418273
1,24,17,A0,A0,8MiB,8388608,65536,e456d3adf67030c5a168df273f5171ca3e1299e54571d94cca82b117f3cf3aeb,measured,14,1411843,11079762,12491605,430,0,0,32768,32767,1,Pass,Pass,9713268438230653554
1,24,18,Adrop,Adrop,16MiB,16777216,131072,0c00f8138e0e622f6fc7215fc0f0d135e79bf60450e4c79d30e30624a8842117,measured,14,3106813,20101962,23208775,21254104,1,131072,131072,131071,1,Pass,Pass,7408339909486172793
1,24,19,Adrop,Adrop,2MiB,2097152,16384,6587afedd7c0f949b131311e7425d033a0754a29587f85f26ec370a31fc4edf0,measured,14,127250,1204565,1331815,2025100,1,16384,16384,16383,1,Pass,Pass,7349817109290025153
1,24,20,A0-dup,A0,512KiB,524288,4096,155dfc49f4c05f1087ef002a279acee734e738bc580f2b3925315f95a108242b,measured,14,29548,334997,364545,128,0,0,16384,16383,1,Pass,Pass,192086794746352270
1,24,21,Acapacity,Acapacity,128KiB,131072,1024,22e51081397aebb06a1c4c3f85bd08a6e7041a438f4aae416970027e1ddbb24e,measured,14,6616,82211,88827,53,0,0,16384,16383,1,Pass,Pass,15067928572581534229
1,24,22,A0-dup,A0,1MiB,1048576,8192,337a179ec729c20c01309d98317f7ca00691d12ca10285b55ade71fb880e191c,measured,14,57160,665093,722253,53,0,0,16384,16383,1,Pass,Pass,16341657278089853397
1,24,23,Adrop,Adrop,8MiB,8388608,65536,e456d3adf67030c5a168df273f5171ca3e1299e54571d94cca82b117f3cf3aeb,measured,14,1421464,9267959,10689423,8414924,1,65536,65536,65535,1,Pass,Pass,9713268438230653554
1,24,24,A0,A0,1MiB,1048576,8192,337a179ec729c20c01309d98317f7ca00691d12ca10285b55ade71fb880e191c,measured,14,58056,660047,718103,179,0,0,65536,65535,1,Pass,Pass,16341657278089853397
1,24,25,Adefs,Adefs,8MiB,8388608,65536,e456d3adf67030c5a168df273f5171ca3e1299e54571d94cca82b117f3cf3aeb,measured,14,1436018,9973659,11409677,122,0,0,65536,65535,1,Pass,Pass,9713268438230653554
1,24,26,A0,A0,512KiB,524288,4096,155dfc49f4c05f1087ef002a279acee734e738bc580f2b3925315f95a108242b,measured,14,29389,321058,350447,107,0,0,65536,65535,1,Pass,Pass,192086794746352270
1,24,27,Adrop,Adrop,512KiB,524288,4096,155dfc49f4c05f1087ef002a279acee734e738bc580f2b3925315f95a108242b,measured,14,28799,246310,275109,321986,1,4096,4096,4095,1,Pass,Pass,192086794746352270
1,24,28,Adefs,Adefs,256KiB,262144,2048,6f0154469137295abd7b45b25bc83aace599559234fd5f331140bd800c48b670,measured,14,13819,146543,160362,51,0,0,4096,4095,1,Pass,Pass,1126272383489710074
1,24,29,Acapacity,Acapacity,8MiB,8388608,65536,e456d3adf67030c5a168df273f5171ca3e1299e54571d94cca82b117f3cf3aeb,measured,14,1589513,10773658,12363171,349,0,0,4096,4095,1,Pass,Pass,9713268438230653554
1,24,30,Adefs,Adefs,1MiB,1048576,8192,337a179ec729c20c01309d98317f7ca00691d12ca10285b55ade71fb880e191c,measured,14,57670,605936,663606,115,0,0,4096,4095,1,Pass,Pass,16341657278089853397
1,24,31,Acapacity,Acapacity,1MiB,1048576,8192,337a179ec729c20c01309d98317f7ca00691d12ca10285b55ade71fb880e191c,measured,14,57266,696324,753590,290,0,0,4096,4095,1,Pass,Pass,16341657278089853397
1,24,32,Adefs,Adefs,2MiB,2097152,16384,6587afedd7c0f949b131311e7425d033a0754a29587f85f26ec370a31fc4edf0,measured,14,114313,1386221,1500534,265,0,0,4096,4095,1,Pass,Pass,7349817109290025153
1,24,33,Adrop,Adrop,1MiB,1048576,8192,337a179ec729c20c01309d98317f7ca00691d12ca10285b55ade71fb880e191c,measured,14,60808,549352,610160,647514,1,8192,8192,8191,1,Pass,Pass,16341657278089853397
1,24,34,A0-dup,A0,8MiB,8388608,65536,e456d3adf67030c5a168df273f5171ca3e1299e54571d94cca82b117f3cf3aeb,measured,14,1425262,11148184,12573446,228,0,0,8192,8191,1,Pass,Pass,9713268438230653554
1,24,35,Adefs,Adefs,512KiB,524288,4096,155dfc49f4c05f1087ef002a279acee734e738bc580f2b3925315f95a108242b,measured,14,29212,303861,333073,170,0,0,8192,8191,1,Pass,Pass,192086794746352270
1,24,36,A0-dup,A0,128KiB,131072,1024,22e51081397aebb06a1c4c3f85bd08a6e7041a438f4aae416970027e1ddbb24e,measured,14,6600,79204,85804,61,0,0,8192,8191,1,Pass,Pass,15067928572581534229
1,24,37,A0,A0,16MiB,16777216,131072,0c00f8138e0e622f6fc7215fc0f0d135e79bf60450e4c79d30e30624a8842117,measured,14,2957321,27474075,30431396,281,0,0,8192,8191,1,Pass,Pass,7408339909486172793
1,24,38,Acapacity,Acapacity,16MiB,16777216,131072,0c00f8138e0e622f6fc7215fc0f0d135e79bf60450e4c79d30e30624a8842117,measured,14,3054081,23281627,26335708,422,0,0,8192,8191,1,Pass,Pass,7408339909486172793
1,24,39,Acapacity,Acapacity,4MiB,4194304,32768,f9dc4b51d64658b088837d5f2a7d485e8eba57daed852c20d443b77cc8137655,measured,14,592062,4620421,5212483,359,0,0,8192,8191,1,Pass,Pass,7876534982476418273
1,25,0,A0,A0,8MiB,8388608,65536,e456d3adf67030c5a168df273f5171ca3e1299e54571d94cca82b117f3cf3aeb,measured,15,1441205,11093592,12534797,184,0,0,8192,8191,1,Pass,Pass,9713268438230653554
1,25,1,Adrop,Adrop,4MiB,4194304,32768,f9dc4b51d64658b088837d5f2a7d485e8eba57daed852c20d443b77cc8137655,measured,15,376059,3544582,3920641,4457298,1,32768,32768,32767,1,Pass,Pass,7876534982476418273
1,25,2,A0,A0,256KiB,262144,2048,6f0154469137295abd7b45b25bc83aace599559234fd5f331140bd800c48b670,measured,15,13964,163749,177713,142,0,0,32768,32767,1,Pass,Pass,1126272383489710074
1,25,3,A0-dup,A0,16MiB,16777216,131072,0c00f8138e0e622f6fc7215fc0f0d135e79bf60450e4c79d30e30624a8842117,measured,15,3142185,21622781,24764966,285,0,0,32768,32767,1,Pass,Pass,7408339909486172793
1,25,4,Adefs,Adefs,8MiB,8388608,65536,e456d3adf67030c5a168df273f5171ca3e1299e54571d94cca82b117f3cf3aeb,measured,15,1443281,9554265,10997546,100,0,0,32768,32767,1,Pass,Pass,9713268438230653554
1,25,5,A0-dup,A0,256KiB,262144,2048,6f0154469137295abd7b45b25bc83aace599559234fd5f331140bd800c48b670,measured,15,14431,160926,175357,85,0,0,32768,32767,1,Pass,Pass,1126272383489710074
1,25,6,Adefs,Adefs,512KiB,524288,4096,155dfc49f4c05f1087ef002a279acee734e738bc580f2b3925315f95a108242b,measured,15,28881,296335,325216,45,0,0,32768,32767,1,Pass,Pass,192086794746352270
1,25,7,A0,A0,128KiB,131072,1024,22e51081397aebb06a1c4c3f85bd08a6e7041a438f4aae416970027e1ddbb24e,measured,15,6643,79005,85648,35,0,0,32768,32767,1,Pass,Pass,15067928572581534229
1,25,8,Adefs,Adefs,128KiB,131072,1024,22e51081397aebb06a1c4c3f85bd08a6e7041a438f4aae416970027e1ddbb24e,measured,15,9549,74525,84074,35,0,0,32768,32767,1,Pass,Pass,15067928572581534229
1,25,9,Adefs,Adefs,2MiB,2097152,16384,6587afedd7c0f949b131311e7425d033a0754a29587f85f26ec370a31fc4edf0,measured,15,136495,1454239,1590734,121,0,0,32768,32767,1,Pass,Pass,7349817109290025153
1,25,10,A0,A0,16MiB,16777216,131072,0c00f8138e0e622f6fc7215fc0f0d135e79bf60450e4c79d30e30624a8842117,measured,15,2963639,23375057,26338696,441,0,0,32768,32767,1,Pass,Pass,7408339909486172793
1,25,11,Adrop,Adrop,16MiB,16777216,131072,0c00f8138e0e622f6fc7215fc0f0d135e79bf60450e4c79d30e30624a8842117,measured,15,2994804,19505683,22500487,17937491,1,131072,131072,131071,1,Pass,Pass,7408339909486172793
1,25,12,Adefs,Adefs,1MiB,1048576,8192,337a179ec729c20c01309d98317f7ca00691d12ca10285b55ade71fb880e191c,measured,15,58092,614828,672920,113,0,0,131072,131071,1,Pass,Pass,16341657278089853397
1,25,13,A0-dup,A0,1MiB,1048576,8192,337a179ec729c20c01309d98317f7ca00691d12ca10285b55ade71fb880e191c,measured,15,57877,652438,710315,52,0,0,131072,131071,1,Pass,Pass,16341657278089853397
1,25,14,Adrop,Adrop,512KiB,524288,4096,155dfc49f4c05f1087ef002a279acee734e738bc580f2b3925315f95a108242b,measured,15,28575,260836,289411,330363,1,4096,4096,4095,1,Pass,Pass,192086794746352270
1,25,15,Acapacity,Acapacity,2MiB,2097152,16384,6587afedd7c0f949b131311e7425d033a0754a29587f85f26ec370a31fc4edf0,measured,15,124927,1435227,1560154,186,0,0,4096,4095,1,Pass,Pass,7349817109290025153
1,25,16,A0,A0,4MiB,4194304,32768,f9dc4b51d64658b088837d5f2a7d485e8eba57daed852c20d443b77cc8137655,measured,15,493564,4339150,4832714,252,0,0,4096,4095,1,Pass,Pass,7876534982476418273
1,25,17,Acapacity,Acapacity,256KiB,262144,2048,6f0154469137295abd7b45b25bc83aace599559234fd5f331140bd800c48b670,measured,15,14070,158401,172471,50,0,0,4096,4095,1,Pass,Pass,1126272383489710074
1,25,18,Acapacity,Acapacity,128KiB,131072,1024,22e51081397aebb06a1c4c3f85bd08a6e7041a438f4aae416970027e1ddbb24e,measured,15,6529,78131,84660,46,0,0,4096,4095,1,Pass,Pass,15067928572581534229
1,25,19,A0-dup,A0,512KiB,524288,4096,155dfc49f4c05f1087ef002a279acee734e738bc580f2b3925315f95a108242b,measured,15,28857,322451,351308,58,0,0,4096,4095,1,Pass,Pass,192086794746352270
1,25,20,Adefs,Adefs,16MiB,16777216,131072,0c00f8138e0e622f6fc7215fc0f0d135e79bf60450e4c79d30e30624a8842117,measured,15,3033508,23806073,26839581,375,0,0,4096,4095,1,Pass,Pass,7408339909486172793
1,25,21,Acapacity,Acapacity,4MiB,4194304,32768,f9dc4b51d64658b088837d5f2a7d485e8eba57daed852c20d443b77cc8137655,measured,15,599976,4916429,5516405,121,0,0,4096,4095,1,Pass,Pass,7876534982476418273
1,25,22,Acapacity,Acapacity,1MiB,1048576,8192,337a179ec729c20c01309d98317f7ca00691d12ca10285b55ade71fb880e191c,measured,15,58152,641393,699545,222,0,0,4096,4095,1,Pass,Pass,16341657278089853397
1,25,23,A0,A0,1MiB,1048576,8192,337a179ec729c20c01309d98317f7ca00691d12ca10285b55ade71fb880e191c,measured,15,58085,728273,786358,92,0,0,4096,4095,1,Pass,Pass,16341657278089853397
1,25,24,Adrop,Adrop,1MiB,1048576,8192,337a179ec729c20c01309d98317f7ca00691d12ca10285b55ade71fb880e191c,measured,15,57509,516029,573538,643064,1,8192,8192,8191,1,Pass,Pass,16341657278089853397
1,25,25,A0-dup,A0,4MiB,4194304,32768,f9dc4b51d64658b088837d5f2a7d485e8eba57daed852c20d443b77cc8137655,measured,15,470502,4177462,4647964,214,0,0,8192,8191,1,Pass,Pass,7876534982476418273
1,25,26,Adrop,Adrop,8MiB,8388608,65536,e456d3adf67030c5a168df273f5171ca3e1299e54571d94cca82b117f3cf3aeb,measured,15,1395853,9233111,10628964,8484519,1,65536,65536,65535,1,Pass,Pass,9713268438230653554
1,25,27,Adefs,Adefs,256KiB,262144,2048,6f0154469137295abd7b45b25bc83aace599559234fd5f331140bd800c48b670,measured,15,14087,150548,164635,195,0,0,65536,65535,1,Pass,Pass,1126272383489710074
1,25,28,A0-dup,A0,8MiB,8388608,65536,e456d3adf67030c5a168df273f5171ca3e1299e54571d94cca82b117f3cf3aeb,measured,15,1410201,11560682,12970883,210,0,0,65536,65535,1,Pass,Pass,9713268438230653554
1,25,29,A0-dup,A0,2MiB,2097152,16384,6587afedd7c0f949b131311e7425d033a0754a29587f85f26ec370a31fc4edf0,measured,15,118384,1460151,1578535,386,0,0,65536,65535,1,Pass,Pass,7349817109290025153
1,25,30,Adefs,Adefs,4MiB,4194304,32768,f9dc4b51d64658b088837d5f2a7d485e8eba57daed852c20d443b77cc8137655,measured,15,613009,4627091,5240100,195,0,0,65536,65535,1,Pass,Pass,7876534982476418273
1,25,31,A0,A0,2MiB,2097152,16384,6587afedd7c0f949b131311e7425d033a0754a29587f85f26ec370a31fc4edf0,measured,15,114483,1477949,1592432,104,0,0,65536,65535,1,Pass,Pass,7349817109290025153
1,25,32,Acapacity,Acapacity,16MiB,16777216,131072,0c00f8138e0e622f6fc7215fc0f0d135e79bf60450e4c79d30e30624a8842117,measured,15,3065322,23010503,26075825,342,0,0,65536,65535,1,Pass,Pass,7408339909486172793
1,25,33,Adrop,Adrop,256KiB,262144,2048,6f0154469137295abd7b45b25bc83aace599559234fd5f331140bd800c48b670,measured,15,14024,134957,148981,161947,1,2048,2048,2047,1,Pass,Pass,1126272383489710074
1,25,34,Adrop,Adrop,2MiB,2097152,16384,6587afedd7c0f949b131311e7425d033a0754a29587f85f26ec370a31fc4edf0,measured,15,122672,1196689,1319361,1881556,1,16384,16384,16383,1,Pass,Pass,7349817109290025153
1,25,35,A0-dup,A0,128KiB,131072,1024,22e51081397aebb06a1c4c3f85bd08a6e7041a438f4aae416970027e1ddbb24e,measured,15,6959,85196,92155,95,0,0,16384,16383,1,Pass,Pass,15067928572581534229
1,25,36,Adrop,Adrop,128KiB,131072,1024,22e51081397aebb06a1c4c3f85bd08a6e7041a438f4aae416970027e1ddbb24e,measured,15,6578,64490,71068,80788,1,1024,1024,1023,1,Pass,Pass,15067928572581534229
1,25,37,Acapacity,Acapacity,512KiB,524288,4096,155dfc49f4c05f1087ef002a279acee734e738bc580f2b3925315f95a108242b,measured,15,28976,311956,340932,85,0,0,1024,1023,1,Pass,Pass,192086794746352270
1,25,38,A0,A0,512KiB,524288,4096,155dfc49f4c05f1087ef002a279acee734e738bc580f2b3925315f95a108242b,measured,15,28514,312372,340886,59,0,0,1024,1023,1,Pass,Pass,192086794746352270
1,25,39,Acapacity,Acapacity,8MiB,8388608,65536,e456d3adf67030c5a168df273f5171ca3e1299e54571d94cca82b117f3cf3aeb,measured,15,1383849,10702836,12086685,325,0,0,1024,1023,1,Pass,Pass,9713268438230653554
1,26,0,Acapacity,Acapacity,4MiB,4194304,32768,f9dc4b51d64658b088837d5f2a7d485e8eba57daed852c20d443b77cc8137655,measured,16,607485,4826513,5433998,108,0,0,1024,1023,1,Pass,Pass,7876534982476418273
1,26,1,Adrop,Adrop,8MiB,8388608,65536,e456d3adf67030c5a168df273f5171ca3e1299e54571d94cca82b117f3cf3aeb,measured,16,1396085,9233925,10630010,8353594,1,65536,65536,65535,1,Pass,Pass,9713268438230653554
1,26,2,Adefs,Adefs,8MiB,8388608,65536,e456d3adf67030c5a168df273f5171ca3e1299e54571d94cca82b117f3cf3aeb,measured,16,1414766,10172413,11587179,362,0,0,65536,65535,1,Pass,Pass,9713268438230653554
1,26,3,A0,A0,4MiB,4194304,32768,f9dc4b51d64658b088837d5f2a7d485e8eba57daed852c20d443b77cc8137655,measured,16,385359,4175863,4561222,123,0,0,65536,65535,1,Pass,Pass,7876534982476418273
1,26,4,Adefs,Adefs,512KiB,524288,4096,155dfc49f4c05f1087ef002a279acee734e738bc580f2b3925315f95a108242b,measured,16,29249,300748,329997,102,0,0,65536,65535,1,Pass,Pass,192086794746352270
1,26,5,Acapacity,Acapacity,128KiB,131072,1024,22e51081397aebb06a1c4c3f85bd08a6e7041a438f4aae416970027e1ddbb24e,measured,16,6482,78062,84544,50,0,0,65536,65535,1,Pass,Pass,15067928572581534229
1,26,6,Adrop,Adrop,1MiB,1048576,8192,337a179ec729c20c01309d98317f7ca00691d12ca10285b55ade71fb880e191c,measured,16,57329,532851,590180,642985,1,8192,8192,8191,1,Pass,Pass,16341657278089853397
1,26,7,Adefs,Adefs,16MiB,16777216,131072,0c00f8138e0e622f6fc7215fc0f0d135e79bf60450e4c79d30e30624a8842117,measured,16,3045680,19261666,22307346,489,0,0,8192,8191,1,Pass,Pass,7408339909486172793
1,26,8,Adrop,Adrop,16MiB,16777216,131072,0c00f8138e0e622f6fc7215fc0f0d135e79bf60450e4c79d30e30624a8842117,measured,16,3066581,19501831,22568412,18847237,1,131072,131072,131071,1,Pass,Pass,7408339909486172793
1,26,9,A0,A0,128KiB,131072,1024,22e51081397aebb06a1c4c3f85bd08a6e7041a438f4aae416970027e1ddbb24e,measured,16,6746,82355,89101,386,0,0,131072,131071,1,Pass,Pass,15067928572581534229
1,26,10,A0,A0,2MiB,2097152,16384,6587afedd7c0f949b131311e7425d033a0754a29587f85f26ec370a31fc4edf0,measured,16,125047,1467859,1592906,124,0,0,131072,131071,1,Pass,Pass,7349817109290025153
1,26,11,A0-dup,A0,4MiB,4194304,32768,f9dc4b51d64658b088837d5f2a7d485e8eba57daed852c20d443b77cc8137655,measured,16,523400,4542724,5066124,253,0,0,131072,131071,1,Pass,Pass,7876534982476418273
1,26,12,Adrop,Adrop,2MiB,2097152,16384,6587afedd7c0f949b131311e7425d033a0754a29587f85f26ec370a31fc4edf0,measured,16,131266,1219034,1350300,1971567,1,16384,16384,16383,1,Pass,Pass,7349817109290025153
1,26,13,A0,A0,1MiB,1048576,8192,337a179ec729c20c01309d98317f7ca00691d12ca10285b55ade71fb880e191c,measured,16,57661,650191,707852,140,0,0,16384,16383,1,Pass,Pass,16341657278089853397
1,26,14,A0,A0,8MiB,8388608,65536,e456d3adf67030c5a168df273f5171ca3e1299e54571d94cca82b117f3cf3aeb,measured,16,1358236,11184783,12543019,343,0,0,16384,16383,1,Pass,Pass,9713268438230653554
1,26,15,Adrop,Adrop,4MiB,4194304,32768,f9dc4b51d64658b088837d5f2a7d485e8eba57daed852c20d443b77cc8137655,measured,16,505485,3822380,4327865,4522568,1,32768,32768,32767,1,Pass,Pass,7876534982476418273
1,26,16,Acapacity,Acapacity,1MiB,1048576,8192,337a179ec729c20c01309d98317f7ca00691d12ca10285b55ade71fb880e191c,measured,16,58393,641060,699453,193,0,0,32768,32767,1,Pass,Pass,16341657278089853397
1,26,17,Adefs,Adefs,256KiB,262144,2048,6f0154469137295abd7b45b25bc83aace599559234fd5f331140bd800c48b670,measured,16,13997,147273,161270,89,0,0,32768,32767,1,Pass,Pass,1126272383489710074
1,26,18,Adrop,Adrop,256KiB,262144,2048,6f0154469137295abd7b45b25bc83aace599559234fd5f331140bd800c48b670,measured,16,13542,122729,136271,161083,1,2048,2048,2047,1,Pass,Pass,1126272383489710074
1,26,19,Acapacity,Acapacity,16MiB,16777216,131072,0c00f8138e0e622f6fc7215fc0f0d135e79bf60450e4c79d30e30624a8842117,measured,16,2977726,27262279,30240005,361,0,0,2048,2047,1,Pass,Pass,7408339909486172793
1,26,20,A0,A0,256KiB,262144,2048,6f0154469137295abd7b45b25bc83aace599559234fd5f331140bd800c48b670,measured,16,14738,168803,183541,103,0,0,2048,2047,1,Pass,Pass,1126272383489710074
1,26,21,A0-dup,A0,256KiB,262144,2048,6f0154469137295abd7b45b25bc83aace599559234fd5f331140bd800c48b670,measured,16,13845,161161,175006,31,0,0,2048,2047,1,Pass,Pass,1126272383489710074
1,26,22,Adefs,Adefs,2MiB,2097152,16384,6587afedd7c0f949b131311e7425d033a0754a29587f85f26ec370a31fc4edf0,measured,16,128289,1393742,1522031,116,0,0,2048,2047,1,Pass,Pass,7349817109290025153
1,26,23,Acapacity,Acapacity,8MiB,8388608,65536,e456d3adf67030c5a168df273f5171ca3e1299e54571d94cca82b117f3cf3aeb,measured,16,1426550,11082689,12509239,251,0,0,2048,2047,1,Pass,Pass,9713268438230653554
1,26,24,Acapacity,Acapacity,512KiB,524288,4096,155dfc49f4c05f1087ef002a279acee734e738bc580f2b3925315f95a108242b,measured,16,29570,315017,344587,118,0,0,2048,2047,1,Pass,Pass,192086794746352270
1,26,25,A0-dup,A0,2MiB,2097152,16384,6587afedd7c0f949b131311e7425d033a0754a29587f85f26ec370a31fc4edf0,measured,16,119496,1409344,1528840,161,0,0,2048,2047,1,Pass,Pass,7349817109290025153
1,26,26,Acapacity,Acapacity,2MiB,2097152,16384,6587afedd7c0f949b131311e7425d033a0754a29587f85f26ec370a31fc4edf0,measured,16,146762,1475985,1622747,108,0,0,2048,2047,1,Pass,Pass,7349817109290025153
1,26,27,A0-dup,A0,16MiB,16777216,131072,0c00f8138e0e622f6fc7215fc0f0d135e79bf60450e4c79d30e30624a8842117,measured,16,2946782,23159707,26106489,926,0,0,2048,2047,1,Pass,Pass,7408339909486172793
1,26,28,A0,A0,16MiB,16777216,131072,0c00f8138e0e622f6fc7215fc0f0d135e79bf60450e4c79d30e30624a8842117,measured,16,3033738,22771803,25805541,426,0,0,2048,2047,1,Pass,Pass,7408339909486172793
1,26,29,A0,A0,512KiB,524288,4096,155dfc49f4c05f1087ef002a279acee734e738bc580f2b3925315f95a108242b,measured,16,33486,319797,353283,100,0,0,2048,2047,1,Pass,Pass,192086794746352270
1,26,30,A0-dup,A0,128KiB,131072,1024,22e51081397aebb06a1c4c3f85bd08a6e7041a438f4aae416970027e1ddbb24e,measured,16,6529,78538,85067,49,0,0,2048,2047,1,Pass,Pass,15067928572581534229
1,26,31,Adefs,Adefs,1MiB,1048576,8192,337a179ec729c20c01309d98317f7ca00691d12ca10285b55ade71fb880e191c,measured,16,57862,610976,668838,50,0,0,2048,2047,1,Pass,Pass,16341657278089853397
1,26,32,A0-dup,A0,512KiB,524288,4096,155dfc49f4c05f1087ef002a279acee734e738bc580f2b3925315f95a108242b,measured,16,28963,314277,343240,104,0,0,2048,2047,1,Pass,Pass,192086794746352270
1,26,33,A0-dup,A0,8MiB,8388608,65536,e456d3adf67030c5a168df273f5171ca3e1299e54571d94cca82b117f3cf3aeb,measured,16,1403053,10849341,12252394,108,0,0,2048,2047,1,Pass,Pass,9713268438230653554
1,26,34,Adrop,Adrop,128KiB,131072,1024,22e51081397aebb06a1c4c3f85bd08a6e7041a438f4aae416970027e1ddbb24e,measured,16,7010,65465,72475,82048,1,1024,1024,1023,1,Pass,Pass,15067928572581534229
1,26,35,Acapacity,Acapacity,256KiB,262144,2048,6f0154469137295abd7b45b25bc83aace599559234fd5f331140bd800c48b670,measured,16,13635,161457,175092,52,0,0,1024,1023,1,Pass,Pass,1126272383489710074
1,26,36,Adefs,Adefs,128KiB,131072,1024,22e51081397aebb06a1c4c3f85bd08a6e7041a438f4aae416970027e1ddbb24e,measured,16,6593,74285,80878,46,0,0,1024,1023,1,Pass,Pass,15067928572581534229
1,26,37,Adrop,Adrop,512KiB,524288,4096,155dfc49f4c05f1087ef002a279acee734e738bc580f2b3925315f95a108242b,measured,16,28935,252601,281536,319674,1,4096,4096,4095,1,Pass,Pass,192086794746352270
1,26,38,Adefs,Adefs,4MiB,4194304,32768,f9dc4b51d64658b088837d5f2a7d485e8eba57daed852c20d443b77cc8137655,measured,16,471604,3914369,4385973,188,0,0,4096,4095,1,Pass,Pass,7876534982476418273
1,26,39,A0-dup,A0,1MiB,1048576,8192,337a179ec729c20c01309d98317f7ca00691d12ca10285b55ade71fb880e191c,measured,16,58390,648693,707083,112,0,0,4096,4095,1,Pass,Pass,16341657278089853397
1,27,0,Adefs,Adefs,2MiB,2097152,16384,6587afedd7c0f949b131311e7425d033a0754a29587f85f26ec370a31fc4edf0,measured,17,124443,1395940,1520383,210,0,0,4096,4095,1,Pass,Pass,7349817109290025153
1,27,1,Adrop,Adrop,2MiB,2097152,16384,6587afedd7c0f949b131311e7425d033a0754a29587f85f26ec370a31fc4edf0,measured,17,125073,1230964,1356037,1929694,1,16384,16384,16383,1,Pass,Pass,7349817109290025153
1,27,2,Acapacity,Acapacity,1MiB,1048576,8192,337a179ec729c20c01309d98317f7ca00691d12ca10285b55ade71fb880e191c,measured,17,57727,646076,703803,80,0,0,16384,16383,1,Pass,Pass,16341657278089853397
1,27,3,A0-dup,A0,16MiB,16777216,131072,0c00f8138e0e622f6fc7215fc0f0d135e79bf60450e4c79d30e30624a8842117,measured,17,3146378,22429249,25575627,352,0,0,16384,16383,1,Pass,Pass,7408339909486172793
1,27,4,Acapacity,Acapacity,16MiB,16777216,131072,0c00f8138e0e622f6fc7215fc0f0d135e79bf60450e4c79d30e30624a8842117,measured,17,3275818,22664854,25940672,176,0,0,16384,16383,1,Pass,Pass,7408339909486172793
1,27,5,A0,A0,8MiB,8388608,65536,e456d3adf67030c5a168df273f5171ca3e1299e54571d94cca82b117f3cf3aeb,measured,17,1432936,11095754,12528690,331,0,0,16384,16383,1,Pass,Pass,9713268438230653554
1,27,6,Adefs,Adefs,128KiB,131072,1024,22e51081397aebb06a1c4c3f85bd08a6e7041a438f4aae416970027e1ddbb24e,measured,17,6844,78074,84918,125,0,0,16384,16383,1,Pass,Pass,15067928572581534229
1,27,7,Acapacity,Acapacity,8MiB,8388608,65536,e456d3adf67030c5a168df273f5171ca3e1299e54571d94cca82b117f3cf3aeb,measured,17,1441127,10896792,12337919,220,0,0,16384,16383,1,Pass,Pass,9713268438230653554
1,27,8,Acapacity,Acapacity,4MiB,4194304,32768,f9dc4b51d64658b088837d5f2a7d485e8eba57daed852c20d443b77cc8137655,measured,17,382406,4149855,4532261,237,0,0,16384,16383,1,Pass,Pass,7876534982476418273
1,27,9,Acapacity,Acapacity,256KiB,262144,2048,6f0154469137295abd7b45b25bc83aace599559234fd5f331140bd800c48b670,measured,17,14156,159083,173239,84,0,0,16384,16383,1,Pass,Pass,1126272383489710074
1,27,10,Adefs,Adefs,4MiB,4194304,32768,f9dc4b51d64658b088837d5f2a7d485e8eba57daed852c20d443b77cc8137655,measured,17,401171,4058875,4460046,363,0,0,16384,16383,1,Pass,Pass,7876534982476418273
1,27,11,A0,A0,4MiB,4194304,32768,f9dc4b51d64658b088837d5f2a7d485e8eba57daed852c20d443b77cc8137655,measured,17,482968,4475650,4958618,114,0,0,16384,16383,1,Pass,Pass,7876534982476418273
1,27,12,A0,A0,512KiB,524288,4096,155dfc49f4c05f1087ef002a279acee734e738bc580f2b3925315f95a108242b,measured,17,29509,324421,353930,80,0,0,16384,16383,1,Pass,Pass,192086794746352270
1,27,13,A0-dup,A0,256KiB,262144,2048,6f0154469137295abd7b45b25bc83aace599559234fd5f331140bd800c48b670,measured,17,13679,157014,170693,35,0,0,16384,16383,1,Pass,Pass,1126272383489710074
1,27,14,A0-dup,A0,4MiB,4194304,32768,f9dc4b51d64658b088837d5f2a7d485e8eba57daed852c20d443b77cc8137655,measured,17,469083,4619170,5088253,125,0,0,16384,16383,1,Pass,Pass,7876534982476418273
1,27,15,Adefs,Adefs,512KiB,524288,4096,155dfc49f4c05f1087ef002a279acee734e738bc580f2b3925315f95a108242b,measured,17,29037,299223,328260,106,0,0,16384,16383,1,Pass,Pass,192086794746352270
1,27,16,Adrop,Adrop,1MiB,1048576,8192,337a179ec729c20c01309d98317f7ca00691d12ca10285b55ade71fb880e191c,measured,17,57386,531231,588617,678364,1,8192,8192,8191,1,Pass,Pass,16341657278089853397
1,27,17,A0-dup,A0,1MiB,1048576,8192,337a179ec729c20c01309d98317f7ca00691d12ca10285b55ade71fb880e191c,measured,17,57939,662784,720723,80,0,0,8192,8191,1,Pass,Pass,16341657278089853397
1,27,18,A0,A0,256KiB,262144,2048,6f0154469137295abd7b45b25bc83aace599559234fd5f331140bd800c48b670,measured,17,14123,157272,171395,39,0,0,8192,8191,1,Pass,Pass,1126272383489710074
1,27,19,A0-dup,A0,128KiB,131072,1024,22e51081397aebb06a1c4c3f85bd08a6e7041a438f4aae416970027e1ddbb24e,measured,17,6510,79130,85640,47,0,0,8192,8191,1,Pass,Pass,15067928572581534229
1,27,20,Acapacity,Acapacity,128KiB,131072,1024,22e51081397aebb06a1c4c3f85bd08a6e7041a438f4aae416970027e1ddbb24e,measured,17,6612,78563,85175,30,0,0,8192,8191,1,Pass,Pass,15067928572581534229
1,27,21,Adrop,Adrop,8MiB,8388608,65536,e456d3adf67030c5a168df273f5171ca3e1299e54571d94cca82b117f3cf3aeb,measured,17,1459367,9172702,10632069,9157708,1,65536,65536,65535,1,Pass,Pass,9713268438230653554
1,27,22,Adrop,Adrop,4MiB,4194304,32768,f9dc4b51d64658b088837d5f2a7d485e8eba57daed852c20d443b77cc8137655,measured,17,476154,3795868,4272022,4261962,1,32768,32768,32767,1,Pass,Pass,7876534982476418273
1,27,23,A0,A0,1MiB,1048576,8192,337a179ec729c20c01309d98317f7ca00691d12ca10285b55ade71fb880e191c,measured,17,57361,684586,741947,139,0,0,32768,32767,1,Pass,Pass,16341657278089853397
1,27,24,Adrop,Adrop,256KiB,262144,2048,6f0154469137295abd7b45b25bc83aace599559234fd5f331140bd800c48b670,measured,17,14087,125477,139564,163942,1,2048,2048,2047,1,Pass,Pass,1126272383489710074
1,27,25,Adefs,Adefs,256KiB,262144,2048,6f0154469137295abd7b45b25bc83aace599559234fd5f331140bd800c48b670,measured,17,13642,145653,159295,78,0,0,2048,2047,1,Pass,Pass,1126272383489710074
1,27,26,Adefs,Adefs,8MiB,8388608,65536,e456d3adf67030c5a168df273f5171ca3e1299e54571d94cca82b117f3cf3aeb,measured,17,1450795,9865137,11315932,275,0,0,2048,2047,1,Pass,Pass,9713268438230653554
1,27,27,Adrop,Adrop,128KiB,131072,1024,22e51081397aebb06a1c4c3f85bd08a6e7041a438f4aae416970027e1ddbb24e,measured,17,7217,63148,70365,80910,1,1024,1024,1023,1,Pass,Pass,15067928572581534229
1,27,28,A0-dup,A0,2MiB,2097152,16384,6587afedd7c0f949b131311e7425d033a0754a29587f85f26ec370a31fc4edf0,measured,17,126335,1465650,1591985,101,0,0,1024,1023,1,Pass,Pass,7349817109290025153
1,27,29,Adrop,Adrop,16MiB,16777216,131072,0c00f8138e0e622f6fc7215fc0f0d135e79bf60450e4c79d30e30624a8842117,measured,17,3020024,19278643,22298667,17621672,1,131072,131072,131071,1,Pass,Pass,7408339909486172793
1,27,30,Acapacity,Acapacity,512KiB,524288,4096,155dfc49f4c05f1087ef002a279acee734e738bc580f2b3925315f95a108242b,measured,17,29586,319655,349241,187,0,0,131072,131071,1,Pass,Pass,192086794746352270
1,27,31,A0-dup,A0,8MiB,8388608,65536,e456d3adf67030c5a168df273f5171ca3e1299e54571d94cca82b117f3cf3aeb,measured,17,1458807,10580827,12039634,124,0,0,131072,131071,1,Pass,Pass,9713268438230653554
1,27,32,A0,A0,2MiB,2097152,16384,6587afedd7c0f949b131311e7425d033a0754a29587f85f26ec370a31fc4edf0,measured,17,122624,1507281,1629905,252,0,0,131072,131071,1,Pass,Pass,7349817109290025153
1,27,33,A0,A0,128KiB,131072,1024,22e51081397aebb06a1c4c3f85bd08a6e7041a438f4aae416970027e1ddbb24e,measured,17,7001,80761,87762,108,0,0,131072,131071,1,Pass,Pass,15067928572581534229
1,27,34,A0,A0,16MiB,16777216,131072,0c00f8138e0e622f6fc7215fc0f0d135e79bf60450e4c79d30e30624a8842117,measured,17,3082853,27872301,30955154,297,0,0,131072,131071,1,Pass,Pass,7408339909486172793
1,27,35,A0-dup,A0,512KiB,524288,4096,155dfc49f4c05f1087ef002a279acee734e738bc580f2b3925315f95a108242b,measured,17,29065,320051,349116,258,0,0,131072,131071,1,Pass,Pass,192086794746352270
1,27,36,Adefs,Adefs,1MiB,1048576,8192,337a179ec729c20c01309d98317f7ca00691d12ca10285b55ade71fb880e191c,measured,17,56988,612007,668995,100,0,0,131072,131071,1,Pass,Pass,16341657278089853397
1,27,37,Adrop,Adrop,512KiB,524288,4096,155dfc49f4c05f1087ef002a279acee734e738bc580f2b3925315f95a108242b,measured,17,29032,249308,278340,317965,1,4096,4096,4095,1,Pass,Pass,192086794746352270
1,27,38,Adefs,Adefs,16MiB,16777216,131072,0c00f8138e0e622f6fc7215fc0f0d135e79bf60450e4c79d30e30624a8842117,measured,17,3074646,19113830,22188476,433,0,0,4096,4095,1,Pass,Pass,7408339909486172793
1,27,39,Acapacity,Acapacity,2MiB,2097152,16384,6587afedd7c0f949b131311e7425d033a0754a29587f85f26ec370a31fc4edf0,measured,17,119748,1455472,1575220,104,0,0,4096,4095,1,Pass,Pass,7349817109290025153
1,28,0,Acapacity,Acapacity,2MiB,2097152,16384,6587afedd7c0f949b131311e7425d033a0754a29587f85f26ec370a31fc4edf0,measured,18,121331,1460867,1582198,152,0,0,4096,4095,1,Pass,Pass,7349817109290025153
1,28,1,Acapacity,Acapacity,512KiB,524288,4096,155dfc49f4c05f1087ef002a279acee734e738bc580f2b3925315f95a108242b,measured,18,29065,313762,342827,88,0,0,4096,4095,1,Pass,Pass,192086794746352270
1,28,2,A0,A0,2MiB,2097152,16384,6587afedd7c0f949b131311e7425d033a0754a29587f85f26ec370a31fc4edf0,measured,18,117781,1490561,1608342,192,0,0,4096,4095,1,Pass,Pass,7349817109290025153
1,28,3,Acapacity,Acapacity,16MiB,16777216,131072,0c00f8138e0e622f6fc7215fc0f0d135e79bf60450e4c79d30e30624a8842117,measured,18,3072468,21009270,24081738,578,0,0,4096,4095,1,Pass,Pass,7408339909486172793
1,28,4,Acapacity,Acapacity,4MiB,4194304,32768,f9dc4b51d64658b088837d5f2a7d485e8eba57daed852c20d443b77cc8137655,measured,18,365917,4177503,4543420,100,0,0,4096,4095,1,Pass,Pass,7876534982476418273
1,28,5,Acapacity,Acapacity,1MiB,1048576,8192,337a179ec729c20c01309d98317f7ca00691d12ca10285b55ade71fb880e191c,measured,18,58047,646237,704284,119,0,0,4096,4095,1,Pass,Pass,16341657278089853397
1,28,6,A0-dup,A0,16MiB,16777216,131072,0c00f8138e0e622f6fc7215fc0f0d135e79bf60450e4c79d30e30624a8842117,measured,18,3013791,22186110,25199901,164,0,0,4096,4095,1,Pass,Pass,7408339909486172793
1,28,7,A0,A0,128KiB,131072,1024,22e51081397aebb06a1c4c3f85bd08a6e7041a438f4aae416970027e1ddbb24e,measured,18,6905,83452,90357,164,0,0,4096,4095,1,Pass,Pass,15067928572581534229
1,28,8,Adrop,Adrop,4MiB,4194304,32768,f9dc4b51d64658b088837d5f2a7d485e8eba57daed852c20d443b77cc8137655,measured,18,549076,4165329,4714405,4974113,1,32768,32768,32767,1,Pass,Pass,7876534982476418273
1,28,9,A0-dup,A0,512KiB,524288,4096,155dfc49f4c05f1087ef002a279acee734e738bc580f2b3925315f95a108242b,measured,18,29609,330523,360132,252,0,0,32768,32767,1,Pass,Pass,192086794746352270
1,28,10,A0,A0,8MiB,8388608,65536,e456d3adf67030c5a168df273f5171ca3e1299e54571d94cca82b117f3cf3aeb,measured,18,1392352,10783080,12175432,114,0,0,32768,32767,1,Pass,Pass,9713268438230653554
1,28,11,Adrop,Adrop,8MiB,8388608,65536,e456d3adf67030c5a168df273f5171ca3e1299e54571d94cca82b117f3cf3aeb,measured,18,1417181,9275824,10693005,8434111,1,65536,65536,65535,1,Pass,Pass,9713268438230653554
1,28,12,A0,A0,16MiB,16777216,131072,0c00f8138e0e622f6fc7215fc0f0d135e79bf60450e4c79d30e30624a8842117,measured,18,3084006,22343437,25427443,118,0,0,65536,65535,1,Pass,Pass,7408339909486172793
1,28,13,A0-dup,A0,8MiB,8388608,65536,e456d3adf67030c5a168df273f5171ca3e1299e54571d94cca82b117f3cf3aeb,measured,18,1361526,10863317,12224843,109,0,0,65536,65535,1,Pass,Pass,9713268438230653554
1,28,14,Acapacity,Acapacity,8MiB,8388608,65536,e456d3adf67030c5a168df273f5171ca3e1299e54571d94cca82b117f3cf3aeb,measured,18,1409975,10784503,12194478,430,0,0,65536,65535,1,Pass,Pass,9713268438230653554
1,28,15,A0,A0,256KiB,262144,2048,6f0154469137295abd7b45b25bc83aace599559234fd5f331140bd800c48b670,measured,18,14084,172485,186569,124,0,0,65536,65535,1,Pass,Pass,1126272383489710074
1,28,16,Adefs,Adefs,16MiB,16777216,131072,0c00f8138e0e622f6fc7215fc0f0d135e79bf60450e4c79d30e30624a8842117,measured,18,2949282,21209925,24159207,127,0,0,65536,65535,1,Pass,Pass,7408339909486172793
1,28,17,A0,A0,4MiB,4194304,32768,f9dc4b51d64658b088837d5f2a7d485e8eba57daed852c20d443b77cc8137655,measured,18,453192,4445362,4898554,96,0,0,65536,65535,1,Pass,Pass,7876534982476418273
1,28,18,A0-dup,A0,128KiB,131072,1024,22e51081397aebb06a1c4c3f85bd08a6e7041a438f4aae416970027e1ddbb24e,measured,18,7021,80877,87898,246,0,0,65536,65535,1,Pass,Pass,15067928572581534229
1,28,19,Adefs,Adefs,1MiB,1048576,8192,337a179ec729c20c01309d98317f7ca00691d12ca10285b55ade71fb880e191c,measured,18,57940,625027,682967,99,0,0,65536,65535,1,Pass,Pass,16341657278089853397
1,28,20,Adefs,Adefs,4MiB,4194304,32768,f9dc4b51d64658b088837d5f2a7d485e8eba57daed852c20d443b77cc8137655,measured,18,523631,4160531,4684162,172,0,0,65536,65535,1,Pass,Pass,7876534982476418273
1,28,21,A0-dup,A0,2MiB,2097152,16384,6587afedd7c0f949b131311e7425d033a0754a29587f85f26ec370a31fc4edf0,measured,18,153872,1539651,1693523,614,0,0,65536,65535,1,Pass,Pass,7349817109290025153
1,28,22,A0-dup,A0,1MiB,1048576,8192,337a179ec729c20c01309d98317f7ca00691d12ca10285b55ade71fb880e191c,measured,18,57830,654443,712273,347,0,0,65536,65535,1,Pass,Pass,16341657278089853397
1,28,23,Adefs,Adefs,128KiB,131072,1024,22e51081397aebb06a1c4c3f85bd08a6e7041a438f4aae416970027e1ddbb24e,measured,18,6729,75882,82611,42,0,0,65536,65535,1,Pass,Pass,15067928572581534229
1,28,24,Acapacity,Acapacity,256KiB,262144,2048,6f0154469137295abd7b45b25bc83aace599559234fd5f331140bd800c48b670,measured,18,13726,154241,167967,27,0,0,65536,65535,1,Pass,Pass,1126272383489710074
1,28,25,Adrop,Adrop,256KiB,262144,2048,6f0154469137295abd7b45b25bc83aace599559234fd5f331140bd800c48b670,measured,18,13864,125633,139497,155376,1,2048,2048,2047,1,Pass,Pass,1126272383489710074
1,28,26,Adefs,Adefs,2MiB,2097152,16384,6587afedd7c0f949b131311e7425d033a0754a29587f85f26ec370a31fc4edf0,measured,18,117950,1426377,1544327,158,0,0,2048,2047,1,Pass,Pass,7349817109290025153
1,28,27,Adefs,Adefs,512KiB,524288,4096,155dfc49f4c05f1087ef002a279acee734e738bc580f2b3925315f95a108242b,measured,18,29778,310789,340567,97,0,0,2048,2047,1,Pass,Pass,192086794746352270
1,28,28,A0,A0,512KiB,524288,4096,155dfc49f4c05f1087ef002a279acee734e738bc580f2b3925315f95a108242b,measured,18,28961,329757,358718,58,0,0,2048,2047,1,Pass,Pass,192086794746352270
1,28,29,Adrop,Adrop,2MiB,2097152,16384,6587afedd7c0f949b131311e7425d033a0754a29587f85f26ec370a31fc4edf0,measured,18,146890,1296943,1443833,2078727,1,16384,16384,16383,1,Pass,Pass,7349817109290025153
1,28,30,A0-dup,A0,4MiB,4194304,32768,f9dc4b51d64658b088837d5f2a7d485e8eba57daed852c20d443b77cc8137655,measured,18,417696,3989663,4407359,276,0,0,16384,16383,1,Pass,Pass,7876534982476418273
1,28,31,Adrop,Adrop,512KiB,524288,4096,155dfc49f4c05f1087ef002a279acee734e738bc580f2b3925315f95a108242b,measured,18,29388,256877,286265,310042,1,4096,4096,4095,1,Pass,Pass,192086794746352270
1,28,32,Adrop,Adrop,128KiB,131072,1024,22e51081397aebb06a1c4c3f85bd08a6e7041a438f4aae416970027e1ddbb24e,measured,18,6547,62356,68903,79204,1,1024,1024,1023,1,Pass,Pass,15067928572581534229
1,28,33,A0-dup,A0,256KiB,262144,2048,6f0154469137295abd7b45b25bc83aace599559234fd5f331140bd800c48b670,measured,18,13622,162190,175812,48,0,0,1024,1023,1,Pass,Pass,1126272383489710074
1,28,34,A0,A0,1MiB,1048576,8192,337a179ec729c20c01309d98317f7ca00691d12ca10285b55ade71fb880e191c,measured,18,57392,669175,726567,48,0,0,1024,1023,1,Pass,Pass,16341657278089853397
1,28,35,Acapacity,Acapacity,128KiB,131072,1024,22e51081397aebb06a1c4c3f85bd08a6e7041a438f4aae416970027e1ddbb24e,measured,18,6558,79066,85624,41,0,0,1024,1023,1,Pass,Pass,15067928572581534229
1,28,36,Adefs,Adefs,8MiB,8388608,65536,e456d3adf67030c5a168df273f5171ca3e1299e54571d94cca82b117f3cf3aeb,measured,18,1416382,10209635,11626017,470,0,0,1024,1023,1,Pass,Pass,9713268438230653554
1,28,37,Adefs,Adefs,256KiB,262144,2048,6f0154469137295abd7b45b25bc83aace599559234fd5f331140bd800c48b670,measured,18,14109,151897,166006,216,0,0,1024,1023,1,Pass,Pass,1126272383489710074
1,28,38,Adrop,Adrop,1MiB,1048576,8192,337a179ec729c20c01309d98317f7ca00691d12ca10285b55ade71fb880e191c,measured,18,57697,519931,577628,677201,1,8192,8192,8191,1,Pass,Pass,16341657278089853397
1,28,39,Adrop,Adrop,16MiB,16777216,131072,0c00f8138e0e622f6fc7215fc0f0d135e79bf60450e4c79d30e30624a8842117,measured,18,3015214,18995073,22010287,16436067,1,131072,131072,131071,1,Pass,Pass,7408339909486172793
1,29,0,Adefs,Adefs,512KiB,524288,4096,155dfc49f4c05f1087ef002a279acee734e738bc580f2b3925315f95a108242b,measured,19,29643,314865,344508,325,0,0,131072,131071,1,Pass,Pass,192086794746352270
1,29,1,A0-dup,A0,256KiB,262144,2048,6f0154469137295abd7b45b25bc83aace599559234fd5f331140bd800c48b670,measured,19,13777,158007,171784,34,0,0,131072,131071,1,Pass,Pass,1126272383489710074
1,29,2,Adefs,Adefs,4MiB,4194304,32768,f9dc4b51d64658b088837d5f2a7d485e8eba57daed852c20d443b77cc8137655,measured,19,453135,4225650,4678785,355,0,0,131072,131071,1,Pass,Pass,7876534982476418273
1,29,3,Adrop,Adrop,256KiB,262144,2048,6f0154469137295abd7b45b25bc83aace599559234fd5f331140bd800c48b670,measured,19,14370,137849,152219,157854,1,2048,2048,2047,1,Pass,Pass,1126272383489710074
1,29,4,Acapacity,Acapacity,1MiB,1048576,8192,337a179ec729c20c01309d98317f7ca00691d12ca10285b55ade71fb880e191c,measured,19,57354,637972,695326,337,0,0,2048,2047,1,Pass,Pass,16341657278089853397
1,29,5,A0-dup,A0,1MiB,1048576,8192,337a179ec729c20c01309d98317f7ca00691d12ca10285b55ade71fb880e191c,measured,19,61541,661022,722563,94,0,0,2048,2047,1,Pass,Pass,16341657278089853397
1,29,6,Adefs,Adefs,2MiB,2097152,16384,6587afedd7c0f949b131311e7425d033a0754a29587f85f26ec370a31fc4edf0,measured,19,136024,1451300,1587324,129,0,0,2048,2047,1,Pass,Pass,7349817109290025153
1,29,7,A0-dup,A0,512KiB,524288,4096,155dfc49f4c05f1087ef002a279acee734e738bc580f2b3925315f95a108242b,measured,19,33501,331378,364879,134,0,0,2048,2047,1,Pass,Pass,192086794746352270
1,29,8,Acapacity,Acapacity,2MiB,2097152,16384,6587afedd7c0f949b131311e7425d033a0754a29587f85f26ec370a31fc4edf0,measured,19,121554,1488115,1609669,263,0,0,2048,2047,1,Pass,Pass,7349817109290025153
1,29,9,Acapacity,Acapacity,4MiB,4194304,32768,f9dc4b51d64658b088837d5f2a7d485e8eba57daed852c20d443b77cc8137655,measured,19,507954,4605737,5113691,121,0,0,2048,2047,1,Pass,Pass,7876534982476418273
1,29,10,Adefs,Adefs,8MiB,8388608,65536,e456d3adf67030c5a168df273f5171ca3e1299e54571d94cca82b117f3cf3aeb,measured,19,1423685,10732177,12155862,344,0,0,2048,2047,1,Pass,Pass,9713268438230653554
1,29,11,A0-dup,A0,128KiB,131072,1024,22e51081397aebb06a1c4c3f85bd08a6e7041a438f4aae416970027e1ddbb24e,measured,19,7134,81539,88673,196,0,0,2048,2047,1,Pass,Pass,15067928572581534229
1,29,12,Adrop,Adrop,1MiB,1048576,8192,337a179ec729c20c01309d98317f7ca00691d12ca10285b55ade71fb880e191c,measured,19,57693,528106,585799,651084,1,8192,8192,8191,1,Pass,Pass,16341657278089853397
1,29,13,Adrop,Adrop,16MiB,16777216,131072,0c00f8138e0e622f6fc7215fc0f0d135e79bf60450e4c79d30e30624a8842117,measured,19,3072122,24197391,27269513,17739986,1,131072,131072,131071,1,Pass,Pass,7408339909486172793
1,29,14,A0,A0,128KiB,131072,1024,22e51081397aebb06a1c4c3f85bd08a6e7041a438f4aae416970027e1ddbb24e,measured,19,7164,82469,89633,302,0,0,131072,131071,1,Pass,Pass,15067928572581534229
1,29,15,Adefs,Adefs,128KiB,131072,1024,22e51081397aebb06a1c4c3f85bd08a6e7041a438f4aae416970027e1ddbb24e,measured,19,6625,74685,81310,48,0,0,131072,131071,1,Pass,Pass,15067928572581534229
1,29,16,A0,A0,1MiB,1048576,8192,337a179ec729c20c01309d98317f7ca00691d12ca10285b55ade71fb880e191c,measured,19,57147,692424,749571,97,0,0,131072,131071,1,Pass,Pass,16341657278089853397
1,29,17,A0,A0,4MiB,4194304,32768,f9dc4b51d64658b088837d5f2a7d485e8eba57daed852c20d443b77cc8137655,measured,19,499475,4391257,4890732,206,0,0,131072,131071,1,Pass,Pass,7876534982476418273
1,29,18,Acapacity,Acapacity,512KiB,524288,4096,155dfc49f4c05f1087ef002a279acee734e738bc580f2b3925315f95a108242b,measured,19,30307,324588,354895,69,0,0,131072,131071,1,Pass,Pass,192086794746352270
1,29,19,Acapacity,Acapacity,16MiB,16777216,131072,0c00f8138e0e622f6fc7215fc0f0d135e79bf60450e4c79d30e30624a8842117,measured,19,3064742,27739669,30804411,346,0,0,131072,131071,1,Pass,Pass,7408339909486172793
1,29,20,A0,A0,8MiB,8388608,65536,e456d3adf67030c5a168df273f5171ca3e1299e54571d94cca82b117f3cf3aeb,measured,19,1394680,10737192,12131872,106,0,0,131072,131071,1,Pass,Pass,9713268438230653554
1,29,21,A0,A0,16MiB,16777216,131072,0c00f8138e0e622f6fc7215fc0f0d135e79bf60450e4c79d30e30624a8842117,measured,19,3023973,22523220,25547193,372,0,0,131072,131071,1,Pass,Pass,7408339909486172793
1,29,22,A0,A0,2MiB,2097152,16384,6587afedd7c0f949b131311e7425d033a0754a29587f85f26ec370a31fc4edf0,measured,19,118588,1474145,1592733,129,0,0,131072,131071,1,Pass,Pass,7349817109290025153
1,29,23,A0,A0,512KiB,524288,4096,155dfc49f4c05f1087ef002a279acee734e738bc580f2b3925315f95a108242b,measured,19,29477,315298,344775,31,0,0,131072,131071,1,Pass,Pass,192086794746352270
1,29,24,Adefs,Adefs,16MiB,16777216,131072,0c00f8138e0e622f6fc7215fc0f0d135e79bf60450e4c79d30e30624a8842117,measured,19,2957159,21101908,24059067,188,0,0,131072,131071,1,Pass,Pass,7408339909486172793
1,29,25,Adrop,Adrop,4MiB,4194304,32768,f9dc4b51d64658b088837d5f2a7d485e8eba57daed852c20d443b77cc8137655,measured,19,603865,4124021,4727886,4318676,1,32768,32768,32767,1,Pass,Pass,7876534982476418273
1,29,26,A0,A0,256KiB,262144,2048,6f0154469137295abd7b45b25bc83aace599559234fd5f331140bd800c48b670,measured,19,14200,160479,174679,86,0,0,32768,32767,1,Pass,Pass,1126272383489710074
1,29,27,Acapacity,Acapacity,256KiB,262144,2048,6f0154469137295abd7b45b25bc83aace599559234fd5f331140bd800c48b670,measured,19,13872,153790,167662,49,0,0,32768,32767,1,Pass,Pass,1126272383489710074
1,29,28,A0-dup,A0,16MiB,16777216,131072,0c00f8138e0e622f6fc7215fc0f0d135e79bf60450e4c79d30e30624a8842117,measured,19,3074134,23196934,26271068,408,0,0,32768,32767,1,Pass,Pass,7408339909486172793
1,29,29,Acapacity,Acapacity,8MiB,8388608,65536,e456d3adf67030c5a168df273f5171ca3e1299e54571d94cca82b117f3cf3aeb,measured,19,1333001,10580975,11913976,151,0,0,32768,32767,1,Pass,Pass,9713268438230653554
1,29,30,Adrop,Adrop,128KiB,131072,1024,22e51081397aebb06a1c4c3f85bd08a6e7041a438f4aae416970027e1ddbb24e,measured,19,7088,65535,72623,86537,1,1024,1024,1023,1,Pass,Pass,15067928572581534229
1,29,31,A0-dup,A0,8MiB,8388608,65536,e456d3adf67030c5a168df273f5171ca3e1299e54571d94cca82b117f3cf3aeb,measured,19,1447696,11395591,12843287,368,0,0,1024,1023,1,Pass,Pass,9713268438230653554
1,29,32,Acapacity,Acapacity,128KiB,131072,1024,22e51081397aebb06a1c4c3f85bd08a6e7041a438f4aae416970027e1ddbb24e,measured,19,6960,80890,87850,173,0,0,1024,1023,1,Pass,Pass,15067928572581534229
1,29,33,Adrop,Adrop,512KiB,524288,4096,155dfc49f4c05f1087ef002a279acee734e738bc580f2b3925315f95a108242b,measured,19,29250,265877,295127,322072,1,4096,4096,4095,1,Pass,Pass,192086794746352270
1,29,34,Adrop,Adrop,8MiB,8388608,65536,e456d3adf67030c5a168df273f5171ca3e1299e54571d94cca82b117f3cf3aeb,measured,19,1373642,9707076,11080718,9113304,1,65536,65536,65535,1,Pass,Pass,9713268438230653554
1,29,35,Adrop,Adrop,2MiB,2097152,16384,6587afedd7c0f949b131311e7425d033a0754a29587f85f26ec370a31fc4edf0,measured,19,114503,1211246,1325749,1896531,1,16384,16384,16383,1,Pass,Pass,7349817109290025153
1,29,36,A0-dup,A0,2MiB,2097152,16384,6587afedd7c0f949b131311e7425d033a0754a29587f85f26ec370a31fc4edf0,measured,19,115913,1486107,1602020,291,0,0,16384,16383,1,Pass,Pass,7349817109290025153
1,29,37,A0-dup,A0,4MiB,4194304,32768,f9dc4b51d64658b088837d5f2a7d485e8eba57daed852c20d443b77cc8137655,measured,19,529802,4560114,5089916,127,0,0,16384,16383,1,Pass,Pass,7876534982476418273
1,29,38,Adefs,Adefs,256KiB,262144,2048,6f0154469137295abd7b45b25bc83aace599559234fd5f331140bd800c48b670,measured,19,14198,150462,164660,105,0,0,16384,16383,1,Pass,Pass,1126272383489710074
1,29,39,Adefs,Adefs,1MiB,1048576,8192,337a179ec729c20c01309d98317f7ca00691d12ca10285b55ade71fb880e191c,measured,19,57509,624880,682389,98,0,0,16384,16383,1,Pass,Pass,16341657278089853397
1,30,0,Acapacity,Acapacity,1MiB,1048576,8192,337a179ec729c20c01309d98317f7ca00691d12ca10285b55ade71fb880e191c,measured,20,57994,627869,685863,97,0,0,16384,16383,1,Pass,Pass,16341657278089853397
1,30,1,Acapacity,Acapacity,8MiB,8388608,65536,e456d3adf67030c5a168df273f5171ca3e1299e54571d94cca82b117f3cf3aeb,measured,20,1391135,10649596,12040731,325,0,0,16384,16383,1,Pass,Pass,9713268438230653554
1,30,2,Adrop,Adrop,256KiB,262144,2048,6f0154469137295abd7b45b25bc83aace599559234fd5f331140bd800c48b670,measured,20,14015,125370,139385,158905,1,2048,2048,2047,1,Pass,Pass,1126272383489710074
1,30,3,A0-dup,A0,2MiB,2097152,16384,6587afedd7c0f949b131311e7425d033a0754a29587f85f26ec370a31fc4edf0,measured,20,115561,1451333,1566894,284,0,0,2048,2047,1,Pass,Pass,7349817109290025153
1,30,4,A0,A0,4MiB,4194304,32768,f9dc4b51d64658b088837d5f2a7d485e8eba57daed852c20d443b77cc8137655,measured,20,415268,4197685,4612953,346,0,0,2048,2047,1,Pass,Pass,7876534982476418273
1,30,5,A0-dup,A0,4MiB,4194304,32768,f9dc4b51d64658b088837d5f2a7d485e8eba57daed852c20d443b77cc8137655,measured,20,495987,4464666,4960653,116,0,0,2048,2047,1,Pass,Pass,7876534982476418273
1,30,6,A0-dup,A0,16MiB,16777216,131072,0c00f8138e0e622f6fc7215fc0f0d135e79bf60450e4c79d30e30624a8842117,measured,20,3010893,22724607,25735500,213,0,0,2048,2047,1,Pass,Pass,7408339909486172793
1,30,7,Adrop,Adrop,1MiB,1048576,8192,337a179ec729c20c01309d98317f7ca00691d12ca10285b55ade71fb880e191c,measured,20,57776,540406,598182,677088,1,8192,8192,8191,1,Pass,Pass,16341657278089853397
1,30,8,A0,A0,8MiB,8388608,65536,e456d3adf67030c5a168df273f5171ca3e1299e54571d94cca82b117f3cf3aeb,measured,20,1405351,10845034,12250385,255,0,0,8192,8191,1,Pass,Pass,9713268438230653554
1,30,9,Adrop,Adrop,8MiB,8388608,65536,e456d3adf67030c5a168df273f5171ca3e1299e54571d94cca82b117f3cf3aeb,measured,20,1477043,9294301,10771344,8657892,1,65536,65536,65535,1,Pass,Pass,9713268438230653554
1,30,10,Adrop,Adrop,2MiB,2097152,16384,6587afedd7c0f949b131311e7425d033a0754a29587f85f26ec370a31fc4edf0,measured,20,115326,1196106,1311432,1985729,1,16384,16384,16383,1,Pass,Pass,7349817109290025153
1,30,11,A0-dup,A0,1MiB,1048576,8192,337a179ec729c20c01309d98317f7ca00691d12ca10285b55ade71fb880e191c,measured,20,58092,683432,741524,112,0,0,16384,16383,1,Pass,Pass,16341657278089853397
1,30,12,A0,A0,16MiB,16777216,131072,0c00f8138e0e622f6fc7215fc0f0d135e79bf60450e4c79d30e30624a8842117,measured,20,3073485,22221710,25295195,320,0,0,16384,16383,1,Pass,Pass,7408339909486172793
1,30,13,A0-dup,A0,256KiB,262144,2048,6f0154469137295abd7b45b25bc83aace599559234fd5f331140bd800c48b670,measured,20,14283,165832,180115,203,0,0,16384,16383,1,Pass,Pass,1126272383489710074
1,30,14,A0,A0,128KiB,131072,1024,22e51081397aebb06a1c4c3f85bd08a6e7041a438f4aae416970027e1ddbb24e,measured,20,6577,80115,86692,49,0,0,16384,16383,1,Pass,Pass,15067928572581534229
1,30,15,Adefs,Adefs,2MiB,2097152,16384,6587afedd7c0f949b131311e7425d033a0754a29587f85f26ec370a31fc4edf0,measured,20,121532,1347529,1469061,91,0,0,16384,16383,1,Pass,Pass,7349817109290025153
1,30,16,Adefs,Adefs,16MiB,16777216,131072,0c00f8138e0e622f6fc7215fc0f0d135e79bf60450e4c79d30e30624a8842117,measured,20,2940401,21114754,24055155,253,0,0,16384,16383,1,Pass,Pass,7408339909486172793
1,30,17,Adefs,Adefs,128KiB,131072,1024,22e51081397aebb06a1c4c3f85bd08a6e7041a438f4aae416970027e1ddbb24e,measured,20,7153,77691,84844,98,0,0,16384,16383,1,Pass,Pass,15067928572581534229
1,30,18,A0,A0,2MiB,2097152,16384,6587afedd7c0f949b131311e7425d033a0754a29587f85f26ec370a31fc4edf0,measured,20,116360,1499652,1616012,101,0,0,16384,16383,1,Pass,Pass,7349817109290025153
1,30,19,Acapacity,Acapacity,256KiB,262144,2048,6f0154469137295abd7b45b25bc83aace599559234fd5f331140bd800c48b670,measured,20,13958,156974,170932,96,0,0,16384,16383,1,Pass,Pass,1126272383489710074
1,30,20,A0,A0,512KiB,524288,4096,155dfc49f4c05f1087ef002a279acee734e738bc580f2b3925315f95a108242b,measured,20,29286,317008,346294,40,0,0,16384,16383,1,Pass,Pass,192086794746352270
1,30,21,A0-dup,A0,512KiB,524288,4096,155dfc49f4c05f1087ef002a279acee734e738bc580f2b3925315f95a108242b,measured,20,28592,310755,339347,47,0,0,16384,16383,1,Pass,Pass,192086794746352270
1,30,22,A0-dup,A0,128KiB,131072,1024,22e51081397aebb06a1c4c3f85bd08a6e7041a438f4aae416970027e1ddbb24e,measured,20,6482,81262,87744,42,0,0,16384,16383,1,Pass,Pass,15067928572581534229
1,30,23,Adefs,Adefs,4MiB,4194304,32768,f9dc4b51d64658b088837d5f2a7d485e8eba57daed852c20d443b77cc8137655,measured,20,433760,3693830,4127590,113,0,0,16384,16383,1,Pass,Pass,7876534982476418273
1,30,24,Adrop,Adrop,128KiB,131072,1024,22e51081397aebb06a1c4c3f85bd08a6e7041a438f4aae416970027e1ddbb24e,measured,20,6957,65262,72219,81127,1,1024,1024,1023,1,Pass,Pass,15067928572581534229
1,30,25,Adefs,Adefs,8MiB,8388608,65536,e456d3adf67030c5a168df273f5171ca3e1299e54571d94cca82b117f3cf3aeb,measured,20,1381678,10339694,11721372,298,0,0,1024,1023,1,Pass,Pass,9713268438230653554
1,30,26,Adrop,Adrop,16MiB,16777216,131072,0c00f8138e0e622f6fc7215fc0f0d135e79bf60450e4c79d30e30624a8842117,measured,20,3100705,20398847,23499552,17271788,1,131072,131072,131071,1,Pass,Pass,7408339909486172793
1,30,27,Adefs,Adefs,256KiB,262144,2048,6f0154469137295abd7b45b25bc83aace599559234fd5f331140bd800c48b670,measured,20,14048,152207,166255,110,0,0,131072,131071,1,Pass,Pass,1126272383489710074
1,30,28,Adrop,Adrop,512KiB,524288,4096,155dfc49f4c05f1087ef002a279acee734e738bc580f2b3925315f95a108242b,measured,20,28921,252686,281607,320410,1,4096,4096,4095,1,Pass,Pass,192086794746352270
1,30,29,A0,A0,1MiB,1048576,8192,337a179ec729c20c01309d98317f7ca00691d12ca10285b55ade71fb880e191c,measured,20,57738,670714,728452,45,0,0,4096,4095,1,Pass,Pass,16341657278089853397
1,30,30,Acapacity,Acapacity,4MiB,4194304,32768,f9dc4b51d64658b088837d5f2a7d485e8eba57daed852c20d443b77cc8137655,measured,20,548179,4405294,4953473,131,0,0,4096,4095,1,Pass,Pass,7876534982476418273
1,30,31,Acapacity,Acapacity,512KiB,524288,4096,155dfc49f4c05f1087ef002a279acee734e738bc580f2b3925315f95a108242b,measured,20,29785,319361,349146,109,0,0,4096,4095,1,Pass,Pass,192086794746352270
1,30,32,Acapacity,Acapacity,2MiB,2097152,16384,6587afedd7c0f949b131311e7425d033a0754a29587f85f26ec370a31fc4edf0,measured,20,129065,1497279,1626344,96,0,0,4096,4095,1,Pass,Pass,7349817109290025153
1,30,33,Adefs,Adefs,512KiB,524288,4096,155dfc49f4c05f1087ef002a279acee734e738bc580f2b3925315f95a108242b,measured,20,29427,297498,326925,79,0,0,4096,4095,1,Pass,Pass,192086794746352270
1,30,34,Acapacity,Acapacity,16MiB,16777216,131072,0c00f8138e0e622f6fc7215fc0f0d135e79bf60450e4c79d30e30624a8842117,measured,20,2934261,27170007,30104268,223,0,0,4096,4095,1,Pass,Pass,7408339909486172793
1,30,35,Acapacity,Acapacity,128KiB,131072,1024,22e51081397aebb06a1c4c3f85bd08a6e7041a438f4aae416970027e1ddbb24e,measured,20,7069,81165,88234,116,0,0,4096,4095,1,Pass,Pass,15067928572581534229
1,30,36,Adefs,Adefs,1MiB,1048576,8192,337a179ec729c20c01309d98317f7ca00691d12ca10285b55ade71fb880e191c,measured,20,57723,605175,662898,193,0,0,4096,4095,1,Pass,Pass,16341657278089853397
1,30,37,Adrop,Adrop,4MiB,4194304,32768,f9dc4b51d64658b088837d5f2a7d485e8eba57daed852c20d443b77cc8137655,measured,20,516931,3935202,4452133,4802370,1,32768,32768,32767,1,Pass,Pass,7876534982476418273
1,30,38,A0-dup,A0,8MiB,8388608,65536,e456d3adf67030c5a168df273f5171ca3e1299e54571d94cca82b117f3cf3aeb,measured,20,1377696,11184698,12562394,283,0,0,32768,32767,1,Pass,Pass,9713268438230653554
1,30,39,A0,A0,256KiB,262144,2048,6f0154469137295abd7b45b25bc83aace599559234fd5f331140bd800c48b670,measured,20,13838,168564,182402,102,0,0,32768,32767,1,Pass,Pass,1126272383489710074
1,31,0,Adefs,Adefs,8MiB,8388608,65536,e456d3adf67030c5a168df273f5171ca3e1299e54571d94cca82b117f3cf3aeb,measured,21,1506638,10399836,11906474,356,0,0,32768,32767,1,Pass,Pass,9713268438230653554
1,31,1,Adrop,Adrop,16MiB,16777216,131072,0c00f8138e0e622f6fc7215fc0f0d135e79bf60450e4c79d30e30624a8842117,measured,21,3083093,20082259,23165352,22187367,1,131072,131072,131071,1,Pass,Pass,7408339909486172793
1,31,2,A0-dup,A0,4MiB,4194304,32768,f9dc4b51d64658b088837d5f2a7d485e8eba57daed852c20d443b77cc8137655,measured,21,332315,4273926,4606241,128,0,0,131072,131071,1,Pass,Pass,7876534982476418273
1,31,3,A0-dup,A0,2MiB,2097152,16384,6587afedd7c0f949b131311e7425d033a0754a29587f85f26ec370a31fc4edf0,measured,21,122108,1489908,1612016,104,0,0,131072,131071,1,Pass,Pass,7349817109290025153
1,31,4,A0-dup,A0,16MiB,16777216,131072,0c00f8138e0e622f6fc7215fc0f0d135e79bf60450e4c79d30e30624a8842117,measured,21,3067161,27833810,30900971,401,0,0,131072,131071,1,Pass,Pass,7408339909486172793
1,31,5,A0,A0,16MiB,16777216,131072,0c00f8138e0e622f6fc7215fc0f0d135e79bf60450e4c79d30e30624a8842117,measured,21,3151648,22770027,25921675,416,0,0,131072,131071,1,Pass,Pass,7408339909486172793
1,31,6,Acapacity,Acapacity,4MiB,4194304,32768,f9dc4b51d64658b088837d5f2a7d485e8eba57daed852c20d443b77cc8137655,measured,21,334320,4160984,4495304,123,0,0,131072,131071,1,Pass,Pass,7876534982476418273
1,31,7,Acapacity,Acapacity,2MiB,2097152,16384,6587afedd7c0f949b131311e7425d033a0754a29587f85f26ec370a31fc4edf0,measured,21,115756,1399580,1515336,91,0,0,131072,131071,1,Pass,Pass,7349817109290025153
1,31,8,A0,A0,128KiB,131072,1024,22e51081397aebb06a1c4c3f85bd08a6e7041a438f4aae416970027e1ddbb24e,measured,21,7335,81011,88346,83,0,0,131072,131071,1,Pass,Pass,15067928572581534229
1,31,9,A0,A0,4MiB,4194304,32768,f9dc4b51d64658b088837d5f2a7d485e8eba57daed852c20d443b77cc8137655,measured,21,436066,3986729,4422795,93,0,0,131072,131071,1,Pass,Pass,7876534982476418273
1,31,10,Adrop,Adrop,512KiB,524288,4096,155dfc49f4c05f1087ef002a279acee734e738bc580f2b3925315f95a108242b,measured,21,29538,266812,296350,317458,1,4096,4096,4095,1,Pass,Pass,192086794746352270
1,31,11,Adrop,Adrop,8MiB,8388608,65536,e456d3adf67030c5a168df273f5171ca3e1299e54571d94cca82b117f3cf3aeb,measured,21,1387692,9213353,10601045,8427272,1,65536,65536,65535,1,Pass,Pass,9713268438230653554
1,31,12,A0-dup,A0,512KiB,524288,4096,155dfc49f4c05f1087ef002a279acee734e738bc580f2b3925315f95a108242b,measured,21,29704,327914,357618,231,0,0,65536,65535,1,Pass,Pass,192086794746352270
1,31,13,Acapacity,Acapacity,8MiB,8388608,65536,e456d3adf67030c5a168df273f5171ca3e1299e54571d94cca82b117f3cf3aeb,measured,21,1468841,10872852,12341693,130,0,0,65536,65535,1,Pass,Pass,9713268438230653554
1,31,14,Adefs,Adefs,256KiB,262144,2048,6f0154469137295abd7b45b25bc83aace599559234fd5f331140bd800c48b670,measured,21,14157,153083,167240,381,0,0,65536,65535,1,Pass,Pass,1126272383489710074
1,31,15,Adefs,Adefs,2MiB,2097152,16384,6587afedd7c0f949b131311e7425d033a0754a29587f85f26ec370a31fc4edf0,measured,21,118107,1374780,1492887,131,0,0,65536,65535,1,Pass,Pass,7349817109290025153
1,31,16,Adrop,Adrop,2MiB,2097152,16384,6587afedd7c0f949b131311e7425d033a0754a29587f85f26ec370a31fc4edf0,measured,21,116131,1162323,1278454,1907582,1,16384,16384,16383,1,Pass,Pass,7349817109290025153
1,31,17,A0,A0,1MiB,1048576,8192,337a179ec729c20c01309d98317f7ca00691d12ca10285b55ade71fb880e191c,measured,21,57744,652980,710724,228,0,0,16384,16383,1,Pass,Pass,16341657278089853397
1,31,18,Adrop,Adrop,256KiB,262144,2048,6f0154469137295abd7b45b25bc83aace599559234fd5f331140bd800c48b670,measured,21,13858,122808,136666,155672,1,2048,2048,2047,1,Pass,Pass,1126272383489710074
1,31,19,Adrop,Adrop,128KiB,131072,1024,22e51081397aebb06a1c4c3f85bd08a6e7041a438f4aae416970027e1ddbb24e,measured,21,6557,61836,68393,80631,1,1024,1024,1023,1,Pass,Pass,15067928572581534229
1,31,20,A0,A0,8MiB,8388608,65536,e456d3adf67030c5a168df273f5171ca3e1299e54571d94cca82b117f3cf3aeb,measured,21,1387283,11291308,12678591,453,0,0,1024,1023,1,Pass,Pass,9713268438230653554
1,31,21,Adefs,Adefs,128KiB,131072,1024,22e51081397aebb06a1c4c3f85bd08a6e7041a438f4aae416970027e1ddbb24e,measured,21,7147,77614,84761,161,0,0,1024,1023,1,Pass,Pass,15067928572581534229
1,31,22,A0-dup,A0,1MiB,1048576,8192,337a179ec729c20c01309d98317f7ca00691d12ca10285b55ade71fb880e191c,measured,21,58454,656012,714466,306,0,0,1024,1023,1,Pass,Pass,16341657278089853397
1,31,23,Acapacity,Acapacity,1MiB,1048576,8192,337a179ec729c20c01309d98317f7ca00691d12ca10285b55ade71fb880e191c,measured,21,57655,635614,693269,247,0,0,1024,1023,1,Pass,Pass,16341657278089853397
1,31,24,A0,A0,2MiB,2097152,16384,6587afedd7c0f949b131311e7425d033a0754a29587f85f26ec370a31fc4edf0,measured,21,120150,1478773,1598923,104,0,0,1024,1023,1,Pass,Pass,7349817109290025153
1,31,25,A0-dup,A0,128KiB,131072,1024,22e51081397aebb06a1c4c3f85bd08a6e7041a438f4aae416970027e1ddbb24e,measured,21,7000,83244,90244,135,0,0,1024,1023,1,Pass,Pass,15067928572581534229
1,31,26,Acapacity,Acapacity,512KiB,524288,4096,155dfc49f4c05f1087ef002a279acee734e738bc580f2b3925315f95a108242b,measured,21,29426,312927,342353,54,0,0,1024,1023,1,Pass,Pass,192086794746352270
1,31,27,Adefs,Adefs,16MiB,16777216,131072,0c00f8138e0e622f6fc7215fc0f0d135e79bf60450e4c79d30e30624a8842117,measured,21,2949436,20901519,23850955,168,0,0,1024,1023,1,Pass,Pass,7408339909486172793
1,31,28,Adefs,Adefs,1MiB,1048576,8192,337a179ec729c20c01309d98317f7ca00691d12ca10285b55ade71fb880e191c,measured,21,57729,610827,668556,193,0,0,1024,1023,1,Pass,Pass,16341657278089853397
1,31,29,Adefs,Adefs,4MiB,4194304,32768,f9dc4b51d64658b088837d5f2a7d485e8eba57daed852c20d443b77cc8137655,measured,21,540041,4493197,5033238,131,0,0,1024,1023,1,Pass,Pass,7876534982476418273
1,31,30,Adrop,Adrop,1MiB,1048576,8192,337a179ec729c20c01309d98317f7ca00691d12ca10285b55ade71fb880e191c,measured,21,57620,545101,602721,680853,1,8192,8192,8191,1,Pass,Pass,16341657278089853397
1,31,31,A0-dup,A0,256KiB,262144,2048,6f0154469137295abd7b45b25bc83aace599559234fd5f331140bd800c48b670,measured,21,13986,157635,171621,75,0,0,8192,8191,1,Pass,Pass,1126272383489710074
1,31,32,Acapacity,Acapacity,16MiB,16777216,131072,0c00f8138e0e622f6fc7215fc0f0d135e79bf60450e4c79d30e30624a8842117,measured,21,3078599,21132296,24210895,402,0,0,8192,8191,1,Pass,Pass,7408339909486172793
1,31,33,Adefs,Adefs,512KiB,524288,4096,155dfc49f4c05f1087ef002a279acee734e738bc580f2b3925315f95a108242b,measured,21,29647,316090,345737,95,0,0,8192,8191,1,Pass,Pass,192086794746352270
1,31,34,A0-dup,A0,8MiB,8388608,65536,e456d3adf67030c5a168df273f5171ca3e1299e54571d94cca82b117f3cf3aeb,measured,21,1383854,10765396,12149250,125,0,0,8192,8191,1,Pass,Pass,9713268438230653554
1,31,35,Adrop,Adrop,4MiB,4194304,32768,f9dc4b51d64658b088837d5f2a7d485e8eba57daed852c20d443b77cc8137655,measured,21,608545,4553269,5161814,4312320,1,32768,32768,32767,1,Pass,Pass,7876534982476418273
1,31,36,A0,A0,512KiB,524288,4096,155dfc49f4c05f1087ef002a279acee734e738bc580f2b3925315f95a108242b,measured,21,29758,330568,360326,79,0,0,32768,32767,1,Pass,Pass,192086794746352270
1,31,37,Acapacity,Acapacity,256KiB,262144,2048,6f0154469137295abd7b45b25bc83aace599559234fd5f331140bd800c48b670,measured,21,13598,158361,171959,41,0,0,32768,32767,1,Pass,Pass,1126272383489710074
1,31,38,A0,A0,256KiB,262144,2048,6f0154469137295abd7b45b25bc83aace599559234fd5f331140bd800c48b670,measured,21,14048,158287,172335,44,0,0,32768,32767,1,Pass,Pass,1126272383489710074
1,31,39,Acapacity,Acapacity,128KiB,131072,1024,22e51081397aebb06a1c4c3f85bd08a6e7041a438f4aae416970027e1ddbb24e,measured,21,6530,77837,84367,47,0,0,32768,32767,1,Pass,Pass,15067928572581534229
1,32,0,Adrop,Adrop,4MiB,4194304,32768,f9dc4b51d64658b088837d5f2a7d485e8eba57daed852c20d443b77cc8137655,measured,22,508166,3706745,4214911,4402795,1,32768,32768,32767,1,Pass,Pass,7876534982476418273
1,32,1,Adefs,Adefs,16MiB,16777216,131072,0c00f8138e0e622f6fc7215fc0f0d135e79bf60450e4c79d30e30624a8842117,measured,22,3027501,20178615,23206116,300,0,0,32768,32767,1,Pass,Pass,7408339909486172793
1,32,2,Acapacity,Acapacity,8MiB,8388608,65536,e456d3adf67030c5a168df273f5171ca3e1299e54571d94cca82b117f3cf3aeb,measured,22,1344249,10632535,11976784,470,0,0,32768,32767,1,Pass,Pass,9713268438230653554
1,32,3,Adrop,Adrop,128KiB,131072,1024,22e51081397aebb06a1c4c3f85bd08a6e7041a438f4aae416970027e1ddbb24e,measured,22,6810,65265,72075,81388,1,1024,1024,1023,1,Pass,Pass,15067928572581534229
1,32,4,Adefs,Adefs,128KiB,131072,1024,22e51081397aebb06a1c4c3f85bd08a6e7041a438f4aae416970027e1ddbb24e,measured,22,6529,75996,82525,56,0,0,1024,1023,1,Pass,Pass,15067928572581534229
1,32,5,A0,A0,2MiB,2097152,16384,6587afedd7c0f949b131311e7425d033a0754a29587f85f26ec370a31fc4edf0,measured,22,119202,1448330,1567532,106,0,0,1024,1023,1,Pass,Pass,7349817109290025153
1,32,6,A0-dup,A0,4MiB,4194304,32768,f9dc4b51d64658b088837d5f2a7d485e8eba57daed852c20d443b77cc8137655,measured,22,399055,4111229,4510284,294,0,0,1024,1023,1,Pass,Pass,7876534982476418273
1,32,7,A0-dup,A0,2MiB,2097152,16384,6587afedd7c0f949b131311e7425d033a0754a29587f85f26ec370a31fc4edf0,measured,22,114366,1382807,1497173,244,0,0,1024,1023,1,Pass,Pass,7349817109290025153
1,32,8,Acapacity,Acapacity,16MiB,16777216,131072,0c00f8138e0e622f6fc7215fc0f0d135e79bf60450e4c79d30e30624a8842117,measured,22,3075147,22769280,25844427,215,0,0,1024,1023,1,Pass,Pass,7408339909486172793
1,32,9,Adrop,Adrop,2MiB,2097152,16384,6587afedd7c0f949b131311e7425d033a0754a29587f85f26ec370a31fc4edf0,measured,22,114581,1151434,1266015,1850166,1,16384,16384,16383,1,Pass,Pass,7349817109290025153
1,32,10,Adefs,Adefs,256KiB,262144,2048,6f0154469137295abd7b45b25bc83aace599559234fd5f331140bd800c48b670,measured,22,13872,154957,168829,130,0,0,16384,16383,1,Pass,Pass,1126272383489710074
1,32,11,A0,A0,1MiB,1048576,8192,337a179ec729c20c01309d98317f7ca00691d12ca10285b55ade71fb880e191c,measured,22,57958,671552,729510,149,0,0,16384,16383,1,Pass,Pass,16341657278089853397
1,32,12,A0-dup,A0,256KiB,262144,2048,6f0154469137295abd7b45b25bc83aace599559234fd5f331140bd800c48b670,measured,22,13738,156824,170562,109,0,0,16384,16383,1,Pass,Pass,1126272383489710074
1,32,13,Acapacity,Acapacity,256KiB,262144,2048,6f0154469137295abd7b45b25bc83aace599559234fd5f331140bd800c48b670,measured,22,14032,181783,195815,64,0,0,16384,16383,1,Pass,Pass,1126272383489710074
1,32,14,Adefs,Adefs,8MiB,8388608,65536,e456d3adf67030c5a168df273f5171ca3e1299e54571d94cca82b117f3cf3aeb,measured,22,1362229,10350249,11712478,537,0,0,16384,16383,1,Pass,Pass,9713268438230653554
1,32,15,Acapacity,Acapacity,4MiB,4194304,32768,f9dc4b51d64658b088837d5f2a7d485e8eba57daed852c20d443b77cc8137655,measured,22,410339,4252283,4662622,353,0,0,16384,16383,1,Pass,Pass,7876534982476418273
1,32,16,Acapacity,Acapacity,2MiB,2097152,16384,6587afedd7c0f949b131311e7425d033a0754a29587f85f26ec370a31fc4edf0,measured,22,116719,1431121,1547840,283,0,0,16384,16383,1,Pass,Pass,7349817109290025153
1,32,17,Adrop,Adrop,1MiB,1048576,8192,337a179ec729c20c01309d98317f7ca00691d12ca10285b55ade71fb880e191c,measured,22,57497,502717,560214,700324,1,8192,8192,8191,1,Pass,Pass,16341657278089853397
1,32,18,A0-dup,A0,128KiB,131072,1024,22e51081397aebb06a1c4c3f85bd08a6e7041a438f4aae416970027e1ddbb24e,measured,22,6908,82475,89383,46,0,0,8192,8191,1,Pass,Pass,15067928572581534229
1,32,19,Adrop,Adrop,512KiB,524288,4096,155dfc49f4c05f1087ef002a279acee734e738bc580f2b3925315f95a108242b,measured,22,29112,247176,276288,319878,1,4096,4096,4095,1,Pass,Pass,192086794746352270
1,32,20,A0-dup,A0,8MiB,8388608,65536,e456d3adf67030c5a168df273f5171ca3e1299e54571d94cca82b117f3cf3aeb,measured,22,1391255,10755248,12146503,419,0,0,4096,4095,1,Pass,Pass,9713268438230653554
1,32,21,A0-dup,A0,512KiB,524288,4096,155dfc49f4c05f1087ef002a279acee734e738bc580f2b3925315f95a108242b,measured,22,29373,332943,362316,82,0,0,4096,4095,1,Pass,Pass,192086794746352270
1,32,22,Acapacity,Acapacity,128KiB,131072,1024,22e51081397aebb06a1c4c3f85bd08a6e7041a438f4aae416970027e1ddbb24e,measured,22,6607,77983,84590,36,0,0,4096,4095,1,Pass,Pass,15067928572581534229
1,32,23,A0,A0,8MiB,8388608,65536,e456d3adf67030c5a168df273f5171ca3e1299e54571d94cca82b117f3cf3aeb,measured,22,1445196,10916583,12361779,262,0,0,4096,4095,1,Pass,Pass,9713268438230653554
1,32,24,A0,A0,16MiB,16777216,131072,0c00f8138e0e622f6fc7215fc0f0d135e79bf60450e4c79d30e30624a8842117,measured,22,3110346,23312821,26423167,406,0,0,4096,4095,1,Pass,Pass,7408339909486172793
1,32,25,Acapacity,Acapacity,512KiB,524288,4096,155dfc49f4c05f1087ef002a279acee734e738bc580f2b3925315f95a108242b,measured,22,29447,321424,350871,78,0,0,4096,4095,1,Pass,Pass,192086794746352270
1,32,26,A0-dup,A0,1MiB,1048576,8192,337a179ec729c20c01309d98317f7ca00691d12ca10285b55ade71fb880e191c,measured,22,57296,665726,723022,142,0,0,4096,4095,1,Pass,Pass,16341657278089853397
1,32,27,A0,A0,4MiB,4194304,32768,f9dc4b51d64658b088837d5f2a7d485e8eba57daed852c20d443b77cc8137655,measured,22,543285,4588112,5131397,193,0,0,4096,4095,1,Pass,Pass,7876534982476418273
1,32,28,A0,A0,128KiB,131072,1024,22e51081397aebb06a1c4c3f85bd08a6e7041a438f4aae416970027e1ddbb24e,measured,22,7054,85716,92770,75,0,0,4096,4095,1,Pass,Pass,15067928572581534229
1,32,29,Adefs,Adefs,4MiB,4194304,32768,f9dc4b51d64658b088837d5f2a7d485e8eba57daed852c20d443b77cc8137655,measured,22,511724,4092748,4604472,134,0,0,4096,4095,1,Pass,Pass,7876534982476418273
1,32,30,Acapacity,Acapacity,1MiB,1048576,8192,337a179ec729c20c01309d98317f7ca00691d12ca10285b55ade71fb880e191c,measured,22,61416,637406,698822,97,0,0,4096,4095,1,Pass,Pass,16341657278089853397
1,32,31,Adrop,Adrop,256KiB,262144,2048,6f0154469137295abd7b45b25bc83aace599559234fd5f331140bd800c48b670,measured,22,13797,126103,139900,156581,1,2048,2048,2047,1,Pass,Pass,1126272383489710074
1,32,32,Adefs,Adefs,2MiB,2097152,16384,6587afedd7c0f949b131311e7425d033a0754a29587f85f26ec370a31fc4edf0,measured,22,115504,1357416,1472920,264,0,0,2048,2047,1,Pass,Pass,7349817109290025153
1,32,33,A0,A0,512KiB,524288,4096,155dfc49f4c05f1087ef002a279acee734e738bc580f2b3925315f95a108242b,measured,22,29577,330493,360070,80,0,0,2048,2047,1,Pass,Pass,192086794746352270
1,32,34,Adefs,Adefs,512KiB,524288,4096,155dfc49f4c05f1087ef002a279acee734e738bc580f2b3925315f95a108242b,measured,22,29227,299220,328447,35,0,0,2048,2047,1,Pass,Pass,192086794746352270
1,32,35,Adrop,Adrop,8MiB,8388608,65536,e456d3adf67030c5a168df273f5171ca3e1299e54571d94cca82b117f3cf3aeb,measured,22,1464473,9724077,11188550,8873511,1,65536,65536,65535,1,Pass,Pass,9713268438230653554
1,32,36,Adrop,Adrop,16MiB,16777216,131072,0c00f8138e0e622f6fc7215fc0f0d135e79bf60450e4c79d30e30624a8842117,measured,22,3021441,20112801,23134242,17898541,1,131072,131072,131071,1,Pass,Pass,7408339909486172793
1,32,37,A0,A0,256KiB,262144,2048,6f0154469137295abd7b45b25bc83aace599559234fd5f331140bd800c48b670,measured,22,14082,162315,176397,187,0,0,131072,131071,1,Pass,Pass,1126272383489710074
1,32,38,Adefs,Adefs,1MiB,1048576,8192,337a179ec729c20c01309d98317f7ca00691d12ca10285b55ade71fb880e191c,measured,22,57221,614777,671998,39,0,0,131072,131071,1,Pass,Pass,16341657278089853397
1,32,39,A0-dup,A0,16MiB,16777216,131072,0c00f8138e0e622f6fc7215fc0f0d135e79bf60450e4c79d30e30624a8842117,measured,22,3085984,27120932,30206916,107,0,0,131072,131071,1,Pass,Pass,7408339909486172793
1,33,0,A0-dup,A0,1MiB,1048576,8192,337a179ec729c20c01309d98317f7ca00691d12ca10285b55ade71fb880e191c,measured,23,58561,650344,708905,110,0,0,131072,131071,1,Pass,Pass,16341657278089853397
1,33,1,Adefs,Adefs,2MiB,2097152,16384,6587afedd7c0f949b131311e7425d033a0754a29587f85f26ec370a31fc4edf0,measured,23,120802,1371518,1492320,111,0,0,131072,131071,1,Pass,Pass,7349817109290025153
1,33,2,A0-dup,A0,128KiB,131072,1024,22e51081397aebb06a1c4c3f85bd08a6e7041a438f4aae416970027e1ddbb24e,measured,23,7045,84209,91254,40,0,0,131072,131071,1,Pass,Pass,15067928572581534229
1,33,3,Acapacity,Acapacity,4MiB,4194304,32768,f9dc4b51d64658b088837d5f2a7d485e8eba57daed852c20d443b77cc8137655,measured,23,424308,3924865,4349173,106,0,0,131072,131071,1,Pass,Pass,7876534982476418273
1,33,4,Acapacity,Acapacity,512KiB,524288,4096,155dfc49f4c05f1087ef002a279acee734e738bc580f2b3925315f95a108242b,measured,23,29576,320275,349851,172,0,0,131072,131071,1,Pass,Pass,192086794746352270
1,33,5,A0,A0,8MiB,8388608,65536,e456d3adf67030c5a168df273f5171ca3e1299e54571d94cca82b117f3cf3aeb,measured,23,1520404,11237138,12757542,390,0,0,131072,131071,1,Pass,Pass,9713268438230653554
1,33,6,Acapacity,Acapacity,8MiB,8388608,65536,e456d3adf67030c5a168df273f5171ca3e1299e54571d94cca82b117f3cf3aeb,measured,23,1446535,11102029,12548564,105,0,0,131072,131071,1,Pass,Pass,9713268438230653554
1,33,7,Adrop,Adrop,128KiB,131072,1024,22e51081397aebb06a1c4c3f85bd08a6e7041a438f4aae416970027e1ddbb24e,measured,23,7170,69011,76181,81656,1,1024,1024,1023,1,Pass,Pass,15067928572581534229
1,33,8,Adefs,Adefs,512KiB,524288,4096,155dfc49f4c05f1087ef002a279acee734e738bc580f2b3925315f95a108242b,measured,23,29503,318663,348166,63,0,0,1024,1023,1,Pass,Pass,192086794746352270
1,33,9,Acapacity,Acapacity,256KiB,262144,2048,6f0154469137295abd7b45b25bc83aace599559234fd5f331140bd800c48b670,measured,23,14417,163685,178102,45,0,0,1024,1023,1,Pass,Pass,1126272383489710074
1,33,10,A0-dup,A0,2MiB,2097152,16384,6587afedd7c0f949b131311e7425d033a0754a29587f85f26ec370a31fc4edf0,measured,23,116497,1458296,1574793,139,0,0,1024,1023,1,Pass,Pass,7349817109290025153
1,33,11,A0-dup,A0,256KiB,262144,2048,6f0154469137295abd7b45b25bc83aace599559234fd5f331140bd800c48b670,measured,23,14030,165446,179476,84,0,0,1024,1023,1,Pass,Pass,1126272383489710074
1,33,12,A0,A0,16MiB,16777216,131072,0c00f8138e0e622f6fc7215fc0f0d135e79bf60450e4c79d30e30624a8842117,measured,23,2959471,23221063,26180534,311,0,0,1024,1023,1,Pass,Pass,7408339909486172793
1,33,13,A0-dup,A0,512KiB,524288,4096,155dfc49f4c05f1087ef002a279acee734e738bc580f2b3925315f95a108242b,measured,23,29714,336664,366378,108,0,0,1024,1023,1,Pass,Pass,192086794746352270
1,33,14,Adrop,Adrop,4MiB,4194304,32768,f9dc4b51d64658b088837d5f2a7d485e8eba57daed852c20d443b77cc8137655,measured,23,430233,3629819,4060052,4703203,1,32768,32768,32767,1,Pass,Pass,7876534982476418273
1,33,15,A0,A0,128KiB,131072,1024,22e51081397aebb06a1c4c3f85bd08a6e7041a438f4aae416970027e1ddbb24e,measured,23,7040,85260,92300,88,0,0,32768,32767,1,Pass,Pass,15067928572581534229
1,33,16,A0-dup,A0,8MiB,8388608,65536,e456d3adf67030c5a168df273f5171ca3e1299e54571d94cca82b117f3cf3aeb,measured,23,1419573,11377683,12797256,120,0,0,32768,32767,1,Pass,Pass,9713268438230653554
1,33,17,Adefs,Adefs,4MiB,4194304,32768,f9dc4b51d64658b088837d5f2a7d485e8eba57daed852c20d443b77cc8137655,measured,23,463708,4063133,4526841,351,0,0,32768,32767,1,Pass,Pass,7876534982476418273
1,33,18,Adrop,Adrop,8MiB,8388608,65536,e456d3adf67030c5a168df273f5171ca3e1299e54571d94cca82b117f3cf3aeb,measured,23,1460746,9498353,10959099,9048512,1,65536,65536,65535,1,Pass,Pass,9713268438230653554
1,33,19,A0,A0,512KiB,524288,4096,155dfc49f4c05f1087ef002a279acee734e738bc580f2b3925315f95a108242b,measured,23,29705,319483,349188,121,0,0,65536,65535,1,Pass,Pass,192086794746352270
1,33,20,A0-dup,A0,4MiB,4194304,32768,f9dc4b51d64658b088837d5f2a7d485e8eba57daed852c20d443b77cc8137655,measured,23,369061,4154788,4523849,123,0,0,65536,65535,1,Pass,Pass,7876534982476418273
1,33,21,Acapacity,Acapacity,1MiB,1048576,8192,337a179ec729c20c01309d98317f7ca00691d12ca10285b55ade71fb880e191c,measured,23,61322,645829,707151,180,0,0,65536,65535,1,Pass,Pass,16341657278089853397
1,33,22,A0,A0,2MiB,2097152,16384,6587afedd7c0f949b131311e7425d033a0754a29587f85f26ec370a31fc4edf0,measured,23,117501,1458225,1575726,118,0,0,65536,65535,1,Pass,Pass,7349817109290025153
1,33,23,Acapacity,Acapacity,128KiB,131072,1024,22e51081397aebb06a1c4c3f85bd08a6e7041a438f4aae416970027e1ddbb24e,measured,23,7171,80899,88070,82,0,0,65536,65535,1,Pass,Pass,15067928572581534229
1,33,24,Adrop,Adrop,1MiB,1048576,8192,337a179ec729c20c01309d98317f7ca00691d12ca10285b55ade71fb880e191c,measured,23,57686,529595,587281,674201,1,8192,8192,8191,1,Pass,Pass,16341657278089853397
1,33,25,Adrop,Adrop,2MiB,2097152,16384,6587afedd7c0f949b131311e7425d033a0754a29587f85f26ec370a31fc4edf0,measured,23,139925,1277672,1417597,1971020,1,16384,16384,16383,1,Pass,Pass,7349817109290025153
1,33,26,Adefs,Adefs,8MiB,8388608,65536,e456d3adf67030c5a168df273f5171ca3e1299e54571d94cca82b117f3cf3aeb,measured,23,1469293,10276558,11745851,117,0,0,16384,16383,1,Pass,Pass,9713268438230653554
1,33,27,Adrop,Adrop,256KiB,262144,2048,6f0154469137295abd7b45b25bc83aace599559234fd5f331140bd800c48b670,measured,23,14062,132772,146834,162219,1,2048,2048,2047,1,Pass,Pass,1126272383489710074
1,33,28,A0,A0,256KiB,262144,2048,6f0154469137295abd7b45b25bc83aace599559234fd5f331140bd800c48b670,measured,23,14290,172428,186718,74,0,0,2048,2047,1,Pass,Pass,1126272383489710074
1,33,29,Adefs,Adefs,256KiB,262144,2048,6f0154469137295abd7b45b25bc83aace599559234fd5f331140bd800c48b670,measured,23,13754,145725,159479,73,0,0,2048,2047,1,Pass,Pass,1126272383489710074
1,33,30,A0-dup,A0,16MiB,16777216,131072,0c00f8138e0e622f6fc7215fc0f0d135e79bf60450e4c79d30e30624a8842117,measured,23,2945900,23594096,26539996,259,0,0,2048,2047,1,Pass,Pass,7408339909486172793
1,33,31,Acapacity,Acapacity,16MiB,16777216,131072,0c00f8138e0e622f6fc7215fc0f0d135e79bf60450e4c79d30e30624a8842117,measured,23,3054758,23168283,26223041,405,0,0,2048,2047,1,Pass,Pass,7408339909486172793
1,33,32,Adrop,Adrop,512KiB,524288,4096,155dfc49f4c05f1087ef002a279acee734e738bc580f2b3925315f95a108242b,measured,23,29444,274288,303732,319579,1,4096,4096,4095,1,Pass,Pass,192086794746352270
1,33,33,Adefs,Adefs,16MiB,16777216,131072,0c00f8138e0e622f6fc7215fc0f0d135e79bf60450e4c79d30e30624a8842117,measured,23,3072250,21361005,24433255,255,0,0,4096,4095,1,Pass,Pass,7408339909486172793
1,33,34,Acapacity,Acapacity,2MiB,2097152,16384,6587afedd7c0f949b131311e7425d033a0754a29587f85f26ec370a31fc4edf0,measured,23,115664,1442403,1558067,118,0,0,4096,4095,1,Pass,Pass,7349817109290025153
1,33,35,A0,A0,1MiB,1048576,8192,337a179ec729c20c01309d98317f7ca00691d12ca10285b55ade71fb880e191c,measured,23,57731,650338,708069,96,0,0,4096,4095,1,Pass,Pass,16341657278089853397
1,33,36,Adefs,Adefs,128KiB,131072,1024,22e51081397aebb06a1c4c3f85bd08a6e7041a438f4aae416970027e1ddbb24e,measured,23,6845,76199,83044,40,0,0,4096,4095,1,Pass,Pass,15067928572581534229
1,33,37,A0,A0,4MiB,4194304,32768,f9dc4b51d64658b088837d5f2a7d485e8eba57daed852c20d443b77cc8137655,measured,23,518608,4394056,4912664,110,0,0,4096,4095,1,Pass,Pass,7876534982476418273
1,33,38,Adefs,Adefs,1MiB,1048576,8192,337a179ec729c20c01309d98317f7ca00691d12ca10285b55ade71fb880e191c,measured,23,61449,633507,694956,141,0,0,4096,4095,1,Pass,Pass,16341657278089853397
1,33,39,Adrop,Adrop,16MiB,16777216,131072,0c00f8138e0e622f6fc7215fc0f0d135e79bf60450e4c79d30e30624a8842117,measured,23,3064693,20500789,23565482,17024554,1,131072,131072,131071,1,Pass,Pass,7408339909486172793
1,34,0,Adrop,Adrop,2MiB,2097152,16384,6587afedd7c0f949b131311e7425d033a0754a29587f85f26ec370a31fc4edf0,measured,24,115959,1203533,1319492,2123310,1,16384,16384,16383,1,Pass,Pass,7349817109290025153
1,34,1,A0,A0,8MiB,8388608,65536,e456d3adf67030c5a168df273f5171ca3e1299e54571d94cca82b117f3cf3aeb,measured,24,1448274,11289833,12738107,126,0,0,16384,16383,1,Pass,Pass,9713268438230653554
1,34,2,Acapacity,Acapacity,1MiB,1048576,8192,337a179ec729c20c01309d98317f7ca00691d12ca10285b55ade71fb880e191c,measured,24,57828,641856,699684,81,0,0,16384,16383,1,Pass,Pass,16341657278089853397
1,34,3,Acapacity,Acapacity,512KiB,524288,4096,155dfc49f4c05f1087ef002a279acee734e738bc580f2b3925315f95a108242b,measured,24,29223,315878,345101,36,0,0,16384,16383,1,Pass,Pass,192086794746352270
1,34,4,Adrop,Adrop,1MiB,1048576,8192,337a179ec729c20c01309d98317f7ca00691d12ca10285b55ade71fb880e191c,measured,24,57561,522144,579705,668252,1,8192,8192,8191,1,Pass,Pass,16341657278089853397
1,34,5,A0,A0,128KiB,131072,1024,22e51081397aebb06a1c4c3f85bd08a6e7041a438f4aae416970027e1ddbb24e,measured,24,6597,80327,86924,49,0,0,8192,8191,1,Pass,Pass,15067928572581534229
1,34,6,A0,A0,4MiB,4194304,32768,f9dc4b51d64658b088837d5f2a7d485e8eba57daed852c20d443b77cc8137655,measured,24,544269,4476185,5020454,282,0,0,8192,8191,1,Pass,Pass,7876534982476418273
1,34,7,A0,A0,16MiB,16777216,131072,0c00f8138e0e622f6fc7215fc0f0d135e79bf60450e4c79d30e30624a8842117,measured,24,2947486,27328210,30275696,390,0,0,8192,8191,1,Pass,Pass,7408339909486172793
1,34,8,Adrop,Adrop,128KiB,131072,1024,22e51081397aebb06a1c4c3f85bd08a6e7041a438f4aae416970027e1ddbb24e,measured,24,7111,66102,73213,80327,1,1024,1024,1023,1,Pass,Pass,15067928572581534229
1,34,9,Adrop,Adrop,8MiB,8388608,65536,e456d3adf67030c5a168df273f5171ca3e1299e54571d94cca82b117f3cf3aeb,measured,24,1406084,9439911,10845995,8876502,1,65536,65536,65535,1,Pass,Pass,9713268438230653554
1,34,10,A0-dup,A0,128KiB,131072,1024,22e51081397aebb06a1c4c3f85bd08a6e7041a438f4aae416970027e1ddbb24e,measured,24,6854,84209,91063,160,0,0,65536,65535,1,Pass,Pass,15067928572581534229
1,34,11,A0-dup,A0,16MiB,16777216,131072,0c00f8138e0e622f6fc7215fc0f0d135e79bf60450e4c79d30e30624a8842117,measured,24,3081705,23610632,26692337,224,0,0,65536,65535,1,Pass,Pass,7408339909486172793
1,34,12,Acapacity,Acapacity,4MiB,4194304,32768,f9dc4b51d64658b088837d5f2a7d485e8eba57daed852c20d443b77cc8137655,measured,24,460215,4352270,4812485,113,0,0,65536,65535,1,Pass,Pass,7876534982476418273
1,34,13,A0-dup,A0,2MiB,2097152,16384,6587afedd7c0f949b131311e7425d033a0754a29587f85f26ec370a31fc4edf0,measured,24,115286,1451603,1566889,251,0,0,65536,65535,1,Pass,Pass,7349817109290025153
1,34,14,A0-dup,A0,1MiB,1048576,8192,337a179ec729c20c01309d98317f7ca00691d12ca10285b55ade71fb880e191c,measured,24,57827,675175,733002,100,0,0,65536,65535,1,Pass,Pass,16341657278089853397
1,34,15,A0,A0,2MiB,2097152,16384,6587afedd7c0f949b131311e7425d033a0754a29587f85f26ec370a31fc4edf0,measured,24,114301,1414906,1529207,94,0,0,65536,65535,1,Pass,Pass,7349817109290025153
1,34,16,Adefs,Adefs,512KiB,524288,4096,155dfc49f4c05f1087ef002a279acee734e738bc580f2b3925315f95a108242b,measured,24,29409,307182,336591,99,0,0,65536,65535,1,Pass,Pass,192086794746352270
1,34,17,A0-dup,A0,4MiB,4194304,32768,f9dc4b51d64658b088837d5f2a7d485e8eba57daed852c20d443b77cc8137655,measured,24,549765,4460987,5010752,105,0,0,65536,65535,1,Pass,Pass,7876534982476418273
1,34,18,Acapacity,Acapacity,8MiB,8388608,65536,e456d3adf67030c5a168df273f5171ca3e1299e54571d94cca82b117f3cf3aeb,measured,24,1417975,11389172,12807147,135,0,0,65536,65535,1,Pass,Pass,9713268438230653554
1,34,19,Acapacity,Acapacity,256KiB,262144,2048,6f0154469137295abd7b45b25bc83aace599559234fd5f331140bd800c48b670,measured,24,14472,157911,172383,101,0,0,65536,65535,1,Pass,Pass,1126272383489710074
1,34,20,Adefs,Adefs,128KiB,131072,1024,22e51081397aebb06a1c4c3f85bd08a6e7041a438f4aae416970027e1ddbb24e,measured,24,6753,77320,84073,51,0,0,65536,65535,1,Pass,Pass,15067928572581534229
1,34,21,A0,A0,1MiB,1048576,8192,337a179ec729c20c01309d98317f7ca00691d12ca10285b55ade71fb880e191c,measured,24,75741,687754,763495,166,0,0,65536,65535,1,Pass,Pass,16341657278089853397
1,34,22,Adrop,Adrop,512KiB,524288,4096,155dfc49f4c05f1087ef002a279acee734e738bc580f2b3925315f95a108242b,measured,24,29080,256729,285809,312577,1,4096,4096,4095,1,Pass,Pass,192086794746352270
1,34,23,A0-dup,A0,8MiB,8388608,65536,e456d3adf67030c5a168df273f5171ca3e1299e54571d94cca82b117f3cf3aeb,measured,24,1395521,11348897,12744418,459,0,0,4096,4095,1,Pass,Pass,9713268438230653554
1,34,24,Adefs,Adefs,8MiB,8388608,65536,e456d3adf67030c5a168df273f5171ca3e1299e54571d94cca82b117f3cf3aeb,measured,24,1386380,10264314,11650694,284,0,0,4096,4095,1,Pass,Pass,9713268438230653554
1,34,25,Adefs,Adefs,1MiB,1048576,8192,337a179ec729c20c01309d98317f7ca00691d12ca10285b55ade71fb880e191c,measured,24,58620,611762,670382,163,0,0,4096,4095,1,Pass,Pass,16341657278089853397
1,34,26,Adefs,Adefs,16MiB,16777216,131072,0c00f8138e0e622f6fc7215fc0f0d135e79bf60450e4c79d30e30624a8842117,measured,24,3064661,21397810,24462471,159,0,0,4096,4095,1,Pass,Pass,7408339909486172793
1,34,27,Adrop,Adrop,256KiB,262144,2048,6f0154469137295abd7b45b25bc83aace599559234fd5f331140bd800c48b670,measured,24,14347,135378,149725,157426,1,2048,2048,2047,1,Pass,Pass,1126272383489710074
1,34,28,Acapacity,Acapacity,16MiB,16777216,131072,0c00f8138e0e622f6fc7215fc0f0d135e79bf60450e4c79d30e30624a8842117,measured,24,3021343,22988321,26009664,199,0,0,2048,2047,1,Pass,Pass,7408339909486172793
1,34,29,Adefs,Adefs,256KiB,262144,2048,6f0154469137295abd7b45b25bc83aace599559234fd5f331140bd800c48b670,measured,24,14156,152244,166400,99,0,0,2048,2047,1,Pass,Pass,1126272383489710074
1,34,30,A0-dup,A0,512KiB,524288,4096,155dfc49f4c05f1087ef002a279acee734e738bc580f2b3925315f95a108242b,measured,24,29410,334156,363566,83,0,0,2048,2047,1,Pass,Pass,192086794746352270
1,34,31,Adefs,Adefs,4MiB,4194304,32768,f9dc4b51d64658b088837d5f2a7d485e8eba57daed852c20d443b77cc8137655,measured,24,369258,3986517,4355775,235,0,0,2048,2047,1,Pass,Pass,7876534982476418273
1,34,32,A0,A0,512KiB,524288,4096,155dfc49f4c05f1087ef002a279acee734e738bc580f2b3925315f95a108242b,measured,24,29145,328029,357174,49,0,0,2048,2047,1,Pass,Pass,192086794746352270
1,34,33,A0-dup,A0,256KiB,262144,2048,6f0154469137295abd7b45b25bc83aace599559234fd5f331140bd800c48b670,measured,24,13769,158856,172625,35,0,0,2048,2047,1,Pass,Pass,1126272383489710074
1,34,34,Acapacity,Acapacity,128KiB,131072,1024,22e51081397aebb06a1c4c3f85bd08a6e7041a438f4aae416970027e1ddbb24e,measured,24,6616,77995,84611,53,0,0,2048,2047,1,Pass,Pass,15067928572581534229
1,34,35,Acapacity,Acapacity,2MiB,2097152,16384,6587afedd7c0f949b131311e7425d033a0754a29587f85f26ec370a31fc4edf0,measured,24,121171,1459412,1580583,113,0,0,2048,2047,1,Pass,Pass,7349817109290025153
1,34,36,A0,A0,256KiB,262144,2048,6f0154469137295abd7b45b25bc83aace599559234fd5f331140bd800c48b670,measured,24,14048,160645,174693,103,0,0,2048,2047,1,Pass,Pass,1126272383489710074
1,34,37,Adrop,Adrop,16MiB,16777216,131072,0c00f8138e0e622f6fc7215fc0f0d135e79bf60450e4c79d30e30624a8842117,measured,24,3064345,20456634,23520979,18002910,1,131072,131072,131071,1,Pass,Pass,7408339909486172793
1,34,38,Adrop,Adrop,4MiB,4194304,32768,f9dc4b51d64658b088837d5f2a7d485e8eba57daed852c20d443b77cc8137655,measured,24,404968,3602244,4007212,4745005,1,32768,32768,32767,1,Pass,Pass,7876534982476418273
1,34,39,Adefs,Adefs,2MiB,2097152,16384,6587afedd7c0f949b131311e7425d033a0754a29587f85f26ec370a31fc4edf0,measured,24,130806,1428187,1558993,296,0,0,32768,32767,1,Pass,Pass,7349817109290025153
1,35,0,A0,A0,128KiB,131072,1024,22e51081397aebb06a1c4c3f85bd08a6e7041a438f4aae416970027e1ddbb24e,measured,25,6738,81550,88288,71,0,0,32768,32767,1,Pass,Pass,15067928572581534229
1,35,1,Adefs,Adefs,256KiB,262144,2048,6f0154469137295abd7b45b25bc83aace599559234fd5f331140bd800c48b670,measured,25,13687,145466,159153,48,0,0,32768,32767,1,Pass,Pass,1126272383489710074
1,35,2,Adrop,Adrop,128KiB,131072,1024,22e51081397aebb06a1c4c3f85bd08a6e7041a438f4aae416970027e1ddbb24e,measured,25,6513,63293,69806,80673,1,1024,1024,1023,1,Pass,Pass,15067928572581534229
1,35,3,A0,A0,2MiB,2097152,16384,6587afedd7c0f949b131311e7425d033a0754a29587f85f26ec370a31fc4edf0,measured,25,118713,1475430,1594143,203,0,0,1024,1023,1,Pass,Pass,7349817109290025153
1,35,4,Acapacity,Acapacity,8MiB,8388608,65536,e456d3adf67030c5a168df273f5171ca3e1299e54571d94cca82b117f3cf3aeb,measured,25,1382480,11315449,12697929,124,0,0,1024,1023,1,Pass,Pass,9713268438230653554
1,35,5,A0,A0,16MiB,16777216,131072,0c00f8138e0e622f6fc7215fc0f0d135e79bf60450e4c79d30e30624a8842117,measured,25,2958249,27289772,30248021,341,0,0,1024,1023,1,Pass,Pass,7408339909486172793
1,35,6,A0,A0,256KiB,262144,2048,6f0154469137295abd7b45b25bc83aace599559234fd5f331140bd800c48b670,measured,25,13998,162037,176035,107,0,0,1024,1023,1,Pass,Pass,1126272383489710074
1,35,7,Acapacity,Acapacity,256KiB,262144,2048,6f0154469137295abd7b45b25bc83aace599559234fd5f331140bd800c48b670,measured,25,13685,153847,167532,34,0,0,1024,1023,1,Pass,Pass,1126272383489710074
1,35,8,Adefs,Adefs,128KiB,131072,1024,22e51081397aebb06a1c4c3f85bd08a6e7041a438f4aae416970027e1ddbb24e,measured,25,6619,74449,81068,49,0,0,1024,1023,1,Pass,Pass,15067928572581534229
1,35,9,A0-dup,A0,256KiB,262144,2048,6f0154469137295abd7b45b25bc83aace599559234fd5f331140bd800c48b670,measured,25,13594,156390,169984,31,0,0,1024,1023,1,Pass,Pass,1126272383489710074
1,35,10,Adrop,Adrop,16MiB,16777216,131072,0c00f8138e0e622f6fc7215fc0f0d135e79bf60450e4c79d30e30624a8842117,measured,25,3073906,20332580,23406486,16805475,1,131072,131072,131071,1,Pass,Pass,7408339909486172793
1,35,11,Acapacity,Acapacity,16MiB,16777216,131072,0c00f8138e0e622f6fc7215fc0f0d135e79bf60450e4c79d30e30624a8842117,measured,25,3101263,26308066,29409329,483,0,0,131072,131071,1,Pass,Pass,7408339909486172793
1,35,12,Adefs,Adefs,512KiB,524288,4096,155dfc49f4c05f1087ef002a279acee734e738bc580f2b3925315f95a108242b,measured,25,29422,318307,347729,129,0,0,131072,131071,1,Pass,Pass,192086794746352270
1,35,13,Adrop,Adrop,8MiB,8388608,65536,e456d3adf67030c5a168df273f5171ca3e1299e54571d94cca82b117f3cf3aeb,measured,25,1469109,9493666,10962775,9436164,1,65536,65536,65535,1,Pass,Pass,9713268438230653554
1,35,14,A0-dup,A0,128KiB,131072,1024,22e51081397aebb06a1c4c3f85bd08a6e7041a438f4aae416970027e1ddbb24e,measured,25,7290,82145,89435,231,0,0,65536,65535,1,Pass,Pass,15067928572581534229
1,35,15,A0,A0,4MiB,4194304,32768,f9dc4b51d64658b088837d5f2a7d485e8eba57daed852c20d443b77cc8137655,measured,25,459902,4174569,4634471,259,0,0,65536,65535,1,Pass,Pass,7876534982476418273
1,35,16,Acapacity,Acapacity,128KiB,131072,1024,22e51081397aebb06a1c4c3f85bd08a6e7041a438f4aae416970027e1ddbb24e,measured,25,7063,80377,87440,116,0,0,65536,65535,1,Pass,Pass,15067928572581534229
1,35,17,A0,A0,1MiB,1048576,8192,337a179ec729c20c01309d98317f7ca00691d12ca10285b55ade71fb880e191c,measured,25,57983,679432,737415,74,0,0,65536,65535,1,Pass,Pass,16341657278089853397
1,35,18,Adefs,Adefs,16MiB,16777216,131072,0c00f8138e0e622f6fc7215fc0f0d135e79bf60450e4c79d30e30624a8842117,measured,25,3089846,21402069,24491915,106,0,0,65536,65535,1,Pass,Pass,7408339909486172793
1,35,19,A0,A0,8MiB,8388608,65536,e456d3adf67030c5a168df273f5171ca3e1299e54571d94cca82b117f3cf3aeb,measured,25,1441406,10857367,12298773,346,0,0,65536,65535,1,Pass,Pass,9713268438230653554
1,35,20,Adefs,Adefs,4MiB,4194304,32768,f9dc4b51d64658b088837d5f2a7d485e8eba57daed852c20d443b77cc8137655,measured,25,360160,4018654,4378814,213,0,0,65536,65535,1,Pass,Pass,7876534982476418273
1,35,21,Acapacity,Acapacity,1MiB,1048576,8192,337a179ec729c20c01309d98317f7ca00691d12ca10285b55ade71fb880e191c,measured,25,58589,635950,694539,59,0,0,65536,65535,1,Pass,Pass,16341657278089853397
1,35,22,Adefs,Adefs,1MiB,1048576,8192,337a179ec729c20c01309d98317f7ca00691d12ca10285b55ade71fb880e191c,measured,25,58723,688973,747696,141,0,0,65536,65535,1,Pass,Pass,16341657278089853397
1,35,23,Adrop,Adrop,4MiB,4194304,32768,f9dc4b51d64658b088837d5f2a7d485e8eba57daed852c20d443b77cc8137655,measured,25,641482,4151769,4793251,4587681,1,32768,32768,32767,1,Pass,Pass,7876534982476418273
1,35,24,Adrop,Adrop,1MiB,1048576,8192,337a179ec729c20c01309d98317f7ca00691d12ca10285b55ade71fb880e191c,measured,25,57642,523356,580998,649948,1,8192,8192,8191,1,Pass,Pass,16341657278089853397
1,35,25,A0-dup,A0,16MiB,16777216,131072,0c00f8138e0e622f6fc7215fc0f0d135e79bf60450e4c79d30e30624a8842117,measured,25,3010315,23379585,26389900,378,0,0,8192,8191,1,Pass,Pass,7408339909486172793
1,35,26,Adrop,Adrop,2MiB,2097152,16384,6587afedd7c0f949b131311e7425d033a0754a29587f85f26ec370a31fc4edf0,measured,25,131150,1235359,1366509,2013846,1,16384,16384,16383,1,Pass,Pass,7349817109290025153
1,35,27,Adefs,Adefs,2MiB,2097152,16384,6587afedd7c0f949b131311e7425d033a0754a29587f85f26ec370a31fc4edf0,measured,25,130548,1431508,1562056,297,0,0,16384,16383,1,Pass,Pass,7349817109290025153
1,35,28,Acapacity,Acapacity,2MiB,2097152,16384,6587afedd7c0f949b131311e7425d033a0754a29587f85f26ec370a31fc4edf0,measured,25,116278,1421932,1538210,276,0,0,16384,16383,1,Pass,Pass,7349817109290025153
1,35,29,Adefs,Adefs,8MiB,8388608,65536,e456d3adf67030c5a168df273f5171ca3e1299e54571d94cca82b117f3cf3aeb,measured,25,1469966,10215183,11685149,154,0,0,16384,16383,1,Pass,Pass,9713268438230653554
1,35,30,A0-dup,A0,2MiB,2097152,16384,6587afedd7c0f949b131311e7425d033a0754a29587f85f26ec370a31fc4edf0,measured,25,116524,1479020,1595544,351,0,0,16384,16383,1,Pass,Pass,7349817109290025153
1,35,31,A0,A0,512KiB,524288,4096,155dfc49f4c05f1087ef002a279acee734e738bc580f2b3925315f95a108242b,measured,25,29470,320735,350205,82,0,0,16384,16383,1,Pass,Pass,192086794746352270
1,35,32,A0-dup,A0,512KiB,524288,4096,155dfc49f4c05f1087ef002a279acee734e738bc580f2b3925315f95a108242b,measured,25,28806,325375,354181,43,0,0,16384,16383,1,Pass,Pass,192086794746352270
1,35,33,Acapacity,Acapacity,4MiB,4194304,32768,f9dc4b51d64658b088837d5f2a7d485e8eba57daed852c20d443b77cc8137655,measured,25,516471,4362099,4878570,227,0,0,16384,16383,1,Pass,Pass,7876534982476418273
1,35,34,A0-dup,A0,1MiB,1048576,8192,337a179ec729c20c01309d98317f7ca00691d12ca10285b55ade71fb880e191c,measured,25,58185,672557,730742,266,0,0,16384,16383,1,Pass,Pass,16341657278089853397
1,35,35,Adrop,Adrop,256KiB,262144,2048,6f0154469137295abd7b45b25bc83aace599559234fd5f331140bd800c48b670,measured,25,13754,124153,137907,155929,1,2048,2048,2047,1,Pass,Pass,1126272383489710074
1,35,36,Acapacity,Acapacity,512KiB,524288,4096,155dfc49f4c05f1087ef002a279acee734e738bc580f2b3925315f95a108242b,measured,25,29224,311510,340734,75,0,0,2048,2047,1,Pass,Pass,192086794746352270
1,35,37,A0-dup,A0,8MiB,8388608,65536,e456d3adf67030c5a168df273f5171ca3e1299e54571d94cca82b117f3cf3aeb,measured,25,1455991,10749348,12205339,203,0,0,2048,2047,1,Pass,Pass,9713268438230653554
1,35,38,Adrop,Adrop,512KiB,524288,4096,155dfc49f4c05f1087ef002a279acee734e738bc580f2b3925315f95a108242b,measured,25,29817,265667,295484,316139,1,4096,4096,4095,1,Pass,Pass,192086794746352270
1,35,39,A0-dup,A0,4MiB,4194304,32768,f9dc4b51d64658b088837d5f2a7d485e8eba57daed852c20d443b77cc8137655,measured,25,501284,4340171,4841455,362,0,0,4096,4095,1,Pass,Pass,7876534982476418273
1,36,0,A0,A0,16MiB,16777216,131072,0c00f8138e0e622f6fc7215fc0f0d135e79bf60450e4c79d30e30624a8842117,measured,26,3098701,22510329,25609030,408,0,0,4096,4095,1,Pass,Pass,7408339909486172793
1,36,1,Adefs,Adefs,8MiB,8388608,65536,e456d3adf67030c5a168df273f5171ca3e1299e54571d94cca82b117f3cf3aeb,measured,26,1445128,9465094,10910222,217,0,0,4096,4095,1,Pass,Pass,9713268438230653554
1,36,2,A0,A0,512KiB,524288,4096,155dfc49f4c05f1087ef002a279acee734e738bc580f2b3925315f95a108242b,measured,26,29771,334313,364084,84,0,0,4096,4095,1,Pass,Pass,192086794746352270
1,36,3,Acapacity,Acapacity,16MiB,16777216,131072,0c00f8138e0e622f6fc7215fc0f0d135e79bf60450e4c79d30e30624a8842117,measured,26,3019691,22982788,26002479,306,0,0,4096,4095,1,Pass,Pass,7408339909486172793
1,36,4,Adrop,Adrop,4MiB,4194304,32768,f9dc4b51d64658b088837d5f2a7d485e8eba57daed852c20d443b77cc8137655,measured,26,530227,4012282,4542509,4435092,1,32768,32768,32767,1,Pass,Pass,7876534982476418273
1,36,5,A0,A0,1MiB,1048576,8192,337a179ec729c20c01309d98317f7ca00691d12ca10285b55ade71fb880e191c,measured,26,58062,673507,731569,161,0,0,32768,32767,1,Pass,Pass,16341657278089853397
1,36,6,Adrop,Adrop,2MiB,2097152,16384,6587afedd7c0f949b131311e7425d033a0754a29587f85f26ec370a31fc4edf0,measured,26,118149,1244998,1363147,1879751,1,16384,16384,16383,1,Pass,Pass,7349817109290025153
1,36,7,A0-dup,A0,1MiB,1048576,8192,337a179ec729c20c01309d98317f7ca00691d12ca10285b55ade71fb880e191c,measured,26,58150,673622,731772,103,0,0,16384,16383,1,Pass,Pass,16341657278089853397
1,36,8,Acapacity,Acapacity,256KiB,262144,2048,6f0154469137295abd7b45b25bc83aace599559234fd5f331140bd800c48b670,measured,26,13759,155296,169055,52,0,0,16384,16383,1,Pass,Pass,1126272383489710074
1,36,9,A0,A0,2MiB,2097152,16384,6587afedd7c0f949b131311e7425d033a0754a29587f85f26ec370a31fc4edf0,measured,26,124065,1507643,1631708,106,0,0,16384,16383,1,Pass,Pass,7349817109290025153
1,36,10,Adefs,Adefs,512KiB,524288,4096,155dfc49f4c05f1087ef002a279acee734e738bc580f2b3925315f95a108242b,measured,26,30025,315081,345106,86,0,0,16384,16383,1,Pass,Pass,192086794746352270
1,36,11,Adrop,Adrop,16MiB,16777216,131072,0c00f8138e0e622f6fc7215fc0f0d135e79bf60450e4c79d30e30624a8842117,measured,26,3007670,20651626,23659296,20442772,1,131072,131072,131071,1,Pass,Pass,7408339909486172793
1,36,12,Adefs,Adefs,1MiB,1048576,8192,337a179ec729c20c01309d98317f7ca00691d12ca10285b55ade71fb880e191c,measured,26,57957,614092,672049,201,0,0,131072,131071,1,Pass,Pass,16341657278089853397
1,36,13,A0,A0,4MiB,4194304,32768,f9dc4b51d64658b088837d5f2a7d485e8eba57daed852c20d443b77cc8137655,measured,26,417875,4536580,4954455,136,0,0,131072,131071,1,Pass,Pass,7876534982476418273
1,36,14,Adefs,Adefs,16MiB,16777216,131072,0c00f8138e0e622f6fc7215fc0f0d135e79bf60450e4c79d30e30624a8842117,measured,26,3080835,24943258,28024093,544,0,0,131072,131071,1,Pass,Pass,7408339909486172793
1,36,15,Adrop,Adrop,8MiB,8388608,65536,e456d3adf67030c5a168df273f5171ca3e1299e54571d94cca82b117f3cf3aeb,measured,26,1442995,9398189,10841184,9745964,1,65536,65536,65535,1,Pass,Pass,9713268438230653554
1,36,16,Acapacity,Acapacity,1MiB,1048576,8192,337a179ec729c20c01309d98317f7ca00691d12ca10285b55ade71fb880e191c,measured,26,57958,632528,690486,477,0,0,65536,65535,1,Pass,Pass,16341657278089853397
1,36,17,Acapacity,Acapacity,4MiB,4194304,32768,f9dc4b51d64658b088837d5f2a7d485e8eba57daed852c20d443b77cc8137655,measured,26,388073,3936277,4324350,125,0,0,65536,65535,1,Pass,Pass,7876534982476418273
1,36,18,Adrop,Adrop,256KiB,262144,2048,6f0154469137295abd7b45b25bc83aace599559234fd5f331140bd800c48b670,measured,26,14113,126927,141040,162673,1,2048,2048,2047,1,Pass,Pass,1126272383489710074
1,36,19,A0-dup,A0,4MiB,4194304,32768,f9dc4b51d64658b088837d5f2a7d485e8eba57daed852c20d443b77cc8137655,measured,26,465443,4197036,4662479,117,0,0,2048,2047,1,Pass,Pass,7876534982476418273
1,36,20,Adefs,Adefs,2MiB,2097152,16384,6587afedd7c0f949b131311e7425d033a0754a29587f85f26ec370a31fc4edf0,measured,26,116443,1348564,1465007,91,0,0,2048,2047,1,Pass,Pass,7349817109290025153
1,36,21,Adrop,Adrop,128KiB,131072,1024,22e51081397aebb06a1c4c3f85bd08a6e7041a438f4aae416970027e1ddbb24e,measured,26,7054,64748,71802,80248,1,1024,1024,1023,1,Pass,Pass,15067928572581534229
1,36,22,A0-dup,A0,128KiB,131072,1024,22e51081397aebb06a1c4c3f85bd08a6e7041a438f4aae416970027e1ddbb24e,measured,26,6539,79519,86058,62,0,0,1024,1023,1,Pass,Pass,15067928572581534229
1,36,23,A0-dup,A0,512KiB,524288,4096,155dfc49f4c05f1087ef002a279acee734e738bc580f2b3925315f95a108242b,measured,26,28813,325761,354574,33,0,0,1024,1023,1,Pass,Pass,192086794746352270
1,36,24,A0-dup,A0,256KiB,262144,2048,6f0154469137295abd7b45b25bc83aace599559234fd5f331140bd800c48b670,measured,26,14166,170702,184868,53,0,0,1024,1023,1,Pass,Pass,1126272383489710074
1,36,25,A0-dup,A0,16MiB,16777216,131072,0c00f8138e0e622f6fc7215fc0f0d135e79bf60450e4c79d30e30624a8842117,measured,26,3289139,24161024,27450163,399,0,0,1024,1023,1,Pass,Pass,7408339909486172793
1,36,26,A0-dup,A0,2MiB,2097152,16384,6587afedd7c0f949b131311e7425d033a0754a29587f85f26ec370a31fc4edf0,measured,26,133241,1546478,1679719,98,0,0,1024,1023,1,Pass,Pass,7349817109290025153
1,36,27,Acapacity,Acapacity,8MiB,8388608,65536,e456d3adf67030c5a168df273f5171ca3e1299e54571d94cca82b117f3cf3aeb,measured,26,1349173,10516652,11865825,108,0,0,1024,1023,1,Pass,Pass,9713268438230653554
1,36,28,Adefs,Adefs,256KiB,262144,2048,6f0154469137295abd7b45b25bc83aace599559234fd5f331140bd800c48b670,measured,26,14595,163918,178513,92,0,0,1024,1023,1,Pass,Pass,1126272383489710074
1,36,29,A0,A0,256KiB,262144,2048,6f0154469137295abd7b45b25bc83aace599559234fd5f331140bd800c48b670,measured,26,13776,158925,172701,33,0,0,1024,1023,1,Pass,Pass,1126272383489710074
1,36,30,Adrop,Adrop,512KiB,524288,4096,155dfc49f4c05f1087ef002a279acee734e738bc580f2b3925315f95a108242b,measured,26,29213,270438,299651,316729,1,4096,4096,4095,1,Pass,Pass,192086794746352270
1,36,31,Adrop,Adrop,1MiB,1048576,8192,337a179ec729c20c01309d98317f7ca00691d12ca10285b55ade71fb880e191c,measured,26,61724,538904,600628,696713,1,8192,8192,8191,1,Pass,Pass,16341657278089853397
1,36,32,Acapacity,Acapacity,2MiB,2097152,16384,6587afedd7c0f949b131311e7425d033a0754a29587f85f26ec370a31fc4edf0,measured,26,147453,1628233,1775686,317,0,0,8192,8191,1,Pass,Pass,7349817109290025153
1,36,33,A0,A0,8MiB,8388608,65536,e456d3adf67030c5a168df273f5171ca3e1299e54571d94cca82b117f3cf3aeb,measured,26,1351738,11073013,12424751,244,0,0,8192,8191,1,Pass,Pass,9713268438230653554
1,36,34,Acapacity,Acapacity,128KiB,131072,1024,22e51081397aebb06a1c4c3f85bd08a6e7041a438f4aae416970027e1ddbb24e,measured,26,6810,81044,87854,49,0,0,8192,8191,1,Pass,Pass,15067928572581534229
1,36,35,Adefs,Adefs,4MiB,4194304,32768,f9dc4b51d64658b088837d5f2a7d485e8eba57daed852c20d443b77cc8137655,measured,26,507603,4196851,4704454,429,0,0,8192,8191,1,Pass,Pass,7876534982476418273
1,36,36,Adefs,Adefs,128KiB,131072,1024,22e51081397aebb06a1c4c3f85bd08a6e7041a438f4aae416970027e1ddbb24e,measured,26,7071,76238,83309,84,0,0,8192,8191,1,Pass,Pass,15067928572581534229
1,36,37,A0-dup,A0,8MiB,8388608,65536,e456d3adf67030c5a168df273f5171ca3e1299e54571d94cca82b117f3cf3aeb,measured,26,1421752,11110822,12532574,265,0,0,8192,8191,1,Pass,Pass,9713268438230653554
1,36,38,A0,A0,128KiB,131072,1024,22e51081397aebb06a1c4c3f85bd08a6e7041a438f4aae416970027e1ddbb24e,measured,26,7216,82978,90194,79,0,0,8192,8191,1,Pass,Pass,15067928572581534229
1,36,39,Acapacity,Acapacity,512KiB,524288,4096,155dfc49f4c05f1087ef002a279acee734e738bc580f2b3925315f95a108242b,measured,26,28754,318361,347115,35,0,0,8192,8191,1,Pass,Pass,192086794746352270
1,37,0,Adrop,Adrop,128KiB,131072,1024,22e51081397aebb06a1c4c3f85bd08a6e7041a438f4aae416970027e1ddbb24e,measured,27,6619,62851,69470,82337,1,1024,1024,1023,1,Pass,Pass,15067928572581534229
1,37,1,Adrop,Adrop,1MiB,1048576,8192,337a179ec729c20c01309d98317f7ca00691d12ca10285b55ade71fb880e191c,measured,27,57619,535525,593144,686995,1,8192,8192,8191,1,Pass,Pass,16341657278089853397
1,37,2,Adrop,Adrop,2MiB,2097152,16384,6587afedd7c0f949b131311e7425d033a0754a29587f85f26ec370a31fc4edf0,measured,27,121797,1232294,1354091,1935238,1,16384,16384,16383,1,Pass,Pass,7349817109290025153
1,37,3,Acapacity,Acapacity,1MiB,1048576,8192,337a179ec729c20c01309d98317f7ca00691d12ca10285b55ade71fb880e191c,measured,27,58010,631772,689782,87,0,0,16384,16383,1,Pass,Pass,16341657278089853397
1,37,4,Adefs,Adefs,128KiB,131072,1024,22e51081397aebb06a1c4c3f85bd08a6e7041a438f4aae416970027e1ddbb24e,measured,27,6677,75313,81990,51,0,0,16384,16383,1,Pass,Pass,15067928572581534229
1,37,5,A0,A0,8MiB,8388608,65536,e456d3adf67030c5a168df273f5171ca3e1299e54571d94cca82b117f3cf3aeb,measured,27,1378033,10571130,11949163,250,0,0,16384,16383,1,Pass,Pass,9713268438230653554
1,37,6,A0,A0,512KiB,524288,4096,155dfc49f4c05f1087ef002a279acee734e738bc580f2b3925315f95a108242b,measured,27,29642,336291,365933,94,0,0,16384,16383,1,Pass,Pass,192086794746352270
1,37,7,A0-dup,A0,4MiB,4194304,32768,f9dc4b51d64658b088837d5f2a7d485e8eba57daed852c20d443b77cc8137655,measured,27,472797,4232343,4705140,263,0,0,16384,16383,1,Pass,Pass,7876534982476418273
1,37,8,A0,A0,2MiB,2097152,16384,6587afedd7c0f949b131311e7425d033a0754a29587f85f26ec370a31fc4edf0,measured,27,119539,1519145,1638684,259,0,0,16384,16383,1,Pass,Pass,7349817109290025153
1,37,9,Acapacity,Acapacity,4MiB,4194304,32768,f9dc4b51d64658b088837d5f2a7d485e8eba57daed852c20d443b77cc8137655,measured,27,394745,4099490,4494235,264,0,0,16384,16383,1,Pass,Pass,7876534982476418273
1,37,10,A0-dup,A0,512KiB,524288,4096,155dfc49f4c05f1087ef002a279acee734e738bc580f2b3925315f95a108242b,measured,27,29422,330900,360322,31,0,0,16384,16383,1,Pass,Pass,192086794746352270
1,37,11,Adrop,Adrop,4MiB,4194304,32768,f9dc4b51d64658b088837d5f2a7d485e8eba57daed852c20d443b77cc8137655,measured,27,431322,3372861,3804183,4822908,1,32768,32768,32767,1,Pass,Pass,7876534982476418273
1,37,12,Acapacity,Acapacity,2MiB,2097152,16384,6587afedd7c0f949b131311e7425d033a0754a29587f85f26ec370a31fc4edf0,measured,27,119399,1462831,1582230,185,0,0,32768,32767,1,Pass,Pass,7349817109290025153
1,37,13,A0-dup,A0,256KiB,262144,2048,6f0154469137295abd7b45b25bc83aace599559234fd5f331140bd800c48b670,measured,27,13826,164283,178109,107,0,0,32768,32767,1,Pass,Pass,1126272383489710074
1,37,14,Adefs,Adefs,1MiB,1048576,8192,337a179ec729c20c01309d98317f7ca00691d12ca10285b55ade71fb880e191c,measured,27,58118,608857,666975,51,0,0,32768,32767,1,Pass,Pass,16341657278089853397
1,37,15,Acapacity,Acapacity,512KiB,524288,4096,155dfc49f4c05f1087ef002a279acee734e738bc580f2b3925315f95a108242b,measured,27,29388,312346,341734,33,0,0,32768,32767,1,Pass,Pass,192086794746352270
1,37,16,Adrop,Adrop,512KiB,524288,4096,155dfc49f4c05f1087ef002a279acee734e738bc580f2b3925315f95a108242b,measured,27,29420,262381,291801,324447,1,4096,4096,4095,1,Pass,Pass,192086794746352270
1,37,17,Acapacity,Acapacity,16MiB,16777216,131072,0c00f8138e0e622f6fc7215fc0f0d135e79bf60450e4c79d30e30624a8842117,measured,27,3098391,22827305,25925696,359,0,0,4096,4095,1,Pass,Pass,7408339909486172793
1,37,18,A0-dup,A0,1MiB,1048576,8192,337a179ec729c20c01309d98317f7ca00691d12ca10285b55ade71fb880e191c,measured,27,58256,661387,719643,175,0,0,4096,4095,1,Pass,Pass,16341657278089853397
1,37,19,Acapacity,Acapacity,8MiB,8388608,65536,e456d3adf67030c5a168df273f5171ca3e1299e54571d94cca82b117f3cf3aeb,measured,27,1519006,10524419,12043425,118,0,0,4096,4095,1,Pass,Pass,9713268438230653554
1,37,20,Adrop,Adrop,256KiB,262144,2048,6f0154469137295abd7b45b25bc83aace599559234fd5f331140bd800c48b670,measured,27,14836,151158,165994,155014,1,2048,2048,2047,1,Pass,Pass,1126272383489710074
1,37,21,Adrop,Adrop,16MiB,16777216,131072,0c00f8138e0e622f6fc7215fc0f0d135e79bf60450e4c79d30e30624a8842117,measured,27,3015607,18004879,21020486,18887428,1,131072,131072,131071,1,Pass,Pass,7408339909486172793
1,37,22,Adefs,Adefs,4MiB,4194304,32768,f9dc4b51d64658b088837d5f2a7d485e8eba57daed852c20d443b77cc8137655,measured,27,551445,4358418,4909863,460,0,0,131072,131071,1,Pass,Pass,7876534982476418273
1,37,23,A0,A0,1MiB,1048576,8192,337a179ec729c20c01309d98317f7ca00691d12ca10285b55ade71fb880e191c,measured,27,58133,674928,733061,332,0,0,131072,131071,1,Pass,Pass,16341657278089853397
1,37,24,Adefs,Adefs,512KiB,524288,4096,155dfc49f4c05f1087ef002a279acee734e738bc580f2b3925315f95a108242b,measured,27,29330,312103,341433,48,0,0,131072,131071,1,Pass,Pass,192086794746352270
1,37,25,Acapacity,Acapacity,128KiB,131072,1024,22e51081397aebb06a1c4c3f85bd08a6e7041a438f4aae416970027e1ddbb24e,measured,27,6524,78195,84719,45,0,0,131072,131071,1,Pass,Pass,15067928572581534229
1,37,26,A0-dup,A0,128KiB,131072,1024,22e51081397aebb06a1c4c3f85bd08a6e7041a438f4aae416970027e1ddbb24e,measured,27,6488,78758,85246,53,0,0,131072,131071,1,Pass,Pass,15067928572581534229
1,37,27,Adefs,Adefs,256KiB,262144,2048,6f0154469137295abd7b45b25bc83aace599559234fd5f331140bd800c48b670,measured,27,13476,150836,164312,44,0,0,131072,131071,1,Pass,Pass,1126272383489710074
1,37,28,A0,A0,4MiB,4194304,32768,f9dc4b51d64658b088837d5f2a7d485e8eba57daed852c20d443b77cc8137655,measured,27,544169,4477276,5021445,127,0,0,131072,131071,1,Pass,Pass,7876534982476418273
1,37,29,Adrop,Adrop,8MiB,8388608,65536,e456d3adf67030c5a168df273f5171ca3e1299e54571d94cca82b117f3cf3aeb,measured,27,1387948,9033116,10421064,8996579,1,65536,65536,65535,1,Pass,Pass,9713268438230653554
1,37,30,A0-dup,A0,2MiB,2097152,16384,6587afedd7c0f949b131311e7425d033a0754a29587f85f26ec370a31fc4edf0,measured,27,145918,1587691,1733609,177,0,0,65536,65535,1,Pass,Pass,7349817109290025153
1,37,31,A0,A0,256KiB,262144,2048,6f0154469137295abd7b45b25bc83aace599559234fd5f331140bd800c48b670,measured,27,13866,163097,176963,52,0,0,65536,65535,1,Pass,Pass,1126272383489710074
1,37,32,A0,A0,16MiB,16777216,131072,0c00f8138e0e622f6fc7215fc0f0d135e79bf60450e4c79d30e30624a8842117,measured,27,3074808,27387354,30462162,432,0,0,65536,65535,1,Pass,Pass,7408339909486172793
1,37,33,Adefs,Adefs,16MiB,16777216,131072,0c00f8138e0e622f6fc7215fc0f0d135e79bf60450e4c79d30e30624a8842117,measured,27,3120664,20665979,23786643,348,0,0,65536,65535,1,Pass,Pass,7408339909486172793
1,37,34,A0-dup,A0,16MiB,16777216,131072,0c00f8138e0e622f6fc7215fc0f0d135e79bf60450e4c79d30e30624a8842117,measured,27,3073790,23191284,26265074,388,0,0,65536,65535,1,Pass,Pass,7408339909486172793
1,37,35,A0,A0,128KiB,131072,1024,22e51081397aebb06a1c4c3f85bd08a6e7041a438f4aae416970027e1ddbb24e,measured,27,7020,83587,90607,190,0,0,65536,65535,1,Pass,Pass,15067928572581534229
1,37,36,Acapacity,Acapacity,256KiB,262144,2048,6f0154469137295abd7b45b25bc83aace599559234fd5f331140bd800c48b670,measured,27,13928,158066,171994,25,0,0,65536,65535,1,Pass,Pass,1126272383489710074
1,37,37,Adefs,Adefs,2MiB,2097152,16384,6587afedd7c0f949b131311e7425d033a0754a29587f85f26ec370a31fc4edf0,measured,27,132801,1442782,1575583,260,0,0,65536,65535,1,Pass,Pass,7349817109290025153
1,37,38,A0-dup,A0,8MiB,8388608,65536,e456d3adf67030c5a168df273f5171ca3e1299e54571d94cca82b117f3cf3aeb,measured,27,1376284,10637085,12013369,147,0,0,65536,65535,1,Pass,Pass,9713268438230653554
1,37,39,Adefs,Adefs,8MiB,8388608,65536,e456d3adf67030c5a168df273f5171ca3e1299e54571d94cca82b117f3cf3aeb,measured,27,1432130,9839912,11272042,127,0,0,65536,65535,1,Pass,Pass,9713268438230653554
1,38,0,A0,A0,16MiB,16777216,131072,0c00f8138e0e622f6fc7215fc0f0d135e79bf60450e4c79d30e30624a8842117,measured,28,3070988,23230831,26301819,345,0,0,65536,65535,1,Pass,Pass,7408339909486172793
1,38,1,Adefs,Adefs,16MiB,16777216,131072,0c00f8138e0e622f6fc7215fc0f0d135e79bf60450e4c79d30e30624a8842117,measured,28,3107807,20618403,23726210,290,0,0,65536,65535,1,Pass,Pass,7408339909486172793
1,38,2,A0-dup,A0,256KiB,262144,2048,6f0154469137295abd7b45b25bc83aace599559234fd5f331140bd800c48b670,measured,28,14096,161358,175454,104,0,0,65536,65535,1,Pass,Pass,1126272383489710074
1,38,3,A0,A0,4MiB,4194304,32768,f9dc4b51d64658b088837d5f2a7d485e8eba57daed852c20d443b77cc8137655,measured,28,531039,4568203,5099242,110,0,0,65536,65535,1,Pass,Pass,7876534982476418273
1,38,4,A0-dup,A0,512KiB,524288,4096,155dfc49f4c05f1087ef002a279acee734e738bc580f2b3925315f95a108242b,measured,28,29503,331818,361321,106,0,0,65536,65535,1,Pass,Pass,192086794746352270
1,38,5,Acapacity,Acapacity,16MiB,16777216,131072,0c00f8138e0e622f6fc7215fc0f0d135e79bf60450e4c79d30e30624a8842117,measured,28,3145722,20902254,24047976,542,0,0,65536,65535,1,Pass,Pass,7408339909486172793
1,38,6,Adrop,Adrop,128KiB,131072,1024,22e51081397aebb06a1c4c3f85bd08a6e7041a438f4aae416970027e1ddbb24e,measured,28,7659,65786,73445,82146,1,1024,1024,1023,1,Pass,Pass,15067928572581534229
1,38,7,A0-dup,A0,1MiB,1048576,8192,337a179ec729c20c01309d98317f7ca00691d12ca10285b55ade71fb880e191c,measured,28,58411,665703,724114,121,0,0,1024,1023,1,Pass,Pass,16341657278089853397
1,38,8,Adrop,Adrop,16MiB,16777216,131072,0c00f8138e0e622f6fc7215fc0f0d135e79bf60450e4c79d30e30624a8842117,measured,28,3037869,18112025,21149894,18133444,1,131072,131072,131071,1,Pass,Pass,7408339909486172793
1,38,9,A0,A0,256KiB,262144,2048,6f0154469137295abd7b45b25bc83aace599559234fd5f331140bd800c48b670,measured,28,14143,172265,186408,281,0,0,131072,131071,1,Pass,Pass,1126272383489710074
1,38,10,A0,A0,128KiB,131072,1024,22e51081397aebb06a1c4c3f85bd08a6e7041a438f4aae416970027e1ddbb24e,measured,28,6565,80259,86824,49,0,0,131072,131071,1,Pass,Pass,15067928572581534229
1,38,11,A0-dup,A0,16MiB,16777216,131072,0c00f8138e0e622f6fc7215fc0f0d135e79bf60450e4c79d30e30624a8842117,measured,28,3019400,25982368,29001768,470,0,0,131072,131071,1,Pass,Pass,7408339909486172793
1,38,12,Adefs,Adefs,8MiB,8388608,65536,e456d3adf67030c5a168df273f5171ca3e1299e54571d94cca82b117f3cf3aeb,measured,28,1368339,9779851,11148190,462,0,0,131072,131071,1,Pass,Pass,9713268438230653554
1,38,13,Adefs,Adefs,128KiB,131072,1024,22e51081397aebb06a1c4c3f85bd08a6e7041a438f4aae416970027e1ddbb24e,measured,28,7079,77265,84344,108,0,0,131072,131071,1,Pass,Pass,15067928572581534229
1,38,14,Adrop,Adrop,512KiB,524288,4096,155dfc49f4c05f1087ef002a279acee734e738bc580f2b3925315f95a108242b,measured,28,29382,262126,291508,321512,1,4096,4096,4095,1,Pass,Pass,192086794746352270
1,38,15,Adrop,Adrop,8MiB,8388608,65536,e456d3adf67030c5a168df273f5171ca3e1299e54571d94cca82b117f3cf3aeb,measured,28,1463394,9159732,10623126,10482586,1,65536,65536,65535,1,Pass,Pass,9713268438230653554
1,38,16,A0-dup,A0,4MiB,4194304,32768,f9dc4b51d64658b088837d5f2a7d485e8eba57daed852c20d443b77cc8137655,measured,28,432426,4293740,4726166,362,0,0,65536,65535,1,Pass,Pass,7876534982476418273
1,38,17,Adefs,Adefs,4MiB,4194304,32768,f9dc4b51d64658b088837d5f2a7d485e8eba57daed852c20d443b77cc8137655,measured,28,533363,4155937,4689300,202,0,0,65536,65535,1,Pass,Pass,7876534982476418273
1,38,18,A0-dup,A0,128KiB,131072,1024,22e51081397aebb06a1c4c3f85bd08a6e7041a438f4aae416970027e1ddbb24e,measured,28,6968,81733,88701,82,0,0,65536,65535,1,Pass,Pass,15067928572581534229
1,38,19,Adefs,Adefs,256KiB,262144,2048,6f0154469137295abd7b45b25bc83aace599559234fd5f331140bd800c48b670,measured,28,13784,152499,166283,87,0,0,65536,65535,1,Pass,Pass,1126272383489710074
1,38,20,Acapacity,Acapacity,8MiB,8388608,65536,e456d3adf67030c5a168df273f5171ca3e1299e54571d94cca82b117f3cf3aeb,measured,28,1418669,10377674,11796343,422,0,0,65536,65535,1,Pass,Pass,9713268438230653554
1,38,21,Acapacity,Acapacity,128KiB,131072,1024,22e51081397aebb06a1c4c3f85bd08a6e7041a438f4aae416970027e1ddbb24e,measured,28,6938,80830,87768,32,0,0,65536,65535,1,Pass,Pass,15067928572581534229
1,38,22,Adrop,Adrop,4MiB,4194304,32768,f9dc4b51d64658b088837d5f2a7d485e8eba57daed852c20d443b77cc8137655,measured,28,619355,4082618,4701973,4133041,1,32768,32768,32767,1,Pass,Pass,7876534982476418273
1,38,23,Acapacity,Acapacity,256KiB,262144,2048,6f0154469137295abd7b45b25bc83aace599559234fd5f331140bd800c48b670,measured,28,14794,157617,172411,82,0,0,32768,32767,1,Pass,Pass,1126272383489710074
1,38,24,Acapacity,Acapacity,512KiB,524288,4096,155dfc49f4c05f1087ef002a279acee734e738bc580f2b3925315f95a108242b,measured,28,28940,314635,343575,54,0,0,32768,32767,1,Pass,Pass,192086794746352270
1,38,25,A0-dup,A0,2MiB,2097152,16384,6587afedd7c0f949b131311e7425d033a0754a29587f85f26ec370a31fc4edf0,measured,28,125282,1503154,1628436,139,0,0,32768,32767,1,Pass,Pass,7349817109290025153
1,38,26,A0-dup,A0,8MiB,8388608,65536,e456d3adf67030c5a168df273f5171ca3e1299e54571d94cca82b117f3cf3aeb,measured,28,1429370,11201918,12631288,324,0,0,32768,32767,1,Pass,Pass,9713268438230653554
1,38,27,Acapacity,Acapacity,1MiB,1048576,8192,337a179ec729c20c01309d98317f7ca00691d12ca10285b55ade71fb880e191c,measured,28,57719,641671,699390,99,0,0,32768,32767,1,Pass,Pass,16341657278089853397
1,38,28,Adefs,Adefs,512KiB,524288,4096,155dfc49f4c05f1087ef002a279acee734e738bc580f2b3925315f95a108242b,measured,28,29334,306229,335563,114,0,0,32768,32767,1,Pass,Pass,192086794746352270
1,38,29,Acapacity,Acapacity,4MiB,4194304,32768,f9dc4b51d64658b088837d5f2a7d485e8eba57daed852c20d443b77cc8137655,measured,28,502220,4371826,4874046,355,0,0,32768,32767,1,Pass,Pass,7876534982476418273
1,38,30,A0,A0,1MiB,1048576,8192,337a179ec729c20c01309d98317f7ca00691d12ca10285b55ade71fb880e191c,measured,28,58118,687018,745136,179,0,0,32768,32767,1,Pass,Pass,16341657278089853397
1,38,31,A0,A0,8MiB,8388608,65536,e456d3adf67030c5a168df273f5171ca3e1299e54571d94cca82b117f3cf3aeb,measured,28,1392386,11326473,12718859,353,0,0,32768,32767,1,Pass,Pass,9713268438230653554
1,38,32,Adefs,Adefs,2MiB,2097152,16384,6587afedd7c0f949b131311e7425d033a0754a29587f85f26ec370a31fc4edf0,measured,28,123100,1417469,1540569,100,0,0,32768,32767,1,Pass,Pass,7349817109290025153
1,38,33,Adefs,Adefs,1MiB,1048576,8192,337a179ec729c20c01309d98317f7ca00691d12ca10285b55ade71fb880e191c,measured,28,58267,628377,686644,91,0,0,32768,32767,1,Pass,Pass,16341657278089853397
1,38,34,A0,A0,512KiB,524288,4096,155dfc49f4c05f1087ef002a279acee734e738bc580f2b3925315f95a108242b,measured,28,29103,313748,342851,50,0,0,32768,32767,1,Pass,Pass,192086794746352270
1,38,35,Acapacity,Acapacity,2MiB,2097152,16384,6587afedd7c0f949b131311e7425d033a0754a29587f85f26ec370a31fc4edf0,measured,28,134445,1492174,1626619,96,0,0,32768,32767,1,Pass,Pass,7349817109290025153
1,38,36,Adrop,Adrop,2MiB,2097152,16384,6587afedd7c0f949b131311e7425d033a0754a29587f85f26ec370a31fc4edf0,measured,28,119021,1182380,1301401,1871903,1,16384,16384,16383,1,Pass,Pass,7349817109290025153
1,38,37,Adrop,Adrop,1MiB,1048576,8192,337a179ec729c20c01309d98317f7ca00691d12ca10285b55ade71fb880e191c,measured,28,57757,536678,594435,653471,1,8192,8192,8191,1,Pass,Pass,16341657278089853397
1,38,38,Adrop,Adrop,256KiB,262144,2048,6f0154469137295abd7b45b25bc83aace599559234fd5f331140bd800c48b670,measured,28,13951,122132,136083,159066,1,2048,2048,2047,1,Pass,Pass,1126272383489710074
1,38,39,A0,A0,2MiB,2097152,16384,6587afedd7c0f949b131311e7425d033a0754a29587f85f26ec370a31fc4edf0,measured,28,121182,1490491,1611673,193,0,0,2048,2047,1,Pass,Pass,7349817109290025153
1,39,0,Acapacity,Acapacity,1MiB,1048576,8192,337a179ec729c20c01309d98317f7ca00691d12ca10285b55ade71fb880e191c,measured,29,58006,639058,697064,116,0,0,2048,2047,1,Pass,Pass,16341657278089853397
1,39,1,A0-dup,A0,8MiB,8388608,65536,e456d3adf67030c5a168df273f5171ca3e1299e54571d94cca82b117f3cf3aeb,measured,29,1425240,10758731,12183971,282,0,0,2048,2047,1,Pass,Pass,9713268438230653554
1,39,2,Adrop,Adrop,2MiB,2097152,16384,6587afedd7c0f949b131311e7425d033a0754a29587f85f26ec370a31fc4edf0,measured,29,123110,1216162,1339272,1966987,1,16384,16384,16383,1,Pass,Pass,7349817109290025153
1,39,3,A0-dup,A0,512KiB,524288,4096,155dfc49f4c05f1087ef002a279acee734e738bc580f2b3925315f95a108242b,measured,29,29552,333216,362768,149,0,0,16384,16383,1,Pass,Pass,192086794746352270
1,39,4,Adrop,Adrop,512KiB,524288,4096,155dfc49f4c05f1087ef002a279acee734e738bc580f2b3925315f95a108242b,measured,29,29147,257901,287048,316632,1,4096,4096,4095,1,Pass,Pass,192086794746352270
1,39,5,Adefs,Adefs,4MiB,4194304,32768,f9dc4b51d64658b088837d5f2a7d485e8eba57daed852c20d443b77cc8137655,measured,29,530620,4112906,4643526,113,0,0,4096,4095,1,Pass,Pass,7876534982476418273
1,39,6,Acapacity,Acapacity,4MiB,4194304,32768,f9dc4b51d64658b088837d5f2a7d485e8eba57daed852c20d443b77cc8137655,measured,29,519620,4285772,4805392,157,0,0,4096,4095,1,Pass,Pass,7876534982476418273
1,39,7,Adrop,Adrop,8MiB,8388608,65536,e456d3adf67030c5a168df273f5171ca3e1299e54571d94cca82b117f3cf3aeb,measured,29,1395278,9766756,11162034,9029837,1,65536,65536,65535,1,Pass,Pass,9713268438230653554
1,39,8,Acapacity,Acapacity,512KiB,524288,4096,155dfc49f4c05f1087ef002a279acee734e738bc580f2b3925315f95a108242b,measured,29,29309,314736,344045,537,0,0,65536,65535,1,Pass,Pass,192086794746352270
1,39,9,A0-dup,A0,16MiB,16777216,131072,0c00f8138e0e622f6fc7215fc0f0d135e79bf60450e4c79d30e30624a8842117,measured,29,3087222,22168129,25255351,135,0,0,65536,65535,1,Pass,Pass,7408339909486172793
1,39,10,Adefs,Adefs,8MiB,8388608,65536,e456d3adf67030c5a168df273f5171ca3e1299e54571d94cca82b117f3cf3aeb,measured,29,1390658,9771486,11162144,329,0,0,65536,65535,1,Pass,Pass,9713268438230653554
1,39,11,A0,A0,128KiB,131072,1024,22e51081397aebb06a1c4c3f85bd08a6e7041a438f4aae416970027e1ddbb24e,measured,29,6857,82236,89093,122,0,0,65536,65535,1,Pass,Pass,15067928572581534229
1,39,12,Acapacity,Acapacity,256KiB,262144,2048,6f0154469137295abd7b45b25bc83aace599559234fd5f331140bd800c48b670,measured,29,17228,156422,173650,68,0,0,65536,65535,1,Pass,Pass,1126272383489710074
1,39,13,A0-dup,A0,2MiB,2097152,16384,6587afedd7c0f949b131311e7425d033a0754a29587f85f26ec370a31fc4edf0,measured,29,119913,1522845,1642758,94,0,0,65536,65535,1,Pass,Pass,7349817109290025153
1,39,14,Acapacity,Acapacity,128KiB,131072,1024,22e51081397aebb06a1c4c3f85bd08a6e7041a438f4aae416970027e1ddbb24e,measured,29,6985,79888,86873,82,0,0,65536,65535,1,Pass,Pass,15067928572581534229
1,39,15,A0,A0,16MiB,16777216,131072,0c00f8138e0e622f6fc7215fc0f0d135e79bf60450e4c79d30e30624a8842117,measured,29,2939945,23302973,26242918,127,0,0,65536,65535,1,Pass,Pass,7408339909486172793
1,39,16,A0,A0,2MiB,2097152,16384,6587afedd7c0f949b131311e7425d033a0754a29587f85f26ec370a31fc4edf0,measured,29,145507,1602296,1747803,110,0,0,65536,65535,1,Pass,Pass,7349817109290025153
1,39,17,A0,A0,256KiB,262144,2048,6f0154469137295abd7b45b25bc83aace599559234fd5f331140bd800c48b670,measured,29,13846,159947,173793,84,0,0,65536,65535,1,Pass,Pass,1126272383489710074
1,39,18,A0,A0,8MiB,8388608,65536,e456d3adf67030c5a168df273f5171ca3e1299e54571d94cca82b117f3cf3aeb,measured,29,1463928,11238390,12702318,271,0,0,65536,65535,1,Pass,Pass,9713268438230653554
1,39,19,Adefs,Adefs,512KiB,524288,4096,155dfc49f4c05f1087ef002a279acee734e738bc580f2b3925315f95a108242b,measured,29,29526,313080,342606,96,0,0,65536,65535,1,Pass,Pass,192086794746352270
1,39,20,A0-dup,A0,4MiB,4194304,32768,f9dc4b51d64658b088837d5f2a7d485e8eba57daed852c20d443b77cc8137655,measured,29,467874,4420656,4888530,284,0,0,65536,65535,1,Pass,Pass,7876534982476418273
1,39,21,Adrop,Adrop,4MiB,4194304,32768,f9dc4b51d64658b088837d5f2a7d485e8eba57daed852c20d443b77cc8137655,measured,29,498318,3906927,4405245,4258348,1,32768,32768,32767,1,Pass,Pass,7876534982476418273
1,39,22,Acapacity,Acapacity,16MiB,16777216,131072,0c00f8138e0e622f6fc7215fc0f0d135e79bf60450e4c79d30e30624a8842117,measured,29,3016787,22992973,26009760,427,0,0,32768,32767,1,Pass,Pass,7408339909486172793
1,39,23,Adrop,Adrop,1MiB,1048576,8192,337a179ec729c20c01309d98317f7ca00691d12ca10285b55ade71fb880e191c,measured,29,58356,548768,607124,646877,1,8192,8192,8191,1,Pass,Pass,16341657278089853397
1,39,24,Adrop,Adrop,16MiB,16777216,131072,0c00f8138e0e622f6fc7215fc0f0d135e79bf60450e4c79d30e30624a8842117,measured,29,3017552,19948637,22966189,16579927,1,131072,131072,131071,1,Pass,Pass,7408339909486172793
1,39,25,Adefs,Adefs,256KiB,262144,2048,6f0154469137295abd7b45b25bc83aace599559234fd5f331140bd800c48b670,measured,29,14222,152753,166975,129,0,0,131072,131071,1,Pass,Pass,1126272383489710074
1,39,26,A0,A0,512KiB,524288,4096,155dfc49f4c05f1087ef002a279acee734e738bc580f2b3925315f95a108242b,measured,29,28926,330826,359752,52,0,0,131072,131071,1,Pass,Pass,192086794746352270
1,39,27,A0-dup,A0,1MiB,1048576,8192,337a179ec729c20c01309d98317f7ca00691d12ca10285b55ade71fb880e191c,measured,29,57522,672982,730504,92,0,0,131072,131071,1,Pass,Pass,16341657278089853397
1,39,28,Adefs,Adefs,2MiB,2097152,16384,6587afedd7c0f949b131311e7425d033a0754a29587f85f26ec370a31fc4edf0,measured,29,125554,1388624,1514178,104,0,0,131072,131071,1,Pass,Pass,7349817109290025153
1,39,29,Adefs,Adefs,1MiB,1048576,8192,337a179ec729c20c01309d98317f7ca00691d12ca10285b55ade71fb880e191c,measured,29,58147,607465,665612,93,0,0,131072,131071,1,Pass,Pass,16341657278089853397
1,39,30,A0,A0,1MiB,1048576,8192,337a179ec729c20c01309d98317f7ca00691d12ca10285b55ade71fb880e191c,measured,29,58637,686224,744861,94,0,0,131072,131071,1,Pass,Pass,16341657278089853397
1,39,31,Acapacity,Acapacity,2MiB,2097152,16384,6587afedd7c0f949b131311e7425d033a0754a29587f85f26ec370a31fc4edf0,measured,29,120595,1493110,1613705,116,0,0,131072,131071,1,Pass,Pass,7349817109290025153
1,39,32,Adrop,Adrop,256KiB,262144,2048,6f0154469137295abd7b45b25bc83aace599559234fd5f331140bd800c48b670,measured,29,14170,124694,138864,157637,1,2048,2048,2047,1,Pass,Pass,1126272383489710074
1,39,33,Adrop,Adrop,128KiB,131072,1024,22e51081397aebb06a1c4c3f85bd08a6e7041a438f4aae416970027e1ddbb24e,measured,29,6568,61589,68157,80119,1,1024,1024,1023,1,Pass,Pass,15067928572581534229
1,39,34,A0-dup,A0,256KiB,262144,2048,6f0154469137295abd7b45b25bc83aace599559234fd5f331140bd800c48b670,measured,29,13772,160189,173961,42,0,0,1024,1023,1,Pass,Pass,1126272383489710074
1,39,35,Adefs,Adefs,128KiB,131072,1024,22e51081397aebb06a1c4c3f85bd08a6e7041a438f4aae416970027e1ddbb24e,measured,29,6504,74022,80526,33,0,0,1024,1023,1,Pass,Pass,15067928572581534229
1,39,36,Adefs,Adefs,16MiB,16777216,131072,0c00f8138e0e622f6fc7215fc0f0d135e79bf60450e4c79d30e30624a8842117,measured,29,3068686,25594273,28662959,324,0,0,1024,1023,1,Pass,Pass,7408339909486172793
1,39,37,Acapacity,Acapacity,8MiB,8388608,65536,e456d3adf67030c5a168df273f5171ca3e1299e54571d94cca82b117f3cf3aeb,measured,29,1378789,10603598,11982387,357,0,0,1024,1023,1,Pass,Pass,9713268438230653554
1,39,38,A0,A0,4MiB,4194304,32768,f9dc4b51d64658b088837d5f2a7d485e8eba57daed852c20d443b77cc8137655,measured,29,533822,4766681,5300503,125,0,0,1024,1023,1,Pass,Pass,7876534982476418273
1,39,39,A0-dup,A0,128KiB,131072,1024,22e51081397aebb06a1c4c3f85bd08a6e7041a438f4aae416970027e1ddbb24e,measured,29,7148,82259,89407,36,0,0,1024,1023,1,Pass,Pass,15067928572581534229
2,0,0,Adefs,Adefs,8MiB,8388608,65536,e456d3adf67030c5a168df273f5171ca3e1299e54571d94cca82b117f3cf3aeb,warmup,0,1449149,11656425,13105574,2134,0,0,0,0,0,Pass,Pass,9713268438230653554
2,0,1,Acapacity,Acapacity,128KiB,131072,1024,22e51081397aebb06a1c4c3f85bd08a6e7041a438f4aae416970027e1ddbb24e,warmup,0,7299,78786,86085,114,0,0,0,0,0,Pass,Pass,15067928572581534229
2,0,2,A0-dup,A0,8MiB,8388608,65536,e456d3adf67030c5a168df273f5171ca3e1299e54571d94cca82b117f3cf3aeb,warmup,0,1370729,13121157,14491886,344,0,0,0,0,0,Pass,Pass,9713268438230653554
2,0,3,Adrop,Adrop,8MiB,8388608,65536,e456d3adf67030c5a168df273f5171ca3e1299e54571d94cca82b117f3cf3aeb,warmup,0,1402888,11696846,13099734,11635662,1,65536,65536,65535,1,Pass,Pass,9713268438230653554
2,0,4,Acapacity,Acapacity,256KiB,262144,2048,6f0154469137295abd7b45b25bc83aace599559234fd5f331140bd800c48b670,warmup,0,14289,157729,172018,278,0,0,65536,65535,1,Pass,Pass,1126272383489710074
2,0,5,Adefs,Adefs,2MiB,2097152,16384,6587afedd7c0f949b131311e7425d033a0754a29587f85f26ec370a31fc4edf0,warmup,0,122895,1374002,1496897,258,0,0,65536,65535,1,Pass,Pass,7349817109290025153
2,0,6,Acapacity,Acapacity,8MiB,8388608,65536,e456d3adf67030c5a168df273f5171ca3e1299e54571d94cca82b117f3cf3aeb,warmup,0,1372270,13079138,14451408,359,0,0,65536,65535,1,Pass,Pass,9713268438230653554
2,0,7,Adefs,Adefs,512KiB,524288,4096,155dfc49f4c05f1087ef002a279acee734e738bc580f2b3925315f95a108242b,warmup,0,29125,304717,333842,96,0,0,65536,65535,1,Pass,Pass,192086794746352270
2,0,8,Adrop,Adrop,1MiB,1048576,8192,337a179ec729c20c01309d98317f7ca00691d12ca10285b55ade71fb880e191c,warmup,0,57814,547108,604922,657395,1,8192,8192,8191,1,Pass,Pass,16341657278089853397
2,0,9,Adrop,Adrop,512KiB,524288,4096,155dfc49f4c05f1087ef002a279acee734e738bc580f2b3925315f95a108242b,warmup,0,29136,256556,285692,330754,1,4096,4096,4095,1,Pass,Pass,192086794746352270
2,0,10,Adefs,Adefs,16MiB,16777216,131072,0c00f8138e0e622f6fc7215fc0f0d135e79bf60450e4c79d30e30624a8842117,warmup,0,3060975,23359680,26420655,364,0,0,4096,4095,1,Pass,Pass,7408339909486172793
2,0,11,Acapacity,Acapacity,2MiB,2097152,16384,6587afedd7c0f949b131311e7425d033a0754a29587f85f26ec370a31fc4edf0,warmup,0,127124,1444885,1572009,355,0,0,4096,4095,1,Pass,Pass,7349817109290025153
2,0,12,Acapacity,Acapacity,1MiB,1048576,8192,337a179ec729c20c01309d98317f7ca00691d12ca10285b55ade71fb880e191c,warmup,0,57696,645966,703662,90,0,0,4096,4095,1,Pass,Pass,16341657278089853397
2,0,13,Acapacity,Acapacity,4MiB,4194304,32768,f9dc4b51d64658b088837d5f2a7d485e8eba57daed852c20d443b77cc8137655,warmup,0,656561,5192031,5848592,96,0,0,4096,4095,1,Pass,Pass,7876534982476418273
2,0,14,A0-dup,A0,16MiB,16777216,131072,0c00f8138e0e622f6fc7215fc0f0d135e79bf60450e4c79d30e30624a8842117,warmup,0,3053000,23951027,27004027,294,0,0,4096,4095,1,Pass,Pass,7408339909486172793
2,0,15,Acapacity,Acapacity,16MiB,16777216,131072,0c00f8138e0e622f6fc7215fc0f0d135e79bf60450e4c79d30e30624a8842117,warmup,0,3024254,22939442,25963696,346,0,0,4096,4095,1,Pass,Pass,7408339909486172793
2,0,16,Adrop,Adrop,256KiB,262144,2048,6f0154469137295abd7b45b25bc83aace599559234fd5f331140bd800c48b670,warmup,0,13819,126197,140016,156155,1,2048,2048,2047,1,Pass,Pass,1126272383489710074
2,0,17,A0,A0,2MiB,2097152,16384,6587afedd7c0f949b131311e7425d033a0754a29587f85f26ec370a31fc4edf0,warmup,0,115956,1435970,1551926,202,0,0,2048,2047,1,Pass,Pass,7349817109290025153
2,0,18,A0,A0,16MiB,16777216,131072,0c00f8138e0e622f6fc7215fc0f0d135e79bf60450e4c79d30e30624a8842117,warmup,0,3081586,23573858,26655444,251,0,0,2048,2047,1,Pass,Pass,7408339909486172793
2,0,19,A0,A0,1MiB,1048576,8192,337a179ec729c20c01309d98317f7ca00691d12ca10285b55ade71fb880e191c,warmup,0,57338,694033,751371,267,0,0,2048,2047,1,Pass,Pass,16341657278089853397
2,0,20,A0-dup,A0,256KiB,262144,2048,6f0154469137295abd7b45b25bc83aace599559234fd5f331140bd800c48b670,warmup,0,13724,155955,169679,61,0,0,2048,2047,1,Pass,Pass,1126272383489710074
2,0,21,A0,A0,8MiB,8388608,65536,e456d3adf67030c5a168df273f5171ca3e1299e54571d94cca82b117f3cf3aeb,warmup,0,1421999,11426765,12848764,376,0,0,2048,2047,1,Pass,Pass,9713268438230653554
2,0,22,Adrop,Adrop,128KiB,131072,1024,22e51081397aebb06a1c4c3f85bd08a6e7041a438f4aae416970027e1ddbb24e,warmup,0,7232,64467,71699,77979,1,1024,1024,1023,1,Pass,Pass,15067928572581534229
2,0,23,Adefs,Adefs,128KiB,131072,1024,22e51081397aebb06a1c4c3f85bd08a6e7041a438f4aae416970027e1ddbb24e,warmup,0,6748,74776,81524,61,0,0,1024,1023,1,Pass,Pass,15067928572581534229
2,0,24,Adefs,Adefs,4MiB,4194304,32768,f9dc4b51d64658b088837d5f2a7d485e8eba57daed852c20d443b77cc8137655,warmup,0,495105,4347072,4842177,256,0,0,1024,1023,1,Pass,Pass,7876534982476418273
2,0,25,A0-dup,A0,1MiB,1048576,8192,337a179ec729c20c01309d98317f7ca00691d12ca10285b55ade71fb880e191c,warmup,0,75432,717258,792690,215,0,0,1024,1023,1,Pass,Pass,16341657278089853397
2,0,26,Adrop,Adrop,4MiB,4194304,32768,f9dc4b51d64658b088837d5f2a7d485e8eba57daed852c20d443b77cc8137655,warmup,0,505620,3517225,4022845,4396582,1,32768,32768,32767,1,Pass,Pass,7876534982476418273
2,0,27,A0-dup,A0,4MiB,4194304,32768,f9dc4b51d64658b088837d5f2a7d485e8eba57daed852c20d443b77cc8137655,warmup,0,551710,4346345,4898055,397,0,0,32768,32767,1,Pass,Pass,7876534982476418273
2,0,28,A0,A0,4MiB,4194304,32768,f9dc4b51d64658b088837d5f2a7d485e8eba57daed852c20d443b77cc8137655,warmup,0,500455,4322249,4822704,437,0,0,32768,32767,1,Pass,Pass,7876534982476418273
2,0,29,Adefs,Adefs,1MiB,1048576,8192,337a179ec729c20c01309d98317f7ca00691d12ca10285b55ade71fb880e191c,warmup,0,57859,618887,676746,197,0,0,32768,32767,1,Pass,Pass,16341657278089853397
2,0,30,A0,A0,128KiB,131072,1024,22e51081397aebb06a1c4c3f85bd08a6e7041a438f4aae416970027e1ddbb24e,warmup,0,7074,78817,85891,55,0,0,32768,32767,1,Pass,Pass,15067928572581534229
2,0,31,A0-dup,A0,128KiB,131072,1024,22e51081397aebb06a1c4c3f85bd08a6e7041a438f4aae416970027e1ddbb24e,warmup,0,6712,78262,84974,45,0,0,32768,32767,1,Pass,Pass,15067928572581534229
2,0,32,Adrop,Adrop,2MiB,2097152,16384,6587afedd7c0f949b131311e7425d033a0754a29587f85f26ec370a31fc4edf0,warmup,0,116247,1250310,1366557,1864468,1,16384,16384,16383,1,Pass,Pass,7349817109290025153
2,0,33,A0,A0,256KiB,262144,2048,6f0154469137295abd7b45b25bc83aace599559234fd5f331140bd800c48b670,warmup,0,13864,162696,176560,83,0,0,16384,16383,1,Pass,Pass,1126272383489710074
2,0,34,Adefs,Adefs,256KiB,262144,2048,6f0154469137295abd7b45b25bc83aace599559234fd5f331140bd800c48b670,warmup,0,13511,148922,162433,44,0,0,16384,16383,1,Pass,Pass,1126272383489710074
2,0,35,A0-dup,A0,2MiB,2097152,16384,6587afedd7c0f949b131311e7425d033a0754a29587f85f26ec370a31fc4edf0,warmup,0,117608,1509847,1627455,125,0,0,16384,16383,1,Pass,Pass,7349817109290025153
2,0,36,A0-dup,A0,512KiB,524288,4096,155dfc49f4c05f1087ef002a279acee734e738bc580f2b3925315f95a108242b,warmup,0,29202,346017,375219,177,0,0,16384,16383,1,Pass,Pass,192086794746352270
2,0,37,A0,A0,512KiB,524288,4096,155dfc49f4c05f1087ef002a279acee734e738bc580f2b3925315f95a108242b,warmup,0,29367,318406,347773,43,0,0,16384,16383,1,Pass,Pass,192086794746352270
2,0,38,Acapacity,Acapacity,512KiB,524288,4096,155dfc49f4c05f1087ef002a279acee734e738bc580f2b3925315f95a108242b,warmup,0,29067,312612,341679,50,0,0,16384,16383,1,Pass,Pass,192086794746352270
2,0,39,Adrop,Adrop,16MiB,16777216,131072,0c00f8138e0e622f6fc7215fc0f0d135e79bf60450e4c79d30e30624a8842117,warmup,0,3080306,20060713,23141019,18552310,1,131072,131072,131071,1,Pass,Pass,7408339909486172793
2,1,0,Adrop,Adrop,1MiB,1048576,8192,337a179ec729c20c01309d98317f7ca00691d12ca10285b55ade71fb880e191c,warmup,0,57815,558227,616042,651434,1,8192,8192,8191,1,Pass,Pass,16341657278089853397
2,1,1,Adefs,Adefs,128KiB,131072,1024,22e51081397aebb06a1c4c3f85bd08a6e7041a438f4aae416970027e1ddbb24e,warmup,0,6846,74369,81215,96,0,0,8192,8191,1,Pass,Pass,15067928572581534229
2,1,2,A0-dup,A0,1MiB,1048576,8192,337a179ec729c20c01309d98317f7ca00691d12ca10285b55ade71fb880e191c,warmup,0,57373,645710,703083,83,0,0,8192,8191,1,Pass,Pass,16341657278089853397
2,1,3,A0-dup,A0,2MiB,2097152,16384,6587afedd7c0f949b131311e7425d033a0754a29587f85f26ec370a31fc4edf0,warmup,0,118764,1458446,1577210,216,0,0,8192,8191,1,Pass,Pass,7349817109290025153
2,1,4,A0-dup,A0,4MiB,4194304,32768,f9dc4b51d64658b088837d5f2a7d485e8eba57daed852c20d443b77cc8137655,warmup,0,543335,4377175,4920510,130,0,0,8192,8191,1,Pass,Pass,7876534982476418273
2,1,5,A0,A0,2MiB,2097152,16384,6587afedd7c0f949b131311e7425d033a0754a29587f85f26ec370a31fc4edf0,warmup,0,116217,1404975,1521192,394,0,0,8192,8191,1,Pass,Pass,7349817109290025153
2,1,6,Adrop,Adrop,16MiB,16777216,131072,0c00f8138e0e622f6fc7215fc0f0d135e79bf60450e4c79d30e30624a8842117,warmup,0,3067568,20344342,23411910,18780556,1,131072,131072,131071,1,Pass,Pass,7408339909486172793
2,1,7,Adefs,Adefs,2MiB,2097152,16384,6587afedd7c0f949b131311e7425d033a0754a29587f85f26ec370a31fc4edf0,warmup,0,115282,1384039,1499321,132,0,0,131072,131071,1,Pass,Pass,7349817109290025153
2,1,8,Acapacity,Acapacity,256KiB,262144,2048,6f0154469137295abd7b45b25bc83aace599559234fd5f331140bd800c48b670,warmup,0,13879,161956,175835,100,0,0,131072,131071,1,Pass,Pass,1126272383489710074
2,1,9,A0-dup,A0,16MiB,16777216,131072,0c00f8138e0e622f6fc7215fc0f0d135e79bf60450e4c79d30e30624a8842117,warmup,0,3047735,23572812,26620547,273,0,0,131072,131071,1,Pass,Pass,7408339909486172793
2,1,10,Acapacity,Acapacity,128KiB,131072,1024,22e51081397aebb06a1c4c3f85bd08a6e7041a438f4aae416970027e1ddbb24e,warmup,0,7238,80064,87302,128,0,0,131072,131071,1,Pass,Pass,15067928572581534229
2,1,11,A0-dup,A0,8MiB,8388608,65536,e456d3adf67030c5a168df273f5171ca3e1299e54571d94cca82b117f3cf3aeb,warmup,0,1427141,10877291,12304432,200,0,0,131072,131071,1,Pass,Pass,9713268438230653554
2,1,12,A0,A0,8MiB,8388608,65536,e456d3adf67030c5a168df273f5171ca3e1299e54571d94cca82b117f3cf3aeb,warmup,0,1400615,11468242,12868857,142,0,0,131072,131071,1,Pass,Pass,9713268438230653554
2,1,13,A0-dup,A0,512KiB,524288,4096,155dfc49f4c05f1087ef002a279acee734e738bc580f2b3925315f95a108242b,warmup,0,40355,331045,371400,124,0,0,131072,131071,1,Pass,Pass,192086794746352270
2,1,14,Adefs,Adefs,8MiB,8388608,65536,e456d3adf67030c5a168df273f5171ca3e1299e54571d94cca82b117f3cf3aeb,warmup,0,1371661,10373885,11745546,192,0,0,131072,131071,1,Pass,Pass,9713268438230653554
2,1,15,Adefs,Adefs,4MiB,4194304,32768,f9dc4b51d64658b088837d5f2a7d485e8eba57daed852c20d443b77cc8137655,warmup,0,525050,4262557,4787607,339,0,0,131072,131071,1,Pass,Pass,7876534982476418273
2,1,16,Adefs,Adefs,512KiB,524288,4096,155dfc49f4c05f1087ef002a279acee734e738bc580f2b3925315f95a108242b,warmup,0,29746,310518,340264,104,0,0,131072,131071,1,Pass,Pass,192086794746352270
2,1,17,A0,A0,128KiB,131072,1024,22e51081397aebb06a1c4c3f85bd08a6e7041a438f4aae416970027e1ddbb24e,warmup,0,6688,80451,87139,56,0,0,131072,131071,1,Pass,Pass,15067928572581534229
2,1,18,Acapacity,Acapacity,8MiB,8388608,65536,e456d3adf67030c5a168df273f5171ca3e1299e54571d94cca82b117f3cf3aeb,warmup,0,1375756,11224333,12600089,265,0,0,131072,131071,1,Pass,Pass,9713268438230653554
2,1,19,Adrop,Adrop,512KiB,524288,4096,155dfc49f4c05f1087ef002a279acee734e738bc580f2b3925315f95a108242b,warmup,0,29255,249880,279135,320103,1,4096,4096,4095,1,Pass,Pass,192086794746352270
2,1,20,Acapacity,Acapacity,4MiB,4194304,32768,f9dc4b51d64658b088837d5f2a7d485e8eba57daed852c20d443b77cc8137655,warmup,0,448368,4094059,4542427,211,0,0,4096,4095,1,Pass,Pass,7876534982476418273
2,1,21,Adefs,Adefs,256KiB,262144,2048,6f0154469137295abd7b45b25bc83aace599559234fd5f331140bd800c48b670,warmup,0,14368,152198,166566,85,0,0,4096,4095,1,Pass,Pass,1126272383489710074
2,1,22,A0,A0,256KiB,262144,2048,6f0154469137295abd7b45b25bc83aace599559234fd5f331140bd800c48b670,warmup,0,13820,157575,171395,38,0,0,4096,4095,1,Pass,Pass,1126272383489710074
2,1,23,A0,A0,512KiB,524288,4096,155dfc49f4c05f1087ef002a279acee734e738bc580f2b3925315f95a108242b,warmup,0,28767,323647,352414,56,0,0,4096,4095,1,Pass,Pass,192086794746352270
2,1,24,Adrop,Adrop,128KiB,131072,1024,22e51081397aebb06a1c4c3f85bd08a6e7041a438f4aae416970027e1ddbb24e,warmup,0,6645,62201,68846,84771,1,1024,1024,1023,1,Pass,Pass,15067928572581534229
2,1,25,A0,A0,16MiB,16777216,131072,0c00f8138e0e622f6fc7215fc0f0d135e79bf60450e4c79d30e30624a8842117,warmup,0,3076304,23814163,26890467,441,0,0,1024,1023,1,Pass,Pass,7408339909486172793
2,1,26,Acapacity,Acapacity,1MiB,1048576,8192,337a179ec729c20c01309d98317f7ca00691d12ca10285b55ade71fb880e191c,warmup,0,57973,644270,702243,158,0,0,1024,1023,1,Pass,Pass,16341657278089853397
2,1,27,Adrop,Adrop,8MiB,8388608,65536,e456d3adf67030c5a168df273f5171ca3e1299e54571d94cca82b117f3cf3aeb,warmup,0,1350664,9163723,10514387,9325102,1,65536,65536,65535,1,Pass,Pass,9713268438230653554
2,1,28,Adefs,Adefs,16MiB,16777216,131072,0c00f8138e0e622f6fc7215fc0f0d135e79bf60450e4c79d30e30624a8842117,warmup,0,3048276,21472163,24520439,286,0,0,65536,65535,1,Pass,Pass,7408339909486172793
2,1,29,A0-dup,A0,256KiB,262144,2048,6f0154469137295abd7b45b25bc83aace599559234fd5f331140bd800c48b670,warmup,0,14283,163616,177899,42,0,0,65536,65535,1,Pass,Pass,1126272383489710074
2,1,30,Adrop,Adrop,2MiB,2097152,16384,6587afedd7c0f949b131311e7425d033a0754a29587f85f26ec370a31fc4edf0,warmup,0,114782,1149690,1264472,1899292,1,16384,16384,16383,1,Pass,Pass,7349817109290025153
2,1,31,Adrop,Adrop,4MiB,4194304,32768,f9dc4b51d64658b088837d5f2a7d485e8eba57daed852c20d443b77cc8137655,warmup,0,518390,3722238,4240628,4241484,1,32768,32768,32767,1,Pass,Pass,7876534982476418273
2,1,32,Adrop,Adrop,256KiB,262144,2048,6f0154469137295abd7b45b25bc83aace599559234fd5f331140bd800c48b670,warmup,0,14350,130939,145289,156994,1,2048,2048,2047,1,Pass,Pass,1126272383489710074
2,1,33,A0-dup,A0,128KiB,131072,1024,22e51081397aebb06a1c4c3f85bd08a6e7041a438f4aae416970027e1ddbb24e,warmup,0,6825,92000,98825,92,0,0,2048,2047,1,Pass,Pass,15067928572581534229
2,1,34,Acapacity,Acapacity,512KiB,524288,4096,155dfc49f4c05f1087ef002a279acee734e738bc580f2b3925315f95a108242b,warmup,0,28635,309545,338180,116,0,0,2048,2047,1,Pass,Pass,192086794746352270
2,1,35,Acapacity,Acapacity,2MiB,2097152,16384,6587afedd7c0f949b131311e7425d033a0754a29587f85f26ec370a31fc4edf0,warmup,0,141336,1492454,1633790,157,0,0,2048,2047,1,Pass,Pass,7349817109290025153
2,1,36,Adefs,Adefs,1MiB,1048576,8192,337a179ec729c20c01309d98317f7ca00691d12ca10285b55ade71fb880e191c,warmup,0,57276,609564,666840,253,0,0,2048,2047,1,Pass,Pass,16341657278089853397
2,1,37,A0,A0,4MiB,4194304,32768,f9dc4b51d64658b088837d5f2a7d485e8eba57daed852c20d443b77cc8137655,warmup,0,525839,4299731,4825570,144,0,0,2048,2047,1,Pass,Pass,7876534982476418273
2,1,38,Acapacity,Acapacity,16MiB,16777216,131072,0c00f8138e0e622f6fc7215fc0f0d135e79bf60450e4c79d30e30624a8842117,warmup,0,3119869,23659494,26779363,122,0,0,2048,2047,1,Pass,Pass,7408339909486172793
2,1,39,A0,A0,1MiB,1048576,8192,337a179ec729c20c01309d98317f7ca00691d12ca10285b55ade71fb880e191c,warmup,0,57974,665395,723369,99,0,0,2048,2047,1,Pass,Pass,16341657278089853397
2,2,0,A0-dup,A0,1MiB,1048576,8192,337a179ec729c20c01309d98317f7ca00691d12ca10285b55ade71fb880e191c,warmup,0,57214,640172,697386,94,0,0,2048,2047,1,Pass,Pass,16341657278089853397
2,2,1,Acapacity,Acapacity,2MiB,2097152,16384,6587afedd7c0f949b131311e7425d033a0754a29587f85f26ec370a31fc4edf0,warmup,0,118268,1508004,1626272,116,0,0,2048,2047,1,Pass,Pass,7349817109290025153
2,2,2,Adefs,Adefs,128KiB,131072,1024,22e51081397aebb06a1c4c3f85bd08a6e7041a438f4aae416970027e1ddbb24e,warmup,0,7297,77077,84374,27,0,0,2048,2047,1,Pass,Pass,15067928572581534229
2,2,3,A0,A0,1MiB,1048576,8192,337a179ec729c20c01309d98317f7ca00691d12ca10285b55ade71fb880e191c,warmup,0,56988,649454,706442,30,0,0,2048,2047,1,Pass,Pass,16341657278089853397
2,2,4,Adrop,Adrop,2MiB,2097152,16384,6587afedd7c0f949b131311e7425d033a0754a29587f85f26ec370a31fc4edf0,warmup,0,115890,1181211,1297101,1777531,1,16384,16384,16383,1,Pass,Pass,7349817109290025153
2,2,5,A0,A0,128KiB,131072,1024,22e51081397aebb06a1c4c3f85bd08a6e7041a438f4aae416970027e1ddbb24e,warmup,0,7033,82821,89854,81,0,0,16384,16383,1,Pass,Pass,15067928572581534229
2,2,6,Adefs,Adefs,256KiB,262144,2048,6f0154469137295abd7b45b25bc83aace599559234fd5f331140bd800c48b670,warmup,0,13657,149138,162795,63,0,0,16384,16383,1,Pass,Pass,1126272383489710074
2,2,7,Adrop,Adrop,1MiB,1048576,8192,337a179ec729c20c01309d98317f7ca00691d12ca10285b55ade71fb880e191c,warmup,0,56539,528100,584639,658032,1,8192,8192,8191,1,Pass,Pass,16341657278089853397
2,2,8,A0,A0,256KiB,262144,2048,6f0154469137295abd7b45b25bc83aace599559234fd5f331140bd800c48b670,warmup,0,13524,157439,170963,83,0,0,8192,8191,1,Pass,Pass,1126272383489710074
2,2,9,Adrop,Adrop,512KiB,524288,4096,155dfc49f4c05f1087ef002a279acee734e738bc580f2b3925315f95a108242b,warmup,0,28970,246304,275274,325497,1,4096,4096,4095,1,Pass,Pass,192086794746352270
2,2,10,Acapacity,Acapacity,1MiB,1048576,8192,337a179ec729c20c01309d98317f7ca00691d12ca10285b55ade71fb880e191c,warmup,0,57317,649722,707039,130,0,0,4096,4095,1,Pass,Pass,16341657278089853397
2,2,11,A0,A0,512KiB,524288,4096,155dfc49f4c05f1087ef002a279acee734e738bc580f2b3925315f95a108242b,warmup,0,28989,325281,354270,89,0,0,4096,4095,1,Pass,Pass,192086794746352270
2,2,12,A0-dup,A0,8MiB,8388608,65536,e456d3adf67030c5a168df273f5171ca3e1299e54571d94cca82b117f3cf3aeb,warmup,0,1415706,11357808,12773514,118,0,0,4096,4095,1,Pass,Pass,9713268438230653554
2,2,13,Adrop,Adrop,8MiB,8388608,65536,e456d3adf67030c5a168df273f5171ca3e1299e54571d94cca82b117f3cf3aeb,warmup,0,1397290,9348485,10745775,8641121,1,65536,65536,65535,1,Pass,Pass,9713268438230653554
2,2,14,Adefs,Adefs,512KiB,524288,4096,155dfc49f4c05f1087ef002a279acee734e738bc580f2b3925315f95a108242b,warmup,0,29190,296540,325730,126,0,0,65536,65535,1,Pass,Pass,192086794746352270
2,2,15,Adrop,Adrop,16MiB,16777216,131072,0c00f8138e0e622f6fc7215fc0f0d135e79bf60450e4c79d30e30624a8842117,warmup,0,3087658,20190369,23278027,19161543,1,131072,131072,131071,1,Pass,Pass,7408339909486172793
2,2,16,Acapacity,Acapacity,8MiB,8388608,65536,e456d3adf67030c5a168df273f5171ca3e1299e54571d94cca82b117f3cf3aeb,warmup,0,1360906,10495425,11856331,278,0,0,131072,131071,1,Pass,Pass,9713268438230653554
2,2,17,Adefs,Adefs,4MiB,4194304,32768,f9dc4b51d64658b088837d5f2a7d485e8eba57daed852c20d443b77cc8137655,warmup,0,547618,4845221,5392839,695,0,0,131072,131071,1,Pass,Pass,7876534982476418273
2,2,18,A0-dup,A0,2MiB,2097152,16384,6587afedd7c0f949b131311e7425d033a0754a29587f85f26ec370a31fc4edf0,warmup,0,117964,1459464,1577428,114,0,0,131072,131071,1,Pass,Pass,7349817109290025153
2,2,19,A0-dup,A0,4MiB,4194304,32768,f9dc4b51d64658b088837d5f2a7d485e8eba57daed852c20d443b77cc8137655,warmup,0,530326,4396548,4926874,130,0,0,131072,131071,1,Pass,Pass,7876534982476418273
2,2,20,A0-dup,A0,16MiB,16777216,131072,0c00f8138e0e622f6fc7215fc0f0d135e79bf60450e4c79d30e30624a8842117,warmup,0,3027962,23759678,26787640,274,0,0,131072,131071,1,Pass,Pass,7408339909486172793
2,2,21,Adefs,Adefs,1MiB,1048576,8192,337a179ec729c20c01309d98317f7ca00691d12ca10285b55ade71fb880e191c,warmup,0,57651,603256,660907,98,0,0,131072,131071,1,Pass,Pass,16341657278089853397
2,2,22,Acapacity,Acapacity,128KiB,131072,1024,22e51081397aebb06a1c4c3f85bd08a6e7041a438f4aae416970027e1ddbb24e,warmup,0,6873,77860,84733,50,0,0,131072,131071,1,Pass,Pass,15067928572581534229
2,2,23,A0-dup,A0,256KiB,262144,2048,6f0154469137295abd7b45b25bc83aace599559234fd5f331140bd800c48b670,warmup,0,13950,157178,171128,30,0,0,131072,131071,1,Pass,Pass,1126272383489710074
2,2,24,A0,A0,16MiB,16777216,131072,0c00f8138e0e622f6fc7215fc0f0d135e79bf60450e4c79d30e30624a8842117,warmup,0,3064298,22822788,25887086,128,0,0,131072,131071,1,Pass,Pass,7408339909486172793
2,2,25,Adrop,Adrop,256KiB,262144,2048,6f0154469137295abd7b45b25bc83aace599559234fd5f331140bd800c48b670,warmup,0,14108,125651,139759,151032,1,2048,2048,2047,1,Pass,Pass,1126272383489710074
2,2,26,Acapacity,Acapacity,4MiB,4194304,32768,f9dc4b51d64658b088837d5f2a7d485e8eba57daed852c20d443b77cc8137655,warmup,0,542317,4122006,4664323,124,0,0,2048,2047,1,Pass,Pass,7876534982476418273
2,2,27,Adefs,Adefs,16MiB,16777216,131072,0c00f8138e0e622f6fc7215fc0f0d135e79bf60450e4c79d30e30624a8842117,warmup,0,3182825,21083741,24266566,316,0,0,2048,2047,1,Pass,Pass,7408339909486172793
2,2,28,Acapacity,Acapacity,256KiB,262144,2048,6f0154469137295abd7b45b25bc83aace599559234fd5f331140bd800c48b670,warmup,0,13894,158214,172108,331,0,0,2048,2047,1,Pass,Pass,1126272383489710074
2,2,29,Adrop,Adrop,128KiB,131072,1024,22e51081397aebb06a1c4c3f85bd08a6e7041a438f4aae416970027e1ddbb24e,warmup,0,6503,64690,71193,78021,1,1024,1024,1023,1,Pass,Pass,15067928572581534229
2,2,30,A0,A0,4MiB,4194304,32768,f9dc4b51d64658b088837d5f2a7d485e8eba57daed852c20d443b77cc8137655,warmup,0,564891,4374890,4939781,199,0,0,1024,1023,1,Pass,Pass,7876534982476418273
2,2,31,Acapacity,Acapacity,16MiB,16777216,131072,0c00f8138e0e622f6fc7215fc0f0d135e79bf60450e4c79d30e30624a8842117,warmup,0,3166548,21767940,24934488,154,0,0,1024,1023,1,Pass,Pass,7408339909486172793
2,2,32,Acapacity,Acapacity,512KiB,524288,4096,155dfc49f4c05f1087ef002a279acee734e738bc580f2b3925315f95a108242b,warmup,0,29316,312435,341751,82,0,0,1024,1023,1,Pass,Pass,192086794746352270
2,2,33,Adefs,Adefs,2MiB,2097152,16384,6587afedd7c0f949b131311e7425d033a0754a29587f85f26ec370a31fc4edf0,warmup,0,114526,1357684,1472210,105,0,0,1024,1023,1,Pass,Pass,7349817109290025153
2,2,34,A0-dup,A0,128KiB,131072,1024,22e51081397aebb06a1c4c3f85bd08a6e7041a438f4aae416970027e1ddbb24e,warmup,0,7163,83627,90790,29,0,0,1024,1023,1,Pass,Pass,15067928572581534229
2,2,35,Adrop,Adrop,4MiB,4194304,32768,f9dc4b51d64658b088837d5f2a7d485e8eba57daed852c20d443b77cc8137655,warmup,0,536963,3673797,4210760,4534374,1,32768,32768,32767,1,Pass,Pass,7876534982476418273
2,2,36,A0,A0,2MiB,2097152,16384,6587afedd7c0f949b131311e7425d033a0754a29587f85f26ec370a31fc4edf0,warmup,0,116145,1428177,1544322,268,0,0,32768,32767,1,Pass,Pass,7349817109290025153
2,2,37,Adefs,Adefs,8MiB,8388608,65536,e456d3adf67030c5a168df273f5171ca3e1299e54571d94cca82b117f3cf3aeb,warmup,0,1488745,11417812,12906557,630,0,0,32768,32767,1,Pass,Pass,9713268438230653554
2,2,38,A0-dup,A0,512KiB,524288,4096,155dfc49f4c05f1087ef002a279acee734e738bc580f2b3925315f95a108242b,warmup,0,29315,320292,349607,95,0,0,32768,32767,1,Pass,Pass,192086794746352270
2,2,39,A0,A0,8MiB,8388608,65536,e456d3adf67030c5a168df273f5171ca3e1299e54571d94cca82b117f3cf3aeb,warmup,0,1413506,11285526,12699032,94,0,0,32768,32767,1,Pass,Pass,9713268438230653554
2,3,0,Acapacity,Acapacity,1MiB,1048576,8192,337a179ec729c20c01309d98317f7ca00691d12ca10285b55ade71fb880e191c,warmup,0,57643,644891,702534,92,0,0,32768,32767,1,Pass,Pass,16341657278089853397
2,3,1,Adrop,Adrop,2MiB,2097152,16384,6587afedd7c0f949b131311e7425d033a0754a29587f85f26ec370a31fc4edf0,warmup,0,121030,1207256,1328286,1926796,1,16384,16384,16383,1,Pass,Pass,7349817109290025153
2,3,2,A0-dup,A0,4MiB,4194304,32768,f9dc4b51d64658b088837d5f2a7d485e8eba57daed852c20d443b77cc8137655,warmup,0,539129,4817082,5356211,263,0,0,16384,16383,1,Pass,Pass,7876534982476418273
2,3,3,Adefs,Adefs,4MiB,4194304,32768,f9dc4b51d64658b088837d5f2a7d485e8eba57daed852c20d443b77cc8137655,warmup,0,437724,3994403,4432127,153,0,0,16384,16383,1,Pass,Pass,7876534982476418273
2,3,4,Acapacity,Acapacity,256KiB,262144,2048,6f0154469137295abd7b45b25bc83aace599559234fd5f331140bd800c48b670,warmup,0,14185,162280,176465,89,0,0,16384,16383,1,Pass,Pass,1126272383489710074
2,3,5,A0,A0,2MiB,2097152,16384,6587afedd7c0f949b131311e7425d033a0754a29587f85f26ec370a31fc4edf0,warmup,0,125417,1500481,1625898,197,0,0,16384,16383,1,Pass,Pass,7349817109290025153
2,3,6,Adrop,Adrop,16MiB,16777216,131072,0c00f8138e0e622f6fc7215fc0f0d135e79bf60450e4c79d30e30624a8842117,warmup,0,3095896,20236085,23331981,18541058,1,131072,131072,131071,1,Pass,Pass,7408339909486172793
2,3,7,Acapacity,Acapacity,16MiB,16777216,131072,0c00f8138e0e622f6fc7215fc0f0d135e79bf60450e4c79d30e30624a8842117,warmup,0,3135221,21233311,24368532,411,0,0,131072,131071,1,Pass,Pass,7408339909486172793
2,3,8,A0-dup,A0,1MiB,1048576,8192,337a179ec729c20c01309d98317f7ca00691d12ca10285b55ade71fb880e191c,warmup,0,57599,657910,715509,216,0,0,131072,131071,1,Pass,Pass,16341657278089853397
2,3,9,Adefs,Adefs,128KiB,131072,1024,22e51081397aebb06a1c4c3f85bd08a6e7041a438f4aae416970027e1ddbb24e,warmup,0,6888,74893,81781,34,0,0,131072,131071,1,Pass,Pass,15067928572581534229
2,3,10,A0-dup,A0,256KiB,262144,2048,6f0154469137295abd7b45b25bc83aace599559234fd5f331140bd800c48b670,warmup,0,13719,158342,172061,36,0,0,131072,131071,1,Pass,Pass,1126272383489710074
2,3,11,Adrop,Adrop,1MiB,1048576,8192,337a179ec729c20c01309d98317f7ca00691d12ca10285b55ade71fb880e191c,warmup,0,57099,527003,584102,667953,1,8192,8192,8191,1,Pass,Pass,16341657278089853397
2,3,12,A0-dup,A0,512KiB,524288,4096,155dfc49f4c05f1087ef002a279acee734e738bc580f2b3925315f95a108242b,warmup,0,28925,315991,344916,86,0,0,8192,8191,1,Pass,Pass,192086794746352270
2,3,13,A0-dup,A0,8MiB,8388608,65536,e456d3adf67030c5a168df273f5171ca3e1299e54571d94cca82b117f3cf3aeb,warmup,0,1501855,11709420,13211275,133,0,0,8192,8191,1,Pass,Pass,9713268438230653554
2,3,14,A0-dup,A0,2MiB,2097152,16384,6587afedd7c0f949b131311e7425d033a0754a29587f85f26ec370a31fc4edf0,warmup,0,124575,1465504,1590079,110,0,0,8192,8191,1,Pass,Pass,7349817109290025153
2,3,15,A0-dup,A0,128KiB,131072,1024,22e51081397aebb06a1c4c3f85bd08a6e7041a438f4aae416970027e1ddbb24e,warmup,0,7254,84537,91791,50,0,0,8192,8191,1,Pass,Pass,15067928572581534229
2,3,16,Adefs,Adefs,512KiB,524288,4096,155dfc49f4c05f1087ef002a279acee734e738bc580f2b3925315f95a108242b,warmup,0,28828,291477,320305,41,0,0,8192,8191,1,Pass,Pass,192086794746352270
2,3,17,Adrop,Adrop,4MiB,4194304,32768,f9dc4b51d64658b088837d5f2a7d485e8eba57daed852c20d443b77cc8137655,warmup,0,485071,3674629,4159700,4112412,1,32768,32768,32767,1,Pass,Pass,7876534982476418273
2,3,18,Acapacity,Acapacity,2MiB,2097152,16384,6587afedd7c0f949b131311e7425d033a0754a29587f85f26ec370a31fc4edf0,warmup,0,121066,1468609,1589675,328,0,0,32768,32767,1,Pass,Pass,7349817109290025153
2,3,19,Acapacity,Acapacity,128KiB,131072,1024,22e51081397aebb06a1c4c3f85bd08a6e7041a438f4aae416970027e1ddbb24e,warmup,0,7254,80139,87393,126,0,0,32768,32767,1,Pass,Pass,15067928572581534229
2,3,20,Acapacity,Acapacity,8MiB,8388608,65536,e456d3adf67030c5a168df273f5171ca3e1299e54571d94cca82b117f3cf3aeb,warmup,0,1422661,11234564,12657225,262,0,0,32768,32767,1,Pass,Pass,9713268438230653554
2,3,21,A0-dup,A0,16MiB,16777216,131072,0c00f8138e0e622f6fc7215fc0f0d135e79bf60450e4c79d30e30624a8842117,warmup,0,3115275,24632933,27748208,350,0,0,32768,32767,1,Pass,Pass,7408339909486172793
2,3,22,Adefs,Adefs,16MiB,16777216,131072,0c00f8138e0e622f6fc7215fc0f0d135e79bf60450e4c79d30e30624a8842117,warmup,0,3120871,21949302,25070173,207,0,0,32768,32767,1,Pass,Pass,7408339909486172793
2,3,23,Adrop,Adrop,128KiB,131072,1024,22e51081397aebb06a1c4c3f85bd08a6e7041a438f4aae416970027e1ddbb24e,warmup,0,7244,67194,74438,80242,1,1024,1024,1023,1,Pass,Pass,15067928572581534229
2,3,24,Adrop,Adrop,256KiB,262144,2048,6f0154469137295abd7b45b25bc83aace599559234fd5f331140bd800c48b670,warmup,0,13595,126491,140086,150271,1,2048,2048,2047,1,Pass,Pass,1126272383489710074
2,3,25,Adefs,Adefs,256KiB,262144,2048,6f0154469137295abd7b45b25bc83aace599559234fd5f331140bd800c48b670,warmup,0,13303,147319,160622,66,0,0,2048,2047,1,Pass,Pass,1126272383489710074
2,3,26,Adefs,Adefs,2MiB,2097152,16384,6587afedd7c0f949b131311e7425d033a0754a29587f85f26ec370a31fc4edf0,warmup,0,140898,1406566,1547464,201,0,0,2048,2047,1,Pass,Pass,7349817109290025153
2,3,27,A0,A0,16MiB,16777216,131072,0c00f8138e0e622f6fc7215fc0f0d135e79bf60450e4c79d30e30624a8842117,warmup,0,3075182,23637474,26712656,156,0,0,2048,2047,1,Pass,Pass,7408339909486172793
2,3,28,A0,A0,128KiB,131072,1024,22e51081397aebb06a1c4c3f85bd08a6e7041a438f4aae416970027e1ddbb24e,warmup,0,7175,83929,91104,241,0,0,2048,2047,1,Pass,Pass,15067928572581534229
2,3,29,Acapacity,Acapacity,512KiB,524288,4096,155dfc49f4c05f1087ef002a279acee734e738bc580f2b3925315f95a108242b,warmup,0,28860,310426,339286,45,0,0,2048,2047,1,Pass,Pass,192086794746352270
2,3,30,Adrop,Adrop,512KiB,524288,4096,155dfc49f4c05f1087ef002a279acee734e738bc580f2b3925315f95a108242b,warmup,0,28564,248731,277295,326275,1,4096,4096,4095,1,Pass,Pass,192086794746352270
2,3,31,Adrop,Adrop,8MiB,8388608,65536,e456d3adf67030c5a168df273f5171ca3e1299e54571d94cca82b117f3cf3aeb,warmup,0,1425109,10390856,11815965,8783520,1,65536,65536,65535,1,Pass,Pass,9713268438230653554
2,3,32,Adefs,Adefs,1MiB,1048576,8192,337a179ec729c20c01309d98317f7ca00691d12ca10285b55ade71fb880e191c,warmup,0,57881,608267,666148,169,0,0,65536,65535,1,Pass,Pass,16341657278089853397
2,3,33,A0,A0,512KiB,524288,4096,155dfc49f4c05f1087ef002a279acee734e738bc580f2b3925315f95a108242b,warmup,0,29439,310700,340139,129,0,0,65536,65535,1,Pass,Pass,192086794746352270
2,3,34,A0,A0,4MiB,4194304,32768,f9dc4b51d64658b088837d5f2a7d485e8eba57daed852c20d443b77cc8137655,warmup,0,481909,4297070,4778979,112,0,0,65536,65535,1,Pass,Pass,7876534982476418273
2,3,35,A0,A0,1MiB,1048576,8192,337a179ec729c20c01309d98317f7ca00691d12ca10285b55ade71fb880e191c,warmup,0,57829,654728,712557,101,0,0,65536,65535,1,Pass,Pass,16341657278089853397
2,3,36,Adefs,Adefs,8MiB,8388608,65536,e456d3adf67030c5a168df273f5171ca3e1299e54571d94cca82b117f3cf3aeb,warmup,0,1418231,10342503,11760734,259,0,0,65536,65535,1,Pass,Pass,9713268438230653554
2,3,37,Acapacity,Acapacity,4MiB,4194304,32768,f9dc4b51d64658b088837d5f2a7d485e8eba57daed852c20d443b77cc8137655,warmup,0,413553,3844855,4258408,353,0,0,65536,65535,1,Pass,Pass,7876534982476418273
2,3,38,A0,A0,256KiB,262144,2048,6f0154469137295abd7b45b25bc83aace599559234fd5f331140bd800c48b670,warmup,0,14298,159174,173472,90,0,0,65536,65535,1,Pass,Pass,1126272383489710074
2,3,39,A0,A0,8MiB,8388608,65536,e456d3adf67030c5a168df273f5171ca3e1299e54571d94cca82b117f3cf3aeb,warmup,0,1465692,12088299,13553991,410,0,0,65536,65535,1,Pass,Pass,9713268438230653554
2,4,0,Adrop,Adrop,1MiB,1048576,8192,337a179ec729c20c01309d98317f7ca00691d12ca10285b55ade71fb880e191c,warmup,0,57556,523390,580946,629525,1,8192,8192,8191,1,Pass,Pass,16341657278089853397
2,4,1,A0-dup,A0,16MiB,16777216,131072,0c00f8138e0e622f6fc7215fc0f0d135e79bf60450e4c79d30e30624a8842117,warmup,0,3087668,23383503,26471171,125,0,0,8192,8191,1,Pass,Pass,7408339909486172793
2,4,2,Adefs,Adefs,2MiB,2097152,16384,6587afedd7c0f949b131311e7425d033a0754a29587f85f26ec370a31fc4edf0,warmup,0,117285,1378617,1495902,227,0,0,8192,8191,1,Pass,Pass,7349817109290025153
2,4,3,A0,A0,512KiB,524288,4096,155dfc49f4c05f1087ef002a279acee734e738bc580f2b3925315f95a108242b,warmup,0,29334,315324,344658,83,0,0,8192,8191,1,Pass,Pass,192086794746352270
2,4,4,Acapacity,Acapacity,256KiB,262144,2048,6f0154469137295abd7b45b25bc83aace599559234fd5f331140bd800c48b670,warmup,0,13761,153519,167280,26,0,0,8192,8191,1,Pass,Pass,1126272383489710074
2,4,5,Adrop,Adrop,128KiB,131072,1024,22e51081397aebb06a1c4c3f85bd08a6e7041a438f4aae416970027e1ddbb24e,warmup,0,6534,65353,71887,82068,1,1024,1024,1023,1,Pass,Pass,15067928572581534229
2,4,6,Acapacity,Acapacity,1MiB,1048576,8192,337a179ec729c20c01309d98317f7ca00691d12ca10285b55ade71fb880e191c,warmup,0,56942,664440,721382,94,0,0,1024,1023,1,Pass,Pass,16341657278089853397
2,4,7,A0,A0,1MiB,1048576,8192,337a179ec729c20c01309d98317f7ca00691d12ca10285b55ade71fb880e191c,warmup,0,56947,653756,710703,94,0,0,1024,1023,1,Pass,Pass,16341657278089853397
2,4,8,A0-dup,A0,512KiB,524288,4096,155dfc49f4c05f1087ef002a279acee734e738bc580f2b3925315f95a108242b,warmup,0,28845,315831,344676,44,0,0,1024,1023,1,Pass,Pass,192086794746352270
2,4,9,Acapacity,Acapacity,512KiB,524288,4096,155dfc49f4c05f1087ef002a279acee734e738bc580f2b3925315f95a108242b,warmup,0,28786,304724,333510,41,0,0,1024,1023,1,Pass,Pass,192086794746352270
2,4,10,Adefs,Adefs,4MiB,4194304,32768,f9dc4b51d64658b088837d5f2a7d485e8eba57daed852c20d443b77cc8137655,warmup,0,481508,4069735,4551243,121,0,0,1024,1023,1,Pass,Pass,7876534982476418273
2,4,11,Adefs,Adefs,16MiB,16777216,131072,0c00f8138e0e622f6fc7215fc0f0d135e79bf60450e4c79d30e30624a8842117,warmup,0,3097773,21815693,24913466,140,0,0,1024,1023,1,Pass,Pass,7408339909486172793
2,4,12,Adrop,Adrop,4MiB,4194304,32768,f9dc4b51d64658b088837d5f2a7d485e8eba57daed852c20d443b77cc8137655,warmup,0,456151,3562427,4018578,4179768,1,32768,32768,32767,1,Pass,Pass,7876534982476418273
2,4,13,A0-dup,A0,256KiB,262144,2048,6f0154469137295abd7b45b25bc83aace599559234fd5f331140bd800c48b670,warmup,0,13874,159397,173271,179,0,0,32768,32767,1,Pass,Pass,1126272383489710074
2,4,14,Acapacity,Acapacity,8MiB,8388608,65536,e456d3adf67030c5a168df273f5171ca3e1299e54571d94cca82b117f3cf3aeb,warmup,0,1354461,10406450,11760911,272,0,0,32768,32767,1,Pass,Pass,9713268438230653554
2,4,15,Adefs,Adefs,1MiB,1048576,8192,337a179ec729c20c01309d98317f7ca00691d12ca10285b55ade71fb880e191c,warmup,0,57804,619572,677376,81,0,0,32768,32767,1,Pass,Pass,16341657278089853397
2,4,16,Acapacity,Acapacity,128KiB,131072,1024,22e51081397aebb06a1c4c3f85bd08a6e7041a438f4aae416970027e1ddbb24e,warmup,0,6887,78475,85362,41,0,0,32768,32767,1,Pass,Pass,15067928572581534229
2,4,17,Acapacity,Acapacity,4MiB,4194304,32768,f9dc4b51d64658b088837d5f2a7d485e8eba57daed852c20d443b77cc8137655,warmup,0,482818,4247295,4730113,266,0,0,32768,32767,1,Pass,Pass,7876534982476418273
2,4,18,A0-dup,A0,4MiB,4194304,32768,f9dc4b51d64658b088837d5f2a7d485e8eba57daed852c20d443b77cc8137655,warmup,0,459869,4153028,4612897,262,0,0,32768,32767,1,Pass,Pass,7876534982476418273
2,4,19,A0,A0,8MiB,8388608,65536,e456d3adf67030c5a168df273f5171ca3e1299e54571d94cca82b117f3cf3aeb,warmup,0,1407077,11336255,12743332,296,0,0,32768,32767,1,Pass,Pass,9713268438230653554
2,4,20,Acapacity,Acapacity,16MiB,16777216,131072,0c00f8138e0e622f6fc7215fc0f0d135e79bf60450e4c79d30e30624a8842117,warmup,0,3086046,21246827,24332873,396,0,0,32768,32767,1,Pass,Pass,7408339909486172793
2,4,21,Adrop,Adrop,512KiB,524288,4096,155dfc49f4c05f1087ef002a279acee734e738bc580f2b3925315f95a108242b,warmup,0,29443,247827,277270,321682,1,4096,4096,4095,1,Pass,Pass,192086794746352270
2,4,22,A0-dup,A0,1MiB,1048576,8192,337a179ec729c20c01309d98317f7ca00691d12ca10285b55ade71fb880e191c,warmup,0,57741,657216,714957,80,0,0,4096,4095,1,Pass,Pass,16341657278089853397
2,4,23,Adefs,Adefs,512KiB,524288,4096,155dfc49f4c05f1087ef002a279acee734e738bc580f2b3925315f95a108242b,warmup,0,29224,285745,314969,44,0,0,4096,4095,1,Pass,Pass,192086794746352270
2,4,24,Acapacity,Acapacity,2MiB,2097152,16384,6587afedd7c0f949b131311e7425d033a0754a29587f85f26ec370a31fc4edf0,warmup,0,139347,1462606,1601953,148,0,0,4096,4095,1,Pass,Pass,7349817109290025153
2,4,25,Adrop,Adrop,16MiB,16777216,131072,0c00f8138e0e622f6fc7215fc0f0d135e79bf60450e4c79d30e30624a8842117,warmup,0,3083517,18656755,21740272,16255260,1,131072,131072,131071,1,Pass,Pass,7408339909486172793
2,4,26,Adefs,Adefs,256KiB,262144,2048,6f0154469137295abd7b45b25bc83aace599559234fd5f331140bd800c48b670,warmup,0,14062,152480,166542,181,0,0,131072,131071,1,Pass,Pass,1126272383489710074
2,4,27,A0,A0,16MiB,16777216,131072,0c00f8138e0e622f6fc7215fc0f0d135e79bf60450e4c79d30e30624a8842117,warmup,0,3096181,23490763,26586944,365,0,0,131072,131071,1,Pass,Pass,7408339909486172793
2,4,28,Adrop,Adrop,8MiB,8388608,65536,e456d3adf67030c5a168df273f5171ca3e1299e54571d94cca82b117f3cf3aeb,warmup,0,1399529,9043943,10443472,9559348,1,65536,65536,65535,1,Pass,Pass,9713268438230653554
2,4,29,A0-dup,A0,8MiB,8388608,65536,e456d3adf67030c5a168df273f5171ca3e1299e54571d94cca82b117f3cf3aeb,warmup,0,1391918,10859001,12250919,338,0,0,65536,65535,1,Pass,Pass,9713268438230653554
2,4,30,A0,A0,2MiB,2097152,16384,6587afedd7c0f949b131311e7425d033a0754a29587f85f26ec370a31fc4edf0,warmup,0,117710,1493093,1610803,113,0,0,65536,65535,1,Pass,Pass,7349817109290025153
2,4,31,Adefs,Adefs,128KiB,131072,1024,22e51081397aebb06a1c4c3f85bd08a6e7041a438f4aae416970027e1ddbb24e,warmup,0,6907,79322,86229,101,0,0,65536,65535,1,Pass,Pass,15067928572581534229
2,4,32,A0,A0,256KiB,262144,2048,6f0154469137295abd7b45b25bc83aace599559234fd5f331140bd800c48b670,warmup,0,13650,163633,177283,48,0,0,65536,65535,1,Pass,Pass,1126272383489710074
2,4,33,A0-dup,A0,128KiB,131072,1024,22e51081397aebb06a1c4c3f85bd08a6e7041a438f4aae416970027e1ddbb24e,warmup,0,6627,79395,86022,42,0,0,65536,65535,1,Pass,Pass,15067928572581534229
2,4,34,Adefs,Adefs,8MiB,8388608,65536,e456d3adf67030c5a168df273f5171ca3e1299e54571d94cca82b117f3cf3aeb,warmup,0,1393298,10278259,11671557,200,0,0,65536,65535,1,Pass,Pass,9713268438230653554
2,4,35,A0,A0,4MiB,4194304,32768,f9dc4b51d64658b088837d5f2a7d485e8eba57daed852c20d443b77cc8137655,warmup,0,314803,3846669,4161472,228,0,0,65536,65535,1,Pass,Pass,7876534982476418273
2,4,36,A0-dup,A0,2MiB,2097152,16384,6587afedd7c0f949b131311e7425d033a0754a29587f85f26ec370a31fc4edf0,warmup,0,114685,1396696,1511381,145,0,0,65536,65535,1,Pass,Pass,7349817109290025153
2,4,37,Adrop,Adrop,2MiB,2097152,16384,6587afedd7c0f949b131311e7425d033a0754a29587f85f26ec370a31fc4edf0,warmup,0,120481,1238420,1358901,1970468,1,16384,16384,16383,1,Pass,Pass,7349817109290025153
2,4,38,A0,A0,128KiB,131072,1024,22e51081397aebb06a1c4c3f85bd08a6e7041a438f4aae416970027e1ddbb24e,warmup,0,7184,83629,90813,71,0,0,16384,16383,1,Pass,Pass,15067928572581534229
2,4,39,Adrop,Adrop,256KiB,262144,2048,6f0154469137295abd7b45b25bc83aace599559234fd5f331140bd800c48b670,warmup,0,13662,122591,136253,157039,1,2048,2048,2047,1,Pass,Pass,1126272383489710074
2,5,0,A0-dup,A0,256KiB,262144,2048,6f0154469137295abd7b45b25bc83aace599559234fd5f331140bd800c48b670,warmup,0,13363,155462,168825,66,0,0,2048,2047,1,Pass,Pass,1126272383489710074
2,5,1,Acapacity,Acapacity,1MiB,1048576,8192,337a179ec729c20c01309d98317f7ca00691d12ca10285b55ade71fb880e191c,warmup,0,57321,652046,709367,91,0,0,2048,2047,1,Pass,Pass,16341657278089853397
2,5,2,A0,A0,8MiB,8388608,65536,e456d3adf67030c5a168df273f5171ca3e1299e54571d94cca82b117f3cf3aeb,warmup,0,1402220,11284173,12686393,297,0,0,2048,2047,1,Pass,Pass,9713268438230653554
2,5,3,Adefs,Adefs,16MiB,16777216,131072,0c00f8138e0e622f6fc7215fc0f0d135e79bf60450e4c79d30e30624a8842117,warmup,0,3135166,21447023,24582189,116,0,0,2048,2047,1,Pass,Pass,7408339909486172793
2,5,4,Adefs,Adefs,128KiB,131072,1024,22e51081397aebb06a1c4c3f85bd08a6e7041a438f4aae416970027e1ddbb24e,warmup,0,6832,77293,84125,124,0,0,2048,2047,1,Pass,Pass,15067928572581534229
2,5,5,A0-dup,A0,512KiB,524288,4096,155dfc49f4c05f1087ef002a279acee734e738bc580f2b3925315f95a108242b,warmup,0,28517,319845,348362,29,0,0,2048,2047,1,Pass,Pass,192086794746352270
2,5,6,A0,A0,128KiB,131072,1024,22e51081397aebb06a1c4c3f85bd08a6e7041a438f4aae416970027e1ddbb24e,warmup,0,6702,81288,87990,31,0,0,2048,2047,1,Pass,Pass,15067928572581534229
2,5,7,A0-dup,A0,8MiB,8388608,65536,e456d3adf67030c5a168df273f5171ca3e1299e54571d94cca82b117f3cf3aeb,warmup,0,1372017,10968656,12340673,280,0,0,2048,2047,1,Pass,Pass,9713268438230653554
2,5,8,Acapacity,Acapacity,256KiB,262144,2048,6f0154469137295abd7b45b25bc83aace599559234fd5f331140bd800c48b670,warmup,0,20068,178932,199000,94,0,0,2048,2047,1,Pass,Pass,1126272383489710074
2,5,9,Acapacity,Acapacity,2MiB,2097152,16384,6587afedd7c0f949b131311e7425d033a0754a29587f85f26ec370a31fc4edf0,warmup,0,119478,1426670,1546148,113,0,0,2048,2047,1,Pass,Pass,7349817109290025153
2,5,10,Adrop,Adrop,8MiB,8388608,65536,e456d3adf67030c5a168df273f5171ca3e1299e54571d94cca82b117f3cf3aeb,warmup,0,1399995,9748246,11148241,8342515,1,65536,65536,65535,1,Pass,Pass,9713268438230653554
2,5,11,Adrop,Adrop,1MiB,1048576,8192,337a179ec729c20c01309d98317f7ca00691d12ca10285b55ade71fb880e191c,warmup,0,57388,525950,583338,661578,1,8192,8192,8191,1,Pass,Pass,16341657278089853397
2,5,12,Adrop,Adrop,256KiB,262144,2048,6f0154469137295abd7b45b25bc83aace599559234fd5f331140bd800c48b670,warmup,0,14182,125303,139485,152275,1,2048,2048,2047,1,Pass,Pass,1126272383489710074
2,5,13,A0-dup,A0,128KiB,131072,1024,22e51081397aebb06a1c4c3f85bd08a6e7041a438f4aae416970027e1ddbb24e,warmup,0,6572,79555,86127,81,0,0,2048,2047,1,Pass,Pass,15067928572581534229
2,5,14,A0,A0,256KiB,262144,2048,6f0154469137295abd7b45b25bc83aace599559234fd5f331140bd800c48b670,warmup,0,13385,157474,170859,66,0,0,2048,2047,1,Pass,Pass,1126272383489710074
2,5,15,Adefs,Adefs,512KiB,524288,4096,155dfc49f4c05f1087ef002a279acee734e738bc580f2b3925315f95a108242b,warmup,0,28672,297904,326576,47,0,0,2048,2047,1,Pass,Pass,192086794746352270
2,5,16,A0,A0,16MiB,16777216,131072,0c00f8138e0e622f6fc7215fc0f0d135e79bf60450e4c79d30e30624a8842117,warmup,0,3080062,22021962,25102024,340,0,0,2048,2047,1,Pass,Pass,7408339909486172793
2,5,17,Adrop,Adrop,4MiB,4194304,32768,f9dc4b51d64658b088837d5f2a7d485e8eba57daed852c20d443b77cc8137655,warmup,0,433238,3835816,4269054,4300171,1,32768,32768,32767,1,Pass,Pass,7876534982476418273
2,5,18,A0,A0,1MiB,1048576,8192,337a179ec729c20c01309d98317f7ca00691d12ca10285b55ade71fb880e191c,warmup,0,58144,663820,721964,180,0,0,32768,32767,1,Pass,Pass,16341657278089853397
2,5,19,Acapacity,Acapacity,512KiB,524288,4096,155dfc49f4c05f1087ef002a279acee734e738bc580f2b3925315f95a108242b,warmup,0,29219,306889,336108,152,0,0,32768,32767,1,Pass,Pass,192086794746352270
2,5,20,Adefs,Adefs,4MiB,4194304,32768,f9dc4b51d64658b088837d5f2a7d485e8eba57daed852c20d443b77cc8137655,warmup,0,483424,4304375,4787799,124,0,0,32768,32767,1,Pass,Pass,7876534982476418273
2,5,21,Acapacity,Acapacity,16MiB,16777216,131072,0c00f8138e0e622f6fc7215fc0f0d135e79bf60450e4c79d30e30624a8842117,warmup,0,3077018,21230262,24307280,325,0,0,32768,32767,1,Pass,Pass,7408339909486172793
2,5,22,A0,A0,2MiB,2097152,16384,6587afedd7c0f949b131311e7425d033a0754a29587f85f26ec370a31fc4edf0,warmup,0,114680,1463511,1578191,246,0,0,32768,32767,1,Pass,Pass,7349817109290025153
2,5,23,Acapacity,Acapacity,128KiB,131072,1024,22e51081397aebb06a1c4c3f85bd08a6e7041a438f4aae416970027e1ddbb24e,warmup,0,7028,80893,87921,132,0,0,32768,32767,1,Pass,Pass,15067928572581534229
2,5,24,A0-dup,A0,16MiB,16777216,131072,0c00f8138e0e622f6fc7215fc0f0d135e79bf60450e4c79d30e30624a8842117,warmup,0,3080838,21956064,25036902,339,0,0,32768,32767,1,Pass,Pass,7408339909486172793
2,5,25,Acapacity,Acapacity,8MiB,8388608,65536,e456d3adf67030c5a168df273f5171ca3e1299e54571d94cca82b117f3cf3aeb,warmup,0,1376472,10909204,12285676,228,0,0,32768,32767,1,Pass,Pass,9713268438230653554
2,5,26,Adefs,Adefs,2MiB,2097152,16384,6587afedd7c0f949b131311e7425d033a0754a29587f85f26ec370a31fc4edf0,warmup,0,122510,1366611,1489121,118,0,0,32768,32767,1,Pass,Pass,7349817109290025153
2,5,27,A0-dup,A0,4MiB,4194304,32768,f9dc4b51d64658b088837d5f2a7d485e8eba57daed852c20d443b77cc8137655,warmup,0,458044,4161727,4619771,96,0,0,32768,32767,1,Pass,Pass,7876534982476418273
2,5,28,A0-dup,A0,2MiB,2097152,16384,6587afedd7c0f949b131311e7425d033a0754a29587f85f26ec370a31fc4edf0,warmup,0,119386,1464081,1583467,93,0,0,32768,32767,1,Pass,Pass,7349817109290025153
2,5,29,Adrop,Adrop,128KiB,131072,1024,22e51081397aebb06a1c4c3f85bd08a6e7041a438f4aae416970027e1ddbb24e,warmup,0,6836,64966,71802,79391,1,1024,1024,1023,1,Pass,Pass,15067928572581534229
2,5,30,Adrop,Adrop,16MiB,16777216,131072,0c00f8138e0e622f6fc7215fc0f0d135e79bf60450e4c79d30e30624a8842117,warmup,0,3090069,20269866,23359935,18468434,1,131072,131072,131071,1,Pass,Pass,7408339909486172793
2,5,31,Adrop,Adrop,512KiB,524288,4096,155dfc49f4c05f1087ef002a279acee734e738bc580f2b3925315f95a108242b,warmup,0,29378,250969,280347,319852,1,4096,4096,4095,1,Pass,Pass,192086794746352270
2,5,32,Adefs,Adefs,8MiB,8388608,65536,e456d3adf67030c5a168df273f5171ca3e1299e54571d94cca82b117f3cf3aeb,warmup,0,1382854,10952097,12334951,355,0,0,4096,4095,1,Pass,Pass,9713268438230653554
2,5,33,A0-dup,A0,1MiB,1048576,8192,337a179ec729c20c01309d98317f7ca00691d12ca10285b55ade71fb880e191c,warmup,0,57174,650298,707472,284,0,0,4096,4095,1,Pass,Pass,16341657278089853397
2,5,34,A0,A0,512KiB,524288,4096,155dfc49f4c05f1087ef002a279acee734e738bc580f2b3925315f95a108242b,warmup,0,28820,312234,341054,106,0,0,4096,4095,1,Pass,Pass,192086794746352270
2,5,35,A0,A0,4MiB,4194304,32768,f9dc4b51d64658b088837d5f2a7d485e8eba57daed852c20d443b77cc8137655,warmup,0,446831,4169130,4615961,342,0,0,4096,4095,1,Pass,Pass,7876534982476418273
2,5,36,Acapacity,Acapacity,4MiB,4194304,32768,f9dc4b51d64658b088837d5f2a7d485e8eba57daed852c20d443b77cc8137655,warmup,0,434137,4159197,4593334,92,0,0,4096,4095,1,Pass,Pass,7876534982476418273
2,5,37,Adefs,Adefs,256KiB,262144,2048,6f0154469137295abd7b45b25bc83aace599559234fd5f331140bd800c48b670,warmup,0,14074,149918,163992,88,0,0,4096,4095,1,Pass,Pass,1126272383489710074
2,5,38,Adrop,Adrop,2MiB,2097152,16384,6587afedd7c0f949b131311e7425d033a0754a29587f85f26ec370a31fc4edf0,warmup,0,119028,1236003,1355031,2009372,1,16384,16384,16383,1,Pass,Pass,7349817109290025153
2,5,39,Adefs,Adefs,1MiB,1048576,8192,337a179ec729c20c01309d98317f7ca00691d12ca10285b55ade71fb880e191c,warmup,0,61040,610714,671754,110,0,0,16384,16383,1,Pass,Pass,16341657278089853397
2,6,0,A0-dup,A0,256KiB,262144,2048,6f0154469137295abd7b45b25bc83aace599559234fd5f331140bd800c48b670,warmup,0,13949,162221,176170,47,0,0,16384,16383,1,Pass,Pass,1126272383489710074
2,6,1,Adrop,Adrop,2MiB,2097152,16384,6587afedd7c0f949b131311e7425d033a0754a29587f85f26ec370a31fc4edf0,warmup,0,117855,1255146,1373001,2002660,1,16384,16384,16383,1,Pass,Pass,7349817109290025153
2,6,2,Adrop,Adrop,4MiB,4194304,32768,f9dc4b51d64658b088837d5f2a7d485e8eba57daed852c20d443b77cc8137655,warmup,0,524599,3955180,4479779,4505902,1,32768,32768,32767,1,Pass,Pass,7876534982476418273
2,6,3,A0,A0,1MiB,1048576,8192,337a179ec729c20c01309d98317f7ca00691d12ca10285b55ade71fb880e191c,warmup,0,57738,653833,711571,341,0,0,32768,32767,1,Pass,Pass,16341657278089853397
2,6,4,Adrop,Adrop,512KiB,524288,4096,155dfc49f4c05f1087ef002a279acee734e738bc580f2b3925315f95a108242b,warmup,0,29110,255447,284557,310744,1,4096,4096,4095,1,Pass,Pass,192086794746352270
2,6,5,Adefs,Adefs,2MiB,2097152,16384,6587afedd7c0f949b131311e7425d033a0754a29587f85f26ec370a31fc4edf0,warmup,0,117304,1457332,1574636,164,0,0,4096,4095,1,Pass,Pass,7349817109290025153
2,6,6,Acapacity,Acapacity,128KiB,131072,1024,22e51081397aebb06a1c4c3f85bd08a6e7041a438f4aae416970027e1ddbb24e,warmup,0,7309,79332,86641,71,0,0,4096,4095,1,Pass,Pass,15067928572581534229
2,6,7,A0,A0,2MiB,2097152,16384,6587afedd7c0f949b131311e7425d033a0754a29587f85f26ec370a31fc4edf0,warmup,0,117525,1510282,1627807,253,0,0,4096,4095,1,Pass,Pass,7349817109290025153
2,6,8,Adrop,Adrop,1MiB,1048576,8192,337a179ec729c20c01309d98317f7ca00691d12ca10285b55ade71fb880e191c,warmup,0,57341,527631,584972,631600,1,8192,8192,8191,1,Pass,Pass,16341657278089853397
2,6,9,A0,A0,256KiB,262144,2048,6f0154469137295abd7b45b25bc83aace599559234fd5f331140bd800c48b670,warmup,0,13700,161618,175318,70,0,0,8192,8191,1,Pass,Pass,1126272383489710074
2,6,10,Adefs,Adefs,4MiB,4194304,32768,f9dc4b51d64658b088837d5f2a7d485e8eba57daed852c20d443b77cc8137655,warmup,0,458318,4086855,4545173,126,0,0,8192,8191,1,Pass,Pass,7876534982476418273
2,6,11,A0-dup,A0,1MiB,1048576,8192,337a179ec729c20c01309d98317f7ca00691d12ca10285b55ade71fb880e191c,warmup,0,57472,664327,721799,95,0,0,8192,8191,1,Pass,Pass,16341657278089853397
2,6,12,Adefs,Adefs,128KiB,131072,1024,22e51081397aebb06a1c4c3f85bd08a6e7041a438f4aae416970027e1ddbb24e,warmup,0,6830,75141,81971,41,0,0,8192,8191,1,Pass,Pass,15067928572581534229
2,6,13,Acapacity,Acapacity,8MiB,8388608,65536,e456d3adf67030c5a168df273f5171ca3e1299e54571d94cca82b117f3cf3aeb,warmup,0,1348780,11488891,12837671,109,0,0,8192,8191,1,Pass,Pass,9713268438230653554
2,6,14,Acapacity,Acapacity,4MiB,4194304,32768,f9dc4b51d64658b088837d5f2a7d485e8eba57daed852c20d443b77cc8137655,warmup,0,460373,4186547,4646920,95,0,0,8192,8191,1,Pass,Pass,7876534982476418273
2,6,15,Adefs,Adefs,8MiB,8388608,65536,e456d3adf67030c5a168df273f5171ca3e1299e54571d94cca82b117f3cf3aeb,warmup,0,1389736,10398991,11788727,390,0,0,8192,8191,1,Pass,Pass,9713268438230653554
2,6,16,A0,A0,16MiB,16777216,131072,0c00f8138e0e622f6fc7215fc0f0d135e79bf60450e4c79d30e30624a8842117,warmup,0,3050801,23771812,26822613,175,0,0,8192,8191,1,Pass,Pass,7408339909486172793
2,6,17,Adrop,Adrop,16MiB,16777216,131072,0c00f8138e0e622f6fc7215fc0f0d135e79bf60450e4c79d30e30624a8842117,warmup,0,3039679,20784459,23824138,19523988,1,131072,131072,131071,1,Pass,Pass,7408339909486172793
2,6,18,Adrop,Adrop,8MiB,8388608,65536,e456d3adf67030c5a168df273f5171ca3e1299e54571d94cca82b117f3cf3aeb,warmup,0,1382075,9271067,10653142,9228349,1,65536,65536,65535,1,Pass,Pass,9713268438230653554
2,6,19,A0,A0,128KiB,131072,1024,22e51081397aebb06a1c4c3f85bd08a6e7041a438f4aae416970027e1ddbb24e,warmup,0,7032,85886,92918,317,0,0,65536,65535,1,Pass,Pass,15067928572581534229
2,6,20,Adefs,Adefs,16MiB,16777216,131072,0c00f8138e0e622f6fc7215fc0f0d135e79bf60450e4c79d30e30624a8842117,warmup,0,3080876,21414870,24495746,354,0,0,65536,65535,1,Pass,Pass,7408339909486172793
2,6,21,A0-dup,A0,4MiB,4194304,32768,f9dc4b51d64658b088837d5f2a7d485e8eba57daed852c20d443b77cc8137655,warmup,0,308473,4106325,4414798,186,0,0,65536,65535,1,Pass,Pass,7876534982476418273
2,6,22,Adefs,Adefs,512KiB,524288,4096,155dfc49f4c05f1087ef002a279acee734e738bc580f2b3925315f95a108242b,warmup,0,29099,292150,321249,88,0,0,65536,65535,1,Pass,Pass,192086794746352270
2,6,23,A0-dup,A0,8MiB,8388608,65536,e456d3adf67030c5a168df273f5171ca3e1299e54571d94cca82b117f3cf3aeb,warmup,0,1352813,11006604,12359417,279,0,0,65536,65535,1,Pass,Pass,9713268438230653554
2,6,24,A0,A0,512KiB,524288,4096,155dfc49f4c05f1087ef002a279acee734e738bc580f2b3925315f95a108242b,warmup,0,29455,336863,366318,79,0,0,65536,65535,1,Pass,Pass,192086794746352270
2,6,25,A0-dup,A0,16MiB,16777216,131072,0c00f8138e0e622f6fc7215fc0f0d135e79bf60450e4c79d30e30624a8842117,warmup,0,3110836,24325092,27435928,293,0,0,65536,65535,1,Pass,Pass,7408339909486172793
2,6,26,Acapacity,Acapacity,256KiB,262144,2048,6f0154469137295abd7b45b25bc83aace599559234fd5f331140bd800c48b670,warmup,0,14184,160491,174675,111,0,0,65536,65535,1,Pass,Pass,1126272383489710074
2,6,27,Acapacity,Acapacity,2MiB,2097152,16384,6587afedd7c0f949b131311e7425d033a0754a29587f85f26ec370a31fc4edf0,warmup,0,114560,1410710,1525270,94,0,0,65536,65535,1,Pass,Pass,7349817109290025153
2,6,28,A0-dup,A0,128KiB,131072,1024,22e51081397aebb06a1c4c3f85bd08a6e7041a438f4aae416970027e1ddbb24e,warmup,0,7030,85056,92086,30,0,0,65536,65535,1,Pass,Pass,15067928572581534229
2,6,29,Adrop,Adrop,128KiB,131072,1024,22e51081397aebb06a1c4c3f85bd08a6e7041a438f4aae416970027e1ddbb24e,warmup,0,6621,66136,72757,79522,1,1024,1024,1023,1,Pass,Pass,15067928572581534229
2,6,30,Acapacity,Acapacity,1MiB,1048576,8192,337a179ec729c20c01309d98317f7ca00691d12ca10285b55ade71fb880e191c,warmup,0,57399,651432,708831,94,0,0,1024,1023,1,Pass,Pass,16341657278089853397
2,6,31,Acapacity,Acapacity,16MiB,16777216,131072,0c00f8138e0e622f6fc7215fc0f0d135e79bf60450e4c79d30e30624a8842117,warmup,0,3321229,23116198,26437427,341,0,0,1024,1023,1,Pass,Pass,7408339909486172793
2,6,32,A0-dup,A0,2MiB,2097152,16384,6587afedd7c0f949b131311e7425d033a0754a29587f85f26ec370a31fc4edf0,warmup,0,117042,1618980,1736022,110,0,0,1024,1023,1,Pass,Pass,7349817109290025153
2,6,33,Acapacity,Acapacity,512KiB,524288,4096,155dfc49f4c05f1087ef002a279acee734e738bc580f2b3925315f95a108242b,warmup,0,29362,312914,342276,31,0,0,1024,1023,1,Pass,Pass,192086794746352270
2,6,34,Adefs,Adefs,256KiB,262144,2048,6f0154469137295abd7b45b25bc83aace599559234fd5f331140bd800c48b670,warmup,0,13747,147461,161208,35,0,0,1024,1023,1,Pass,Pass,1126272383489710074
2,6,35,Adefs,Adefs,1MiB,1048576,8192,337a179ec729c20c01309d98317f7ca00691d12ca10285b55ade71fb880e191c,warmup,0,56995,626140,683135,91,0,0,1024,1023,1,Pass,Pass,16341657278089853397
2,6,36,A0-dup,A0,512KiB,524288,4096,155dfc49f4c05f1087ef002a279acee734e738bc580f2b3925315f95a108242b,warmup,0,29239,332835,362074,52,0,0,1024,1023,1,Pass,Pass,192086794746352270
2,6,37,A0,A0,8MiB,8388608,65536,e456d3adf67030c5a168df273f5171ca3e1299e54571d94cca82b117f3cf3aeb,warmup,0,1368857,10990623,12359480,195,0,0,1024,1023,1,Pass,Pass,9713268438230653554
2,6,38,Adrop,Adrop,256KiB,262144,2048,6f0154469137295abd7b45b25bc83aace599559234fd5f331140bd800c48b670,warmup,0,14082,127278,141360,151848,1,2048,2048,2047,1,Pass,Pass,1126272383489710074
2,6,39,A0,A0,4MiB,4194304,32768,f9dc4b51d64658b088837d5f2a7d485e8eba57daed852c20d443b77cc8137655,warmup,0,463942,4293663,4757605,93,0,0,2048,2047,1,Pass,Pass,7876534982476418273
2,7,0,A0,A0,512KiB,524288,4096,155dfc49f4c05f1087ef002a279acee734e738bc580f2b3925315f95a108242b,warmup,0,29361,325847,355208,83,0,0,2048,2047,1,Pass,Pass,192086794746352270
2,7,1,A0-dup,A0,8MiB,8388608,65536,e456d3adf67030c5a168df273f5171ca3e1299e54571d94cca82b117f3cf3aeb,warmup,0,1369144,10818213,12187357,416,0,0,2048,2047,1,Pass,Pass,9713268438230653554
2,7,2,Acapacity,Acapacity,2MiB,2097152,16384,6587afedd7c0f949b131311e7425d033a0754a29587f85f26ec370a31fc4edf0,warmup,0,121544,1462566,1584110,194,0,0,2048,2047,1,Pass,Pass,7349817109290025153
2,7,3,A0-dup,A0,2MiB,2097152,16384,6587afedd7c0f949b131311e7425d033a0754a29587f85f26ec370a31fc4edf0,warmup,0,118927,1484813,1603740,101,0,0,2048,2047,1,Pass,Pass,7349817109290025153
2,7,4,A0,A0,128KiB,131072,1024,22e51081397aebb06a1c4c3f85bd08a6e7041a438f4aae416970027e1ddbb24e,warmup,0,7178,85012,92190,29,0,0,2048,2047,1,Pass,Pass,15067928572581534229
2,7,5,A0-dup,A0,512KiB,524288,4096,155dfc49f4c05f1087ef002a279acee734e738bc580f2b3925315f95a108242b,warmup,0,28736,311142,339878,29,0,0,2048,2047,1,Pass,Pass,192086794746352270
2,7,6,A0-dup,A0,4MiB,4194304,32768,f9dc4b51d64658b088837d5f2a7d485e8eba57daed852c20d443b77cc8137655,warmup,0,467956,4348423,4816379,380,0,0,2048,2047,1,Pass,Pass,7876534982476418273
2,7,7,Adefs,Adefs,16MiB,16777216,131072,0c00f8138e0e622f6fc7215fc0f0d135e79bf60450e4c79d30e30624a8842117,warmup,0,3091433,21429841,24521274,426,0,0,2048,2047,1,Pass,Pass,7408339909486172793
2,7,8,A0,A0,1MiB,1048576,8192,337a179ec729c20c01309d98317f7ca00691d12ca10285b55ade71fb880e191c,warmup,0,57673,658662,716335,115,0,0,2048,2047,1,Pass,Pass,16341657278089853397
2,7,9,A0-dup,A0,128KiB,131072,1024,22e51081397aebb06a1c4c3f85bd08a6e7041a438f4aae416970027e1ddbb24e,warmup,0,6745,79473,86218,37,0,0,2048,2047,1,Pass,Pass,15067928572581534229
2,7,10,A0-dup,A0,1MiB,1048576,8192,337a179ec729c20c01309d98317f7ca00691d12ca10285b55ade71fb880e191c,warmup,0,57867,736176,794043,158,0,0,2048,2047,1,Pass,Pass,16341657278089853397
2,7,11,Adefs,Adefs,128KiB,131072,1024,22e51081397aebb06a1c4c3f85bd08a6e7041a438f4aae416970027e1ddbb24e,warmup,0,6770,75275,82045,53,0,0,2048,2047,1,Pass,Pass,15067928572581534229
2,7,12,Adrop,Adrop,512KiB,524288,4096,155dfc49f4c05f1087ef002a279acee734e738bc580f2b3925315f95a108242b,warmup,0,29507,266384,295891,330543,1,4096,4096,4095,1,Pass,Pass,192086794746352270
2,7,13,Adefs,Adefs,8MiB,8388608,65536,e456d3adf67030c5a168df273f5171ca3e1299e54571d94cca82b117f3cf3aeb,warmup,0,1380353,10009928,11390281,272,0,0,4096,4095,1,Pass,Pass,9713268438230653554
2,7,14,Acapacity,Acapacity,256KiB,262144,2048,6f0154469137295abd7b45b25bc83aace599559234fd5f331140bd800c48b670,warmup,0,14523,158237,172760,111,0,0,4096,4095,1,Pass,Pass,1126272383489710074
2,7,15,A0,A0,16MiB,16777216,131072,0c00f8138e0e622f6fc7215fc0f0d135e79bf60450e4c79d30e30624a8842117,warmup,0,3274337,22218450,25492787,301,0,0,4096,4095,1,Pass,Pass,7408339909486172793
2,7,16,Adrop,Adrop,2MiB,2097152,16384,6587afedd7c0f949b131311e7425d033a0754a29587f85f26ec370a31fc4edf0,warmup,0,119279,1209267,1328546,2068946,1,16384,16384,16383,1,Pass,Pass,7349817109290025153
2,7,17,Adrop,Adrop,16MiB,16777216,131072,0c00f8138e0e622f6fc7215fc0f0d135e79bf60450e4c79d30e30624a8842117,warmup,0,3075020,20776905,23851925,18708931,1,131072,131072,131071,1,Pass,Pass,7408339909486172793
2,7,18,Acapacity,Acapacity,4MiB,4194304,32768,f9dc4b51d64658b088837d5f2a7d485e8eba57daed852c20d443b77cc8137655,warmup,0,406601,4094317,4500918,461,0,0,131072,131071,1,Pass,Pass,7876534982476418273
2,7,19,Adrop,Adrop,256KiB,262144,2048,6f0154469137295abd7b45b25bc83aace599559234fd5f331140bd800c48b670,warmup,0,14118,126922,141040,153795,1,2048,2048,2047,1,Pass,Pass,1126272383489710074
2,7,20,Adrop,Adrop,4MiB,4194304,32768,f9dc4b51d64658b088837d5f2a7d485e8eba57daed852c20d443b77cc8137655,warmup,0,330718,3542204,3872922,4132582,1,32768,32768,32767,1,Pass,Pass,7876534982476418273
2,7,21,Adrop,Adrop,1MiB,1048576,8192,337a179ec729c20c01309d98317f7ca00691d12ca10285b55ade71fb880e191c,warmup,0,57959,521600,579559,657941,1,8192,8192,8191,1,Pass,Pass,16341657278089853397
2,7,22,Adrop,Adrop,128KiB,131072,1024,22e51081397aebb06a1c4c3f85bd08a6e7041a438f4aae416970027e1ddbb24e,warmup,0,6884,64764,71648,79078,1,1024,1024,1023,1,Pass,Pass,15067928572581534229
2,7,23,Adefs,Adefs,256KiB,262144,2048,6f0154469137295abd7b45b25bc83aace599559234fd5f331140bd800c48b670,warmup,0,13923,148294,162217,99,0,0,1024,1023,1,Pass,Pass,1126272383489710074
2,7,24,Acapacity,Acapacity,1MiB,1048576,8192,337a179ec729c20c01309d98317f7ca00691d12ca10285b55ade71fb880e191c,warmup,0,57299,633841,691140,134,0,0,1024,1023,1,Pass,Pass,16341657278089853397
2,7,25,Acapacity,Acapacity,512KiB,524288,4096,155dfc49f4c05f1087ef002a279acee734e738bc580f2b3925315f95a108242b,warmup,0,29114,308946,338060,64,0,0,1024,1023,1,Pass,Pass,192086794746352270
2,7,26,Adrop,Adrop,8MiB,8388608,65536,e456d3adf67030c5a168df273f5171ca3e1299e54571d94cca82b117f3cf3aeb,warmup,0,1396444,9377683,10774127,10097993,1,65536,65536,65535,1,Pass,Pass,9713268438230653554
2,7,27,Adefs,Adefs,512KiB,524288,4096,155dfc49f4c05f1087ef002a279acee734e738bc580f2b3925315f95a108242b,warmup,0,29328,299851,329179,126,0,0,65536,65535,1,Pass,Pass,192086794746352270
2,7,28,A0-dup,A0,16MiB,16777216,131072,0c00f8138e0e622f6fc7215fc0f0d135e79bf60450e4c79d30e30624a8842117,warmup,0,3087641,23660729,26748370,344,0,0,65536,65535,1,Pass,Pass,7408339909486172793
2,7,29,A0,A0,256KiB,262144,2048,6f0154469137295abd7b45b25bc83aace599559234fd5f331140bd800c48b670,warmup,0,14017,164670,178687,110,0,0,65536,65535,1,Pass,Pass,1126272383489710074
2,7,30,Acapacity,Acapacity,8MiB,8388608,65536,e456d3adf67030c5a168df273f5171ca3e1299e54571d94cca82b117f3cf3aeb,warmup,0,1374001,10825488,12199489,106,0,0,65536,65535,1,Pass,Pass,9713268438230653554
2,7,31,Adefs,Adefs,1MiB,1048576,8192,337a179ec729c20c01309d98317f7ca00691d12ca10285b55ade71fb880e191c,warmup,0,57521,622677,680198,242,0,0,65536,65535,1,Pass,Pass,16341657278089853397
2,7,32,Adefs,Adefs,2MiB,2097152,16384,6587afedd7c0f949b131311e7425d033a0754a29587f85f26ec370a31fc4edf0,warmup,0,116702,1371050,1487752,91,0,0,65536,65535,1,Pass,Pass,7349817109290025153
2,7,33,Adefs,Adefs,4MiB,4194304,32768,f9dc4b51d64658b088837d5f2a7d485e8eba57daed852c20d443b77cc8137655,warmup,0,494021,4225706,4719727,92,0,0,65536,65535,1,Pass,Pass,7876534982476418273
2,7,34,A0,A0,2MiB,2097152,16384,6587afedd7c0f949b131311e7425d033a0754a29587f85f26ec370a31fc4edf0,warmup,0,125782,1615228,1741010,106,0,0,65536,65535,1,Pass,Pass,7349817109290025153
2,7,35,A0,A0,8MiB,8388608,65536,e456d3adf67030c5a168df273f5171ca3e1299e54571d94cca82b117f3cf3aeb,warmup,0,1381481,10855619,12237100,309,0,0,65536,65535,1,Pass,Pass,9713268438230653554
2,7,36,A0-dup,A0,256KiB,262144,2048,6f0154469137295abd7b45b25bc83aace599559234fd5f331140bd800c48b670,warmup,0,14111,163318,177429,97,0,0,65536,65535,1,Pass,Pass,1126272383489710074
2,7,37,A0,A0,4MiB,4194304,32768,f9dc4b51d64658b088837d5f2a7d485e8eba57daed852c20d443b77cc8137655,warmup,0,424502,4148424,4572926,100,0,0,65536,65535,1,Pass,Pass,7876534982476418273
2,7,38,Acapacity,Acapacity,16MiB,16777216,131072,0c00f8138e0e622f6fc7215fc0f0d135e79bf60450e4c79d30e30624a8842117,warmup,0,3087842,21297746,24385588,318,0,0,65536,65535,1,Pass,Pass,7408339909486172793
2,7,39,Acapacity,Acapacity,128KiB,131072,1024,22e51081397aebb06a1c4c3f85bd08a6e7041a438f4aae416970027e1ddbb24e,warmup,0,6871,80414,87285,111,0,0,65536,65535,1,Pass,Pass,15067928572581534229
2,8,0,Adefs,Adefs,4MiB,4194304,32768,f9dc4b51d64658b088837d5f2a7d485e8eba57daed852c20d443b77cc8137655,warmup,0,416332,3985919,4402251,373,0,0,65536,65535,1,Pass,Pass,7876534982476418273
2,8,1,Adefs,Adefs,16MiB,16777216,131072,0c00f8138e0e622f6fc7215fc0f0d135e79bf60450e4c79d30e30624a8842117,warmup,0,3081123,21394853,24475976,196,0,0,65536,65535,1,Pass,Pass,7408339909486172793
2,8,2,A0,A0,16MiB,16777216,131072,0c00f8138e0e622f6fc7215fc0f0d135e79bf60450e4c79d30e30624a8842117,warmup,0,3048093,23906675,26954768,288,0,0,65536,65535,1,Pass,Pass,7408339909486172793
2,8,3,Acapacity,Acapacity,128KiB,131072,1024,22e51081397aebb06a1c4c3f85bd08a6e7041a438f4aae416970027e1ddbb24e,warmup,0,7000,79963,86963,99,0,0,65536,65535,1,Pass,Pass,15067928572581534229
2,8,4,A0,A0,256KiB,262144,2048,6f0154469137295abd7b45b25bc83aace599559234fd5f331140bd800c48b670,warmup,0,13630,165853,179483,31,0,0,65536,65535,1,Pass,Pass,1126272383489710074
2,8,5,Adrop,Adrop,16MiB,16777216,131072,0c00f8138e0e622f6fc7215fc0f0d135e79bf60450e4c79d30e30624a8842117,warmup,0,3081384,20264563,23345947,15522696,1,131072,131072,131071,1,Pass,Pass,7408339909486172793
2,8,6,Adrop,Adrop,2MiB,2097152,16384,6587afedd7c0f949b131311e7425d033a0754a29587f85f26ec370a31fc4edf0,warmup,0,116344,1239000,1355344,2002155,1,16384,16384,16383,1,Pass,Pass,7349817109290025153
2,8,7,Acapacity,Acapacity,16MiB,16777216,131072,0c00f8138e0e622f6fc7215fc0f0d135e79bf60450e4c79d30e30624a8842117,warmup,0,3206414,23420924,26627338,205,0,0,16384,16383,1,Pass,Pass,7408339909486172793
2,8,8,Adefs,Adefs,128KiB,131072,1024,22e51081397aebb06a1c4c3f85bd08a6e7041a438f4aae416970027e1ddbb24e,warmup,0,7198,81267,88465,230,0,0,16384,16383,1,Pass,Pass,15067928572581534229
2,8,9,A0-dup,A0,128KiB,131072,1024,22e51081397aebb06a1c4c3f85bd08a6e7041a438f4aae416970027e1ddbb24e,warmup,0,6549,81545,88094,32,0,0,16384,16383,1,Pass,Pass,15067928572581534229
2,8,10,Adrop,Adrop,512KiB,524288,4096,155dfc49f4c05f1087ef002a279acee734e738bc580f2b3925315f95a108242b,warmup,0,29015,248135,277150,319476,1,4096,4096,4095,1,Pass,Pass,192086794746352270
2,8,11,Adrop,Adrop,1MiB,1048576,8192,337a179ec729c20c01309d98317f7ca00691d12ca10285b55ade71fb880e191c,warmup,0,57800,533224,591024,665174,1,8192,8192,8191,1,Pass,Pass,16341657278089853397
2,8,12,Adefs,Adefs,8MiB,8388608,65536,e456d3adf67030c5a168df273f5171ca3e1299e54571d94cca82b117f3cf3aeb,warmup,0,1361956,10016124,11378080,177,0,0,8192,8191,1,Pass,Pass,9713268438230653554
2,8,13,A0,A0,128KiB,131072,1024,22e51081397aebb06a1c4c3f85bd08a6e7041a438f4aae416970027e1ddbb24e,warmup,0,7031,86413,93444,173,0,0,8192,8191,1,Pass,Pass,15067928572581534229
2,8,14,A0-dup,A0,1MiB,1048576,8192,337a179ec729c20c01309d98317f7ca00691d12ca10285b55ade71fb880e191c,warmup,0,57416,650319,707735,109,0,0,8192,8191,1,Pass,Pass,16341657278089853397
2,8,15,Acapacity,Acapacity,512KiB,524288,4096,155dfc49f4c05f1087ef002a279acee734e738bc580f2b3925315f95a108242b,warmup,0,30159,352999,383158,165,0,0,8192,8191,1,Pass,Pass,192086794746352270
2,8,16,Acapacity,Acapacity,2MiB,2097152,16384,6587afedd7c0f949b131311e7425d033a0754a29587f85f26ec370a31fc4edf0,warmup,0,117101,1452676,1569777,146,0,0,8192,8191,1,Pass,Pass,7349817109290025153
2,8,17,A0-dup,A0,512KiB,524288,4096,155dfc49f4c05f1087ef002a279acee734e738bc580f2b3925315f95a108242b,warmup,0,29210,322638,351848,135,0,0,8192,8191,1,Pass,Pass,192086794746352270
2,8,18,A0-dup,A0,16MiB,16777216,131072,0c00f8138e0e622f6fc7215fc0f0d135e79bf60450e4c79d30e30624a8842117,warmup,0,3090659,23559726,26650385,356,0,0,8192,8191,1,Pass,Pass,7408339909486172793
2,8,19,A0,A0,8MiB,8388608,65536,e456d3adf67030c5a168df273f5171ca3e1299e54571d94cca82b117f3cf3aeb,warmup,0,1375735,10779708,12155443,178,0,0,8192,8191,1,Pass,Pass,9713268438230653554
2,8,20,A0,A0,1MiB,1048576,8192,337a179ec729c20c01309d98317f7ca00691d12ca10285b55ade71fb880e191c,warmup,0,57651,662724,720375,112,0,0,8192,8191,1,Pass,Pass,16341657278089853397
2,8,21,Adrop,Adrop,4MiB,4194304,32768,f9dc4b51d64658b088837d5f2a7d485e8eba57daed852c20d443b77cc8137655,warmup,0,488320,3648728,4137048,4528055,1,32768,32768,32767,1,Pass,Pass,7876534982476418273
2,8,22,Adrop,Adrop,8MiB,8388608,65536,e456d3adf67030c5a168df273f5171ca3e1299e54571d94cca82b117f3cf3aeb,warmup,0,1366215,9342110,10708325,9584434,1,65536,65536,65535,1,Pass,Pass,9713268438230653554
2,8,23,Adefs,Adefs,1MiB,1048576,8192,337a179ec729c20c01309d98317f7ca00691d12ca10285b55ade71fb880e191c,warmup,0,57515,610584,668099,202,0,0,65536,65535,1,Pass,Pass,16341657278089853397
2,8,24,Adefs,Adefs,2MiB,2097152,16384,6587afedd7c0f949b131311e7425d033a0754a29587f85f26ec370a31fc4edf0,warmup,0,123079,1377467,1500546,97,0,0,65536,65535,1,Pass,Pass,7349817109290025153
2,8,25,Acapacity,Acapacity,1MiB,1048576,8192,337a179ec729c20c01309d98317f7ca00691d12ca10285b55ade71fb880e191c,warmup,0,58024,641219,699243,285,0,0,65536,65535,1,Pass,Pass,16341657278089853397
2,8,26,Acapacity,Acapacity,8MiB,8388608,65536,e456d3adf67030c5a168df273f5171ca3e1299e54571d94cca82b117f3cf3aeb,warmup,0,1363434,10731016,12094450,287,0,0,65536,65535,1,Pass,Pass,9713268438230653554
2,8,27,Adefs,Adefs,512KiB,524288,4096,155dfc49f4c05f1087ef002a279acee734e738bc580f2b3925315f95a108242b,warmup,0,29104,306143,335247,94,0,0,65536,65535,1,Pass,Pass,192086794746352270
2,8,28,A0-dup,A0,4MiB,4194304,32768,f9dc4b51d64658b088837d5f2a7d485e8eba57daed852c20d443b77cc8137655,warmup,0,476014,4479010,4955024,99,0,0,65536,65535,1,Pass,Pass,7876534982476418273
2,8,29,A0,A0,4MiB,4194304,32768,f9dc4b51d64658b088837d5f2a7d485e8eba57daed852c20d443b77cc8137655,warmup,0,561284,4368245,4929529,288,0,0,65536,65535,1,Pass,Pass,7876534982476418273
2,8,30,Adrop,Adrop,128KiB,131072,1024,22e51081397aebb06a1c4c3f85bd08a6e7041a438f4aae416970027e1ddbb24e,warmup,0,6979,66052,73031,78900,1,1024,1024,1023,1,Pass,Pass,15067928572581534229
2,8,31,Acapacity,Acapacity,4MiB,4194304,32768,f9dc4b51d64658b088837d5f2a7d485e8eba57daed852c20d443b77cc8137655,warmup,0,466235,4312869,4779104,357,0,0,1024,1023,1,Pass,Pass,7876534982476418273
2,8,32,A0-dup,A0,8MiB,8388608,65536,e456d3adf67030c5a168df273f5171ca3e1299e54571d94cca82b117f3cf3aeb,warmup,0,1372141,10872147,12244288,179,0,0,1024,1023,1,Pass,Pass,9713268438230653554
2,8,33,A0,A0,512KiB,524288,4096,155dfc49f4c05f1087ef002a279acee734e738bc580f2b3925315f95a108242b,warmup,0,29098,324925,354023,175,0,0,1024,1023,1,Pass,Pass,192086794746352270
2,8,34,Adefs,Adefs,256KiB,262144,2048,6f0154469137295abd7b45b25bc83aace599559234fd5f331140bd800c48b670,warmup,0,13628,145979,159607,60,0,0,1024,1023,1,Pass,Pass,1126272383489710074
2,8,35,A0-dup,A0,256KiB,262144,2048,6f0154469137295abd7b45b25bc83aace599559234fd5f331140bd800c48b670,warmup,0,13652,158935,172587,48,0,0,1024,1023,1,Pass,Pass,1126272383489710074
2,8,36,A0,A0,2MiB,2097152,16384,6587afedd7c0f949b131311e7425d033a0754a29587f85f26ec370a31fc4edf0,warmup,0,123923,1501395,1625318,110,0,0,1024,1023,1,Pass,Pass,7349817109290025153
2,8,37,Acapacity,Acapacity,256KiB,262144,2048,6f0154469137295abd7b45b25bc83aace599559234fd5f331140bd800c48b670,warmup,0,14097,157162,171259,97,0,0,1024,1023,1,Pass,Pass,1126272383489710074
2,8,38,Adrop,Adrop,256KiB,262144,2048,6f0154469137295abd7b45b25bc83aace599559234fd5f331140bd800c48b670,warmup,0,13390,125536,138926,158275,1,2048,2048,2047,1,Pass,Pass,1126272383489710074
2,8,39,A0-dup,A0,2MiB,2097152,16384,6587afedd7c0f949b131311e7425d033a0754a29587f85f26ec370a31fc4edf0,warmup,0,124023,1542131,1666154,188,0,0,2048,2047,1,Pass,Pass,7349817109290025153
2,9,0,Adefs,Adefs,256KiB,262144,2048,6f0154469137295abd7b45b25bc83aace599559234fd5f331140bd800c48b670,warmup,0,13923,154934,168857,114,0,0,2048,2047,1,Pass,Pass,1126272383489710074
2,9,1,A0,A0,256KiB,262144,2048,6f0154469137295abd7b45b25bc83aace599559234fd5f331140bd800c48b670,warmup,0,13484,157983,171467,104,0,0,2048,2047,1,Pass,Pass,1126272383489710074
2,9,2,A0-dup,A0,8MiB,8388608,65536,e456d3adf67030c5a168df273f5171ca3e1299e54571d94cca82b117f3cf3aeb,warmup,0,1344866,10802647,12147513,423,0,0,2048,2047,1,Pass,Pass,9713268438230653554
2,9,3,Adrop,Adrop,2MiB,2097152,16384,6587afedd7c0f949b131311e7425d033a0754a29587f85f26ec370a31fc4edf0,warmup,0,117468,1192560,1310028,1951767,1,16384,16384,16383,1,Pass,Pass,7349817109290025153
2,9,4,Acapacity,Acapacity,8MiB,8388608,65536,e456d3adf67030c5a168df273f5171ca3e1299e54571d94cca82b117f3cf3aeb,warmup,0,1370852,10714318,12085170,256,0,0,16384,16383,1,Pass,Pass,9713268438230653554
2,9,5,A0-dup,A0,1MiB,1048576,8192,337a179ec729c20c01309d98317f7ca00691d12ca10285b55ade71fb880e191c,warmup,0,57538,669301,726839,336,0,0,16384,16383,1,Pass,Pass,16341657278089853397
2,9,6,Adrop,Adrop,128KiB,131072,1024,22e51081397aebb06a1c4c3f85bd08a6e7041a438f4aae416970027e1ddbb24e,warmup,0,6684,65986,72670,80620,1,1024,1024,1023,1,Pass,Pass,15067928572581534229
2,9,7,Adrop,Adrop,8MiB,8388608,65536,e456d3adf67030c5a168df273f5171ca3e1299e54571d94cca82b117f3cf3aeb,warmup,0,1375928,9322527,10698455,8307082,1,65536,65536,65535,1,Pass,Pass,9713268438230653554
2,9,8,A0-dup,A0,2MiB,2097152,16384,6587afedd7c0f949b131311e7425d033a0754a29587f85f26ec370a31fc4edf0,warmup,0,114835,1469813,1584648,373,0,0,65536,65535,1,Pass,Pass,7349817109290025153
2,9,9,Adrop,Adrop,4MiB,4194304,32768,f9dc4b51d64658b088837d5f2a7d485e8eba57daed852c20d443b77cc8137655,warmup,0,481009,3719077,4200086,4201751,1,32768,32768,32767,1,Pass,Pass,7876534982476418273
2,9,10,Adefs,Adefs,512KiB,524288,4096,155dfc49f4c05f1087ef002a279acee734e738bc580f2b3925315f95a108242b,warmup,0,29123,295209,324332,126,0,0,32768,32767,1,Pass,Pass,192086794746352270
2,9,11,Acapacity,Acapacity,4MiB,4194304,32768,f9dc4b51d64658b088837d5f2a7d485e8eba57daed852c20d443b77cc8137655,warmup,0,548117,4198802,4746919,181,0,0,32768,32767,1,Pass,Pass,7876534982476418273
2,9,12,Adrop,Adrop,512KiB,524288,4096,155dfc49f4c05f1087ef002a279acee734e738bc580f2b3925315f95a108242b,warmup,0,29169,276183,305352,312596,1,4096,4096,4095,1,Pass,Pass,192086794746352270
2,9,13,A0,A0,16MiB,16777216,131072,0c00f8138e0e622f6fc7215fc0f0d135e79bf60450e4c79d30e30624a8842117,warmup,0,3102768,23669371,26772139,274,0,0,4096,4095,1,Pass,Pass,7408339909486172793
2,9,14,A0,A0,128KiB,131072,1024,22e51081397aebb06a1c4c3f85bd08a6e7041a438f4aae416970027e1ddbb24e,warmup,0,7021,85124,92145,93,0,0,4096,4095,1,Pass,Pass,15067928572581534229
2,9,15,Adrop,Adrop,16MiB,16777216,131072,0c00f8138e0e622f6fc7215fc0f0d135e79bf60450e4c79d30e30624a8842117,warmup,0,3092386,20275237,23367623,19084956,1,131072,131072,131071,1,Pass,Pass,7408339909486172793
2,9,16,Adefs,Adefs,1MiB,1048576,8192,337a179ec729c20c01309d98317f7ca00691d12ca10285b55ade71fb880e191c,warmup,0,57479,612129,669608,191,0,0,131072,131071,1,Pass,Pass,16341657278089853397
2,9,17,Acapacity,Acapacity,128KiB,131072,1024,22e51081397aebb06a1c4c3f85bd08a6e7041a438f4aae416970027e1ddbb24e,warmup,0,6675,77923,84598,45,0,0,131072,131071,1,Pass,Pass,15067928572581534229
2,9,18,Acapacity,Acapacity,16MiB,16777216,131072,0c00f8138e0e622f6fc7215fc0f0d135e79bf60450e4c79d30e30624a8842117,warmup,0,3080221,22854136,25934357,454,0,0,131072,131071,1,Pass,Pass,7408339909486172793
2,9,19,Adrop,Adrop,256KiB,262144,2048,6f0154469137295abd7b45b25bc83aace599559234fd5f331140bd800c48b670,warmup,0,14217,131647,145864,157266,1,2048,2048,2047,1,Pass,Pass,1126272383489710074
2,9,20,Acapacity,Acapacity,2MiB,2097152,16384,6587afedd7c0f949b131311e7425d033a0754a29587f85f26ec370a31fc4edf0,warmup,0,114522,1474914,1589436,169,0,0,2048,2047,1,Pass,Pass,7349817109290025153
2,9,21,Acapacity,Acapacity,256KiB,262144,2048,6f0154469137295abd7b45b25bc83aace599559234fd5f331140bd800c48b670,warmup,0,14231,157048,171279,91,0,0,2048,2047,1,Pass,Pass,1126272383489710074
2,9,22,A0-dup,A0,16MiB,16777216,131072,0c00f8138e0e622f6fc7215fc0f0d135e79bf60450e4c79d30e30624a8842117,warmup,0,3090884,23683471,26774355,327,0,0,2048,2047,1,Pass,Pass,7408339909486172793
2,9,23,A0,A0,512KiB,524288,4096,155dfc49f4c05f1087ef002a279acee734e738bc580f2b3925315f95a108242b,warmup,0,29339,322463,351802,121,0,0,2048,2047,1,Pass,Pass,192086794746352270
2,9,24,Acapacity,Acapacity,1MiB,1048576,8192,337a179ec729c20c01309d98317f7ca00691d12ca10285b55ade71fb880e191c,warmup,0,57487,652123,709610,103,0,0,2048,2047,1,Pass,Pass,16341657278089853397
2,9,25,A0,A0,8MiB,8388608,65536,e456d3adf67030c5a168df273f5171ca3e1299e54571d94cca82b117f3cf3aeb,warmup,0,1385244,11078320,12463564,121,0,0,2048,2047,1,Pass,Pass,9713268438230653554
2,9,26,A0-dup,A0,128KiB,131072,1024,22e51081397aebb06a1c4c3f85bd08a6e7041a438f4aae416970027e1ddbb24e,warmup,0,7209,83457,90666,103,0,0,2048,2047,1,Pass,Pass,15067928572581534229
2,9,27,Adrop,Adrop,1MiB,1048576,8192,337a179ec729c20c01309d98317f7ca00691d12ca10285b55ade71fb880e191c,warmup,0,57925,522603,580528,642419,1,8192,8192,8191,1,Pass,Pass,16341657278089853397
2,9,28,A0,A0,2MiB,2097152,16384,6587afedd7c0f949b131311e7425d033a0754a29587f85f26ec370a31fc4edf0,warmup,0,116566,1472779,1589345,169,0,0,8192,8191,1,Pass,Pass,7349817109290025153
2,9,29,A0,A0,4MiB,4194304,32768,f9dc4b51d64658b088837d5f2a7d485e8eba57daed852c20d443b77cc8137655,warmup,0,422909,4329230,4752139,241,0,0,8192,8191,1,Pass,Pass,7876534982476418273
2,9,30,Adefs,Adefs,128KiB,131072,1024,22e51081397aebb06a1c4c3f85bd08a6e7041a438f4aae416970027e1ddbb24e,warmup,0,7163,79947,87110,88,0,0,8192,8191,1,Pass,Pass,15067928572581534229
2,9,31,A0,A0,1MiB,1048576,8192,337a179ec729c20c01309d98317f7ca00691d12ca10285b55ade71fb880e191c,warmup,0,58721,655300,714021,286,0,0,8192,8191,1,Pass,Pass,16341657278089853397
2,9,32,A0-dup,A0,4MiB,4194304,32768,f9dc4b51d64658b088837d5f2a7d485e8eba57daed852c20d443b77cc8137655,warmup,0,439419,4495472,4934891,471,0,0,8192,8191,1,Pass,Pass,7876534982476418273
2,9,33,Adefs,Adefs,2MiB,2097152,16384,6587afedd7c0f949b131311e7425d033a0754a29587f85f26ec370a31fc4edf0,warmup,0,115340,1388296,1503636,121,0,0,8192,8191,1,Pass,Pass,7349817109290025153
2,9,34,A0-dup,A0,256KiB,262144,2048,6f0154469137295abd7b45b25bc83aace599559234fd5f331140bd800c48b670,warmup,0,14120,166297,180417,100,0,0,8192,8191,1,Pass,Pass,1126272383489710074
2,9,35,Adefs,Adefs,8MiB,8388608,65536,e456d3adf67030c5a168df273f5171ca3e1299e54571d94cca82b117f3cf3aeb,warmup,0,1549647,10067157,11616804,247,0,0,8192,8191,1,Pass,Pass,9713268438230653554
2,9,36,Adefs,Adefs,16MiB,16777216,131072,0c00f8138e0e622f6fc7215fc0f0d135e79bf60450e4c79d30e30624a8842117,warmup,0,3074638,21318641,24393279,108,0,0,8192,8191,1,Pass,Pass,7408339909486172793
2,9,37,Adefs,Adefs,4MiB,4194304,32768,f9dc4b51d64658b088837d5f2a7d485e8eba57daed852c20d443b77cc8137655,warmup,0,427122,4145856,4572978,104,0,0,8192,8191,1,Pass,Pass,7876534982476418273
2,9,38,A0-dup,A0,512KiB,524288,4096,155dfc49f4c05f1087ef002a279acee734e738bc580f2b3925315f95a108242b,warmup,0,29153,319846,348999,262,0,0,8192,8191,1,Pass,Pass,192086794746352270
2,9,39,Acapacity,Acapacity,512KiB,524288,4096,155dfc49f4c05f1087ef002a279acee734e738bc580f2b3925315f95a108242b,warmup,0,29151,305867,335018,32,0,0,8192,8191,1,Pass,Pass,192086794746352270
2,10,0,A0-dup,A0,128KiB,131072,1024,22e51081397aebb06a1c4c3f85bd08a6e7041a438f4aae416970027e1ddbb24e,measured,0,6756,79436,86192,32,0,0,8192,8191,1,Pass,Pass,15067928572581534229
2,10,1,A0,A0,512KiB,524288,4096,155dfc49f4c05f1087ef002a279acee734e738bc580f2b3925315f95a108242b,measured,0,28716,316025,344741,31,0,0,8192,8191,1,Pass,Pass,192086794746352270
2,10,2,Adefs,Adefs,8MiB,8388608,65536,e456d3adf67030c5a168df273f5171ca3e1299e54571d94cca82b117f3cf3aeb,measured,0,1397256,10091233,11488489,267,0,0,8192,8191,1,Pass,Pass,9713268438230653554
2,10,3,Adefs,Adefs,1MiB,1048576,8192,337a179ec729c20c01309d98317f7ca00691d12ca10285b55ade71fb880e191c,measured,0,57497,609997,667494,91,0,0,8192,8191,1,Pass,Pass,16341657278089853397
2,10,4,A0-dup,A0,16MiB,16777216,131072,0c00f8138e0e622f6fc7215fc0f0d135e79bf60450e4c79d30e30624a8842117,measured,0,3087553,23310803,26398356,344,0,0,8192,8191,1,Pass,Pass,7408339909486172793
2,10,5,Adrop,Adrop,4MiB,4194304,32768,f9dc4b51d64658b088837d5f2a7d485e8eba57daed852c20d443b77cc8137655,measured,0,393897,3626501,4020398,4658097,1,32768,32768,32767,1,Pass,Pass,7876534982476418273
2,10,6,A0,A0,4MiB,4194304,32768,f9dc4b51d64658b088837d5f2a7d485e8eba57daed852c20d443b77cc8137655,measured,0,372074,4251416,4623490,126,0,0,32768,32767,1,Pass,Pass,7876534982476418273
2,10,7,Acapacity,Acapacity,8MiB,8388608,65536,e456d3adf67030c5a168df273f5171ca3e1299e54571d94cca82b117f3cf3aeb,measured,0,1370483,10802384,12172867,366,0,0,32768,32767,1,Pass,Pass,9713268438230653554
2,10,8,Adefs,Adefs,512KiB,524288,4096,155dfc49f4c05f1087ef002a279acee734e738bc580f2b3925315f95a108242b,measured,0,29171,296678,325849,81,0,0,32768,32767,1,Pass,Pass,192086794746352270
2,10,9,A0,A0,2MiB,2097152,16384,6587afedd7c0f949b131311e7425d033a0754a29587f85f26ec370a31fc4edf0,measured,0,114816,1483215,1598031,114,0,0,32768,32767,1,Pass,Pass,7349817109290025153
2,10,10,A0-dup,A0,1MiB,1048576,8192,337a179ec729c20c01309d98317f7ca00691d12ca10285b55ade71fb880e191c,measured,0,57823,648725,706548,96,0,0,32768,32767,1,Pass,Pass,16341657278089853397
2,10,11,Adrop,Adrop,256KiB,262144,2048,6f0154469137295abd7b45b25bc83aace599559234fd5f331140bd800c48b670,measured,0,13836,124071,137907,151874,1,2048,2048,2047,1,Pass,Pass,1126272383489710074
2,10,12,Adefs,Adefs,128KiB,131072,1024,22e51081397aebb06a1c4c3f85bd08a6e7041a438f4aae416970027e1ddbb24e,measured,0,6464,74515,80979,67,0,0,2048,2047,1,Pass,Pass,15067928572581534229
2,10,13,Adefs,Adefs,4MiB,4194304,32768,f9dc4b51d64658b088837d5f2a7d485e8eba57daed852c20d443b77cc8137655,measured,0,443745,4267265,4711010,265,0,0,2048,2047,1,Pass,Pass,7876534982476418273
2,10,14,Adrop,Adrop,128KiB,131072,1024,22e51081397aebb06a1c4c3f85bd08a6e7041a438f4aae416970027e1ddbb24e,measured,0,6945,68055,75000,77833,1,1024,1024,1023,1,Pass,Pass,15067928572581534229
2,10,15,A0,A0,256KiB,262144,2048,6f0154469137295abd7b45b25bc83aace599559234fd5f331140bd800c48b670,measured,0,13526,161041,174567,56,0,0,1024,1023,1,Pass,Pass,1126272383489710074
2,10,16,Adrop,Adrop,1MiB,1048576,8192,337a179ec729c20c01309d98317f7ca00691d12ca10285b55ade71fb880e191c,measured,0,57413,527253,584666,640201,1,8192,8192,8191,1,Pass,Pass,16341657278089853397
2,10,17,A0-dup,A0,8MiB,8388608,65536,e456d3adf67030c5a168df273f5171ca3e1299e54571d94cca82b117f3cf3aeb,measured,0,1410355,10929292,12339647,357,0,0,8192,8191,1,Pass,Pass,9713268438230653554
2,10,18,A0-dup,A0,2MiB,2097152,16384,6587afedd7c0f949b131311e7425d033a0754a29587f85f26ec370a31fc4edf0,measured,0,114529,1496253,1610782,487,0,0,8192,8191,1,Pass,Pass,7349817109290025153
2,10,19,Adrop,Adrop,2MiB,2097152,16384,6587afedd7c0f949b131311e7425d033a0754a29587f85f26ec370a31fc4edf0,measured,0,119356,1190900,1310256,1867945,1,16384,16384,16383,1,Pass,Pass,7349817109290025153
2,10,20,Acapacity,Acapacity,2MiB,2097152,16384,6587afedd7c0f949b131311e7425d033a0754a29587f85f26ec370a31fc4edf0,measured,0,115892,1450736,1566628,273,0,0,16384,16383,1,Pass,Pass,7349817109290025153
2,10,21,Adefs,Adefs,16MiB,16777216,131072,0c00f8138e0e622f6fc7215fc0f0d135e79bf60450e4c79d30e30624a8842117,measured,0,3090841,21268287,24359128,323,0,0,16384,16383,1,Pass,Pass,7408339909486172793
2,10,22,A0,A0,16MiB,16777216,131072,0c00f8138e0e622f6fc7215fc0f0d135e79bf60450e4c79d30e30624a8842117,measured,0,3040931,22891957,25932888,98,0,0,16384,16383,1,Pass,Pass,7408339909486172793
2,10,23,Acapacity,Acapacity,128KiB,131072,1024,22e51081397aebb06a1c4c3f85bd08a6e7041a438f4aae416970027e1ddbb24e,measured,0,7441,79530,86971,234,0,0,16384,16383,1,Pass,Pass,15067928572581534229
2,10,24,Adrop,Adrop,8MiB,8388608,65536,e456d3adf67030c5a168df273f5171ca3e1299e54571d94cca82b117f3cf3aeb,measured,0,1398588,9400949,10799537,9635802,1,65536,65536,65535,1,Pass,Pass,9713268438230653554
2,10,25,A0-dup,A0,4MiB,4194304,32768,f9dc4b51d64658b088837d5f2a7d485e8eba57daed852c20d443b77cc8137655,measured,0,493419,4680258,5173677,294,0,0,65536,65535,1,Pass,Pass,7876534982476418273
2,10,26,Acapacity,Acapacity,16MiB,16777216,131072,0c00f8138e0e622f6fc7215fc0f0d135e79bf60450e4c79d30e30624a8842117,measured,0,3098183,22456466,25554649,208,0,0,65536,65535,1,Pass,Pass,7408339909486172793
2,10,27,Adrop,Adrop,16MiB,16777216,131072,0c00f8138e0e622f6fc7215fc0f0d135e79bf60450e4c79d30e30624a8842117,measured,0,3036514,20833796,23870310,19501290,1,131072,131072,131071,1,Pass,Pass,7408339909486172793
2,10,28,Adefs,Adefs,2MiB,2097152,16384,6587afedd7c0f949b131311e7425d033a0754a29587f85f26ec370a31fc4edf0,measured,0,114119,1392729,1506848,287,0,0,131072,131071,1,Pass,Pass,7349817109290025153
2,10,29,A0,A0,1MiB,1048576,8192,337a179ec729c20c01309d98317f7ca00691d12ca10285b55ade71fb880e191c,measured,0,58298,652664,710962,119,0,0,131072,131071,1,Pass,Pass,16341657278089853397
2,10,30,A0,A0,128KiB,131072,1024,22e51081397aebb06a1c4c3f85bd08a6e7041a438f4aae416970027e1ddbb24e,measured,0,6860,79495,86355,73,0,0,131072,131071,1,Pass,Pass,15067928572581534229
2,10,31,Acapacity,Acapacity,256KiB,262144,2048,6f0154469137295abd7b45b25bc83aace599559234fd5f331140bd800c48b670,measured,0,13869,154592,168461,70,0,0,131072,131071,1,Pass,Pass,1126272383489710074
2,10,32,Acapacity,Acapacity,512KiB,524288,4096,155dfc49f4c05f1087ef002a279acee734e738bc580f2b3925315f95a108242b,measured,0,30197,357337,387534,50,0,0,131072,131071,1,Pass,Pass,192086794746352270
2,10,33,A0-dup,A0,256KiB,262144,2048,6f0154469137295abd7b45b25bc83aace599559234fd5f331140bd800c48b670,measured,0,13779,157071,170850,46,0,0,131072,131071,1,Pass,Pass,1126272383489710074
2,10,34,Adrop,Adrop,512KiB,524288,4096,155dfc49f4c05f1087ef002a279acee734e738bc580f2b3925315f95a108242b,measured,0,29069,250858,279927,323268,1,4096,4096,4095,1,Pass,Pass,192086794746352270
2,10,35,A0,A0,8MiB,8388608,65536,e456d3adf67030c5a168df273f5171ca3e1299e54571d94cca82b117f3cf3aeb,measured,0,1372036,11132790,12504826,348,0,0,4096,4095,1,Pass,Pass,9713268438230653554
2,10,36,Acapacity,Acapacity,4MiB,4194304,32768,f9dc4b51d64658b088837d5f2a7d485e8eba57daed852c20d443b77cc8137655,measured,0,460138,4190042,4650180,465,0,0,4096,4095,1,Pass,Pass,7876534982476418273
2,10,37,Acapacity,Acapacity,1MiB,1048576,8192,337a179ec729c20c01309d98317f7ca00691d12ca10285b55ade71fb880e191c,measured,0,57401,641933,699334,121,0,0,4096,4095,1,Pass,Pass,16341657278089853397
2,10,38,Adefs,Adefs,256KiB,262144,2048,6f0154469137295abd7b45b25bc83aace599559234fd5f331140bd800c48b670,measured,0,14037,150135,164172,78,0,0,4096,4095,1,Pass,Pass,1126272383489710074
2,10,39,A0-dup,A0,512KiB,524288,4096,155dfc49f4c05f1087ef002a279acee734e738bc580f2b3925315f95a108242b,measured,0,28829,315157,343986,31,0,0,4096,4095,1,Pass,Pass,192086794746352270
2,11,0,A0,A0,8MiB,8388608,65536,e456d3adf67030c5a168df273f5171ca3e1299e54571d94cca82b117f3cf3aeb,measured,1,1371298,10872611,12243909,120,0,0,4096,4095,1,Pass,Pass,9713268438230653554
2,11,1,Acapacity,Acapacity,2MiB,2097152,16384,6587afedd7c0f949b131311e7425d033a0754a29587f85f26ec370a31fc4edf0,measured,1,113830,1478437,1592267,93,0,0,4096,4095,1,Pass,Pass,7349817109290025153
2,11,2,Acapacity,Acapacity,1MiB,1048576,8192,337a179ec729c20c01309d98317f7ca00691d12ca10285b55ade71fb880e191c,measured,1,57957,644408,702365,85,0,0,4096,4095,1,Pass,Pass,16341657278089853397
2,11,3,Adrop,Adrop,128KiB,131072,1024,22e51081397aebb06a1c4c3f85bd08a6e7041a438f4aae416970027e1ddbb24e,measured,1,6656,63139,69795,80822,1,1024,1024,1023,1,Pass,Pass,15067928572581534229
2,11,4,A0-dup,A0,512KiB,524288,4096,155dfc49f4c05f1087ef002a279acee734e738bc580f2b3925315f95a108242b,measured,1,28870,310730,339600,31,0,0,1024,1023,1,Pass,Pass,192086794746352270
2,11,5,A0,A0,16MiB,16777216,131072,0c00f8138e0e622f6fc7215fc0f0d135e79bf60450e4c79d30e30624a8842117,measured,1,3069978,24169709,27239687,111,0,0,1024,1023,1,Pass,Pass,7408339909486172793
2,11,6,Adrop,Adrop,8MiB,8388608,65536,e456d3adf67030c5a168df273f5171ca3e1299e54571d94cca82b117f3cf3aeb,measured,1,1412738,9132288,10545026,9180290,1,65536,65536,65535,1,Pass,Pass,9713268438230653554
2,11,7,Adefs,Adefs,1MiB,1048576,8192,337a179ec729c20c01309d98317f7ca00691d12ca10285b55ade71fb880e191c,measured,1,57872,617379,675251,120,0,0,65536,65535,1,Pass,Pass,16341657278089853397
2,11,8,Acapacity,Acapacity,256KiB,262144,2048,6f0154469137295abd7b45b25bc83aace599559234fd5f331140bd800c48b670,measured,1,13638,158879,172517,37,0,0,65536,65535,1,Pass,Pass,1126272383489710074
2,11,9,Acapacity,Acapacity,128KiB,131072,1024,22e51081397aebb06a1c4c3f85bd08a6e7041a438f4aae416970027e1ddbb24e,measured,1,6642,78031,84673,32,0,0,65536,65535,1,Pass,Pass,15067928572581534229
2,11,10,Adrop,Adrop,512KiB,524288,4096,155dfc49f4c05f1087ef002a279acee734e738bc580f2b3925315f95a108242b,measured,1,28971,244387,273358,329125,1,4096,4096,4095,1,Pass,Pass,192086794746352270
2,11,11,A0-dup,A0,128KiB,131072,1024,22e51081397aebb06a1c4c3f85bd08a6e7041a438f4aae416970027e1ddbb24e,measured,1,9801,78479,88280,47,0,0,4096,4095,1,Pass,Pass,15067928572581534229
2,11,12,Adefs,Adefs,16MiB,16777216,131072,0c00f8138e0e622f6fc7215fc0f0d135e79bf60450e4c79d30e30624a8842117,measured,1,3071141,21032348,24103489,432,0,0,4096,4095,1,Pass,Pass,7408339909486172793
2,11,13,Adefs,Adefs,8MiB,8388608,65536,e456d3adf67030c5a168df273f5171ca3e1299e54571d94cca82b117f3cf3aeb,measured,1,1399189,10157807,11556996,175,0,0,4096,4095,1,Pass,Pass,9713268438230653554
2,11,14,A0,A0,1MiB,1048576,8192,337a179ec729c20c01309d98317f7ca00691d12ca10285b55ade71fb880e191c,measured,1,57831,670167,727998,258,0,0,4096,4095,1,Pass,Pass,16341657278089853397
2,11,15,Acapacity,Acapacity,4MiB,4194304,32768,f9dc4b51d64658b088837d5f2a7d485e8eba57daed852c20d443b77cc8137655,measured,1,442034,4388860,4830894,339,0,0,4096,4095,1,Pass,Pass,7876534982476418273
2,11,16,A0-dup,A0,1MiB,1048576,8192,337a179ec729c20c01309d98317f7ca00691d12ca10285b55ade71fb880e191c,measured,1,58077,724464,782541,468,0,0,4096,4095,1,Pass,Pass,16341657278089853397
2,11,17,A0-dup,A0,2MiB,2097152,16384,6587afedd7c0f949b131311e7425d033a0754a29587f85f26ec370a31fc4edf0,measured,1,114656,1476345,1591001,260,0,0,4096,4095,1,Pass,Pass,7349817109290025153
2,11,18,A0,A0,4MiB,4194304,32768,f9dc4b51d64658b088837d5f2a7d485e8eba57daed852c20d443b77cc8137655,measured,1,426167,4326605,4752772,165,0,0,4096,4095,1,Pass,Pass,7876534982476418273
2,11,19,A0,A0,128KiB,131072,1024,22e51081397aebb06a1c4c3f85bd08a6e7041a438f4aae416970027e1ddbb24e,measured,1,7280,85025,92305,146,0,0,4096,4095,1,Pass,Pass,15067928572581534229
2,11,20,A0-dup,A0,4MiB,4194304,32768,f9dc4b51d64658b088837d5f2a7d485e8eba57daed852c20d443b77cc8137655,measured,1,448126,4493651,4941777,198,0,0,4096,4095,1,Pass,Pass,7876534982476418273
2,11,21,Adrop,Adrop,4MiB,4194304,32768,f9dc4b51d64658b088837d5f2a7d485e8eba57daed852c20d443b77cc8137655,measured,1,416765,3639783,4056548,4489169,1,32768,32768,32767,1,Pass,Pass,7876534982476418273
2,11,22,Adefs,Adefs,128KiB,131072,1024,22e51081397aebb06a1c4c3f85bd08a6e7041a438f4aae416970027e1ddbb24e,measured,1,7175,77510,84685,126,0,0,32768,32767,1,Pass,Pass,15067928572581534229
2,11,23,A0-dup,A0,8MiB,8388608,65536,e456d3adf67030c5a168df273f5171ca3e1299e54571d94cca82b117f3cf3aeb,measured,1,1407098,11023088,12430186,113,0,0,32768,32767,1,Pass,Pass,9713268438230653554
2,11,24,A0,A0,512KiB,524288,4096,155dfc49f4c05f1087ef002a279acee734e738bc580f2b3925315f95a108242b,measured,1,29374,325640,355014,295,0,0,32768,32767,1,Pass,Pass,192086794746352270
2,11,25,Acapacity,Acapacity,16MiB,16777216,131072,0c00f8138e0e622f6fc7215fc0f0d135e79bf60450e4c79d30e30624a8842117,measured,1,3081459,22791736,25873195,432,0,0,32768,32767,1,Pass,Pass,7408339909486172793
2,11,26,Adrop,Adrop,16MiB,16777216,131072,0c00f8138e0e622f6fc7215fc0f0d135e79bf60450e4c79d30e30624a8842117,measured,1,3098574,20839124,23937698,17298994,1,131072,131072,131071,1,Pass,Pass,7408339909486172793
2,11,27,A0,A0,2MiB,2097152,16384,6587afedd7c0f949b131311e7425d033a0754a29587f85f26ec370a31fc4edf0,measured,1,113703,1474459,1588162,258,0,0,131072,131071,1,Pass,Pass,7349817109290025153
2,11,28,Acapacity,Acapacity,512KiB,524288,4096,155dfc49f4c05f1087ef002a279acee734e738bc580f2b3925315f95a108242b,measured,1,29550,341468,371018,73,0,0,131072,131071,1,Pass,Pass,192086794746352270
2,11,29,Adefs,Adefs,2MiB,2097152,16384,6587afedd7c0f949b131311e7425d033a0754a29587f85f26ec370a31fc4edf0,measured,1,116149,1365027,1481176,93,0,0,131072,131071,1,Pass,Pass,7349817109290025153
2,11,30,Adrop,Adrop,256KiB,262144,2048,6f0154469137295abd7b45b25bc83aace599559234fd5f331140bd800c48b670,measured,1,14279,127326,141605,159254,1,2048,2048,2047,1,Pass,Pass,1126272383489710074
2,11,31,A0,A0,256KiB,262144,2048,6f0154469137295abd7b45b25bc83aace599559234fd5f331140bd800c48b670,measured,1,13627,157615,171242,67,0,0,2048,2047,1,Pass,Pass,1126272383489710074
2,11,32,Adefs,Adefs,512KiB,524288,4096,155dfc49f4c05f1087ef002a279acee734e738bc580f2b3925315f95a108242b,measured,1,29171,297184,326355,47,0,0,2048,2047,1,Pass,Pass,192086794746352270
2,11,33,Acapacity,Acapacity,8MiB,8388608,65536,e456d3adf67030c5a168df273f5171ca3e1299e54571d94cca82b117f3cf3aeb,measured,1,1381833,10792371,12174204,142,0,0,2048,2047,1,Pass,Pass,9713268438230653554
2,11,34,Adefs,Adefs,4MiB,4194304,32768,f9dc4b51d64658b088837d5f2a7d485e8eba57daed852c20d443b77cc8137655,measured,1,451410,4019617,4471027,313,0,0,2048,2047,1,Pass,Pass,7876534982476418273
2,11,35,Adrop,Adrop,1MiB,1048576,8192,337a179ec729c20c01309d98317f7ca00691d12ca10285b55ade71fb880e191c,measured,1,57937,524579,582516,640404,1,8192,8192,8191,1,Pass,Pass,16341657278089853397
2,11,36,Adefs,Adefs,256KiB,262144,2048,6f0154469137295abd7b45b25bc83aace599559234fd5f331140bd800c48b670,measured,1,13962,147552,161514,75,0,0,8192,8191,1,Pass,Pass,1126272383489710074
2,11,37,A0-dup,A0,16MiB,16777216,131072,0c00f8138e0e622f6fc7215fc0f0d135e79bf60450e4c79d30e30624a8842117,measured,1,3076371,23344109,26420480,277,0,0,8192,8191,1,Pass,Pass,7408339909486172793
2,11,38,A0-dup,A0,256KiB,262144,2048,6f0154469137295abd7b45b25bc83aace599559234fd5f331140bd800c48b670,measured,1,14131,161434,175565,106,0,0,8192,8191,1,Pass,Pass,1126272383489710074
2,11,39,Adrop,Adrop,2MiB,2097152,16384,6587afedd7c0f949b131311e7425d033a0754a29587f85f26ec370a31fc4edf0,measured,1,119248,1212702,1331950,1691966,1,16384,16384,16383,1,Pass,Pass,7349817109290025153
2,12,0,A0-dup,A0,8MiB,8388608,65536,e456d3adf67030c5a168df273f5171ca3e1299e54571d94cca82b117f3cf3aeb,measured,2,1415649,10924568,12340217,300,0,0,16384,16383,1,Pass,Pass,9713268438230653554
2,12,1,Acapacity,Acapacity,2MiB,2097152,16384,6587afedd7c0f949b131311e7425d033a0754a29587f85f26ec370a31fc4edf0,measured,2,114200,1451504,1565704,178,0,0,16384,16383,1,Pass,Pass,7349817109290025153
2,12,2,A0-dup,A0,16MiB,16777216,131072,0c00f8138e0e622f6fc7215fc0f0d135e79bf60450e4c79d30e30624a8842117,measured,2,3090968,23242504,26333472,353,0,0,16384,16383,1,Pass,Pass,7408339909486172793
2,12,3,A0,A0,16MiB,16777216,131072,0c00f8138e0e622f6fc7215fc0f0d135e79bf60450e4c79d30e30624a8842117,measured,2,3107417,24129928,27237345,101,0,0,16384,16383,1,Pass,Pass,7408339909486172793
2,12,4,Adefs,Adefs,256KiB,262144,2048,6f0154469137295abd7b45b25bc83aace599559234fd5f331140bd800c48b670,measured,2,14076,152224,166300,101,0,0,16384,16383,1,Pass,Pass,1126272383489710074
2,12,5,A0-dup,A0,256KiB,262144,2048,6f0154469137295abd7b45b25bc83aace599559234fd5f331140bd800c48b670,measured,2,13363,158575,171938,32,0,0,16384,16383,1,Pass,Pass,1126272383489710074
2,12,6,Acapacity,Acapacity,128KiB,131072,1024,22e51081397aebb06a1c4c3f85bd08a6e7041a438f4aae416970027e1ddbb24e,measured,2,6537,77991,84528,40,0,0,16384,16383,1,Pass,Pass,15067928572581534229
2,12,7,A0-dup,A0,4MiB,4194304,32768,f9dc4b51d64658b088837d5f2a7d485e8eba57daed852c20d443b77cc8137655,measured,2,437485,4497389,4934874,112,0,0,16384,16383,1,Pass,Pass,7876534982476418273
2,12,8,A0,A0,2MiB,2097152,16384,6587afedd7c0f949b131311e7425d033a0754a29587f85f26ec370a31fc4edf0,measured,2,116895,1484853,1601748,303,0,0,16384,16383,1,Pass,Pass,7349817109290025153
2,12,9,Adefs,Adefs,1MiB,1048576,8192,337a179ec729c20c01309d98317f7ca00691d12ca10285b55ade71fb880e191c,measured,2,58060,599420,657480,491,0,0,16384,16383,1,Pass,Pass,16341657278089853397
2,12,10,Adefs,Adefs,512KiB,524288,4096,155dfc49f4c05f1087ef002a279acee734e738bc580f2b3925315f95a108242b,measured,2,29095,308790,337885,49,0,0,16384,16383,1,Pass,Pass,192086794746352270
2,12,11,Adefs,Adefs,2MiB,2097152,16384,6587afedd7c0f949b131311e7425d033a0754a29587f85f26ec370a31fc4edf0,measured,2,120893,1556096,1676989,158,0,0,16384,16383,1,Pass,Pass,7349817109290025153
2,12,12,Acapacity,Acapacity,1MiB,1048576,8192,337a179ec729c20c01309d98317f7ca00691d12ca10285b55ade71fb880e191c,measured,2,57046,646282,703328,114,0,0,16384,16383,1,Pass,Pass,16341657278089853397
2,12,13,A0-dup,A0,512KiB,524288,4096,155dfc49f4c05f1087ef002a279acee734e738bc580f2b3925315f95a108242b,measured,2,29125,347032,376157,179,0,0,16384,16383,1,Pass,Pass,192086794746352270
2,12,14,A0,A0,512KiB,524288,4096,155dfc49f4c05f1087ef002a279acee734e738bc580f2b3925315f95a108242b,measured,2,28958,318954,347912,51,0,0,16384,16383,1,Pass,Pass,192086794746352270
2,12,15,Adrop,Adrop,2MiB,2097152,16384,6587afedd7c0f949b131311e7425d033a0754a29587f85f26ec370a31fc4edf0,measured,2,115145,1209725,1324870,1729187,1,16384,16384,16383,1,Pass,Pass,7349817109290025153
2,12,16,A0-dup,A0,1MiB,1048576,8192,337a179ec729c20c01309d98317f7ca00691d12ca10285b55ade71fb880e191c,measured,2,57947,647928,705875,124,0,0,16384,16383,1,Pass,Pass,16341657278089853397
2,12,17,A0-dup,A0,128KiB,131072,1024,22e51081397aebb06a1c4c3f85bd08a6e7041a438f4aae416970027e1ddbb24e,measured,2,6865,80078,86943,36,0,0,16384,16383,1,Pass,Pass,15067928572581534229
2,12,18,Adefs,Adefs,128KiB,131072,1024,22e51081397aebb06a1c4c3f85bd08a6e7041a438f4aae416970027e1ddbb24e,measured,2,6732,76011,82743,48,0,0,16384,16383,1,Pass,Pass,15067928572581534229
2,12,19,Acapacity,Acapacity,16MiB,16777216,131072,0c00f8138e0e622f6fc7215fc0f0d135e79bf60450e4c79d30e30624a8842117,measured,2,3075175,22712495,25787670,371,0,0,16384,16383,1,Pass,Pass,7408339909486172793
2,12,20,Acapacity,Acapacity,4MiB,4194304,32768,f9dc4b51d64658b088837d5f2a7d485e8eba57daed852c20d443b77cc8137655,measured,2,390216,4186042,4576258,120,0,0,16384,16383,1,Pass,Pass,7876534982476418273
2,12,21,A0,A0,1MiB,1048576,8192,337a179ec729c20c01309d98317f7ca00691d12ca10285b55ade71fb880e191c,measured,2,57972,649973,707945,83,0,0,16384,16383,1,Pass,Pass,16341657278089853397
2,12,22,Adefs,Adefs,16MiB,16777216,131072,0c00f8138e0e622f6fc7215fc0f0d135e79bf60450e4c79d30e30624a8842117,measured,2,3075393,21344861,24420254,106,0,0,16384,16383,1,Pass,Pass,7408339909486172793
2,12,23,Acapacity,Acapacity,256KiB,262144,2048,6f0154469137295abd7b45b25bc83aace599559234fd5f331140bd800c48b670,measured,2,14167,162485,176652,104,0,0,16384,16383,1,Pass,Pass,1126272383489710074
2,12,24,A0,A0,8MiB,8388608,65536,e456d3adf67030c5a168df273f5171ca3e1299e54571d94cca82b117f3cf3aeb,measured,2,1378097,10926964,12305061,257,0,0,16384,16383,1,Pass,Pass,9713268438230653554
2,12,25,Adrop,Adrop,4MiB,4194304,32768,f9dc4b51d64658b088837d5f2a7d485e8eba57daed852c20d443b77cc8137655,measured,2,460944,3815960,4276904,4687446,1,32768,32768,32767,1,Pass,Pass,7876534982476418273
2,12,26,Acapacity,Acapacity,512KiB,524288,4096,155dfc49f4c05f1087ef002a279acee734e738bc580f2b3925315f95a108242b,measured,2,29020,311014,340034,172,0,0,32768,32767,1,Pass,Pass,192086794746352270
2,12,27,Adrop,Adrop,1MiB,1048576,8192,337a179ec729c20c01309d98317f7ca00691d12ca10285b55ade71fb880e191c,measured,2,57395,517104,574499,670278,1,8192,8192,8191,1,Pass,Pass,16341657278089853397
2,12,28,Adrop,Adrop,256KiB,262144,2048,6f0154469137295abd7b45b25bc83aace599559234fd5f331140bd800c48b670,measured,2,14042,126795,140837,155326,1,2048,2048,2047,1,Pass,Pass,1126272383489710074
2,12,29,A0,A0,256KiB,262144,2048,6f0154469137295abd7b45b25bc83aace599559234fd5f331140bd800c48b670,measured,2,13815,161581,175396,78,0,0,2048,2047,1,Pass,Pass,1126272383489710074
2,12,30,A0-dup,A0,2MiB,2097152,16384,6587afedd7c0f949b131311e7425d033a0754a29587f85f26ec370a31fc4edf0,measured,2,118237,1485699,1603936,224,0,0,2048,2047,1,Pass,Pass,7349817109290025153
2,12,31,Acapacity,Acapacity,8MiB,8388608,65536,e456d3adf67030c5a168df273f5171ca3e1299e54571d94cca82b117f3cf3aeb,measured,2,1401819,10823387,12225206,181,0,0,2048,2047,1,Pass,Pass,9713268438230653554
2,12,32,Adrop,Adrop,512KiB,524288,4096,155dfc49f4c05f1087ef002a279acee734e738bc580f2b3925315f95a108242b,measured,2,29150,251771,280921,313994,1,4096,4096,4095,1,Pass,Pass,192086794746352270
2,12,33,Adefs,Adefs,4MiB,4194304,32768,f9dc4b51d64658b088837d5f2a7d485e8eba57daed852c20d443b77cc8137655,measured,2,489805,4233435,4723240,398,0,0,4096,4095,1,Pass,Pass,7876534982476418273
2,12,34,Adrop,Adrop,128KiB,131072,1024,22e51081397aebb06a1c4c3f85bd08a6e7041a438f4aae416970027e1ddbb24e,measured,2,7339,66348,73687,79141,1,1024,1024,1023,1,Pass,Pass,15067928572581534229
2,12,35,Adrop,Adrop,16MiB,16777216,131072,0c00f8138e0e622f6fc7215fc0f0d135e79bf60450e4c79d30e30624a8842117,measured,2,3082995,20392824,23475819,18557691,1,131072,131072,131071,1,Pass,Pass,7408339909486172793
2,12,36,A0,A0,4MiB,4194304,32768,f9dc4b51d64658b088837d5f2a7d485e8eba57daed852c20d443b77cc8137655,measured,2,433790,4262527,4696317,255,0,0,131072,131071,1,Pass,Pass,7876534982476418273
2,12,37,Adrop,Adrop,8MiB,8388608,65536,e456d3adf67030c5a168df273f5171ca3e1299e54571d94cca82b117f3cf3aeb,measured,2,1409624,9687077,11096701,9156081,1,65536,65536,65535,1,Pass,Pass,9713268438230653554
2,12,38,Adefs,Adefs,8MiB,8388608,65536,e456d3adf67030c5a168df273f5171ca3e1299e54571d94cca82b117f3cf3aeb,measured,2,1359843,10013008,11372851,246,0,0,65536,65535,1,Pass,Pass,9713268438230653554
2,12,39,A0,A0,128KiB,131072,1024,22e51081397aebb06a1c4c3f85bd08a6e7041a438f4aae416970027e1ddbb24e,measured,2,7129,81524,88653,117,0,0,65536,65535,1,Pass,Pass,15067928572581534229
2,13,0,Acapacity,Acapacity,8MiB,8388608,65536,e456d3adf67030c5a168df273f5171ca3e1299e54571d94cca82b117f3cf3aeb,measured,3,1378609,10885139,12263748,372,0,0,65536,65535,1,Pass,Pass,9713268438230653554
2,13,1,Adrop,Adrop,8MiB,8388608,65536,e456d3adf67030c5a168df273f5171ca3e1299e54571d94cca82b117f3cf3aeb,measured,3,1407366,8932665,10340031,8568258,1,65536,65536,65535,1,Pass,Pass,9713268438230653554
2,13,2,Acapacity,Acapacity,1MiB,1048576,8192,337a179ec729c20c01309d98317f7ca00691d12ca10285b55ade71fb880e191c,measured,3,58087,637806,695893,197,0,0,65536,65535,1,Pass,Pass,16341657278089853397
2,13,3,Acapacity,Acapacity,16MiB,16777216,131072,0c00f8138e0e622f6fc7215fc0f0d135e79bf60450e4c79d30e30624a8842117,measured,3,3086823,22973271,26060094,409,0,0,65536,65535,1,Pass,Pass,7408339909486172793
2,13,4,Adefs,Adefs,256KiB,262144,2048,6f0154469137295abd7b45b25bc83aace599559234fd5f331140bd800c48b670,measured,3,14281,151965,166246,115,0,0,65536,65535,1,Pass,Pass,1126272383489710074
2,13,5,A0,A0,16MiB,16777216,131072,0c00f8138e0e622f6fc7215fc0f0d135e79bf60450e4c79d30e30624a8842117,measured,3,3158415,23933261,27091676,499,0,0,65536,65535,1,Pass,Pass,7408339909486172793
2,13,6,Adrop,Adrop,16MiB,16777216,131072,0c00f8138e0e622f6fc7215fc0f0d135e79bf60450e4c79d30e30624a8842117,measured,3,3103509,20825152,23928661,17330815,1,131072,131072,131071,1,Pass,Pass,7408339909486172793
2,13,7,A0-dup,A0,128KiB,131072,1024,22e51081397aebb06a1c4c3f85bd08a6e7041a438f4aae416970027e1ddbb24e,measured,3,7084,82378,89462,260,0,0,131072,131071,1,Pass,Pass,15067928572581534229
2,13,8,Adefs,Adefs,512KiB,524288,4096,155dfc49f4c05f1087ef002a279acee734e738bc580f2b3925315f95a108242b,measured,3,28877,301487,330364,47,0,0,131072,131071,1,Pass,Pass,192086794746352270
2,13,9,Adefs,Adefs,2MiB,2097152,16384,6587afedd7c0f949b131311e7425d033a0754a29587f85f26ec370a31fc4edf0,measured,3,121442,1388275,1509717,118,0,0,131072,131071,1,Pass,Pass,7349817109290025153
2,13,10,A0,A0,2MiB,2097152,16384,6587afedd7c0f949b131311e7425d033a0754a29587f85f26ec370a31fc4edf0,measured,3,123569,1457786,1581355,106,0,0,131072,131071,1,Pass,Pass,7349817109290025153
2,13,11,A0,A0,512KiB,524288,4096,155dfc49f4c05f1087ef002a279acee734e738bc580f2b3925315f95a108242b,measured,3,29463,331023,360486,45,0,0,131072,131071,1,Pass,Pass,192086794746352270
2,13,12,A0,A0,256KiB,262144,2048,6f0154469137295abd7b45b25bc83aace599559234fd5f331140bd800c48b670,measured,3,13529,158946,172475,28,0,0,131072,131071,1,Pass,Pass,1126272383489710074
2,13,13,A0,A0,4MiB,4194304,32768,f9dc4b51d64658b088837d5f2a7d485e8eba57daed852c20d443b77cc8137655,measured,3,426577,4379513,4806090,213,0,0,131072,131071,1,Pass,Pass,7876534982476418273
2,13,14,A0-dup,A0,1MiB,1048576,8192,337a179ec729c20c01309d98317f7ca00691d12ca10285b55ade71fb880e191c,measured,3,58278,650787,709065,30,0,0,131072,131071,1,Pass,Pass,16341657278089853397
2,13,15,Acapacity,Acapacity,512KiB,524288,4096,155dfc49f4c05f1087ef002a279acee734e738bc580f2b3925315f95a108242b,measured,3,29173,314054,343227,31,0,0,131072,131071,1,Pass,Pass,192086794746352270
2,13,16,Adefs,Adefs,8MiB,8388608,65536,e456d3adf67030c5a168df273f5171ca3e1299e54571d94cca82b117f3cf3aeb,measured,3,1531752,10398436,11930188,96,0,0,131072,131071,1,Pass,Pass,9713268438230653554
2,13,17,A0,A0,128KiB,131072,1024,22e51081397aebb06a1c4c3f85bd08a6e7041a438f4aae416970027e1ddbb24e,measured,3,6952,83896,90848,108,0,0,131072,131071,1,Pass,Pass,15067928572581534229
2,13,18,A0-dup,A0,2MiB,2097152,16384,6587afedd7c0f949b131311e7425d033a0754a29587f85f26ec370a31fc4edf0,measured,3,122883,1557011,1679894,133,0,0,131072,131071,1,Pass,Pass,7349817109290025153
2,13,19,A0-dup,A0,8MiB,8388608,65536,e456d3adf67030c5a168df273f5171ca3e1299e54571d94cca82b117f3cf3aeb,measured,3,1405395,10944962,12350357,353,0,0,131072,131071,1,Pass,Pass,9713268438230653554
2,13,20,Adrop,Adrop,1MiB,1048576,8192,337a179ec729c20c01309d98317f7ca00691d12ca10285b55ade71fb880e191c,measured,3,57788,539423,597211,637560,1,8192,8192,8191,1,Pass,Pass,16341657278089853397
2,13,21,Adrop,Adrop,2MiB,2097152,16384,6587afedd7c0f949b131311e7425d033a0754a29587f85f26ec370a31fc4edf0,measured,3,114448,1252696,1367144,1749101,1,16384,16384,16383,1,Pass,Pass,7349817109290025153
2,13,22,A0,A0,1MiB,1048576,8192,337a179ec729c20c01309d98317f7ca00691d12ca10285b55ade71fb880e191c,measured,3,57940,658931,716871,135,0,0,16384,16383,1,Pass,Pass,16341657278089853397
2,13,23,Acapacity,Acapacity,2MiB,2097152,16384,6587afedd7c0f949b131311e7425d033a0754a29587f85f26ec370a31fc4edf0,measured,3,119893,1442278,1562171,202,0,0,16384,16383,1,Pass,Pass,7349817109290025153
2,13,24,Adrop,Adrop,128KiB,131072,1024,22e51081397aebb06a1c4c3f85bd08a6e7041a438f4aae416970027e1ddbb24e,measured,3,6987,64544,71531,79125,1,1024,1024,1023,1,Pass,Pass,15067928572581534229
2,13,25,Adefs,Adefs,128KiB,131072,1024,22e51081397aebb06a1c4c3f85bd08a6e7041a438f4aae416970027e1ddbb24e,measured,3,6545,74190,80735,51,0,0,1024,1023,1,Pass,Pass,15067928572581534229
2,13,26,Adefs,Adefs,4MiB,4194304,32768,f9dc4b51d64658b088837d5f2a7d485e8eba57daed852c20d443b77cc8137655,measured,3,481969,4187499,4669468,348,0,0,1024,1023,1,Pass,Pass,7876534982476418273
2,13,27,Adefs,Adefs,1MiB,1048576,8192,337a179ec729c20c01309d98317f7ca00691d12ca10285b55ade71fb880e191c,measured,3,57489,601372,658861,94,0,0,1024,1023,1,Pass,Pass,16341657278089853397
2,13,28,A0-dup,A0,4MiB,4194304,32768,f9dc4b51d64658b088837d5f2a7d485e8eba57daed852c20d443b77cc8137655,measured,3,462612,4401378,4863990,128,0,0,1024,1023,1,Pass,Pass,7876534982476418273
2,13,29,Acapacity,Acapacity,128KiB,131072,1024,22e51081397aebb06a1c4c3f85bd08a6e7041a438f4aae416970027e1ddbb24e,measured,3,7057,79949,87006,83,0,0,1024,1023,1,Pass,Pass,15067928572581534229
2,13,30,Adrop,Adrop,256KiB,262144,2048,6f0154469137295abd7b45b25bc83aace599559234fd5f331140bd800c48b670,measured,3,13449,123409,136858,156426,1,2048,2048,2047,1,Pass,Pass,1126272383489710074
2,13,31,A0-dup,A0,512KiB,524288,4096,155dfc49f4c05f1087ef002a279acee734e738bc580f2b3925315f95a108242b,measured,3,28924,323608,352532,44,0,0,2048,2047,1,Pass,Pass,192086794746352270
2,13,32,Adrop,Adrop,512KiB,524288,4096,155dfc49f4c05f1087ef002a279acee734e738bc580f2b3925315f95a108242b,measured,3,28550,244792,273342,319318,1,4096,4096,4095,1,Pass,Pass,192086794746352270
2,13,33,Adefs,Adefs,16MiB,16777216,131072,0c00f8138e0e622f6fc7215fc0f0d135e79bf60450e4c79d30e30624a8842117,measured,3,3114068,21564540,24678608,257,0,0,4096,4095,1,Pass,Pass,7408339909486172793
2,13,34,A0,A0,8MiB,8388608,65536,e456d3adf67030c5a168df273f5171ca3e1299e54571d94cca82b117f3cf3aeb,measured,3,1410019,10877968,12287987,364,0,0,4096,4095,1,Pass,Pass,9713268438230653554
2,13,35,Acapacity,Acapacity,4MiB,4194304,32768,f9dc4b51d64658b088837d5f2a7d485e8eba57daed852c20d443b77cc8137655,measured,3,433941,4071051,4504992,350,0,0,4096,4095,1,Pass,Pass,7876534982476418273
2,13,36,Acapacity,Acapacity,256KiB,262144,2048,6f0154469137295abd7b45b25bc83aace599559234fd5f331140bd800c48b670,measured,3,14342,156731,171073,81,0,0,4096,4095,1,Pass,Pass,1126272383489710074
2,13,37,A0-dup,A0,256KiB,262144,2048,6f0154469137295abd7b45b25bc83aace599559234fd5f331140bd800c48b670,measured,3,13538,156814,170352,34,0,0,4096,4095,1,Pass,Pass,1126272383489710074
2,13,38,Adrop,Adrop,4MiB,4194304,32768,f9dc4b51d64658b088837d5f2a7d485e8eba57daed852c20d443b77cc8137655,measured,3,501669,3843592,4345261,4405684,1,32768,32768,32767,1,Pass,Pass,7876534982476418273
2,13,39,A0-dup,A0,16MiB,16777216,131072,0c00f8138e0e622f6fc7215fc0f0d135e79bf60450e4c79d30e30624a8842117,measured,3,3067209,23359578,26426787,279,0,0,32768,32767,1,Pass,Pass,7408339909486172793
2,14,0,Acapacity,Acapacity,2MiB,2097152,16384,6587afedd7c0f949b131311e7425d033a0754a29587f85f26ec370a31fc4edf0,measured,4,114348,1418226,1532574,117,0,0,32768,32767,1,Pass,Pass,7349817109290025153
2,14,1,Adefs,Adefs,1MiB,1048576,8192,337a179ec729c20c01309d98317f7ca00691d12ca10285b55ade71fb880e191c,measured,4,62171,611647,673818,240,0,0,32768,32767,1,Pass,Pass,16341657278089853397
2,14,2,Adrop,Adrop,1MiB,1048576,8192,337a179ec729c20c01309d98317f7ca00691d12ca10285b55ade71fb880e191c,measured,4,57616,562716,620332,651983,1,8192,8192,8191,1,Pass,Pass,16341657278089853397
2,14,3,A0,A0,128KiB,131072,1024,22e51081397aebb06a1c4c3f85bd08a6e7041a438f4aae416970027e1ddbb24e,measured,4,7135,80512,87647,49,0,0,8192,8191,1,Pass,Pass,15067928572581534229
2,14,4,Adrop,Adrop,2MiB,2097152,16384,6587afedd7c0f949b131311e7425d033a0754a29587f85f26ec370a31fc4edf0,measured,4,115043,1183436,1298479,1706280,1,16384,16384,16383,1,Pass,Pass,7349817109290025153
2,14,5,A0,A0,2MiB,2097152,16384,6587afedd7c0f949b131311e7425d033a0754a29587f85f26ec370a31fc4edf0,measured,4,122020,1459396,1581416,150,0,0,16384,16383,1,Pass,Pass,7349817109290025153
2,14,6,A0-dup,A0,512KiB,524288,4096,155dfc49f4c05f1087ef002a279acee734e738bc580f2b3925315f95a108242b,measured,4,29574,321409,350983,48,0,0,16384,16383,1,Pass,Pass,192086794746352270
2,14,7,Acapacity,Acapacity,128KiB,131072,1024,22e51081397aebb06a1c4c3f85bd08a6e7041a438f4aae416970027e1ddbb24e,measured,4,6467,77182,83649,29,0,0,16384,16383,1,Pass,Pass,15067928572581534229
2,14,8,Adefs,Adefs,4MiB,4194304,32768,f9dc4b51d64658b088837d5f2a7d485e8eba57daed852c20d443b77cc8137655,measured,4,470784,4227117,4697901,111,0,0,16384,16383,1,Pass,Pass,7876534982476418273
2,14,9,Acapacity,Acapacity,1MiB,1048576,8192,337a179ec729c20c01309d98317f7ca00691d12ca10285b55ade71fb880e191c,measured,4,57617,645944,703561,35,0,0,16384,16383,1,Pass,Pass,16341657278089853397
2,14,10,A0,A0,512KiB,524288,4096,155dfc49f4c05f1087ef002a279acee734e738bc580f2b3925315f95a108242b,measured,4,29277,326361,355638,83,0,0,16384,16383,1,Pass,Pass,192086794746352270
2,14,11,A0-dup,A0,2MiB,2097152,16384,6587afedd7c0f949b131311e7425d033a0754a29587f85f26ec370a31fc4edf0,measured,4,119332,1436446,1555778,91,0,0,16384,16383,1,Pass,Pass,7349817109290025153
2,14,12,Adrop,Adrop,256KiB,262144,2048,6f0154469137295abd7b45b25bc83aace599559234fd5f331140bd800c48b670,measured,4,14107,127381,141488,159120,1,2048,2048,2047,1,Pass,Pass,1126272383489710074
2,14,13,A0-dup,A0,8MiB,8388608,65536,e456d3adf67030c5a168df273f5171ca3e1299e54571d94cca82b117f3cf3aeb,measured,4,1404516,10916459,12320975,279,0,0,2048,2047,1,Pass,Pass,9713268438230653554
2,14,14,A0,A0,4MiB,4194304,32768,f9dc4b51d64658b088837d5f2a7d485e8eba57daed852c20d443b77cc8137655,measured,4,468136,4300708,4768844,121,0,0,2048,2047,1,Pass,Pass,7876534982476418273
2,14,15,A0-dup,A0,4MiB,4194304,32768,f9dc4b51d64658b088837d5f2a7d485e8eba57daed852c20d443b77cc8137655,measured,4,488786,4305308,4794094,111,0,0,2048,2047,1,Pass,Pass,7876534982476418273
2,14,16,Adrop,Adrop,512KiB,524288,4096,155dfc49f4c05f1087ef002a279acee734e738bc580f2b3925315f95a108242b,measured,4,33266,248347,281613,310887,1,4096,4096,4095,1,Pass,Pass,192086794746352270
2,14,17,A0-dup,A0,128KiB,131072,1024,22e51081397aebb06a1c4c3f85bd08a6e7041a438f4aae416970027e1ddbb24e,measured,4,6498,81970,88468,37,0,0,4096,4095,1,Pass,Pass,15067928572581534229
2,14,18,Adrop,Adrop,8MiB,8388608,65536,e456d3adf67030c5a168df273f5171ca3e1299e54571d94cca82b117f3cf3aeb,measured,4,1472746,10209738,11682484,10162519,1,65536,65536,65535,1,Pass,Pass,9713268438230653554
2,14,19,Acapacity,Acapacity,16MiB,16777216,131072,0c00f8138e0e622f6fc7215fc0f0d135e79bf60450e4c79d30e30624a8842117,measured,4,3068175,22636014,25704189,355,0,0,65536,65535,1,Pass,Pass,7408339909486172793
2,14,20,Adefs,Adefs,2MiB,2097152,16384,6587afedd7c0f949b131311e7425d033a0754a29587f85f26ec370a31fc4edf0,measured,4,119136,1392482,1511618,125,0,0,65536,65535,1,Pass,Pass,7349817109290025153
2,14,21,A0,A0,1MiB,1048576,8192,337a179ec729c20c01309d98317f7ca00691d12ca10285b55ade71fb880e191c,measured,4,57479,658311,715790,113,0,0,65536,65535,1,Pass,Pass,16341657278089853397
2,14,22,Acapacity,Acapacity,512KiB,524288,4096,155dfc49f4c05f1087ef002a279acee734e738bc580f2b3925315f95a108242b,measured,4,28967,311012,339979,52,0,0,65536,65535,1,Pass,Pass,192086794746352270
2,14,23,Acapacity,Acapacity,8MiB,8388608,65536,e456d3adf67030c5a168df273f5171ca3e1299e54571d94cca82b117f3cf3aeb,measured,4,1406588,10904187,12310775,121,0,0,65536,65535,1,Pass,Pass,9713268438230653554
2,14,24,A0-dup,A0,256KiB,262144,2048,6f0154469137295abd7b45b25bc83aace599559234fd5f331140bd800c48b670,measured,4,13992,163941,177933,118,0,0,65536,65535,1,Pass,Pass,1126272383489710074
2,14,25,Acapacity,Acapacity,4MiB,4194304,32768,f9dc4b51d64658b088837d5f2a7d485e8eba57daed852c20d443b77cc8137655,measured,4,517253,4291755,4809008,108,0,0,65536,65535,1,Pass,Pass,7876534982476418273
2,14,26,A0-dup,A0,16MiB,16777216,131072,0c00f8138e0e622f6fc7215fc0f0d135e79bf60450e4c79d30e30624a8842117,measured,4,3072650,23131761,26204411,423,0,0,65536,65535,1,Pass,Pass,7408339909486172793
2,14,27,A0,A0,256KiB,262144,2048,6f0154469137295abd7b45b25bc83aace599559234fd5f331140bd800c48b670,measured,4,13893,164544,178437,82,0,0,65536,65535,1,Pass,Pass,1126272383489710074
2,14,28,Adefs,Adefs,16MiB,16777216,131072,0c00f8138e0e622f6fc7215fc0f0d135e79bf60450e4c79d30e30624a8842117,measured,4,3099607,21333576,24433183,114,0,0,65536,65535,1,Pass,Pass,7408339909486172793
2,14,29,A0,A0,8MiB,8388608,65536,e456d3adf67030c5a168df273f5171ca3e1299e54571d94cca82b117f3cf3aeb,measured,4,1391821,10754422,12146243,99,0,0,65536,65535,1,Pass,Pass,9713268438230653554
2,14,30,Adefs,Adefs,512KiB,524288,4096,155dfc49f4c05f1087ef002a279acee734e738bc580f2b3925315f95a108242b,measured,4,29272,306121,335393,84,0,0,65536,65535,1,Pass,Pass,192086794746352270
2,14,31,A0-dup,A0,1MiB,1048576,8192,337a179ec729c20c01309d98317f7ca00691d12ca10285b55ade71fb880e191c,measured,4,57553,715006,772559,106,0,0,65536,65535,1,Pass,Pass,16341657278089853397
2,14,32,Acapacity,Acapacity,256KiB,262144,2048,6f0154469137295abd7b45b25bc83aace599559234fd5f331140bd800c48b670,measured,4,17290,153503,170793,32,0,0,65536,65535,1,Pass,Pass,1126272383489710074
2,14,33,A0,A0,16MiB,16777216,131072,0c00f8138e0e622f6fc7215fc0f0d135e79bf60450e4c79d30e30624a8842117,measured,4,3076372,23611890,26688262,280,0,0,65536,65535,1,Pass,Pass,7408339909486172793
2,14,34,Adefs,Adefs,128KiB,131072,1024,22e51081397aebb06a1c4c3f85bd08a6e7041a438f4aae416970027e1ddbb24e,measured,4,7235,80925,88160,93,0,0,65536,65535,1,Pass,Pass,15067928572581534229
2,14,35,Adrop,Adrop,128KiB,131072,1024,22e51081397aebb06a1c4c3f85bd08a6e7041a438f4aae416970027e1ddbb24e,measured,4,6787,63391,70178,80582,1,1024,1024,1023,1,Pass,Pass,15067928572581534229
2,14,36,Adrop,Adrop,16MiB,16777216,131072,0c00f8138e0e622f6fc7215fc0f0d135e79bf60450e4c79d30e30624a8842117,measured,4,3093640,20158128,23251768,18898051,1,131072,131072,131071,1,Pass,Pass,7408339909486172793
2,14,37,Adefs,Adefs,8MiB,8388608,65536,e456d3adf67030c5a168df273f5171ca3e1299e54571d94cca82b117f3cf3aeb,measured,4,1417234,9976334,11393568,275,0,0,131072,131071,1,Pass,Pass,9713268438230653554
2,14,38,Adefs,Adefs,256KiB,262144,2048,6f0154469137295abd7b45b25bc83aace599559234fd5f331140bd800c48b670,measured,4,14315,153872,168187,235,0,0,131072,131071,1,Pass,Pass,1126272383489710074
2,14,39,Adrop,Adrop,4MiB,4194304,32768,f9dc4b51d64658b088837d5f2a7d485e8eba57daed852c20d443b77cc8137655,measured,4,399960,3677917,4077877,4256396,1,32768,32768,32767,1,Pass,Pass,7876534982476418273
2,15,0,A0,A0,256KiB,262144,2048,6f0154469137295abd7b45b25bc83aace599559234fd5f331140bd800c48b670,measured,5,14063,163342,177405,192,0,0,32768,32767,1,Pass,Pass,1126272383489710074
2,15,1,A0,A0,512KiB,524288,4096,155dfc49f4c05f1087ef002a279acee734e738bc580f2b3925315f95a108242b,measured,5,29119,334245,363364,65,0,0,32768,32767,1,Pass,Pass,192086794746352270
2,15,2,Adrop,Adrop,1MiB,1048576,8192,337a179ec729c20c01309d98317f7ca00691d12ca10285b55ade71fb880e191c,measured,5,57371,520478,577849,650049,1,8192,8192,8191,1,Pass,Pass,16341657278089853397
2,15,3,A0,A0,2MiB,2097152,16384,6587afedd7c0f949b131311e7425d033a0754a29587f85f26ec370a31fc4edf0,measured,5,124576,1505030,1629606,225,0,0,8192,8191,1,Pass,Pass,7349817109290025153
2,15,4,Acapacity,Acapacity,512KiB,524288,4096,155dfc49f4c05f1087ef002a279acee734e738bc580f2b3925315f95a108242b,measured,5,29382,310051,339433,131,0,0,8192,8191,1,Pass,Pass,192086794746352270
2,15,5,A0-dup,A0,2MiB,2097152,16384,6587afedd7c0f949b131311e7425d033a0754a29587f85f26ec370a31fc4edf0,measured,5,116200,1459599,1575799,115,0,0,8192,8191,1,Pass,Pass,7349817109290025153
2,15,6,Adefs,Adefs,512KiB,524288,4096,155dfc49f4c05f1087ef002a279acee734e738bc580f2b3925315f95a108242b,measured,5,29239,298725,327964,123,0,0,8192,8191,1,Pass,Pass,192086794746352270
2,15,7,Adefs,Adefs,128KiB,131072,1024,22e51081397aebb06a1c4c3f85bd08a6e7041a438f4aae416970027e1ddbb24e,measured,5,6562,73912,80474,41,0,0,8192,8191,1,Pass,Pass,15067928572581534229
2,15,8,A0,A0,16MiB,16777216,131072,0c00f8138e0e622f6fc7215fc0f0d135e79bf60450e4c79d30e30624a8842117,measured,5,3102864,23742997,26845861,413,0,0,8192,8191,1,Pass,Pass,7408339909486172793
2,15,9,Acapacity,Acapacity,1MiB,1048576,8192,337a179ec729c20c01309d98317f7ca00691d12ca10285b55ade71fb880e191c,measured,5,57885,644213,702098,216,0,0,8192,8191,1,Pass,Pass,16341657278089853397
2,15,10,Acapacity,Acapacity,4MiB,4194304,32768,f9dc4b51d64658b088837d5f2a7d485e8eba57daed852c20d443b77cc8137655,measured,5,478904,4231251,4710155,102,0,0,8192,8191,1,Pass,Pass,7876534982476418273
2,15,11,A0-dup,A0,256KiB,262144,2048,6f0154469137295abd7b45b25bc83aace599559234fd5f331140bd800c48b670,measured,5,13978,164332,178310,28,0,0,8192,8191,1,Pass,Pass,1126272383489710074
2,15,12,Adefs,Adefs,4MiB,4194304,32768,f9dc4b51d64658b088837d5f2a7d485e8eba57daed852c20d443b77cc8137655,measured,5,583217,4294799,4878016,133,0,0,8192,8191,1,Pass,Pass,7876534982476418273
2,15,13,A0,A0,128KiB,131072,1024,22e51081397aebb06a1c4c3f85bd08a6e7041a438f4aae416970027e1ddbb24e,measured,5,7119,85669,92788,211,0,0,8192,8191,1,Pass,Pass,15067928572581534229
2,15,14,A0-dup,A0,128KiB,131072,1024,22e51081397aebb06a1c4c3f85bd08a6e7041a438f4aae416970027e1ddbb24e,measured,5,6571,81873,88444,34,0,0,8192,8191,1,Pass,Pass,15067928572581534229
2,15,15,Acapacity,Acapacity,8MiB,8388608,65536,e456d3adf67030c5a168df273f5171ca3e1299e54571d94cca82b117f3cf3aeb,measured,5,1401258,10775748,12177006,607,0,0,8192,8191,1,Pass,Pass,9713268438230653554
2,15,16,Adrop,Adrop,16MiB,16777216,131072,0c00f8138e0e622f6fc7215fc0f0d135e79bf60450e4c79d30e30624a8842117,measured,5,3084514,20322563,23407077,18747410,1,131072,131072,131071,1,Pass,Pass,7408339909486172793
2,15,17,Acapacity,Acapacity,256KiB,262144,2048,6f0154469137295abd7b45b25bc83aace599559234fd5f331140bd800c48b670,measured,5,14290,157285,171575,169,0,0,131072,131071,1,Pass,Pass,1126272383489710074
2,15,18,A0,A0,4MiB,4194304,32768,f9dc4b51d64658b088837d5f2a7d485e8eba57daed852c20d443b77cc8137655,measured,5,446109,4338941,4785050,190,0,0,131072,131071,1,Pass,Pass,7876534982476418273
2,15,19,A0-dup,A0,4MiB,4194304,32768,f9dc4b51d64658b088837d5f2a7d485e8eba57daed852c20d443b77cc8137655,measured,5,482452,4461486,4943938,117,0,0,131072,131071,1,Pass,Pass,7876534982476418273
2,15,20,Acapacity,Acapacity,128KiB,131072,1024,22e51081397aebb06a1c4c3f85bd08a6e7041a438f4aae416970027e1ddbb24e,measured,5,7003,80651,87654,85,0,0,131072,131071,1,Pass,Pass,15067928572581534229
2,15,21,Adefs,Adefs,16MiB,16777216,131072,0c00f8138e0e622f6fc7215fc0f0d135e79bf60450e4c79d30e30624a8842117,measured,5,3099593,19667764,22767357,356,0,0,131072,131071,1,Pass,Pass,7408339909486172793
2,15,22,A0,A0,1MiB,1048576,8192,337a179ec729c20c01309d98317f7ca00691d12ca10285b55ade71fb880e191c,measured,5,57792,654571,712363,98,0,0,131072,131071,1,Pass,Pass,16341657278089853397
2,15,23,Adrop,Adrop,4MiB,4194304,32768,f9dc4b51d64658b088837d5f2a7d485e8eba57daed852c20d443b77cc8137655,measured,5,479113,3759568,4238681,4539585,1,32768,32768,32767,1,Pass,Pass,7876534982476418273
2,15,24,Acapacity,Acapacity,2MiB,2097152,16384,6587afedd7c0f949b131311e7425d033a0754a29587f85f26ec370a31fc4edf0,measured,5,118581,1416683,1535264,658,0,0,32768,32767,1,Pass,Pass,7349817109290025153
2,15,25,Acapacity,Acapacity,16MiB,16777216,131072,0c00f8138e0e622f6fc7215fc0f0d135e79bf60450e4c79d30e30624a8842117,measured,5,3094351,22971425,26065776,638,0,0,32768,32767,1,Pass,Pass,7408339909486172793
2,15,26,Adrop,Adrop,256KiB,262144,2048,6f0154469137295abd7b45b25bc83aace599559234fd5f331140bd800c48b670,measured,5,14394,126826,141220,154803,1,2048,2048,2047,1,Pass,Pass,1126272383489710074
2,15,27,Adrop,Adrop,8MiB,8388608,65536,e456d3adf67030c5a168df273f5171ca3e1299e54571d94cca82b117f3cf3aeb,measured,5,1414415,9412903,10827318,10182218,1,65536,65536,65535,1,Pass,Pass,9713268438230653554
2,15,28,Adrop,Adrop,2MiB,2097152,16384,6587afedd7c0f949b131311e7425d033a0754a29587f85f26ec370a31fc4edf0,measured,5,114460,1139093,1253553,1823154,1,16384,16384,16383,1,Pass,Pass,7349817109290025153
2,15,29,A0-dup,A0,8MiB,8388608,65536,e456d3adf67030c5a168df273f5171ca3e1299e54571d94cca82b117f3cf3aeb,measured,5,1375528,10804208,12179736,296,0,0,16384,16383,1,Pass,Pass,9713268438230653554
2,15,30,A0-dup,A0,512KiB,524288,4096,155dfc49f4c05f1087ef002a279acee734e738bc580f2b3925315f95a108242b,measured,5,29039,320305,349344,86,0,0,16384,16383,1,Pass,Pass,192086794746352270
2,15,31,Adefs,Adefs,8MiB,8388608,65536,e456d3adf67030c5a168df273f5171ca3e1299e54571d94cca82b117f3cf3aeb,measured,5,1403476,10063368,11466844,111,0,0,16384,16383,1,Pass,Pass,9713268438230653554
2,15,32,Adefs,Adefs,1MiB,1048576,8192,337a179ec729c20c01309d98317f7ca00691d12ca10285b55ade71fb880e191c,measured,5,57761,605377,663138,28,0,0,16384,16383,1,Pass,Pass,16341657278089853397
2,15,33,A0-dup,A0,16MiB,16777216,131072,0c00f8138e0e622f6fc7215fc0f0d135e79bf60450e4c79d30e30624a8842117,measured,5,3123481,24229812,27353293,326,0,0,16384,16383,1,Pass,Pass,7408339909486172793
2,15,34,Adefs,Adefs,2MiB,2097152,16384,6587afedd7c0f949b131311e7425d033a0754a29587f85f26ec370a31fc4edf0,measured,5,116931,1386911,1503842,252,0,0,16384,16383,1,Pass,Pass,7349817109290025153
2,15,35,Adefs,Adefs,256KiB,262144,2048,6f0154469137295abd7b45b25bc83aace599559234fd5f331140bd800c48b670,measured,5,13974,153130,167104,87,0,0,16384,16383,1,Pass,Pass,1126272383489710074
2,15,36,A0,A0,8MiB,8388608,65536,e456d3adf67030c5a168df273f5171ca3e1299e54571d94cca82b117f3cf3aeb,measured,5,1373649,10829013,12202662,109,0,0,16384,16383,1,Pass,Pass,9713268438230653554
2,15,37,Adrop,Adrop,512KiB,524288,4096,155dfc49f4c05f1087ef002a279acee734e738bc580f2b3925315f95a108242b,measured,5,29446,259415,288861,318889,1,4096,4096,4095,1,Pass,Pass,192086794746352270
2,15,38,Adrop,Adrop,128KiB,131072,1024,22e51081397aebb06a1c4c3f85bd08a6e7041a438f4aae416970027e1ddbb24e,measured,5,6547,61450,67997,78662,1,1024,1024,1023,1,Pass,Pass,15067928572581534229
2,15,39,A0-dup,A0,1MiB,1048576,8192,337a179ec729c20c01309d98317f7ca00691d12ca10285b55ade71fb880e191c,measured,5,57537,666118,723655,225,0,0,1024,1023,1,Pass,Pass,16341657278089853397
2,16,0,Acapacity,Acapacity,512KiB,524288,4096,155dfc49f4c05f1087ef002a279acee734e738bc580f2b3925315f95a108242b,measured,6,29034,312316,341350,96,0,0,1024,1023,1,Pass,Pass,192086794746352270
2,16,1,A0-dup,A0,8MiB,8388608,65536,e456d3adf67030c5a168df273f5171ca3e1299e54571d94cca82b117f3cf3aeb,measured,6,1393048,10819584,12212632,290,0,0,1024,1023,1,Pass,Pass,9713268438230653554
2,16,2,Adrop,Adrop,8MiB,8388608,65536,e456d3adf67030c5a168df273f5171ca3e1299e54571d94cca82b117f3cf3aeb,measured,6,1362991,9450901,10813892,8421347,1,65536,65536,65535,1,Pass,Pass,9713268438230653554
2,16,3,Adrop,Adrop,4MiB,4194304,32768,f9dc4b51d64658b088837d5f2a7d485e8eba57daed852c20d443b77cc8137655,measured,6,472850,4240499,4713349,4785032,1,32768,32768,32767,1,Pass,Pass,7876534982476418273
2,16,4,A0,A0,256KiB,262144,2048,6f0154469137295abd7b45b25bc83aace599559234fd5f331140bd800c48b670,measured,6,14069,161931,176000,199,0,0,32768,32767,1,Pass,Pass,1126272383489710074
2,16,5,Adrop,Adrop,128KiB,131072,1024,22e51081397aebb06a1c4c3f85bd08a6e7041a438f4aae416970027e1ddbb24e,measured,6,6646,65434,72080,86682,1,1024,1024,1023,1,Pass,Pass,15067928572581534229
2,16,6,A0,A0,16MiB,16777216,131072,0c00f8138e0e622f6fc7215fc0f0d135e79bf60450e4c79d30e30624a8842117,measured,6,3091597,23543902,26635499,306,0,0,1024,1023,1,Pass,Pass,7408339909486172793
2,16,7,A0,A0,128KiB,131072,1024,22e51081397aebb06a1c4c3f85bd08a6e7041a438f4aae416970027e1ddbb24e,measured,6,7069,89971,97040,130,0,0,1024,1023,1,Pass,Pass,15067928572581534229
2,16,8,Acapacity,Acapacity,2MiB,2097152,16384,6587afedd7c0f949b131311e7425d033a0754a29587f85f26ec370a31fc4edf0,measured,6,115229,1404299,1519528,128,0,0,1024,1023,1,Pass,Pass,7349817109290025153
2,16,9,Adefs,Adefs,256KiB,262144,2048,6f0154469137295abd7b45b25bc83aace599559234fd5f331140bd800c48b670,measured,6,14018,153058,167076,56,0,0,1024,1023,1,Pass,Pass,1126272383489710074
2,16,10,Acapacity,Acapacity,8MiB,8388608,65536,e456d3adf67030c5a168df273f5171ca3e1299e54571d94cca82b117f3cf3aeb,measured,6,1410425,10835380,12245805,96,0,0,1024,1023,1,Pass,Pass,9713268438230653554
2,16,11,Adefs,Adefs,4MiB,4194304,32768,f9dc4b51d64658b088837d5f2a7d485e8eba57daed852c20d443b77cc8137655,measured,6,425266,3996270,4421536,535,0,0,1024,1023,1,Pass,Pass,7876534982476418273
2,16,12,Acapacity,Acapacity,128KiB,131072,1024,22e51081397aebb06a1c4c3f85bd08a6e7041a438f4aae416970027e1ddbb24e,measured,6,7014,81705,88719,85,0,0,1024,1023,1,Pass,Pass,15067928572581534229
2,16,13,Adefs,Adefs,1MiB,1048576,8192,337a179ec729c20c01309d98317f7ca00691d12ca10285b55ade71fb880e191c,measured,6,57555,604816,662371,213,0,0,1024,1023,1,Pass,Pass,16341657278089853397
2,16,14,Adrop,Adrop,256KiB,262144,2048,6f0154469137295abd7b45b25bc83aace599559234fd5f331140bd800c48b670,measured,6,13836,124044,137880,154438,1,2048,2048,2047,1,Pass,Pass,1126272383489710074
2,16,15,A0-dup,A0,512KiB,524288,4096,155dfc49f4c05f1087ef002a279acee734e738bc580f2b3925315f95a108242b,measured,6,32770,313877,346647,68,0,0,2048,2047,1,Pass,Pass,192086794746352270
2,16,16,Adefs,Adefs,16MiB,16777216,131072,0c00f8138e0e622f6fc7215fc0f0d135e79bf60450e4c79d30e30624a8842117,measured,6,3086691,21400879,24487570,352,0,0,2048,2047,1,Pass,Pass,7408339909486172793
2,16,17,Adrop,Adrop,512KiB,524288,4096,155dfc49f4c05f1087ef002a279acee734e738bc580f2b3925315f95a108242b,measured,6,29102,250906,280008,317387,1,4096,4096,4095,1,Pass,Pass,192086794746352270
2,16,18,A0-dup,A0,16MiB,16777216,131072,0c00f8138e0e622f6fc7215fc0f0d135e79bf60450e4c79d30e30624a8842117,measured,6,3093894,24113640,27207534,121,0,0,4096,4095,1,Pass,Pass,7408339909486172793
2,16,19,Adefs,Adefs,2MiB,2097152,16384,6587afedd7c0f949b131311e7425d033a0754a29587f85f26ec370a31fc4edf0,measured,6,121502,1406735,1528237,278,0,0,4096,4095,1,Pass,Pass,7349817109290025153
2,16,20,Acapacity,Acapacity,1MiB,1048576,8192,337a179ec729c20c01309d98317f7ca00691d12ca10285b55ade71fb880e191c,measured,6,57911,637707,695618,87,0,0,4096,4095,1,Pass,Pass,16341657278089853397
2,16,21,A0-dup,A0,256KiB,262144,2048,6f0154469137295abd7b45b25bc83aace599559234fd5f331140bd800c48b670,measured,6,14072,183594,197666,36,0,0,4096,4095,1,Pass,Pass,1126272383489710074
2,16,22,A0-dup,A0,128KiB,131072,1024,22e51081397aebb06a1c4c3f85bd08a6e7041a438f4aae416970027e1ddbb24e,measured,6,6762,81588,88350,32,0,0,4096,4095,1,Pass,Pass,15067928572581534229
2,16,23,A0,A0,8MiB,8388608,65536,e456d3adf67030c5a168df273f5171ca3e1299e54571d94cca82b117f3cf3aeb,measured,6,1420741,11472902,12893643,361,0,0,4096,4095,1,Pass,Pass,9713268438230653554
2,16,24,Adefs,Adefs,128KiB,131072,1024,22e51081397aebb06a1c4c3f85bd08a6e7041a438f4aae416970027e1ddbb24e,measured,6,6878,78454,85332,253,0,0,4096,4095,1,Pass,Pass,15067928572581534229
2,16,25,Adrop,Adrop,1MiB,1048576,8192,337a179ec729c20c01309d98317f7ca00691d12ca10285b55ade71fb880e191c,measured,6,57341,525823,583164,648269,1,8192,8192,8191,1,Pass,Pass,16341657278089853397
2,16,26,A0,A0,4MiB,4194304,32768,f9dc4b51d64658b088837d5f2a7d485e8eba57daed852c20d443b77cc8137655,measured,6,500866,4175123,4675989,135,0,0,8192,8191,1,Pass,Pass,7876534982476418273
2,16,27,Acapacity,Acapacity,4MiB,4194304,32768,f9dc4b51d64658b088837d5f2a7d485e8eba57daed852c20d443b77cc8137655,measured,6,522740,4216976,4739716,269,0,0,8192,8191,1,Pass,Pass,7876534982476418273
2,16,28,A0-dup,A0,2MiB,2097152,16384,6587afedd7c0f949b131311e7425d033a0754a29587f85f26ec370a31fc4edf0,measured,6,116879,1476777,1593656,118,0,0,8192,8191,1,Pass,Pass,7349817109290025153
2,16,29,Adrop,Adrop,16MiB,16777216,131072,0c00f8138e0e622f6fc7215fc0f0d135e79bf60450e4c79d30e30624a8842117,measured,6,3109452,20458439,23567891,18602018,1,131072,131072,131071,1,Pass,Pass,7408339909486172793
2,16,30,A0,A0,1MiB,1048576,8192,337a179ec729c20c01309d98317f7ca00691d12ca10285b55ade71fb880e191c,measured,6,58748,652756,711504,118,0,0,131072,131071,1,Pass,Pass,16341657278089853397
2,16,31,A0-dup,A0,1MiB,1048576,8192,337a179ec729c20c01309d98317f7ca00691d12ca10285b55ade71fb880e191c,measured,6,57189,638766,695955,107,0,0,131072,131071,1,Pass,Pass,16341657278089853397
2,16,32,Adefs,Adefs,512KiB,524288,4096,155dfc49f4c05f1087ef002a279acee734e738bc580f2b3925315f95a108242b,measured,6,29156,294870,324026,74,0,0,131072,131071,1,Pass,Pass,192086794746352270
2,16,33,Acapacity,Acapacity,16MiB,16777216,131072,0c00f8138e0e622f6fc7215fc0f0d135e79bf60450e4c79d30e30624a8842117,measured,6,3160210,23031595,26191805,596,0,0,131072,131071,1,Pass,Pass,7408339909486172793
2,16,34,A0-dup,A0,4MiB,4194304,32768,f9dc4b51d64658b088837d5f2a7d485e8eba57daed852c20d443b77cc8137655,measured,6,429740,3966682,4396422,429,0,0,131072,131071,1,Pass,Pass,7876534982476418273
2,16,35,A0,A0,2MiB,2097152,16384,6587afedd7c0f949b131311e7425d033a0754a29587f85f26ec370a31fc4edf0,measured,6,114506,1448715,1563221,92,0,0,131072,131071,1,Pass,Pass,7349817109290025153
2,16,36,A0,A0,512KiB,524288,4096,155dfc49f4c05f1087ef002a279acee734e738bc580f2b3925315f95a108242b,measured,6,29553,331162,360715,35,0,0,131072,131071,1,Pass,Pass,192086794746352270
2,16,37,Adrop,Adrop,2MiB,2097152,16384,6587afedd7c0f949b131311e7425d033a0754a29587f85f26ec370a31fc4edf0,measured,6,118442,1219523,1337965,1920353,1,16384,16384,16383,1,Pass,Pass,7349817109290025153
2,16,38,Acapacity,Acapacity,256KiB,262144,2048,6f0154469137295abd7b45b25bc83aace599559234fd5f331140bd800c48b670,measured,6,13867,156724,170591,89,0,0,16384,16383,1,Pass,Pass,1126272383489710074
2,16,39,Adefs,Adefs,8MiB,8388608,65536,e456d3adf67030c5a168df273f5171ca3e1299e54571d94cca82b117f3cf3aeb,measured,6,1372127,10011931,11384058,172,0,0,16384,16383,1,Pass,Pass,9713268438230653554
2,17,0,A0,A0,128KiB,131072,1024,22e51081397aebb06a1c4c3f85bd08a6e7041a438f4aae416970027e1ddbb24e,measured,7,7167,83916,91083,142,0,0,16384,16383,1,Pass,Pass,15067928572581534229
2,17,1,Acapacity,Acapacity,4MiB,4194304,32768,f9dc4b51d64658b088837d5f2a7d485e8eba57daed852c20d443b77cc8137655,measured,7,410213,3979510,4389723,266,0,0,16384,16383,1,Pass,Pass,7876534982476418273
2,17,2,Acapacity,Acapacity,1MiB,1048576,8192,337a179ec729c20c01309d98317f7ca00691d12ca10285b55ade71fb880e191c,measured,7,57798,631822,689620,116,0,0,16384,16383,1,Pass,Pass,16341657278089853397
2,17,3,A0-dup,A0,4MiB,4194304,32768,f9dc4b51d64658b088837d5f2a7d485e8eba57daed852c20d443b77cc8137655,measured,7,396150,3982277,4378427,261,0,0,16384,16383,1,Pass,Pass,7876534982476418273
2,17,4,Adrop,Adrop,16MiB,16777216,131072,0c00f8138e0e622f6fc7215fc0f0d135e79bf60450e4c79d30e30624a8842117,measured,7,3075910,20456020,23531930,18515661,1,131072,131072,131071,1,Pass,Pass,7408339909486172793
2,17,5,A0-dup,A0,256KiB,262144,2048,6f0154469137295abd7b45b25bc83aace599559234fd5f331140bd800c48b670,measured,7,14080,160784,174864,285,0,0,131072,131071,1,Pass,Pass,1126272383489710074
2,17,6,Acapacity,Acapacity,128KiB,131072,1024,22e51081397aebb06a1c4c3f85bd08a6e7041a438f4aae416970027e1ddbb24e,measured,7,6527,77373,83900,42,0,0,131072,131071,1,Pass,Pass,15067928572581534229
2,17,7,A0,A0,2MiB,2097152,16384,6587afedd7c0f949b131311e7425d033a0754a29587f85f26ec370a31fc4edf0,measured,7,121550,1498313,1619863,111,0,0,131072,131071,1,Pass,Pass,7349817109290025153
2,17,8,A0,A0,1MiB,1048576,8192,337a179ec729c20c01309d98317f7ca00691d12ca10285b55ade71fb880e191c,measured,7,57607,657404,715011,101,0,0,131072,131071,1,Pass,Pass,16341657278089853397
2,17,9,Adefs,Adefs,128KiB,131072,1024,22e51081397aebb06a1c4c3f85bd08a6e7041a438f4aae416970027e1ddbb24e,measured,7,6718,74970,81688,43,0,0,131072,131071,1,Pass,Pass,15067928572581534229
2,17,10,Adrop,Adrop,4MiB,4194304,32768,f9dc4b51d64658b088837d5f2a7d485e8eba57daed852c20d443b77cc8137655,measured,7,372195,3475318,3847513,4560489,1,32768,32768,32767,1,Pass,Pass,7876534982476418273
2,17,11,Adrop,Adrop,128KiB,131072,1024,22e51081397aebb06a1c4c3f85bd08a6e7041a438f4aae416970027e1ddbb24e,measured,7,6911,64509,71420,81002,1,1024,1024,1023,1,Pass,Pass,15067928572581534229
2,17,12,Adefs,Adefs,2MiB,2097152,16384,6587afedd7c0f949b131311e7425d033a0754a29587f85f26ec370a31fc4edf0,measured,7,117624,1341671,1459295,301,0,0,1024,1023,1,Pass,Pass,7349817109290025153
2,17,13,Acapacity,Acapacity,256KiB,262144,2048,6f0154469137295abd7b45b25bc83aace599559234fd5f331140bd800c48b670,measured,7,14221,161006,175227,124,0,0,1024,1023,1,Pass,Pass,1126272383489710074
2,17,14,A0-dup,A0,128KiB,131072,1024,22e51081397aebb06a1c4c3f85bd08a6e7041a438f4aae416970027e1ddbb24e,measured,7,6495,82797,89292,40,0,0,1024,1023,1,Pass,Pass,15067928572581534229
2,17,15,A0-dup,A0,2MiB,2097152,16384,6587afedd7c0f949b131311e7425d033a0754a29587f85f26ec370a31fc4edf0,measured,7,122627,1481667,1604294,175,0,0,1024,1023,1,Pass,Pass,7349817109290025153
2,17,16,Adefs,Adefs,512KiB,524288,4096,155dfc49f4c05f1087ef002a279acee734e738bc580f2b3925315f95a108242b,measured,7,29542,297910,327452,106,0,0,1024,1023,1,Pass,Pass,192086794746352270
2,17,17,Adefs,Adefs,8MiB,8388608,65536,e456d3adf67030c5a168df273f5171ca3e1299e54571d94cca82b117f3cf3aeb,measured,7,1388522,9807229,11195751,227,0,0,1024,1023,1,Pass,Pass,9713268438230653554
2,17,18,Adrop,Adrop,256KiB,262144,2048,6f0154469137295abd7b45b25bc83aace599559234fd5f331140bd800c48b670,measured,7,14332,126311,140643,155950,1,2048,2048,2047,1,Pass,Pass,1126272383489710074
2,17,19,Adrop,Adrop,1MiB,1048576,8192,337a179ec729c20c01309d98317f7ca00691d12ca10285b55ade71fb880e191c,measured,7,57281,529303,586584,654002,1,8192,8192,8191,1,Pass,Pass,16341657278089853397
2,17,20,Acapacity,Acapacity,8MiB,8388608,65536,e456d3adf67030c5a168df273f5171ca3e1299e54571d94cca82b117f3cf3aeb,measured,7,1460517,11415702,12876219,388,0,0,8192,8191,1,Pass,Pass,9713268438230653554
2,17,21,A0-dup,A0,1MiB,1048576,8192,337a179ec729c20c01309d98317f7ca00691d12ca10285b55ade71fb880e191c,measured,7,57638,665000,722638,113,0,0,8192,8191,1,Pass,Pass,16341657278089853397
2,17,22,Adrop,Adrop,8MiB,8388608,65536,e456d3adf67030c5a168df273f5171ca3e1299e54571d94cca82b117f3cf3aeb,measured,7,1385474,9158341,10543815,8555815,1,65536,65536,65535,1,Pass,Pass,9713268438230653554
2,17,23,A0-dup,A0,512KiB,524288,4096,155dfc49f4c05f1087ef002a279acee734e738bc580f2b3925315f95a108242b,measured,7,29369,318925,348294,181,0,0,65536,65535,1,Pass,Pass,192086794746352270
2,17,24,Acapacity,Acapacity,2MiB,2097152,16384,6587afedd7c0f949b131311e7425d033a0754a29587f85f26ec370a31fc4edf0,measured,7,121748,1430967,1552715,153,0,0,65536,65535,1,Pass,Pass,7349817109290025153
2,17,25,Adefs,Adefs,16MiB,16777216,131072,0c00f8138e0e622f6fc7215fc0f0d135e79bf60450e4c79d30e30624a8842117,measured,7,3147726,21161484,24309210,698,0,0,65536,65535,1,Pass,Pass,7408339909486172793
2,17,26,Adefs,Adefs,256KiB,262144,2048,6f0154469137295abd7b45b25bc83aace599559234fd5f331140bd800c48b670,measured,7,14232,149593,163825,104,0,0,65536,65535,1,Pass,Pass,1126272383489710074
2,17,27,A0,A0,512KiB,524288,4096,155dfc49f4c05f1087ef002a279acee734e738bc580f2b3925315f95a108242b,measured,7,28751,316224,344975,41,0,0,65536,65535,1,Pass,Pass,192086794746352270
2,17,28,A0,A0,4MiB,4194304,32768,f9dc4b51d64658b088837d5f2a7d485e8eba57daed852c20d443b77cc8137655,measured,7,387586,4034120,4421706,114,0,0,65536,65535,1,Pass,Pass,7876534982476418273
2,17,29,A0-dup,A0,16MiB,16777216,131072,0c00f8138e0e622f6fc7215fc0f0d135e79bf60450e4c79d30e30624a8842117,measured,7,3271044,23655350,26926394,328,0,0,65536,65535,1,Pass,Pass,7408339909486172793
2,17,30,A0,A0,256KiB,262144,2048,6f0154469137295abd7b45b25bc83aace599559234fd5f331140bd800c48b670,measured,7,13941,166377,180318,126,0,0,65536,65535,1,Pass,Pass,1126272383489710074
2,17,31,A0-dup,A0,8MiB,8388608,65536,e456d3adf67030c5a168df273f5171ca3e1299e54571d94cca82b117f3cf3aeb,measured,7,1414844,10929021,12343865,296,0,0,65536,65535,1,Pass,Pass,9713268438230653554
2,17,32,Acapacity,Acapacity,512KiB,524288,4096,155dfc49f4c05f1087ef002a279acee734e738bc580f2b3925315f95a108242b,measured,7,29398,309459,338857,249,0,0,65536,65535,1,Pass,Pass,192086794746352270
2,17,33,Adrop,Adrop,512KiB,524288,4096,155dfc49f4c05f1087ef002a279acee734e738bc580f2b3925315f95a108242b,measured,7,29058,239802,268860,318767,1,4096,4096,4095,1,Pass,Pass,192086794746352270
2,17,34,Adefs,Adefs,4MiB,4194304,32768,f9dc4b51d64658b088837d5f2a7d485e8eba57daed852c20d443b77cc8137655,measured,7,389822,3864866,4254688,193,0,0,4096,4095,1,Pass,Pass,7876534982476418273
2,17,35,Acapacity,Acapacity,16MiB,16777216,131072,0c00f8138e0e622f6fc7215fc0f0d135e79bf60450e4c79d30e30624a8842117,measured,7,3090971,24072515,27163486,294,0,0,4096,4095,1,Pass,Pass,7408339909486172793
2,17,36,A0,A0,16MiB,16777216,131072,0c00f8138e0e622f6fc7215fc0f0d135e79bf60450e4c79d30e30624a8842117,measured,7,3094567,23636464,26731031,342,0,0,4096,4095,1,Pass,Pass,7408339909486172793
2,17,37,Adrop,Adrop,2MiB,2097152,16384,6587afedd7c0f949b131311e7425d033a0754a29587f85f26ec370a31fc4edf0,measured,7,114202,1184935,1299137,1741922,1,16384,16384,16383,1,Pass,Pass,7349817109290025153
2,17,38,A0,A0,8MiB,8388608,65536,e456d3adf67030c5a168df273f5171ca3e1299e54571d94cca82b117f3cf3aeb,measured,7,1386755,10660233,12046988,117,0,0,16384,16383,1,Pass,Pass,9713268438230653554
2,17,39,Adefs,Adefs,1MiB,1048576,8192,337a179ec729c20c01309d98317f7ca00691d12ca10285b55ade71fb880e191c,measured,7,57682,607772,665454,116,0,0,16384,16383,1,Pass,Pass,16341657278089853397
2,18,0,A0-dup,A0,8MiB,8388608,65536,e456d3adf67030c5a168df273f5171ca3e1299e54571d94cca82b117f3cf3aeb,measured,8,1411210,10506936,11918146,174,0,0,16384,16383,1,Pass,Pass,9713268438230653554
2,18,1,Adefs,Adefs,512KiB,524288,4096,155dfc49f4c05f1087ef002a279acee734e738bc580f2b3925315f95a108242b,measured,8,29278,298306,327584,196,0,0,16384,16383,1,Pass,Pass,192086794746352270
2,18,2,A0-dup,A0,4MiB,4194304,32768,f9dc4b51d64658b088837d5f2a7d485e8eba57daed852c20d443b77cc8137655,measured,8,351917,4038937,4390854,230,0,0,16384,16383,1,Pass,Pass,7876534982476418273
2,18,3,A0-dup,A0,512KiB,524288,4096,155dfc49f4c05f1087ef002a279acee734e738bc580f2b3925315f95a108242b,measured,8,29253,319532,348785,117,0,0,16384,16383,1,Pass,Pass,192086794746352270
2,18,4,A0,A0,16MiB,16777216,131072,0c00f8138e0e622f6fc7215fc0f0d135e79bf60450e4c79d30e30624a8842117,measured,8,3081779,24211660,27293439,447,0,0,16384,16383,1,Pass,Pass,7408339909486172793
2,18,5,Adrop,Adrop,8MiB,8388608,65536,e456d3adf67030c5a168df273f5171ca3e1299e54571d94cca82b117f3cf3aeb,measured,8,1451435,9394205,10845640,9273497,1,65536,65536,65535,1,Pass,Pass,9713268438230653554
2,18,6,Adefs,Adefs,1MiB,1048576,8192,337a179ec729c20c01309d98317f7ca00691d12ca10285b55ade71fb880e191c,measured,8,58126,610512,668638,178,0,0,65536,65535,1,Pass,Pass,16341657278089853397
2,18,7,Adefs,Adefs,4MiB,4194304,32768,f9dc4b51d64658b088837d5f2a7d485e8eba57daed852c20d443b77cc8137655,measured,8,403539,3820199,4223738,135,0,0,65536,65535,1,Pass,Pass,7876534982476418273
2,18,8,A0,A0,2MiB,2097152,16384,6587afedd7c0f949b131311e7425d033a0754a29587f85f26ec370a31fc4edf0,measured,8,119139,1437354,1556493,166,0,0,65536,65535,1,Pass,Pass,7349817109290025153
2,18,9,Adrop,Adrop,4MiB,4194304,32768,f9dc4b51d64658b088837d5f2a7d485e8eba57daed852c20d443b77cc8137655,measured,8,424756,3510668,3935424,4600923,1,32768,32768,32767,1,Pass,Pass,7876534982476418273
2,18,10,Adrop,Adrop,1MiB,1048576,8192,337a179ec729c20c01309d98317f7ca00691d12ca10285b55ade71fb880e191c,measured,8,58211,529964,588175,634060,1,8192,8192,8191,1,Pass,Pass,16341657278089853397
2,18,11,Acapacity,Acapacity,16MiB,16777216,131072,0c00f8138e0e622f6fc7215fc0f0d135e79bf60450e4c79d30e30624a8842117,measured,8,3082373,22788299,25870672,444,0,0,8192,8191,1,Pass,Pass,7408339909486172793
2,18,12,A0,A0,128KiB,131072,1024,22e51081397aebb06a1c4c3f85bd08a6e7041a438f4aae416970027e1ddbb24e,measured,8,6909,82625,89534,443,0,0,8192,8191,1,Pass,Pass,15067928572581534229
2,18,13,Acapacity,Acapacity,128KiB,131072,1024,22e51081397aebb06a1c4c3f85bd08a6e7041a438f4aae416970027e1ddbb24e,measured,8,6577,77557,84134,59,0,0,8192,8191,1,Pass,Pass,15067928572581534229
2,18,14,Acapacity,Acapacity,2MiB,2097152,16384,6587afedd7c0f949b131311e7425d033a0754a29587f85f26ec370a31fc4edf0,measured,8,117990,1478292,1596282,129,0,0,8192,8191,1,Pass,Pass,7349817109290025153
2,18,15,Acapacity,Acapacity,4MiB,4194304,32768,f9dc4b51d64658b088837d5f2a7d485e8eba57daed852c20d443b77cc8137655,measured,8,407278,4094637,4501915,294,0,0,8192,8191,1,Pass,Pass,7876534982476418273
2,18,16,Adefs,Adefs,128KiB,131072,1024,22e51081397aebb06a1c4c3f85bd08a6e7041a438f4aae416970027e1ddbb24e,measured,8,7106,77386,84492,47,0,0,8192,8191,1,Pass,Pass,15067928572581534229
2,18,17,Adrop,Adrop,16MiB,16777216,131072,0c00f8138e0e622f6fc7215fc0f0d135e79bf60450e4c79d30e30624a8842117,measured,8,3075471,20490249,23565720,18720471,1,131072,131072,131071,1,Pass,Pass,7408339909486172793
2,18,18,A0-dup,A0,1MiB,1048576,8192,337a179ec729c20c01309d98317f7ca00691d12ca10285b55ade71fb880e191c,measured,8,57555,670417,727972,340,0,0,131072,131071,1,Pass,Pass,16341657278089853397
2,18,19,Acapacity,Acapacity,1MiB,1048576,8192,337a179ec729c20c01309d98317f7ca00691d12ca10285b55ade71fb880e191c,measured,8,57828,625703,683531,73,0,0,131072,131071,1,Pass,Pass,16341657278089853397
2,18,20,Acapacity,Acapacity,256KiB,262144,2048,6f0154469137295abd7b45b25bc83aace599559234fd5f331140bd800c48b670,measured,8,32045,160603,192648,36,0,0,131072,131071,1,Pass,Pass,1126272383489710074
2,18,21,A0,A0,8MiB,8388608,65536,e456d3adf67030c5a168df273f5171ca3e1299e54571d94cca82b117f3cf3aeb,measured,8,1407387,10693473,12100860,259,0,0,131072,131071,1,Pass,Pass,9713268438230653554
2,18,22,A0-dup,A0,16MiB,16777216,131072,0c00f8138e0e622f6fc7215fc0f0d135e79bf60450e4c79d30e30624a8842117,measured,8,3071195,23772406,26843601,277,0,0,131072,131071,1,Pass,Pass,7408339909486172793
2,18,23,A0,A0,1MiB,1048576,8192,337a179ec729c20c01309d98317f7ca00691d12ca10285b55ade71fb880e191c,measured,8,57219,660401,717620,117,0,0,131072,131071,1,Pass,Pass,16341657278089853397
2,18,24,A0-dup,A0,128KiB,131072,1024,22e51081397aebb06a1c4c3f85bd08a6e7041a438f4aae416970027e1ddbb24e,measured,8,6664,80246,86910,31,0,0,131072,131071,1,Pass,Pass,15067928572581534229
2,18,25,Adefs,Adefs,2MiB,2097152,16384,6587afedd7c0f949b131311e7425d033a0754a29587f85f26ec370a31fc4edf0,measured,8,122295,1407964,1530259,111,0,0,131072,131071,1,Pass,Pass,7349817109290025153
2,18,26,A0-dup,A0,256KiB,262144,2048,6f0154469137295abd7b45b25bc83aace599559234fd5f331140bd800c48b670,measured,8,14686,173122,187808,46,0,0,131072,131071,1,Pass,Pass,1126272383489710074
2,18,27,Acapacity,Acapacity,512KiB,524288,4096,155dfc49f4c05f1087ef002a279acee734e738bc580f2b3925315f95a108242b,measured,8,29624,328058,357682,27,0,0,131072,131071,1,Pass,Pass,192086794746352270
2,18,28,Adrop,Adrop,2MiB,2097152,16384,6587afedd7c0f949b131311e7425d033a0754a29587f85f26ec370a31fc4edf0,measured,8,124565,1210184,1334749,1889842,1,16384,16384,16383,1,Pass,Pass,7349817109290025153
2,18,29,Adrop,Adrop,256KiB,262144,2048,6f0154469137295abd7b45b25bc83aace599559234fd5f331140bd800c48b670,measured,8,14160,124129,138289,153255,1,2048,2048,2047,1,Pass,Pass,1126272383489710074
2,18,30,Acapacity,Acapacity,8MiB,8388608,65536,e456d3adf67030c5a168df273f5171ca3e1299e54571d94cca82b117f3cf3aeb,measured,8,1400136,10641036,12041172,380,0,0,2048,2047,1,Pass,Pass,9713268438230653554
2,18,31,A0,A0,256KiB,262144,2048,6f0154469137295abd7b45b25bc83aace599559234fd5f331140bd800c48b670,measured,8,14276,161256,175532,177,0,0,2048,2047,1,Pass,Pass,1126272383489710074
2,18,32,Adefs,Adefs,256KiB,262144,2048,6f0154469137295abd7b45b25bc83aace599559234fd5f331140bd800c48b670,measured,8,13665,147211,160876,60,0,0,2048,2047,1,Pass,Pass,1126272383489710074
2,18,33,A0-dup,A0,2MiB,2097152,16384,6587afedd7c0f949b131311e7425d033a0754a29587f85f26ec370a31fc4edf0,measured,8,114659,1455304,1569963,188,0,0,2048,2047,1,Pass,Pass,7349817109290025153
2,18,34,Adrop,Adrop,512KiB,524288,4096,155dfc49f4c05f1087ef002a279acee734e738bc580f2b3925315f95a108242b,measured,8,29131,260643,289774,309685,1,4096,4096,4095,1,Pass,Pass,192086794746352270
2,18,35,A0,A0,512KiB,524288,4096,155dfc49f4c05f1087ef002a279acee734e738bc580f2b3925315f95a108242b,measured,8,28813,321137,349950,80,0,0,4096,4095,1,Pass,Pass,192086794746352270
2,18,36,A0,A0,4MiB,4194304,32768,f9dc4b51d64658b088837d5f2a7d485e8eba57daed852c20d443b77cc8137655,measured,8,478765,4191056,4669821,106,0,0,4096,4095,1,Pass,Pass,7876534982476418273
2,18,37,Adrop,Adrop,128KiB,131072,1024,22e51081397aebb06a1c4c3f85bd08a6e7041a438f4aae416970027e1ddbb24e,measured,8,7054,67845,74899,78590,1,1024,1024,1023,1,Pass,Pass,15067928572581534229
2,18,38,Adefs,Adefs,8MiB,8388608,65536,e456d3adf67030c5a168df273f5171ca3e1299e54571d94cca82b117f3cf3aeb,measured,8,1399478,10014077,11413555,168,0,0,1024,1023,1,Pass,Pass,9713268438230653554
2,18,39,Adefs,Adefs,16MiB,16777216,131072,0c00f8138e0e622f6fc7215fc0f0d135e79bf60450e4c79d30e30624a8842117,measured,8,3271933,22299315,25571248,318,0,0,1024,1023,1,Pass,Pass,7408339909486172793
2,19,0,A0,A0,128KiB,131072,1024,22e51081397aebb06a1c4c3f85bd08a6e7041a438f4aae416970027e1ddbb24e,measured,9,6991,82232,89223,36,0,0,1024,1023,1,Pass,Pass,15067928572581534229
2,19,1,Adrop,Adrop,1MiB,1048576,8192,337a179ec729c20c01309d98317f7ca00691d12ca10285b55ade71fb880e191c,measured,9,58017,521178,579195,656651,1,8192,8192,8191,1,Pass,Pass,16341657278089853397
2,19,2,Adefs,Adefs,1MiB,1048576,8192,337a179ec729c20c01309d98317f7ca00691d12ca10285b55ade71fb880e191c,measured,9,58128,600250,658378,100,0,0,8192,8191,1,Pass,Pass,16341657278089853397
2,19,3,A0,A0,2MiB,2097152,16384,6587afedd7c0f949b131311e7425d033a0754a29587f85f26ec370a31fc4edf0,measured,9,116962,1469101,1586063,275,0,0,8192,8191,1,Pass,Pass,7349817109290025153
2,19,4,A0,A0,8MiB,8388608,65536,e456d3adf67030c5a168df273f5171ca3e1299e54571d94cca82b117f3cf3aeb,measured,9,1354152,10903169,12257321,344,0,0,8192,8191,1,Pass,Pass,9713268438230653554
2,19,5,Acapacity,Acapacity,1MiB,1048576,8192,337a179ec729c20c01309d98317f7ca00691d12ca10285b55ade71fb880e191c,measured,9,58303,638366,696669,117,0,0,8192,8191,1,Pass,Pass,16341657278089853397
2,19,6,A0,A0,512KiB,524288,4096,155dfc49f4c05f1087ef002a279acee734e738bc580f2b3925315f95a108242b,measured,9,29318,318015,347333,47,0,0,8192,8191,1,Pass,Pass,192086794746352270
2,19,7,Adefs,Adefs,128KiB,131072,1024,22e51081397aebb06a1c4c3f85bd08a6e7041a438f4aae416970027e1ddbb24e,measured,9,6839,75289,82128,64,0,0,8192,8191,1,Pass,Pass,15067928572581534229
2,19,8,Adefs,Adefs,16MiB,16777216,131072,0c00f8138e0e622f6fc7215fc0f0d135e79bf60450e4c79d30e30624a8842117,measured,9,3036724,21498519,24535243,119,0,0,8192,8191,1,Pass,Pass,7408339909486172793
2,19,9,Adefs,Adefs,256KiB,262144,2048,6f0154469137295abd7b45b25bc83aace599559234fd5f331140bd800c48b670,measured,9,14227,152503,166730,100,0,0,8192,8191,1,Pass,Pass,1126272383489710074
2,19,10,Acapacity,Acapacity,16MiB,16777216,131072,0c00f8138e0e622f6fc7215fc0f0d135e79bf60450e4c79d30e30624a8842117,measured,9,3114387,23357372,26471759,423,0,0,8192,8191,1,Pass,Pass,7408339909486172793
2,19,11,Adrop,Adrop,128KiB,131072,1024,22e51081397aebb06a1c4c3f85bd08a6e7041a438f4aae416970027e1ddbb24e,measured,9,6972,65659,72631,79807,1,1024,1024,1023,1,Pass,Pass,15067928572581534229
2,19,12,Adrop,Adrop,4MiB,4194304,32768,f9dc4b51d64658b088837d5f2a7d485e8eba57daed852c20d443b77cc8137655,measured,9,498176,3651779,4149955,4084171,1,32768,32768,32767,1,Pass,Pass,7876534982476418273
2,19,13,Acapacity,Acapacity,512KiB,524288,4096,155dfc49f4c05f1087ef002a279acee734e738bc580f2b3925315f95a108242b,measured,9,29515,318966,348481,76,0,0,32768,32767,1,Pass,Pass,192086794746352270
2,19,14,Acapacity,Acapacity,8MiB,8388608,65536,e456d3adf67030c5a168df273f5171ca3e1299e54571d94cca82b117f3cf3aeb,measured,9,1405274,10424692,11829966,103,0,0,32768,32767,1,Pass,Pass,9713268438230653554
2,19,15,A0,A0,16MiB,16777216,131072,0c00f8138e0e622f6fc7215fc0f0d135e79bf60450e4c79d30e30624a8842117,measured,9,3036417,23992940,27029357,318,0,0,32768,32767,1,Pass,Pass,7408339909486172793
2,19,16,A0-dup,A0,128KiB,131072,1024,22e51081397aebb06a1c4c3f85bd08a6e7041a438f4aae416970027e1ddbb24e,measured,9,7545,97552,105097,102,0,0,32768,32767,1,Pass,Pass,15067928572581534229
2,19,17,A0-dup,A0,1MiB,1048576,8192,337a179ec729c20c01309d98317f7ca00691d12ca10285b55ade71fb880e191c,measured,9,57960,676767,734727,85,0,0,32768,32767,1,Pass,Pass,16341657278089853397
2,19,18,Adefs,Adefs,512KiB,524288,4096,155dfc49f4c05f1087ef002a279acee734e738bc580f2b3925315f95a108242b,measured,9,29102,289435,318537,83,0,0,32768,32767,1,Pass,Pass,192086794746352270
2,19,19,Acapacity,Acapacity,128KiB,131072,1024,22e51081397aebb06a1c4c3f85bd08a6e7041a438f4aae416970027e1ddbb24e,measured,9,6693,77764,84457,47,0,0,32768,32767,1,Pass,Pass,15067928572581534229
2,19,20,A0-dup,A0,4MiB,4194304,32768,f9dc4b51d64658b088837d5f2a7d485e8eba57daed852c20d443b77cc8137655,measured,9,377080,4168122,4545202,109,0,0,32768,32767,1,Pass,Pass,7876534982476418273
2,19,21,Adrop,Adrop,2MiB,2097152,16384,6587afedd7c0f949b131311e7425d033a0754a29587f85f26ec370a31fc4edf0,measured,9,121002,1149411,1270413,1749979,1,16384,16384,16383,1,Pass,Pass,7349817109290025153
2,19,22,Adrop,Adrop,512KiB,524288,4096,155dfc49f4c05f1087ef002a279acee734e738bc580f2b3925315f95a108242b,measured,9,29357,247228,276585,310274,1,4096,4096,4095,1,Pass,Pass,192086794746352270
2,19,23,Adefs,Adefs,8MiB,8388608,65536,e456d3adf67030c5a168df273f5171ca3e1299e54571d94cca82b117f3cf3aeb,measured,9,1403329,9746023,11149352,139,0,0,4096,4095,1,Pass,Pass,9713268438230653554
2,19,24,Adefs,Adefs,2MiB,2097152,16384,6587afedd7c0f949b131311e7425d033a0754a29587f85f26ec370a31fc4edf0,measured,9,123132,1362533,1485665,332,0,0,4096,4095,1,Pass,Pass,7349817109290025153
2,19,25,A0-dup,A0,8MiB,8388608,65536,e456d3adf67030c5a168df273f5171ca3e1299e54571d94cca82b117f3cf3aeb,measured,9,1381430,10698254,12079684,249,0,0,4096,4095,1,Pass,Pass,9713268438230653554
2,19,26,A0,A0,1MiB,1048576,8192,337a179ec729c20c01309d98317f7ca00691d12ca10285b55ade71fb880e191c,measured,9,57799,662559,720358,186,0,0,4096,4095,1,Pass,Pass,16341657278089853397
2,19,27,A0-dup,A0,16MiB,16777216,131072,0c00f8138e0e622f6fc7215fc0f0d135e79bf60450e4c79d30e30624a8842117,measured,9,3049320,23817293,26866613,113,0,0,4096,4095,1,Pass,Pass,7408339909486172793
2,19,28,Adrop,Adrop,256KiB,262144,2048,6f0154469137295abd7b45b25bc83aace599559234fd5f331140bd800c48b670,measured,9,14334,133153,147487,156371,1,2048,2048,2047,1,Pass,Pass,1126272383489710074
2,19,29,A0,A0,4MiB,4194304,32768,f9dc4b51d64658b088837d5f2a7d485e8eba57daed852c20d443b77cc8137655,measured,9,330710,4046078,4376788,188,0,0,2048,2047,1,Pass,Pass,7876534982476418273
2,19,30,Adrop,Adrop,16MiB,16777216,131072,0c00f8138e0e622f6fc7215fc0f0d135e79bf60450e4c79d30e30624a8842117,measured,9,3149723,20455452,23605175,19356579,1,131072,131072,131071,1,Pass,Pass,7408339909486172793
2,19,31,A0-dup,A0,2MiB,2097152,16384,6587afedd7c0f949b131311e7425d033a0754a29587f85f26ec370a31fc4edf0,measured,9,126174,1541528,1667702,367,0,0,131072,131071,1,Pass,Pass,7349817109290025153
2,19,32,A0-dup,A0,512KiB,524288,4096,155dfc49f4c05f1087ef002a279acee734e738bc580f2b3925315f95a108242b,measured,9,29331,326033,355364,36,0,0,131072,131071,1,Pass,Pass,192086794746352270
2,19,33,Acapacity,Acapacity,2MiB,2097152,16384,6587afedd7c0f949b131311e7425d033a0754a29587f85f26ec370a31fc4edf0,measured,9,119498,1453123,1572621,256,0,0,131072,131071,1,Pass,Pass,7349817109290025153
2,19,34,Adefs,Adefs,4MiB,4194304,32768,f9dc4b51d64658b088837d5f2a7d485e8eba57daed852c20d443b77cc8137655,measured,9,490366,4264243,4754609,93,0,0,131072,131071,1,Pass,Pass,7876534982476418273
2,19,35,A0-dup,A0,256KiB,262144,2048,6f0154469137295abd7b45b25bc83aace599559234fd5f331140bd800c48b670,measured,9,14413,180405,194818,76,0,0,131072,131071,1,Pass,Pass,1126272383489710074
2,19,36,A0,A0,256KiB,262144,2048,6f0154469137295abd7b45b25bc83aace599559234fd5f331140bd800c48b670,measured,9,13679,157794,171473,55,0,0,131072,131071,1,Pass,Pass,1126272383489710074
2,19,37,Acapacity,Acapacity,256KiB,262144,2048,6f0154469137295abd7b45b25bc83aace599559234fd5f331140bd800c48b670,measured,9,13835,154574,168409,43,0,0,131072,131071,1,Pass,Pass,1126272383489710074
2,19,38,Acapacity,Acapacity,4MiB,4194304,32768,f9dc4b51d64658b088837d5f2a7d485e8eba57daed852c20d443b77cc8137655,measured,9,334594,4162589,4497183,106,0,0,131072,131071,1,Pass,Pass,7876534982476418273
2,19,39,Adrop,Adrop,8MiB,8388608,65536,e456d3adf67030c5a168df273f5171ca3e1299e54571d94cca82b117f3cf3aeb,measured,9,1352828,9609928,10962756,8482534,1,65536,65536,65535,1,Pass,Pass,9713268438230653554
2,20,0,Adefs,Adefs,4MiB,4194304,32768,f9dc4b51d64658b088837d5f2a7d485e8eba57daed852c20d443b77cc8137655,measured,10,400253,4078331,4478584,188,0,0,65536,65535,1,Pass,Pass,7876534982476418273
2,20,1,A0-dup,A0,8MiB,8388608,65536,e456d3adf67030c5a168df273f5171ca3e1299e54571d94cca82b117f3cf3aeb,measured,10,1374059,10892415,12266474,114,0,0,65536,65535,1,Pass,Pass,9713268438230653554
2,20,2,Acapacity,Acapacity,16MiB,16777216,131072,0c00f8138e0e622f6fc7215fc0f0d135e79bf60450e4c79d30e30624a8842117,measured,10,3038712,22949815,25988527,435,0,0,65536,65535,1,Pass,Pass,7408339909486172793
2,20,3,A0,A0,2MiB,2097152,16384,6587afedd7c0f949b131311e7425d033a0754a29587f85f26ec370a31fc4edf0,measured,10,115924,1467524,1583448,116,0,0,65536,65535,1,Pass,Pass,7349817109290025153
2,20,4,A0,A0,256KiB,262144,2048,6f0154469137295abd7b45b25bc83aace599559234fd5f331140bd800c48b670,measured,10,14411,162000,176411,32,0,0,65536,65535,1,Pass,Pass,1126272383489710074
2,20,5,A0,A0,1MiB,1048576,8192,337a179ec729c20c01309d98317f7ca00691d12ca10285b55ade71fb880e191c,measured,10,57915,649862,707777,35,0,0,65536,65535,1,Pass,Pass,16341657278089853397
2,20,6,A0,A0,16MiB,16777216,131072,0c00f8138e0e622f6fc7215fc0f0d135e79bf60450e4c79d30e30624a8842117,measured,10,3068492,23577223,26645715,144,0,0,65536,65535,1,Pass,Pass,7408339909486172793
2,20,7,Adefs,Adefs,512KiB,524288,4096,155dfc49f4c05f1087ef002a279acee734e738bc580f2b3925315f95a108242b,measured,10,33307,295860,329167,123,0,0,65536,65535,1,Pass,Pass,192086794746352270
2,20,8,Adrop,Adrop,2MiB,2097152,16384,6587afedd7c0f949b131311e7425d033a0754a29587f85f26ec370a31fc4edf0,measured,10,115301,1250497,1365798,1999837,1,16384,16384,16383,1,Pass,Pass,7349817109290025153
2,20,9,A0-dup,A0,1MiB,1048576,8192,337a179ec729c20c01309d98317f7ca00691d12ca10285b55ade71fb880e191c,measured,10,57577,658397,715974,386,0,0,16384,16383,1,Pass,Pass,16341657278089853397
2,20,10,Acapacity,Acapacity,4MiB,4194304,32768,f9dc4b51d64658b088837d5f2a7d485e8eba57daed852c20d443b77cc8137655,measured,10,342231,4060325,4402556,186,0,0,16384,16383,1,Pass,Pass,7876534982476418273
2,20,11,A0-dup,A0,16MiB,16777216,131072,0c00f8138e0e622f6fc7215fc0f0d135e79bf60450e4c79d30e30624a8842117,measured,10,3056231,23435868,26492099,183,0,0,16384,16383,1,Pass,Pass,7408339909486172793
2,20,12,A0,A0,512KiB,524288,4096,155dfc49f4c05f1087ef002a279acee734e738bc580f2b3925315f95a108242b,measured,10,29479,320180,349659,101,0,0,16384,16383,1,Pass,Pass,192086794746352270
2,20,13,Adrop,Adrop,128KiB,131072,1024,22e51081397aebb06a1c4c3f85bd08a6e7041a438f4aae416970027e1ddbb24e,measured,10,6577,65157,71734,79234,1,1024,1024,1023,1,Pass,Pass,15067928572581534229
2,20,14,Adrop,Adrop,256KiB,262144,2048,6f0154469137295abd7b45b25bc83aace599559234fd5f331140bd800c48b670,measured,10,13883,122353,136236,160178,1,2048,2048,2047,1,Pass,Pass,1126272383489710074
2,20,15,Acapacity,Acapacity,128KiB,131072,1024,22e51081397aebb06a1c4c3f85bd08a6e7041a438f4aae416970027e1ddbb24e,measured,10,6562,78321,84883,49,0,0,2048,2047,1,Pass,Pass,15067928572581534229
2,20,16,Acapacity,Acapacity,256KiB,262144,2048,6f0154469137295abd7b45b25bc83aace599559234fd5f331140bd800c48b670,measured,10,13612,153692,167304,33,0,0,2048,2047,1,Pass,Pass,1126272383489710074
2,20,17,Adefs,Adefs,8MiB,8388608,65536,e456d3adf67030c5a168df273f5171ca3e1299e54571d94cca82b117f3cf3aeb,measured,10,1396087,10126780,11522867,350,0,0,2048,2047,1,Pass,Pass,9713268438230653554
2,20,18,Adrop,Adrop,512KiB,524288,4096,155dfc49f4c05f1087ef002a279acee734e738bc580f2b3925315f95a108242b,measured,10,29517,251501,281018,319521,1,4096,4096,4095,1,Pass,Pass,192086794746352270
2,20,19,Adrop,Adrop,1MiB,1048576,8192,337a179ec729c20c01309d98317f7ca00691d12ca10285b55ade71fb880e191c,measured,10,57151,526767,583918,625404,1,8192,8192,8191,1,Pass,Pass,16341657278089853397
2,20,20,Adefs,Adefs,2MiB,2097152,16384,6587afedd7c0f949b131311e7425d033a0754a29587f85f26ec370a31fc4edf0,measured,10,116722,1390743,1507465,204,0,0,8192,8191,1,Pass,Pass,7349817109290025153
2,20,21,A0-dup,A0,4MiB,4194304,32768,f9dc4b51d64658b088837d5f2a7d485e8eba57daed852c20d443b77cc8137655,measured,10,372521,4219382,4591903,122,0,0,8192,8191,1,Pass,Pass,7876534982476418273
2,20,22,A0,A0,128KiB,131072,1024,22e51081397aebb06a1c4c3f85bd08a6e7041a438f4aae416970027e1ddbb24e,measured,10,7092,86059,93151,111,0,0,8192,8191,1,Pass,Pass,15067928572581534229
2,20,23,Acapacity,Acapacity,512KiB,524288,4096,155dfc49f4c05f1087ef002a279acee734e738bc580f2b3925315f95a108242b,measured,10,28987,313301,342288,54,0,0,8192,8191,1,Pass,Pass,192086794746352270
2,20,24,A0,A0,8MiB,8388608,65536,e456d3adf67030c5a168df273f5171ca3e1299e54571d94cca82b117f3cf3aeb,measured,10,1370004,11119330,12489334,130,0,0,8192,8191,1,Pass,Pass,9713268438230653554
2,20,25,A0-dup,A0,2MiB,2097152,16384,6587afedd7c0f949b131311e7425d033a0754a29587f85f26ec370a31fc4edf0,measured,10,126051,1525247,1651298,121,0,0,8192,8191,1,Pass,Pass,7349817109290025153
2,20,26,A0-dup,A0,128KiB,131072,1024,22e51081397aebb06a1c4c3f85bd08a6e7041a438f4aae416970027e1ddbb24e,measured,10,7293,81436,88729,123,0,0,8192,8191,1,Pass,Pass,15067928572581534229
2,20,27,A0,A0,4MiB,4194304,32768,f9dc4b51d64658b088837d5f2a7d485e8eba57daed852c20d443b77cc8137655,measured,10,461156,4201087,4662243,93,0,0,8192,8191,1,Pass,Pass,7876534982476418273
2,20,28,Acapacity,Acapacity,1MiB,1048576,8192,337a179ec729c20c01309d98317f7ca00691d12ca10285b55ade71fb880e191c,measured,10,72039,694289,766328,303,0,0,8192,8191,1,Pass,Pass,16341657278089853397
2,20,29,A0-dup,A0,512KiB,524288,4096,155dfc49f4c05f1087ef002a279acee734e738bc580f2b3925315f95a108242b,measured,10,29527,333314,362841,31,0,0,8192,8191,1,Pass,Pass,192086794746352270
2,20,30,Adrop,Adrop,16MiB,16777216,131072,0c00f8138e0e622f6fc7215fc0f0d135e79bf60450e4c79d30e30624a8842117,measured,10,3034835,20371104,23405939,18728923,1,131072,131072,131071,1,Pass,Pass,7408339909486172793
2,20,31,Adrop,Adrop,8MiB,8388608,65536,e456d3adf67030c5a168df273f5171ca3e1299e54571d94cca82b117f3cf3aeb,measured,10,1413789,9450570,10864359,10043332,1,65536,65536,65535,1,Pass,Pass,9713268438230653554
2,20,32,Adefs,Adefs,1MiB,1048576,8192,337a179ec729c20c01309d98317f7ca00691d12ca10285b55ade71fb880e191c,measured,10,57542,634855,692397,300,0,0,65536,65535,1,Pass,Pass,16341657278089853397
2,20,33,Adefs,Adefs,16MiB,16777216,131072,0c00f8138e0e622f6fc7215fc0f0d135e79bf60450e4c79d30e30624a8842117,measured,10,3035626,22310769,25346395,203,0,0,65536,65535,1,Pass,Pass,7408339909486172793
2,20,34,Acapacity,Acapacity,8MiB,8388608,65536,e456d3adf67030c5a168df273f5171ca3e1299e54571d94cca82b117f3cf3aeb,measured,10,1371762,10838059,12209821,180,0,0,65536,65535,1,Pass,Pass,9713268438230653554
2,20,35,Adrop,Adrop,4MiB,4194304,32768,f9dc4b51d64658b088837d5f2a7d485e8eba57daed852c20d443b77cc8137655,measured,10,398746,3352053,3750799,4502889,1,32768,32768,32767,1,Pass,Pass,7876534982476418273
2,20,36,Adefs,Adefs,256KiB,262144,2048,6f0154469137295abd7b45b25bc83aace599559234fd5f331140bd800c48b670,measured,10,14287,155232,169519,192,0,0,32768,32767,1,Pass,Pass,1126272383489710074
2,20,37,Acapacity,Acapacity,2MiB,2097152,16384,6587afedd7c0f949b131311e7425d033a0754a29587f85f26ec370a31fc4edf0,measured,10,122858,1434718,1557576,463,0,0,32768,32767,1,Pass,Pass,7349817109290025153
2,20,38,A0-dup,A0,256KiB,262144,2048,6f0154469137295abd7b45b25bc83aace599559234fd5f331140bd800c48b670,measured,10,13926,165046,178972,55,0,0,32768,32767,1,Pass,Pass,1126272383489710074
2,20,39,Adefs,Adefs,128KiB,131072,1024,22e51081397aebb06a1c4c3f85bd08a6e7041a438f4aae416970027e1ddbb24e,measured,10,6740,74773,81513,30,0,0,32768,32767,1,Pass,Pass,15067928572581534229
2,21,0,Acapacity,Acapacity,128KiB,131072,1024,22e51081397aebb06a1c4c3f85bd08a6e7041a438f4aae416970027e1ddbb24e,measured,11,6611,77653,84264,42,0,0,32768,32767,1,Pass,Pass,15067928572581534229
2,21,1,A0-dup,A0,1MiB,1048576,8192,337a179ec729c20c01309d98317f7ca00691d12ca10285b55ade71fb880e191c,measured,11,57186,682369,739555,94,0,0,32768,32767,1,Pass,Pass,16341657278089853397
2,21,2,A0-dup,A0,8MiB,8388608,65536,e456d3adf67030c5a168df273f5171ca3e1299e54571d94cca82b117f3cf3aeb,measured,11,1395621,10996012,12391633,391,0,0,32768,32767,1,Pass,Pass,9713268438230653554
2,21,3,Adrop,Adrop,2MiB,2097152,16384,6587afedd7c0f949b131311e7425d033a0754a29587f85f26ec370a31fc4edf0,measured,11,119470,1185758,1305228,1846091,1,16384,16384,16383,1,Pass,Pass,7349817109290025153
2,21,4,Acapacity,Acapacity,256KiB,262144,2048,6f0154469137295abd7b45b25bc83aace599559234fd5f331140bd800c48b670,measured,11,14070,157044,171114,82,0,0,16384,16383,1,Pass,Pass,1126272383489710074
2,21,5,Adefs,Adefs,1MiB,1048576,8192,337a179ec729c20c01309d98317f7ca00691d12ca10285b55ade71fb880e191c,measured,11,57390,603992,661382,106,0,0,16384,16383,1,Pass,Pass,16341657278089853397
2,21,6,A0,A0,4MiB,4194304,32768,f9dc4b51d64658b088837d5f2a7d485e8eba57daed852c20d443b77cc8137655,measured,11,357547,4124019,4481566,95,0,0,16384,16383,1,Pass,Pass,7876534982476418273
2,21,7,Adefs,Adefs,4MiB,4194304,32768,f9dc4b51d64658b088837d5f2a7d485e8eba57daed852c20d443b77cc8137655,measured,11,452279,4398036,4850315,101,0,0,16384,16383,1,Pass,Pass,7876534982476418273
2,21,8,A0,A0,16MiB,16777216,131072,0c00f8138e0e622f6fc7215fc0f0d135e79bf60450e4c79d30e30624a8842117,measured,11,3093506,23540801,26634307,118,0,0,16384,16383,1,Pass,Pass,7408339909486172793
2,21,9,Adrop,Adrop,4MiB,4194304,32768,f9dc4b51d64658b088837d5f2a7d485e8eba57daed852c20d443b77cc8137655,measured,11,376353,3537411,3913764,4072851,1,32768,32768,32767,1,Pass,Pass,7876534982476418273
2,21,10,Acapacity,Acapacity,4MiB,4194304,32768,f9dc4b51d64658b088837d5f2a7d485e8eba57daed852c20d443b77cc8137655,measured,11,354890,4093330,4448220,175,0,0,32768,32767,1,Pass,Pass,7876534982476418273
2,21,11,Adefs,Adefs,128KiB,131072,1024,22e51081397aebb06a1c4c3f85bd08a6e7041a438f4aae416970027e1ddbb24e,measured,11,6974,76664,83638,104,0,0,32768,32767,1,Pass,Pass,15067928572581534229
2,21,12,Adrop,Adrop,512KiB,524288,4096,155dfc49f4c05f1087ef002a279acee734e738bc580f2b3925315f95a108242b,measured,11,28918,259634,288552,315465,1,4096,4096,4095,1,Pass,Pass,192086794746352270
2,21,13,Acapacity,Acapacity,2MiB,2097152,16384,6587afedd7c0f949b131311e7425d033a0754a29587f85f26ec370a31fc4edf0,measured,11,119590,1412629,1532219,175,0,0,4096,4095,1,Pass,Pass,7349817109290025153
2,21,14,Adrop,Adrop,256KiB,262144,2048,6f0154469137295abd7b45b25bc83aace599559234fd5f331140bd800c48b670,measured,11,13877,126042,139919,158580,1,2048,2048,2047,1,Pass,Pass,1126272383489710074
2,21,15,Adrop,Adrop,8MiB,8388608,65536,e456d3adf67030c5a168df273f5171ca3e1299e54571d94cca82b117f3cf3aeb,measured,11,1388518,9318059,10706577,8315247,1,65536,65536,65535,1,Pass,Pass,9713268438230653554
2,21,16,Adefs,Adefs,8MiB,8388608,65536,e456d3adf67030c5a168df273f5171ca3e1299e54571d94cca82b117f3cf3aeb,measured,11,1388792,10193335,11582127,350,0,0,65536,65535,1,Pass,Pass,9713268438230653554
2,21,17,Adefs,Adefs,512KiB,524288,4096,155dfc49f4c05f1087ef002a279acee734e738bc580f2b3925315f95a108242b,measured,11,29156,297498,326654,182,0,0,65536,65535,1,Pass,Pass,192086794746352270
2,21,18,A0-dup,A0,256KiB,262144,2048,6f0154469137295abd7b45b25bc83aace599559234fd5f331140bd800c48b670,measured,11,13726,157583,171309,40,0,0,65536,65535,1,Pass,Pass,1126272383489710074
2,21,19,A0,A0,256KiB,262144,2048,6f0154469137295abd7b45b25bc83aace599559234fd5f331140bd800c48b670,measured,11,13634,159417,173051,45,0,0,65536,65535,1,Pass,Pass,1126272383489710074
2,21,20,Adefs,Adefs,256KiB,262144,2048,6f0154469137295abd7b45b25bc83aace599559234fd5f331140bd800c48b670,measured,11,13822,147796,161618,52,0,0,65536,65535,1,Pass,Pass,1126272383489710074
2,21,21,A0-dup,A0,512KiB,524288,4096,155dfc49f4c05f1087ef002a279acee734e738bc580f2b3925315f95a108242b,measured,11,28625,326583,355208,42,0,0,65536,65535,1,Pass,Pass,192086794746352270
2,21,22,Adefs,Adefs,16MiB,16777216,131072,0c00f8138e0e622f6fc7215fc0f0d135e79bf60450e4c79d30e30624a8842117,measured,11,3037055,21479912,24516967,359,0,0,65536,65535,1,Pass,Pass,7408339909486172793
2,21,23,A0,A0,128KiB,131072,1024,22e51081397aebb06a1c4c3f85bd08a6e7041a438f4aae416970027e1ddbb24e,measured,11,7216,86317,93533,103,0,0,65536,65535,1,Pass,Pass,15067928572581534229
2,21,24,Adrop,Adrop,128KiB,131072,1024,22e51081397aebb06a1c4c3f85bd08a6e7041a438f4aae416970027e1ddbb24e,measured,11,6616,65859,72475,79959,1,1024,1024,1023,1,Pass,Pass,15067928572581534229
2,21,25,A0-dup,A0,2MiB,2097152,16384,6587afedd7c0f949b131311e7425d033a0754a29587f85f26ec370a31fc4edf0,measured,11,119516,1485390,1604906,187,0,0,1024,1023,1,Pass,Pass,7349817109290025153
2,21,26,Adrop,Adrop,16MiB,16777216,131072,0c00f8138e0e622f6fc7215fc0f0d135e79bf60450e4c79d30e30624a8842117,measured,11,3058945,21095815,24154760,18710018,1,131072,131072,131071,1,Pass,Pass,7408339909486172793
2,21,27,Adefs,Adefs,2MiB,2097152,16384,6587afedd7c0f949b131311e7425d033a0754a29587f85f26ec370a31fc4edf0,measured,11,116063,1325597,1441660,287,0,0,131072,131071,1,Pass,Pass,7349817109290025153
2,21,28,Acapacity,Acapacity,512KiB,524288,4096,155dfc49f4c05f1087ef002a279acee734e738bc580f2b3925315f95a108242b,measured,11,29435,313156,342591,47,0,0,131072,131071,1,Pass,Pass,192086794746352270
2,21,29,Adrop,Adrop,1MiB,1048576,8192,337a179ec729c20c01309d98317f7ca00691d12ca10285b55ade71fb880e191c,measured,11,57477,512228,569705,672572,1,8192,8192,8191,1,Pass,Pass,16341657278089853397
2,21,30,A0-dup,A0,16MiB,16777216,131072,0c00f8138e0e622f6fc7215fc0f0d135e79bf60450e4c79d30e30624a8842117,measured,11,3032151,23749677,26781828,595,0,0,8192,8191,1,Pass,Pass,7408339909486172793
2,21,31,A0,A0,1MiB,1048576,8192,337a179ec729c20c01309d98317f7ca00691d12ca10285b55ade71fb880e191c,measured,11,57534,677907,735441,82,0,0,8192,8191,1,Pass,Pass,16341657278089853397
2,21,32,Acapacity,Acapacity,16MiB,16777216,131072,0c00f8138e0e622f6fc7215fc0f0d135e79bf60450e4c79d30e30624a8842117,measured,11,3055749,23120693,26176442,100,0,0,8192,8191,1,Pass,Pass,7408339909486172793
2,21,33,A0-dup,A0,128KiB,131072,1024,22e51081397aebb06a1c4c3f85bd08a6e7041a438f4aae416970027e1ddbb24e,measured,11,7097,87681,94778,107,0,0,8192,8191,1,Pass,Pass,15067928572581534229
2,21,34,Acapacity,Acapacity,1MiB,1048576,8192,337a179ec729c20c01309d98317f7ca00691d12ca10285b55ade71fb880e191c,measured,11,57431,639741,697172,118,0,0,8192,8191,1,Pass,Pass,16341657278089853397
2,21,35,Acapacity,Acapacity,8MiB,8388608,65536,e456d3adf67030c5a168df273f5171ca3e1299e54571d94cca82b117f3cf3aeb,measured,11,1380412,10699617,12080029,122,0,0,8192,8191,1,Pass,Pass,9713268438230653554
2,21,36,A0-dup,A0,4MiB,4194304,32768,f9dc4b51d64658b088837d5f2a7d485e8eba57daed852c20d443b77cc8137655,measured,11,390001,3907798,4297799,92,0,0,8192,8191,1,Pass,Pass,7876534982476418273
2,21,37,A0,A0,8MiB,8388608,65536,e456d3adf67030c5a168df273f5171ca3e1299e54571d94cca82b117f3cf3aeb,measured,11,1370753,11036526,12407279,385,0,0,8192,8191,1,Pass,Pass,9713268438230653554
2,21,38,A0,A0,2MiB,2097152,16384,6587afedd7c0f949b131311e7425d033a0754a29587f85f26ec370a31fc4edf0,measured,11,115871,1439316,1555187,236,0,0,8192,8191,1,Pass,Pass,7349817109290025153
2,21,39,A0,A0,512KiB,524288,4096,155dfc49f4c05f1087ef002a279acee734e738bc580f2b3925315f95a108242b,measured,11,29388,332095,361483,39,0,0,8192,8191,1,Pass,Pass,192086794746352270
2,22,0,Adefs,Adefs,2MiB,2097152,16384,6587afedd7c0f949b131311e7425d033a0754a29587f85f26ec370a31fc4edf0,measured,12,117286,1360562,1477848,92,0,0,8192,8191,1,Pass,Pass,7349817109290025153
2,22,1,A0-dup,A0,512KiB,524288,4096,155dfc49f4c05f1087ef002a279acee734e738bc580f2b3925315f95a108242b,measured,12,29101,314842,343943,86,0,0,8192,8191,1,Pass,Pass,192086794746352270
2,22,2,Adrop,Adrop,256KiB,262144,2048,6f0154469137295abd7b45b25bc83aace599559234fd5f331140bd800c48b670,measured,12,13610,122114,135724,155965,1,2048,2048,2047,1,Pass,Pass,1126272383489710074
2,22,3,A0-dup,A0,1MiB,1048576,8192,337a179ec729c20c01309d98317f7ca00691d12ca10285b55ade71fb880e191c,measured,12,57275,690749,748024,97,0,0,2048,2047,1,Pass,Pass,16341657278089853397
2,22,4,Adefs,Adefs,16MiB,16777216,131072,0c00f8138e0e622f6fc7215fc0f0d135e79bf60450e4c79d30e30624a8842117,measured,12,3098129,21313111,24411240,157,0,0,2048,2047,1,Pass,Pass,7408339909486172793
2,22,5,Adefs,Adefs,1MiB,1048576,8192,337a179ec729c20c01309d98317f7ca00691d12ca10285b55ade71fb880e191c,measured,12,58053,608434,666487,186,0,0,2048,2047,1,Pass,Pass,16341657278089853397
2,22,6,Adefs,Adefs,4MiB,4194304,32768,f9dc4b51d64658b088837d5f2a7d485e8eba57daed852c20d443b77cc8137655,measured,12,358119,3896572,4254691,102,0,0,2048,2047,1,Pass,Pass,7876534982476418273
2,22,7,Adrop,Adrop,128KiB,131072,1024,22e51081397aebb06a1c4c3f85bd08a6e7041a438f4aae416970027e1ddbb24e,measured,12,6973,64376,71349,78947,1,1024,1024,1023,1,Pass,Pass,15067928572581534229
2,22,8,A0,A0,512KiB,524288,4096,155dfc49f4c05f1087ef002a279acee734e738bc580f2b3925315f95a108242b,measured,12,28880,316131,345011,72,0,0,1024,1023,1,Pass,Pass,192086794746352270
2,22,9,A0-dup,A0,128KiB,131072,1024,22e51081397aebb06a1c4c3f85bd08a6e7041a438f4aae416970027e1ddbb24e,measured,12,6483,78745,85228,50,0,0,1024,1023,1,Pass,Pass,15067928572581534229
2,22,10,Adrop,Adrop,512KiB,524288,4096,155dfc49f4c05f1087ef002a279acee734e738bc580f2b3925315f95a108242b,measured,12,28690,251759,280449,317715,1,4096,4096,4095,1,Pass,Pass,192086794746352270
2,22,11,Adrop,Adrop,4MiB,4194304,32768,f9dc4b51d64658b088837d5f2a7d485e8eba57daed852c20d443b77cc8137655,measured,12,350720,3505807,3856527,4245562,1,32768,32768,32767,1,Pass,Pass,7876534982476418273
2,22,12,Acapacity,Acapacity,16MiB,16777216,131072,0c00f8138e0e622f6fc7215fc0f0d135e79bf60450e4c79d30e30624a8842117,measured,12,3034448,22964987,25999435,353,0,0,32768,32767,1,Pass,Pass,7408339909486172793
2,22,13,Adrop,Adrop,16MiB,16777216,131072,0c00f8138e0e622f6fc7215fc0f0d135e79bf60450e4c79d30e30624a8842117,measured,12,3052156,20729183,23781339,19529274,1,131072,131072,131071,1,Pass,Pass,7408339909486172793
2,22,14,A0,A0,1MiB,1048576,8192,337a179ec729c20c01309d98317f7ca00691d12ca10285b55ade71fb880e191c,measured,12,57421,659578,716999,420,0,0,131072,131071,1,Pass,Pass,16341657278089853397
2,22,15,A0-dup,A0,2MiB,2097152,16384,6587afedd7c0f949b131311e7425d033a0754a29587f85f26ec370a31fc4edf0,measured,12,113844,1462747,1576591,92,0,0,131072,131071,1,Pass,Pass,7349817109290025153
2,22,16,Adrop,Adrop,1MiB,1048576,8192,337a179ec729c20c01309d98317f7ca00691d12ca10285b55ade71fb880e191c,measured,12,57778,528487,586265,663762,1,8192,8192,8191,1,Pass,Pass,16341657278089853397
2,22,17,Adefs,Adefs,512KiB,524288,4096,155dfc49f4c05f1087ef002a279acee734e738bc580f2b3925315f95a108242b,measured,12,29449,290984,320433,62,0,0,8192,8191,1,Pass,Pass,192086794746352270
2,22,18,A0,A0,4MiB,4194304,32768,f9dc4b51d64658b088837d5f2a7d485e8eba57daed852c20d443b77cc8137655,measured,12,318773,4077202,4395975,93,0,0,8192,8191,1,Pass,Pass,7876534982476418273
2,22,19,Acapacity,Acapacity,128KiB,131072,1024,22e51081397aebb06a1c4c3f85bd08a6e7041a438f4aae416970027e1ddbb24e,measured,12,7344,80371,87715,30,0,0,8192,8191,1,Pass,Pass,15067928572581534229
2,22,20,A0-dup,A0,4MiB,4194304,32768,f9dc4b51d64658b088837d5f2a7d485e8eba57daed852c20d443b77cc8137655,measured,12,420018,4244208,4664226,93,0,0,8192,8191,1,Pass,Pass,7876534982476418273
2,22,21,Acapacity,Acapacity,8MiB,8388608,65536,e456d3adf67030c5a168df273f5171ca3e1299e54571d94cca82b117f3cf3aeb,measured,12,1350164,10809317,12159481,108,0,0,8192,8191,1,Pass,Pass,9713268438230653554
2,22,22,Adrop,Adrop,2MiB,2097152,16384,6587afedd7c0f949b131311e7425d033a0754a29587f85f26ec370a31fc4edf0,measured,12,115105,1160247,1275352,1934818,1,16384,16384,16383,1,Pass,Pass,7349817109290025153
2,22,23,Acapacity,Acapacity,512KiB,524288,4096,155dfc49f4c05f1087ef002a279acee734e738bc580f2b3925315f95a108242b,measured,12,29263,309568,338831,126,0,0,16384,16383,1,Pass,Pass,192086794746352270
2,22,24,A0-dup,A0,16MiB,16777216,131072,0c00f8138e0e622f6fc7215fc0f0d135e79bf60450e4c79d30e30624a8842117,measured,12,3069207,23844691,26913898,363,0,0,16384,16383,1,Pass,Pass,7408339909486172793
2,22,25,Adefs,Adefs,128KiB,131072,1024,22e51081397aebb06a1c4c3f85bd08a6e7041a438f4aae416970027e1ddbb24e,measured,12,7119,77117,84236,93,0,0,16384,16383,1,Pass,Pass,15067928572581534229
2,22,26,A0,A0,128KiB,131072,1024,22e51081397aebb06a1c4c3f85bd08a6e7041a438f4aae416970027e1ddbb24e,measured,12,6609,84285,90894,31,0,0,16384,16383,1,Pass,Pass,15067928572581534229
2,22,27,A0-dup,A0,256KiB,262144,2048,6f0154469137295abd7b45b25bc83aace599559234fd5f331140bd800c48b670,measured,12,13518,161315,174833,34,0,0,16384,16383,1,Pass,Pass,1126272383489710074
2,22,28,A0,A0,256KiB,262144,2048,6f0154469137295abd7b45b25bc83aace599559234fd5f331140bd800c48b670,measured,12,13735,157775,171510,30,0,0,16384,16383,1,Pass,Pass,1126272383489710074
2,22,29,Adrop,Adrop,8MiB,8388608,65536,e456d3adf67030c5a168df273f5171ca3e1299e54571d94cca82b117f3cf3aeb,measured,12,1398490,9481443,10879933,8326792,1,65536,65536,65535,1,Pass,Pass,9713268438230653554
2,22,30,Acapacity,Acapacity,256KiB,262144,2048,6f0154469137295abd7b45b25bc83aace599559234fd5f331140bd800c48b670,measured,12,14111,158680,172791,192,0,0,65536,65535,1,Pass,Pass,1126272383489710074
2,22,31,A0,A0,8MiB,8388608,65536,e456d3adf67030c5a168df273f5171ca3e1299e54571d94cca82b117f3cf3aeb,measured,12,1384003,11055016,12439019,487,0,0,65536,65535,1,Pass,Pass,9713268438230653554
2,22,32,A0,A0,2MiB,2097152,16384,6587afedd7c0f949b131311e7425d033a0754a29587f85f26ec370a31fc4edf0,measured,12,138774,1471959,1610733,97,0,0,65536,65535,1,Pass,Pass,7349817109290025153
2,22,33,Acapacity,Acapacity,1MiB,1048576,8192,337a179ec729c20c01309d98317f7ca00691d12ca10285b55ade71fb880e191c,measured,12,57651,640172,697823,106,0,0,65536,65535,1,Pass,Pass,16341657278089853397
2,22,34,Acapacity,Acapacity,4MiB,4194304,32768,f9dc4b51d64658b088837d5f2a7d485e8eba57daed852c20d443b77cc8137655,measured,12,355624,4448279,4803903,399,0,0,65536,65535,1,Pass,Pass,7876534982476418273
2,22,35,Adefs,Adefs,256KiB,262144,2048,6f0154469137295abd7b45b25bc83aace599559234fd5f331140bd800c48b670,measured,12,14504,151262,165766,47,0,0,65536,65535,1,Pass,Pass,1126272383489710074
2,22,36,Acapacity,Acapacity,2MiB,2097152,16384,6587afedd7c0f949b131311e7425d033a0754a29587f85f26ec370a31fc4edf0,measured,12,116236,1432421,1548657,255,0,0,65536,65535,1,Pass,Pass,7349817109290025153
2,22,37,A0,A0,16MiB,16777216,131072,0c00f8138e0e622f6fc7215fc0f0d135e79bf60450e4c79d30e30624a8842117,measured,12,3073501,23494850,26568351,278,0,0,65536,65535,1,Pass,Pass,7408339909486172793
2,22,38,A0-dup,A0,8MiB,8388608,65536,e456d3adf67030c5a168df273f5171ca3e1299e54571d94cca82b117f3cf3aeb,measured,12,1368385,10714251,12082636,144,0,0,65536,65535,1,Pass,Pass,9713268438230653554
2,22,39,Adefs,Adefs,8MiB,8388608,65536,e456d3adf67030c5a168df273f5171ca3e1299e54571d94cca82b117f3cf3aeb,measured,12,1335126,10068795,11403921,96,0,0,65536,65535,1,Pass,Pass,9713268438230653554
2,23,0,Adrop,Adrop,8MiB,8388608,65536,e456d3adf67030c5a168df273f5171ca3e1299e54571d94cca82b117f3cf3aeb,measured,13,1399617,9336222,10735839,8090311,1,65536,65536,65535,1,Pass,Pass,9713268438230653554
2,23,1,A0-dup,A0,4MiB,4194304,32768,f9dc4b51d64658b088837d5f2a7d485e8eba57daed852c20d443b77cc8137655,measured,13,483379,4574190,5057569,124,0,0,65536,65535,1,Pass,Pass,7876534982476418273
2,23,2,A0-dup,A0,8MiB,8388608,65536,e456d3adf67030c5a168df273f5171ca3e1299e54571d94cca82b117f3cf3aeb,measured,13,1359882,10836203,12196085,95,0,0,65536,65535,1,Pass,Pass,9713268438230653554
2,23,3,Adefs,Adefs,1MiB,1048576,8192,337a179ec729c20c01309d98317f7ca00691d12ca10285b55ade71fb880e191c,measured,13,57379,671060,728439,219,0,0,65536,65535,1,Pass,Pass,16341657278089853397
2,23,4,Adefs,Adefs,16MiB,16777216,131072,0c00f8138e0e622f6fc7215fc0f0d135e79bf60450e4c79d30e30624a8842117,measured,13,3062218,21253940,24316158,117,0,0,65536,65535,1,Pass,Pass,7408339909486172793
2,23,5,Acapacity,Acapacity,8MiB,8388608,65536,e456d3adf67030c5a168df273f5171ca3e1299e54571d94cca82b117f3cf3aeb,measured,13,1342114,10591938,11934052,384,0,0,65536,65535,1,Pass,Pass,9713268438230653554
2,23,6,A0-dup,A0,256KiB,262144,2048,6f0154469137295abd7b45b25bc83aace599559234fd5f331140bd800c48b670,measured,13,14300,163272,177572,94,0,0,65536,65535,1,Pass,Pass,1126272383489710074
2,23,7,Adefs,Adefs,4MiB,4194304,32768,f9dc4b51d64658b088837d5f2a7d485e8eba57daed852c20d443b77cc8137655,measured,13,444980,4107296,4552276,117,0,0,65536,65535,1,Pass,Pass,7876534982476418273
2,23,8,A0-dup,A0,512KiB,524288,4096,155dfc49f4c05f1087ef002a279acee734e738bc580f2b3925315f95a108242b,measured,13,29449,317067,346516,91,0,0,65536,65535,1,Pass,Pass,192086794746352270
2,23,9,A0,A0,2MiB,2097152,16384,6587afedd7c0f949b131311e7425d033a0754a29587f85f26ec370a31fc4edf0,measured,13,117269,1479738,1597007,111,0,0,65536,65535,1,Pass,Pass,7349817109290025153
2,23,10,A0-dup,A0,128KiB,131072,1024,22e51081397aebb06a1c4c3f85bd08a6e7041a438f4aae416970027e1ddbb24e,measured,13,7037,85656,92693,41,0,0,65536,65535,1,Pass,Pass,15067928572581534229
2,23,11,Acapacity,Acapacity,4MiB,4194304,32768,f9dc4b51d64658b088837d5f2a7d485e8eba57daed852c20d443b77cc8137655,measured,13,457457,4242516,4699973,111,0,0,65536,65535,1,Pass,Pass,7876534982476418273
2,23,12,Adefs,Adefs,128KiB,131072,1024,22e51081397aebb06a1c4c3f85bd08a6e7041a438f4aae416970027e1ddbb24e,measured,13,7058,78538,85596,49,0,0,65536,65535,1,Pass,Pass,15067928572581534229
2,23,13,A0,A0,128KiB,131072,1024,22e51081397aebb06a1c4c3f85bd08a6e7041a438f4aae416970027e1ddbb24e,measured,13,6657,79022,85679,25,0,0,65536,65535,1,Pass,Pass,15067928572581534229
2,23,14,Adefs,Adefs,256KiB,262144,2048,6f0154469137295abd7b45b25bc83aace599559234fd5f331140bd800c48b670,measured,13,13701,148980,162681,49,0,0,65536,65535,1,Pass,Pass,1126272383489710074
2,23,15,Acapacity,Acapacity,2MiB,2097152,16384,6587afedd7c0f949b131311e7425d033a0754a29587f85f26ec370a31fc4edf0,measured,13,116925,1458501,1575426,125,0,0,65536,65535,1,Pass,Pass,7349817109290025153
2,23,16,Adrop,Adrop,4MiB,4194304,32768,f9dc4b51d64658b088837d5f2a7d485e8eba57daed852c20d443b77cc8137655,measured,13,453176,3698803,4151979,4610416,1,32768,32768,32767,1,Pass,Pass,7876534982476418273
2,23,17,Acapacity,Acapacity,256KiB,262144,2048,6f0154469137295abd7b45b25bc83aace599559234fd5f331140bd800c48b670,measured,13,14213,157363,171576,130,0,0,32768,32767,1,Pass,Pass,1126272383489710074
2,23,18,Adrop,Adrop,128KiB,131072,1024,22e51081397aebb06a1c4c3f85bd08a6e7041a438f4aae416970027e1ddbb24e,measured,13,6582,61397,67979,79565,1,1024,1024,1023,1,Pass,Pass,15067928572581534229
2,23,19,A0,A0,8MiB,8388608,65536,e456d3adf67030c5a168df273f5171ca3e1299e54571d94cca82b117f3cf3aeb,measured,13,1370867,10838025,12208892,277,0,0,1024,1023,1,Pass,Pass,9713268438230653554
2,23,20,Adefs,Adefs,512KiB,524288,4096,155dfc49f4c05f1087ef002a279acee734e738bc580f2b3925315f95a108242b,measured,13,28804,306677,335481,33,0,0,1024,1023,1,Pass,Pass,192086794746352270
2,23,21,A0,A0,4MiB,4194304,32768,f9dc4b51d64658b088837d5f2a7d485e8eba57daed852c20d443b77cc8137655,measured,13,418935,4248410,4667345,364,0,0,1024,1023,1,Pass,Pass,7876534982476418273
2,23,22,A0-dup,A0,2MiB,2097152,16384,6587afedd7c0f949b131311e7425d033a0754a29587f85f26ec370a31fc4edf0,measured,13,115566,1427380,1542946,257,0,0,1024,1023,1,Pass,Pass,7349817109290025153
2,23,23,Adrop,Adrop,512KiB,524288,4096,155dfc49f4c05f1087ef002a279acee734e738bc580f2b3925315f95a108242b,measured,13,28996,247308,276304,358591,1,4096,4096,4095,1,Pass,Pass,192086794746352270
2,23,24,Adefs,Adefs,8MiB,8388608,65536,e456d3adf67030c5a168df273f5171ca3e1299e54571d94cca82b117f3cf3aeb,measured,13,1391617,10009055,11400672,112,0,0,4096,4095,1,Pass,Pass,9713268438230653554
2,23,25,A0,A0,16MiB,16777216,131072,0c00f8138e0e622f6fc7215fc0f0d135e79bf60450e4c79d30e30624a8842117,measured,13,3077442,23049155,26126597,127,0,0,4096,4095,1,Pass,Pass,7408339909486172793
2,23,26,A0,A0,1MiB,1048576,8192,337a179ec729c20c01309d98317f7ca00691d12ca10285b55ade71fb880e191c,measured,13,58051,660562,718613,304,0,0,4096,4095,1,Pass,Pass,16341657278089853397
2,23,27,Acapacity,Acapacity,128KiB,131072,1024,22e51081397aebb06a1c4c3f85bd08a6e7041a438f4aae416970027e1ddbb24e,measured,13,6868,77601,84469,34,0,0,4096,4095,1,Pass,Pass,15067928572581534229
2,23,28,Acapacity,Acapacity,1MiB,1048576,8192,337a179ec729c20c01309d98317f7ca00691d12ca10285b55ade71fb880e191c,measured,13,57418,635237,692655,40,0,0,4096,4095,1,Pass,Pass,16341657278089853397
2,23,29,A0,A0,256KiB,262144,2048,6f0154469137295abd7b45b25bc83aace599559234fd5f331140bd800c48b670,measured,13,13838,166033,179871,32,0,0,4096,4095,1,Pass,Pass,1126272383489710074
2,23,30,A0-dup,A0,1MiB,1048576,8192,337a179ec729c20c01309d98317f7ca00691d12ca10285b55ade71fb880e191c,measured,13,62083,657913,719996,31,0,0,4096,4095,1,Pass,Pass,16341657278089853397
2,23,31,A0,A0,512KiB,524288,4096,155dfc49f4c05f1087ef002a279acee734e738bc580f2b3925315f95a108242b,measured,13,29028,326216,355244,30,0,0,4096,4095,1,Pass,Pass,192086794746352270
2,23,32,A0-dup,A0,16MiB,16777216,131072,0c00f8138e0e622f6fc7215fc0f0d135e79bf60450e4c79d30e30624a8842117,measured,13,3289402,25090819,28380221,347,0,0,4096,4095,1,Pass,Pass,7408339909486172793
2,23,33,Adefs,Adefs,2MiB,2097152,16384,6587afedd7c0f949b131311e7425d033a0754a29587f85f26ec370a31fc4edf0,measured,13,113931,1421857,1535788,116,0,0,4096,4095,1,Pass,Pass,7349817109290025153
2,23,34,Acapacity,Acapacity,16MiB,16777216,131072,0c00f8138e0e622f6fc7215fc0f0d135e79bf60450e4c79d30e30624a8842117,measured,13,3085119,23033671,26118790,326,0,0,4096,4095,1,Pass,Pass,7408339909486172793
2,23,35,Adrop,Adrop,16MiB,16777216,131072,0c00f8138e0e622f6fc7215fc0f0d135e79bf60450e4c79d30e30624a8842117,measured,13,3045583,20519792,23565375,19562374,1,131072,131072,131071,1,Pass,Pass,7408339909486172793
2,23,36,Adrop,Adrop,2MiB,2097152,16384,6587afedd7c0f949b131311e7425d033a0754a29587f85f26ec370a31fc4edf0,measured,13,114729,1198639,1313368,2000219,1,16384,16384,16383,1,Pass,Pass,7349817109290025153
2,23,37,Adrop,Adrop,256KiB,262144,2048,6f0154469137295abd7b45b25bc83aace599559234fd5f331140bd800c48b670,measured,13,14561,125881,140442,153695,1,2048,2048,2047,1,Pass,Pass,1126272383489710074
2,23,38,Adrop,Adrop,1MiB,1048576,8192,337a179ec729c20c01309d98317f7ca00691d12ca10285b55ade71fb880e191c,measured,13,57137,515571,572708,654308,1,8192,8192,8191,1,Pass,Pass,16341657278089853397
2,23,39,Acapacity,Acapacity,512KiB,524288,4096,155dfc49f4c05f1087ef002a279acee734e738bc580f2b3925315f95a108242b,measured,13,28943,306571,335514,82,0,0,8192,8191,1,Pass,Pass,192086794746352270
2,24,0,Adrop,Adrop,4MiB,4194304,32768,f9dc4b51d64658b088837d5f2a7d485e8eba57daed852c20d443b77cc8137655,measured,14,466935,3684956,4151891,4479340,1,32768,32768,32767,1,Pass,Pass,7876534982476418273
2,24,1,A0,A0,512KiB,524288,4096,155dfc49f4c05f1087ef002a279acee734e738bc580f2b3925315f95a108242b,measured,14,29103,317992,347095,259,0,0,32768,32767,1,Pass,Pass,192086794746352270
2,24,2,Adrop,Adrop,8MiB,8388608,65536,e456d3adf67030c5a168df273f5171ca3e1299e54571d94cca82b117f3cf3aeb,measured,14,1382378,9358025,10740403,10068764,1,65536,65536,65535,1,Pass,Pass,9713268438230653554
2,24,3,A0,A0,2MiB,2097152,16384,6587afedd7c0f949b131311e7425d033a0754a29587f85f26ec370a31fc4edf0,measured,14,120970,1477501,1598471,125,0,0,65536,65535,1,Pass,Pass,7349817109290025153
2,24,4,Acapacity,Acapacity,1MiB,1048576,8192,337a179ec729c20c01309d98317f7ca00691d12ca10285b55ade71fb880e191c,measured,14,57355,640858,698213,161,0,0,65536,65535,1,Pass,Pass,16341657278089853397
2,24,5,Adrop,Adrop,1MiB,1048576,8192,337a179ec729c20c01309d98317f7ca00691d12ca10285b55ade71fb880e191c,measured,14,57833,538094,595927,645750,1,8192,8192,8191,1,Pass,Pass,16341657278089853397
2,24,6,Adrop,Adrop,128KiB,131072,1024,22e51081397aebb06a1c4c3f85bd08a6e7041a438f4aae416970027e1ddbb24e,measured,14,6867,62091,68958,77076,1,1024,1024,1023,1,Pass,Pass,15067928572581534229
2,24,7,Acapacity,Acapacity,128KiB,131072,1024,22e51081397aebb06a1c4c3f85bd08a6e7041a438f4aae416970027e1ddbb24e,measured,14,6571,80652,87223,87,0,0,1024,1023,1,Pass,Pass,15067928572581534229
2,24,8,A0,A0,16MiB,16777216,131072,0c00f8138e0e622f6fc7215fc0f0d135e79bf60450e4c79d30e30624a8842117,measured,14,3078991,23604077,26683068,131,0,0,1024,1023,1,Pass,Pass,7408339909486172793
2,24,9,Acapacity,Acapacity,16MiB,16777216,131072,0c00f8138e0e622f6fc7215fc0f0d135e79bf60450e4c79d30e30624a8842117,measured,14,3092481,23451931,26544412,130,0,0,1024,1023,1,Pass,Pass,7408339909486172793
2,24,10,Adefs,Adefs,512KiB,524288,4096,155dfc49f4c05f1087ef002a279acee734e738bc580f2b3925315f95a108242b,measured,14,29810,308500,338310,101,0,0,1024,1023,1,Pass,Pass,192086794746352270
2,24,11,Adefs,Adefs,256KiB,262144,2048,6f0154469137295abd7b45b25bc83aace599559234fd5f331140bd800c48b670,measured,14,13974,145321,159295,31,0,0,1024,1023,1,Pass,Pass,1126272383489710074
2,24,12,Acapacity,Acapacity,2MiB,2097152,16384,6587afedd7c0f949b131311e7425d033a0754a29587f85f26ec370a31fc4edf0,measured,14,122443,1448395,1570838,358,0,0,1024,1023,1,Pass,Pass,7349817109290025153
2,24,13,A0-dup,A0,2MiB,2097152,16384,6587afedd7c0f949b131311e7425d033a0754a29587f85f26ec370a31fc4edf0,measured,14,118971,1472139,1591110,99,0,0,1024,1023,1,Pass,Pass,7349817109290025153
2,24,14,Acapacity,Acapacity,512KiB,524288,4096,155dfc49f4c05f1087ef002a279acee734e738bc580f2b3925315f95a108242b,measured,14,29367,312311,341678,31,0,0,1024,1023,1,Pass,Pass,192086794746352270
2,24,15,A0-dup,A0,4MiB,4194304,32768,f9dc4b51d64658b088837d5f2a7d485e8eba57daed852c20d443b77cc8137655,measured,14,503948,4376090,4880038,424,0,0,1024,1023,1,Pass,Pass,7876534982476418273
2,24,16,A0-dup,A0,512KiB,524288,4096,155dfc49f4c05f1087ef002a279acee734e738bc580f2b3925315f95a108242b,measured,14,29096,324056,353152,82,0,0,1024,1023,1,Pass,Pass,192086794746352270
2,24,17,Adrop,Adrop,512KiB,524288,4096,155dfc49f4c05f1087ef002a279acee734e738bc580f2b3925315f95a108242b,measured,14,28957,246242,275199,322321,1,4096,4096,4095,1,Pass,Pass,192086794746352270
2,24,18,Adefs,Adefs,2MiB,2097152,16384,6587afedd7c0f949b131311e7425d033a0754a29587f85f26ec370a31fc4edf0,measured,14,123132,1375064,1498196,175,0,0,4096,4095,1,Pass,Pass,7349817109290025153
2,24,19,Adefs,Adefs,128KiB,131072,1024,22e51081397aebb06a1c4c3f85bd08a6e7041a438f4aae416970027e1ddbb24e,measured,14,10329,77380,87709,41,0,0,4096,4095,1,Pass,Pass,15067928572581534229
2,24,20,A0-dup,A0,128KiB,131072,1024,22e51081397aebb06a1c4c3f85bd08a6e7041a438f4aae416970027e1ddbb24e,measured,14,6550,81539,88089,41,0,0,4096,4095,1,Pass,Pass,15067928572581534229
2,24,21,A0,A0,256KiB,262144,2048,6f0154469137295abd7b45b25bc83aace599559234fd5f331140bd800c48b670,measured,14,13663,164368,178031,42,0,0,4096,4095,1,Pass,Pass,1126272383489710074
2,24,22,A0-dup,A0,16MiB,16777216,131072,0c00f8138e0e622f6fc7215fc0f0d135e79bf60450e4c79d30e30624a8842117,measured,14,3088659,23672378,26761037,123,0,0,4096,4095,1,Pass,Pass,7408339909486172793
2,24,23,Adefs,Adefs,4MiB,4194304,32768,f9dc4b51d64658b088837d5f2a7d485e8eba57daed852c20d443b77cc8137655,measured,14,423289,4058962,4482251,114,0,0,4096,4095,1,Pass,Pass,7876534982476418273
2,24,24,A0,A0,4MiB,4194304,32768,f9dc4b51d64658b088837d5f2a7d485e8eba57daed852c20d443b77cc8137655,measured,14,438995,4345859,4784854,112,0,0,4096,4095,1,Pass,Pass,7876534982476418273
2,24,25,A0-dup,A0,256KiB,262144,2048,6f0154469137295abd7b45b25bc83aace599559234fd5f331140bd800c48b670,measured,14,14336,163624,177960,100,0,0,4096,4095,1,Pass,Pass,1126272383489710074
2,24,26,Adefs,Adefs,16MiB,16777216,131072,0c00f8138e0e622f6fc7215fc0f0d135e79bf60450e4c79d30e30624a8842117,measured,14,3078818,21144590,24223408,440,0,0,4096,4095,1,Pass,Pass,7408339909486172793
2,24,27,Acapacity,Acapacity,256KiB,262144,2048,6f0154469137295abd7b45b25bc83aace599559234fd5f331140bd800c48b670,measured,14,13966,159077,173043,116,0,0,4096,4095,1,Pass,Pass,1126272383489710074
2,24,28,Adefs,Adefs,1MiB,1048576,8192,337a179ec729c20c01309d98317f7ca00691d12ca10285b55ade71fb880e191c,measured,14,57150,605565,662715,43,0,0,4096,4095,1,Pass,Pass,16341657278089853397
2,24,29,A0-dup,A0,8MiB,8388608,65536,e456d3adf67030c5a168df273f5171ca3e1299e54571d94cca82b117f3cf3aeb,measured,14,1368682,10942611,12311293,193,0,0,4096,4095,1,Pass,Pass,9713268438230653554
2,24,30,Adefs,Adefs,8MiB,8388608,65536,e456d3adf67030c5a168df273f5171ca3e1299e54571d94cca82b117f3cf3aeb,measured,14,1318195,10093478,11411673,107,0,0,4096,4095,1,Pass,Pass,9713268438230653554
2,24,31,Adrop,Adrop,2MiB,2097152,16384,6587afedd7c0f949b131311e7425d033a0754a29587f85f26ec370a31fc4edf0,measured,14,115472,1218269,1333741,1645850,1,16384,16384,16383,1,Pass,Pass,7349817109290025153
2,24,32,Adrop,Adrop,16MiB,16777216,131072,0c00f8138e0e622f6fc7215fc0f0d135e79bf60450e4c79d30e30624a8842117,measured,14,3095655,20534959,23630614,18583912,1,131072,131072,131071,1,Pass,Pass,7408339909486172793
2,24,33,Adrop,Adrop,256KiB,262144,2048,6f0154469137295abd7b45b25bc83aace599559234fd5f331140bd800c48b670,measured,14,14157,132873,147030,151443,1,2048,2048,2047,1,Pass,Pass,1126272383489710074
2,24,34,Acapacity,Acapacity,8MiB,8388608,65536,e456d3adf67030c5a168df273f5171ca3e1299e54571d94cca82b117f3cf3aeb,measured,14,1350321,10599780,11950101,513,0,0,2048,2047,1,Pass,Pass,9713268438230653554
2,24,35,A0,A0,128KiB,131072,1024,22e51081397aebb06a1c4c3f85bd08a6e7041a438f4aae416970027e1ddbb24e,measured,14,7102,82462,89564,97,0,0,2048,2047,1,Pass,Pass,15067928572581534229
2,24,36,A0,A0,1MiB,1048576,8192,337a179ec729c20c01309d98317f7ca00691d12ca10285b55ade71fb880e191c,measured,14,57520,656436,713956,155,0,0,2048,2047,1,Pass,Pass,16341657278089853397
2,24,37,Acapacity,Acapacity,4MiB,4194304,32768,f9dc4b51d64658b088837d5f2a7d485e8eba57daed852c20d443b77cc8137655,measured,14,477056,4334314,4811370,124,0,0,2048,2047,1,Pass,Pass,7876534982476418273
2,24,38,A0-dup,A0,1MiB,1048576,8192,337a179ec729c20c01309d98317f7ca00691d12ca10285b55ade71fb880e191c,measured,14,59220,665541,724761,155,0,0,2048,2047,1,Pass,Pass,16341657278089853397
2,24,39,A0,A0,8MiB,8388608,65536,e456d3adf67030c5a168df273f5171ca3e1299e54571d94cca82b117f3cf3aeb,measured,14,1372703,10757371,12130074,200,0,0,2048,2047,1,Pass,Pass,9713268438230653554
2,25,0,Acapacity,Acapacity,256KiB,262144,2048,6f0154469137295abd7b45b25bc83aace599559234fd5f331140bd800c48b670,measured,15,13875,158508,172383,407,0,0,2048,2047,1,Pass,Pass,1126272383489710074
2,25,1,Adefs,Adefs,512KiB,524288,4096,155dfc49f4c05f1087ef002a279acee734e738bc580f2b3925315f95a108242b,measured,15,28785,302280,331065,49,0,0,2048,2047,1,Pass,Pass,192086794746352270
2,25,2,Adrop,Adrop,1MiB,1048576,8192,337a179ec729c20c01309d98317f7ca00691d12ca10285b55ade71fb880e191c,measured,15,57509,558850,616359,660782,1,8192,8192,8191,1,Pass,Pass,16341657278089853397
2,25,3,Adefs,Adefs,2MiB,2097152,16384,6587afedd7c0f949b131311e7425d033a0754a29587f85f26ec370a31fc4edf0,measured,15,124534,1371167,1495701,132,0,0,8192,8191,1,Pass,Pass,7349817109290025153
2,25,4,Acapacity,Acapacity,16MiB,16777216,131072,0c00f8138e0e622f6fc7215fc0f0d135e79bf60450e4c79d30e30624a8842117,measured,15,3074436,22692551,25766987,194,0,0,8192,8191,1,Pass,Pass,7408339909486172793
2,25,5,A0-dup,A0,8MiB,8388608,65536,e456d3adf67030c5a168df273f5171ca3e1299e54571d94cca82b117f3cf3aeb,measured,15,1365140,10718368,12083508,534,0,0,8192,8191,1,Pass,Pass,9713268438230653554
2,25,6,A0,A0,2MiB,2097152,16384,6587afedd7c0f949b131311e7425d033a0754a29587f85f26ec370a31fc4edf0,measured,15,114504,1485349,1599853,306,0,0,8192,8191,1,Pass,Pass,7349817109290025153
2,25,7,Acapacity,Acapacity,512KiB,524288,4096,155dfc49f4c05f1087ef002a279acee734e738bc580f2b3925315f95a108242b,measured,15,29307,309223,338530,54,0,0,8192,8191,1,Pass,Pass,192086794746352270
2,25,8,Adefs,Adefs,128KiB,131072,1024,22e51081397aebb06a1c4c3f85bd08a6e7041a438f4aae416970027e1ddbb24e,measured,15,6553,76141,82694,70,0,0,8192,8191,1,Pass,Pass,15067928572581534229
2,25,9,A0-dup,A0,128KiB,131072,1024,22e51081397aebb06a1c4c3f85bd08a6e7041a438f4aae416970027e1ddbb24e,measured,15,6576,81280,87856,54,0,0,8192,8191,1,Pass,Pass,15067928572581534229
2,25,10,A0,A0,16MiB,16777216,131072,0c00f8138e0e622f6fc7215fc0f0d135e79bf60450e4c79d30e30624a8842117,measured,15,3086390,23052901,26139291,398,0,0,8192,8191,1,Pass,Pass,7408339909486172793
2,25,11,Adrop,Adrop,512KiB,524288,4096,155dfc49f4c05f1087ef002a279acee734e738bc580f2b3925315f95a108242b,measured,15,29465,265904,295369,320946,1,4096,4096,4095,1,Pass,Pass,192086794746352270
2,25,12,Acapacity,Acapacity,4MiB,4194304,32768,f9dc4b51d64658b088837d5f2a7d485e8eba57daed852c20d443b77cc8137655,measured,15,394729,4005380,4400109,279,0,0,4096,4095,1,Pass,Pass,7876534982476418273
2,25,13,Adrop,Adrop,8MiB,8388608,65536,e456d3adf67030c5a168df273f5171ca3e1299e54571d94cca82b117f3cf3aeb,measured,15,1361316,9290930,10652246,9192919,1,65536,65536,65535,1,Pass,Pass,9713268438230653554
2,25,14,Adefs,Adefs,16MiB,16777216,131072,0c00f8138e0e622f6fc7215fc0f0d135e79bf60450e4c79d30e30624a8842117,measured,15,3081526,20923024,24004550,123,0,0,65536,65535,1,Pass,Pass,7408339909486172793
2,25,15,Adrop,Adrop,256KiB,262144,2048,6f0154469137295abd7b45b25bc83aace599559234fd5f331140bd800c48b670,measured,15,14104,129481,143585,151360,1,2048,2048,2047,1,Pass,Pass,1126272383489710074
2,25,16,Acapacity,Acapacity,8MiB,8388608,65536,e456d3adf67030c5a168df273f5171ca3e1299e54571d94cca82b117f3cf3aeb,measured,15,1370932,10737113,12108045,277,0,0,2048,2047,1,Pass,Pass,9713268438230653554
2,25,17,A0-dup,A0,2MiB,2097152,16384,6587afedd7c0f949b131311e7425d033a0754a29587f85f26ec370a31fc4edf0,measured,15,122983,1471709,1594692,96,0,0,2048,2047,1,Pass,Pass,7349817109290025153
2,25,18,A0,A0,4MiB,4194304,32768,f9dc4b51d64658b088837d5f2a7d485e8eba57daed852c20d443b77cc8137655,measured,15,524164,4351008,4875172,252,0,0,2048,2047,1,Pass,Pass,7876534982476418273
2,25,19,Adrop,Adrop,2MiB,2097152,16384,6587afedd7c0f949b131311e7425d033a0754a29587f85f26ec370a31fc4edf0,measured,15,116905,1222013,1338918,1987093,1,16384,16384,16383,1,Pass,Pass,7349817109290025153
2,25,20,A0-dup,A0,16MiB,16777216,131072,0c00f8138e0e622f6fc7215fc0f0d135e79bf60450e4c79d30e30624a8842117,measured,15,3087596,23416441,26504037,212,0,0,16384,16383,1,Pass,Pass,7408339909486172793
2,25,21,Adefs,Adefs,256KiB,262144,2048,6f0154469137295abd7b45b25bc83aace599559234fd5f331140bd800c48b670,measured,15,14143,152634,166777,215,0,0,16384,16383,1,Pass,Pass,1126272383489710074
2,25,22,A0,A0,8MiB,8388608,65536,e456d3adf67030c5a168df273f5171ca3e1299e54571d94cca82b117f3cf3aeb,measured,15,1401508,10825286,12226794,401,0,0,16384,16383,1,Pass,Pass,9713268438230653554
2,25,23,Adefs,Adefs,1MiB,1048576,8192,337a179ec729c20c01309d98317f7ca00691d12ca10285b55ade71fb880e191c,measured,15,57630,602737,660367,86,0,0,16384,16383,1,Pass,Pass,16341657278089853397
2,25,24,A0,A0,256KiB,262144,2048,6f0154469137295abd7b45b25bc83aace599559234fd5f331140bd800c48b670,measured,15,13925,158655,172580,48,0,0,16384,16383,1,Pass,Pass,1126272383489710074
2,25,25,Adefs,Adefs,4MiB,4194304,32768,f9dc4b51d64658b088837d5f2a7d485e8eba57daed852c20d443b77cc8137655,measured,15,511050,4120245,4631295,256,0,0,16384,16383,1,Pass,Pass,7876534982476418273
2,25,26,A0-dup,A0,4MiB,4194304,32768,f9dc4b51d64658b088837d5f2a7d485e8eba57daed852c20d443b77cc8137655,measured,15,379873,4230145,4610018,157,0,0,16384,16383,1,Pass,Pass,7876534982476418273
2,25,27,Acapacity,Acapacity,1MiB,1048576,8192,337a179ec729c20c01309d98317f7ca00691d12ca10285b55ade71fb880e191c,measured,15,57873,638643,696516,98,0,0,16384,16383,1,Pass,Pass,16341657278089853397
2,25,28,Acapacity,Acapacity,2MiB,2097152,16384,6587afedd7c0f949b131311e7425d033a0754a29587f85f26ec370a31fc4edf0,measured,15,127198,1507116,1634314,502,0,0,16384,16383,1,Pass,Pass,7349817109290025153
2,25,29,Acapacity,Acapacity,128KiB,131072,1024,22e51081397aebb06a1c4c3f85bd08a6e7041a438f4aae416970027e1ddbb24e,measured,15,6993,80156,87149,287,0,0,16384,16383,1,Pass,Pass,15067928572581534229
2,25,30,A0-dup,A0,1MiB,1048576,8192,337a179ec729c20c01309d98317f7ca00691d12ca10285b55ade71fb880e191c,measured,15,58209,682802,741011,263,0,0,16384,16383,1,Pass,Pass,16341657278089853397
2,25,31,A0-dup,A0,256KiB,262144,2048,6f0154469137295abd7b45b25bc83aace599559234fd5f331140bd800c48b670,measured,15,13968,158451,172419,29,0,0,16384,16383,1,Pass,Pass,1126272383489710074
2,25,32,Adrop,Adrop,16MiB,16777216,131072,0c00f8138e0e622f6fc7215fc0f0d135e79bf60450e4c79d30e30624a8842117,measured,15,3063550,20456382,23519932,19138250,1,131072,131072,131071,1,Pass,Pass,7408339909486172793
2,25,33,A0,A0,512KiB,524288,4096,155dfc49f4c05f1087ef002a279acee734e738bc580f2b3925315f95a108242b,measured,15,29124,333168,362292,285,0,0,131072,131071,1,Pass,Pass,192086794746352270
2,25,34,A0,A0,128KiB,131072,1024,22e51081397aebb06a1c4c3f85bd08a6e7041a438f4aae416970027e1ddbb24e,measured,15,6562,79061,85623,41,0,0,131072,131071,1,Pass,Pass,15067928572581534229
2,25,35,Adrop,Adrop,128KiB,131072,1024,22e51081397aebb06a1c4c3f85bd08a6e7041a438f4aae416970027e1ddbb24e,measured,15,6736,61358,68094,80801,1,1024,1024,1023,1,Pass,Pass,15067928572581534229
2,25,36,Adrop,Adrop,4MiB,4194304,32768,f9dc4b51d64658b088837d5f2a7d485e8eba57daed852c20d443b77cc8137655,measured,15,490831,3599570,4090401,4349526,1,32768,32768,32767,1,Pass,Pass,7876534982476418273
2,25,37,A0-dup,A0,512KiB,524288,4096,155dfc49f4c05f1087ef002a279acee734e738bc580f2b3925315f95a108242b,measured,15,29518,315267,344785,97,0,0,32768,32767,1,Pass,Pass,192086794746352270
2,25,38,A0,A0,1MiB,1048576,8192,337a179ec729c20c01309d98317f7ca00691d12ca10285b55ade71fb880e191c,measured,15,57280,674976,732256,89,0,0,32768,32767,1,Pass,Pass,16341657278089853397
2,25,39,Adefs,Adefs,8MiB,8388608,65536,e456d3adf67030c5a168df273f5171ca3e1299e54571d94cca82b117f3cf3aeb,measured,15,1423445,10607580,12031025,126,0,0,32768,32767,1,Pass,Pass,9713268438230653554
2,26,0,Acapacity,Acapacity,2MiB,2097152,16384,6587afedd7c0f949b131311e7425d033a0754a29587f85f26ec370a31fc4edf0,measured,16,121057,1448834,1569891,129,0,0,32768,32767,1,Pass,Pass,7349817109290025153
2,26,1,Adrop,Adrop,512KiB,524288,4096,155dfc49f4c05f1087ef002a279acee734e738bc580f2b3925315f95a108242b,measured,16,29090,260421,289511,316643,1,4096,4096,4095,1,Pass,Pass,192086794746352270
2,26,2,Adrop,Adrop,2MiB,2097152,16384,6587afedd7c0f949b131311e7425d033a0754a29587f85f26ec370a31fc4edf0,measured,16,114737,1145919,1260656,1806593,1,16384,16384,16383,1,Pass,Pass,7349817109290025153
2,26,3,Adrop,Adrop,128KiB,131072,1024,22e51081397aebb06a1c4c3f85bd08a6e7041a438f4aae416970027e1ddbb24e,measured,16,6943,63666,70609,76719,1,1024,1024,1023,1,Pass,Pass,15067928572581534229
2,26,4,Adefs,Adefs,8MiB,8388608,65536,e456d3adf67030c5a168df273f5171ca3e1299e54571d94cca82b117f3cf3aeb,measured,16,1366224,9983794,11350018,305,0,0,1024,1023,1,Pass,Pass,9713268438230653554
2,26,5,A0-dup,A0,16MiB,16777216,131072,0c00f8138e0e622f6fc7215fc0f0d135e79bf60450e4c79d30e30624a8842117,measured,16,3085546,23247715,26333261,276,0,0,1024,1023,1,Pass,Pass,7408339909486172793
2,26,6,Acapacity,Acapacity,16MiB,16777216,131072,0c00f8138e0e622f6fc7215fc0f0d135e79bf60450e4c79d30e30624a8842117,measured,16,3039240,23136261,26175501,117,0,0,1024,1023,1,Pass,Pass,7408339909486172793
2,26,7,A0,A0,256KiB,262144,2048,6f0154469137295abd7b45b25bc83aace599559234fd5f331140bd800c48b670,measured,16,14159,163298,177457,98,0,0,1024,1023,1,Pass,Pass,1126272383489710074
2,26,8,Adrop,Adrop,1MiB,1048576,8192,337a179ec729c20c01309d98317f7ca00691d12ca10285b55ade71fb880e191c,measured,16,57492,552604,610096,657227,1,8192,8192,8191,1,Pass,Pass,16341657278089853397
2,26,9,Adrop,Adrop,4MiB,4194304,32768,f9dc4b51d64658b088837d5f2a7d485e8eba57daed852c20d443b77cc8137655,measured,16,469464,3745648,4215112,4542051,1,32768,32768,32767,1,Pass,Pass,7876534982476418273
2,26,10,Acapacity,Acapacity,8MiB,8388608,65536,e456d3adf67030c5a168df273f5171ca3e1299e54571d94cca82b117f3cf3aeb,measured,16,1362860,10810417,12173277,293,0,0,32768,32767,1,Pass,Pass,9713268438230653554
2,26,11,A0,A0,16MiB,16777216,131072,0c00f8138e0e622f6fc7215fc0f0d135e79bf60450e4c79d30e30624a8842117,measured,16,3069303,23600705,26670008,345,0,0,32768,32767,1,Pass,Pass,7408339909486172793
2,26,12,A0,A0,4MiB,4194304,32768,f9dc4b51d64658b088837d5f2a7d485e8eba57daed852c20d443b77cc8137655,measured,16,334299,4254838,4589137,118,0,0,32768,32767,1,Pass,Pass,7876534982476418273
2,26,13,Adrop,Adrop,8MiB,8388608,65536,e456d3adf67030c5a168df273f5171ca3e1299e54571d94cca82b117f3cf3aeb,measured,16,1388862,9324053,10712915,8518954,1,65536,65536,65535,1,Pass,Pass,9713268438230653554
2,26,14,Adefs,Adefs,16MiB,16777216,131072,0c00f8138e0e622f6fc7215fc0f0d135e79bf60450e4c79d30e30624a8842117,measured,16,3092334,19662664,22754998,223,0,0,65536,65535,1,Pass,Pass,7408339909486172793
2,26,15,Adefs,Adefs,1MiB,1048576,8192,337a179ec729c20c01309d98317f7ca00691d12ca10285b55ade71fb880e191c,measured,16,57615,602029,659644,362,0,0,65536,65535,1,Pass,Pass,16341657278089853397
2,26,16,Adefs,Adefs,512KiB,524288,4096,155dfc49f4c05f1087ef002a279acee734e738bc580f2b3925315f95a108242b,measured,16,28915,303946,332861,32,0,0,65536,65535,1,Pass,Pass,192086794746352270
2,26,17,A0-dup,A0,512KiB,524288,4096,155dfc49f4c05f1087ef002a279acee734e738bc580f2b3925315f95a108242b,measured,16,28511,318569,347080,30,0,0,65536,65535,1,Pass,Pass,192086794746352270
2,26,18,A0,A0,2MiB,2097152,16384,6587afedd7c0f949b131311e7425d033a0754a29587f85f26ec370a31fc4edf0,measured,16,119335,1470892,1590227,321,0,0,65536,65535,1,Pass,Pass,7349817109290025153
2,26,19,Acapacity,Acapacity,128KiB,131072,1024,22e51081397aebb06a1c4c3f85bd08a6e7041a438f4aae416970027e1ddbb24e,measured,16,7085,84070,91155,47,0,0,65536,65535,1,Pass,Pass,15067928572581534229
2,26,20,Adefs,Adefs,2MiB,2097152,16384,6587afedd7c0f949b131311e7425d033a0754a29587f85f26ec370a31fc4edf0,measured,16,115630,1350757,1466387,94,0,0,65536,65535,1,Pass,Pass,7349817109290025153
2,26,21,Adefs,Adefs,4MiB,4194304,32768,f9dc4b51d64658b088837d5f2a7d485e8eba57daed852c20d443b77cc8137655,measured,16,580245,4407428,4987673,393,0,0,65536,65535,1,Pass,Pass,7876534982476418273
2,26,22,A0-dup,A0,128KiB,131072,1024,22e51081397aebb06a1c4c3f85bd08a6e7041a438f4aae416970027e1ddbb24e,measured,16,7152,82461,89613,98,0,0,65536,65535,1,Pass,Pass,15067928572581534229
2,26,23,A0-dup,A0,4MiB,4194304,32768,f9dc4b51d64658b088837d5f2a7d485e8eba57daed852c20d443b77cc8137655,measured,16,540908,4245783,4786691,93,0,0,65536,65535,1,Pass,Pass,7876534982476418273
2,26,24,A0,A0,8MiB,8388608,65536,e456d3adf67030c5a168df273f5171ca3e1299e54571d94cca82b117f3cf3aeb,measured,16,1362204,10803094,12165298,233,0,0,65536,65535,1,Pass,Pass,9713268438230653554
2,26,25,Acapacity,Acapacity,512KiB,524288,4096,155dfc49f4c05f1087ef002a279acee734e738bc580f2b3925315f95a108242b,measured,16,28891,312834,341725,82,0,0,65536,65535,1,Pass,Pass,192086794746352270
2,26,26,Acapacity,Acapacity,4MiB,4194304,32768,f9dc4b51d64658b088837d5f2a7d485e8eba57daed852c20d443b77cc8137655,measured,16,467940,4367270,4835210,96,0,0,65536,65535,1,Pass,Pass,7876534982476418273
2,26,27,A0-dup,A0,1MiB,1048576,8192,337a179ec729c20c01309d98317f7ca00691d12ca10285b55ade71fb880e191c,measured,16,59698,692549,752247,87,0,0,65536,65535,1,Pass,Pass,16341657278089853397
2,26,28,A0,A0,1MiB,1048576,8192,337a179ec729c20c01309d98317f7ca00691d12ca10285b55ade71fb880e191c,measured,16,59679,731520,791199,105,0,0,65536,65535,1,Pass,Pass,16341657278089853397
2,26,29,Adrop,Adrop,256KiB,262144,2048,6f0154469137295abd7b45b25bc83aace599559234fd5f331140bd800c48b670,measured,16,14041,129239,143280,179163,1,2048,2048,2047,1,Pass,Pass,1126272383489710074
2,26,30,A0-dup,A0,256KiB,262144,2048,6f0154469137295abd7b45b25bc83aace599559234fd5f331140bd800c48b670,measured,16,13899,160597,174496,73,0,0,2048,2047,1,Pass,Pass,1126272383489710074
2,26,31,A0-dup,A0,8MiB,8388608,65536,e456d3adf67030c5a168df273f5171ca3e1299e54571d94cca82b117f3cf3aeb,measured,16,1379686,10820199,12199885,135,0,0,2048,2047,1,Pass,Pass,9713268438230653554
2,26,32,A0,A0,512KiB,524288,4096,155dfc49f4c05f1087ef002a279acee734e738bc580f2b3925315f95a108242b,measured,16,29314,325234,354548,117,0,0,2048,2047,1,Pass,Pass,192086794746352270
2,26,33,A0-dup,A0,2MiB,2097152,16384,6587afedd7c0f949b131311e7425d033a0754a29587f85f26ec370a31fc4edf0,measured,16,118915,1442299,1561214,152,0,0,2048,2047,1,Pass,Pass,7349817109290025153
2,26,34,Adrop,Adrop,16MiB,16777216,131072,0c00f8138e0e622f6fc7215fc0f0d135e79bf60450e4c79d30e30624a8842117,measured,16,3072024,20293414,23365438,19214738,1,131072,131072,131071,1,Pass,Pass,7408339909486172793
2,26,35,Adefs,Adefs,256KiB,262144,2048,6f0154469137295abd7b45b25bc83aace599559234fd5f331140bd800c48b670,measured,16,14342,151644,165986,171,0,0,131072,131071,1,Pass,Pass,1126272383489710074
2,26,36,Adefs,Adefs,128KiB,131072,1024,22e51081397aebb06a1c4c3f85bd08a6e7041a438f4aae416970027e1ddbb24e,measured,16,6556,74032,80588,43,0,0,131072,131071,1,Pass,Pass,15067928572581534229
2,26,37,Acapacity,Acapacity,1MiB,1048576,8192,337a179ec729c20c01309d98317f7ca00691d12ca10285b55ade71fb880e191c,measured,16,57407,646061,703468,284,0,0,131072,131071,1,Pass,Pass,16341657278089853397
2,26,38,Acapacity,Acapacity,256KiB,262144,2048,6f0154469137295abd7b45b25bc83aace599559234fd5f331140bd800c48b670,measured,16,13810,154959,168769,43,0,0,131072,131071,1,Pass,Pass,1126272383489710074
2,26,39,A0,A0,128KiB,131072,1024,22e51081397aebb06a1c4c3f85bd08a6e7041a438f4aae416970027e1ddbb24e,measured,16,6633,79620,86253,55,0,0,131072,131071,1,Pass,Pass,15067928572581534229
2,27,0,Adrop,Adrop,8MiB,8388608,65536,e456d3adf67030c5a168df273f5171ca3e1299e54571d94cca82b117f3cf3aeb,measured,17,1376703,9273288,10649991,9406947,1,65536,65536,65535,1,Pass,Pass,9713268438230653554
2,27,1,Acapacity,Acapacity,256KiB,262144,2048,6f0154469137295abd7b45b25bc83aace599559234fd5f331140bd800c48b670,measured,17,14036,180311,194347,207,0,0,65536,65535,1,Pass,Pass,1126272383489710074
2,27,2,A0,A0,16MiB,16777216,131072,0c00f8138e0e622f6fc7215fc0f0d135e79bf60450e4c79d30e30624a8842117,measured,17,3083892,23803283,26887175,220,0,0,65536,65535,1,Pass,Pass,7408339909486172793
2,27,3,Acapacity,Acapacity,8MiB,8388608,65536,e456d3adf67030c5a168df273f5171ca3e1299e54571d94cca82b117f3cf3aeb,measured,17,1368195,10712618,12080813,192,0,0,65536,65535,1,Pass,Pass,9713268438230653554
2,27,4,Adrop,Adrop,2MiB,2097152,16384,6587afedd7c0f949b131311e7425d033a0754a29587f85f26ec370a31fc4edf0,measured,17,115172,1218133,1333305,1802275,1,16384,16384,16383,1,Pass,Pass,7349817109290025153
2,27,5,A0-dup,A0,8MiB,8388608,65536,e456d3adf67030c5a168df273f5171ca3e1299e54571d94cca82b117f3cf3aeb,measured,17,1397040,10770735,12167775,279,0,0,16384,16383,1,Pass,Pass,9713268438230653554
2,27,6,A0,A0,8MiB,8388608,65536,e456d3adf67030c5a168df273f5171ca3e1299e54571d94cca82b117f3cf3aeb,measured,17,1405586,10466663,11872249,347,0,0,16384,16383,1,Pass,Pass,9713268438230653554
2,27,7,A0,A0,256KiB,262144,2048,6f0154469137295abd7b45b25bc83aace599559234fd5f331140bd800c48b670,measured,17,14331,168114,182445,107,0,0,16384,16383,1,Pass,Pass,1126272383489710074
2,27,8,Adrop,Adrop,128KiB,131072,1024,22e51081397aebb06a1c4c3f85bd08a6e7041a438f4aae416970027e1ddbb24e,measured,17,6649,62185,68834,78446,1,1024,1024,1023,1,Pass,Pass,15067928572581534229
2,27,9,Adrop,Adrop,1MiB,1048576,8192,337a179ec729c20c01309d98317f7ca00691d12ca10285b55ade71fb880e191c,measured,17,57096,584112,641208,655250,1,8192,8192,8191,1,Pass,Pass,16341657278089853397
2,27,10,A0-dup,A0,256KiB,262144,2048,6f0154469137295abd7b45b25bc83aace599559234fd5f331140bd800c48b670,measured,17,13935,163270,177205,160,0,0,8192,8191,1,Pass,Pass,1126272383489710074
2,27,11,Acapacity,Acapacity,1MiB,1048576,8192,337a179ec729c20c01309d98317f7ca00691d12ca10285b55ade71fb880e191c,measured,17,57519,629664,687183,206,0,0,8192,8191,1,Pass,Pass,16341657278089853397
2,27,12,Adefs,Adefs,1MiB,1048576,8192,337a179ec729c20c01309d98317f7ca00691d12ca10285b55ade71fb880e191c,measured,17,57979,615266,673245,126,0,0,8192,8191,1,Pass,Pass,16341657278089853397
2,27,13,A0,A0,128KiB,131072,1024,22e51081397aebb06a1c4c3f85bd08a6e7041a438f4aae416970027e1ddbb24e,measured,17,6979,79835,86814,143,0,0,8192,8191,1,Pass,Pass,15067928572581534229
2,27,14,A0-dup,A0,16MiB,16777216,131072,0c00f8138e0e622f6fc7215fc0f0d135e79bf60450e4c79d30e30624a8842117,measured,17,3034040,24662265,27696305,111,0,0,8192,8191,1,Pass,Pass,7408339909486172793
2,27,15,A0-dup,A0,512KiB,524288,4096,155dfc49f4c05f1087ef002a279acee734e738bc580f2b3925315f95a108242b,measured,17,29135,335697,364832,44,0,0,8192,8191,1,Pass,Pass,192086794746352270
2,27,16,A0-dup,A0,128KiB,131072,1024,22e51081397aebb06a1c4c3f85bd08a6e7041a438f4aae416970027e1ddbb24e,measured,17,6720,81170,87890,29,0,0,8192,8191,1,Pass,Pass,15067928572581534229
2,27,17,A0-dup,A0,1MiB,1048576,8192,337a179ec729c20c01309d98317f7ca00691d12ca10285b55ade71fb880e191c,measured,17,57244,678027,735271,103,0,0,8192,8191,1,Pass,Pass,16341657278089853397
2,27,18,A0,A0,2MiB,2097152,16384,6587afedd7c0f949b131311e7425d033a0754a29587f85f26ec370a31fc4edf0,measured,17,121655,1480514,1602169,220,0,0,8192,8191,1,Pass,Pass,7349817109290025153
2,27,19,Acapacity,Acapacity,2MiB,2097152,16384,6587afedd7c0f949b131311e7425d033a0754a29587f85f26ec370a31fc4edf0,measured,17,115999,1419603,1535602,115,0,0,8192,8191,1,Pass,Pass,7349817109290025153
2,27,20,Adrop,Adrop,512KiB,524288,4096,155dfc49f4c05f1087ef002a279acee734e738bc580f2b3925315f95a108242b,measured,17,29176,253133,282309,313425,1,4096,4096,4095,1,Pass,Pass,192086794746352270
2,27,21,Adefs,Adefs,128KiB,131072,1024,22e51081397aebb06a1c4c3f85bd08a6e7041a438f4aae416970027e1ddbb24e,measured,17,6708,73816,80524,42,0,0,4096,4095,1,Pass,Pass,15067928572581534229
2,27,22,Acapacity,Acapacity,128KiB,131072,1024,22e51081397aebb06a1c4c3f85bd08a6e7041a438f4aae416970027e1ddbb24e,measured,17,6472,77968,84440,42,0,0,4096,4095,1,Pass,Pass,15067928572581534229
2,27,23,Adefs,Adefs,256KiB,262144,2048,6f0154469137295abd7b45b25bc83aace599559234fd5f331140bd800c48b670,measured,17,13358,146387,159745,44,0,0,4096,4095,1,Pass,Pass,1126272383489710074
2,27,24,A0-dup,A0,2MiB,2097152,16384,6587afedd7c0f949b131311e7425d033a0754a29587f85f26ec370a31fc4edf0,measured,17,122894,1509970,1632864,120,0,0,4096,4095,1,Pass,Pass,7349817109290025153
2,27,25,Adrop,Adrop,4MiB,4194304,32768,f9dc4b51d64658b088837d5f2a7d485e8eba57daed852c20d443b77cc8137655,measured,17,558574,3685415,4243989,4338019,1,32768,32768,32767,1,Pass,Pass,7876534982476418273
2,27,26,Adefs,Adefs,512KiB,524288,4096,155dfc49f4c05f1087ef002a279acee734e738bc580f2b3925315f95a108242b,measured,17,29184,299345,328529,105,0,0,32768,32767,1,Pass,Pass,192086794746352270
2,27,27,Adefs,Adefs,2MiB,2097152,16384,6587afedd7c0f949b131311e7425d033a0754a29587f85f26ec370a31fc4edf0,measured,17,120351,1379599,1499950,148,0,0,32768,32767,1,Pass,Pass,7349817109290025153
2,27,28,A0,A0,1MiB,1048576,8192,337a179ec729c20c01309d98317f7ca00691d12ca10285b55ade71fb880e191c,measured,17,57483,693912,751395,86,0,0,32768,32767,1,Pass,Pass,16341657278089853397
2,27,29,Adefs,Adefs,4MiB,4194304,32768,f9dc4b51d64658b088837d5f2a7d485e8eba57daed852c20d443b77cc8137655,measured,17,453862,4163552,4617414,310,0,0,32768,32767,1,Pass,Pass,7876534982476418273
2,27,30,Adefs,Adefs,8MiB,8388608,65536,e456d3adf67030c5a168df273f5171ca3e1299e54571d94cca82b117f3cf3aeb,measured,17,1362921,10065296,11428217,414,0,0,32768,32767,1,Pass,Pass,9713268438230653554
2,27,31,Acapacity,Acapacity,4MiB,4194304,32768,f9dc4b51d64658b088837d5f2a7d485e8eba57daed852c20d443b77cc8137655,measured,17,433894,4306184,4740078,130,0,0,32768,32767,1,Pass,Pass,7876534982476418273
2,27,32,A0-dup,A0,4MiB,4194304,32768,f9dc4b51d64658b088837d5f2a7d485e8eba57daed852c20d443b77cc8137655,measured,17,450107,4335862,4785969,189,0,0,32768,32767,1,Pass,Pass,7876534982476418273
2,27,33,A0,A0,4MiB,4194304,32768,f9dc4b51d64658b088837d5f2a7d485e8eba57daed852c20d443b77cc8137655,measured,17,384945,4145748,4530693,257,0,0,32768,32767,1,Pass,Pass,7876534982476418273
2,27,34,Adrop,Adrop,16MiB,16777216,131072,0c00f8138e0e622f6fc7215fc0f0d135e79bf60450e4c79d30e30624a8842117,measured,17,3068182,20383719,23451901,19228208,1,131072,131072,131071,1,Pass,Pass,7408339909486172793
2,27,35,Adefs,Adefs,16MiB,16777216,131072,0c00f8138e0e622f6fc7215fc0f0d135e79bf60450e4c79d30e30624a8842117,measured,17,3093040,21442947,24535987,327,0,0,131072,131071,1,Pass,Pass,7408339909486172793
2,27,36,Acapacity,Acapacity,16MiB,16777216,131072,0c00f8138e0e622f6fc7215fc0f0d135e79bf60450e4c79d30e30624a8842117,measured,17,3103829,23321655,26425484,153,0,0,131072,131071,1,Pass,Pass,7408339909486172793
2,27,37,Adrop,Adrop,256KiB,262144,2048,6f0154469137295abd7b45b25bc83aace599559234fd5f331140bd800c48b670,measured,17,14204,128411,142615,161879,1,2048,2048,2047,1,Pass,Pass,1126272383489710074
2,27,38,Acapacity,Acapacity,512KiB,524288,4096,155dfc49f4c05f1087ef002a279acee734e738bc580f2b3925315f95a108242b,measured,17,28642,310550,339192,66,0,0,2048,2047,1,Pass,Pass,192086794746352270
2,27,39,A0,A0,512KiB,524288,4096,155dfc49f4c05f1087ef002a279acee734e738bc580f2b3925315f95a108242b,measured,17,29743,324464,354207,49,0,0,2048,2047,1,Pass,Pass,192086794746352270
2,28,0,A0-dup,A0,128KiB,131072,1024,22e51081397aebb06a1c4c3f85bd08a6e7041a438f4aae416970027e1ddbb24e,measured,18,6905,80312,87217,28,0,0,2048,2047,1,Pass,Pass,15067928572581534229
2,28,1,Acapacity,Acapacity,2MiB,2097152,16384,6587afedd7c0f949b131311e7425d033a0754a29587f85f26ec370a31fc4edf0,measured,18,114981,1445054,1560035,321,0,0,2048,2047,1,Pass,Pass,7349817109290025153
2,28,2,A0-dup,A0,4MiB,4194304,32768,f9dc4b51d64658b088837d5f2a7d485e8eba57daed852c20d443b77cc8137655,measured,18,471318,4436893,4908211,93,0,0,2048,2047,1,Pass,Pass,7876534982476418273
2,28,3,A0-dup,A0,256KiB,262144,2048,6f0154469137295abd7b45b25bc83aace599559234fd5f331140bd800c48b670,measured,18,14049,161586,175635,48,0,0,2048,2047,1,Pass,Pass,1126272383489710074
2,28,4,Adrop,Adrop,256KiB,262144,2048,6f0154469137295abd7b45b25bc83aace599559234fd5f331140bd800c48b670,measured,18,13519,122166,135685,159655,1,2048,2048,2047,1,Pass,Pass,1126272383489710074
2,28,5,Adefs,Adefs,2MiB,2097152,16384,6587afedd7c0f949b131311e7425d033a0754a29587f85f26ec370a31fc4edf0,measured,18,116144,1374207,1490351,194,0,0,2048,2047,1,Pass,Pass,7349817109290025153
2,28,6,Acapacity,Acapacity,8MiB,8388608,65536,e456d3adf67030c5a168df273f5171ca3e1299e54571d94cca82b117f3cf3aeb,measured,18,1378692,10863892,12242584,245,0,0,2048,2047,1,Pass,Pass,9713268438230653554
2,28,7,Acapacity,Acapacity,4MiB,4194304,32768,f9dc4b51d64658b088837d5f2a7d485e8eba57daed852c20d443b77cc8137655,measured,18,411752,4037008,4448760,162,0,0,2048,2047,1,Pass,Pass,7876534982476418273
2,28,8,A0,A0,128KiB,131072,1024,22e51081397aebb06a1c4c3f85bd08a6e7041a438f4aae416970027e1ddbb24e,measured,18,7135,81618,88753,48,0,0,2048,2047,1,Pass,Pass,15067928572581534229
2,28,9,Acapacity,Acapacity,16MiB,16777216,131072,0c00f8138e0e622f6fc7215fc0f0d135e79bf60450e4c79d30e30624a8842117,measured,18,3077735,22840914,25918649,283,0,0,2048,2047,1,Pass,Pass,7408339909486172793
2,28,10,Adefs,Adefs,128KiB,131072,1024,22e51081397aebb06a1c4c3f85bd08a6e7041a438f4aae416970027e1ddbb24e,measured,18,7014,77857,84871,31,0,0,2048,2047,1,Pass,Pass,15067928572581534229
2,28,11,A0,A0,4MiB,4194304,32768,f9dc4b51d64658b088837d5f2a7d485e8eba57daed852c20d443b77cc8137655,measured,18,382124,4221502,4603626,119,0,0,2048,2047,1,Pass,Pass,7876534982476418273
2,28,12,Acapacity,Acapacity,512KiB,524288,4096,155dfc49f4c05f1087ef002a279acee734e738bc580f2b3925315f95a108242b,measured,18,29073,311890,340963,84,0,0,2048,2047,1,Pass,Pass,192086794746352270
2,28,13,Adefs,Adefs,512KiB,524288,4096,155dfc49f4c05f1087ef002a279acee734e738bc580f2b3925315f95a108242b,measured,18,28328,306191,334519,31,0,0,2048,2047,1,Pass,Pass,192086794746352270
2,28,14,A0-dup,A0,2MiB,2097152,16384,6587afedd7c0f949b131311e7425d033a0754a29587f85f26ec370a31fc4edf0,measured,18,117870,1465840,1583710,95,0,0,2048,2047,1,Pass,Pass,7349817109290025153
2,28,15,A0,A0,512KiB,524288,4096,155dfc49f4c05f1087ef002a279acee734e738bc580f2b3925315f95a108242b,measured,18,29238,334522,363760,83,0,0,2048,2047,1,Pass,Pass,192086794746352270
2,28,16,Adefs,Adefs,4MiB,4194304,32768,f9dc4b51d64658b088837d5f2a7d485e8eba57daed852c20d443b77cc8137655,measured,18,425208,4171314,4596522,116,0,0,2048,2047,1,Pass,Pass,7876534982476418273
2,28,17,A0,A0,256KiB,262144,2048,6f0154469137295abd7b45b25bc83aace599559234fd5f331140bd800c48b670,measured,18,14488,161240,175728,83,0,0,2048,2047,1,Pass,Pass,1126272383489710074
2,28,18,Adrop,Adrop,4MiB,4194304,32768,f9dc4b51d64658b088837d5f2a7d485e8eba57daed852c20d443b77cc8137655,measured,18,463900,3701480,4165380,4393919,1,32768,32768,32767,1,Pass,Pass,7876534982476418273
2,28,19,Adefs,Adefs,256KiB,262144,2048,6f0154469137295abd7b45b25bc83aace599559234fd5f331140bd800c48b670,measured,18,14443,151016,165459,311,0,0,32768,32767,1,Pass,Pass,1126272383489710074
2,28,20,A0-dup,A0,512KiB,524288,4096,155dfc49f4c05f1087ef002a279acee734e738bc580f2b3925315f95a108242b,measured,18,28536,313947,342483,43,0,0,32768,32767,1,Pass,Pass,192086794746352270
2,28,21,Adrop,Adrop,512KiB,524288,4096,155dfc49f4c05f1087ef002a279acee734e738bc580f2b3925315f95a108242b,measured,18,28574,246992,275566,317301,1,4096,4096,4095,1,Pass,Pass,192086794746352270
2,28,22,Adrop,Adrop,16MiB,16777216,131072,0c00f8138e0e622f6fc7215fc0f0d135e79bf60450e4c79d30e30624a8842117,measured,18,3073715,20346369,23420084,18931990,1,131072,131072,131071,1,Pass,Pass,7408339909486172793
2,28,23,A0-dup,A0,8MiB,8388608,65536,e456d3adf67030c5a168df273f5171ca3e1299e54571d94cca82b117f3cf3aeb,measured,18,1355051,10911621,12266672,493,0,0,131072,131071,1,Pass,Pass,9713268438230653554
2,28,24,Adefs,Adefs,1MiB,1048576,8192,337a179ec729c20c01309d98317f7ca00691d12ca10285b55ade71fb880e191c,measured,18,58059,614322,672381,114,0,0,131072,131071,1,Pass,Pass,16341657278089853397
2,28,25,Acapacity,Acapacity,1MiB,1048576,8192,337a179ec729c20c01309d98317f7ca00691d12ca10285b55ade71fb880e191c,measured,18,58291,645436,703727,87,0,0,131072,131071,1,Pass,Pass,16341657278089853397
2,28,26,Adrop,Adrop,8MiB,8388608,65536,e456d3adf67030c5a168df273f5171ca3e1299e54571d94cca82b117f3cf3aeb,measured,18,1383782,9445489,10829271,8358339,1,65536,65536,65535,1,Pass,Pass,9713268438230653554
2,28,27,Acapacity,Acapacity,256KiB,262144,2048,6f0154469137295abd7b45b25bc83aace599559234fd5f331140bd800c48b670,measured,18,14379,159857,174236,244,0,0,65536,65535,1,Pass,Pass,1126272383489710074
2,28,28,A0-dup,A0,1MiB,1048576,8192,337a179ec729c20c01309d98317f7ca00691d12ca10285b55ade71fb880e191c,measured,18,57462,665841,723303,144,0,0,65536,65535,1,Pass,Pass,16341657278089853397
2,28,29,A0,A0,16MiB,16777216,131072,0c00f8138e0e622f6fc7215fc0f0d135e79bf60450e4c79d30e30624a8842117,measured,18,3073625,23522013,26595638,133,0,0,65536,65535,1,Pass,Pass,7408339909486172793
2,28,30,Adrop,Adrop,128KiB,131072,1024,22e51081397aebb06a1c4c3f85bd08a6e7041a438f4aae416970027e1ddbb24e,measured,18,7339,66819,74158,79344,1,1024,1024,1023,1,Pass,Pass,15067928572581534229
2,28,31,A0-dup,A0,16MiB,16777216,131072,0c00f8138e0e622f6fc7215fc0f0d135e79bf60450e4c79d30e30624a8842117,measured,18,3158499,24027115,27185614,193,0,0,1024,1023,1,Pass,Pass,7408339909486172793
2,28,32,Adrop,Adrop,1MiB,1048576,8192,337a179ec729c20c01309d98317f7ca00691d12ca10285b55ade71fb880e191c,measured,18,58093,530012,588105,672822,1,8192,8192,8191,1,Pass,Pass,16341657278089853397
2,28,33,Adefs,Adefs,16MiB,16777216,131072,0c00f8138e0e622f6fc7215fc0f0d135e79bf60450e4c79d30e30624a8842117,measured,18,3116400,22211373,25327773,454,0,0,8192,8191,1,Pass,Pass,7408339909486172793
2,28,34,A0,A0,2MiB,2097152,16384,6587afedd7c0f949b131311e7425d033a0754a29587f85f26ec370a31fc4edf0,measured,18,115329,1478423,1593752,94,0,0,8192,8191,1,Pass,Pass,7349817109290025153
2,28,35,Acapacity,Acapacity,128KiB,131072,1024,22e51081397aebb06a1c4c3f85bd08a6e7041a438f4aae416970027e1ddbb24e,measured,18,7240,80044,87284,36,0,0,8192,8191,1,Pass,Pass,15067928572581534229
2,28,36,A0,A0,8MiB,8388608,65536,e456d3adf67030c5a168df273f5171ca3e1299e54571d94cca82b117f3cf3aeb,measured,18,1389476,10695327,12084803,92,0,0,8192,8191,1,Pass,Pass,9713268438230653554
2,28,37,A0,A0,1MiB,1048576,8192,337a179ec729c20c01309d98317f7ca00691d12ca10285b55ade71fb880e191c,measured,18,57728,646753,704481,131,0,0,8192,8191,1,Pass,Pass,16341657278089853397
2,28,38,Adefs,Adefs,8MiB,8388608,65536,e456d3adf67030c5a168df273f5171ca3e1299e54571d94cca82b117f3cf3aeb,measured,18,1384340,10049147,11433487,124,0,0,8192,8191,1,Pass,Pass,9713268438230653554
2,28,39,Adrop,Adrop,2MiB,2097152,16384,6587afedd7c0f949b131311e7425d033a0754a29587f85f26ec370a31fc4edf0,measured,18,115760,1232500,1348260,1909433,1,16384,16384,16383,1,Pass,Pass,7349817109290025153
2,29,0,Adefs,Adefs,512KiB,524288,4096,155dfc49f4c05f1087ef002a279acee734e738bc580f2b3925315f95a108242b,measured,19,29559,300406,329965,53,0,0,16384,16383,1,Pass,Pass,192086794746352270
2,29,1,A0-dup,A0,512KiB,524288,4096,155dfc49f4c05f1087ef002a279acee734e738bc580f2b3925315f95a108242b,measured,19,28924,318983,347907,44,0,0,16384,16383,1,Pass,Pass,192086794746352270
2,29,2,A0-dup,A0,16MiB,16777216,131072,0c00f8138e0e622f6fc7215fc0f0d135e79bf60450e4c79d30e30624a8842117,measured,19,3050415,25189864,28240279,369,0,0,16384,16383,1,Pass,Pass,7408339909486172793
2,29,3,A0,A0,256KiB,262144,2048,6f0154469137295abd7b45b25bc83aace599559234fd5f331140bd800c48b670,measured,19,13972,162373,176345,193,0,0,16384,16383,1,Pass,Pass,1126272383489710074
2,29,4,Adefs,Adefs,16MiB,16777216,131072,0c00f8138e0e622f6fc7215fc0f0d135e79bf60450e4c79d30e30624a8842117,measured,19,3015078,21658596,24673674,169,0,0,16384,16383,1,Pass,Pass,7408339909486172793
2,29,5,Adefs,Adefs,1MiB,1048576,8192,337a179ec729c20c01309d98317f7ca00691d12ca10285b55ade71fb880e191c,measured,19,58081,612445,670526,94,0,0,16384,16383,1,Pass,Pass,16341657278089853397
2,29,6,Acapacity,Acapacity,4MiB,4194304,32768,f9dc4b51d64658b088837d5f2a7d485e8eba57daed852c20d443b77cc8137655,measured,19,448266,4169900,4618166,102,0,0,16384,16383,1,Pass,Pass,7876534982476418273
2,29,7,Acapacity,Acapacity,128KiB,131072,1024,22e51081397aebb06a1c4c3f85bd08a6e7041a438f4aae416970027e1ddbb24e,measured,19,7150,80447,87597,63,0,0,16384,16383,1,Pass,Pass,15067928572581534229
2,29,8,A0,A0,8MiB,8388608,65536,e456d3adf67030c5a168df273f5171ca3e1299e54571d94cca82b117f3cf3aeb,measured,19,1373764,10875745,12249509,112,0,0,16384,16383,1,Pass,Pass,9713268438230653554
2,29,9,Adrop,Adrop,128KiB,131072,1024,22e51081397aebb06a1c4c3f85bd08a6e7041a438f4aae416970027e1ddbb24e,measured,19,7028,64998,72026,78987,1,1024,1024,1023,1,Pass,Pass,15067928572581534229
2,29,10,Acapacity,Acapacity,256KiB,262144,2048,6f0154469137295abd7b45b25bc83aace599559234fd5f331140bd800c48b670,measured,19,13596,157500,171096,45,0,0,1024,1023,1,Pass,Pass,1126272383489710074
2,29,11,Adefs,Adefs,2MiB,2097152,16384,6587afedd7c0f949b131311e7425d033a0754a29587f85f26ec370a31fc4edf0,measured,19,122627,1414566,1537193,128,0,0,1024,1023,1,Pass,Pass,7349817109290025153
2,29,12,Adefs,Adefs,256KiB,262144,2048,6f0154469137295abd7b45b25bc83aace599559234fd5f331140bd800c48b670,measured,19,14189,150161,164350,30,0,0,1024,1023,1,Pass,Pass,1126272383489710074
2,29,13,A0,A0,2MiB,2097152,16384,6587afedd7c0f949b131311e7425d033a0754a29587f85f26ec370a31fc4edf0,measured,19,122372,1495603,1617975,108,0,0,1024,1023,1,Pass,Pass,7349817109290025153
2,29,14,A0-dup,A0,4MiB,4194304,32768,f9dc4b51d64658b088837d5f2a7d485e8eba57daed852c20d443b77cc8137655,measured,19,395905,4144567,4540472,83,0,0,1024,1023,1,Pass,Pass,7876534982476418273
2,29,15,A0-dup,A0,8MiB,8388608,65536,e456d3adf67030c5a168df273f5171ca3e1299e54571d94cca82b117f3cf3aeb,measured,19,1379815,10614646,11994461,436,0,0,1024,1023,1,Pass,Pass,9713268438230653554
2,29,16,A0,A0,4MiB,4194304,32768,f9dc4b51d64658b088837d5f2a7d485e8eba57daed852c20d443b77cc8137655,measured,19,418682,4395160,4813842,129,0,0,1024,1023,1,Pass,Pass,7876534982476418273
2,29,17,Adrop,Adrop,2MiB,2097152,16384,6587afedd7c0f949b131311e7425d033a0754a29587f85f26ec370a31fc4edf0,measured,19,113709,1278524,1392233,1908333,1,16384,16384,16383,1,Pass,Pass,7349817109290025153
2,29,18,Adrop,Adrop,4MiB,4194304,32768,f9dc4b51d64658b088837d5f2a7d485e8eba57daed852c20d443b77cc8137655,measured,19,426714,3631417,4058131,4602383,1,32768,32768,32767,1,Pass,Pass,7876534982476418273
2,29,19,A0-dup,A0,2MiB,2097152,16384,6587afedd7c0f949b131311e7425d033a0754a29587f85f26ec370a31fc4edf0,measured,19,118895,1443902,1562797,238,0,0,32768,32767,1,Pass,Pass,7349817109290025153
2,29,20,A0-dup,A0,1MiB,1048576,8192,337a179ec729c20c01309d98317f7ca00691d12ca10285b55ade71fb880e191c,measured,19,58100,656898,714998,167,0,0,32768,32767,1,Pass,Pass,16341657278089853397
2,29,21,Adrop,Adrop,16MiB,16777216,131072,0c00f8138e0e622f6fc7215fc0f0d135e79bf60450e4c79d30e30624a8842117,measured,19,3096276,20315995,23412271,18529882,1,131072,131072,131071,1,Pass,Pass,7408339909486172793
2,29,22,Adrop,Adrop,256KiB,262144,2048,6f0154469137295abd7b45b25bc83aace599559234fd5f331140bd800c48b670,measured,19,14195,128191,142386,154131,1,2048,2048,2047,1,Pass,Pass,1126272383489710074
2,29,23,Adefs,Adefs,128KiB,131072,1024,22e51081397aebb06a1c4c3f85bd08a6e7041a438f4aae416970027e1ddbb24e,measured,19,6611,74652,81263,96,0,0,2048,2047,1,Pass,Pass,15067928572581534229
2,29,24,Acapacity,Acapacity,512KiB,524288,4096,155dfc49f4c05f1087ef002a279acee734e738bc580f2b3925315f95a108242b,measured,19,28546,310355,338901,63,0,0,2048,2047,1,Pass,Pass,192086794746352270
2,29,25,A0,A0,1MiB,1048576,8192,337a179ec729c20c01309d98317f7ca00691d12ca10285b55ade71fb880e191c,measured,19,57459,658124,715583,58,0,0,2048,2047,1,Pass,Pass,16341657278089853397
2,29,26,A0,A0,128KiB,131072,1024,22e51081397aebb06a1c4c3f85bd08a6e7041a438f4aae416970027e1ddbb24e,measured,19,6655,80944,87599,59,0,0,2048,2047,1,Pass,Pass,15067928572581534229
2,29,27,Acapacity,Acapacity,2MiB,2097152,16384,6587afedd7c0f949b131311e7425d033a0754a29587f85f26ec370a31fc4edf0,measured,19,123134,1486003,1609137,249,0,0,2048,2047,1,Pass,Pass,7349817109290025153
2,29,28,Adrop,Adrop,512KiB,524288,4096,155dfc49f4c05f1087ef002a279acee734e738bc580f2b3925315f95a108242b,measured,19,29256,269670,298926,321513,1,4096,4096,4095,1,Pass,Pass,192086794746352270
2,29,29,Acapacity,Acapacity,8MiB,8388608,65536,e456d3adf67030c5a168df273f5171ca3e1299e54571d94cca82b117f3cf3aeb,measured,19,1374796,10807551,12182347,190,0,0,4096,4095,1,Pass,Pass,9713268438230653554
2,29,30,Acapacity,Acapacity,1MiB,1048576,8192,337a179ec729c20c01309d98317f7ca00691d12ca10285b55ade71fb880e191c,measured,19,58129,641992,700121,198,0,0,4096,4095,1,Pass,Pass,16341657278089853397
2,29,31,A0-dup,A0,256KiB,262144,2048,6f0154469137295abd7b45b25bc83aace599559234fd5f331140bd800c48b670,measured,19,13983,158714,172697,64,0,0,4096,4095,1,Pass,Pass,1126272383489710074
2,29,32,A0,A0,512KiB,524288,4096,155dfc49f4c05f1087ef002a279acee734e738bc580f2b3925315f95a108242b,measured,19,29136,326435,355571,91,0,0,4096,4095,1,Pass,Pass,192086794746352270
2,29,33,Adefs,Adefs,8MiB,8388608,65536,e456d3adf67030c5a168df273f5171ca3e1299e54571d94cca82b117f3cf3aeb,measured,19,1356306,10113817,11470123,354,0,0,4096,4095,1,Pass,Pass,9713268438230653554
2,29,34,Adrop,Adrop,8MiB,8388608,65536,e456d3adf67030c5a168df273f5171ca3e1299e54571d94cca82b117f3cf3aeb,measured,19,1408336,8976651,10384987,8561815,1,65536,65536,65535,1,Pass,Pass,9713268438230653554
2,29,35,A0-dup,A0,128KiB,131072,1024,22e51081397aebb06a1c4c3f85bd08a6e7041a438f4aae416970027e1ddbb24e,measured,19,7312,85808,93120,293,0,0,65536,65535,1,Pass,Pass,15067928572581534229
2,29,36,Acapacity,Acapacity,16MiB,16777216,131072,0c00f8138e0e622f6fc7215fc0f0d135e79bf60450e4c79d30e30624a8842117,measured,19,3090383,21212910,24303293,190,0,0,65536,65535,1,Pass,Pass,7408339909486172793
2,29,37,Adefs,Adefs,4MiB,4194304,32768,f9dc4b51d64658b088837d5f2a7d485e8eba57daed852c20d443b77cc8137655,measured,19,407196,3969275,4376471,123,0,0,65536,65535,1,Pass,Pass,7876534982476418273
2,29,38,A0,A0,16MiB,16777216,131072,0c00f8138e0e622f6fc7215fc0f0d135e79bf60450e4c79d30e30624a8842117,measured,19,3099608,23638115,26737723,349,0,0,65536,65535,1,Pass,Pass,7408339909486172793
2,29,39,Adrop,Adrop,1MiB,1048576,8192,337a179ec729c20c01309d98317f7ca00691d12ca10285b55ade71fb880e191c,measured,19,57505,526395,583900,651102,1,8192,8192,8191,1,Pass,Pass,16341657278089853397
2,30,0,Adrop,Adrop,16MiB,16777216,131072,0c00f8138e0e622f6fc7215fc0f0d135e79bf60450e4c79d30e30624a8842117,measured,20,3039186,20389316,23428502,20057019,1,131072,131072,131071,1,Pass,Pass,7408339909486172793
2,30,1,A0,A0,1MiB,1048576,8192,337a179ec729c20c01309d98317f7ca00691d12ca10285b55ade71fb880e191c,measured,20,57984,653295,711279,572,0,0,131072,131071,1,Pass,Pass,16341657278089853397
2,30,2,Acapacity,Acapacity,2MiB,2097152,16384,6587afedd7c0f949b131311e7425d033a0754a29587f85f26ec370a31fc4edf0,measured,20,114239,1461620,1575859,184,0,0,131072,131071,1,Pass,Pass,7349817109290025153
2,30,3,A0,A0,16MiB,16777216,131072,0c00f8138e0e622f6fc7215fc0f0d135e79bf60450e4c79d30e30624a8842117,measured,20,3096737,23781465,26878202,121,0,0,131072,131071,1,Pass,Pass,7408339909486172793
2,30,4,Adefs,Adefs,256KiB,262144,2048,6f0154469137295abd7b45b25bc83aace599559234fd5f331140bd800c48b670,measured,20,14033,151806,165839,114,0,0,131072,131071,1,Pass,Pass,1126272383489710074
2,30,5,Acapacity,Acapacity,8MiB,8388608,65536,e456d3adf67030c5a168df273f5171ca3e1299e54571d94cca82b117f3cf3aeb,measured,20,1453060,11993254,13446314,408,0,0,131072,131071,1,Pass,Pass,9713268438230653554
2,30,6,Adrop,Adrop,4MiB,4194304,32768,f9dc4b51d64658b088837d5f2a7d485e8eba57daed852c20d443b77cc8137655,measured,20,376909,3434331,3811240,4475220,1,32768,32768,32767,1,Pass,Pass,7876534982476418273
2,30,7,A0,A0,4MiB,4194304,32768,f9dc4b51d64658b088837d5f2a7d485e8eba57daed852c20d443b77cc8137655,measured,20,441686,4318178,4759864,340,0,0,32768,32767,1,Pass,Pass,7876534982476418273
2,30,8,Adrop,Adrop,2MiB,2097152,16384,6587afedd7c0f949b131311e7425d033a0754a29587f85f26ec370a31fc4edf0,measured,20,114811,1208172,1322983,1761142,1,16384,16384,16383,1,Pass,Pass,7349817109290025153
2,30,9,A0,A0,2MiB,2097152,16384,6587afedd7c0f949b131311e7425d033a0754a29587f85f26ec370a31fc4edf0,measured,20,114766,1444007,1558773,217,0,0,16384,16383,1,Pass,Pass,7349817109290025153
2,30,10,Adefs,Adefs,8MiB,8388608,65536,e456d3adf67030c5a168df273f5171ca3e1299e54571d94cca82b117f3cf3aeb,measured,20,1471038,10527049,11998087,199,0,0,16384,16383,1,Pass,Pass,9713268438230653554
2,30,11,A0-dup,A0,128KiB,131072,1024,22e51081397aebb06a1c4c3f85bd08a6e7041a438f4aae416970027e1ddbb24e,measured,20,6915,83140,90055,92,0,0,16384,16383,1,Pass,Pass,15067928572581534229
2,30,12,A0,A0,128KiB,131072,1024,22e51081397aebb06a1c4c3f85bd08a6e7041a438f4aae416970027e1ddbb24e,measured,20,6543,79828,86371,33,0,0,16384,16383,1,Pass,Pass,15067928572581534229
2,30,13,A0,A0,512KiB,524288,4096,155dfc49f4c05f1087ef002a279acee734e738bc580f2b3925315f95a108242b,measured,20,28471,316024,344495,30,0,0,16384,16383,1,Pass,Pass,192086794746352270
2,30,14,Adefs,Adefs,512KiB,524288,4096,155dfc49f4c05f1087ef002a279acee734e738bc580f2b3925315f95a108242b,measured,20,28548,288538,317086,31,0,0,16384,16383,1,Pass,Pass,192086794746352270
2,30,15,Acapacity,Acapacity,256KiB,262144,2048,6f0154469137295abd7b45b25bc83aace599559234fd5f331140bd800c48b670,measured,20,13589,154419,168008,35,0,0,16384,16383,1,Pass,Pass,1126272383489710074
2,30,16,Acapacity,Acapacity,128KiB,131072,1024,22e51081397aebb06a1c4c3f85bd08a6e7041a438f4aae416970027e1ddbb24e,measured,20,6637,78214,84851,35,0,0,16384,16383,1,Pass,Pass,15067928572581534229
2,30,17,A0-dup,A0,8MiB,8388608,65536,e456d3adf67030c5a168df273f5171ca3e1299e54571d94cca82b117f3cf3aeb,measured,20,1377453,11023375,12400828,112,0,0,16384,16383,1,Pass,Pass,9713268438230653554
2,30,18,A0-dup,A0,1MiB,1048576,8192,337a179ec729c20c01309d98317f7ca00691d12ca10285b55ade71fb880e191c,measured,20,58255,659623,717878,83,0,0,16384,16383,1,Pass,Pass,16341657278089853397
2,30,19,A0-dup,A0,256KiB,262144,2048,6f0154469137295abd7b45b25bc83aace599559234fd5f331140bd800c48b670,measured,20,13820,162812,176632,31,0,0,16384,16383,1,Pass,Pass,1126272383489710074
2,30,20,Acapacity,Acapacity,16MiB,16777216,131072,0c00f8138e0e622f6fc7215fc0f0d135e79bf60450e4c79d30e30624a8842117,measured,20,3086730,22467837,25554567,290,0,0,16384,16383,1,Pass,Pass,7408339909486172793
2,30,21,Adrop,Adrop,256KiB,262144,2048,6f0154469137295abd7b45b25bc83aace599559234fd5f331140bd800c48b670,measured,20,13886,130423,144309,151556,1,2048,2048,2047,1,Pass,Pass,1126272383489710074
2,30,22,Adefs,Adefs,2MiB,2097152,16384,6587afedd7c0f949b131311e7425d033a0754a29587f85f26ec370a31fc4edf0,measured,20,115587,1399935,1515522,194,0,0,2048,2047,1,Pass,Pass,7349817109290025153
2,30,23,Adefs,Adefs,1MiB,1048576,8192,337a179ec729c20c01309d98317f7ca00691d12ca10285b55ade71fb880e191c,measured,20,57574,601578,659152,42,0,0,2048,2047,1,Pass,Pass,16341657278089853397
2,30,24,Adrop,Adrop,512KiB,524288,4096,155dfc49f4c05f1087ef002a279acee734e738bc580f2b3925315f95a108242b,measured,20,29234,260530,289764,314205,1,4096,4096,4095,1,Pass,Pass,192086794746352270
2,30,25,A0,A0,256KiB,262144,2048,6f0154469137295abd7b45b25bc83aace599559234fd5f331140bd800c48b670,measured,20,13558,161770,175328,51,0,0,4096,4095,1,Pass,Pass,1126272383489710074
2,30,26,A0-dup,A0,16MiB,16777216,131072,0c00f8138e0e622f6fc7215fc0f0d135e79bf60450e4c79d30e30624a8842117,measured,20,3105917,24192473,27298390,556,0,0,4096,4095,1,Pass,Pass,7408339909486172793
2,30,27,Adefs,Adefs,4MiB,4194304,32768,f9dc4b51d64658b088837d5f2a7d485e8eba57daed852c20d443b77cc8137655,measured,20,442629,4063413,4506042,106,0,0,4096,4095,1,Pass,Pass,7876534982476418273
2,30,28,A0,A0,8MiB,8388608,65536,e456d3adf67030c5a168df273f5171ca3e1299e54571d94cca82b117f3cf3aeb,measured,20,1351971,10781170,12133141,131,0,0,4096,4095,1,Pass,Pass,9713268438230653554
2,30,29,A0-dup,A0,2MiB,2097152,16384,6587afedd7c0f949b131311e7425d033a0754a29587f85f26ec370a31fc4edf0,measured,20,121587,1504946,1626533,121,0,0,4096,4095,1,Pass,Pass,7349817109290025153
2,30,30,Adrop,Adrop,1MiB,1048576,8192,337a179ec729c20c01309d98317f7ca00691d12ca10285b55ade71fb880e191c,measured,20,58254,537194,595448,656712,1,8192,8192,8191,1,Pass,Pass,16341657278089853397
2,30,31,Acapacity,Acapacity,512KiB,524288,4096,155dfc49f4c05f1087ef002a279acee734e738bc580f2b3925315f95a108242b,measured,20,28784,307980,336764,178,0,0,8192,8191,1,Pass,Pass,192086794746352270
2,30,32,A0-dup,A0,512KiB,524288,4096,155dfc49f4c05f1087ef002a279acee734e738bc580f2b3925315f95a108242b,measured,20,28842,309296,338138,43,0,0,8192,8191,1,Pass,Pass,192086794746352270
2,30,33,Adrop,Adrop,128KiB,131072,1024,22e51081397aebb06a1c4c3f85bd08a6e7041a438f4aae416970027e1ddbb24e,measured,20,6546,62958,69504,77470,1,1024,1024,1023,1,Pass,Pass,15067928572581534229
2,30,34,A0-dup,A0,4MiB,4194304,32768,f9dc4b51d64658b088837d5f2a7d485e8eba57daed852c20d443b77cc8137655,measured,20,457019,4319823,4776842,271,0,0,1024,1023,1,Pass,Pass,7876534982476418273
2,30,35,Adefs,Adefs,128KiB,131072,1024,22e51081397aebb06a1c4c3f85bd08a6e7041a438f4aae416970027e1ddbb24e,measured,20,7092,81756,88848,139,0,0,1024,1023,1,Pass,Pass,15067928572581534229
2,30,36,Adefs,Adefs,16MiB,16777216,131072,0c00f8138e0e622f6fc7215fc0f0d135e79bf60450e4c79d30e30624a8842117,measured,20,3039586,21665943,24705529,409,0,0,1024,1023,1,Pass,Pass,7408339909486172793
2,30,37,Acapacity,Acapacity,1MiB,1048576,8192,337a179ec729c20c01309d98317f7ca00691d12ca10285b55ade71fb880e191c,measured,20,57973,646800,704773,82,0,0,1024,1023,1,Pass,Pass,16341657278089853397
2,30,38,Acapacity,Acapacity,4MiB,4194304,32768,f9dc4b51d64658b088837d5f2a7d485e8eba57daed852c20d443b77cc8137655,measured,20,435161,4261168,4696329,124,0,0,1024,1023,1,Pass,Pass,7876534982476418273
2,30,39,Adrop,Adrop,8MiB,8388608,65536,e456d3adf67030c5a168df273f5171ca3e1299e54571d94cca82b117f3cf3aeb,measured,20,1386275,9251648,10637923,9537984,1,65536,65536,65535,1,Pass,Pass,9713268438230653554
2,31,0,Adrop,Adrop,128KiB,131072,1024,22e51081397aebb06a1c4c3f85bd08a6e7041a438f4aae416970027e1ddbb24e,measured,21,6974,66201,73175,79229,1,1024,1024,1023,1,Pass,Pass,15067928572581534229
2,31,1,Acapacity,Acapacity,128KiB,131072,1024,22e51081397aebb06a1c4c3f85bd08a6e7041a438f4aae416970027e1ddbb24e,measured,21,6693,77914,84607,93,0,0,1024,1023,1,Pass,Pass,15067928572581534229
2,31,2,Acapacity,Acapacity,4MiB,4194304,32768,f9dc4b51d64658b088837d5f2a7d485e8eba57daed852c20d443b77cc8137655,measured,21,478285,4302275,4780560,268,0,0,1024,1023,1,Pass,Pass,7876534982476418273
2,31,3,A0,A0,128KiB,131072,1024,22e51081397aebb06a1c4c3f85bd08a6e7041a438f4aae416970027e1ddbb24e,measured,21,7268,83415,90683,69,0,0,1024,1023,1,Pass,Pass,15067928572581534229
2,31,4,Acapacity,Acapacity,256KiB,262144,2048,6f0154469137295abd7b45b25bc83aace599559234fd5f331140bd800c48b670,measured,21,13618,159791,173409,43,0,0,1024,1023,1,Pass,Pass,1126272383489710074
2,31,5,A0-dup,A0,4MiB,4194304,32768,f9dc4b51d64658b088837d5f2a7d485e8eba57daed852c20d443b77cc8137655,measured,21,464119,4403483,4867602,105,0,0,1024,1023,1,Pass,Pass,7876534982476418273
2,31,6,Acapacity,Acapacity,1MiB,1048576,8192,337a179ec729c20c01309d98317f7ca00691d12ca10285b55ade71fb880e191c,measured,21,57956,635340,693296,92,0,0,1024,1023,1,Pass,Pass,16341657278089853397
2,31,7,Acapacity,Acapacity,2MiB,2097152,16384,6587afedd7c0f949b131311e7425d033a0754a29587f85f26ec370a31fc4edf0,measured,21,114867,1437216,1552083,107,0,0,1024,1023,1,Pass,Pass,7349817109290025153
2,31,8,Adefs,Adefs,256KiB,262144,2048,6f0154469137295abd7b45b25bc83aace599559234fd5f331140bd800c48b670,measured,21,14200,147665,161865,95,0,0,1024,1023,1,Pass,Pass,1126272383489710074
2,31,9,Adrop,Adrop,256KiB,262144,2048,6f0154469137295abd7b45b25bc83aace599559234fd5f331140bd800c48b670,measured,21,13588,122444,136032,153920,1,2048,2048,2047,1,Pass,Pass,1126272383489710074
2,31,10,Acapacity,Acapacity,8MiB,8388608,65536,e456d3adf67030c5a168df273f5171ca3e1299e54571d94cca82b117f3cf3aeb,measured,21,1410430,10513312,11923742,323,0,0,2048,2047,1,Pass,Pass,9713268438230653554
2,31,11,A0,A0,2MiB,2097152,16384,6587afedd7c0f949b131311e7425d033a0754a29587f85f26ec370a31fc4edf0,measured,21,114848,1489995,1604843,100,0,0,2048,2047,1,Pass,Pass,7349817109290025153
2,31,12,Adrop,Adrop,8MiB,8388608,65536,e456d3adf67030c5a168df273f5171ca3e1299e54571d94cca82b117f3cf3aeb,measured,21,1415951,9207292,10623243,9162608,1,65536,65536,65535,1,Pass,Pass,9713268438230653554
2,31,13,A0,A0,16MiB,16777216,131072,0c00f8138e0e622f6fc7215fc0f0d135e79bf60450e4c79d30e30624a8842117,measured,21,3040129,23980168,27020297,314,0,0,65536,65535,1,Pass,Pass,7408339909486172793
2,31,14,A0,A0,1MiB,1048576,8192,337a179ec729c20c01309d98317f7ca00691d12ca10285b55ade71fb880e191c,measured,21,58210,653103,711313,94,0,0,65536,65535,1,Pass,Pass,16341657278089853397
2,31,15,Adefs,Adefs,4MiB,4194304,32768,f9dc4b51d64658b088837d5f2a7d485e8eba57daed852c20d443b77cc8137655,measured,21,464124,4260497,4724621,81,0,0,65536,65535,1,Pass,Pass,7876534982476418273
2,31,16,A0-dup,A0,512KiB,524288,4096,155dfc49f4c05f1087ef002a279acee734e738bc580f2b3925315f95a108242b,measured,21,29351,330541,359892,83,0,0,65536,65535,1,Pass,Pass,192086794746352270
2,31,17,A0-dup,A0,128KiB,131072,1024,22e51081397aebb06a1c4c3f85bd08a6e7041a438f4aae416970027e1ddbb24e,measured,21,6510,81955,88465,30,0,0,65536,65535,1,Pass,Pass,15067928572581534229
2,31,18,Adefs,Adefs,512KiB,524288,4096,155dfc49f4c05f1087ef002a279acee734e738bc580f2b3925315f95a108242b,measured,21,28852,293481,322333,32,0,0,65536,65535,1,Pass,Pass,192086794746352270
2,31,19,A0,A0,8MiB,8388608,65536,e456d3adf67030c5a168df273f5171ca3e1299e54571d94cca82b117f3cf3aeb,measured,21,1410134,10680386,12090520,108,0,0,65536,65535,1,Pass,Pass,9713268438230653554
2,31,20,Adrop,Adrop,512KiB,524288,4096,155dfc49f4c05f1087ef002a279acee734e738bc580f2b3925315f95a108242b,measured,21,29337,259036,288373,317053,1,4096,4096,4095,1,Pass,Pass,192086794746352270
2,31,21,Adrop,Adrop,1MiB,1048576,8192,337a179ec729c20c01309d98317f7ca00691d12ca10285b55ade71fb880e191c,measured,21,57768,529613,587381,639417,1,8192,8192,8191,1,Pass,Pass,16341657278089853397
2,31,22,A0-dup,A0,8MiB,8388608,65536,e456d3adf67030c5a168df273f5171ca3e1299e54571d94cca82b117f3cf3aeb,measured,21,1411987,10673219,12085206,369,0,0,8192,8191,1,Pass,Pass,9713268438230653554
2,31,23,A0-dup,A0,256KiB,262144,2048,6f0154469137295abd7b45b25bc83aace599559234fd5f331140bd800c48b670,measured,21,14076,161741,175817,96,0,0,8192,8191,1,Pass,Pass,1126272383489710074
2,31,24,A0,A0,256KiB,262144,2048,6f0154469137295abd7b45b25bc83aace599559234fd5f331140bd800c48b670,measured,21,13424,155469,168893,30,0,0,8192,8191,1,Pass,Pass,1126272383489710074
2,31,25,A0-dup,A0,1MiB,1048576,8192,337a179ec729c20c01309d98317f7ca00691d12ca10285b55ade71fb880e191c,measured,21,57721,650454,708175,34,0,0,8192,8191,1,Pass,Pass,16341657278089853397
2,31,26,A0-dup,A0,16MiB,16777216,131072,0c00f8138e0e622f6fc7215fc0f0d135e79bf60450e4c79d30e30624a8842117,measured,21,3040596,23980876,27021472,368,0,0,8192,8191,1,Pass,Pass,7408339909486172793
2,31,27,Acapacity,Acapacity,16MiB,16777216,131072,0c00f8138e0e622f6fc7215fc0f0d135e79bf60450e4c79d30e30624a8842117,measured,21,3010514,23106843,26117357,127,0,0,8192,8191,1,Pass,Pass,7408339909486172793
2,31,28,Adrop,Adrop,16MiB,16777216,131072,0c00f8138e0e622f6fc7215fc0f0d135e79bf60450e4c79d30e30624a8842117,measured,21,2999900,20615888,23615788,19488372,1,131072,131072,131071,1,Pass,Pass,7408339909486172793
2,31,29,Adefs,Adefs,2MiB,2097152,16384,6587afedd7c0f949b131311e7425d033a0754a29587f85f26ec370a31fc4edf0,measured,21,113580,1323579,1437159,275,0,0,131072,131071,1,Pass,Pass,7349817109290025153
2,31,30,Acapacity,Acapacity,512KiB,524288,4096,155dfc49f4c05f1087ef002a279acee734e738bc580f2b3925315f95a108242b,measured,21,29376,313452,342828,51,0,0,131072,131071,1,Pass,Pass,192086794746352270
2,31,31,Adrop,Adrop,2MiB,2097152,16384,6587afedd7c0f949b131311e7425d033a0754a29587f85f26ec370a31fc4edf0,measured,21,119506,1241624,1361130,2164774,1,16384,16384,16383,1,Pass,Pass,7349817109290025153
2,31,32,A0,A0,4MiB,4194304,32768,f9dc4b51d64658b088837d5f2a7d485e8eba57daed852c20d443b77cc8137655,measured,21,537421,4340151,4877572,279,0,0,16384,16383,1,Pass,Pass,7876534982476418273
2,31,33,A0-dup,A0,2MiB,2097152,16384,6587afedd7c0f949b131311e7425d033a0754a29587f85f26ec370a31fc4edf0,measured,21,119361,1457287,1576648,304,0,0,16384,16383,1,Pass,Pass,7349817109290025153
2,31,34,Adefs,Adefs,128KiB,131072,1024,22e51081397aebb06a1c4c3f85bd08a6e7041a438f4aae416970027e1ddbb24e,measured,21,7327,80611,87938,87,0,0,16384,16383,1,Pass,Pass,15067928572581534229
2,31,35,A0,A0,512KiB,524288,4096,155dfc49f4c05f1087ef002a279acee734e738bc580f2b3925315f95a108242b,measured,21,29233,314877,344110,45,0,0,16384,16383,1,Pass,Pass,192086794746352270
2,31,36,Adefs,Adefs,16MiB,16777216,131072,0c00f8138e0e622f6fc7215fc0f0d135e79bf60450e4c79d30e30624a8842117,measured,21,3049274,21724125,24773399,184,0,0,16384,16383,1,Pass,Pass,7408339909486172793
2,31,37,Adrop,Adrop,4MiB,4194304,32768,f9dc4b51d64658b088837d5f2a7d485e8eba57daed852c20d443b77cc8137655,measured,21,446889,3678545,4125434,4561890,1,32768,32768,32767,1,Pass,Pass,7876534982476418273
2,31,38,Adefs,Adefs,1MiB,1048576,8192,337a179ec729c20c01309d98317f7ca00691d12ca10285b55ade71fb880e191c,measured,21,57941,606275,664216,193,0,0,32768,32767,1,Pass,Pass,16341657278089853397
2,31,39,Adefs,Adefs,8MiB,8388608,65536,e456d3adf67030c5a168df273f5171ca3e1299e54571d94cca82b117f3cf3aeb,measured,21,1376643,9834948,11211591,104,0,0,32768,32767,1,Pass,Pass,9713268438230653554
2,32,0,Acapacity,Acapacity,128KiB,131072,1024,22e51081397aebb06a1c4c3f85bd08a6e7041a438f4aae416970027e1ddbb24e,measured,22,7287,80632,87919,131,0,0,32768,32767,1,Pass,Pass,15067928572581534229
2,32,1,Adrop,Adrop,4MiB,4194304,32768,f9dc4b51d64658b088837d5f2a7d485e8eba57daed852c20d443b77cc8137655,measured,22,439048,3669448,4108496,4468668,1,32768,32768,32767,1,Pass,Pass,7876534982476418273
2,32,2,Acapacity,Acapacity,2MiB,2097152,16384,6587afedd7c0f949b131311e7425d033a0754a29587f85f26ec370a31fc4edf0,measured,22,120532,1432817,1553349,255,0,0,32768,32767,1,Pass,Pass,7349817109290025153
2,32,3,Adefs,Adefs,512KiB,524288,4096,155dfc49f4c05f1087ef002a279acee734e738bc580f2b3925315f95a108242b,measured,22,28866,291731,320597,107,0,0,32768,32767,1,Pass,Pass,192086794746352270
2,32,4,Acapacity,Acapacity,16MiB,16777216,131072,0c00f8138e0e622f6fc7215fc0f0d135e79bf60450e4c79d30e30624a8842117,measured,22,3099875,23394324,26494199,352,0,0,32768,32767,1,Pass,Pass,7408339909486172793
2,32,5,A0,A0,8MiB,8388608,65536,e456d3adf67030c5a168df273f5171ca3e1299e54571d94cca82b117f3cf3aeb,measured,22,1391488,10686278,12077766,489,0,0,32768,32767,1,Pass,Pass,9713268438230653554
2,32,6,Adefs,Adefs,256KiB,262144,2048,6f0154469137295abd7b45b25bc83aace599559234fd5f331140bd800c48b670,measured,22,14062,154353,168415,92,0,0,32768,32767,1,Pass,Pass,1126272383489710074
2,32,7,A0,A0,128KiB,131072,1024,22e51081397aebb06a1c4c3f85bd08a6e7041a438f4aae416970027e1ddbb24e,measured,22,7120,79861,86981,34,0,0,32768,32767,1,Pass,Pass,15067928572581534229
2,32,8,Acapacity,Acapacity,4MiB,4194304,32768,f9dc4b51d64658b088837d5f2a7d485e8eba57daed852c20d443b77cc8137655,measured,22,474522,4307687,4782209,256,0,0,32768,32767,1,Pass,Pass,7876534982476418273
2,32,9,Adefs,Adefs,128KiB,131072,1024,22e51081397aebb06a1c4c3f85bd08a6e7041a438f4aae416970027e1ddbb24e,measured,22,7393,77647,85040,161,0,0,32768,32767,1,Pass,Pass,15067928572581534229
2,32,10,A0,A0,2MiB,2097152,16384,6587afedd7c0f949b131311e7425d033a0754a29587f85f26ec370a31fc4edf0,measured,22,121990,1496420,1618410,92,0,0,32768,32767,1,Pass,Pass,7349817109290025153
2,32,11,Adefs,Adefs,16MiB,16777216,131072,0c00f8138e0e622f6fc7215fc0f0d135e79bf60450e4c79d30e30624a8842117,measured,22,3159345,21884186,25043531,116,0,0,32768,32767,1,Pass,Pass,7408339909486172793
2,32,12,Adrop,Adrop,1MiB,1048576,8192,337a179ec729c20c01309d98317f7ca00691d12ca10285b55ade71fb880e191c,measured,22,64762,523474,588236,634498,1,8192,8192,8191,1,Pass,Pass,16341657278089853397
2,32,13,Adrop,Adrop,512KiB,524288,4096,155dfc49f4c05f1087ef002a279acee734e738bc580f2b3925315f95a108242b,measured,22,29162,254029,283191,322439,1,4096,4096,4095,1,Pass,Pass,192086794746352270
2,32,14,A0-dup,A0,512KiB,524288,4096,155dfc49f4c05f1087ef002a279acee734e738bc580f2b3925315f95a108242b,measured,22,28890,308100,336990,63,0,0,4096,4095,1,Pass,Pass,192086794746352270
2,32,15,Adrop,Adrop,16MiB,16777216,131072,0c00f8138e0e622f6fc7215fc0f0d135e79bf60450e4c79d30e30624a8842117,measured,22,3093932,20962433,24056365,17639396,1,131072,131072,131071,1,Pass,Pass,7408339909486172793
2,32,16,Adefs,Adefs,8MiB,8388608,65536,e456d3adf67030c5a168df273f5171ca3e1299e54571d94cca82b117f3cf3aeb,measured,22,1392067,9610795,11002862,192,0,0,131072,131071,1,Pass,Pass,9713268438230653554
2,32,17,A0,A0,16MiB,16777216,131072,0c00f8138e0e622f6fc7215fc0f0d135e79bf60450e4c79d30e30624a8842117,measured,22,3029603,23899410,26929013,236,0,0,131072,131071,1,Pass,Pass,7408339909486172793
2,32,18,Adrop,Adrop,128KiB,131072,1024,22e51081397aebb06a1c4c3f85bd08a6e7041a438f4aae416970027e1ddbb24e,measured,22,7217,66910,74127,82761,1,1024,1024,1023,1,Pass,Pass,15067928572581534229
2,32,19,Adrop,Adrop,256KiB,262144,2048,6f0154469137295abd7b45b25bc83aace599559234fd5f331140bd800c48b670,measured,22,13528,123512,137040,152346,1,2048,2048,2047,1,Pass,Pass,1126272383489710074
2,32,20,Acapacity,Acapacity,256KiB,262144,2048,6f0154469137295abd7b45b25bc83aace599559234fd5f331140bd800c48b670,measured,22,13329,157012,170341,76,0,0,2048,2047,1,Pass,Pass,1126272383489710074
2,32,21,Adrop,Adrop,8MiB,8388608,65536,e456d3adf67030c5a168df273f5171ca3e1299e54571d94cca82b117f3cf3aeb,measured,22,1374746,9295710,10670456,8871087,1,65536,65536,65535,1,Pass,Pass,9713268438230653554
2,32,22,A0-dup,A0,8MiB,8388608,65536,e456d3adf67030c5a168df273f5171ca3e1299e54571d94cca82b117f3cf3aeb,measured,22,1383935,10768509,12152444,280,0,0,65536,65535,1,Pass,Pass,9713268438230653554
2,32,23,Acapacity,Acapacity,512KiB,524288,4096,155dfc49f4c05f1087ef002a279acee734e738bc580f2b3925315f95a108242b,measured,22,29064,311363,340427,49,0,0,65536,65535,1,Pass,Pass,192086794746352270
2,32,24,Acapacity,Acapacity,8MiB,8388608,65536,e456d3adf67030c5a168df273f5171ca3e1299e54571d94cca82b117f3cf3aeb,measured,22,1344893,10732245,12077138,420,0,0,65536,65535,1,Pass,Pass,9713268438230653554
2,32,25,Adefs,Adefs,4MiB,4194304,32768,f9dc4b51d64658b088837d5f2a7d485e8eba57daed852c20d443b77cc8137655,measured,22,376857,3796080,4172937,261,0,0,65536,65535,1,Pass,Pass,7876534982476418273
2,32,26,A0,A0,512KiB,524288,4096,155dfc49f4c05f1087ef002a279acee734e738bc580f2b3925315f95a108242b,measured,22,29058,321703,350761,109,0,0,65536,65535,1,Pass,Pass,192086794746352270
2,32,27,A0-dup,A0,4MiB,4194304,32768,f9dc4b51d64658b088837d5f2a7d485e8eba57daed852c20d443b77cc8137655,measured,22,349852,3984153,4334005,110,0,0,65536,65535,1,Pass,Pass,7876534982476418273
2,32,28,A0-dup,A0,16MiB,16777216,131072,0c00f8138e0e622f6fc7215fc0f0d135e79bf60450e4c79d30e30624a8842117,measured,22,3076161,23974537,27050698,361,0,0,65536,65535,1,Pass,Pass,7408339909486172793
2,32,29,A0-dup,A0,1MiB,1048576,8192,337a179ec729c20c01309d98317f7ca00691d12ca10285b55ade71fb880e191c,measured,22,59601,668103,727704,110,0,0,65536,65535,1,Pass,Pass,16341657278089853397
2,32,30,A0-dup,A0,256KiB,262144,2048,6f0154469137295abd7b45b25bc83aace599559234fd5f331140bd800c48b670,measured,22,13716,160639,174355,41,0,0,65536,65535,1,Pass,Pass,1126272383489710074
2,32,31,Adrop,Adrop,2MiB,2097152,16384,6587afedd7c0f949b131311e7425d033a0754a29587f85f26ec370a31fc4edf0,measured,22,116790,1205839,1322629,1728202,1,16384,16384,16383,1,Pass,Pass,7349817109290025153
2,32,32,Adefs,Adefs,1MiB,1048576,8192,337a179ec729c20c01309d98317f7ca00691d12ca10285b55ade71fb880e191c,measured,22,57899,600035,657934,139,0,0,16384,16383,1,Pass,Pass,16341657278089853397
2,32,33,A0-dup,A0,128KiB,131072,1024,22e51081397aebb06a1c4c3f85bd08a6e7041a438f4aae416970027e1ddbb24e,measured,22,7163,79889,87052,50,0,0,16384,16383,1,Pass,Pass,15067928572581534229
2,32,34,A0,A0,4MiB,4194304,32768,f9dc4b51d64658b088837d5f2a7d485e8eba57daed852c20d443b77cc8137655,measured,22,428191,4263073,4691264,121,0,0,16384,16383,1,Pass,Pass,7876534982476418273
2,32,35,Acapacity,Acapacity,1MiB,1048576,8192,337a179ec729c20c01309d98317f7ca00691d12ca10285b55ade71fb880e191c,measured,22,57847,637730,695577,100,0,0,16384,16383,1,Pass,Pass,16341657278089853397
2,32,36,A0,A0,256KiB,262144,2048,6f0154469137295abd7b45b25bc83aace599559234fd5f331140bd800c48b670,measured,22,14199,157482,171681,50,0,0,16384,16383,1,Pass,Pass,1126272383489710074
2,32,37,A0-dup,A0,2MiB,2097152,16384,6587afedd7c0f949b131311e7425d033a0754a29587f85f26ec370a31fc4edf0,measured,22,119610,1490676,1610286,112,0,0,16384,16383,1,Pass,Pass,7349817109290025153
2,32,38,A0,A0,1MiB,1048576,8192,337a179ec729c20c01309d98317f7ca00691d12ca10285b55ade71fb880e191c,measured,22,57964,677027,734991,95,0,0,16384,16383,1,Pass,Pass,16341657278089853397
2,32,39,Adefs,Adefs,2MiB,2097152,16384,6587afedd7c0f949b131311e7425d033a0754a29587f85f26ec370a31fc4edf0,measured,22,118082,1364142,1482224,113,0,0,16384,16383,1,Pass,Pass,7349817109290025153
2,33,0,Acapacity,Acapacity,16MiB,16777216,131072,0c00f8138e0e622f6fc7215fc0f0d135e79bf60450e4c79d30e30624a8842117,measured,23,3034272,23423296,26457568,125,0,0,16384,16383,1,Pass,Pass,7408339909486172793
2,33,1,Adefs,Adefs,512KiB,524288,4096,155dfc49f4c05f1087ef002a279acee734e738bc580f2b3925315f95a108242b,measured,23,29027,307740,336767,81,0,0,16384,16383,1,Pass,Pass,192086794746352270
2,33,2,Acapacity,Acapacity,256KiB,262144,2048,6f0154469137295abd7b45b25bc83aace599559234fd5f331140bd800c48b670,measured,23,13967,174494,188461,34,0,0,16384,16383,1,Pass,Pass,1126272383489710074
2,33,3,A0,A0,1MiB,1048576,8192,337a179ec729c20c01309d98317f7ca00691d12ca10285b55ade71fb880e191c,measured,23,57553,739288,796841,34,0,0,16384,16383,1,Pass,Pass,16341657278089853397
2,33,4,Acapacity,Acapacity,4MiB,4194304,32768,f9dc4b51d64658b088837d5f2a7d485e8eba57daed852c20d443b77cc8137655,measured,23,427549,4167037,4594586,104,0,0,16384,16383,1,Pass,Pass,7876534982476418273
2,33,5,Adefs,Adefs,128KiB,131072,1024,22e51081397aebb06a1c4c3f85bd08a6e7041a438f4aae416970027e1ddbb24e,measured,23,7326,77255,84581,84,0,0,16384,16383,1,Pass,Pass,15067928572581534229
2,33,6,Adefs,Adefs,4MiB,4194304,32768,f9dc4b51d64658b088837d5f2a7d485e8eba57daed852c20d443b77cc8137655,measured,23,446304,4150508,4596812,101,0,0,16384,16383,1,Pass,Pass,7876534982476418273
2,33,7,Adrop,Adrop,4MiB,4194304,32768,f9dc4b51d64658b088837d5f2a7d485e8eba57daed852c20d443b77cc8137655,measured,23,349353,3412882,3762235,4208866,1,32768,32768,32767,1,Pass,Pass,7876534982476418273
2,33,8,A0,A0,16MiB,16777216,131072,0c00f8138e0e622f6fc7215fc0f0d135e79bf60450e4c79d30e30624a8842117,measured,23,3128723,24102756,27231479,267,0,0,32768,32767,1,Pass,Pass,7408339909486172793
2,33,9,Acapacity,Acapacity,128KiB,131072,1024,22e51081397aebb06a1c4c3f85bd08a6e7041a438f4aae416970027e1ddbb24e,measured,23,7141,81107,88248,113,0,0,32768,32767,1,Pass,Pass,15067928572581534229
2,33,10,A0-dup,A0,256KiB,262144,2048,6f0154469137295abd7b45b25bc83aace599559234fd5f331140bd800c48b670,measured,23,13564,163706,177270,32,0,0,32768,32767,1,Pass,Pass,1126272383489710074
2,33,11,A0-dup,A0,128KiB,131072,1024,22e51081397aebb06a1c4c3f85bd08a6e7041a438f4aae416970027e1ddbb24e,measured,23,6677,79624,86301,28,0,0,32768,32767,1,Pass,Pass,15067928572581534229
2,33,12,Acapacity,Acapacity,512KiB,524288,4096,155dfc49f4c05f1087ef002a279acee734e738bc580f2b3925315f95a108242b,measured,23,28749,313735,342484,29,0,0,32768,32767,1,Pass,Pass,192086794746352270
2,33,13,Adefs,Adefs,1MiB,1048576,8192,337a179ec729c20c01309d98317f7ca00691d12ca10285b55ade71fb880e191c,measured,23,57622,615598,673220,30,0,0,32768,32767,1,Pass,Pass,16341657278089853397
2,33,14,Adrop,Adrop,512KiB,524288,4096,155dfc49f4c05f1087ef002a279acee734e738bc580f2b3925315f95a108242b,measured,23,29403,248131,277534,313870,1,4096,4096,4095,1,Pass,Pass,192086794746352270
2,33,15,Acapacity,Acapacity,8MiB,8388608,65536,e456d3adf67030c5a168df273f5171ca3e1299e54571d94cca82b117f3cf3aeb,measured,23,1429560,10433399,11862959,114,0,0,4096,4095,1,Pass,Pass,9713268438230653554
2,33,16,A0,A0,512KiB,524288,4096,155dfc49f4c05f1087ef002a279acee734e738bc580f2b3925315f95a108242b,measured,23,29498,325848,355346,116,0,0,4096,4095,1,Pass,Pass,192086794746352270
2,33,17,Adefs,Adefs,16MiB,16777216,131072,0c00f8138e0e622f6fc7215fc0f0d135e79bf60450e4c79d30e30624a8842117,measured,23,3041045,21662215,24703260,122,0,0,4096,4095,1,Pass,Pass,7408339909486172793
2,33,18,Adrop,Adrop,16MiB,16777216,131072,0c00f8138e0e622f6fc7215fc0f0d135e79bf60450e4c79d30e30624a8842117,measured,23,3028657,20626360,23655017,19550395,1,131072,131072,131071,1,Pass,Pass,7408339909486172793
2,33,19,Adrop,Adrop,128KiB,131072,1024,22e51081397aebb06a1c4c3f85bd08a6e7041a438f4aae416970027e1ddbb24e,measured,23,11284,66572,77856,78291,1,1024,1024,1023,1,Pass,Pass,15067928572581534229
2,33,20,Adefs,Adefs,2MiB,2097152,16384,6587afedd7c0f949b131311e7425d033a0754a29587f85f26ec370a31fc4edf0,measured,23,114349,1378092,1492441,120,0,0,1024,1023,1,Pass,Pass,7349817109290025153
2,33,21,Acapacity,Acapacity,1MiB,1048576,8192,337a179ec729c20c01309d98317f7ca00691d12ca10285b55ade71fb880e191c,measured,23,58129,643018,701147,123,0,0,1024,1023,1,Pass,Pass,16341657278089853397
2,33,22,A0,A0,8MiB,8388608,65536,e456d3adf67030c5a168df273f5171ca3e1299e54571d94cca82b117f3cf3aeb,measured,23,1411211,10683165,12094376,110,0,0,1024,1023,1,Pass,Pass,9713268438230653554
2,33,23,A0-dup,A0,1MiB,1048576,8192,337a179ec729c20c01309d98317f7ca00691d12ca10285b55ade71fb880e191c,measured,23,62909,654847,717756,104,0,0,1024,1023,1,Pass,Pass,16341657278089853397
2,33,24,Acapacity,Acapacity,2MiB,2097152,16384,6587afedd7c0f949b131311e7425d033a0754a29587f85f26ec370a31fc4edf0,measured,23,113857,1456927,1570784,91,0,0,1024,1023,1,Pass,Pass,7349817109290025153
2,33,25,A0-dup,A0,512KiB,524288,4096,155dfc49f4c05f1087ef002a279acee734e738bc580f2b3925315f95a108242b,measured,23,29231,328478,357709,182,0,0,1024,1023,1,Pass,Pass,192086794746352270
2,33,26,Adrop,Adrop,2MiB,2097152,16384,6587afedd7c0f949b131311e7425d033a0754a29587f85f26ec370a31fc4edf0,measured,23,120261,1224030,1344291,1916583,1,16384,16384,16383,1,Pass,Pass,7349817109290025153
2,33,27,A0-dup,A0,16MiB,16777216,131072,0c00f8138e0e622f6fc7215fc0f0d135e79bf60450e4c79d30e30624a8842117,measured,23,3039162,23985463,27024625,204,0,0,16384,16383,1,Pass,Pass,7408339909486172793
2,33,28,A0-dup,A0,4MiB,4194304,32768,f9dc4b51d64658b088837d5f2a7d485e8eba57daed852c20d443b77cc8137655,measured,23,442365,4299871,4742236,127,0,0,16384,16383,1,Pass,Pass,7876534982476418273
2,33,29,A0,A0,256KiB,262144,2048,6f0154469137295abd7b45b25bc83aace599559234fd5f331140bd800c48b670,measured,23,14356,160648,175004,85,0,0,16384,16383,1,Pass,Pass,1126272383489710074
2,33,30,A0,A0,4MiB,4194304,32768,f9dc4b51d64658b088837d5f2a7d485e8eba57daed852c20d443b77cc8137655,measured,23,547645,4339386,4887031,97,0,0,16384,16383,1,Pass,Pass,7876534982476418273
2,33,31,Adrop,Adrop,8MiB,8388608,65536,e456d3adf67030c5a168df273f5171ca3e1299e54571d94cca82b117f3cf3aeb,measured,23,1414593,9210185,10624778,9159410,1,65536,65536,65535,1,Pass,Pass,9713268438230653554
2,33,32,Adrop,Adrop,256KiB,262144,2048,6f0154469137295abd7b45b25bc83aace599559234fd5f331140bd800c48b670,measured,23,14163,126077,140240,158616,1,2048,2048,2047,1,Pass,Pass,1126272383489710074
2,33,33,Adrop,Adrop,1MiB,1048576,8192,337a179ec729c20c01309d98317f7ca00691d12ca10285b55ade71fb880e191c,measured,23,57733,525434,583167,730696,1,8192,8192,8191,1,Pass,Pass,16341657278089853397
2,33,34,Adefs,Adefs,256KiB,262144,2048,6f0154469137295abd7b45b25bc83aace599559234fd5f331140bd800c48b670,measured,23,14086,155943,170029,69,0,0,8192,8191,1,Pass,Pass,1126272383489710074
2,33,35,A0-dup,A0,2MiB,2097152,16384,6587afedd7c0f949b131311e7425d033a0754a29587f85f26ec370a31fc4edf0,measured,23,118353,1440010,1558363,114,0,0,8192,8191,1,Pass,Pass,7349817109290025153
2,33,36,Adefs,Adefs,8MiB,8388608,65536,e456d3adf67030c5a168df273f5171ca3e1299e54571d94cca82b117f3cf3aeb,measured,23,1419396,10063526,11482922,104,0,0,8192,8191,1,Pass,Pass,9713268438230653554
2,33,37,A0,A0,128KiB,131072,1024,22e51081397aebb06a1c4c3f85bd08a6e7041a438f4aae416970027e1ddbb24e,measured,23,7078,81911,88989,109,0,0,8192,8191,1,Pass,Pass,15067928572581534229
2,33,38,A0-dup,A0,8MiB,8388608,65536,e456d3adf67030c5a168df273f5171ca3e1299e54571d94cca82b117f3cf3aeb,measured,23,1441761,10835582,12277343,125,0,0,8192,8191,1,Pass,Pass,9713268438230653554
2,33,39,A0,A0,2MiB,2097152,16384,6587afedd7c0f949b131311e7425d033a0754a29587f85f26ec370a31fc4edf0,measured,23,115971,1452766,1568737,91,0,0,8192,8191,1,Pass,Pass,7349817109290025153
2,34,0,Adrop,Adrop,1MiB,1048576,8192,337a179ec729c20c01309d98317f7ca00691d12ca10285b55ade71fb880e191c,measured,24,58907,549607,608514,650158,1,8192,8192,8191,1,Pass,Pass,16341657278089853397
2,34,1,A0-dup,A0,1MiB,1048576,8192,337a179ec729c20c01309d98317f7ca00691d12ca10285b55ade71fb880e191c,measured,24,58128,666581,724709,55,0,0,8192,8191,1,Pass,Pass,16341657278089853397
2,34,2,Acapacity,Acapacity,256KiB,262144,2048,6f0154469137295abd7b45b25bc83aace599559234fd5f331140bd800c48b670,measured,24,14157,155485,169642,55,0,0,8192,8191,1,Pass,Pass,1126272383489710074
2,34,3,A0,A0,2MiB,2097152,16384,6587afedd7c0f949b131311e7425d033a0754a29587f85f26ec370a31fc4edf0,measured,24,119155,1514294,1633449,113,0,0,8192,8191,1,Pass,Pass,7349817109290025153
2,34,4,Acapacity,Acapacity,2MiB,2097152,16384,6587afedd7c0f949b131311e7425d033a0754a29587f85f26ec370a31fc4edf0,measured,24,119231,1418251,1537482,118,0,0,8192,8191,1,Pass,Pass,7349817109290025153
2,34,5,Acapacity,Acapacity,4MiB,4194304,32768,f9dc4b51d64658b088837d5f2a7d485e8eba57daed852c20d443b77cc8137655,measured,24,538016,4217900,4755916,99,0,0,8192,8191,1,Pass,Pass,7876534982476418273
2,34,6,Adefs,Adefs,256KiB,262144,2048,6f0154469137295abd7b45b25bc83aace599559234fd5f331140bd800c48b670,measured,24,14606,156415,171021,194,0,0,8192,8191,1,Pass,Pass,1126272383489710074
2,34,7,A0-dup,A0,2MiB,2097152,16384,6587afedd7c0f949b131311e7425d033a0754a29587f85f26ec370a31fc4edf0,measured,24,115928,1422059,1537987,195,0,0,8192,8191,1,Pass,Pass,7349817109290025153
2,34,8,Acapacity,Acapacity,16MiB,16777216,131072,0c00f8138e0e622f6fc7215fc0f0d135e79bf60450e4c79d30e30624a8842117,measured,24,3045576,23211102,26256678,399,0,0,8192,8191,1,Pass,Pass,7408339909486172793
2,34,9,Acapacity,Acapacity,128KiB,131072,1024,22e51081397aebb06a1c4c3f85bd08a6e7041a438f4aae416970027e1ddbb24e,measured,24,7095,80649,87744,99,0,0,8192,8191,1,Pass,Pass,15067928572581534229
2,34,10,Adefs,Adefs,16MiB,16777216,131072,0c00f8138e0e622f6fc7215fc0f0d135e79bf60450e4c79d30e30624a8842117,measured,24,3046178,21599925,24646103,704,0,0,8192,8191,1,Pass,Pass,7408339909486172793
2,34,11,A0,A0,16MiB,16777216,131072,0c00f8138e0e622f6fc7215fc0f0d135e79bf60450e4c79d30e30624a8842117,measured,24,3035182,23862660,26897842,153,0,0,8192,8191,1,Pass,Pass,7408339909486172793
2,34,12,Adefs,Adefs,1MiB,1048576,8192,337a179ec729c20c01309d98317f7ca00691d12ca10285b55ade71fb880e191c,measured,24,57711,605549,663260,117,0,0,8192,8191,1,Pass,Pass,16341657278089853397
2,34,13,Adefs,Adefs,4MiB,4194304,32768,f9dc4b51d64658b088837d5f2a7d485e8eba57daed852c20d443b77cc8137655,measured,24,481816,3881982,4363798,115,0,0,8192,8191,1,Pass,Pass,7876534982476418273
2,34,14,A0,A0,8MiB,8388608,65536,e456d3adf67030c5a168df273f5171ca3e1299e54571d94cca82b117f3cf3aeb,measured,24,1426845,11057612,12484457,275,0,0,8192,8191,1,Pass,Pass,9713268438230653554
2,34,15,Adrop,Adrop,16MiB,16777216,131072,0c00f8138e0e622f6fc7215fc0f0d135e79bf60450e4c79d30e30624a8842117,measured,24,3039394,21183925,24223319,19599564,1,131072,131072,131071,1,Pass,Pass,7408339909486172793
2,34,16,Adefs,Adefs,512KiB,524288,4096,155dfc49f4c05f1087ef002a279acee734e738bc580f2b3925315f95a108242b,measured,24,29199,304277,333476,133,0,0,131072,131071,1,Pass,Pass,192086794746352270
2,34,17,Acapacity,Acapacity,512KiB,524288,4096,155dfc49f4c05f1087ef002a279acee734e738bc580f2b3925315f95a108242b,measured,24,28801,304692,333493,29,0,0,131072,131071,1,Pass,Pass,192086794746352270
2,34,18,Adrop,Adrop,2MiB,2097152,16384,6587afedd7c0f949b131311e7425d033a0754a29587f85f26ec370a31fc4edf0,measured,24,114164,1209042,1323206,1950675,1,16384,16384,16383,1,Pass,Pass,7349817109290025153
2,34,19,Adrop,Adrop,4MiB,4194304,32768,f9dc4b51d64658b088837d5f2a7d485e8eba57daed852c20d443b77cc8137655,measured,24,491549,3561978,4053527,4100124,1,32768,32768,32767,1,Pass,Pass,7876534982476418273
2,34,20,Adefs,Adefs,128KiB,131072,1024,22e51081397aebb06a1c4c3f85bd08a6e7041a438f4aae416970027e1ddbb24e,measured,24,7200,77812,85012,185,0,0,32768,32767,1,Pass,Pass,15067928572581534229
2,34,21,Adefs,Adefs,8MiB,8388608,65536,e456d3adf67030c5a168df273f5171ca3e1299e54571d94cca82b117f3cf3aeb,measured,24,1430040,10160496,11590536,134,0,0,32768,32767,1,Pass,Pass,9713268438230653554
2,34,22,Adrop,Adrop,128KiB,131072,1024,22e51081397aebb06a1c4c3f85bd08a6e7041a438f4aae416970027e1ddbb24e,measured,24,7030,64963,71993,76857,1,1024,1024,1023,1,Pass,Pass,15067928572581534229
2,34,23,Adrop,Adrop,256KiB,262144,2048,6f0154469137295abd7b45b25bc83aace599559234fd5f331140bd800c48b670,measured,24,13752,124843,138595,160384,1,2048,2048,2047,1,Pass,Pass,1126272383489710074
2,34,24,A0-dup,A0,128KiB,131072,1024,22e51081397aebb06a1c4c3f85bd08a6e7041a438f4aae416970027e1ddbb24e,measured,24,6564,77908,84472,72,0,0,2048,2047,1,Pass,Pass,15067928572581534229
2,34,25,Acapacity,Acapacity,8MiB,8388608,65536,e456d3adf67030c5a168df273f5171ca3e1299e54571d94cca82b117f3cf3aeb,measured,24,1441138,10679604,12120742,319,0,0,2048,2047,1,Pass,Pass,9713268438230653554
2,34,26,A0,A0,1MiB,1048576,8192,337a179ec729c20c01309d98317f7ca00691d12ca10285b55ade71fb880e191c,measured,24,58152,656913,715065,235,0,0,2048,2047,1,Pass,Pass,16341657278089853397
2,34,27,Adrop,Adrop,8MiB,8388608,65536,e456d3adf67030c5a168df273f5171ca3e1299e54571d94cca82b117f3cf3aeb,measured,24,1431507,9233133,10664640,9705279,1,65536,65536,65535,1,Pass,Pass,9713268438230653554
2,34,28,A0-dup,A0,16MiB,16777216,131072,0c00f8138e0e622f6fc7215fc0f0d135e79bf60450e4c79d30e30624a8842117,measured,24,3082705,23967743,27050448,201,0,0,65536,65535,1,Pass,Pass,7408339909486172793
2,34,29,A0-dup,A0,8MiB,8388608,65536,e456d3adf67030c5a168df273f5171ca3e1299e54571d94cca82b117f3cf3aeb,measured,24,1514606,11445004,12959610,112,0,0,65536,65535,1,Pass,Pass,9713268438230653554
2,34,30,Acapacity,Acapacity,1MiB,1048576,8192,337a179ec729c20c01309d98317f7ca00691d12ca10285b55ade71fb880e191c,measured,24,61996,638796,700792,109,0,0,65536,65535,1,Pass,Pass,16341657278089853397
2,34,31,A0-dup,A0,256KiB,262144,2048,6f0154469137295abd7b45b25bc83aace599559234fd5f331140bd800c48b670,measured,24,14070,161273,175343,28,0,0,65536,65535,1,Pass,Pass,1126272383489710074
2,34,32,A0-dup,A0,512KiB,524288,4096,155dfc49f4c05f1087ef002a279acee734e738bc580f2b3925315f95a108242b,measured,24,28631,316147,344778,36,0,0,65536,65535,1,Pass,Pass,192086794746352270
2,34,33,A0,A0,512KiB,524288,4096,155dfc49f4c05f1087ef002a279acee734e738bc580f2b3925315f95a108242b,measured,24,28918,309802,338720,32,0,0,65536,65535,1,Pass,Pass,192086794746352270
2,34,34,A0,A0,4MiB,4194304,32768,f9dc4b51d64658b088837d5f2a7d485e8eba57daed852c20d443b77cc8137655,measured,24,524903,4262573,4787476,127,0,0,65536,65535,1,Pass,Pass,7876534982476418273
2,34,35,A0,A0,128KiB,131072,1024,22e51081397aebb06a1c4c3f85bd08a6e7041a438f4aae416970027e1ddbb24e,measured,24,7172,81815,88987,142,0,0,65536,65535,1,Pass,Pass,15067928572581534229
2,34,36,A0-dup,A0,4MiB,4194304,32768,f9dc4b51d64658b088837d5f2a7d485e8eba57daed852c20d443b77cc8137655,measured,24,501710,4243075,4744785,457,0,0,65536,65535,1,Pass,Pass,7876534982476418273
2,34,37,Adrop,Adrop,512KiB,524288,4096,155dfc49f4c05f1087ef002a279acee734e738bc580f2b3925315f95a108242b,measured,24,29345,257464,286809,317172,1,4096,4096,4095,1,Pass,Pass,192086794746352270
2,34,38,A0,A0,256KiB,262144,2048,6f0154469137295abd7b45b25bc83aace599559234fd5f331140bd800c48b670,measured,24,13906,158694,172600,79,0,0,4096,4095,1,Pass,Pass,1126272383489710074
2,34,39,Adefs,Adefs,2MiB,2097152,16384,6587afedd7c0f949b131311e7425d033a0754a29587f85f26ec370a31fc4edf0,measured,24,115630,1371783,1487413,111,0,0,4096,4095,1,Pass,Pass,7349817109290025153
2,35,0,Adefs,Adefs,16MiB,16777216,131072,0c00f8138e0e622f6fc7215fc0f0d135e79bf60450e4c79d30e30624a8842117,measured,25,3122557,21789601,24912158,429,0,0,4096,4095,1,Pass,Pass,7408339909486172793
2,35,1,Adrop,Adrop,1MiB,1048576,8192,337a179ec729c20c01309d98317f7ca00691d12ca10285b55ade71fb880e191c,measured,25,58125,517517,575642,629606,1,8192,8192,8191,1,Pass,Pass,16341657278089853397
2,35,2,Adrop,Adrop,4MiB,4194304,32768,f9dc4b51d64658b088837d5f2a7d485e8eba57daed852c20d443b77cc8137655,measured,25,514672,3601680,4116352,4836644,1,32768,32768,32767,1,Pass,Pass,7876534982476418273
2,35,3,Adrop,Adrop,16MiB,16777216,131072,0c00f8138e0e622f6fc7215fc0f0d135e79bf60450e4c79d30e30624a8842117,measured,25,3046306,20771299,23817605,19521498,1,131072,131072,131071,1,Pass,Pass,7408339909486172793
2,35,4,A0,A0,1MiB,1048576,8192,337a179ec729c20c01309d98317f7ca00691d12ca10285b55ade71fb880e191c,measured,25,57978,664745,722723,214,0,0,131072,131071,1,Pass,Pass,16341657278089853397
2,35,5,A0,A0,128KiB,131072,1024,22e51081397aebb06a1c4c3f85bd08a6e7041a438f4aae416970027e1ddbb24e,measured,25,6426,78060,84486,52,0,0,131072,131071,1,Pass,Pass,15067928572581534229
2,35,6,Adefs,Adefs,512KiB,524288,4096,155dfc49f4c05f1087ef002a279acee734e738bc580f2b3925315f95a108242b,measured,25,45835,331294,377129,53,0,0,131072,131071,1,Pass,Pass,192086794746352270
2,35,7,A0-dup,A0,2MiB,2097152,16384,6587afedd7c0f949b131311e7425d033a0754a29587f85f26ec370a31fc4edf0,measured,25,118536,1476089,1594625,258,0,0,131072,131071,1,Pass,Pass,7349817109290025153
2,35,8,A0-dup,A0,4MiB,4194304,32768,f9dc4b51d64658b088837d5f2a7d485e8eba57daed852c20d443b77cc8137655,measured,25,489671,4152796,4642467,99,0,0,131072,131071,1,Pass,Pass,7876534982476418273
2,35,9,Adefs,Adefs,1MiB,1048576,8192,337a179ec729c20c01309d98317f7ca00691d12ca10285b55ade71fb880e191c,measured,25,57855,606535,664390,30,0,0,131072,131071,1,Pass,Pass,16341657278089853397
2,35,10,Adrop,Adrop,256KiB,262144,2048,6f0154469137295abd7b45b25bc83aace599559234fd5f331140bd800c48b670,measured,25,13883,128758,142641,154186,1,2048,2048,2047,1,Pass,Pass,1126272383489710074
2,35,11,Adrop,Adrop,8MiB,8388608,65536,e456d3adf67030c5a168df273f5171ca3e1299e54571d94cca82b117f3cf3aeb,measured,25,1429117,9486799,10915916,8711969,1,65536,65536,65535,1,Pass,Pass,9713268438230653554
2,35,12,A0,A0,8MiB,8388608,65536,e456d3adf67030c5a168df273f5171ca3e1299e54571d94cca82b117f3cf3aeb,measured,25,1419525,11205999,12625524,356,0,0,65536,65535,1,Pass,Pass,9713268438230653554
2,35,13,Adrop,Adrop,2MiB,2097152,16384,6587afedd7c0f949b131311e7425d033a0754a29587f85f26ec370a31fc4edf0,measured,25,114246,1189307,1303553,1860181,1,16384,16384,16383,1,Pass,Pass,7349817109290025153
2,35,14,A0,A0,4MiB,4194304,32768,f9dc4b51d64658b088837d5f2a7d485e8eba57daed852c20d443b77cc8137655,measured,25,482759,4196792,4679551,204,0,0,16384,16383,1,Pass,Pass,7876534982476418273
2,35,15,A0-dup,A0,8MiB,8388608,65536,e456d3adf67030c5a168df273f5171ca3e1299e54571d94cca82b117f3cf3aeb,measured,25,1440906,11097794,12538700,185,0,0,16384,16383,1,Pass,Pass,9713268438230653554
2,35,16,Adefs,Adefs,128KiB,131072,1024,22e51081397aebb06a1c4c3f85bd08a6e7041a438f4aae416970027e1ddbb24e,measured,25,7015,77048,84063,170,0,0,16384,16383,1,Pass,Pass,15067928572581534229
2,35,17,A0-dup,A0,256KiB,262144,2048,6f0154469137295abd7b45b25bc83aace599559234fd5f331140bd800c48b670,measured,25,13885,158914,172799,35,0,0,16384,16383,1,Pass,Pass,1126272383489710074
2,35,18,Acapacity,Acapacity,16MiB,16777216,131072,0c00f8138e0e622f6fc7215fc0f0d135e79bf60450e4c79d30e30624a8842117,measured,25,3126667,23377115,26503782,301,0,0,16384,16383,1,Pass,Pass,7408339909486172793
2,35,19,Adefs,Adefs,8MiB,8388608,65536,e456d3adf67030c5a168df273f5171ca3e1299e54571d94cca82b117f3cf3aeb,measured,25,1439241,9963457,11402698,351,0,0,16384,16383,1,Pass,Pass,9713268438230653554
2,35,20,A0,A0,256KiB,262144,2048,6f0154469137295abd7b45b25bc83aace599559234fd5f331140bd800c48b670,measured,25,14490,173100,187590,132,0,0,16384,16383,1,Pass,Pass,1126272383489710074
2,35,21,Adrop,Adrop,128KiB,131072,1024,22e51081397aebb06a1c4c3f85bd08a6e7041a438f4aae416970027e1ddbb24e,measured,25,6645,62136,68781,77924,1,1024,1024,1023,1,Pass,Pass,15067928572581534229
2,35,22,Adrop,Adrop,512KiB,524288,4096,155dfc49f4c05f1087ef002a279acee734e738bc580f2b3925315f95a108242b,measured,25,28670,249961,278631,319313,1,4096,4096,4095,1,Pass,Pass,192086794746352270
2,35,23,Adefs,Adefs,256KiB,262144,2048,6f0154469137295abd7b45b25bc83aace599559234fd5f331140bd800c48b670,measured,25,13715,150977,164692,89,0,0,4096,4095,1,Pass,Pass,1126272383489710074
2,35,24,A0-dup,A0,512KiB,524288,4096,155dfc49f4c05f1087ef002a279acee734e738bc580f2b3925315f95a108242b,measured,25,28677,309680,338357,33,0,0,4096,4095,1,Pass,Pass,192086794746352270
2,35,25,Adefs,Adefs,4MiB,4194304,32768,f9dc4b51d64658b088837d5f2a7d485e8eba57daed852c20d443b77cc8137655,measured,25,529076,4046563,4575639,282,0,0,4096,4095,1,Pass,Pass,7876534982476418273
2,35,26,A0,A0,16MiB,16777216,131072,0c00f8138e0e622f6fc7215fc0f0d135e79bf60450e4c79d30e30624a8842117,measured,25,3106393,23907531,27013924,288,0,0,4096,4095,1,Pass,Pass,7408339909486172793
2,35,27,Acapacity,Acapacity,2MiB,2097152,16384,6587afedd7c0f949b131311e7425d033a0754a29587f85f26ec370a31fc4edf0,measured,25,115011,1563324,1678335,97,0,0,4096,4095,1,Pass,Pass,7349817109290025153
2,35,28,A0,A0,2MiB,2097152,16384,6587afedd7c0f949b131311e7425d033a0754a29587f85f26ec370a31fc4edf0,measured,25,116189,1450330,1566519,100,0,0,4096,4095,1,Pass,Pass,7349817109290025153
2,35,29,A0-dup,A0,128KiB,131072,1024,22e51081397aebb06a1c4c3f85bd08a6e7041a438f4aae416970027e1ddbb24e,measured,25,7069,81202,88271,81,0,0,4096,4095,1,Pass,Pass,15067928572581534229
2,35,30,A0,A0,512KiB,524288,4096,155dfc49f4c05f1087ef002a279acee734e738bc580f2b3925315f95a108242b,measured,25,28721,314072,342793,31,0,0,4096,4095,1,Pass,Pass,192086794746352270
2,35,31,Acapacity,Acapacity,4MiB,4194304,32768,f9dc4b51d64658b088837d5f2a7d485e8eba57daed852c20d443b77cc8137655,measured,25,513328,4345117,4858445,204,0,0,4096,4095,1,Pass,Pass,7876534982476418273
2,35,32,A0-dup,A0,16MiB,16777216,131072,0c00f8138e0e622f6fc7215fc0f0d135e79bf60450e4c79d30e30624a8842117,measured,25,3046529,24020312,27066841,410,0,0,4096,4095,1,Pass,Pass,7408339909486172793
2,35,33,Adefs,Adefs,2MiB,2097152,16384,6587afedd7c0f949b131311e7425d033a0754a29587f85f26ec370a31fc4edf0,measured,25,120023,1457045,1577068,147,0,0,4096,4095,1,Pass,Pass,7349817109290025153
2,35,34,Acapacity,Acapacity,256KiB,262144,2048,6f0154469137295abd7b45b25bc83aace599559234fd5f331140bd800c48b670,measured,25,14093,157617,171710,32,0,0,4096,4095,1,Pass,Pass,1126272383489710074
2,35,35,Acapacity,Acapacity,512KiB,524288,4096,155dfc49f4c05f1087ef002a279acee734e738bc580f2b3925315f95a108242b,measured,25,28861,310603,339464,31,0,0,4096,4095,1,Pass,Pass,192086794746352270
2,35,36,Acapacity,Acapacity,128KiB,131072,1024,22e51081397aebb06a1c4c3f85bd08a6e7041a438f4aae416970027e1ddbb24e,measured,25,6752,78330,85082,45,0,0,4096,4095,1,Pass,Pass,15067928572581534229
2,35,37,Acapacity,Acapacity,8MiB,8388608,65536,e456d3adf67030c5a168df273f5171ca3e1299e54571d94cca82b117f3cf3aeb,measured,25,1425842,11001217,12427059,176,0,0,4096,4095,1,Pass,Pass,9713268438230653554
2,35,38,A0-dup,A0,1MiB,1048576,8192,337a179ec729c20c01309d98317f7ca00691d12ca10285b55ade71fb880e191c,measured,25,58144,660135,718279,110,0,0,4096,4095,1,Pass,Pass,16341657278089853397
2,35,39,Acapacity,Acapacity,1MiB,1048576,8192,337a179ec729c20c01309d98317f7ca00691d12ca10285b55ade71fb880e191c,measured,25,57807,629784,687591,55,0,0,4096,4095,1,Pass,Pass,16341657278089853397
2,36,0,Adefs,Adefs,8MiB,8388608,65536,e456d3adf67030c5a168df273f5171ca3e1299e54571d94cca82b117f3cf3aeb,measured,26,1449044,10342594,11791638,173,0,0,4096,4095,1,Pass,Pass,9713268438230653554
2,36,1,Acapacity,Acapacity,1MiB,1048576,8192,337a179ec729c20c01309d98317f7ca00691d12ca10285b55ade71fb880e191c,measured,26,58405,639044,697449,89,0,0,4096,4095,1,Pass,Pass,16341657278089853397
2,36,2,A0-dup,A0,512KiB,524288,4096,155dfc49f4c05f1087ef002a279acee734e738bc580f2b3925315f95a108242b,measured,26,29319,313971,343290,28,0,0,4096,4095,1,Pass,Pass,192086794746352270
2,36,3,A0,A0,256KiB,262144,2048,6f0154469137295abd7b45b25bc83aace599559234fd5f331140bd800c48b670,measured,26,13879,160930,174809,44,0,0,4096,4095,1,Pass,Pass,1126272383489710074
2,36,4,Adrop,Adrop,4MiB,4194304,32768,f9dc4b51d64658b088837d5f2a7d485e8eba57daed852c20d443b77cc8137655,measured,26,414748,3921790,4336538,4684702,1,32768,32768,32767,1,Pass,Pass,7876534982476418273
2,36,5,A0-dup,A0,2MiB,2097152,16384,6587afedd7c0f949b131311e7425d033a0754a29587f85f26ec370a31fc4edf0,measured,26,119824,1488926,1608750,195,0,0,32768,32767,1,Pass,Pass,7349817109290025153
2,36,6,Acapacity,Acapacity,16MiB,16777216,131072,0c00f8138e0e622f6fc7215fc0f0d135e79bf60450e4c79d30e30624a8842117,measured,26,3159404,23212078,26371482,274,0,0,32768,32767,1,Pass,Pass,7408339909486172793
2,36,7,Adrop,Adrop,1MiB,1048576,8192,337a179ec729c20c01309d98317f7ca00691d12ca10285b55ade71fb880e191c,measured,26,57973,523871,581844,657797,1,8192,8192,8191,1,Pass,Pass,16341657278089853397
2,36,8,Adrop,Adrop,2MiB,2097152,16384,6587afedd7c0f949b131311e7425d033a0754a29587f85f26ec370a31fc4edf0,measured,26,114913,1206186,1321099,2049239,1,16384,16384,16383,1,Pass,Pass,7349817109290025153
2,36,9,Adrop,Adrop,128KiB,131072,1024,22e51081397aebb06a1c4c3f85bd08a6e7041a438f4aae416970027e1ddbb24e,measured,26,6998,71578,78576,79252,1,1024,1024,1023,1,Pass,Pass,15067928572581534229
2,36,10,Adrop,Adrop,16MiB,16777216,131072,0c00f8138e0e622f6fc7215fc0f0d135e79bf60450e4c79d30e30624a8842117,measured,26,3066376,20769420,23835796,20756442,1,131072,131072,131071,1,Pass,Pass,7408339909486172793
2,36,11,A0-dup,A0,8MiB,8388608,65536,e456d3adf67030c5a168df273f5171ca3e1299e54571d94cca82b117f3cf3aeb,measured,26,1378332,10569355,11947687,125,0,0,131072,131071,1,Pass,Pass,9713268438230653554
2,36,12,Acapacity,Acapacity,128KiB,131072,1024,22e51081397aebb06a1c4c3f85bd08a6e7041a438f4aae416970027e1ddbb24e,measured,26,10516,81220,91736,100,0,0,131072,131071,1,Pass,Pass,15067928572581534229
2,36,13,Acapacity,Acapacity,8MiB,8388608,65536,e456d3adf67030c5a168df273f5171ca3e1299e54571d94cca82b117f3cf3aeb,measured,26,1415477,10903507,12318984,166,0,0,131072,131071,1,Pass,Pass,9713268438230653554
2,36,14,Adefs,Adefs,256KiB,262144,2048,6f0154469137295abd7b45b25bc83aace599559234fd5f331140bd800c48b670,measured,26,14001,150778,164779,285,0,0,131072,131071,1,Pass,Pass,1126272383489710074
2,36,15,A0-dup,A0,256KiB,262144,2048,6f0154469137295abd7b45b25bc83aace599559234fd5f331140bd800c48b670,measured,26,13687,157983,171670,30,0,0,131072,131071,1,Pass,Pass,1126272383489710074
2,36,16,Adefs,Adefs,128KiB,131072,1024,22e51081397aebb06a1c4c3f85bd08a6e7041a438f4aae416970027e1ddbb24e,measured,26,6602,77546,84148,32,0,0,131072,131071,1,Pass,Pass,15067928572581534229
2,36,17,Adefs,Adefs,4MiB,4194304,32768,f9dc4b51d64658b088837d5f2a7d485e8eba57daed852c20d443b77cc8137655,measured,26,492511,4312745,4805256,295,0,0,131072,131071,1,Pass,Pass,7876534982476418273
2,36,18,A0-dup,A0,1MiB,1048576,8192,337a179ec729c20c01309d98317f7ca00691d12ca10285b55ade71fb880e191c,measured,26,78929,695173,774102,310,0,0,131072,131071,1,Pass,Pass,16341657278089853397
2,36,19,Adrop,Adrop,512KiB,524288,4096,155dfc49f4c05f1087ef002a279acee734e738bc580f2b3925315f95a108242b,measured,26,41312,247995,289307,354117,1,4096,4096,4095,1,Pass,Pass,192086794746352270
2,36,20,A0,A0,1MiB,1048576,8192,337a179ec729c20c01309d98317f7ca00691d12ca10285b55ade71fb880e191c,measured,26,57618,675413,733031,67,0,0,4096,4095,1,Pass,Pass,16341657278089853397
2,36,21,Acapacity,Acapacity,512KiB,524288,4096,155dfc49f4c05f1087ef002a279acee734e738bc580f2b3925315f95a108242b,measured,26,29279,314628,343907,43,0,0,4096,4095,1,Pass,Pass,192086794746352270
2,36,22,A0,A0,2MiB,2097152,16384,6587afedd7c0f949b131311e7425d033a0754a29587f85f26ec370a31fc4edf0,measured,26,136687,1471542,1608229,360,0,0,4096,4095,1,Pass,Pass,7349817109290025153
2,36,23,Adefs,Adefs,512KiB,524288,4096,155dfc49f4c05f1087ef002a279acee734e738bc580f2b3925315f95a108242b,measured,26,29377,298370,327747,109,0,0,4096,4095,1,Pass,Pass,192086794746352270
2,36,24,Acapacity,Acapacity,2MiB,2097152,16384,6587afedd7c0f949b131311e7425d033a0754a29587f85f26ec370a31fc4edf0,measured,26,120175,1499198,1619373,112,0,0,4096,4095,1,Pass,Pass,7349817109290025153
2,36,25,A0,A0,16MiB,16777216,131072,0c00f8138e0e622f6fc7215fc0f0d135e79bf60450e4c79d30e30624a8842117,measured,26,3231497,24455904,27687401,262,0,0,4096,4095,1,Pass,Pass,7408339909486172793
2,36,26,Adrop,Adrop,256KiB,262144,2048,6f0154469137295abd7b45b25bc83aace599559234fd5f331140bd800c48b670,measured,26,14186,130327,144513,153705,1,2048,2048,2047,1,Pass,Pass,1126272383489710074
2,36,27,A0,A0,128KiB,131072,1024,22e51081397aebb06a1c4c3f85bd08a6e7041a438f4aae416970027e1ddbb24e,measured,26,6509,78163,84672,60,0,0,2048,2047,1,Pass,Pass,15067928572581534229
2,36,28,A0,A0,512KiB,524288,4096,155dfc49f4c05f1087ef002a279acee734e738bc580f2b3925315f95a108242b,measured,26,28733,323911,352644,64,0,0,2048,2047,1,Pass,Pass,192086794746352270
2,36,29,Acapacity,Acapacity,256KiB,262144,2048,6f0154469137295abd7b45b25bc83aace599559234fd5f331140bd800c48b670,measured,26,13768,154483,168251,87,0,0,2048,2047,1,Pass,Pass,1126272383489710074
2,36,30,A0-dup,A0,16MiB,16777216,131072,0c00f8138e0e622f6fc7215fc0f0d135e79bf60450e4c79d30e30624a8842117,measured,26,3042076,24549069,27591145,142,0,0,2048,2047,1,Pass,Pass,7408339909486172793
2,36,31,A0-dup,A0,4MiB,4194304,32768,f9dc4b51d64658b088837d5f2a7d485e8eba57daed852c20d443b77cc8137655,measured,26,477255,4333047,4810302,396,0,0,2048,2047,1,Pass,Pass,7876534982476418273
2,36,32,A0-dup,A0,128KiB,131072,1024,22e51081397aebb06a1c4c3f85bd08a6e7041a438f4aae416970027e1ddbb24e,measured,26,7216,101605,108821,88,0,0,2048,2047,1,Pass,Pass,15067928572581534229
2,36,33,A0,A0,8MiB,8388608,65536,e456d3adf67030c5a168df273f5171ca3e1299e54571d94cca82b117f3cf3aeb,measured,26,1428756,10804431,12233187,213,0,0,2048,2047,1,Pass,Pass,9713268438230653554
2,36,34,Acapacity,Acapacity,4MiB,4194304,32768,f9dc4b51d64658b088837d5f2a7d485e8eba57daed852c20d443b77cc8137655,measured,26,395732,3959281,4355013,301,0,0,2048,2047,1,Pass,Pass,7876534982476418273
2,36,35,Adefs,Adefs,16MiB,16777216,131072,0c00f8138e0e622f6fc7215fc0f0d135e79bf60450e4c79d30e30624a8842117,measured,26,3065351,21764913,24830264,182,0,0,2048,2047,1,Pass,Pass,7408339909486172793
2,36,36,Adrop,Adrop,8MiB,8388608,65536,e456d3adf67030c5a168df273f5171ca3e1299e54571d94cca82b117f3cf3aeb,measured,26,1414119,9672367,11086486,8995597,1,65536,65536,65535,1,Pass,Pass,9713268438230653554
2,36,37,Adefs,Adefs,1MiB,1048576,8192,337a179ec729c20c01309d98317f7ca00691d12ca10285b55ade71fb880e191c,measured,26,57924,635797,693721,103,0,0,65536,65535,1,Pass,Pass,16341657278089853397
2,36,38,A0,A0,4MiB,4194304,32768,f9dc4b51d64658b088837d5f2a7d485e8eba57daed852c20d443b77cc8137655,measured,26,431780,4178941,4610721,145,0,0,65536,65535,1,Pass,Pass,7876534982476418273
2,36,39,Adefs,Adefs,2MiB,2097152,16384,6587afedd7c0f949b131311e7425d033a0754a29587f85f26ec370a31fc4edf0,measured,26,120194,1352214,1472408,354,0,0,65536,65535,1,Pass,Pass,7349817109290025153
2,37,0,Adefs,Adefs,128KiB,131072,1024,22e51081397aebb06a1c4c3f85bd08a6e7041a438f4aae416970027e1ddbb24e,measured,27,6933,78091,85024,31,0,0,65536,65535,1,Pass,Pass,15067928572581534229
2,37,1,A0-dup,A0,16MiB,16777216,131072,0c00f8138e0e622f6fc7215fc0f0d135e79bf60450e4c79d30e30624a8842117,measured,27,3045639,23972333,27017972,364,0,0,65536,65535,1,Pass,Pass,7408339909486172793
2,37,2,A0-dup,A0,256KiB,262144,2048,6f0154469137295abd7b45b25bc83aace599559234fd5f331140bd800c48b670,measured,27,14496,162018,176514,91,0,0,65536,65535,1,Pass,Pass,1126272383489710074
2,37,3,A0,A0,4MiB,4194304,32768,f9dc4b51d64658b088837d5f2a7d485e8eba57daed852c20d443b77cc8137655,measured,27,448175,4264234,4712409,362,0,0,65536,65535,1,Pass,Pass,7876534982476418273
2,37,4,A0-dup,A0,2MiB,2097152,16384,6587afedd7c0f949b131311e7425d033a0754a29587f85f26ec370a31fc4edf0,measured,27,115304,1456009,1571313,88,0,0,65536,65535,1,Pass,Pass,7349817109290025153
2,37,5,A0-dup,A0,512KiB,524288,4096,155dfc49f4c05f1087ef002a279acee734e738bc580f2b3925315f95a108242b,measured,27,29362,329705,359067,109,0,0,65536,65535,1,Pass,Pass,192086794746352270
2,37,6,Adefs,Adefs,2MiB,2097152,16384,6587afedd7c0f949b131311e7425d033a0754a29587f85f26ec370a31fc4edf0,measured,27,114531,1376366,1490897,251,0,0,65536,65535,1,Pass,Pass,7349817109290025153
2,37,7,Adrop,Adrop,4MiB,4194304,32768,f9dc4b51d64658b088837d5f2a7d485e8eba57daed852c20d443b77cc8137655,measured,27,442080,3719316,4161396,4830999,1,32768,32768,32767,1,Pass,Pass,7876534982476418273
2,37,8,Adrop,Adrop,1MiB,1048576,8192,337a179ec729c20c01309d98317f7ca00691d12ca10285b55ade71fb880e191c,measured,27,57825,529036,586861,640462,1,8192,8192,8191,1,Pass,Pass,16341657278089853397
2,37,9,A0,A0,1MiB,1048576,8192,337a179ec729c20c01309d98317f7ca00691d12ca10285b55ade71fb880e191c,measured,27,58603,652647,711250,200,0,0,8192,8191,1,Pass,Pass,16341657278089853397
2,37,10,A0-dup,A0,8MiB,8388608,65536,e456d3adf67030c5a168df273f5171ca3e1299e54571d94cca82b117f3cf3aeb,measured,27,1386869,10949484,12336353,156,0,0,8192,8191,1,Pass,Pass,9713268438230653554
2,37,11,Adrop,Adrop,2MiB,2097152,16384,6587afedd7c0f949b131311e7425d033a0754a29587f85f26ec370a31fc4edf0,measured,27,117690,1197812,1315502,1915463,1,16384,16384,16383,1,Pass,Pass,7349817109290025153
2,37,12,Adefs,Adefs,16MiB,16777216,131072,0c00f8138e0e622f6fc7215fc0f0d135e79bf60450e4c79d30e30624a8842117,measured,27,3044602,22283434,25328036,291,0,0,16384,16383,1,Pass,Pass,7408339909486172793
2,37,13,Adrop,Adrop,256KiB,262144,2048,6f0154469137295abd7b45b25bc83aace599559234fd5f331140bd800c48b670,measured,27,17712,133404,151116,154390,1,2048,2048,2047,1,Pass,Pass,1126272383489710074
2,37,14,A0,A0,2MiB,2097152,16384,6587afedd7c0f949b131311e7425d033a0754a29587f85f26ec370a31fc4edf0,measured,27,118959,1447069,1566028,124,0,0,2048,2047,1,Pass,Pass,7349817109290025153
2,37,15,A0,A0,512KiB,524288,4096,155dfc49f4c05f1087ef002a279acee734e738bc580f2b3925315f95a108242b,measured,27,29322,329323,358645,98,0,0,2048,2047,1,Pass,Pass,192086794746352270
2,37,16,Adefs,Adefs,1MiB,1048576,8192,337a179ec729c20c01309d98317f7ca00691d12ca10285b55ade71fb880e191c,measured,27,58442,616816,675258,49,0,0,2048,2047,1,Pass,Pass,16341657278089853397
2,37,17,A0,A0,128KiB,131072,1024,22e51081397aebb06a1c4c3f85bd08a6e7041a438f4aae416970027e1ddbb24e,measured,27,6856,80181,87037,49,0,0,2048,2047,1,Pass,Pass,15067928572581534229
2,37,18,Acapacity,Acapacity,1MiB,1048576,8192,337a179ec729c20c01309d98317f7ca00691d12ca10285b55ade71fb880e191c,measured,27,57651,637222,694873,113,0,0,2048,2047,1,Pass,Pass,16341657278089853397
2,37,19,Acapacity,Acapacity,256KiB,262144,2048,6f0154469137295abd7b45b25bc83aace599559234fd5f331140bd800c48b670,measured,27,14540,158143,172683,52,0,0,2048,2047,1,Pass,Pass,1126272383489710074
2,37,20,Adefs,Adefs,512KiB,524288,4096,155dfc49f4c05f1087ef002a279acee734e738bc580f2b3925315f95a108242b,measured,27,28884,295474,324358,43,0,0,2048,2047,1,Pass,Pass,192086794746352270
2,37,21,A0-dup,A0,1MiB,1048576,8192,337a179ec729c20c01309d98317f7ca00691d12ca10285b55ade71fb880e191c,measured,27,57566,659545,717111,51,0,0,2048,2047,1,Pass,Pass,16341657278089853397
2,37,22,Acapacity,Acapacity,128KiB,131072,1024,22e51081397aebb06a1c4c3f85bd08a6e7041a438f4aae416970027e1ddbb24e,measured,27,6907,78088,84995,43,0,0,2048,2047,1,Pass,Pass,15067928572581534229
2,37,23,Adrop,Adrop,128KiB,131072,1024,22e51081397aebb06a1c4c3f85bd08a6e7041a438f4aae416970027e1ddbb24e,measured,27,6623,62772,69395,80891,1,1024,1024,1023,1,Pass,Pass,15067928572581534229
2,37,24,A0,A0,256KiB,262144,2048,6f0154469137295abd7b45b25bc83aace599559234fd5f331140bd800c48b670,measured,27,13623,157157,170780,67,0,0,1024,1023,1,Pass,Pass,1126272383489710074
2,37,25,Acapacity,Acapacity,8MiB,8388608,65536,e456d3adf67030c5a168df273f5171ca3e1299e54571d94cca82b117f3cf3aeb,measured,27,1399199,11058481,12457680,231,0,0,1024,1023,1,Pass,Pass,9713268438230653554
2,37,26,A0-dup,A0,128KiB,131072,1024,22e51081397aebb06a1c4c3f85bd08a6e7041a438f4aae416970027e1ddbb24e,measured,27,7088,83516,90604,132,0,0,1024,1023,1,Pass,Pass,15067928572581534229
2,37,27,Adrop,Adrop,8MiB,8388608,65536,e456d3adf67030c5a168df273f5171ca3e1299e54571d94cca82b117f3cf3aeb,measured,27,1386801,9225776,10612577,8401479,1,65536,65536,65535,1,Pass,Pass,9713268438230653554
2,37,28,A0,A0,16MiB,16777216,131072,0c00f8138e0e622f6fc7215fc0f0d135e79bf60450e4c79d30e30624a8842117,measured,27,3044299,23982866,27027165,242,0,0,65536,65535,1,Pass,Pass,7408339909486172793
2,37,29,Adefs,Adefs,4MiB,4194304,32768,f9dc4b51d64658b088837d5f2a7d485e8eba57daed852c20d443b77cc8137655,measured,27,457455,4260273,4717728,310,0,0,65536,65535,1,Pass,Pass,7876534982476418273
2,37,30,Acapacity,Acapacity,4MiB,4194304,32768,f9dc4b51d64658b088837d5f2a7d485e8eba57daed852c20d443b77cc8137655,measured,27,458849,4260215,4719064,234,0,0,65536,65535,1,Pass,Pass,7876534982476418273
2,37,31,Acapacity,Acapacity,2MiB,2097152,16384,6587afedd7c0f949b131311e7425d033a0754a29587f85f26ec370a31fc4edf0,measured,27,116129,1440279,1556408,139,0,0,65536,65535,1,Pass,Pass,7349817109290025153
2,37,32,Adrop,Adrop,16MiB,16777216,131072,0c00f8138e0e622f6fc7215fc0f0d135e79bf60450e4c79d30e30624a8842117,measured,27,3051065,20750642,23801707,19473165,1,131072,131072,131071,1,Pass,Pass,7408339909486172793
2,37,33,Adefs,Adefs,256KiB,262144,2048,6f0154469137295abd7b45b25bc83aace599559234fd5f331140bd800c48b670,measured,27,14273,151098,165371,291,0,0,131072,131071,1,Pass,Pass,1126272383489710074
2,37,34,A0-dup,A0,4MiB,4194304,32768,f9dc4b51d64658b088837d5f2a7d485e8eba57daed852c20d443b77cc8137655,measured,27,474123,4353812,4827935,154,0,0,131072,131071,1,Pass,Pass,7876534982476418273
2,37,35,Adrop,Adrop,512KiB,524288,4096,155dfc49f4c05f1087ef002a279acee734e738bc580f2b3925315f95a108242b,measured,27,29074,247183,276257,323787,1,4096,4096,4095,1,Pass,Pass,192086794746352270
2,37,36,Acapacity,Acapacity,16MiB,16777216,131072,0c00f8138e0e622f6fc7215fc0f0d135e79bf60450e4c79d30e30624a8842117,measured,27,3197939,23344338,26542277,133,0,0,4096,4095,1,Pass,Pass,7408339909486172793
2,37,37,Acapacity,Acapacity,512KiB,524288,4096,155dfc49f4c05f1087ef002a279acee734e738bc580f2b3925315f95a108242b,measured,27,29227,315512,344739,127,0,0,4096,4095,1,Pass,Pass,192086794746352270
2,37,38,A0,A0,8MiB,8388608,65536,e456d3adf67030c5a168df273f5171ca3e1299e54571d94cca82b117f3cf3aeb,measured,27,1318917,10876640,12195557,426,0,0,4096,4095,1,Pass,Pass,9713268438230653554
2,37,39,Adefs,Adefs,8MiB,8388608,65536,e456d3adf67030c5a168df273f5171ca3e1299e54571d94cca82b117f3cf3aeb,measured,27,1426218,9650440,11076658,121,0,0,4096,4095,1,Pass,Pass,9713268438230653554
2,38,0,Adrop,Adrop,8MiB,8388608,65536,e456d3adf67030c5a168df273f5171ca3e1299e54571d94cca82b117f3cf3aeb,measured,28,1417100,9281593,10698693,8700522,1,65536,65536,65535,1,Pass,Pass,9713268438230653554
2,38,1,Adefs,Adefs,1MiB,1048576,8192,337a179ec729c20c01309d98317f7ca00691d12ca10285b55ade71fb880e191c,measured,28,57977,615703,673680,192,0,0,65536,65535,1,Pass,Pass,16341657278089853397
2,38,2,A0-dup,A0,128KiB,131072,1024,22e51081397aebb06a1c4c3f85bd08a6e7041a438f4aae416970027e1ddbb24e,measured,28,7207,99940,107147,99,0,0,65536,65535,1,Pass,Pass,15067928572581534229
2,38,3,Acapacity,Acapacity,8MiB,8388608,65536,e456d3adf67030c5a168df273f5171ca3e1299e54571d94cca82b117f3cf3aeb,measured,28,1497923,11223044,12720967,255,0,0,65536,65535,1,Pass,Pass,9713268438230653554
2,38,4,Acapacity,Acapacity,1MiB,1048576,8192,337a179ec729c20c01309d98317f7ca00691d12ca10285b55ade71fb880e191c,measured,28,58189,647625,705814,111,0,0,65536,65535,1,Pass,Pass,16341657278089853397
2,38,5,Acapacity,Acapacity,512KiB,524288,4096,155dfc49f4c05f1087ef002a279acee734e738bc580f2b3925315f95a108242b,measured,28,28990,315712,344702,48,0,0,65536,65535,1,Pass,Pass,192086794746352270
2,38,6,Adrop,Adrop,256KiB,262144,2048,6f0154469137295abd7b45b25bc83aace599559234fd5f331140bd800c48b670,measured,28,13809,129009,142818,162066,1,2048,2048,2047,1,Pass,Pass,1126272383489710074
2,38,7,A0-dup,A0,8MiB,8388608,65536,e456d3adf67030c5a168df273f5171ca3e1299e54571d94cca82b117f3cf3aeb,measured,28,1491654,11536972,13028626,111,0,0,2048,2047,1,Pass,Pass,9713268438230653554
2,38,8,Adrop,Adrop,512KiB,524288,4096,155dfc49f4c05f1087ef002a279acee734e738bc580f2b3925315f95a108242b,measured,28,29382,256968,286350,318232,1,4096,4096,4095,1,Pass,Pass,192086794746352270
2,38,9,Acapacity,Acapacity,2MiB,2097152,16384,6587afedd7c0f949b131311e7425d033a0754a29587f85f26ec370a31fc4edf0,measured,28,142452,1499311,1641763,268,0,0,4096,4095,1,Pass,Pass,7349817109290025153
2,38,10,A0-dup,A0,256KiB,262144,2048,6f0154469137295abd7b45b25bc83aace599559234fd5f331140bd800c48b670,measured,28,14040,165800,179840,43,0,0,4096,4095,1,Pass,Pass,1126272383489710074
2,38,11,Adefs,Adefs,512KiB,524288,4096,155dfc49f4c05f1087ef002a279acee734e738bc580f2b3925315f95a108242b,measured,28,28671,299721,328392,43,0,0,4096,4095,1,Pass,Pass,192086794746352270
2,38,12,A0,A0,1MiB,1048576,8192,337a179ec729c20c01309d98317f7ca00691d12ca10285b55ade71fb880e191c,measured,28,57347,702516,759863,43,0,0,4096,4095,1,Pass,Pass,16341657278089853397
2,38,13,Adrop,Adrop,1MiB,1048576,8192,337a179ec729c20c01309d98317f7ca00691d12ca10285b55ade71fb880e191c,measured,28,57940,504910,562850,620821,1,8192,8192,8191,1,Pass,Pass,16341657278089853397
2,38,14,Adefs,Adefs,2MiB,2097152,16384,6587afedd7c0f949b131311e7425d033a0754a29587f85f26ec370a31fc4edf0,measured,28,119011,1351784,1470795,375,0,0,8192,8191,1,Pass,Pass,7349817109290025153
2,38,15,A0-dup,A0,16MiB,16777216,131072,0c00f8138e0e622f6fc7215fc0f0d135e79bf60450e4c79d30e30624a8842117,measured,28,3041552,23965088,27006640,353,0,0,8192,8191,1,Pass,Pass,7408339909486172793
2,38,16,Adefs,Adefs,8MiB,8388608,65536,e456d3adf67030c5a168df273f5171ca3e1299e54571d94cca82b117f3cf3aeb,measured,28,1313879,9790123,11104002,149,0,0,8192,8191,1,Pass,Pass,9713268438230653554
2,38,17,Acapacity,Acapacity,16MiB,16777216,131072,0c00f8138e0e622f6fc7215fc0f0d135e79bf60450e4c79d30e30624a8842117,measured,28,3049989,23185660,26235649,160,0,0,8192,8191,1,Pass,Pass,7408339909486172793
2,38,18,A0,A0,4MiB,4194304,32768,f9dc4b51d64658b088837d5f2a7d485e8eba57daed852c20d443b77cc8137655,measured,28,429268,4245768,4675036,108,0,0,8192,8191,1,Pass,Pass,7876534982476418273
2,38,19,Adrop,Adrop,4MiB,4194304,32768,f9dc4b51d64658b088837d5f2a7d485e8eba57daed852c20d443b77cc8137655,measured,28,469183,3558221,4027404,4268415,1,32768,32768,32767,1,Pass,Pass,7876534982476418273
2,38,20,A0,A0,256KiB,262144,2048,6f0154469137295abd7b45b25bc83aace599559234fd5f331140bd800c48b670,measured,28,14182,166388,180570,175,0,0,32768,32767,1,Pass,Pass,1126272383489710074
2,38,21,A0-dup,A0,512KiB,524288,4096,155dfc49f4c05f1087ef002a279acee734e738bc580f2b3925315f95a108242b,measured,28,28895,323646,352541,49,0,0,32768,32767,1,Pass,Pass,192086794746352270
2,38,22,Adrop,Adrop,16MiB,16777216,131072,0c00f8138e0e622f6fc7215fc0f0d135e79bf60450e4c79d30e30624a8842117,measured,28,3046691,20755235,23801926,19621545,1,131072,131072,131071,1,Pass,Pass,7408339909486172793
2,38,23,Adefs,Adefs,256KiB,262144,2048,6f0154469137295abd7b45b25bc83aace599559234fd5f331140bd800c48b670,measured,28,14446,149396,163842,285,0,0,131072,131071,1,Pass,Pass,1126272383489710074
2,38,24,Acapacity,Acapacity,4MiB,4194304,32768,f9dc4b51d64658b088837d5f2a7d485e8eba57daed852c20d443b77cc8137655,measured,28,470893,4261943,4732836,301,0,0,131072,131071,1,Pass,Pass,7876534982476418273
2,38,25,Adefs,Adefs,4MiB,4194304,32768,f9dc4b51d64658b088837d5f2a7d485e8eba57daed852c20d443b77cc8137655,measured,28,435976,4194217,4630193,200,0,0,131072,131071,1,Pass,Pass,7876534982476418273
2,38,26,Adefs,Adefs,128KiB,131072,1024,22e51081397aebb06a1c4c3f85bd08a6e7041a438f4aae416970027e1ddbb24e,measured,28,7146,76273,83419,187,0,0,131072,131071,1,Pass,Pass,15067928572581534229
2,38,27,A0,A0,8MiB,8388608,65536,e456d3adf67030c5a168df273f5171ca3e1299e54571d94cca82b117f3cf3aeb,measured,28,1432254,11339946,12772200,432,0,0,131072,131071,1,Pass,Pass,9713268438230653554
2,38,28,Acapacity,Acapacity,128KiB,131072,1024,22e51081397aebb06a1c4c3f85bd08a6e7041a438f4aae416970027e1ddbb24e,measured,28,7554,81072,88626,106,0,0,131072,131071,1,Pass,Pass,15067928572581534229
2,38,29,A0,A0,128KiB,131072,1024,22e51081397aebb06a1c4c3f85bd08a6e7041a438f4aae416970027e1ddbb24e,measured,28,6656,83923,90579,48,0,0,131072,131071,1,Pass,Pass,15067928572581534229
2,38,30,A0,A0,16MiB,16777216,131072,0c00f8138e0e622f6fc7215fc0f0d135e79bf60450e4c79d30e30624a8842117,measured,28,3049006,24154400,27203406,366,0,0,131072,131071,1,Pass,Pass,7408339909486172793
2,38,31,A0-dup,A0,1MiB,1048576,8192,337a179ec729c20c01309d98317f7ca00691d12ca10285b55ade71fb880e191c,measured,28,57812,654338,712150,182,0,0,131072,131071,1,Pass,Pass,16341657278089853397
2,38,32,A0-dup,A0,2MiB,2097152,16384,6587afedd7c0f949b131311e7425d033a0754a29587f85f26ec370a31fc4edf0,measured,28,114763,1500162,1614925,93,0,0,131072,131071,1,Pass,Pass,7349817109290025153
2,38,33,A0,A0,512KiB,524288,4096,155dfc49f4c05f1087ef002a279acee734e738bc580f2b3925315f95a108242b,measured,28,51411,341314,392725,113,0,0,131072,131071,1,Pass,Pass,192086794746352270
2,38,34,Adrop,Adrop,2MiB,2097152,16384,6587afedd7c0f949b131311e7425d033a0754a29587f85f26ec370a31fc4edf0,measured,28,113114,1200659,1313773,1781554,1,16384,16384,16383,1,Pass,Pass,7349817109290025153
2,38,35,Adrop,Adrop,128KiB,131072,1024,22e51081397aebb06a1c4c3f85bd08a6e7041a438f4aae416970027e1ddbb24e,measured,28,7301,65392,72693,78210,1,1024,1024,1023,1,Pass,Pass,15067928572581534229
2,38,36,Adefs,Adefs,16MiB,16777216,131072,0c00f8138e0e622f6fc7215fc0f0d135e79bf60450e4c79d30e30624a8842117,measured,28,3133130,21707611,24840741,356,0,0,1024,1023,1,Pass,Pass,7408339909486172793
2,38,37,A0,A0,2MiB,2097152,16384,6587afedd7c0f949b131311e7425d033a0754a29587f85f26ec370a31fc4edf0,measured,28,113763,1457669,1571432,254,0,0,1024,1023,1,Pass,Pass,7349817109290025153
2,38,38,A0-dup,A0,4MiB,4194304,32768,f9dc4b51d64658b088837d5f2a7d485e8eba57daed852c20d443b77cc8137655,measured,28,534257,4424877,4959134,202,0,0,1024,1023,1,Pass,Pass,7876534982476418273
2,38,39,Acapacity,Acapacity,256KiB,262144,2048,6f0154469137295abd7b45b25bc83aace599559234fd5f331140bd800c48b670,measured,28,14239,157662,171901,99,0,0,1024,1023,1,Pass,Pass,1126272383489710074
2,39,0,Adefs,Adefs,256KiB,262144,2048,6f0154469137295abd7b45b25bc83aace599559234fd5f331140bd800c48b670,measured,29,13608,146607,160215,33,0,0,1024,1023,1,Pass,Pass,1126272383489710074
2,39,1,Acapacity,Acapacity,16MiB,16777216,131072,0c00f8138e0e622f6fc7215fc0f0d135e79bf60450e4c79d30e30624a8842117,measured,29,3049693,23226601,26276294,326,0,0,1024,1023,1,Pass,Pass,7408339909486172793
2,39,2,A0,A0,16MiB,16777216,131072,0c00f8138e0e622f6fc7215fc0f0d135e79bf60450e4c79d30e30624a8842117,measured,29,3037329,24030559,27067888,108,0,0,1024,1023,1,Pass,Pass,7408339909486172793
2,39,3,Acapacity,Acapacity,4MiB,4194304,32768,f9dc4b51d64658b088837d5f2a7d485e8eba57daed852c20d443b77cc8137655,measured,29,557082,4326882,4883964,110,0,0,1024,1023,1,Pass,Pass,7876534982476418273
2,39,4,Adefs,Adefs,16MiB,16777216,131072,0c00f8138e0e622f6fc7215fc0f0d135e79bf60450e4c79d30e30624a8842117,measured,29,3113555,21835487,24949042,356,0,0,1024,1023,1,Pass,Pass,7408339909486172793
2,39,5,Adrop,Adrop,4MiB,4194304,32768,f9dc4b51d64658b088837d5f2a7d485e8eba57daed852c20d443b77cc8137655,measured,29,482441,3629870,4112311,4634702,1,32768,32768,32767,1,Pass,Pass,7876534982476418273
2,39,6,A0,A0,512KiB,524288,4096,155dfc49f4c05f1087ef002a279acee734e738bc580f2b3925315f95a108242b,measured,29,29288,319963,349251,189,0,0,32768,32767,1,Pass,Pass,192086794746352270
2,39,7,A0-dup,A0,256KiB,262144,2048,6f0154469137295abd7b45b25bc83aace599559234fd5f331140bd800c48b670,measured,29,13647,155651,169298,47,0,0,32768,32767,1,Pass,Pass,1126272383489710074
2,39,8,A0-dup,A0,4MiB,4194304,32768,f9dc4b51d64658b088837d5f2a7d485e8eba57daed852c20d443b77cc8137655,measured,29,486789,4183756,4670545,383,0,0,32768,32767,1,Pass,Pass,7876534982476418273
2,39,9,Adefs,Adefs,128KiB,131072,1024,22e51081397aebb06a1c4c3f85bd08a6e7041a438f4aae416970027e1ddbb24e,measured,29,7318,90354,97672,85,0,0,32768,32767,1,Pass,Pass,15067928572581534229
2,39,10,Acapacity,Acapacity,8MiB,8388608,65536,e456d3adf67030c5a168df273f5171ca3e1299e54571d94cca82b117f3cf3aeb,measured,29,1452660,11339567,12792227,343,0,0,32768,32767,1,Pass,Pass,9713268438230653554
2,39,11,A0,A0,1MiB,1048576,8192,337a179ec729c20c01309d98317f7ca00691d12ca10285b55ade71fb880e191c,measured,29,57615,677411,735026,93,0,0,32768,32767,1,Pass,Pass,16341657278089853397
2,39,12,Acapacity,Acapacity,128KiB,131072,1024,22e51081397aebb06a1c4c3f85bd08a6e7041a438f4aae416970027e1ddbb24e,measured,29,6770,78180,84950,51,0,0,32768,32767,1,Pass,Pass,15067928572581534229
2,39,13,Adrop,Adrop,2MiB,2097152,16384,6587afedd7c0f949b131311e7425d033a0754a29587f85f26ec370a31fc4edf0,measured,29,114895,1204765,1319660,1864456,1,16384,16384,16383,1,Pass,Pass,7349817109290025153
2,39,14,Adrop,Adrop,128KiB,131072,1024,22e51081397aebb06a1c4c3f85bd08a6e7041a438f4aae416970027e1ddbb24e,measured,29,7286,67503,74789,82533,1,1024,1024,1023,1,Pass,Pass,15067928572581534229
2,39,15,A0-dup,A0,128KiB,131072,1024,22e51081397aebb06a1c4c3f85bd08a6e7041a438f4aae416970027e1ddbb24e,measured,29,6606,81651,88257,89,0,0,1024,1023,1,Pass,Pass,15067928572581534229
2,39,16,Acapacity,Acapacity,512KiB,524288,4096,155dfc49f4c05f1087ef002a279acee734e738bc580f2b3925315f95a108242b,measured,29,28703,315793,344496,76,0,0,1024,1023,1,Pass,Pass,192086794746352270
2,39,17,A0-dup,A0,1MiB,1048576,8192,337a179ec729c20c01309d98317f7ca00691d12ca10285b55ade71fb880e191c,measured,29,57615,665684,723299,53,0,0,1024,1023,1,Pass,Pass,16341657278089853397
2,39,18,Acapacity,Acapacity,256KiB,262144,2048,6f0154469137295abd7b45b25bc83aace599559234fd5f331140bd800c48b670,measured,29,13945,153450,167395,72,0,0,1024,1023,1,Pass,Pass,1126272383489710074
2,39,19,Adrop,Adrop,256KiB,262144,2048,6f0154469137295abd7b45b25bc83aace599559234fd5f331140bd800c48b670,measured,29,13703,122399,136102,155849,1,2048,2048,2047,1,Pass,Pass,1126272383489710074
2,39,20,Adrop,Adrop,16MiB,16777216,131072,0c00f8138e0e622f6fc7215fc0f0d135e79bf60450e4c79d30e30624a8842117,measured,29,3046952,20724944,23771896,19594758,1,131072,131072,131071,1,Pass,Pass,7408339909486172793
2,39,21,A0,A0,2MiB,2097152,16384,6587afedd7c0f949b131311e7425d033a0754a29587f85f26ec370a31fc4edf0,measured,29,114725,1466672,1581397,198,0,0,131072,131071,1,Pass,Pass,7349817109290025153
2,39,22,Adefs,Adefs,1MiB,1048576,8192,337a179ec729c20c01309d98317f7ca00691d12ca10285b55ade71fb880e191c,measured,29,57953,610902,668855,112,0,0,131072,131071,1,Pass,Pass,16341657278089853397
2,39,23,Acapacity,Acapacity,2MiB,2097152,16384,6587afedd7c0f949b131311e7425d033a0754a29587f85f26ec370a31fc4edf0,measured,29,126306,1500248,1626554,196,0,0,131072,131071,1,Pass,Pass,7349817109290025153
2,39,24,Adrop,Adrop,512KiB,524288,4096,155dfc49f4c05f1087ef002a279acee734e738bc580f2b3925315f95a108242b,measured,29,28907,260759,289666,317567,1,4096,4096,4095,1,Pass,Pass,192086794746352270
2,39,25,A0-dup,A0,512KiB,524288,4096,155dfc49f4c05f1087ef002a279acee734e738bc580f2b3925315f95a108242b,measured,29,28987,328054,357041,49,0,0,4096,4095,1,Pass,Pass,192086794746352270
2,39,26,Adefs,Adefs,8MiB,8388608,65536,e456d3adf67030c5a168df273f5171ca3e1299e54571d94cca82b117f3cf3aeb,measured,29,1422113,9915175,11337288,121,0,0,4096,4095,1,Pass,Pass,9713268438230653554
2,39,27,A0,A0,256KiB,262144,2048,6f0154469137295abd7b45b25bc83aace599559234fd5f331140bd800c48b670,measured,29,14184,164603,178787,87,0,0,4096,4095,1,Pass,Pass,1126272383489710074
2,39,28,A0-dup,A0,16MiB,16777216,131072,0c00f8138e0e622f6fc7215fc0f0d135e79bf60450e4c79d30e30624a8842117,measured,29,3042684,23936926,26979610,271,0,0,4096,4095,1,Pass,Pass,7408339909486172793
2,39,29,Acapacity,Acapacity,1MiB,1048576,8192,337a179ec729c20c01309d98317f7ca00691d12ca10285b55ade71fb880e191c,measured,29,57318,635992,693310,88,0,0,4096,4095,1,Pass,Pass,16341657278089853397
2,39,30,Adefs,Adefs,512KiB,524288,4096,155dfc49f4c05f1087ef002a279acee734e738bc580f2b3925315f95a108242b,measured,29,28721,301059,329780,31,0,0,4096,4095,1,Pass,Pass,192086794746352270
2,39,31,Adefs,Adefs,2MiB,2097152,16384,6587afedd7c0f949b131311e7425d033a0754a29587f85f26ec370a31fc4edf0,measured,29,113580,1369451,1483031,138,0,0,4096,4095,1,Pass,Pass,7349817109290025153
2,39,32,A0,A0,128KiB,131072,1024,22e51081397aebb06a1c4c3f85bd08a6e7041a438f4aae416970027e1ddbb24e,measured,29,7418,81870,89288,104,0,0,4096,4095,1,Pass,Pass,15067928572581534229
2,39,33,Adrop,Adrop,8MiB,8388608,65536,e456d3adf67030c5a168df273f5171ca3e1299e54571d94cca82b117f3cf3aeb,measured,29,1423012,9349871,10772883,9144402,1,65536,65536,65535,1,Pass,Pass,9713268438230653554
2,39,34,Adrop,Adrop,1MiB,1048576,8192,337a179ec729c20c01309d98317f7ca00691d12ca10285b55ade71fb880e191c,measured,29,57523,550020,607543,646134,1,8192,8192,8191,1,Pass,Pass,16341657278089853397
2,39,35,A0,A0,8MiB,8388608,65536,e456d3adf67030c5a168df273f5171ca3e1299e54571d94cca82b117f3cf3aeb,measured,29,1427785,11398541,12826326,184,0,0,8192,8191,1,Pass,Pass,9713268438230653554
2,39,36,A0-dup,A0,8MiB,8388608,65536,e456d3adf67030c5a168df273f5171ca3e1299e54571d94cca82b117f3cf3aeb,measured,29,1444090,11320556,12764646,252,0,0,8192,8191,1,Pass,Pass,9713268438230653554
2,39,37,A0-dup,A0,2MiB,2097152,16384,6587afedd7c0f949b131311e7425d033a0754a29587f85f26ec370a31fc4edf0,measured,29,113583,1461887,1575470,191,0,0,8192,8191,1,Pass,Pass,7349817109290025153
2,39,38,Adefs,Adefs,4MiB,4194304,32768,f9dc4b51d64658b088837d5f2a7d485e8eba57daed852c20d443b77cc8137655,measured,29,417765,4038816,4456581,117,0,0,8192,8191,1,Pass,Pass,7876534982476418273
2,39,39,A0,A0,4MiB,4194304,32768,f9dc4b51d64658b088837d5f2a7d485e8eba57daed852c20d443b77cc8137655,measured,29,442173,4333847,4776020,394,0,0,8192,8191,1,Pass,Pass,7876534982476418273
