session,round,ordinal,cell,n_bytes,m_blocks,sample_kind,measured_ordinal,alloc_lane_wall_ns,alloc_calls,realloc_calls,dealloc_calls,alloc_requested_bytes,realloc_old_requested_bytes,realloc_new_requested_bytes,freed_requested_bytes,total_requested_bytes,live_start_requested_bytes,live_end_requested_bytes,peak_live_requested_bytes,peak_growth_requested_bytes,net_live_change_requested_bytes,cat_defs_table_calls,cat_forward_parse_calls,cat_fresh_materialization_calls,cat_pairs_vec_calls,cat_prefix_assembly_calls,cat_retirement_calls,cat_seal_other_calls,cat_slots_checkpoints_calls,cat_suffix_assembly_calls,cat_untagged_calls,cat_defs_table_bytes,cat_forward_parse_bytes,cat_fresh_materialization_bytes,cat_pairs_vec_bytes,cat_prefix_assembly_bytes,cat_retirement_bytes,cat_seal_other_bytes,cat_slots_checkpoints_bytes,cat_suffix_assembly_bytes,cat_untagged_bytes
0,0,0,128KiB,131072,1024,warmup,0,124626,13,8,13,85080,81600,163200,166680,248280,69085038,69085038,69250350,165312,0,0,4,7,0,8,0,0,2,0,0,0,504,84256,0,81600,0,0,81920,0,0
0,0,1,256KiB,262144,2048,warmup,0,233974,13,9,13,167000,163520,327040,330520,494040,71288686,71288686,71617838,329152,0,0,4,7,0,9,0,0,2,0,0,0,504,166176,0,163520,0,0,163840,0,0
0,0,2,4MiB,4194304,32768,warmup,0,6688210,13,13,13,2624600,2621120,5242240,5245720,7866840,137398126,137398126,142642478,5244352,0,0,4,7,0,13,0,0,2,0,0,0,504,2623776,0,2621120,0,0,2621440,0,0
0,0,3,16MiB,16777216,131072,warmup,0,29499221,13,15,13,10488920,10485440,20970880,20974360,31459800,348948334,348948334,369921326,20972992,0,0,4,7,0,15,0,0,2,0,0,0,504,10488096,0,10485440,0,0,10485760,0,0
0,0,4,512KiB,524288,4096,warmup,0,349642,13,10,13,330840,327360,654720,658200,985560,75695982,75695982,76352814,656832,0,0,4,7,0,10,0,0,2,0,0,0,504,330016,0,327360,0,0,327680,0,0
0,0,5,1MiB,1048576,8192,warmup,0,738296,13,11,13,658520,655040,1310080,1313560,1968600,84510574,84510574,85822766,1312192,0,0,4,7,0,11,0,0,2,0,0,0,504,657696,0,655040,0,0,655360,0,0
0,0,6,8MiB,8388608,65536,warmup,0,12653158,13,14,13,5246040,5242560,10485120,10488600,15731160,207914862,207914862,218402094,10487232,0,0,4,7,0,14,0,0,2,0,0,0,504,5245216,0,5242560,0,0,5242880,0,0
0,0,7,2MiB,2097152,16384,warmup,0,1709084,13,12,13,1313880,1310400,2620800,2624280,3934680,102139758,102139758,104762670,2622912,0,0,4,7,0,12,0,0,2,0,0,0,504,1313056,0,1310400,0,0,1310720,0,0
0,1,0,16MiB,16777216,131072,warmup,0,24332877,13,15,13,10488920,10485440,20970880,20974360,31459800,348948334,348948334,369921326,20972992,0,0,4,7,0,15,0,0,2,0,0,0,504,10488096,0,10485440,0,0,10485760,0,0
0,1,1,8MiB,8388608,65536,warmup,0,12093688,13,14,13,5246040,5242560,10485120,10488600,15731160,207914862,207914862,218402094,10487232,0,0,4,7,0,14,0,0,2,0,0,0,504,5245216,0,5242560,0,0,5242880,0,0
0,1,2,1MiB,1048576,8192,warmup,0,724972,13,11,13,658520,655040,1310080,1313560,1968600,84510574,84510574,85822766,1312192,0,0,4,7,0,11,0,0,2,0,0,0,504,657696,0,655040,0,0,655360,0,0
0,1,3,4MiB,4194304,32768,warmup,0,5286675,13,13,13,2624600,2621120,5242240,5245720,7866840,137398126,137398126,142642478,5244352,0,0,4,7,0,13,0,0,2,0,0,0,504,2623776,0,2621120,0,0,2621440,0,0
0,1,4,256KiB,262144,2048,warmup,0,177273,13,9,13,167000,163520,327040,330520,494040,71288686,71288686,71617838,329152,0,0,4,7,0,9,0,0,2,0,0,0,504,166176,0,163520,0,0,163840,0,0
0,1,5,512KiB,524288,4096,warmup,0,369250,13,10,13,330840,327360,654720,658200,985560,75695982,75695982,76352814,656832,0,0,4,7,0,10,0,0,2,0,0,0,504,330016,0,327360,0,0,327680,0,0
0,1,6,2MiB,2097152,16384,warmup,0,1683798,13,12,13,1313880,1310400,2620800,2624280,3934680,102139758,102139758,104762670,2622912,0,0,4,7,0,12,0,0,2,0,0,0,504,1313056,0,1310400,0,0,1310720,0,0
0,1,7,128KiB,131072,1024,warmup,0,87237,13,8,13,85080,81600,163200,166680,248280,69085038,69085038,69250350,165312,0,0,4,7,0,8,0,0,2,0,0,0,504,84256,0,81600,0,0,81920,0,0
0,2,0,4MiB,4194304,32768,warmup,0,4687200,13,13,13,2624600,2621120,5242240,5245720,7866840,137398126,137398126,142642478,5244352,0,0,4,7,0,13,0,0,2,0,0,0,504,2623776,0,2621120,0,0,2621440,0,0
0,2,1,8MiB,8388608,65536,warmup,0,12352713,13,14,13,5246040,5242560,10485120,10488600,15731160,207914862,207914862,218402094,10487232,0,0,4,7,0,14,0,0,2,0,0,0,504,5245216,0,5242560,0,0,5242880,0,0
0,2,2,1MiB,1048576,8192,warmup,0,709199,13,11,13,658520,655040,1310080,1313560,1968600,84510574,84510574,85822766,1312192,0,0,4,7,0,11,0,0,2,0,0,0,504,657696,0,655040,0,0,655360,0,0
0,2,3,16MiB,16777216,131072,warmup,0,26365181,13,15,13,10488920,10485440,20970880,20974360,31459800,348948334,348948334,369921326,20972992,0,0,4,7,0,15,0,0,2,0,0,0,504,10488096,0,10485440,0,0,10485760,0,0
0,2,4,256KiB,262144,2048,warmup,0,176795,13,9,13,167000,163520,327040,330520,494040,71288686,71288686,71617838,329152,0,0,4,7,0,9,0,0,2,0,0,0,504,166176,0,163520,0,0,163840,0,0
0,2,5,2MiB,2097152,16384,warmup,0,1635447,13,12,13,1313880,1310400,2620800,2624280,3934680,102139758,102139758,104762670,2622912,0,0,4,7,0,12,0,0,2,0,0,0,504,1313056,0,1310400,0,0,1310720,0,0
0,2,6,512KiB,524288,4096,warmup,0,353288,13,10,13,330840,327360,654720,658200,985560,75695982,75695982,76352814,656832,0,0,4,7,0,10,0,0,2,0,0,0,504,330016,0,327360,0,0,327680,0,0
0,2,7,128KiB,131072,1024,warmup,0,86314,13,8,13,85080,81600,163200,166680,248280,69085038,69085038,69250350,165312,0,0,4,7,0,8,0,0,2,0,0,0,504,84256,0,81600,0,0,81920,0,0
0,3,0,1MiB,1048576,8192,warmup,0,713531,13,11,13,658520,655040,1310080,1313560,1968600,84510574,84510574,85822766,1312192,0,0,4,7,0,11,0,0,2,0,0,0,504,657696,0,655040,0,0,655360,0,0
0,3,1,512KiB,524288,4096,warmup,0,346184,13,10,13,330840,327360,654720,658200,985560,75695982,75695982,76352814,656832,0,0,4,7,0,10,0,0,2,0,0,0,504,330016,0,327360,0,0,327680,0,0
0,3,2,16MiB,16777216,131072,warmup,0,25980173,13,15,13,10488920,10485440,20970880,20974360,31459800,348948334,348948334,369921326,20972992,0,0,4,7,0,15,0,0,2,0,0,0,504,10488096,0,10485440,0,0,10485760,0,0
0,3,3,4MiB,4194304,32768,warmup,0,4772696,13,13,13,2624600,2621120,5242240,5245720,7866840,137398126,137398126,142642478,5244352,0,0,4,7,0,13,0,0,2,0,0,0,504,2623776,0,2621120,0,0,2621440,0,0
0,3,4,8MiB,8388608,65536,warmup,0,13105162,13,14,13,5246040,5242560,10485120,10488600,15731160,207914862,207914862,218402094,10487232,0,0,4,7,0,14,0,0,2,0,0,0,504,5245216,0,5242560,0,0,5242880,0,0
0,3,5,256KiB,262144,2048,warmup,0,180175,13,9,13,167000,163520,327040,330520,494040,71288686,71288686,71617838,329152,0,0,4,7,0,9,0,0,2,0,0,0,504,166176,0,163520,0,0,163840,0,0
0,3,6,2MiB,2097152,16384,warmup,0,1648125,13,12,13,1313880,1310400,2620800,2624280,3934680,102139758,102139758,104762670,2622912,0,0,4,7,0,12,0,0,2,0,0,0,504,1313056,0,1310400,0,0,1310720,0,0
0,3,7,128KiB,131072,1024,warmup,0,94912,13,8,13,85080,81600,163200,166680,248280,69085038,69085038,69250350,165312,0,0,4,7,0,8,0,0,2,0,0,0,504,84256,0,81600,0,0,81920,0,0
0,4,0,8MiB,8388608,65536,warmup,0,12644775,13,14,13,5246040,5242560,10485120,10488600,15731160,207914862,207914862,218402094,10487232,0,0,4,7,0,14,0,0,2,0,0,0,504,5245216,0,5242560,0,0,5242880,0,0
0,4,1,4MiB,4194304,32768,warmup,0,4836282,13,13,13,2624600,2621120,5242240,5245720,7866840,137398126,137398126,142642478,5244352,0,0,4,7,0,13,0,0,2,0,0,0,504,2623776,0,2621120,0,0,2621440,0,0
0,4,2,256KiB,262144,2048,warmup,0,177122,13,9,13,167000,163520,327040,330520,494040,71288686,71288686,71617838,329152,0,0,4,7,0,9,0,0,2,0,0,0,504,166176,0,163520,0,0,163840,0,0
0,4,3,128KiB,131072,1024,warmup,0,87235,13,8,13,85080,81600,163200,166680,248280,69085038,69085038,69250350,165312,0,0,4,7,0,8,0,0,2,0,0,0,504,84256,0,81600,0,0,81920,0,0
0,4,4,16MiB,16777216,131072,warmup,0,25737082,13,15,13,10488920,10485440,20970880,20974360,31459800,348948334,348948334,369921326,20972992,0,0,4,7,0,15,0,0,2,0,0,0,504,10488096,0,10485440,0,0,10485760,0,0
0,4,5,1MiB,1048576,8192,warmup,0,699128,13,11,13,658520,655040,1310080,1313560,1968600,84510574,84510574,85822766,1312192,0,0,4,7,0,11,0,0,2,0,0,0,504,657696,0,655040,0,0,655360,0,0
0,4,6,512KiB,524288,4096,warmup,0,344958,13,10,13,330840,327360,654720,658200,985560,75695982,75695982,76352814,656832,0,0,4,7,0,10,0,0,2,0,0,0,504,330016,0,327360,0,0,327680,0,0
0,4,7,2MiB,2097152,16384,warmup,0,1649349,13,12,13,1313880,1310400,2620800,2624280,3934680,102139758,102139758,104762670,2622912,0,0,4,7,0,12,0,0,2,0,0,0,504,1313056,0,1310400,0,0,1310720,0,0
0,5,0,16MiB,16777216,131072,warmup,0,25470367,13,15,13,10488920,10485440,20970880,20974360,31459800,348948334,348948334,369921326,20972992,0,0,4,7,0,15,0,0,2,0,0,0,504,10488096,0,10485440,0,0,10485760,0,0
0,5,1,512KiB,524288,4096,warmup,0,356594,13,10,13,330840,327360,654720,658200,985560,75695982,75695982,76352814,656832,0,0,4,7,0,10,0,0,2,0,0,0,504,330016,0,327360,0,0,327680,0,0
0,5,2,8MiB,8388608,65536,warmup,0,12292514,13,14,13,5246040,5242560,10485120,10488600,15731160,207914862,207914862,218402094,10487232,0,0,4,7,0,14,0,0,2,0,0,0,504,5245216,0,5242560,0,0,5242880,0,0
0,5,3,256KiB,262144,2048,warmup,0,178530,13,9,13,167000,163520,327040,330520,494040,71288686,71288686,71617838,329152,0,0,4,7,0,9,0,0,2,0,0,0,504,166176,0,163520,0,0,163840,0,0
0,5,4,128KiB,131072,1024,warmup,0,86956,13,8,13,85080,81600,163200,166680,248280,69085038,69085038,69250350,165312,0,0,4,7,0,8,0,0,2,0,0,0,504,84256,0,81600,0,0,81920,0,0
0,5,5,1MiB,1048576,8192,warmup,0,706188,13,11,13,658520,655040,1310080,1313560,1968600,84510574,84510574,85822766,1312192,0,0,4,7,0,11,0,0,2,0,0,0,504,657696,0,655040,0,0,655360,0,0
0,5,6,4MiB,4194304,32768,warmup,0,4562311,13,13,13,2624600,2621120,5242240,5245720,7866840,137398126,137398126,142642478,5244352,0,0,4,7,0,13,0,0,2,0,0,0,504,2623776,0,2621120,0,0,2621440,0,0
0,5,7,2MiB,2097152,16384,warmup,0,1660086,13,12,13,1313880,1310400,2620800,2624280,3934680,102139758,102139758,104762670,2622912,0,0,4,7,0,12,0,0,2,0,0,0,504,1313056,0,1310400,0,0,1310720,0,0
0,6,0,16MiB,16777216,131072,warmup,0,26894132,13,15,13,10488920,10485440,20970880,20974360,31459800,348948334,348948334,369921326,20972992,0,0,4,7,0,15,0,0,2,0,0,0,504,10488096,0,10485440,0,0,10485760,0,0
0,6,1,2MiB,2097152,16384,warmup,0,1702096,13,12,13,1313880,1310400,2620800,2624280,3934680,102139758,102139758,104762670,2622912,0,0,4,7,0,12,0,0,2,0,0,0,504,1313056,0,1310400,0,0,1310720,0,0
0,6,2,128KiB,131072,1024,warmup,0,89649,13,8,13,85080,81600,163200,166680,248280,69085038,69085038,69250350,165312,0,0,4,7,0,8,0,0,2,0,0,0,504,84256,0,81600,0,0,81920,0,0
0,6,3,256KiB,262144,2048,warmup,0,172856,13,9,13,167000,163520,327040,330520,494040,71288686,71288686,71617838,329152,0,0,4,7,0,9,0,0,2,0,0,0,504,166176,0,163520,0,0,163840,0,0
0,6,4,8MiB,8388608,65536,warmup,0,12294447,13,14,13,5246040,5242560,10485120,10488600,15731160,207914862,207914862,218402094,10487232,0,0,4,7,0,14,0,0,2,0,0,0,504,5245216,0,5242560,0,0,5242880,0,0
0,6,5,512KiB,524288,4096,warmup,0,356672,13,10,13,330840,327360,654720,658200,985560,75695982,75695982,76352814,656832,0,0,4,7,0,10,0,0,2,0,0,0,504,330016,0,327360,0,0,327680,0,0
0,6,6,1MiB,1048576,8192,warmup,0,757483,13,11,13,658520,655040,1310080,1313560,1968600,84510574,84510574,85822766,1312192,0,0,4,7,0,11,0,0,2,0,0,0,504,657696,0,655040,0,0,655360,0,0
0,6,7,4MiB,4194304,32768,warmup,0,4653200,13,13,13,2624600,2621120,5242240,5245720,7866840,137398126,137398126,142642478,5244352,0,0,4,7,0,13,0,0,2,0,0,0,504,2623776,0,2621120,0,0,2621440,0,0
0,7,0,2MiB,2097152,16384,warmup,0,1584168,13,12,13,1313880,1310400,2620800,2624280,3934680,102139758,102139758,104762670,2622912,0,0,4,7,0,12,0,0,2,0,0,0,504,1313056,0,1310400,0,0,1310720,0,0
0,7,1,256KiB,262144,2048,warmup,0,175261,13,9,13,167000,163520,327040,330520,494040,71288686,71288686,71617838,329152,0,0,4,7,0,9,0,0,2,0,0,0,504,166176,0,163520,0,0,163840,0,0
0,7,2,512KiB,524288,4096,warmup,0,344801,13,10,13,330840,327360,654720,658200,985560,75695982,75695982,76352814,656832,0,0,4,7,0,10,0,0,2,0,0,0,504,330016,0,327360,0,0,327680,0,0
0,7,3,1MiB,1048576,8192,warmup,0,711908,13,11,13,658520,655040,1310080,1313560,1968600,84510574,84510574,85822766,1312192,0,0,4,7,0,11,0,0,2,0,0,0,504,657696,0,655040,0,0,655360,0,0
0,7,4,16MiB,16777216,131072,warmup,0,26505768,13,15,13,10488920,10485440,20970880,20974360,31459800,348948334,348948334,369921326,20972992,0,0,4,7,0,15,0,0,2,0,0,0,504,10488096,0,10485440,0,0,10485760,0,0
0,7,5,4MiB,4194304,32768,warmup,0,4559779,13,13,13,2624600,2621120,5242240,5245720,7866840,137398126,137398126,142642478,5244352,0,0,4,7,0,13,0,0,2,0,0,0,504,2623776,0,2621120,0,0,2621440,0,0
0,7,6,8MiB,8388608,65536,warmup,0,12327511,13,14,13,5246040,5242560,10485120,10488600,15731160,207914862,207914862,218402094,10487232,0,0,4,7,0,14,0,0,2,0,0,0,504,5245216,0,5242560,0,0,5242880,0,0
0,7,7,128KiB,131072,1024,warmup,0,90493,13,8,13,85080,81600,163200,166680,248280,69085038,69085038,69250350,165312,0,0,4,7,0,8,0,0,2,0,0,0,504,84256,0,81600,0,0,81920,0,0
0,8,0,512KiB,524288,4096,warmup,0,350873,13,10,13,330840,327360,654720,658200,985560,75695982,75695982,76352814,656832,0,0,4,7,0,10,0,0,2,0,0,0,504,330016,0,327360,0,0,327680,0,0
0,8,1,1MiB,1048576,8192,warmup,0,715265,13,11,13,658520,655040,1310080,1313560,1968600,84510574,84510574,85822766,1312192,0,0,4,7,0,11,0,0,2,0,0,0,504,657696,0,655040,0,0,655360,0,0
0,8,2,8MiB,8388608,65536,warmup,0,12197105,13,14,13,5246040,5242560,10485120,10488600,15731160,207914862,207914862,218402094,10487232,0,0,4,7,0,14,0,0,2,0,0,0,504,5245216,0,5242560,0,0,5242880,0,0
0,8,3,4MiB,4194304,32768,warmup,0,4550164,13,13,13,2624600,2621120,5242240,5245720,7866840,137398126,137398126,142642478,5244352,0,0,4,7,0,13,0,0,2,0,0,0,504,2623776,0,2621120,0,0,2621440,0,0
0,8,4,2MiB,2097152,16384,warmup,0,1699054,13,12,13,1313880,1310400,2620800,2624280,3934680,102139758,102139758,104762670,2622912,0,0,4,7,0,12,0,0,2,0,0,0,504,1313056,0,1310400,0,0,1310720,0,0
0,8,5,256KiB,262144,2048,warmup,0,207394,13,9,13,167000,163520,327040,330520,494040,71288686,71288686,71617838,329152,0,0,4,7,0,9,0,0,2,0,0,0,504,166176,0,163520,0,0,163840,0,0
0,8,6,128KiB,131072,1024,warmup,0,86092,13,8,13,85080,81600,163200,166680,248280,69085038,69085038,69250350,165312,0,0,4,7,0,8,0,0,2,0,0,0,504,84256,0,81600,0,0,81920,0,0
0,8,7,16MiB,16777216,131072,warmup,0,26144996,13,15,13,10488920,10485440,20970880,20974360,31459800,348948334,348948334,369921326,20972992,0,0,4,7,0,15,0,0,2,0,0,0,504,10488096,0,10485440,0,0,10485760,0,0
0,9,0,1MiB,1048576,8192,warmup,0,708568,13,11,13,658520,655040,1310080,1313560,1968600,84510574,84510574,85822766,1312192,0,0,4,7,0,11,0,0,2,0,0,0,504,657696,0,655040,0,0,655360,0,0
0,9,1,8MiB,8388608,65536,warmup,0,12141589,13,14,13,5246040,5242560,10485120,10488600,15731160,207914862,207914862,218402094,10487232,0,0,4,7,0,14,0,0,2,0,0,0,504,5245216,0,5242560,0,0,5242880,0,0
0,9,2,16MiB,16777216,131072,warmup,0,26148223,13,15,13,10488920,10485440,20970880,20974360,31459800,348948334,348948334,369921326,20972992,0,0,4,7,0,15,0,0,2,0,0,0,504,10488096,0,10485440,0,0,10485760,0,0
0,9,3,512KiB,524288,4096,warmup,0,348433,13,10,13,330840,327360,654720,658200,985560,75695982,75695982,76352814,656832,0,0,4,7,0,10,0,0,2,0,0,0,504,330016,0,327360,0,0,327680,0,0
0,9,4,4MiB,4194304,32768,warmup,0,4891984,13,13,13,2624600,2621120,5242240,5245720,7866840,137398126,137398126,142642478,5244352,0,0,4,7,0,13,0,0,2,0,0,0,504,2623776,0,2621120,0,0,2621440,0,0
0,9,5,256KiB,262144,2048,warmup,0,178128,13,9,13,167000,163520,327040,330520,494040,71288686,71288686,71617838,329152,0,0,4,7,0,9,0,0,2,0,0,0,504,166176,0,163520,0,0,163840,0,0
0,9,6,2MiB,2097152,16384,warmup,0,1705451,13,12,13,1313880,1310400,2620800,2624280,3934680,102139758,102139758,104762670,2622912,0,0,4,7,0,12,0,0,2,0,0,0,504,1313056,0,1310400,0,0,1310720,0,0
0,9,7,128KiB,131072,1024,warmup,0,90543,13,8,13,85080,81600,163200,166680,248280,69085038,69085038,69250350,165312,0,0,4,7,0,8,0,0,2,0,0,0,504,84256,0,81600,0,0,81920,0,0
0,10,0,512KiB,524288,4096,measured,0,343842,13,10,13,330840,327360,654720,658200,985560,75695982,75695982,76352814,656832,0,0,4,7,0,10,0,0,2,0,0,0,504,330016,0,327360,0,0,327680,0,0
0,10,1,8MiB,8388608,65536,measured,0,12180081,13,14,13,5246040,5242560,10485120,10488600,15731160,207914862,207914862,218402094,10487232,0,0,4,7,0,14,0,0,2,0,0,0,504,5245216,0,5242560,0,0,5242880,0,0
0,10,2,1MiB,1048576,8192,measured,0,741381,13,11,13,658520,655040,1310080,1313560,1968600,84510574,84510574,85822766,1312192,0,0,4,7,0,11,0,0,2,0,0,0,504,657696,0,655040,0,0,655360,0,0
0,10,3,256KiB,262144,2048,measured,0,169568,13,9,13,167000,163520,327040,330520,494040,71288686,71288686,71617838,329152,0,0,4,7,0,9,0,0,2,0,0,0,504,166176,0,163520,0,0,163840,0,0
0,10,4,16MiB,16777216,131072,measured,0,25057964,13,15,13,10488920,10485440,20970880,20974360,31459800,348948334,348948334,369921326,20972992,0,0,4,7,0,15,0,0,2,0,0,0,504,10488096,0,10485440,0,0,10485760,0,0
0,10,5,4MiB,4194304,32768,measured,0,4914729,13,13,13,2624600,2621120,5242240,5245720,7866840,137398126,137398126,142642478,5244352,0,0,4,7,0,13,0,0,2,0,0,0,504,2623776,0,2621120,0,0,2621440,0,0
0,10,6,128KiB,131072,1024,measured,0,91229,13,8,13,85080,81600,163200,166680,248280,69085038,69085038,69250350,165312,0,0,4,7,0,8,0,0,2,0,0,0,504,84256,0,81600,0,0,81920,0,0
0,10,7,2MiB,2097152,16384,measured,0,1699156,13,12,13,1313880,1310400,2620800,2624280,3934680,102139758,102139758,104762670,2622912,0,0,4,7,0,12,0,0,2,0,0,0,504,1313056,0,1310400,0,0,1310720,0,0
0,11,0,8MiB,8388608,65536,measured,1,12383026,13,14,13,5246040,5242560,10485120,10488600,15731160,207914862,207914862,218402094,10487232,0,0,4,7,0,14,0,0,2,0,0,0,504,5245216,0,5242560,0,0,5242880,0,0
0,11,1,2MiB,2097152,16384,measured,1,1575575,13,12,13,1313880,1310400,2620800,2624280,3934680,102139758,102139758,104762670,2622912,0,0,4,7,0,12,0,0,2,0,0,0,504,1313056,0,1310400,0,0,1310720,0,0
0,11,2,4MiB,4194304,32768,measured,1,4438028,13,13,13,2624600,2621120,5242240,5245720,7866840,137398126,137398126,142642478,5244352,0,0,4,7,0,13,0,0,2,0,0,0,504,2623776,0,2621120,0,0,2621440,0,0
0,11,3,256KiB,262144,2048,measured,1,177580,13,9,13,167000,163520,327040,330520,494040,71288686,71288686,71617838,329152,0,0,4,7,0,9,0,0,2,0,0,0,504,166176,0,163520,0,0,163840,0,0
0,11,4,128KiB,131072,1024,measured,1,86117,13,8,13,85080,81600,163200,166680,248280,69085038,69085038,69250350,165312,0,0,4,7,0,8,0,0,2,0,0,0,504,84256,0,81600,0,0,81920,0,0
0,11,5,1MiB,1048576,8192,measured,1,704022,13,11,13,658520,655040,1310080,1313560,1968600,84510574,84510574,85822766,1312192,0,0,4,7,0,11,0,0,2,0,0,0,504,657696,0,655040,0,0,655360,0,0
0,11,6,512KiB,524288,4096,measured,1,348052,13,10,13,330840,327360,654720,658200,985560,75695982,75695982,76352814,656832,0,0,4,7,0,10,0,0,2,0,0,0,504,330016,0,327360,0,0,327680,0,0
0,11,7,16MiB,16777216,131072,measured,1,25891943,13,15,13,10488920,10485440,20970880,20974360,31459800,348948334,348948334,369921326,20972992,0,0,4,7,0,15,0,0,2,0,0,0,504,10488096,0,10485440,0,0,10485760,0,0
0,12,0,1MiB,1048576,8192,measured,2,711597,13,11,13,658520,655040,1310080,1313560,1968600,84510574,84510574,85822766,1312192,0,0,4,7,0,11,0,0,2,0,0,0,504,657696,0,655040,0,0,655360,0,0
0,12,1,512KiB,524288,4096,measured,2,344939,13,10,13,330840,327360,654720,658200,985560,75695982,75695982,76352814,656832,0,0,4,7,0,10,0,0,2,0,0,0,504,330016,0,327360,0,0,327680,0,0
0,12,2,4MiB,4194304,32768,measured,2,4939987,13,13,13,2624600,2621120,5242240,5245720,7866840,137398126,137398126,142642478,5244352,0,0,4,7,0,13,0,0,2,0,0,0,504,2623776,0,2621120,0,0,2621440,0,0
0,12,3,256KiB,262144,2048,measured,2,177812,13,9,13,167000,163520,327040,330520,494040,71288686,71288686,71617838,329152,0,0,4,7,0,9,0,0,2,0,0,0,504,166176,0,163520,0,0,163840,0,0
0,12,4,2MiB,2097152,16384,measured,2,1603728,13,12,13,1313880,1310400,2620800,2624280,3934680,102139758,102139758,104762670,2622912,0,0,4,7,0,12,0,0,2,0,0,0,504,1313056,0,1310400,0,0,1310720,0,0
0,12,5,8MiB,8388608,65536,measured,2,11727193,13,14,13,5246040,5242560,10485120,10488600,15731160,207914862,207914862,218402094,10487232,0,0,4,7,0,14,0,0,2,0,0,0,504,5245216,0,5242560,0,0,5242880,0,0
0,12,6,16MiB,16777216,131072,measured,2,26063086,13,15,13,10488920,10485440,20970880,20974360,31459800,348948334,348948334,369921326,20972992,0,0,4,7,0,15,0,0,2,0,0,0,504,10488096,0,10485440,0,0,10485760,0,0
0,12,7,128KiB,131072,1024,measured,2,91064,13,8,13,85080,81600,163200,166680,248280,69085038,69085038,69250350,165312,0,0,4,7,0,8,0,0,2,0,0,0,504,84256,0,81600,0,0,81920,0,0
0,13,0,4MiB,4194304,32768,measured,3,4540265,13,13,13,2624600,2621120,5242240,5245720,7866840,137398126,137398126,142642478,5244352,0,0,4,7,0,13,0,0,2,0,0,0,504,2623776,0,2621120,0,0,2621440,0,0
0,13,1,1MiB,1048576,8192,measured,3,767797,13,11,13,658520,655040,1310080,1313560,1968600,84510574,84510574,85822766,1312192,0,0,4,7,0,11,0,0,2,0,0,0,504,657696,0,655040,0,0,655360,0,0
0,13,2,8MiB,8388608,65536,measured,3,12927701,13,14,13,5246040,5242560,10485120,10488600,15731160,207914862,207914862,218402094,10487232,0,0,4,7,0,14,0,0,2,0,0,0,504,5245216,0,5242560,0,0,5242880,0,0
0,13,3,2MiB,2097152,16384,measured,3,1572505,13,12,13,1313880,1310400,2620800,2624280,3934680,102139758,102139758,104762670,2622912,0,0,4,7,0,12,0,0,2,0,0,0,504,1313056,0,1310400,0,0,1310720,0,0
0,13,4,16MiB,16777216,131072,measured,3,25875630,13,15,13,10488920,10485440,20970880,20974360,31459800,348948334,348948334,369921326,20972992,0,0,4,7,0,15,0,0,2,0,0,0,504,10488096,0,10485440,0,0,10485760,0,0
0,13,5,512KiB,524288,4096,measured,3,355707,13,10,13,330840,327360,654720,658200,985560,75695982,75695982,76352814,656832,0,0,4,7,0,10,0,0,2,0,0,0,504,330016,0,327360,0,0,327680,0,0
0,13,6,256KiB,262144,2048,measured,3,169843,13,9,13,167000,163520,327040,330520,494040,71288686,71288686,71617838,329152,0,0,4,7,0,9,0,0,2,0,0,0,504,166176,0,163520,0,0,163840,0,0
0,13,7,128KiB,131072,1024,measured,3,86488,13,8,13,85080,81600,163200,166680,248280,69085038,69085038,69250350,165312,0,0,4,7,0,8,0,0,2,0,0,0,504,84256,0,81600,0,0,81920,0,0
0,14,0,2MiB,2097152,16384,measured,4,1678591,13,12,13,1313880,1310400,2620800,2624280,3934680,102139758,102139758,104762670,2622912,0,0,4,7,0,12,0,0,2,0,0,0,504,1313056,0,1310400,0,0,1310720,0,0
0,14,1,128KiB,131072,1024,measured,4,88536,13,8,13,85080,81600,163200,166680,248280,69085038,69085038,69250350,165312,0,0,4,7,0,8,0,0,2,0,0,0,504,84256,0,81600,0,0,81920,0,0
0,14,2,512KiB,524288,4096,measured,4,343789,13,10,13,330840,327360,654720,658200,985560,75695982,75695982,76352814,656832,0,0,4,7,0,10,0,0,2,0,0,0,504,330016,0,327360,0,0,327680,0,0
0,14,3,4MiB,4194304,32768,measured,4,4493238,13,13,13,2624600,2621120,5242240,5245720,7866840,137398126,137398126,142642478,5244352,0,0,4,7,0,13,0,0,2,0,0,0,504,2623776,0,2621120,0,0,2621440,0,0
0,14,4,8MiB,8388608,65536,measured,4,11854355,13,14,13,5246040,5242560,10485120,10488600,15731160,207914862,207914862,218402094,10487232,0,0,4,7,0,14,0,0,2,0,0,0,504,5245216,0,5242560,0,0,5242880,0,0
0,14,5,16MiB,16777216,131072,measured,4,26711177,13,15,13,10488920,10485440,20970880,20974360,31459800,348948334,348948334,369921326,20972992,0,0,4,7,0,15,0,0,2,0,0,0,504,10488096,0,10485440,0,0,10485760,0,0
0,14,6,1MiB,1048576,8192,measured,4,744852,13,11,13,658520,655040,1310080,1313560,1968600,84510574,84510574,85822766,1312192,0,0,4,7,0,11,0,0,2,0,0,0,504,657696,0,655040,0,0,655360,0,0
0,14,7,256KiB,262144,2048,measured,4,171892,13,9,13,167000,163520,327040,330520,494040,71288686,71288686,71617838,329152,0,0,4,7,0,9,0,0,2,0,0,0,504,166176,0,163520,0,0,163840,0,0
0,15,0,1MiB,1048576,8192,measured,5,714730,13,11,13,658520,655040,1310080,1313560,1968600,84510574,84510574,85822766,1312192,0,0,4,7,0,11,0,0,2,0,0,0,504,657696,0,655040,0,0,655360,0,0
0,15,1,4MiB,4194304,32768,measured,5,4536409,13,13,13,2624600,2621120,5242240,5245720,7866840,137398126,137398126,142642478,5244352,0,0,4,7,0,13,0,0,2,0,0,0,504,2623776,0,2621120,0,0,2621440,0,0
0,15,2,256KiB,262144,2048,measured,5,175597,13,9,13,167000,163520,327040,330520,494040,71288686,71288686,71617838,329152,0,0,4,7,0,9,0,0,2,0,0,0,504,166176,0,163520,0,0,163840,0,0
0,15,3,128KiB,131072,1024,measured,5,87597,13,8,13,85080,81600,163200,166680,248280,69085038,69085038,69250350,165312,0,0,4,7,0,8,0,0,2,0,0,0,504,84256,0,81600,0,0,81920,0,0
0,15,4,512KiB,524288,4096,measured,5,355702,13,10,13,330840,327360,654720,658200,985560,75695982,75695982,76352814,656832,0,0,4,7,0,10,0,0,2,0,0,0,504,330016,0,327360,0,0,327680,0,0
0,15,5,16MiB,16777216,131072,measured,5,26256580,13,15,13,10488920,10485440,20970880,20974360,31459800,348948334,348948334,369921326,20972992,0,0,4,7,0,15,0,0,2,0,0,0,504,10488096,0,10485440,0,0,10485760,0,0
0,15,6,2MiB,2097152,16384,measured,5,1690219,13,12,13,1313880,1310400,2620800,2624280,3934680,102139758,102139758,104762670,2622912,0,0,4,7,0,12,0,0,2,0,0,0,504,1313056,0,1310400,0,0,1310720,0,0
0,15,7,8MiB,8388608,65536,measured,5,11887728,13,14,13,5246040,5242560,10485120,10488600,15731160,207914862,207914862,218402094,10487232,0,0,4,7,0,14,0,0,2,0,0,0,504,5245216,0,5242560,0,0,5242880,0,0
0,16,0,16MiB,16777216,131072,measured,6,25775176,13,15,13,10488920,10485440,20970880,20974360,31459800,348948334,348948334,369921326,20972992,0,0,4,7,0,15,0,0,2,0,0,0,504,10488096,0,10485440,0,0,10485760,0,0
0,16,1,1MiB,1048576,8192,measured,6,708030,13,11,13,658520,655040,1310080,1313560,1968600,84510574,84510574,85822766,1312192,0,0,4,7,0,11,0,0,2,0,0,0,504,657696,0,655040,0,0,655360,0,0
0,16,2,4MiB,4194304,32768,measured,6,5439438,13,13,13,2624600,2621120,5242240,5245720,7866840,137398126,137398126,142642478,5244352,0,0,4,7,0,13,0,0,2,0,0,0,504,2623776,0,2621120,0,0,2621440,0,0
0,16,3,512KiB,524288,4096,measured,6,361549,13,10,13,330840,327360,654720,658200,985560,75695982,75695982,76352814,656832,0,0,4,7,0,10,0,0,2,0,0,0,504,330016,0,327360,0,0,327680,0,0
0,16,4,2MiB,2097152,16384,measured,6,1600328,13,12,13,1313880,1310400,2620800,2624280,3934680,102139758,102139758,104762670,2622912,0,0,4,7,0,12,0,0,2,0,0,0,504,1313056,0,1310400,0,0,1310720,0,0
0,16,5,8MiB,8388608,65536,measured,6,11904179,13,14,13,5246040,5242560,10485120,10488600,15731160,207914862,207914862,218402094,10487232,0,0,4,7,0,14,0,0,2,0,0,0,504,5245216,0,5242560,0,0,5242880,0,0
0,16,6,128KiB,131072,1024,measured,6,93951,13,8,13,85080,81600,163200,166680,248280,69085038,69085038,69250350,165312,0,0,4,7,0,8,0,0,2,0,0,0,504,84256,0,81600,0,0,81920,0,0
0,16,7,256KiB,262144,2048,measured,6,173362,13,9,13,167000,163520,327040,330520,494040,71288686,71288686,71617838,329152,0,0,4,7,0,9,0,0,2,0,0,0,504,166176,0,163520,0,0,163840,0,0
0,17,0,4MiB,4194304,32768,measured,7,4467822,13,13,13,2624600,2621120,5242240,5245720,7866840,137398126,137398126,142642478,5244352,0,0,4,7,0,13,0,0,2,0,0,0,504,2623776,0,2621120,0,0,2621440,0,0
0,17,1,2MiB,2097152,16384,measured,7,1589717,13,12,13,1313880,1310400,2620800,2624280,3934680,102139758,102139758,104762670,2622912,0,0,4,7,0,12,0,0,2,0,0,0,504,1313056,0,1310400,0,0,1310720,0,0
0,17,2,128KiB,131072,1024,measured,7,89931,13,8,13,85080,81600,163200,166680,248280,69085038,69085038,69250350,165312,0,0,4,7,0,8,0,0,2,0,0,0,504,84256,0,81600,0,0,81920,0,0
0,17,3,512KiB,524288,4096,measured,7,344603,13,10,13,330840,327360,654720,658200,985560,75695982,75695982,76352814,656832,0,0,4,7,0,10,0,0,2,0,0,0,504,330016,0,327360,0,0,327680,0,0
0,17,4,256KiB,262144,2048,measured,7,174313,13,9,13,167000,163520,327040,330520,494040,71288686,71288686,71617838,329152,0,0,4,7,0,9,0,0,2,0,0,0,504,166176,0,163520,0,0,163840,0,0
0,17,5,1MiB,1048576,8192,measured,7,812883,13,11,13,658520,655040,1310080,1313560,1968600,84510574,84510574,85822766,1312192,0,0,4,7,0,11,0,0,2,0,0,0,504,657696,0,655040,0,0,655360,0,0
0,17,6,8MiB,8388608,65536,measured,7,13048983,13,14,13,5246040,5242560,10485120,10488600,15731160,207914862,207914862,218402094,10487232,0,0,4,7,0,14,0,0,2,0,0,0,504,5245216,0,5242560,0,0,5242880,0,0
0,17,7,16MiB,16777216,131072,measured,7,26449266,13,15,13,10488920,10485440,20970880,20974360,31459800,348948334,348948334,369921326,20972992,0,0,4,7,0,15,0,0,2,0,0,0,504,10488096,0,10485440,0,0,10485760,0,0
0,18,0,16MiB,16777216,131072,measured,8,27375285,13,15,13,10488920,10485440,20970880,20974360,31459800,348948334,348948334,369921326,20972992,0,0,4,7,0,15,0,0,2,0,0,0,504,10488096,0,10485440,0,0,10485760,0,0
0,18,1,4MiB,4194304,32768,measured,8,4519887,13,13,13,2624600,2621120,5242240,5245720,7866840,137398126,137398126,142642478,5244352,0,0,4,7,0,13,0,0,2,0,0,0,504,2623776,0,2621120,0,0,2621440,0,0
0,18,2,256KiB,262144,2048,measured,8,181987,13,9,13,167000,163520,327040,330520,494040,71288686,71288686,71617838,329152,0,0,4,7,0,9,0,0,2,0,0,0,504,166176,0,163520,0,0,163840,0,0
0,18,3,128KiB,131072,1024,measured,8,86452,13,8,13,85080,81600,163200,166680,248280,69085038,69085038,69250350,165312,0,0,4,7,0,8,0,0,2,0,0,0,504,84256,0,81600,0,0,81920,0,0
0,18,4,1MiB,1048576,8192,measured,8,714604,13,11,13,658520,655040,1310080,1313560,1968600,84510574,84510574,85822766,1312192,0,0,4,7,0,11,0,0,2,0,0,0,504,657696,0,655040,0,0,655360,0,0
0,18,5,512KiB,524288,4096,measured,8,347592,13,10,13,330840,327360,654720,658200,985560,75695982,75695982,76352814,656832,0,0,4,7,0,10,0,0,2,0,0,0,504,330016,0,327360,0,0,327680,0,0
0,18,6,2MiB,2097152,16384,measured,8,1610581,13,12,13,1313880,1310400,2620800,2624280,3934680,102139758,102139758,104762670,2622912,0,0,4,7,0,12,0,0,2,0,0,0,504,1313056,0,1310400,0,0,1310720,0,0
0,18,7,8MiB,8388608,65536,measured,8,12919860,13,14,13,5246040,5242560,10485120,10488600,15731160,207914862,207914862,218402094,10487232,0,0,4,7,0,14,0,0,2,0,0,0,504,5245216,0,5242560,0,0,5242880,0,0
0,19,0,4MiB,4194304,32768,measured,9,4544143,13,13,13,2624600,2621120,5242240,5245720,7866840,137398126,137398126,142642478,5244352,0,0,4,7,0,13,0,0,2,0,0,0,504,2623776,0,2621120,0,0,2621440,0,0
0,19,1,256KiB,262144,2048,measured,9,177731,13,9,13,167000,163520,327040,330520,494040,71288686,71288686,71617838,329152,0,0,4,7,0,9,0,0,2,0,0,0,504,166176,0,163520,0,0,163840,0,0
0,19,2,128KiB,131072,1024,measured,9,87089,13,8,13,85080,81600,163200,166680,248280,69085038,69085038,69250350,165312,0,0,4,7,0,8,0,0,2,0,0,0,504,84256,0,81600,0,0,81920,0,0
0,19,3,16MiB,16777216,131072,measured,9,26401749,13,15,13,10488920,10485440,20970880,20974360,31459800,348948334,348948334,369921326,20972992,0,0,4,7,0,15,0,0,2,0,0,0,504,10488096,0,10485440,0,0,10485760,0,0
0,19,4,512KiB,524288,4096,measured,9,356538,13,10,13,330840,327360,654720,658200,985560,75695982,75695982,76352814,656832,0,0,4,7,0,10,0,0,2,0,0,0,504,330016,0,327360,0,0,327680,0,0
0,19,5,8MiB,8388608,65536,measured,9,12186613,13,14,13,5246040,5242560,10485120,10488600,15731160,207914862,207914862,218402094,10487232,0,0,4,7,0,14,0,0,2,0,0,0,504,5245216,0,5242560,0,0,5242880,0,0
0,19,6,1MiB,1048576,8192,measured,9,714883,13,11,13,658520,655040,1310080,1313560,1968600,84510574,84510574,85822766,1312192,0,0,4,7,0,11,0,0,2,0,0,0,504,657696,0,655040,0,0,655360,0,0
0,19,7,2MiB,2097152,16384,measured,9,1575568,13,12,13,1313880,1310400,2620800,2624280,3934680,102139758,102139758,104762670,2622912,0,0,4,7,0,12,0,0,2,0,0,0,504,1313056,0,1310400,0,0,1310720,0,0
0,20,0,8MiB,8388608,65536,measured,10,12296819,13,14,13,5246040,5242560,10485120,10488600,15731160,207914862,207914862,218402094,10487232,0,0,4,7,0,14,0,0,2,0,0,0,504,5245216,0,5242560,0,0,5242880,0,0
0,20,1,512KiB,524288,4096,measured,10,355332,13,10,13,330840,327360,654720,658200,985560,75695982,75695982,76352814,656832,0,0,4,7,0,10,0,0,2,0,0,0,504,330016,0,327360,0,0,327680,0,0
0,20,2,256KiB,262144,2048,measured,10,179794,13,9,13,167000,163520,327040,330520,494040,71288686,71288686,71617838,329152,0,0,4,7,0,9,0,0,2,0,0,0,504,166176,0,163520,0,0,163840,0,0
0,20,3,128KiB,131072,1024,measured,10,86521,13,8,13,85080,81600,163200,166680,248280,69085038,69085038,69250350,165312,0,0,4,7,0,8,0,0,2,0,0,0,504,84256,0,81600,0,0,81920,0,0
0,20,4,4MiB,4194304,32768,measured,10,4484671,13,13,13,2624600,2621120,5242240,5245720,7866840,137398126,137398126,142642478,5244352,0,0,4,7,0,13,0,0,2,0,0,0,504,2623776,0,2621120,0,0,2621440,0,0
0,20,5,2MiB,2097152,16384,measured,10,1587369,13,12,13,1313880,1310400,2620800,2624280,3934680,102139758,102139758,104762670,2622912,0,0,4,7,0,12,0,0,2,0,0,0,504,1313056,0,1310400,0,0,1310720,0,0
0,20,6,16MiB,16777216,131072,measured,10,26199587,13,15,13,10488920,10485440,20970880,20974360,31459800,348948334,348948334,369921326,20972992,0,0,4,7,0,15,0,0,2,0,0,0,504,10488096,0,10485440,0,0,10485760,0,0
0,20,7,1MiB,1048576,8192,measured,10,699695,13,11,13,658520,655040,1310080,1313560,1968600,84510574,84510574,85822766,1312192,0,0,4,7,0,11,0,0,2,0,0,0,504,657696,0,655040,0,0,655360,0,0
0,21,0,4MiB,4194304,32768,measured,11,4526168,13,13,13,2624600,2621120,5242240,5245720,7866840,137398126,137398126,142642478,5244352,0,0,4,7,0,13,0,0,2,0,0,0,504,2623776,0,2621120,0,0,2621440,0,0
0,21,1,128KiB,131072,1024,measured,11,89024,13,8,13,85080,81600,163200,166680,248280,69085038,69085038,69250350,165312,0,0,4,7,0,8,0,0,2,0,0,0,504,84256,0,81600,0,0,81920,0,0
0,21,2,16MiB,16777216,131072,measured,11,25681498,13,15,13,10488920,10485440,20970880,20974360,31459800,348948334,348948334,369921326,20972992,0,0,4,7,0,15,0,0,2,0,0,0,504,10488096,0,10485440,0,0,10485760,0,0
0,21,3,1MiB,1048576,8192,measured,11,748175,13,11,13,658520,655040,1310080,1313560,1968600,84510574,84510574,85822766,1312192,0,0,4,7,0,11,0,0,2,0,0,0,504,657696,0,655040,0,0,655360,0,0
0,21,4,8MiB,8388608,65536,measured,11,11981576,13,14,13,5246040,5242560,10485120,10488600,15731160,207914862,207914862,218402094,10487232,0,0,4,7,0,14,0,0,2,0,0,0,504,5245216,0,5242560,0,0,5242880,0,0
0,21,5,512KiB,524288,4096,measured,11,352116,13,10,13,330840,327360,654720,658200,985560,75695982,75695982,76352814,656832,0,0,4,7,0,10,0,0,2,0,0,0,504,330016,0,327360,0,0,327680,0,0
0,21,6,2MiB,2097152,16384,measured,11,1597835,13,12,13,1313880,1310400,2620800,2624280,3934680,102139758,102139758,104762670,2622912,0,0,4,7,0,12,0,0,2,0,0,0,504,1313056,0,1310400,0,0,1310720,0,0
0,21,7,256KiB,262144,2048,measured,11,206023,13,9,13,167000,163520,327040,330520,494040,71288686,71288686,71617838,329152,0,0,4,7,0,9,0,0,2,0,0,0,504,166176,0,163520,0,0,163840,0,0
0,22,0,512KiB,524288,4096,measured,12,377001,13,10,13,330840,327360,654720,658200,985560,75695982,75695982,76352814,656832,0,0,4,7,0,10,0,0,2,0,0,0,504,330016,0,327360,0,0,327680,0,0
0,22,1,1MiB,1048576,8192,measured,12,821093,13,11,13,658520,655040,1310080,1313560,1968600,84510574,84510574,85822766,1312192,0,0,4,7,0,11,0,0,2,0,0,0,504,657696,0,655040,0,0,655360,0,0
0,22,2,2MiB,2097152,16384,measured,12,2160003,13,12,13,1313880,1310400,2620800,2624280,3934680,102139758,102139758,104762670,2622912,0,0,4,7,0,12,0,0,2,0,0,0,504,1313056,0,1310400,0,0,1310720,0,0
0,22,3,128KiB,131072,1024,measured,12,88522,13,8,13,85080,81600,163200,166680,248280,69085038,69085038,69250350,165312,0,0,4,7,0,8,0,0,2,0,0,0,504,84256,0,81600,0,0,81920,0,0
0,22,4,256KiB,262144,2048,measured,12,173798,13,9,13,167000,163520,327040,330520,494040,71288686,71288686,71617838,329152,0,0,4,7,0,9,0,0,2,0,0,0,504,166176,0,163520,0,0,163840,0,0
0,22,5,16MiB,16777216,131072,measured,12,26927259,13,15,13,10488920,10485440,20970880,20974360,31459800,348948334,348948334,369921326,20972992,0,0,4,7,0,15,0,0,2,0,0,0,504,10488096,0,10485440,0,0,10485760,0,0
0,22,6,4MiB,4194304,32768,measured,12,4525256,13,13,13,2624600,2621120,5242240,5245720,7866840,137398126,137398126,142642478,5244352,0,0,4,7,0,13,0,0,2,0,0,0,504,2623776,0,2621120,0,0,2621440,0,0
0,22,7,8MiB,8388608,65536,measured,12,12048119,13,14,13,5246040,5242560,10485120,10488600,15731160,207914862,207914862,218402094,10487232,0,0,4,7,0,14,0,0,2,0,0,0,504,5245216,0,5242560,0,0,5242880,0,0
0,23,0,128KiB,131072,1024,measured,13,91875,13,8,13,85080,81600,163200,166680,248280,69085038,69085038,69250350,165312,0,0,4,7,0,8,0,0,2,0,0,0,504,84256,0,81600,0,0,81920,0,0
0,23,1,1MiB,1048576,8192,measured,13,742861,13,11,13,658520,655040,1310080,1313560,1968600,84510574,84510574,85822766,1312192,0,0,4,7,0,11,0,0,2,0,0,0,504,657696,0,655040,0,0,655360,0,0
0,23,2,2MiB,2097152,16384,measured,13,1570806,13,12,13,1313880,1310400,2620800,2624280,3934680,102139758,102139758,104762670,2622912,0,0,4,7,0,12,0,0,2,0,0,0,504,1313056,0,1310400,0,0,1310720,0,0
0,23,3,512KiB,524288,4096,measured,13,348377,13,10,13,330840,327360,654720,658200,985560,75695982,75695982,76352814,656832,0,0,4,7,0,10,0,0,2,0,0,0,504,330016,0,327360,0,0,327680,0,0
0,23,4,4MiB,4194304,32768,measured,13,4542796,13,13,13,2624600,2621120,5242240,5245720,7866840,137398126,137398126,142642478,5244352,0,0,4,7,0,13,0,0,2,0,0,0,504,2623776,0,2621120,0,0,2621440,0,0
0,23,5,256KiB,262144,2048,measured,13,177382,13,9,13,167000,163520,327040,330520,494040,71288686,71288686,71617838,329152,0,0,4,7,0,9,0,0,2,0,0,0,504,166176,0,163520,0,0,163840,0,0
0,23,6,8MiB,8388608,65536,measured,13,12257262,13,14,13,5246040,5242560,10485120,10488600,15731160,207914862,207914862,218402094,10487232,0,0,4,7,0,14,0,0,2,0,0,0,504,5245216,0,5242560,0,0,5242880,0,0
0,23,7,16MiB,16777216,131072,measured,13,25670274,13,15,13,10488920,10485440,20970880,20974360,31459800,348948334,348948334,369921326,20972992,0,0,4,7,0,15,0,0,2,0,0,0,504,10488096,0,10485440,0,0,10485760,0,0
0,24,0,8MiB,8388608,65536,measured,14,12265431,13,14,13,5246040,5242560,10485120,10488600,15731160,207914862,207914862,218402094,10487232,0,0,4,7,0,14,0,0,2,0,0,0,504,5245216,0,5242560,0,0,5242880,0,0
0,24,1,128KiB,131072,1024,measured,14,90100,13,8,13,85080,81600,163200,166680,248280,69085038,69085038,69250350,165312,0,0,4,7,0,8,0,0,2,0,0,0,504,84256,0,81600,0,0,81920,0,0
0,24,2,1MiB,1048576,8192,measured,14,728697,13,11,13,658520,655040,1310080,1313560,1968600,84510574,84510574,85822766,1312192,0,0,4,7,0,11,0,0,2,0,0,0,504,657696,0,655040,0,0,655360,0,0
0,24,3,2MiB,2097152,16384,measured,14,1588781,13,12,13,1313880,1310400,2620800,2624280,3934680,102139758,102139758,104762670,2622912,0,0,4,7,0,12,0,0,2,0,0,0,504,1313056,0,1310400,0,0,1310720,0,0
0,24,4,4MiB,4194304,32768,measured,14,4604097,13,13,13,2624600,2621120,5242240,5245720,7866840,137398126,137398126,142642478,5244352,0,0,4,7,0,13,0,0,2,0,0,0,504,2623776,0,2621120,0,0,2621440,0,0
0,24,5,512KiB,524288,4096,measured,14,347327,13,10,13,330840,327360,654720,658200,985560,75695982,75695982,76352814,656832,0,0,4,7,0,10,0,0,2,0,0,0,504,330016,0,327360,0,0,327680,0,0
0,24,6,16MiB,16777216,131072,measured,14,26498671,13,15,13,10488920,10485440,20970880,20974360,31459800,348948334,348948334,369921326,20972992,0,0,4,7,0,15,0,0,2,0,0,0,504,10488096,0,10485440,0,0,10485760,0,0
0,24,7,256KiB,262144,2048,measured,14,176393,13,9,13,167000,163520,327040,330520,494040,71288686,71288686,71617838,329152,0,0,4,7,0,9,0,0,2,0,0,0,504,166176,0,163520,0,0,163840,0,0
0,25,0,16MiB,16777216,131072,measured,15,25275797,13,15,13,10488920,10485440,20970880,20974360,31459800,348948334,348948334,369921326,20972992,0,0,4,7,0,15,0,0,2,0,0,0,504,10488096,0,10485440,0,0,10485760,0,0
0,25,1,256KiB,262144,2048,measured,15,179771,13,9,13,167000,163520,327040,330520,494040,71288686,71288686,71617838,329152,0,0,4,7,0,9,0,0,2,0,0,0,504,166176,0,163520,0,0,163840,0,0
0,25,2,2MiB,2097152,16384,measured,15,1580819,13,12,13,1313880,1310400,2620800,2624280,3934680,102139758,102139758,104762670,2622912,0,0,4,7,0,12,0,0,2,0,0,0,504,1313056,0,1310400,0,0,1310720,0,0
0,25,3,4MiB,4194304,32768,measured,15,4561085,13,13,13,2624600,2621120,5242240,5245720,7866840,137398126,137398126,142642478,5244352,0,0,4,7,0,13,0,0,2,0,0,0,504,2623776,0,2621120,0,0,2621440,0,0
0,25,4,512KiB,524288,4096,measured,15,346084,13,10,13,330840,327360,654720,658200,985560,75695982,75695982,76352814,656832,0,0,4,7,0,10,0,0,2,0,0,0,504,330016,0,327360,0,0,327680,0,0
0,25,5,128KiB,131072,1024,measured,15,86690,13,8,13,85080,81600,163200,166680,248280,69085038,69085038,69250350,165312,0,0,4,7,0,8,0,0,2,0,0,0,504,84256,0,81600,0,0,81920,0,0
0,25,6,8MiB,8388608,65536,measured,15,12744947,13,14,13,5246040,5242560,10485120,10488600,15731160,207914862,207914862,218402094,10487232,0,0,4,7,0,14,0,0,2,0,0,0,504,5245216,0,5242560,0,0,5242880,0,0
0,25,7,1MiB,1048576,8192,measured,15,719761,13,11,13,658520,655040,1310080,1313560,1968600,84510574,84510574,85822766,1312192,0,0,4,7,0,11,0,0,2,0,0,0,504,657696,0,655040,0,0,655360,0,0
0,26,0,2MiB,2097152,16384,measured,16,1601205,13,12,13,1313880,1310400,2620800,2624280,3934680,102139758,102139758,104762670,2622912,0,0,4,7,0,12,0,0,2,0,0,0,504,1313056,0,1310400,0,0,1310720,0,0
0,26,1,512KiB,524288,4096,measured,16,353985,13,10,13,330840,327360,654720,658200,985560,75695982,75695982,76352814,656832,0,0,4,7,0,10,0,0,2,0,0,0,504,330016,0,327360,0,0,327680,0,0
0,26,2,128KiB,131072,1024,measured,16,86164,13,8,13,85080,81600,163200,166680,248280,69085038,69085038,69250350,165312,0,0,4,7,0,8,0,0,2,0,0,0,504,84256,0,81600,0,0,81920,0,0
0,26,3,4MiB,4194304,32768,measured,16,4507210,13,13,13,2624600,2621120,5242240,5245720,7866840,137398126,137398126,142642478,5244352,0,0,4,7,0,13,0,0,2,0,0,0,504,2623776,0,2621120,0,0,2621440,0,0
0,26,4,16MiB,16777216,131072,measured,16,25993171,13,15,13,10488920,10485440,20970880,20974360,31459800,348948334,348948334,369921326,20972992,0,0,4,7,0,15,0,0,2,0,0,0,504,10488096,0,10485440,0,0,10485760,0,0
0,26,5,8MiB,8388608,65536,measured,16,12450100,13,14,13,5246040,5242560,10485120,10488600,15731160,207914862,207914862,218402094,10487232,0,0,4,7,0,14,0,0,2,0,0,0,504,5245216,0,5242560,0,0,5242880,0,0
0,26,6,1MiB,1048576,8192,measured,16,748575,13,11,13,658520,655040,1310080,1313560,1968600,84510574,84510574,85822766,1312192,0,0,4,7,0,11,0,0,2,0,0,0,504,657696,0,655040,0,0,655360,0,0
0,26,7,256KiB,262144,2048,measured,16,173981,13,9,13,167000,163520,327040,330520,494040,71288686,71288686,71617838,329152,0,0,4,7,0,9,0,0,2,0,0,0,504,166176,0,163520,0,0,163840,0,0
0,27,0,8MiB,8388608,65536,measured,17,11991868,13,14,13,5246040,5242560,10485120,10488600,15731160,207914862,207914862,218402094,10487232,0,0,4,7,0,14,0,0,2,0,0,0,504,5245216,0,5242560,0,0,5242880,0,0
0,27,1,16MiB,16777216,131072,measured,17,25475694,13,15,13,10488920,10485440,20970880,20974360,31459800,348948334,348948334,369921326,20972992,0,0,4,7,0,15,0,0,2,0,0,0,504,10488096,0,10485440,0,0,10485760,0,0
0,27,2,128KiB,131072,1024,measured,17,91305,13,8,13,85080,81600,163200,166680,248280,69085038,69085038,69250350,165312,0,0,4,7,0,8,0,0,2,0,0,0,504,84256,0,81600,0,0,81920,0,0
0,27,3,1MiB,1048576,8192,measured,17,713578,13,11,13,658520,655040,1310080,1313560,1968600,84510574,84510574,85822766,1312192,0,0,4,7,0,11,0,0,2,0,0,0,504,657696,0,655040,0,0,655360,0,0
0,27,4,4MiB,4194304,32768,measured,17,4563912,13,13,13,2624600,2621120,5242240,5245720,7866840,137398126,137398126,142642478,5244352,0,0,4,7,0,13,0,0,2,0,0,0,504,2623776,0,2621120,0,0,2621440,0,0
0,27,5,512KiB,524288,4096,measured,17,351099,13,10,13,330840,327360,654720,658200,985560,75695982,75695982,76352814,656832,0,0,4,7,0,10,0,0,2,0,0,0,504,330016,0,327360,0,0,327680,0,0
0,27,6,2MiB,2097152,16384,measured,17,1697408,13,12,13,1313880,1310400,2620800,2624280,3934680,102139758,102139758,104762670,2622912,0,0,4,7,0,12,0,0,2,0,0,0,504,1313056,0,1310400,0,0,1310720,0,0
0,27,7,256KiB,262144,2048,measured,17,195073,13,9,13,167000,163520,327040,330520,494040,71288686,71288686,71617838,329152,0,0,4,7,0,9,0,0,2,0,0,0,504,166176,0,163520,0,0,163840,0,0
0,28,0,128KiB,131072,1024,measured,18,86957,13,8,13,85080,81600,163200,166680,248280,69085038,69085038,69250350,165312,0,0,4,7,0,8,0,0,2,0,0,0,504,84256,0,81600,0,0,81920,0,0
0,28,1,4MiB,4194304,32768,measured,18,4778642,13,13,13,2624600,2621120,5242240,5245720,7866840,137398126,137398126,142642478,5244352,0,0,4,7,0,13,0,0,2,0,0,0,504,2623776,0,2621120,0,0,2621440,0,0
0,28,2,16MiB,16777216,131072,measured,18,26385186,13,15,13,10488920,10485440,20970880,20974360,31459800,348948334,348948334,369921326,20972992,0,0,4,7,0,15,0,0,2,0,0,0,504,10488096,0,10485440,0,0,10485760,0,0
0,28,3,512KiB,524288,4096,measured,18,359383,13,10,13,330840,327360,654720,658200,985560,75695982,75695982,76352814,656832,0,0,4,7,0,10,0,0,2,0,0,0,504,330016,0,327360,0,0,327680,0,0
0,28,4,8MiB,8388608,65536,measured,18,12305567,13,14,13,5246040,5242560,10485120,10488600,15731160,207914862,207914862,218402094,10487232,0,0,4,7,0,14,0,0,2,0,0,0,504,5245216,0,5242560,0,0,5242880,0,0
0,28,5,256KiB,262144,2048,measured,18,177664,13,9,13,167000,163520,327040,330520,494040,71288686,71288686,71617838,329152,0,0,4,7,0,9,0,0,2,0,0,0,504,166176,0,163520,0,0,163840,0,0
0,28,6,2MiB,2097152,16384,measured,18,1749574,13,12,13,1313880,1310400,2620800,2624280,3934680,102139758,102139758,104762670,2622912,0,0,4,7,0,12,0,0,2,0,0,0,504,1313056,0,1310400,0,0,1310720,0,0
0,28,7,1MiB,1048576,8192,measured,18,714056,13,11,13,658520,655040,1310080,1313560,1968600,84510574,84510574,85822766,1312192,0,0,4,7,0,11,0,0,2,0,0,0,504,657696,0,655040,0,0,655360,0,0
0,29,0,2MiB,2097152,16384,measured,19,1863171,13,12,13,1313880,1310400,2620800,2624280,3934680,102139758,102139758,104762670,2622912,0,0,4,7,0,12,0,0,2,0,0,0,504,1313056,0,1310400,0,0,1310720,0,0
0,29,1,256KiB,262144,2048,measured,19,174968,13,9,13,167000,163520,327040,330520,494040,71288686,71288686,71617838,329152,0,0,4,7,0,9,0,0,2,0,0,0,504,166176,0,163520,0,0,163840,0,0
0,29,2,16MiB,16777216,131072,measured,19,26613842,13,15,13,10488920,10485440,20970880,20974360,31459800,348948334,348948334,369921326,20972992,0,0,4,7,0,15,0,0,2,0,0,0,504,10488096,0,10485440,0,0,10485760,0,0
0,29,3,4MiB,4194304,32768,measured,19,4809964,13,13,13,2624600,2621120,5242240,5245720,7866840,137398126,137398126,142642478,5244352,0,0,4,7,0,13,0,0,2,0,0,0,504,2623776,0,2621120,0,0,2621440,0,0
0,29,4,8MiB,8388608,65536,measured,19,12179668,13,14,13,5246040,5242560,10485120,10488600,15731160,207914862,207914862,218402094,10487232,0,0,4,7,0,14,0,0,2,0,0,0,504,5245216,0,5242560,0,0,5242880,0,0
0,29,5,1MiB,1048576,8192,measured,19,719144,13,11,13,658520,655040,1310080,1313560,1968600,84510574,84510574,85822766,1312192,0,0,4,7,0,11,0,0,2,0,0,0,504,657696,0,655040,0,0,655360,0,0
0,29,6,128KiB,131072,1024,measured,19,89406,13,8,13,85080,81600,163200,166680,248280,69085038,69085038,69250350,165312,0,0,4,7,0,8,0,0,2,0,0,0,504,84256,0,81600,0,0,81920,0,0
0,29,7,512KiB,524288,4096,measured,19,348342,13,10,13,330840,327360,654720,658200,985560,75695982,75695982,76352814,656832,0,0,4,7,0,10,0,0,2,0,0,0,504,330016,0,327360,0,0,327680,0,0
0,30,0,16MiB,16777216,131072,measured,20,26585939,13,15,13,10488920,10485440,20970880,20974360,31459800,348948334,348948334,369921326,20972992,0,0,4,7,0,15,0,0,2,0,0,0,504,10488096,0,10485440,0,0,10485760,0,0
0,30,1,256KiB,262144,2048,measured,20,179375,13,9,13,167000,163520,327040,330520,494040,71288686,71288686,71617838,329152,0,0,4,7,0,9,0,0,2,0,0,0,504,166176,0,163520,0,0,163840,0,0
0,30,2,8MiB,8388608,65536,measured,20,12002422,13,14,13,5246040,5242560,10485120,10488600,15731160,207914862,207914862,218402094,10487232,0,0,4,7,0,14,0,0,2,0,0,0,504,5245216,0,5242560,0,0,5242880,0,0
0,30,3,4MiB,4194304,32768,measured,20,4606954,13,13,13,2624600,2621120,5242240,5245720,7866840,137398126,137398126,142642478,5244352,0,0,4,7,0,13,0,0,2,0,0,0,504,2623776,0,2621120,0,0,2621440,0,0
0,30,4,1MiB,1048576,8192,measured,20,774763,13,11,13,658520,655040,1310080,1313560,1968600,84510574,84510574,85822766,1312192,0,0,4,7,0,11,0,0,2,0,0,0,504,657696,0,655040,0,0,655360,0,0
0,30,5,128KiB,131072,1024,measured,20,88124,13,8,13,85080,81600,163200,166680,248280,69085038,69085038,69250350,165312,0,0,4,7,0,8,0,0,2,0,0,0,504,84256,0,81600,0,0,81920,0,0
0,30,6,2MiB,2097152,16384,measured,20,1679928,13,12,13,1313880,1310400,2620800,2624280,3934680,102139758,102139758,104762670,2622912,0,0,4,7,0,12,0,0,2,0,0,0,504,1313056,0,1310400,0,0,1310720,0,0
0,30,7,512KiB,524288,4096,measured,20,382352,13,10,13,330840,327360,654720,658200,985560,75695982,75695982,76352814,656832,0,0,4,7,0,10,0,0,2,0,0,0,504,330016,0,327360,0,0,327680,0,0
0,31,0,1MiB,1048576,8192,measured,21,776686,13,11,13,658520,655040,1310080,1313560,1968600,84510574,84510574,85822766,1312192,0,0,4,7,0,11,0,0,2,0,0,0,504,657696,0,655040,0,0,655360,0,0
0,31,1,16MiB,16777216,131072,measured,21,25996229,13,15,13,10488920,10485440,20970880,20974360,31459800,348948334,348948334,369921326,20972992,0,0,4,7,0,15,0,0,2,0,0,0,504,10488096,0,10485440,0,0,10485760,0,0
0,31,2,8MiB,8388608,65536,measured,21,12406657,13,14,13,5246040,5242560,10485120,10488600,15731160,207914862,207914862,218402094,10487232,0,0,4,7,0,14,0,0,2,0,0,0,504,5245216,0,5242560,0,0,5242880,0,0
0,31,3,512KiB,524288,4096,measured,21,351615,13,10,13,330840,327360,654720,658200,985560,75695982,75695982,76352814,656832,0,0,4,7,0,10,0,0,2,0,0,0,504,330016,0,327360,0,0,327680,0,0
0,31,4,2MiB,2097152,16384,measured,21,1677313,13,12,13,1313880,1310400,2620800,2624280,3934680,102139758,102139758,104762670,2622912,0,0,4,7,0,12,0,0,2,0,0,0,504,1313056,0,1310400,0,0,1310720,0,0
0,31,5,256KiB,262144,2048,measured,21,175414,13,9,13,167000,163520,327040,330520,494040,71288686,71288686,71617838,329152,0,0,4,7,0,9,0,0,2,0,0,0,504,166176,0,163520,0,0,163840,0,0
0,31,6,4MiB,4194304,32768,measured,21,4767409,13,13,13,2624600,2621120,5242240,5245720,7866840,137398126,137398126,142642478,5244352,0,0,4,7,0,13,0,0,2,0,0,0,504,2623776,0,2621120,0,0,2621440,0,0
0,31,7,128KiB,131072,1024,measured,21,91682,13,8,13,85080,81600,163200,166680,248280,69085038,69085038,69250350,165312,0,0,4,7,0,8,0,0,2,0,0,0,504,84256,0,81600,0,0,81920,0,0
0,32,0,512KiB,524288,4096,measured,22,352343,13,10,13,330840,327360,654720,658200,985560,75695982,75695982,76352814,656832,0,0,4,7,0,10,0,0,2,0,0,0,504,330016,0,327360,0,0,327680,0,0
0,32,1,16MiB,16777216,131072,measured,22,26966440,13,15,13,10488920,10485440,20970880,20974360,31459800,348948334,348948334,369921326,20972992,0,0,4,7,0,15,0,0,2,0,0,0,504,10488096,0,10485440,0,0,10485760,0,0
0,32,2,128KiB,131072,1024,measured,22,94676,13,8,13,85080,81600,163200,166680,248280,69085038,69085038,69250350,165312,0,0,4,7,0,8,0,0,2,0,0,0,504,84256,0,81600,0,0,81920,0,0
0,32,3,8MiB,8388608,65536,measured,22,12040817,13,14,13,5246040,5242560,10485120,10488600,15731160,207914862,207914862,218402094,10487232,0,0,4,7,0,14,0,0,2,0,0,0,504,5245216,0,5242560,0,0,5242880,0,0
0,32,4,4MiB,4194304,32768,measured,22,4612822,13,13,13,2624600,2621120,5242240,5245720,7866840,137398126,137398126,142642478,5244352,0,0,4,7,0,13,0,0,2,0,0,0,504,2623776,0,2621120,0,0,2621440,0,0
0,32,5,1MiB,1048576,8192,measured,22,717481,13,11,13,658520,655040,1310080,1313560,1968600,84510574,84510574,85822766,1312192,0,0,4,7,0,11,0,0,2,0,0,0,504,657696,0,655040,0,0,655360,0,0
0,32,6,2MiB,2097152,16384,measured,22,1558428,13,12,13,1313880,1310400,2620800,2624280,3934680,102139758,102139758,104762670,2622912,0,0,4,7,0,12,0,0,2,0,0,0,504,1313056,0,1310400,0,0,1310720,0,0
0,32,7,256KiB,262144,2048,measured,22,176515,13,9,13,167000,163520,327040,330520,494040,71288686,71288686,71617838,329152,0,0,4,7,0,9,0,0,2,0,0,0,504,166176,0,163520,0,0,163840,0,0
0,33,0,512KiB,524288,4096,measured,23,360603,13,10,13,330840,327360,654720,658200,985560,75695982,75695982,76352814,656832,0,0,4,7,0,10,0,0,2,0,0,0,504,330016,0,327360,0,0,327680,0,0
0,33,1,1MiB,1048576,8192,measured,23,719822,13,11,13,658520,655040,1310080,1313560,1968600,84510574,84510574,85822766,1312192,0,0,4,7,0,11,0,0,2,0,0,0,504,657696,0,655040,0,0,655360,0,0
0,33,2,16MiB,16777216,131072,measured,23,25759856,13,15,13,10488920,10485440,20970880,20974360,31459800,348948334,348948334,369921326,20972992,0,0,4,7,0,15,0,0,2,0,0,0,504,10488096,0,10485440,0,0,10485760,0,0
0,33,3,256KiB,262144,2048,measured,23,180426,13,9,13,167000,163520,327040,330520,494040,71288686,71288686,71617838,329152,0,0,4,7,0,9,0,0,2,0,0,0,504,166176,0,163520,0,0,163840,0,0
0,33,4,8MiB,8388608,65536,measured,23,12123529,13,14,13,5246040,5242560,10485120,10488600,15731160,207914862,207914862,218402094,10487232,0,0,4,7,0,14,0,0,2,0,0,0,504,5245216,0,5242560,0,0,5242880,0,0
0,33,5,2MiB,2097152,16384,measured,23,1712231,13,12,13,1313880,1310400,2620800,2624280,3934680,102139758,102139758,104762670,2622912,0,0,4,7,0,12,0,0,2,0,0,0,504,1313056,0,1310400,0,0,1310720,0,0
0,33,6,128KiB,131072,1024,measured,23,88659,13,8,13,85080,81600,163200,166680,248280,69085038,69085038,69250350,165312,0,0,4,7,0,8,0,0,2,0,0,0,504,84256,0,81600,0,0,81920,0,0
0,33,7,4MiB,4194304,32768,measured,23,4907573,13,13,13,2624600,2621120,5242240,5245720,7866840,137398126,137398126,142642478,5244352,0,0,4,7,0,13,0,0,2,0,0,0,504,2623776,0,2621120,0,0,2621440,0,0
0,34,0,8MiB,8388608,65536,measured,24,12027831,13,14,13,5246040,5242560,10485120,10488600,15731160,207914862,207914862,218402094,10487232,0,0,4,7,0,14,0,0,2,0,0,0,504,5245216,0,5242560,0,0,5242880,0,0
0,34,1,512KiB,524288,4096,measured,24,355044,13,10,13,330840,327360,654720,658200,985560,75695982,75695982,76352814,656832,0,0,4,7,0,10,0,0,2,0,0,0,504,330016,0,327360,0,0,327680,0,0
0,34,2,1MiB,1048576,8192,measured,24,713702,13,11,13,658520,655040,1310080,1313560,1968600,84510574,84510574,85822766,1312192,0,0,4,7,0,11,0,0,2,0,0,0,504,657696,0,655040,0,0,655360,0,0
0,34,3,128KiB,131072,1024,measured,24,88966,13,8,13,85080,81600,163200,166680,248280,69085038,69085038,69250350,165312,0,0,4,7,0,8,0,0,2,0,0,0,504,84256,0,81600,0,0,81920,0,0
0,34,4,2MiB,2097152,16384,measured,24,1571016,13,12,13,1313880,1310400,2620800,2624280,3934680,102139758,102139758,104762670,2622912,0,0,4,7,0,12,0,0,2,0,0,0,504,1313056,0,1310400,0,0,1310720,0,0
0,34,5,4MiB,4194304,32768,measured,24,4822167,13,13,13,2624600,2621120,5242240,5245720,7866840,137398126,137398126,142642478,5244352,0,0,4,7,0,13,0,0,2,0,0,0,504,2623776,0,2621120,0,0,2621440,0,0
0,34,6,16MiB,16777216,131072,measured,24,26422342,13,15,13,10488920,10485440,20970880,20974360,31459800,348948334,348948334,369921326,20972992,0,0,4,7,0,15,0,0,2,0,0,0,504,10488096,0,10485440,0,0,10485760,0,0
0,34,7,256KiB,262144,2048,measured,24,182594,13,9,13,167000,163520,327040,330520,494040,71288686,71288686,71617838,329152,0,0,4,7,0,9,0,0,2,0,0,0,504,166176,0,163520,0,0,163840,0,0
0,35,0,16MiB,16777216,131072,measured,25,27497602,13,15,13,10488920,10485440,20970880,20974360,31459800,348948334,348948334,369921326,20972992,0,0,4,7,0,15,0,0,2,0,0,0,504,10488096,0,10485440,0,0,10485760,0,0
0,35,1,4MiB,4194304,32768,measured,25,4898525,13,13,13,2624600,2621120,5242240,5245720,7866840,137398126,137398126,142642478,5244352,0,0,4,7,0,13,0,0,2,0,0,0,504,2623776,0,2621120,0,0,2621440,0,0
0,35,2,128KiB,131072,1024,measured,25,91281,13,8,13,85080,81600,163200,166680,248280,69085038,69085038,69250350,165312,0,0,4,7,0,8,0,0,2,0,0,0,504,84256,0,81600,0,0,81920,0,0
0,35,3,1MiB,1048576,8192,measured,25,714825,13,11,13,658520,655040,1310080,1313560,1968600,84510574,84510574,85822766,1312192,0,0,4,7,0,11,0,0,2,0,0,0,504,657696,0,655040,0,0,655360,0,0
0,35,4,8MiB,8388608,65536,measured,25,12265914,13,14,13,5246040,5242560,10485120,10488600,15731160,207914862,207914862,218402094,10487232,0,0,4,7,0,14,0,0,2,0,0,0,504,5245216,0,5242560,0,0,5242880,0,0
0,35,5,512KiB,524288,4096,measured,25,356341,13,10,13,330840,327360,654720,658200,985560,75695982,75695982,76352814,656832,0,0,4,7,0,10,0,0,2,0,0,0,504,330016,0,327360,0,0,327680,0,0
0,35,6,256KiB,262144,2048,measured,25,179538,13,9,13,167000,163520,327040,330520,494040,71288686,71288686,71617838,329152,0,0,4,7,0,9,0,0,2,0,0,0,504,166176,0,163520,0,0,163840,0,0
0,35,7,2MiB,2097152,16384,measured,25,1602919,13,12,13,1313880,1310400,2620800,2624280,3934680,102139758,102139758,104762670,2622912,0,0,4,7,0,12,0,0,2,0,0,0,504,1313056,0,1310400,0,0,1310720,0,0
0,36,0,128KiB,131072,1024,measured,26,90715,13,8,13,85080,81600,163200,166680,248280,69085038,69085038,69250350,165312,0,0,4,7,0,8,0,0,2,0,0,0,504,84256,0,81600,0,0,81920,0,0
0,36,1,1MiB,1048576,8192,measured,26,710742,13,11,13,658520,655040,1310080,1313560,1968600,84510574,84510574,85822766,1312192,0,0,4,7,0,11,0,0,2,0,0,0,504,657696,0,655040,0,0,655360,0,0
0,36,2,2MiB,2097152,16384,measured,26,1569551,13,12,13,1313880,1310400,2620800,2624280,3934680,102139758,102139758,104762670,2622912,0,0,4,7,0,12,0,0,2,0,0,0,504,1313056,0,1310400,0,0,1310720,0,0
0,36,3,4MiB,4194304,32768,measured,26,4874280,13,13,13,2624600,2621120,5242240,5245720,7866840,137398126,137398126,142642478,5244352,0,0,4,7,0,13,0,0,2,0,0,0,504,2623776,0,2621120,0,0,2621440,0,0
0,36,4,8MiB,8388608,65536,measured,26,11929558,13,14,13,5246040,5242560,10485120,10488600,15731160,207914862,207914862,218402094,10487232,0,0,4,7,0,14,0,0,2,0,0,0,504,5245216,0,5242560,0,0,5242880,0,0
0,36,5,256KiB,262144,2048,measured,26,178971,13,9,13,167000,163520,327040,330520,494040,71288686,71288686,71617838,329152,0,0,4,7,0,9,0,0,2,0,0,0,504,166176,0,163520,0,0,163840,0,0
0,36,6,512KiB,524288,4096,measured,26,350926,13,10,13,330840,327360,654720,658200,985560,75695982,75695982,76352814,656832,0,0,4,7,0,10,0,0,2,0,0,0,504,330016,0,327360,0,0,327680,0,0
0,36,7,16MiB,16777216,131072,measured,26,26673845,13,15,13,10488920,10485440,20970880,20974360,31459800,348948334,348948334,369921326,20972992,0,0,4,7,0,15,0,0,2,0,0,0,504,10488096,0,10485440,0,0,10485760,0,0
0,37,0,16MiB,16777216,131072,measured,27,26243787,13,15,13,10488920,10485440,20970880,20974360,31459800,348948334,348948334,369921326,20972992,0,0,4,7,0,15,0,0,2,0,0,0,504,10488096,0,10485440,0,0,10485760,0,0
0,37,1,2MiB,2097152,16384,measured,27,1580798,13,12,13,1313880,1310400,2620800,2624280,3934680,102139758,102139758,104762670,2622912,0,0,4,7,0,12,0,0,2,0,0,0,504,1313056,0,1310400,0,0,1310720,0,0
0,37,2,256KiB,262144,2048,measured,27,175685,13,9,13,167000,163520,327040,330520,494040,71288686,71288686,71617838,329152,0,0,4,7,0,9,0,0,2,0,0,0,504,166176,0,163520,0,0,163840,0,0
0,37,3,1MiB,1048576,8192,measured,27,745802,13,11,13,658520,655040,1310080,1313560,1968600,84510574,84510574,85822766,1312192,0,0,4,7,0,11,0,0,2,0,0,0,504,657696,0,655040,0,0,655360,0,0
0,37,4,4MiB,4194304,32768,measured,27,5082478,13,13,13,2624600,2621120,5242240,5245720,7866840,137398126,137398126,142642478,5244352,0,0,4,7,0,13,0,0,2,0,0,0,504,2623776,0,2621120,0,0,2621440,0,0
0,37,5,512KiB,524288,4096,measured,27,354888,13,10,13,330840,327360,654720,658200,985560,75695982,75695982,76352814,656832,0,0,4,7,0,10,0,0,2,0,0,0,504,330016,0,327360,0,0,327680,0,0
0,37,6,8MiB,8388608,65536,measured,27,12313050,13,14,13,5246040,5242560,10485120,10488600,15731160,207914862,207914862,218402094,10487232,0,0,4,7,0,14,0,0,2,0,0,0,504,5245216,0,5242560,0,0,5242880,0,0
0,37,7,128KiB,131072,1024,measured,27,91215,13,8,13,85080,81600,163200,166680,248280,69085038,69085038,69250350,165312,0,0,4,7,0,8,0,0,2,0,0,0,504,84256,0,81600,0,0,81920,0,0
0,38,0,2MiB,2097152,16384,measured,28,1670008,13,12,13,1313880,1310400,2620800,2624280,3934680,102139758,102139758,104762670,2622912,0,0,4,7,0,12,0,0,2,0,0,0,504,1313056,0,1310400,0,0,1310720,0,0
0,38,1,128KiB,131072,1024,measured,28,89706,13,8,13,85080,81600,163200,166680,248280,69085038,69085038,69250350,165312,0,0,4,7,0,8,0,0,2,0,0,0,504,84256,0,81600,0,0,81920,0,0
0,38,2,512KiB,524288,4096,measured,28,350006,13,10,13,330840,327360,654720,658200,985560,75695982,75695982,76352814,656832,0,0,4,7,0,10,0,0,2,0,0,0,504,330016,0,327360,0,0,327680,0,0
0,38,3,16MiB,16777216,131072,measured,28,26568879,13,15,13,10488920,10485440,20970880,20974360,31459800,348948334,348948334,369921326,20972992,0,0,4,7,0,15,0,0,2,0,0,0,504,10488096,0,10485440,0,0,10485760,0,0
0,38,4,8MiB,8388608,65536,measured,28,14035074,13,14,13,5246040,5242560,10485120,10488600,15731160,207914862,207914862,218402094,10487232,0,0,4,7,0,14,0,0,2,0,0,0,504,5245216,0,5242560,0,0,5242880,0,0
0,38,5,4MiB,4194304,32768,measured,28,5610700,13,13,13,2624600,2621120,5242240,5245720,7866840,137398126,137398126,142642478,5244352,0,0,4,7,0,13,0,0,2,0,0,0,504,2623776,0,2621120,0,0,2621440,0,0
0,38,6,1MiB,1048576,8192,measured,28,765268,13,11,13,658520,655040,1310080,1313560,1968600,84510574,84510574,85822766,1312192,0,0,4,7,0,11,0,0,2,0,0,0,504,657696,0,655040,0,0,655360,0,0
0,38,7,256KiB,262144,2048,measured,28,197264,13,9,13,167000,163520,327040,330520,494040,71288686,71288686,71617838,329152,0,0,4,7,0,9,0,0,2,0,0,0,504,166176,0,163520,0,0,163840,0,0
0,39,0,256KiB,262144,2048,measured,29,171065,13,9,13,167000,163520,327040,330520,494040,71288686,71288686,71617838,329152,0,0,4,7,0,9,0,0,2,0,0,0,504,166176,0,163520,0,0,163840,0,0
0,39,1,1MiB,1048576,8192,measured,29,755926,13,11,13,658520,655040,1310080,1313560,1968600,84510574,84510574,85822766,1312192,0,0,4,7,0,11,0,0,2,0,0,0,504,657696,0,655040,0,0,655360,0,0
0,39,2,8MiB,8388608,65536,measured,29,11645033,13,14,13,5246040,5242560,10485120,10488600,15731160,207914862,207914862,218402094,10487232,0,0,4,7,0,14,0,0,2,0,0,0,504,5245216,0,5242560,0,0,5242880,0,0
0,39,3,4MiB,4194304,32768,measured,29,4339602,13,13,13,2624600,2621120,5242240,5245720,7866840,137398126,137398126,142642478,5244352,0,0,4,7,0,13,0,0,2,0,0,0,504,2623776,0,2621120,0,0,2621440,0,0
0,39,4,16MiB,16777216,131072,measured,29,26418600,13,15,13,10488920,10485440,20970880,20974360,31459800,348948334,348948334,369921326,20972992,0,0,4,7,0,15,0,0,2,0,0,0,504,10488096,0,10485440,0,0,10485760,0,0
0,39,5,128KiB,131072,1024,measured,29,91877,13,8,13,85080,81600,163200,166680,248280,69085038,69085038,69250350,165312,0,0,4,7,0,8,0,0,2,0,0,0,504,84256,0,81600,0,0,81920,0,0
0,39,6,512KiB,524288,4096,measured,29,368663,13,10,13,330840,327360,654720,658200,985560,75695982,75695982,76352814,656832,0,0,4,7,0,10,0,0,2,0,0,0,504,330016,0,327360,0,0,327680,0,0
0,39,7,2MiB,2097152,16384,measured,29,1566107,13,12,13,1313880,1310400,2620800,2624280,3934680,102139758,102139758,104762670,2622912,0,0,4,7,0,12,0,0,2,0,0,0,504,1313056,0,1310400,0,0,1310720,0,0
1,0,0,4MiB,4194304,32768,warmup,0,7219668,13,13,13,2624600,2621120,5242240,5245720,7866840,137398126,137398126,142642478,5244352,0,0,4,7,0,13,0,0,2,0,0,0,504,2623776,0,2621120,0,0,2621440,0,0
1,0,1,8MiB,8388608,65536,warmup,0,14977858,13,14,13,5246040,5242560,10485120,10488600,15731160,207914862,207914862,218402094,10487232,0,0,4,7,0,14,0,0,2,0,0,0,504,5245216,0,5242560,0,0,5242880,0,0
1,0,2,256KiB,262144,2048,warmup,0,178418,13,9,13,167000,163520,327040,330520,494040,71288686,71288686,71617838,329152,0,0,4,7,0,9,0,0,2,0,0,0,504,166176,0,163520,0,0,163840,0,0
1,0,3,2MiB,2097152,16384,warmup,0,1858260,13,12,13,1313880,1310400,2620800,2624280,3934680,102139758,102139758,104762670,2622912,0,0,4,7,0,12,0,0,2,0,0,0,504,1313056,0,1310400,0,0,1310720,0,0
1,0,4,128KiB,131072,1024,warmup,0,92796,13,8,13,85080,81600,163200,166680,248280,69085038,69085038,69250350,165312,0,0,4,7,0,8,0,0,2,0,0,0,504,84256,0,81600,0,0,81920,0,0
1,0,5,512KiB,524288,4096,warmup,0,348408,13,10,13,330840,327360,654720,658200,985560,75695982,75695982,76352814,656832,0,0,4,7,0,10,0,0,2,0,0,0,504,330016,0,327360,0,0,327680,0,0
1,0,6,16MiB,16777216,131072,warmup,0,28800495,13,15,13,10488920,10485440,20970880,20974360,31459800,348948334,348948334,369921326,20972992,0,0,4,7,0,15,0,0,2,0,0,0,504,10488096,0,10485440,0,0,10485760,0,0
1,0,7,1MiB,1048576,8192,warmup,0,700907,13,11,13,658520,655040,1310080,1313560,1968600,84510574,84510574,85822766,1312192,0,0,4,7,0,11,0,0,2,0,0,0,504,657696,0,655040,0,0,655360,0,0
1,1,0,128KiB,131072,1024,warmup,0,85687,13,8,13,85080,81600,163200,166680,248280,69085038,69085038,69250350,165312,0,0,4,7,0,8,0,0,2,0,0,0,504,84256,0,81600,0,0,81920,0,0
1,1,1,1MiB,1048576,8192,warmup,0,712661,13,11,13,658520,655040,1310080,1313560,1968600,84510574,84510574,85822766,1312192,0,0,4,7,0,11,0,0,2,0,0,0,504,657696,0,655040,0,0,655360,0,0
1,1,2,16MiB,16777216,131072,warmup,0,29292238,13,15,13,10488920,10485440,20970880,20974360,31459800,348948334,348948334,369921326,20972992,0,0,4,7,0,15,0,0,2,0,0,0,504,10488096,0,10485440,0,0,10485760,0,0
1,1,3,512KiB,524288,4096,warmup,0,352913,13,10,13,330840,327360,654720,658200,985560,75695982,75695982,76352814,656832,0,0,4,7,0,10,0,0,2,0,0,0,504,330016,0,327360,0,0,327680,0,0
1,1,4,8MiB,8388608,65536,warmup,0,14474032,13,14,13,5246040,5242560,10485120,10488600,15731160,207914862,207914862,218402094,10487232,0,0,4,7,0,14,0,0,2,0,0,0,504,5245216,0,5242560,0,0,5242880,0,0
1,1,5,2MiB,2097152,16384,warmup,0,1737538,13,12,13,1313880,1310400,2620800,2624280,3934680,102139758,102139758,104762670,2622912,0,0,4,7,0,12,0,0,2,0,0,0,504,1313056,0,1310400,0,0,1310720,0,0
1,1,6,4MiB,4194304,32768,warmup,0,5674241,13,13,13,2624600,2621120,5242240,5245720,7866840,137398126,137398126,142642478,5244352,0,0,4,7,0,13,0,0,2,0,0,0,504,2623776,0,2621120,0,0,2621440,0,0
1,1,7,256KiB,262144,2048,warmup,0,176413,13,9,13,167000,163520,327040,330520,494040,71288686,71288686,71617838,329152,0,0,4,7,0,9,0,0,2,0,0,0,504,166176,0,163520,0,0,163840,0,0
1,2,0,2MiB,2097152,16384,warmup,0,1631990,13,12,13,1313880,1310400,2620800,2624280,3934680,102139758,102139758,104762670,2622912,0,0,4,7,0,12,0,0,2,0,0,0,504,1313056,0,1310400,0,0,1310720,0,0
1,2,1,16MiB,16777216,131072,warmup,0,29228908,13,15,13,10488920,10485440,20970880,20974360,31459800,348948334,348948334,369921326,20972992,0,0,4,7,0,15,0,0,2,0,0,0,504,10488096,0,10485440,0,0,10485760,0,0
1,2,2,4MiB,4194304,32768,warmup,0,5360117,13,13,13,2624600,2621120,5242240,5245720,7866840,137398126,137398126,142642478,5244352,0,0,4,7,0,13,0,0,2,0,0,0,504,2623776,0,2621120,0,0,2621440,0,0
1,2,3,512KiB,524288,4096,warmup,0,353461,13,10,13,330840,327360,654720,658200,985560,75695982,75695982,76352814,656832,0,0,4,7,0,10,0,0,2,0,0,0,504,330016,0,327360,0,0,327680,0,0
1,2,4,256KiB,262144,2048,warmup,0,171579,13,9,13,167000,163520,327040,330520,494040,71288686,71288686,71617838,329152,0,0,4,7,0,9,0,0,2,0,0,0,504,166176,0,163520,0,0,163840,0,0
1,2,5,128KiB,131072,1024,warmup,0,93649,13,8,13,85080,81600,163200,166680,248280,69085038,69085038,69250350,165312,0,0,4,7,0,8,0,0,2,0,0,0,504,84256,0,81600,0,0,81920,0,0
1,2,6,8MiB,8388608,65536,warmup,0,12782632,13,14,13,5246040,5242560,10485120,10488600,15731160,207914862,207914862,218402094,10487232,0,0,4,7,0,14,0,0,2,0,0,0,504,5245216,0,5242560,0,0,5242880,0,0
1,2,7,1MiB,1048576,8192,warmup,0,730683,13,11,13,658520,655040,1310080,1313560,1968600,84510574,84510574,85822766,1312192,0,0,4,7,0,11,0,0,2,0,0,0,504,657696,0,655040,0,0,655360,0,0
1,3,0,8MiB,8388608,65536,warmup,0,13200162,13,14,13,5246040,5242560,10485120,10488600,15731160,207914862,207914862,218402094,10487232,0,0,4,7,0,14,0,0,2,0,0,0,504,5245216,0,5242560,0,0,5242880,0,0
1,3,1,256KiB,262144,2048,warmup,0,177135,13,9,13,167000,163520,327040,330520,494040,71288686,71288686,71617838,329152,0,0,4,7,0,9,0,0,2,0,0,0,504,166176,0,163520,0,0,163840,0,0
1,3,2,512KiB,524288,4096,warmup,0,355396,13,10,13,330840,327360,654720,658200,985560,75695982,75695982,76352814,656832,0,0,4,7,0,10,0,0,2,0,0,0,504,330016,0,327360,0,0,327680,0,0
1,3,3,128KiB,131072,1024,warmup,0,90755,13,8,13,85080,81600,163200,166680,248280,69085038,69085038,69250350,165312,0,0,4,7,0,8,0,0,2,0,0,0,504,84256,0,81600,0,0,81920,0,0
1,3,4,2MiB,2097152,16384,warmup,0,1828499,13,12,13,1313880,1310400,2620800,2624280,3934680,102139758,102139758,104762670,2622912,0,0,4,7,0,12,0,0,2,0,0,0,504,1313056,0,1310400,0,0,1310720,0,0
1,3,5,16MiB,16777216,131072,warmup,0,28761711,13,15,13,10488920,10485440,20970880,20974360,31459800,348948334,348948334,369921326,20972992,0,0,4,7,0,15,0,0,2,0,0,0,504,10488096,0,10485440,0,0,10485760,0,0
1,3,6,1MiB,1048576,8192,warmup,0,700736,13,11,13,658520,655040,1310080,1313560,1968600,84510574,84510574,85822766,1312192,0,0,4,7,0,11,0,0,2,0,0,0,504,657696,0,655040,0,0,655360,0,0
1,3,7,4MiB,4194304,32768,warmup,0,5104920,13,13,13,2624600,2621120,5242240,5245720,7866840,137398126,137398126,142642478,5244352,0,0,4,7,0,13,0,0,2,0,0,0,504,2623776,0,2621120,0,0,2621440,0,0
1,4,0,256KiB,262144,2048,warmup,0,175408,13,9,13,167000,163520,327040,330520,494040,71288686,71288686,71617838,329152,0,0,4,7,0,9,0,0,2,0,0,0,504,166176,0,163520,0,0,163840,0,0
1,4,1,1MiB,1048576,8192,warmup,0,710532,13,11,13,658520,655040,1310080,1313560,1968600,84510574,84510574,85822766,1312192,0,0,4,7,0,11,0,0,2,0,0,0,504,657696,0,655040,0,0,655360,0,0
1,4,2,512KiB,524288,4096,warmup,0,363013,13,10,13,330840,327360,654720,658200,985560,75695982,75695982,76352814,656832,0,0,4,7,0,10,0,0,2,0,0,0,504,330016,0,327360,0,0,327680,0,0
1,4,3,4MiB,4194304,32768,warmup,0,5790620,13,13,13,2624600,2621120,5242240,5245720,7866840,137398126,137398126,142642478,5244352,0,0,4,7,0,13,0,0,2,0,0,0,504,2623776,0,2621120,0,0,2621440,0,0
1,4,4,128KiB,131072,1024,warmup,0,106929,13,8,13,85080,81600,163200,166680,248280,69085038,69085038,69250350,165312,0,0,4,7,0,8,0,0,2,0,0,0,504,84256,0,81600,0,0,81920,0,0
1,4,5,2MiB,2097152,16384,warmup,0,1794042,13,12,13,1313880,1310400,2620800,2624280,3934680,102139758,102139758,104762670,2622912,0,0,4,7,0,12,0,0,2,0,0,0,504,1313056,0,1310400,0,0,1310720,0,0
1,4,6,16MiB,16777216,131072,warmup,0,30252123,13,15,13,10488920,10485440,20970880,20974360,31459800,348948334,348948334,369921326,20972992,0,0,4,7,0,15,0,0,2,0,0,0,504,10488096,0,10485440,0,0,10485760,0,0
1,4,7,8MiB,8388608,65536,warmup,0,12332404,13,14,13,5246040,5242560,10485120,10488600,15731160,207914862,207914862,218402094,10487232,0,0,4,7,0,14,0,0,2,0,0,0,504,5245216,0,5242560,0,0,5242880,0,0
1,5,0,2MiB,2097152,16384,warmup,0,1629300,13,12,13,1313880,1310400,2620800,2624280,3934680,102139758,102139758,104762670,2622912,0,0,4,7,0,12,0,0,2,0,0,0,504,1313056,0,1310400,0,0,1310720,0,0
1,5,1,256KiB,262144,2048,warmup,0,183263,13,9,13,167000,163520,327040,330520,494040,71288686,71288686,71617838,329152,0,0,4,7,0,9,0,0,2,0,0,0,504,166176,0,163520,0,0,163840,0,0
1,5,2,8MiB,8388608,65536,warmup,0,12712545,13,14,13,5246040,5242560,10485120,10488600,15731160,207914862,207914862,218402094,10487232,0,0,4,7,0,14,0,0,2,0,0,0,504,5245216,0,5242560,0,0,5242880,0,0
1,5,3,128KiB,131072,1024,warmup,0,91020,13,8,13,85080,81600,163200,166680,248280,69085038,69085038,69250350,165312,0,0,4,7,0,8,0,0,2,0,0,0,504,84256,0,81600,0,0,81920,0,0
1,5,4,4MiB,4194304,32768,warmup,0,5287740,13,13,13,2624600,2621120,5242240,5245720,7866840,137398126,137398126,142642478,5244352,0,0,4,7,0,13,0,0,2,0,0,0,504,2623776,0,2621120,0,0,2621440,0,0
1,5,5,16MiB,16777216,131072,warmup,0,30396001,13,15,13,10488920,10485440,20970880,20974360,31459800,348948334,348948334,369921326,20972992,0,0,4,7,0,15,0,0,2,0,0,0,504,10488096,0,10485440,0,0,10485760,0,0
1,5,6,512KiB,524288,4096,warmup,0,352116,13,10,13,330840,327360,654720,658200,985560,75695982,75695982,76352814,656832,0,0,4,7,0,10,0,0,2,0,0,0,504,330016,0,327360,0,0,327680,0,0
1,5,7,1MiB,1048576,8192,warmup,0,706890,13,11,13,658520,655040,1310080,1313560,1968600,84510574,84510574,85822766,1312192,0,0,4,7,0,11,0,0,2,0,0,0,504,657696,0,655040,0,0,655360,0,0
1,6,0,512KiB,524288,4096,warmup,0,393872,13,10,13,330840,327360,654720,658200,985560,75695982,75695982,76352814,656832,0,0,4,7,0,10,0,0,2,0,0,0,504,330016,0,327360,0,0,327680,0,0
1,6,1,4MiB,4194304,32768,warmup,0,5013513,13,13,13,2624600,2621120,5242240,5245720,7866840,137398126,137398126,142642478,5244352,0,0,4,7,0,13,0,0,2,0,0,0,504,2623776,0,2621120,0,0,2621440,0,0
1,6,2,16MiB,16777216,131072,warmup,0,29887523,13,15,13,10488920,10485440,20970880,20974360,31459800,348948334,348948334,369921326,20972992,0,0,4,7,0,15,0,0,2,0,0,0,504,10488096,0,10485440,0,0,10485760,0,0
1,6,3,256KiB,262144,2048,warmup,0,175214,13,9,13,167000,163520,327040,330520,494040,71288686,71288686,71617838,329152,0,0,4,7,0,9,0,0,2,0,0,0,504,166176,0,163520,0,0,163840,0,0
1,6,4,2MiB,2097152,16384,warmup,0,1642833,13,12,13,1313880,1310400,2620800,2624280,3934680,102139758,102139758,104762670,2622912,0,0,4,7,0,12,0,0,2,0,0,0,504,1313056,0,1310400,0,0,1310720,0,0
1,6,5,8MiB,8388608,65536,warmup,0,13026857,13,14,13,5246040,5242560,10485120,10488600,15731160,207914862,207914862,218402094,10487232,0,0,4,7,0,14,0,0,2,0,0,0,504,5245216,0,5242560,0,0,5242880,0,0
1,6,6,1MiB,1048576,8192,warmup,0,777308,13,11,13,658520,655040,1310080,1313560,1968600,84510574,84510574,85822766,1312192,0,0,4,7,0,11,0,0,2,0,0,0,504,657696,0,655040,0,0,655360,0,0
1,6,7,128KiB,131072,1024,warmup,0,86901,13,8,13,85080,81600,163200,166680,248280,69085038,69085038,69250350,165312,0,0,4,7,0,8,0,0,2,0,0,0,504,84256,0,81600,0,0,81920,0,0
1,7,0,128KiB,131072,1024,warmup,0,86894,13,8,13,85080,81600,163200,166680,248280,69085038,69085038,69250350,165312,0,0,4,7,0,8,0,0,2,0,0,0,504,84256,0,81600,0,0,81920,0,0
1,7,1,16MiB,16777216,131072,warmup,0,30532479,13,15,13,10488920,10485440,20970880,20974360,31459800,348948334,348948334,369921326,20972992,0,0,4,7,0,15,0,0,2,0,0,0,504,10488096,0,10485440,0,0,10485760,0,0
1,7,2,2MiB,2097152,16384,warmup,0,1695414,13,12,13,1313880,1310400,2620800,2624280,3934680,102139758,102139758,104762670,2622912,0,0,4,7,0,12,0,0,2,0,0,0,504,1313056,0,1310400,0,0,1310720,0,0
1,7,3,256KiB,262144,2048,warmup,0,173986,13,9,13,167000,163520,327040,330520,494040,71288686,71288686,71617838,329152,0,0,4,7,0,9,0,0,2,0,0,0,504,166176,0,163520,0,0,163840,0,0
1,7,4,8MiB,8388608,65536,warmup,0,11687509,13,14,13,5246040,5242560,10485120,10488600,15731160,207914862,207914862,218402094,10487232,0,0,4,7,0,14,0,0,2,0,0,0,504,5245216,0,5242560,0,0,5242880,0,0
1,7,5,1MiB,1048576,8192,warmup,0,709082,13,11,13,658520,655040,1310080,1313560,1968600,84510574,84510574,85822766,1312192,0,0,4,7,0,11,0,0,2,0,0,0,504,657696,0,655040,0,0,655360,0,0
1,7,6,4MiB,4194304,32768,warmup,0,4900597,13,13,13,2624600,2621120,5242240,5245720,7866840,137398126,137398126,142642478,5244352,0,0,4,7,0,13,0,0,2,0,0,0,504,2623776,0,2621120,0,0,2621440,0,0
1,7,7,512KiB,524288,4096,warmup,0,365311,13,10,13,330840,327360,654720,658200,985560,75695982,75695982,76352814,656832,0,0,4,7,0,10,0,0,2,0,0,0,504,330016,0,327360,0,0,327680,0,0
1,8,0,1MiB,1048576,8192,warmup,0,736671,13,11,13,658520,655040,1310080,1313560,1968600,84510574,84510574,85822766,1312192,0,0,4,7,0,11,0,0,2,0,0,0,504,657696,0,655040,0,0,655360,0,0
1,8,1,512KiB,524288,4096,warmup,0,351246,13,10,13,330840,327360,654720,658200,985560,75695982,75695982,76352814,656832,0,0,4,7,0,10,0,0,2,0,0,0,504,330016,0,327360,0,0,327680,0,0
1,8,2,2MiB,2097152,16384,warmup,0,1699951,13,12,13,1313880,1310400,2620800,2624280,3934680,102139758,102139758,104762670,2622912,0,0,4,7,0,12,0,0,2,0,0,0,504,1313056,0,1310400,0,0,1310720,0,0
1,8,3,128KiB,131072,1024,warmup,0,93642,13,8,13,85080,81600,163200,166680,248280,69085038,69085038,69250350,165312,0,0,4,7,0,8,0,0,2,0,0,0,504,84256,0,81600,0,0,81920,0,0
1,8,4,8MiB,8388608,65536,warmup,0,12682247,13,14,13,5246040,5242560,10485120,10488600,15731160,207914862,207914862,218402094,10487232,0,0,4,7,0,14,0,0,2,0,0,0,504,5245216,0,5242560,0,0,5242880,0,0
1,8,5,256KiB,262144,2048,warmup,0,186520,13,9,13,167000,163520,327040,330520,494040,71288686,71288686,71617838,329152,0,0,4,7,0,9,0,0,2,0,0,0,504,166176,0,163520,0,0,163840,0,0
1,8,6,16MiB,16777216,131072,warmup,0,30683876,13,15,13,10488920,10485440,20970880,20974360,31459800,348948334,348948334,369921326,20972992,0,0,4,7,0,15,0,0,2,0,0,0,504,10488096,0,10485440,0,0,10485760,0,0
1,8,7,4MiB,4194304,32768,warmup,0,4938211,13,13,13,2624600,2621120,5242240,5245720,7866840,137398126,137398126,142642478,5244352,0,0,4,7,0,13,0,0,2,0,0,0,504,2623776,0,2621120,0,0,2621440,0,0
1,9,0,256KiB,262144,2048,warmup,0,190578,13,9,13,167000,163520,327040,330520,494040,71288686,71288686,71617838,329152,0,0,4,7,0,9,0,0,2,0,0,0,504,166176,0,163520,0,0,163840,0,0
1,9,1,8MiB,8388608,65536,warmup,0,11606115,13,14,13,5246040,5242560,10485120,10488600,15731160,207914862,207914862,218402094,10487232,0,0,4,7,0,14,0,0,2,0,0,0,504,5245216,0,5242560,0,0,5242880,0,0
1,9,2,16MiB,16777216,131072,warmup,0,30586449,13,15,13,10488920,10485440,20970880,20974360,31459800,348948334,348948334,369921326,20972992,0,0,4,7,0,15,0,0,2,0,0,0,504,10488096,0,10485440,0,0,10485760,0,0
1,9,3,1MiB,1048576,8192,warmup,0,725515,13,11,13,658520,655040,1310080,1313560,1968600,84510574,84510574,85822766,1312192,0,0,4,7,0,11,0,0,2,0,0,0,504,657696,0,655040,0,0,655360,0,0
1,9,4,2MiB,2097152,16384,warmup,0,1622041,13,12,13,1313880,1310400,2620800,2624280,3934680,102139758,102139758,104762670,2622912,0,0,4,7,0,12,0,0,2,0,0,0,504,1313056,0,1310400,0,0,1310720,0,0
1,9,5,4MiB,4194304,32768,warmup,0,4636556,13,13,13,2624600,2621120,5242240,5245720,7866840,137398126,137398126,142642478,5244352,0,0,4,7,0,13,0,0,2,0,0,0,504,2623776,0,2621120,0,0,2621440,0,0
1,9,6,512KiB,524288,4096,warmup,0,354184,13,10,13,330840,327360,654720,658200,985560,75695982,75695982,76352814,656832,0,0,4,7,0,10,0,0,2,0,0,0,504,330016,0,327360,0,0,327680,0,0
1,9,7,128KiB,131072,1024,warmup,0,86875,13,8,13,85080,81600,163200,166680,248280,69085038,69085038,69250350,165312,0,0,4,7,0,8,0,0,2,0,0,0,504,84256,0,81600,0,0,81920,0,0
1,10,0,8MiB,8388608,65536,measured,0,12903575,13,14,13,5246040,5242560,10485120,10488600,15731160,207914862,207914862,218402094,10487232,0,0,4,7,0,14,0,0,2,0,0,0,504,5245216,0,5242560,0,0,5242880,0,0
1,10,1,2MiB,2097152,16384,measured,0,1696755,13,12,13,1313880,1310400,2620800,2624280,3934680,102139758,102139758,104762670,2622912,0,0,4,7,0,12,0,0,2,0,0,0,504,1313056,0,1310400,0,0,1310720,0,0
1,10,2,16MiB,16777216,131072,measured,0,30487761,13,15,13,10488920,10485440,20970880,20974360,31459800,348948334,348948334,369921326,20972992,0,0,4,7,0,15,0,0,2,0,0,0,504,10488096,0,10485440,0,0,10485760,0,0
1,10,3,1MiB,1048576,8192,measured,0,708666,13,11,13,658520,655040,1310080,1313560,1968600,84510574,84510574,85822766,1312192,0,0,4,7,0,11,0,0,2,0,0,0,504,657696,0,655040,0,0,655360,0,0
1,10,4,4MiB,4194304,32768,measured,0,4960501,13,13,13,2624600,2621120,5242240,5245720,7866840,137398126,137398126,142642478,5244352,0,0,4,7,0,13,0,0,2,0,0,0,504,2623776,0,2621120,0,0,2621440,0,0
1,10,5,256KiB,262144,2048,measured,0,182240,13,9,13,167000,163520,327040,330520,494040,71288686,71288686,71617838,329152,0,0,4,7,0,9,0,0,2,0,0,0,504,166176,0,163520,0,0,163840,0,0
1,10,6,128KiB,131072,1024,measured,0,87074,13,8,13,85080,81600,163200,166680,248280,69085038,69085038,69250350,165312,0,0,4,7,0,8,0,0,2,0,0,0,504,84256,0,81600,0,0,81920,0,0
1,10,7,512KiB,524288,4096,measured,0,351023,13,10,13,330840,327360,654720,658200,985560,75695982,75695982,76352814,656832,0,0,4,7,0,10,0,0,2,0,0,0,504,330016,0,327360,0,0,327680,0,0
1,11,0,512KiB,524288,4096,measured,1,359757,13,10,13,330840,327360,654720,658200,985560,75695982,75695982,76352814,656832,0,0,4,7,0,10,0,0,2,0,0,0,504,330016,0,327360,0,0,327680,0,0
1,11,1,128KiB,131072,1024,measured,1,90221,13,8,13,85080,81600,163200,166680,248280,69085038,69085038,69250350,165312,0,0,4,7,0,8,0,0,2,0,0,0,504,84256,0,81600,0,0,81920,0,0
1,11,2,8MiB,8388608,65536,measured,1,12490695,13,14,13,5246040,5242560,10485120,10488600,15731160,207914862,207914862,218402094,10487232,0,0,4,7,0,14,0,0,2,0,0,0,504,5245216,0,5242560,0,0,5242880,0,0
1,11,3,1MiB,1048576,8192,measured,1,727856,13,11,13,658520,655040,1310080,1313560,1968600,84510574,84510574,85822766,1312192,0,0,4,7,0,11,0,0,2,0,0,0,504,657696,0,655040,0,0,655360,0,0
1,11,4,4MiB,4194304,32768,measured,1,4883694,13,13,13,2624600,2621120,5242240,5245720,7866840,137398126,137398126,142642478,5244352,0,0,4,7,0,13,0,0,2,0,0,0,504,2623776,0,2621120,0,0,2621440,0,0
1,11,5,256KiB,262144,2048,measured,1,186803,13,9,13,167000,163520,327040,330520,494040,71288686,71288686,71617838,329152,0,0,4,7,0,9,0,0,2,0,0,0,504,166176,0,163520,0,0,163840,0,0
1,11,6,2MiB,2097152,16384,measured,1,1581971,13,12,13,1313880,1310400,2620800,2624280,3934680,102139758,102139758,104762670,2622912,0,0,4,7,0,12,0,0,2,0,0,0,504,1313056,0,1310400,0,0,1310720,0,0
1,11,7,16MiB,16777216,131072,measured,1,30143609,13,15,13,10488920,10485440,20970880,20974360,31459800,348948334,348948334,369921326,20972992,0,0,4,7,0,15,0,0,2,0,0,0,504,10488096,0,10485440,0,0,10485760,0,0
1,12,0,2MiB,2097152,16384,measured,2,1684508,13,12,13,1313880,1310400,2620800,2624280,3934680,102139758,102139758,104762670,2622912,0,0,4,7,0,12,0,0,2,0,0,0,504,1313056,0,1310400,0,0,1310720,0,0
1,12,1,8MiB,8388608,65536,measured,2,12323506,13,14,13,5246040,5242560,10485120,10488600,15731160,207914862,207914862,218402094,10487232,0,0,4,7,0,14,0,0,2,0,0,0,504,5245216,0,5242560,0,0,5242880,0,0
1,12,2,128KiB,131072,1024,measured,2,89927,13,8,13,85080,81600,163200,166680,248280,69085038,69085038,69250350,165312,0,0,4,7,0,8,0,0,2,0,0,0,504,84256,0,81600,0,0,81920,0,0
1,12,3,512KiB,524288,4096,measured,2,360060,13,10,13,330840,327360,654720,658200,985560,75695982,75695982,76352814,656832,0,0,4,7,0,10,0,0,2,0,0,0,504,330016,0,327360,0,0,327680,0,0
1,12,4,16MiB,16777216,131072,measured,2,30073456,13,15,13,10488920,10485440,20970880,20974360,31459800,348948334,348948334,369921326,20972992,0,0,4,7,0,15,0,0,2,0,0,0,504,10488096,0,10485440,0,0,10485760,0,0
1,12,5,256KiB,262144,2048,measured,2,183546,13,9,13,167000,163520,327040,330520,494040,71288686,71288686,71617838,329152,0,0,4,7,0,9,0,0,2,0,0,0,504,166176,0,163520,0,0,163840,0,0
1,12,6,1MiB,1048576,8192,measured,2,759517,13,11,13,658520,655040,1310080,1313560,1968600,84510574,84510574,85822766,1312192,0,0,4,7,0,11,0,0,2,0,0,0,504,657696,0,655040,0,0,655360,0,0
1,12,7,4MiB,4194304,32768,measured,2,4981827,13,13,13,2624600,2621120,5242240,5245720,7866840,137398126,137398126,142642478,5244352,0,0,4,7,0,13,0,0,2,0,0,0,504,2623776,0,2621120,0,0,2621440,0,0
1,13,0,4MiB,4194304,32768,measured,3,5434914,13,13,13,2624600,2621120,5242240,5245720,7866840,137398126,137398126,142642478,5244352,0,0,4,7,0,13,0,0,2,0,0,0,504,2623776,0,2621120,0,0,2621440,0,0
1,13,1,1MiB,1048576,8192,measured,3,716267,13,11,13,658520,655040,1310080,1313560,1968600,84510574,84510574,85822766,1312192,0,0,4,7,0,11,0,0,2,0,0,0,504,657696,0,655040,0,0,655360,0,0
1,13,2,256KiB,262144,2048,measured,3,174531,13,9,13,167000,163520,327040,330520,494040,71288686,71288686,71617838,329152,0,0,4,7,0,9,0,0,2,0,0,0,504,166176,0,163520,0,0,163840,0,0
1,13,3,128KiB,131072,1024,measured,3,86973,13,8,13,85080,81600,163200,166680,248280,69085038,69085038,69250350,165312,0,0,4,7,0,8,0,0,2,0,0,0,504,84256,0,81600,0,0,81920,0,0
1,13,4,512KiB,524288,4096,measured,3,359741,13,10,13,330840,327360,654720,658200,985560,75695982,75695982,76352814,656832,0,0,4,7,0,10,0,0,2,0,0,0,504,330016,0,327360,0,0,327680,0,0
1,13,5,8MiB,8388608,65536,measured,3,12410024,13,14,13,5246040,5242560,10485120,10488600,15731160,207914862,207914862,218402094,10487232,0,0,4,7,0,14,0,0,2,0,0,0,504,5245216,0,5242560,0,0,5242880,0,0
1,13,6,16MiB,16777216,131072,measured,3,29870828,13,15,13,10488920,10485440,20970880,20974360,31459800,348948334,348948334,369921326,20972992,0,0,4,7,0,15,0,0,2,0,0,0,504,10488096,0,10485440,0,0,10485760,0,0
1,13,7,2MiB,2097152,16384,measured,3,1639412,13,12,13,1313880,1310400,2620800,2624280,3934680,102139758,102139758,104762670,2622912,0,0,4,7,0,12,0,0,2,0,0,0,504,1313056,0,1310400,0,0,1310720,0,0
1,14,0,1MiB,1048576,8192,measured,4,716224,13,11,13,658520,655040,1310080,1313560,1968600,84510574,84510574,85822766,1312192,0,0,4,7,0,11,0,0,2,0,0,0,504,657696,0,655040,0,0,655360,0,0
1,14,1,256KiB,262144,2048,measured,4,172455,13,9,13,167000,163520,327040,330520,494040,71288686,71288686,71617838,329152,0,0,4,7,0,9,0,0,2,0,0,0,504,166176,0,163520,0,0,163840,0,0
1,14,2,128KiB,131072,1024,measured,4,86134,13,8,13,85080,81600,163200,166680,248280,69085038,69085038,69250350,165312,0,0,4,7,0,8,0,0,2,0,0,0,504,84256,0,81600,0,0,81920,0,0
1,14,3,512KiB,524288,4096,measured,4,349206,13,10,13,330840,327360,654720,658200,985560,75695982,75695982,76352814,656832,0,0,4,7,0,10,0,0,2,0,0,0,504,330016,0,327360,0,0,327680,0,0
1,14,4,8MiB,8388608,65536,measured,4,11930450,13,14,13,5246040,5242560,10485120,10488600,15731160,207914862,207914862,218402094,10487232,0,0,4,7,0,14,0,0,2,0,0,0,504,5245216,0,5242560,0,0,5242880,0,0
1,14,5,2MiB,2097152,16384,measured,4,1711418,13,12,13,1313880,1310400,2620800,2624280,3934680,102139758,102139758,104762670,2622912,0,0,4,7,0,12,0,0,2,0,0,0,504,1313056,0,1310400,0,0,1310720,0,0
1,14,6,16MiB,16777216,131072,measured,4,30353545,13,15,13,10488920,10485440,20970880,20974360,31459800,348948334,348948334,369921326,20972992,0,0,4,7,0,15,0,0,2,0,0,0,504,10488096,0,10485440,0,0,10485760,0,0
1,14,7,4MiB,4194304,32768,measured,4,5334038,13,13,13,2624600,2621120,5242240,5245720,7866840,137398126,137398126,142642478,5244352,0,0,4,7,0,13,0,0,2,0,0,0,504,2623776,0,2621120,0,0,2621440,0,0
1,15,0,8MiB,8388608,65536,measured,5,12591082,13,14,13,5246040,5242560,10485120,10488600,15731160,207914862,207914862,218402094,10487232,0,0,4,7,0,14,0,0,2,0,0,0,504,5245216,0,5242560,0,0,5242880,0,0
1,15,1,512KiB,524288,4096,measured,5,374652,13,10,13,330840,327360,654720,658200,985560,75695982,75695982,76352814,656832,0,0,4,7,0,10,0,0,2,0,0,0,504,330016,0,327360,0,0,327680,0,0
1,15,2,256KiB,262144,2048,measured,5,170975,13,9,13,167000,163520,327040,330520,494040,71288686,71288686,71617838,329152,0,0,4,7,0,9,0,0,2,0,0,0,504,166176,0,163520,0,0,163840,0,0
1,15,3,16MiB,16777216,131072,measured,5,29714768,13,15,13,10488920,10485440,20970880,20974360,31459800,348948334,348948334,369921326,20972992,0,0,4,7,0,15,0,0,2,0,0,0,504,10488096,0,10485440,0,0,10485760,0,0
1,15,4,128KiB,131072,1024,measured,5,122997,13,8,13,85080,81600,163200,166680,248280,69085038,69085038,69250350,165312,0,0,4,7,0,8,0,0,2,0,0,0,504,84256,0,81600,0,0,81920,0,0
1,15,5,4MiB,4194304,32768,measured,5,5024507,13,13,13,2624600,2621120,5242240,5245720,7866840,137398126,137398126,142642478,5244352,0,0,4,7,0,13,0,0,2,0,0,0,504,2623776,0,2621120,0,0,2621440,0,0
1,15,6,2MiB,2097152,16384,measured,5,1553445,13,12,13,1313880,1310400,2620800,2624280,3934680,102139758,102139758,104762670,2622912,0,0,4,7,0,12,0,0,2,0,0,0,504,1313056,0,1310400,0,0,1310720,0,0
1,15,7,1MiB,1048576,8192,measured,5,714473,13,11,13,658520,655040,1310080,1313560,1968600,84510574,84510574,85822766,1312192,0,0,4,7,0,11,0,0,2,0,0,0,504,657696,0,655040,0,0,655360,0,0
1,16,0,2MiB,2097152,16384,measured,6,1570518,13,12,13,1313880,1310400,2620800,2624280,3934680,102139758,102139758,104762670,2622912,0,0,4,7,0,12,0,0,2,0,0,0,504,1313056,0,1310400,0,0,1310720,0,0
1,16,1,4MiB,4194304,32768,measured,6,4704021,13,13,13,2624600,2621120,5242240,5245720,7866840,137398126,137398126,142642478,5244352,0,0,4,7,0,13,0,0,2,0,0,0,504,2623776,0,2621120,0,0,2621440,0,0
1,16,2,256KiB,262144,2048,measured,6,175775,13,9,13,167000,163520,327040,330520,494040,71288686,71288686,71617838,329152,0,0,4,7,0,9,0,0,2,0,0,0,504,166176,0,163520,0,0,163840,0,0
1,16,3,128KiB,131072,1024,measured,6,86627,13,8,13,85080,81600,163200,166680,248280,69085038,69085038,69250350,165312,0,0,4,7,0,8,0,0,2,0,0,0,504,84256,0,81600,0,0,81920,0,0
1,16,4,8MiB,8388608,65536,measured,6,12276175,13,14,13,5246040,5242560,10485120,10488600,15731160,207914862,207914862,218402094,10487232,0,0,4,7,0,14,0,0,2,0,0,0,504,5245216,0,5242560,0,0,5242880,0,0
1,16,5,512KiB,524288,4096,measured,6,347935,13,10,13,330840,327360,654720,658200,985560,75695982,75695982,76352814,656832,0,0,4,7,0,10,0,0,2,0,0,0,504,330016,0,327360,0,0,327680,0,0
1,16,6,1MiB,1048576,8192,measured,6,714067,13,11,13,658520,655040,1310080,1313560,1968600,84510574,84510574,85822766,1312192,0,0,4,7,0,11,0,0,2,0,0,0,504,657696,0,655040,0,0,655360,0,0
1,16,7,16MiB,16777216,131072,measured,6,30256746,13,15,13,10488920,10485440,20970880,20974360,31459800,348948334,348948334,369921326,20972992,0,0,4,7,0,15,0,0,2,0,0,0,504,10488096,0,10485440,0,0,10485760,0,0
1,17,0,16MiB,16777216,131072,measured,7,29958030,13,15,13,10488920,10485440,20970880,20974360,31459800,348948334,348948334,369921326,20972992,0,0,4,7,0,15,0,0,2,0,0,0,504,10488096,0,10485440,0,0,10485760,0,0
1,17,1,8MiB,8388608,65536,measured,7,12639043,13,14,13,5246040,5242560,10485120,10488600,15731160,207914862,207914862,218402094,10487232,0,0,4,7,0,14,0,0,2,0,0,0,504,5245216,0,5242560,0,0,5242880,0,0
1,17,2,1MiB,1048576,8192,measured,7,713032,13,11,13,658520,655040,1310080,1313560,1968600,84510574,84510574,85822766,1312192,0,0,4,7,0,11,0,0,2,0,0,0,504,657696,0,655040,0,0,655360,0,0
1,17,3,2MiB,2097152,16384,measured,7,1570194,13,12,13,1313880,1310400,2620800,2624280,3934680,102139758,102139758,104762670,2622912,0,0,4,7,0,12,0,0,2,0,0,0,504,1313056,0,1310400,0,0,1310720,0,0
1,17,4,128KiB,131072,1024,measured,7,89021,13,8,13,85080,81600,163200,166680,248280,69085038,69085038,69250350,165312,0,0,4,7,0,8,0,0,2,0,0,0,504,84256,0,81600,0,0,81920,0,0
1,17,5,4MiB,4194304,32768,measured,7,5229048,13,13,13,2624600,2621120,5242240,5245720,7866840,137398126,137398126,142642478,5244352,0,0,4,7,0,13,0,0,2,0,0,0,504,2623776,0,2621120,0,0,2621440,0,0
1,17,6,256KiB,262144,2048,measured,7,204709,13,9,13,167000,163520,327040,330520,494040,71288686,71288686,71617838,329152,0,0,4,7,0,9,0,0,2,0,0,0,504,166176,0,163520,0,0,163840,0,0
1,17,7,512KiB,524288,4096,measured,7,354527,13,10,13,330840,327360,654720,658200,985560,75695982,75695982,76352814,656832,0,0,4,7,0,10,0,0,2,0,0,0,504,330016,0,327360,0,0,327680,0,0
1,18,0,256KiB,262144,2048,measured,8,174987,13,9,13,167000,163520,327040,330520,494040,71288686,71288686,71617838,329152,0,0,4,7,0,9,0,0,2,0,0,0,504,166176,0,163520,0,0,163840,0,0
1,18,1,1MiB,1048576,8192,measured,8,713700,13,11,13,658520,655040,1310080,1313560,1968600,84510574,84510574,85822766,1312192,0,0,4,7,0,11,0,0,2,0,0,0,504,657696,0,655040,0,0,655360,0,0
1,18,2,8MiB,8388608,65536,measured,8,12211821,13,14,13,5246040,5242560,10485120,10488600,15731160,207914862,207914862,218402094,10487232,0,0,4,7,0,14,0,0,2,0,0,0,504,5245216,0,5242560,0,0,5242880,0,0
1,18,3,2MiB,2097152,16384,measured,8,1776470,13,12,13,1313880,1310400,2620800,2624280,3934680,102139758,102139758,104762670,2622912,0,0,4,7,0,12,0,0,2,0,0,0,504,1313056,0,1310400,0,0,1310720,0,0
1,18,4,512KiB,524288,4096,measured,8,349962,13,10,13,330840,327360,654720,658200,985560,75695982,75695982,76352814,656832,0,0,4,7,0,10,0,0,2,0,0,0,504,330016,0,327360,0,0,327680,0,0
1,18,5,16MiB,16777216,131072,measured,8,30196508,13,15,13,10488920,10485440,20970880,20974360,31459800,348948334,348948334,369921326,20972992,0,0,4,7,0,15,0,0,2,0,0,0,504,10488096,0,10485440,0,0,10485760,0,0
1,18,6,4MiB,4194304,32768,measured,8,4900832,13,13,13,2624600,2621120,5242240,5245720,7866840,137398126,137398126,142642478,5244352,0,0,4,7,0,13,0,0,2,0,0,0,504,2623776,0,2621120,0,0,2621440,0,0
1,18,7,128KiB,131072,1024,measured,8,89638,13,8,13,85080,81600,163200,166680,248280,69085038,69085038,69250350,165312,0,0,4,7,0,8,0,0,2,0,0,0,504,84256,0,81600,0,0,81920,0,0
1,19,0,1MiB,1048576,8192,measured,9,703094,13,11,13,658520,655040,1310080,1313560,1968600,84510574,84510574,85822766,1312192,0,0,4,7,0,11,0,0,2,0,0,0,504,657696,0,655040,0,0,655360,0,0
1,19,1,2MiB,2097152,16384,measured,9,1741502,13,12,13,1313880,1310400,2620800,2624280,3934680,102139758,102139758,104762670,2622912,0,0,4,7,0,12,0,0,2,0,0,0,504,1313056,0,1310400,0,0,1310720,0,0
1,19,2,128KiB,131072,1024,measured,9,88699,13,8,13,85080,81600,163200,166680,248280,69085038,69085038,69250350,165312,0,0,4,7,0,8,0,0,2,0,0,0,504,84256,0,81600,0,0,81920,0,0
1,19,3,16MiB,16777216,131072,measured,9,30201439,13,15,13,10488920,10485440,20970880,20974360,31459800,348948334,348948334,369921326,20972992,0,0,4,7,0,15,0,0,2,0,0,0,504,10488096,0,10485440,0,0,10485760,0,0
1,19,4,8MiB,8388608,65536,measured,9,12054569,13,14,13,5246040,5242560,10485120,10488600,15731160,207914862,207914862,218402094,10487232,0,0,4,7,0,14,0,0,2,0,0,0,504,5245216,0,5242560,0,0,5242880,0,0
1,19,5,512KiB,524288,4096,measured,9,352712,13,10,13,330840,327360,654720,658200,985560,75695982,75695982,76352814,656832,0,0,4,7,0,10,0,0,2,0,0,0,504,330016,0,327360,0,0,327680,0,0
1,19,6,4MiB,4194304,32768,measured,9,5667658,13,13,13,2624600,2621120,5242240,5245720,7866840,137398126,137398126,142642478,5244352,0,0,4,7,0,13,0,0,2,0,0,0,504,2623776,0,2621120,0,0,2621440,0,0
1,19,7,256KiB,262144,2048,measured,9,177500,13,9,13,167000,163520,327040,330520,494040,71288686,71288686,71617838,329152,0,0,4,7,0,9,0,0,2,0,0,0,504,166176,0,163520,0,0,163840,0,0
1,20,0,4MiB,4194304,32768,measured,10,5558792,13,13,13,2624600,2621120,5242240,5245720,7866840,137398126,137398126,142642478,5244352,0,0,4,7,0,13,0,0,2,0,0,0,504,2623776,0,2621120,0,0,2621440,0,0
1,20,1,8MiB,8388608,65536,measured,10,12751391,13,14,13,5246040,5242560,10485120,10488600,15731160,207914862,207914862,218402094,10487232,0,0,4,7,0,14,0,0,2,0,0,0,504,5245216,0,5242560,0,0,5242880,0,0
1,20,2,2MiB,2097152,16384,measured,10,1753317,13,12,13,1313880,1310400,2620800,2624280,3934680,102139758,102139758,104762670,2622912,0,0,4,7,0,12,0,0,2,0,0,0,504,1313056,0,1310400,0,0,1310720,0,0
1,20,3,128KiB,131072,1024,measured,10,88973,13,8,13,85080,81600,163200,166680,248280,69085038,69085038,69250350,165312,0,0,4,7,0,8,0,0,2,0,0,0,504,84256,0,81600,0,0,81920,0,0
1,20,4,256KiB,262144,2048,measured,10,185261,13,9,13,167000,163520,327040,330520,494040,71288686,71288686,71617838,329152,0,0,4,7,0,9,0,0,2,0,0,0,504,166176,0,163520,0,0,163840,0,0
1,20,5,16MiB,16777216,131072,measured,10,30535645,13,15,13,10488920,10485440,20970880,20974360,31459800,348948334,348948334,369921326,20972992,0,0,4,7,0,15,0,0,2,0,0,0,504,10488096,0,10485440,0,0,10485760,0,0
1,20,6,1MiB,1048576,8192,measured,10,744624,13,11,13,658520,655040,1310080,1313560,1968600,84510574,84510574,85822766,1312192,0,0,4,7,0,11,0,0,2,0,0,0,504,657696,0,655040,0,0,655360,0,0
1,20,7,512KiB,524288,4096,measured,10,350821,13,10,13,330840,327360,654720,658200,985560,75695982,75695982,76352814,656832,0,0,4,7,0,10,0,0,2,0,0,0,504,330016,0,327360,0,0,327680,0,0
1,21,0,16MiB,16777216,131072,measured,11,30605687,13,15,13,10488920,10485440,20970880,20974360,31459800,348948334,348948334,369921326,20972992,0,0,4,7,0,15,0,0,2,0,0,0,504,10488096,0,10485440,0,0,10485760,0,0
1,21,1,4MiB,4194304,32768,measured,11,5131704,13,13,13,2624600,2621120,5242240,5245720,7866840,137398126,137398126,142642478,5244352,0,0,4,7,0,13,0,0,2,0,0,0,504,2623776,0,2621120,0,0,2621440,0,0
1,21,2,1MiB,1048576,8192,measured,11,715610,13,11,13,658520,655040,1310080,1313560,1968600,84510574,84510574,85822766,1312192,0,0,4,7,0,11,0,0,2,0,0,0,504,657696,0,655040,0,0,655360,0,0
1,21,3,128KiB,131072,1024,measured,11,87030,13,8,13,85080,81600,163200,166680,248280,69085038,69085038,69250350,165312,0,0,4,7,0,8,0,0,2,0,0,0,504,84256,0,81600,0,0,81920,0,0
1,21,4,256KiB,262144,2048,measured,11,171294,13,9,13,167000,163520,327040,330520,494040,71288686,71288686,71617838,329152,0,0,4,7,0,9,0,0,2,0,0,0,504,166176,0,163520,0,0,163840,0,0
1,21,5,512KiB,524288,4096,measured,11,362479,13,10,13,330840,327360,654720,658200,985560,75695982,75695982,76352814,656832,0,0,4,7,0,10,0,0,2,0,0,0,504,330016,0,327360,0,0,327680,0,0
1,21,6,8MiB,8388608,65536,measured,11,12131450,13,14,13,5246040,5242560,10485120,10488600,15731160,207914862,207914862,218402094,10487232,0,0,4,7,0,14,0,0,2,0,0,0,504,5245216,0,5242560,0,0,5242880,0,0
1,21,7,2MiB,2097152,16384,measured,11,1817185,13,12,13,1313880,1310400,2620800,2624280,3934680,102139758,102139758,104762670,2622912,0,0,4,7,0,12,0,0,2,0,0,0,504,1313056,0,1310400,0,0,1310720,0,0
1,22,0,512KiB,524288,4096,measured,12,350035,13,10,13,330840,327360,654720,658200,985560,75695982,75695982,76352814,656832,0,0,4,7,0,10,0,0,2,0,0,0,504,330016,0,327360,0,0,327680,0,0
1,22,1,8MiB,8388608,65536,measured,12,12764197,13,14,13,5246040,5242560,10485120,10488600,15731160,207914862,207914862,218402094,10487232,0,0,4,7,0,14,0,0,2,0,0,0,504,5245216,0,5242560,0,0,5242880,0,0
1,22,2,1MiB,1048576,8192,measured,12,705541,13,11,13,658520,655040,1310080,1313560,1968600,84510574,84510574,85822766,1312192,0,0,4,7,0,11,0,0,2,0,0,0,504,657696,0,655040,0,0,655360,0,0
1,22,3,4MiB,4194304,32768,measured,12,5190819,13,13,13,2624600,2621120,5242240,5245720,7866840,137398126,137398126,142642478,5244352,0,0,4,7,0,13,0,0,2,0,0,0,504,2623776,0,2621120,0,0,2621440,0,0
1,22,4,2MiB,2097152,16384,measured,12,1643031,13,12,13,1313880,1310400,2620800,2624280,3934680,102139758,102139758,104762670,2622912,0,0,4,7,0,12,0,0,2,0,0,0,504,1313056,0,1310400,0,0,1310720,0,0
1,22,5,256KiB,262144,2048,measured,12,177626,13,9,13,167000,163520,327040,330520,494040,71288686,71288686,71617838,329152,0,0,4,7,0,9,0,0,2,0,0,0,504,166176,0,163520,0,0,163840,0,0
1,22,6,128KiB,131072,1024,measured,12,91959,13,8,13,85080,81600,163200,166680,248280,69085038,69085038,69250350,165312,0,0,4,7,0,8,0,0,2,0,0,0,504,84256,0,81600,0,0,81920,0,0
1,22,7,16MiB,16777216,131072,measured,12,30851370,13,15,13,10488920,10485440,20970880,20974360,31459800,348948334,348948334,369921326,20972992,0,0,4,7,0,15,0,0,2,0,0,0,504,10488096,0,10485440,0,0,10485760,0,0
1,23,0,128KiB,131072,1024,measured,13,90687,13,8,13,85080,81600,163200,166680,248280,69085038,69085038,69250350,165312,0,0,4,7,0,8,0,0,2,0,0,0,504,84256,0,81600,0,0,81920,0,0
1,23,1,8MiB,8388608,65536,measured,13,12922091,13,14,13,5246040,5242560,10485120,10488600,15731160,207914862,207914862,218402094,10487232,0,0,4,7,0,14,0,0,2,0,0,0,504,5245216,0,5242560,0,0,5242880,0,0
1,23,2,2MiB,2097152,16384,measured,13,1583258,13,12,13,1313880,1310400,2620800,2624280,3934680,102139758,102139758,104762670,2622912,0,0,4,7,0,12,0,0,2,0,0,0,504,1313056,0,1310400,0,0,1310720,0,0
1,23,3,4MiB,4194304,32768,measured,13,4929859,13,13,13,2624600,2621120,5242240,5245720,7866840,137398126,137398126,142642478,5244352,0,0,4,7,0,13,0,0,2,0,0,0,504,2623776,0,2621120,0,0,2621440,0,0
1,23,4,1MiB,1048576,8192,measured,13,811706,13,11,13,658520,655040,1310080,1313560,1968600,84510574,84510574,85822766,1312192,0,0,4,7,0,11,0,0,2,0,0,0,504,657696,0,655040,0,0,655360,0,0
1,23,5,512KiB,524288,4096,measured,13,345171,13,10,13,330840,327360,654720,658200,985560,75695982,75695982,76352814,656832,0,0,4,7,0,10,0,0,2,0,0,0,504,330016,0,327360,0,0,327680,0,0
1,23,6,256KiB,262144,2048,measured,13,170924,13,9,13,167000,163520,327040,330520,494040,71288686,71288686,71617838,329152,0,0,4,7,0,9,0,0,2,0,0,0,504,166176,0,163520,0,0,163840,0,0
1,23,7,16MiB,16777216,131072,measured,13,30439738,13,15,13,10488920,10485440,20970880,20974360,31459800,348948334,348948334,369921326,20972992,0,0,4,7,0,15,0,0,2,0,0,0,504,10488096,0,10485440,0,0,10485760,0,0
1,24,0,128KiB,131072,1024,measured,14,90432,13,8,13,85080,81600,163200,166680,248280,69085038,69085038,69250350,165312,0,0,4,7,0,8,0,0,2,0,0,0,504,84256,0,81600,0,0,81920,0,0
1,24,1,256KiB,262144,2048,measured,14,184753,13,9,13,167000,163520,327040,330520,494040,71288686,71288686,71617838,329152,0,0,4,7,0,9,0,0,2,0,0,0,504,166176,0,163520,0,0,163840,0,0
1,24,2,2MiB,2097152,16384,measured,14,1590796,13,12,13,1313880,1310400,2620800,2624280,3934680,102139758,102139758,104762670,2622912,0,0,4,7,0,12,0,0,2,0,0,0,504,1313056,0,1310400,0,0,1310720,0,0
1,24,3,8MiB,8388608,65536,measured,14,12898386,13,14,13,5246040,5242560,10485120,10488600,15731160,207914862,207914862,218402094,10487232,0,0,4,7,0,14,0,0,2,0,0,0,504,5245216,0,5242560,0,0,5242880,0,0
1,24,4,16MiB,16777216,131072,measured,14,29893152,13,15,13,10488920,10485440,20970880,20974360,31459800,348948334,348948334,369921326,20972992,0,0,4,7,0,15,0,0,2,0,0,0,504,10488096,0,10485440,0,0,10485760,0,0
1,24,5,512KiB,524288,4096,measured,14,354948,13,10,13,330840,327360,654720,658200,985560,75695982,75695982,76352814,656832,0,0,4,7,0,10,0,0,2,0,0,0,504,330016,0,327360,0,0,327680,0,0
1,24,6,1MiB,1048576,8192,measured,14,701120,13,11,13,658520,655040,1310080,1313560,1968600,84510574,84510574,85822766,1312192,0,0,4,7,0,11,0,0,2,0,0,0,504,657696,0,655040,0,0,655360,0,0
1,24,7,4MiB,4194304,32768,measured,14,5381304,13,13,13,2624600,2621120,5242240,5245720,7866840,137398126,137398126,142642478,5244352,0,0,4,7,0,13,0,0,2,0,0,0,504,2623776,0,2621120,0,0,2621440,0,0
1,25,0,8MiB,8388608,65536,measured,15,12629606,13,14,13,5246040,5242560,10485120,10488600,15731160,207914862,207914862,218402094,10487232,0,0,4,7,0,14,0,0,2,0,0,0,504,5245216,0,5242560,0,0,5242880,0,0
1,25,1,4MiB,4194304,32768,measured,15,5051923,13,13,13,2624600,2621120,5242240,5245720,7866840,137398126,137398126,142642478,5244352,0,0,4,7,0,13,0,0,2,0,0,0,504,2623776,0,2621120,0,0,2621440,0,0
1,25,2,16MiB,16777216,131072,measured,15,29942160,13,15,13,10488920,10485440,20970880,20974360,31459800,348948334,348948334,369921326,20972992,0,0,4,7,0,15,0,0,2,0,0,0,504,10488096,0,10485440,0,0,10485760,0,0
1,25,3,512KiB,524288,4096,measured,15,357109,13,10,13,330840,327360,654720,658200,985560,75695982,75695982,76352814,656832,0,0,4,7,0,10,0,0,2,0,0,0,504,330016,0,327360,0,0,327680,0,0
1,25,4,1MiB,1048576,8192,measured,15,724771,13,11,13,658520,655040,1310080,1313560,1968600,84510574,84510574,85822766,1312192,0,0,4,7,0,11,0,0,2,0,0,0,504,657696,0,655040,0,0,655360,0,0
1,25,5,128KiB,131072,1024,measured,15,86997,13,8,13,85080,81600,163200,166680,248280,69085038,69085038,69250350,165312,0,0,4,7,0,8,0,0,2,0,0,0,504,84256,0,81600,0,0,81920,0,0
1,25,6,2MiB,2097152,16384,measured,15,1656981,13,12,13,1313880,1310400,2620800,2624280,3934680,102139758,102139758,104762670,2622912,0,0,4,7,0,12,0,0,2,0,0,0,504,1313056,0,1310400,0,0,1310720,0,0
1,25,7,256KiB,262144,2048,measured,15,176160,13,9,13,167000,163520,327040,330520,494040,71288686,71288686,71617838,329152,0,0,4,7,0,9,0,0,2,0,0,0,504,166176,0,163520,0,0,163840,0,0
1,26,0,8MiB,8388608,65536,measured,16,12413568,13,14,13,5246040,5242560,10485120,10488600,15731160,207914862,207914862,218402094,10487232,0,0,4,7,0,14,0,0,2,0,0,0,504,5245216,0,5242560,0,0,5242880,0,0
1,26,1,4MiB,4194304,32768,measured,16,5228151,13,13,13,2624600,2621120,5242240,5245720,7866840,137398126,137398126,142642478,5244352,0,0,4,7,0,13,0,0,2,0,0,0,504,2623776,0,2621120,0,0,2621440,0,0
1,26,2,128KiB,131072,1024,measured,16,103955,13,8,13,85080,81600,163200,166680,248280,69085038,69085038,69250350,165312,0,0,4,7,0,8,0,0,2,0,0,0,504,84256,0,81600,0,0,81920,0,0
1,26,3,256KiB,262144,2048,measured,16,174729,13,9,13,167000,163520,327040,330520,494040,71288686,71288686,71617838,329152,0,0,4,7,0,9,0,0,2,0,0,0,504,166176,0,163520,0,0,163840,0,0
1,26,4,1MiB,1048576,8192,measured,16,709745,13,11,13,658520,655040,1310080,1313560,1968600,84510574,84510574,85822766,1312192,0,0,4,7,0,11,0,0,2,0,0,0,504,657696,0,655040,0,0,655360,0,0
1,26,5,16MiB,16777216,131072,measured,16,30388305,13,15,13,10488920,10485440,20970880,20974360,31459800,348948334,348948334,369921326,20972992,0,0,4,7,0,15,0,0,2,0,0,0,504,10488096,0,10485440,0,0,10485760,0,0
1,26,6,512KiB,524288,4096,measured,16,350059,13,10,13,330840,327360,654720,658200,985560,75695982,75695982,76352814,656832,0,0,4,7,0,10,0,0,2,0,0,0,504,330016,0,327360,0,0,327680,0,0
1,26,7,2MiB,2097152,16384,measured,16,1631678,13,12,13,1313880,1310400,2620800,2624280,3934680,102139758,102139758,104762670,2622912,0,0,4,7,0,12,0,0,2,0,0,0,504,1313056,0,1310400,0,0,1310720,0,0
1,27,0,512KiB,524288,4096,measured,17,352548,13,10,13,330840,327360,654720,658200,985560,75695982,75695982,76352814,656832,0,0,4,7,0,10,0,0,2,0,0,0,504,330016,0,327360,0,0,327680,0,0
1,27,1,128KiB,131072,1024,measured,17,86821,13,8,13,85080,81600,163200,166680,248280,69085038,69085038,69250350,165312,0,0,4,7,0,8,0,0,2,0,0,0,504,84256,0,81600,0,0,81920,0,0
1,27,2,1MiB,1048576,8192,measured,17,741996,13,11,13,658520,655040,1310080,1313560,1968600,84510574,84510574,85822766,1312192,0,0,4,7,0,11,0,0,2,0,0,0,504,657696,0,655040,0,0,655360,0,0
1,27,3,256KiB,262144,2048,measured,17,172481,13,9,13,167000,163520,327040,330520,494040,71288686,71288686,71617838,329152,0,0,4,7,0,9,0,0,2,0,0,0,504,166176,0,163520,0,0,163840,0,0
1,27,4,8MiB,8388608,65536,measured,17,12661740,13,14,13,5246040,5242560,10485120,10488600,15731160,207914862,207914862,218402094,10487232,0,0,4,7,0,14,0,0,2,0,0,0,504,5245216,0,5242560,0,0,5242880,0,0
1,27,5,2MiB,2097152,16384,measured,17,1568930,13,12,13,1313880,1310400,2620800,2624280,3934680,102139758,102139758,104762670,2622912,0,0,4,7,0,12,0,0,2,0,0,0,504,1313056,0,1310400,0,0,1310720,0,0
1,27,6,4MiB,4194304,32768,measured,17,4994823,13,13,13,2624600,2621120,5242240,5245720,7866840,137398126,137398126,142642478,5244352,0,0,4,7,0,13,0,0,2,0,0,0,504,2623776,0,2621120,0,0,2621440,0,0
1,27,7,16MiB,16777216,131072,measured,17,29591375,13,15,13,10488920,10485440,20970880,20974360,31459800,348948334,348948334,369921326,20972992,0,0,4,7,0,15,0,0,2,0,0,0,504,10488096,0,10485440,0,0,10485760,0,0
1,28,0,8MiB,8388608,65536,measured,18,12423262,13,14,13,5246040,5242560,10485120,10488600,15731160,207914862,207914862,218402094,10487232,0,0,4,7,0,14,0,0,2,0,0,0,504,5245216,0,5242560,0,0,5242880,0,0
1,28,1,128KiB,131072,1024,measured,18,93296,13,8,13,85080,81600,163200,166680,248280,69085038,69085038,69250350,165312,0,0,4,7,0,8,0,0,2,0,0,0,504,84256,0,81600,0,0,81920,0,0
1,28,2,2MiB,2097152,16384,measured,18,1678675,13,12,13,1313880,1310400,2620800,2624280,3934680,102139758,102139758,104762670,2622912,0,0,4,7,0,12,0,0,2,0,0,0,504,1313056,0,1310400,0,0,1310720,0,0
1,28,3,1MiB,1048576,8192,measured,18,711262,13,11,13,658520,655040,1310080,1313560,1968600,84510574,84510574,85822766,1312192,0,0,4,7,0,11,0,0,2,0,0,0,504,657696,0,655040,0,0,655360,0,0
1,28,4,256KiB,262144,2048,measured,18,192143,13,9,13,167000,163520,327040,330520,494040,71288686,71288686,71617838,329152,0,0,4,7,0,9,0,0,2,0,0,0,504,166176,0,163520,0,0,163840,0,0
1,28,5,4MiB,4194304,32768,measured,18,5211531,13,13,13,2624600,2621120,5242240,5245720,7866840,137398126,137398126,142642478,5244352,0,0,4,7,0,13,0,0,2,0,0,0,504,2623776,0,2621120,0,0,2621440,0,0
1,28,6,16MiB,16777216,131072,measured,18,30230039,13,15,13,10488920,10485440,20970880,20974360,31459800,348948334,348948334,369921326,20972992,0,0,4,7,0,15,0,0,2,0,0,0,504,10488096,0,10485440,0,0,10485760,0,0
1,28,7,512KiB,524288,4096,measured,18,358148,13,10,13,330840,327360,654720,658200,985560,75695982,75695982,76352814,656832,0,0,4,7,0,10,0,0,2,0,0,0,504,330016,0,327360,0,0,327680,0,0
1,29,0,512KiB,524288,4096,measured,19,344055,13,10,13,330840,327360,654720,658200,985560,75695982,75695982,76352814,656832,0,0,4,7,0,10,0,0,2,0,0,0,504,330016,0,327360,0,0,327680,0,0
1,29,1,16MiB,16777216,131072,measured,19,28120031,13,15,13,10488920,10485440,20970880,20974360,31459800,348948334,348948334,369921326,20972992,0,0,4,7,0,15,0,0,2,0,0,0,504,10488096,0,10485440,0,0,10485760,0,0
1,29,2,2MiB,2097152,16384,measured,19,1708519,13,12,13,1313880,1310400,2620800,2624280,3934680,102139758,102139758,104762670,2622912,0,0,4,7,0,12,0,0,2,0,0,0,504,1313056,0,1310400,0,0,1310720,0,0
1,29,3,128KiB,131072,1024,measured,19,89935,13,8,13,85080,81600,163200,166680,248280,69085038,69085038,69250350,165312,0,0,4,7,0,8,0,0,2,0,0,0,504,84256,0,81600,0,0,81920,0,0
1,29,4,4MiB,4194304,32768,measured,19,4985326,13,13,13,2624600,2621120,5242240,5245720,7866840,137398126,137398126,142642478,5244352,0,0,4,7,0,13,0,0,2,0,0,0,504,2623776,0,2621120,0,0,2621440,0,0
1,29,5,1MiB,1048576,8192,measured,19,709433,13,11,13,658520,655040,1310080,1313560,1968600,84510574,84510574,85822766,1312192,0,0,4,7,0,11,0,0,2,0,0,0,504,657696,0,655040,0,0,655360,0,0
1,29,6,256KiB,262144,2048,measured,19,191097,13,9,13,167000,163520,327040,330520,494040,71288686,71288686,71617838,329152,0,0,4,7,0,9,0,0,2,0,0,0,504,166176,0,163520,0,0,163840,0,0
1,29,7,8MiB,8388608,65536,measured,19,12229284,13,14,13,5246040,5242560,10485120,10488600,15731160,207914862,207914862,218402094,10487232,0,0,4,7,0,14,0,0,2,0,0,0,504,5245216,0,5242560,0,0,5242880,0,0
1,30,0,8MiB,8388608,65536,measured,20,12717094,13,14,13,5246040,5242560,10485120,10488600,15731160,207914862,207914862,218402094,10487232,0,0,4,7,0,14,0,0,2,0,0,0,504,5245216,0,5242560,0,0,5242880,0,0
1,30,1,16MiB,16777216,131072,measured,20,30920831,13,15,13,10488920,10485440,20970880,20974360,31459800,348948334,348948334,369921326,20972992,0,0,4,7,0,15,0,0,2,0,0,0,504,10488096,0,10485440,0,0,10485760,0,0
1,30,2,2MiB,2097152,16384,measured,20,1558112,13,12,13,1313880,1310400,2620800,2624280,3934680,102139758,102139758,104762670,2622912,0,0,4,7,0,12,0,0,2,0,0,0,504,1313056,0,1310400,0,0,1310720,0,0
1,30,3,128KiB,131072,1024,measured,20,89533,13,8,13,85080,81600,163200,166680,248280,69085038,69085038,69250350,165312,0,0,4,7,0,8,0,0,2,0,0,0,504,84256,0,81600,0,0,81920,0,0
1,30,4,512KiB,524288,4096,measured,20,347613,13,10,13,330840,327360,654720,658200,985560,75695982,75695982,76352814,656832,0,0,4,7,0,10,0,0,2,0,0,0,504,330016,0,327360,0,0,327680,0,0
1,30,5,4MiB,4194304,32768,measured,20,5292929,13,13,13,2624600,2621120,5242240,5245720,7866840,137398126,137398126,142642478,5244352,0,0,4,7,0,13,0,0,2,0,0,0,504,2623776,0,2621120,0,0,2621440,0,0
1,30,6,256KiB,262144,2048,measured,20,185237,13,9,13,167000,163520,327040,330520,494040,71288686,71288686,71617838,329152,0,0,4,7,0,9,0,0,2,0,0,0,504,166176,0,163520,0,0,163840,0,0
1,30,7,1MiB,1048576,8192,measured,20,702185,13,11,13,658520,655040,1310080,1313560,1968600,84510574,84510574,85822766,1312192,0,0,4,7,0,11,0,0,2,0,0,0,504,657696,0,655040,0,0,655360,0,0
1,31,0,16MiB,16777216,131072,measured,21,30300656,13,15,13,10488920,10485440,20970880,20974360,31459800,348948334,348948334,369921326,20972992,0,0,4,7,0,15,0,0,2,0,0,0,504,10488096,0,10485440,0,0,10485760,0,0
1,31,1,512KiB,524288,4096,measured,21,358321,13,10,13,330840,327360,654720,658200,985560,75695982,75695982,76352814,656832,0,0,4,7,0,10,0,0,2,0,0,0,504,330016,0,327360,0,0,327680,0,0
1,31,2,256KiB,262144,2048,measured,21,175992,13,9,13,167000,163520,327040,330520,494040,71288686,71288686,71617838,329152,0,0,4,7,0,9,0,0,2,0,0,0,504,166176,0,163520,0,0,163840,0,0
1,31,3,128KiB,131072,1024,measured,21,91026,13,8,13,85080,81600,163200,166680,248280,69085038,69085038,69250350,165312,0,0,4,7,0,8,0,0,2,0,0,0,504,84256,0,81600,0,0,81920,0,0
1,31,4,1MiB,1048576,8192,measured,21,719733,13,11,13,658520,655040,1310080,1313560,1968600,84510574,84510574,85822766,1312192,0,0,4,7,0,11,0,0,2,0,0,0,504,657696,0,655040,0,0,655360,0,0
1,31,5,2MiB,2097152,16384,measured,21,1764155,13,12,13,1313880,1310400,2620800,2624280,3934680,102139758,102139758,104762670,2622912,0,0,4,7,0,12,0,0,2,0,0,0,504,1313056,0,1310400,0,0,1310720,0,0
1,31,6,8MiB,8388608,65536,measured,21,12359461,13,14,13,5246040,5242560,10485120,10488600,15731160,207914862,207914862,218402094,10487232,0,0,4,7,0,14,0,0,2,0,0,0,504,5245216,0,5242560,0,0,5242880,0,0
1,31,7,4MiB,4194304,32768,measured,21,5000998,13,13,13,2624600,2621120,5242240,5245720,7866840,137398126,137398126,142642478,5244352,0,0,4,7,0,13,0,0,2,0,0,0,504,2623776,0,2621120,0,0,2621440,0,0
1,32,0,1MiB,1048576,8192,measured,22,737859,13,11,13,658520,655040,1310080,1313560,1968600,84510574,84510574,85822766,1312192,0,0,4,7,0,11,0,0,2,0,0,0,504,657696,0,655040,0,0,655360,0,0
1,32,1,2MiB,2097152,16384,measured,22,1684691,13,12,13,1313880,1310400,2620800,2624280,3934680,102139758,102139758,104762670,2622912,0,0,4,7,0,12,0,0,2,0,0,0,504,1313056,0,1310400,0,0,1310720,0,0
1,32,2,8MiB,8388608,65536,measured,22,12779786,13,14,13,5246040,5242560,10485120,10488600,15731160,207914862,207914862,218402094,10487232,0,0,4,7,0,14,0,0,2,0,0,0,504,5245216,0,5242560,0,0,5242880,0,0
1,32,3,256KiB,262144,2048,measured,22,176414,13,9,13,167000,163520,327040,330520,494040,71288686,71288686,71617838,329152,0,0,4,7,0,9,0,0,2,0,0,0,504,166176,0,163520,0,0,163840,0,0
1,32,4,512KiB,524288,4096,measured,22,350211,13,10,13,330840,327360,654720,658200,985560,75695982,75695982,76352814,656832,0,0,4,7,0,10,0,0,2,0,0,0,504,330016,0,327360,0,0,327680,0,0
1,32,5,16MiB,16777216,131072,measured,22,31558356,13,15,13,10488920,10485440,20970880,20974360,31459800,348948334,348948334,369921326,20972992,0,0,4,7,0,15,0,0,2,0,0,0,504,10488096,0,10485440,0,0,10485760,0,0
1,32,6,128KiB,131072,1024,measured,22,90278,13,8,13,85080,81600,163200,166680,248280,69085038,69085038,69250350,165312,0,0,4,7,0,8,0,0,2,0,0,0,504,84256,0,81600,0,0,81920,0,0
1,32,7,4MiB,4194304,32768,measured,22,5256350,13,13,13,2624600,2621120,5242240,5245720,7866840,137398126,137398126,142642478,5244352,0,0,4,7,0,13,0,0,2,0,0,0,504,2623776,0,2621120,0,0,2621440,0,0
1,33,0,1MiB,1048576,8192,measured,23,708308,13,11,13,658520,655040,1310080,1313560,1968600,84510574,84510574,85822766,1312192,0,0,4,7,0,11,0,0,2,0,0,0,504,657696,0,655040,0,0,655360,0,0
1,33,1,128KiB,131072,1024,measured,23,86419,13,8,13,85080,81600,163200,166680,248280,69085038,69085038,69250350,165312,0,0,4,7,0,8,0,0,2,0,0,0,504,84256,0,81600,0,0,81920,0,0
1,33,2,512KiB,524288,4096,measured,23,343535,13,10,13,330840,327360,654720,658200,985560,75695982,75695982,76352814,656832,0,0,4,7,0,10,0,0,2,0,0,0,504,330016,0,327360,0,0,327680,0,0
1,33,3,8MiB,8388608,65536,measured,23,12454935,13,14,13,5246040,5242560,10485120,10488600,15731160,207914862,207914862,218402094,10487232,0,0,4,7,0,14,0,0,2,0,0,0,504,5245216,0,5242560,0,0,5242880,0,0
1,33,4,256KiB,262144,2048,measured,23,176083,13,9,13,167000,163520,327040,330520,494040,71288686,71288686,71617838,329152,0,0,4,7,0,9,0,0,2,0,0,0,504,166176,0,163520,0,0,163840,0,0
1,33,5,2MiB,2097152,16384,measured,23,1614728,13,12,13,1313880,1310400,2620800,2624280,3934680,102139758,102139758,104762670,2622912,0,0,4,7,0,12,0,0,2,0,0,0,504,1313056,0,1310400,0,0,1310720,0,0
1,33,6,4MiB,4194304,32768,measured,23,4873512,13,13,13,2624600,2621120,5242240,5245720,7866840,137398126,137398126,142642478,5244352,0,0,4,7,0,13,0,0,2,0,0,0,504,2623776,0,2621120,0,0,2621440,0,0
1,33,7,16MiB,16777216,131072,measured,23,29774111,13,15,13,10488920,10485440,20970880,20974360,31459800,348948334,348948334,369921326,20972992,0,0,4,7,0,15,0,0,2,0,0,0,504,10488096,0,10485440,0,0,10485760,0,0
1,34,0,512KiB,524288,4096,measured,24,352968,13,10,13,330840,327360,654720,658200,985560,75695982,75695982,76352814,656832,0,0,4,7,0,10,0,0,2,0,0,0,504,330016,0,327360,0,0,327680,0,0
1,34,1,256KiB,262144,2048,measured,24,177379,13,9,13,167000,163520,327040,330520,494040,71288686,71288686,71617838,329152,0,0,4,7,0,9,0,0,2,0,0,0,504,166176,0,163520,0,0,163840,0,0
1,34,2,2MiB,2097152,16384,measured,24,1654423,13,12,13,1313880,1310400,2620800,2624280,3934680,102139758,102139758,104762670,2622912,0,0,4,7,0,12,0,0,2,0,0,0,504,1313056,0,1310400,0,0,1310720,0,0
1,34,3,4MiB,4194304,32768,measured,24,4927589,13,13,13,2624600,2621120,5242240,5245720,7866840,137398126,137398126,142642478,5244352,0,0,4,7,0,13,0,0,2,0,0,0,504,2623776,0,2621120,0,0,2621440,0,0
1,34,4,16MiB,16777216,131072,measured,24,30555180,13,15,13,10488920,10485440,20970880,20974360,31459800,348948334,348948334,369921326,20972992,0,0,4,7,0,15,0,0,2,0,0,0,504,10488096,0,10485440,0,0,10485760,0,0
1,34,5,1MiB,1048576,8192,measured,24,736211,13,11,13,658520,655040,1310080,1313560,1968600,84510574,84510574,85822766,1312192,0,0,4,7,0,11,0,0,2,0,0,0,504,657696,0,655040,0,0,655360,0,0
1,34,6,8MiB,8388608,65536,measured,24,12223819,13,14,13,5246040,5242560,10485120,10488600,15731160,207914862,207914862,218402094,10487232,0,0,4,7,0,14,0,0,2,0,0,0,504,5245216,0,5242560,0,0,5242880,0,0
1,34,7,128KiB,131072,1024,measured,24,91052,13,8,13,85080,81600,163200,166680,248280,69085038,69085038,69250350,165312,0,0,4,7,0,8,0,0,2,0,0,0,504,84256,0,81600,0,0,81920,0,0
1,35,0,512KiB,524288,4096,measured,25,359142,13,10,13,330840,327360,654720,658200,985560,75695982,75695982,76352814,656832,0,0,4,7,0,10,0,0,2,0,0,0,504,330016,0,327360,0,0,327680,0,0
1,35,1,128KiB,131072,1024,measured,25,92237,13,8,13,85080,81600,163200,166680,248280,69085038,69085038,69250350,165312,0,0,4,7,0,8,0,0,2,0,0,0,504,84256,0,81600,0,0,81920,0,0
1,35,2,256KiB,262144,2048,measured,25,177656,13,9,13,167000,163520,327040,330520,494040,71288686,71288686,71617838,329152,0,0,4,7,0,9,0,0,2,0,0,0,504,166176,0,163520,0,0,163840,0,0
1,35,3,1MiB,1048576,8192,measured,25,707760,13,11,13,658520,655040,1310080,1313560,1968600,84510574,84510574,85822766,1312192,0,0,4,7,0,11,0,0,2,0,0,0,504,657696,0,655040,0,0,655360,0,0
1,35,4,8MiB,8388608,65536,measured,25,12567416,13,14,13,5246040,5242560,10485120,10488600,15731160,207914862,207914862,218402094,10487232,0,0,4,7,0,14,0,0,2,0,0,0,504,5245216,0,5242560,0,0,5242880,0,0
1,35,5,16MiB,16777216,131072,measured,25,30006745,13,15,13,10488920,10485440,20970880,20974360,31459800,348948334,348948334,369921326,20972992,0,0,4,7,0,15,0,0,2,0,0,0,504,10488096,0,10485440,0,0,10485760,0,0
1,35,6,2MiB,2097152,16384,measured,25,1585472,13,12,13,1313880,1310400,2620800,2624280,3934680,102139758,102139758,104762670,2622912,0,0,4,7,0,12,0,0,2,0,0,0,504,1313056,0,1310400,0,0,1310720,0,0
1,35,7,4MiB,4194304,32768,measured,25,4861420,13,13,13,2624600,2621120,5242240,5245720,7866840,137398126,137398126,142642478,5244352,0,0,4,7,0,13,0,0,2,0,0,0,504,2623776,0,2621120,0,0,2621440,0,0
1,36,0,512KiB,524288,4096,measured,26,352657,13,10,13,330840,327360,654720,658200,985560,75695982,75695982,76352814,656832,0,0,4,7,0,10,0,0,2,0,0,0,504,330016,0,327360,0,0,327680,0,0
1,36,1,1MiB,1048576,8192,measured,26,736544,13,11,13,658520,655040,1310080,1313560,1968600,84510574,84510574,85822766,1312192,0,0,4,7,0,11,0,0,2,0,0,0,504,657696,0,655040,0,0,655360,0,0
1,36,2,256KiB,262144,2048,measured,26,171785,13,9,13,167000,163520,327040,330520,494040,71288686,71288686,71617838,329152,0,0,4,7,0,9,0,0,2,0,0,0,504,166176,0,163520,0,0,163840,0,0
1,36,3,4MiB,4194304,32768,measured,26,5227250,13,13,13,2624600,2621120,5242240,5245720,7866840,137398126,137398126,142642478,5244352,0,0,4,7,0,13,0,0,2,0,0,0,504,2623776,0,2621120,0,0,2621440,0,0
1,36,4,16MiB,16777216,131072,measured,26,30100983,13,15,13,10488920,10485440,20970880,20974360,31459800,348948334,348948334,369921326,20972992,0,0,4,7,0,15,0,0,2,0,0,0,504,10488096,0,10485440,0,0,10485760,0,0
1,36,5,128KiB,131072,1024,measured,26,91162,13,8,13,85080,81600,163200,166680,248280,69085038,69085038,69250350,165312,0,0,4,7,0,8,0,0,2,0,0,0,504,84256,0,81600,0,0,81920,0,0
1,36,6,8MiB,8388608,65536,measured,26,12219358,13,14,13,5246040,5242560,10485120,10488600,15731160,207914862,207914862,218402094,10487232,0,0,4,7,0,14,0,0,2,0,0,0,504,5245216,0,5242560,0,0,5242880,0,0
1,36,7,2MiB,2097152,16384,measured,26,1665481,13,12,13,1313880,1310400,2620800,2624280,3934680,102139758,102139758,104762670,2622912,0,0,4,7,0,12,0,0,2,0,0,0,504,1313056,0,1310400,0,0,1310720,0,0
1,37,0,512KiB,524288,4096,measured,27,358538,13,10,13,330840,327360,654720,658200,985560,75695982,75695982,76352814,656832,0,0,4,7,0,10,0,0,2,0,0,0,504,330016,0,327360,0,0,327680,0,0
1,37,1,16MiB,16777216,131072,measured,27,29596707,13,15,13,10488920,10485440,20970880,20974360,31459800,348948334,348948334,369921326,20972992,0,0,4,7,0,15,0,0,2,0,0,0,504,10488096,0,10485440,0,0,10485760,0,0
1,37,2,256KiB,262144,2048,measured,27,178403,13,9,13,167000,163520,327040,330520,494040,71288686,71288686,71617838,329152,0,0,4,7,0,9,0,0,2,0,0,0,504,166176,0,163520,0,0,163840,0,0
1,37,3,4MiB,4194304,32768,measured,27,5001744,13,13,13,2624600,2621120,5242240,5245720,7866840,137398126,137398126,142642478,5244352,0,0,4,7,0,13,0,0,2,0,0,0,504,2623776,0,2621120,0,0,2621440,0,0
1,37,4,2MiB,2097152,16384,measured,27,1593124,13,12,13,1313880,1310400,2620800,2624280,3934680,102139758,102139758,104762670,2622912,0,0,4,7,0,12,0,0,2,0,0,0,504,1313056,0,1310400,0,0,1310720,0,0
1,37,5,8MiB,8388608,65536,measured,27,12621726,13,14,13,5246040,5242560,10485120,10488600,15731160,207914862,207914862,218402094,10487232,0,0,4,7,0,14,0,0,2,0,0,0,504,5245216,0,5242560,0,0,5242880,0,0
1,37,6,1MiB,1048576,8192,measured,27,711831,13,11,13,658520,655040,1310080,1313560,1968600,84510574,84510574,85822766,1312192,0,0,4,7,0,11,0,0,2,0,0,0,504,657696,0,655040,0,0,655360,0,0
1,37,7,128KiB,131072,1024,measured,27,87339,13,8,13,85080,81600,163200,166680,248280,69085038,69085038,69250350,165312,0,0,4,7,0,8,0,0,2,0,0,0,504,84256,0,81600,0,0,81920,0,0
1,38,0,2MiB,2097152,16384,measured,28,1753658,13,12,13,1313880,1310400,2620800,2624280,3934680,102139758,102139758,104762670,2622912,0,0,4,7,0,12,0,0,2,0,0,0,504,1313056,0,1310400,0,0,1310720,0,0
1,38,1,128KiB,131072,1024,measured,28,92195,13,8,13,85080,81600,163200,166680,248280,69085038,69085038,69250350,165312,0,0,4,7,0,8,0,0,2,0,0,0,504,84256,0,81600,0,0,81920,0,0
1,38,2,8MiB,8388608,65536,measured,28,12216588,13,14,13,5246040,5242560,10485120,10488600,15731160,207914862,207914862,218402094,10487232,0,0,4,7,0,14,0,0,2,0,0,0,504,5245216,0,5242560,0,0,5242880,0,0
1,38,3,512KiB,524288,4096,measured,28,359973,13,10,13,330840,327360,654720,658200,985560,75695982,75695982,76352814,656832,0,0,4,7,0,10,0,0,2,0,0,0,504,330016,0,327360,0,0,327680,0,0
1,38,4,4MiB,4194304,32768,measured,28,5019182,13,13,13,2624600,2621120,5242240,5245720,7866840,137398126,137398126,142642478,5244352,0,0,4,7,0,13,0,0,2,0,0,0,504,2623776,0,2621120,0,0,2621440,0,0
1,38,5,1MiB,1048576,8192,measured,28,707775,13,11,13,658520,655040,1310080,1313560,1968600,84510574,84510574,85822766,1312192,0,0,4,7,0,11,0,0,2,0,0,0,504,657696,0,655040,0,0,655360,0,0
1,38,6,16MiB,16777216,131072,measured,28,29913289,13,15,13,10488920,10485440,20970880,20974360,31459800,348948334,348948334,369921326,20972992,0,0,4,7,0,15,0,0,2,0,0,0,504,10488096,0,10485440,0,0,10485760,0,0
1,38,7,256KiB,262144,2048,measured,28,185414,13,9,13,167000,163520,327040,330520,494040,71288686,71288686,71617838,329152,0,0,4,7,0,9,0,0,2,0,0,0,504,166176,0,163520,0,0,163840,0,0
1,39,0,16MiB,16777216,131072,measured,29,30126087,13,15,13,10488920,10485440,20970880,20974360,31459800,348948334,348948334,369921326,20972992,0,0,4,7,0,15,0,0,2,0,0,0,504,10488096,0,10485440,0,0,10485760,0,0
1,39,1,256KiB,262144,2048,measured,29,183562,13,9,13,167000,163520,327040,330520,494040,71288686,71288686,71617838,329152,0,0,4,7,0,9,0,0,2,0,0,0,504,166176,0,163520,0,0,163840,0,0
1,39,2,8MiB,8388608,65536,measured,29,12251460,13,14,13,5246040,5242560,10485120,10488600,15731160,207914862,207914862,218402094,10487232,0,0,4,7,0,14,0,0,2,0,0,0,504,5245216,0,5242560,0,0,5242880,0,0
1,39,3,128KiB,131072,1024,measured,29,90712,13,8,13,85080,81600,163200,166680,248280,69085038,69085038,69250350,165312,0,0,4,7,0,8,0,0,2,0,0,0,504,84256,0,81600,0,0,81920,0,0
1,39,4,2MiB,2097152,16384,measured,29,1690260,13,12,13,1313880,1310400,2620800,2624280,3934680,102139758,102139758,104762670,2622912,0,0,4,7,0,12,0,0,2,0,0,0,504,1313056,0,1310400,0,0,1310720,0,0
1,39,5,512KiB,524288,4096,measured,29,369724,13,10,13,330840,327360,654720,658200,985560,75695982,75695982,76352814,656832,0,0,4,7,0,10,0,0,2,0,0,0,504,330016,0,327360,0,0,327680,0,0
1,39,6,4MiB,4194304,32768,measured,29,4963116,13,13,13,2624600,2621120,5242240,5245720,7866840,137398126,137398126,142642478,5244352,0,0,4,7,0,13,0,0,2,0,0,0,504,2623776,0,2621120,0,0,2621440,0,0
1,39,7,1MiB,1048576,8192,measured,29,700374,13,11,13,658520,655040,1310080,1313560,1968600,84510574,84510574,85822766,1312192,0,0,4,7,0,11,0,0,2,0,0,0,504,657696,0,655040,0,0,655360,0,0
2,0,0,128KiB,131072,1024,warmup,0,119861,13,8,13,85080,81600,163200,166680,248280,69085038,69085038,69250350,165312,0,0,4,7,0,8,0,0,2,0,0,0,504,84256,0,81600,0,0,81920,0,0
2,0,1,512KiB,524288,4096,warmup,0,432275,13,10,13,330840,327360,654720,658200,985560,75695982,75695982,76352814,656832,0,0,4,7,0,10,0,0,2,0,0,0,504,330016,0,327360,0,0,327680,0,0
2,0,2,16MiB,16777216,131072,warmup,0,29186447,13,15,13,10488920,10485440,20970880,20974360,31459800,348948334,348948334,369921326,20972992,0,0,4,7,0,15,0,0,2,0,0,0,504,10488096,0,10485440,0,0,10485760,0,0
2,0,3,2MiB,2097152,16384,warmup,0,1833236,13,12,13,1313880,1310400,2620800,2624280,3934680,102139758,102139758,104762670,2622912,0,0,4,7,0,12,0,0,2,0,0,0,504,1313056,0,1310400,0,0,1310720,0,0
2,0,4,1MiB,1048576,8192,warmup,0,718741,13,11,13,658520,655040,1310080,1313560,1968600,84510574,84510574,85822766,1312192,0,0,4,7,0,11,0,0,2,0,0,0,504,657696,0,655040,0,0,655360,0,0
2,0,5,4MiB,4194304,32768,warmup,0,5613983,13,13,13,2624600,2621120,5242240,5245720,7866840,137398126,137398126,142642478,5244352,0,0,4,7,0,13,0,0,2,0,0,0,504,2623776,0,2621120,0,0,2621440,0,0
2,0,6,8MiB,8388608,65536,warmup,0,12001271,13,14,13,5246040,5242560,10485120,10488600,15731160,207914862,207914862,218402094,10487232,0,0,4,7,0,14,0,0,2,0,0,0,504,5245216,0,5242560,0,0,5242880,0,0
2,0,7,256KiB,262144,2048,warmup,0,180526,13,9,13,167000,163520,327040,330520,494040,71288686,71288686,71617838,329152,0,0,4,7,0,9,0,0,2,0,0,0,504,166176,0,163520,0,0,163840,0,0
2,1,0,8MiB,8388608,65536,warmup,0,12496158,13,14,13,5246040,5242560,10485120,10488600,15731160,207914862,207914862,218402094,10487232,0,0,4,7,0,14,0,0,2,0,0,0,504,5245216,0,5242560,0,0,5242880,0,0
2,1,1,2MiB,2097152,16384,warmup,0,1721245,13,12,13,1313880,1310400,2620800,2624280,3934680,102139758,102139758,104762670,2622912,0,0,4,7,0,12,0,0,2,0,0,0,504,1313056,0,1310400,0,0,1310720,0,0
2,1,2,16MiB,16777216,131072,warmup,0,24186078,13,15,13,10488920,10485440,20970880,20974360,31459800,348948334,348948334,369921326,20972992,0,0,4,7,0,15,0,0,2,0,0,0,504,10488096,0,10485440,0,0,10485760,0,0
2,1,3,1MiB,1048576,8192,warmup,0,724074,13,11,13,658520,655040,1310080,1313560,1968600,84510574,84510574,85822766,1312192,0,0,4,7,0,11,0,0,2,0,0,0,504,657696,0,655040,0,0,655360,0,0
2,1,4,4MiB,4194304,32768,warmup,0,6012423,13,13,13,2624600,2621120,5242240,5245720,7866840,137398126,137398126,142642478,5244352,0,0,4,7,0,13,0,0,2,0,0,0,504,2623776,0,2621120,0,0,2621440,0,0
2,1,5,256KiB,262144,2048,warmup,0,178325,13,9,13,167000,163520,327040,330520,494040,71288686,71288686,71617838,329152,0,0,4,7,0,9,0,0,2,0,0,0,504,166176,0,163520,0,0,163840,0,0
2,1,6,128KiB,131072,1024,warmup,0,86667,13,8,13,85080,81600,163200,166680,248280,69085038,69085038,69250350,165312,0,0,4,7,0,8,0,0,2,0,0,0,504,84256,0,81600,0,0,81920,0,0
2,1,7,512KiB,524288,4096,warmup,0,351122,13,10,13,330840,327360,654720,658200,985560,75695982,75695982,76352814,656832,0,0,4,7,0,10,0,0,2,0,0,0,504,330016,0,327360,0,0,327680,0,0
2,2,0,4MiB,4194304,32768,warmup,0,5933939,13,13,13,2624600,2621120,5242240,5245720,7866840,137398126,137398126,142642478,5244352,0,0,4,7,0,13,0,0,2,0,0,0,504,2623776,0,2621120,0,0,2621440,0,0
2,2,1,2MiB,2097152,16384,warmup,0,1804094,13,12,13,1313880,1310400,2620800,2624280,3934680,102139758,102139758,104762670,2622912,0,0,4,7,0,12,0,0,2,0,0,0,504,1313056,0,1310400,0,0,1310720,0,0
2,2,2,16MiB,16777216,131072,warmup,0,30092879,13,15,13,10488920,10485440,20970880,20974360,31459800,348948334,348948334,369921326,20972992,0,0,4,7,0,15,0,0,2,0,0,0,504,10488096,0,10485440,0,0,10485760,0,0
2,2,3,1MiB,1048576,8192,warmup,0,814408,13,11,13,658520,655040,1310080,1313560,1968600,84510574,84510574,85822766,1312192,0,0,4,7,0,11,0,0,2,0,0,0,504,657696,0,655040,0,0,655360,0,0
2,2,4,512KiB,524288,4096,warmup,0,363345,13,10,13,330840,327360,654720,658200,985560,75695982,75695982,76352814,656832,0,0,4,7,0,10,0,0,2,0,0,0,504,330016,0,327360,0,0,327680,0,0
2,2,5,8MiB,8388608,65536,warmup,0,13589249,13,14,13,5246040,5242560,10485120,10488600,15731160,207914862,207914862,218402094,10487232,0,0,4,7,0,14,0,0,2,0,0,0,504,5245216,0,5242560,0,0,5242880,0,0
2,2,6,256KiB,262144,2048,warmup,0,178644,13,9,13,167000,163520,327040,330520,494040,71288686,71288686,71617838,329152,0,0,4,7,0,9,0,0,2,0,0,0,504,166176,0,163520,0,0,163840,0,0
2,2,7,128KiB,131072,1024,warmup,0,86977,13,8,13,85080,81600,163200,166680,248280,69085038,69085038,69250350,165312,0,0,4,7,0,8,0,0,2,0,0,0,504,84256,0,81600,0,0,81920,0,0
2,3,0,256KiB,262144,2048,warmup,0,172562,13,9,13,167000,163520,327040,330520,494040,71288686,71288686,71617838,329152,0,0,4,7,0,9,0,0,2,0,0,0,504,166176,0,163520,0,0,163840,0,0
2,3,1,1MiB,1048576,8192,warmup,0,734348,13,11,13,658520,655040,1310080,1313560,1968600,84510574,84510574,85822766,1312192,0,0,4,7,0,11,0,0,2,0,0,0,504,657696,0,655040,0,0,655360,0,0
2,3,2,16MiB,16777216,131072,warmup,0,26341585,13,15,13,10488920,10485440,20970880,20974360,31459800,348948334,348948334,369921326,20972992,0,0,4,7,0,15,0,0,2,0,0,0,504,10488096,0,10485440,0,0,10485760,0,0
2,3,3,512KiB,524288,4096,warmup,0,344504,13,10,13,330840,327360,654720,658200,985560,75695982,75695982,76352814,656832,0,0,4,7,0,10,0,0,2,0,0,0,504,330016,0,327360,0,0,327680,0,0
2,3,4,2MiB,2097152,16384,warmup,0,1681508,13,12,13,1313880,1310400,2620800,2624280,3934680,102139758,102139758,104762670,2622912,0,0,4,7,0,12,0,0,2,0,0,0,504,1313056,0,1310400,0,0,1310720,0,0
2,3,5,4MiB,4194304,32768,warmup,0,5768386,13,13,13,2624600,2621120,5242240,5245720,7866840,137398126,137398126,142642478,5244352,0,0,4,7,0,13,0,0,2,0,0,0,504,2623776,0,2621120,0,0,2621440,0,0
2,3,6,128KiB,131072,1024,warmup,0,90638,13,8,13,85080,81600,163200,166680,248280,69085038,69085038,69250350,165312,0,0,4,7,0,8,0,0,2,0,0,0,504,84256,0,81600,0,0,81920,0,0
2,3,7,8MiB,8388608,65536,warmup,0,11569015,13,14,13,5246040,5242560,10485120,10488600,15731160,207914862,207914862,218402094,10487232,0,0,4,7,0,14,0,0,2,0,0,0,504,5245216,0,5242560,0,0,5242880,0,0
2,4,0,2MiB,2097152,16384,warmup,0,1630985,13,12,13,1313880,1310400,2620800,2624280,3934680,102139758,102139758,104762670,2622912,0,0,4,7,0,12,0,0,2,0,0,0,504,1313056,0,1310400,0,0,1310720,0,0
2,4,1,1MiB,1048576,8192,warmup,0,783983,13,11,13,658520,655040,1310080,1313560,1968600,84510574,84510574,85822766,1312192,0,0,4,7,0,11,0,0,2,0,0,0,504,657696,0,655040,0,0,655360,0,0
2,4,2,16MiB,16777216,131072,warmup,0,28150079,13,15,13,10488920,10485440,20970880,20974360,31459800,348948334,348948334,369921326,20972992,0,0,4,7,0,15,0,0,2,0,0,0,504,10488096,0,10485440,0,0,10485760,0,0
2,4,3,256KiB,262144,2048,warmup,0,177966,13,9,13,167000,163520,327040,330520,494040,71288686,71288686,71617838,329152,0,0,4,7,0,9,0,0,2,0,0,0,504,166176,0,163520,0,0,163840,0,0
2,4,4,512KiB,524288,4096,warmup,0,345640,13,10,13,330840,327360,654720,658200,985560,75695982,75695982,76352814,656832,0,0,4,7,0,10,0,0,2,0,0,0,504,330016,0,327360,0,0,327680,0,0
2,4,5,8MiB,8388608,65536,warmup,0,11813136,13,14,13,5246040,5242560,10485120,10488600,15731160,207914862,207914862,218402094,10487232,0,0,4,7,0,14,0,0,2,0,0,0,504,5245216,0,5242560,0,0,5242880,0,0
2,4,6,4MiB,4194304,32768,warmup,0,5275948,13,13,13,2624600,2621120,5242240,5245720,7866840,137398126,137398126,142642478,5244352,0,0,4,7,0,13,0,0,2,0,0,0,504,2623776,0,2621120,0,0,2621440,0,0
2,4,7,128KiB,131072,1024,warmup,0,102760,13,8,13,85080,81600,163200,166680,248280,69085038,69085038,69250350,165312,0,0,4,7,0,8,0,0,2,0,0,0,504,84256,0,81600,0,0,81920,0,0
2,5,0,256KiB,262144,2048,warmup,0,188564,13,9,13,167000,163520,327040,330520,494040,71288686,71288686,71617838,329152,0,0,4,7,0,9,0,0,2,0,0,0,504,166176,0,163520,0,0,163840,0,0
2,5,1,16MiB,16777216,131072,warmup,0,26686408,13,15,13,10488920,10485440,20970880,20974360,31459800,348948334,348948334,369921326,20972992,0,0,4,7,0,15,0,0,2,0,0,0,504,10488096,0,10485440,0,0,10485760,0,0
2,5,2,8MiB,8388608,65536,warmup,0,12346954,13,14,13,5246040,5242560,10485120,10488600,15731160,207914862,207914862,218402094,10487232,0,0,4,7,0,14,0,0,2,0,0,0,504,5245216,0,5242560,0,0,5242880,0,0
2,5,3,4MiB,4194304,32768,warmup,0,5226343,13,13,13,2624600,2621120,5242240,5245720,7866840,137398126,137398126,142642478,5244352,0,0,4,7,0,13,0,0,2,0,0,0,504,2623776,0,2621120,0,0,2621440,0,0
2,5,4,2MiB,2097152,16384,warmup,0,1592175,13,12,13,1313880,1310400,2620800,2624280,3934680,102139758,102139758,104762670,2622912,0,0,4,7,0,12,0,0,2,0,0,0,504,1313056,0,1310400,0,0,1310720,0,0
2,5,5,128KiB,131072,1024,warmup,0,87740,13,8,13,85080,81600,163200,166680,248280,69085038,69085038,69250350,165312,0,0,4,7,0,8,0,0,2,0,0,0,504,84256,0,81600,0,0,81920,0,0
2,5,6,512KiB,524288,4096,warmup,0,349489,13,10,13,330840,327360,654720,658200,985560,75695982,75695982,76352814,656832,0,0,4,7,0,10,0,0,2,0,0,0,504,330016,0,327360,0,0,327680,0,0
2,5,7,1MiB,1048576,8192,warmup,0,723519,13,11,13,658520,655040,1310080,1313560,1968600,84510574,84510574,85822766,1312192,0,0,4,7,0,11,0,0,2,0,0,0,504,657696,0,655040,0,0,655360,0,0
2,6,0,2MiB,2097152,16384,warmup,0,1666469,13,12,13,1313880,1310400,2620800,2624280,3934680,102139758,102139758,104762670,2622912,0,0,4,7,0,12,0,0,2,0,0,0,504,1313056,0,1310400,0,0,1310720,0,0
2,6,1,8MiB,8388608,65536,warmup,0,11522955,13,14,13,5246040,5242560,10485120,10488600,15731160,207914862,207914862,218402094,10487232,0,0,4,7,0,14,0,0,2,0,0,0,504,5245216,0,5242560,0,0,5242880,0,0
2,6,2,128KiB,131072,1024,warmup,0,91059,13,8,13,85080,81600,163200,166680,248280,69085038,69085038,69250350,165312,0,0,4,7,0,8,0,0,2,0,0,0,504,84256,0,81600,0,0,81920,0,0
2,6,3,16MiB,16777216,131072,warmup,0,26033502,13,15,13,10488920,10485440,20970880,20974360,31459800,348948334,348948334,369921326,20972992,0,0,4,7,0,15,0,0,2,0,0,0,504,10488096,0,10485440,0,0,10485760,0,0
2,6,4,4MiB,4194304,32768,warmup,0,4778682,13,13,13,2624600,2621120,5242240,5245720,7866840,137398126,137398126,142642478,5244352,0,0,4,7,0,13,0,0,2,0,0,0,504,2623776,0,2621120,0,0,2621440,0,0
2,6,5,512KiB,524288,4096,warmup,0,343317,13,10,13,330840,327360,654720,658200,985560,75695982,75695982,76352814,656832,0,0,4,7,0,10,0,0,2,0,0,0,504,330016,0,327360,0,0,327680,0,0
2,6,6,256KiB,262144,2048,warmup,0,170025,13,9,13,167000,163520,327040,330520,494040,71288686,71288686,71617838,329152,0,0,4,7,0,9,0,0,2,0,0,0,504,166176,0,163520,0,0,163840,0,0
2,6,7,1MiB,1048576,8192,warmup,0,726115,13,11,13,658520,655040,1310080,1313560,1968600,84510574,84510574,85822766,1312192,0,0,4,7,0,11,0,0,2,0,0,0,504,657696,0,655040,0,0,655360,0,0
2,7,0,256KiB,262144,2048,warmup,0,176937,13,9,13,167000,163520,327040,330520,494040,71288686,71288686,71617838,329152,0,0,4,7,0,9,0,0,2,0,0,0,504,166176,0,163520,0,0,163840,0,0
2,7,1,8MiB,8388608,65536,warmup,0,11745503,13,14,13,5246040,5242560,10485120,10488600,15731160,207914862,207914862,218402094,10487232,0,0,4,7,0,14,0,0,2,0,0,0,504,5245216,0,5242560,0,0,5242880,0,0
2,7,2,2MiB,2097152,16384,warmup,0,1621907,13,12,13,1313880,1310400,2620800,2624280,3934680,102139758,102139758,104762670,2622912,0,0,4,7,0,12,0,0,2,0,0,0,504,1313056,0,1310400,0,0,1310720,0,0
2,7,3,16MiB,16777216,131072,warmup,0,26713614,13,15,13,10488920,10485440,20970880,20974360,31459800,348948334,348948334,369921326,20972992,0,0,4,7,0,15,0,0,2,0,0,0,504,10488096,0,10485440,0,0,10485760,0,0
2,7,4,1MiB,1048576,8192,warmup,0,707729,13,11,13,658520,655040,1310080,1313560,1968600,84510574,84510574,85822766,1312192,0,0,4,7,0,11,0,0,2,0,0,0,504,657696,0,655040,0,0,655360,0,0
2,7,5,512KiB,524288,4096,warmup,0,345887,13,10,13,330840,327360,654720,658200,985560,75695982,75695982,76352814,656832,0,0,4,7,0,10,0,0,2,0,0,0,504,330016,0,327360,0,0,327680,0,0
2,7,6,4MiB,4194304,32768,warmup,0,5337581,13,13,13,2624600,2621120,5242240,5245720,7866840,137398126,137398126,142642478,5244352,0,0,4,7,0,13,0,0,2,0,0,0,504,2623776,0,2621120,0,0,2621440,0,0
2,7,7,128KiB,131072,1024,warmup,0,89972,13,8,13,85080,81600,163200,166680,248280,69085038,69085038,69250350,165312,0,0,4,7,0,8,0,0,2,0,0,0,504,84256,0,81600,0,0,81920,0,0
2,8,0,16MiB,16777216,131072,warmup,0,24568400,13,15,13,10488920,10485440,20970880,20974360,31459800,348948334,348948334,369921326,20972992,0,0,4,7,0,15,0,0,2,0,0,0,504,10488096,0,10485440,0,0,10485760,0,0
2,8,1,2MiB,2097152,16384,warmup,0,1684677,13,12,13,1313880,1310400,2620800,2624280,3934680,102139758,102139758,104762670,2622912,0,0,4,7,0,12,0,0,2,0,0,0,504,1313056,0,1310400,0,0,1310720,0,0
2,8,2,8MiB,8388608,65536,warmup,0,12685350,13,14,13,5246040,5242560,10485120,10488600,15731160,207914862,207914862,218402094,10487232,0,0,4,7,0,14,0,0,2,0,0,0,504,5245216,0,5242560,0,0,5242880,0,0
2,8,3,512KiB,524288,4096,warmup,0,345937,13,10,13,330840,327360,654720,658200,985560,75695982,75695982,76352814,656832,0,0,4,7,0,10,0,0,2,0,0,0,504,330016,0,327360,0,0,327680,0,0
2,8,4,128KiB,131072,1024,warmup,0,86208,13,8,13,85080,81600,163200,166680,248280,69085038,69085038,69250350,165312,0,0,4,7,0,8,0,0,2,0,0,0,504,84256,0,81600,0,0,81920,0,0
2,8,5,256KiB,262144,2048,warmup,0,173056,13,9,13,167000,163520,327040,330520,494040,71288686,71288686,71617838,329152,0,0,4,7,0,9,0,0,2,0,0,0,504,166176,0,163520,0,0,163840,0,0
2,8,6,1MiB,1048576,8192,warmup,0,724459,13,11,13,658520,655040,1310080,1313560,1968600,84510574,84510574,85822766,1312192,0,0,4,7,0,11,0,0,2,0,0,0,504,657696,0,655040,0,0,655360,0,0
2,8,7,4MiB,4194304,32768,warmup,0,4938200,13,13,13,2624600,2621120,5242240,5245720,7866840,137398126,137398126,142642478,5244352,0,0,4,7,0,13,0,0,2,0,0,0,504,2623776,0,2621120,0,0,2621440,0,0
2,9,0,256KiB,262144,2048,warmup,0,178080,13,9,13,167000,163520,327040,330520,494040,71288686,71288686,71617838,329152,0,0,4,7,0,9,0,0,2,0,0,0,504,166176,0,163520,0,0,163840,0,0
2,9,1,1MiB,1048576,8192,warmup,0,706373,13,11,13,658520,655040,1310080,1313560,1968600,84510574,84510574,85822766,1312192,0,0,4,7,0,11,0,0,2,0,0,0,504,657696,0,655040,0,0,655360,0,0
2,9,2,4MiB,4194304,32768,warmup,0,4842576,13,13,13,2624600,2621120,5242240,5245720,7866840,137398126,137398126,142642478,5244352,0,0,4,7,0,13,0,0,2,0,0,0,504,2623776,0,2621120,0,0,2621440,0,0
2,9,3,512KiB,524288,4096,warmup,0,351579,13,10,13,330840,327360,654720,658200,985560,75695982,75695982,76352814,656832,0,0,4,7,0,10,0,0,2,0,0,0,504,330016,0,327360,0,0,327680,0,0
2,9,4,2MiB,2097152,16384,warmup,0,1654949,13,12,13,1313880,1310400,2620800,2624280,3934680,102139758,102139758,104762670,2622912,0,0,4,7,0,12,0,0,2,0,0,0,504,1313056,0,1310400,0,0,1310720,0,0
2,9,5,128KiB,131072,1024,warmup,0,89594,13,8,13,85080,81600,163200,166680,248280,69085038,69085038,69250350,165312,0,0,4,7,0,8,0,0,2,0,0,0,504,84256,0,81600,0,0,81920,0,0
2,9,6,16MiB,16777216,131072,warmup,0,24417123,13,15,13,10488920,10485440,20970880,20974360,31459800,348948334,348948334,369921326,20972992,0,0,4,7,0,15,0,0,2,0,0,0,504,10488096,0,10485440,0,0,10485760,0,0
2,9,7,8MiB,8388608,65536,warmup,0,12105620,13,14,13,5246040,5242560,10485120,10488600,15731160,207914862,207914862,218402094,10487232,0,0,4,7,0,14,0,0,2,0,0,0,504,5245216,0,5242560,0,0,5242880,0,0
2,10,0,2MiB,2097152,16384,measured,0,1622847,13,12,13,1313880,1310400,2620800,2624280,3934680,102139758,102139758,104762670,2622912,0,0,4,7,0,12,0,0,2,0,0,0,504,1313056,0,1310400,0,0,1310720,0,0
2,10,1,4MiB,4194304,32768,measured,0,5254512,13,13,13,2624600,2621120,5242240,5245720,7866840,137398126,137398126,142642478,5244352,0,0,4,7,0,13,0,0,2,0,0,0,504,2623776,0,2621120,0,0,2621440,0,0
2,10,2,16MiB,16777216,131072,measured,0,26923688,13,15,13,10488920,10485440,20970880,20974360,31459800,348948334,348948334,369921326,20972992,0,0,4,7,0,15,0,0,2,0,0,0,504,10488096,0,10485440,0,0,10485760,0,0
2,10,3,128KiB,131072,1024,measured,0,93830,13,8,13,85080,81600,163200,166680,248280,69085038,69085038,69250350,165312,0,0,4,7,0,8,0,0,2,0,0,0,504,84256,0,81600,0,0,81920,0,0
2,10,4,8MiB,8388608,65536,measured,0,12343732,13,14,13,5246040,5242560,10485120,10488600,15731160,207914862,207914862,218402094,10487232,0,0,4,7,0,14,0,0,2,0,0,0,504,5245216,0,5242560,0,0,5242880,0,0
2,10,5,256KiB,262144,2048,measured,0,178039,13,9,13,167000,163520,327040,330520,494040,71288686,71288686,71617838,329152,0,0,4,7,0,9,0,0,2,0,0,0,504,166176,0,163520,0,0,163840,0,0
2,10,6,1MiB,1048576,8192,measured,0,739325,13,11,13,658520,655040,1310080,1313560,1968600,84510574,84510574,85822766,1312192,0,0,4,7,0,11,0,0,2,0,0,0,504,657696,0,655040,0,0,655360,0,0
2,10,7,512KiB,524288,4096,measured,0,346958,13,10,13,330840,327360,654720,658200,985560,75695982,75695982,76352814,656832,0,0,4,7,0,10,0,0,2,0,0,0,504,330016,0,327360,0,0,327680,0,0
2,11,0,256KiB,262144,2048,measured,1,178257,13,9,13,167000,163520,327040,330520,494040,71288686,71288686,71617838,329152,0,0,4,7,0,9,0,0,2,0,0,0,504,166176,0,163520,0,0,163840,0,0
2,11,1,512KiB,524288,4096,measured,1,344955,13,10,13,330840,327360,654720,658200,985560,75695982,75695982,76352814,656832,0,0,4,7,0,10,0,0,2,0,0,0,504,330016,0,327360,0,0,327680,0,0
2,11,2,1MiB,1048576,8192,measured,1,716072,13,11,13,658520,655040,1310080,1313560,1968600,84510574,84510574,85822766,1312192,0,0,4,7,0,11,0,0,2,0,0,0,504,657696,0,655040,0,0,655360,0,0
2,11,3,128KiB,131072,1024,measured,1,87531,13,8,13,85080,81600,163200,166680,248280,69085038,69085038,69250350,165312,0,0,4,7,0,8,0,0,2,0,0,0,504,84256,0,81600,0,0,81920,0,0
2,11,4,16MiB,16777216,131072,measured,1,27088979,13,15,13,10488920,10485440,20970880,20974360,31459800,348948334,348948334,369921326,20972992,0,0,4,7,0,15,0,0,2,0,0,0,504,10488096,0,10485440,0,0,10485760,0,0
2,11,5,2MiB,2097152,16384,measured,1,1783179,13,12,13,1313880,1310400,2620800,2624280,3934680,102139758,102139758,104762670,2622912,0,0,4,7,0,12,0,0,2,0,0,0,504,1313056,0,1310400,0,0,1310720,0,0
2,11,6,8MiB,8388608,65536,measured,1,12393755,13,14,13,5246040,5242560,10485120,10488600,15731160,207914862,207914862,218402094,10487232,0,0,4,7,0,14,0,0,2,0,0,0,504,5245216,0,5242560,0,0,5242880,0,0
2,11,7,4MiB,4194304,32768,measured,1,5270794,13,13,13,2624600,2621120,5242240,5245720,7866840,137398126,137398126,142642478,5244352,0,0,4,7,0,13,0,0,2,0,0,0,504,2623776,0,2621120,0,0,2621440,0,0
2,12,0,2MiB,2097152,16384,measured,2,1609111,13,12,13,1313880,1310400,2620800,2624280,3934680,102139758,102139758,104762670,2622912,0,0,4,7,0,12,0,0,2,0,0,0,504,1313056,0,1310400,0,0,1310720,0,0
2,12,1,8MiB,8388608,65536,measured,2,12109330,13,14,13,5246040,5242560,10485120,10488600,15731160,207914862,207914862,218402094,10487232,0,0,4,7,0,14,0,0,2,0,0,0,504,5245216,0,5242560,0,0,5242880,0,0
2,12,2,512KiB,524288,4096,measured,2,361771,13,10,13,330840,327360,654720,658200,985560,75695982,75695982,76352814,656832,0,0,4,7,0,10,0,0,2,0,0,0,504,330016,0,327360,0,0,327680,0,0
2,12,3,4MiB,4194304,32768,measured,2,4709976,13,13,13,2624600,2621120,5242240,5245720,7866840,137398126,137398126,142642478,5244352,0,0,4,7,0,13,0,0,2,0,0,0,504,2623776,0,2621120,0,0,2621440,0,0
2,12,4,1MiB,1048576,8192,measured,2,721633,13,11,13,658520,655040,1310080,1313560,1968600,84510574,84510574,85822766,1312192,0,0,4,7,0,11,0,0,2,0,0,0,504,657696,0,655040,0,0,655360,0,0
2,12,5,256KiB,262144,2048,measured,2,189755,13,9,13,167000,163520,327040,330520,494040,71288686,71288686,71617838,329152,0,0,4,7,0,9,0,0,2,0,0,0,504,166176,0,163520,0,0,163840,0,0
2,12,6,128KiB,131072,1024,measured,2,86044,13,8,13,85080,81600,163200,166680,248280,69085038,69085038,69250350,165312,0,0,4,7,0,8,0,0,2,0,0,0,504,84256,0,81600,0,0,81920,0,0
2,12,7,16MiB,16777216,131072,measured,2,27105539,13,15,13,10488920,10485440,20970880,20974360,31459800,348948334,348948334,369921326,20972992,0,0,4,7,0,15,0,0,2,0,0,0,504,10488096,0,10485440,0,0,10485760,0,0
2,13,0,2MiB,2097152,16384,measured,3,1758583,13,12,13,1313880,1310400,2620800,2624280,3934680,102139758,102139758,104762670,2622912,0,0,4,7,0,12,0,0,2,0,0,0,504,1313056,0,1310400,0,0,1310720,0,0
2,13,1,512KiB,524288,4096,measured,3,351804,13,10,13,330840,327360,654720,658200,985560,75695982,75695982,76352814,656832,0,0,4,7,0,10,0,0,2,0,0,0,504,330016,0,327360,0,0,327680,0,0
2,13,2,256KiB,262144,2048,measured,3,172113,13,9,13,167000,163520,327040,330520,494040,71288686,71288686,71617838,329152,0,0,4,7,0,9,0,0,2,0,0,0,504,166176,0,163520,0,0,163840,0,0
2,13,3,1MiB,1048576,8192,measured,3,731490,13,11,13,658520,655040,1310080,1313560,1968600,84510574,84510574,85822766,1312192,0,0,4,7,0,11,0,0,2,0,0,0,504,657696,0,655040,0,0,655360,0,0
2,13,4,8MiB,8388608,65536,measured,3,12669923,13,14,13,5246040,5242560,10485120,10488600,15731160,207914862,207914862,218402094,10487232,0,0,4,7,0,14,0,0,2,0,0,0,504,5245216,0,5242560,0,0,5242880,0,0
2,13,5,16MiB,16777216,131072,measured,3,27234114,13,15,13,10488920,10485440,20970880,20974360,31459800,348948334,348948334,369921326,20972992,0,0,4,7,0,15,0,0,2,0,0,0,504,10488096,0,10485440,0,0,10485760,0,0
2,13,6,4MiB,4194304,32768,measured,3,4719038,13,13,13,2624600,2621120,5242240,5245720,7866840,137398126,137398126,142642478,5244352,0,0,4,7,0,13,0,0,2,0,0,0,504,2623776,0,2621120,0,0,2621440,0,0
2,13,7,128KiB,131072,1024,measured,3,90050,13,8,13,85080,81600,163200,166680,248280,69085038,69085038,69250350,165312,0,0,4,7,0,8,0,0,2,0,0,0,504,84256,0,81600,0,0,81920,0,0
2,14,0,1MiB,1048576,8192,measured,4,698166,13,11,13,658520,655040,1310080,1313560,1968600,84510574,84510574,85822766,1312192,0,0,4,7,0,11,0,0,2,0,0,0,504,657696,0,655040,0,0,655360,0,0
2,14,1,16MiB,16777216,131072,measured,4,26923584,13,15,13,10488920,10485440,20970880,20974360,31459800,348948334,348948334,369921326,20972992,0,0,4,7,0,15,0,0,2,0,0,0,504,10488096,0,10485440,0,0,10485760,0,0
2,14,2,512KiB,524288,4096,measured,4,355626,13,10,13,330840,327360,654720,658200,985560,75695982,75695982,76352814,656832,0,0,4,7,0,10,0,0,2,0,0,0,504,330016,0,327360,0,0,327680,0,0
2,14,3,256KiB,262144,2048,measured,4,173246,13,9,13,167000,163520,327040,330520,494040,71288686,71288686,71617838,329152,0,0,4,7,0,9,0,0,2,0,0,0,504,166176,0,163520,0,0,163840,0,0
2,14,4,128KiB,131072,1024,measured,4,86872,13,8,13,85080,81600,163200,166680,248280,69085038,69085038,69250350,165312,0,0,4,7,0,8,0,0,2,0,0,0,504,84256,0,81600,0,0,81920,0,0
2,14,5,2MiB,2097152,16384,measured,4,1586649,13,12,13,1313880,1310400,2620800,2624280,3934680,102139758,102139758,104762670,2622912,0,0,4,7,0,12,0,0,2,0,0,0,504,1313056,0,1310400,0,0,1310720,0,0
2,14,6,4MiB,4194304,32768,measured,4,5471289,13,13,13,2624600,2621120,5242240,5245720,7866840,137398126,137398126,142642478,5244352,0,0,4,7,0,13,0,0,2,0,0,0,504,2623776,0,2621120,0,0,2621440,0,0
2,14,7,8MiB,8388608,65536,measured,4,12824574,13,14,13,5246040,5242560,10485120,10488600,15731160,207914862,207914862,218402094,10487232,0,0,4,7,0,14,0,0,2,0,0,0,504,5245216,0,5242560,0,0,5242880,0,0
2,15,0,8MiB,8388608,65536,measured,5,13009832,13,14,13,5246040,5242560,10485120,10488600,15731160,207914862,207914862,218402094,10487232,0,0,4,7,0,14,0,0,2,0,0,0,504,5245216,0,5242560,0,0,5242880,0,0
2,15,1,16MiB,16777216,131072,measured,5,26915573,13,15,13,10488920,10485440,20970880,20974360,31459800,348948334,348948334,369921326,20972992,0,0,4,7,0,15,0,0,2,0,0,0,504,10488096,0,10485440,0,0,10485760,0,0
2,15,2,512KiB,524288,4096,measured,5,351084,13,10,13,330840,327360,654720,658200,985560,75695982,75695982,76352814,656832,0,0,4,7,0,10,0,0,2,0,0,0,504,330016,0,327360,0,0,327680,0,0
2,15,3,256KiB,262144,2048,measured,5,171812,13,9,13,167000,163520,327040,330520,494040,71288686,71288686,71617838,329152,0,0,4,7,0,9,0,0,2,0,0,0,504,166176,0,163520,0,0,163840,0,0
2,15,4,2MiB,2097152,16384,measured,5,1606072,13,12,13,1313880,1310400,2620800,2624280,3934680,102139758,102139758,104762670,2622912,0,0,4,7,0,12,0,0,2,0,0,0,504,1313056,0,1310400,0,0,1310720,0,0
2,15,5,1MiB,1048576,8192,measured,5,711477,13,11,13,658520,655040,1310080,1313560,1968600,84510574,84510574,85822766,1312192,0,0,4,7,0,11,0,0,2,0,0,0,504,657696,0,655040,0,0,655360,0,0
2,15,6,4MiB,4194304,32768,measured,5,5399858,13,13,13,2624600,2621120,5242240,5245720,7866840,137398126,137398126,142642478,5244352,0,0,4,7,0,13,0,0,2,0,0,0,504,2623776,0,2621120,0,0,2621440,0,0
2,15,7,128KiB,131072,1024,measured,5,91917,13,8,13,85080,81600,163200,166680,248280,69085038,69085038,69250350,165312,0,0,4,7,0,8,0,0,2,0,0,0,504,84256,0,81600,0,0,81920,0,0
2,16,0,1MiB,1048576,8192,measured,6,707286,13,11,13,658520,655040,1310080,1313560,1968600,84510574,84510574,85822766,1312192,0,0,4,7,0,11,0,0,2,0,0,0,504,657696,0,655040,0,0,655360,0,0
2,16,1,4MiB,4194304,32768,measured,6,5044968,13,13,13,2624600,2621120,5242240,5245720,7866840,137398126,137398126,142642478,5244352,0,0,4,7,0,13,0,0,2,0,0,0,504,2623776,0,2621120,0,0,2621440,0,0
2,16,2,512KiB,524288,4096,measured,6,370382,13,10,13,330840,327360,654720,658200,985560,75695982,75695982,76352814,656832,0,0,4,7,0,10,0,0,2,0,0,0,504,330016,0,327360,0,0,327680,0,0
2,16,3,8MiB,8388608,65536,measured,6,13015780,13,14,13,5246040,5242560,10485120,10488600,15731160,207914862,207914862,218402094,10487232,0,0,4,7,0,14,0,0,2,0,0,0,504,5245216,0,5242560,0,0,5242880,0,0
2,16,4,128KiB,131072,1024,measured,6,91060,13,8,13,85080,81600,163200,166680,248280,69085038,69085038,69250350,165312,0,0,4,7,0,8,0,0,2,0,0,0,504,84256,0,81600,0,0,81920,0,0
2,16,5,2MiB,2097152,16384,measured,6,1557409,13,12,13,1313880,1310400,2620800,2624280,3934680,102139758,102139758,104762670,2622912,0,0,4,7,0,12,0,0,2,0,0,0,504,1313056,0,1310400,0,0,1310720,0,0
2,16,6,16MiB,16777216,131072,measured,6,25783581,13,15,13,10488920,10485440,20970880,20974360,31459800,348948334,348948334,369921326,20972992,0,0,4,7,0,15,0,0,2,0,0,0,504,10488096,0,10485440,0,0,10485760,0,0
2,16,7,256KiB,262144,2048,measured,6,177730,13,9,13,167000,163520,327040,330520,494040,71288686,71288686,71617838,329152,0,0,4,7,0,9,0,0,2,0,0,0,504,166176,0,163520,0,0,163840,0,0
2,17,0,512KiB,524288,4096,measured,7,350041,13,10,13,330840,327360,654720,658200,985560,75695982,75695982,76352814,656832,0,0,4,7,0,10,0,0,2,0,0,0,504,330016,0,327360,0,0,327680,0,0
2,17,1,16MiB,16777216,131072,measured,7,24779433,13,15,13,10488920,10485440,20970880,20974360,31459800,348948334,348948334,369921326,20972992,0,0,4,7,0,15,0,0,2,0,0,0,504,10488096,0,10485440,0,0,10485760,0,0
2,17,2,256KiB,262144,2048,measured,7,175904,13,9,13,167000,163520,327040,330520,494040,71288686,71288686,71617838,329152,0,0,4,7,0,9,0,0,2,0,0,0,504,166176,0,163520,0,0,163840,0,0
2,17,3,8MiB,8388608,65536,measured,7,11864773,13,14,13,5246040,5242560,10485120,10488600,15731160,207914862,207914862,218402094,10487232,0,0,4,7,0,14,0,0,2,0,0,0,504,5245216,0,5242560,0,0,5242880,0,0
2,17,4,128KiB,131072,1024,measured,7,89602,13,8,13,85080,81600,163200,166680,248280,69085038,69085038,69250350,165312,0,0,4,7,0,8,0,0,2,0,0,0,504,84256,0,81600,0,0,81920,0,0
2,17,5,4MiB,4194304,32768,measured,7,5179888,13,13,13,2624600,2621120,5242240,5245720,7866840,137398126,137398126,142642478,5244352,0,0,4,7,0,13,0,0,2,0,0,0,504,2623776,0,2621120,0,0,2621440,0,0
2,17,6,2MiB,2097152,16384,measured,7,1619461,13,12,13,1313880,1310400,2620800,2624280,3934680,102139758,102139758,104762670,2622912,0,0,4,7,0,12,0,0,2,0,0,0,504,1313056,0,1310400,0,0,1310720,0,0
2,17,7,1MiB,1048576,8192,measured,7,712278,13,11,13,658520,655040,1310080,1313560,1968600,84510574,84510574,85822766,1312192,0,0,4,7,0,11,0,0,2,0,0,0,504,657696,0,655040,0,0,655360,0,0
2,18,0,2MiB,2097152,16384,measured,8,1559664,13,12,13,1313880,1310400,2620800,2624280,3934680,102139758,102139758,104762670,2622912,0,0,4,7,0,12,0,0,2,0,0,0,504,1313056,0,1310400,0,0,1310720,0,0
2,18,1,128KiB,131072,1024,measured,8,88448,13,8,13,85080,81600,163200,166680,248280,69085038,69085038,69250350,165312,0,0,4,7,0,8,0,0,2,0,0,0,504,84256,0,81600,0,0,81920,0,0
2,18,2,512KiB,524288,4096,measured,8,345381,13,10,13,330840,327360,654720,658200,985560,75695982,75695982,76352814,656832,0,0,4,7,0,10,0,0,2,0,0,0,504,330016,0,327360,0,0,327680,0,0
2,18,3,1MiB,1048576,8192,measured,8,707980,13,11,13,658520,655040,1310080,1313560,1968600,84510574,84510574,85822766,1312192,0,0,4,7,0,11,0,0,2,0,0,0,504,657696,0,655040,0,0,655360,0,0
2,18,4,4MiB,4194304,32768,measured,8,5410377,13,13,13,2624600,2621120,5242240,5245720,7866840,137398126,137398126,142642478,5244352,0,0,4,7,0,13,0,0,2,0,0,0,504,2623776,0,2621120,0,0,2621440,0,0
2,18,5,16MiB,16777216,131072,measured,8,26760449,13,15,13,10488920,10485440,20970880,20974360,31459800,348948334,348948334,369921326,20972992,0,0,4,7,0,15,0,0,2,0,0,0,504,10488096,0,10485440,0,0,10485760,0,0
2,18,6,256KiB,262144,2048,measured,8,179769,13,9,13,167000,163520,327040,330520,494040,71288686,71288686,71617838,329152,0,0,4,7,0,9,0,0,2,0,0,0,504,166176,0,163520,0,0,163840,0,0
2,18,7,8MiB,8388608,65536,measured,8,12158872,13,14,13,5246040,5242560,10485120,10488600,15731160,207914862,207914862,218402094,10487232,0,0,4,7,0,14,0,0,2,0,0,0,504,5245216,0,5242560,0,0,5242880,0,0
2,19,0,8MiB,8388608,65536,measured,9,11867899,13,14,13,5246040,5242560,10485120,10488600,15731160,207914862,207914862,218402094,10487232,0,0,4,7,0,14,0,0,2,0,0,0,504,5245216,0,5242560,0,0,5242880,0,0
2,19,1,512KiB,524288,4096,measured,9,370812,13,10,13,330840,327360,654720,658200,985560,75695982,75695982,76352814,656832,0,0,4,7,0,10,0,0,2,0,0,0,504,330016,0,327360,0,0,327680,0,0
2,19,2,4MiB,4194304,32768,measured,9,5251740,13,13,13,2624600,2621120,5242240,5245720,7866840,137398126,137398126,142642478,5244352,0,0,4,7,0,13,0,0,2,0,0,0,504,2623776,0,2621120,0,0,2621440,0,0
2,19,3,256KiB,262144,2048,measured,9,177837,13,9,13,167000,163520,327040,330520,494040,71288686,71288686,71617838,329152,0,0,4,7,0,9,0,0,2,0,0,0,504,166176,0,163520,0,0,163840,0,0
2,19,4,16MiB,16777216,131072,measured,9,27111144,13,15,13,10488920,10485440,20970880,20974360,31459800,348948334,348948334,369921326,20972992,0,0,4,7,0,15,0,0,2,0,0,0,504,10488096,0,10485440,0,0,10485760,0,0
2,19,5,2MiB,2097152,16384,measured,9,1649210,13,12,13,1313880,1310400,2620800,2624280,3934680,102139758,102139758,104762670,2622912,0,0,4,7,0,12,0,0,2,0,0,0,504,1313056,0,1310400,0,0,1310720,0,0
2,19,6,1MiB,1048576,8192,measured,9,715348,13,11,13,658520,655040,1310080,1313560,1968600,84510574,84510574,85822766,1312192,0,0,4,7,0,11,0,0,2,0,0,0,504,657696,0,655040,0,0,655360,0,0
2,19,7,128KiB,131072,1024,measured,9,90584,13,8,13,85080,81600,163200,166680,248280,69085038,69085038,69250350,165312,0,0,4,7,0,8,0,0,2,0,0,0,504,84256,0,81600,0,0,81920,0,0
2,20,0,512KiB,524288,4096,measured,10,351959,13,10,13,330840,327360,654720,658200,985560,75695982,75695982,76352814,656832,0,0,4,7,0,10,0,0,2,0,0,0,504,330016,0,327360,0,0,327680,0,0
2,20,1,2MiB,2097152,16384,measured,10,1630643,13,12,13,1313880,1310400,2620800,2624280,3934680,102139758,102139758,104762670,2622912,0,0,4,7,0,12,0,0,2,0,0,0,504,1313056,0,1310400,0,0,1310720,0,0
2,20,2,128KiB,131072,1024,measured,10,89684,13,8,13,85080,81600,163200,166680,248280,69085038,69085038,69250350,165312,0,0,4,7,0,8,0,0,2,0,0,0,504,84256,0,81600,0,0,81920,0,0
2,20,3,1MiB,1048576,8192,measured,10,706983,13,11,13,658520,655040,1310080,1313560,1968600,84510574,84510574,85822766,1312192,0,0,4,7,0,11,0,0,2,0,0,0,504,657696,0,655040,0,0,655360,0,0
2,20,4,256KiB,262144,2048,measured,10,177869,13,9,13,167000,163520,327040,330520,494040,71288686,71288686,71617838,329152,0,0,4,7,0,9,0,0,2,0,0,0,504,166176,0,163520,0,0,163840,0,0
2,20,5,4MiB,4194304,32768,measured,10,4875613,13,13,13,2624600,2621120,5242240,5245720,7866840,137398126,137398126,142642478,5244352,0,0,4,7,0,13,0,0,2,0,0,0,504,2623776,0,2621120,0,0,2621440,0,0
2,20,6,8MiB,8388608,65536,measured,10,12575761,13,14,13,5246040,5242560,10485120,10488600,15731160,207914862,207914862,218402094,10487232,0,0,4,7,0,14,0,0,2,0,0,0,504,5245216,0,5242560,0,0,5242880,0,0
2,20,7,16MiB,16777216,131072,measured,10,25459202,13,15,13,10488920,10485440,20970880,20974360,31459800,348948334,348948334,369921326,20972992,0,0,4,7,0,15,0,0,2,0,0,0,504,10488096,0,10485440,0,0,10485760,0,0
2,21,0,16MiB,16777216,131072,measured,11,25889977,13,15,13,10488920,10485440,20970880,20974360,31459800,348948334,348948334,369921326,20972992,0,0,4,7,0,15,0,0,2,0,0,0,504,10488096,0,10485440,0,0,10485760,0,0
2,21,1,128KiB,131072,1024,measured,11,89949,13,8,13,85080,81600,163200,166680,248280,69085038,69085038,69250350,165312,0,0,4,7,0,8,0,0,2,0,0,0,504,84256,0,81600,0,0,81920,0,0
2,21,2,256KiB,262144,2048,measured,11,175835,13,9,13,167000,163520,327040,330520,494040,71288686,71288686,71617838,329152,0,0,4,7,0,9,0,0,2,0,0,0,504,166176,0,163520,0,0,163840,0,0
2,21,3,8MiB,8388608,65536,measured,11,12575568,13,14,13,5246040,5242560,10485120,10488600,15731160,207914862,207914862,218402094,10487232,0,0,4,7,0,14,0,0,2,0,0,0,504,5245216,0,5242560,0,0,5242880,0,0
2,21,4,2MiB,2097152,16384,measured,11,1709657,13,12,13,1313880,1310400,2620800,2624280,3934680,102139758,102139758,104762670,2622912,0,0,4,7,0,12,0,0,2,0,0,0,504,1313056,0,1310400,0,0,1310720,0,0
2,21,5,1MiB,1048576,8192,measured,11,717791,13,11,13,658520,655040,1310080,1313560,1968600,84510574,84510574,85822766,1312192,0,0,4,7,0,11,0,0,2,0,0,0,504,657696,0,655040,0,0,655360,0,0
2,21,6,512KiB,524288,4096,measured,11,351677,13,10,13,330840,327360,654720,658200,985560,75695982,75695982,76352814,656832,0,0,4,7,0,10,0,0,2,0,0,0,504,330016,0,327360,0,0,327680,0,0
2,21,7,4MiB,4194304,32768,measured,11,5012457,13,13,13,2624600,2621120,5242240,5245720,7866840,137398126,137398126,142642478,5244352,0,0,4,7,0,13,0,0,2,0,0,0,504,2623776,0,2621120,0,0,2621440,0,0
2,22,0,8MiB,8388608,65536,measured,12,12575901,13,14,13,5246040,5242560,10485120,10488600,15731160,207914862,207914862,218402094,10487232,0,0,4,7,0,14,0,0,2,0,0,0,504,5245216,0,5242560,0,0,5242880,0,0
2,22,1,1MiB,1048576,8192,measured,12,708418,13,11,13,658520,655040,1310080,1313560,1968600,84510574,84510574,85822766,1312192,0,0,4,7,0,11,0,0,2,0,0,0,504,657696,0,655040,0,0,655360,0,0
2,22,2,16MiB,16777216,131072,measured,12,26601182,13,15,13,10488920,10485440,20970880,20974360,31459800,348948334,348948334,369921326,20972992,0,0,4,7,0,15,0,0,2,0,0,0,504,10488096,0,10485440,0,0,10485760,0,0
2,22,3,2MiB,2097152,16384,measured,12,1596076,13,12,13,1313880,1310400,2620800,2624280,3934680,102139758,102139758,104762670,2622912,0,0,4,7,0,12,0,0,2,0,0,0,504,1313056,0,1310400,0,0,1310720,0,0
2,22,4,256KiB,262144,2048,measured,12,180495,13,9,13,167000,163520,327040,330520,494040,71288686,71288686,71617838,329152,0,0,4,7,0,9,0,0,2,0,0,0,504,166176,0,163520,0,0,163840,0,0
2,22,5,512KiB,524288,4096,measured,12,344911,13,10,13,330840,327360,654720,658200,985560,75695982,75695982,76352814,656832,0,0,4,7,0,10,0,0,2,0,0,0,504,330016,0,327360,0,0,327680,0,0
2,22,6,4MiB,4194304,32768,measured,12,5523864,13,13,13,2624600,2621120,5242240,5245720,7866840,137398126,137398126,142642478,5244352,0,0,4,7,0,13,0,0,2,0,0,0,504,2623776,0,2621120,0,0,2621440,0,0
2,22,7,128KiB,131072,1024,measured,12,89973,13,8,13,85080,81600,163200,166680,248280,69085038,69085038,69250350,165312,0,0,4,7,0,8,0,0,2,0,0,0,504,84256,0,81600,0,0,81920,0,0
2,23,0,8MiB,8388608,65536,measured,13,12482113,13,14,13,5246040,5242560,10485120,10488600,15731160,207914862,207914862,218402094,10487232,0,0,4,7,0,14,0,0,2,0,0,0,504,5245216,0,5242560,0,0,5242880,0,0
2,23,1,512KiB,524288,4096,measured,13,357913,13,10,13,330840,327360,654720,658200,985560,75695982,75695982,76352814,656832,0,0,4,7,0,10,0,0,2,0,0,0,504,330016,0,327360,0,0,327680,0,0
2,23,2,256KiB,262144,2048,measured,13,172103,13,9,13,167000,163520,327040,330520,494040,71288686,71288686,71617838,329152,0,0,4,7,0,9,0,0,2,0,0,0,504,166176,0,163520,0,0,163840,0,0
2,23,3,1MiB,1048576,8192,measured,13,733126,13,11,13,658520,655040,1310080,1313560,1968600,84510574,84510574,85822766,1312192,0,0,4,7,0,11,0,0,2,0,0,0,504,657696,0,655040,0,0,655360,0,0
2,23,4,4MiB,4194304,32768,measured,13,4802910,13,13,13,2624600,2621120,5242240,5245720,7866840,137398126,137398126,142642478,5244352,0,0,4,7,0,13,0,0,2,0,0,0,504,2623776,0,2621120,0,0,2621440,0,0
2,23,5,16MiB,16777216,131072,measured,13,26048207,13,15,13,10488920,10485440,20970880,20974360,31459800,348948334,348948334,369921326,20972992,0,0,4,7,0,15,0,0,2,0,0,0,504,10488096,0,10485440,0,0,10485760,0,0
2,23,6,2MiB,2097152,16384,measured,13,1619329,13,12,13,1313880,1310400,2620800,2624280,3934680,102139758,102139758,104762670,2622912,0,0,4,7,0,12,0,0,2,0,0,0,504,1313056,0,1310400,0,0,1310720,0,0
2,23,7,128KiB,131072,1024,measured,13,89980,13,8,13,85080,81600,163200,166680,248280,69085038,69085038,69250350,165312,0,0,4,7,0,8,0,0,2,0,0,0,504,84256,0,81600,0,0,81920,0,0
2,24,0,2MiB,2097152,16384,measured,14,1653370,13,12,13,1313880,1310400,2620800,2624280,3934680,102139758,102139758,104762670,2622912,0,0,4,7,0,12,0,0,2,0,0,0,504,1313056,0,1310400,0,0,1310720,0,0
2,24,1,4MiB,4194304,32768,measured,14,5545709,13,13,13,2624600,2621120,5242240,5245720,7866840,137398126,137398126,142642478,5244352,0,0,4,7,0,13,0,0,2,0,0,0,504,2623776,0,2621120,0,0,2621440,0,0
2,24,2,1MiB,1048576,8192,measured,14,701166,13,11,13,658520,655040,1310080,1313560,1968600,84510574,84510574,85822766,1312192,0,0,4,7,0,11,0,0,2,0,0,0,504,657696,0,655040,0,0,655360,0,0
2,24,3,256KiB,262144,2048,measured,14,171996,13,9,13,167000,163520,327040,330520,494040,71288686,71288686,71617838,329152,0,0,4,7,0,9,0,0,2,0,0,0,504,166176,0,163520,0,0,163840,0,0
2,24,4,8MiB,8388608,65536,measured,14,12334582,13,14,13,5246040,5242560,10485120,10488600,15731160,207914862,207914862,218402094,10487232,0,0,4,7,0,14,0,0,2,0,0,0,504,5245216,0,5242560,0,0,5242880,0,0
2,24,5,16MiB,16777216,131072,measured,14,26104307,13,15,13,10488920,10485440,20970880,20974360,31459800,348948334,348948334,369921326,20972992,0,0,4,7,0,15,0,0,2,0,0,0,504,10488096,0,10485440,0,0,10485760,0,0
2,24,6,128KiB,131072,1024,measured,14,90238,13,8,13,85080,81600,163200,166680,248280,69085038,69085038,69250350,165312,0,0,4,7,0,8,0,0,2,0,0,0,504,84256,0,81600,0,0,81920,0,0
2,24,7,512KiB,524288,4096,measured,14,353213,13,10,13,330840,327360,654720,658200,985560,75695982,75695982,76352814,656832,0,0,4,7,0,10,0,0,2,0,0,0,504,330016,0,327360,0,0,327680,0,0
2,25,0,16MiB,16777216,131072,measured,15,26848313,13,15,13,10488920,10485440,20970880,20974360,31459800,348948334,348948334,369921326,20972992,0,0,4,7,0,15,0,0,2,0,0,0,504,10488096,0,10485440,0,0,10485760,0,0
2,25,1,1MiB,1048576,8192,measured,15,724551,13,11,13,658520,655040,1310080,1313560,1968600,84510574,84510574,85822766,1312192,0,0,4,7,0,11,0,0,2,0,0,0,504,657696,0,655040,0,0,655360,0,0
2,25,2,256KiB,262144,2048,measured,15,172422,13,9,13,167000,163520,327040,330520,494040,71288686,71288686,71617838,329152,0,0,4,7,0,9,0,0,2,0,0,0,504,166176,0,163520,0,0,163840,0,0
2,25,3,512KiB,524288,4096,measured,15,348504,13,10,13,330840,327360,654720,658200,985560,75695982,75695982,76352814,656832,0,0,4,7,0,10,0,0,2,0,0,0,504,330016,0,327360,0,0,327680,0,0
2,25,4,2MiB,2097152,16384,measured,15,1631642,13,12,13,1313880,1310400,2620800,2624280,3934680,102139758,102139758,104762670,2622912,0,0,4,7,0,12,0,0,2,0,0,0,504,1313056,0,1310400,0,0,1310720,0,0
2,25,5,8MiB,8388608,65536,measured,15,12332119,13,14,13,5246040,5242560,10485120,10488600,15731160,207914862,207914862,218402094,10487232,0,0,4,7,0,14,0,0,2,0,0,0,504,5245216,0,5242560,0,0,5242880,0,0
2,25,6,4MiB,4194304,32768,measured,15,5214416,13,13,13,2624600,2621120,5242240,5245720,7866840,137398126,137398126,142642478,5244352,0,0,4,7,0,13,0,0,2,0,0,0,504,2623776,0,2621120,0,0,2621440,0,0
2,25,7,128KiB,131072,1024,measured,15,94489,13,8,13,85080,81600,163200,166680,248280,69085038,69085038,69250350,165312,0,0,4,7,0,8,0,0,2,0,0,0,504,84256,0,81600,0,0,81920,0,0
2,26,0,512KiB,524288,4096,measured,16,361840,13,10,13,330840,327360,654720,658200,985560,75695982,75695982,76352814,656832,0,0,4,7,0,10,0,0,2,0,0,0,504,330016,0,327360,0,0,327680,0,0
2,26,1,8MiB,8388608,65536,measured,16,12169351,13,14,13,5246040,5242560,10485120,10488600,15731160,207914862,207914862,218402094,10487232,0,0,4,7,0,14,0,0,2,0,0,0,504,5245216,0,5242560,0,0,5242880,0,0
2,26,2,2MiB,2097152,16384,measured,16,1595475,13,12,13,1313880,1310400,2620800,2624280,3934680,102139758,102139758,104762670,2622912,0,0,4,7,0,12,0,0,2,0,0,0,504,1313056,0,1310400,0,0,1310720,0,0
2,26,3,256KiB,262144,2048,measured,16,177071,13,9,13,167000,163520,327040,330520,494040,71288686,71288686,71617838,329152,0,0,4,7,0,9,0,0,2,0,0,0,504,166176,0,163520,0,0,163840,0,0
2,26,4,1MiB,1048576,8192,measured,16,717533,13,11,13,658520,655040,1310080,1313560,1968600,84510574,84510574,85822766,1312192,0,0,4,7,0,11,0,0,2,0,0,0,504,657696,0,655040,0,0,655360,0,0
2,26,5,16MiB,16777216,131072,measured,16,25721055,13,15,13,10488920,10485440,20970880,20974360,31459800,348948334,348948334,369921326,20972992,0,0,4,7,0,15,0,0,2,0,0,0,504,10488096,0,10485440,0,0,10485760,0,0
2,26,6,128KiB,131072,1024,measured,16,90331,13,8,13,85080,81600,163200,166680,248280,69085038,69085038,69250350,165312,0,0,4,7,0,8,0,0,2,0,0,0,504,84256,0,81600,0,0,81920,0,0
2,26,7,4MiB,4194304,32768,measured,16,5392299,13,13,13,2624600,2621120,5242240,5245720,7866840,137398126,137398126,142642478,5244352,0,0,4,7,0,13,0,0,2,0,0,0,504,2623776,0,2621120,0,0,2621440,0,0
2,27,0,128KiB,131072,1024,measured,17,89924,13,8,13,85080,81600,163200,166680,248280,69085038,69085038,69250350,165312,0,0,4,7,0,8,0,0,2,0,0,0,504,84256,0,81600,0,0,81920,0,0
2,27,1,2MiB,2097152,16384,measured,17,1919403,13,12,13,1313880,1310400,2620800,2624280,3934680,102139758,102139758,104762670,2622912,0,0,4,7,0,12,0,0,2,0,0,0,504,1313056,0,1310400,0,0,1310720,0,0
2,27,2,1MiB,1048576,8192,measured,17,711366,13,11,13,658520,655040,1310080,1313560,1968600,84510574,84510574,85822766,1312192,0,0,4,7,0,11,0,0,2,0,0,0,504,657696,0,655040,0,0,655360,0,0
2,27,3,8MiB,8388608,65536,measured,17,12301157,13,14,13,5246040,5242560,10485120,10488600,15731160,207914862,207914862,218402094,10487232,0,0,4,7,0,14,0,0,2,0,0,0,504,5245216,0,5242560,0,0,5242880,0,0
2,27,4,256KiB,262144,2048,measured,17,185007,13,9,13,167000,163520,327040,330520,494040,71288686,71288686,71617838,329152,0,0,4,7,0,9,0,0,2,0,0,0,504,166176,0,163520,0,0,163840,0,0
2,27,5,512KiB,524288,4096,measured,17,347649,13,10,13,330840,327360,654720,658200,985560,75695982,75695982,76352814,656832,0,0,4,7,0,10,0,0,2,0,0,0,504,330016,0,327360,0,0,327680,0,0
2,27,6,16MiB,16777216,131072,measured,17,26369468,13,15,13,10488920,10485440,20970880,20974360,31459800,348948334,348948334,369921326,20972992,0,0,4,7,0,15,0,0,2,0,0,0,504,10488096,0,10485440,0,0,10485760,0,0
2,27,7,4MiB,4194304,32768,measured,17,5020333,13,13,13,2624600,2621120,5242240,5245720,7866840,137398126,137398126,142642478,5244352,0,0,4,7,0,13,0,0,2,0,0,0,504,2623776,0,2621120,0,0,2621440,0,0
2,28,0,256KiB,262144,2048,measured,18,177359,13,9,13,167000,163520,327040,330520,494040,71288686,71288686,71617838,329152,0,0,4,7,0,9,0,0,2,0,0,0,504,166176,0,163520,0,0,163840,0,0
2,28,1,16MiB,16777216,131072,measured,18,25747008,13,15,13,10488920,10485440,20970880,20974360,31459800,348948334,348948334,369921326,20972992,0,0,4,7,0,15,0,0,2,0,0,0,504,10488096,0,10485440,0,0,10485760,0,0
2,28,2,1MiB,1048576,8192,measured,18,715656,13,11,13,658520,655040,1310080,1313560,1968600,84510574,84510574,85822766,1312192,0,0,4,7,0,11,0,0,2,0,0,0,504,657696,0,655040,0,0,655360,0,0
2,28,3,8MiB,8388608,65536,measured,18,12591571,13,14,13,5246040,5242560,10485120,10488600,15731160,207914862,207914862,218402094,10487232,0,0,4,7,0,14,0,0,2,0,0,0,504,5245216,0,5242560,0,0,5242880,0,0
2,28,4,512KiB,524288,4096,measured,18,363897,13,10,13,330840,327360,654720,658200,985560,75695982,75695982,76352814,656832,0,0,4,7,0,10,0,0,2,0,0,0,504,330016,0,327360,0,0,327680,0,0
2,28,5,4MiB,4194304,32768,measured,18,4406879,13,13,13,2624600,2621120,5242240,5245720,7866840,137398126,137398126,142642478,5244352,0,0,4,7,0,13,0,0,2,0,0,0,504,2623776,0,2621120,0,0,2621440,0,0
2,28,6,128KiB,131072,1024,measured,18,90993,13,8,13,85080,81600,163200,166680,248280,69085038,69085038,69250350,165312,0,0,4,7,0,8,0,0,2,0,0,0,504,84256,0,81600,0,0,81920,0,0
2,28,7,2MiB,2097152,16384,measured,18,1717744,13,12,13,1313880,1310400,2620800,2624280,3934680,102139758,102139758,104762670,2622912,0,0,4,7,0,12,0,0,2,0,0,0,504,1313056,0,1310400,0,0,1310720,0,0
2,29,0,16MiB,16777216,131072,measured,19,26713522,13,15,13,10488920,10485440,20970880,20974360,31459800,348948334,348948334,369921326,20972992,0,0,4,7,0,15,0,0,2,0,0,0,504,10488096,0,10485440,0,0,10485760,0,0
2,29,1,4MiB,4194304,32768,measured,19,4648138,13,13,13,2624600,2621120,5242240,5245720,7866840,137398126,137398126,142642478,5244352,0,0,4,7,0,13,0,0,2,0,0,0,504,2623776,0,2621120,0,0,2621440,0,0
2,29,2,2MiB,2097152,16384,measured,19,1577778,13,12,13,1313880,1310400,2620800,2624280,3934680,102139758,102139758,104762670,2622912,0,0,4,7,0,12,0,0,2,0,0,0,504,1313056,0,1310400,0,0,1310720,0,0
2,29,3,256KiB,262144,2048,measured,19,177410,13,9,13,167000,163520,327040,330520,494040,71288686,71288686,71617838,329152,0,0,4,7,0,9,0,0,2,0,0,0,504,166176,0,163520,0,0,163840,0,0
2,29,4,8MiB,8388608,65536,measured,19,12180877,13,14,13,5246040,5242560,10485120,10488600,15731160,207914862,207914862,218402094,10487232,0,0,4,7,0,14,0,0,2,0,0,0,504,5245216,0,5242560,0,0,5242880,0,0
2,29,5,128KiB,131072,1024,measured,19,89507,13,8,13,85080,81600,163200,166680,248280,69085038,69085038,69250350,165312,0,0,4,7,0,8,0,0,2,0,0,0,504,84256,0,81600,0,0,81920,0,0
2,29,6,512KiB,524288,4096,measured,19,352417,13,10,13,330840,327360,654720,658200,985560,75695982,75695982,76352814,656832,0,0,4,7,0,10,0,0,2,0,0,0,504,330016,0,327360,0,0,327680,0,0
2,29,7,1MiB,1048576,8192,measured,19,710859,13,11,13,658520,655040,1310080,1313560,1968600,84510574,84510574,85822766,1312192,0,0,4,7,0,11,0,0,2,0,0,0,504,657696,0,655040,0,0,655360,0,0
2,30,0,1MiB,1048576,8192,measured,20,701256,13,11,13,658520,655040,1310080,1313560,1968600,84510574,84510574,85822766,1312192,0,0,4,7,0,11,0,0,2,0,0,0,504,657696,0,655040,0,0,655360,0,0
2,30,1,4MiB,4194304,32768,measured,20,4555055,13,13,13,2624600,2621120,5242240,5245720,7866840,137398126,137398126,142642478,5244352,0,0,4,7,0,13,0,0,2,0,0,0,504,2623776,0,2621120,0,0,2621440,0,0
2,30,2,256KiB,262144,2048,measured,20,178689,13,9,13,167000,163520,327040,330520,494040,71288686,71288686,71617838,329152,0,0,4,7,0,9,0,0,2,0,0,0,504,166176,0,163520,0,0,163840,0,0
2,30,3,128KiB,131072,1024,measured,20,86534,13,8,13,85080,81600,163200,166680,248280,69085038,69085038,69250350,165312,0,0,4,7,0,8,0,0,2,0,0,0,504,84256,0,81600,0,0,81920,0,0
2,30,4,8MiB,8388608,65536,measured,20,12151467,13,14,13,5246040,5242560,10485120,10488600,15731160,207914862,207914862,218402094,10487232,0,0,4,7,0,14,0,0,2,0,0,0,504,5245216,0,5242560,0,0,5242880,0,0
2,30,5,512KiB,524288,4096,measured,20,353918,13,10,13,330840,327360,654720,658200,985560,75695982,75695982,76352814,656832,0,0,4,7,0,10,0,0,2,0,0,0,504,330016,0,327360,0,0,327680,0,0
2,30,6,16MiB,16777216,131072,measured,20,26664635,13,15,13,10488920,10485440,20970880,20974360,31459800,348948334,348948334,369921326,20972992,0,0,4,7,0,15,0,0,2,0,0,0,504,10488096,0,10485440,0,0,10485760,0,0
2,30,7,2MiB,2097152,16384,measured,20,1585401,13,12,13,1313880,1310400,2620800,2624280,3934680,102139758,102139758,104762670,2622912,0,0,4,7,0,12,0,0,2,0,0,0,504,1313056,0,1310400,0,0,1310720,0,0
2,31,0,256KiB,262144,2048,measured,21,175606,13,9,13,167000,163520,327040,330520,494040,71288686,71288686,71617838,329152,0,0,4,7,0,9,0,0,2,0,0,0,504,166176,0,163520,0,0,163840,0,0
2,31,1,1MiB,1048576,8192,measured,21,707630,13,11,13,658520,655040,1310080,1313560,1968600,84510574,84510574,85822766,1312192,0,0,4,7,0,11,0,0,2,0,0,0,504,657696,0,655040,0,0,655360,0,0
2,31,2,8MiB,8388608,65536,measured,21,12136687,13,14,13,5246040,5242560,10485120,10488600,15731160,207914862,207914862,218402094,10487232,0,0,4,7,0,14,0,0,2,0,0,0,504,5245216,0,5242560,0,0,5242880,0,0
2,31,3,2MiB,2097152,16384,measured,21,1587618,13,12,13,1313880,1310400,2620800,2624280,3934680,102139758,102139758,104762670,2622912,0,0,4,7,0,12,0,0,2,0,0,0,504,1313056,0,1310400,0,0,1310720,0,0
2,31,4,512KiB,524288,4096,measured,21,353162,13,10,13,330840,327360,654720,658200,985560,75695982,75695982,76352814,656832,0,0,4,7,0,10,0,0,2,0,0,0,504,330016,0,327360,0,0,327680,0,0
2,31,5,4MiB,4194304,32768,measured,21,4635895,13,13,13,2624600,2621120,5242240,5245720,7866840,137398126,137398126,142642478,5244352,0,0,4,7,0,13,0,0,2,0,0,0,504,2623776,0,2621120,0,0,2621440,0,0
2,31,6,128KiB,131072,1024,measured,21,94874,13,8,13,85080,81600,163200,166680,248280,69085038,69085038,69250350,165312,0,0,4,7,0,8,0,0,2,0,0,0,504,84256,0,81600,0,0,81920,0,0
2,31,7,16MiB,16777216,131072,measured,21,26964645,13,15,13,10488920,10485440,20970880,20974360,31459800,348948334,348948334,369921326,20972992,0,0,4,7,0,15,0,0,2,0,0,0,504,10488096,0,10485440,0,0,10485760,0,0
2,32,0,256KiB,262144,2048,measured,22,178225,13,9,13,167000,163520,327040,330520,494040,71288686,71288686,71617838,329152,0,0,4,7,0,9,0,0,2,0,0,0,504,166176,0,163520,0,0,163840,0,0
2,32,1,8MiB,8388608,65536,measured,22,12467407,13,14,13,5246040,5242560,10485120,10488600,15731160,207914862,207914862,218402094,10487232,0,0,4,7,0,14,0,0,2,0,0,0,504,5245216,0,5242560,0,0,5242880,0,0
2,32,2,2MiB,2097152,16384,measured,22,1817731,13,12,13,1313880,1310400,2620800,2624280,3934680,102139758,102139758,104762670,2622912,0,0,4,7,0,12,0,0,2,0,0,0,504,1313056,0,1310400,0,0,1310720,0,0
2,32,3,4MiB,4194304,32768,measured,22,4916668,13,13,13,2624600,2621120,5242240,5245720,7866840,137398126,137398126,142642478,5244352,0,0,4,7,0,13,0,0,2,0,0,0,504,2623776,0,2621120,0,0,2621440,0,0
2,32,4,1MiB,1048576,8192,measured,22,742916,13,11,13,658520,655040,1310080,1313560,1968600,84510574,84510574,85822766,1312192,0,0,4,7,0,11,0,0,2,0,0,0,504,657696,0,655040,0,0,655360,0,0
2,32,5,128KiB,131072,1024,measured,22,87083,13,8,13,85080,81600,163200,166680,248280,69085038,69085038,69250350,165312,0,0,4,7,0,8,0,0,2,0,0,0,504,84256,0,81600,0,0,81920,0,0
2,32,6,16MiB,16777216,131072,measured,22,27176728,13,15,13,10488920,10485440,20970880,20974360,31459800,348948334,348948334,369921326,20972992,0,0,4,7,0,15,0,0,2,0,0,0,504,10488096,0,10485440,0,0,10485760,0,0
2,32,7,512KiB,524288,4096,measured,22,355542,13,10,13,330840,327360,654720,658200,985560,75695982,75695982,76352814,656832,0,0,4,7,0,10,0,0,2,0,0,0,504,330016,0,327360,0,0,327680,0,0
2,33,0,8MiB,8388608,65536,measured,23,12085242,13,14,13,5246040,5242560,10485120,10488600,15731160,207914862,207914862,218402094,10487232,0,0,4,7,0,14,0,0,2,0,0,0,504,5245216,0,5242560,0,0,5242880,0,0
2,33,1,1MiB,1048576,8192,measured,23,711228,13,11,13,658520,655040,1310080,1313560,1968600,84510574,84510574,85822766,1312192,0,0,4,7,0,11,0,0,2,0,0,0,504,657696,0,655040,0,0,655360,0,0
2,33,2,4MiB,4194304,32768,measured,23,4428877,13,13,13,2624600,2621120,5242240,5245720,7866840,137398126,137398126,142642478,5244352,0,0,4,7,0,13,0,0,2,0,0,0,504,2623776,0,2621120,0,0,2621440,0,0
2,33,3,16MiB,16777216,131072,measured,23,26764174,13,15,13,10488920,10485440,20970880,20974360,31459800,348948334,348948334,369921326,20972992,0,0,4,7,0,15,0,0,2,0,0,0,504,10488096,0,10485440,0,0,10485760,0,0
2,33,4,512KiB,524288,4096,measured,23,357384,13,10,13,330840,327360,654720,658200,985560,75695982,75695982,76352814,656832,0,0,4,7,0,10,0,0,2,0,0,0,504,330016,0,327360,0,0,327680,0,0
2,33,5,2MiB,2097152,16384,measured,23,1662393,13,12,13,1313880,1310400,2620800,2624280,3934680,102139758,102139758,104762670,2622912,0,0,4,7,0,12,0,0,2,0,0,0,504,1313056,0,1310400,0,0,1310720,0,0
2,33,6,256KiB,262144,2048,measured,23,182387,13,9,13,167000,163520,327040,330520,494040,71288686,71288686,71617838,329152,0,0,4,7,0,9,0,0,2,0,0,0,504,166176,0,163520,0,0,163840,0,0
2,33,7,128KiB,131072,1024,measured,23,85516,13,8,13,85080,81600,163200,166680,248280,69085038,69085038,69250350,165312,0,0,4,7,0,8,0,0,2,0,0,0,504,84256,0,81600,0,0,81920,0,0
2,34,0,16MiB,16777216,131072,measured,24,26551852,13,15,13,10488920,10485440,20970880,20974360,31459800,348948334,348948334,369921326,20972992,0,0,4,7,0,15,0,0,2,0,0,0,504,10488096,0,10485440,0,0,10485760,0,0
2,34,1,512KiB,524288,4096,measured,24,350992,13,10,13,330840,327360,654720,658200,985560,75695982,75695982,76352814,656832,0,0,4,7,0,10,0,0,2,0,0,0,504,330016,0,327360,0,0,327680,0,0
2,34,2,256KiB,262144,2048,measured,24,173603,13,9,13,167000,163520,327040,330520,494040,71288686,71288686,71617838,329152,0,0,4,7,0,9,0,0,2,0,0,0,504,166176,0,163520,0,0,163840,0,0
2,34,3,4MiB,4194304,32768,measured,24,4483002,13,13,13,2624600,2621120,5242240,5245720,7866840,137398126,137398126,142642478,5244352,0,0,4,7,0,13,0,0,2,0,0,0,504,2623776,0,2621120,0,0,2621440,0,0
2,34,4,1MiB,1048576,8192,measured,24,705494,13,11,13,658520,655040,1310080,1313560,1968600,84510574,84510574,85822766,1312192,0,0,4,7,0,11,0,0,2,0,0,0,504,657696,0,655040,0,0,655360,0,0
2,34,5,8MiB,8388608,65536,measured,24,12880146,13,14,13,5246040,5242560,10485120,10488600,15731160,207914862,207914862,218402094,10487232,0,0,4,7,0,14,0,0,2,0,0,0,504,5245216,0,5242560,0,0,5242880,0,0
2,34,6,2MiB,2097152,16384,measured,24,1579614,13,12,13,1313880,1310400,2620800,2624280,3934680,102139758,102139758,104762670,2622912,0,0,4,7,0,12,0,0,2,0,0,0,504,1313056,0,1310400,0,0,1310720,0,0
2,34,7,128KiB,131072,1024,measured,24,88743,13,8,13,85080,81600,163200,166680,248280,69085038,69085038,69250350,165312,0,0,4,7,0,8,0,0,2,0,0,0,504,84256,0,81600,0,0,81920,0,0
2,35,0,2MiB,2097152,16384,measured,25,1614491,13,12,13,1313880,1310400,2620800,2624280,3934680,102139758,102139758,104762670,2622912,0,0,4,7,0,12,0,0,2,0,0,0,504,1313056,0,1310400,0,0,1310720,0,0
2,35,1,8MiB,8388608,65536,measured,25,12241422,13,14,13,5246040,5242560,10485120,10488600,15731160,207914862,207914862,218402094,10487232,0,0,4,7,0,14,0,0,2,0,0,0,504,5245216,0,5242560,0,0,5242880,0,0
2,35,2,256KiB,262144,2048,measured,25,178513,13,9,13,167000,163520,327040,330520,494040,71288686,71288686,71617838,329152,0,0,4,7,0,9,0,0,2,0,0,0,504,166176,0,163520,0,0,163840,0,0
2,35,3,4MiB,4194304,32768,measured,25,4432009,13,13,13,2624600,2621120,5242240,5245720,7866840,137398126,137398126,142642478,5244352,0,0,4,7,0,13,0,0,2,0,0,0,504,2623776,0,2621120,0,0,2621440,0,0
2,35,4,16MiB,16777216,131072,measured,25,26835753,13,15,13,10488920,10485440,20970880,20974360,31459800,348948334,348948334,369921326,20972992,0,0,4,7,0,15,0,0,2,0,0,0,504,10488096,0,10485440,0,0,10485760,0,0
2,35,5,128KiB,131072,1024,measured,25,90602,13,8,13,85080,81600,163200,166680,248280,69085038,69085038,69250350,165312,0,0,4,7,0,8,0,0,2,0,0,0,504,84256,0,81600,0,0,81920,0,0
2,35,6,1MiB,1048576,8192,measured,25,779921,13,11,13,658520,655040,1310080,1313560,1968600,84510574,84510574,85822766,1312192,0,0,4,7,0,11,0,0,2,0,0,0,504,657696,0,655040,0,0,655360,0,0
2,35,7,512KiB,524288,4096,measured,25,397491,13,10,13,330840,327360,654720,658200,985560,75695982,75695982,76352814,656832,0,0,4,7,0,10,0,0,2,0,0,0,504,330016,0,327360,0,0,327680,0,0
2,36,0,256KiB,262144,2048,measured,26,174792,13,9,13,167000,163520,327040,330520,494040,71288686,71288686,71617838,329152,0,0,4,7,0,9,0,0,2,0,0,0,504,166176,0,163520,0,0,163840,0,0
2,36,1,512KiB,524288,4096,measured,26,347318,13,10,13,330840,327360,654720,658200,985560,75695982,75695982,76352814,656832,0,0,4,7,0,10,0,0,2,0,0,0,504,330016,0,327360,0,0,327680,0,0
2,36,2,2MiB,2097152,16384,measured,26,1679562,13,12,13,1313880,1310400,2620800,2624280,3934680,102139758,102139758,104762670,2622912,0,0,4,7,0,12,0,0,2,0,0,0,504,1313056,0,1310400,0,0,1310720,0,0
2,36,3,8MiB,8388608,65536,measured,26,12499258,13,14,13,5246040,5242560,10485120,10488600,15731160,207914862,207914862,218402094,10487232,0,0,4,7,0,14,0,0,2,0,0,0,504,5245216,0,5242560,0,0,5242880,0,0
2,36,4,4MiB,4194304,32768,measured,26,4524073,13,13,13,2624600,2621120,5242240,5245720,7866840,137398126,137398126,142642478,5244352,0,0,4,7,0,13,0,0,2,0,0,0,504,2623776,0,2621120,0,0,2621440,0,0
2,36,5,16MiB,16777216,131072,measured,26,26776927,13,15,13,10488920,10485440,20970880,20974360,31459800,348948334,348948334,369921326,20972992,0,0,4,7,0,15,0,0,2,0,0,0,504,10488096,0,10485440,0,0,10485760,0,0
2,36,6,1MiB,1048576,8192,measured,26,720974,13,11,13,658520,655040,1310080,1313560,1968600,84510574,84510574,85822766,1312192,0,0,4,7,0,11,0,0,2,0,0,0,504,657696,0,655040,0,0,655360,0,0
2,36,7,128KiB,131072,1024,measured,26,87223,13,8,13,85080,81600,163200,166680,248280,69085038,69085038,69250350,165312,0,0,4,7,0,8,0,0,2,0,0,0,504,84256,0,81600,0,0,81920,0,0
2,37,0,256KiB,262144,2048,measured,27,173655,13,9,13,167000,163520,327040,330520,494040,71288686,71288686,71617838,329152,0,0,4,7,0,9,0,0,2,0,0,0,504,166176,0,163520,0,0,163840,0,0
2,37,1,2MiB,2097152,16384,measured,27,1640574,13,12,13,1313880,1310400,2620800,2624280,3934680,102139758,102139758,104762670,2622912,0,0,4,7,0,12,0,0,2,0,0,0,504,1313056,0,1310400,0,0,1310720,0,0
2,37,2,16MiB,16777216,131072,measured,27,27029114,13,15,13,10488920,10485440,20970880,20974360,31459800,348948334,348948334,369921326,20972992,0,0,4,7,0,15,0,0,2,0,0,0,504,10488096,0,10485440,0,0,10485760,0,0
2,37,3,4MiB,4194304,32768,measured,27,4442353,13,13,13,2624600,2621120,5242240,5245720,7866840,137398126,137398126,142642478,5244352,0,0,4,7,0,13,0,0,2,0,0,0,504,2623776,0,2621120,0,0,2621440,0,0
2,37,4,8MiB,8388608,65536,measured,27,12063952,13,14,13,5246040,5242560,10485120,10488600,15731160,207914862,207914862,218402094,10487232,0,0,4,7,0,14,0,0,2,0,0,0,504,5245216,0,5242560,0,0,5242880,0,0
2,37,5,512KiB,524288,4096,measured,27,353255,13,10,13,330840,327360,654720,658200,985560,75695982,75695982,76352814,656832,0,0,4,7,0,10,0,0,2,0,0,0,504,330016,0,327360,0,0,327680,0,0
2,37,6,128KiB,131072,1024,measured,27,89790,13,8,13,85080,81600,163200,166680,248280,69085038,69085038,69250350,165312,0,0,4,7,0,8,0,0,2,0,0,0,504,84256,0,81600,0,0,81920,0,0
2,37,7,1MiB,1048576,8192,measured,27,726846,13,11,13,658520,655040,1310080,1313560,1968600,84510574,84510574,85822766,1312192,0,0,4,7,0,11,0,0,2,0,0,0,504,657696,0,655040,0,0,655360,0,0
2,38,0,16MiB,16777216,131072,measured,28,26558139,13,15,13,10488920,10485440,20970880,20974360,31459800,348948334,348948334,369921326,20972992,0,0,4,7,0,15,0,0,2,0,0,0,504,10488096,0,10485440,0,0,10485760,0,0
2,38,1,128KiB,131072,1024,measured,28,92216,13,8,13,85080,81600,163200,166680,248280,69085038,69085038,69250350,165312,0,0,4,7,0,8,0,0,2,0,0,0,504,84256,0,81600,0,0,81920,0,0
2,38,2,4MiB,4194304,32768,measured,28,4544212,13,13,13,2624600,2621120,5242240,5245720,7866840,137398126,137398126,142642478,5244352,0,0,4,7,0,13,0,0,2,0,0,0,504,2623776,0,2621120,0,0,2621440,0,0
2,38,3,2MiB,2097152,16384,measured,28,1623970,13,12,13,1313880,1310400,2620800,2624280,3934680,102139758,102139758,104762670,2622912,0,0,4,7,0,12,0,0,2,0,0,0,504,1313056,0,1310400,0,0,1310720,0,0
2,38,4,512KiB,524288,4096,measured,28,374118,13,10,13,330840,327360,654720,658200,985560,75695982,75695982,76352814,656832,0,0,4,7,0,10,0,0,2,0,0,0,504,330016,0,327360,0,0,327680,0,0
2,38,5,1MiB,1048576,8192,measured,28,791314,13,11,13,658520,655040,1310080,1313560,1968600,84510574,84510574,85822766,1312192,0,0,4,7,0,11,0,0,2,0,0,0,504,657696,0,655040,0,0,655360,0,0
2,38,6,8MiB,8388608,65536,measured,28,12367619,13,14,13,5246040,5242560,10485120,10488600,15731160,207914862,207914862,218402094,10487232,0,0,4,7,0,14,0,0,2,0,0,0,504,5245216,0,5242560,0,0,5242880,0,0
2,38,7,256KiB,262144,2048,measured,28,180100,13,9,13,167000,163520,327040,330520,494040,71288686,71288686,71617838,329152,0,0,4,7,0,9,0,0,2,0,0,0,504,166176,0,163520,0,0,163840,0,0
2,39,0,512KiB,524288,4096,measured,29,352920,13,10,13,330840,327360,654720,658200,985560,75695982,75695982,76352814,656832,0,0,4,7,0,10,0,0,2,0,0,0,504,330016,0,327360,0,0,327680,0,0
2,39,1,128KiB,131072,1024,measured,29,87742,13,8,13,85080,81600,163200,166680,248280,69085038,69085038,69250350,165312,0,0,4,7,0,8,0,0,2,0,0,0,504,84256,0,81600,0,0,81920,0,0
2,39,2,1MiB,1048576,8192,measured,29,749227,13,11,13,658520,655040,1310080,1313560,1968600,84510574,84510574,85822766,1312192,0,0,4,7,0,11,0,0,2,0,0,0,504,657696,0,655040,0,0,655360,0,0
2,39,3,8MiB,8388608,65536,measured,29,12255586,13,14,13,5246040,5242560,10485120,10488600,15731160,207914862,207914862,218402094,10487232,0,0,4,7,0,14,0,0,2,0,0,0,504,5245216,0,5242560,0,0,5242880,0,0
2,39,4,4MiB,4194304,32768,measured,29,4805379,13,13,13,2624600,2621120,5242240,5245720,7866840,137398126,137398126,142642478,5244352,0,0,4,7,0,13,0,0,2,0,0,0,504,2623776,0,2621120,0,0,2621440,0,0
2,39,5,2MiB,2097152,16384,measured,29,1604784,13,12,13,1313880,1310400,2620800,2624280,3934680,102139758,102139758,104762670,2622912,0,0,4,7,0,12,0,0,2,0,0,0,504,1313056,0,1310400,0,0,1310720,0,0
2,39,6,16MiB,16777216,131072,measured,29,25922854,13,15,13,10488920,10485440,20970880,20974360,31459800,348948334,348948334,369921326,20972992,0,0,4,7,0,15,0,0,2,0,0,0,504,10488096,0,10485440,0,0,10485760,0,0
2,39,7,256KiB,262144,2048,measured,29,179138,13,9,13,167000,163520,327040,330520,494040,71288686,71288686,71617838,329152,0,0,4,7,0,9,0,0,2,0,0,0,504,166176,0,163520,0,0,163840,0,0
