session,round,ordinal,label,cell,n_bytes,m_blocks,sample_kind,measured_ordinal,total_ns,P1_prepare_damage_restart,P2_forward_parse_and_convergence,P3_prefix_pair_assembly,P4_definition_collect_table_compare,P5_fresh_materialization_and_suffix_assembly,P6_pairs_to_slots_checkpoints,P7_seal_and_retirement,phase_disjoint_sum_ns,phase_residual_ns,hook_inclusive_ns,phase_clock_reads,execution_status,correctness_status
0,0,0,A0,8MiB,8388608,65536,warmup,0,13943571,1417502,3997,2472264,1047302,2521959,4927749,1550363,13941136,2435,1026,20,Pass,Pass
0,0,1,A0,1MiB,1048576,8192,warmup,0,816720,58638,2999,210032,50318,189105,168885,135439,815416,1304,906,20,Pass,Pass
0,0,2,A0,4MiB,4194304,32768,warmup,0,7147072,685859,4371,1337304,389096,1218517,2767813,742235,7145195,1877,1128,20,Pass,Pass
0,0,3,A0,2MiB,2097152,16384,warmup,0,1581179,118127,2435,400003,99823,338382,347650,273323,1579743,1436,850,20,Pass,Pass
0,0,4,A0,128KiB,131072,1024,warmup,0,91676,6687,1638,19461,5426,18912,20702,17453,90279,1397,478,20,Pass,Pass
0,0,5,A0,256KiB,262144,2048,warmup,0,174931,13446,1046,36574,10878,37288,39943,35135,174310,621,301,20,Pass,Pass
0,0,6,A0,16MiB,16777216,131072,warmup,0,29729659,3194675,4269,5219917,2336479,5094201,10636000,3241091,29726632,3027,1159,20,Pass,Pass
0,0,7,A0,512KiB,524288,4096,warmup,0,373103,40740,2268,79901,22867,72813,85727,67731,372047,1056,769,20,Pass,Pass
0,1,0,A0,512KiB,524288,4096,warmup,0,348027,28502,1430,72171,22297,71865,79221,71607,347093,934,349,20,Pass,Pass
0,1,1,A0,128KiB,131072,1024,warmup,0,87051,6356,1171,18100,5401,18545,19449,17425,86447,604,266,20,Pass,Pass
0,1,2,A0,16MiB,16777216,131072,warmup,0,25975457,3007666,3244,5151417,2258764,5128215,7009001,3414425,25972732,2725,921,20,Pass,Pass
0,1,3,A0,4MiB,4194304,32768,warmup,0,5881113,502571,3774,1304564,362171,1418021,1588851,699129,5879081,2032,794,20,Pass,Pass
0,1,4,A0,2MiB,2097152,16384,warmup,0,1628953,114703,2356,453827,98909,340645,350503,266323,1627266,1687,819,20,Pass,Pass
0,1,5,A0,256KiB,262144,2048,warmup,0,181733,13930,2313,37201,10909,36717,44237,35142,180449,1284,525,20,Pass,Pass
0,1,6,A0,1MiB,1048576,8192,warmup,0,733552,56856,1997,162359,48951,155628,174116,132392,732299,1253,493,20,Pass,Pass
0,1,7,A0,8MiB,8388608,65536,warmup,0,13131461,1522467,3739,2882628,1076097,2754916,3369171,1520333,13129351,2110,1021,20,Pass,Pass
0,2,0,A0,8MiB,8388608,65536,warmup,0,12888037,1424800,3879,2599056,1070520,2771209,3413397,1603117,12885978,2059,861,20,Pass,Pass
0,2,1,A0,2MiB,2097152,16384,warmup,0,1741014,120257,2238,474551,103920,393879,373249,271500,1739594,1420,696,20,Pass,Pass
0,2,2,A0,512KiB,524288,4096,warmup,0,344673,28874,1830,68430,22911,65993,87805,67491,343334,1339,524,20,Pass,Pass
0,2,3,A0,256KiB,262144,2048,warmup,0,202894,13331,1314,51719,11338,35933,40746,47542,201923,971,382,20,Pass,Pass
0,2,4,A0,4MiB,4194304,32768,warmup,0,5310161,456996,2946,1312117,384751,1250316,1214935,686318,5308379,1782,953,20,Pass,Pass
0,2,5,A0,128KiB,131072,1024,warmup,0,94337,6750,1896,20129,5495,20693,20554,17550,93067,1270,911,20,Pass,Pass
0,2,6,A0,16MiB,16777216,131072,warmup,0,25019854,3146339,4550,4742718,2246494,5290304,6235287,3351452,25017144,2710,1222,20,Pass,Pass
0,2,7,A0,1MiB,1048576,8192,warmup,0,756393,56851,2364,182620,49936,149929,181346,131954,755000,1393,755,20,Pass,Pass
0,3,0,A0,128KiB,131072,1024,warmup,0,88144,6623,1457,18586,5311,18522,19544,17254,87297,847,458,20,Pass,Pass
0,3,1,A0,2MiB,2097152,16384,warmup,0,1900686,156656,2203,538057,105618,416191,400442,280245,1899412,1274,657,20,Pass,Pass
0,3,2,A0,16MiB,16777216,131072,warmup,0,27597007,3090705,4135,5593514,2310983,5909577,7190042,3494859,27593815,3192,1370,20,Pass,Pass
0,3,3,A0,1MiB,1048576,8192,warmup,0,715727,56307,2549,154826,48289,145975,173916,132379,714241,1486,753,20,Pass,Pass
0,3,4,A0,4MiB,4194304,32768,warmup,0,5042342,470443,3155,1304825,321223,1170000,1084499,686079,5040224,2118,871,20,Pass,Pass
0,3,5,A0,512KiB,524288,4096,warmup,0,344789,28678,1927,70208,22974,69800,82217,67610,343414,1375,592,20,Pass,Pass
0,3,6,A0,256KiB,262144,2048,warmup,0,173638,13686,1314,36114,10751,36295,39641,35105,172906,732,371,20,Pass,Pass
0,3,7,A0,8MiB,8388608,65536,warmup,0,13178287,1384318,3779,2927162,1051810,2806625,3370154,1632153,13176001,2286,871,20,Pass,Pass
0,4,0,A0,2MiB,2097152,16384,warmup,0,1742106,116197,2895,455528,111198,389789,387668,277503,1740778,1328,655,20,Pass,Pass
0,4,1,A0,256KiB,262144,2048,warmup,0,175940,13474,1754,36497,10953,36854,40316,35080,174928,1012,476,20,Pass,Pass
0,4,2,A0,128KiB,131072,1024,warmup,0,90176,6566,1223,18134,5415,21008,19700,17577,89623,553,271,20,Pass,Pass
0,4,3,A0,1MiB,1048576,8192,warmup,0,722839,56814,1491,168113,52880,139114,169549,134043,722004,835,334,20,Pass,Pass
0,4,4,A0,4MiB,4194304,32768,warmup,0,5744086,479276,3069,1386829,374902,1315274,1481754,701157,5742261,1825,795,20,Pass,Pass
0,4,5,A0,8MiB,8388608,65536,warmup,0,11827779,1410332,3727,2410837,1051386,2380975,3004217,1564009,11825483,2296,1058,20,Pass,Pass
0,4,6,A0,512KiB,524288,4096,warmup,0,353842,28946,2412,71557,23027,72830,85953,67709,352434,1408,910,20,Pass,Pass
0,4,7,A0,16MiB,16777216,131072,warmup,0,26261316,3030321,4215,5145476,2250786,5531643,7039573,3256829,26258843,2473,1029,20,Pass,Pass
0,5,0,A0,16MiB,16777216,131072,warmup,0,28068142,3177066,5185,5270706,2457081,6014753,7649742,3490882,28065415,2727,1317,20,Pass,Pass
0,5,1,A0,512KiB,524288,4096,warmup,0,345186,28392,2059,72194,22938,66119,84214,67960,343876,1310,696,20,Pass,Pass
0,5,2,A0,256KiB,262144,2048,warmup,0,176332,13097,1035,37000,10823,37368,37989,38373,175685,647,262,20,Pass,Pass
0,5,3,A0,8MiB,8388608,65536,warmup,0,12451881,1443100,3477,2532673,1060998,2510964,3356808,1541720,12449740,2141,810,20,Pass,Pass
0,5,4,A0,2MiB,2097152,16384,warmup,0,1687354,147841,3085,446215,112125,342231,371243,263119,1685859,1495,734,20,Pass,Pass
0,5,5,A0,128KiB,131072,1024,warmup,0,91299,6675,1623,19011,5295,19148,20858,17534,90144,1155,561,20,Pass,Pass
0,5,6,A0,1MiB,1048576,8192,warmup,0,751936,57282,1664,179136,52914,166924,159245,133377,750542,1394,614,20,Pass,Pass
0,5,7,A0,4MiB,4194304,32768,warmup,0,5605959,579282,2957,1259602,378169,1315292,1361971,706698,5603971,1988,788,20,Pass,Pass
0,6,0,A0,256KiB,262144,2048,warmup,0,175479,13494,1734,37368,10941,34040,41433,35289,174299,1180,617,20,Pass,Pass
0,6,1,A0,2MiB,2097152,16384,warmup,0,1714742,113421,2204,463670,101990,394517,371550,266126,1713478,1264,686,20,Pass,Pass
0,6,2,A0,8MiB,8388608,65536,warmup,0,13076203,1429119,3547,2705940,1108774,2717720,3529021,1579218,13073339,2864,912,20,Pass,Pass
0,6,3,A0,1MiB,1048576,8192,warmup,0,735011,56781,2032,164311,48629,170477,159525,131953,733708,1303,656,20,Pass,Pass
0,6,4,A0,128KiB,131072,1024,warmup,0,88334,6416,1212,18795,5172,18845,19946,17296,87682,652,242,20,Pass,Pass
0,6,5,A0,512KiB,524288,4096,warmup,0,348941,28293,1270,80991,22885,65952,81328,67491,348210,731,391,20,Pass,Pass
0,6,6,A0,4MiB,4194304,32768,warmup,0,5326541,497914,2559,1276683,357836,1208204,1295154,686558,5324908,1633,833,20,Pass,Pass
0,6,7,A0,16MiB,16777216,131072,warmup,0,27227554,3069468,3740,5510633,2267570,5950125,7155005,3268212,27224753,2801,1320,20,Pass,Pass
0,7,0,A0,128KiB,131072,1024,warmup,0,90574,6615,1875,18506,5389,18562,21012,17527,89486,1088,550,20,Pass,Pass
0,7,1,A0,2MiB,2097152,16384,warmup,0,1657497,114617,2256,461072,100147,349325,360141,268693,1656251,1246,755,20,Pass,Pass
0,7,2,A0,4MiB,4194304,32768,warmup,0,6419880,750532,3175,1447176,425627,1305475,1686467,799417,6417869,2011,708,20,Pass,Pass
0,7,3,A0,8MiB,8388608,65536,warmup,0,13836665,1553071,3668,3052533,1142510,2920718,3586816,1575207,13834523,2142,793,20,Pass,Pass
0,7,4,A0,512KiB,524288,4096,warmup,0,412620,52069,2214,86541,24467,75201,89496,81057,411045,1575,732,20,Pass,Pass
0,7,5,A0,1MiB,1048576,8192,warmup,0,778718,56567,1846,190755,50842,169134,176311,131839,777294,1424,735,20,Pass,Pass
0,7,6,A0,256KiB,262144,2048,warmup,0,177053,13395,1204,37373,10730,36414,38950,38271,176337,716,287,20,Pass,Pass
0,7,7,A0,16MiB,16777216,131072,warmup,0,26107094,3063161,4138,5198657,2245677,5456008,6965747,3171406,26104794,2300,1068,20,Pass,Pass
0,8,0,A0,512KiB,524288,4096,warmup,0,352687,28603,1684,76024,22956,68183,86451,67543,351444,1243,460,20,Pass,Pass
0,8,1,A0,4MiB,4194304,32768,warmup,0,5640253,594611,2344,1339848,382318,1179735,1445174,694621,5638651,1602,638,20,Pass,Pass
0,8,2,A0,8MiB,8388608,65536,warmup,0,12986771,1410240,2812,2809031,1051354,2755833,3411089,1544441,12984800,1971,730,20,Pass,Pass
0,8,3,A0,16MiB,16777216,131072,warmup,0,26871564,2977736,3160,5512668,2229316,5878300,7001062,3266298,26868540,3024,985,20,Pass,Pass
0,8,4,A0,1MiB,1048576,8192,warmup,0,797374,79137,2032,188911,51108,168581,172686,133566,796021,1353,716,20,Pass,Pass
0,8,5,A0,128KiB,131072,1024,warmup,0,88324,6531,1268,18686,5182,18507,20250,17207,87631,693,315,20,Pass,Pass
0,8,6,A0,256KiB,262144,2048,warmup,0,172911,13112,1071,37962,10840,35835,38398,35070,172288,623,314,20,Pass,Pass
0,8,7,A0,2MiB,2097152,16384,warmup,0,1734108,114968,2809,463297,114666,395628,370249,270953,1732570,1538,894,20,Pass,Pass
0,9,0,A0,128KiB,131072,1024,warmup,0,90309,6484,1756,19399,5357,19322,19833,17223,89374,935,378,20,Pass,Pass
0,9,1,A0,512KiB,524288,4096,warmup,0,350096,28317,1654,75431,22802,70143,82712,68271,349330,766,464,20,Pass,Pass
0,9,2,A0,4MiB,4194304,32768,warmup,0,5752141,632950,2861,1263181,413997,1194311,1523590,719520,5750410,1731,1137,20,Pass,Pass
0,9,3,A0,1MiB,1048576,8192,warmup,0,716558,56785,1864,159032,52785,145133,167305,132260,715164,1394,730,20,Pass,Pass
0,9,4,A0,2MiB,2097152,16384,warmup,0,1706907,113374,1843,466056,102391,393739,361985,266119,1705507,1400,589,20,Pass,Pass
0,9,5,A0,16MiB,16777216,131072,warmup,0,24714361,3000291,5092,4763012,2245554,5135293,6156486,3405466,24711194,3167,1348,20,Pass,Pass
0,9,6,A0,8MiB,8388608,65536,warmup,0,12784572,1364361,3322,2795322,1046765,2604825,3401124,1566158,12781877,2695,947,20,Pass,Pass
0,9,7,A0,256KiB,262144,2048,warmup,0,179217,13297,1949,37431,11130,34184,41147,38641,177779,1438,485,20,Pass,Pass
0,10,0,A0,1MiB,1048576,8192,measured,0,724873,63130,1548,163643,48621,142858,171760,132245,723805,1068,421,20,Pass,Pass
0,10,1,A0,4MiB,4194304,32768,measured,0,5419677,541169,2525,1300046,338206,1184236,1380661,671266,5418109,1568,718,20,Pass,Pass
0,10,2,A0,256KiB,262144,2048,measured,0,178490,13258,1793,38177,10947,38107,39617,35393,177292,1198,616,20,Pass,Pass
0,10,3,A0,8MiB,8388608,65536,measured,0,12534947,1406255,3378,2602775,1053013,2580017,3394441,1493041,12532920,2027,929,20,Pass,Pass
0,10,4,A0,2MiB,2097152,16384,measured,0,1674882,112716,2437,469377,98473,381007,339758,269542,1673310,1572,794,20,Pass,Pass
0,10,5,A0,128KiB,131072,1024,measured,0,89748,6722,1486,18684,5202,18934,20668,17060,88756,992,440,20,Pass,Pass
0,10,6,A0,16MiB,16777216,131072,measured,0,26731277,2999596,4537,5576122,2264679,5912901,6769934,3200807,26728576,2701,1135,20,Pass,Pass
0,10,7,A0,512KiB,524288,4096,measured,0,366009,29326,2052,77259,34787,68877,85173,67242,364716,1293,679,20,Pass,Pass
0,11,0,A0,16MiB,16777216,131072,measured,1,27447944,3037847,4175,5334861,2339538,5975636,7248117,3505301,27445475,2469,1054,20,Pass,Pass
0,11,1,A0,256KiB,262144,2048,measured,1,178625,13363,1882,38007,10888,37231,40721,35353,177445,1180,634,20,Pass,Pass
0,11,2,A0,512KiB,524288,4096,measured,1,347443,28396,1193,72614,22972,68322,85634,67427,346558,885,380,20,Pass,Pass
0,11,3,A0,2MiB,2097152,16384,measured,1,1748447,116273,2764,487927,106161,403495,358776,271199,1746595,1852,708,20,Pass,Pass
0,11,4,A0,1MiB,1048576,8192,measured,1,717064,62281,2338,158841,48763,144495,166803,132318,715839,1225,673,20,Pass,Pass
0,11,5,A0,8MiB,8388608,65536,measured,1,12471671,1383343,2658,2608319,1060357,2557650,3369272,1488099,12469698,1973,831,20,Pass,Pass
0,11,6,A0,128KiB,131072,1024,measured,1,90982,6594,1984,18417,5222,18879,21400,17350,89846,1136,470,20,Pass,Pass
0,11,7,A0,4MiB,4194304,32768,measured,1,5288659,462904,2646,1246102,354015,1183684,1347710,689837,5286898,1761,694,20,Pass,Pass
0,12,0,A0,8MiB,8388608,65536,measured,2,12954874,1412809,3060,2818721,1059438,2755026,3371030,1533031,12953115,1759,906,20,Pass,Pass
0,12,1,A0,512KiB,524288,4096,measured,2,379268,28573,2236,91558,23217,81932,82835,67752,378103,1165,683,20,Pass,Pass
0,12,2,A0,256KiB,262144,2048,measured,2,179363,13386,1327,38160,10759,40684,39216,35118,178650,713,331,20,Pass,Pass
0,12,3,A0,16MiB,16777216,131072,measured,2,25113364,3099913,4303,4781749,2222112,5480341,6156482,3365932,25110832,2532,1235,20,Pass,Pass
0,12,4,A0,4MiB,4194304,32768,measured,2,5237425,490822,2806,1115759,354941,1272354,1318897,679969,5235548,1877,897,20,Pass,Pass
0,12,5,A0,1MiB,1048576,8192,measured,2,719216,56819,1731,166049,48871,147490,165910,131011,717881,1335,711,20,Pass,Pass
0,12,6,A0,128KiB,131072,1024,measured,2,89035,6616,1500,19029,5292,18809,19912,17203,88361,674,368,20,Pass,Pass
0,12,7,A0,2MiB,2097152,16384,measured,2,1631438,113965,2134,466396,99034,333981,347356,266502,1629368,2070,579,20,Pass,Pass
0,13,0,A0,2MiB,2097152,16384,measured,3,1775737,113260,2175,484728,99017,409086,375575,290197,1774038,1699,732,20,Pass,Pass
0,13,1,A0,512KiB,524288,4096,measured,3,393425,29360,1834,74709,24124,76344,103911,81644,391926,1499,536,20,Pass,Pass
0,13,2,A0,4MiB,4194304,32768,measured,3,5351537,479664,2634,1224213,366845,1316749,1297419,662408,5349932,1605,739,20,Pass,Pass
0,13,3,A0,16MiB,16777216,131072,measured,3,25190870,3127609,4280,4672255,2216835,5234661,6443646,3488924,25188210,2660,1450,20,Pass,Pass
0,13,4,A0,8MiB,8388608,65536,measured,3,12881584,1416905,3774,2850273,1062635,2645321,3324150,1575831,12878889,2695,981,20,Pass,Pass
0,13,5,A0,1MiB,1048576,8192,measured,3,741985,56653,1951,169615,49018,157355,174186,131957,740735,1250,765,20,Pass,Pass
0,13,6,A0,256KiB,262144,2048,measured,3,172836,13495,1256,36588,10928,35882,38841,35009,171999,837,303,20,Pass,Pass
0,13,7,A0,128KiB,131072,1024,measured,3,89871,6410,1123,18758,5308,20593,19618,17468,89278,593,253,20,Pass,Pass
0,14,0,A0,1MiB,1048576,8192,measured,4,742376,56706,1810,169873,48366,169711,162390,132418,741274,1102,481,20,Pass,Pass
0,14,1,A0,128KiB,131072,1024,measured,4,88459,6804,1053,18663,5280,18590,19959,17420,87769,690,222,20,Pass,Pass
0,14,2,A0,512KiB,524288,4096,measured,4,352447,28385,1222,76188,22921,73064,81635,68262,351677,770,262,20,Pass,Pass
0,14,3,A0,16MiB,16777216,131072,measured,4,27120614,3015864,3202,5615281,2278061,6064734,6778824,3362115,27118081,2533,1042,20,Pass,Pass
0,14,4,A0,8MiB,8388608,65536,measured,4,12387336,1445959,3036,2531998,1057318,2505518,3305825,1535829,12385483,1853,867,20,Pass,Pass
0,14,5,A0,2MiB,2097152,16384,measured,4,1603393,117805,2748,435622,98207,336289,342447,268622,1601740,1653,698,20,Pass,Pass
0,14,6,A0,256KiB,262144,2048,measured,4,177034,13675,1669,37473,10893,36483,40269,35230,175692,1342,405,20,Pass,Pass
0,14,7,A0,4MiB,4194304,32768,measured,4,5306035,494270,2578,1237639,358331,1187459,1326365,697705,5304347,1688,738,20,Pass,Pass
0,15,0,A0,4MiB,4194304,32768,measured,5,5041408,421778,3984,1292781,366625,1149358,1130793,674422,5039741,1667,977,20,Pass,Pass
0,15,1,A0,16MiB,16777216,131072,measured,5,27272615,3069586,4244,5582840,2268158,5961665,7166670,3216917,27270080,2535,1565,20,Pass,Pass
0,15,2,A0,1MiB,1048576,8192,measured,5,709752,56969,1942,150805,47978,138682,179452,132333,708161,1591,662,20,Pass,Pass
0,15,3,A0,128KiB,131072,1024,measured,5,88971,6663,1377,18738,5248,18512,20174,17535,88247,724,381,20,Pass,Pass
0,15,4,A0,8MiB,8388608,65536,measured,5,12921434,1390751,3882,2828209,1043395,2767611,3336961,1548739,12919548,1886,936,20,Pass,Pass
0,15,5,A0,256KiB,262144,2048,measured,5,182759,13746,1919,38051,11079,36321,41960,38587,181663,1096,596,20,Pass,Pass
0,15,6,A0,512KiB,524288,4096,measured,5,354192,28620,1354,74000,22846,71236,83592,71733,353381,811,314,20,Pass,Pass
0,15,7,A0,2MiB,2097152,16384,measured,5,1644001,132577,2288,455234,101985,327641,356085,266702,1642512,1489,597,20,Pass,Pass
0,16,0,A0,512KiB,524288,4096,measured,6,350192,28559,1485,77029,22710,71776,80081,67238,348878,1314,429,20,Pass,Pass
0,16,1,A0,256KiB,262144,2048,measured,6,172805,13246,1166,36881,10924,35633,39468,34927,172245,560,242,20,Pass,Pass
0,16,2,A0,16MiB,16777216,131072,measured,6,27262583,3058780,3656,5587157,2263724,5976538,7098451,3271944,27260250,2333,1107,20,Pass,Pass
0,16,3,A0,8MiB,8388608,65536,measured,6,12734152,1419389,4005,2737727,1064686,2562937,3372032,1570997,12731773,2379,1218,20,Pass,Pass
0,16,4,A0,2MiB,2097152,16384,measured,6,1637659,134869,2742,445723,102792,327487,359942,262632,1636187,1472,847,20,Pass,Pass
0,16,5,A0,128KiB,131072,1024,measured,6,94725,6677,1755,18570,5411,22442,21391,17344,93590,1135,617,20,Pass,Pass
0,16,6,A0,4MiB,4194304,32768,measured,6,5415399,584410,3324,1212279,355278,1183025,1354131,721315,5413762,1637,550,20,Pass,Pass
0,16,7,A0,1MiB,1048576,8192,measured,6,724994,62147,1903,160130,49029,152636,167255,130875,723975,1019,545,20,Pass,Pass
0,17,0,A0,4MiB,4194304,32768,measured,7,4790581,374856,2183,1318876,290636,1156013,991141,654872,4788577,2004,547,20,Pass,Pass
0,17,1,A0,1MiB,1048576,8192,measured,7,720093,61296,1799,159385,48991,141452,172812,132964,718699,1394,639,20,Pass,Pass
0,17,2,A0,128KiB,131072,1024,measured,7,88779,6707,1150,19157,5270,18128,20073,17527,88012,767,244,20,Pass,Pass
0,17,3,A0,512KiB,524288,4096,measured,7,352824,28414,1075,76087,22733,74552,82322,66943,352126,698,271,20,Pass,Pass
0,17,4,A0,2MiB,2097152,16384,measured,7,1671073,120401,2198,450180,99453,387973,344635,264774,1669614,1459,483,20,Pass,Pass
0,17,5,A0,256KiB,262144,2048,measured,7,177298,13405,1884,38017,10921,36325,40139,35171,175862,1436,670,20,Pass,Pass
0,17,6,A0,16MiB,16777216,131072,measured,7,27332551,3056964,3790,5613506,2262760,5980860,7172057,3240011,27329948,2603,1077,20,Pass,Pass
0,17,7,A0,8MiB,8388608,65536,measured,7,12700016,1421254,3857,2676787,1062881,2604375,3405183,1523381,12697718,2298,969,20,Pass,Pass
0,18,0,A0,256KiB,262144,2048,measured,8,180375,13585,1806,37488,10930,37924,42341,35099,179173,1202,414,20,Pass,Pass
0,18,1,A0,1MiB,1048576,8192,measured,8,816672,70395,1686,190433,48081,173131,168719,162998,815443,1229,509,20,Pass,Pass
0,18,2,A0,4MiB,4194304,32768,measured,8,5401718,583394,2712,1222238,353989,1184745,1347900,704787,5399765,1953,672,20,Pass,Pass
0,18,3,A0,128KiB,131072,1024,measured,8,93885,6576,1439,19610,5379,21211,21013,17385,92613,1272,418,20,Pass,Pass
0,18,4,A0,2MiB,2097152,16384,measured,8,1661833,112546,2124,451352,103099,378685,344678,267778,1660262,1571,585,20,Pass,Pass
0,18,5,A0,8MiB,8388608,65536,measured,8,12783846,1450764,3317,2613312,1058282,2528155,3593589,1534698,12782117,1729,970,20,Pass,Pass
0,18,6,A0,16MiB,16777216,131072,measured,8,27005686,3056354,3490,5539047,2303311,5869616,7089049,3141976,27002843,2843,1356,20,Pass,Pass
0,18,7,A0,512KiB,524288,4096,measured,8,351763,28662,1861,73594,23096,69770,86147,67315,350445,1318,592,20,Pass,Pass
0,19,0,A0,2MiB,2097152,16384,measured,9,1675525,116683,2063,462780,100774,385325,342257,264078,1673960,1565,838,20,Pass,Pass
0,19,1,A0,8MiB,8388608,65536,measured,9,13045012,1412953,3565,2787365,1097394,2679049,3485897,1576556,13042779,2233,988,20,Pass,Pass
0,19,2,A0,512KiB,524288,4096,measured,9,354068,28511,1724,72570,23068,75721,83640,67633,352867,1201,679,20,Pass,Pass
0,19,3,A0,256KiB,262144,2048,measured,9,174462,13651,1244,37187,10789,36311,39684,34903,173769,693,308,20,Pass,Pass
0,19,4,A0,128KiB,131072,1024,measured,9,87740,6340,1124,18747,5123,19013,19684,17177,87208,532,258,20,Pass,Pass
0,19,5,A0,16MiB,16777216,131072,measured,9,25866625,3090814,3560,4949212,2239787,5358085,7032008,3190748,25864214,2411,969,20,Pass,Pass
0,19,6,A0,4MiB,4194304,32768,measured,9,5631924,530878,3387,1192888,366665,1276060,1507374,752500,5629752,2172,1297,20,Pass,Pass
0,19,7,A0,1MiB,1048576,8192,measured,9,747109,70454,1808,171177,49020,145394,176473,131196,745522,1587,566,20,Pass,Pass
0,20,0,A0,4MiB,4194304,32768,measured,10,5645632,459178,2512,1305684,337273,1443780,1405128,690454,5644009,1623,769,20,Pass,Pass
0,20,1,A0,1MiB,1048576,8192,measured,10,729775,56386,1713,165529,49225,150602,172033,133000,728488,1287,581,20,Pass,Pass
0,20,2,A0,128KiB,131072,1024,measured,10,88663,6453,1154,19094,5296,19152,19575,17315,88039,624,288,20,Pass,Pass
0,20,3,A0,2MiB,2097152,16384,measured,10,1652233,111801,2705,446120,98374,384303,343264,264321,1650888,1345,577,20,Pass,Pass
0,20,4,A0,256KiB,262144,2048,measured,10,177154,13446,1536,37240,10792,36718,41107,35131,175970,1184,467,20,Pass,Pass
0,20,5,A0,8MiB,8388608,65536,measured,10,13228935,1379349,3610,2809445,1039796,2933086,3500623,1560767,13226676,2259,1198,20,Pass,Pass
0,20,6,A0,512KiB,524288,4096,measured,10,359489,28449,1976,81049,23217,71577,84901,66984,358153,1336,646,20,Pass,Pass
0,20,7,A0,16MiB,16777216,131072,measured,10,26453420,3122378,4004,5119892,2261359,5499753,7341426,3101746,26450558,2862,1139,20,Pass,Pass
0,21,0,A0,2MiB,2097152,16384,measured,11,1863707,117757,2516,490902,107102,438811,391917,313142,1862147,1560,759,20,Pass,Pass
0,21,1,A0,4MiB,4194304,32768,measured,11,5118775,382594,3319,1373678,319973,1279240,1103857,654263,5116924,1851,779,20,Pass,Pass
0,21,2,A0,8MiB,8388608,65536,measured,11,12557083,1485464,3631,2379933,1071882,2430453,3621914,1561322,12554599,2484,1194,20,Pass,Pass
0,21,3,A0,128KiB,131072,1024,measured,11,91546,6593,1573,19192,5501,18944,21287,17326,90416,1130,575,20,Pass,Pass
0,21,4,A0,16MiB,16777216,131072,measured,11,26391135,3109189,4684,5181960,2252276,5491311,7266244,3082525,26388189,2946,1378,20,Pass,Pass
0,21,5,A0,512KiB,524288,4096,measured,11,348222,28382,1858,70652,22742,71971,83711,67323,346639,1583,604,20,Pass,Pass
0,21,6,A0,1MiB,1048576,8192,measured,11,726768,56598,1433,166456,52695,143571,173173,131951,725877,891,485,20,Pass,Pass
0,21,7,A0,256KiB,262144,2048,measured,11,177586,13488,1332,36756,10915,36093,40085,38121,176790,796,347,20,Pass,Pass
0,22,0,A0,4MiB,4194304,32768,measured,12,5063132,515446,2873,1335713,318677,1171052,1049143,668289,5061193,1939,926,20,Pass,Pass
0,22,1,A0,512KiB,524288,4096,measured,12,346169,28440,1512,73172,22771,68927,82272,67752,344846,1323,454,20,Pass,Pass
0,22,2,A0,1MiB,1048576,8192,measured,12,730918,56553,1608,170964,49779,149379,171003,130591,729877,1041,495,20,Pass,Pass
0,22,3,A0,16MiB,16777216,131072,measured,12,26175611,3011718,3172,5406804,2265973,5489318,6798002,3198041,26173028,2583,1127,20,Pass,Pass
0,22,4,A0,8MiB,8388608,65536,measured,12,12211538,1371594,3076,2547263,1050505,2467777,3229543,1539806,12209564,1974,826,20,Pass,Pass
0,22,5,A0,256KiB,262144,2048,measured,12,178600,13724,1864,39014,10764,37326,39677,35006,177375,1225,559,20,Pass,Pass
0,22,6,A0,128KiB,131072,1024,measured,12,88024,6534,926,18836,5173,18742,19720,17410,87341,683,208,20,Pass,Pass
0,22,7,A0,2MiB,2097152,16384,measured,12,1669638,112957,2550,472069,99354,376604,340911,263783,1668228,1410,547,20,Pass,Pass
0,23,0,A0,256KiB,262144,2048,measured,13,177884,13710,1632,37743,10917,36678,40965,35113,176758,1126,489,20,Pass,Pass
0,23,1,A0,2MiB,2097152,16384,measured,13,1670207,117346,2397,453827,98840,381843,349969,264431,1668653,1554,682,20,Pass,Pass
0,23,2,A0,1MiB,1048576,8192,measured,13,711409,56394,2010,156540,48767,139087,175152,132327,710277,1132,785,20,Pass,Pass
0,23,3,A0,4MiB,4194304,32768,measured,13,5131563,452999,2775,1292594,331116,1270764,1134584,644847,5129679,1884,1042,20,Pass,Pass
0,23,4,A0,512KiB,524288,4096,measured,13,358461,33439,1824,74537,23230,72574,83509,68063,357176,1285,684,20,Pass,Pass
0,23,5,A0,128KiB,131072,1024,measured,13,87492,6459,1070,18421,5239,18208,20047,17476,86920,572,238,20,Pass,Pass
0,23,6,A0,8MiB,8388608,65536,measured,13,12025846,1417104,3218,2413524,1137865,2422783,2992638,1635652,12022784,3062,901,20,Pass,Pass
0,23,7,A0,16MiB,16777216,131072,measured,13,26194315,3107188,3500,5102597,2277465,5408435,7073537,3219097,26191819,2496,1066,20,Pass,Pass
0,24,0,A0,8MiB,8388608,65536,measured,14,12676791,1433373,3547,2435175,1041951,2577579,3592148,1590822,12674595,2196,1191,20,Pass,Pass
0,24,1,A0,256KiB,262144,2048,measured,14,191229,14067,2059,39786,11593,40301,44870,37007,189683,1546,675,20,Pass,Pass
0,24,2,A0,16MiB,16777216,131072,measured,14,26376583,3156190,3586,5208433,2243037,5441748,7077530,3243663,26374187,2396,1168,20,Pass,Pass
0,24,3,A0,512KiB,524288,4096,measured,14,355080,28874,1815,71534,22651,71591,89837,67489,353791,1289,649,20,Pass,Pass
0,24,4,A0,4MiB,4194304,32768,measured,14,5241273,566269,3228,1194042,324128,1156171,1283500,712206,5239544,1729,773,20,Pass,Pass
0,24,5,A0,1MiB,1048576,8192,measured,14,721956,56306,2257,166252,49020,145594,169072,132049,720550,1406,859,20,Pass,Pass
0,24,6,A0,2MiB,2097152,16384,measured,14,1689898,114070,2099,462971,98401,378747,365144,267202,1688634,1264,578,20,Pass,Pass
0,24,7,A0,128KiB,131072,1024,measured,14,91534,6862,1543,18168,5311,20698,20637,17377,90596,938,425,20,Pass,Pass
0,25,0,A0,128KiB,131072,1024,measured,15,89380,6453,1067,18979,5276,18672,20990,17369,88806,574,231,20,Pass,Pass
0,25,1,A0,4MiB,4194304,32768,measured,15,5158304,379818,3159,1302263,332633,1292608,1192327,653746,5156554,1750,800,20,Pass,Pass
0,25,2,A0,256KiB,262144,2048,measured,15,178350,14114,1658,36748,10954,36585,42103,35060,177222,1128,495,20,Pass,Pass
0,25,3,A0,2MiB,2097152,16384,measured,15,1696787,120302,1970,445528,105787,391426,360420,270099,1695532,1255,613,20,Pass,Pass
0,25,4,A0,8MiB,8388608,65536,measured,15,12926471,1454425,3026,2605458,1137412,2571203,3562522,1589719,12923765,2706,859,20,Pass,Pass
0,25,5,A0,16MiB,16777216,131072,measured,15,27222746,3070533,3991,5485377,2296089,6061045,7116110,3187179,27220324,2422,1216,20,Pass,Pass
0,25,6,A0,1MiB,1048576,8192,measured,15,709724,56532,2106,151967,48951,149013,167697,132172,708438,1286,930,20,Pass,Pass
0,25,7,A0,512KiB,524288,4096,measured,15,349477,28188,1193,77293,22765,72695,78874,67492,348500,977,316,20,Pass,Pass
0,26,0,A0,128KiB,131072,1024,measured,16,90639,6324,1095,17935,5167,18865,23348,17263,89997,642,257,20,Pass,Pass
0,26,1,A0,256KiB,262144,2048,measured,16,173355,13518,1177,37571,10740,35505,39181,35080,172772,583,296,20,Pass,Pass
0,26,2,A0,8MiB,8388608,65536,measured,16,13004797,1409369,2845,2843849,1048039,2770599,3374252,1553919,13002872,1925,701,20,Pass,Pass
0,26,3,A0,4MiB,4194304,32768,measured,16,5512430,581579,2736,1208318,358513,1173571,1413687,771888,5510292,2138,742,20,Pass,Pass
0,26,4,A0,512KiB,524288,4096,measured,16,374922,29197,1827,80048,23603,72640,99751,66614,373680,1242,496,20,Pass,Pass
0,26,5,A0,16MiB,16777216,131072,measured,16,26162410,3088122,4065,5106937,2257285,5510364,6913768,3279500,26160041,2369,1348,20,Pass,Pass
0,26,6,A0,2MiB,2097152,16384,measured,16,1643057,118076,1862,414367,101218,382272,359054,264665,1641514,1543,616,20,Pass,Pass
0,26,7,A0,1MiB,1048576,8192,measured,16,754822,57084,1797,172285,48777,170884,169708,132841,753376,1446,600,20,Pass,Pass
0,27,0,A0,8MiB,8388608,65536,measured,17,13114277,1467617,3835,2736871,1004539,2781691,3586832,1530298,13111683,2594,1125,20,Pass,Pass
0,27,1,A0,128KiB,131072,1024,measured,17,92717,7134,1981,18466,5586,18900,21620,17602,91289,1428,640,20,Pass,Pass
0,27,2,A0,512KiB,524288,4096,measured,17,348756,28197,1241,73050,22656,72437,83633,66769,347983,773,447,20,Pass,Pass
0,27,3,A0,4MiB,4194304,32768,measured,17,4978885,410231,2654,1160200,318624,1293595,1137106,654697,4977107,1778,665,20,Pass,Pass
0,27,4,A0,256KiB,262144,2048,measured,17,179458,13799,1822,38009,11035,36949,41697,35139,178450,1008,396,20,Pass,Pass
0,27,5,A0,2MiB,2097152,16384,measured,17,1713936,117281,2291,465825,106019,390393,362519,268208,1712536,1400,778,20,Pass,Pass
0,27,6,A0,1MiB,1048576,8192,measured,17,716566,56807,1744,155788,48545,150280,168999,133197,715360,1206,509,20,Pass,Pass
0,27,7,A0,16MiB,16777216,131072,measured,17,27211471,3146477,4247,5573380,2418471,5790218,7001024,3275044,27208861,2610,1403,20,Pass,Pass
0,28,0,A0,1MiB,1048576,8192,measured,18,718474,56502,1795,167513,48483,142267,169641,131083,717284,1190,656,20,Pass,Pass
0,28,1,A0,16MiB,16777216,131072,measured,18,25167234,3075526,4056,4928370,2308538,5395791,6179174,3273340,25164795,2439,1285,20,Pass,Pass
0,28,2,A0,2MiB,2097152,16384,measured,18,1652905,113967,2316,443301,106461,383784,338270,263149,1651248,1657,949,20,Pass,Pass
0,28,3,A0,128KiB,131072,1024,measured,18,105173,6841,1772,19698,5629,20667,31562,17526,103695,1478,447,20,Pass,Pass
0,28,4,A0,4MiB,4194304,32768,measured,18,4953955,508722,2719,1135542,337311,1154987,1172211,640474,4951966,1989,700,20,Pass,Pass
0,28,5,A0,512KiB,524288,4096,measured,18,353846,28585,1812,74675,23265,72865,84154,67274,352630,1216,670,20,Pass,Pass
0,28,6,A0,8MiB,8388608,65536,measured,18,13124653,1438601,3572,2965431,1076146,2779848,3299092,1560148,13122838,1815,1061,20,Pass,Pass
0,28,7,A0,256KiB,262144,2048,measured,18,180091,13594,1974,37889,10839,37314,42220,35055,178885,1206,649,20,Pass,Pass
0,29,0,A0,4MiB,4194304,32768,measured,19,5132008,444009,2330,1285875,357167,1176118,1192393,672418,5130310,1698,706,20,Pass,Pass
0,29,1,A0,512KiB,524288,4096,measured,19,356528,28685,2348,74850,22726,73713,85269,67579,355170,1358,830,20,Pass,Pass
0,29,2,A0,16MiB,16777216,131072,measured,19,27394923,3170000,3576,5682882,2289731,6345074,6771090,3130028,27392381,2542,1008,20,Pass,Pass
0,29,3,A0,2MiB,2097152,16384,measured,19,1605633,118370,2202,428735,104079,332618,354946,263237,1604187,1446,799,20,Pass,Pass
0,29,4,A0,128KiB,131072,1024,measured,19,91924,6812,1561,19070,5203,19918,20670,17400,90634,1290,393,20,Pass,Pass
0,29,5,A0,256KiB,262144,2048,measured,19,174342,13382,1171,37041,10795,36153,40064,35087,173693,649,234,20,Pass,Pass
0,29,6,A0,8MiB,8388608,65536,measured,19,13253392,1472984,3484,2864870,1077941,2764936,3514625,1552516,13251356,2036,879,20,Pass,Pass
0,29,7,A0,1MiB,1048576,8192,measured,19,721894,56907,2415,165275,48534,143188,171968,132219,720506,1388,852,20,Pass,Pass
0,30,0,A0,4MiB,4194304,32768,measured,20,6096863,662914,3333,1332850,446258,1268878,1634348,746425,6095006,1857,894,20,Pass,Pass
0,30,1,A0,2MiB,2097152,16384,measured,20,1715368,120740,2172,429696,112535,388226,369495,290979,1713843,1525,752,20,Pass,Pass
0,30,2,A0,512KiB,524288,4096,measured,20,355160,28907,1646,78569,22815,72369,82267,67437,354010,1150,482,20,Pass,Pass
0,30,3,A0,16MiB,16777216,131072,measured,20,26036784,3069708,3785,5216056,2269268,5422138,6830784,3222412,26034151,2633,1255,20,Pass,Pass
0,30,4,A0,8MiB,8388608,65536,measured,20,12498966,1400579,3662,2597355,1031554,2548393,3354954,1560321,12496818,2148,984,20,Pass,Pass
0,30,5,A0,128KiB,131072,1024,measured,20,94662,6663,1806,19421,5409,20189,22407,17544,93439,1223,635,20,Pass,Pass
0,30,6,A0,256KiB,262144,2048,measured,20,177147,13426,1376,36415,10866,37791,41484,35048,176406,741,378,20,Pass,Pass
0,30,7,A0,1MiB,1048576,8192,measured,20,734823,56713,1417,174400,48179,144419,172938,135514,733580,1243,455,20,Pass,Pass
0,31,0,A0,8MiB,8388608,65536,measured,21,13394533,1416964,3111,2949143,1076410,2821078,3536604,1588781,13392091,2442,923,20,Pass,Pass
0,31,1,A0,2MiB,2097152,16384,measured,21,1617956,115171,2150,448797,98304,338998,348386,264734,1616540,1416,718,20,Pass,Pass
0,31,2,A0,128KiB,131072,1024,measured,21,89907,6720,1695,19048,5340,18433,19798,17537,88571,1336,461,20,Pass,Pass
0,31,3,A0,512KiB,524288,4096,measured,21,411681,29610,1657,103473,22905,71305,111460,70280,410690,991,449,20,Pass,Pass
0,31,4,A0,1MiB,1048576,8192,measured,21,727586,56970,1413,168403,48118,147013,173185,130944,726046,1540,381,20,Pass,Pass
0,31,5,A0,4MiB,4194304,32768,measured,21,5241013,561236,2644,1171551,329838,1191703,1294897,687379,5239248,1765,838,20,Pass,Pass
0,31,6,A0,16MiB,16777216,131072,measured,21,27232619,2952548,3990,5737577,2249618,5926784,7135916,3222996,27229429,3190,1102,20,Pass,Pass
0,31,7,A0,256KiB,262144,2048,measured,21,178343,13489,2087,36074,10966,36852,42528,35075,177071,1272,565,20,Pass,Pass
0,32,0,A0,1MiB,1048576,8192,measured,22,720769,56155,1295,156596,48626,151730,171246,134013,719661,1108,388,20,Pass,Pass
0,32,1,A0,128KiB,131072,1024,measured,22,88729,6522,1144,17782,5176,19446,20453,17564,88087,642,231,20,Pass,Pass
0,32,2,A0,256KiB,262144,2048,measured,22,201559,13450,1215,37546,10929,60056,41203,36407,200806,753,275,20,Pass,Pass
0,32,3,A0,8MiB,8388608,65536,measured,22,13118175,1505380,3511,2533955,1071560,2789959,3631227,1580508,13116100,2075,953,20,Pass,Pass
0,32,4,A0,4MiB,4194304,32768,measured,22,5110560,484011,3446,1152927,334414,1186938,1257809,689473,5109018,1542,934,20,Pass,Pass
0,32,5,A0,16MiB,16777216,131072,measured,22,27280233,2944662,3447,5701946,2270639,5928471,7189645,3238206,27277016,3217,934,20,Pass,Pass
0,32,6,A0,512KiB,524288,4096,measured,22,361581,28325,1500,75071,22521,73382,84917,74497,360213,1368,613,20,Pass,Pass
0,32,7,A0,2MiB,2097152,16384,measured,22,1634610,113121,1981,423244,98495,377826,350534,268010,1633211,1399,694,20,Pass,Pass
0,33,0,A0,256KiB,262144,2048,measured,23,177387,13536,1802,37098,10833,36587,40770,35108,175734,1653,386,20,Pass,Pass
0,33,1,A0,1MiB,1048576,8192,measured,23,709211,57345,1487,153450,49425,145296,168257,132775,708035,1176,405,20,Pass,Pass
0,33,2,A0,16MiB,16777216,131072,measured,23,27383602,2983002,3936,5674720,2243887,6023541,7176480,3275463,27381029,2573,1078,20,Pass,Pass
0,33,3,A0,8MiB,8388608,65536,measured,23,13263020,1491750,3161,2624332,1079385,3071046,3456741,1534341,13260756,2264,998,20,Pass,Pass
0,33,4,A0,4MiB,4194304,32768,measured,23,4847520,409682,3229,1339979,291708,1134861,996641,669679,4845779,1741,976,20,Pass,Pass
0,33,5,A0,512KiB,524288,4096,measured,23,353487,28750,2367,74762,22824,71309,84271,67556,351839,1648,1063,20,Pass,Pass
0,33,6,A0,2MiB,2097152,16384,measured,23,1596653,114067,2210,436032,98677,332367,349033,262911,1595297,1356,647,20,Pass,Pass
0,33,7,A0,128KiB,131072,1024,measured,23,92093,6936,2242,18439,5526,19426,20918,17517,91004,1089,724,20,Pass,Pass
0,34,0,A0,256KiB,262144,2048,measured,24,176361,13427,1228,37813,10831,36871,40483,34951,175604,757,289,20,Pass,Pass
0,34,1,A0,4MiB,4194304,32768,measured,24,5168231,538443,2705,1155214,335186,1188422,1270423,676283,5166676,1555,736,20,Pass,Pass
0,34,2,A0,2MiB,2097152,16384,measured,24,1758574,120859,1986,481213,107122,408163,366955,270771,1757069,1505,510,20,Pass,Pass
0,34,3,A0,16MiB,16777216,131072,measured,24,27205273,2952476,3512,5704042,2277145,5917294,7018917,3329104,27202490,2783,1005,20,Pass,Pass
0,34,4,A0,128KiB,131072,1024,measured,24,91486,6873,2155,19091,5571,18712,20223,17749,90374,1112,704,20,Pass,Pass
0,34,5,A0,1MiB,1048576,8192,measured,24,711080,56871,1337,161063,48097,143130,168991,130396,709885,1195,423,20,Pass,Pass
0,34,6,A0,8MiB,8388608,65536,measured,24,14074568,1426548,3619,2622330,1091066,2990555,4251492,1686816,14072426,2142,1022,20,Pass,Pass
0,34,7,A0,512KiB,524288,4096,measured,24,389727,29582,2066,78089,34993,86719,87945,69216,388610,1117,677,20,Pass,Pass
0,35,0,A0,1MiB,1048576,8192,measured,25,718702,57053,1557,163949,48053,143416,169997,133656,717681,1021,517,20,Pass,Pass
0,35,1,A0,128KiB,131072,1024,measured,25,87597,6430,1251,18386,5101,18642,19657,17551,87018,579,238,20,Pass,Pass
0,35,2,A0,4MiB,4194304,32768,measured,25,5683096,620922,2575,1232975,377189,1213361,1519988,714283,5681293,1803,695,20,Pass,Pass
0,35,3,A0,256KiB,262144,2048,measured,25,182367,13620,1571,36558,10755,37059,46449,35141,181153,1214,373,20,Pass,Pass
0,35,4,A0,512KiB,524288,4096,measured,25,353451,28126,1168,73826,22568,72351,83306,71346,352691,760,284,20,Pass,Pass
0,35,5,A0,2MiB,2097152,16384,measured,25,1685675,125253,2535,468364,99406,362880,358884,266551,1683873,1802,678,20,Pass,Pass
0,35,6,A0,8MiB,8388608,65536,measured,25,13388349,1536655,3588,2796286,1078717,2799609,3562773,1608467,13386095,2254,971,20,Pass,Pass
0,35,7,A0,16MiB,16777216,131072,measured,25,27030397,2998071,3534,5786567,2322991,6026346,6797857,3092208,27027574,2823,1026,20,Pass,Pass
0,36,0,A0,4MiB,4194304,32768,measured,26,4869989,452754,2647,1172975,273166,1230645,1078430,657040,4867657,2332,817,20,Pass,Pass
0,36,1,A0,16MiB,16777216,131072,measured,26,26130867,3015925,4680,5097238,2253888,5511285,6916764,3328670,26128450,2417,1427,20,Pass,Pass
0,36,2,A0,1MiB,1048576,8192,measured,26,722956,56558,2212,163242,48272,147667,167421,136179,721551,1405,604,20,Pass,Pass
0,36,3,A0,256KiB,262144,2048,measured,26,193899,14202,1699,38950,11220,37602,52906,36655,193234,665,494,20,Pass,Pass
0,36,4,A0,512KiB,524288,4096,measured,26,391084,28353,1383,95693,24292,75429,84068,81106,390324,760,407,20,Pass,Pass
0,36,5,A0,2MiB,2097152,16384,measured,26,1625274,117387,2033,453599,102664,335449,344241,268599,1623972,1302,613,20,Pass,Pass
0,36,6,A0,8MiB,8388608,65536,measured,26,12919547,1455307,3158,2597884,1077453,2774113,3419526,1589967,12917408,2139,999,20,Pass,Pass
0,36,7,A0,128KiB,131072,1024,measured,26,92660,6897,2310,20420,5251,19416,19543,17472,91309,1351,1151,20,Pass,Pass
0,37,0,A0,1MiB,1048576,8192,measured,27,706763,56929,1179,153496,49140,144986,168251,131854,705835,928,452,20,Pass,Pass
0,37,1,A0,16MiB,16777216,131072,measured,27,27429938,3083859,3850,5713651,2315919,5887522,7166198,3256235,27427234,2704,1316,20,Pass,Pass
0,37,2,A0,512KiB,524288,4096,measured,27,353119,28770,1984,74757,22779,71392,85073,67083,351838,1281,601,20,Pass,Pass
0,37,3,A0,2MiB,2097152,16384,measured,27,1729799,112666,1942,441621,115312,383634,395453,277812,1728440,1359,671,20,Pass,Pass
0,37,4,A0,128KiB,131072,1024,measured,27,90924,6839,1813,18017,5541,19633,20466,17497,89806,1118,701,20,Pass,Pass
0,37,5,A0,4MiB,4194304,32768,measured,27,5624259,540626,2703,1329528,380459,1232913,1457547,678288,5622064,2195,755,20,Pass,Pass
0,37,6,A0,8MiB,8388608,65536,measured,27,13293027,1492357,4144,2800763,1070467,2754375,3640495,1528514,13291115,1912,948,20,Pass,Pass
0,37,7,A0,256KiB,262144,2048,measured,27,180513,13821,1885,40223,11057,35372,41935,35121,179414,1099,650,20,Pass,Pass
0,38,0,A0,1MiB,1048576,8192,measured,28,743663,59143,1598,188019,48479,143548,170242,131708,742737,926,378,20,Pass,Pass
0,38,1,A0,512KiB,524288,4096,measured,28,349642,28497,1460,75959,22831,69410,83142,67643,348942,700,477,20,Pass,Pass
0,38,2,A0,8MiB,8388608,65536,measured,28,12626536,1436017,3192,2580830,1078846,2542846,3433616,1548976,12624323,2213,943,20,Pass,Pass
0,38,3,A0,16MiB,16777216,131072,measured,28,25910291,3004194,4543,5302586,2275232,5445082,6750542,3125391,25907570,2721,1416,20,Pass,Pass
0,38,4,A0,128KiB,131072,1024,measured,28,93424,6703,1750,20464,5356,19852,19972,17928,92025,1399,497,20,Pass,Pass
0,38,5,A0,2MiB,2097152,16384,measured,28,1693712,116381,2627,454209,104613,389868,356304,268209,1692211,1501,742,20,Pass,Pass
0,38,6,A0,256KiB,262144,2048,measured,28,177819,13589,1458,38181,10860,35250,41545,35570,176453,1366,348,20,Pass,Pass
0,38,7,A0,4MiB,4194304,32768,measured,28,5587845,605994,3376,1358925,398921,1211631,1328039,678905,5585791,2054,754,20,Pass,Pass
0,39,0,A0,16MiB,16777216,131072,measured,29,26336433,2994776,3486,5294855,2267938,5508025,7020285,3244296,26333661,2772,1059,20,Pass,Pass
0,39,1,A0,1MiB,1048576,8192,measured,29,728785,56382,2221,163487,49476,156510,167553,131977,727606,1179,880,20,Pass,Pass
0,39,2,A0,256KiB,262144,2048,measured,29,174375,13384,1585,37206,10805,35629,39968,34982,173559,816,565,20,Pass,Pass
0,39,3,A0,2MiB,2097152,16384,measured,29,1700330,119938,2731,447996,110649,387651,358668,271155,1698788,1542,780,20,Pass,Pass
0,39,4,A0,4MiB,4194304,32768,measured,29,4971915,506032,6822,1129601,358159,1147380,1170985,651103,4970082,1833,4927,20,Pass,Pass
0,39,5,A0,512KiB,524288,4096,measured,29,355826,28534,2054,75877,22973,73502,84210,67188,354338,1488,778,20,Pass,Pass
0,39,6,A0,8MiB,8388608,65536,measured,29,13276232,1492271,3119,2817915,1074149,2760870,3592766,1533129,13274219,2013,882,20,Pass,Pass
0,39,7,A0,128KiB,131072,1024,measured,29,97617,6856,1613,20149,5292,20789,21252,20473,96424,1193,445,20,Pass,Pass
1,0,0,A0,512KiB,524288,4096,warmup,0,472426,28924,2046,75359,22733,71337,203947,66912,471258,1168,700,20,Pass,Pass
1,0,1,A0,8MiB,8388608,65536,warmup,0,15508236,1396505,4540,2960799,1079421,2848571,5631562,1583903,15505301,2935,1026,20,Pass,Pass
1,0,2,A0,16MiB,16777216,131072,warmup,0,29105889,3179737,5107,5362350,2333801,5074773,9961469,3185159,29102396,3493,1212,20,Pass,Pass
1,0,3,A0,256KiB,262144,2048,warmup,0,181788,13286,1847,35462,10851,41493,42529,35053,180521,1267,530,20,Pass,Pass
1,0,4,A0,2MiB,2097152,16384,warmup,0,1710184,120016,2890,478193,109611,384047,347915,265690,1708362,1822,907,20,Pass,Pass
1,0,5,A0,1MiB,1048576,8192,warmup,0,721993,56245,2403,162369,47847,147992,172409,131330,720595,1398,700,20,Pass,Pass
1,0,6,A0,128KiB,131072,1024,warmup,0,90782,6474,1665,19084,5708,18799,20429,17667,89826,956,454,20,Pass,Pass
1,0,7,A0,4MiB,4194304,32768,warmup,0,6146183,668155,3498,1365494,415846,1295574,1673194,722538,6144299,1884,807,20,Pass,Pass
1,1,0,A0,2MiB,2097152,16384,warmup,0,1763567,161729,2945,468628,107621,355399,393256,272723,1762301,1266,960,20,Pass,Pass
1,1,1,A0,8MiB,8388608,65536,warmup,0,13343572,1463145,3838,2682637,1045144,3118135,3500582,1527332,13340813,2759,1158,20,Pass,Pass
1,1,2,A0,1MiB,1048576,8192,warmup,0,718009,61623,2165,155518,48905,146547,170319,131439,716516,1493,799,20,Pass,Pass
1,1,3,A0,512KiB,524288,4096,warmup,0,350885,28525,1624,74668,22773,72043,81905,68027,349565,1320,519,20,Pass,Pass
1,1,4,A0,4MiB,4194304,32768,warmup,0,6253952,726003,2813,1373275,464617,1312030,1613578,759412,6251728,2224,923,20,Pass,Pass
1,1,5,A0,16MiB,16777216,131072,warmup,0,25717850,3119536,4172,5034414,2238845,4985356,7076630,3256176,25715129,2721,1143,20,Pass,Pass
1,1,6,A0,128KiB,131072,1024,warmup,0,92467,6781,1809,19497,5441,19055,20597,17802,90982,1485,628,20,Pass,Pass
1,1,7,A0,256KiB,262144,2048,warmup,0,177695,13369,1050,39972,10846,35899,41105,34803,177044,651,273,20,Pass,Pass
1,2,0,A0,1MiB,1048576,8192,warmup,0,743919,62261,1485,174199,48386,148723,177275,130628,742957,962,493,20,Pass,Pass
1,2,1,A0,16MiB,16777216,131072,warmup,0,27224186,3108434,3554,5519931,2274101,5543196,7502095,3269707,27221018,3168,1059,20,Pass,Pass
1,2,2,A0,128KiB,131072,1024,warmup,0,92634,6720,2612,19455,5523,18690,20351,17601,90952,1682,928,20,Pass,Pass
1,2,3,A0,8MiB,8388608,65536,warmup,0,13533314,1509344,3375,2779795,1056894,2880065,3608058,1693454,13530985,2329,1052,20,Pass,Pass
1,2,4,A0,256KiB,262144,2048,warmup,0,182102,13702,2030,37477,11003,35995,41790,38701,180698,1404,674,20,Pass,Pass
1,2,5,A0,4MiB,4194304,32768,warmup,0,6104821,655404,3511,1360270,428088,1314956,1609223,731345,6102797,2024,963,20,Pass,Pass
1,2,6,A0,2MiB,2097152,16384,warmup,0,1692570,117365,2642,462137,101782,387987,352991,266269,1691173,1397,943,20,Pass,Pass
1,2,7,A0,512KiB,524288,4096,warmup,0,355837,28510,1790,72544,23050,77918,83080,67778,354670,1167,609,20,Pass,Pass
1,3,0,A0,4MiB,4194304,32768,warmup,0,6070351,636683,3281,1371862,425785,1307537,1605414,717959,6068521,1830,1132,20,Pass,Pass
1,3,1,A0,256KiB,262144,2048,warmup,0,178891,13269,2006,40507,11025,35141,40345,35260,177553,1338,654,20,Pass,Pass
1,3,2,A0,128KiB,131072,1024,warmup,0,88040,6388,1003,19295,5379,18149,19899,17346,87459,581,346,20,Pass,Pass
1,3,3,A0,1MiB,1048576,8192,warmup,0,735071,56503,1605,173936,47731,145949,175802,132426,733952,1119,593,20,Pass,Pass
1,3,4,A0,512KiB,524288,4096,warmup,0,356783,28648,1504,80685,23119,73450,80942,67534,355882,901,647,20,Pass,Pass
1,3,5,A0,8MiB,8388608,65536,warmup,0,12895501,1402743,3072,2787292,1034154,2752832,3336813,1576402,12893308,2193,1083,20,Pass,Pass
1,3,6,A0,2MiB,2097152,16384,warmup,0,1653300,119110,2520,455113,99689,358772,347972,268702,1651878,1422,830,20,Pass,Pass
1,3,7,A0,16MiB,16777216,131072,warmup,0,25941043,3193950,4413,5293350,2286179,5127732,6827523,3204867,25938014,3029,1305,20,Pass,Pass
1,4,0,A0,128KiB,131072,1024,warmup,0,94890,6538,2257,20734,5430,20826,20094,17832,93711,1179,1047,20,Pass,Pass
1,4,1,A0,1MiB,1048576,8192,warmup,0,748803,56791,1592,184431,49012,146965,177008,131906,747705,1098,500,20,Pass,Pass
1,4,2,A0,16MiB,16777216,131072,warmup,0,26032706,3091398,4617,5157796,2257560,5023197,7218043,3277119,26029730,2976,1454,20,Pass,Pass
1,4,3,A0,8MiB,8388608,65536,warmup,0,12793195,1451519,3647,2586890,1050191,2541523,3596861,1560513,12791144,2051,1302,20,Pass,Pass
1,4,4,A0,2MiB,2097152,16384,warmup,0,1623375,113223,2678,439993,98315,334807,366199,266424,1621639,1736,927,20,Pass,Pass
1,4,5,A0,256KiB,262144,2048,warmup,0,181305,13373,1700,38880,10875,41274,39633,34555,180290,1015,538,20,Pass,Pass
1,4,6,A0,512KiB,524288,4096,warmup,0,371325,32923,1229,78238,23218,80164,87348,67491,370611,714,278,20,Pass,Pass
1,4,7,A0,4MiB,4194304,32768,warmup,0,6033632,662147,2596,1367232,403992,1310232,1587444,697631,6031274,2358,987,20,Pass,Pass
1,5,0,A0,4MiB,4194304,32768,warmup,0,6053211,653848,2739,1397403,408197,1337260,1523152,728305,6050904,2307,876,20,Pass,Pass
1,5,1,A0,512KiB,524288,4096,warmup,0,370090,28400,2197,81605,23387,83600,81433,68067,368689,1401,895,20,Pass,Pass
1,5,2,A0,256KiB,262144,2048,warmup,0,197062,13719,1404,47647,22301,36821,39496,34881,196269,793,424,20,Pass,Pass
1,5,3,A0,8MiB,8388608,65536,warmup,0,13305744,1407492,3736,2790391,1068009,2973315,3478429,1581314,13302686,3058,1111,20,Pass,Pass
1,5,4,A0,2MiB,2097152,16384,warmup,0,1571369,111860,2496,415346,98197,328553,352795,260608,1569855,1514,760,20,Pass,Pass
1,5,5,A0,16MiB,16777216,131072,warmup,0,24757209,3037444,4717,4765871,2233666,4903504,6436477,3372528,24754207,3002,1362,20,Pass,Pass
1,5,6,A0,1MiB,1048576,8192,warmup,0,719172,57129,2794,156841,48902,144197,175771,131961,717595,1577,1240,20,Pass,Pass
1,5,7,A0,128KiB,131072,1024,warmup,0,92163,6710,1514,19615,5502,19661,20604,17772,91378,785,370,20,Pass,Pass
1,6,0,A0,128KiB,131072,1024,warmup,0,88135,6250,1047,18711,5398,19467,19170,17484,87527,608,335,20,Pass,Pass
1,6,1,A0,1MiB,1048576,8192,warmup,0,734944,56571,1242,175744,49079,149819,168927,132537,733919,1025,424,20,Pass,Pass
1,6,2,A0,512KiB,524288,4096,warmup,0,355234,32182,1508,78458,23142,72257,79134,67628,354309,925,663,20,Pass,Pass
1,6,3,A0,2MiB,2097152,16384,warmup,0,1607712,121120,2569,417607,98109,347810,357647,261315,1606177,1535,1001,20,Pass,Pass
1,6,4,A0,256KiB,262144,2048,warmup,0,177091,13788,2042,37246,11048,36647,39958,35117,175846,1245,760,20,Pass,Pass
1,6,5,A0,16MiB,16777216,131072,warmup,0,24528345,3106544,4856,4746310,2339802,4837161,6175857,3315107,24525637,2708,1183,20,Pass,Pass
1,6,6,A0,4MiB,4194304,32768,warmup,0,4919447,472081,3557,1133175,357885,1021872,1286728,642003,4917301,2146,1139,20,Pass,Pass
1,6,7,A0,8MiB,8388608,65536,warmup,0,12471914,1421728,3445,2560655,1044824,2563868,3337583,1537456,12469559,2355,993,20,Pass,Pass
1,7,0,A0,2MiB,2097152,16384,warmup,0,1595160,111806,2744,444160,98222,330152,344473,261966,1593523,1637,739,20,Pass,Pass
1,7,1,A0,512KiB,524288,4096,warmup,0,398305,28400,6869,96972,23980,75018,97128,68144,396511,1794,667,20,Pass,Pass
1,7,2,A0,16MiB,16777216,131072,warmup,0,26657418,3065916,3542,5575137,2282097,5547455,6954937,3225394,26654478,2940,1205,20,Pass,Pass
1,7,3,A0,8MiB,8388608,65536,warmup,0,12815692,1408193,3572,2750118,1078483,2558072,3475306,1539537,12813281,2411,1164,20,Pass,Pass
1,7,4,A0,1MiB,1048576,8192,warmup,0,726247,57106,2361,164491,48358,143319,176937,132185,724757,1490,1071,20,Pass,Pass
1,7,5,A0,128KiB,131072,1024,warmup,0,89703,6388,1325,18975,5218,20447,19187,17421,88961,742,353,20,Pass,Pass
1,7,6,A0,256KiB,262144,2048,warmup,0,188010,13441,1182,35981,23352,37257,40006,36094,187313,697,345,20,Pass,Pass
1,7,7,A0,4MiB,4194304,32768,warmup,0,4891319,390427,2387,1289798,338759,1126878,1068944,672089,4889282,2037,796,20,Pass,Pass
1,8,0,A0,128KiB,131072,1024,warmup,0,91493,6763,1740,19328,5383,19278,19946,17530,89968,1525,629,20,Pass,Pass
1,8,1,A0,1MiB,1048576,8192,warmup,0,767381,56618,1447,182702,49239,170978,173963,131423,766370,1011,534,20,Pass,Pass
1,8,2,A0,8MiB,8388608,65536,warmup,0,13675662,1526029,3281,2881315,1105966,2839551,3618992,1697796,13672930,2732,1154,20,Pass,Pass
1,8,3,A0,512KiB,524288,4096,warmup,0,371209,28463,1872,77136,23020,82994,88815,67644,369944,1265,631,20,Pass,Pass
1,8,4,A0,16MiB,16777216,131072,warmup,0,26613475,3051018,3812,5573273,2294594,5532474,6882011,3273526,26610708,2767,1010,20,Pass,Pass
1,8,5,A0,256KiB,262144,2048,warmup,0,178451,13351,2193,38924,10889,35880,40861,35104,177202,1249,1053,20,Pass,Pass
1,8,6,A0,2MiB,2097152,16384,warmup,0,1655435,112361,2112,462244,98506,344346,365493,268945,1654007,1428,805,20,Pass,Pass
1,8,7,A0,4MiB,4194304,32768,warmup,0,5081601,521810,3456,1234177,368364,1050378,1238566,662454,5079205,2396,1128,20,Pass,Pass
1,9,0,A0,4MiB,4194304,32768,warmup,0,5549054,587965,3479,1329108,372966,1307252,1287141,659081,5546992,2062,1186,20,Pass,Pass
1,9,1,A0,512KiB,524288,4096,warmup,0,355438,28333,1762,75006,22641,71505,83201,71303,353751,1687,655,20,Pass,Pass
1,9,2,A0,1MiB,1048576,8192,warmup,0,714423,56921,1392,160963,48305,144060,170520,131253,713414,1009,460,20,Pass,Pass
1,9,3,A0,16MiB,16777216,131072,warmup,0,24453890,3103624,4148,4663446,2280404,4865412,6168223,3365782,24451039,2851,1277,20,Pass,Pass
1,9,4,A0,256KiB,262144,2048,warmup,0,189076,14138,2519,42095,11402,37422,43281,36435,187292,1784,728,20,Pass,Pass
1,9,5,A0,2MiB,2097152,16384,warmup,0,1593243,111493,2192,428869,98068,328185,359314,263321,1591442,1801,776,20,Pass,Pass
1,9,6,A0,8MiB,8388608,65536,warmup,0,12623672,1408552,3154,2581379,1043656,2531846,3520722,1531471,12620780,2892,1107,20,Pass,Pass
1,9,7,A0,128KiB,131072,1024,warmup,0,95607,6784,1803,20498,5505,21229,20610,17732,94161,1446,584,20,Pass,Pass
1,10,0,A0,128KiB,131072,1024,measured,0,89371,6550,942,18858,5381,18986,20619,17370,88706,665,238,20,Pass,Pass
1,10,1,A0,4MiB,4194304,32768,measured,0,5216825,504367,3173,1251181,338227,1274434,1185223,658051,5214656,2169,968,20,Pass,Pass
1,10,2,A0,256KiB,262144,2048,measured,0,179349,13280,2293,39832,10885,38297,38487,35161,178235,1114,640,20,Pass,Pass
1,10,3,A0,16MiB,16777216,131072,measured,0,26402376,3118204,4270,5594291,2283342,5519224,6697569,3182543,26399443,2933,1583,20,Pass,Pass
1,10,4,A0,1MiB,1048576,8192,measured,0,729994,56915,2185,163650,48376,144762,180448,132299,728635,1359,830,20,Pass,Pass
1,10,5,A0,2MiB,2097152,16384,measured,0,1605688,112207,2762,444440,102673,330071,345625,266675,1604453,1235,760,20,Pass,Pass
1,10,6,A0,512KiB,524288,4096,measured,0,355462,28351,1947,77211,22936,72544,83380,67747,354116,1346,825,20,Pass,Pass
1,10,7,A0,8MiB,8388608,65536,measured,0,12066615,1483668,3424,2314593,1044042,2329344,3196623,1692644,12064338,2277,1059,20,Pass,Pass
1,11,0,A0,512KiB,524288,4096,measured,1,376582,28193,2029,88240,23000,82504,84291,67085,375342,1240,901,20,Pass,Pass
1,11,1,A0,8MiB,8388608,65536,measured,1,12990355,1401137,3536,2801265,1054154,2753899,3438664,1534931,12987586,2769,1045,20,Pass,Pass
1,11,2,A0,4MiB,4194304,32768,measured,1,5307692,517805,3196,1299229,327962,1295068,1209892,652484,5305636,2056,1111,20,Pass,Pass
1,11,3,A0,128KiB,131072,1024,measured,1,91982,6572,2302,18943,5457,18694,21191,17363,90522,1460,1030,20,Pass,Pass
1,11,4,A0,256KiB,262144,2048,measured,1,175219,13325,1230,39452,10761,36225,38386,35163,174542,677,337,20,Pass,Pass
1,11,5,A0,1MiB,1048576,8192,measured,1,718863,57136,1418,159618,53228,144318,170863,131340,717921,942,471,20,Pass,Pass
1,11,6,A0,16MiB,16777216,131072,measured,1,26149300,3097472,4417,5120049,2266049,5115615,7250220,3293100,26146922,2378,1271,20,Pass,Pass
1,11,7,A0,2MiB,2097152,16384,measured,1,1657411,114279,2639,411614,99634,399713,360680,267118,1655677,1734,913,20,Pass,Pass
1,12,0,A0,128KiB,131072,1024,measured,2,90821,6556,1815,18754,5481,18952,20804,17449,89811,1010,685,20,Pass,Pass
1,12,1,A0,512KiB,524288,4096,measured,2,373798,28644,1471,74967,23028,90144,84687,70033,372974,824,514,20,Pass,Pass
1,12,2,A0,256KiB,262144,2048,measured,2,174519,13466,1128,37473,10841,36933,38794,35188,173823,696,339,20,Pass,Pass
1,12,3,A0,1MiB,1048576,8192,measured,2,725110,56977,1358,165231,48951,144647,175749,131154,724067,1043,518,20,Pass,Pass
1,12,4,A0,16MiB,16777216,131072,measured,2,26344653,2999651,4188,5326783,2256598,5364861,6999451,3390544,26342076,2577,1269,20,Pass,Pass
1,12,5,A0,2MiB,2097152,16384,measured,2,1589156,112763,2555,416773,98269,336201,355793,264860,1587214,1942,936,20,Pass,Pass
1,12,6,A0,8MiB,8388608,65536,measured,2,12508520,1447689,3299,2530019,1030823,2503110,3496851,1494454,12506245,2275,1007,20,Pass,Pass
1,12,7,A0,4MiB,4194304,32768,measured,2,4748791,452736,3241,1291372,290640,1105279,992184,610829,4746281,2510,1124,20,Pass,Pass
1,13,0,A0,1MiB,1048576,8192,measured,3,727121,56972,2866,166150,48882,144080,176023,130834,725807,1314,1075,20,Pass,Pass
1,13,1,A0,16MiB,16777216,131072,measured,3,25992870,3100711,4672,5098170,2269100,5082980,7205766,3228799,25990198,2672,1479,20,Pass,Pass
1,13,2,A0,256KiB,262144,2048,measured,3,179360,13533,2090,39054,10994,38006,39200,35196,178073,1287,619,20,Pass,Pass
1,13,3,A0,8MiB,8388608,65536,measured,3,13119078,1432781,3464,2756190,1041662,2841484,3525319,1515480,13116380,2698,1077,20,Pass,Pass
1,13,4,A0,128KiB,131072,1024,measured,3,97111,6886,1999,22298,5503,20423,20333,18022,95464,1647,741,20,Pass,Pass
1,13,5,A0,2MiB,2097152,16384,measured,3,1700046,136805,2138,458713,106908,356758,367907,269343,1698572,1474,847,20,Pass,Pass
1,13,6,A0,512KiB,524288,4096,measured,3,377359,28528,1951,81727,23490,82607,89469,68255,376027,1332,664,20,Pass,Pass
1,13,7,A0,4MiB,4194304,32768,measured,3,5073643,491260,3063,1134831,351834,1244141,1183748,662820,5071697,1946,875,20,Pass,Pass
1,14,0,A0,8MiB,8388608,65536,measured,4,13087021,1410760,3851,2720969,1066375,2740818,3560685,1580773,13084231,2790,1126,20,Pass,Pass
1,14,1,A0,128KiB,131072,1024,measured,4,93141,6684,1976,19813,5398,18858,21715,17481,91925,1216,645,20,Pass,Pass
1,14,2,A0,16MiB,16777216,131072,measured,4,24443017,3109118,4546,4665897,2242692,4758655,6288436,3370978,24440322,2695,1287,20,Pass,Pass
1,14,3,A0,256KiB,262144,2048,measured,4,179051,13608,1967,39193,10894,38154,38768,35444,178028,1023,623,20,Pass,Pass
1,14,4,A0,2MiB,2097152,16384,measured,4,1811933,145637,2650,536234,98255,398651,359162,269625,1810214,1719,979,20,Pass,Pass
1,14,5,A0,512KiB,524288,4096,measured,4,352893,28596,1822,75381,22829,72410,83380,67337,351755,1138,579,20,Pass,Pass
1,14,6,A0,1MiB,1048576,8192,measured,4,764325,57949,1790,208050,48526,152375,163904,130608,763202,1123,543,20,Pass,Pass
1,14,7,A0,4MiB,4194304,32768,measured,4,5111799,400437,2804,1273749,324192,1280289,1173088,655186,5109745,2054,954,20,Pass,Pass
1,15,0,A0,16MiB,16777216,131072,measured,5,26865217,3062762,3213,5559942,2269746,5491959,7278259,3196613,26862494,2723,982,20,Pass,Pass
1,15,1,A0,4MiB,4194304,32768,measured,5,4951540,379114,3187,1342041,339127,1029894,1215083,641056,4949502,2038,960,20,Pass,Pass
1,15,2,A0,2MiB,2097152,16384,measured,5,1603481,115663,2264,412064,98939,344716,363301,265185,1602132,1349,832,20,Pass,Pass
1,15,3,A0,1MiB,1048576,8192,measured,5,728873,56623,2092,170543,48020,147285,171077,132013,727653,1220,828,20,Pass,Pass
1,15,4,A0,512KiB,524288,4096,measured,5,349688,28359,1652,75445,22810,71336,80902,68035,348539,1149,521,20,Pass,Pass
1,15,5,A0,128KiB,131072,1024,measured,5,85803,6387,974,18266,5418,17915,19194,17106,85260,543,279,20,Pass,Pass
1,15,6,A0,256KiB,262144,2048,measured,5,191288,13729,1154,51204,11221,36480,41011,35811,190610,678,390,20,Pass,Pass
1,15,7,A0,8MiB,8388608,65536,measured,5,12594724,1468674,2880,2547028,1046364,2524450,3503506,1499863,12592765,1959,973,20,Pass,Pass
1,16,0,A0,16MiB,16777216,131072,measured,6,25847801,3274612,3426,5034952,2272522,5008789,7029784,3221274,25845359,2442,1149,20,Pass,Pass
1,16,1,A0,4MiB,4194304,32768,measured,6,5251306,393300,2724,1323662,348266,1281388,1224957,675399,5249696,1610,946,20,Pass,Pass
1,16,2,A0,128KiB,131072,1024,measured,6,94545,6956,1884,19614,5545,21429,20323,17706,93457,1088,853,20,Pass,Pass
1,16,3,A0,1MiB,1048576,8192,measured,6,745546,56832,1182,168005,48497,145084,179522,145538,744660,886,367,20,Pass,Pass
1,16,4,A0,512KiB,524288,4096,measured,6,351416,28754,1938,74722,22961,72458,82103,67455,350391,1025,759,20,Pass,Pass
1,16,5,A0,2MiB,2097152,16384,measured,6,1608261,115113,2419,419787,98600,352780,355622,262583,1606904,1357,933,20,Pass,Pass
1,16,6,A0,8MiB,8388608,65536,measured,6,11919340,1401621,3676,2420697,1042123,2375934,3030254,1642387,11916692,2648,1205,20,Pass,Pass
1,16,7,A0,256KiB,262144,2048,measured,6,185073,13505,2140,38362,10899,41723,41942,35241,183812,1261,746,20,Pass,Pass
1,17,0,A0,256KiB,262144,2048,measured,7,180236,13339,1104,38198,10878,41408,39668,35015,179610,626,282,20,Pass,Pass
1,17,1,A0,8MiB,8388608,65536,measured,7,13061257,1459504,2960,2726399,1072429,2763426,3535083,1498720,13058521,2736,1004,20,Pass,Pass
1,17,2,A0,128KiB,131072,1024,measured,7,91400,6543,1597,19501,5251,18680,21241,17627,90440,960,644,20,Pass,Pass
1,17,3,A0,2MiB,2097152,16384,measured,7,1592945,115226,2331,415405,100099,336374,355193,266598,1591226,1719,703,20,Pass,Pass
1,17,4,A0,512KiB,524288,4096,measured,7,369419,28251,2283,81273,23018,82341,82695,68427,368288,1131,652,20,Pass,Pass
1,17,5,A0,16MiB,16777216,131072,measured,7,26231125,3109206,3778,5405143,2224226,5371403,6998572,3115987,26228315,2810,1097,20,Pass,Pass
1,17,6,A0,4MiB,4194304,32768,measured,7,5023596,384950,3040,1313545,338640,1268253,1072089,641252,5021769,1827,1048,20,Pass,Pass
1,17,7,A0,1MiB,1048576,8192,measured,7,791897,60109,2221,198999,49154,165215,178132,136534,790364,1533,768,20,Pass,Pass
1,18,0,A0,128KiB,131072,1024,measured,8,89945,6735,1808,19201,5459,18478,19806,17395,88882,1063,691,20,Pass,Pass
1,18,1,A0,1MiB,1048576,8192,measured,8,722952,56647,1637,166048,49096,145386,168406,134622,721842,1110,742,20,Pass,Pass
1,18,2,A0,8MiB,8388608,65536,measured,8,12835513,1408427,3417,2766011,1035895,2736815,3340749,1541671,12832985,2528,1156,20,Pass,Pass
1,18,3,A0,256KiB,262144,2048,measured,8,180997,13426,1921,38384,11174,36804,42664,35475,179848,1149,775,20,Pass,Pass
1,18,4,A0,512KiB,524288,4096,measured,8,366797,28015,1197,78476,22888,83627,84366,67394,365963,834,399,20,Pass,Pass
1,18,5,A0,2MiB,2097152,16384,measured,8,1639087,116130,2232,454523,98766,354379,349041,262480,1637551,1536,809,20,Pass,Pass
1,18,6,A0,16MiB,16777216,131072,measured,8,25962306,3103429,4567,5112007,2258609,5019510,7245247,3216109,25959478,2828,1202,20,Pass,Pass
1,18,7,A0,4MiB,4194304,32768,measured,8,5353220,406508,3257,1404423,344795,1290863,1202550,698573,5350969,2251,1007,20,Pass,Pass
1,19,0,A0,16MiB,16777216,131072,measured,9,26852560,3288287,4022,5310707,2383499,5168564,7280893,3413555,26849527,3033,1117,20,Pass,Pass
1,19,1,A0,8MiB,8388608,65536,measured,9,12614885,1472408,4288,2489636,1092881,2609623,3203826,1739294,12611956,2929,1385,20,Pass,Pass
1,19,2,A0,512KiB,524288,4096,measured,9,371743,28232,2250,82614,23281,82812,83815,67483,370487,1256,789,20,Pass,Pass
1,19,3,A0,128KiB,131072,1024,measured,9,88890,6502,1095,18738,5242,18874,20213,17601,88265,625,303,20,Pass,Pass
1,19,4,A0,4MiB,4194304,32768,measured,9,5630790,463852,7551,1322342,357431,1398233,1387655,691379,5628443,2347,945,20,Pass,Pass
1,19,5,A0,2MiB,2097152,16384,measured,9,1907116,135592,3002,562726,101378,454815,381260,266690,1905463,1653,980,20,Pass,Pass
1,19,6,A0,1MiB,1048576,8192,measured,9,733323,61751,2247,172998,48404,144652,170695,131107,731854,1469,743,20,Pass,Pass
1,19,7,A0,256KiB,262144,2048,measured,9,189248,13833,1645,49143,10882,37572,39984,35119,188178,1070,505,20,Pass,Pass
1,20,0,A0,2MiB,2097152,16384,measured,10,1809584,113152,2701,497790,116494,442338,358069,277361,1807905,1679,998,20,Pass,Pass
1,20,1,A0,16MiB,16777216,131072,measured,10,27927532,3402131,4405,5847238,2395881,5741365,7102471,3431521,27925012,2520,1229,20,Pass,Pass
1,20,2,A0,1MiB,1048576,8192,measured,10,726652,57129,2395,163512,48673,148141,173431,132127,725408,1244,675,20,Pass,Pass
1,20,3,A0,512KiB,524288,4096,measured,10,354791,28018,1421,76357,22522,73505,85425,66762,354010,781,388,20,Pass,Pass
1,20,4,A0,8MiB,8388608,65536,measured,10,12467006,1420956,3694,2587596,1029271,2537668,3343728,1541301,12464214,2792,1026,20,Pass,Pass
1,20,5,A0,4MiB,4194304,32768,measured,10,5138836,467423,3535,1233679,341036,1272058,1160150,658359,5136240,2596,1048,20,Pass,Pass
1,20,6,A0,128KiB,131072,1024,measured,10,92774,6825,1720,19294,5393,19311,21446,17667,91656,1118,657,20,Pass,Pass
1,20,7,A0,256KiB,262144,2048,measured,10,177164,13541,1102,39499,10811,37420,39081,35078,176532,632,262,20,Pass,Pass
1,21,0,A0,4MiB,4194304,32768,measured,11,5252483,498091,2880,1275639,348408,1263800,1204430,656275,5249523,2960,941,20,Pass,Pass
1,21,1,A0,256KiB,262144,2048,measured,11,179647,13269,1943,39675,10789,37619,39578,35138,178011,1636,769,20,Pass,Pass
1,21,2,A0,2MiB,2097152,16384,measured,11,1619503,114444,2379,435540,98261,344658,356078,266534,1617894,1609,998,20,Pass,Pass
1,21,3,A0,512KiB,524288,4096,measured,11,355116,28921,1739,77704,23003,72677,81950,67742,353736,1380,630,20,Pass,Pass
1,21,4,A0,8MiB,8388608,65536,measured,11,12420037,1471465,2770,2500108,1025292,2485984,3430933,1501348,12417900,2137,853,20,Pass,Pass
1,21,5,A0,1MiB,1048576,8192,measured,11,796230,59438,2650,205668,51871,154917,180773,139492,794809,1421,728,20,Pass,Pass
1,21,6,A0,128KiB,131072,1024,measured,11,105857,7052,2264,20828,5760,20548,21945,18440,96837,9020,798,20,Pass,Pass
1,21,7,A0,16MiB,16777216,131072,measured,11,25892812,2988451,4214,5224580,2254198,5285053,6771895,3361611,25890002,2810,1316,20,Pass,Pass
1,22,0,A0,128KiB,131072,1024,measured,12,92574,6709,2150,19631,5353,18911,20976,17550,91280,1294,678,20,Pass,Pass
1,22,1,A0,2MiB,2097152,16384,measured,12,1616581,110870,2673,443170,98012,343091,353595,263447,1614858,1723,606,20,Pass,Pass
1,22,2,A0,8MiB,8388608,65536,measured,12,12884098,1408362,3570,2765081,1034107,2745253,3312377,1612930,12881680,2418,1325,20,Pass,Pass
1,22,3,A0,1MiB,1048576,8192,measured,12,726961,57060,2787,159345,48832,149865,175503,132264,725656,1305,1111,20,Pass,Pass
1,22,4,A0,256KiB,262144,2048,measured,12,174081,13331,1464,37733,10836,35928,38787,35200,173279,802,440,20,Pass,Pass
1,22,5,A0,4MiB,4194304,32768,measured,12,5908373,628524,2820,1369982,391367,1335601,1464803,713047,5906144,2229,833,20,Pass,Pass
1,22,6,A0,512KiB,524288,4096,measured,12,350613,28578,1819,73213,23402,70300,84869,67341,349522,1091,474,20,Pass,Pass
1,22,7,A0,16MiB,16777216,131072,measured,12,24374480,3125951,4635,4655799,2254646,4706439,6299441,3324399,24371310,3170,1322,20,Pass,Pass
1,23,0,A0,512KiB,524288,4096,measured,13,359113,28102,1839,76595,23031,72342,87990,68005,357904,1209,597,20,Pass,Pass
1,23,1,A0,8MiB,8388608,65536,measured,13,12876072,1435207,3544,2690321,1031350,2676798,3479912,1557022,12874154,1918,1064,20,Pass,Pass
1,23,2,A0,128KiB,131072,1024,measured,13,92250,6572,2180,19531,5361,19490,20065,17552,90751,1499,688,20,Pass,Pass
1,23,3,A0,4MiB,4194304,32768,measured,13,5971678,616058,3178,1357604,395684,1327580,1512614,756657,5969375,2303,965,20,Pass,Pass
1,23,4,A0,16MiB,16777216,131072,measured,13,27089073,3239040,4303,5548910,2312296,5607146,7152457,3222410,27086562,2511,1174,20,Pass,Pass
1,23,5,A0,2MiB,2097152,16384,measured,13,1639301,111489,2382,400055,99099,360452,383820,280630,1637927,1374,818,20,Pass,Pass
1,23,6,A0,256KiB,262144,2048,measured,13,183865,13360,2028,39149,10982,41300,40704,34662,182185,1680,637,20,Pass,Pass
1,23,7,A0,1MiB,1048576,8192,measured,13,724914,56659,1539,163535,48476,145004,173102,135604,723919,995,559,20,Pass,Pass
1,24,0,A0,256KiB,262144,2048,measured,14,186279,13365,1373,36518,10791,35608,40368,47388,185411,868,324,20,Pass,Pass
1,24,1,A0,512KiB,524288,4096,measured,14,364264,28710,1245,77370,27423,81171,79903,67678,363500,764,388,20,Pass,Pass
1,24,2,A0,2MiB,2097152,16384,measured,14,1741343,131076,2385,483947,109295,389700,358443,265087,1739933,1410,828,20,Pass,Pass
1,24,3,A0,128KiB,131072,1024,measured,14,88907,6596,1687,19039,5298,18393,19484,17389,87886,1021,621,20,Pass,Pass
1,24,4,A0,16MiB,16777216,131072,measured,14,26930472,3050292,4617,5601083,2257598,5580558,7293062,3140618,26927828,2644,1227,20,Pass,Pass
1,24,5,A0,4MiB,4194304,32768,measured,14,5933108,543084,3594,1534285,381047,1265654,1448393,754547,5930604,2504,1079,20,Pass,Pass
1,24,6,A0,1MiB,1048576,8192,measured,14,780014,56710,2238,176740,67273,151935,191452,132453,778801,1213,748,20,Pass,Pass
1,24,7,A0,8MiB,8388608,65536,measured,14,12524503,1449075,3477,2534549,1039316,2457641,3520679,1517745,12522482,2021,1180,20,Pass,Pass
1,25,0,A0,16MiB,16777216,131072,measured,15,26650332,3117616,3991,5465031,2275069,5514015,7107299,3164958,26647979,2353,1251,20,Pass,Pass
1,25,1,A0,1MiB,1048576,8192,measured,15,729493,56867,1951,165962,48341,146007,175690,133124,727942,1551,803,20,Pass,Pass
1,25,2,A0,4MiB,4194304,32768,measured,15,5159074,408162,3136,1311418,340512,1290836,1146129,656482,5156675,2399,891,20,Pass,Pass
1,25,3,A0,8MiB,8388608,65536,measured,15,12383903,1444762,3446,2470904,1027959,2464665,3399092,1570679,12381507,2396,1031,20,Pass,Pass
1,25,4,A0,256KiB,262144,2048,measured,15,186417,13607,2024,40825,10973,40927,41270,35212,184838,1579,697,20,Pass,Pass
1,25,5,A0,2MiB,2097152,16384,measured,15,1600430,116898,2155,435457,103826,323285,352843,264694,1599158,1272,837,20,Pass,Pass
1,25,6,A0,512KiB,524288,4096,measured,15,351313,28641,1972,75604,22930,70059,83383,67546,350135,1178,547,20,Pass,Pass
1,25,7,A0,128KiB,131072,1024,measured,15,86452,6375,1013,18371,5153,18443,19004,17516,85875,577,254,20,Pass,Pass
1,26,0,A0,128KiB,131072,1024,measured,16,88366,6463,812,19608,5311,18389,19735,17510,87828,538,195,20,Pass,Pass
1,26,1,A0,256KiB,262144,2048,measured,16,172540,13099,946,37890,10831,35662,38431,35077,171936,604,204,20,Pass,Pass
1,26,2,A0,4MiB,4194304,32768,measured,16,4890597,420848,2808,1267821,338057,1147171,1054911,657368,4888984,1613,684,20,Pass,Pass
1,26,3,A0,2MiB,2097152,16384,measured,16,1611042,114607,2684,443984,98017,338001,350957,261105,1609355,1687,676,20,Pass,Pass
1,26,4,A0,1MiB,1048576,8192,measured,16,713258,57057,2022,159842,48724,143578,168991,131740,711954,1304,601,20,Pass,Pass
1,26,5,A0,8MiB,8388608,65536,measured,16,13011302,1449373,3434,2762691,1044585,2734712,3486360,1528068,13009223,2079,1157,20,Pass,Pass
1,26,6,A0,16MiB,16777216,131072,measured,16,26951258,3093514,3998,5539308,2270662,5572884,7218234,3250334,26948934,2324,1275,20,Pass,Pass
1,26,7,A0,512KiB,524288,4096,measured,16,353726,28539,1966,75004,23154,71616,84230,67970,352479,1247,638,20,Pass,Pass
1,27,0,A0,16MiB,16777216,131072,measured,17,25417793,3047927,3736,5048500,2246475,5049215,6721567,3297310,25414730,3063,1259,20,Pass,Pass
1,27,1,A0,256KiB,262144,2048,measured,17,181876,13712,1982,40523,11049,36488,41372,35317,180443,1433,722,20,Pass,Pass
1,27,2,A0,1MiB,1048576,8192,measured,17,723628,56818,1611,162062,48517,145021,173234,135261,722524,1104,606,20,Pass,Pass
1,27,3,A0,128KiB,131072,1024,measured,17,88607,6619,1251,18727,5313,18956,19719,17447,88032,575,369,20,Pass,Pass
1,27,4,A0,2MiB,2097152,16384,measured,17,1717379,134708,2607,465424,104886,382544,357754,268070,1715993,1386,885,20,Pass,Pass
1,27,5,A0,4MiB,4194304,32768,measured,17,5091976,397886,2620,1261170,331880,1258815,1169356,668274,5090001,1975,754,20,Pass,Pass
1,27,6,A0,512KiB,524288,4096,measured,17,346783,28489,1747,72085,23558,68154,84285,67341,345659,1124,650,20,Pass,Pass
1,27,7,A0,8MiB,8388608,65536,measured,17,11716750,1412174,3626,2404579,1038499,2359494,2951120,1544475,11713967,2783,1078,20,Pass,Pass
1,28,0,A0,1MiB,1048576,8192,measured,18,717380,56534,1976,156945,48798,145177,174960,131805,716195,1185,598,20,Pass,Pass
1,28,1,A0,128KiB,131072,1024,measured,18,88232,6548,1359,18564,5406,18265,19527,17406,87075,1157,495,20,Pass,Pass
1,28,2,A0,4MiB,4194304,32768,measured,18,4931153,430690,3012,1290061,328657,1141771,1077643,657136,4928970,2183,941,20,Pass,Pass
1,28,3,A0,2MiB,2097152,16384,measured,18,1701074,116731,3030,500596,97713,362371,355959,262724,1699124,1950,1176,20,Pass,Pass
1,28,4,A0,256KiB,262144,2048,measured,18,176427,13591,1553,36593,10752,36043,41222,35319,175073,1354,441,20,Pass,Pass
1,28,5,A0,16MiB,16777216,131072,measured,18,25512461,3020115,4031,5081076,2264415,5048263,6781083,3310622,25509605,2856,1172,20,Pass,Pass
1,28,6,A0,8MiB,8388608,65536,measured,18,12449384,1404689,3059,2556178,1048507,2546677,3344178,1543903,12447191,2193,1106,20,Pass,Pass
1,28,7,A0,512KiB,524288,4096,measured,18,363373,28877,1879,81165,23483,72320,86154,67993,361871,1502,759,20,Pass,Pass
1,29,0,A0,2MiB,2097152,16384,measured,19,1644913,116347,2344,451642,98982,357974,350924,264955,1643168,1745,801,20,Pass,Pass
1,29,1,A0,512KiB,524288,4096,measured,19,364149,28429,1708,81639,27014,72608,83565,67892,362855,1294,700,20,Pass,Pass
1,29,2,A0,16MiB,16777216,131072,measured,19,28348736,3274080,3950,6130005,2409643,5687518,7227990,3612387,28345573,3163,1142,20,Pass,Pass
1,29,3,A0,8MiB,8388608,65536,measured,19,12218672,1400319,3452,2577393,1003065,2499832,3191614,1540750,12216425,2247,1176,20,Pass,Pass
1,29,4,A0,1MiB,1048576,8192,measured,19,713306,57294,1809,156825,48160,144842,170278,132718,711926,1380,708,20,Pass,Pass
1,29,5,A0,4MiB,4194304,32768,measured,19,5056079,466004,3244,1122247,333388,1175886,1294652,658590,5054011,2068,1259,20,Pass,Pass
1,29,6,A0,256KiB,262144,2048,measured,19,178779,13433,1893,37230,10972,35829,42916,35137,177410,1369,603,20,Pass,Pass
1,29,7,A0,128KiB,131072,1024,measured,19,87744,6609,974,18522,5189,18662,19831,17355,87142,602,256,20,Pass,Pass
1,30,0,A0,128KiB,131072,1024,measured,20,89079,6362,882,19945,5408,18531,19781,17586,88495,584,231,20,Pass,Pass
1,30,1,A0,16MiB,16777216,131072,measured,20,25499462,3059546,3819,5086777,2278070,5097043,6743113,3228540,25496908,2554,1601,20,Pass,Pass
1,30,2,A0,4MiB,4194304,32768,measured,20,4851452,411128,3052,1362483,331360,1061674,1027633,652148,4849478,1974,968,20,Pass,Pass
1,30,3,A0,8MiB,8388608,65536,measured,20,11954759,1454456,3561,2382065,1066476,2419865,3025689,1600410,11952522,2237,877,20,Pass,Pass
1,30,4,A0,256KiB,262144,2048,measured,20,181518,13569,1687,37613,11026,37050,44093,35350,180388,1130,541,20,Pass,Pass
1,30,5,A0,1MiB,1048576,8192,measured,20,726266,57108,1575,164293,48958,144507,172029,136677,725147,1119,471,20,Pass,Pass
1,30,6,A0,512KiB,524288,4096,measured,20,353601,28475,1568,72994,22255,72211,87126,67939,352568,1033,413,20,Pass,Pass
1,30,7,A0,2MiB,2097152,16384,measured,20,1637217,114049,2098,459000,99080,343176,350624,267833,1635860,1357,597,20,Pass,Pass
1,31,0,A0,512KiB,524288,4096,measured,21,351150,28672,1545,73369,23139,72414,83406,67287,349832,1318,565,20,Pass,Pass
1,31,1,A0,16MiB,16777216,131072,measured,21,26818596,3047122,3856,5597507,2279936,5568391,7214291,3105206,26816309,2287,1206,20,Pass,Pass
1,31,2,A0,1MiB,1048576,8192,measured,21,733068,57184,1763,166057,53739,144936,176560,131119,731358,1710,699,20,Pass,Pass
1,31,3,A0,2MiB,2097152,16384,measured,21,1684432,119676,2707,472989,98441,365737,357803,265260,1682613,1819,909,20,Pass,Pass
1,31,4,A0,8MiB,8388608,65536,measured,21,12670416,1440671,3377,2573353,1048572,2534070,3548787,1519728,12668558,1858,1314,20,Pass,Pass
1,31,5,A0,4MiB,4194304,32768,measured,21,5150108,470904,2759,1245487,337002,1284737,1144006,662901,5147796,2312,891,20,Pass,Pass
1,31,6,A0,256KiB,262144,2048,measured,21,182356,13506,1928,36556,10634,37173,45962,35224,180983,1373,722,20,Pass,Pass
1,31,7,A0,128KiB,131072,1024,measured,21,89482,6538,1002,20123,5283,18542,19951,17405,88844,638,236,20,Pass,Pass
1,32,0,A0,256KiB,262144,2048,measured,22,177573,13389,1146,38695,10900,35571,42034,35166,176901,672,268,20,Pass,Pass
1,32,1,A0,16MiB,16777216,131072,measured,22,26159965,3270790,4403,5332340,2266322,5273075,6711157,3299373,26157460,2505,1070,20,Pass,Pass
1,32,2,A0,128KiB,131072,1024,measured,22,92227,6634,2125,20384,5353,18556,20342,17710,91104,1123,625,20,Pass,Pass
1,32,3,A0,2MiB,2097152,16384,measured,22,1622318,111875,2325,466212,98408,330762,348216,263203,1621001,1317,700,20,Pass,Pass
1,32,4,A0,8MiB,8388608,65536,measured,22,12476823,1457058,3114,2483848,1041234,2486854,3501222,1501068,12474398,2425,1005,20,Pass,Pass
1,32,5,A0,512KiB,524288,4096,measured,22,355864,28649,2052,75826,23112,71900,84784,67934,354257,1607,533,20,Pass,Pass
1,32,6,A0,1MiB,1048576,8192,measured,22,729000,56644,1605,165450,48534,149182,175353,131104,727872,1128,540,20,Pass,Pass
1,32,7,A0,4MiB,4194304,32768,measured,22,6129073,670139,3467,1424415,402802,1389925,1512236,723679,6126663,2410,957,20,Pass,Pass
1,33,0,A0,128KiB,131072,1024,measured,23,92283,6799,2272,18707,5295,18918,21310,17494,90795,1488,719,20,Pass,Pass
1,33,1,A0,16MiB,16777216,131072,measured,23,26888831,3069226,4276,5546711,2285514,5579551,7144159,3256790,26886227,2604,1234,20,Pass,Pass
1,33,2,A0,512KiB,524288,4096,measured,23,363085,28621,1827,75624,22992,74410,91180,67032,361686,1399,670,20,Pass,Pass
1,33,3,A0,8MiB,8388608,65536,measured,23,12372297,1384238,3399,2564811,1042099,2552544,3327009,1495581,12369681,2616,1460,20,Pass,Pass
1,33,4,A0,4MiB,4194304,32768,measured,23,5162677,481669,2818,1253140,339419,1274092,1155246,654424,5160808,1869,842,20,Pass,Pass
1,33,5,A0,256KiB,262144,2048,measured,23,178690,13506,1808,39247,10826,37479,39201,35273,177340,1350,525,20,Pass,Pass
1,33,6,A0,2MiB,2097152,16384,measured,23,1650110,117332,2242,465347,98592,348101,353114,263684,1648412,1698,692,20,Pass,Pass
1,33,7,A0,1MiB,1048576,8192,measured,23,722645,56381,2068,166125,48711,142312,173830,132094,721521,1124,519,20,Pass,Pass
1,34,0,A0,2MiB,2097152,16384,measured,24,1599248,112833,2247,431116,98157,340776,350786,262001,1597916,1332,727,20,Pass,Pass
1,34,1,A0,1MiB,1048576,8192,measured,24,753806,55890,1781,165688,48835,168675,178721,132981,752571,1235,574,20,Pass,Pass
1,34,2,A0,16MiB,16777216,131072,measured,24,25622380,2991837,4093,5183147,2265347,5208934,6710281,3256252,25619891,2489,1428,20,Pass,Pass
1,34,3,A0,4MiB,4194304,32768,measured,24,4634434,355346,3374,1276196,290435,1089195,966649,651251,4632446,1988,982,20,Pass,Pass
1,34,4,A0,256KiB,262144,2048,measured,24,176985,13247,1887,36938,10895,36371,41231,35180,175749,1236,458,20,Pass,Pass
1,34,5,A0,8MiB,8388608,65536,measured,24,12947603,1437880,3564,2562927,1048937,2832551,3532407,1527034,12945300,2303,1140,20,Pass,Pass
1,34,6,A0,128KiB,131072,1024,measured,24,91899,6774,1784,18821,5451,18937,21203,17702,90672,1227,593,20,Pass,Pass
1,34,7,A0,512KiB,524288,4096,measured,24,373656,28211,1443,81668,22910,82256,84271,72115,372874,782,561,20,Pass,Pass
1,35,0,A0,4MiB,4194304,32768,measured,25,4929519,440099,2866,1132061,330548,1228485,1143462,650122,4927643,1876,761,20,Pass,Pass
1,35,1,A0,128KiB,131072,1024,measured,25,92764,6607,1795,20706,5472,18696,20547,17636,91459,1305,585,20,Pass,Pass
1,35,2,A0,16MiB,16777216,131072,measured,25,25753710,3085366,3337,5053655,2277903,5024534,7090121,3216309,25751225,2485,1117,20,Pass,Pass
1,35,3,A0,512KiB,524288,4096,measured,25,354732,28756,2193,77733,23174,68897,84728,67845,353326,1406,721,20,Pass,Pass
1,35,4,A0,1MiB,1048576,8192,measured,25,731668,56749,1519,176695,48979,149783,166146,130753,730624,1044,421,20,Pass,Pass
1,35,5,A0,2MiB,2097152,16384,measured,25,1590897,112945,2171,430162,98452,334339,349056,262654,1589779,1118,670,20,Pass,Pass
1,35,6,A0,256KiB,262144,2048,measured,25,180770,13374,1427,41579,10956,35333,41311,35321,179301,1469,398,20,Pass,Pass
1,35,7,A0,8MiB,8388608,65536,measured,25,13737965,1569715,3808,2940306,1157122,2922604,3593022,1548934,13735511,2454,1416,20,Pass,Pass
1,36,0,A0,16MiB,16777216,131072,measured,26,26891878,3147102,3725,5502176,2294657,5594684,7142046,3204546,26888936,2942,1173,20,Pass,Pass
1,36,1,A0,128KiB,131072,1024,measured,26,93408,6608,1693,19277,5380,20800,20555,17910,92223,1185,606,20,Pass,Pass
1,36,2,A0,8MiB,8388608,65536,measured,26,12989600,1481913,3692,2656181,1057438,2571232,3608350,1608528,12987334,2266,1148,20,Pass,Pass
1,36,3,A0,2MiB,2097152,16384,measured,26,1590969,116280,2473,402778,98683,350664,356356,261796,1589030,1939,846,20,Pass,Pass
1,36,4,A0,256KiB,262144,2048,measured,26,177515,13576,1927,37008,10862,37378,40285,35258,176294,1221,606,20,Pass,Pass
1,36,5,A0,512KiB,524288,4096,measured,26,355252,28722,1269,79198,23239,72075,82340,67662,354505,747,348,20,Pass,Pass
1,36,6,A0,4MiB,4194304,32768,measured,26,4890951,417438,3075,1149233,333712,1218244,1127437,639918,4889057,1894,827,20,Pass,Pass
1,36,7,A0,1MiB,1048576,8192,measured,26,757587,57240,2312,173747,49303,168886,171324,133327,756139,1448,840,20,Pass,Pass
1,37,0,A0,16MiB,16777216,131072,measured,27,25918899,3050229,3788,5184895,2277912,5222049,6822309,3355184,25916366,2533,1008,20,Pass,Pass
1,37,1,A0,8MiB,8388608,65536,measured,27,12271246,1373270,3842,2660013,1054143,2490249,3134345,1552876,12268738,2508,1397,20,Pass,Pass
1,37,2,A0,1MiB,1048576,8192,measured,27,726634,56369,2010,161796,49165,150409,174126,131694,725569,1065,763,20,Pass,Pass
1,37,3,A0,128KiB,131072,1024,measured,27,88698,6565,1292,18206,5388,18813,20308,17461,88033,665,496,20,Pass,Pass
1,37,4,A0,512KiB,524288,4096,measured,27,383321,28778,1215,94384,22969,83528,83549,68091,382514,807,370,20,Pass,Pass
1,37,5,A0,4MiB,4194304,32768,measured,27,6389224,672086,2687,1376541,370944,1438695,1712087,813784,6386824,2400,856,20,Pass,Pass
1,37,6,A0,256KiB,262144,2048,measured,27,177907,13461,2097,38494,11046,37252,38855,35158,176363,1544,612,20,Pass,Pass
1,37,7,A0,2MiB,2097152,16384,measured,27,1575223,113282,2545,400940,100022,344596,349278,262451,1573114,2109,896,20,Pass,Pass
1,38,0,A0,128KiB,131072,1024,measured,28,95175,6787,1959,20277,5684,19949,21171,18250,94077,1098,550,20,Pass,Pass
1,38,1,A0,512KiB,524288,4096,measured,28,366342,28273,1220,75216,27109,81138,84881,67788,365625,717,359,20,Pass,Pass
1,38,2,A0,1MiB,1048576,8192,measured,28,736746,56732,1669,180453,49401,145821,169676,131726,735478,1268,641,20,Pass,Pass
1,38,3,A0,4MiB,4194304,32768,measured,28,4876560,398323,2830,1162236,341392,1227953,1094090,647171,4873995,2565,1041,20,Pass,Pass
1,38,4,A0,16MiB,16777216,131072,measured,28,24783612,3106828,3794,4734694,2247845,5088191,6156828,3442232,24780412,3200,1242,20,Pass,Pass
1,38,5,A0,8MiB,8388608,65536,measured,28,12032951,1428642,4041,2399928,1075560,2335417,3149891,1637247,12030726,2225,1006,20,Pass,Pass
1,38,6,A0,2MiB,2097152,16384,measured,28,1700626,111930,2322,496642,102566,354810,359703,271152,1699125,1501,994,20,Pass,Pass
1,38,7,A0,256KiB,262144,2048,measured,28,177273,13313,2107,37963,10871,36199,40416,35178,176047,1226,707,20,Pass,Pass
1,39,0,A0,128KiB,131072,1024,measured,29,87632,6564,969,19327,5299,18541,19050,17338,87088,544,295,20,Pass,Pass
1,39,1,A0,8MiB,8388608,65536,measured,29,12667920,1393168,3879,2604696,1126051,2651041,3356043,1530281,12665159,2761,1376,20,Pass,Pass
1,39,2,A0,1MiB,1048576,8192,measured,29,725709,62825,2328,160411,49055,146081,171843,131578,724121,1588,779,20,Pass,Pass
1,39,3,A0,4MiB,4194304,32768,measured,29,4939721,453630,2715,1190323,353973,1140487,1133853,662885,4937866,1855,933,20,Pass,Pass
1,39,4,A0,16MiB,16777216,131072,measured,29,26605338,3119565,3572,5573090,2288551,5534381,6766471,3317238,26602868,2470,1033,20,Pass,Pass
1,39,5,A0,2MiB,2097152,16384,measured,29,1599601,112027,3022,422567,99393,339111,351552,270040,1597712,1889,1142,20,Pass,Pass
1,39,6,A0,512KiB,524288,4096,measured,29,353651,28697,1929,74836,23349,71111,84625,67961,352508,1143,678,20,Pass,Pass
1,39,7,A0,256KiB,262144,2048,measured,29,177473,13403,1189,37380,10733,39708,39051,35281,176745,728,290,20,Pass,Pass
2,0,0,A0,8MiB,8388608,65536,warmup,0,13906221,1400994,3877,2426529,1030392,2429918,4959502,1652435,13903647,2574,1053,20,Pass,Pass
2,0,1,A0,128KiB,131072,1024,warmup,0,90084,6661,2013,18822,5641,18405,20006,17311,88859,1225,643,20,Pass,Pass
2,0,2,A0,4MiB,4194304,32768,warmup,0,7121765,668543,3920,1269835,396855,1308903,2744317,727477,7119850,1915,1089,20,Pass,Pass
2,0,3,A0,512KiB,524288,4096,warmup,0,355360,28831,1956,79544,23020,68258,85211,67404,354224,1136,760,20,Pass,Pass
2,0,4,A0,1MiB,1048576,8192,warmup,0,740745,56989,2113,179132,48682,145488,175582,131541,739527,1218,706,20,Pass,Pass
2,0,5,A0,2MiB,2097152,16384,warmup,0,2301224,169204,4165,569459,104784,414949,752759,284415,2299735,1489,835,20,Pass,Pass
2,0,6,A0,256KiB,262144,2048,warmup,0,176611,13327,1703,35287,10885,40311,39014,34787,175314,1297,573,20,Pass,Pass
2,0,7,A0,16MiB,16777216,131072,warmup,0,31069726,3022146,5320,5627898,2268672,5596191,11301871,3244782,31066880,2846,1207,20,Pass,Pass
2,1,0,A0,512KiB,524288,4096,warmup,0,417948,28700,2301,81446,23136,98965,100328,81761,416637,1311,668,20,Pass,Pass
2,1,1,A0,4MiB,4194304,32768,warmup,0,6092331,678813,3042,1278129,393236,1264935,1711957,760106,6090218,2113,905,20,Pass,Pass
2,1,2,A0,16MiB,16777216,131072,warmup,0,27199023,3074365,4697,5465527,2229601,5569763,7191883,3659794,27195630,3393,1247,20,Pass,Pass
2,1,3,A0,2MiB,2097152,16384,warmup,0,1834385,125460,3170,525358,100519,443900,365740,268560,1832707,1678,795,20,Pass,Pass
2,1,4,A0,8MiB,8388608,65536,warmup,0,11856122,1404838,3803,2405513,1048452,2370873,2946848,1673095,11853422,2700,919,20,Pass,Pass
2,1,5,A0,128KiB,131072,1024,warmup,0,91448,7074,2214,18162,5576,18372,21117,17402,89917,1531,566,20,Pass,Pass
2,1,6,A0,1MiB,1048576,8192,warmup,0,714904,56810,2056,160870,49221,147342,166239,131163,713701,1203,477,20,Pass,Pass
2,1,7,A0,256KiB,262144,2048,warmup,0,190117,13672,2006,37006,11184,38407,51616,35078,188969,1148,570,20,Pass,Pass
2,2,0,A0,512KiB,524288,4096,warmup,0,344646,28474,1352,70955,22996,72612,79372,67969,343730,916,351,20,Pass,Pass
2,2,1,A0,2MiB,2097152,16384,warmup,0,1852225,140654,1891,490786,119014,387856,418169,292448,1850818,1407,625,20,Pass,Pass
2,2,2,A0,128KiB,131072,1024,warmup,0,90258,6513,1603,18728,5507,19224,20188,17386,89149,1109,529,20,Pass,Pass
2,2,3,A0,256KiB,262144,2048,warmup,0,174679,13206,1230,36626,10708,35600,41499,35110,173979,700,313,20,Pass,Pass
2,2,4,A0,4MiB,4194304,32768,warmup,0,5873401,691643,2880,1272377,395587,1236637,1560062,712517,5871703,1698,786,20,Pass,Pass
2,2,5,A0,16MiB,16777216,131072,warmup,0,31088534,3260177,4225,5403506,2380352,5372754,11524174,3140575,31085763,2771,1185,20,Pass,Pass
2,2,6,A0,8MiB,8388608,65536,warmup,0,12932511,1367808,3361,2910095,1103011,2684743,3263633,1597185,12929836,2675,954,20,Pass,Pass
2,2,7,A0,1MiB,1048576,8192,warmup,0,724821,56812,2785,162855,48595,146905,172574,132877,723403,1418,690,20,Pass,Pass
2,3,0,A0,2MiB,2097152,16384,warmup,0,1613216,112208,2302,439237,99473,352502,339649,266385,1611756,1460,689,20,Pass,Pass
2,3,1,A0,512KiB,524288,4096,warmup,0,350150,28746,1870,78552,23355,70621,78460,67356,348960,1190,503,20,Pass,Pass
2,3,2,A0,16MiB,16777216,131072,warmup,0,27975868,3232976,3257,5823963,2361538,6224868,6996414,3329806,27972822,3046,1047,20,Pass,Pass
2,3,3,A0,1MiB,1048576,8192,warmup,0,728886,56722,2796,171541,49467,137437,177118,132288,727369,1517,779,20,Pass,Pass
2,3,4,A0,128KiB,131072,1024,warmup,0,88545,6813,1323,18660,5419,18567,19174,17684,87640,905,351,20,Pass,Pass
2,3,5,A0,4MiB,4194304,32768,warmup,0,5758684,564538,4278,1406844,318420,1369401,1425403,668171,5757055,1629,776,20,Pass,Pass
2,3,6,A0,8MiB,8388608,65536,warmup,0,12498142,1397406,3768,2552474,1073997,2516648,3423101,1528385,12495779,2363,1157,20,Pass,Pass
2,3,7,A0,256KiB,262144,2048,warmup,0,179647,13366,1932,40279,10786,36864,39743,35177,178147,1500,629,20,Pass,Pass
2,4,0,A0,1MiB,1048576,8192,warmup,0,707321,56177,1845,158207,49174,143942,165098,132003,706446,875,367,20,Pass,Pass
2,4,1,A0,128KiB,131072,1024,warmup,0,87650,6398,1157,18491,5511,18689,19463,17340,87049,601,262,20,Pass,Pass
2,4,2,A0,512KiB,524288,4096,warmup,0,349201,28328,1330,80553,23249,66637,80927,67523,348547,654,319,20,Pass,Pass
2,4,3,A0,16MiB,16777216,131072,warmup,0,26381713,3052096,5674,5163876,2251127,5467092,7246854,3193024,26379743,1970,1311,20,Pass,Pass
2,4,4,A0,256KiB,262144,2048,warmup,0,174781,13537,2030,35192,10895,35647,40628,35412,173341,1440,612,20,Pass,Pass
2,4,5,A0,2MiB,2097152,16384,warmup,0,1634330,117647,2475,441947,106832,338708,358557,266675,1632841,1489,745,20,Pass,Pass
2,4,6,A0,4MiB,4194304,32768,warmup,0,4967145,496296,2604,1039196,293151,1215281,1258159,660693,4965380,1765,652,20,Pass,Pass
2,4,7,A0,8MiB,8388608,65536,warmup,0,12519807,1368416,2723,2773101,1042952,2595788,3215575,1518958,12517513,2294,800,20,Pass,Pass
2,5,0,A0,16MiB,16777216,131072,warmup,0,24779852,3130342,4076,4669770,2249666,5132676,6219680,3370702,24776912,2940,1094,20,Pass,Pass
2,5,1,A0,512KiB,524288,4096,warmup,0,358697,28701,2112,79751,22948,72620,84101,66826,357059,1638,734,20,Pass,Pass
2,5,2,A0,256KiB,262144,2048,warmup,0,171703,13043,1244,36560,10829,34993,39451,34964,171084,619,318,20,Pass,Pass
2,5,3,A0,2MiB,2097152,16384,warmup,0,1640753,113591,1958,454224,101557,350222,342975,274578,1639105,1648,683,20,Pass,Pass
2,5,4,A0,128KiB,131072,1024,warmup,0,90989,6673,1877,18513,5556,19003,20462,17398,89482,1507,529,20,Pass,Pass
2,5,5,A0,1MiB,1048576,8192,warmup,0,716249,56024,1379,158295,48753,141805,177224,131919,715399,850,359,20,Pass,Pass
2,5,6,A0,4MiB,4194304,32768,warmup,0,4949449,455533,2448,1198233,310812,1233297,1074459,673015,4947797,1652,636,20,Pass,Pass
2,5,7,A0,8MiB,8388608,65536,warmup,0,12449547,1398912,3040,2565134,1070983,2495596,3400787,1513139,12447591,1956,842,20,Pass,Pass
2,6,0,A0,128KiB,131072,1024,warmup,0,91417,6584,1715,18376,5490,18800,21406,17632,90003,1414,344,20,Pass,Pass
2,6,1,A0,256KiB,262144,2048,warmup,0,179305,16569,1201,38997,10903,34507,41164,35317,178658,647,243,20,Pass,Pass
2,6,2,A0,4MiB,4194304,32768,warmup,0,4825446,415414,2509,1187195,347190,1178075,1041955,651384,4823722,1724,680,20,Pass,Pass
2,6,3,A0,8MiB,8388608,65536,warmup,0,12591318,1427897,3522,2601724,1071490,2549000,3365706,1569951,12589290,2028,974,20,Pass,Pass
2,6,4,A0,16MiB,16777216,131072,warmup,0,26014914,3115909,3166,5075892,2220251,5371640,7072101,3153278,26012237,2677,1034,20,Pass,Pass
2,6,5,A0,512KiB,524288,4096,warmup,0,361735,28755,1904,80954,27349,70436,84155,66832,360385,1350,715,20,Pass,Pass
2,6,6,A0,1MiB,1048576,8192,warmup,0,745470,56655,1180,178901,49369,149588,177438,131481,744612,858,349,20,Pass,Pass
2,6,7,A0,2MiB,2097152,16384,warmup,0,1619401,112242,1718,444609,104307,345688,343657,265518,1617739,1662,517,20,Pass,Pass
2,7,0,A0,256KiB,262144,2048,warmup,0,181945,13514,1650,38715,10839,42155,39167,34912,180952,993,666,20,Pass,Pass
2,7,1,A0,128KiB,131072,1024,warmup,0,87771,6435,977,18998,5328,18435,19563,17513,87249,522,261,20,Pass,Pass
2,7,2,A0,2MiB,2097152,16384,warmup,0,1631140,112139,1992,455887,104711,340319,348254,266037,1629339,1801,703,20,Pass,Pass
2,7,3,A0,512KiB,524288,4096,warmup,0,346921,28199,2034,72216,22536,71197,81310,68094,345586,1335,446,20,Pass,Pass
2,7,4,A0,1MiB,1048576,8192,warmup,0,716916,56556,1246,162837,48386,137818,176910,132357,716110,806,339,20,Pass,Pass
2,7,5,A0,4MiB,4194304,32768,warmup,0,5272673,479855,3042,1218705,292523,1268302,1329138,678762,5270327,2346,932,20,Pass,Pass
2,7,6,A0,8MiB,8388608,65536,warmup,0,12682119,1472704,3211,2598365,1070272,2550722,3469929,1514615,12679818,2301,1056,20,Pass,Pass
2,7,7,A0,16MiB,16777216,131072,warmup,0,26442714,2992483,3953,5257637,2221704,5582646,6936664,3444679,26439766,2948,1050,20,Pass,Pass
2,8,0,A0,2MiB,2097152,16384,warmup,0,1703848,114343,2400,479106,99943,382474,351357,272431,1702054,1794,813,20,Pass,Pass
2,8,1,A0,128KiB,131072,1024,warmup,0,89428,6881,1962,17378,5515,18518,20338,17513,88105,1323,677,20,Pass,Pass
2,8,2,A0,1MiB,1048576,8192,warmup,0,775629,56434,1653,171195,49044,147720,173837,174668,774551,1078,435,20,Pass,Pass
2,8,3,A0,16MiB,16777216,131072,warmup,0,27089858,3059464,3514,5525147,2262680,5869117,7109060,3257911,27086893,2965,1084,20,Pass,Pass
2,8,4,A0,512KiB,524288,4096,warmup,0,359878,28512,2092,80031,23034,72622,84771,67429,358491,1387,692,20,Pass,Pass
2,8,5,A0,8MiB,8388608,65536,warmup,0,12849135,1455502,3554,2763178,1063671,2556792,3455111,1548391,12846199,2936,1169,20,Pass,Pass
2,8,6,A0,256KiB,262144,2048,warmup,0,183099,13318,1940,37704,11005,41145,41332,35124,181568,1531,530,20,Pass,Pass
2,8,7,A0,4MiB,4194304,32768,warmup,0,5260287,485001,2758,1241755,290432,1264730,1307814,665938,5258428,1859,906,20,Pass,Pass
2,9,0,A0,128KiB,131072,1024,warmup,0,91341,6671,1843,19237,5438,18882,20299,17458,89828,1513,396,20,Pass,Pass
2,9,1,A0,2MiB,2097152,16384,warmup,0,1661765,125813,2049,465217,99390,345942,355540,266453,1660404,1361,515,20,Pass,Pass
2,9,2,A0,16MiB,16777216,131072,warmup,0,26749078,2981822,3594,5585309,2275803,5985838,6754645,3159028,26746039,3039,978,20,Pass,Pass
2,9,3,A0,256KiB,262144,2048,warmup,0,177047,13667,2302,36383,11067,34794,42255,35207,175675,1372,708,20,Pass,Pass
2,9,4,A0,512KiB,524288,4096,warmup,0,365200,28302,1462,77857,23033,81961,84312,67535,364462,738,351,20,Pass,Pass
2,9,5,A0,8MiB,8388608,65536,warmup,0,12530636,1432636,3523,2616271,1051611,2516917,3409356,1497738,12528052,2584,783,20,Pass,Pass
2,9,6,A0,1MiB,1048576,8192,warmup,0,711149,56787,2111,158699,49159,136336,171475,135186,709753,1396,713,20,Pass,Pass
2,9,7,A0,4MiB,4194304,32768,warmup,0,5308814,491643,3628,1248988,286004,1273468,1323126,679805,5306662,2152,905,20,Pass,Pass
2,10,0,A0,2MiB,2097152,16384,measured,0,1601156,112469,2201,434902,100150,351542,337561,260709,1599534,1622,812,20,Pass,Pass
2,10,1,A0,8MiB,8388608,65536,measured,0,12683288,1467185,2971,2644129,1066024,2522439,3427557,1550492,12680797,2491,822,20,Pass,Pass
2,10,2,A0,16MiB,16777216,131072,measured,0,26676296,3105549,3156,5344179,2228879,5723059,7037226,3231028,26673076,3220,957,20,Pass,Pass
2,10,3,A0,4MiB,4194304,32768,measured,0,5112251,421145,3197,1293422,355465,1190890,1190450,655596,5110165,2086,908,20,Pass,Pass
2,10,4,A0,256KiB,262144,2048,measured,0,179060,13390,1969,38161,10954,37320,41157,34758,177709,1351,535,20,Pass,Pass
2,10,5,A0,512KiB,524288,4096,measured,0,358146,33420,1565,76223,22622,71775,84354,67459,357418,728,320,20,Pass,Pass
2,10,6,A0,128KiB,131072,1024,measured,0,87611,6550,1013,18447,5314,18292,19985,17456,87057,554,217,20,Pass,Pass
2,10,7,A0,1MiB,1048576,8192,measured,0,708181,55997,1394,156759,48800,144786,168038,131663,707437,744,342,20,Pass,Pass
2,11,0,A0,1MiB,1048576,8192,measured,1,712889,57209,1517,156608,49270,149953,165556,131925,712038,851,408,20,Pass,Pass
2,11,1,A0,256KiB,262144,2048,measured,1,172137,13371,1289,36103,10855,35593,38867,35357,171435,702,312,20,Pass,Pass
2,11,2,A0,2MiB,2097152,16384,measured,1,1894766,137889,2987,529963,115376,429169,390209,287556,1893149,1617,827,20,Pass,Pass
2,11,3,A0,8MiB,8388608,65536,measured,1,12573150,1423019,3317,2598481,1068092,2560996,3371560,1545254,12570719,2431,849,20,Pass,Pass
2,11,4,A0,512KiB,524288,4096,measured,1,370567,28423,2141,80814,22821,81656,85184,68068,369107,1460,667,20,Pass,Pass
2,11,5,A0,4MiB,4194304,32768,measured,1,5919453,596685,3465,1266330,370362,1401856,1494026,784352,5917076,2377,1007,20,Pass,Pass
2,11,6,A0,128KiB,131072,1024,measured,1,96089,7257,2071,19460,5518,20188,21928,18548,94970,1119,608,20,Pass,Pass
2,11,7,A0,16MiB,16777216,131072,measured,1,26916957,2997728,4695,5643950,2284573,5947886,6770372,3264768,26913972,2985,891,20,Pass,Pass
2,12,0,A0,1MiB,1048576,8192,measured,2,720545,56258,1975,164438,48974,146500,169316,131607,719068,1477,616,20,Pass,Pass
2,12,1,A0,512KiB,524288,4096,measured,2,356280,32835,1422,79761,22766,71441,79992,67341,355558,722,396,20,Pass,Pass
2,12,2,A0,8MiB,8388608,65536,measured,2,12484758,1388624,3284,2590113,1047754,2545207,3346956,1560835,12482773,1985,808,20,Pass,Pass
2,12,3,A0,16MiB,16777216,131072,measured,2,26106833,3131331,3929,5003831,2251281,5380159,7073455,3260444,26104430,2403,1198,20,Pass,Pass
2,12,4,A0,128KiB,131072,1024,measured,2,92225,6586,2436,18865,5217,19032,20796,17713,90645,1580,758,20,Pass,Pass
2,12,5,A0,2MiB,2097152,16384,measured,2,1638676,113142,2013,459606,98450,342403,353942,267646,1637202,1474,645,20,Pass,Pass
2,12,6,A0,4MiB,4194304,32768,measured,2,5434137,525974,3496,1331570,343834,1274987,1317005,635311,5432177,1960,1059,20,Pass,Pass
2,12,7,A0,256KiB,262144,2048,measured,2,180125,13395,1550,39404,10778,38381,39988,35099,178595,1530,482,20,Pass,Pass
2,13,0,A0,128KiB,131072,1024,measured,3,87513,6352,1198,18767,5050,18933,19171,17465,86936,577,309,20,Pass,Pass
2,13,1,A0,2MiB,2097152,16384,measured,3,1647748,131493,2135,431428,103874,342467,364202,270927,1646526,1222,583,20,Pass,Pass
2,13,2,A0,4MiB,4194304,32768,measured,3,5283439,476381,2462,1248882,297659,1262866,1302522,690599,5281371,2068,661,20,Pass,Pass
2,13,3,A0,16MiB,16777216,131072,measured,3,25916461,3016781,4472,5112715,2270833,5488938,6849665,3170115,25913519,2942,1252,20,Pass,Pass
2,13,4,A0,256KiB,262144,2048,measured,3,184702,13726,1862,41782,11029,37138,42385,35253,183175,1527,575,20,Pass,Pass
2,13,5,A0,1MiB,1048576,8192,measured,3,718457,56463,1440,154356,47642,142756,173314,141568,717539,918,354,20,Pass,Pass
2,13,6,A0,512KiB,524288,4096,measured,3,356492,28565,1393,73584,23360,80159,81242,67451,355754,738,461,20,Pass,Pass
2,13,7,A0,8MiB,8388608,65536,measured,3,12591393,1449127,4001,2615977,1061752,2508879,3400600,1548609,12588945,2448,995,20,Pass,Pass
2,14,0,A0,256KiB,262144,2048,measured,4,183718,13579,2111,38698,10906,40242,41589,35485,182610,1108,753,20,Pass,Pass
2,14,1,A0,4MiB,4194304,32768,measured,4,4877740,429894,2213,1246500,357307,1164588,1039407,636130,4876039,1701,615,20,Pass,Pass
2,14,2,A0,8MiB,8388608,65536,measured,4,12374176,1426465,3226,2487694,971617,2510740,3433814,1537902,12371458,2718,1180,20,Pass,Pass
2,14,3,A0,128KiB,131072,1024,measured,4,91453,6562,2094,18561,5468,18808,20944,17447,89884,1569,515,20,Pass,Pass
2,14,4,A0,2MiB,2097152,16384,measured,4,1601434,112823,3203,445578,98405,324421,351040,264483,1599953,1481,754,20,Pass,Pass
2,14,5,A0,1MiB,1048576,8192,measured,4,720265,56332,2353,159798,48960,146269,174024,131317,719053,1212,692,20,Pass,Pass
2,14,6,A0,16MiB,16777216,131072,measured,4,26361152,3286764,4873,5271853,2319957,5471710,6761839,3241637,26358633,2519,1195,20,Pass,Pass
2,14,7,A0,512KiB,524288,4096,measured,4,360402,28499,2030,82304,22964,70856,84587,67904,359144,1258,639,20,Pass,Pass
2,15,0,A0,16MiB,16777216,131072,measured,5,27764227,3275150,4154,5786557,2347286,5999777,7163235,3185042,27761201,3026,1210,20,Pass,Pass
2,15,1,A0,128KiB,131072,1024,measured,5,90737,6601,2129,18861,5243,18492,20754,17524,89604,1133,587,20,Pass,Pass
2,15,2,A0,2MiB,2097152,16384,measured,5,1599475,118765,1894,418388,97933,338621,351609,270849,1598059,1416,570,20,Pass,Pass
2,15,3,A0,512KiB,524288,4096,measured,5,360083,28398,2012,76820,23089,79900,80854,67354,358427,1656,694,20,Pass,Pass
2,15,4,A0,256KiB,262144,2048,measured,5,170144,13209,1261,33968,10808,36161,39164,34885,169456,688,315,20,Pass,Pass
2,15,5,A0,4MiB,4194304,32768,measured,5,4956509,453745,3145,1226901,352461,1132263,1120520,665555,4954590,1919,1102,20,Pass,Pass
2,15,6,A0,8MiB,8388608,65536,measured,5,12852413,1479352,3321,2576393,1072257,2550109,3504901,1663329,12849662,2751,858,20,Pass,Pass
2,15,7,A0,1MiB,1048576,8192,measured,5,735358,56537,2029,170791,48781,153072,170353,132415,733978,1380,636,20,Pass,Pass
2,16,0,A0,512KiB,524288,4096,measured,6,363538,28354,1739,78298,23115,83027,80587,67514,362634,904,559,20,Pass,Pass
2,16,1,A0,4MiB,4194304,32768,measured,6,4837814,403181,3663,1215318,348959,1200510,1029330,634944,4835905,1909,1043,20,Pass,Pass
2,16,2,A0,1MiB,1048576,8192,measured,6,792132,56599,2158,188099,50878,164818,178398,149297,790247,1885,630,20,Pass,Pass
2,16,3,A0,256KiB,262144,2048,measured,6,173497,13465,1508,36154,10957,35277,40142,35017,172520,977,463,20,Pass,Pass
2,16,4,A0,2MiB,2097152,16384,measured,6,1645615,117489,2166,449910,98979,363256,344645,267191,1643636,1979,677,20,Pass,Pass
2,16,5,A0,16MiB,16777216,131072,measured,6,27729140,3159243,4731,5606463,2280767,6194685,7233129,3247315,27726333,2807,1092,20,Pass,Pass
2,16,6,A0,128KiB,131072,1024,measured,6,92733,6519,2136,19014,5479,19182,21404,17575,91309,1424,744,20,Pass,Pass
2,16,7,A0,8MiB,8388608,65536,measured,6,12665846,1457280,3149,2651639,1075363,2535491,3384937,1555132,12662991,2855,909,20,Pass,Pass
2,17,0,A0,256KiB,262144,2048,measured,7,185153,13536,1751,39867,10962,41020,41786,35012,183934,1219,503,20,Pass,Pass
2,17,1,A0,1MiB,1048576,8192,measured,7,721293,56109,1641,174970,49175,137431,169968,131180,720474,819,405,20,Pass,Pass
2,17,2,A0,8MiB,8388608,65536,measured,7,12740793,1394661,3922,2634215,983167,2734794,3493977,1493756,12738492,2301,1095,20,Pass,Pass
2,17,3,A0,2MiB,2097152,16384,measured,7,1608809,116897,2320,430221,98432,354931,341230,263098,1607129,1680,715,20,Pass,Pass
2,17,4,A0,4MiB,4194304,32768,measured,7,5025633,338633,2697,1229812,331271,1307323,1160764,653475,5023975,1658,811,20,Pass,Pass
2,17,5,A0,128KiB,131072,1024,measured,7,92614,6914,1933,19534,5560,18966,20867,17436,91210,1404,633,20,Pass,Pass
2,17,6,A0,16MiB,16777216,131072,measured,7,24921414,3198994,3844,4825279,2241432,5133478,6150224,3364982,24918233,3181,1148,20,Pass,Pass
2,17,7,A0,512KiB,524288,4096,measured,7,374066,28432,2382,80394,23128,82265,84358,71711,372670,1396,728,20,Pass,Pass
2,18,0,A0,512KiB,524288,4096,measured,8,349519,28148,1415,73125,28925,71008,78671,67547,348839,680,378,20,Pass,Pass
2,18,1,A0,128KiB,131072,1024,measured,8,87390,6461,1175,18386,5231,18181,19956,17392,86782,608,299,20,Pass,Pass
2,18,2,A0,8MiB,8388608,65536,measured,8,12517694,1395798,3215,2578332,1059318,2533052,3327346,1618298,12515359,2335,965,20,Pass,Pass
2,18,3,A0,256KiB,262144,2048,measured,8,185563,13352,1864,41060,10938,40500,41227,35220,184161,1402,494,20,Pass,Pass
2,18,4,A0,1MiB,1048576,8192,measured,8,718693,56223,1436,166370,48936,141745,171504,131632,717846,847,373,20,Pass,Pass
2,18,5,A0,4MiB,4194304,32768,measured,8,4877157,426462,3685,1189162,343457,1207600,1044835,660238,4875439,1718,949,20,Pass,Pass
2,18,6,A0,16MiB,16777216,131072,measured,8,28056678,3207252,3618,5691007,2336227,6029850,7324553,3461312,28053819,2859,1023,20,Pass,Pass
2,18,7,A0,2MiB,2097152,16384,measured,8,1582913,112276,2367,427339,98342,329029,347541,264430,1581324,1589,748,20,Pass,Pass
2,19,0,A0,8MiB,8388608,65536,measured,9,12485055,1412290,3349,2555793,1060499,2531448,3367142,1551811,12482332,2723,1195,20,Pass,Pass
2,19,1,A0,128KiB,131072,1024,measured,9,93997,6738,1723,20477,5101,20974,20313,17362,92688,1309,606,20,Pass,Pass
2,19,2,A0,256KiB,262144,2048,measured,9,175196,13149,1200,36775,10629,36483,41309,34928,174473,723,247,20,Pass,Pass
2,19,3,A0,512KiB,524288,4096,measured,9,352568,28061,1431,77775,22875,71410,82787,67526,351865,703,465,20,Pass,Pass
2,19,4,A0,16MiB,16777216,131072,measured,9,25226229,3151501,3512,4847618,2244892,5079988,6442881,3452832,25223224,3005,1040,20,Pass,Pass
2,19,5,A0,4MiB,4194304,32768,measured,9,4876264,341716,2810,1218293,323568,1311832,1018396,657754,4874369,1895,788,20,Pass,Pass
2,19,6,A0,1MiB,1048576,8192,measured,9,733106,61157,2299,167548,49153,147529,170686,133210,731582,1524,621,20,Pass,Pass
2,19,7,A0,2MiB,2097152,16384,measured,9,1601982,112729,2314,432028,103142,336684,350724,262934,1600555,1427,650,20,Pass,Pass
2,20,0,A0,128KiB,131072,1024,measured,10,90951,6633,1555,18923,5180,19007,20447,17675,89420,1531,472,20,Pass,Pass
2,20,1,A0,512KiB,524288,4096,measured,10,354616,28116,1382,77273,22521,69775,83408,71340,353815,801,350,20,Pass,Pass
2,20,2,A0,256KiB,262144,2048,measured,10,173087,13481,1225,37149,10846,35511,39423,34867,172502,585,317,20,Pass,Pass
2,20,3,A0,2MiB,2097152,16384,measured,10,1584801,112229,2513,419606,102931,315202,363311,267447,1583239,1562,684,20,Pass,Pass
2,20,4,A0,1MiB,1048576,8192,measured,10,711294,56931,1965,159322,47980,145637,165952,132155,709942,1352,634,20,Pass,Pass
2,20,5,A0,16MiB,16777216,131072,measured,10,24847882,3065877,3425,4789406,2215563,5243422,6161079,3366484,24845256,2626,1158,20,Pass,Pass
2,20,6,A0,4MiB,4194304,32768,measured,10,5319243,565164,3347,1270002,349382,1192952,1257631,678753,5317231,2012,912,20,Pass,Pass
2,20,7,A0,8MiB,8388608,65536,measured,10,12583065,1453798,4421,2657404,1070064,2543228,3374744,1476754,12580413,2652,1072,20,Pass,Pass
2,21,0,A0,1MiB,1048576,8192,measured,11,781747,75401,2909,175974,51387,171346,170865,132357,780239,1508,704,20,Pass,Pass
2,21,1,A0,4MiB,4194304,32768,measured,11,4841822,378089,3022,1234288,333547,1228885,1026963,635285,4840079,1743,1224,20,Pass,Pass
2,21,2,A0,16MiB,16777216,131072,measured,11,27224592,3140186,4067,5610629,2267266,5726217,7175527,3297258,27221150,3442,1111,20,Pass,Pass
2,21,3,A0,2MiB,2097152,16384,measured,11,1628189,120928,2323,437006,98442,351008,353194,263892,1626793,1396,802,20,Pass,Pass
2,21,4,A0,512KiB,524288,4096,measured,11,364470,28457,1594,78450,22843,81050,83807,67249,363450,1020,360,20,Pass,Pass
2,21,5,A0,8MiB,8388608,65536,measured,11,12382162,1390846,3874,2583868,1052353,2521451,3309883,1517696,12379971,2191,1089,20,Pass,Pass
2,21,6,A0,256KiB,262144,2048,measured,11,200665,13420,1975,37526,10896,54509,44055,37040,199421,1244,653,20,Pass,Pass
2,21,7,A0,128KiB,131072,1024,measured,11,87488,6499,1120,18028,5167,18550,20145,17304,86813,675,317,20,Pass,Pass
2,22,0,A0,16MiB,16777216,131072,measured,12,25021516,3078921,4378,4936610,2227025,5193593,6228364,3349241,25018132,3384,1263,20,Pass,Pass
2,22,1,A0,8MiB,8388608,65536,measured,12,12363271,1416748,3682,2553358,1046710,2514539,3319285,1506733,12361055,2216,942,20,Pass,Pass
2,22,2,A0,512KiB,524288,4096,measured,12,362348,32827,2030,80581,22957,70595,83499,68268,360757,1591,513,20,Pass,Pass
2,22,3,A0,4MiB,4194304,32768,measured,12,4891153,399384,3344,1191784,337544,1247066,1059766,646232,4885120,6033,678,20,Pass,Pass
2,22,4,A0,256KiB,262144,2048,measured,12,177318,13701,1524,37057,10618,37182,40894,35222,176198,1120,454,20,Pass,Pass
2,22,5,A0,2MiB,2097152,16384,measured,12,1615509,111189,2367,444121,99011,341193,348022,267776,1613679,1830,598,20,Pass,Pass
2,22,6,A0,128KiB,131072,1024,measured,12,89954,6567,1689,19083,5239,18996,20067,17244,88885,1069,392,20,Pass,Pass
2,22,7,A0,1MiB,1048576,8192,measured,12,715196,56940,1684,163057,47917,136631,176250,131818,714297,899,382,20,Pass,Pass
2,23,0,A0,256KiB,262144,2048,measured,13,179102,13370,1423,37149,10923,37207,39343,38926,178341,761,416,20,Pass,Pass
2,23,1,A0,4MiB,4194304,32768,measured,13,4658243,352726,2726,1162420,310332,1225056,951153,652363,4656776,1467,591,20,Pass,Pass
2,23,2,A0,2MiB,2097152,16384,measured,13,1559655,111977,2352,416562,99687,318395,340035,269268,1558276,1379,569,20,Pass,Pass
2,23,3,A0,1MiB,1048576,8192,measured,13,705522,56806,1882,151268,47913,140017,175350,131208,704444,1078,522,20,Pass,Pass
2,23,4,A0,8MiB,8388608,65536,measured,13,12940586,1396276,4365,2776840,1052630,2724533,3510437,1473102,12938183,2403,1152,20,Pass,Pass
2,23,5,A0,128KiB,131072,1024,measured,13,93035,6828,1857,19227,5408,19471,21478,17435,91704,1331,558,20,Pass,Pass
2,23,6,A0,16MiB,16777216,131072,measured,13,24986801,3069200,4060,4923816,2211710,5239461,6184446,3350388,24983081,3720,1217,20,Pass,Pass
2,23,7,A0,512KiB,524288,4096,measured,13,362807,28613,1928,79369,23087,71535,84808,72010,361350,1457,625,20,Pass,Pass
2,24,0,A0,2MiB,2097152,16384,measured,14,1614013,120056,2698,445747,98030,337684,346709,261658,1612582,1431,541,20,Pass,Pass
2,24,1,A0,8MiB,8388608,65536,measured,14,12954626,1424156,3845,2743200,1053615,2723998,3502837,1500974,12952625,2001,862,20,Pass,Pass
2,24,2,A0,512KiB,524288,4096,measured,14,366351,28514,2219,74174,23688,81102,84495,66609,360801,5550,709,20,Pass,Pass
2,24,3,A0,4MiB,4194304,32768,measured,14,4798247,349643,2987,1202504,343832,1217248,1023821,656386,4796421,1826,719,20,Pass,Pass
2,24,4,A0,1MiB,1048576,8192,measured,14,729713,56039,2348,165248,48521,155305,168600,132147,728208,1505,708,20,Pass,Pass
2,24,5,A0,128KiB,131072,1024,measured,14,89769,6389,1335,18348,5052,20752,19858,17491,89225,544,391,20,Pass,Pass
2,24,6,A0,16MiB,16777216,131072,measured,14,24996678,3061382,3903,4954585,2209369,5253859,6155385,3355394,24993877,2801,1109,20,Pass,Pass
2,24,7,A0,256KiB,262144,2048,measured,14,195228,14190,2272,42337,11259,43648,42957,36961,193624,1604,517,20,Pass,Pass
2,25,0,A0,256KiB,262144,2048,measured,15,173531,13283,1152,36995,10742,36645,38916,35150,172883,648,242,20,Pass,Pass
2,25,1,A0,512KiB,524288,4096,measured,15,358034,28231,1256,81367,23055,70604,84716,68094,357323,711,229,20,Pass,Pass
2,25,2,A0,4MiB,4194304,32768,measured,15,5563983,565794,3310,1326495,360735,1309799,1367897,627995,5562025,1958,920,20,Pass,Pass
2,25,3,A0,128KiB,131072,1024,measured,15,92932,6941,2241,20016,5405,18445,21122,17383,91553,1379,995,20,Pass,Pass
2,25,4,A0,2MiB,2097152,16384,measured,15,1736719,113213,2315,518016,98149,389466,347551,266646,1735356,1363,666,20,Pass,Pass
2,25,5,A0,8MiB,8388608,65536,measured,15,13356878,1421816,3445,2767201,1057875,2835991,3745734,1522306,13354368,2510,1034,20,Pass,Pass
2,25,6,A0,16MiB,16777216,131072,measured,15,26918978,3370760,4771,5132976,2378242,5672714,6677217,3679469,26916149,2829,1156,20,Pass,Pass
2,25,7,A0,1MiB,1048576,8192,measured,15,723462,58248,2438,168645,49216,141963,168830,132714,722054,1408,723,20,Pass,Pass
2,26,0,A0,512KiB,524288,4096,measured,16,360661,28364,1772,77353,22640,83095,78017,68229,359470,1191,472,20,Pass,Pass
2,26,1,A0,128KiB,131072,1024,measured,16,86350,6361,1022,18802,5323,17239,19510,17434,85691,659,202,20,Pass,Pass
2,26,2,A0,8MiB,8388608,65536,measured,16,12956279,1406655,4007,2764049,1059047,2728207,3505752,1486351,12954068,2211,999,20,Pass,Pass
2,26,3,A0,16MiB,16777216,131072,measured,16,25879984,3031497,4769,5194767,2277207,5442200,6780054,3147212,25877706,2278,975,20,Pass,Pass
2,26,4,A0,2MiB,2097152,16384,measured,16,1577832,112151,3017,406441,98701,339749,348231,267724,1576014,1818,935,20,Pass,Pass
2,26,5,A0,256KiB,262144,2048,measured,16,181538,17519,1738,37722,10848,37089,40212,35300,180428,1110,485,20,Pass,Pass
2,26,6,A0,1MiB,1048576,8192,measured,16,717941,56256,1564,161276,47958,146282,170714,133023,717073,868,322,20,Pass,Pass
2,26,7,A0,4MiB,4194304,32768,measured,16,4652759,350340,3320,1162264,309134,1219856,954049,651739,4650702,2057,997,20,Pass,Pass
2,27,0,A0,2MiB,2097152,16384,measured,17,1547970,111703,3265,406590,99012,322003,339128,264724,1546425,1545,1049,20,Pass,Pass
2,27,1,A0,4MiB,4194304,32768,measured,17,4670582,336003,3353,1175360,306689,1241679,952408,652968,4668460,2122,1036,20,Pass,Pass
2,27,2,A0,128KiB,131072,1024,measured,17,91405,6775,1805,18734,5407,18884,20778,17503,89886,1519,580,20,Pass,Pass
2,27,3,A0,256KiB,262144,2048,measured,17,176049,13225,1183,36759,10743,37186,41323,35025,175444,605,384,20,Pass,Pass
2,27,4,A0,1MiB,1048576,8192,measured,17,724425,56746,1453,160251,48425,153076,171563,132194,723708,717,355,20,Pass,Pass
2,27,5,A0,8MiB,8388608,65536,measured,17,12360473,1360125,3004,2588370,1033767,2500898,3290402,1581318,12357884,2589,927,20,Pass,Pass
2,27,6,A0,512KiB,524288,4096,measured,17,356906,28613,2284,78596,23001,70583,84847,67412,355336,1570,723,20,Pass,Pass
2,27,7,A0,16MiB,16777216,131072,measured,17,24950876,3047020,3964,4934548,2207916,5229277,6167068,3357819,24947612,3264,1130,20,Pass,Pass
2,28,0,A0,128KiB,131072,1024,measured,18,93763,6785,2053,20466,5392,18898,20999,17529,92122,1641,550,20,Pass,Pass
2,28,1,A0,1MiB,1048576,8192,measured,18,730873,56835,2091,168613,48296,145082,176483,132487,729887,986,527,20,Pass,Pass
2,28,2,A0,512KiB,524288,4096,measured,18,396810,29712,2417,99008,24425,76833,91714,71737,395846,964,718,20,Pass,Pass
2,28,3,A0,4MiB,4194304,32768,measured,18,5329260,553544,4326,1207143,319130,1255088,1273257,715071,5327559,1701,975,20,Pass,Pass
2,28,4,A0,16MiB,16777216,131072,measured,18,26734874,3016036,4272,5562863,2291059,5906389,6745654,3206018,26732291,2583,1012,20,Pass,Pass
2,28,5,A0,256KiB,262144,2048,measured,18,179324,13477,1633,37201,10743,37044,42670,35311,178079,1245,488,20,Pass,Pass
2,28,6,A0,8MiB,8388608,65536,measured,18,12426514,1369475,3790,2599003,1058451,2502614,3349962,1541121,12424416,2098,1016,20,Pass,Pass
2,28,7,A0,2MiB,2097152,16384,measured,18,1563446,115815,2680,390898,100318,330520,356727,264884,1561842,1604,855,20,Pass,Pass
2,29,0,A0,2MiB,2097152,16384,measured,19,1585455,112416,2385,416526,98506,344159,349851,260436,1584279,1176,559,20,Pass,Pass
2,29,1,A0,256KiB,262144,2048,measured,19,175871,13422,1803,37633,10806,35848,40110,35250,174872,999,510,20,Pass,Pass
2,29,2,A0,128KiB,131072,1024,measured,19,88113,6353,1086,19191,5147,19257,19242,17261,87537,576,317,20,Pass,Pass
2,29,3,A0,512KiB,524288,4096,measured,19,355296,28349,1571,80828,23038,70701,81972,68075,354534,762,429,20,Pass,Pass
2,29,4,A0,4MiB,4194304,32768,measured,19,4659946,355646,3178,1154940,319942,1236121,940094,648235,4658156,1790,760,20,Pass,Pass
2,29,5,A0,1MiB,1048576,8192,measured,19,708437,56192,2259,151410,48326,146476,171510,131190,707363,1074,585,20,Pass,Pass
2,29,6,A0,8MiB,8388608,65536,measured,19,12390604,1364579,4223,2575977,1056189,2513687,3334279,1539406,12388340,2264,1048,20,Pass,Pass
2,29,7,A0,16MiB,16777216,131072,measured,19,26049598,3197270,4591,4850412,2278219,5677562,6561340,3477124,26046518,3080,1225,20,Pass,Pass
2,30,0,A0,8MiB,8388608,65536,measured,20,11991611,1449106,4755,2350696,1026253,2397271,3059783,1700340,11988204,3407,1164,20,Pass,Pass
2,30,1,A0,128KiB,131072,1024,measured,20,107237,6743,1753,19739,5625,20207,33410,18436,105913,1324,456,20,Pass,Pass
2,30,2,A0,2MiB,2097152,16384,measured,20,2048875,128304,3249,566946,130276,534787,398490,284925,2046977,1898,779,20,Pass,Pass
2,30,3,A0,4MiB,4194304,32768,measured,20,4785817,389304,2912,1205193,278333,1197224,1049272,661843,4784081,1736,778,20,Pass,Pass
2,30,4,A0,512KiB,524288,4096,measured,20,363938,28816,1946,76011,23649,81352,82568,68100,362442,1496,464,20,Pass,Pass
2,30,5,A0,256KiB,262144,2048,measured,20,177137,13231,1237,37050,10819,40513,38664,34992,176506,631,327,20,Pass,Pass
2,30,6,A0,16MiB,16777216,131072,measured,20,28151158,2998844,4647,5816169,2275835,5918409,7838834,3294795,28147533,3625,1103,20,Pass,Pass
2,30,7,A0,1MiB,1048576,8192,measured,20,762936,56649,1990,183265,50374,166017,172358,130856,761509,1427,689,20,Pass,Pass
2,31,0,A0,8MiB,8388608,65536,measured,21,12676253,1445661,4354,2612286,1080827,2558687,3373192,1599127,12674134,2119,1028,20,Pass,Pass
2,31,1,A0,2MiB,2097152,16384,measured,21,1665655,115995,2651,456479,98642,358874,351415,280141,1664197,1458,727,20,Pass,Pass
2,31,2,A0,4MiB,4194304,32768,measured,21,4830029,337265,3450,1251215,303149,1164301,1095065,673369,4827814,2215,795,20,Pass,Pass
2,31,3,A0,512KiB,524288,4096,measured,21,356835,28471,7173,77358,23020,70235,81650,67518,355425,1410,564,20,Pass,Pass
2,31,4,A0,1MiB,1048576,8192,measured,21,747428,57390,1816,187504,48533,148832,169323,133113,746511,917,462,20,Pass,Pass
2,31,5,A0,16MiB,16777216,131072,measured,21,25135415,3074326,4943,4919067,2233681,5317817,6172677,3409692,25132203,3212,1193,20,Pass,Pass
2,31,6,A0,256KiB,262144,2048,measured,21,181313,13623,2120,38238,10792,37396,42614,35348,180131,1182,750,20,Pass,Pass
2,31,7,A0,128KiB,131072,1024,measured,21,87603,6589,1175,18633,5302,18196,19547,17541,86983,620,242,20,Pass,Pass
2,32,0,A0,1MiB,1048576,8192,measured,22,722974,56799,1464,158808,48580,152907,172409,131103,722070,904,451,20,Pass,Pass
2,32,1,A0,8MiB,8388608,65536,measured,22,12415670,1364020,4044,2571851,1060817,2506055,3357702,1548666,12413155,2515,1215,20,Pass,Pass
2,32,2,A0,2MiB,2097152,16384,measured,22,1594617,128585,2997,399589,100219,335367,364366,262123,1593246,1371,840,20,Pass,Pass
2,32,3,A0,256KiB,262144,2048,measured,22,177547,13710,1780,36865,10880,37048,41259,35018,176560,987,622,20,Pass,Pass
2,32,4,A0,512KiB,524288,4096,measured,22,381158,29498,1521,79884,23682,96118,82189,67501,380393,765,340,20,Pass,Pass
2,32,5,A0,16MiB,16777216,131072,measured,22,25122725,3045372,5669,4931777,2220652,5246061,6226237,3443880,25119648,3077,1274,20,Pass,Pass
2,32,6,A0,4MiB,4194304,32768,measured,22,4956803,402521,3029,1224711,329613,1259586,1075138,660264,4954862,1941,808,20,Pass,Pass
2,32,7,A0,128KiB,131072,1024,measured,22,92297,6655,1993,18699,5447,19683,20838,17499,90814,1483,571,20,Pass,Pass
2,33,0,A0,2MiB,2097152,16384,measured,23,1602898,116230,2607,430988,98781,335624,353097,264098,1601425,1473,693,20,Pass,Pass
2,33,1,A0,4MiB,4194304,32768,measured,23,4849778,434130,3076,1160390,301156,1147241,1157694,644315,4848002,1776,844,20,Pass,Pass
2,33,2,A0,8MiB,8388608,65536,measured,23,12395670,1410324,4157,2557552,1043391,2511878,3317884,1547936,12393122,2548,1163,20,Pass,Pass
2,33,3,A0,16MiB,16777216,131072,measured,23,26758074,3011535,10247,5545530,2296563,5910651,6777153,3203413,26755092,2982,1284,20,Pass,Pass
2,33,4,A0,256KiB,262144,2048,measured,23,182397,13623,2000,38878,10995,37517,42703,35368,181084,1313,657,20,Pass,Pass
2,33,5,A0,512KiB,524288,4096,measured,23,379263,28172,1686,78553,22943,90319,86851,69896,378420,843,510,20,Pass,Pass
2,33,6,A0,128KiB,131072,1024,measured,23,89685,6541,1398,20004,5369,18775,19601,17326,89014,671,376,20,Pass,Pass
2,33,7,A0,1MiB,1048576,8192,measured,23,733170,57014,1467,169294,48617,149173,171486,135210,732261,909,363,20,Pass,Pass
2,34,0,A0,256KiB,262144,2048,measured,24,173570,13244,1203,37155,10713,36290,39383,34991,172979,591,323,20,Pass,Pass
2,34,1,A0,1MiB,1048576,8192,measured,24,710846,56774,1676,158419,48068,147588,162295,135137,709957,889,515,20,Pass,Pass
2,34,2,A0,512KiB,524288,4096,measured,24,350342,28426,1482,78348,23045,69850,80548,67915,349614,728,365,20,Pass,Pass
2,34,3,A0,128KiB,131072,1024,measured,24,89169,6359,1166,18321,5101,20792,19567,17299,88605,564,230,20,Pass,Pass
2,34,4,A0,4MiB,4194304,32768,measured,24,5071884,493374,3468,1151860,328184,1179260,1237424,676525,5070095,1789,1024,20,Pass,Pass
2,34,5,A0,8MiB,8388608,65536,measured,24,12397676,1369348,4617,2571268,1064057,2504861,3351762,1529192,12395105,2571,1063,20,Pass,Pass
2,34,6,A0,16MiB,16777216,131072,measured,24,27070776,3012271,4493,5722782,2283232,5922820,6875760,3246251,27067609,3167,1112,20,Pass,Pass
2,34,7,A0,2MiB,2097152,16384,measured,24,1572965,112690,2559,408379,98182,332147,356549,260651,1571157,1808,787,20,Pass,Pass
2,35,0,A0,16MiB,16777216,131072,measured,25,26908863,2973519,4297,5623263,2270755,5917957,6809561,3306248,26905600,3263,1385,20,Pass,Pass
2,35,1,A0,256KiB,262144,2048,measured,25,178650,13239,2163,37183,10777,36583,42212,35174,177331,1319,722,20,Pass,Pass
2,35,2,A0,4MiB,4194304,32768,measured,25,4995350,418088,3646,1195915,308508,1166799,1269876,630293,4993125,2225,955,20,Pass,Pass
2,35,3,A0,1MiB,1048576,8192,measured,25,707108,56903,2666,155155,47861,141084,170453,131502,705624,1484,1120,20,Pass,Pass
2,35,4,A0,512KiB,524288,4096,measured,25,364012,28420,2182,89412,23250,70376,82170,67341,363151,861,551,20,Pass,Pass
2,35,5,A0,128KiB,131072,1024,measured,25,88666,6551,1322,19039,5234,17898,20421,17530,87995,671,335,20,Pass,Pass
2,35,6,A0,8MiB,8388608,65536,measured,25,12407886,1385080,3752,2562471,1062823,2504748,3339648,1546923,12405445,2441,1257,20,Pass,Pass
2,35,7,A0,2MiB,2097152,16384,measured,25,1570730,112541,1955,414141,99393,323695,350037,267444,1569206,1524,704,20,Pass,Pass
2,36,0,A0,8MiB,8388608,65536,measured,26,12138687,1326825,4136,2561835,967344,2529042,3201046,1546136,12136364,2323,1115,20,Pass,Pass
2,36,1,A0,128KiB,131072,1024,measured,26,92060,6876,1850,19062,5346,18366,21593,17464,90557,1503,529,20,Pass,Pass
2,36,2,A0,2MiB,2097152,16384,measured,26,1606100,113550,2439,437193,98190,327215,354575,271625,1604787,1313,596,20,Pass,Pass
2,36,3,A0,16MiB,16777216,131072,measured,26,27130471,3004867,5449,5822734,2315702,5925200,6764899,3288606,27127457,3014,1467,20,Pass,Pass
2,36,4,A0,4MiB,4194304,32768,measured,26,4947158,356848,2635,1218540,340244,1234173,1137139,655680,4945259,1899,925,20,Pass,Pass
2,36,5,A0,512KiB,524288,4096,measured,26,349579,28290,1943,73608,22937,70265,83250,67935,348228,1351,523,20,Pass,Pass
2,36,6,A0,256KiB,262144,2048,measured,26,176791,13238,1105,36815,10731,40059,39230,34992,176170,621,254,20,Pass,Pass
2,36,7,A0,1MiB,1048576,8192,measured,26,715891,56835,1516,162464,47833,148896,165632,131962,715138,753,392,20,Pass,Pass
2,37,0,A0,16MiB,16777216,131072,measured,27,27087241,3008638,4809,5800231,2280002,5912729,6804129,3273715,27084253,2988,1114,20,Pass,Pass
2,37,1,A0,1MiB,1048576,8192,measured,27,718533,57095,2254,159847,48520,142876,174010,132471,717073,1460,695,20,Pass,Pass
2,37,2,A0,128KiB,131072,1024,measured,27,117677,6601,1378,31479,5123,33263,21258,17800,116902,775,309,20,Pass,Pass
2,37,3,A0,256KiB,262144,2048,measured,27,190514,14240,1459,39079,11440,43810,42855,36969,189852,662,353,20,Pass,Pass
2,37,4,A0,512KiB,524288,4096,measured,27,351022,28215,1525,77462,22997,70978,81640,67477,350294,728,331,20,Pass,Pass
2,37,5,A0,4MiB,4194304,32768,measured,27,4611693,332837,3612,1139720,310588,1224675,951046,647462,4609940,1753,895,20,Pass,Pass
2,37,6,A0,2MiB,2097152,16384,measured,27,1563484,112087,2788,417802,100043,321293,340671,267240,1561924,1560,873,20,Pass,Pass
2,37,7,A0,8MiB,8388608,65536,measured,27,12395652,1371621,4028,2563543,1060984,2504702,3340118,1548000,12392996,2656,997,20,Pass,Pass
2,38,0,A0,8MiB,8388608,65536,measured,28,12114896,1365836,3723,2545120,971053,2526932,3182756,1516748,12112168,2728,973,20,Pass,Pass
2,38,1,A0,512KiB,524288,4096,measured,28,357884,28829,2087,80307,22972,71002,83576,67749,356522,1362,586,20,Pass,Pass
2,38,2,A0,2MiB,2097152,16384,measured,28,1569444,112347,2308,411712,98385,328500,352703,261894,1567849,1595,634,20,Pass,Pass
2,38,3,A0,4MiB,4194304,32768,measured,28,5151953,426049,3223,1254660,359837,1289929,1141834,674326,5149858,2095,786,20,Pass,Pass
2,38,4,A0,16MiB,16777216,131072,measured,28,25799484,3068544,5032,5068263,2389937,5458732,6414764,3390991,25796263,3221,1313,20,Pass,Pass
2,38,5,A0,1MiB,1048576,8192,measured,28,722637,56682,2245,158721,48057,145969,178433,131257,721364,1273,665,20,Pass,Pass
2,38,6,A0,128KiB,131072,1024,measured,28,88058,6462,1145,18397,5372,19085,19945,17092,87498,560,267,20,Pass,Pass
2,38,7,A0,256KiB,262144,2048,measured,28,177159,13432,1157,38061,10842,37418,40348,35291,176549,610,302,20,Pass,Pass
2,39,0,A0,512KiB,524288,4096,measured,29,349545,28235,1239,77761,22919,70972,80093,67601,348820,725,254,20,Pass,Pass
2,39,1,A0,1MiB,1048576,8192,measured,29,818823,58196,1695,208553,47689,156311,181491,163904,817839,984,358,20,Pass,Pass
2,39,2,A0,16MiB,16777216,131072,measured,29,27693621,3022528,4687,5588650,2436331,6178090,7029051,3431174,27690511,3110,1136,20,Pass,Pass
2,39,3,A0,8MiB,8388608,65536,measured,29,13524486,1472903,3867,2949767,1089074,2844765,3370227,1791265,13521868,2618,981,20,Pass,Pass
2,39,4,A0,256KiB,262144,2048,measured,29,193594,14085,1911,42192,11660,39982,45249,37095,192174,1420,646,20,Pass,Pass
2,39,5,A0,128KiB,131072,1024,measured,29,106613,6777,1552,25682,5808,20005,27304,18331,105459,1154,501,20,Pass,Pass
2,39,6,A0,2MiB,2097152,16384,measured,29,2618413,162016,3385,729947,136398,650605,580123,354145,2616619,1794,897,20,Pass,Pass
2,39,7,A0,4MiB,4194304,32768,measured,29,5008098,488651,2980,1129719,312811,1167166,1218072,686839,5006238,1860,1015,20,Pass,Pass
