session,round,ordinal,label,cell,n_bytes,m_blocks,case_id_hex,sample_kind,measured_ordinal,prepare_ns,native_ns,total_ns,execution_status,correctness_status,result_checksum
0,0,0,A0-dup,16MiB,16777216,131072,0c00f8138e0e622f6fc7215fc0f0d135e79bf60450e4c79d30e30624a8842117,warmup,0,3022336,26171329,29193665,Pass,Pass,7408339909486172793
0,0,1,A0-dup,512KiB,524288,4096,155dfc49f4c05f1087ef002a279acee734e738bc580f2b3925315f95a108242b,warmup,0,29128,338018,367146,Pass,Pass,192086794746352270
0,0,2,A0-dup,4MiB,4194304,32768,f9dc4b51d64658b088837d5f2a7d485e8eba57daed852c20d443b77cc8137655,warmup,0,684749,5871276,6556025,Pass,Pass,7876534982476418273
0,0,3,A0,8MiB,8388608,65536,e456d3adf67030c5a168df273f5171ca3e1299e54571d94cca82b117f3cf3aeb,warmup,0,1432534,12428730,13861264,Pass,Pass,9713268438230653554
0,0,4,A0,1MiB,1048576,8192,337a179ec729c20c01309d98317f7ca00691d12ca10285b55ade71fb880e191c,warmup,0,56977,638346,695323,Pass,Pass,16341657278089853397
0,0,5,A0-dup,128KiB,131072,1024,22e51081397aebb06a1c4c3f85bd08a6e7041a438f4aae416970027e1ddbb24e,warmup,0,6537,76952,83489,Pass,Pass,15067928572581534229
0,0,6,A0,2MiB,2097152,16384,6587afedd7c0f949b131311e7425d033a0754a29587f85f26ec370a31fc4edf0,warmup,0,112932,1390174,1503106,Pass,Pass,7349817109290025153
0,0,7,A0-dup,2MiB,2097152,16384,6587afedd7c0f949b131311e7425d033a0754a29587f85f26ec370a31fc4edf0,warmup,0,114124,1478269,1592393,Pass,Pass,7349817109290025153
0,0,8,A0,16MiB,16777216,131072,0c00f8138e0e622f6fc7215fc0f0d135e79bf60450e4c79d30e30624a8842117,warmup,0,3008556,26013455,29022011,Pass,Pass,7408339909486172793
0,0,9,A0-dup,1MiB,1048576,8192,337a179ec729c20c01309d98317f7ca00691d12ca10285b55ade71fb880e191c,warmup,0,56894,627696,684590,Pass,Pass,16341657278089853397
0,0,10,A0,512KiB,524288,4096,155dfc49f4c05f1087ef002a279acee734e738bc580f2b3925315f95a108242b,warmup,0,28075,326386,354461,Pass,Pass,192086794746352270
0,0,11,A0-dup,8MiB,8388608,65536,e456d3adf67030c5a168df273f5171ca3e1299e54571d94cca82b117f3cf3aeb,warmup,0,1456979,12896087,14353066,Pass,Pass,9713268438230653554
0,0,12,A0,4MiB,4194304,32768,f9dc4b51d64658b088837d5f2a7d485e8eba57daed852c20d443b77cc8137655,warmup,0,505519,4288083,4793602,Pass,Pass,7876534982476418273
0,0,13,A0,256KiB,262144,2048,6f0154469137295abd7b45b25bc83aace599559234fd5f331140bd800c48b670,warmup,0,13711,158717,172428,Pass,Pass,1126272383489710074
0,0,14,A0,128KiB,131072,1024,22e51081397aebb06a1c4c3f85bd08a6e7041a438f4aae416970027e1ddbb24e,warmup,0,6582,77884,84466,Pass,Pass,15067928572581534229
0,0,15,A0-dup,256KiB,262144,2048,6f0154469137295abd7b45b25bc83aace599559234fd5f331140bd800c48b670,warmup,0,13212,151342,164554,Pass,Pass,1126272383489710074
0,1,0,A0-dup,4MiB,4194304,32768,f9dc4b51d64658b088837d5f2a7d485e8eba57daed852c20d443b77cc8137655,warmup,0,515110,4716383,5231493,Pass,Pass,7876534982476418273
0,1,1,A0,16MiB,16777216,131072,0c00f8138e0e622f6fc7215fc0f0d135e79bf60450e4c79d30e30624a8842117,warmup,0,2959134,25266665,28225799,Pass,Pass,7408339909486172793
0,1,2,A0-dup,1MiB,1048576,8192,337a179ec729c20c01309d98317f7ca00691d12ca10285b55ade71fb880e191c,warmup,0,56896,633189,690085,Pass,Pass,16341657278089853397
0,1,3,A0,2MiB,2097152,16384,6587afedd7c0f949b131311e7425d033a0754a29587f85f26ec370a31fc4edf0,warmup,0,112118,1478442,1590560,Pass,Pass,7349817109290025153
0,1,4,A0,8MiB,8388608,65536,e456d3adf67030c5a168df273f5171ca3e1299e54571d94cca82b117f3cf3aeb,warmup,0,1523028,13347022,14870050,Pass,Pass,9713268438230653554
0,1,5,A0-dup,16MiB,16777216,131072,0c00f8138e0e622f6fc7215fc0f0d135e79bf60450e4c79d30e30624a8842117,warmup,0,3007935,26526676,29534611,Pass,Pass,7408339909486172793
0,1,6,A0-dup,8MiB,8388608,65536,e456d3adf67030c5a168df273f5171ca3e1299e54571d94cca82b117f3cf3aeb,warmup,0,1422201,10440520,11862721,Pass,Pass,9713268438230653554
0,1,7,A0,256KiB,262144,2048,6f0154469137295abd7b45b25bc83aace599559234fd5f331140bd800c48b670,warmup,0,13756,159284,173040,Pass,Pass,1126272383489710074
0,1,8,A0-dup,512KiB,524288,4096,155dfc49f4c05f1087ef002a279acee734e738bc580f2b3925315f95a108242b,warmup,0,28268,310006,338274,Pass,Pass,192086794746352270
0,1,9,A0,4MiB,4194304,32768,f9dc4b51d64658b088837d5f2a7d485e8eba57daed852c20d443b77cc8137655,warmup,0,484024,4430757,4914781,Pass,Pass,7876534982476418273
0,1,10,A0,1MiB,1048576,8192,337a179ec729c20c01309d98317f7ca00691d12ca10285b55ade71fb880e191c,warmup,0,56828,627905,684733,Pass,Pass,16341657278089853397
0,1,11,A0,128KiB,131072,1024,22e51081397aebb06a1c4c3f85bd08a6e7041a438f4aae416970027e1ddbb24e,warmup,0,6623,76522,83145,Pass,Pass,15067928572581534229
0,1,12,A0-dup,128KiB,131072,1024,22e51081397aebb06a1c4c3f85bd08a6e7041a438f4aae416970027e1ddbb24e,warmup,0,6496,80307,86803,Pass,Pass,15067928572581534229
0,1,13,A0,512KiB,524288,4096,155dfc49f4c05f1087ef002a279acee734e738bc580f2b3925315f95a108242b,warmup,0,27956,314584,342540,Pass,Pass,192086794746352270
0,1,14,A0-dup,256KiB,262144,2048,6f0154469137295abd7b45b25bc83aace599559234fd5f331140bd800c48b670,warmup,0,13452,153285,166737,Pass,Pass,1126272383489710074
0,1,15,A0-dup,2MiB,2097152,16384,6587afedd7c0f949b131311e7425d033a0754a29587f85f26ec370a31fc4edf0,warmup,0,112789,1579435,1692224,Pass,Pass,7349817109290025153
0,2,0,A0-dup,512KiB,524288,4096,155dfc49f4c05f1087ef002a279acee734e738bc580f2b3925315f95a108242b,warmup,0,28952,315749,344701,Pass,Pass,192086794746352270
0,2,1,A0-dup,256KiB,262144,2048,6f0154469137295abd7b45b25bc83aace599559234fd5f331140bd800c48b670,warmup,0,13336,153295,166631,Pass,Pass,1126272383489710074
0,2,2,A0,128KiB,131072,1024,22e51081397aebb06a1c4c3f85bd08a6e7041a438f4aae416970027e1ddbb24e,warmup,0,6628,77402,84030,Pass,Pass,15067928572581534229
0,2,3,A0,256KiB,262144,2048,6f0154469137295abd7b45b25bc83aace599559234fd5f331140bd800c48b670,warmup,0,13522,151165,164687,Pass,Pass,1126272383489710074
0,2,4,A0,1MiB,1048576,8192,337a179ec729c20c01309d98317f7ca00691d12ca10285b55ade71fb880e191c,warmup,0,56810,635339,692149,Pass,Pass,16341657278089853397
0,2,5,A0,8MiB,8388608,65536,e456d3adf67030c5a168df273f5171ca3e1299e54571d94cca82b117f3cf3aeb,warmup,0,1342931,10417913,11760844,Pass,Pass,9713268438230653554
0,2,6,A0-dup,128KiB,131072,1024,22e51081397aebb06a1c4c3f85bd08a6e7041a438f4aae416970027e1ddbb24e,warmup,0,6785,80602,87387,Pass,Pass,15067928572581534229
0,2,7,A0,512KiB,524288,4096,155dfc49f4c05f1087ef002a279acee734e738bc580f2b3925315f95a108242b,warmup,0,28305,308200,336505,Pass,Pass,192086794746352270
0,2,8,A0-dup,2MiB,2097152,16384,6587afedd7c0f949b131311e7425d033a0754a29587f85f26ec370a31fc4edf0,warmup,0,112017,1445379,1557396,Pass,Pass,7349817109290025153
0,2,9,A0-dup,8MiB,8388608,65536,e456d3adf67030c5a168df273f5171ca3e1299e54571d94cca82b117f3cf3aeb,warmup,0,1329060,10570443,11899503,Pass,Pass,9713268438230653554
0,2,10,A0-dup,1MiB,1048576,8192,337a179ec729c20c01309d98317f7ca00691d12ca10285b55ade71fb880e191c,warmup,0,56804,653576,710380,Pass,Pass,16341657278089853397
0,2,11,A0-dup,16MiB,16777216,131072,0c00f8138e0e622f6fc7215fc0f0d135e79bf60450e4c79d30e30624a8842117,warmup,0,2972075,20270059,23242134,Pass,Pass,7408339909486172793
0,2,12,A0,16MiB,16777216,131072,0c00f8138e0e622f6fc7215fc0f0d135e79bf60450e4c79d30e30624a8842117,warmup,0,3099299,23225573,26324872,Pass,Pass,7408339909486172793
0,2,13,A0-dup,4MiB,4194304,32768,f9dc4b51d64658b088837d5f2a7d485e8eba57daed852c20d443b77cc8137655,warmup,0,465627,4614320,5079947,Pass,Pass,7876534982476418273
0,2,14,A0,2MiB,2097152,16384,6587afedd7c0f949b131311e7425d033a0754a29587f85f26ec370a31fc4edf0,warmup,0,115789,1400806,1516595,Pass,Pass,7349817109290025153
0,2,15,A0,4MiB,4194304,32768,f9dc4b51d64658b088837d5f2a7d485e8eba57daed852c20d443b77cc8137655,warmup,0,364103,4181112,4545215,Pass,Pass,7876534982476418273
0,3,0,A0-dup,1MiB,1048576,8192,337a179ec729c20c01309d98317f7ca00691d12ca10285b55ade71fb880e191c,warmup,0,60590,635372,695962,Pass,Pass,16341657278089853397
0,3,1,A0-dup,256KiB,262144,2048,6f0154469137295abd7b45b25bc83aace599559234fd5f331140bd800c48b670,warmup,0,13529,152760,166289,Pass,Pass,1126272383489710074
0,3,2,A0,2MiB,2097152,16384,6587afedd7c0f949b131311e7425d033a0754a29587f85f26ec370a31fc4edf0,warmup,0,114923,1468651,1583574,Pass,Pass,7349817109290025153
0,3,3,A0-dup,2MiB,2097152,16384,6587afedd7c0f949b131311e7425d033a0754a29587f85f26ec370a31fc4edf0,warmup,0,113491,1448617,1562108,Pass,Pass,7349817109290025153
0,3,4,A0-dup,128KiB,131072,1024,22e51081397aebb06a1c4c3f85bd08a6e7041a438f4aae416970027e1ddbb24e,warmup,0,6657,84062,90719,Pass,Pass,15067928572581534229
0,3,5,A0,16MiB,16777216,131072,0c00f8138e0e622f6fc7215fc0f0d135e79bf60450e4c79d30e30624a8842117,warmup,0,3020213,20484976,23505189,Pass,Pass,7408339909486172793
0,3,6,A0,256KiB,262144,2048,6f0154469137295abd7b45b25bc83aace599559234fd5f331140bd800c48b670,warmup,0,13739,164082,177821,Pass,Pass,1126272383489710074
0,3,7,A0,8MiB,8388608,65536,e456d3adf67030c5a168df273f5171ca3e1299e54571d94cca82b117f3cf3aeb,warmup,0,1327217,10516447,11843664,Pass,Pass,9713268438230653554
0,3,8,A0-dup,512KiB,524288,4096,155dfc49f4c05f1087ef002a279acee734e738bc580f2b3925315f95a108242b,warmup,0,28754,317135,345889,Pass,Pass,192086794746352270
0,3,9,A0-dup,4MiB,4194304,32768,f9dc4b51d64658b088837d5f2a7d485e8eba57daed852c20d443b77cc8137655,warmup,0,286728,4722480,5009208,Pass,Pass,7876534982476418273
0,3,10,A0,4MiB,4194304,32768,f9dc4b51d64658b088837d5f2a7d485e8eba57daed852c20d443b77cc8137655,warmup,0,381183,3946126,4327309,Pass,Pass,7876534982476418273
0,3,11,A0,1MiB,1048576,8192,337a179ec729c20c01309d98317f7ca00691d12ca10285b55ade71fb880e191c,warmup,0,55874,653365,709239,Pass,Pass,16341657278089853397
0,3,12,A0,128KiB,131072,1024,22e51081397aebb06a1c4c3f85bd08a6e7041a438f4aae416970027e1ddbb24e,warmup,0,6604,77725,84329,Pass,Pass,15067928572581534229
0,3,13,A0-dup,8MiB,8388608,65536,e456d3adf67030c5a168df273f5171ca3e1299e54571d94cca82b117f3cf3aeb,warmup,0,1357078,10488208,11845286,Pass,Pass,9713268438230653554
0,3,14,A0-dup,16MiB,16777216,131072,0c00f8138e0e622f6fc7215fc0f0d135e79bf60450e4c79d30e30624a8842117,warmup,0,2933137,22638045,25571182,Pass,Pass,7408339909486172793
0,3,15,A0,512KiB,524288,4096,155dfc49f4c05f1087ef002a279acee734e738bc580f2b3925315f95a108242b,warmup,0,28346,314768,343114,Pass,Pass,192086794746352270
0,4,0,A0,512KiB,524288,4096,155dfc49f4c05f1087ef002a279acee734e738bc580f2b3925315f95a108242b,warmup,0,28332,305707,334039,Pass,Pass,192086794746352270
0,4,1,A0,8MiB,8388608,65536,e456d3adf67030c5a168df273f5171ca3e1299e54571d94cca82b117f3cf3aeb,warmup,0,1452244,10702980,12155224,Pass,Pass,9713268438230653554
0,4,2,A0-dup,8MiB,8388608,65536,e456d3adf67030c5a168df273f5171ca3e1299e54571d94cca82b117f3cf3aeb,warmup,0,1411813,10426452,11838265,Pass,Pass,9713268438230653554
0,4,3,A0-dup,256KiB,262144,2048,6f0154469137295abd7b45b25bc83aace599559234fd5f331140bd800c48b670,warmup,0,13515,158619,172134,Pass,Pass,1126272383489710074
0,4,4,A0,2MiB,2097152,16384,6587afedd7c0f949b131311e7425d033a0754a29587f85f26ec370a31fc4edf0,warmup,0,113886,1470385,1584271,Pass,Pass,7349817109290025153
0,4,5,A0-dup,2MiB,2097152,16384,6587afedd7c0f949b131311e7425d033a0754a29587f85f26ec370a31fc4edf0,warmup,0,115508,1443020,1558528,Pass,Pass,7349817109290025153
0,4,6,A0-dup,4MiB,4194304,32768,f9dc4b51d64658b088837d5f2a7d485e8eba57daed852c20d443b77cc8137655,warmup,0,342057,4198315,4540372,Pass,Pass,7876534982476418273
0,4,7,A0,256KiB,262144,2048,6f0154469137295abd7b45b25bc83aace599559234fd5f331140bd800c48b670,warmup,0,13865,155327,169192,Pass,Pass,1126272383489710074
0,4,8,A0,16MiB,16777216,131072,0c00f8138e0e622f6fc7215fc0f0d135e79bf60450e4c79d30e30624a8842117,warmup,0,3061861,21354624,24416485,Pass,Pass,7408339909486172793
0,4,9,A0-dup,1MiB,1048576,8192,337a179ec729c20c01309d98317f7ca00691d12ca10285b55ade71fb880e191c,warmup,0,56034,639179,695213,Pass,Pass,16341657278089853397
0,4,10,A0-dup,16MiB,16777216,131072,0c00f8138e0e622f6fc7215fc0f0d135e79bf60450e4c79d30e30624a8842117,warmup,0,3103841,21197684,24301525,Pass,Pass,7408339909486172793
0,4,11,A0,4MiB,4194304,32768,f9dc4b51d64658b088837d5f2a7d485e8eba57daed852c20d443b77cc8137655,warmup,0,416367,3983249,4399616,Pass,Pass,7876534982476418273
0,4,12,A0-dup,512KiB,524288,4096,155dfc49f4c05f1087ef002a279acee734e738bc580f2b3925315f95a108242b,warmup,0,28985,311746,340731,Pass,Pass,192086794746352270
0,4,13,A0-dup,128KiB,131072,1024,22e51081397aebb06a1c4c3f85bd08a6e7041a438f4aae416970027e1ddbb24e,warmup,0,6577,76649,83226,Pass,Pass,15067928572581534229
0,4,14,A0,1MiB,1048576,8192,337a179ec729c20c01309d98317f7ca00691d12ca10285b55ade71fb880e191c,warmup,0,56366,637241,693607,Pass,Pass,16341657278089853397
0,4,15,A0,128KiB,131072,1024,22e51081397aebb06a1c4c3f85bd08a6e7041a438f4aae416970027e1ddbb24e,warmup,0,6557,77532,84089,Pass,Pass,15067928572581534229
0,5,0,A0,4MiB,4194304,32768,f9dc4b51d64658b088837d5f2a7d485e8eba57daed852c20d443b77cc8137655,warmup,0,414067,4539074,4953141,Pass,Pass,7876534982476418273
0,5,1,A0,1MiB,1048576,8192,337a179ec729c20c01309d98317f7ca00691d12ca10285b55ade71fb880e191c,warmup,0,55705,635815,691520,Pass,Pass,16341657278089853397
0,5,2,A0-dup,256KiB,262144,2048,6f0154469137295abd7b45b25bc83aace599559234fd5f331140bd800c48b670,warmup,0,13428,152224,165652,Pass,Pass,1126272383489710074
0,5,3,A0,128KiB,131072,1024,22e51081397aebb06a1c4c3f85bd08a6e7041a438f4aae416970027e1ddbb24e,warmup,0,6411,83432,89843,Pass,Pass,15067928572581534229
0,5,4,A0-dup,4MiB,4194304,32768,f9dc4b51d64658b088837d5f2a7d485e8eba57daed852c20d443b77cc8137655,warmup,0,337378,4145942,4483320,Pass,Pass,7876534982476418273
0,5,5,A0-dup,1MiB,1048576,8192,337a179ec729c20c01309d98317f7ca00691d12ca10285b55ade71fb880e191c,warmup,0,56296,623137,679433,Pass,Pass,16341657278089853397
0,5,6,A0-dup,2MiB,2097152,16384,6587afedd7c0f949b131311e7425d033a0754a29587f85f26ec370a31fc4edf0,warmup,0,112710,1464608,1577318,Pass,Pass,7349817109290025153
0,5,7,A0,512KiB,524288,4096,155dfc49f4c05f1087ef002a279acee734e738bc580f2b3925315f95a108242b,warmup,0,28756,307150,335906,Pass,Pass,192086794746352270
0,5,8,A0,256KiB,262144,2048,6f0154469137295abd7b45b25bc83aace599559234fd5f331140bd800c48b670,warmup,0,17176,183546,200722,Pass,Pass,1126272383489710074
0,5,9,A0-dup,128KiB,131072,1024,22e51081397aebb06a1c4c3f85bd08a6e7041a438f4aae416970027e1ddbb24e,warmup,0,6442,76874,83316,Pass,Pass,15067928572581534229
0,5,10,A0,2MiB,2097152,16384,6587afedd7c0f949b131311e7425d033a0754a29587f85f26ec370a31fc4edf0,warmup,0,115775,1555793,1671568,Pass,Pass,7349817109290025153
0,5,11,A0-dup,16MiB,16777216,131072,0c00f8138e0e622f6fc7215fc0f0d135e79bf60450e4c79d30e30624a8842117,warmup,0,3060050,20210236,23270286,Pass,Pass,7408339909486172793
0,5,12,A0,8MiB,8388608,65536,e456d3adf67030c5a168df273f5171ca3e1299e54571d94cca82b117f3cf3aeb,warmup,0,1327640,9729464,11057104,Pass,Pass,9713268438230653554
0,5,13,A0-dup,8MiB,8388608,65536,e456d3adf67030c5a168df273f5171ca3e1299e54571d94cca82b117f3cf3aeb,warmup,0,1401595,10278491,11680086,Pass,Pass,9713268438230653554
0,5,14,A0,16MiB,16777216,131072,0c00f8138e0e622f6fc7215fc0f0d135e79bf60450e4c79d30e30624a8842117,warmup,0,3064103,21768676,24832779,Pass,Pass,7408339909486172793
0,5,15,A0-dup,512KiB,524288,4096,155dfc49f4c05f1087ef002a279acee734e738bc580f2b3925315f95a108242b,warmup,0,29154,316870,346024,Pass,Pass,192086794746352270
0,6,0,A0-dup,1MiB,1048576,8192,337a179ec729c20c01309d98317f7ca00691d12ca10285b55ade71fb880e191c,warmup,0,55982,644423,700405,Pass,Pass,16341657278089853397
0,6,1,A0-dup,16MiB,16777216,131072,0c00f8138e0e622f6fc7215fc0f0d135e79bf60450e4c79d30e30624a8842117,warmup,0,2980727,21550447,24531174,Pass,Pass,7408339909486172793
0,6,2,A0,2MiB,2097152,16384,6587afedd7c0f949b131311e7425d033a0754a29587f85f26ec370a31fc4edf0,warmup,0,115756,1486838,1602594,Pass,Pass,7349817109290025153
0,6,3,A0,128KiB,131072,1024,22e51081397aebb06a1c4c3f85bd08a6e7041a438f4aae416970027e1ddbb24e,warmup,0,7070,79615,86685,Pass,Pass,15067928572581534229
0,6,4,A0-dup,2MiB,2097152,16384,6587afedd7c0f949b131311e7425d033a0754a29587f85f26ec370a31fc4edf0,warmup,0,112256,1495292,1607548,Pass,Pass,7349817109290025153
0,6,5,A0,16MiB,16777216,131072,0c00f8138e0e622f6fc7215fc0f0d135e79bf60450e4c79d30e30624a8842117,warmup,0,2941906,22434032,25375938,Pass,Pass,7408339909486172793
0,6,6,A0,1MiB,1048576,8192,337a179ec729c20c01309d98317f7ca00691d12ca10285b55ade71fb880e191c,warmup,0,56772,632771,689543,Pass,Pass,16341657278089853397
0,6,7,A0-dup,8MiB,8388608,65536,e456d3adf67030c5a168df273f5171ca3e1299e54571d94cca82b117f3cf3aeb,warmup,0,1344317,10249046,11593363,Pass,Pass,9713268438230653554
0,6,8,A0-dup,512KiB,524288,4096,155dfc49f4c05f1087ef002a279acee734e738bc580f2b3925315f95a108242b,warmup,0,28959,318439,347398,Pass,Pass,192086794746352270
0,6,9,A0-dup,256KiB,262144,2048,6f0154469137295abd7b45b25bc83aace599559234fd5f331140bd800c48b670,warmup,0,13427,156564,169991,Pass,Pass,1126272383489710074
0,6,10,A0-dup,128KiB,131072,1024,22e51081397aebb06a1c4c3f85bd08a6e7041a438f4aae416970027e1ddbb24e,warmup,0,6437,77322,83759,Pass,Pass,15067928572581534229
0,6,11,A0,512KiB,524288,4096,155dfc49f4c05f1087ef002a279acee734e738bc580f2b3925315f95a108242b,warmup,0,28556,303952,332508,Pass,Pass,192086794746352270
0,6,12,A0-dup,4MiB,4194304,32768,f9dc4b51d64658b088837d5f2a7d485e8eba57daed852c20d443b77cc8137655,warmup,0,538516,4733622,5272138,Pass,Pass,7876534982476418273
0,6,13,A0,4MiB,4194304,32768,f9dc4b51d64658b088837d5f2a7d485e8eba57daed852c20d443b77cc8137655,warmup,0,308218,4002057,4310275,Pass,Pass,7876534982476418273
0,6,14,A0,256KiB,262144,2048,6f0154469137295abd7b45b25bc83aace599559234fd5f331140bd800c48b670,warmup,0,13784,163465,177249,Pass,Pass,1126272383489710074
0,6,15,A0,8MiB,8388608,65536,e456d3adf67030c5a168df273f5171ca3e1299e54571d94cca82b117f3cf3aeb,warmup,0,1378929,10485296,11864225,Pass,Pass,9713268438230653554
0,7,0,A0,16MiB,16777216,131072,0c00f8138e0e622f6fc7215fc0f0d135e79bf60450e4c79d30e30624a8842117,warmup,0,3220104,20590723,23810827,Pass,Pass,7408339909486172793
0,7,1,A0-dup,128KiB,131072,1024,22e51081397aebb06a1c4c3f85bd08a6e7041a438f4aae416970027e1ddbb24e,warmup,0,7067,82008,89075,Pass,Pass,15067928572581534229
0,7,2,A0-dup,1MiB,1048576,8192,337a179ec729c20c01309d98317f7ca00691d12ca10285b55ade71fb880e191c,warmup,0,55738,632637,688375,Pass,Pass,16341657278089853397
0,7,3,A0-dup,2MiB,2097152,16384,6587afedd7c0f949b131311e7425d033a0754a29587f85f26ec370a31fc4edf0,warmup,0,138291,1621461,1759752,Pass,Pass,7349817109290025153
0,7,4,A0-dup,4MiB,4194304,32768,f9dc4b51d64658b088837d5f2a7d485e8eba57daed852c20d443b77cc8137655,warmup,0,431223,4408754,4839977,Pass,Pass,7876534982476418273
0,7,5,A0,512KiB,524288,4096,155dfc49f4c05f1087ef002a279acee734e738bc580f2b3925315f95a108242b,warmup,0,29303,312968,342271,Pass,Pass,192086794746352270
0,7,6,A0,1MiB,1048576,8192,337a179ec729c20c01309d98317f7ca00691d12ca10285b55ade71fb880e191c,warmup,0,55971,640555,696526,Pass,Pass,16341657278089853397
0,7,7,A0,4MiB,4194304,32768,f9dc4b51d64658b088837d5f2a7d485e8eba57daed852c20d443b77cc8137655,warmup,0,523306,4750857,5274163,Pass,Pass,7876534982476418273
0,7,8,A0,8MiB,8388608,65536,e456d3adf67030c5a168df273f5171ca3e1299e54571d94cca82b117f3cf3aeb,warmup,0,1289880,10231248,11521128,Pass,Pass,9713268438230653554
0,7,9,A0-dup,256KiB,262144,2048,6f0154469137295abd7b45b25bc83aace599559234fd5f331140bd800c48b670,warmup,0,13622,164998,178620,Pass,Pass,1126272383489710074
0,7,10,A0-dup,16MiB,16777216,131072,0c00f8138e0e622f6fc7215fc0f0d135e79bf60450e4c79d30e30624a8842117,warmup,0,3021492,21793964,24815456,Pass,Pass,7408339909486172793
0,7,11,A0-dup,8MiB,8388608,65536,e456d3adf67030c5a168df273f5171ca3e1299e54571d94cca82b117f3cf3aeb,warmup,0,1343776,11011586,12355362,Pass,Pass,9713268438230653554
0,7,12,A0,256KiB,262144,2048,6f0154469137295abd7b45b25bc83aace599559234fd5f331140bd800c48b670,warmup,0,13728,163984,177712,Pass,Pass,1126272383489710074
0,7,13,A0,2MiB,2097152,16384,6587afedd7c0f949b131311e7425d033a0754a29587f85f26ec370a31fc4edf0,warmup,0,111219,1473425,1584644,Pass,Pass,7349817109290025153
0,7,14,A0-dup,512KiB,524288,4096,155dfc49f4c05f1087ef002a279acee734e738bc580f2b3925315f95a108242b,warmup,0,28545,310539,339084,Pass,Pass,192086794746352270
0,7,15,A0,128KiB,131072,1024,22e51081397aebb06a1c4c3f85bd08a6e7041a438f4aae416970027e1ddbb24e,warmup,0,6517,80336,86853,Pass,Pass,15067928572581534229
0,8,0,A0-dup,4MiB,4194304,32768,f9dc4b51d64658b088837d5f2a7d485e8eba57daed852c20d443b77cc8137655,warmup,0,530216,4764967,5295183,Pass,Pass,7876534982476418273
0,8,1,A0-dup,128KiB,131072,1024,22e51081397aebb06a1c4c3f85bd08a6e7041a438f4aae416970027e1ddbb24e,warmup,0,6802,80325,87127,Pass,Pass,15067928572581534229
0,8,2,A0-dup,2MiB,2097152,16384,6587afedd7c0f949b131311e7425d033a0754a29587f85f26ec370a31fc4edf0,warmup,0,113221,1492301,1605522,Pass,Pass,7349817109290025153
0,8,3,A0-dup,16MiB,16777216,131072,0c00f8138e0e622f6fc7215fc0f0d135e79bf60450e4c79d30e30624a8842117,warmup,0,3055077,22797161,25852238,Pass,Pass,7408339909486172793
0,8,4,A0,16MiB,16777216,131072,0c00f8138e0e622f6fc7215fc0f0d135e79bf60450e4c79d30e30624a8842117,warmup,0,3096352,23109922,26206274,Pass,Pass,7408339909486172793
0,8,5,A0-dup,512KiB,524288,4096,155dfc49f4c05f1087ef002a279acee734e738bc580f2b3925315f95a108242b,warmup,0,28432,311200,339632,Pass,Pass,192086794746352270
0,8,6,A0-dup,1MiB,1048576,8192,337a179ec729c20c01309d98317f7ca00691d12ca10285b55ade71fb880e191c,warmup,0,55894,648312,704206,Pass,Pass,16341657278089853397
0,8,7,A0,128KiB,131072,1024,22e51081397aebb06a1c4c3f85bd08a6e7041a438f4aae416970027e1ddbb24e,warmup,0,6570,81018,87588,Pass,Pass,15067928572581534229
0,8,8,A0-dup,256KiB,262144,2048,6f0154469137295abd7b45b25bc83aace599559234fd5f331140bd800c48b670,warmup,0,13352,157416,170768,Pass,Pass,1126272383489710074
0,8,9,A0,4MiB,4194304,32768,f9dc4b51d64658b088837d5f2a7d485e8eba57daed852c20d443b77cc8137655,warmup,0,550729,4529391,5080120,Pass,Pass,7876534982476418273
0,8,10,A0,256KiB,262144,2048,6f0154469137295abd7b45b25bc83aace599559234fd5f331140bd800c48b670,warmup,0,13687,163604,177291,Pass,Pass,1126272383489710074
0,8,11,A0,8MiB,8388608,65536,e456d3adf67030c5a168df273f5171ca3e1299e54571d94cca82b117f3cf3aeb,warmup,0,1356656,10350964,11707620,Pass,Pass,9713268438230653554
0,8,12,A0,2MiB,2097152,16384,6587afedd7c0f949b131311e7425d033a0754a29587f85f26ec370a31fc4edf0,warmup,0,114577,1443565,1558142,Pass,Pass,7349817109290025153
0,8,13,A0-dup,8MiB,8388608,65536,e456d3adf67030c5a168df273f5171ca3e1299e54571d94cca82b117f3cf3aeb,warmup,0,1331689,10366268,11697957,Pass,Pass,9713268438230653554
0,8,14,A0,512KiB,524288,4096,155dfc49f4c05f1087ef002a279acee734e738bc580f2b3925315f95a108242b,warmup,0,28760,311884,340644,Pass,Pass,192086794746352270
0,8,15,A0,1MiB,1048576,8192,337a179ec729c20c01309d98317f7ca00691d12ca10285b55ade71fb880e191c,warmup,0,55734,648532,704266,Pass,Pass,16341657278089853397
0,9,0,A0-dup,1MiB,1048576,8192,337a179ec729c20c01309d98317f7ca00691d12ca10285b55ade71fb880e191c,warmup,0,56045,632639,688684,Pass,Pass,16341657278089853397
0,9,1,A0,1MiB,1048576,8192,337a179ec729c20c01309d98317f7ca00691d12ca10285b55ade71fb880e191c,warmup,0,56497,623722,680219,Pass,Pass,16341657278089853397
0,9,2,A0-dup,2MiB,2097152,16384,6587afedd7c0f949b131311e7425d033a0754a29587f85f26ec370a31fc4edf0,warmup,0,120104,1470877,1590981,Pass,Pass,7349817109290025153
0,9,3,A0-dup,16MiB,16777216,131072,0c00f8138e0e622f6fc7215fc0f0d135e79bf60450e4c79d30e30624a8842117,warmup,0,2970534,22596364,25566898,Pass,Pass,7408339909486172793
0,9,4,A0,16MiB,16777216,131072,0c00f8138e0e622f6fc7215fc0f0d135e79bf60450e4c79d30e30624a8842117,warmup,0,3140425,21445567,24585992,Pass,Pass,7408339909486172793
0,9,5,A0,128KiB,131072,1024,22e51081397aebb06a1c4c3f85bd08a6e7041a438f4aae416970027e1ddbb24e,warmup,0,6876,79902,86778,Pass,Pass,15067928572581534229
0,9,6,A0,256KiB,262144,2048,6f0154469137295abd7b45b25bc83aace599559234fd5f331140bd800c48b670,warmup,0,13506,161752,175258,Pass,Pass,1126272383489710074
0,9,7,A0-dup,4MiB,4194304,32768,f9dc4b51d64658b088837d5f2a7d485e8eba57daed852c20d443b77cc8137655,warmup,0,401742,4259360,4661102,Pass,Pass,7876534982476418273
0,9,8,A0,8MiB,8388608,65536,e456d3adf67030c5a168df273f5171ca3e1299e54571d94cca82b117f3cf3aeb,warmup,0,1316189,10269769,11585958,Pass,Pass,9713268438230653554
0,9,9,A0,512KiB,524288,4096,155dfc49f4c05f1087ef002a279acee734e738bc580f2b3925315f95a108242b,warmup,0,29083,316824,345907,Pass,Pass,192086794746352270
0,9,10,A0,2MiB,2097152,16384,6587afedd7c0f949b131311e7425d033a0754a29587f85f26ec370a31fc4edf0,warmup,0,111680,1459677,1571357,Pass,Pass,7349817109290025153
0,9,11,A0-dup,512KiB,524288,4096,155dfc49f4c05f1087ef002a279acee734e738bc580f2b3925315f95a108242b,warmup,0,28560,310239,338799,Pass,Pass,192086794746352270
0,9,12,A0-dup,128KiB,131072,1024,22e51081397aebb06a1c4c3f85bd08a6e7041a438f4aae416970027e1ddbb24e,warmup,0,6535,80355,86890,Pass,Pass,15067928572581534229
0,9,13,A0,4MiB,4194304,32768,f9dc4b51d64658b088837d5f2a7d485e8eba57daed852c20d443b77cc8137655,warmup,0,324616,4148389,4473005,Pass,Pass,7876534982476418273
0,9,14,A0-dup,8MiB,8388608,65536,e456d3adf67030c5a168df273f5171ca3e1299e54571d94cca82b117f3cf3aeb,warmup,0,1301324,10293591,11594915,Pass,Pass,9713268438230653554
0,9,15,A0-dup,256KiB,262144,2048,6f0154469137295abd7b45b25bc83aace599559234fd5f331140bd800c48b670,warmup,0,13703,168579,182282,Pass,Pass,1126272383489710074
0,10,0,A0-dup,128KiB,131072,1024,22e51081397aebb06a1c4c3f85bd08a6e7041a438f4aae416970027e1ddbb24e,measured,0,6558,77035,83593,Pass,Pass,15067928572581534229
0,10,1,A0-dup,8MiB,8388608,65536,e456d3adf67030c5a168df273f5171ca3e1299e54571d94cca82b117f3cf3aeb,measured,0,1387137,9974872,11362009,Pass,Pass,9713268438230653554
0,10,2,A0-dup,1MiB,1048576,8192,337a179ec729c20c01309d98317f7ca00691d12ca10285b55ade71fb880e191c,measured,0,56537,636268,692805,Pass,Pass,16341657278089853397
0,10,3,A0-dup,16MiB,16777216,131072,0c00f8138e0e622f6fc7215fc0f0d135e79bf60450e4c79d30e30624a8842117,measured,0,2974847,22635672,25610519,Pass,Pass,7408339909486172793
0,10,4,A0,8MiB,8388608,65536,e456d3adf67030c5a168df273f5171ca3e1299e54571d94cca82b117f3cf3aeb,measured,0,1339727,10458736,11798463,Pass,Pass,9713268438230653554
0,10,5,A0,512KiB,524288,4096,155dfc49f4c05f1087ef002a279acee734e738bc580f2b3925315f95a108242b,measured,0,29069,315660,344729,Pass,Pass,192086794746352270
0,10,6,A0,1MiB,1048576,8192,337a179ec729c20c01309d98317f7ca00691d12ca10285b55ade71fb880e191c,measured,0,55524,652018,707542,Pass,Pass,16341657278089853397
0,10,7,A0,128KiB,131072,1024,22e51081397aebb06a1c4c3f85bd08a6e7041a438f4aae416970027e1ddbb24e,measured,0,6604,77612,84216,Pass,Pass,15067928572581534229
0,10,8,A0-dup,4MiB,4194304,32768,f9dc4b51d64658b088837d5f2a7d485e8eba57daed852c20d443b77cc8137655,measured,0,522665,4609183,5131848,Pass,Pass,7876534982476418273
0,10,9,A0-dup,2MiB,2097152,16384,6587afedd7c0f949b131311e7425d033a0754a29587f85f26ec370a31fc4edf0,measured,0,111231,1467497,1578728,Pass,Pass,7349817109290025153
0,10,10,A0-dup,256KiB,262144,2048,6f0154469137295abd7b45b25bc83aace599559234fd5f331140bd800c48b670,measured,0,14271,155738,170009,Pass,Pass,1126272383489710074
0,10,11,A0,256KiB,262144,2048,6f0154469137295abd7b45b25bc83aace599559234fd5f331140bd800c48b670,measured,0,13309,152114,165423,Pass,Pass,1126272383489710074
0,10,12,A0,4MiB,4194304,32768,f9dc4b51d64658b088837d5f2a7d485e8eba57daed852c20d443b77cc8137655,measured,0,519129,4667864,5186993,Pass,Pass,7876534982476418273
0,10,13,A0,16MiB,16777216,131072,0c00f8138e0e622f6fc7215fc0f0d135e79bf60450e4c79d30e30624a8842117,measured,0,2952609,22776089,25728698,Pass,Pass,7408339909486172793
0,10,14,A0,2MiB,2097152,16384,6587afedd7c0f949b131311e7425d033a0754a29587f85f26ec370a31fc4edf0,measured,0,116318,1401239,1517557,Pass,Pass,7349817109290025153
0,10,15,A0-dup,512KiB,524288,4096,155dfc49f4c05f1087ef002a279acee734e738bc580f2b3925315f95a108242b,measured,0,28690,312918,341608,Pass,Pass,192086794746352270
0,11,0,A0,16MiB,16777216,131072,0c00f8138e0e622f6fc7215fc0f0d135e79bf60450e4c79d30e30624a8842117,measured,1,3029882,21772860,24802742,Pass,Pass,7408339909486172793
0,11,1,A0-dup,128KiB,131072,1024,22e51081397aebb06a1c4c3f85bd08a6e7041a438f4aae416970027e1ddbb24e,measured,1,7119,81680,88799,Pass,Pass,15067928572581534229
0,11,2,A0,512KiB,524288,4096,155dfc49f4c05f1087ef002a279acee734e738bc580f2b3925315f95a108242b,measured,1,28172,323433,351605,Pass,Pass,192086794746352270
0,11,3,A0,256KiB,262144,2048,6f0154469137295abd7b45b25bc83aace599559234fd5f331140bd800c48b670,measured,1,13336,153114,166450,Pass,Pass,1126272383489710074
0,11,4,A0-dup,256KiB,262144,2048,6f0154469137295abd7b45b25bc83aace599559234fd5f331140bd800c48b670,measured,1,13221,157627,170848,Pass,Pass,1126272383489710074
0,11,5,A0,2MiB,2097152,16384,6587afedd7c0f949b131311e7425d033a0754a29587f85f26ec370a31fc4edf0,measured,1,119529,1494108,1613637,Pass,Pass,7349817109290025153
0,11,6,A0-dup,8MiB,8388608,65536,e456d3adf67030c5a168df273f5171ca3e1299e54571d94cca82b117f3cf3aeb,measured,1,1376778,9949940,11326718,Pass,Pass,9713268438230653554
0,11,7,A0-dup,16MiB,16777216,131072,0c00f8138e0e622f6fc7215fc0f0d135e79bf60450e4c79d30e30624a8842117,measured,1,3071068,22267387,25338455,Pass,Pass,7408339909486172793
0,11,8,A0-dup,2MiB,2097152,16384,6587afedd7c0f949b131311e7425d033a0754a29587f85f26ec370a31fc4edf0,measured,1,127121,1442939,1570060,Pass,Pass,7349817109290025153
0,11,9,A0,4MiB,4194304,32768,f9dc4b51d64658b088837d5f2a7d485e8eba57daed852c20d443b77cc8137655,measured,1,348239,4302816,4651055,Pass,Pass,7876534982476418273
0,11,10,A0,128KiB,131072,1024,22e51081397aebb06a1c4c3f85bd08a6e7041a438f4aae416970027e1ddbb24e,measured,1,6938,81085,88023,Pass,Pass,15067928572581534229
0,11,11,A0,1MiB,1048576,8192,337a179ec729c20c01309d98317f7ca00691d12ca10285b55ade71fb880e191c,measured,1,56609,635148,691757,Pass,Pass,16341657278089853397
0,11,12,A0-dup,4MiB,4194304,32768,f9dc4b51d64658b088837d5f2a7d485e8eba57daed852c20d443b77cc8137655,measured,1,381191,4544616,4925807,Pass,Pass,7876534982476418273
0,11,13,A0-dup,512KiB,524288,4096,155dfc49f4c05f1087ef002a279acee734e738bc580f2b3925315f95a108242b,measured,1,28808,312484,341292,Pass,Pass,192086794746352270
0,11,14,A0,8MiB,8388608,65536,e456d3adf67030c5a168df273f5171ca3e1299e54571d94cca82b117f3cf3aeb,measured,1,1412743,9870544,11283287,Pass,Pass,9713268438230653554
0,11,15,A0-dup,1MiB,1048576,8192,337a179ec729c20c01309d98317f7ca00691d12ca10285b55ade71fb880e191c,measured,1,55961,627596,683557,Pass,Pass,16341657278089853397
0,12,0,A0-dup,1MiB,1048576,8192,337a179ec729c20c01309d98317f7ca00691d12ca10285b55ade71fb880e191c,measured,2,55943,615911,671854,Pass,Pass,16341657278089853397
0,12,1,A0-dup,4MiB,4194304,32768,f9dc4b51d64658b088837d5f2a7d485e8eba57daed852c20d443b77cc8137655,measured,2,408813,4239876,4648689,Pass,Pass,7876534982476418273
0,12,2,A0-dup,2MiB,2097152,16384,6587afedd7c0f949b131311e7425d033a0754a29587f85f26ec370a31fc4edf0,measured,2,122863,1565180,1688043,Pass,Pass,7349817109290025153
0,12,3,A0-dup,8MiB,8388608,65536,e456d3adf67030c5a168df273f5171ca3e1299e54571d94cca82b117f3cf3aeb,measured,2,1435379,10075344,11510723,Pass,Pass,9713268438230653554
0,12,4,A0,512KiB,524288,4096,155dfc49f4c05f1087ef002a279acee734e738bc580f2b3925315f95a108242b,measured,2,28704,326106,354810,Pass,Pass,192086794746352270
0,12,5,A0-dup,128KiB,131072,1024,22e51081397aebb06a1c4c3f85bd08a6e7041a438f4aae416970027e1ddbb24e,measured,2,6709,79959,86668,Pass,Pass,15067928572581534229
0,12,6,A0-dup,256KiB,262144,2048,6f0154469137295abd7b45b25bc83aace599559234fd5f331140bd800c48b670,measured,2,13393,159872,173265,Pass,Pass,1126272383489710074
0,12,7,A0,4MiB,4194304,32768,f9dc4b51d64658b088837d5f2a7d485e8eba57daed852c20d443b77cc8137655,measured,2,326198,4208598,4534796,Pass,Pass,7876534982476418273
0,12,8,A0,16MiB,16777216,131072,0c00f8138e0e622f6fc7215fc0f0d135e79bf60450e4c79d30e30624a8842117,measured,2,3058049,20585059,23643108,Pass,Pass,7408339909486172793
0,12,9,A0,8MiB,8388608,65536,e456d3adf67030c5a168df273f5171ca3e1299e54571d94cca82b117f3cf3aeb,measured,2,1318945,10232795,11551740,Pass,Pass,9713268438230653554
0,12,10,A0-dup,16MiB,16777216,131072,0c00f8138e0e622f6fc7215fc0f0d135e79bf60450e4c79d30e30624a8842117,measured,2,2971625,22735513,25707138,Pass,Pass,7408339909486172793
0,12,11,A0,128KiB,131072,1024,22e51081397aebb06a1c4c3f85bd08a6e7041a438f4aae416970027e1ddbb24e,measured,2,6744,86841,93585,Pass,Pass,15067928572581534229
0,12,12,A0,2MiB,2097152,16384,6587afedd7c0f949b131311e7425d033a0754a29587f85f26ec370a31fc4edf0,measured,2,113551,1494556,1608107,Pass,Pass,7349817109290025153
0,12,13,A0,1MiB,1048576,8192,337a179ec729c20c01309d98317f7ca00691d12ca10285b55ade71fb880e191c,measured,2,56536,645058,701594,Pass,Pass,16341657278089853397
0,12,14,A0-dup,512KiB,524288,4096,155dfc49f4c05f1087ef002a279acee734e738bc580f2b3925315f95a108242b,measured,2,28595,305652,334247,Pass,Pass,192086794746352270
0,12,15,A0,256KiB,262144,2048,6f0154469137295abd7b45b25bc83aace599559234fd5f331140bd800c48b670,measured,2,13147,153565,166712,Pass,Pass,1126272383489710074
0,13,0,A0,8MiB,8388608,65536,e456d3adf67030c5a168df273f5171ca3e1299e54571d94cca82b117f3cf3aeb,measured,3,1359804,9953318,11313122,Pass,Pass,9713268438230653554
0,13,1,A0-dup,512KiB,524288,4096,155dfc49f4c05f1087ef002a279acee734e738bc580f2b3925315f95a108242b,measured,3,28610,314328,342938,Pass,Pass,192086794746352270
0,13,2,A0-dup,128KiB,131072,1024,22e51081397aebb06a1c4c3f85bd08a6e7041a438f4aae416970027e1ddbb24e,measured,3,6574,76831,83405,Pass,Pass,15067928572581534229
0,13,3,A0,1MiB,1048576,8192,337a179ec729c20c01309d98317f7ca00691d12ca10285b55ade71fb880e191c,measured,3,56186,638415,694601,Pass,Pass,16341657278089853397
0,13,4,A0,2MiB,2097152,16384,6587afedd7c0f949b131311e7425d033a0754a29587f85f26ec370a31fc4edf0,measured,3,115389,1451255,1566644,Pass,Pass,7349817109290025153
0,13,5,A0,16MiB,16777216,131072,0c00f8138e0e622f6fc7215fc0f0d135e79bf60450e4c79d30e30624a8842117,measured,3,2981660,22073876,25055536,Pass,Pass,7408339909486172793
0,13,6,A0,4MiB,4194304,32768,f9dc4b51d64658b088837d5f2a7d485e8eba57daed852c20d443b77cc8137655,measured,3,353109,4245980,4599089,Pass,Pass,7876534982476418273
0,13,7,A0,128KiB,131072,1024,22e51081397aebb06a1c4c3f85bd08a6e7041a438f4aae416970027e1ddbb24e,measured,3,6933,80969,87902,Pass,Pass,15067928572581534229
0,13,8,A0-dup,2MiB,2097152,16384,6587afedd7c0f949b131311e7425d033a0754a29587f85f26ec370a31fc4edf0,measured,3,119973,1481604,1601577,Pass,Pass,7349817109290025153
0,13,9,A0,512KiB,524288,4096,155dfc49f4c05f1087ef002a279acee734e738bc580f2b3925315f95a108242b,measured,3,28779,313310,342089,Pass,Pass,192086794746352270
0,13,10,A0,256KiB,262144,2048,6f0154469137295abd7b45b25bc83aace599559234fd5f331140bd800c48b670,measured,3,13277,151102,164379,Pass,Pass,1126272383489710074
0,13,11,A0-dup,16MiB,16777216,131072,0c00f8138e0e622f6fc7215fc0f0d135e79bf60450e4c79d30e30624a8842117,measured,3,3024816,22996280,26021096,Pass,Pass,7408339909486172793
0,13,12,A0-dup,8MiB,8388608,65536,e456d3adf67030c5a168df273f5171ca3e1299e54571d94cca82b117f3cf3aeb,measured,3,1283484,10556000,11839484,Pass,Pass,9713268438230653554
0,13,13,A0-dup,256KiB,262144,2048,6f0154469137295abd7b45b25bc83aace599559234fd5f331140bd800c48b670,measured,3,13920,157917,171837,Pass,Pass,1126272383489710074
0,13,14,A0-dup,4MiB,4194304,32768,f9dc4b51d64658b088837d5f2a7d485e8eba57daed852c20d443b77cc8137655,measured,3,398780,4001170,4399950,Pass,Pass,7876534982476418273
0,13,15,A0-dup,1MiB,1048576,8192,337a179ec729c20c01309d98317f7ca00691d12ca10285b55ade71fb880e191c,measured,3,55905,631916,687821,Pass,Pass,16341657278089853397
0,14,0,A0,256KiB,262144,2048,6f0154469137295abd7b45b25bc83aace599559234fd5f331140bd800c48b670,measured,4,13300,158196,171496,Pass,Pass,1126272383489710074
0,14,1,A0,8MiB,8388608,65536,e456d3adf67030c5a168df273f5171ca3e1299e54571d94cca82b117f3cf3aeb,measured,4,1364553,10906215,12270768,Pass,Pass,9713268438230653554
0,14,2,A0-dup,8MiB,8388608,65536,e456d3adf67030c5a168df273f5171ca3e1299e54571d94cca82b117f3cf3aeb,measured,4,1301904,9915741,11217645,Pass,Pass,9713268438230653554
0,14,3,A0-dup,512KiB,524288,4096,155dfc49f4c05f1087ef002a279acee734e738bc580f2b3925315f95a108242b,measured,4,28740,312722,341462,Pass,Pass,192086794746352270
0,14,4,A0,4MiB,4194304,32768,f9dc4b51d64658b088837d5f2a7d485e8eba57daed852c20d443b77cc8137655,measured,4,427266,4181062,4608328,Pass,Pass,7876534982476418273
0,14,5,A0-dup,128KiB,131072,1024,22e51081397aebb06a1c4c3f85bd08a6e7041a438f4aae416970027e1ddbb24e,measured,4,7138,81380,88518,Pass,Pass,15067928572581534229
0,14,6,A0-dup,4MiB,4194304,32768,f9dc4b51d64658b088837d5f2a7d485e8eba57daed852c20d443b77cc8137655,measured,4,311926,4043535,4355461,Pass,Pass,7876534982476418273
0,14,7,A0-dup,256KiB,262144,2048,6f0154469137295abd7b45b25bc83aace599559234fd5f331140bd800c48b670,measured,4,13876,171769,185645,Pass,Pass,1126272383489710074
0,14,8,A0-dup,1MiB,1048576,8192,337a179ec729c20c01309d98317f7ca00691d12ca10285b55ade71fb880e191c,measured,4,56417,636107,692524,Pass,Pass,16341657278089853397
0,14,9,A0-dup,2MiB,2097152,16384,6587afedd7c0f949b131311e7425d033a0754a29587f85f26ec370a31fc4edf0,measured,4,113250,1503502,1616752,Pass,Pass,7349817109290025153
0,14,10,A0,16MiB,16777216,131072,0c00f8138e0e622f6fc7215fc0f0d135e79bf60450e4c79d30e30624a8842117,measured,4,2976977,21660487,24637464,Pass,Pass,7408339909486172793
0,14,11,A0,2MiB,2097152,16384,6587afedd7c0f949b131311e7425d033a0754a29587f85f26ec370a31fc4edf0,measured,4,112677,1448740,1561417,Pass,Pass,7349817109290025153
0,14,12,A0,128KiB,131072,1024,22e51081397aebb06a1c4c3f85bd08a6e7041a438f4aae416970027e1ddbb24e,measured,4,6890,79648,86538,Pass,Pass,15067928572581534229
0,14,13,A0,1MiB,1048576,8192,337a179ec729c20c01309d98317f7ca00691d12ca10285b55ade71fb880e191c,measured,4,56607,626339,682946,Pass,Pass,16341657278089853397
0,14,14,A0,512KiB,524288,4096,155dfc49f4c05f1087ef002a279acee734e738bc580f2b3925315f95a108242b,measured,4,28357,311933,340290,Pass,Pass,192086794746352270
0,14,15,A0-dup,16MiB,16777216,131072,0c00f8138e0e622f6fc7215fc0f0d135e79bf60450e4c79d30e30624a8842117,measured,4,3388228,23958639,27346867,Pass,Pass,7408339909486172793
0,15,0,A0,512KiB,524288,4096,155dfc49f4c05f1087ef002a279acee734e738bc580f2b3925315f95a108242b,measured,5,28996,319448,348444,Pass,Pass,192086794746352270
0,15,1,A0-dup,128KiB,131072,1024,22e51081397aebb06a1c4c3f85bd08a6e7041a438f4aae416970027e1ddbb24e,measured,5,6568,78019,84587,Pass,Pass,15067928572581534229
0,15,2,A0,256KiB,262144,2048,6f0154469137295abd7b45b25bc83aace599559234fd5f331140bd800c48b670,measured,5,13393,156395,169788,Pass,Pass,1126272383489710074
0,15,3,A0-dup,8MiB,8388608,65536,e456d3adf67030c5a168df273f5171ca3e1299e54571d94cca82b117f3cf3aeb,measured,5,1280005,10249217,11529222,Pass,Pass,9713268438230653554
0,15,4,A0-dup,4MiB,4194304,32768,f9dc4b51d64658b088837d5f2a7d485e8eba57daed852c20d443b77cc8137655,measured,5,300513,4017189,4317702,Pass,Pass,7876534982476418273
0,15,5,A0,4MiB,4194304,32768,f9dc4b51d64658b088837d5f2a7d485e8eba57daed852c20d443b77cc8137655,measured,5,407186,4132668,4539854,Pass,Pass,7876534982476418273
0,15,6,A0-dup,1MiB,1048576,8192,337a179ec729c20c01309d98317f7ca00691d12ca10285b55ade71fb880e191c,measured,5,56713,624679,681392,Pass,Pass,16341657278089853397
0,15,7,A0-dup,2MiB,2097152,16384,6587afedd7c0f949b131311e7425d033a0754a29587f85f26ec370a31fc4edf0,measured,5,111879,1406431,1518310,Pass,Pass,7349817109290025153
0,15,8,A0,128KiB,131072,1024,22e51081397aebb06a1c4c3f85bd08a6e7041a438f4aae416970027e1ddbb24e,measured,5,6735,81735,88470,Pass,Pass,15067928572581534229
0,15,9,A0,1MiB,1048576,8192,337a179ec729c20c01309d98317f7ca00691d12ca10285b55ade71fb880e191c,measured,5,56668,633647,690315,Pass,Pass,16341657278089853397
0,15,10,A0-dup,512KiB,524288,4096,155dfc49f4c05f1087ef002a279acee734e738bc580f2b3925315f95a108242b,measured,5,28554,321697,350251,Pass,Pass,192086794746352270
0,15,11,A0-dup,256KiB,262144,2048,6f0154469137295abd7b45b25bc83aace599559234fd5f331140bd800c48b670,measured,5,13248,151624,164872,Pass,Pass,1126272383489710074
0,15,12,A0,16MiB,16777216,131072,0c00f8138e0e622f6fc7215fc0f0d135e79bf60450e4c79d30e30624a8842117,measured,5,3008680,21750483,24759163,Pass,Pass,7408339909486172793
0,15,13,A0,2MiB,2097152,16384,6587afedd7c0f949b131311e7425d033a0754a29587f85f26ec370a31fc4edf0,measured,5,130716,1614509,1745225,Pass,Pass,7349817109290025153
0,15,14,A0-dup,16MiB,16777216,131072,0c00f8138e0e622f6fc7215fc0f0d135e79bf60450e4c79d30e30624a8842117,measured,5,3023397,21889056,24912453,Pass,Pass,7408339909486172793
0,15,15,A0,8MiB,8388608,65536,e456d3adf67030c5a168df273f5171ca3e1299e54571d94cca82b117f3cf3aeb,measured,5,1316352,10806872,12123224,Pass,Pass,9713268438230653554
0,16,0,A0-dup,2MiB,2097152,16384,6587afedd7c0f949b131311e7425d033a0754a29587f85f26ec370a31fc4edf0,measured,6,115448,1491854,1607302,Pass,Pass,7349817109290025153
0,16,1,A0,8MiB,8388608,65536,e456d3adf67030c5a168df273f5171ca3e1299e54571d94cca82b117f3cf3aeb,measured,6,1401953,10267057,11669010,Pass,Pass,9713268438230653554
0,16,2,A0-dup,16MiB,16777216,131072,0c00f8138e0e622f6fc7215fc0f0d135e79bf60450e4c79d30e30624a8842117,measured,6,3046936,20411483,23458419,Pass,Pass,7408339909486172793
0,16,3,A0-dup,128KiB,131072,1024,22e51081397aebb06a1c4c3f85bd08a6e7041a438f4aae416970027e1ddbb24e,measured,6,6770,80435,87205,Pass,Pass,15067928572581534229
0,16,4,A0-dup,4MiB,4194304,32768,f9dc4b51d64658b088837d5f2a7d485e8eba57daed852c20d443b77cc8137655,measured,6,267794,3929146,4196940,Pass,Pass,7876534982476418273
0,16,5,A0,128KiB,131072,1024,22e51081397aebb06a1c4c3f85bd08a6e7041a438f4aae416970027e1ddbb24e,measured,6,7049,80854,87903,Pass,Pass,15067928572581534229
0,16,6,A0,16MiB,16777216,131072,0c00f8138e0e622f6fc7215fc0f0d135e79bf60450e4c79d30e30624a8842117,measured,6,2965764,21818407,24784171,Pass,Pass,7408339909486172793
0,16,7,A0,4MiB,4194304,32768,f9dc4b51d64658b088837d5f2a7d485e8eba57daed852c20d443b77cc8137655,measured,6,382259,4193983,4576242,Pass,Pass,7876534982476418273
0,16,8,A0,256KiB,262144,2048,6f0154469137295abd7b45b25bc83aace599559234fd5f331140bd800c48b670,measured,6,13833,157136,170969,Pass,Pass,1126272383489710074
0,16,9,A0,2MiB,2097152,16384,6587afedd7c0f949b131311e7425d033a0754a29587f85f26ec370a31fc4edf0,measured,6,130738,1533752,1664490,Pass,Pass,7349817109290025153
0,16,10,A0-dup,256KiB,262144,2048,6f0154469137295abd7b45b25bc83aace599559234fd5f331140bd800c48b670,measured,6,13827,153629,167456,Pass,Pass,1126272383489710074
0,16,11,A0-dup,8MiB,8388608,65536,e456d3adf67030c5a168df273f5171ca3e1299e54571d94cca82b117f3cf3aeb,measured,6,1325195,10275099,11600294,Pass,Pass,9713268438230653554
0,16,12,A0,512KiB,524288,4096,155dfc49f4c05f1087ef002a279acee734e738bc580f2b3925315f95a108242b,measured,6,28767,311776,340543,Pass,Pass,192086794746352270
0,16,13,A0-dup,1MiB,1048576,8192,337a179ec729c20c01309d98317f7ca00691d12ca10285b55ade71fb880e191c,measured,6,56386,648927,705313,Pass,Pass,16341657278089853397
0,16,14,A0-dup,512KiB,524288,4096,155dfc49f4c05f1087ef002a279acee734e738bc580f2b3925315f95a108242b,measured,6,32624,307096,339720,Pass,Pass,192086794746352270
0,16,15,A0,1MiB,1048576,8192,337a179ec729c20c01309d98317f7ca00691d12ca10285b55ade71fb880e191c,measured,6,56193,620375,676568,Pass,Pass,16341657278089853397
0,17,0,A0-dup,1MiB,1048576,8192,337a179ec729c20c01309d98317f7ca00691d12ca10285b55ade71fb880e191c,measured,7,56531,625219,681750,Pass,Pass,16341657278089853397
0,17,1,A0,16MiB,16777216,131072,0c00f8138e0e622f6fc7215fc0f0d135e79bf60450e4c79d30e30624a8842117,measured,7,2978292,21832176,24810468,Pass,Pass,7408339909486172793
0,17,2,A0,128KiB,131072,1024,22e51081397aebb06a1c4c3f85bd08a6e7041a438f4aae416970027e1ddbb24e,measured,7,6769,84044,90813,Pass,Pass,15067928572581534229
0,17,3,A0-dup,256KiB,262144,2048,6f0154469137295abd7b45b25bc83aace599559234fd5f331140bd800c48b670,measured,7,13427,154930,168357,Pass,Pass,1126272383489710074
0,17,4,A0-dup,128KiB,131072,1024,22e51081397aebb06a1c4c3f85bd08a6e7041a438f4aae416970027e1ddbb24e,measured,7,6526,76293,82819,Pass,Pass,15067928572581534229
0,17,5,A0-dup,8MiB,8388608,65536,e456d3adf67030c5a168df273f5171ca3e1299e54571d94cca82b117f3cf3aeb,measured,7,1329312,10144109,11473421,Pass,Pass,9713268438230653554
0,17,6,A0,2MiB,2097152,16384,6587afedd7c0f949b131311e7425d033a0754a29587f85f26ec370a31fc4edf0,measured,7,114238,1528081,1642319,Pass,Pass,7349817109290025153
0,17,7,A0,1MiB,1048576,8192,337a179ec729c20c01309d98317f7ca00691d12ca10285b55ade71fb880e191c,measured,7,56760,630012,686772,Pass,Pass,16341657278089853397
0,17,8,A0-dup,2MiB,2097152,16384,6587afedd7c0f949b131311e7425d033a0754a29587f85f26ec370a31fc4edf0,measured,7,115254,1476985,1592239,Pass,Pass,7349817109290025153
0,17,9,A0-dup,4MiB,4194304,32768,f9dc4b51d64658b088837d5f2a7d485e8eba57daed852c20d443b77cc8137655,measured,7,370613,4523972,4894585,Pass,Pass,7876534982476418273
0,17,10,A0,512KiB,524288,4096,155dfc49f4c05f1087ef002a279acee734e738bc580f2b3925315f95a108242b,measured,7,28701,309329,338030,Pass,Pass,192086794746352270
0,17,11,A0-dup,16MiB,16777216,131072,0c00f8138e0e622f6fc7215fc0f0d135e79bf60450e4c79d30e30624a8842117,measured,7,3036262,21896116,24932378,Pass,Pass,7408339909486172793
0,17,12,A0,4MiB,4194304,32768,f9dc4b51d64658b088837d5f2a7d485e8eba57daed852c20d443b77cc8137655,measured,7,372398,4106048,4478446,Pass,Pass,7876534982476418273
0,17,13,A0,256KiB,262144,2048,6f0154469137295abd7b45b25bc83aace599559234fd5f331140bd800c48b670,measured,7,16711,157638,174349,Pass,Pass,1126272383489710074
0,17,14,A0-dup,512KiB,524288,4096,155dfc49f4c05f1087ef002a279acee734e738bc580f2b3925315f95a108242b,measured,7,28532,308573,337105,Pass,Pass,192086794746352270
0,17,15,A0,8MiB,8388608,65536,e456d3adf67030c5a168df273f5171ca3e1299e54571d94cca82b117f3cf3aeb,measured,7,1313394,10411769,11725163,Pass,Pass,9713268438230653554
0,18,0,A0-dup,512KiB,524288,4096,155dfc49f4c05f1087ef002a279acee734e738bc580f2b3925315f95a108242b,measured,8,28599,311900,340499,Pass,Pass,192086794746352270
0,18,1,A0,16MiB,16777216,131072,0c00f8138e0e622f6fc7215fc0f0d135e79bf60450e4c79d30e30624a8842117,measured,8,2984737,21742924,24727661,Pass,Pass,7408339909486172793
0,18,2,A0-dup,256KiB,262144,2048,6f0154469137295abd7b45b25bc83aace599559234fd5f331140bd800c48b670,measured,8,13931,158668,172599,Pass,Pass,1126272383489710074
0,18,3,A0,4MiB,4194304,32768,f9dc4b51d64658b088837d5f2a7d485e8eba57daed852c20d443b77cc8137655,measured,8,254161,3935636,4189797,Pass,Pass,7876534982476418273
0,18,4,A0-dup,1MiB,1048576,8192,337a179ec729c20c01309d98317f7ca00691d12ca10285b55ade71fb880e191c,measured,8,55909,656955,712864,Pass,Pass,16341657278089853397
0,18,5,A0,8MiB,8388608,65536,e456d3adf67030c5a168df273f5171ca3e1299e54571d94cca82b117f3cf3aeb,measured,8,1294956,10187718,11482674,Pass,Pass,9713268438230653554
0,18,6,A0,512KiB,524288,4096,155dfc49f4c05f1087ef002a279acee734e738bc580f2b3925315f95a108242b,measured,8,28967,310647,339614,Pass,Pass,192086794746352270
0,18,7,A0-dup,16MiB,16777216,131072,0c00f8138e0e622f6fc7215fc0f0d135e79bf60450e4c79d30e30624a8842117,measured,8,3190311,21586756,24777067,Pass,Pass,7408339909486172793
0,18,8,A0,128KiB,131072,1024,22e51081397aebb06a1c4c3f85bd08a6e7041a438f4aae416970027e1ddbb24e,measured,8,6922,86344,93266,Pass,Pass,15067928572581534229
0,18,9,A0-dup,4MiB,4194304,32768,f9dc4b51d64658b088837d5f2a7d485e8eba57daed852c20d443b77cc8137655,measured,8,275099,4009833,4284932,Pass,Pass,7876534982476418273
0,18,10,A0,2MiB,2097152,16384,6587afedd7c0f949b131311e7425d033a0754a29587f85f26ec370a31fc4edf0,measured,8,111674,1388809,1500483,Pass,Pass,7349817109290025153
0,18,11,A0-dup,8MiB,8388608,65536,e456d3adf67030c5a168df273f5171ca3e1299e54571d94cca82b117f3cf3aeb,measured,8,1290755,10138277,11429032,Pass,Pass,9713268438230653554
0,18,12,A0,256KiB,262144,2048,6f0154469137295abd7b45b25bc83aace599559234fd5f331140bd800c48b670,measured,8,14086,157117,171203,Pass,Pass,1126272383489710074
0,18,13,A0-dup,2MiB,2097152,16384,6587afedd7c0f949b131311e7425d033a0754a29587f85f26ec370a31fc4edf0,measured,8,111615,1462248,1573863,Pass,Pass,7349817109290025153
0,18,14,A0-dup,128KiB,131072,1024,22e51081397aebb06a1c4c3f85bd08a6e7041a438f4aae416970027e1ddbb24e,measured,8,6773,80315,87088,Pass,Pass,15067928572581534229
0,18,15,A0,1MiB,1048576,8192,337a179ec729c20c01309d98317f7ca00691d12ca10285b55ade71fb880e191c,measured,8,56263,624341,680604,Pass,Pass,16341657278089853397
0,19,0,A0-dup,8MiB,8388608,65536,e456d3adf67030c5a168df273f5171ca3e1299e54571d94cca82b117f3cf3aeb,measured,9,1329740,10316941,11646681,Pass,Pass,9713268438230653554
0,19,1,A0-dup,2MiB,2097152,16384,6587afedd7c0f949b131311e7425d033a0754a29587f85f26ec370a31fc4edf0,measured,9,115738,1450435,1566173,Pass,Pass,7349817109290025153
0,19,2,A0-dup,512KiB,524288,4096,155dfc49f4c05f1087ef002a279acee734e738bc580f2b3925315f95a108242b,measured,9,28393,309452,337845,Pass,Pass,192086794746352270
0,19,3,A0,8MiB,8388608,65536,e456d3adf67030c5a168df273f5171ca3e1299e54571d94cca82b117f3cf3aeb,measured,9,1401569,10957917,12359486,Pass,Pass,9713268438230653554
0,19,4,A0,512KiB,524288,4096,155dfc49f4c05f1087ef002a279acee734e738bc580f2b3925315f95a108242b,measured,9,28721,323413,352134,Pass,Pass,192086794746352270
0,19,5,A0,256KiB,262144,2048,6f0154469137295abd7b45b25bc83aace599559234fd5f331140bd800c48b670,measured,9,13441,150864,164305,Pass,Pass,1126272383489710074
0,19,6,A0,2MiB,2097152,16384,6587afedd7c0f949b131311e7425d033a0754a29587f85f26ec370a31fc4edf0,measured,9,124679,1516167,1640846,Pass,Pass,7349817109290025153
0,19,7,A0-dup,16MiB,16777216,131072,0c00f8138e0e622f6fc7215fc0f0d135e79bf60450e4c79d30e30624a8842117,measured,9,3038250,21395816,24434066,Pass,Pass,7408339909486172793
0,19,8,A0,4MiB,4194304,32768,f9dc4b51d64658b088837d5f2a7d485e8eba57daed852c20d443b77cc8137655,measured,9,467247,4342876,4810123,Pass,Pass,7876534982476418273
0,19,9,A0-dup,1MiB,1048576,8192,337a179ec729c20c01309d98317f7ca00691d12ca10285b55ade71fb880e191c,measured,9,56850,660416,717266,Pass,Pass,16341657278089853397
0,19,10,A0-dup,4MiB,4194304,32768,f9dc4b51d64658b088837d5f2a7d485e8eba57daed852c20d443b77cc8137655,measured,9,295571,4106543,4402114,Pass,Pass,7876534982476418273
0,19,11,A0,128KiB,131072,1024,22e51081397aebb06a1c4c3f85bd08a6e7041a438f4aae416970027e1ddbb24e,measured,9,6864,80107,86971,Pass,Pass,15067928572581534229
0,19,12,A0,1MiB,1048576,8192,337a179ec729c20c01309d98317f7ca00691d12ca10285b55ade71fb880e191c,measured,9,56467,629548,686015,Pass,Pass,16341657278089853397
0,19,13,A0-dup,256KiB,262144,2048,6f0154469137295abd7b45b25bc83aace599559234fd5f331140bd800c48b670,measured,9,13350,156658,170008,Pass,Pass,1126272383489710074
0,19,14,A0-dup,128KiB,131072,1024,22e51081397aebb06a1c4c3f85bd08a6e7041a438f4aae416970027e1ddbb24e,measured,9,6488,77556,84044,Pass,Pass,15067928572581534229
0,19,15,A0,16MiB,16777216,131072,0c00f8138e0e622f6fc7215fc0f0d135e79bf60450e4c79d30e30624a8842117,measured,9,3043623,23043042,26086665,Pass,Pass,7408339909486172793
0,20,0,A0-dup,16MiB,16777216,131072,0c00f8138e0e622f6fc7215fc0f0d135e79bf60450e4c79d30e30624a8842117,measured,10,3013792,21919070,24932862,Pass,Pass,7408339909486172793
0,20,1,A0,512KiB,524288,4096,155dfc49f4c05f1087ef002a279acee734e738bc580f2b3925315f95a108242b,measured,10,29024,314992,344016,Pass,Pass,192086794746352270
0,20,2,A0,256KiB,262144,2048,6f0154469137295abd7b45b25bc83aace599559234fd5f331140bd800c48b670,measured,10,13319,150894,164213,Pass,Pass,1126272383489710074
0,20,3,A0,1MiB,1048576,8192,337a179ec729c20c01309d98317f7ca00691d12ca10285b55ade71fb880e191c,measured,10,55609,633642,689251,Pass,Pass,16341657278089853397
0,20,4,A0,8MiB,8388608,65536,e456d3adf67030c5a168df273f5171ca3e1299e54571d94cca82b117f3cf3aeb,measured,10,1308390,10416589,11724979,Pass,Pass,9713268438230653554
0,20,5,A0,16MiB,16777216,131072,0c00f8138e0e622f6fc7215fc0f0d135e79bf60450e4c79d30e30624a8842117,measured,10,2980019,22645862,25625881,Pass,Pass,7408339909486172793
0,20,6,A0,128KiB,131072,1024,22e51081397aebb06a1c4c3f85bd08a6e7041a438f4aae416970027e1ddbb24e,measured,10,6854,82297,89151,Pass,Pass,15067928572581534229
0,20,7,A0-dup,128KiB,131072,1024,22e51081397aebb06a1c4c3f85bd08a6e7041a438f4aae416970027e1ddbb24e,measured,10,6440,77783,84223,Pass,Pass,15067928572581534229
0,20,8,A0,2MiB,2097152,16384,6587afedd7c0f949b131311e7425d033a0754a29587f85f26ec370a31fc4edf0,measured,10,150505,1557380,1707885,Pass,Pass,7349817109290025153
0,20,9,A0-dup,2MiB,2097152,16384,6587afedd7c0f949b131311e7425d033a0754a29587f85f26ec370a31fc4edf0,measured,10,113731,1505693,1619424,Pass,Pass,7349817109290025153
0,20,10,A0-dup,4MiB,4194304,32768,f9dc4b51d64658b088837d5f2a7d485e8eba57daed852c20d443b77cc8137655,measured,10,446828,4618128,5064956,Pass,Pass,7876534982476418273
0,20,11,A0-dup,8MiB,8388608,65536,e456d3adf67030c5a168df273f5171ca3e1299e54571d94cca82b117f3cf3aeb,measured,10,1296514,10157267,11453781,Pass,Pass,9713268438230653554
0,20,12,A0,4MiB,4194304,32768,f9dc4b51d64658b088837d5f2a7d485e8eba57daed852c20d443b77cc8137655,measured,10,400701,4836074,5236775,Pass,Pass,7876534982476418273
0,20,13,A0-dup,512KiB,524288,4096,155dfc49f4c05f1087ef002a279acee734e738bc580f2b3925315f95a108242b,measured,10,29202,327852,357054,Pass,Pass,192086794746352270
0,20,14,A0-dup,1MiB,1048576,8192,337a179ec729c20c01309d98317f7ca00691d12ca10285b55ade71fb880e191c,measured,10,60254,855945,916199,Pass,Pass,16341657278089853397
0,20,15,A0-dup,256KiB,262144,2048,6f0154469137295abd7b45b25bc83aace599559234fd5f331140bd800c48b670,measured,10,13654,155318,168972,Pass,Pass,1126272383489710074
0,21,0,A0,2MiB,2097152,16384,6587afedd7c0f949b131311e7425d033a0754a29587f85f26ec370a31fc4edf0,measured,11,114026,1460963,1574989,Pass,Pass,7349817109290025153
0,21,1,A0,256KiB,262144,2048,6f0154469137295abd7b45b25bc83aace599559234fd5f331140bd800c48b670,measured,11,13702,153903,167605,Pass,Pass,1126272383489710074
0,21,2,A0,512KiB,524288,4096,155dfc49f4c05f1087ef002a279acee734e738bc580f2b3925315f95a108242b,measured,11,28309,310784,339093,Pass,Pass,192086794746352270
0,21,3,A0,8MiB,8388608,65536,e456d3adf67030c5a168df273f5171ca3e1299e54571d94cca82b117f3cf3aeb,measured,11,1345598,10496903,11842501,Pass,Pass,9713268438230653554
0,21,4,A0,16MiB,16777216,131072,0c00f8138e0e622f6fc7215fc0f0d135e79bf60450e4c79d30e30624a8842117,measured,11,2978785,23576284,26555069,Pass,Pass,7408339909486172793
0,21,5,A0,1MiB,1048576,8192,337a179ec729c20c01309d98317f7ca00691d12ca10285b55ade71fb880e191c,measured,11,56768,634413,691181,Pass,Pass,16341657278089853397
0,21,6,A0-dup,2MiB,2097152,16384,6587afedd7c0f949b131311e7425d033a0754a29587f85f26ec370a31fc4edf0,measured,11,111690,1493729,1605419,Pass,Pass,7349817109290025153
0,21,7,A0-dup,512KiB,524288,4096,155dfc49f4c05f1087ef002a279acee734e738bc580f2b3925315f95a108242b,measured,11,32977,311389,344366,Pass,Pass,192086794746352270
0,21,8,A0-dup,256KiB,262144,2048,6f0154469137295abd7b45b25bc83aace599559234fd5f331140bd800c48b670,measured,11,13489,151596,165085,Pass,Pass,1126272383489710074
0,21,9,A0-dup,128KiB,131072,1024,22e51081397aebb06a1c4c3f85bd08a6e7041a438f4aae416970027e1ddbb24e,measured,11,6465,76675,83140,Pass,Pass,15067928572581534229
0,21,10,A0,4MiB,4194304,32768,f9dc4b51d64658b088837d5f2a7d485e8eba57daed852c20d443b77cc8137655,measured,11,333898,4372022,4705920,Pass,Pass,7876534982476418273
0,21,11,A0,128KiB,131072,1024,22e51081397aebb06a1c4c3f85bd08a6e7041a438f4aae416970027e1ddbb24e,measured,11,6801,79812,86613,Pass,Pass,15067928572581534229
0,21,12,A0-dup,4MiB,4194304,32768,f9dc4b51d64658b088837d5f2a7d485e8eba57daed852c20d443b77cc8137655,measured,11,329858,4225222,4555080,Pass,Pass,7876534982476418273
0,21,13,A0-dup,16MiB,16777216,131072,0c00f8138e0e622f6fc7215fc0f0d135e79bf60450e4c79d30e30624a8842117,measured,11,3089701,22777225,25866926,Pass,Pass,7408339909486172793
0,21,14,A0-dup,1MiB,1048576,8192,337a179ec729c20c01309d98317f7ca00691d12ca10285b55ade71fb880e191c,measured,11,56495,632989,689484,Pass,Pass,16341657278089853397
0,21,15,A0-dup,8MiB,8388608,65536,e456d3adf67030c5a168df273f5171ca3e1299e54571d94cca82b117f3cf3aeb,measured,11,1354131,10405494,11759625,Pass,Pass,9713268438230653554
0,22,0,A0,4MiB,4194304,32768,f9dc4b51d64658b088837d5f2a7d485e8eba57daed852c20d443b77cc8137655,measured,12,248790,4030479,4279269,Pass,Pass,7876534982476418273
0,22,1,A0-dup,128KiB,131072,1024,22e51081397aebb06a1c4c3f85bd08a6e7041a438f4aae416970027e1ddbb24e,measured,12,6869,80786,87655,Pass,Pass,15067928572581534229
0,22,2,A0-dup,512KiB,524288,4096,155dfc49f4c05f1087ef002a279acee734e738bc580f2b3925315f95a108242b,measured,12,28662,323893,352555,Pass,Pass,192086794746352270
0,22,3,A0-dup,16MiB,16777216,131072,0c00f8138e0e622f6fc7215fc0f0d135e79bf60450e4c79d30e30624a8842117,measured,12,2963067,22013807,24976874,Pass,Pass,7408339909486172793
0,22,4,A0-dup,2MiB,2097152,16384,6587afedd7c0f949b131311e7425d033a0754a29587f85f26ec370a31fc4edf0,measured,12,111721,1427411,1539132,Pass,Pass,7349817109290025153
0,22,5,A0-dup,1MiB,1048576,8192,337a179ec729c20c01309d98317f7ca00691d12ca10285b55ade71fb880e191c,measured,12,56397,623270,679667,Pass,Pass,16341657278089853397
0,22,6,A0,2MiB,2097152,16384,6587afedd7c0f949b131311e7425d033a0754a29587f85f26ec370a31fc4edf0,measured,12,110926,1498454,1609380,Pass,Pass,7349817109290025153
0,22,7,A0-dup,256KiB,262144,2048,6f0154469137295abd7b45b25bc83aace599559234fd5f331140bd800c48b670,measured,12,13465,157325,170790,Pass,Pass,1126272383489710074
0,22,8,A0,1MiB,1048576,8192,337a179ec729c20c01309d98317f7ca00691d12ca10285b55ade71fb880e191c,measured,12,56171,623696,679867,Pass,Pass,16341657278089853397
0,22,9,A0,16MiB,16777216,131072,0c00f8138e0e622f6fc7215fc0f0d135e79bf60450e4c79d30e30624a8842117,measured,12,3085649,21690247,24775896,Pass,Pass,7408339909486172793
0,22,10,A0,512KiB,524288,4096,155dfc49f4c05f1087ef002a279acee734e738bc580f2b3925315f95a108242b,measured,12,28661,316034,344695,Pass,Pass,192086794746352270
0,22,11,A0,8MiB,8388608,65536,e456d3adf67030c5a168df273f5171ca3e1299e54571d94cca82b117f3cf3aeb,measured,12,1360150,10346387,11706537,Pass,Pass,9713268438230653554
0,22,12,A0-dup,8MiB,8388608,65536,e456d3adf67030c5a168df273f5171ca3e1299e54571d94cca82b117f3cf3aeb,measured,12,1357294,10066950,11424244,Pass,Pass,9713268438230653554
0,22,13,A0,256KiB,262144,2048,6f0154469137295abd7b45b25bc83aace599559234fd5f331140bd800c48b670,measured,12,13846,157963,171809,Pass,Pass,1126272383489710074
0,22,14,A0-dup,4MiB,4194304,32768,f9dc4b51d64658b088837d5f2a7d485e8eba57daed852c20d443b77cc8137655,measured,12,333312,4111687,4444999,Pass,Pass,7876534982476418273
0,22,15,A0,128KiB,131072,1024,22e51081397aebb06a1c4c3f85bd08a6e7041a438f4aae416970027e1ddbb24e,measured,12,6699,82689,89388,Pass,Pass,15067928572581534229
0,23,0,A0,1MiB,1048576,8192,337a179ec729c20c01309d98317f7ca00691d12ca10285b55ade71fb880e191c,measured,13,56207,644432,700639,Pass,Pass,16341657278089853397
0,23,1,A0-dup,4MiB,4194304,32768,f9dc4b51d64658b088837d5f2a7d485e8eba57daed852c20d443b77cc8137655,measured,13,438454,4539810,4978264,Pass,Pass,7876534982476418273
0,23,2,A0-dup,1MiB,1048576,8192,337a179ec729c20c01309d98317f7ca00691d12ca10285b55ade71fb880e191c,measured,13,56578,631723,688301,Pass,Pass,16341657278089853397
0,23,3,A0,128KiB,131072,1024,22e51081397aebb06a1c4c3f85bd08a6e7041a438f4aae416970027e1ddbb24e,measured,13,6361,77347,83708,Pass,Pass,15067928572581534229
0,23,4,A0,4MiB,4194304,32768,f9dc4b51d64658b088837d5f2a7d485e8eba57daed852c20d443b77cc8137655,measured,13,330500,4276354,4606854,Pass,Pass,7876534982476418273
0,23,5,A0,2MiB,2097152,16384,6587afedd7c0f949b131311e7425d033a0754a29587f85f26ec370a31fc4edf0,measured,13,123726,1581913,1705639,Pass,Pass,7349817109290025153
0,23,6,A0,512KiB,524288,4096,155dfc49f4c05f1087ef002a279acee734e738bc580f2b3925315f95a108242b,measured,13,29021,315213,344234,Pass,Pass,192086794746352270
0,23,7,A0-dup,2MiB,2097152,16384,6587afedd7c0f949b131311e7425d033a0754a29587f85f26ec370a31fc4edf0,measured,13,122979,1552462,1675441,Pass,Pass,7349817109290025153
0,23,8,A0-dup,128KiB,131072,1024,22e51081397aebb06a1c4c3f85bd08a6e7041a438f4aae416970027e1ddbb24e,measured,13,6621,80387,87008,Pass,Pass,15067928572581534229
0,23,9,A0-dup,512KiB,524288,4096,155dfc49f4c05f1087ef002a279acee734e738bc580f2b3925315f95a108242b,measured,13,28442,313467,341909,Pass,Pass,192086794746352270
0,23,10,A0,8MiB,8388608,65536,e456d3adf67030c5a168df273f5171ca3e1299e54571d94cca82b117f3cf3aeb,measured,13,1323660,10275624,11599284,Pass,Pass,9713268438230653554
0,23,11,A0-dup,16MiB,16777216,131072,0c00f8138e0e622f6fc7215fc0f0d135e79bf60450e4c79d30e30624a8842117,measured,13,3053841,20331689,23385530,Pass,Pass,7408339909486172793
0,23,12,A0,256KiB,262144,2048,6f0154469137295abd7b45b25bc83aace599559234fd5f331140bd800c48b670,measured,13,13700,162431,176131,Pass,Pass,1126272383489710074
0,23,13,A0,16MiB,16777216,131072,0c00f8138e0e622f6fc7215fc0f0d135e79bf60450e4c79d30e30624a8842117,measured,13,3040586,21971949,25012535,Pass,Pass,7408339909486172793
0,23,14,A0-dup,8MiB,8388608,65536,e456d3adf67030c5a168df273f5171ca3e1299e54571d94cca82b117f3cf3aeb,measured,13,1321605,10489176,11810781,Pass,Pass,9713268438230653554
0,23,15,A0-dup,256KiB,262144,2048,6f0154469137295abd7b45b25bc83aace599559234fd5f331140bd800c48b670,measured,13,13658,158387,172045,Pass,Pass,1126272383489710074
0,24,0,A0-dup,128KiB,131072,1024,22e51081397aebb06a1c4c3f85bd08a6e7041a438f4aae416970027e1ddbb24e,measured,14,6377,77284,83661,Pass,Pass,15067928572581534229
0,24,1,A0-dup,256KiB,262144,2048,6f0154469137295abd7b45b25bc83aace599559234fd5f331140bd800c48b670,measured,14,13429,154037,167466,Pass,Pass,1126272383489710074
0,24,2,A0-dup,2MiB,2097152,16384,6587afedd7c0f949b131311e7425d033a0754a29587f85f26ec370a31fc4edf0,measured,14,122193,1502566,1624759,Pass,Pass,7349817109290025153
0,24,3,A0,128KiB,131072,1024,22e51081397aebb06a1c4c3f85bd08a6e7041a438f4aae416970027e1ddbb24e,measured,14,6656,80285,86941,Pass,Pass,15067928572581534229
0,24,4,A0-dup,16MiB,16777216,131072,0c00f8138e0e622f6fc7215fc0f0d135e79bf60450e4c79d30e30624a8842117,measured,14,3122950,21796475,24919425,Pass,Pass,7408339909486172793
0,24,5,A0,256KiB,262144,2048,6f0154469137295abd7b45b25bc83aace599559234fd5f331140bd800c48b670,measured,14,13880,158305,172185,Pass,Pass,1126272383489710074
0,24,6,A0,2MiB,2097152,16384,6587afedd7c0f949b131311e7425d033a0754a29587f85f26ec370a31fc4edf0,measured,14,112020,1515411,1627431,Pass,Pass,7349817109290025153
0,24,7,A0,4MiB,4194304,32768,f9dc4b51d64658b088837d5f2a7d485e8eba57daed852c20d443b77cc8137655,measured,14,393079,4422518,4815597,Pass,Pass,7876534982476418273
0,24,8,A0,1MiB,1048576,8192,337a179ec729c20c01309d98317f7ca00691d12ca10285b55ade71fb880e191c,measured,14,56082,628540,684622,Pass,Pass,16341657278089853397
0,24,9,A0-dup,512KiB,524288,4096,155dfc49f4c05f1087ef002a279acee734e738bc580f2b3925315f95a108242b,measured,14,29223,325351,354574,Pass,Pass,192086794746352270
0,24,10,A0-dup,4MiB,4194304,32768,f9dc4b51d64658b088837d5f2a7d485e8eba57daed852c20d443b77cc8137655,measured,14,346227,4265304,4611531,Pass,Pass,7876534982476418273
0,24,11,A0-dup,8MiB,8388608,65536,e456d3adf67030c5a168df273f5171ca3e1299e54571d94cca82b117f3cf3aeb,measured,14,1431894,10628955,12060849,Pass,Pass,9713268438230653554
0,24,12,A0,16MiB,16777216,131072,0c00f8138e0e622f6fc7215fc0f0d135e79bf60450e4c79d30e30624a8842117,measured,14,3045963,21031680,24077643,Pass,Pass,7408339909486172793
0,24,13,A0,8MiB,8388608,65536,e456d3adf67030c5a168df273f5171ca3e1299e54571d94cca82b117f3cf3aeb,measured,14,1387572,9707720,11095292,Pass,Pass,9713268438230653554
0,24,14,A0,512KiB,524288,4096,155dfc49f4c05f1087ef002a279acee734e738bc580f2b3925315f95a108242b,measured,14,28715,313902,342617,Pass,Pass,192086794746352270
0,24,15,A0-dup,1MiB,1048576,8192,337a179ec729c20c01309d98317f7ca00691d12ca10285b55ade71fb880e191c,measured,14,56089,645993,702082,Pass,Pass,16341657278089853397
0,25,0,A0-dup,16MiB,16777216,131072,0c00f8138e0e622f6fc7215fc0f0d135e79bf60450e4c79d30e30624a8842117,measured,15,3086482,21807564,24894046,Pass,Pass,7408339909486172793
0,25,1,A0-dup,512KiB,524288,4096,155dfc49f4c05f1087ef002a279acee734e738bc580f2b3925315f95a108242b,measured,15,28627,312598,341225,Pass,Pass,192086794746352270
0,25,2,A0,8MiB,8388608,65536,e456d3adf67030c5a168df273f5171ca3e1299e54571d94cca82b117f3cf3aeb,measured,15,1309443,10363089,11672532,Pass,Pass,9713268438230653554
0,25,3,A0-dup,256KiB,262144,2048,6f0154469137295abd7b45b25bc83aace599559234fd5f331140bd800c48b670,measured,15,13733,163856,177589,Pass,Pass,1126272383489710074
0,25,4,A0-dup,4MiB,4194304,32768,f9dc4b51d64658b088837d5f2a7d485e8eba57daed852c20d443b77cc8137655,measured,15,384150,4246753,4630903,Pass,Pass,7876534982476418273
0,25,5,A0-dup,2MiB,2097152,16384,6587afedd7c0f949b131311e7425d033a0754a29587f85f26ec370a31fc4edf0,measured,15,117803,1501088,1618891,Pass,Pass,7349817109290025153
0,25,6,A0,256KiB,262144,2048,6f0154469137295abd7b45b25bc83aace599559234fd5f331140bd800c48b670,measured,15,13581,160372,173953,Pass,Pass,1126272383489710074
0,25,7,A0,2MiB,2097152,16384,6587afedd7c0f949b131311e7425d033a0754a29587f85f26ec370a31fc4edf0,measured,15,112509,1495277,1607786,Pass,Pass,7349817109290025153
0,25,8,A0,4MiB,4194304,32768,f9dc4b51d64658b088837d5f2a7d485e8eba57daed852c20d443b77cc8137655,measured,15,472418,4300926,4773344,Pass,Pass,7876534982476418273
0,25,9,A0-dup,8MiB,8388608,65536,e456d3adf67030c5a168df273f5171ca3e1299e54571d94cca82b117f3cf3aeb,measured,15,1342631,10526577,11869208,Pass,Pass,9713268438230653554
0,25,10,A0,16MiB,16777216,131072,0c00f8138e0e622f6fc7215fc0f0d135e79bf60450e4c79d30e30624a8842117,measured,15,3030353,20543862,23574215,Pass,Pass,7408339909486172793
0,25,11,A0-dup,1MiB,1048576,8192,337a179ec729c20c01309d98317f7ca00691d12ca10285b55ade71fb880e191c,measured,15,56349,639800,696149,Pass,Pass,16341657278089853397
0,25,12,A0,128KiB,131072,1024,22e51081397aebb06a1c4c3f85bd08a6e7041a438f4aae416970027e1ddbb24e,measured,15,6420,81722,88142,Pass,Pass,15067928572581534229
0,25,13,A0,512KiB,524288,4096,155dfc49f4c05f1087ef002a279acee734e738bc580f2b3925315f95a108242b,measured,15,28094,317204,345298,Pass,Pass,192086794746352270
0,25,14,A0,1MiB,1048576,8192,337a179ec729c20c01309d98317f7ca00691d12ca10285b55ade71fb880e191c,measured,15,56131,635421,691552,Pass,Pass,16341657278089853397
0,25,15,A0-dup,128KiB,131072,1024,22e51081397aebb06a1c4c3f85bd08a6e7041a438f4aae416970027e1ddbb24e,measured,15,6641,79917,86558,Pass,Pass,15067928572581534229
0,26,0,A0-dup,512KiB,524288,4096,155dfc49f4c05f1087ef002a279acee734e738bc580f2b3925315f95a108242b,measured,16,29632,341552,371184,Pass,Pass,192086794746352270
0,26,1,A0,256KiB,262144,2048,6f0154469137295abd7b45b25bc83aace599559234fd5f331140bd800c48b670,measured,16,13404,152606,166010,Pass,Pass,1126272383489710074
0,26,2,A0,16MiB,16777216,131072,0c00f8138e0e622f6fc7215fc0f0d135e79bf60450e4c79d30e30624a8842117,measured,16,3020080,23182063,26202143,Pass,Pass,7408339909486172793
0,26,3,A0,2MiB,2097152,16384,6587afedd7c0f949b131311e7425d033a0754a29587f85f26ec370a31fc4edf0,measured,16,111127,1471933,1583060,Pass,Pass,7349817109290025153
0,26,4,A0,4MiB,4194304,32768,f9dc4b51d64658b088837d5f2a7d485e8eba57daed852c20d443b77cc8137655,measured,16,322689,4023508,4346197,Pass,Pass,7876534982476418273
0,26,5,A0-dup,2MiB,2097152,16384,6587afedd7c0f949b131311e7425d033a0754a29587f85f26ec370a31fc4edf0,measured,16,112095,1367744,1479839,Pass,Pass,7349817109290025153
0,26,6,A0,1MiB,1048576,8192,337a179ec729c20c01309d98317f7ca00691d12ca10285b55ade71fb880e191c,measured,16,56397,639319,695716,Pass,Pass,16341657278089853397
0,26,7,A0-dup,16MiB,16777216,131072,0c00f8138e0e622f6fc7215fc0f0d135e79bf60450e4c79d30e30624a8842117,measured,16,3048892,23137704,26186596,Pass,Pass,7408339909486172793
0,26,8,A0,8MiB,8388608,65536,e456d3adf67030c5a168df273f5171ca3e1299e54571d94cca82b117f3cf3aeb,measured,16,1246648,10189843,11436491,Pass,Pass,9713268438230653554
0,26,9,A0-dup,8MiB,8388608,65536,e456d3adf67030c5a168df273f5171ca3e1299e54571d94cca82b117f3cf3aeb,measured,16,1311135,9826766,11137901,Pass,Pass,9713268438230653554
0,26,10,A0-dup,4MiB,4194304,32768,f9dc4b51d64658b088837d5f2a7d485e8eba57daed852c20d443b77cc8137655,measured,16,393902,4011738,4405640,Pass,Pass,7876534982476418273
0,26,11,A0,512KiB,524288,4096,155dfc49f4c05f1087ef002a279acee734e738bc580f2b3925315f95a108242b,measured,16,28753,307353,336106,Pass,Pass,192086794746352270
0,26,12,A0-dup,1MiB,1048576,8192,337a179ec729c20c01309d98317f7ca00691d12ca10285b55ade71fb880e191c,measured,16,56351,660772,717123,Pass,Pass,16341657278089853397
0,26,13,A0-dup,256KiB,262144,2048,6f0154469137295abd7b45b25bc83aace599559234fd5f331140bd800c48b670,measured,16,13268,154014,167282,Pass,Pass,1126272383489710074
0,26,14,A0-dup,128KiB,131072,1024,22e51081397aebb06a1c4c3f85bd08a6e7041a438f4aae416970027e1ddbb24e,measured,16,6563,75712,82275,Pass,Pass,15067928572581534229
0,26,15,A0,128KiB,131072,1024,22e51081397aebb06a1c4c3f85bd08a6e7041a438f4aae416970027e1ddbb24e,measured,16,6514,77867,84381,Pass,Pass,15067928572581534229
0,27,0,A0-dup,1MiB,1048576,8192,337a179ec729c20c01309d98317f7ca00691d12ca10285b55ade71fb880e191c,measured,17,56239,634706,690945,Pass,Pass,16341657278089853397
0,27,1,A0-dup,8MiB,8388608,65536,e456d3adf67030c5a168df273f5171ca3e1299e54571d94cca82b117f3cf3aeb,measured,17,1320450,10453712,11774162,Pass,Pass,9713268438230653554
0,27,2,A0,4MiB,4194304,32768,f9dc4b51d64658b088837d5f2a7d485e8eba57daed852c20d443b77cc8137655,measured,17,350946,4152394,4503340,Pass,Pass,7876534982476418273
0,27,3,A0,16MiB,16777216,131072,0c00f8138e0e622f6fc7215fc0f0d135e79bf60450e4c79d30e30624a8842117,measured,17,3040245,21674214,24714459,Pass,Pass,7408339909486172793
0,27,4,A0,256KiB,262144,2048,6f0154469137295abd7b45b25bc83aace599559234fd5f331140bd800c48b670,measured,17,14145,166358,180503,Pass,Pass,1126272383489710074
0,27,5,A0,2MiB,2097152,16384,6587afedd7c0f949b131311e7425d033a0754a29587f85f26ec370a31fc4edf0,measured,17,113682,1460722,1574404,Pass,Pass,7349817109290025153
0,27,6,A0-dup,256KiB,262144,2048,6f0154469137295abd7b45b25bc83aace599559234fd5f331140bd800c48b670,measured,17,13657,162339,175996,Pass,Pass,1126272383489710074
0,27,7,A0-dup,512KiB,524288,4096,155dfc49f4c05f1087ef002a279acee734e738bc580f2b3925315f95a108242b,measured,17,28144,306590,334734,Pass,Pass,192086794746352270
0,27,8,A0,512KiB,524288,4096,155dfc49f4c05f1087ef002a279acee734e738bc580f2b3925315f95a108242b,measured,17,27906,304449,332355,Pass,Pass,192086794746352270
0,27,9,A0-dup,4MiB,4194304,32768,f9dc4b51d64658b088837d5f2a7d485e8eba57daed852c20d443b77cc8137655,measured,17,523397,4723094,5246491,Pass,Pass,7876534982476418273
0,27,10,A0-dup,2MiB,2097152,16384,6587afedd7c0f949b131311e7425d033a0754a29587f85f26ec370a31fc4edf0,measured,17,112690,1655016,1767706,Pass,Pass,7349817109290025153
0,27,11,A0-dup,128KiB,131072,1024,22e51081397aebb06a1c4c3f85bd08a6e7041a438f4aae416970027e1ddbb24e,measured,17,6678,80346,87024,Pass,Pass,15067928572581534229
0,27,12,A0,1MiB,1048576,8192,337a179ec729c20c01309d98317f7ca00691d12ca10285b55ade71fb880e191c,measured,17,56362,630845,687207,Pass,Pass,16341657278089853397
0,27,13,A0,8MiB,8388608,65536,e456d3adf67030c5a168df273f5171ca3e1299e54571d94cca82b117f3cf3aeb,measured,17,1326277,10202037,11528314,Pass,Pass,9713268438230653554
0,27,14,A0,128KiB,131072,1024,22e51081397aebb06a1c4c3f85bd08a6e7041a438f4aae416970027e1ddbb24e,measured,17,6710,81383,88093,Pass,Pass,15067928572581534229
0,27,15,A0-dup,16MiB,16777216,131072,0c00f8138e0e622f6fc7215fc0f0d135e79bf60450e4c79d30e30624a8842117,measured,17,3036705,23145109,26181814,Pass,Pass,7408339909486172793
0,28,0,A0-dup,2MiB,2097152,16384,6587afedd7c0f949b131311e7425d033a0754a29587f85f26ec370a31fc4edf0,measured,18,113386,1616149,1729535,Pass,Pass,7349817109290025153
0,28,1,A0-dup,128KiB,131072,1024,22e51081397aebb06a1c4c3f85bd08a6e7041a438f4aae416970027e1ddbb24e,measured,18,6853,79828,86681,Pass,Pass,15067928572581534229
0,28,2,A0,2MiB,2097152,16384,6587afedd7c0f949b131311e7425d033a0754a29587f85f26ec370a31fc4edf0,measured,18,111494,1456846,1568340,Pass,Pass,7349817109290025153
0,28,3,A0,512KiB,524288,4096,155dfc49f4c05f1087ef002a279acee734e738bc580f2b3925315f95a108242b,measured,18,28354,314546,342900,Pass,Pass,192086794746352270
0,28,4,A0,16MiB,16777216,131072,0c00f8138e0e622f6fc7215fc0f0d135e79bf60450e4c79d30e30624a8842117,measured,18,3030812,23271019,26301831,Pass,Pass,7408339909486172793
0,28,5,A0,4MiB,4194304,32768,f9dc4b51d64658b088837d5f2a7d485e8eba57daed852c20d443b77cc8137655,measured,18,432289,4273880,4706169,Pass,Pass,7876534982476418273
0,28,6,A0-dup,4MiB,4194304,32768,f9dc4b51d64658b088837d5f2a7d485e8eba57daed852c20d443b77cc8137655,measured,18,359584,4209636,4569220,Pass,Pass,7876534982476418273
0,28,7,A0,256KiB,262144,2048,6f0154469137295abd7b45b25bc83aace599559234fd5f331140bd800c48b670,measured,18,13804,156791,170595,Pass,Pass,1126272383489710074
0,28,8,A0,128KiB,131072,1024,22e51081397aebb06a1c4c3f85bd08a6e7041a438f4aae416970027e1ddbb24e,measured,18,6332,77340,83672,Pass,Pass,15067928572581534229
0,28,9,A0-dup,256KiB,262144,2048,6f0154469137295abd7b45b25bc83aace599559234fd5f331140bd800c48b670,measured,18,13429,155531,168960,Pass,Pass,1126272383489710074
0,28,10,A0,1MiB,1048576,8192,337a179ec729c20c01309d98317f7ca00691d12ca10285b55ade71fb880e191c,measured,18,56053,642607,698660,Pass,Pass,16341657278089853397
0,28,11,A0-dup,8MiB,8388608,65536,e456d3adf67030c5a168df273f5171ca3e1299e54571d94cca82b117f3cf3aeb,measured,18,1314864,10252615,11567479,Pass,Pass,9713268438230653554
0,28,12,A0,8MiB,8388608,65536,e456d3adf67030c5a168df273f5171ca3e1299e54571d94cca82b117f3cf3aeb,measured,18,1361214,10305280,11666494,Pass,Pass,9713268438230653554
0,28,13,A0-dup,16MiB,16777216,131072,0c00f8138e0e622f6fc7215fc0f0d135e79bf60450e4c79d30e30624a8842117,measured,18,3025413,20604616,23630029,Pass,Pass,7408339909486172793
0,28,14,A0-dup,512KiB,524288,4096,155dfc49f4c05f1087ef002a279acee734e738bc580f2b3925315f95a108242b,measured,18,28364,314098,342462,Pass,Pass,192086794746352270
0,28,15,A0-dup,1MiB,1048576,8192,337a179ec729c20c01309d98317f7ca00691d12ca10285b55ade71fb880e191c,measured,18,55977,648289,704266,Pass,Pass,16341657278089853397
0,29,0,A0-dup,2MiB,2097152,16384,6587afedd7c0f949b131311e7425d033a0754a29587f85f26ec370a31fc4edf0,measured,19,111997,1444950,1556947,Pass,Pass,7349817109290025153
0,29,1,A0,4MiB,4194304,32768,f9dc4b51d64658b088837d5f2a7d485e8eba57daed852c20d443b77cc8137655,measured,19,412782,4148556,4561338,Pass,Pass,7876534982476418273
0,29,2,A0-dup,8MiB,8388608,65536,e456d3adf67030c5a168df273f5171ca3e1299e54571d94cca82b117f3cf3aeb,measured,19,1351997,10298803,11650800,Pass,Pass,9713268438230653554
0,29,3,A0-dup,512KiB,524288,4096,155dfc49f4c05f1087ef002a279acee734e738bc580f2b3925315f95a108242b,measured,19,28470,315277,343747,Pass,Pass,192086794746352270
0,29,4,A0,256KiB,262144,2048,6f0154469137295abd7b45b25bc83aace599559234fd5f331140bd800c48b670,measured,19,13504,152745,166249,Pass,Pass,1126272383489710074
0,29,5,A0,8MiB,8388608,65536,e456d3adf67030c5a168df273f5171ca3e1299e54571d94cca82b117f3cf3aeb,measured,19,1328812,10324328,11653140,Pass,Pass,9713268438230653554
0,29,6,A0,16MiB,16777216,131072,0c00f8138e0e622f6fc7215fc0f0d135e79bf60450e4c79d30e30624a8842117,measured,19,3089162,20550861,23640023,Pass,Pass,7408339909486172793
0,29,7,A0,128KiB,131072,1024,22e51081397aebb06a1c4c3f85bd08a6e7041a438f4aae416970027e1ddbb24e,measured,19,6695,82687,89382,Pass,Pass,15067928572581534229
0,29,8,A0-dup,1MiB,1048576,8192,337a179ec729c20c01309d98317f7ca00691d12ca10285b55ade71fb880e191c,measured,19,55972,639058,695030,Pass,Pass,16341657278089853397
0,29,9,A0-dup,256KiB,262144,2048,6f0154469137295abd7b45b25bc83aace599559234fd5f331140bd800c48b670,measured,19,13270,152713,165983,Pass,Pass,1126272383489710074
0,29,10,A0,1MiB,1048576,8192,337a179ec729c20c01309d98317f7ca00691d12ca10285b55ade71fb880e191c,measured,19,56412,631193,687605,Pass,Pass,16341657278089853397
0,29,11,A0-dup,16MiB,16777216,131072,0c00f8138e0e622f6fc7215fc0f0d135e79bf60450e4c79d30e30624a8842117,measured,19,3072835,21519118,24591953,Pass,Pass,7408339909486172793
0,29,12,A0-dup,128KiB,131072,1024,22e51081397aebb06a1c4c3f85bd08a6e7041a438f4aae416970027e1ddbb24e,measured,19,6927,81211,88138,Pass,Pass,15067928572581534229
0,29,13,A0-dup,4MiB,4194304,32768,f9dc4b51d64658b088837d5f2a7d485e8eba57daed852c20d443b77cc8137655,measured,19,310769,3949840,4260609,Pass,Pass,7876534982476418273
0,29,14,A0,512KiB,524288,4096,155dfc49f4c05f1087ef002a279acee734e738bc580f2b3925315f95a108242b,measured,19,28228,382197,410425,Pass,Pass,192086794746352270
0,29,15,A0,2MiB,2097152,16384,6587afedd7c0f949b131311e7425d033a0754a29587f85f26ec370a31fc4edf0,measured,19,112179,1443337,1555516,Pass,Pass,7349817109290025153
0,30,0,A0,2MiB,2097152,16384,6587afedd7c0f949b131311e7425d033a0754a29587f85f26ec370a31fc4edf0,measured,20,111428,1465562,1576990,Pass,Pass,7349817109290025153
0,30,1,A0,1MiB,1048576,8192,337a179ec729c20c01309d98317f7ca00691d12ca10285b55ade71fb880e191c,measured,20,59019,714906,773925,Pass,Pass,16341657278089853397
0,30,2,A0-dup,1MiB,1048576,8192,337a179ec729c20c01309d98317f7ca00691d12ca10285b55ade71fb880e191c,measured,20,58612,732650,791262,Pass,Pass,16341657278089853397
0,30,3,A0-dup,16MiB,16777216,131072,0c00f8138e0e622f6fc7215fc0f0d135e79bf60450e4c79d30e30624a8842117,measured,20,2949455,21234061,24183516,Pass,Pass,7408339909486172793
0,30,4,A0-dup,512KiB,524288,4096,155dfc49f4c05f1087ef002a279acee734e738bc580f2b3925315f95a108242b,measured,20,28542,311804,340346,Pass,Pass,192086794746352270
0,30,5,A0-dup,8MiB,8388608,65536,e456d3adf67030c5a168df273f5171ca3e1299e54571d94cca82b117f3cf3aeb,measured,20,1315479,10390790,11706269,Pass,Pass,9713268438230653554
0,30,6,A0,8MiB,8388608,65536,e456d3adf67030c5a168df273f5171ca3e1299e54571d94cca82b117f3cf3aeb,measured,20,1437795,10388414,11826209,Pass,Pass,9713268438230653554
0,30,7,A0,256KiB,262144,2048,6f0154469137295abd7b45b25bc83aace599559234fd5f331140bd800c48b670,measured,20,13648,157591,171239,Pass,Pass,1126272383489710074
0,30,8,A0,16MiB,16777216,131072,0c00f8138e0e622f6fc7215fc0f0d135e79bf60450e4c79d30e30624a8842117,measured,20,3034238,22210297,25244535,Pass,Pass,7408339909486172793
0,30,9,A0-dup,128KiB,131072,1024,22e51081397aebb06a1c4c3f85bd08a6e7041a438f4aae416970027e1ddbb24e,measured,20,6968,83642,90610,Pass,Pass,15067928572581534229
0,30,10,A0-dup,256KiB,262144,2048,6f0154469137295abd7b45b25bc83aace599559234fd5f331140bd800c48b670,measured,20,13567,163584,177151,Pass,Pass,1126272383489710074
0,30,11,A0,128KiB,131072,1024,22e51081397aebb06a1c4c3f85bd08a6e7041a438f4aae416970027e1ddbb24e,measured,20,6434,77803,84237,Pass,Pass,15067928572581534229
0,30,12,A0,4MiB,4194304,32768,f9dc4b51d64658b088837d5f2a7d485e8eba57daed852c20d443b77cc8137655,measured,20,411350,4037853,4449203,Pass,Pass,7876534982476418273
0,30,13,A0,512KiB,524288,4096,155dfc49f4c05f1087ef002a279acee734e738bc580f2b3925315f95a108242b,measured,20,28681,314680,343361,Pass,Pass,192086794746352270
0,30,14,A0-dup,4MiB,4194304,32768,f9dc4b51d64658b088837d5f2a7d485e8eba57daed852c20d443b77cc8137655,measured,20,379756,4109595,4489351,Pass,Pass,7876534982476418273
0,30,15,A0-dup,2MiB,2097152,16384,6587afedd7c0f949b131311e7425d033a0754a29587f85f26ec370a31fc4edf0,measured,20,112256,1450950,1563206,Pass,Pass,7349817109290025153
0,31,0,A0-dup,8MiB,8388608,65536,e456d3adf67030c5a168df273f5171ca3e1299e54571d94cca82b117f3cf3aeb,measured,21,1398251,9815018,11213269,Pass,Pass,9713268438230653554
0,31,1,A0,256KiB,262144,2048,6f0154469137295abd7b45b25bc83aace599559234fd5f331140bd800c48b670,measured,21,13738,158109,171847,Pass,Pass,1126272383489710074
0,31,2,A0,8MiB,8388608,65536,e456d3adf67030c5a168df273f5171ca3e1299e54571d94cca82b117f3cf3aeb,measured,21,1429262,10102320,11531582,Pass,Pass,9713268438230653554
0,31,3,A0-dup,2MiB,2097152,16384,6587afedd7c0f949b131311e7425d033a0754a29587f85f26ec370a31fc4edf0,measured,21,112163,1433214,1545377,Pass,Pass,7349817109290025153
0,31,4,A0-dup,128KiB,131072,1024,22e51081397aebb06a1c4c3f85bd08a6e7041a438f4aae416970027e1ddbb24e,measured,21,6714,81768,88482,Pass,Pass,15067928572581534229
0,31,5,A0,16MiB,16777216,131072,0c00f8138e0e622f6fc7215fc0f0d135e79bf60450e4c79d30e30624a8842117,measured,21,2989250,21843333,24832583,Pass,Pass,7408339909486172793
0,31,6,A0,4MiB,4194304,32768,f9dc4b51d64658b088837d5f2a7d485e8eba57daed852c20d443b77cc8137655,measured,21,296488,4182380,4478868,Pass,Pass,7876534982476418273
0,31,7,A0-dup,256KiB,262144,2048,6f0154469137295abd7b45b25bc83aace599559234fd5f331140bd800c48b670,measured,21,13624,158681,172305,Pass,Pass,1126272383489710074
0,31,8,A0-dup,512KiB,524288,4096,155dfc49f4c05f1087ef002a279acee734e738bc580f2b3925315f95a108242b,measured,21,27861,308666,336527,Pass,Pass,192086794746352270
0,31,9,A0-dup,16MiB,16777216,131072,0c00f8138e0e622f6fc7215fc0f0d135e79bf60450e4c79d30e30624a8842117,measured,21,2979629,22730270,25709899,Pass,Pass,7408339909486172793
0,31,10,A0,128KiB,131072,1024,22e51081397aebb06a1c4c3f85bd08a6e7041a438f4aae416970027e1ddbb24e,measured,21,6923,85273,92196,Pass,Pass,15067928572581534229
0,31,11,A0-dup,4MiB,4194304,32768,f9dc4b51d64658b088837d5f2a7d485e8eba57daed852c20d443b77cc8137655,measured,21,407069,4431617,4838686,Pass,Pass,7876534982476418273
0,31,12,A0,512KiB,524288,4096,155dfc49f4c05f1087ef002a279acee734e738bc580f2b3925315f95a108242b,measured,21,28014,309975,337989,Pass,Pass,192086794746352270
0,31,13,A0,1MiB,1048576,8192,337a179ec729c20c01309d98317f7ca00691d12ca10285b55ade71fb880e191c,measured,21,56165,645182,701347,Pass,Pass,16341657278089853397
0,31,14,A0,2MiB,2097152,16384,6587afedd7c0f949b131311e7425d033a0754a29587f85f26ec370a31fc4edf0,measured,21,127816,1502437,1630253,Pass,Pass,7349817109290025153
0,31,15,A0-dup,1MiB,1048576,8192,337a179ec729c20c01309d98317f7ca00691d12ca10285b55ade71fb880e191c,measured,21,56087,641189,697276,Pass,Pass,16341657278089853397
0,32,0,A0,256KiB,262144,2048,6f0154469137295abd7b45b25bc83aace599559234fd5f331140bd800c48b670,measured,22,13241,152478,165719,Pass,Pass,1126272383489710074
0,32,1,A0-dup,512KiB,524288,4096,155dfc49f4c05f1087ef002a279acee734e738bc580f2b3925315f95a108242b,measured,22,27993,313719,341712,Pass,Pass,192086794746352270
0,32,2,A0-dup,256KiB,262144,2048,6f0154469137295abd7b45b25bc83aace599559234fd5f331140bd800c48b670,measured,22,13393,151074,164467,Pass,Pass,1126272383489710074
0,32,3,A0-dup,128KiB,131072,1024,22e51081397aebb06a1c4c3f85bd08a6e7041a438f4aae416970027e1ddbb24e,measured,22,6489,76578,83067,Pass,Pass,15067928572581534229
0,32,4,A0-dup,2MiB,2097152,16384,6587afedd7c0f949b131311e7425d033a0754a29587f85f26ec370a31fc4edf0,measured,22,111211,1490818,1602029,Pass,Pass,7349817109290025153
0,32,5,A0-dup,8MiB,8388608,65536,e456d3adf67030c5a168df273f5171ca3e1299e54571d94cca82b117f3cf3aeb,measured,22,1442561,9882522,11325083,Pass,Pass,9713268438230653554
0,32,6,A0-dup,4MiB,4194304,32768,f9dc4b51d64658b088837d5f2a7d485e8eba57daed852c20d443b77cc8137655,measured,22,379316,4257296,4636612,Pass,Pass,7876534982476418273
0,32,7,A0,128KiB,131072,1024,22e51081397aebb06a1c4c3f85bd08a6e7041a438f4aae416970027e1ddbb24e,measured,22,6746,81963,88709,Pass,Pass,15067928572581534229
0,32,8,A0,1MiB,1048576,8192,337a179ec729c20c01309d98317f7ca00691d12ca10285b55ade71fb880e191c,measured,22,56239,633468,689707,Pass,Pass,16341657278089853397
0,32,9,A0,512KiB,524288,4096,155dfc49f4c05f1087ef002a279acee734e738bc580f2b3925315f95a108242b,measured,22,28147,305944,334091,Pass,Pass,192086794746352270
0,32,10,A0,8MiB,8388608,65536,e456d3adf67030c5a168df273f5171ca3e1299e54571d94cca82b117f3cf3aeb,measured,22,1397680,9860467,11258147,Pass,Pass,9713268438230653554
0,32,11,A0,2MiB,2097152,16384,6587afedd7c0f949b131311e7425d033a0754a29587f85f26ec370a31fc4edf0,measured,22,114290,1518652,1632942,Pass,Pass,7349817109290025153
0,32,12,A0,16MiB,16777216,131072,0c00f8138e0e622f6fc7215fc0f0d135e79bf60450e4c79d30e30624a8842117,measured,22,3233868,22994718,26228586,Pass,Pass,7408339909486172793
0,32,13,A0,4MiB,4194304,32768,f9dc4b51d64658b088837d5f2a7d485e8eba57daed852c20d443b77cc8137655,measured,22,296682,3935895,4232577,Pass,Pass,7876534982476418273
0,32,14,A0-dup,1MiB,1048576,8192,337a179ec729c20c01309d98317f7ca00691d12ca10285b55ade71fb880e191c,measured,22,56602,667703,724305,Pass,Pass,16341657278089853397
0,32,15,A0-dup,16MiB,16777216,131072,0c00f8138e0e622f6fc7215fc0f0d135e79bf60450e4c79d30e30624a8842117,measured,22,3187625,22111628,25299253,Pass,Pass,7408339909486172793
0,33,0,A0-dup,4MiB,4194304,32768,f9dc4b51d64658b088837d5f2a7d485e8eba57daed852c20d443b77cc8137655,measured,23,315340,4125681,4441021,Pass,Pass,7876534982476418273
0,33,1,A0-dup,128KiB,131072,1024,22e51081397aebb06a1c4c3f85bd08a6e7041a438f4aae416970027e1ddbb24e,measured,23,6924,83523,90447,Pass,Pass,15067928572581534229
0,33,2,A0-dup,256KiB,262144,2048,6f0154469137295abd7b45b25bc83aace599559234fd5f331140bd800c48b670,measured,23,13352,161817,175169,Pass,Pass,1126272383489710074
0,33,3,A0-dup,512KiB,524288,4096,155dfc49f4c05f1087ef002a279acee734e738bc580f2b3925315f95a108242b,measured,23,28107,337310,365417,Pass,Pass,192086794746352270
0,33,4,A0,4MiB,4194304,32768,f9dc4b51d64658b088837d5f2a7d485e8eba57daed852c20d443b77cc8137655,measured,23,322778,4041228,4364006,Pass,Pass,7876534982476418273
0,33,5,A0,1MiB,1048576,8192,337a179ec729c20c01309d98317f7ca00691d12ca10285b55ade71fb880e191c,measured,23,56397,638240,694637,Pass,Pass,16341657278089853397
0,33,6,A0,128KiB,131072,1024,22e51081397aebb06a1c4c3f85bd08a6e7041a438f4aae416970027e1ddbb24e,measured,23,6532,78430,84962,Pass,Pass,15067928572581534229
0,33,7,A0,256KiB,262144,2048,6f0154469137295abd7b45b25bc83aace599559234fd5f331140bd800c48b670,measured,23,13998,185714,199712,Pass,Pass,1126272383489710074
0,33,8,A0,512KiB,524288,4096,155dfc49f4c05f1087ef002a279acee734e738bc580f2b3925315f95a108242b,measured,23,28051,318859,346910,Pass,Pass,192086794746352270
0,33,9,A0,2MiB,2097152,16384,6587afedd7c0f949b131311e7425d033a0754a29587f85f26ec370a31fc4edf0,measured,23,111193,1504843,1616036,Pass,Pass,7349817109290025153
0,33,10,A0-dup,16MiB,16777216,131072,0c00f8138e0e622f6fc7215fc0f0d135e79bf60450e4c79d30e30624a8842117,measured,23,3014470,22065924,25080394,Pass,Pass,7408339909486172793
0,33,11,A0-dup,8MiB,8388608,65536,e456d3adf67030c5a168df273f5171ca3e1299e54571d94cca82b117f3cf3aeb,measured,23,1552504,10704234,12256738,Pass,Pass,9713268438230653554
0,33,12,A0,8MiB,8388608,65536,e456d3adf67030c5a168df273f5171ca3e1299e54571d94cca82b117f3cf3aeb,measured,23,1382075,10013226,11395301,Pass,Pass,9713268438230653554
0,33,13,A0,16MiB,16777216,131072,0c00f8138e0e622f6fc7215fc0f0d135e79bf60450e4c79d30e30624a8842117,measured,23,3177583,21358413,24535996,Pass,Pass,7408339909486172793
0,33,14,A0-dup,2MiB,2097152,16384,6587afedd7c0f949b131311e7425d033a0754a29587f85f26ec370a31fc4edf0,measured,23,116041,1538748,1654789,Pass,Pass,7349817109290025153
0,33,15,A0-dup,1MiB,1048576,8192,337a179ec729c20c01309d98317f7ca00691d12ca10285b55ade71fb880e191c,measured,23,56744,641763,698507,Pass,Pass,16341657278089853397
0,34,0,A0,16MiB,16777216,131072,0c00f8138e0e622f6fc7215fc0f0d135e79bf60450e4c79d30e30624a8842117,measured,24,3048420,22729194,25777614,Pass,Pass,7408339909486172793
0,34,1,A0-dup,4MiB,4194304,32768,f9dc4b51d64658b088837d5f2a7d485e8eba57daed852c20d443b77cc8137655,measured,24,325854,3928192,4254046,Pass,Pass,7876534982476418273
0,34,2,A0-dup,8MiB,8388608,65536,e456d3adf67030c5a168df273f5171ca3e1299e54571d94cca82b117f3cf3aeb,measured,24,1360968,10640478,12001446,Pass,Pass,9713268438230653554
0,34,3,A0-dup,128KiB,131072,1024,22e51081397aebb06a1c4c3f85bd08a6e7041a438f4aae416970027e1ddbb24e,measured,24,6938,83441,90379,Pass,Pass,15067928572581534229
0,34,4,A0-dup,512KiB,524288,4096,155dfc49f4c05f1087ef002a279acee734e738bc580f2b3925315f95a108242b,measured,24,28119,322215,350334,Pass,Pass,192086794746352270
0,34,5,A0,256KiB,262144,2048,6f0154469137295abd7b45b25bc83aace599559234fd5f331140bd800c48b670,measured,24,13351,152662,166013,Pass,Pass,1126272383489710074
0,34,6,A0,2MiB,2097152,16384,6587afedd7c0f949b131311e7425d033a0754a29587f85f26ec370a31fc4edf0,measured,24,111825,1507321,1619146,Pass,Pass,7349817109290025153
0,34,7,A0,128KiB,131072,1024,22e51081397aebb06a1c4c3f85bd08a6e7041a438f4aae416970027e1ddbb24e,measured,24,6790,80755,87545,Pass,Pass,15067928572581534229
0,34,8,A0-dup,2MiB,2097152,16384,6587afedd7c0f949b131311e7425d033a0754a29587f85f26ec370a31fc4edf0,measured,24,113121,1450345,1563466,Pass,Pass,7349817109290025153
0,34,9,A0,1MiB,1048576,8192,337a179ec729c20c01309d98317f7ca00691d12ca10285b55ade71fb880e191c,measured,24,56483,638032,694515,Pass,Pass,16341657278089853397
0,34,10,A0-dup,1MiB,1048576,8192,337a179ec729c20c01309d98317f7ca00691d12ca10285b55ade71fb880e191c,measured,24,56461,663191,719652,Pass,Pass,16341657278089853397
0,34,11,A0-dup,16MiB,16777216,131072,0c00f8138e0e622f6fc7215fc0f0d135e79bf60450e4c79d30e30624a8842117,measured,24,3195539,21634897,24830436,Pass,Pass,7408339909486172793
0,34,12,A0,4MiB,4194304,32768,f9dc4b51d64658b088837d5f2a7d485e8eba57daed852c20d443b77cc8137655,measured,24,285931,3811794,4097725,Pass,Pass,7876534982476418273
0,34,13,A0,512KiB,524288,4096,155dfc49f4c05f1087ef002a279acee734e738bc580f2b3925315f95a108242b,measured,24,28209,310722,338931,Pass,Pass,192086794746352270
0,34,14,A0-dup,256KiB,262144,2048,6f0154469137295abd7b45b25bc83aace599559234fd5f331140bd800c48b670,measured,24,13344,151391,164735,Pass,Pass,1126272383489710074
0,34,15,A0,8MiB,8388608,65536,e456d3adf67030c5a168df273f5171ca3e1299e54571d94cca82b117f3cf3aeb,measured,24,1422659,10275197,11697856,Pass,Pass,9713268438230653554
0,35,0,A0-dup,1MiB,1048576,8192,337a179ec729c20c01309d98317f7ca00691d12ca10285b55ade71fb880e191c,measured,25,56370,636817,693187,Pass,Pass,16341657278089853397
0,35,1,A0-dup,2MiB,2097152,16384,6587afedd7c0f949b131311e7425d033a0754a29587f85f26ec370a31fc4edf0,measured,25,114174,1454663,1568837,Pass,Pass,7349817109290025153
0,35,2,A0,4MiB,4194304,32768,f9dc4b51d64658b088837d5f2a7d485e8eba57daed852c20d443b77cc8137655,measured,25,397904,4352289,4750193,Pass,Pass,7876534982476418273
0,35,3,A0,512KiB,524288,4096,155dfc49f4c05f1087ef002a279acee734e738bc580f2b3925315f95a108242b,measured,25,28483,331387,359870,Pass,Pass,192086794746352270
0,35,4,A0-dup,8MiB,8388608,65536,e456d3adf67030c5a168df273f5171ca3e1299e54571d94cca82b117f3cf3aeb,measured,25,1509061,10247837,11756898,Pass,Pass,9713268438230653554
0,35,5,A0-dup,128KiB,131072,1024,22e51081397aebb06a1c4c3f85bd08a6e7041a438f4aae416970027e1ddbb24e,measured,25,7016,104859,111875,Pass,Pass,15067928572581534229
0,35,6,A0,128KiB,131072,1024,22e51081397aebb06a1c4c3f85bd08a6e7041a438f4aae416970027e1ddbb24e,measured,25,6520,79569,86089,Pass,Pass,15067928572581534229
0,35,7,A0-dup,512KiB,524288,4096,155dfc49f4c05f1087ef002a279acee734e738bc580f2b3925315f95a108242b,measured,25,28067,327832,355899,Pass,Pass,192086794746352270
0,35,8,A0,1MiB,1048576,8192,337a179ec729c20c01309d98317f7ca00691d12ca10285b55ade71fb880e191c,measured,25,56001,648129,704130,Pass,Pass,16341657278089853397
0,35,9,A0-dup,4MiB,4194304,32768,f9dc4b51d64658b088837d5f2a7d485e8eba57daed852c20d443b77cc8137655,measured,25,407840,4258007,4665847,Pass,Pass,7876534982476418273
0,35,10,A0,8MiB,8388608,65536,e456d3adf67030c5a168df273f5171ca3e1299e54571d94cca82b117f3cf3aeb,measured,25,1362717,9910701,11273418,Pass,Pass,9713268438230653554
0,35,11,A0-dup,16MiB,16777216,131072,0c00f8138e0e622f6fc7215fc0f0d135e79bf60450e4c79d30e30624a8842117,measured,25,3061896,21953869,25015765,Pass,Pass,7408339909486172793
0,35,12,A0,16MiB,16777216,131072,0c00f8138e0e622f6fc7215fc0f0d135e79bf60450e4c79d30e30624a8842117,measured,25,3372447,23348676,26721123,Pass,Pass,7408339909486172793
0,35,13,A0,2MiB,2097152,16384,6587afedd7c0f949b131311e7425d033a0754a29587f85f26ec370a31fc4edf0,measured,25,111801,1444603,1556404,Pass,Pass,7349817109290025153
0,35,14,A0,256KiB,262144,2048,6f0154469137295abd7b45b25bc83aace599559234fd5f331140bd800c48b670,measured,25,13616,154326,167942,Pass,Pass,1126272383489710074
0,35,15,A0-dup,256KiB,262144,2048,6f0154469137295abd7b45b25bc83aace599559234fd5f331140bd800c48b670,measured,25,13139,155900,169039,Pass,Pass,1126272383489710074
0,36,0,A0,256KiB,262144,2048,6f0154469137295abd7b45b25bc83aace599559234fd5f331140bd800c48b670,measured,26,16708,151672,168380,Pass,Pass,1126272383489710074
0,36,1,A0,2MiB,2097152,16384,6587afedd7c0f949b131311e7425d033a0754a29587f85f26ec370a31fc4edf0,measured,26,115613,1454252,1569865,Pass,Pass,7349817109290025153
0,36,2,A0-dup,4MiB,4194304,32768,f9dc4b51d64658b088837d5f2a7d485e8eba57daed852c20d443b77cc8137655,measured,26,365294,4066411,4431705,Pass,Pass,7876534982476418273
0,36,3,A0-dup,2MiB,2097152,16384,6587afedd7c0f949b131311e7425d033a0754a29587f85f26ec370a31fc4edf0,measured,26,112673,1461696,1574369,Pass,Pass,7349817109290025153
0,36,4,A0-dup,512KiB,524288,4096,155dfc49f4c05f1087ef002a279acee734e738bc580f2b3925315f95a108242b,measured,26,28702,310739,339441,Pass,Pass,192086794746352270
0,36,5,A0,128KiB,131072,1024,22e51081397aebb06a1c4c3f85bd08a6e7041a438f4aae416970027e1ddbb24e,measured,26,6386,77846,84232,Pass,Pass,15067928572581534229
0,36,6,A0-dup,8MiB,8388608,65536,e456d3adf67030c5a168df273f5171ca3e1299e54571d94cca82b117f3cf3aeb,measured,26,1374444,9834622,11209066,Pass,Pass,9713268438230653554
0,36,7,A0,512KiB,524288,4096,155dfc49f4c05f1087ef002a279acee734e738bc580f2b3925315f95a108242b,measured,26,28269,330690,358959,Pass,Pass,192086794746352270
0,36,8,A0-dup,256KiB,262144,2048,6f0154469137295abd7b45b25bc83aace599559234fd5f331140bd800c48b670,measured,26,13379,153483,166862,Pass,Pass,1126272383489710074
0,36,9,A0,8MiB,8388608,65536,e456d3adf67030c5a168df273f5171ca3e1299e54571d94cca82b117f3cf3aeb,measured,26,1371134,10260610,11631744,Pass,Pass,9713268438230653554
0,36,10,A0-dup,16MiB,16777216,131072,0c00f8138e0e622f6fc7215fc0f0d135e79bf60450e4c79d30e30624a8842117,measured,26,3108564,21614212,24722776,Pass,Pass,7408339909486172793
0,36,11,A0,4MiB,4194304,32768,f9dc4b51d64658b088837d5f2a7d485e8eba57daed852c20d443b77cc8137655,measured,26,282769,3836128,4118897,Pass,Pass,7876534982476418273
0,36,12,A0-dup,128KiB,131072,1024,22e51081397aebb06a1c4c3f85bd08a6e7041a438f4aae416970027e1ddbb24e,measured,26,6641,82469,89110,Pass,Pass,15067928572581534229
0,36,13,A0,1MiB,1048576,8192,337a179ec729c20c01309d98317f7ca00691d12ca10285b55ade71fb880e191c,measured,26,55838,640757,696595,Pass,Pass,16341657278089853397
0,36,14,A0-dup,1MiB,1048576,8192,337a179ec729c20c01309d98317f7ca00691d12ca10285b55ade71fb880e191c,measured,26,56037,618606,674643,Pass,Pass,16341657278089853397
0,36,15,A0,16MiB,16777216,131072,0c00f8138e0e622f6fc7215fc0f0d135e79bf60450e4c79d30e30624a8842117,measured,26,3135149,21675218,24810367,Pass,Pass,7408339909486172793
0,37,0,A0,16MiB,16777216,131072,0c00f8138e0e622f6fc7215fc0f0d135e79bf60450e4c79d30e30624a8842117,measured,27,3092630,21007798,24100428,Pass,Pass,7408339909486172793
0,37,1,A0,512KiB,524288,4096,155dfc49f4c05f1087ef002a279acee734e738bc580f2b3925315f95a108242b,measured,27,28454,322312,350766,Pass,Pass,192086794746352270
0,37,2,A0-dup,1MiB,1048576,8192,337a179ec729c20c01309d98317f7ca00691d12ca10285b55ade71fb880e191c,measured,27,55871,651593,707464,Pass,Pass,16341657278089853397
0,37,3,A0-dup,128KiB,131072,1024,22e51081397aebb06a1c4c3f85bd08a6e7041a438f4aae416970027e1ddbb24e,measured,27,6502,78602,85104,Pass,Pass,15067928572581534229
0,37,4,A0-dup,4MiB,4194304,32768,f9dc4b51d64658b088837d5f2a7d485e8eba57daed852c20d443b77cc8137655,measured,27,410006,4082647,4492653,Pass,Pass,7876534982476418273
0,37,5,A0,256KiB,262144,2048,6f0154469137295abd7b45b25bc83aace599559234fd5f331140bd800c48b670,measured,27,13627,162768,176395,Pass,Pass,1126272383489710074
0,37,6,A0-dup,8MiB,8388608,65536,e456d3adf67030c5a168df273f5171ca3e1299e54571d94cca82b117f3cf3aeb,measured,27,1389932,9970593,11360525,Pass,Pass,9713268438230653554
0,37,7,A0-dup,16MiB,16777216,131072,0c00f8138e0e622f6fc7215fc0f0d135e79bf60450e4c79d30e30624a8842117,measured,27,3043068,22801241,25844309,Pass,Pass,7408339909486172793
0,37,8,A0-dup,512KiB,524288,4096,155dfc49f4c05f1087ef002a279acee734e738bc580f2b3925315f95a108242b,measured,27,28428,328203,356631,Pass,Pass,192086794746352270
0,37,9,A0-dup,2MiB,2097152,16384,6587afedd7c0f949b131311e7425d033a0754a29587f85f26ec370a31fc4edf0,measured,27,113033,1451333,1564366,Pass,Pass,7349817109290025153
0,37,10,A0,1MiB,1048576,8192,337a179ec729c20c01309d98317f7ca00691d12ca10285b55ade71fb880e191c,measured,27,56252,628348,684600,Pass,Pass,16341657278089853397
0,37,11,A0,2MiB,2097152,16384,6587afedd7c0f949b131311e7425d033a0754a29587f85f26ec370a31fc4edf0,measured,27,112665,1522788,1635453,Pass,Pass,7349817109290025153
0,37,12,A0-dup,256KiB,262144,2048,6f0154469137295abd7b45b25bc83aace599559234fd5f331140bd800c48b670,measured,27,13672,164248,177920,Pass,Pass,1126272383489710074
0,37,13,A0,4MiB,4194304,32768,f9dc4b51d64658b088837d5f2a7d485e8eba57daed852c20d443b77cc8137655,measured,27,281924,3900141,4182065,Pass,Pass,7876534982476418273
0,37,14,A0,8MiB,8388608,65536,e456d3adf67030c5a168df273f5171ca3e1299e54571d94cca82b117f3cf3aeb,measured,27,1397446,9782660,11180106,Pass,Pass,9713268438230653554
0,37,15,A0,128KiB,131072,1024,22e51081397aebb06a1c4c3f85bd08a6e7041a438f4aae416970027e1ddbb24e,measured,27,6892,79651,86543,Pass,Pass,15067928572581534229
0,38,0,A0,256KiB,262144,2048,6f0154469137295abd7b45b25bc83aace599559234fd5f331140bd800c48b670,measured,28,13467,181793,195260,Pass,Pass,1126272383489710074
0,38,1,A0,128KiB,131072,1024,22e51081397aebb06a1c4c3f85bd08a6e7041a438f4aae416970027e1ddbb24e,measured,28,6511,78318,84829,Pass,Pass,15067928572581534229
0,38,2,A0-dup,4MiB,4194304,32768,f9dc4b51d64658b088837d5f2a7d485e8eba57daed852c20d443b77cc8137655,measured,28,281196,3854180,4135376,Pass,Pass,7876534982476418273
0,38,3,A0,2MiB,2097152,16384,6587afedd7c0f949b131311e7425d033a0754a29587f85f26ec370a31fc4edf0,measured,28,113010,1500790,1613800,Pass,Pass,7349817109290025153
0,38,4,A0-dup,16MiB,16777216,131072,0c00f8138e0e622f6fc7215fc0f0d135e79bf60450e4c79d30e30624a8842117,measured,28,3073246,21847819,24921065,Pass,Pass,7408339909486172793
0,38,5,A0-dup,256KiB,262144,2048,6f0154469137295abd7b45b25bc83aace599559234fd5f331140bd800c48b670,measured,28,13807,158920,172727,Pass,Pass,1126272383489710074
0,38,6,A0-dup,1MiB,1048576,8192,337a179ec729c20c01309d98317f7ca00691d12ca10285b55ade71fb880e191c,measured,28,56078,638885,694963,Pass,Pass,16341657278089853397
0,38,7,A0,16MiB,16777216,131072,0c00f8138e0e622f6fc7215fc0f0d135e79bf60450e4c79d30e30624a8842117,measured,28,3091562,21330460,24422022,Pass,Pass,7408339909486172793
0,38,8,A0-dup,2MiB,2097152,16384,6587afedd7c0f949b131311e7425d033a0754a29587f85f26ec370a31fc4edf0,measured,28,112733,1531084,1643817,Pass,Pass,7349817109290025153
0,38,9,A0-dup,128KiB,131072,1024,22e51081397aebb06a1c4c3f85bd08a6e7041a438f4aae416970027e1ddbb24e,measured,28,6904,79871,86775,Pass,Pass,15067928572581534229
0,38,10,A0,1MiB,1048576,8192,337a179ec729c20c01309d98317f7ca00691d12ca10285b55ade71fb880e191c,measured,28,56509,644006,700515,Pass,Pass,16341657278089853397
0,38,11,A0-dup,8MiB,8388608,65536,e456d3adf67030c5a168df273f5171ca3e1299e54571d94cca82b117f3cf3aeb,measured,28,1477500,10381962,11859462,Pass,Pass,9713268438230653554
0,38,12,A0,512KiB,524288,4096,155dfc49f4c05f1087ef002a279acee734e738bc580f2b3925315f95a108242b,measured,28,28318,316918,345236,Pass,Pass,192086794746352270
0,38,13,A0,8MiB,8388608,65536,e456d3adf67030c5a168df273f5171ca3e1299e54571d94cca82b117f3cf3aeb,measured,28,1449021,10090162,11539183,Pass,Pass,9713268438230653554
0,38,14,A0,4MiB,4194304,32768,f9dc4b51d64658b088837d5f2a7d485e8eba57daed852c20d443b77cc8137655,measured,28,291537,4158748,4450285,Pass,Pass,7876534982476418273
0,38,15,A0-dup,512KiB,524288,4096,155dfc49f4c05f1087ef002a279acee734e738bc580f2b3925315f95a108242b,measured,28,28627,314197,342824,Pass,Pass,192086794746352270
0,39,0,A0,512KiB,524288,4096,155dfc49f4c05f1087ef002a279acee734e738bc580f2b3925315f95a108242b,measured,29,28127,308506,336633,Pass,Pass,192086794746352270
0,39,1,A0,16MiB,16777216,131072,0c00f8138e0e622f6fc7215fc0f0d135e79bf60450e4c79d30e30624a8842117,measured,29,3085466,21650210,24735676,Pass,Pass,7408339909486172793
0,39,2,A0-dup,128KiB,131072,1024,22e51081397aebb06a1c4c3f85bd08a6e7041a438f4aae416970027e1ddbb24e,measured,29,7258,105614,112872,Pass,Pass,15067928572581534229
0,39,3,A0-dup,512KiB,524288,4096,155dfc49f4c05f1087ef002a279acee734e738bc580f2b3925315f95a108242b,measured,29,29388,343141,372529,Pass,Pass,192086794746352270
0,39,4,A0-dup,16MiB,16777216,131072,0c00f8138e0e622f6fc7215fc0f0d135e79bf60450e4c79d30e30624a8842117,measured,29,2968107,22561185,25529292,Pass,Pass,7408339909486172793
0,39,5,A0,128KiB,131072,1024,22e51081397aebb06a1c4c3f85bd08a6e7041a438f4aae416970027e1ddbb24e,measured,29,6820,82991,89811,Pass,Pass,15067928572581534229
0,39,6,A0,2MiB,2097152,16384,6587afedd7c0f949b131311e7425d033a0754a29587f85f26ec370a31fc4edf0,measured,29,112340,1427909,1540249,Pass,Pass,7349817109290025153
0,39,7,A0,4MiB,4194304,32768,f9dc4b51d64658b088837d5f2a7d485e8eba57daed852c20d443b77cc8137655,measured,29,429381,4051008,4480389,Pass,Pass,7876534982476418273
0,39,8,A0-dup,4MiB,4194304,32768,f9dc4b51d64658b088837d5f2a7d485e8eba57daed852c20d443b77cc8137655,measured,29,479798,4317001,4796799,Pass,Pass,7876534982476418273
0,39,9,A0,256KiB,262144,2048,6f0154469137295abd7b45b25bc83aace599559234fd5f331140bd800c48b670,measured,29,13906,157477,171383,Pass,Pass,1126272383489710074
0,39,10,A0,1MiB,1048576,8192,337a179ec729c20c01309d98317f7ca00691d12ca10285b55ade71fb880e191c,measured,29,55984,634624,690608,Pass,Pass,16341657278089853397
0,39,11,A0-dup,2MiB,2097152,16384,6587afedd7c0f949b131311e7425d033a0754a29587f85f26ec370a31fc4edf0,measured,29,119692,1517543,1637235,Pass,Pass,7349817109290025153
0,39,12,A0-dup,256KiB,262144,2048,6f0154469137295abd7b45b25bc83aace599559234fd5f331140bd800c48b670,measured,29,13349,161084,174433,Pass,Pass,1126272383489710074
0,39,13,A0-dup,8MiB,8388608,65536,e456d3adf67030c5a168df273f5171ca3e1299e54571d94cca82b117f3cf3aeb,measured,29,1383748,9919954,11303702,Pass,Pass,9713268438230653554
0,39,14,A0,8MiB,8388608,65536,e456d3adf67030c5a168df273f5171ca3e1299e54571d94cca82b117f3cf3aeb,measured,29,1409641,10259257,11668898,Pass,Pass,9713268438230653554
0,39,15,A0-dup,1MiB,1048576,8192,337a179ec729c20c01309d98317f7ca00691d12ca10285b55ade71fb880e191c,measured,29,56523,633566,690089,Pass,Pass,16341657278089853397
1,0,0,A0-dup,16MiB,16777216,131072,0c00f8138e0e622f6fc7215fc0f0d135e79bf60450e4c79d30e30624a8842117,warmup,0,3021024,26122204,29143228,Pass,Pass,7408339909486172793
1,0,1,A0-dup,1MiB,1048576,8192,337a179ec729c20c01309d98317f7ca00691d12ca10285b55ade71fb880e191c,warmup,0,56315,661875,718190,Pass,Pass,16341657278089853397
1,0,2,A0-dup,2MiB,2097152,16384,6587afedd7c0f949b131311e7425d033a0754a29587f85f26ec370a31fc4edf0,warmup,0,117834,1455989,1573823,Pass,Pass,7349817109290025153
1,0,3,A0-dup,8MiB,8388608,65536,e456d3adf67030c5a168df273f5171ca3e1299e54571d94cca82b117f3cf3aeb,warmup,0,1432800,12455913,13888713,Pass,Pass,9713268438230653554
1,0,4,A0-dup,128KiB,131072,1024,22e51081397aebb06a1c4c3f85bd08a6e7041a438f4aae416970027e1ddbb24e,warmup,0,7119,80936,88055,Pass,Pass,15067928572581534229
1,0,5,A0,4MiB,4194304,32768,f9dc4b51d64658b088837d5f2a7d485e8eba57daed852c20d443b77cc8137655,warmup,0,483613,5664433,6148046,Pass,Pass,7876534982476418273
1,0,6,A0,512KiB,524288,4096,155dfc49f4c05f1087ef002a279acee734e738bc580f2b3925315f95a108242b,warmup,0,28528,318462,346990,Pass,Pass,192086794746352270
1,0,7,A0-dup,512KiB,524288,4096,155dfc49f4c05f1087ef002a279acee734e738bc580f2b3925315f95a108242b,warmup,0,28453,302609,331062,Pass,Pass,192086794746352270
1,0,8,A0,16MiB,16777216,131072,0c00f8138e0e622f6fc7215fc0f0d135e79bf60450e4c79d30e30624a8842117,warmup,0,3126301,25995627,29121928,Pass,Pass,7408339909486172793
1,0,9,A0,256KiB,262144,2048,6f0154469137295abd7b45b25bc83aace599559234fd5f331140bd800c48b670,warmup,0,13832,158355,172187,Pass,Pass,1126272383489710074
1,0,10,A0,8MiB,8388608,65536,e456d3adf67030c5a168df273f5171ca3e1299e54571d94cca82b117f3cf3aeb,warmup,0,1409472,10036358,11445830,Pass,Pass,9713268438230653554
1,0,11,A0,1MiB,1048576,8192,337a179ec729c20c01309d98317f7ca00691d12ca10285b55ade71fb880e191c,warmup,0,56749,662179,718928,Pass,Pass,16341657278089853397
1,0,12,A0,128KiB,131072,1024,22e51081397aebb06a1c4c3f85bd08a6e7041a438f4aae416970027e1ddbb24e,warmup,0,6644,81122,87766,Pass,Pass,15067928572581534229
1,0,13,A0-dup,4MiB,4194304,32768,f9dc4b51d64658b088837d5f2a7d485e8eba57daed852c20d443b77cc8137655,warmup,0,469264,4551891,5021155,Pass,Pass,7876534982476418273
1,0,14,A0-dup,256KiB,262144,2048,6f0154469137295abd7b45b25bc83aace599559234fd5f331140bd800c48b670,warmup,0,13254,154846,168100,Pass,Pass,1126272383489710074
1,0,15,A0,2MiB,2097152,16384,6587afedd7c0f949b131311e7425d033a0754a29587f85f26ec370a31fc4edf0,warmup,0,138575,1520431,1659006,Pass,Pass,7349817109290025153
1,1,0,A0-dup,256KiB,262144,2048,6f0154469137295abd7b45b25bc83aace599559234fd5f331140bd800c48b670,warmup,0,13372,152762,166134,Pass,Pass,1126272383489710074
1,1,1,A0,8MiB,8388608,65536,e456d3adf67030c5a168df273f5171ca3e1299e54571d94cca82b117f3cf3aeb,warmup,0,1474482,10767689,12242171,Pass,Pass,9713268438230653554
1,1,2,A0-dup,128KiB,131072,1024,22e51081397aebb06a1c4c3f85bd08a6e7041a438f4aae416970027e1ddbb24e,warmup,0,7013,81586,88599,Pass,Pass,15067928572581534229
1,1,3,A0,16MiB,16777216,131072,0c00f8138e0e622f6fc7215fc0f0d135e79bf60450e4c79d30e30624a8842117,warmup,0,3027484,22687504,25714988,Pass,Pass,7408339909486172793
1,1,4,A0,512KiB,524288,4096,155dfc49f4c05f1087ef002a279acee734e738bc580f2b3925315f95a108242b,warmup,0,29038,306995,336033,Pass,Pass,192086794746352270
1,1,5,A0-dup,512KiB,524288,4096,155dfc49f4c05f1087ef002a279acee734e738bc580f2b3925315f95a108242b,warmup,0,28398,308164,336562,Pass,Pass,192086794746352270
1,1,6,A0,256KiB,262144,2048,6f0154469137295abd7b45b25bc83aace599559234fd5f331140bd800c48b670,warmup,0,13333,152036,165369,Pass,Pass,1126272383489710074
1,1,7,A0-dup,2MiB,2097152,16384,6587afedd7c0f949b131311e7425d033a0754a29587f85f26ec370a31fc4edf0,warmup,0,131649,1467614,1599263,Pass,Pass,7349817109290025153
1,1,8,A0-dup,16MiB,16777216,131072,0c00f8138e0e622f6fc7215fc0f0d135e79bf60450e4c79d30e30624a8842117,warmup,0,3132969,22454079,25587048,Pass,Pass,7408339909486172793
1,1,9,A0,128KiB,131072,1024,22e51081397aebb06a1c4c3f85bd08a6e7041a438f4aae416970027e1ddbb24e,warmup,0,6985,82052,89037,Pass,Pass,15067928572581534229
1,1,10,A0,2MiB,2097152,16384,6587afedd7c0f949b131311e7425d033a0754a29587f85f26ec370a31fc4edf0,warmup,0,115489,1414699,1530188,Pass,Pass,7349817109290025153
1,1,11,A0-dup,1MiB,1048576,8192,337a179ec729c20c01309d98317f7ca00691d12ca10285b55ade71fb880e191c,warmup,0,56173,642530,698703,Pass,Pass,16341657278089853397
1,1,12,A0-dup,8MiB,8388608,65536,e456d3adf67030c5a168df273f5171ca3e1299e54571d94cca82b117f3cf3aeb,warmup,0,1429488,10617331,12046819,Pass,Pass,9713268438230653554
1,1,13,A0,1MiB,1048576,8192,337a179ec729c20c01309d98317f7ca00691d12ca10285b55ade71fb880e191c,warmup,0,56850,619429,676279,Pass,Pass,16341657278089853397
1,1,14,A0-dup,4MiB,4194304,32768,f9dc4b51d64658b088837d5f2a7d485e8eba57daed852c20d443b77cc8137655,warmup,0,469659,4791508,5261167,Pass,Pass,7876534982476418273
1,1,15,A0,4MiB,4194304,32768,f9dc4b51d64658b088837d5f2a7d485e8eba57daed852c20d443b77cc8137655,warmup,0,530980,5007504,5538484,Pass,Pass,7876534982476418273
1,2,0,A0,4MiB,4194304,32768,f9dc4b51d64658b088837d5f2a7d485e8eba57daed852c20d443b77cc8137655,warmup,0,412210,4176975,4589185,Pass,Pass,7876534982476418273
1,2,1,A0,2MiB,2097152,16384,6587afedd7c0f949b131311e7425d033a0754a29587f85f26ec370a31fc4edf0,warmup,0,126909,1561448,1688357,Pass,Pass,7349817109290025153
1,2,2,A0,128KiB,131072,1024,22e51081397aebb06a1c4c3f85bd08a6e7041a438f4aae416970027e1ddbb24e,warmup,0,6662,79215,85877,Pass,Pass,15067928572581534229
1,2,3,A0-dup,128KiB,131072,1024,22e51081397aebb06a1c4c3f85bd08a6e7041a438f4aae416970027e1ddbb24e,warmup,0,6490,80697,87187,Pass,Pass,15067928572581534229
1,2,4,A0-dup,256KiB,262144,2048,6f0154469137295abd7b45b25bc83aace599559234fd5f331140bd800c48b670,warmup,0,13127,153255,166382,Pass,Pass,1126272383489710074
1,2,5,A0-dup,16MiB,16777216,131072,0c00f8138e0e622f6fc7215fc0f0d135e79bf60450e4c79d30e30624a8842117,warmup,0,3037303,21991053,25028356,Pass,Pass,7408339909486172793
1,2,6,A0,256KiB,262144,2048,6f0154469137295abd7b45b25bc83aace599559234fd5f331140bd800c48b670,warmup,0,13820,157101,170921,Pass,Pass,1126272383489710074
1,2,7,A0-dup,512KiB,524288,4096,155dfc49f4c05f1087ef002a279acee734e738bc580f2b3925315f95a108242b,warmup,0,28263,317605,345868,Pass,Pass,192086794746352270
1,2,8,A0,16MiB,16777216,131072,0c00f8138e0e622f6fc7215fc0f0d135e79bf60450e4c79d30e30624a8842117,warmup,0,3077366,23096584,26173950,Pass,Pass,7408339909486172793
1,2,9,A0,512KiB,524288,4096,155dfc49f4c05f1087ef002a279acee734e738bc580f2b3925315f95a108242b,warmup,0,28283,314575,342858,Pass,Pass,192086794746352270
1,2,10,A0-dup,2MiB,2097152,16384,6587afedd7c0f949b131311e7425d033a0754a29587f85f26ec370a31fc4edf0,warmup,0,121692,1443984,1565676,Pass,Pass,7349817109290025153
1,2,11,A0-dup,1MiB,1048576,8192,337a179ec729c20c01309d98317f7ca00691d12ca10285b55ade71fb880e191c,warmup,0,56777,641338,698115,Pass,Pass,16341657278089853397
1,2,12,A0-dup,4MiB,4194304,32768,f9dc4b51d64658b088837d5f2a7d485e8eba57daed852c20d443b77cc8137655,warmup,0,457670,4288577,4746247,Pass,Pass,7876534982476418273
1,2,13,A0-dup,8MiB,8388608,65536,e456d3adf67030c5a168df273f5171ca3e1299e54571d94cca82b117f3cf3aeb,warmup,0,1557667,10031411,11589078,Pass,Pass,9713268438230653554
1,2,14,A0,1MiB,1048576,8192,337a179ec729c20c01309d98317f7ca00691d12ca10285b55ade71fb880e191c,warmup,0,56392,646939,703331,Pass,Pass,16341657278089853397
1,2,15,A0,8MiB,8388608,65536,e456d3adf67030c5a168df273f5171ca3e1299e54571d94cca82b117f3cf3aeb,warmup,0,1414540,11435491,12850031,Pass,Pass,9713268438230653554
1,3,0,A0-dup,4MiB,4194304,32768,f9dc4b51d64658b088837d5f2a7d485e8eba57daed852c20d443b77cc8137655,warmup,0,348597,4206438,4555035,Pass,Pass,7876534982476418273
1,3,1,A0,8MiB,8388608,65536,e456d3adf67030c5a168df273f5171ca3e1299e54571d94cca82b117f3cf3aeb,warmup,0,1450143,10960101,12410244,Pass,Pass,9713268438230653554
1,3,2,A0,128KiB,131072,1024,22e51081397aebb06a1c4c3f85bd08a6e7041a438f4aae416970027e1ddbb24e,warmup,0,7016,96169,103185,Pass,Pass,15067928572581534229
1,3,3,A0,256KiB,262144,2048,6f0154469137295abd7b45b25bc83aace599559234fd5f331140bd800c48b670,warmup,0,13374,155964,169338,Pass,Pass,1126272383489710074
1,3,4,A0-dup,128KiB,131072,1024,22e51081397aebb06a1c4c3f85bd08a6e7041a438f4aae416970027e1ddbb24e,warmup,0,6823,81543,88366,Pass,Pass,15067928572581534229
1,3,5,A0-dup,1MiB,1048576,8192,337a179ec729c20c01309d98317f7ca00691d12ca10285b55ade71fb880e191c,warmup,0,56717,639493,696210,Pass,Pass,16341657278089853397
1,3,6,A0-dup,256KiB,262144,2048,6f0154469137295abd7b45b25bc83aace599559234fd5f331140bd800c48b670,warmup,0,12982,157910,170892,Pass,Pass,1126272383489710074
1,3,7,A0-dup,2MiB,2097152,16384,6587afedd7c0f949b131311e7425d033a0754a29587f85f26ec370a31fc4edf0,warmup,0,116515,1362738,1479253,Pass,Pass,7349817109290025153
1,3,8,A0,16MiB,16777216,131072,0c00f8138e0e622f6fc7215fc0f0d135e79bf60450e4c79d30e30624a8842117,warmup,0,3050097,20947157,23997254,Pass,Pass,7408339909486172793
1,3,9,A0-dup,8MiB,8388608,65536,e456d3adf67030c5a168df273f5171ca3e1299e54571d94cca82b117f3cf3aeb,warmup,0,1409918,10450709,11860627,Pass,Pass,9713268438230653554
1,3,10,A0,1MiB,1048576,8192,337a179ec729c20c01309d98317f7ca00691d12ca10285b55ade71fb880e191c,warmup,0,56530,679974,736504,Pass,Pass,16341657278089853397
1,3,11,A0,4MiB,4194304,32768,f9dc4b51d64658b088837d5f2a7d485e8eba57daed852c20d443b77cc8137655,warmup,0,391142,4648746,5039888,Pass,Pass,7876534982476418273
1,3,12,A0-dup,16MiB,16777216,131072,0c00f8138e0e622f6fc7215fc0f0d135e79bf60450e4c79d30e30624a8842117,warmup,0,3051811,20580816,23632627,Pass,Pass,7408339909486172793
1,3,13,A0-dup,512KiB,524288,4096,155dfc49f4c05f1087ef002a279acee734e738bc580f2b3925315f95a108242b,warmup,0,28470,314980,343450,Pass,Pass,192086794746352270
1,3,14,A0,2MiB,2097152,16384,6587afedd7c0f949b131311e7425d033a0754a29587f85f26ec370a31fc4edf0,warmup,0,124576,1388215,1512791,Pass,Pass,7349817109290025153
1,3,15,A0,512KiB,524288,4096,155dfc49f4c05f1087ef002a279acee734e738bc580f2b3925315f95a108242b,warmup,0,28427,310905,339332,Pass,Pass,192086794746352270
1,4,0,A0,16MiB,16777216,131072,0c00f8138e0e622f6fc7215fc0f0d135e79bf60450e4c79d30e30624a8842117,warmup,0,3039512,20642489,23682001,Pass,Pass,7408339909486172793
1,4,1,A0-dup,128KiB,131072,1024,22e51081397aebb06a1c4c3f85bd08a6e7041a438f4aae416970027e1ddbb24e,warmup,0,7034,81213,88247,Pass,Pass,15067928572581534229
1,4,2,A0-dup,1MiB,1048576,8192,337a179ec729c20c01309d98317f7ca00691d12ca10285b55ade71fb880e191c,warmup,0,62575,629354,691929,Pass,Pass,16341657278089853397
1,4,3,A0-dup,512KiB,524288,4096,155dfc49f4c05f1087ef002a279acee734e738bc580f2b3925315f95a108242b,warmup,0,28118,303984,332102,Pass,Pass,192086794746352270
1,4,4,A0,1MiB,1048576,8192,337a179ec729c20c01309d98317f7ca00691d12ca10285b55ade71fb880e191c,warmup,0,56986,635554,692540,Pass,Pass,16341657278089853397
1,4,5,A0,256KiB,262144,2048,6f0154469137295abd7b45b25bc83aace599559234fd5f331140bd800c48b670,warmup,0,13470,159071,172541,Pass,Pass,1126272383489710074
1,4,6,A0,4MiB,4194304,32768,f9dc4b51d64658b088837d5f2a7d485e8eba57daed852c20d443b77cc8137655,warmup,0,505878,4415585,4921463,Pass,Pass,7876534982476418273
1,4,7,A0-dup,8MiB,8388608,65536,e456d3adf67030c5a168df273f5171ca3e1299e54571d94cca82b117f3cf3aeb,warmup,0,1541428,10886976,12428404,Pass,Pass,9713268438230653554
1,4,8,A0,8MiB,8388608,65536,e456d3adf67030c5a168df273f5171ca3e1299e54571d94cca82b117f3cf3aeb,warmup,0,1528459,10408347,11936806,Pass,Pass,9713268438230653554
1,4,9,A0,2MiB,2097152,16384,6587afedd7c0f949b131311e7425d033a0754a29587f85f26ec370a31fc4edf0,warmup,0,112268,1381017,1493285,Pass,Pass,7349817109290025153
1,4,10,A0,512KiB,524288,4096,155dfc49f4c05f1087ef002a279acee734e738bc580f2b3925315f95a108242b,warmup,0,28465,309212,337677,Pass,Pass,192086794746352270
1,4,11,A0,128KiB,131072,1024,22e51081397aebb06a1c4c3f85bd08a6e7041a438f4aae416970027e1ddbb24e,warmup,0,6488,81593,88081,Pass,Pass,15067928572581534229
1,4,12,A0-dup,256KiB,262144,2048,6f0154469137295abd7b45b25bc83aace599559234fd5f331140bd800c48b670,warmup,0,13338,152278,165616,Pass,Pass,1126272383489710074
1,4,13,A0-dup,16MiB,16777216,131072,0c00f8138e0e622f6fc7215fc0f0d135e79bf60450e4c79d30e30624a8842117,warmup,0,2980345,21865895,24846240,Pass,Pass,7408339909486172793
1,4,14,A0-dup,4MiB,4194304,32768,f9dc4b51d64658b088837d5f2a7d485e8eba57daed852c20d443b77cc8137655,warmup,0,509960,4275433,4785393,Pass,Pass,7876534982476418273
1,4,15,A0-dup,2MiB,2097152,16384,6587afedd7c0f949b131311e7425d033a0754a29587f85f26ec370a31fc4edf0,warmup,0,112679,1474211,1586890,Pass,Pass,7349817109290025153
1,5,0,A0-dup,256KiB,262144,2048,6f0154469137295abd7b45b25bc83aace599559234fd5f331140bd800c48b670,warmup,0,13432,155315,168747,Pass,Pass,1126272383489710074
1,5,1,A0,512KiB,524288,4096,155dfc49f4c05f1087ef002a279acee734e738bc580f2b3925315f95a108242b,warmup,0,28110,310394,338504,Pass,Pass,192086794746352270
1,5,2,A0,4MiB,4194304,32768,f9dc4b51d64658b088837d5f2a7d485e8eba57daed852c20d443b77cc8137655,warmup,0,395598,4268338,4663936,Pass,Pass,7876534982476418273
1,5,3,A0-dup,1MiB,1048576,8192,337a179ec729c20c01309d98317f7ca00691d12ca10285b55ade71fb880e191c,warmup,0,56651,621692,678343,Pass,Pass,16341657278089853397
1,5,4,A0-dup,8MiB,8388608,65536,e456d3adf67030c5a168df273f5171ca3e1299e54571d94cca82b117f3cf3aeb,warmup,0,1448018,10487528,11935546,Pass,Pass,9713268438230653554
1,5,5,A0-dup,128KiB,131072,1024,22e51081397aebb06a1c4c3f85bd08a6e7041a438f4aae416970027e1ddbb24e,warmup,0,6912,80664,87576,Pass,Pass,15067928572581534229
1,5,6,A0,2MiB,2097152,16384,6587afedd7c0f949b131311e7425d033a0754a29587f85f26ec370a31fc4edf0,warmup,0,113134,1391726,1504860,Pass,Pass,7349817109290025153
1,5,7,A0-dup,512KiB,524288,4096,155dfc49f4c05f1087ef002a279acee734e738bc580f2b3925315f95a108242b,warmup,0,28586,311350,339936,Pass,Pass,192086794746352270
1,5,8,A0-dup,2MiB,2097152,16384,6587afedd7c0f949b131311e7425d033a0754a29587f85f26ec370a31fc4edf0,warmup,0,113430,1401011,1514441,Pass,Pass,7349817109290025153
1,5,9,A0,256KiB,262144,2048,6f0154469137295abd7b45b25bc83aace599559234fd5f331140bd800c48b670,warmup,0,13511,154392,167903,Pass,Pass,1126272383489710074
1,5,10,A0-dup,4MiB,4194304,32768,f9dc4b51d64658b088837d5f2a7d485e8eba57daed852c20d443b77cc8137655,warmup,0,428979,4565257,4994236,Pass,Pass,7876534982476418273
1,5,11,A0,16MiB,16777216,131072,0c00f8138e0e622f6fc7215fc0f0d135e79bf60450e4c79d30e30624a8842117,warmup,0,3150762,21741182,24891944,Pass,Pass,7408339909486172793
1,5,12,A0-dup,16MiB,16777216,131072,0c00f8138e0e622f6fc7215fc0f0d135e79bf60450e4c79d30e30624a8842117,warmup,0,3016344,20751788,23768132,Pass,Pass,7408339909486172793
1,5,13,A0,8MiB,8388608,65536,e456d3adf67030c5a168df273f5171ca3e1299e54571d94cca82b117f3cf3aeb,warmup,0,1434861,10419510,11854371,Pass,Pass,9713268438230653554
1,5,14,A0,1MiB,1048576,8192,337a179ec729c20c01309d98317f7ca00691d12ca10285b55ade71fb880e191c,warmup,0,56991,625343,682334,Pass,Pass,16341657278089853397
1,5,15,A0,128KiB,131072,1024,22e51081397aebb06a1c4c3f85bd08a6e7041a438f4aae416970027e1ddbb24e,warmup,0,6726,79920,86646,Pass,Pass,15067928572581534229
1,6,0,A0,8MiB,8388608,65536,e456d3adf67030c5a168df273f5171ca3e1299e54571d94cca82b117f3cf3aeb,warmup,0,1450142,10595685,12045827,Pass,Pass,9713268438230653554
1,6,1,A0-dup,4MiB,4194304,32768,f9dc4b51d64658b088837d5f2a7d485e8eba57daed852c20d443b77cc8137655,warmup,0,427122,4601592,5028714,Pass,Pass,7876534982476418273
1,6,2,A0,256KiB,262144,2048,6f0154469137295abd7b45b25bc83aace599559234fd5f331140bd800c48b670,warmup,0,13747,155478,169225,Pass,Pass,1126272383489710074
1,6,3,A0,1MiB,1048576,8192,337a179ec729c20c01309d98317f7ca00691d12ca10285b55ade71fb880e191c,warmup,0,56659,622155,678814,Pass,Pass,16341657278089853397
1,6,4,A0-dup,1MiB,1048576,8192,337a179ec729c20c01309d98317f7ca00691d12ca10285b55ade71fb880e191c,warmup,0,56096,618586,674682,Pass,Pass,16341657278089853397
1,6,5,A0-dup,8MiB,8388608,65536,e456d3adf67030c5a168df273f5171ca3e1299e54571d94cca82b117f3cf3aeb,warmup,0,1448529,10249514,11698043,Pass,Pass,9713268438230653554
1,6,6,A0-dup,256KiB,262144,2048,6f0154469137295abd7b45b25bc83aace599559234fd5f331140bd800c48b670,warmup,0,13575,163506,177081,Pass,Pass,1126272383489710074
1,6,7,A0,16MiB,16777216,131072,0c00f8138e0e622f6fc7215fc0f0d135e79bf60450e4c79d30e30624a8842117,warmup,0,3140994,21379160,24520154,Pass,Pass,7408339909486172793
1,6,8,A0,512KiB,524288,4096,155dfc49f4c05f1087ef002a279acee734e738bc580f2b3925315f95a108242b,warmup,0,28368,316428,344796,Pass,Pass,192086794746352270
1,6,9,A0-dup,16MiB,16777216,131072,0c00f8138e0e622f6fc7215fc0f0d135e79bf60450e4c79d30e30624a8842117,warmup,0,3031684,22376192,25407876,Pass,Pass,7408339909486172793
1,6,10,A0-dup,128KiB,131072,1024,22e51081397aebb06a1c4c3f85bd08a6e7041a438f4aae416970027e1ddbb24e,warmup,0,7009,82506,89515,Pass,Pass,15067928572581534229
1,6,11,A0,2MiB,2097152,16384,6587afedd7c0f949b131311e7425d033a0754a29587f85f26ec370a31fc4edf0,warmup,0,112211,1430587,1542798,Pass,Pass,7349817109290025153
1,6,12,A0-dup,512KiB,524288,4096,155dfc49f4c05f1087ef002a279acee734e738bc580f2b3925315f95a108242b,warmup,0,28474,308830,337304,Pass,Pass,192086794746352270
1,6,13,A0,4MiB,4194304,32768,f9dc4b51d64658b088837d5f2a7d485e8eba57daed852c20d443b77cc8137655,warmup,0,543898,4432914,4976812,Pass,Pass,7876534982476418273
1,6,14,A0-dup,2MiB,2097152,16384,6587afedd7c0f949b131311e7425d033a0754a29587f85f26ec370a31fc4edf0,warmup,0,111231,1427790,1539021,Pass,Pass,7349817109290025153
1,6,15,A0,128KiB,131072,1024,22e51081397aebb06a1c4c3f85bd08a6e7041a438f4aae416970027e1ddbb24e,warmup,0,6987,79626,86613,Pass,Pass,15067928572581534229
1,7,0,A0,8MiB,8388608,65536,e456d3adf67030c5a168df273f5171ca3e1299e54571d94cca82b117f3cf3aeb,warmup,0,1459661,10140000,11599661,Pass,Pass,9713268438230653554
1,7,1,A0,256KiB,262144,2048,6f0154469137295abd7b45b25bc83aace599559234fd5f331140bd800c48b670,warmup,0,14104,155296,169400,Pass,Pass,1126272383489710074
1,7,2,A0,2MiB,2097152,16384,6587afedd7c0f949b131311e7425d033a0754a29587f85f26ec370a31fc4edf0,warmup,0,112256,1392415,1504671,Pass,Pass,7349817109290025153
1,7,3,A0-dup,16MiB,16777216,131072,0c00f8138e0e622f6fc7215fc0f0d135e79bf60450e4c79d30e30624a8842117,warmup,0,3121333,22026007,25147340,Pass,Pass,7408339909486172793
1,7,4,A0-dup,4MiB,4194304,32768,f9dc4b51d64658b088837d5f2a7d485e8eba57daed852c20d443b77cc8137655,warmup,0,370088,4074084,4444172,Pass,Pass,7876534982476418273
1,7,5,A0-dup,256KiB,262144,2048,6f0154469137295abd7b45b25bc83aace599559234fd5f331140bd800c48b670,warmup,0,13504,154580,168084,Pass,Pass,1126272383489710074
1,7,6,A0-dup,1MiB,1048576,8192,337a179ec729c20c01309d98317f7ca00691d12ca10285b55ade71fb880e191c,warmup,0,55691,650152,705843,Pass,Pass,16341657278089853397
1,7,7,A0-dup,128KiB,131072,1024,22e51081397aebb06a1c4c3f85bd08a6e7041a438f4aae416970027e1ddbb24e,warmup,0,6482,79413,85895,Pass,Pass,15067928572581534229
1,7,8,A0-dup,512KiB,524288,4096,155dfc49f4c05f1087ef002a279acee734e738bc580f2b3925315f95a108242b,warmup,0,28092,309837,337929,Pass,Pass,192086794746352270
1,7,9,A0,16MiB,16777216,131072,0c00f8138e0e622f6fc7215fc0f0d135e79bf60450e4c79d30e30624a8842117,warmup,0,3155965,22060668,25216633,Pass,Pass,7408339909486172793
1,7,10,A0,128KiB,131072,1024,22e51081397aebb06a1c4c3f85bd08a6e7041a438f4aae416970027e1ddbb24e,warmup,0,6857,82026,88883,Pass,Pass,15067928572581534229
1,7,11,A0,1MiB,1048576,8192,337a179ec729c20c01309d98317f7ca00691d12ca10285b55ade71fb880e191c,warmup,0,61414,629559,690973,Pass,Pass,16341657278089853397
1,7,12,A0,512KiB,524288,4096,155dfc49f4c05f1087ef002a279acee734e738bc580f2b3925315f95a108242b,warmup,0,28126,303148,331274,Pass,Pass,192086794746352270
1,7,13,A0,4MiB,4194304,32768,f9dc4b51d64658b088837d5f2a7d485e8eba57daed852c20d443b77cc8137655,warmup,0,451316,4481905,4933221,Pass,Pass,7876534982476418273
1,7,14,A0-dup,2MiB,2097152,16384,6587afedd7c0f949b131311e7425d033a0754a29587f85f26ec370a31fc4edf0,warmup,0,112935,1394935,1507870,Pass,Pass,7349817109290025153
1,7,15,A0-dup,8MiB,8388608,65536,e456d3adf67030c5a168df273f5171ca3e1299e54571d94cca82b117f3cf3aeb,warmup,0,1442890,10204684,11647574,Pass,Pass,9713268438230653554
1,8,0,A0-dup,1MiB,1048576,8192,337a179ec729c20c01309d98317f7ca00691d12ca10285b55ade71fb880e191c,warmup,0,56819,626531,683350,Pass,Pass,16341657278089853397
1,8,1,A0,1MiB,1048576,8192,337a179ec729c20c01309d98317f7ca00691d12ca10285b55ade71fb880e191c,warmup,0,56301,619631,675932,Pass,Pass,16341657278089853397
1,8,2,A0,8MiB,8388608,65536,e456d3adf67030c5a168df273f5171ca3e1299e54571d94cca82b117f3cf3aeb,warmup,0,1464476,10172970,11637446,Pass,Pass,9713268438230653554
1,8,3,A0,16MiB,16777216,131072,0c00f8138e0e622f6fc7215fc0f0d135e79bf60450e4c79d30e30624a8842117,warmup,0,3028153,23000163,26028316,Pass,Pass,7408339909486172793
1,8,4,A0,4MiB,4194304,32768,f9dc4b51d64658b088837d5f2a7d485e8eba57daed852c20d443b77cc8137655,warmup,0,463453,4029875,4493328,Pass,Pass,7876534982476418273
1,8,5,A0,2MiB,2097152,16384,6587afedd7c0f949b131311e7425d033a0754a29587f85f26ec370a31fc4edf0,warmup,0,113627,1408785,1522412,Pass,Pass,7349817109290025153
1,8,6,A0-dup,8MiB,8388608,65536,e456d3adf67030c5a168df273f5171ca3e1299e54571d94cca82b117f3cf3aeb,warmup,0,1400518,10933967,12334485,Pass,Pass,9713268438230653554
1,8,7,A0-dup,128KiB,131072,1024,22e51081397aebb06a1c4c3f85bd08a6e7041a438f4aae416970027e1ddbb24e,warmup,0,7026,80621,87647,Pass,Pass,15067928572581534229
1,8,8,A0-dup,2MiB,2097152,16384,6587afedd7c0f949b131311e7425d033a0754a29587f85f26ec370a31fc4edf0,warmup,0,114473,1410716,1525189,Pass,Pass,7349817109290025153
1,8,9,A0,128KiB,131072,1024,22e51081397aebb06a1c4c3f85bd08a6e7041a438f4aae416970027e1ddbb24e,warmup,0,7198,79555,86753,Pass,Pass,15067928572581534229
1,8,10,A0-dup,16MiB,16777216,131072,0c00f8138e0e622f6fc7215fc0f0d135e79bf60450e4c79d30e30624a8842117,warmup,0,3036982,22682355,25719337,Pass,Pass,7408339909486172793
1,8,11,A0-dup,512KiB,524288,4096,155dfc49f4c05f1087ef002a279acee734e738bc580f2b3925315f95a108242b,warmup,0,28613,310733,339346,Pass,Pass,192086794746352270
1,8,12,A0,512KiB,524288,4096,155dfc49f4c05f1087ef002a279acee734e738bc580f2b3925315f95a108242b,warmup,0,28972,347963,376935,Pass,Pass,192086794746352270
1,8,13,A0-dup,256KiB,262144,2048,6f0154469137295abd7b45b25bc83aace599559234fd5f331140bd800c48b670,warmup,0,14072,171246,185318,Pass,Pass,1126272383489710074
1,8,14,A0-dup,4MiB,4194304,32768,f9dc4b51d64658b088837d5f2a7d485e8eba57daed852c20d443b77cc8137655,warmup,0,454479,4447134,4901613,Pass,Pass,7876534982476418273
1,8,15,A0,256KiB,262144,2048,6f0154469137295abd7b45b25bc83aace599559234fd5f331140bd800c48b670,warmup,0,14273,176622,190895,Pass,Pass,1126272383489710074
1,9,0,A0-dup,16MiB,16777216,131072,0c00f8138e0e622f6fc7215fc0f0d135e79bf60450e4c79d30e30624a8842117,warmup,0,3203853,21772194,24976047,Pass,Pass,7408339909486172793
1,9,1,A0-dup,2MiB,2097152,16384,6587afedd7c0f949b131311e7425d033a0754a29587f85f26ec370a31fc4edf0,warmup,0,120602,1412139,1532741,Pass,Pass,7349817109290025153
1,9,2,A0,8MiB,8388608,65536,e456d3adf67030c5a168df273f5171ca3e1299e54571d94cca82b117f3cf3aeb,warmup,0,1483500,10970024,12453524,Pass,Pass,9713268438230653554
1,9,3,A0-dup,512KiB,524288,4096,155dfc49f4c05f1087ef002a279acee734e738bc580f2b3925315f95a108242b,warmup,0,28771,318435,347206,Pass,Pass,192086794746352270
1,9,4,A0,256KiB,262144,2048,6f0154469137295abd7b45b25bc83aace599559234fd5f331140bd800c48b670,warmup,0,13390,151502,164892,Pass,Pass,1126272383489710074
1,9,5,A0,1MiB,1048576,8192,337a179ec729c20c01309d98317f7ca00691d12ca10285b55ade71fb880e191c,warmup,0,56110,642051,698161,Pass,Pass,16341657278089853397
1,9,6,A0,4MiB,4194304,32768,f9dc4b51d64658b088837d5f2a7d485e8eba57daed852c20d443b77cc8137655,warmup,0,476678,4477502,4954180,Pass,Pass,7876534982476418273
1,9,7,A0-dup,4MiB,4194304,32768,f9dc4b51d64658b088837d5f2a7d485e8eba57daed852c20d443b77cc8137655,warmup,0,350533,4227848,4578381,Pass,Pass,7876534982476418273
1,9,8,A0-dup,256KiB,262144,2048,6f0154469137295abd7b45b25bc83aace599559234fd5f331140bd800c48b670,warmup,0,13845,160945,174790,Pass,Pass,1126272383489710074
1,9,9,A0-dup,128KiB,131072,1024,22e51081397aebb06a1c4c3f85bd08a6e7041a438f4aae416970027e1ddbb24e,warmup,0,6465,77511,83976,Pass,Pass,15067928572581534229
1,9,10,A0,128KiB,131072,1024,22e51081397aebb06a1c4c3f85bd08a6e7041a438f4aae416970027e1ddbb24e,warmup,0,6546,77410,83956,Pass,Pass,15067928572581534229
1,9,11,A0,2MiB,2097152,16384,6587afedd7c0f949b131311e7425d033a0754a29587f85f26ec370a31fc4edf0,warmup,0,115363,1416918,1532281,Pass,Pass,7349817109290025153
1,9,12,A0-dup,1MiB,1048576,8192,337a179ec729c20c01309d98317f7ca00691d12ca10285b55ade71fb880e191c,warmup,0,61060,626553,687613,Pass,Pass,16341657278089853397
1,9,13,A0,512KiB,524288,4096,155dfc49f4c05f1087ef002a279acee734e738bc580f2b3925315f95a108242b,warmup,0,28218,319278,347496,Pass,Pass,192086794746352270
1,9,14,A0-dup,8MiB,8388608,65536,e456d3adf67030c5a168df273f5171ca3e1299e54571d94cca82b117f3cf3aeb,warmup,0,1387948,11773655,13161603,Pass,Pass,9713268438230653554
1,9,15,A0,16MiB,16777216,131072,0c00f8138e0e622f6fc7215fc0f0d135e79bf60450e4c79d30e30624a8842117,warmup,0,3062116,21651841,24713957,Pass,Pass,7408339909486172793
1,10,0,A0-dup,128KiB,131072,1024,22e51081397aebb06a1c4c3f85bd08a6e7041a438f4aae416970027e1ddbb24e,measured,0,7157,86216,93373,Pass,Pass,15067928572581534229
1,10,1,A0,4MiB,4194304,32768,f9dc4b51d64658b088837d5f2a7d485e8eba57daed852c20d443b77cc8137655,measured,0,302240,4042444,4344684,Pass,Pass,7876534982476418273
1,10,2,A0,512KiB,524288,4096,155dfc49f4c05f1087ef002a279acee734e738bc580f2b3925315f95a108242b,measured,0,29775,353619,383394,Pass,Pass,192086794746352270
1,10,3,A0,1MiB,1048576,8192,337a179ec729c20c01309d98317f7ca00691d12ca10285b55ade71fb880e191c,measured,0,56224,650924,707148,Pass,Pass,16341657278089853397
1,10,4,A0-dup,16MiB,16777216,131072,0c00f8138e0e622f6fc7215fc0f0d135e79bf60450e4c79d30e30624a8842117,measured,0,3180579,23155613,26336192,Pass,Pass,7408339909486172793
1,10,5,A0,128KiB,131072,1024,22e51081397aebb06a1c4c3f85bd08a6e7041a438f4aae416970027e1ddbb24e,measured,0,7346,81138,88484,Pass,Pass,15067928572581534229
1,10,6,A0,256KiB,262144,2048,6f0154469137295abd7b45b25bc83aace599559234fd5f331140bd800c48b670,measured,0,13542,156218,169760,Pass,Pass,1126272383489710074
1,10,7,A0-dup,1MiB,1048576,8192,337a179ec729c20c01309d98317f7ca00691d12ca10285b55ade71fb880e191c,measured,0,56558,630343,686901,Pass,Pass,16341657278089853397
1,10,8,A0-dup,4MiB,4194304,32768,f9dc4b51d64658b088837d5f2a7d485e8eba57daed852c20d443b77cc8137655,measured,0,407931,4437322,4845253,Pass,Pass,7876534982476418273
1,10,9,A0-dup,256KiB,262144,2048,6f0154469137295abd7b45b25bc83aace599559234fd5f331140bd800c48b670,measured,0,13655,168642,182297,Pass,Pass,1126272383489710074
1,10,10,A0-dup,8MiB,8388608,65536,e456d3adf67030c5a168df273f5171ca3e1299e54571d94cca82b117f3cf3aeb,measured,0,1486240,10813844,12300084,Pass,Pass,9713268438230653554
1,10,11,A0,2MiB,2097152,16384,6587afedd7c0f949b131311e7425d033a0754a29587f85f26ec370a31fc4edf0,measured,0,115811,1407749,1523560,Pass,Pass,7349817109290025153
1,10,12,A0,8MiB,8388608,65536,e456d3adf67030c5a168df273f5171ca3e1299e54571d94cca82b117f3cf3aeb,measured,0,1426844,10702397,12129241,Pass,Pass,9713268438230653554
1,10,13,A0,16MiB,16777216,131072,0c00f8138e0e622f6fc7215fc0f0d135e79bf60450e4c79d30e30624a8842117,measured,0,3108447,23137678,26246125,Pass,Pass,7408339909486172793
1,10,14,A0-dup,2MiB,2097152,16384,6587afedd7c0f949b131311e7425d033a0754a29587f85f26ec370a31fc4edf0,measured,0,115629,1427529,1543158,Pass,Pass,7349817109290025153
1,10,15,A0-dup,512KiB,524288,4096,155dfc49f4c05f1087ef002a279acee734e738bc580f2b3925315f95a108242b,measured,0,32349,309229,341578,Pass,Pass,192086794746352270
1,11,0,A0-dup,256KiB,262144,2048,6f0154469137295abd7b45b25bc83aace599559234fd5f331140bd800c48b670,measured,1,13364,168437,181801,Pass,Pass,1126272383489710074
1,11,1,A0,4MiB,4194304,32768,f9dc4b51d64658b088837d5f2a7d485e8eba57daed852c20d443b77cc8137655,measured,1,437314,4431181,4868495,Pass,Pass,7876534982476418273
1,11,2,A0,1MiB,1048576,8192,337a179ec729c20c01309d98317f7ca00691d12ca10285b55ade71fb880e191c,measured,1,56645,636122,692767,Pass,Pass,16341657278089853397
1,11,3,A0-dup,128KiB,131072,1024,22e51081397aebb06a1c4c3f85bd08a6e7041a438f4aae416970027e1ddbb24e,measured,1,6457,78007,84464,Pass,Pass,15067928572581534229
1,11,4,A0-dup,2MiB,2097152,16384,6587afedd7c0f949b131311e7425d033a0754a29587f85f26ec370a31fc4edf0,measured,1,112256,1396404,1508660,Pass,Pass,7349817109290025153
1,11,5,A0,16MiB,16777216,131072,0c00f8138e0e622f6fc7215fc0f0d135e79bf60450e4c79d30e30624a8842117,measured,1,3074686,23387627,26462313,Pass,Pass,7408339909486172793
1,11,6,A0-dup,8MiB,8388608,65536,e456d3adf67030c5a168df273f5171ca3e1299e54571d94cca82b117f3cf3aeb,measured,1,1506183,10451577,11957760,Pass,Pass,9713268438230653554
1,11,7,A0-dup,16MiB,16777216,131072,0c00f8138e0e622f6fc7215fc0f0d135e79bf60450e4c79d30e30624a8842117,measured,1,3209433,22540654,25750087,Pass,Pass,7408339909486172793
1,11,8,A0,128KiB,131072,1024,22e51081397aebb06a1c4c3f85bd08a6e7041a438f4aae416970027e1ddbb24e,measured,1,7095,81599,88694,Pass,Pass,15067928572581534229
1,11,9,A0,2MiB,2097152,16384,6587afedd7c0f949b131311e7425d033a0754a29587f85f26ec370a31fc4edf0,measured,1,121953,1383536,1505489,Pass,Pass,7349817109290025153
1,11,10,A0,8MiB,8388608,65536,e456d3adf67030c5a168df273f5171ca3e1299e54571d94cca82b117f3cf3aeb,measured,1,1412502,10612164,12024666,Pass,Pass,9713268438230653554
1,11,11,A0,512KiB,524288,4096,155dfc49f4c05f1087ef002a279acee734e738bc580f2b3925315f95a108242b,measured,1,28455,313101,341556,Pass,Pass,192086794746352270
1,11,12,A0-dup,4MiB,4194304,32768,f9dc4b51d64658b088837d5f2a7d485e8eba57daed852c20d443b77cc8137655,measured,1,425299,4199856,4625155,Pass,Pass,7876534982476418273
1,11,13,A0,256KiB,262144,2048,6f0154469137295abd7b45b25bc83aace599559234fd5f331140bd800c48b670,measured,1,38649,164032,202681,Pass,Pass,1126272383489710074
1,11,14,A0-dup,512KiB,524288,4096,155dfc49f4c05f1087ef002a279acee734e738bc580f2b3925315f95a108242b,measured,1,28088,312827,340915,Pass,Pass,192086794746352270
1,11,15,A0-dup,1MiB,1048576,8192,337a179ec729c20c01309d98317f7ca00691d12ca10285b55ade71fb880e191c,measured,1,56340,646590,702930,Pass,Pass,16341657278089853397
1,12,0,A0-dup,128KiB,131072,1024,22e51081397aebb06a1c4c3f85bd08a6e7041a438f4aae416970027e1ddbb24e,measured,2,6640,78357,84997,Pass,Pass,15067928572581534229
1,12,1,A0,512KiB,524288,4096,155dfc49f4c05f1087ef002a279acee734e738bc580f2b3925315f95a108242b,measured,2,28344,303462,331806,Pass,Pass,192086794746352270
1,12,2,A0,2MiB,2097152,16384,6587afedd7c0f949b131311e7425d033a0754a29587f85f26ec370a31fc4edf0,measured,2,111871,1502542,1614413,Pass,Pass,7349817109290025153
1,12,3,A0-dup,512KiB,524288,4096,155dfc49f4c05f1087ef002a279acee734e738bc580f2b3925315f95a108242b,measured,2,28047,307953,336000,Pass,Pass,192086794746352270
1,12,4,A0,256KiB,262144,2048,6f0154469137295abd7b45b25bc83aace599559234fd5f331140bd800c48b670,measured,2,13641,152514,166155,Pass,Pass,1126272383489710074
1,12,5,A0,1MiB,1048576,8192,337a179ec729c20c01309d98317f7ca00691d12ca10285b55ade71fb880e191c,measured,2,55992,645767,701759,Pass,Pass,16341657278089853397
1,12,6,A0,8MiB,8388608,65536,e456d3adf67030c5a168df273f5171ca3e1299e54571d94cca82b117f3cf3aeb,measured,2,1413311,10790793,12204104,Pass,Pass,9713268438230653554
1,12,7,A0-dup,256KiB,262144,2048,6f0154469137295abd7b45b25bc83aace599559234fd5f331140bd800c48b670,measured,2,14154,156021,170175,Pass,Pass,1126272383489710074
1,12,8,A0,16MiB,16777216,131072,0c00f8138e0e622f6fc7215fc0f0d135e79bf60450e4c79d30e30624a8842117,measured,2,3023825,21607476,24631301,Pass,Pass,7408339909486172793
1,12,9,A0-dup,16MiB,16777216,131072,0c00f8138e0e622f6fc7215fc0f0d135e79bf60450e4c79d30e30624a8842117,measured,2,3131159,21969177,25100336,Pass,Pass,7408339909486172793
1,12,10,A0-dup,4MiB,4194304,32768,f9dc4b51d64658b088837d5f2a7d485e8eba57daed852c20d443b77cc8137655,measured,2,350403,3947287,4297690,Pass,Pass,7876534982476418273
1,12,11,A0-dup,2MiB,2097152,16384,6587afedd7c0f949b131311e7425d033a0754a29587f85f26ec370a31fc4edf0,measured,2,113140,1356572,1469712,Pass,Pass,7349817109290025153
1,12,12,A0,128KiB,131072,1024,22e51081397aebb06a1c4c3f85bd08a6e7041a438f4aae416970027e1ddbb24e,measured,2,6769,80121,86890,Pass,Pass,15067928572581534229
1,12,13,A0-dup,8MiB,8388608,65536,e456d3adf67030c5a168df273f5171ca3e1299e54571d94cca82b117f3cf3aeb,measured,2,1463476,10976075,12439551,Pass,Pass,9713268438230653554
1,12,14,A0-dup,1MiB,1048576,8192,337a179ec729c20c01309d98317f7ca00691d12ca10285b55ade71fb880e191c,measured,2,56088,638268,694356,Pass,Pass,16341657278089853397
1,12,15,A0,4MiB,4194304,32768,f9dc4b51d64658b088837d5f2a7d485e8eba57daed852c20d443b77cc8137655,measured,2,377445,4188560,4566005,Pass,Pass,7876534982476418273
1,13,0,A0-dup,256KiB,262144,2048,6f0154469137295abd7b45b25bc83aace599559234fd5f331140bd800c48b670,measured,3,13687,156421,170108,Pass,Pass,1126272383489710074
1,13,1,A0-dup,2MiB,2097152,16384,6587afedd7c0f949b131311e7425d033a0754a29587f85f26ec370a31fc4edf0,measured,3,112652,1407544,1520196,Pass,Pass,7349817109290025153
1,13,2,A0,256KiB,262144,2048,6f0154469137295abd7b45b25bc83aace599559234fd5f331140bd800c48b670,measured,3,13917,154387,168304,Pass,Pass,1126272383489710074
1,13,3,A0-dup,128KiB,131072,1024,22e51081397aebb06a1c4c3f85bd08a6e7041a438f4aae416970027e1ddbb24e,measured,3,6585,77776,84361,Pass,Pass,15067928572581534229
1,13,4,A0,128KiB,131072,1024,22e51081397aebb06a1c4c3f85bd08a6e7041a438f4aae416970027e1ddbb24e,measured,3,6526,76624,83150,Pass,Pass,15067928572581534229
1,13,5,A0-dup,8MiB,8388608,65536,e456d3adf67030c5a168df273f5171ca3e1299e54571d94cca82b117f3cf3aeb,measured,3,1598501,11255740,12854241,Pass,Pass,9713268438230653554
1,13,6,A0,8MiB,8388608,65536,e456d3adf67030c5a168df273f5171ca3e1299e54571d94cca82b117f3cf3aeb,measured,3,1558343,10916638,12474981,Pass,Pass,9713268438230653554
1,13,7,A0,2MiB,2097152,16384,6587afedd7c0f949b131311e7425d033a0754a29587f85f26ec370a31fc4edf0,measured,3,114407,1416636,1531043,Pass,Pass,7349817109290025153
1,13,8,A0-dup,512KiB,524288,4096,155dfc49f4c05f1087ef002a279acee734e738bc580f2b3925315f95a108242b,measured,3,28619,315847,344466,Pass,Pass,192086794746352270
1,13,9,A0-dup,16MiB,16777216,131072,0c00f8138e0e622f6fc7215fc0f0d135e79bf60450e4c79d30e30624a8842117,measured,3,3137409,23359230,26496639,Pass,Pass,7408339909486172793
1,13,10,A0,16MiB,16777216,131072,0c00f8138e0e622f6fc7215fc0f0d135e79bf60450e4c79d30e30624a8842117,measured,3,3091350,22120372,25211722,Pass,Pass,7408339909486172793
1,13,11,A0,4MiB,4194304,32768,f9dc4b51d64658b088837d5f2a7d485e8eba57daed852c20d443b77cc8137655,measured,3,325139,3765744,4090883,Pass,Pass,7876534982476418273
1,13,12,A0-dup,1MiB,1048576,8192,337a179ec729c20c01309d98317f7ca00691d12ca10285b55ade71fb880e191c,measured,3,56210,702856,759066,Pass,Pass,16341657278089853397
1,13,13,A0,512KiB,524288,4096,155dfc49f4c05f1087ef002a279acee734e738bc580f2b3925315f95a108242b,measured,3,28228,317393,345621,Pass,Pass,192086794746352270
1,13,14,A0-dup,4MiB,4194304,32768,f9dc4b51d64658b088837d5f2a7d485e8eba57daed852c20d443b77cc8137655,measured,3,530344,5236102,5766446,Pass,Pass,7876534982476418273
1,13,15,A0,1MiB,1048576,8192,337a179ec729c20c01309d98317f7ca00691d12ca10285b55ade71fb880e191c,measured,3,57058,637581,694639,Pass,Pass,16341657278089853397
1,14,0,A0,2MiB,2097152,16384,6587afedd7c0f949b131311e7425d033a0754a29587f85f26ec370a31fc4edf0,measured,4,146174,1828392,1974566,Pass,Pass,7349817109290025153
1,14,1,A0-dup,16MiB,16777216,131072,0c00f8138e0e622f6fc7215fc0f0d135e79bf60450e4c79d30e30624a8842117,measured,4,3282158,21186666,24468824,Pass,Pass,7408339909486172793
1,14,2,A0,16MiB,16777216,131072,0c00f8138e0e622f6fc7215fc0f0d135e79bf60450e4c79d30e30624a8842117,measured,4,3198342,20690514,23888856,Pass,Pass,7408339909486172793
1,14,3,A0-dup,512KiB,524288,4096,155dfc49f4c05f1087ef002a279acee734e738bc580f2b3925315f95a108242b,measured,4,28526,319013,347539,Pass,Pass,192086794746352270
1,14,4,A0-dup,1MiB,1048576,8192,337a179ec729c20c01309d98317f7ca00691d12ca10285b55ade71fb880e191c,measured,4,56532,653741,710273,Pass,Pass,16341657278089853397
1,14,5,A0-dup,2MiB,2097152,16384,6587afedd7c0f949b131311e7425d033a0754a29587f85f26ec370a31fc4edf0,measured,4,115703,1393896,1509599,Pass,Pass,7349817109290025153
1,14,6,A0,1MiB,1048576,8192,337a179ec729c20c01309d98317f7ca00691d12ca10285b55ade71fb880e191c,measured,4,56289,626873,683162,Pass,Pass,16341657278089853397
1,14,7,A0,8MiB,8388608,65536,e456d3adf67030c5a168df273f5171ca3e1299e54571d94cca82b117f3cf3aeb,measured,4,1473043,11291685,12764728,Pass,Pass,9713268438230653554
1,14,8,A0-dup,256KiB,262144,2048,6f0154469137295abd7b45b25bc83aace599559234fd5f331140bd800c48b670,measured,4,13951,170170,184121,Pass,Pass,1126272383489710074
1,14,9,A0,512KiB,524288,4096,155dfc49f4c05f1087ef002a279acee734e738bc580f2b3925315f95a108242b,measured,4,27918,310213,338131,Pass,Pass,192086794746352270
1,14,10,A0,128KiB,131072,1024,22e51081397aebb06a1c4c3f85bd08a6e7041a438f4aae416970027e1ddbb24e,measured,4,6585,77780,84365,Pass,Pass,15067928572581534229
1,14,11,A0-dup,4MiB,4194304,32768,f9dc4b51d64658b088837d5f2a7d485e8eba57daed852c20d443b77cc8137655,measured,4,415389,4445185,4860574,Pass,Pass,7876534982476418273
1,14,12,A0,4MiB,4194304,32768,f9dc4b51d64658b088837d5f2a7d485e8eba57daed852c20d443b77cc8137655,measured,4,354805,4151875,4506680,Pass,Pass,7876534982476418273
1,14,13,A0-dup,8MiB,8388608,65536,e456d3adf67030c5a168df273f5171ca3e1299e54571d94cca82b117f3cf3aeb,measured,4,1460403,10930516,12390919,Pass,Pass,9713268438230653554
1,14,14,A0,256KiB,262144,2048,6f0154469137295abd7b45b25bc83aace599559234fd5f331140bd800c48b670,measured,4,13916,155423,169339,Pass,Pass,1126272383489710074
1,14,15,A0-dup,128KiB,131072,1024,22e51081397aebb06a1c4c3f85bd08a6e7041a438f4aae416970027e1ddbb24e,measured,4,6561,76848,83409,Pass,Pass,15067928572581534229
1,15,0,A0,256KiB,262144,2048,6f0154469137295abd7b45b25bc83aace599559234fd5f331140bd800c48b670,measured,5,13412,157279,170691,Pass,Pass,1126272383489710074
1,15,1,A0,4MiB,4194304,32768,f9dc4b51d64658b088837d5f2a7d485e8eba57daed852c20d443b77cc8137655,measured,5,463458,4711413,5174871,Pass,Pass,7876534982476418273
1,15,2,A0-dup,16MiB,16777216,131072,0c00f8138e0e622f6fc7215fc0f0d135e79bf60450e4c79d30e30624a8842117,measured,5,3039144,22319420,25358564,Pass,Pass,7408339909486172793
1,15,3,A0-dup,128KiB,131072,1024,22e51081397aebb06a1c4c3f85bd08a6e7041a438f4aae416970027e1ddbb24e,measured,5,10699,81112,91811,Pass,Pass,15067928572581534229
1,15,4,A0,512KiB,524288,4096,155dfc49f4c05f1087ef002a279acee734e738bc580f2b3925315f95a108242b,measured,5,28214,310073,338287,Pass,Pass,192086794746352270
1,15,5,A0,2MiB,2097152,16384,6587afedd7c0f949b131311e7425d033a0754a29587f85f26ec370a31fc4edf0,measured,5,113975,1405164,1519139,Pass,Pass,7349817109290025153
1,15,6,A0,8MiB,8388608,65536,e456d3adf67030c5a168df273f5171ca3e1299e54571d94cca82b117f3cf3aeb,measured,5,1482531,11065423,12547954,Pass,Pass,9713268438230653554
1,15,7,A0,1MiB,1048576,8192,337a179ec729c20c01309d98317f7ca00691d12ca10285b55ade71fb880e191c,measured,5,61771,626619,688390,Pass,Pass,16341657278089853397
1,15,8,A0-dup,4MiB,4194304,32768,f9dc4b51d64658b088837d5f2a7d485e8eba57daed852c20d443b77cc8137655,measured,5,397974,4244021,4641995,Pass,Pass,7876534982476418273
1,15,9,A0-dup,256KiB,262144,2048,6f0154469137295abd7b45b25bc83aace599559234fd5f331140bd800c48b670,measured,5,14279,186456,200735,Pass,Pass,1126272383489710074
1,15,10,A0,16MiB,16777216,131072,0c00f8138e0e622f6fc7215fc0f0d135e79bf60450e4c79d30e30624a8842117,measured,5,3109479,22438786,25548265,Pass,Pass,7408339909486172793
1,15,11,A0-dup,1MiB,1048576,8192,337a179ec729c20c01309d98317f7ca00691d12ca10285b55ade71fb880e191c,measured,5,58744,645250,703994,Pass,Pass,16341657278089853397
1,15,12,A0-dup,2MiB,2097152,16384,6587afedd7c0f949b131311e7425d033a0754a29587f85f26ec370a31fc4edf0,measured,5,114965,1422184,1537149,Pass,Pass,7349817109290025153
1,15,13,A0-dup,512KiB,524288,4096,155dfc49f4c05f1087ef002a279acee734e738bc580f2b3925315f95a108242b,measured,5,29550,337805,367355,Pass,Pass,192086794746352270
1,15,14,A0-dup,8MiB,8388608,65536,e456d3adf67030c5a168df273f5171ca3e1299e54571d94cca82b117f3cf3aeb,measured,5,1537780,11416382,12954162,Pass,Pass,9713268438230653554
1,15,15,A0,128KiB,131072,1024,22e51081397aebb06a1c4c3f85bd08a6e7041a438f4aae416970027e1ddbb24e,measured,5,6875,83911,90786,Pass,Pass,15067928572581534229
1,16,0,A0,16MiB,16777216,131072,0c00f8138e0e622f6fc7215fc0f0d135e79bf60450e4c79d30e30624a8842117,measured,6,3083373,23024451,26107824,Pass,Pass,7408339909486172793
1,16,1,A0-dup,1MiB,1048576,8192,337a179ec729c20c01309d98317f7ca00691d12ca10285b55ade71fb880e191c,measured,6,56575,626394,682969,Pass,Pass,16341657278089853397
1,16,2,A0-dup,256KiB,262144,2048,6f0154469137295abd7b45b25bc83aace599559234fd5f331140bd800c48b670,measured,6,13585,155888,169473,Pass,Pass,1126272383489710074
1,16,3,A0,128KiB,131072,1024,22e51081397aebb06a1c4c3f85bd08a6e7041a438f4aae416970027e1ddbb24e,measured,6,6549,79632,86181,Pass,Pass,15067928572581534229
1,16,4,A0-dup,8MiB,8388608,65536,e456d3adf67030c5a168df273f5171ca3e1299e54571d94cca82b117f3cf3aeb,measured,6,1456822,10861938,12318760,Pass,Pass,9713268438230653554
1,16,5,A0,8MiB,8388608,65536,e456d3adf67030c5a168df273f5171ca3e1299e54571d94cca82b117f3cf3aeb,measured,6,1454448,11460338,12914786,Pass,Pass,9713268438230653554
1,16,6,A0,4MiB,4194304,32768,f9dc4b51d64658b088837d5f2a7d485e8eba57daed852c20d443b77cc8137655,measured,6,366748,4179989,4546737,Pass,Pass,7876534982476418273
1,16,7,A0-dup,16MiB,16777216,131072,0c00f8138e0e622f6fc7215fc0f0d135e79bf60450e4c79d30e30624a8842117,measured,6,3346535,22904127,26250662,Pass,Pass,7408339909486172793
1,16,8,A0,2MiB,2097152,16384,6587afedd7c0f949b131311e7425d033a0754a29587f85f26ec370a31fc4edf0,measured,6,117479,1482366,1599845,Pass,Pass,7349817109290025153
1,16,9,A0-dup,4MiB,4194304,32768,f9dc4b51d64658b088837d5f2a7d485e8eba57daed852c20d443b77cc8137655,measured,6,372855,4323815,4696670,Pass,Pass,7876534982476418273
1,16,10,A0-dup,128KiB,131072,1024,22e51081397aebb06a1c4c3f85bd08a6e7041a438f4aae416970027e1ddbb24e,measured,6,7008,80995,88003,Pass,Pass,15067928572581534229
1,16,11,A0-dup,512KiB,524288,4096,155dfc49f4c05f1087ef002a279acee734e738bc580f2b3925315f95a108242b,measured,6,27817,307645,335462,Pass,Pass,192086794746352270
1,16,12,A0,256KiB,262144,2048,6f0154469137295abd7b45b25bc83aace599559234fd5f331140bd800c48b670,measured,6,13295,151246,164541,Pass,Pass,1126272383489710074
1,16,13,A0,1MiB,1048576,8192,337a179ec729c20c01309d98317f7ca00691d12ca10285b55ade71fb880e191c,measured,6,56774,640186,696960,Pass,Pass,16341657278089853397
1,16,14,A0,512KiB,524288,4096,155dfc49f4c05f1087ef002a279acee734e738bc580f2b3925315f95a108242b,measured,6,28092,305945,334037,Pass,Pass,192086794746352270
1,16,15,A0-dup,2MiB,2097152,16384,6587afedd7c0f949b131311e7425d033a0754a29587f85f26ec370a31fc4edf0,measured,6,117850,1434244,1552094,Pass,Pass,7349817109290025153
1,17,0,A0-dup,256KiB,262144,2048,6f0154469137295abd7b45b25bc83aace599559234fd5f331140bd800c48b670,measured,7,13833,154417,168250,Pass,Pass,1126272383489710074
1,17,1,A0,128KiB,131072,1024,22e51081397aebb06a1c4c3f85bd08a6e7041a438f4aae416970027e1ddbb24e,measured,7,6514,78092,84606,Pass,Pass,15067928572581534229
1,17,2,A0,1MiB,1048576,8192,337a179ec729c20c01309d98317f7ca00691d12ca10285b55ade71fb880e191c,measured,7,56207,619160,675367,Pass,Pass,16341657278089853397
1,17,3,A0-dup,16MiB,16777216,131072,0c00f8138e0e622f6fc7215fc0f0d135e79bf60450e4c79d30e30624a8842117,measured,7,3135301,22228307,25363608,Pass,Pass,7408339909486172793
1,17,4,A0,4MiB,4194304,32768,f9dc4b51d64658b088837d5f2a7d485e8eba57daed852c20d443b77cc8137655,measured,7,316880,4212151,4529031,Pass,Pass,7876534982476418273
1,17,5,A0,512KiB,524288,4096,155dfc49f4c05f1087ef002a279acee734e738bc580f2b3925315f95a108242b,measured,7,28279,309925,338204,Pass,Pass,192086794746352270
1,17,6,A0-dup,1MiB,1048576,8192,337a179ec729c20c01309d98317f7ca00691d12ca10285b55ade71fb880e191c,measured,7,56081,627640,683721,Pass,Pass,16341657278089853397
1,17,7,A0-dup,2MiB,2097152,16384,6587afedd7c0f949b131311e7425d033a0754a29587f85f26ec370a31fc4edf0,measured,7,111938,1507432,1619370,Pass,Pass,7349817109290025153
1,17,8,A0-dup,128KiB,131072,1024,22e51081397aebb06a1c4c3f85bd08a6e7041a438f4aae416970027e1ddbb24e,measured,7,7201,104769,111970,Pass,Pass,15067928572581534229
1,17,9,A0,256KiB,262144,2048,6f0154469137295abd7b45b25bc83aace599559234fd5f331140bd800c48b670,measured,7,17865,169936,187801,Pass,Pass,1126272383489710074
1,17,10,A0,2MiB,2097152,16384,6587afedd7c0f949b131311e7425d033a0754a29587f85f26ec370a31fc4edf0,measured,7,111754,1482952,1594706,Pass,Pass,7349817109290025153
1,17,11,A0-dup,4MiB,4194304,32768,f9dc4b51d64658b088837d5f2a7d485e8eba57daed852c20d443b77cc8137655,measured,7,461593,4394905,4856498,Pass,Pass,7876534982476418273
1,17,12,A0,16MiB,16777216,131072,0c00f8138e0e622f6fc7215fc0f0d135e79bf60450e4c79d30e30624a8842117,measured,7,3129234,22263865,25393099,Pass,Pass,7408339909486172793
1,17,13,A0,8MiB,8388608,65536,e456d3adf67030c5a168df273f5171ca3e1299e54571d94cca82b117f3cf3aeb,measured,7,1594624,11829680,13424304,Pass,Pass,9713268438230653554
1,17,14,A0-dup,512KiB,524288,4096,155dfc49f4c05f1087ef002a279acee734e738bc580f2b3925315f95a108242b,measured,7,32833,313987,346820,Pass,Pass,192086794746352270
1,17,15,A0-dup,8MiB,8388608,65536,e456d3adf67030c5a168df273f5171ca3e1299e54571d94cca82b117f3cf3aeb,measured,7,1484025,11393712,12877737,Pass,Pass,9713268438230653554
1,18,0,A0-dup,2MiB,2097152,16384,6587afedd7c0f949b131311e7425d033a0754a29587f85f26ec370a31fc4edf0,measured,8,112945,1619121,1732066,Pass,Pass,7349817109290025153
1,18,1,A0,8MiB,8388608,65536,e456d3adf67030c5a168df273f5171ca3e1299e54571d94cca82b117f3cf3aeb,measured,8,1460780,10885034,12345814,Pass,Pass,9713268438230653554
1,18,2,A0-dup,8MiB,8388608,65536,e456d3adf67030c5a168df273f5171ca3e1299e54571d94cca82b117f3cf3aeb,measured,8,1548554,11399661,12948215,Pass,Pass,9713268438230653554
1,18,3,A0,512KiB,524288,4096,155dfc49f4c05f1087ef002a279acee734e738bc580f2b3925315f95a108242b,measured,8,28427,327137,355564,Pass,Pass,192086794746352270
1,18,4,A0-dup,512KiB,524288,4096,155dfc49f4c05f1087ef002a279acee734e738bc580f2b3925315f95a108242b,measured,8,28228,302389,330617,Pass,Pass,192086794746352270
1,18,5,A0,4MiB,4194304,32768,f9dc4b51d64658b088837d5f2a7d485e8eba57daed852c20d443b77cc8137655,measured,8,396420,4730904,5127324,Pass,Pass,7876534982476418273
1,18,6,A0-dup,16MiB,16777216,131072,0c00f8138e0e622f6fc7215fc0f0d135e79bf60450e4c79d30e30624a8842117,measured,8,3099406,23438557,26537963,Pass,Pass,7408339909486172793
1,18,7,A0-dup,4MiB,4194304,32768,f9dc4b51d64658b088837d5f2a7d485e8eba57daed852c20d443b77cc8137655,measured,8,437698,4167549,4605247,Pass,Pass,7876534982476418273
1,18,8,A0-dup,128KiB,131072,1024,22e51081397aebb06a1c4c3f85bd08a6e7041a438f4aae416970027e1ddbb24e,measured,8,7040,80147,87187,Pass,Pass,15067928572581534229
1,18,9,A0-dup,256KiB,262144,2048,6f0154469137295abd7b45b25bc83aace599559234fd5f331140bd800c48b670,measured,8,17344,152875,170219,Pass,Pass,1126272383489710074
1,18,10,A0,128KiB,131072,1024,22e51081397aebb06a1c4c3f85bd08a6e7041a438f4aae416970027e1ddbb24e,measured,8,6494,76800,83294,Pass,Pass,15067928572581534229
1,18,11,A0,256KiB,262144,2048,6f0154469137295abd7b45b25bc83aace599559234fd5f331140bd800c48b670,measured,8,13566,153541,167107,Pass,Pass,1126272383489710074
1,18,12,A0,2MiB,2097152,16384,6587afedd7c0f949b131311e7425d033a0754a29587f85f26ec370a31fc4edf0,measured,8,111142,1405746,1516888,Pass,Pass,7349817109290025153
1,18,13,A0,16MiB,16777216,131072,0c00f8138e0e622f6fc7215fc0f0d135e79bf60450e4c79d30e30624a8842117,measured,8,3179029,22944884,26123913,Pass,Pass,7408339909486172793
1,18,14,A0,1MiB,1048576,8192,337a179ec729c20c01309d98317f7ca00691d12ca10285b55ade71fb880e191c,measured,8,56381,626066,682447,Pass,Pass,16341657278089853397
1,18,15,A0-dup,1MiB,1048576,8192,337a179ec729c20c01309d98317f7ca00691d12ca10285b55ade71fb880e191c,measured,8,56169,611647,667816,Pass,Pass,16341657278089853397
1,19,0,A0,1MiB,1048576,8192,337a179ec729c20c01309d98317f7ca00691d12ca10285b55ade71fb880e191c,measured,9,56564,626839,683403,Pass,Pass,16341657278089853397
1,19,1,A0,128KiB,131072,1024,22e51081397aebb06a1c4c3f85bd08a6e7041a438f4aae416970027e1ddbb24e,measured,9,6757,78004,84761,Pass,Pass,15067928572581534229
1,19,2,A0-dup,512KiB,524288,4096,155dfc49f4c05f1087ef002a279acee734e738bc580f2b3925315f95a108242b,measured,9,27916,311720,339636,Pass,Pass,192086794746352270
1,19,3,A0-dup,8MiB,8388608,65536,e456d3adf67030c5a168df273f5171ca3e1299e54571d94cca82b117f3cf3aeb,measured,9,1450674,11359930,12810604,Pass,Pass,9713268438230653554
1,19,4,A0,4MiB,4194304,32768,f9dc4b51d64658b088837d5f2a7d485e8eba57daed852c20d443b77cc8137655,measured,9,406449,4645463,5051912,Pass,Pass,7876534982476418273
1,19,5,A0,8MiB,8388608,65536,e456d3adf67030c5a168df273f5171ca3e1299e54571d94cca82b117f3cf3aeb,measured,9,1467672,11069287,12536959,Pass,Pass,9713268438230653554
1,19,6,A0-dup,256KiB,262144,2048,6f0154469137295abd7b45b25bc83aace599559234fd5f331140bd800c48b670,measured,9,13765,155237,169002,Pass,Pass,1126272383489710074
1,19,7,A0-dup,2MiB,2097152,16384,6587afedd7c0f949b131311e7425d033a0754a29587f85f26ec370a31fc4edf0,measured,9,117225,1539182,1656407,Pass,Pass,7349817109290025153
1,19,8,A0,16MiB,16777216,131072,0c00f8138e0e622f6fc7215fc0f0d135e79bf60450e4c79d30e30624a8842117,measured,9,3146550,21732572,24879122,Pass,Pass,7408339909486172793
1,19,9,A0-dup,128KiB,131072,1024,22e51081397aebb06a1c4c3f85bd08a6e7041a438f4aae416970027e1ddbb24e,measured,9,7194,86190,93384,Pass,Pass,15067928572581534229
1,19,10,A0,2MiB,2097152,16384,6587afedd7c0f949b131311e7425d033a0754a29587f85f26ec370a31fc4edf0,measured,9,113181,1388981,1502162,Pass,Pass,7349817109290025153
1,19,11,A0,512KiB,524288,4096,155dfc49f4c05f1087ef002a279acee734e738bc580f2b3925315f95a108242b,measured,9,28289,423917,452206,Pass,Pass,192086794746352270
1,19,12,A0,256KiB,262144,2048,6f0154469137295abd7b45b25bc83aace599559234fd5f331140bd800c48b670,measured,9,13693,152357,166050,Pass,Pass,1126272383489710074
1,19,13,A0-dup,1MiB,1048576,8192,337a179ec729c20c01309d98317f7ca00691d12ca10285b55ade71fb880e191c,measured,9,56703,641303,698006,Pass,Pass,16341657278089853397
1,19,14,A0-dup,16MiB,16777216,131072,0c00f8138e0e622f6fc7215fc0f0d135e79bf60450e4c79d30e30624a8842117,measured,9,3087024,21953421,25040445,Pass,Pass,7408339909486172793
1,19,15,A0-dup,4MiB,4194304,32768,f9dc4b51d64658b088837d5f2a7d485e8eba57daed852c20d443b77cc8137655,measured,9,602101,5008094,5610195,Pass,Pass,7876534982476418273
1,20,0,A0,1MiB,1048576,8192,337a179ec729c20c01309d98317f7ca00691d12ca10285b55ade71fb880e191c,measured,10,56605,656953,713558,Pass,Pass,16341657278089853397
1,20,1,A0,4MiB,4194304,32768,f9dc4b51d64658b088837d5f2a7d485e8eba57daed852c20d443b77cc8137655,measured,10,504599,4972699,5477298,Pass,Pass,7876534982476418273
1,20,2,A0,256KiB,262144,2048,6f0154469137295abd7b45b25bc83aace599559234fd5f331140bd800c48b670,measured,10,14456,172629,187085,Pass,Pass,1126272383489710074
1,20,3,A0-dup,256KiB,262144,2048,6f0154469137295abd7b45b25bc83aace599559234fd5f331140bd800c48b670,measured,10,14028,163360,177388,Pass,Pass,1126272383489710074
1,20,4,A0-dup,16MiB,16777216,131072,0c00f8138e0e622f6fc7215fc0f0d135e79bf60450e4c79d30e30624a8842117,measured,10,3134558,22183143,25317701,Pass,Pass,7408339909486172793
1,20,5,A0-dup,1MiB,1048576,8192,337a179ec729c20c01309d98317f7ca00691d12ca10285b55ade71fb880e191c,measured,10,56573,627065,683638,Pass,Pass,16341657278089853397
1,20,6,A0,512KiB,524288,4096,155dfc49f4c05f1087ef002a279acee734e738bc580f2b3925315f95a108242b,measured,10,28111,316864,344975,Pass,Pass,192086794746352270
1,20,7,A0-dup,2MiB,2097152,16384,6587afedd7c0f949b131311e7425d033a0754a29587f85f26ec370a31fc4edf0,measured,10,113362,1429621,1542983,Pass,Pass,7349817109290025153
1,20,8,A0,8MiB,8388608,65536,e456d3adf67030c5a168df273f5171ca3e1299e54571d94cca82b117f3cf3aeb,measured,10,1512097,10755049,12267146,Pass,Pass,9713268438230653554
1,20,9,A0-dup,128KiB,131072,1024,22e51081397aebb06a1c4c3f85bd08a6e7041a438f4aae416970027e1ddbb24e,measured,10,7248,80934,88182,Pass,Pass,15067928572581534229
1,20,10,A0-dup,4MiB,4194304,32768,f9dc4b51d64658b088837d5f2a7d485e8eba57daed852c20d443b77cc8137655,measured,10,448738,4481388,4930126,Pass,Pass,7876534982476418273
1,20,11,A0,128KiB,131072,1024,22e51081397aebb06a1c4c3f85bd08a6e7041a438f4aae416970027e1ddbb24e,measured,10,6920,83080,90000,Pass,Pass,15067928572581534229
1,20,12,A0,2MiB,2097152,16384,6587afedd7c0f949b131311e7425d033a0754a29587f85f26ec370a31fc4edf0,measured,10,112185,1426859,1539044,Pass,Pass,7349817109290025153
1,20,13,A0-dup,512KiB,524288,4096,155dfc49f4c05f1087ef002a279acee734e738bc580f2b3925315f95a108242b,measured,10,28528,307824,336352,Pass,Pass,192086794746352270
1,20,14,A0-dup,8MiB,8388608,65536,e456d3adf67030c5a168df273f5171ca3e1299e54571d94cca82b117f3cf3aeb,measured,10,1499774,10739475,12239249,Pass,Pass,9713268438230653554
1,20,15,A0,16MiB,16777216,131072,0c00f8138e0e622f6fc7215fc0f0d135e79bf60450e4c79d30e30624a8842117,measured,10,3094528,22528269,25622797,Pass,Pass,7408339909486172793
1,21,0,A0,256KiB,262144,2048,6f0154469137295abd7b45b25bc83aace599559234fd5f331140bd800c48b670,measured,11,13870,156074,169944,Pass,Pass,1126272383489710074
1,21,1,A0,128KiB,131072,1024,22e51081397aebb06a1c4c3f85bd08a6e7041a438f4aae416970027e1ddbb24e,measured,11,6557,81734,88291,Pass,Pass,15067928572581534229
1,21,2,A0-dup,256KiB,262144,2048,6f0154469137295abd7b45b25bc83aace599559234fd5f331140bd800c48b670,measured,11,13386,151838,165224,Pass,Pass,1126272383489710074
1,21,3,A0,16MiB,16777216,131072,0c00f8138e0e622f6fc7215fc0f0d135e79bf60450e4c79d30e30624a8842117,measured,11,3149098,22192571,25341669,Pass,Pass,7408339909486172793
1,21,4,A0-dup,2MiB,2097152,16384,6587afedd7c0f949b131311e7425d033a0754a29587f85f26ec370a31fc4edf0,measured,11,112431,1376257,1488688,Pass,Pass,7349817109290025153
1,21,5,A0,2MiB,2097152,16384,6587afedd7c0f949b131311e7425d033a0754a29587f85f26ec370a31fc4edf0,measured,11,142702,1526803,1669505,Pass,Pass,7349817109290025153
1,21,6,A0-dup,128KiB,131072,1024,22e51081397aebb06a1c4c3f85bd08a6e7041a438f4aae416970027e1ddbb24e,measured,11,6762,81842,88604,Pass,Pass,15067928572581534229
1,21,7,A0,4MiB,4194304,32768,f9dc4b51d64658b088837d5f2a7d485e8eba57daed852c20d443b77cc8137655,measured,11,465929,4753824,5219753,Pass,Pass,7876534982476418273
1,21,8,A0-dup,4MiB,4194304,32768,f9dc4b51d64658b088837d5f2a7d485e8eba57daed852c20d443b77cc8137655,measured,11,400525,4183186,4583711,Pass,Pass,7876534982476418273
1,21,9,A0,8MiB,8388608,65536,e456d3adf67030c5a168df273f5171ca3e1299e54571d94cca82b117f3cf3aeb,measured,11,1477058,10859593,12336651,Pass,Pass,9713268438230653554
1,21,10,A0-dup,16MiB,16777216,131072,0c00f8138e0e622f6fc7215fc0f0d135e79bf60450e4c79d30e30624a8842117,measured,11,3020444,21972154,24992598,Pass,Pass,7408339909486172793
1,21,11,A0-dup,512KiB,524288,4096,155dfc49f4c05f1087ef002a279acee734e738bc580f2b3925315f95a108242b,measured,11,28350,351996,380346,Pass,Pass,192086794746352270
1,21,12,A0,512KiB,524288,4096,155dfc49f4c05f1087ef002a279acee734e738bc580f2b3925315f95a108242b,measured,11,28129,308444,336573,Pass,Pass,192086794746352270
1,21,13,A0-dup,1MiB,1048576,8192,337a179ec729c20c01309d98317f7ca00691d12ca10285b55ade71fb880e191c,measured,11,56025,653293,709318,Pass,Pass,16341657278089853397
1,21,14,A0,1MiB,1048576,8192,337a179ec729c20c01309d98317f7ca00691d12ca10285b55ade71fb880e191c,measured,11,61965,628576,690541,Pass,Pass,16341657278089853397
1,21,15,A0-dup,8MiB,8388608,65536,e456d3adf67030c5a168df273f5171ca3e1299e54571d94cca82b117f3cf3aeb,measured,11,1475982,11431770,12907752,Pass,Pass,9713268438230653554
1,22,0,A0-dup,4MiB,4194304,32768,f9dc4b51d64658b088837d5f2a7d485e8eba57daed852c20d443b77cc8137655,measured,12,406258,4575813,4982071,Pass,Pass,7876534982476418273
1,22,1,A0,1MiB,1048576,8192,337a179ec729c20c01309d98317f7ca00691d12ca10285b55ade71fb880e191c,measured,12,57808,627610,685418,Pass,Pass,16341657278089853397
1,22,2,A0-dup,512KiB,524288,4096,155dfc49f4c05f1087ef002a279acee734e738bc580f2b3925315f95a108242b,measured,12,59679,341609,401288,Pass,Pass,192086794746352270
1,22,3,A0,2MiB,2097152,16384,6587afedd7c0f949b131311e7425d033a0754a29587f85f26ec370a31fc4edf0,measured,12,114267,1408610,1522877,Pass,Pass,7349817109290025153
1,22,4,A0-dup,128KiB,131072,1024,22e51081397aebb06a1c4c3f85bd08a6e7041a438f4aae416970027e1ddbb24e,measured,12,6908,82573,89481,Pass,Pass,15067928572581534229
1,22,5,A0-dup,1MiB,1048576,8192,337a179ec729c20c01309d98317f7ca00691d12ca10285b55ade71fb880e191c,measured,12,55733,633475,689208,Pass,Pass,16341657278089853397
1,22,6,A0,16MiB,16777216,131072,0c00f8138e0e622f6fc7215fc0f0d135e79bf60450e4c79d30e30624a8842117,measured,12,3067706,22578406,25646112,Pass,Pass,7408339909486172793
1,22,7,A0-dup,256KiB,262144,2048,6f0154469137295abd7b45b25bc83aace599559234fd5f331140bd800c48b670,measured,12,13621,157132,170753,Pass,Pass,1126272383489710074
1,22,8,A0-dup,2MiB,2097152,16384,6587afedd7c0f949b131311e7425d033a0754a29587f85f26ec370a31fc4edf0,measured,12,114583,1385361,1499944,Pass,Pass,7349817109290025153
1,22,9,A0,8MiB,8388608,65536,e456d3adf67030c5a168df273f5171ca3e1299e54571d94cca82b117f3cf3aeb,measured,12,1483260,10954536,12437796,Pass,Pass,9713268438230653554
1,22,10,A0,4MiB,4194304,32768,f9dc4b51d64658b088837d5f2a7d485e8eba57daed852c20d443b77cc8137655,measured,12,566839,4458265,5025104,Pass,Pass,7876534982476418273
1,22,11,A0-dup,8MiB,8388608,65536,e456d3adf67030c5a168df273f5171ca3e1299e54571d94cca82b117f3cf3aeb,measured,12,1471714,11060039,12531753,Pass,Pass,9713268438230653554
1,22,12,A0,256KiB,262144,2048,6f0154469137295abd7b45b25bc83aace599559234fd5f331140bd800c48b670,measured,12,13899,156285,170184,Pass,Pass,1126272383489710074
1,22,13,A0,128KiB,131072,1024,22e51081397aebb06a1c4c3f85bd08a6e7041a438f4aae416970027e1ddbb24e,measured,12,6551,76958,83509,Pass,Pass,15067928572581534229
1,22,14,A0,512KiB,524288,4096,155dfc49f4c05f1087ef002a279acee734e738bc580f2b3925315f95a108242b,measured,12,27895,313648,341543,Pass,Pass,192086794746352270
1,22,15,A0-dup,16MiB,16777216,131072,0c00f8138e0e622f6fc7215fc0f0d135e79bf60450e4c79d30e30624a8842117,measured,12,3066634,21826892,24893526,Pass,Pass,7408339909486172793
1,23,0,A0-dup,2MiB,2097152,16384,6587afedd7c0f949b131311e7425d033a0754a29587f85f26ec370a31fc4edf0,measured,13,122329,1443589,1565918,Pass,Pass,7349817109290025153
1,23,1,A0-dup,4MiB,4194304,32768,f9dc4b51d64658b088837d5f2a7d485e8eba57daed852c20d443b77cc8137655,measured,13,394602,4200204,4594806,Pass,Pass,7876534982476418273
1,23,2,A0,8MiB,8388608,65536,e456d3adf67030c5a168df273f5171ca3e1299e54571d94cca82b117f3cf3aeb,measured,13,1417922,11246466,12664388,Pass,Pass,9713268438230653554
1,23,3,A0,512KiB,524288,4096,155dfc49f4c05f1087ef002a279acee734e738bc580f2b3925315f95a108242b,measured,13,28718,314200,342918,Pass,Pass,192086794746352270
1,23,4,A0-dup,16MiB,16777216,131072,0c00f8138e0e622f6fc7215fc0f0d135e79bf60450e4c79d30e30624a8842117,measured,13,3104083,22584120,25688203,Pass,Pass,7408339909486172793
1,23,5,A0,4MiB,4194304,32768,f9dc4b51d64658b088837d5f2a7d485e8eba57daed852c20d443b77cc8137655,measured,13,301142,3969900,4271042,Pass,Pass,7876534982476418273
1,23,6,A0,1MiB,1048576,8192,337a179ec729c20c01309d98317f7ca00691d12ca10285b55ade71fb880e191c,measured,13,57207,637423,694630,Pass,Pass,16341657278089853397
1,23,7,A0-dup,128KiB,131072,1024,22e51081397aebb06a1c4c3f85bd08a6e7041a438f4aae416970027e1ddbb24e,measured,13,6605,77841,84446,Pass,Pass,15067928572581534229
1,23,8,A0,128KiB,131072,1024,22e51081397aebb06a1c4c3f85bd08a6e7041a438f4aae416970027e1ddbb24e,measured,13,6599,77473,84072,Pass,Pass,15067928572581534229
1,23,9,A0,16MiB,16777216,131072,0c00f8138e0e622f6fc7215fc0f0d135e79bf60450e4c79d30e30624a8842117,measured,13,3051732,21039910,24091642,Pass,Pass,7408339909486172793
1,23,10,A0-dup,1MiB,1048576,8192,337a179ec729c20c01309d98317f7ca00691d12ca10285b55ade71fb880e191c,measured,13,56720,637074,693794,Pass,Pass,16341657278089853397
1,23,11,A0-dup,256KiB,262144,2048,6f0154469137295abd7b45b25bc83aace599559234fd5f331140bd800c48b670,measured,13,13432,152279,165711,Pass,Pass,1126272383489710074
1,23,12,A0,256KiB,262144,2048,6f0154469137295abd7b45b25bc83aace599559234fd5f331140bd800c48b670,measured,13,13610,151654,165264,Pass,Pass,1126272383489710074
1,23,13,A0,2MiB,2097152,16384,6587afedd7c0f949b131311e7425d033a0754a29587f85f26ec370a31fc4edf0,measured,13,112246,1388268,1500514,Pass,Pass,7349817109290025153
1,23,14,A0-dup,8MiB,8388608,65536,e456d3adf67030c5a168df273f5171ca3e1299e54571d94cca82b117f3cf3aeb,measured,13,1470110,11276886,12746996,Pass,Pass,9713268438230653554
1,23,15,A0-dup,512KiB,524288,4096,155dfc49f4c05f1087ef002a279acee734e738bc580f2b3925315f95a108242b,measured,13,28751,312847,341598,Pass,Pass,192086794746352270
1,24,0,A0,512KiB,524288,4096,155dfc49f4c05f1087ef002a279acee734e738bc580f2b3925315f95a108242b,measured,14,28412,304911,333323,Pass,Pass,192086794746352270
1,24,1,A0,16MiB,16777216,131072,0c00f8138e0e622f6fc7215fc0f0d135e79bf60450e4c79d30e30624a8842117,measured,14,3056926,21346947,24403873,Pass,Pass,7408339909486172793
1,24,2,A0,1MiB,1048576,8192,337a179ec729c20c01309d98317f7ca00691d12ca10285b55ade71fb880e191c,measured,14,56463,632322,688785,Pass,Pass,16341657278089853397
1,24,3,A0,128KiB,131072,1024,22e51081397aebb06a1c4c3f85bd08a6e7041a438f4aae416970027e1ddbb24e,measured,14,6520,81525,88045,Pass,Pass,15067928572581534229
1,24,4,A0,256KiB,262144,2048,6f0154469137295abd7b45b25bc83aace599559234fd5f331140bd800c48b670,measured,14,13678,151013,164691,Pass,Pass,1126272383489710074
1,24,5,A0-dup,2MiB,2097152,16384,6587afedd7c0f949b131311e7425d033a0754a29587f85f26ec370a31fc4edf0,measured,14,115703,1459513,1575216,Pass,Pass,7349817109290025153
1,24,6,A0-dup,16MiB,16777216,131072,0c00f8138e0e622f6fc7215fc0f0d135e79bf60450e4c79d30e30624a8842117,measured,14,3072244,21362803,24435047,Pass,Pass,7408339909486172793
1,24,7,A0,2MiB,2097152,16384,6587afedd7c0f949b131311e7425d033a0754a29587f85f26ec370a31fc4edf0,measured,14,116229,1393397,1509626,Pass,Pass,7349817109290025153
1,24,8,A0-dup,4MiB,4194304,32768,f9dc4b51d64658b088837d5f2a7d485e8eba57daed852c20d443b77cc8137655,measured,14,372637,4159924,4532561,Pass,Pass,7876534982476418273
1,24,9,A0-dup,256KiB,262144,2048,6f0154469137295abd7b45b25bc83aace599559234fd5f331140bd800c48b670,measured,14,13876,156801,170677,Pass,Pass,1126272383489710074
1,24,10,A0-dup,512KiB,524288,4096,155dfc49f4c05f1087ef002a279acee734e738bc580f2b3925315f95a108242b,measured,14,27869,316978,344847,Pass,Pass,192086794746352270
1,24,11,A0-dup,8MiB,8388608,65536,e456d3adf67030c5a168df273f5171ca3e1299e54571d94cca82b117f3cf3aeb,measured,14,1484595,11337615,12822210,Pass,Pass,9713268438230653554
1,24,12,A0,4MiB,4194304,32768,f9dc4b51d64658b088837d5f2a7d485e8eba57daed852c20d443b77cc8137655,measured,14,415374,4677088,5092462,Pass,Pass,7876534982476418273
1,24,13,A0,8MiB,8388608,65536,e456d3adf67030c5a168df273f5171ca3e1299e54571d94cca82b117f3cf3aeb,measured,14,1523659,10646399,12170058,Pass,Pass,9713268438230653554
1,24,14,A0-dup,128KiB,131072,1024,22e51081397aebb06a1c4c3f85bd08a6e7041a438f4aae416970027e1ddbb24e,measured,14,6802,80324,87126,Pass,Pass,15067928572581534229
1,24,15,A0-dup,1MiB,1048576,8192,337a179ec729c20c01309d98317f7ca00691d12ca10285b55ade71fb880e191c,measured,14,56321,646661,702982,Pass,Pass,16341657278089853397
1,25,0,A0-dup,512KiB,524288,4096,155dfc49f4c05f1087ef002a279acee734e738bc580f2b3925315f95a108242b,measured,15,28925,323899,352824,Pass,Pass,192086794746352270
1,25,1,A0,512KiB,524288,4096,155dfc49f4c05f1087ef002a279acee734e738bc580f2b3925315f95a108242b,measured,15,27905,302311,330216,Pass,Pass,192086794746352270
1,25,2,A0-dup,128KiB,131072,1024,22e51081397aebb06a1c4c3f85bd08a6e7041a438f4aae416970027e1ddbb24e,measured,15,6677,80944,87621,Pass,Pass,15067928572581534229
1,25,3,A0-dup,256KiB,262144,2048,6f0154469137295abd7b45b25bc83aace599559234fd5f331140bd800c48b670,measured,15,13371,150431,163802,Pass,Pass,1126272383489710074
1,25,4,A0,256KiB,262144,2048,6f0154469137295abd7b45b25bc83aace599559234fd5f331140bd800c48b670,measured,15,13169,151361,164530,Pass,Pass,1126272383489710074
1,25,5,A0,128KiB,131072,1024,22e51081397aebb06a1c4c3f85bd08a6e7041a438f4aae416970027e1ddbb24e,measured,15,6384,75987,82371,Pass,Pass,15067928572581534229
1,25,6,A0,4MiB,4194304,32768,f9dc4b51d64658b088837d5f2a7d485e8eba57daed852c20d443b77cc8137655,measured,15,412512,4349524,4762036,Pass,Pass,7876534982476418273
1,25,7,A0-dup,4MiB,4194304,32768,f9dc4b51d64658b088837d5f2a7d485e8eba57daed852c20d443b77cc8137655,measured,15,348806,4260481,4609287,Pass,Pass,7876534982476418273
1,25,8,A0-dup,16MiB,16777216,131072,0c00f8138e0e622f6fc7215fc0f0d135e79bf60450e4c79d30e30624a8842117,measured,15,3065387,21228099,24293486,Pass,Pass,7408339909486172793
1,25,9,A0,8MiB,8388608,65536,e456d3adf67030c5a168df273f5171ca3e1299e54571d94cca82b117f3cf3aeb,measured,15,1405120,11057662,12462782,Pass,Pass,9713268438230653554
1,25,10,A0,16MiB,16777216,131072,0c00f8138e0e622f6fc7215fc0f0d135e79bf60450e4c79d30e30624a8842117,measured,15,3119172,22355294,25474466,Pass,Pass,7408339909486172793
1,25,11,A0,2MiB,2097152,16384,6587afedd7c0f949b131311e7425d033a0754a29587f85f26ec370a31fc4edf0,measured,15,125603,1437043,1562646,Pass,Pass,7349817109290025153
1,25,12,A0-dup,1MiB,1048576,8192,337a179ec729c20c01309d98317f7ca00691d12ca10285b55ade71fb880e191c,measured,15,56295,650008,706303,Pass,Pass,16341657278089853397
1,25,13,A0-dup,8MiB,8388608,65536,e456d3adf67030c5a168df273f5171ca3e1299e54571d94cca82b117f3cf3aeb,measured,15,1477652,11683406,13161058,Pass,Pass,9713268438230653554
1,25,14,A0,1MiB,1048576,8192,337a179ec729c20c01309d98317f7ca00691d12ca10285b55ade71fb880e191c,measured,15,56869,644462,701331,Pass,Pass,16341657278089853397
1,25,15,A0-dup,2MiB,2097152,16384,6587afedd7c0f949b131311e7425d033a0754a29587f85f26ec370a31fc4edf0,measured,15,111246,1457916,1569162,Pass,Pass,7349817109290025153
1,26,0,A0,128KiB,131072,1024,22e51081397aebb06a1c4c3f85bd08a6e7041a438f4aae416970027e1ddbb24e,measured,16,7081,80893,87974,Pass,Pass,15067928572581534229
1,26,1,A0,1MiB,1048576,8192,337a179ec729c20c01309d98317f7ca00691d12ca10285b55ade71fb880e191c,measured,16,56484,647651,704135,Pass,Pass,16341657278089853397
1,26,2,A0-dup,128KiB,131072,1024,22e51081397aebb06a1c4c3f85bd08a6e7041a438f4aae416970027e1ddbb24e,measured,16,6668,78827,85495,Pass,Pass,15067928572581534229
1,26,3,A0-dup,2MiB,2097152,16384,6587afedd7c0f949b131311e7425d033a0754a29587f85f26ec370a31fc4edf0,measured,16,128103,1537139,1665242,Pass,Pass,7349817109290025153
1,26,4,A0-dup,8MiB,8388608,65536,e456d3adf67030c5a168df273f5171ca3e1299e54571d94cca82b117f3cf3aeb,measured,16,1502759,11513599,13016358,Pass,Pass,9713268438230653554
1,26,5,A0-dup,16MiB,16777216,131072,0c00f8138e0e622f6fc7215fc0f0d135e79bf60450e4c79d30e30624a8842117,measured,16,3059008,21308362,24367370,Pass,Pass,7408339909486172793
1,26,6,A0-dup,512KiB,524288,4096,155dfc49f4c05f1087ef002a279acee734e738bc580f2b3925315f95a108242b,measured,16,28461,320588,349049,Pass,Pass,192086794746352270
1,26,7,A0-dup,4MiB,4194304,32768,f9dc4b51d64658b088837d5f2a7d485e8eba57daed852c20d443b77cc8137655,measured,16,362745,4059160,4421905,Pass,Pass,7876534982476418273
1,26,8,A0-dup,256KiB,262144,2048,6f0154469137295abd7b45b25bc83aace599559234fd5f331140bd800c48b670,measured,16,13864,155714,169578,Pass,Pass,1126272383489710074
1,26,9,A0,4MiB,4194304,32768,f9dc4b51d64658b088837d5f2a7d485e8eba57daed852c20d443b77cc8137655,measured,16,428769,4702397,5131166,Pass,Pass,7876534982476418273
1,26,10,A0,8MiB,8388608,65536,e456d3adf67030c5a168df273f5171ca3e1299e54571d94cca82b117f3cf3aeb,measured,16,1478980,11130736,12609716,Pass,Pass,9713268438230653554
1,26,11,A0,16MiB,16777216,131072,0c00f8138e0e622f6fc7215fc0f0d135e79bf60450e4c79d30e30624a8842117,measured,16,3069665,21775953,24845618,Pass,Pass,7408339909486172793
1,26,12,A0,512KiB,524288,4096,155dfc49f4c05f1087ef002a279acee734e738bc580f2b3925315f95a108242b,measured,16,28446,322640,351086,Pass,Pass,192086794746352270
1,26,13,A0,2MiB,2097152,16384,6587afedd7c0f949b131311e7425d033a0754a29587f85f26ec370a31fc4edf0,measured,16,119084,1413533,1532617,Pass,Pass,7349817109290025153
1,26,14,A0-dup,1MiB,1048576,8192,337a179ec729c20c01309d98317f7ca00691d12ca10285b55ade71fb880e191c,measured,16,56179,638201,694380,Pass,Pass,16341657278089853397
1,26,15,A0,256KiB,262144,2048,6f0154469137295abd7b45b25bc83aace599559234fd5f331140bd800c48b670,measured,16,13666,152139,165805,Pass,Pass,1126272383489710074
1,27,0,A0-dup,1MiB,1048576,8192,337a179ec729c20c01309d98317f7ca00691d12ca10285b55ade71fb880e191c,measured,17,56278,619280,675558,Pass,Pass,16341657278089853397
1,27,1,A0,1MiB,1048576,8192,337a179ec729c20c01309d98317f7ca00691d12ca10285b55ade71fb880e191c,measured,17,56357,616968,673325,Pass,Pass,16341657278089853397
1,27,2,A0,2MiB,2097152,16384,6587afedd7c0f949b131311e7425d033a0754a29587f85f26ec370a31fc4edf0,measured,17,113496,1454317,1567813,Pass,Pass,7349817109290025153
1,27,3,A0,8MiB,8388608,65536,e456d3adf67030c5a168df273f5171ca3e1299e54571d94cca82b117f3cf3aeb,measured,17,1466634,11151415,12618049,Pass,Pass,9713268438230653554
1,27,4,A0,256KiB,262144,2048,6f0154469137295abd7b45b25bc83aace599559234fd5f331140bd800c48b670,measured,17,14575,166223,180798,Pass,Pass,1126272383489710074
1,27,5,A0-dup,4MiB,4194304,32768,f9dc4b51d64658b088837d5f2a7d485e8eba57daed852c20d443b77cc8137655,measured,17,434339,4637725,5072064,Pass,Pass,7876534982476418273
1,27,6,A0-dup,128KiB,131072,1024,22e51081397aebb06a1c4c3f85bd08a6e7041a438f4aae416970027e1ddbb24e,measured,17,6745,79625,86370,Pass,Pass,15067928572581534229
1,27,7,A0-dup,16MiB,16777216,131072,0c00f8138e0e622f6fc7215fc0f0d135e79bf60450e4c79d30e30624a8842117,measured,17,3065439,21051864,24117303,Pass,Pass,7408339909486172793
1,27,8,A0,16MiB,16777216,131072,0c00f8138e0e622f6fc7215fc0f0d135e79bf60450e4c79d30e30624a8842117,measured,17,3072371,21916555,24988926,Pass,Pass,7408339909486172793
1,27,9,A0-dup,8MiB,8388608,65536,e456d3adf67030c5a168df273f5171ca3e1299e54571d94cca82b117f3cf3aeb,measured,17,1435881,11533155,12969036,Pass,Pass,9713268438230653554
1,27,10,A0,4MiB,4194304,32768,f9dc4b51d64658b088837d5f2a7d485e8eba57daed852c20d443b77cc8137655,measured,17,406209,4028375,4434584,Pass,Pass,7876534982476418273
1,27,11,A0-dup,512KiB,524288,4096,155dfc49f4c05f1087ef002a279acee734e738bc580f2b3925315f95a108242b,measured,17,28471,314510,342981,Pass,Pass,192086794746352270
1,27,12,A0-dup,256KiB,262144,2048,6f0154469137295abd7b45b25bc83aace599559234fd5f331140bd800c48b670,measured,17,13445,149250,162695,Pass,Pass,1126272383489710074
1,27,13,A0,512KiB,524288,4096,155dfc49f4c05f1087ef002a279acee734e738bc580f2b3925315f95a108242b,measured,17,27855,310653,338508,Pass,Pass,192086794746352270
1,27,14,A0,128KiB,131072,1024,22e51081397aebb06a1c4c3f85bd08a6e7041a438f4aae416970027e1ddbb24e,measured,17,6436,76822,83258,Pass,Pass,15067928572581534229
1,27,15,A0-dup,2MiB,2097152,16384,6587afedd7c0f949b131311e7425d033a0754a29587f85f26ec370a31fc4edf0,measured,17,112705,1458994,1571699,Pass,Pass,7349817109290025153
1,28,0,A0-dup,256KiB,262144,2048,6f0154469137295abd7b45b25bc83aace599559234fd5f331140bd800c48b670,measured,18,13509,153290,166799,Pass,Pass,1126272383489710074
1,28,1,A0,4MiB,4194304,32768,f9dc4b51d64658b088837d5f2a7d485e8eba57daed852c20d443b77cc8137655,measured,18,400727,4605577,5006304,Pass,Pass,7876534982476418273
1,28,2,A0,8MiB,8388608,65536,e456d3adf67030c5a168df273f5171ca3e1299e54571d94cca82b117f3cf3aeb,measured,18,1443232,11605151,13048383,Pass,Pass,9713268438230653554
1,28,3,A0,16MiB,16777216,131072,0c00f8138e0e622f6fc7215fc0f0d135e79bf60450e4c79d30e30624a8842117,measured,18,3091684,21152514,24244198,Pass,Pass,7408339909486172793
1,28,4,A0-dup,16MiB,16777216,131072,0c00f8138e0e622f6fc7215fc0f0d135e79bf60450e4c79d30e30624a8842117,measured,18,3095445,21980934,25076379,Pass,Pass,7408339909486172793
1,28,5,A0-dup,2MiB,2097152,16384,6587afedd7c0f949b131311e7425d033a0754a29587f85f26ec370a31fc4edf0,measured,18,113111,1419777,1532888,Pass,Pass,7349817109290025153
1,28,6,A0-dup,8MiB,8388608,65536,e456d3adf67030c5a168df273f5171ca3e1299e54571d94cca82b117f3cf3aeb,measured,18,1429977,11049568,12479545,Pass,Pass,9713268438230653554
1,28,7,A0,1MiB,1048576,8192,337a179ec729c20c01309d98317f7ca00691d12ca10285b55ade71fb880e191c,measured,18,56497,637996,694493,Pass,Pass,16341657278089853397
1,28,8,A0-dup,4MiB,4194304,32768,f9dc4b51d64658b088837d5f2a7d485e8eba57daed852c20d443b77cc8137655,measured,18,376708,4054851,4431559,Pass,Pass,7876534982476418273
1,28,9,A0,256KiB,262144,2048,6f0154469137295abd7b45b25bc83aace599559234fd5f331140bd800c48b670,measured,18,13656,155470,169126,Pass,Pass,1126272383489710074
1,28,10,A0-dup,1MiB,1048576,8192,337a179ec729c20c01309d98317f7ca00691d12ca10285b55ade71fb880e191c,measured,18,56406,625408,681814,Pass,Pass,16341657278089853397
1,28,11,A0-dup,512KiB,524288,4096,155dfc49f4c05f1087ef002a279acee734e738bc580f2b3925315f95a108242b,measured,18,28199,305336,333535,Pass,Pass,192086794746352270
1,28,12,A0,512KiB,524288,4096,155dfc49f4c05f1087ef002a279acee734e738bc580f2b3925315f95a108242b,measured,18,27984,320008,347992,Pass,Pass,192086794746352270
1,28,13,A0-dup,128KiB,131072,1024,22e51081397aebb06a1c4c3f85bd08a6e7041a438f4aae416970027e1ddbb24e,measured,18,6431,77472,83903,Pass,Pass,15067928572581534229
1,28,14,A0,2MiB,2097152,16384,6587afedd7c0f949b131311e7425d033a0754a29587f85f26ec370a31fc4edf0,measured,18,111424,1471084,1582508,Pass,Pass,7349817109290025153
1,28,15,A0,128KiB,131072,1024,22e51081397aebb06a1c4c3f85bd08a6e7041a438f4aae416970027e1ddbb24e,measured,18,6858,80080,86938,Pass,Pass,15067928572581534229
1,29,0,A0-dup,256KiB,262144,2048,6f0154469137295abd7b45b25bc83aace599559234fd5f331140bd800c48b670,measured,19,13391,156520,169911,Pass,Pass,1126272383489710074
1,29,1,A0-dup,2MiB,2097152,16384,6587afedd7c0f949b131311e7425d033a0754a29587f85f26ec370a31fc4edf0,measured,19,116081,1433795,1549876,Pass,Pass,7349817109290025153
1,29,2,A0-dup,512KiB,524288,4096,155dfc49f4c05f1087ef002a279acee734e738bc580f2b3925315f95a108242b,measured,19,28547,313690,342237,Pass,Pass,192086794746352270
1,29,3,A0,256KiB,262144,2048,6f0154469137295abd7b45b25bc83aace599559234fd5f331140bd800c48b670,measured,19,13366,149937,163303,Pass,Pass,1126272383489710074
1,29,4,A0-dup,1MiB,1048576,8192,337a179ec729c20c01309d98317f7ca00691d12ca10285b55ade71fb880e191c,measured,19,55882,638880,694762,Pass,Pass,16341657278089853397
1,29,5,A0,2MiB,2097152,16384,6587afedd7c0f949b131311e7425d033a0754a29587f85f26ec370a31fc4edf0,measured,19,112625,1404289,1516914,Pass,Pass,7349817109290025153
1,29,6,A0,4MiB,4194304,32768,f9dc4b51d64658b088837d5f2a7d485e8eba57daed852c20d443b77cc8137655,measured,19,448725,4086040,4534765,Pass,Pass,7876534982476418273
1,29,7,A0,512KiB,524288,4096,155dfc49f4c05f1087ef002a279acee734e738bc580f2b3925315f95a108242b,measured,19,28455,312411,340866,Pass,Pass,192086794746352270
1,29,8,A0,8MiB,8388608,65536,e456d3adf67030c5a168df273f5171ca3e1299e54571d94cca82b117f3cf3aeb,measured,19,1451941,11110114,12562055,Pass,Pass,9713268438230653554
1,29,9,A0-dup,16MiB,16777216,131072,0c00f8138e0e622f6fc7215fc0f0d135e79bf60450e4c79d30e30624a8842117,measured,19,3187170,21466817,24653987,Pass,Pass,7408339909486172793
1,29,10,A0,16MiB,16777216,131072,0c00f8138e0e622f6fc7215fc0f0d135e79bf60450e4c79d30e30624a8842117,measured,19,3061274,21841964,24903238,Pass,Pass,7408339909486172793
1,29,11,A0-dup,4MiB,4194304,32768,f9dc4b51d64658b088837d5f2a7d485e8eba57daed852c20d443b77cc8137655,measured,19,452910,4591457,5044367,Pass,Pass,7876534982476418273
1,29,12,A0,128KiB,131072,1024,22e51081397aebb06a1c4c3f85bd08a6e7041a438f4aae416970027e1ddbb24e,measured,19,6782,84732,91514,Pass,Pass,15067928572581534229
1,29,13,A0,1MiB,1048576,8192,337a179ec729c20c01309d98317f7ca00691d12ca10285b55ade71fb880e191c,measured,19,56641,667443,724084,Pass,Pass,16341657278089853397
1,29,14,A0-dup,8MiB,8388608,65536,e456d3adf67030c5a168df273f5171ca3e1299e54571d94cca82b117f3cf3aeb,measured,19,1428496,11175615,12604111,Pass,Pass,9713268438230653554
1,29,15,A0-dup,128KiB,131072,1024,22e51081397aebb06a1c4c3f85bd08a6e7041a438f4aae416970027e1ddbb24e,measured,19,7121,86802,93923,Pass,Pass,15067928572581534229
1,30,0,A0-dup,512KiB,524288,4096,155dfc49f4c05f1087ef002a279acee734e738bc580f2b3925315f95a108242b,measured,20,28188,309776,337964,Pass,Pass,192086794746352270
1,30,1,A0,256KiB,262144,2048,6f0154469137295abd7b45b25bc83aace599559234fd5f331140bd800c48b670,measured,20,30088,161041,191129,Pass,Pass,1126272383489710074
1,30,2,A0-dup,8MiB,8388608,65536,e456d3adf67030c5a168df273f5171ca3e1299e54571d94cca82b117f3cf3aeb,measured,20,1797594,11140895,12938489,Pass,Pass,9713268438230653554
1,30,3,A0-dup,4MiB,4194304,32768,f9dc4b51d64658b088837d5f2a7d485e8eba57daed852c20d443b77cc8137655,measured,20,354209,4114203,4468412,Pass,Pass,7876534982476418273
1,30,4,A0,1MiB,1048576,8192,337a179ec729c20c01309d98317f7ca00691d12ca10285b55ade71fb880e191c,measured,20,57115,628678,685793,Pass,Pass,16341657278089853397
1,30,5,A0,16MiB,16777216,131072,0c00f8138e0e622f6fc7215fc0f0d135e79bf60450e4c79d30e30624a8842117,measured,20,3361551,23319282,26680833,Pass,Pass,7408339909486172793
1,30,6,A0,2MiB,2097152,16384,6587afedd7c0f949b131311e7425d033a0754a29587f85f26ec370a31fc4edf0,measured,20,112644,1400852,1513496,Pass,Pass,7349817109290025153
1,30,7,A0-dup,256KiB,262144,2048,6f0154469137295abd7b45b25bc83aace599559234fd5f331140bd800c48b670,measured,20,13594,152987,166581,Pass,Pass,1126272383489710074
1,30,8,A0-dup,16MiB,16777216,131072,0c00f8138e0e622f6fc7215fc0f0d135e79bf60450e4c79d30e30624a8842117,measured,20,3053599,22268738,25322337,Pass,Pass,7408339909486172793
1,30,9,A0,8MiB,8388608,65536,e456d3adf67030c5a168df273f5171ca3e1299e54571d94cca82b117f3cf3aeb,measured,20,1418210,11144546,12562756,Pass,Pass,9713268438230653554
1,30,10,A0-dup,2MiB,2097152,16384,6587afedd7c0f949b131311e7425d033a0754a29587f85f26ec370a31fc4edf0,measured,20,112201,1411994,1524195,Pass,Pass,7349817109290025153
1,30,11,A0-dup,1MiB,1048576,8192,337a179ec729c20c01309d98317f7ca00691d12ca10285b55ade71fb880e191c,measured,20,56410,675596,732006,Pass,Pass,16341657278089853397
1,30,12,A0-dup,128KiB,131072,1024,22e51081397aebb06a1c4c3f85bd08a6e7041a438f4aae416970027e1ddbb24e,measured,20,6641,79347,85988,Pass,Pass,15067928572581534229
1,30,13,A0,4MiB,4194304,32768,f9dc4b51d64658b088837d5f2a7d485e8eba57daed852c20d443b77cc8137655,measured,20,379993,4147767,4527760,Pass,Pass,7876534982476418273
1,30,14,A0,128KiB,131072,1024,22e51081397aebb06a1c4c3f85bd08a6e7041a438f4aae416970027e1ddbb24e,measured,20,6784,79667,86451,Pass,Pass,15067928572581534229
1,30,15,A0,512KiB,524288,4096,155dfc49f4c05f1087ef002a279acee734e738bc580f2b3925315f95a108242b,measured,20,28393,311012,339405,Pass,Pass,192086794746352270
1,31,0,A0,256KiB,262144,2048,6f0154469137295abd7b45b25bc83aace599559234fd5f331140bd800c48b670,measured,21,13287,151437,164724,Pass,Pass,1126272383489710074
1,31,1,A0-dup,8MiB,8388608,65536,e456d3adf67030c5a168df273f5171ca3e1299e54571d94cca82b117f3cf3aeb,measured,21,1431329,11369123,12800452,Pass,Pass,9713268438230653554
1,31,2,A0,4MiB,4194304,32768,f9dc4b51d64658b088837d5f2a7d485e8eba57daed852c20d443b77cc8137655,measured,21,613227,4658298,5271525,Pass,Pass,7876534982476418273
1,31,3,A0-dup,256KiB,262144,2048,6f0154469137295abd7b45b25bc83aace599559234fd5f331140bd800c48b670,measured,21,17950,155388,173338,Pass,Pass,1126272383489710074
1,31,4,A0,512KiB,524288,4096,155dfc49f4c05f1087ef002a279acee734e738bc580f2b3925315f95a108242b,measured,21,28087,312657,340744,Pass,Pass,192086794746352270
1,31,5,A0-dup,4MiB,4194304,32768,f9dc4b51d64658b088837d5f2a7d485e8eba57daed852c20d443b77cc8137655,measured,21,518031,4424076,4942107,Pass,Pass,7876534982476418273
1,31,6,A0-dup,16MiB,16777216,131072,0c00f8138e0e622f6fc7215fc0f0d135e79bf60450e4c79d30e30624a8842117,measured,21,3040804,22603878,25644682,Pass,Pass,7408339909486172793
1,31,7,A0-dup,2MiB,2097152,16384,6587afedd7c0f949b131311e7425d033a0754a29587f85f26ec370a31fc4edf0,measured,21,119272,1474452,1593724,Pass,Pass,7349817109290025153
1,31,8,A0-dup,128KiB,131072,1024,22e51081397aebb06a1c4c3f85bd08a6e7041a438f4aae416970027e1ddbb24e,measured,21,6684,80074,86758,Pass,Pass,15067928572581534229
1,31,9,A0-dup,1MiB,1048576,8192,337a179ec729c20c01309d98317f7ca00691d12ca10285b55ade71fb880e191c,measured,21,56195,630504,686699,Pass,Pass,16341657278089853397
1,31,10,A0,8MiB,8388608,65536,e456d3adf67030c5a168df273f5171ca3e1299e54571d94cca82b117f3cf3aeb,measured,21,1375814,10985199,12361013,Pass,Pass,9713268438230653554
1,31,11,A0,128KiB,131072,1024,22e51081397aebb06a1c4c3f85bd08a6e7041a438f4aae416970027e1ddbb24e,measured,21,7143,80934,88077,Pass,Pass,15067928572581534229
1,31,12,A0,1MiB,1048576,8192,337a179ec729c20c01309d98317f7ca00691d12ca10285b55ade71fb880e191c,measured,21,56516,626380,682896,Pass,Pass,16341657278089853397
1,31,13,A0,2MiB,2097152,16384,6587afedd7c0f949b131311e7425d033a0754a29587f85f26ec370a31fc4edf0,measured,21,112562,1413671,1526233,Pass,Pass,7349817109290025153
1,31,14,A0,16MiB,16777216,131072,0c00f8138e0e622f6fc7215fc0f0d135e79bf60450e4c79d30e30624a8842117,measured,21,3037857,22391886,25429743,Pass,Pass,7408339909486172793
1,31,15,A0-dup,512KiB,524288,4096,155dfc49f4c05f1087ef002a279acee734e738bc580f2b3925315f95a108242b,measured,21,28475,315234,343709,Pass,Pass,192086794746352270
1,32,0,A0,256KiB,262144,2048,6f0154469137295abd7b45b25bc83aace599559234fd5f331140bd800c48b670,measured,22,13465,155979,169444,Pass,Pass,1126272383489710074
1,32,1,A0,4MiB,4194304,32768,f9dc4b51d64658b088837d5f2a7d485e8eba57daed852c20d443b77cc8137655,measured,22,405874,4311019,4716893,Pass,Pass,7876534982476418273
1,32,2,A0-dup,256KiB,262144,2048,6f0154469137295abd7b45b25bc83aace599559234fd5f331140bd800c48b670,measured,22,14041,156753,170794,Pass,Pass,1126272383489710074
1,32,3,A0,1MiB,1048576,8192,337a179ec729c20c01309d98317f7ca00691d12ca10285b55ade71fb880e191c,measured,22,57190,640480,697670,Pass,Pass,16341657278089853397
1,32,4,A0,2MiB,2097152,16384,6587afedd7c0f949b131311e7425d033a0754a29587f85f26ec370a31fc4edf0,measured,22,113510,1472383,1585893,Pass,Pass,7349817109290025153
1,32,5,A0-dup,8MiB,8388608,65536,e456d3adf67030c5a168df273f5171ca3e1299e54571d94cca82b117f3cf3aeb,measured,22,1393408,10891564,12284972,Pass,Pass,9713268438230653554
1,32,6,A0,16MiB,16777216,131072,0c00f8138e0e622f6fc7215fc0f0d135e79bf60450e4c79d30e30624a8842117,measured,22,3060702,21339528,24400230,Pass,Pass,7408339909486172793
1,32,7,A0,512KiB,524288,4096,155dfc49f4c05f1087ef002a279acee734e738bc580f2b3925315f95a108242b,measured,22,28495,318097,346592,Pass,Pass,192086794746352270
1,32,8,A0,8MiB,8388608,65536,e456d3adf67030c5a168df273f5171ca3e1299e54571d94cca82b117f3cf3aeb,measured,22,1333140,10861397,12194537,Pass,Pass,9713268438230653554
1,32,9,A0-dup,512KiB,524288,4096,155dfc49f4c05f1087ef002a279acee734e738bc580f2b3925315f95a108242b,measured,22,28583,314872,343455,Pass,Pass,192086794746352270
1,32,10,A0-dup,128KiB,131072,1024,22e51081397aebb06a1c4c3f85bd08a6e7041a438f4aae416970027e1ddbb24e,measured,22,6490,79171,85661,Pass,Pass,15067928572581534229
1,32,11,A0,128KiB,131072,1024,22e51081397aebb06a1c4c3f85bd08a6e7041a438f4aae416970027e1ddbb24e,measured,22,6479,76895,83374,Pass,Pass,15067928572581534229
1,32,12,A0-dup,4MiB,4194304,32768,f9dc4b51d64658b088837d5f2a7d485e8eba57daed852c20d443b77cc8137655,measured,22,489710,4375377,4865087,Pass,Pass,7876534982476418273
1,32,13,A0-dup,1MiB,1048576,8192,337a179ec729c20c01309d98317f7ca00691d12ca10285b55ade71fb880e191c,measured,22,56279,630974,687253,Pass,Pass,16341657278089853397
1,32,14,A0-dup,2MiB,2097152,16384,6587afedd7c0f949b131311e7425d033a0754a29587f85f26ec370a31fc4edf0,measured,22,112677,1413296,1525973,Pass,Pass,7349817109290025153
1,32,15,A0-dup,16MiB,16777216,131072,0c00f8138e0e622f6fc7215fc0f0d135e79bf60450e4c79d30e30624a8842117,measured,22,3044295,21876050,24920345,Pass,Pass,7408339909486172793
1,33,0,A0-dup,512KiB,524288,4096,155dfc49f4c05f1087ef002a279acee734e738bc580f2b3925315f95a108242b,measured,23,28261,327520,355781,Pass,Pass,192086794746352270
1,33,1,A0-dup,256KiB,262144,2048,6f0154469137295abd7b45b25bc83aace599559234fd5f331140bd800c48b670,measured,23,13578,151966,165544,Pass,Pass,1126272383489710074
1,33,2,A0-dup,1MiB,1048576,8192,337a179ec729c20c01309d98317f7ca00691d12ca10285b55ade71fb880e191c,measured,23,55973,648063,704036,Pass,Pass,16341657278089853397
1,33,3,A0,2MiB,2097152,16384,6587afedd7c0f949b131311e7425d033a0754a29587f85f26ec370a31fc4edf0,measured,23,113912,1460668,1574580,Pass,Pass,7349817109290025153
1,33,4,A0,128KiB,131072,1024,22e51081397aebb06a1c4c3f85bd08a6e7041a438f4aae416970027e1ddbb24e,measured,23,6749,80926,87675,Pass,Pass,15067928572581534229
1,33,5,A0-dup,4MiB,4194304,32768,f9dc4b51d64658b088837d5f2a7d485e8eba57daed852c20d443b77cc8137655,measured,23,379751,4128344,4508095,Pass,Pass,7876534982476418273
1,33,6,A0-dup,2MiB,2097152,16384,6587afedd7c0f949b131311e7425d033a0754a29587f85f26ec370a31fc4edf0,measured,23,131607,1455072,1586679,Pass,Pass,7349817109290025153
1,33,7,A0-dup,128KiB,131072,1024,22e51081397aebb06a1c4c3f85bd08a6e7041a438f4aae416970027e1ddbb24e,measured,23,6822,79145,85967,Pass,Pass,15067928572581534229
1,33,8,A0,16MiB,16777216,131072,0c00f8138e0e622f6fc7215fc0f0d135e79bf60450e4c79d30e30624a8842117,measured,23,3083537,21394124,24477661,Pass,Pass,7408339909486172793
1,33,9,A0,256KiB,262144,2048,6f0154469137295abd7b45b25bc83aace599559234fd5f331140bd800c48b670,measured,23,14031,156704,170735,Pass,Pass,1126272383489710074
1,33,10,A0,1MiB,1048576,8192,337a179ec729c20c01309d98317f7ca00691d12ca10285b55ade71fb880e191c,measured,23,56438,640628,697066,Pass,Pass,16341657278089853397
1,33,11,A0,4MiB,4194304,32768,f9dc4b51d64658b088837d5f2a7d485e8eba57daed852c20d443b77cc8137655,measured,23,576841,4338517,4915358,Pass,Pass,7876534982476418273
1,33,12,A0,8MiB,8388608,65536,e456d3adf67030c5a168df273f5171ca3e1299e54571d94cca82b117f3cf3aeb,measured,23,1419967,11440216,12860183,Pass,Pass,9713268438230653554
1,33,13,A0-dup,16MiB,16777216,131072,0c00f8138e0e622f6fc7215fc0f0d135e79bf60450e4c79d30e30624a8842117,measured,23,3032493,22326860,25359353,Pass,Pass,7408339909486172793
1,33,14,A0,512KiB,524288,4096,155dfc49f4c05f1087ef002a279acee734e738bc580f2b3925315f95a108242b,measured,23,28248,313306,341554,Pass,Pass,192086794746352270
1,33,15,A0-dup,8MiB,8388608,65536,e456d3adf67030c5a168df273f5171ca3e1299e54571d94cca82b117f3cf3aeb,measured,23,1426385,11091633,12518018,Pass,Pass,9713268438230653554
1,34,0,A0,512KiB,524288,4096,155dfc49f4c05f1087ef002a279acee734e738bc580f2b3925315f95a108242b,measured,24,28228,312360,340588,Pass,Pass,192086794746352270
1,34,1,A0-dup,256KiB,262144,2048,6f0154469137295abd7b45b25bc83aace599559234fd5f331140bd800c48b670,measured,24,13394,149655,163049,Pass,Pass,1126272383489710074
1,34,2,A0,128KiB,131072,1024,22e51081397aebb06a1c4c3f85bd08a6e7041a438f4aae416970027e1ddbb24e,measured,24,6433,76761,83194,Pass,Pass,15067928572581534229
1,34,3,A0-dup,512KiB,524288,4096,155dfc49f4c05f1087ef002a279acee734e738bc580f2b3925315f95a108242b,measured,24,27899,304758,332657,Pass,Pass,192086794746352270
1,34,4,A0,4MiB,4194304,32768,f9dc4b51d64658b088837d5f2a7d485e8eba57daed852c20d443b77cc8137655,measured,24,495796,4328386,4824182,Pass,Pass,7876534982476418273
1,34,5,A0,1MiB,1048576,8192,337a179ec729c20c01309d98317f7ca00691d12ca10285b55ade71fb880e191c,measured,24,56879,649709,706588,Pass,Pass,16341657278089853397
1,34,6,A0-dup,8MiB,8388608,65536,e456d3adf67030c5a168df273f5171ca3e1299e54571d94cca82b117f3cf3aeb,measured,24,1373055,11194468,12567523,Pass,Pass,9713268438230653554
1,34,7,A0,16MiB,16777216,131072,0c00f8138e0e622f6fc7215fc0f0d135e79bf60450e4c79d30e30624a8842117,measured,24,3035047,21749081,24784128,Pass,Pass,7408339909486172793
1,34,8,A0,256KiB,262144,2048,6f0154469137295abd7b45b25bc83aace599559234fd5f331140bd800c48b670,measured,24,13791,155321,169112,Pass,Pass,1126272383489710074
1,34,9,A0-dup,128KiB,131072,1024,22e51081397aebb06a1c4c3f85bd08a6e7041a438f4aae416970027e1ddbb24e,measured,24,7073,94545,101618,Pass,Pass,15067928572581534229
1,34,10,A0-dup,4MiB,4194304,32768,f9dc4b51d64658b088837d5f2a7d485e8eba57daed852c20d443b77cc8137655,measured,24,397458,3933695,4331153,Pass,Pass,7876534982476418273
1,34,11,A0-dup,1MiB,1048576,8192,337a179ec729c20c01309d98317f7ca00691d12ca10285b55ade71fb880e191c,measured,24,58090,718492,776582,Pass,Pass,16341657278089853397
1,34,12,A0,8MiB,8388608,65536,e456d3adf67030c5a168df273f5171ca3e1299e54571d94cca82b117f3cf3aeb,measured,24,1489473,10322558,11812031,Pass,Pass,9713268438230653554
1,34,13,A0-dup,16MiB,16777216,131072,0c00f8138e0e622f6fc7215fc0f0d135e79bf60450e4c79d30e30624a8842117,measured,24,3040152,22436782,25476934,Pass,Pass,7408339909486172793
1,34,14,A0,2MiB,2097152,16384,6587afedd7c0f949b131311e7425d033a0754a29587f85f26ec370a31fc4edf0,measured,24,114608,1427588,1542196,Pass,Pass,7349817109290025153
1,34,15,A0-dup,2MiB,2097152,16384,6587afedd7c0f949b131311e7425d033a0754a29587f85f26ec370a31fc4edf0,measured,24,111385,1437818,1549203,Pass,Pass,7349817109290025153
1,35,0,A0,256KiB,262144,2048,6f0154469137295abd7b45b25bc83aace599559234fd5f331140bd800c48b670,measured,25,13787,154147,167934,Pass,Pass,1126272383489710074
1,35,1,A0-dup,128KiB,131072,1024,22e51081397aebb06a1c4c3f85bd08a6e7041a438f4aae416970027e1ddbb24e,measured,25,6626,77798,84424,Pass,Pass,15067928572581534229
1,35,2,A0,128KiB,131072,1024,22e51081397aebb06a1c4c3f85bd08a6e7041a438f4aae416970027e1ddbb24e,measured,25,6476,77709,84185,Pass,Pass,15067928572581534229
1,35,3,A0,8MiB,8388608,65536,e456d3adf67030c5a168df273f5171ca3e1299e54571d94cca82b117f3cf3aeb,measured,25,1432851,11703995,13136846,Pass,Pass,9713268438230653554
1,35,4,A0-dup,4MiB,4194304,32768,f9dc4b51d64658b088837d5f2a7d485e8eba57daed852c20d443b77cc8137655,measured,25,349617,4077881,4427498,Pass,Pass,7876534982476418273
1,35,5,A0,16MiB,16777216,131072,0c00f8138e0e622f6fc7215fc0f0d135e79bf60450e4c79d30e30624a8842117,measured,25,3021617,21721670,24743287,Pass,Pass,7408339909486172793
1,35,6,A0,512KiB,524288,4096,155dfc49f4c05f1087ef002a279acee734e738bc580f2b3925315f95a108242b,measured,25,28461,320956,349417,Pass,Pass,192086794746352270
1,35,7,A0-dup,256KiB,262144,2048,6f0154469137295abd7b45b25bc83aace599559234fd5f331140bd800c48b670,measured,25,13290,150841,164131,Pass,Pass,1126272383489710074
1,35,8,A0,2MiB,2097152,16384,6587afedd7c0f949b131311e7425d033a0754a29587f85f26ec370a31fc4edf0,measured,25,120017,1421694,1541711,Pass,Pass,7349817109290025153
1,35,9,A0-dup,512KiB,524288,4096,155dfc49f4c05f1087ef002a279acee734e738bc580f2b3925315f95a108242b,measured,25,28277,330792,359069,Pass,Pass,192086794746352270
1,35,10,A0,4MiB,4194304,32768,f9dc4b51d64658b088837d5f2a7d485e8eba57daed852c20d443b77cc8137655,measured,25,369050,4088650,4457700,Pass,Pass,7876534982476418273
1,35,11,A0,1MiB,1048576,8192,337a179ec729c20c01309d98317f7ca00691d12ca10285b55ade71fb880e191c,measured,25,56167,637722,693889,Pass,Pass,16341657278089853397
1,35,12,A0-dup,2MiB,2097152,16384,6587afedd7c0f949b131311e7425d033a0754a29587f85f26ec370a31fc4edf0,measured,25,113369,1414523,1527892,Pass,Pass,7349817109290025153
1,35,13,A0-dup,1MiB,1048576,8192,337a179ec729c20c01309d98317f7ca00691d12ca10285b55ade71fb880e191c,measured,25,56919,628139,685058,Pass,Pass,16341657278089853397
1,35,14,A0-dup,8MiB,8388608,65536,e456d3adf67030c5a168df273f5171ca3e1299e54571d94cca82b117f3cf3aeb,measured,25,1382371,10895809,12278180,Pass,Pass,9713268438230653554
1,35,15,A0-dup,16MiB,16777216,131072,0c00f8138e0e622f6fc7215fc0f0d135e79bf60450e4c79d30e30624a8842117,measured,25,3034119,22410918,25445037,Pass,Pass,7408339909486172793
1,36,0,A0,512KiB,524288,4096,155dfc49f4c05f1087ef002a279acee734e738bc580f2b3925315f95a108242b,measured,26,28613,311497,340110,Pass,Pass,192086794746352270
1,36,1,A0-dup,512KiB,524288,4096,155dfc49f4c05f1087ef002a279acee734e738bc580f2b3925315f95a108242b,measured,26,28372,322742,351114,Pass,Pass,192086794746352270
1,36,2,A0-dup,4MiB,4194304,32768,f9dc4b51d64658b088837d5f2a7d485e8eba57daed852c20d443b77cc8137655,measured,26,308949,3945881,4254830,Pass,Pass,7876534982476418273
1,36,3,A0,8MiB,8388608,65536,e456d3adf67030c5a168df273f5171ca3e1299e54571d94cca82b117f3cf3aeb,measured,26,1471055,11234756,12705811,Pass,Pass,9713268438230653554
1,36,4,A0,16MiB,16777216,131072,0c00f8138e0e622f6fc7215fc0f0d135e79bf60450e4c79d30e30624a8842117,measured,26,3026655,21914737,24941392,Pass,Pass,7408339909486172793
1,36,5,A0,4MiB,4194304,32768,f9dc4b51d64658b088837d5f2a7d485e8eba57daed852c20d443b77cc8137655,measured,26,339460,3889794,4229254,Pass,Pass,7876534982476418273
1,36,6,A0-dup,16MiB,16777216,131072,0c00f8138e0e622f6fc7215fc0f0d135e79bf60450e4c79d30e30624a8842117,measured,26,3040636,22324950,25365586,Pass,Pass,7408339909486172793
1,36,7,A0,256KiB,262144,2048,6f0154469137295abd7b45b25bc83aace599559234fd5f331140bd800c48b670,measured,26,13933,155848,169781,Pass,Pass,1126272383489710074
1,36,8,A0-dup,128KiB,131072,1024,22e51081397aebb06a1c4c3f85bd08a6e7041a438f4aae416970027e1ddbb24e,measured,26,6516,77649,84165,Pass,Pass,15067928572581534229
1,36,9,A0,128KiB,131072,1024,22e51081397aebb06a1c4c3f85bd08a6e7041a438f4aae416970027e1ddbb24e,measured,26,6598,76175,82773,Pass,Pass,15067928572581534229
1,36,10,A0-dup,256KiB,262144,2048,6f0154469137295abd7b45b25bc83aace599559234fd5f331140bd800c48b670,measured,26,13360,149507,162867,Pass,Pass,1126272383489710074
1,36,11,A0,2MiB,2097152,16384,6587afedd7c0f949b131311e7425d033a0754a29587f85f26ec370a31fc4edf0,measured,26,115442,1675135,1790577,Pass,Pass,7349817109290025153
1,36,12,A0-dup,1MiB,1048576,8192,337a179ec729c20c01309d98317f7ca00691d12ca10285b55ade71fb880e191c,measured,26,57178,628619,685797,Pass,Pass,16341657278089853397
1,36,13,A0-dup,2MiB,2097152,16384,6587afedd7c0f949b131311e7425d033a0754a29587f85f26ec370a31fc4edf0,measured,26,118097,1420202,1538299,Pass,Pass,7349817109290025153
1,36,14,A0,1MiB,1048576,8192,337a179ec729c20c01309d98317f7ca00691d12ca10285b55ade71fb880e191c,measured,26,56839,618532,675371,Pass,Pass,16341657278089853397
1,36,15,A0-dup,8MiB,8388608,65536,e456d3adf67030c5a168df273f5171ca3e1299e54571d94cca82b117f3cf3aeb,measured,26,1602240,11238955,12841195,Pass,Pass,9713268438230653554
1,37,0,A0,2MiB,2097152,16384,6587afedd7c0f949b131311e7425d033a0754a29587f85f26ec370a31fc4edf0,measured,27,115600,1556233,1671833,Pass,Pass,7349817109290025153
1,37,1,A0,256KiB,262144,2048,6f0154469137295abd7b45b25bc83aace599559234fd5f331140bd800c48b670,measured,27,14120,204674,218794,Pass,Pass,1126272383489710074
1,37,2,A0,512KiB,524288,4096,155dfc49f4c05f1087ef002a279acee734e738bc580f2b3925315f95a108242b,measured,27,28423,312965,341388,Pass,Pass,192086794746352270
1,37,3,A0,4MiB,4194304,32768,f9dc4b51d64658b088837d5f2a7d485e8eba57daed852c20d443b77cc8137655,measured,27,537288,4386473,4923761,Pass,Pass,7876534982476418273
1,37,4,A0-dup,16MiB,16777216,131072,0c00f8138e0e622f6fc7215fc0f0d135e79bf60450e4c79d30e30624a8842117,measured,27,3099516,21603432,24702948,Pass,Pass,7408339909486172793
1,37,5,A0,128KiB,131072,1024,22e51081397aebb06a1c4c3f85bd08a6e7041a438f4aae416970027e1ddbb24e,measured,27,7049,80488,87537,Pass,Pass,15067928572581534229
1,37,6,A0,1MiB,1048576,8192,337a179ec729c20c01309d98317f7ca00691d12ca10285b55ade71fb880e191c,measured,27,57275,648991,706266,Pass,Pass,16341657278089853397
1,37,7,A0-dup,256KiB,262144,2048,6f0154469137295abd7b45b25bc83aace599559234fd5f331140bd800c48b670,measured,27,13690,168756,182446,Pass,Pass,1126272383489710074
1,37,8,A0,8MiB,8388608,65536,e456d3adf67030c5a168df273f5171ca3e1299e54571d94cca82b117f3cf3aeb,measured,27,1432447,11186935,12619382,Pass,Pass,9713268438230653554
1,37,9,A0-dup,1MiB,1048576,8192,337a179ec729c20c01309d98317f7ca00691d12ca10285b55ade71fb880e191c,measured,27,56561,621917,678478,Pass,Pass,16341657278089853397
1,37,10,A0-dup,2MiB,2097152,16384,6587afedd7c0f949b131311e7425d033a0754a29587f85f26ec370a31fc4edf0,measured,27,128069,1424886,1552955,Pass,Pass,7349817109290025153
1,37,11,A0-dup,4MiB,4194304,32768,f9dc4b51d64658b088837d5f2a7d485e8eba57daed852c20d443b77cc8137655,measured,27,437254,4087670,4524924,Pass,Pass,7876534982476418273
1,37,12,A0-dup,8MiB,8388608,65536,e456d3adf67030c5a168df273f5171ca3e1299e54571d94cca82b117f3cf3aeb,measured,27,1465411,11396109,12861520,Pass,Pass,9713268438230653554
1,37,13,A0-dup,512KiB,524288,4096,155dfc49f4c05f1087ef002a279acee734e738bc580f2b3925315f95a108242b,measured,27,28318,324378,352696,Pass,Pass,192086794746352270
1,37,14,A0-dup,128KiB,131072,1024,22e51081397aebb06a1c4c3f85bd08a6e7041a438f4aae416970027e1ddbb24e,measured,27,6373,77566,83939,Pass,Pass,15067928572581534229
1,37,15,A0,16MiB,16777216,131072,0c00f8138e0e622f6fc7215fc0f0d135e79bf60450e4c79d30e30624a8842117,measured,27,3048371,23311006,26359377,Pass,Pass,7408339909486172793
1,38,0,A0,1MiB,1048576,8192,337a179ec729c20c01309d98317f7ca00691d12ca10285b55ade71fb880e191c,measured,28,57279,629006,686285,Pass,Pass,16341657278089853397
1,38,1,A0,4MiB,4194304,32768,f9dc4b51d64658b088837d5f2a7d485e8eba57daed852c20d443b77cc8137655,measured,28,413205,3873614,4286819,Pass,Pass,7876534982476418273
1,38,2,A0,256KiB,262144,2048,6f0154469137295abd7b45b25bc83aace599559234fd5f331140bd800c48b670,measured,28,13664,156246,169910,Pass,Pass,1126272383489710074
1,38,3,A0,128KiB,131072,1024,22e51081397aebb06a1c4c3f85bd08a6e7041a438f4aae416970027e1ddbb24e,measured,28,6560,77431,83991,Pass,Pass,15067928572581534229
1,38,4,A0-dup,256KiB,262144,2048,6f0154469137295abd7b45b25bc83aace599559234fd5f331140bd800c48b670,measured,28,13369,156779,170148,Pass,Pass,1126272383489710074
1,38,5,A0-dup,4MiB,4194304,32768,f9dc4b51d64658b088837d5f2a7d485e8eba57daed852c20d443b77cc8137655,measured,28,594453,4727947,5322400,Pass,Pass,7876534982476418273
1,38,6,A0,512KiB,524288,4096,155dfc49f4c05f1087ef002a279acee734e738bc580f2b3925315f95a108242b,measured,28,28687,311022,339709,Pass,Pass,192086794746352270
1,38,7,A0,8MiB,8388608,65536,e456d3adf67030c5a168df273f5171ca3e1299e54571d94cca82b117f3cf3aeb,measured,28,1461430,11526252,12987682,Pass,Pass,9713268438230653554
1,38,8,A0,16MiB,16777216,131072,0c00f8138e0e622f6fc7215fc0f0d135e79bf60450e4c79d30e30624a8842117,measured,28,3080525,21692430,24772955,Pass,Pass,7408339909486172793
1,38,9,A0-dup,128KiB,131072,1024,22e51081397aebb06a1c4c3f85bd08a6e7041a438f4aae416970027e1ddbb24e,measured,28,7483,99452,106935,Pass,Pass,15067928572581534229
1,38,10,A0-dup,512KiB,524288,4096,155dfc49f4c05f1087ef002a279acee734e738bc580f2b3925315f95a108242b,measured,28,28115,309060,337175,Pass,Pass,192086794746352270
1,38,11,A0-dup,16MiB,16777216,131072,0c00f8138e0e622f6fc7215fc0f0d135e79bf60450e4c79d30e30624a8842117,measured,28,3370650,23403852,26774502,Pass,Pass,7408339909486172793
1,38,12,A0-dup,1MiB,1048576,8192,337a179ec729c20c01309d98317f7ca00691d12ca10285b55ade71fb880e191c,measured,28,56691,647970,704661,Pass,Pass,16341657278089853397
1,38,13,A0,2MiB,2097152,16384,6587afedd7c0f949b131311e7425d033a0754a29587f85f26ec370a31fc4edf0,measured,28,112101,1363983,1476084,Pass,Pass,7349817109290025153
1,38,14,A0-dup,8MiB,8388608,65536,e456d3adf67030c5a168df273f5171ca3e1299e54571d94cca82b117f3cf3aeb,measured,28,1393986,11500385,12894371,Pass,Pass,9713268438230653554
1,38,15,A0-dup,2MiB,2097152,16384,6587afedd7c0f949b131311e7425d033a0754a29587f85f26ec370a31fc4edf0,measured,28,112222,1359691,1471913,Pass,Pass,7349817109290025153
1,39,0,A0-dup,2MiB,2097152,16384,6587afedd7c0f949b131311e7425d033a0754a29587f85f26ec370a31fc4edf0,measured,29,111818,1501905,1613723,Pass,Pass,7349817109290025153
1,39,1,A0-dup,128KiB,131072,1024,22e51081397aebb06a1c4c3f85bd08a6e7041a438f4aae416970027e1ddbb24e,measured,29,6958,80600,87558,Pass,Pass,15067928572581534229
1,39,2,A0,2MiB,2097152,16384,6587afedd7c0f949b131311e7425d033a0754a29587f85f26ec370a31fc4edf0,measured,29,116245,1496743,1612988,Pass,Pass,7349817109290025153
1,39,3,A0-dup,256KiB,262144,2048,6f0154469137295abd7b45b25bc83aace599559234fd5f331140bd800c48b670,measured,29,14143,154834,168977,Pass,Pass,1126272383489710074
1,39,4,A0,8MiB,8388608,65536,e456d3adf67030c5a168df273f5171ca3e1299e54571d94cca82b117f3cf3aeb,measured,29,1417920,10995745,12413665,Pass,Pass,9713268438230653554
1,39,5,A0-dup,1MiB,1048576,8192,337a179ec729c20c01309d98317f7ca00691d12ca10285b55ade71fb880e191c,measured,29,57399,631493,688892,Pass,Pass,16341657278089853397
1,39,6,A0-dup,8MiB,8388608,65536,e456d3adf67030c5a168df273f5171ca3e1299e54571d94cca82b117f3cf3aeb,measured,29,1401255,11263246,12664501,Pass,Pass,9713268438230653554
1,39,7,A0,256KiB,262144,2048,6f0154469137295abd7b45b25bc83aace599559234fd5f331140bd800c48b670,measured,29,13827,155903,169730,Pass,Pass,1126272383489710074
1,39,8,A0-dup,16MiB,16777216,131072,0c00f8138e0e622f6fc7215fc0f0d135e79bf60450e4c79d30e30624a8842117,measured,29,3038162,22452644,25490806,Pass,Pass,7408339909486172793
1,39,9,A0,128KiB,131072,1024,22e51081397aebb06a1c4c3f85bd08a6e7041a438f4aae416970027e1ddbb24e,measured,29,7472,86386,93858,Pass,Pass,15067928572581534229
1,39,10,A0,512KiB,524288,4096,155dfc49f4c05f1087ef002a279acee734e738bc580f2b3925315f95a108242b,measured,29,40300,309195,349495,Pass,Pass,192086794746352270
1,39,11,A0,1MiB,1048576,8192,337a179ec729c20c01309d98317f7ca00691d12ca10285b55ade71fb880e191c,measured,29,56024,659164,715188,Pass,Pass,16341657278089853397
1,39,12,A0-dup,512KiB,524288,4096,155dfc49f4c05f1087ef002a279acee734e738bc580f2b3925315f95a108242b,measured,29,27774,313502,341276,Pass,Pass,192086794746352270
1,39,13,A0,4MiB,4194304,32768,f9dc4b51d64658b088837d5f2a7d485e8eba57daed852c20d443b77cc8137655,measured,29,428914,4256318,4685232,Pass,Pass,7876534982476418273
1,39,14,A0-dup,4MiB,4194304,32768,f9dc4b51d64658b088837d5f2a7d485e8eba57daed852c20d443b77cc8137655,measured,29,349822,4067259,4417081,Pass,Pass,7876534982476418273
1,39,15,A0,16MiB,16777216,131072,0c00f8138e0e622f6fc7215fc0f0d135e79bf60450e4c79d30e30624a8842117,measured,29,3034136,22216428,25250564,Pass,Pass,7408339909486172793
2,0,0,A0,2MiB,2097152,16384,6587afedd7c0f949b131311e7425d033a0754a29587f85f26ec370a31fc4edf0,warmup,0,222593,2447636,2670229,Pass,Pass,7349817109290025153
2,0,1,A0-dup,512KiB,524288,4096,155dfc49f4c05f1087ef002a279acee734e738bc580f2b3925315f95a108242b,warmup,0,28934,326061,354995,Pass,Pass,192086794746352270
2,0,2,A0,512KiB,524288,4096,155dfc49f4c05f1087ef002a279acee734e738bc580f2b3925315f95a108242b,warmup,0,34899,448159,483058,Pass,Pass,192086794746352270
2,0,3,A0-dup,1MiB,1048576,8192,337a179ec729c20c01309d98317f7ca00691d12ca10285b55ade71fb880e191c,warmup,0,62889,1012709,1075598,Pass,Pass,16341657278089853397
2,0,4,A0-dup,256KiB,262144,2048,6f0154469137295abd7b45b25bc83aace599559234fd5f331140bd800c48b670,warmup,0,14206,169925,184131,Pass,Pass,1126272383489710074
2,0,5,A0-dup,8MiB,8388608,65536,e456d3adf67030c5a168df273f5171ca3e1299e54571d94cca82b117f3cf3aeb,warmup,0,1457438,12410471,13867909,Pass,Pass,9713268438230653554
2,0,6,A0-dup,2MiB,2097152,16384,6587afedd7c0f949b131311e7425d033a0754a29587f85f26ec370a31fc4edf0,warmup,0,159431,1528334,1687765,Pass,Pass,7349817109290025153
2,0,7,A0,1MiB,1048576,8192,337a179ec729c20c01309d98317f7ca00691d12ca10285b55ade71fb880e191c,warmup,0,56118,641285,697403,Pass,Pass,16341657278089853397
2,0,8,A0-dup,128KiB,131072,1024,22e51081397aebb06a1c4c3f85bd08a6e7041a438f4aae416970027e1ddbb24e,warmup,0,6657,76539,83196,Pass,Pass,15067928572581534229
2,0,9,A0,16MiB,16777216,131072,0c00f8138e0e622f6fc7215fc0f0d135e79bf60450e4c79d30e30624a8842117,warmup,0,3066161,24262855,27329016,Pass,Pass,7408339909486172793
2,0,10,A0,8MiB,8388608,65536,e456d3adf67030c5a168df273f5171ca3e1299e54571d94cca82b117f3cf3aeb,warmup,0,1357485,11205867,12563352,Pass,Pass,9713268438230653554
2,0,11,A0-dup,16MiB,16777216,131072,0c00f8138e0e622f6fc7215fc0f0d135e79bf60450e4c79d30e30624a8842117,warmup,0,3126831,22245992,25372823,Pass,Pass,7408339909486172793
2,0,12,A0-dup,4MiB,4194304,32768,f9dc4b51d64658b088837d5f2a7d485e8eba57daed852c20d443b77cc8137655,warmup,0,553763,4621063,5174826,Pass,Pass,7876534982476418273
2,0,13,A0,4MiB,4194304,32768,f9dc4b51d64658b088837d5f2a7d485e8eba57daed852c20d443b77cc8137655,warmup,0,580283,4657352,5237635,Pass,Pass,7876534982476418273
2,0,14,A0,128KiB,131072,1024,22e51081397aebb06a1c4c3f85bd08a6e7041a438f4aae416970027e1ddbb24e,warmup,0,6834,79707,86541,Pass,Pass,15067928572581534229
2,0,15,A0,256KiB,262144,2048,6f0154469137295abd7b45b25bc83aace599559234fd5f331140bd800c48b670,warmup,0,13418,158267,171685,Pass,Pass,1126272383489710074
2,1,0,A0,2MiB,2097152,16384,6587afedd7c0f949b131311e7425d033a0754a29587f85f26ec370a31fc4edf0,warmup,0,142596,1511825,1654421,Pass,Pass,7349817109290025153
2,1,1,A0-dup,256KiB,262144,2048,6f0154469137295abd7b45b25bc83aace599559234fd5f331140bd800c48b670,warmup,0,13403,155254,168657,Pass,Pass,1126272383489710074
2,1,2,A0,4MiB,4194304,32768,f9dc4b51d64658b088837d5f2a7d485e8eba57daed852c20d443b77cc8137655,warmup,0,544138,4627087,5171225,Pass,Pass,7876534982476418273
2,1,3,A0-dup,1MiB,1048576,8192,337a179ec729c20c01309d98317f7ca00691d12ca10285b55ade71fb880e191c,warmup,0,58299,649045,707344,Pass,Pass,16341657278089853397
2,1,4,A0,256KiB,262144,2048,6f0154469137295abd7b45b25bc83aace599559234fd5f331140bd800c48b670,warmup,0,13349,153216,166565,Pass,Pass,1126272383489710074
2,1,5,A0,512KiB,524288,4096,155dfc49f4c05f1087ef002a279acee734e738bc580f2b3925315f95a108242b,warmup,0,28388,310354,338742,Pass,Pass,192086794746352270
2,1,6,A0-dup,512KiB,524288,4096,155dfc49f4c05f1087ef002a279acee734e738bc580f2b3925315f95a108242b,warmup,0,28302,308522,336824,Pass,Pass,192086794746352270
2,1,7,A0-dup,128KiB,131072,1024,22e51081397aebb06a1c4c3f85bd08a6e7041a438f4aae416970027e1ddbb24e,warmup,0,9978,77318,87296,Pass,Pass,15067928572581534229
2,1,8,A0,1MiB,1048576,8192,337a179ec729c20c01309d98317f7ca00691d12ca10285b55ade71fb880e191c,warmup,0,56760,636627,693387,Pass,Pass,16341657278089853397
2,1,9,A0,128KiB,131072,1024,22e51081397aebb06a1c4c3f85bd08a6e7041a438f4aae416970027e1ddbb24e,warmup,0,6548,80738,87286,Pass,Pass,15067928572581534229
2,1,10,A0,16MiB,16777216,131072,0c00f8138e0e622f6fc7215fc0f0d135e79bf60450e4c79d30e30624a8842117,warmup,0,3121622,26193902,29315524,Pass,Pass,7408339909486172793
2,1,11,A0-dup,4MiB,4194304,32768,f9dc4b51d64658b088837d5f2a7d485e8eba57daed852c20d443b77cc8137655,warmup,0,520235,4318034,4838269,Pass,Pass,7876534982476418273
2,1,12,A0-dup,2MiB,2097152,16384,6587afedd7c0f949b131311e7425d033a0754a29587f85f26ec370a31fc4edf0,warmup,0,138379,1577034,1715413,Pass,Pass,7349817109290025153
2,1,13,A0-dup,16MiB,16777216,131072,0c00f8138e0e622f6fc7215fc0f0d135e79bf60450e4c79d30e30624a8842117,warmup,0,3124897,25990658,29115555,Pass,Pass,7408339909486172793
2,1,14,A0-dup,8MiB,8388608,65536,e456d3adf67030c5a168df273f5171ca3e1299e54571d94cca82b117f3cf3aeb,warmup,0,1396218,10891661,12287879,Pass,Pass,9713268438230653554
2,1,15,A0,8MiB,8388608,65536,e456d3adf67030c5a168df273f5171ca3e1299e54571d94cca82b117f3cf3aeb,warmup,0,1463958,10618184,12082142,Pass,Pass,9713268438230653554
2,2,0,A0,16MiB,16777216,131072,0c00f8138e0e622f6fc7215fc0f0d135e79bf60450e4c79d30e30624a8842117,warmup,0,3181279,29618395,32799674,Pass,Pass,7408339909486172793
2,2,1,A0-dup,128KiB,131072,1024,22e51081397aebb06a1c4c3f85bd08a6e7041a438f4aae416970027e1ddbb24e,warmup,0,6823,80451,87274,Pass,Pass,15067928572581534229
2,2,2,A0-dup,512KiB,524288,4096,155dfc49f4c05f1087ef002a279acee734e738bc580f2b3925315f95a108242b,warmup,0,28307,310433,338740,Pass,Pass,192086794746352270
2,2,3,A0,1MiB,1048576,8192,337a179ec729c20c01309d98317f7ca00691d12ca10285b55ade71fb880e191c,warmup,0,56106,638994,695100,Pass,Pass,16341657278089853397
2,2,4,A0,4MiB,4194304,32768,f9dc4b51d64658b088837d5f2a7d485e8eba57daed852c20d443b77cc8137655,warmup,0,599097,4488064,5087161,Pass,Pass,7876534982476418273
2,2,5,A0-dup,16MiB,16777216,131072,0c00f8138e0e622f6fc7215fc0f0d135e79bf60450e4c79d30e30624a8842117,warmup,0,3067488,27215671,30283159,Pass,Pass,7408339909486172793
2,2,6,A0-dup,2MiB,2097152,16384,6587afedd7c0f949b131311e7425d033a0754a29587f85f26ec370a31fc4edf0,warmup,0,129302,1487167,1616469,Pass,Pass,7349817109290025153
2,2,7,A0,128KiB,131072,1024,22e51081397aebb06a1c4c3f85bd08a6e7041a438f4aae416970027e1ddbb24e,warmup,0,6787,83123,89910,Pass,Pass,15067928572581534229
2,2,8,A0-dup,8MiB,8388608,65536,e456d3adf67030c5a168df273f5171ca3e1299e54571d94cca82b117f3cf3aeb,warmup,0,1407453,9805107,11212560,Pass,Pass,9713268438230653554
2,2,9,A0,2MiB,2097152,16384,6587afedd7c0f949b131311e7425d033a0754a29587f85f26ec370a31fc4edf0,warmup,0,113268,1412580,1525848,Pass,Pass,7349817109290025153
2,2,10,A0,512KiB,524288,4096,155dfc49f4c05f1087ef002a279acee734e738bc580f2b3925315f95a108242b,warmup,0,28748,303469,332217,Pass,Pass,192086794746352270
2,2,11,A0-dup,1MiB,1048576,8192,337a179ec729c20c01309d98317f7ca00691d12ca10285b55ade71fb880e191c,warmup,0,56160,643859,700019,Pass,Pass,16341657278089853397
2,2,12,A0-dup,4MiB,4194304,32768,f9dc4b51d64658b088837d5f2a7d485e8eba57daed852c20d443b77cc8137655,warmup,0,639216,4847181,5486397,Pass,Pass,7876534982476418273
2,2,13,A0-dup,256KiB,262144,2048,6f0154469137295abd7b45b25bc83aace599559234fd5f331140bd800c48b670,warmup,0,13610,157052,170662,Pass,Pass,1126272383489710074
2,2,14,A0,8MiB,8388608,65536,e456d3adf67030c5a168df273f5171ca3e1299e54571d94cca82b117f3cf3aeb,warmup,0,1421546,11172431,12593977,Pass,Pass,9713268438230653554
2,2,15,A0,256KiB,262144,2048,6f0154469137295abd7b45b25bc83aace599559234fd5f331140bd800c48b670,warmup,0,13439,159911,173350,Pass,Pass,1126272383489710074
2,3,0,A0-dup,2MiB,2097152,16384,6587afedd7c0f949b131311e7425d033a0754a29587f85f26ec370a31fc4edf0,warmup,0,136831,1534052,1670883,Pass,Pass,7349817109290025153
2,3,1,A0,128KiB,131072,1024,22e51081397aebb06a1c4c3f85bd08a6e7041a438f4aae416970027e1ddbb24e,warmup,0,6761,78809,85570,Pass,Pass,15067928572581534229
2,3,2,A0-dup,16MiB,16777216,131072,0c00f8138e0e622f6fc7215fc0f0d135e79bf60450e4c79d30e30624a8842117,warmup,0,2973460,26906404,29879864,Pass,Pass,7408339909486172793
2,3,3,A0-dup,8MiB,8388608,65536,e456d3adf67030c5a168df273f5171ca3e1299e54571d94cca82b117f3cf3aeb,warmup,0,1416826,10247954,11664780,Pass,Pass,9713268438230653554
2,3,4,A0,4MiB,4194304,32768,f9dc4b51d64658b088837d5f2a7d485e8eba57daed852c20d443b77cc8137655,warmup,0,588126,4820245,5408371,Pass,Pass,7876534982476418273
2,3,5,A0,16MiB,16777216,131072,0c00f8138e0e622f6fc7215fc0f0d135e79bf60450e4c79d30e30624a8842117,warmup,0,2981072,27298911,30279983,Pass,Pass,7408339909486172793
2,3,6,A0,2MiB,2097152,16384,6587afedd7c0f949b131311e7425d033a0754a29587f85f26ec370a31fc4edf0,warmup,0,150262,1528426,1678688,Pass,Pass,7349817109290025153
2,3,7,A0,256KiB,262144,2048,6f0154469137295abd7b45b25bc83aace599559234fd5f331140bd800c48b670,warmup,0,13428,158262,171690,Pass,Pass,1126272383489710074
2,3,8,A0,8MiB,8388608,65536,e456d3adf67030c5a168df273f5171ca3e1299e54571d94cca82b117f3cf3aeb,warmup,0,1454941,10510831,11965772,Pass,Pass,9713268438230653554
2,3,9,A0-dup,512KiB,524288,4096,155dfc49f4c05f1087ef002a279acee734e738bc580f2b3925315f95a108242b,warmup,0,28472,309403,337875,Pass,Pass,192086794746352270
2,3,10,A0-dup,128KiB,131072,1024,22e51081397aebb06a1c4c3f85bd08a6e7041a438f4aae416970027e1ddbb24e,warmup,0,6455,77158,83613,Pass,Pass,15067928572581534229
2,3,11,A0,512KiB,524288,4096,155dfc49f4c05f1087ef002a279acee734e738bc580f2b3925315f95a108242b,warmup,0,28634,306243,334877,Pass,Pass,192086794746352270
2,3,12,A0-dup,1MiB,1048576,8192,337a179ec729c20c01309d98317f7ca00691d12ca10285b55ade71fb880e191c,warmup,0,56060,648376,704436,Pass,Pass,16341657278089853397
2,3,13,A0-dup,256KiB,262144,2048,6f0154469137295abd7b45b25bc83aace599559234fd5f331140bd800c48b670,warmup,0,13283,156627,169910,Pass,Pass,1126272383489710074
2,3,14,A0,1MiB,1048576,8192,337a179ec729c20c01309d98317f7ca00691d12ca10285b55ade71fb880e191c,warmup,0,56821,614841,671662,Pass,Pass,16341657278089853397
2,3,15,A0-dup,4MiB,4194304,32768,f9dc4b51d64658b088837d5f2a7d485e8eba57daed852c20d443b77cc8137655,warmup,0,599682,4550472,5150154,Pass,Pass,7876534982476418273
2,4,0,A0,8MiB,8388608,65536,e456d3adf67030c5a168df273f5171ca3e1299e54571d94cca82b117f3cf3aeb,warmup,0,1404696,10886176,12290872,Pass,Pass,9713268438230653554
2,4,1,A0-dup,4MiB,4194304,32768,f9dc4b51d64658b088837d5f2a7d485e8eba57daed852c20d443b77cc8137655,warmup,0,650481,5126352,5776833,Pass,Pass,7876534982476418273
2,4,2,A0,16MiB,16777216,131072,0c00f8138e0e622f6fc7215fc0f0d135e79bf60450e4c79d30e30624a8842117,warmup,0,3111177,26553114,29664291,Pass,Pass,7408339909486172793
2,4,3,A0,128KiB,131072,1024,22e51081397aebb06a1c4c3f85bd08a6e7041a438f4aae416970027e1ddbb24e,warmup,0,6655,81181,87836,Pass,Pass,15067928572581534229
2,4,4,A0-dup,256KiB,262144,2048,6f0154469137295abd7b45b25bc83aace599559234fd5f331140bd800c48b670,warmup,0,13233,156099,169332,Pass,Pass,1126272383489710074
2,4,5,A0-dup,16MiB,16777216,131072,0c00f8138e0e622f6fc7215fc0f0d135e79bf60450e4c79d30e30624a8842117,warmup,0,2980697,26969167,29949864,Pass,Pass,7408339909486172793
2,4,6,A0,256KiB,262144,2048,6f0154469137295abd7b45b25bc83aace599559234fd5f331140bd800c48b670,warmup,0,13575,162042,175617,Pass,Pass,1126272383489710074
2,4,7,A0,2MiB,2097152,16384,6587afedd7c0f949b131311e7425d033a0754a29587f85f26ec370a31fc4edf0,warmup,0,114202,1392817,1507019,Pass,Pass,7349817109290025153
2,4,8,A0,512KiB,524288,4096,155dfc49f4c05f1087ef002a279acee734e738bc580f2b3925315f95a108242b,warmup,0,28393,324376,352769,Pass,Pass,192086794746352270
2,4,9,A0,4MiB,4194304,32768,f9dc4b51d64658b088837d5f2a7d485e8eba57daed852c20d443b77cc8137655,warmup,0,615328,4798863,5414191,Pass,Pass,7876534982476418273
2,4,10,A0,1MiB,1048576,8192,337a179ec729c20c01309d98317f7ca00691d12ca10285b55ade71fb880e191c,warmup,0,56395,634448,690843,Pass,Pass,16341657278089853397
2,4,11,A0-dup,2MiB,2097152,16384,6587afedd7c0f949b131311e7425d033a0754a29587f85f26ec370a31fc4edf0,warmup,0,116000,1423492,1539492,Pass,Pass,7349817109290025153
2,4,12,A0-dup,512KiB,524288,4096,155dfc49f4c05f1087ef002a279acee734e738bc580f2b3925315f95a108242b,warmup,0,28635,311117,339752,Pass,Pass,192086794746352270
2,4,13,A0-dup,8MiB,8388608,65536,e456d3adf67030c5a168df273f5171ca3e1299e54571d94cca82b117f3cf3aeb,warmup,0,1477823,11047868,12525691,Pass,Pass,9713268438230653554
2,4,14,A0-dup,128KiB,131072,1024,22e51081397aebb06a1c4c3f85bd08a6e7041a438f4aae416970027e1ddbb24e,warmup,0,6632,80643,87275,Pass,Pass,15067928572581534229
2,4,15,A0-dup,1MiB,1048576,8192,337a179ec729c20c01309d98317f7ca00691d12ca10285b55ade71fb880e191c,warmup,0,56805,627096,683901,Pass,Pass,16341657278089853397
2,5,0,A0-dup,128KiB,131072,1024,22e51081397aebb06a1c4c3f85bd08a6e7041a438f4aae416970027e1ddbb24e,warmup,0,6463,87039,93502,Pass,Pass,15067928572581534229
2,5,1,A0,128KiB,131072,1024,22e51081397aebb06a1c4c3f85bd08a6e7041a438f4aae416970027e1ddbb24e,warmup,0,6502,77163,83665,Pass,Pass,15067928572581534229
2,5,2,A0,512KiB,524288,4096,155dfc49f4c05f1087ef002a279acee734e738bc580f2b3925315f95a108242b,warmup,0,28403,317950,346353,Pass,Pass,192086794746352270
2,5,3,A0,2MiB,2097152,16384,6587afedd7c0f949b131311e7425d033a0754a29587f85f26ec370a31fc4edf0,warmup,0,148977,1553590,1702567,Pass,Pass,7349817109290025153
2,5,4,A0-dup,1MiB,1048576,8192,337a179ec729c20c01309d98317f7ca00691d12ca10285b55ade71fb880e191c,warmup,0,56936,623570,680506,Pass,Pass,16341657278089853397
2,5,5,A0-dup,4MiB,4194304,32768,f9dc4b51d64658b088837d5f2a7d485e8eba57daed852c20d443b77cc8137655,warmup,0,621160,4581790,5202950,Pass,Pass,7876534982476418273
2,5,6,A0-dup,256KiB,262144,2048,6f0154469137295abd7b45b25bc83aace599559234fd5f331140bd800c48b670,warmup,0,13543,159654,173197,Pass,Pass,1126272383489710074
2,5,7,A0,256KiB,262144,2048,6f0154469137295abd7b45b25bc83aace599559234fd5f331140bd800c48b670,warmup,0,13388,153160,166548,Pass,Pass,1126272383489710074
2,5,8,A0-dup,8MiB,8388608,65536,e456d3adf67030c5a168df273f5171ca3e1299e54571d94cca82b117f3cf3aeb,warmup,0,1501596,11503350,13004946,Pass,Pass,9713268438230653554
2,5,9,A0-dup,2MiB,2097152,16384,6587afedd7c0f949b131311e7425d033a0754a29587f85f26ec370a31fc4edf0,warmup,0,124524,1685431,1809955,Pass,Pass,7349817109290025153
2,5,10,A0,16MiB,16777216,131072,0c00f8138e0e622f6fc7215fc0f0d135e79bf60450e4c79d30e30624a8842117,warmup,0,2992201,25392032,28384233,Pass,Pass,7408339909486172793
2,5,11,A0-dup,16MiB,16777216,131072,0c00f8138e0e622f6fc7215fc0f0d135e79bf60450e4c79d30e30624a8842117,warmup,0,3050502,27061711,30112213,Pass,Pass,7408339909486172793
2,5,12,A0,4MiB,4194304,32768,f9dc4b51d64658b088837d5f2a7d485e8eba57daed852c20d443b77cc8137655,warmup,0,639265,4959389,5598654,Pass,Pass,7876534982476418273
2,5,13,A0,1MiB,1048576,8192,337a179ec729c20c01309d98317f7ca00691d12ca10285b55ade71fb880e191c,warmup,0,57378,620499,677877,Pass,Pass,16341657278089853397
2,5,14,A0-dup,512KiB,524288,4096,155dfc49f4c05f1087ef002a279acee734e738bc580f2b3925315f95a108242b,warmup,0,28431,307671,336102,Pass,Pass,192086794746352270
2,5,15,A0,8MiB,8388608,65536,e456d3adf67030c5a168df273f5171ca3e1299e54571d94cca82b117f3cf3aeb,warmup,0,1425440,10552856,11978296,Pass,Pass,9713268438230653554
2,6,0,A0-dup,128KiB,131072,1024,22e51081397aebb06a1c4c3f85bd08a6e7041a438f4aae416970027e1ddbb24e,warmup,0,6860,80684,87544,Pass,Pass,15067928572581534229
2,6,1,A0-dup,512KiB,524288,4096,155dfc49f4c05f1087ef002a279acee734e738bc580f2b3925315f95a108242b,warmup,0,28651,326323,354974,Pass,Pass,192086794746352270
2,6,2,A0-dup,4MiB,4194304,32768,f9dc4b51d64658b088837d5f2a7d485e8eba57daed852c20d443b77cc8137655,warmup,0,661266,4943394,5604660,Pass,Pass,7876534982476418273
2,6,3,A0,1MiB,1048576,8192,337a179ec729c20c01309d98317f7ca00691d12ca10285b55ade71fb880e191c,warmup,0,58928,638273,697201,Pass,Pass,16341657278089853397
2,6,4,A0-dup,16MiB,16777216,131072,0c00f8138e0e622f6fc7215fc0f0d135e79bf60450e4c79d30e30624a8842117,warmup,0,3122688,25924378,29047066,Pass,Pass,7408339909486172793
2,6,5,A0,2MiB,2097152,16384,6587afedd7c0f949b131311e7425d033a0754a29587f85f26ec370a31fc4edf0,warmup,0,115811,1428177,1543988,Pass,Pass,7349817109290025153
2,6,6,A0,8MiB,8388608,65536,e456d3adf67030c5a168df273f5171ca3e1299e54571d94cca82b117f3cf3aeb,warmup,0,1427938,10599796,12027734,Pass,Pass,9713268438230653554
2,6,7,A0,16MiB,16777216,131072,0c00f8138e0e622f6fc7215fc0f0d135e79bf60450e4c79d30e30624a8842117,warmup,0,3043343,27043003,30086346,Pass,Pass,7408339909486172793
2,6,8,A0,256KiB,262144,2048,6f0154469137295abd7b45b25bc83aace599559234fd5f331140bd800c48b670,warmup,0,14362,165862,180224,Pass,Pass,1126272383489710074
2,6,9,A0-dup,8MiB,8388608,65536,e456d3adf67030c5a168df273f5171ca3e1299e54571d94cca82b117f3cf3aeb,warmup,0,1680220,10984689,12664909,Pass,Pass,9713268438230653554
2,6,10,A0,128KiB,131072,1024,22e51081397aebb06a1c4c3f85bd08a6e7041a438f4aae416970027e1ddbb24e,warmup,0,6876,88572,95448,Pass,Pass,15067928572581534229
2,6,11,A0-dup,1MiB,1048576,8192,337a179ec729c20c01309d98317f7ca00691d12ca10285b55ade71fb880e191c,warmup,0,56729,659447,716176,Pass,Pass,16341657278089853397
2,6,12,A0-dup,2MiB,2097152,16384,6587afedd7c0f949b131311e7425d033a0754a29587f85f26ec370a31fc4edf0,warmup,0,141353,1856941,1998294,Pass,Pass,7349817109290025153
2,6,13,A0-dup,256KiB,262144,2048,6f0154469137295abd7b45b25bc83aace599559234fd5f331140bd800c48b670,warmup,0,13430,155818,169248,Pass,Pass,1126272383489710074
2,6,14,A0,4MiB,4194304,32768,f9dc4b51d64658b088837d5f2a7d485e8eba57daed852c20d443b77cc8137655,warmup,0,680391,4970778,5651169,Pass,Pass,7876534982476418273
2,6,15,A0,512KiB,524288,4096,155dfc49f4c05f1087ef002a279acee734e738bc580f2b3925315f95a108242b,warmup,0,28326,317479,345805,Pass,Pass,192086794746352270
2,7,0,A0-dup,16MiB,16777216,131072,0c00f8138e0e622f6fc7215fc0f0d135e79bf60450e4c79d30e30624a8842117,warmup,0,3248672,26470904,29719576,Pass,Pass,7408339909486172793
2,7,1,A0,4MiB,4194304,32768,f9dc4b51d64658b088837d5f2a7d485e8eba57daed852c20d443b77cc8137655,warmup,0,689008,4892692,5581700,Pass,Pass,7876534982476418273
2,7,2,A0,1MiB,1048576,8192,337a179ec729c20c01309d98317f7ca00691d12ca10285b55ade71fb880e191c,warmup,0,56835,631826,688661,Pass,Pass,16341657278089853397
2,7,3,A0,256KiB,262144,2048,6f0154469137295abd7b45b25bc83aace599559234fd5f331140bd800c48b670,warmup,0,13685,167331,181016,Pass,Pass,1126272383489710074
2,7,4,A0-dup,128KiB,131072,1024,22e51081397aebb06a1c4c3f85bd08a6e7041a438f4aae416970027e1ddbb24e,warmup,0,6502,81737,88239,Pass,Pass,15067928572581534229
2,7,5,A0,2MiB,2097152,16384,6587afedd7c0f949b131311e7425d033a0754a29587f85f26ec370a31fc4edf0,warmup,0,112818,1414151,1526969,Pass,Pass,7349817109290025153
2,7,6,A0-dup,8MiB,8388608,65536,e456d3adf67030c5a168df273f5171ca3e1299e54571d94cca82b117f3cf3aeb,warmup,0,1443895,10911907,12355802,Pass,Pass,9713268438230653554
2,7,7,A0,512KiB,524288,4096,155dfc49f4c05f1087ef002a279acee734e738bc580f2b3925315f95a108242b,warmup,0,28476,365093,393569,Pass,Pass,192086794746352270
2,7,8,A0-dup,512KiB,524288,4096,155dfc49f4c05f1087ef002a279acee734e738bc580f2b3925315f95a108242b,warmup,0,28285,315897,344182,Pass,Pass,192086794746352270
2,7,9,A0-dup,2MiB,2097152,16384,6587afedd7c0f949b131311e7425d033a0754a29587f85f26ec370a31fc4edf0,warmup,0,112802,1438970,1551772,Pass,Pass,7349817109290025153
2,7,10,A0-dup,4MiB,4194304,32768,f9dc4b51d64658b088837d5f2a7d485e8eba57daed852c20d443b77cc8137655,warmup,0,537168,5087910,5625078,Pass,Pass,7876534982476418273
2,7,11,A0,8MiB,8388608,65536,e456d3adf67030c5a168df273f5171ca3e1299e54571d94cca82b117f3cf3aeb,warmup,0,1454166,10275669,11729835,Pass,Pass,9713268438230653554
2,7,12,A0-dup,256KiB,262144,2048,6f0154469137295abd7b45b25bc83aace599559234fd5f331140bd800c48b670,warmup,0,13615,156023,169638,Pass,Pass,1126272383489710074
2,7,13,A0-dup,1MiB,1048576,8192,337a179ec729c20c01309d98317f7ca00691d12ca10285b55ade71fb880e191c,warmup,0,57030,628155,685185,Pass,Pass,16341657278089853397
2,7,14,A0,128KiB,131072,1024,22e51081397aebb06a1c4c3f85bd08a6e7041a438f4aae416970027e1ddbb24e,warmup,0,6566,78109,84675,Pass,Pass,15067928572581534229
2,7,15,A0,16MiB,16777216,131072,0c00f8138e0e622f6fc7215fc0f0d135e79bf60450e4c79d30e30624a8842117,warmup,0,3076048,26574747,29650795,Pass,Pass,7408339909486172793
2,8,0,A0-dup,1MiB,1048576,8192,337a179ec729c20c01309d98317f7ca00691d12ca10285b55ade71fb880e191c,warmup,0,61180,650750,711930,Pass,Pass,16341657278089853397
2,8,1,A0,4MiB,4194304,32768,f9dc4b51d64658b088837d5f2a7d485e8eba57daed852c20d443b77cc8137655,warmup,0,534021,4624853,5158874,Pass,Pass,7876534982476418273
2,8,2,A0,1MiB,1048576,8192,337a179ec729c20c01309d98317f7ca00691d12ca10285b55ade71fb880e191c,warmup,0,56837,717701,774538,Pass,Pass,16341657278089853397
2,8,3,A0,128KiB,131072,1024,22e51081397aebb06a1c4c3f85bd08a6e7041a438f4aae416970027e1ddbb24e,warmup,0,7139,108170,115309,Pass,Pass,15067928572581534229
2,8,4,A0,256KiB,262144,2048,6f0154469137295abd7b45b25bc83aace599559234fd5f331140bd800c48b670,warmup,0,13477,153649,167126,Pass,Pass,1126272383489710074
2,8,5,A0-dup,2MiB,2097152,16384,6587afedd7c0f949b131311e7425d033a0754a29587f85f26ec370a31fc4edf0,warmup,0,112063,1404508,1516571,Pass,Pass,7349817109290025153
2,8,6,A0,8MiB,8388608,65536,e456d3adf67030c5a168df273f5171ca3e1299e54571d94cca82b117f3cf3aeb,warmup,0,1401782,11014836,12416618,Pass,Pass,9713268438230653554
2,8,7,A0-dup,16MiB,16777216,131072,0c00f8138e0e622f6fc7215fc0f0d135e79bf60450e4c79d30e30624a8842117,warmup,0,3244563,27560988,30805551,Pass,Pass,7408339909486172793
2,8,8,A0-dup,256KiB,262144,2048,6f0154469137295abd7b45b25bc83aace599559234fd5f331140bd800c48b670,warmup,0,13639,156689,170328,Pass,Pass,1126272383489710074
2,8,9,A0,2MiB,2097152,16384,6587afedd7c0f949b131311e7425d033a0754a29587f85f26ec370a31fc4edf0,warmup,0,125382,1449721,1575103,Pass,Pass,7349817109290025153
2,8,10,A0-dup,4MiB,4194304,32768,f9dc4b51d64658b088837d5f2a7d485e8eba57daed852c20d443b77cc8137655,warmup,0,597538,4988651,5586189,Pass,Pass,7876534982476418273
2,8,11,A0-dup,8MiB,8388608,65536,e456d3adf67030c5a168df273f5171ca3e1299e54571d94cca82b117f3cf3aeb,warmup,0,1428989,10106988,11535977,Pass,Pass,9713268438230653554
2,8,12,A0-dup,512KiB,524288,4096,155dfc49f4c05f1087ef002a279acee734e738bc580f2b3925315f95a108242b,warmup,0,28708,333843,362551,Pass,Pass,192086794746352270
2,8,13,A0,16MiB,16777216,131072,0c00f8138e0e622f6fc7215fc0f0d135e79bf60450e4c79d30e30624a8842117,warmup,0,3024209,25910413,28934622,Pass,Pass,7408339909486172793
2,8,14,A0-dup,128KiB,131072,1024,22e51081397aebb06a1c4c3f85bd08a6e7041a438f4aae416970027e1ddbb24e,warmup,0,7123,86067,93190,Pass,Pass,15067928572581534229
2,8,15,A0,512KiB,524288,4096,155dfc49f4c05f1087ef002a279acee734e738bc580f2b3925315f95a108242b,warmup,0,28587,318719,347306,Pass,Pass,192086794746352270
2,9,0,A0-dup,1MiB,1048576,8192,337a179ec729c20c01309d98317f7ca00691d12ca10285b55ade71fb880e191c,warmup,0,56700,672700,729400,Pass,Pass,16341657278089853397
2,9,1,A0-dup,128KiB,131072,1024,22e51081397aebb06a1c4c3f85bd08a6e7041a438f4aae416970027e1ddbb24e,warmup,0,6407,78761,85168,Pass,Pass,15067928572581534229
2,9,2,A0,2MiB,2097152,16384,6587afedd7c0f949b131311e7425d033a0754a29587f85f26ec370a31fc4edf0,warmup,0,112036,1374618,1486654,Pass,Pass,7349817109290025153
2,9,3,A0,256KiB,262144,2048,6f0154469137295abd7b45b25bc83aace599559234fd5f331140bd800c48b670,warmup,0,13218,155959,169177,Pass,Pass,1126272383489710074
2,9,4,A0,1MiB,1048576,8192,337a179ec729c20c01309d98317f7ca00691d12ca10285b55ade71fb880e191c,warmup,0,56807,636805,693612,Pass,Pass,16341657278089853397
2,9,5,A0,4MiB,4194304,32768,f9dc4b51d64658b088837d5f2a7d485e8eba57daed852c20d443b77cc8137655,warmup,0,521629,4759106,5280735,Pass,Pass,7876534982476418273
2,9,6,A0,128KiB,131072,1024,22e51081397aebb06a1c4c3f85bd08a6e7041a438f4aae416970027e1ddbb24e,warmup,0,6588,82165,88753,Pass,Pass,15067928572581534229
2,9,7,A0,512KiB,524288,4096,155dfc49f4c05f1087ef002a279acee734e738bc580f2b3925315f95a108242b,warmup,0,28663,308230,336893,Pass,Pass,192086794746352270
2,9,8,A0,8MiB,8388608,65536,e456d3adf67030c5a168df273f5171ca3e1299e54571d94cca82b117f3cf3aeb,warmup,0,1384135,10634679,12018814,Pass,Pass,9713268438230653554
2,9,9,A0,16MiB,16777216,131072,0c00f8138e0e622f6fc7215fc0f0d135e79bf60450e4c79d30e30624a8842117,warmup,0,3128455,26142753,29271208,Pass,Pass,7408339909486172793
2,9,10,A0-dup,256KiB,262144,2048,6f0154469137295abd7b45b25bc83aace599559234fd5f331140bd800c48b670,warmup,0,13503,168161,181664,Pass,Pass,1126272383489710074
2,9,11,A0-dup,8MiB,8388608,65536,e456d3adf67030c5a168df273f5171ca3e1299e54571d94cca82b117f3cf3aeb,warmup,0,1400526,10593462,11993988,Pass,Pass,9713268438230653554
2,9,12,A0-dup,4MiB,4194304,32768,f9dc4b51d64658b088837d5f2a7d485e8eba57daed852c20d443b77cc8137655,warmup,0,294059,4018908,4312967,Pass,Pass,7876534982476418273
2,9,13,A0-dup,16MiB,16777216,131072,0c00f8138e0e622f6fc7215fc0f0d135e79bf60450e4c79d30e30624a8842117,warmup,0,3164352,26144353,29308705,Pass,Pass,7408339909486172793
2,9,14,A0-dup,512KiB,524288,4096,155dfc49f4c05f1087ef002a279acee734e738bc580f2b3925315f95a108242b,warmup,0,28877,315481,344358,Pass,Pass,192086794746352270
2,9,15,A0-dup,2MiB,2097152,16384,6587afedd7c0f949b131311e7425d033a0754a29587f85f26ec370a31fc4edf0,warmup,0,114625,1393156,1507781,Pass,Pass,7349817109290025153
2,10,0,A0-dup,512KiB,524288,4096,155dfc49f4c05f1087ef002a279acee734e738bc580f2b3925315f95a108242b,measured,0,28351,312173,340524,Pass,Pass,192086794746352270
2,10,1,A0-dup,16MiB,16777216,131072,0c00f8138e0e622f6fc7215fc0f0d135e79bf60450e4c79d30e30624a8842117,measured,0,3210839,27017246,30228085,Pass,Pass,7408339909486172793
2,10,2,A0-dup,256KiB,262144,2048,6f0154469137295abd7b45b25bc83aace599559234fd5f331140bd800c48b670,measured,0,13460,160100,173560,Pass,Pass,1126272383489710074
2,10,3,A0,16MiB,16777216,131072,0c00f8138e0e622f6fc7215fc0f0d135e79bf60450e4c79d30e30624a8842117,measured,0,3165184,26363135,29528319,Pass,Pass,7408339909486172793
2,10,4,A0,512KiB,524288,4096,155dfc49f4c05f1087ef002a279acee734e738bc580f2b3925315f95a108242b,measured,0,28691,320888,349579,Pass,Pass,192086794746352270
2,10,5,A0-dup,1MiB,1048576,8192,337a179ec729c20c01309d98317f7ca00691d12ca10285b55ade71fb880e191c,measured,0,56743,657713,714456,Pass,Pass,16341657278089853397
2,10,6,A0-dup,128KiB,131072,1024,22e51081397aebb06a1c4c3f85bd08a6e7041a438f4aae416970027e1ddbb24e,measured,0,6473,80221,86694,Pass,Pass,15067928572581534229
2,10,7,A0,8MiB,8388608,65536,e456d3adf67030c5a168df273f5171ca3e1299e54571d94cca82b117f3cf3aeb,measured,0,1422751,10842322,12265073,Pass,Pass,9713268438230653554
2,10,8,A0-dup,4MiB,4194304,32768,f9dc4b51d64658b088837d5f2a7d485e8eba57daed852c20d443b77cc8137655,measured,0,535963,4752140,5288103,Pass,Pass,7876534982476418273
2,10,9,A0,2MiB,2097152,16384,6587afedd7c0f949b131311e7425d033a0754a29587f85f26ec370a31fc4edf0,measured,0,112338,1354553,1466891,Pass,Pass,7349817109290025153
2,10,10,A0-dup,2MiB,2097152,16384,6587afedd7c0f949b131311e7425d033a0754a29587f85f26ec370a31fc4edf0,measured,0,112743,1389290,1502033,Pass,Pass,7349817109290025153
2,10,11,A0-dup,8MiB,8388608,65536,e456d3adf67030c5a168df273f5171ca3e1299e54571d94cca82b117f3cf3aeb,measured,0,1383421,11204728,12588149,Pass,Pass,9713268438230653554
2,10,12,A0,256KiB,262144,2048,6f0154469137295abd7b45b25bc83aace599559234fd5f331140bd800c48b670,measured,0,13674,156376,170050,Pass,Pass,1126272383489710074
2,10,13,A0,128KiB,131072,1024,22e51081397aebb06a1c4c3f85bd08a6e7041a438f4aae416970027e1ddbb24e,measured,0,6547,78712,85259,Pass,Pass,15067928572581534229
2,10,14,A0,1MiB,1048576,8192,337a179ec729c20c01309d98317f7ca00691d12ca10285b55ade71fb880e191c,measured,0,62217,644056,706273,Pass,Pass,16341657278089853397
2,10,15,A0,4MiB,4194304,32768,f9dc4b51d64658b088837d5f2a7d485e8eba57daed852c20d443b77cc8137655,measured,0,529169,4633485,5162654,Pass,Pass,7876534982476418273
2,11,0,A0-dup,8MiB,8388608,65536,e456d3adf67030c5a168df273f5171ca3e1299e54571d94cca82b117f3cf3aeb,measured,1,1406234,10114097,11520331,Pass,Pass,9713268438230653554
2,11,1,A0-dup,256KiB,262144,2048,6f0154469137295abd7b45b25bc83aace599559234fd5f331140bd800c48b670,measured,1,13801,157816,171617,Pass,Pass,1126272383489710074
2,11,2,A0-dup,1MiB,1048576,8192,337a179ec729c20c01309d98317f7ca00691d12ca10285b55ade71fb880e191c,measured,1,57151,635074,692225,Pass,Pass,16341657278089853397
2,11,3,A0,4MiB,4194304,32768,f9dc4b51d64658b088837d5f2a7d485e8eba57daed852c20d443b77cc8137655,measured,1,569229,5362907,5932136,Pass,Pass,7876534982476418273
2,11,4,A0,256KiB,262144,2048,6f0154469137295abd7b45b25bc83aace599559234fd5f331140bd800c48b670,measured,1,13708,155970,169678,Pass,Pass,1126272383489710074
2,11,5,A0,8MiB,8388608,65536,e456d3adf67030c5a168df273f5171ca3e1299e54571d94cca82b117f3cf3aeb,measured,1,1439163,10956856,12396019,Pass,Pass,9713268438230653554
2,11,6,A0,16MiB,16777216,131072,0c00f8138e0e622f6fc7215fc0f0d135e79bf60450e4c79d30e30624a8842117,measured,1,3152073,26093350,29245423,Pass,Pass,7408339909486172793
2,11,7,A0-dup,16MiB,16777216,131072,0c00f8138e0e622f6fc7215fc0f0d135e79bf60450e4c79d30e30624a8842117,measured,1,3357381,28357163,31714544,Pass,Pass,7408339909486172793
2,11,8,A0,128KiB,131072,1024,22e51081397aebb06a1c4c3f85bd08a6e7041a438f4aae416970027e1ddbb24e,measured,1,6910,88000,94910,Pass,Pass,15067928572581534229
2,11,9,A0-dup,4MiB,4194304,32768,f9dc4b51d64658b088837d5f2a7d485e8eba57daed852c20d443b77cc8137655,measured,1,444627,4291424,4736051,Pass,Pass,7876534982476418273
2,11,10,A0,2MiB,2097152,16384,6587afedd7c0f949b131311e7425d033a0754a29587f85f26ec370a31fc4edf0,measured,1,115578,1652385,1767963,Pass,Pass,7349817109290025153
2,11,11,A0-dup,512KiB,524288,4096,155dfc49f4c05f1087ef002a279acee734e738bc580f2b3925315f95a108242b,measured,1,28195,317259,345454,Pass,Pass,192086794746352270
2,11,12,A0-dup,128KiB,131072,1024,22e51081397aebb06a1c4c3f85bd08a6e7041a438f4aae416970027e1ddbb24e,measured,1,6507,78980,85487,Pass,Pass,15067928572581534229
2,11,13,A0-dup,2MiB,2097152,16384,6587afedd7c0f949b131311e7425d033a0754a29587f85f26ec370a31fc4edf0,measured,1,111581,1359910,1471491,Pass,Pass,7349817109290025153
2,11,14,A0,512KiB,524288,4096,155dfc49f4c05f1087ef002a279acee734e738bc580f2b3925315f95a108242b,measured,1,29729,342994,372723,Pass,Pass,192086794746352270
2,11,15,A0,1MiB,1048576,8192,337a179ec729c20c01309d98317f7ca00691d12ca10285b55ade71fb880e191c,measured,1,56316,647589,703905,Pass,Pass,16341657278089853397
2,12,0,A0,512KiB,524288,4096,155dfc49f4c05f1087ef002a279acee734e738bc580f2b3925315f95a108242b,measured,2,28744,307803,336547,Pass,Pass,192086794746352270
2,12,1,A0,16MiB,16777216,131072,0c00f8138e0e622f6fc7215fc0f0d135e79bf60450e4c79d30e30624a8842117,measured,2,3178002,26164791,29342793,Pass,Pass,7408339909486172793
2,12,2,A0-dup,4MiB,4194304,32768,f9dc4b51d64658b088837d5f2a7d485e8eba57daed852c20d443b77cc8137655,measured,2,514534,4664076,5178610,Pass,Pass,7876534982476418273
2,12,3,A0-dup,16MiB,16777216,131072,0c00f8138e0e622f6fc7215fc0f0d135e79bf60450e4c79d30e30624a8842117,measured,2,3068180,26314263,29382443,Pass,Pass,7408339909486172793
2,12,4,A0,2MiB,2097152,16384,6587afedd7c0f949b131311e7425d033a0754a29587f85f26ec370a31fc4edf0,measured,2,114587,1476325,1590912,Pass,Pass,7349817109290025153
2,12,5,A0,8MiB,8388608,65536,e456d3adf67030c5a168df273f5171ca3e1299e54571d94cca82b117f3cf3aeb,measured,2,1433169,10511742,11944911,Pass,Pass,9713268438230653554
2,12,6,A0,4MiB,4194304,32768,f9dc4b51d64658b088837d5f2a7d485e8eba57daed852c20d443b77cc8137655,measured,2,553299,4307409,4860708,Pass,Pass,7876534982476418273
2,12,7,A0,1MiB,1048576,8192,337a179ec729c20c01309d98317f7ca00691d12ca10285b55ade71fb880e191c,measured,2,70167,642353,712520,Pass,Pass,16341657278089853397
2,12,8,A0,256KiB,262144,2048,6f0154469137295abd7b45b25bc83aace599559234fd5f331140bd800c48b670,measured,2,13589,152422,166011,Pass,Pass,1126272383489710074
2,12,9,A0,128KiB,131072,1024,22e51081397aebb06a1c4c3f85bd08a6e7041a438f4aae416970027e1ddbb24e,measured,2,6435,76494,82929,Pass,Pass,15067928572581534229
2,12,10,A0-dup,1MiB,1048576,8192,337a179ec729c20c01309d98317f7ca00691d12ca10285b55ade71fb880e191c,measured,2,56858,641363,698221,Pass,Pass,16341657278089853397
2,12,11,A0-dup,512KiB,524288,4096,155dfc49f4c05f1087ef002a279acee734e738bc580f2b3925315f95a108242b,measured,2,28345,310303,338648,Pass,Pass,192086794746352270
2,12,12,A0-dup,2MiB,2097152,16384,6587afedd7c0f949b131311e7425d033a0754a29587f85f26ec370a31fc4edf0,measured,2,113345,1381420,1494765,Pass,Pass,7349817109290025153
2,12,13,A0-dup,8MiB,8388608,65536,e456d3adf67030c5a168df273f5171ca3e1299e54571d94cca82b117f3cf3aeb,measured,2,1404056,10539668,11943724,Pass,Pass,9713268438230653554
2,12,14,A0-dup,256KiB,262144,2048,6f0154469137295abd7b45b25bc83aace599559234fd5f331140bd800c48b670,measured,2,13429,158089,171518,Pass,Pass,1126272383489710074
2,12,15,A0-dup,128KiB,131072,1024,22e51081397aebb06a1c4c3f85bd08a6e7041a438f4aae416970027e1ddbb24e,measured,2,6441,80085,86526,Pass,Pass,15067928572581534229
2,13,0,A0-dup,2MiB,2097152,16384,6587afedd7c0f949b131311e7425d033a0754a29587f85f26ec370a31fc4edf0,measured,3,149683,1640807,1790490,Pass,Pass,7349817109290025153
2,13,1,A0-dup,1MiB,1048576,8192,337a179ec729c20c01309d98317f7ca00691d12ca10285b55ade71fb880e191c,measured,3,56793,676931,733724,Pass,Pass,16341657278089853397
2,13,2,A0,512KiB,524288,4096,155dfc49f4c05f1087ef002a279acee734e738bc580f2b3925315f95a108242b,measured,3,28405,305614,334019,Pass,Pass,192086794746352270
2,13,3,A0,256KiB,262144,2048,6f0154469137295abd7b45b25bc83aace599559234fd5f331140bd800c48b670,measured,3,13538,160440,173978,Pass,Pass,1126272383489710074
2,13,4,A0-dup,8MiB,8388608,65536,e456d3adf67030c5a168df273f5171ca3e1299e54571d94cca82b117f3cf3aeb,measured,3,1530072,11104277,12634349,Pass,Pass,9713268438230653554
2,13,5,A0-dup,4MiB,4194304,32768,f9dc4b51d64658b088837d5f2a7d485e8eba57daed852c20d443b77cc8137655,measured,3,565950,4849829,5415779,Pass,Pass,7876534982476418273
2,13,6,A0,4MiB,4194304,32768,f9dc4b51d64658b088837d5f2a7d485e8eba57daed852c20d443b77cc8137655,measured,3,586817,4906540,5493357,Pass,Pass,7876534982476418273
2,13,7,A0-dup,16MiB,16777216,131072,0c00f8138e0e622f6fc7215fc0f0d135e79bf60450e4c79d30e30624a8842117,measured,3,3140423,26290759,29431182,Pass,Pass,7408339909486172793
2,13,8,A0,1MiB,1048576,8192,337a179ec729c20c01309d98317f7ca00691d12ca10285b55ade71fb880e191c,measured,3,60768,679663,740431,Pass,Pass,16341657278089853397
2,13,9,A0,128KiB,131072,1024,22e51081397aebb06a1c4c3f85bd08a6e7041a438f4aae416970027e1ddbb24e,measured,3,6665,80288,86953,Pass,Pass,15067928572581534229
2,13,10,A0,2MiB,2097152,16384,6587afedd7c0f949b131311e7425d033a0754a29587f85f26ec370a31fc4edf0,measured,3,120009,1447268,1567277,Pass,Pass,7349817109290025153
2,13,11,A0-dup,512KiB,524288,4096,155dfc49f4c05f1087ef002a279acee734e738bc580f2b3925315f95a108242b,measured,3,28666,314868,343534,Pass,Pass,192086794746352270
2,13,12,A0-dup,128KiB,131072,1024,22e51081397aebb06a1c4c3f85bd08a6e7041a438f4aae416970027e1ddbb24e,measured,3,6652,80025,86677,Pass,Pass,15067928572581534229
2,13,13,A0,8MiB,8388608,65536,e456d3adf67030c5a168df273f5171ca3e1299e54571d94cca82b117f3cf3aeb,measured,3,1445662,11019557,12465219,Pass,Pass,9713268438230653554
2,13,14,A0-dup,256KiB,262144,2048,6f0154469137295abd7b45b25bc83aace599559234fd5f331140bd800c48b670,measured,3,13965,157535,171500,Pass,Pass,1126272383489710074
2,13,15,A0,16MiB,16777216,131072,0c00f8138e0e622f6fc7215fc0f0d135e79bf60450e4c79d30e30624a8842117,measured,3,3087641,28102237,31189878,Pass,Pass,7408339909486172793
2,14,0,A0-dup,2MiB,2097152,16384,6587afedd7c0f949b131311e7425d033a0754a29587f85f26ec370a31fc4edf0,measured,4,119100,1639645,1758745,Pass,Pass,7349817109290025153
2,14,1,A0,512KiB,524288,4096,155dfc49f4c05f1087ef002a279acee734e738bc580f2b3925315f95a108242b,measured,4,28412,313667,342079,Pass,Pass,192086794746352270
2,14,2,A0,8MiB,8388608,65536,e456d3adf67030c5a168df273f5171ca3e1299e54571d94cca82b117f3cf3aeb,measured,4,1406326,10575919,11982245,Pass,Pass,9713268438230653554
2,14,3,A0,1MiB,1048576,8192,337a179ec729c20c01309d98317f7ca00691d12ca10285b55ade71fb880e191c,measured,4,57029,645170,702199,Pass,Pass,16341657278089853397
2,14,4,A0-dup,16MiB,16777216,131072,0c00f8138e0e622f6fc7215fc0f0d135e79bf60450e4c79d30e30624a8842117,measured,4,3098878,25998571,29097449,Pass,Pass,7408339909486172793
2,14,5,A0,2MiB,2097152,16384,6587afedd7c0f949b131311e7425d033a0754a29587f85f26ec370a31fc4edf0,measured,4,113008,1380224,1493232,Pass,Pass,7349817109290025153
2,14,6,A0-dup,512KiB,524288,4096,155dfc49f4c05f1087ef002a279acee734e738bc580f2b3925315f95a108242b,measured,4,28345,324657,353002,Pass,Pass,192086794746352270
2,14,7,A0,256KiB,262144,2048,6f0154469137295abd7b45b25bc83aace599559234fd5f331140bd800c48b670,measured,4,13596,151621,165217,Pass,Pass,1126272383489710074
2,14,8,A0,16MiB,16777216,131072,0c00f8138e0e622f6fc7215fc0f0d135e79bf60450e4c79d30e30624a8842117,measured,4,3090739,27771785,30862524,Pass,Pass,7408339909486172793
2,14,9,A0,4MiB,4194304,32768,f9dc4b51d64658b088837d5f2a7d485e8eba57daed852c20d443b77cc8137655,measured,4,512878,4756864,5269742,Pass,Pass,7876534982476418273
2,14,10,A0-dup,256KiB,262144,2048,6f0154469137295abd7b45b25bc83aace599559234fd5f331140bd800c48b670,measured,4,13665,156731,170396,Pass,Pass,1126272383489710074
2,14,11,A0-dup,8MiB,8388608,65536,e456d3adf67030c5a168df273f5171ca3e1299e54571d94cca82b117f3cf3aeb,measured,4,1362425,10531141,11893566,Pass,Pass,9713268438230653554
2,14,12,A0-dup,4MiB,4194304,32768,f9dc4b51d64658b088837d5f2a7d485e8eba57daed852c20d443b77cc8137655,measured,4,309091,4346752,4655843,Pass,Pass,7876534982476418273
2,14,13,A0,128KiB,131072,1024,22e51081397aebb06a1c4c3f85bd08a6e7041a438f4aae416970027e1ddbb24e,measured,4,6512,84224,90736,Pass,Pass,15067928572581534229
2,14,14,A0-dup,128KiB,131072,1024,22e51081397aebb06a1c4c3f85bd08a6e7041a438f4aae416970027e1ddbb24e,measured,4,6364,77131,83495,Pass,Pass,15067928572581534229
2,14,15,A0-dup,1MiB,1048576,8192,337a179ec729c20c01309d98317f7ca00691d12ca10285b55ade71fb880e191c,measured,4,70614,689121,759735,Pass,Pass,16341657278089853397
2,15,0,A0,256KiB,262144,2048,6f0154469137295abd7b45b25bc83aace599559234fd5f331140bd800c48b670,measured,5,13466,154460,167926,Pass,Pass,1126272383489710074
2,15,1,A0,128KiB,131072,1024,22e51081397aebb06a1c4c3f85bd08a6e7041a438f4aae416970027e1ddbb24e,measured,5,6421,77254,83675,Pass,Pass,15067928572581534229
2,15,2,A0-dup,128KiB,131072,1024,22e51081397aebb06a1c4c3f85bd08a6e7041a438f4aae416970027e1ddbb24e,measured,5,6388,76024,82412,Pass,Pass,15067928572581534229
2,15,3,A0-dup,16MiB,16777216,131072,0c00f8138e0e622f6fc7215fc0f0d135e79bf60450e4c79d30e30624a8842117,measured,5,3152228,27383926,30536154,Pass,Pass,7408339909486172793
2,15,4,A0-dup,512KiB,524288,4096,155dfc49f4c05f1087ef002a279acee734e738bc580f2b3925315f95a108242b,measured,5,29248,327591,356839,Pass,Pass,192086794746352270
2,15,5,A0-dup,8MiB,8388608,65536,e456d3adf67030c5a168df273f5171ca3e1299e54571d94cca82b117f3cf3aeb,measured,5,1413350,10702346,12115696,Pass,Pass,9713268438230653554
2,15,6,A0-dup,2MiB,2097152,16384,6587afedd7c0f949b131311e7425d033a0754a29587f85f26ec370a31fc4edf0,measured,5,114409,1505360,1619769,Pass,Pass,7349817109290025153
2,15,7,A0,16MiB,16777216,131072,0c00f8138e0e622f6fc7215fc0f0d135e79bf60450e4c79d30e30624a8842117,measured,5,3134190,26264888,29399078,Pass,Pass,7408339909486172793
2,15,8,A0-dup,1MiB,1048576,8192,337a179ec729c20c01309d98317f7ca00691d12ca10285b55ade71fb880e191c,measured,5,56975,665798,722773,Pass,Pass,16341657278089853397
2,15,9,A0,512KiB,524288,4096,155dfc49f4c05f1087ef002a279acee734e738bc580f2b3925315f95a108242b,measured,5,28197,307664,335861,Pass,Pass,192086794746352270
2,15,10,A0,4MiB,4194304,32768,f9dc4b51d64658b088837d5f2a7d485e8eba57daed852c20d443b77cc8137655,measured,5,657051,5060350,5717401,Pass,Pass,7876534982476418273
2,15,11,A0,2MiB,2097152,16384,6587afedd7c0f949b131311e7425d033a0754a29587f85f26ec370a31fc4edf0,measured,5,125682,1577137,1702819,Pass,Pass,7349817109290025153
2,15,12,A0-dup,4MiB,4194304,32768,f9dc4b51d64658b088837d5f2a7d485e8eba57daed852c20d443b77cc8137655,measured,5,727801,5845653,6573454,Pass,Pass,7876534982476418273
2,15,13,A0-dup,256KiB,262144,2048,6f0154469137295abd7b45b25bc83aace599559234fd5f331140bd800c48b670,measured,5,25143,171691,196834,Pass,Pass,1126272383489710074
2,15,14,A0,1MiB,1048576,8192,337a179ec729c20c01309d98317f7ca00691d12ca10285b55ade71fb880e191c,measured,5,56970,701175,758145,Pass,Pass,16341657278089853397
2,15,15,A0,8MiB,8388608,65536,e456d3adf67030c5a168df273f5171ca3e1299e54571d94cca82b117f3cf3aeb,measured,5,1538654,11374914,12913568,Pass,Pass,9713268438230653554
2,16,0,A0-dup,256KiB,262144,2048,6f0154469137295abd7b45b25bc83aace599559234fd5f331140bd800c48b670,measured,6,14601,189254,203855,Pass,Pass,1126272383489710074
2,16,1,A0,128KiB,131072,1024,22e51081397aebb06a1c4c3f85bd08a6e7041a438f4aae416970027e1ddbb24e,measured,6,6452,92564,99016,Pass,Pass,15067928572581534229
2,16,2,A0-dup,8MiB,8388608,65536,e456d3adf67030c5a168df273f5171ca3e1299e54571d94cca82b117f3cf3aeb,measured,6,1420093,10712499,12132592,Pass,Pass,9713268438230653554
2,16,3,A0,512KiB,524288,4096,155dfc49f4c05f1087ef002a279acee734e738bc580f2b3925315f95a108242b,measured,6,30370,351352,381722,Pass,Pass,192086794746352270
2,16,4,A0-dup,16MiB,16777216,131072,0c00f8138e0e622f6fc7215fc0f0d135e79bf60450e4c79d30e30624a8842117,measured,6,3055696,26610672,29666368,Pass,Pass,7408339909486172793
2,16,5,A0-dup,2MiB,2097152,16384,6587afedd7c0f949b131311e7425d033a0754a29587f85f26ec370a31fc4edf0,measured,6,120406,1469372,1589778,Pass,Pass,7349817109290025153
2,16,6,A0,2MiB,2097152,16384,6587afedd7c0f949b131311e7425d033a0754a29587f85f26ec370a31fc4edf0,measured,6,111342,1403916,1515258,Pass,Pass,7349817109290025153
2,16,7,A0,4MiB,4194304,32768,f9dc4b51d64658b088837d5f2a7d485e8eba57daed852c20d443b77cc8137655,measured,6,660556,5072865,5733421,Pass,Pass,7876534982476418273
2,16,8,A0-dup,512KiB,524288,4096,155dfc49f4c05f1087ef002a279acee734e738bc580f2b3925315f95a108242b,measured,6,28756,322547,351303,Pass,Pass,192086794746352270
2,16,9,A0,1MiB,1048576,8192,337a179ec729c20c01309d98317f7ca00691d12ca10285b55ade71fb880e191c,measured,6,56976,635550,692526,Pass,Pass,16341657278089853397
2,16,10,A0,8MiB,8388608,65536,e456d3adf67030c5a168df273f5171ca3e1299e54571d94cca82b117f3cf3aeb,measured,6,1423372,10853994,12277366,Pass,Pass,9713268438230653554
2,16,11,A0-dup,128KiB,131072,1024,22e51081397aebb06a1c4c3f85bd08a6e7041a438f4aae416970027e1ddbb24e,measured,6,7034,84649,91683,Pass,Pass,15067928572581534229
2,16,12,A0,16MiB,16777216,131072,0c00f8138e0e622f6fc7215fc0f0d135e79bf60450e4c79d30e30624a8842117,measured,6,3056655,25740836,28797491,Pass,Pass,7408339909486172793
2,16,13,A0,256KiB,262144,2048,6f0154469137295abd7b45b25bc83aace599559234fd5f331140bd800c48b670,measured,6,13768,157970,171738,Pass,Pass,1126272383489710074
2,16,14,A0-dup,1MiB,1048576,8192,337a179ec729c20c01309d98317f7ca00691d12ca10285b55ade71fb880e191c,measured,6,62282,631376,693658,Pass,Pass,16341657278089853397
2,16,15,A0-dup,4MiB,4194304,32768,f9dc4b51d64658b088837d5f2a7d485e8eba57daed852c20d443b77cc8137655,measured,6,573676,4644498,5218174,Pass,Pass,7876534982476418273
2,17,0,A0,4MiB,4194304,32768,f9dc4b51d64658b088837d5f2a7d485e8eba57daed852c20d443b77cc8137655,measured,7,524439,4959184,5483623,Pass,Pass,7876534982476418273
2,17,1,A0-dup,512KiB,524288,4096,155dfc49f4c05f1087ef002a279acee734e738bc580f2b3925315f95a108242b,measured,7,28587,318296,346883,Pass,Pass,192086794746352270
2,17,2,A0,16MiB,16777216,131072,0c00f8138e0e622f6fc7215fc0f0d135e79bf60450e4c79d30e30624a8842117,measured,7,2970897,26046063,29016960,Pass,Pass,7408339909486172793
2,17,3,A0-dup,8MiB,8388608,65536,e456d3adf67030c5a168df273f5171ca3e1299e54571d94cca82b117f3cf3aeb,measured,7,1405229,10557481,11962710,Pass,Pass,9713268438230653554
2,17,4,A0-dup,4MiB,4194304,32768,f9dc4b51d64658b088837d5f2a7d485e8eba57daed852c20d443b77cc8137655,measured,7,434018,4377464,4811482,Pass,Pass,7876534982476418273
2,17,5,A0-dup,2MiB,2097152,16384,6587afedd7c0f949b131311e7425d033a0754a29587f85f26ec370a31fc4edf0,measured,7,112463,1356903,1469366,Pass,Pass,7349817109290025153
2,17,6,A0,8MiB,8388608,65536,e456d3adf67030c5a168df273f5171ca3e1299e54571d94cca82b117f3cf3aeb,measured,7,1393593,10107921,11501514,Pass,Pass,9713268438230653554
2,17,7,A0-dup,256KiB,262144,2048,6f0154469137295abd7b45b25bc83aace599559234fd5f331140bd800c48b670,measured,7,14035,163475,177510,Pass,Pass,1126272383489710074
2,17,8,A0,1MiB,1048576,8192,337a179ec729c20c01309d98317f7ca00691d12ca10285b55ade71fb880e191c,measured,7,56431,656308,712739,Pass,Pass,16341657278089853397
2,17,9,A0,2MiB,2097152,16384,6587afedd7c0f949b131311e7425d033a0754a29587f85f26ec370a31fc4edf0,measured,7,117122,1454465,1571587,Pass,Pass,7349817109290025153
2,17,10,A0-dup,1MiB,1048576,8192,337a179ec729c20c01309d98317f7ca00691d12ca10285b55ade71fb880e191c,measured,7,56898,644910,701808,Pass,Pass,16341657278089853397
2,17,11,A0,256KiB,262144,2048,6f0154469137295abd7b45b25bc83aace599559234fd5f331140bd800c48b670,measured,7,13934,153072,167006,Pass,Pass,1126272383489710074
2,17,12,A0-dup,16MiB,16777216,131072,0c00f8138e0e622f6fc7215fc0f0d135e79bf60450e4c79d30e30624a8842117,measured,7,2964540,26462503,29427043,Pass,Pass,7408339909486172793
2,17,13,A0,128KiB,131072,1024,22e51081397aebb06a1c4c3f85bd08a6e7041a438f4aae416970027e1ddbb24e,measured,7,6793,80715,87508,Pass,Pass,15067928572581534229
2,17,14,A0,512KiB,524288,4096,155dfc49f4c05f1087ef002a279acee734e738bc580f2b3925315f95a108242b,measured,7,29197,348919,378116,Pass,Pass,192086794746352270
2,17,15,A0-dup,128KiB,131072,1024,22e51081397aebb06a1c4c3f85bd08a6e7041a438f4aae416970027e1ddbb24e,measured,7,6682,83059,89741,Pass,Pass,15067928572581534229
2,18,0,A0-dup,2MiB,2097152,16384,6587afedd7c0f949b131311e7425d033a0754a29587f85f26ec370a31fc4edf0,measured,8,124927,1482120,1607047,Pass,Pass,7349817109290025153
2,18,1,A0,256KiB,262144,2048,6f0154469137295abd7b45b25bc83aace599559234fd5f331140bd800c48b670,measured,8,13698,154762,168460,Pass,Pass,1126272383489710074
2,18,2,A0,512KiB,524288,4096,155dfc49f4c05f1087ef002a279acee734e738bc580f2b3925315f95a108242b,measured,8,28043,311107,339150,Pass,Pass,192086794746352270
2,18,3,A0-dup,8MiB,8388608,65536,e456d3adf67030c5a168df273f5171ca3e1299e54571d94cca82b117f3cf3aeb,measured,8,1412521,10932660,12345181,Pass,Pass,9713268438230653554
2,18,4,A0,128KiB,131072,1024,22e51081397aebb06a1c4c3f85bd08a6e7041a438f4aae416970027e1ddbb24e,measured,8,7236,81297,88533,Pass,Pass,15067928572581534229
2,18,5,A0,2MiB,2097152,16384,6587afedd7c0f949b131311e7425d033a0754a29587f85f26ec370a31fc4edf0,measured,8,114675,1369641,1484316,Pass,Pass,7349817109290025153
2,18,6,A0-dup,512KiB,524288,4096,155dfc49f4c05f1087ef002a279acee734e738bc580f2b3925315f95a108242b,measured,8,28528,308731,337259,Pass,Pass,192086794746352270
2,18,7,A0-dup,16MiB,16777216,131072,0c00f8138e0e622f6fc7215fc0f0d135e79bf60450e4c79d30e30624a8842117,measured,8,3395744,27287466,30683210,Pass,Pass,7408339909486172793
2,18,8,A0-dup,256KiB,262144,2048,6f0154469137295abd7b45b25bc83aace599559234fd5f331140bd800c48b670,measured,8,13898,159895,173793,Pass,Pass,1126272383489710074
2,18,9,A0,8MiB,8388608,65536,e456d3adf67030c5a168df273f5171ca3e1299e54571d94cca82b117f3cf3aeb,measured,8,1474630,10383889,11858519,Pass,Pass,9713268438230653554
2,18,10,A0,16MiB,16777216,131072,0c00f8138e0e622f6fc7215fc0f0d135e79bf60450e4c79d30e30624a8842117,measured,8,3123622,26270733,29394355,Pass,Pass,7408339909486172793
2,18,11,A0-dup,1MiB,1048576,8192,337a179ec729c20c01309d98317f7ca00691d12ca10285b55ade71fb880e191c,measured,8,57029,633903,690932,Pass,Pass,16341657278089853397
2,18,12,A0,4MiB,4194304,32768,f9dc4b51d64658b088837d5f2a7d485e8eba57daed852c20d443b77cc8137655,measured,8,642929,5026163,5669092,Pass,Pass,7876534982476418273
2,18,13,A0,1MiB,1048576,8192,337a179ec729c20c01309d98317f7ca00691d12ca10285b55ade71fb880e191c,measured,8,56905,638233,695138,Pass,Pass,16341657278089853397
2,18,14,A0-dup,4MiB,4194304,32768,f9dc4b51d64658b088837d5f2a7d485e8eba57daed852c20d443b77cc8137655,measured,8,668222,4995309,5663531,Pass,Pass,7876534982476418273
2,18,15,A0-dup,128KiB,131072,1024,22e51081397aebb06a1c4c3f85bd08a6e7041a438f4aae416970027e1ddbb24e,measured,8,7024,95435,102459,Pass,Pass,15067928572581534229
2,19,0,A0-dup,4MiB,4194304,32768,f9dc4b51d64658b088837d5f2a7d485e8eba57daed852c20d443b77cc8137655,measured,9,684947,5354330,6039277,Pass,Pass,7876534982476418273
2,19,1,A0-dup,512KiB,524288,4096,155dfc49f4c05f1087ef002a279acee734e738bc580f2b3925315f95a108242b,measured,9,30074,334908,364982,Pass,Pass,192086794746352270
2,19,2,A0-dup,256KiB,262144,2048,6f0154469137295abd7b45b25bc83aace599559234fd5f331140bd800c48b670,measured,9,14385,181280,195665,Pass,Pass,1126272383489710074
2,19,3,A0,256KiB,262144,2048,6f0154469137295abd7b45b25bc83aace599559234fd5f331140bd800c48b670,measured,9,13620,151468,165088,Pass,Pass,1126272383489710074
2,19,4,A0,1MiB,1048576,8192,337a179ec729c20c01309d98317f7ca00691d12ca10285b55ade71fb880e191c,measured,9,56826,635033,691859,Pass,Pass,16341657278089853397
2,19,5,A0-dup,16MiB,16777216,131072,0c00f8138e0e622f6fc7215fc0f0d135e79bf60450e4c79d30e30624a8842117,measured,9,3063327,27785187,30848514,Pass,Pass,7408339909486172793
2,19,6,A0,512KiB,524288,4096,155dfc49f4c05f1087ef002a279acee734e738bc580f2b3925315f95a108242b,measured,9,28950,332029,360979,Pass,Pass,192086794746352270
2,19,7,A0-dup,128KiB,131072,1024,22e51081397aebb06a1c4c3f85bd08a6e7041a438f4aae416970027e1ddbb24e,measured,9,6391,78899,85290,Pass,Pass,15067928572581534229
2,19,8,A0-dup,8MiB,8388608,65536,e456d3adf67030c5a168df273f5171ca3e1299e54571d94cca82b117f3cf3aeb,measured,9,1398829,10571251,11970080,Pass,Pass,9713268438230653554
2,19,9,A0,8MiB,8388608,65536,e456d3adf67030c5a168df273f5171ca3e1299e54571d94cca82b117f3cf3aeb,measured,9,1532882,11574340,13107222,Pass,Pass,9713268438230653554
2,19,10,A0-dup,2MiB,2097152,16384,6587afedd7c0f949b131311e7425d033a0754a29587f85f26ec370a31fc4edf0,measured,9,144857,1686646,1831503,Pass,Pass,7349817109290025153
2,19,11,A0,128KiB,131072,1024,22e51081397aebb06a1c4c3f85bd08a6e7041a438f4aae416970027e1ddbb24e,measured,9,6997,102306,109303,Pass,Pass,15067928572581534229
2,19,12,A0,16MiB,16777216,131072,0c00f8138e0e622f6fc7215fc0f0d135e79bf60450e4c79d30e30624a8842117,measured,9,3377593,28517000,31894593,Pass,Pass,7408339909486172793
2,19,13,A0,2MiB,2097152,16384,6587afedd7c0f949b131311e7425d033a0754a29587f85f26ec370a31fc4edf0,measured,9,117165,1706468,1823633,Pass,Pass,7349817109290025153
2,19,14,A0,4MiB,4194304,32768,f9dc4b51d64658b088837d5f2a7d485e8eba57daed852c20d443b77cc8137655,measured,9,651379,5070244,5721623,Pass,Pass,7876534982476418273
2,19,15,A0-dup,1MiB,1048576,8192,337a179ec729c20c01309d98317f7ca00691d12ca10285b55ade71fb880e191c,measured,9,56989,671674,728663,Pass,Pass,16341657278089853397
2,20,0,A0-dup,16MiB,16777216,131072,0c00f8138e0e622f6fc7215fc0f0d135e79bf60450e4c79d30e30624a8842117,measured,10,3415750,28698102,32113852,Pass,Pass,7408339909486172793
2,20,1,A0,16MiB,16777216,131072,0c00f8138e0e622f6fc7215fc0f0d135e79bf60450e4c79d30e30624a8842117,measured,10,3442576,28113824,31556400,Pass,Pass,7408339909486172793
2,20,2,A0-dup,1MiB,1048576,8192,337a179ec729c20c01309d98317f7ca00691d12ca10285b55ade71fb880e191c,measured,10,61344,632654,693998,Pass,Pass,16341657278089853397
2,20,3,A0,128KiB,131072,1024,22e51081397aebb06a1c4c3f85bd08a6e7041a438f4aae416970027e1ddbb24e,measured,10,6587,96022,102609,Pass,Pass,15067928572581534229
2,20,4,A0,512KiB,524288,4096,155dfc49f4c05f1087ef002a279acee734e738bc580f2b3925315f95a108242b,measured,10,28888,348668,377556,Pass,Pass,192086794746352270
2,20,5,A0,1MiB,1048576,8192,337a179ec729c20c01309d98317f7ca00691d12ca10285b55ade71fb880e191c,measured,10,59291,686890,746181,Pass,Pass,16341657278089853397
2,20,6,A0-dup,8MiB,8388608,65536,e456d3adf67030c5a168df273f5171ca3e1299e54571d94cca82b117f3cf3aeb,measured,10,1540302,11697390,13237692,Pass,Pass,9713268438230653554
2,20,7,A0-dup,256KiB,262144,2048,6f0154469137295abd7b45b25bc83aace599559234fd5f331140bd800c48b670,measured,10,13914,164748,178662,Pass,Pass,1126272383489710074
2,20,8,A0,2MiB,2097152,16384,6587afedd7c0f949b131311e7425d033a0754a29587f85f26ec370a31fc4edf0,measured,10,113725,1355950,1469675,Pass,Pass,7349817109290025153
2,20,9,A0,4MiB,4194304,32768,f9dc4b51d64658b088837d5f2a7d485e8eba57daed852c20d443b77cc8137655,measured,10,677062,5082620,5759682,Pass,Pass,7876534982476418273
2,20,10,A0,256KiB,262144,2048,6f0154469137295abd7b45b25bc83aace599559234fd5f331140bd800c48b670,measured,10,14056,162131,176187,Pass,Pass,1126272383489710074
2,20,11,A0-dup,2MiB,2097152,16384,6587afedd7c0f949b131311e7425d033a0754a29587f85f26ec370a31fc4edf0,measured,10,115879,1427148,1543027,Pass,Pass,7349817109290025153
2,20,12,A0-dup,4MiB,4194304,32768,f9dc4b51d64658b088837d5f2a7d485e8eba57daed852c20d443b77cc8137655,measured,10,688302,5067141,5755443,Pass,Pass,7876534982476418273
2,20,13,A0,8MiB,8388608,65536,e456d3adf67030c5a168df273f5171ca3e1299e54571d94cca82b117f3cf3aeb,measured,10,1434090,9993155,11427245,Pass,Pass,9713268438230653554
2,20,14,A0-dup,512KiB,524288,4096,155dfc49f4c05f1087ef002a279acee734e738bc580f2b3925315f95a108242b,measured,10,28668,317703,346371,Pass,Pass,192086794746352270
2,20,15,A0-dup,128KiB,131072,1024,22e51081397aebb06a1c4c3f85bd08a6e7041a438f4aae416970027e1ddbb24e,measured,10,6535,77961,84496,Pass,Pass,15067928572581534229
2,21,0,A0-dup,16MiB,16777216,131072,0c00f8138e0e622f6fc7215fc0f0d135e79bf60450e4c79d30e30624a8842117,measured,11,3134238,26107580,29241818,Pass,Pass,7408339909486172793
2,21,1,A0,16MiB,16777216,131072,0c00f8138e0e622f6fc7215fc0f0d135e79bf60450e4c79d30e30624a8842117,measured,11,3096052,27270445,30366497,Pass,Pass,7408339909486172793
2,21,2,A0-dup,4MiB,4194304,32768,f9dc4b51d64658b088837d5f2a7d485e8eba57daed852c20d443b77cc8137655,measured,11,489899,4772302,5262201,Pass,Pass,7876534982476418273
2,21,3,A0,4MiB,4194304,32768,f9dc4b51d64658b088837d5f2a7d485e8eba57daed852c20d443b77cc8137655,measured,11,598081,4905037,5503118,Pass,Pass,7876534982476418273
2,21,4,A0,2MiB,2097152,16384,6587afedd7c0f949b131311e7425d033a0754a29587f85f26ec370a31fc4edf0,measured,11,112849,1396764,1509613,Pass,Pass,7349817109290025153
2,21,5,A0-dup,512KiB,524288,4096,155dfc49f4c05f1087ef002a279acee734e738bc580f2b3925315f95a108242b,measured,11,28621,308847,337468,Pass,Pass,192086794746352270
2,21,6,A0-dup,8MiB,8388608,65536,e456d3adf67030c5a168df273f5171ca3e1299e54571d94cca82b117f3cf3aeb,measured,11,1368777,10673930,12042707,Pass,Pass,9713268438230653554
2,21,7,A0-dup,1MiB,1048576,8192,337a179ec729c20c01309d98317f7ca00691d12ca10285b55ade71fb880e191c,measured,11,56684,633055,689739,Pass,Pass,16341657278089853397
2,21,8,A0,8MiB,8388608,65536,e456d3adf67030c5a168df273f5171ca3e1299e54571d94cca82b117f3cf3aeb,measured,11,1414855,11152282,12567137,Pass,Pass,9713268438230653554
2,21,9,A0,1MiB,1048576,8192,337a179ec729c20c01309d98317f7ca00691d12ca10285b55ade71fb880e191c,measured,11,56971,625278,682249,Pass,Pass,16341657278089853397
2,21,10,A0,512KiB,524288,4096,155dfc49f4c05f1087ef002a279acee734e738bc580f2b3925315f95a108242b,measured,11,28469,305232,333701,Pass,Pass,192086794746352270
2,21,11,A0,128KiB,131072,1024,22e51081397aebb06a1c4c3f85bd08a6e7041a438f4aae416970027e1ddbb24e,measured,11,6430,76400,82830,Pass,Pass,15067928572581534229
2,21,12,A0-dup,256KiB,262144,2048,6f0154469137295abd7b45b25bc83aace599559234fd5f331140bd800c48b670,measured,11,13501,150567,164068,Pass,Pass,1126272383489710074
2,21,13,A0,256KiB,262144,2048,6f0154469137295abd7b45b25bc83aace599559234fd5f331140bd800c48b670,measured,11,13674,155984,169658,Pass,Pass,1126272383489710074
2,21,14,A0-dup,2MiB,2097152,16384,6587afedd7c0f949b131311e7425d033a0754a29587f85f26ec370a31fc4edf0,measured,11,115136,1393201,1508337,Pass,Pass,7349817109290025153
2,21,15,A0-dup,128KiB,131072,1024,22e51081397aebb06a1c4c3f85bd08a6e7041a438f4aae416970027e1ddbb24e,measured,11,6883,78959,85842,Pass,Pass,15067928572581534229
2,22,0,A0-dup,4MiB,4194304,32768,f9dc4b51d64658b088837d5f2a7d485e8eba57daed852c20d443b77cc8137655,measured,12,665858,5106009,5771867,Pass,Pass,7876534982476418273
2,22,1,A0-dup,1MiB,1048576,8192,337a179ec729c20c01309d98317f7ca00691d12ca10285b55ade71fb880e191c,measured,12,56812,648954,705766,Pass,Pass,16341657278089853397
2,22,2,A0,8MiB,8388608,65536,e456d3adf67030c5a168df273f5171ca3e1299e54571d94cca82b117f3cf3aeb,measured,12,1367817,10623645,11991462,Pass,Pass,9713268438230653554
2,22,3,A0-dup,256KiB,262144,2048,6f0154469137295abd7b45b25bc83aace599559234fd5f331140bd800c48b670,measured,12,14119,156704,170823,Pass,Pass,1126272383489710074
2,22,4,A0-dup,16MiB,16777216,131072,0c00f8138e0e622f6fc7215fc0f0d135e79bf60450e4c79d30e30624a8842117,measured,12,3127305,25906075,29033380,Pass,Pass,7408339909486172793
2,22,5,A0-dup,8MiB,8388608,65536,e456d3adf67030c5a168df273f5171ca3e1299e54571d94cca82b117f3cf3aeb,measured,12,1423921,10661945,12085866,Pass,Pass,9713268438230653554
2,22,6,A0,16MiB,16777216,131072,0c00f8138e0e622f6fc7215fc0f0d135e79bf60450e4c79d30e30624a8842117,measured,12,3125914,27017079,30142993,Pass,Pass,7408339909486172793
2,22,7,A0,512KiB,524288,4096,155dfc49f4c05f1087ef002a279acee734e738bc580f2b3925315f95a108242b,measured,12,28865,329604,358469,Pass,Pass,192086794746352270
2,22,8,A0-dup,2MiB,2097152,16384,6587afedd7c0f949b131311e7425d033a0754a29587f85f26ec370a31fc4edf0,measured,12,113760,1441902,1555662,Pass,Pass,7349817109290025153
2,22,9,A0,2MiB,2097152,16384,6587afedd7c0f949b131311e7425d033a0754a29587f85f26ec370a31fc4edf0,measured,12,115905,1420180,1536085,Pass,Pass,7349817109290025153
2,22,10,A0,1MiB,1048576,8192,337a179ec729c20c01309d98317f7ca00691d12ca10285b55ade71fb880e191c,measured,12,56545,634231,690776,Pass,Pass,16341657278089853397
2,22,11,A0,256KiB,262144,2048,6f0154469137295abd7b45b25bc83aace599559234fd5f331140bd800c48b670,measured,12,13568,161183,174751,Pass,Pass,1126272383489710074
2,22,12,A0-dup,512KiB,524288,4096,155dfc49f4c05f1087ef002a279acee734e738bc580f2b3925315f95a108242b,measured,12,28505,314212,342717,Pass,Pass,192086794746352270
2,22,13,A0,4MiB,4194304,32768,f9dc4b51d64658b088837d5f2a7d485e8eba57daed852c20d443b77cc8137655,measured,12,668476,5105060,5773536,Pass,Pass,7876534982476418273
2,22,14,A0-dup,128KiB,131072,1024,22e51081397aebb06a1c4c3f85bd08a6e7041a438f4aae416970027e1ddbb24e,measured,12,6825,78377,85202,Pass,Pass,15067928572581534229
2,22,15,A0,128KiB,131072,1024,22e51081397aebb06a1c4c3f85bd08a6e7041a438f4aae416970027e1ddbb24e,measured,12,6400,79182,85582,Pass,Pass,15067928572581534229
2,23,0,A0-dup,256KiB,262144,2048,6f0154469137295abd7b45b25bc83aace599559234fd5f331140bd800c48b670,measured,13,13393,153498,166891,Pass,Pass,1126272383489710074
2,23,1,A0,256KiB,262144,2048,6f0154469137295abd7b45b25bc83aace599559234fd5f331140bd800c48b670,measured,13,13467,155566,169033,Pass,Pass,1126272383489710074
2,23,2,A0,4MiB,4194304,32768,f9dc4b51d64658b088837d5f2a7d485e8eba57daed852c20d443b77cc8137655,measured,13,687220,5102344,5789564,Pass,Pass,7876534982476418273
2,23,3,A0,16MiB,16777216,131072,0c00f8138e0e622f6fc7215fc0f0d135e79bf60450e4c79d30e30624a8842117,measured,13,3047855,25584670,28632525,Pass,Pass,7408339909486172793
2,23,4,A0-dup,16MiB,16777216,131072,0c00f8138e0e622f6fc7215fc0f0d135e79bf60450e4c79d30e30624a8842117,measured,13,3050291,27111879,30162170,Pass,Pass,7408339909486172793
2,23,5,A0-dup,512KiB,524288,4096,155dfc49f4c05f1087ef002a279acee734e738bc580f2b3925315f95a108242b,measured,13,28869,323727,352596,Pass,Pass,192086794746352270
2,23,6,A0,128KiB,131072,1024,22e51081397aebb06a1c4c3f85bd08a6e7041a438f4aae416970027e1ddbb24e,measured,13,6617,77823,84440,Pass,Pass,15067928572581534229
2,23,7,A0-dup,1MiB,1048576,8192,337a179ec729c20c01309d98317f7ca00691d12ca10285b55ade71fb880e191c,measured,13,56729,646029,702758,Pass,Pass,16341657278089853397
2,23,8,A0-dup,4MiB,4194304,32768,f9dc4b51d64658b088837d5f2a7d485e8eba57daed852c20d443b77cc8137655,measured,13,727644,5298478,6026122,Pass,Pass,7876534982476418273
2,23,9,A0-dup,128KiB,131072,1024,22e51081397aebb06a1c4c3f85bd08a6e7041a438f4aae416970027e1ddbb24e,measured,13,7362,83451,90813,Pass,Pass,15067928572581534229
2,23,10,A0-dup,2MiB,2097152,16384,6587afedd7c0f949b131311e7425d033a0754a29587f85f26ec370a31fc4edf0,measured,13,113016,1435524,1548540,Pass,Pass,7349817109290025153
2,23,11,A0-dup,8MiB,8388608,65536,e456d3adf67030c5a168df273f5171ca3e1299e54571d94cca82b117f3cf3aeb,measured,13,1438962,10366046,11805008,Pass,Pass,9713268438230653554
2,23,12,A0,512KiB,524288,4096,155dfc49f4c05f1087ef002a279acee734e738bc580f2b3925315f95a108242b,measured,13,28683,314461,343144,Pass,Pass,192086794746352270
2,23,13,A0,1MiB,1048576,8192,337a179ec729c20c01309d98317f7ca00691d12ca10285b55ade71fb880e191c,measured,13,56738,665379,722117,Pass,Pass,16341657278089853397
2,23,14,A0,8MiB,8388608,65536,e456d3adf67030c5a168df273f5171ca3e1299e54571d94cca82b117f3cf3aeb,measured,13,1397416,10512554,11909970,Pass,Pass,9713268438230653554
2,23,15,A0,2MiB,2097152,16384,6587afedd7c0f949b131311e7425d033a0754a29587f85f26ec370a31fc4edf0,measured,13,115158,1433016,1548174,Pass,Pass,7349817109290025153
2,24,0,A0-dup,4MiB,4194304,32768,f9dc4b51d64658b088837d5f2a7d485e8eba57daed852c20d443b77cc8137655,measured,14,648259,5126157,5774416,Pass,Pass,7876534982476418273
2,24,1,A0,128KiB,131072,1024,22e51081397aebb06a1c4c3f85bd08a6e7041a438f4aae416970027e1ddbb24e,measured,14,6621,79692,86313,Pass,Pass,15067928572581534229
2,24,2,A0-dup,256KiB,262144,2048,6f0154469137295abd7b45b25bc83aace599559234fd5f331140bd800c48b670,measured,14,13528,158918,172446,Pass,Pass,1126272383489710074
2,24,3,A0,512KiB,524288,4096,155dfc49f4c05f1087ef002a279acee734e738bc580f2b3925315f95a108242b,measured,14,28582,313762,342344,Pass,Pass,192086794746352270
2,24,4,A0,2MiB,2097152,16384,6587afedd7c0f949b131311e7425d033a0754a29587f85f26ec370a31fc4edf0,measured,14,122598,1437010,1559608,Pass,Pass,7349817109290025153
2,24,5,A0,1MiB,1048576,8192,337a179ec729c20c01309d98317f7ca00691d12ca10285b55ade71fb880e191c,measured,14,56913,652370,709283,Pass,Pass,16341657278089853397
2,24,6,A0-dup,2MiB,2097152,16384,6587afedd7c0f949b131311e7425d033a0754a29587f85f26ec370a31fc4edf0,measured,14,113661,1418246,1531907,Pass,Pass,7349817109290025153
2,24,7,A0-dup,16MiB,16777216,131072,0c00f8138e0e622f6fc7215fc0f0d135e79bf60450e4c79d30e30624a8842117,measured,14,3011135,26153051,29164186,Pass,Pass,7408339909486172793
2,24,8,A0-dup,512KiB,524288,4096,155dfc49f4c05f1087ef002a279acee734e738bc580f2b3925315f95a108242b,measured,14,28684,316487,345171,Pass,Pass,192086794746352270
2,24,9,A0,256KiB,262144,2048,6f0154469137295abd7b45b25bc83aace599559234fd5f331140bd800c48b670,measured,14,13690,152092,165782,Pass,Pass,1126272383489710074
2,24,10,A0-dup,128KiB,131072,1024,22e51081397aebb06a1c4c3f85bd08a6e7041a438f4aae416970027e1ddbb24e,measured,14,6411,82189,88600,Pass,Pass,15067928572581534229
2,24,11,A0,8MiB,8388608,65536,e456d3adf67030c5a168df273f5171ca3e1299e54571d94cca82b117f3cf3aeb,measured,14,1382564,10146606,11529170,Pass,Pass,9713268438230653554
2,24,12,A0-dup,1MiB,1048576,8192,337a179ec729c20c01309d98317f7ca00691d12ca10285b55ade71fb880e191c,measured,14,57095,677816,734911,Pass,Pass,16341657278089853397
2,24,13,A0,16MiB,16777216,131072,0c00f8138e0e622f6fc7215fc0f0d135e79bf60450e4c79d30e30624a8842117,measured,14,3115413,27462143,30577556,Pass,Pass,7408339909486172793
2,24,14,A0-dup,8MiB,8388608,65536,e456d3adf67030c5a168df273f5171ca3e1299e54571d94cca82b117f3cf3aeb,measured,14,1389361,10700613,12089974,Pass,Pass,9713268438230653554
2,24,15,A0,4MiB,4194304,32768,f9dc4b51d64658b088837d5f2a7d485e8eba57daed852c20d443b77cc8137655,measured,14,356793,4136461,4493254,Pass,Pass,7876534982476418273
2,25,0,A0-dup,4MiB,4194304,32768,f9dc4b51d64658b088837d5f2a7d485e8eba57daed852c20d443b77cc8137655,measured,15,497339,4478711,4976050,Pass,Pass,7876534982476418273
2,25,1,A0,256KiB,262144,2048,6f0154469137295abd7b45b25bc83aace599559234fd5f331140bd800c48b670,measured,15,13691,155877,169568,Pass,Pass,1126272383489710074
2,25,2,A0,8MiB,8388608,65536,e456d3adf67030c5a168df273f5171ca3e1299e54571d94cca82b117f3cf3aeb,measured,15,1402475,10414402,11816877,Pass,Pass,9713268438230653554
2,25,3,A0,4MiB,4194304,32768,f9dc4b51d64658b088837d5f2a7d485e8eba57daed852c20d443b77cc8137655,measured,15,473928,4124096,4598024,Pass,Pass,7876534982476418273
2,25,4,A0-dup,8MiB,8388608,65536,e456d3adf67030c5a168df273f5171ca3e1299e54571d94cca82b117f3cf3aeb,measured,15,1383902,11967641,13351543,Pass,Pass,9713268438230653554
2,25,5,A0,2MiB,2097152,16384,6587afedd7c0f949b131311e7425d033a0754a29587f85f26ec370a31fc4edf0,measured,15,117461,1357777,1475238,Pass,Pass,7349817109290025153
2,25,6,A0-dup,2MiB,2097152,16384,6587afedd7c0f949b131311e7425d033a0754a29587f85f26ec370a31fc4edf0,measured,15,113382,1371754,1485136,Pass,Pass,7349817109290025153
2,25,7,A0-dup,512KiB,524288,4096,155dfc49f4c05f1087ef002a279acee734e738bc580f2b3925315f95a108242b,measured,15,28592,313819,342411,Pass,Pass,192086794746352270
2,25,8,A0,512KiB,524288,4096,155dfc49f4c05f1087ef002a279acee734e738bc580f2b3925315f95a108242b,measured,15,28141,305963,334104,Pass,Pass,192086794746352270
2,25,9,A0,16MiB,16777216,131072,0c00f8138e0e622f6fc7215fc0f0d135e79bf60450e4c79d30e30624a8842117,measured,15,3181180,26418383,29599563,Pass,Pass,7408339909486172793
2,25,10,A0,1MiB,1048576,8192,337a179ec729c20c01309d98317f7ca00691d12ca10285b55ade71fb880e191c,measured,15,59743,704157,763900,Pass,Pass,16341657278089853397
2,25,11,A0-dup,1MiB,1048576,8192,337a179ec729c20c01309d98317f7ca00691d12ca10285b55ade71fb880e191c,measured,15,57036,623138,680174,Pass,Pass,16341657278089853397
2,25,12,A0-dup,16MiB,16777216,131072,0c00f8138e0e622f6fc7215fc0f0d135e79bf60450e4c79d30e30624a8842117,measured,15,3088504,26348728,29437232,Pass,Pass,7408339909486172793
2,25,13,A0-dup,256KiB,262144,2048,6f0154469137295abd7b45b25bc83aace599559234fd5f331140bd800c48b670,measured,15,13652,166652,180304,Pass,Pass,1126272383489710074
2,25,14,A0-dup,128KiB,131072,1024,22e51081397aebb06a1c4c3f85bd08a6e7041a438f4aae416970027e1ddbb24e,measured,15,6594,79315,85909,Pass,Pass,15067928572581534229
2,25,15,A0,128KiB,131072,1024,22e51081397aebb06a1c4c3f85bd08a6e7041a438f4aae416970027e1ddbb24e,measured,15,6458,77694,84152,Pass,Pass,15067928572581534229
2,26,0,A0-dup,2MiB,2097152,16384,6587afedd7c0f949b131311e7425d033a0754a29587f85f26ec370a31fc4edf0,measured,16,115349,1542396,1657745,Pass,Pass,7349817109290025153
2,26,1,A0,4MiB,4194304,32768,f9dc4b51d64658b088837d5f2a7d485e8eba57daed852c20d443b77cc8137655,measured,16,594929,4582826,5177755,Pass,Pass,7876534982476418273
2,26,2,A0-dup,16MiB,16777216,131072,0c00f8138e0e622f6fc7215fc0f0d135e79bf60450e4c79d30e30624a8842117,measured,16,3291285,27681869,30973154,Pass,Pass,7408339909486172793
2,26,3,A0-dup,512KiB,524288,4096,155dfc49f4c05f1087ef002a279acee734e738bc580f2b3925315f95a108242b,measured,16,28705,329223,357928,Pass,Pass,192086794746352270
2,26,4,A0-dup,128KiB,131072,1024,22e51081397aebb06a1c4c3f85bd08a6e7041a438f4aae416970027e1ddbb24e,measured,16,6339,92261,98600,Pass,Pass,15067928572581534229
2,26,5,A0,512KiB,524288,4096,155dfc49f4c05f1087ef002a279acee734e738bc580f2b3925315f95a108242b,measured,16,28256,325567,353823,Pass,Pass,192086794746352270
2,26,6,A0,128KiB,131072,1024,22e51081397aebb06a1c4c3f85bd08a6e7041a438f4aae416970027e1ddbb24e,measured,16,6472,77481,83953,Pass,Pass,15067928572581534229
2,26,7,A0-dup,8MiB,8388608,65536,e456d3adf67030c5a168df273f5171ca3e1299e54571d94cca82b117f3cf3aeb,measured,16,1440364,10714893,12155257,Pass,Pass,9713268438230653554
2,26,8,A0,8MiB,8388608,65536,e456d3adf67030c5a168df273f5171ca3e1299e54571d94cca82b117f3cf3aeb,measured,16,1479455,11516630,12996085,Pass,Pass,9713268438230653554
2,26,9,A0,256KiB,262144,2048,6f0154469137295abd7b45b25bc83aace599559234fd5f331140bd800c48b670,measured,16,13472,159291,172763,Pass,Pass,1126272383489710074
2,26,10,A0-dup,4MiB,4194304,32768,f9dc4b51d64658b088837d5f2a7d485e8eba57daed852c20d443b77cc8137655,measured,16,678134,5286889,5965023,Pass,Pass,7876534982476418273
2,26,11,A0,2MiB,2097152,16384,6587afedd7c0f949b131311e7425d033a0754a29587f85f26ec370a31fc4edf0,measured,16,112809,1385341,1498150,Pass,Pass,7349817109290025153
2,26,12,A0,1MiB,1048576,8192,337a179ec729c20c01309d98317f7ca00691d12ca10285b55ade71fb880e191c,measured,16,57014,647200,704214,Pass,Pass,16341657278089853397
2,26,13,A0,16MiB,16777216,131072,0c00f8138e0e622f6fc7215fc0f0d135e79bf60450e4c79d30e30624a8842117,measured,16,3035876,26097653,29133529,Pass,Pass,7408339909486172793
2,26,14,A0-dup,256KiB,262144,2048,6f0154469137295abd7b45b25bc83aace599559234fd5f331140bd800c48b670,measured,16,13762,157352,171114,Pass,Pass,1126272383489710074
2,26,15,A0-dup,1MiB,1048576,8192,337a179ec729c20c01309d98317f7ca00691d12ca10285b55ade71fb880e191c,measured,16,56777,625805,682582,Pass,Pass,16341657278089853397
2,27,0,A0,512KiB,524288,4096,155dfc49f4c05f1087ef002a279acee734e738bc580f2b3925315f95a108242b,measured,17,28424,303683,332107,Pass,Pass,192086794746352270
2,27,1,A0,1MiB,1048576,8192,337a179ec729c20c01309d98317f7ca00691d12ca10285b55ade71fb880e191c,measured,17,57423,615270,672693,Pass,Pass,16341657278089853397
2,27,2,A0,128KiB,131072,1024,22e51081397aebb06a1c4c3f85bd08a6e7041a438f4aae416970027e1ddbb24e,measured,17,6420,77464,83884,Pass,Pass,15067928572581534229
2,27,3,A0,2MiB,2097152,16384,6587afedd7c0f949b131311e7425d033a0754a29587f85f26ec370a31fc4edf0,measured,17,113557,1369820,1483377,Pass,Pass,7349817109290025153
2,27,4,A0-dup,2MiB,2097152,16384,6587afedd7c0f949b131311e7425d033a0754a29587f85f26ec370a31fc4edf0,measured,17,113740,1373809,1487549,Pass,Pass,7349817109290025153
2,27,5,A0,8MiB,8388608,65536,e456d3adf67030c5a168df273f5171ca3e1299e54571d94cca82b117f3cf3aeb,measured,17,1382138,11412976,12795114,Pass,Pass,9713268438230653554
2,27,6,A0-dup,256KiB,262144,2048,6f0154469137295abd7b45b25bc83aace599559234fd5f331140bd800c48b670,measured,17,14299,180952,195251,Pass,Pass,1126272383489710074
2,27,7,A0,16MiB,16777216,131072,0c00f8138e0e622f6fc7215fc0f0d135e79bf60450e4c79d30e30624a8842117,measured,17,3103727,25947794,29051521,Pass,Pass,7408339909486172793
2,27,8,A0-dup,128KiB,131072,1024,22e51081397aebb06a1c4c3f85bd08a6e7041a438f4aae416970027e1ddbb24e,measured,17,6807,85049,91856,Pass,Pass,15067928572581534229
2,27,9,A0-dup,8MiB,8388608,65536,e456d3adf67030c5a168df273f5171ca3e1299e54571d94cca82b117f3cf3aeb,measured,17,1407735,11046677,12454412,Pass,Pass,9713268438230653554
2,27,10,A0-dup,16MiB,16777216,131072,0c00f8138e0e622f6fc7215fc0f0d135e79bf60450e4c79d30e30624a8842117,measured,17,3103503,26991652,30095155,Pass,Pass,7408339909486172793
2,27,11,A0,256KiB,262144,2048,6f0154469137295abd7b45b25bc83aace599559234fd5f331140bd800c48b670,measured,17,13776,160518,174294,Pass,Pass,1126272383489710074
2,27,12,A0-dup,1MiB,1048576,8192,337a179ec729c20c01309d98317f7ca00691d12ca10285b55ade71fb880e191c,measured,17,56806,631211,688017,Pass,Pass,16341657278089853397
2,27,13,A0,4MiB,4194304,32768,f9dc4b51d64658b088837d5f2a7d485e8eba57daed852c20d443b77cc8137655,measured,17,504241,4760150,5264391,Pass,Pass,7876534982476418273
2,27,14,A0-dup,512KiB,524288,4096,155dfc49f4c05f1087ef002a279acee734e738bc580f2b3925315f95a108242b,measured,17,28493,314302,342795,Pass,Pass,192086794746352270
2,27,15,A0-dup,4MiB,4194304,32768,f9dc4b51d64658b088837d5f2a7d485e8eba57daed852c20d443b77cc8137655,measured,17,570879,4929255,5500134,Pass,Pass,7876534982476418273
2,28,0,A0-dup,4MiB,4194304,32768,f9dc4b51d64658b088837d5f2a7d485e8eba57daed852c20d443b77cc8137655,measured,18,608308,5236146,5844454,Pass,Pass,7876534982476418273
2,28,1,A0,512KiB,524288,4096,155dfc49f4c05f1087ef002a279acee734e738bc580f2b3925315f95a108242b,measured,18,28297,315832,344129,Pass,Pass,192086794746352270
2,28,2,A0,4MiB,4194304,32768,f9dc4b51d64658b088837d5f2a7d485e8eba57daed852c20d443b77cc8137655,measured,18,567774,5029007,5596781,Pass,Pass,7876534982476418273
2,28,3,A0-dup,16MiB,16777216,131072,0c00f8138e0e622f6fc7215fc0f0d135e79bf60450e4c79d30e30624a8842117,measured,18,3151851,25939330,29091181,Pass,Pass,7408339909486172793
2,28,4,A0,2MiB,2097152,16384,6587afedd7c0f949b131311e7425d033a0754a29587f85f26ec370a31fc4edf0,measured,18,152589,1579940,1732529,Pass,Pass,7349817109290025153
2,28,5,A0,1MiB,1048576,8192,337a179ec729c20c01309d98317f7ca00691d12ca10285b55ade71fb880e191c,measured,18,56759,715966,772725,Pass,Pass,16341657278089853397
2,28,6,A0,128KiB,131072,1024,22e51081397aebb06a1c4c3f85bd08a6e7041a438f4aae416970027e1ddbb24e,measured,18,19125,81966,101091,Pass,Pass,15067928572581534229
2,28,7,A0-dup,128KiB,131072,1024,22e51081397aebb06a1c4c3f85bd08a6e7041a438f4aae416970027e1ddbb24e,measured,18,6459,77299,83758,Pass,Pass,15067928572581534229
2,28,8,A0,8MiB,8388608,65536,e456d3adf67030c5a168df273f5171ca3e1299e54571d94cca82b117f3cf3aeb,measured,18,1398895,10577595,11976490,Pass,Pass,9713268438230653554
2,28,9,A0-dup,512KiB,524288,4096,155dfc49f4c05f1087ef002a279acee734e738bc580f2b3925315f95a108242b,measured,18,28720,328352,357072,Pass,Pass,192086794746352270
2,28,10,A0,16MiB,16777216,131072,0c00f8138e0e622f6fc7215fc0f0d135e79bf60450e4c79d30e30624a8842117,measured,18,3040103,26600053,29640156,Pass,Pass,7408339909486172793
2,28,11,A0,256KiB,262144,2048,6f0154469137295abd7b45b25bc83aace599559234fd5f331140bd800c48b670,measured,18,13770,158264,172034,Pass,Pass,1126272383489710074
2,28,12,A0-dup,2MiB,2097152,16384,6587afedd7c0f949b131311e7425d033a0754a29587f85f26ec370a31fc4edf0,measured,18,113064,1338792,1451856,Pass,Pass,7349817109290025153
2,28,13,A0-dup,1MiB,1048576,8192,337a179ec729c20c01309d98317f7ca00691d12ca10285b55ade71fb880e191c,measured,18,56901,633647,690548,Pass,Pass,16341657278089853397
2,28,14,A0-dup,256KiB,262144,2048,6f0154469137295abd7b45b25bc83aace599559234fd5f331140bd800c48b670,measured,18,13451,151936,165387,Pass,Pass,1126272383489710074
2,28,15,A0-dup,8MiB,8388608,65536,e456d3adf67030c5a168df273f5171ca3e1299e54571d94cca82b117f3cf3aeb,measured,18,1559144,10757466,12316610,Pass,Pass,9713268438230653554
2,29,0,A0,1MiB,1048576,8192,337a179ec729c20c01309d98317f7ca00691d12ca10285b55ade71fb880e191c,measured,19,57329,636799,694128,Pass,Pass,16341657278089853397
2,29,1,A0,16MiB,16777216,131072,0c00f8138e0e622f6fc7215fc0f0d135e79bf60450e4c79d30e30624a8842117,measured,19,3065633,26676275,29741908,Pass,Pass,7408339909486172793
2,29,2,A0-dup,128KiB,131072,1024,22e51081397aebb06a1c4c3f85bd08a6e7041a438f4aae416970027e1ddbb24e,measured,19,7274,101029,108303,Pass,Pass,15067928572581534229
2,29,3,A0-dup,1MiB,1048576,8192,337a179ec729c20c01309d98317f7ca00691d12ca10285b55ade71fb880e191c,measured,19,57350,628858,686208,Pass,Pass,16341657278089853397
2,29,4,A0-dup,16MiB,16777216,131072,0c00f8138e0e622f6fc7215fc0f0d135e79bf60450e4c79d30e30624a8842117,measured,19,3100383,26084768,29185151,Pass,Pass,7408339909486172793
2,29,5,A0-dup,4MiB,4194304,32768,f9dc4b51d64658b088837d5f2a7d485e8eba57daed852c20d443b77cc8137655,measured,19,563542,4911827,5475369,Pass,Pass,7876534982476418273
2,29,6,A0-dup,8MiB,8388608,65536,e456d3adf67030c5a168df273f5171ca3e1299e54571d94cca82b117f3cf3aeb,measured,19,1410593,10991944,12402537,Pass,Pass,9713268438230653554
2,29,7,A0,4MiB,4194304,32768,f9dc4b51d64658b088837d5f2a7d485e8eba57daed852c20d443b77cc8137655,measured,19,574660,4526275,5100935,Pass,Pass,7876534982476418273
2,29,8,A0-dup,512KiB,524288,4096,155dfc49f4c05f1087ef002a279acee734e738bc580f2b3925315f95a108242b,measured,19,29689,344210,373899,Pass,Pass,192086794746352270
2,29,9,A0,8MiB,8388608,65536,e456d3adf67030c5a168df273f5171ca3e1299e54571d94cca82b117f3cf3aeb,measured,19,1420478,10218044,11638522,Pass,Pass,9713268438230653554
2,29,10,A0,128KiB,131072,1024,22e51081397aebb06a1c4c3f85bd08a6e7041a438f4aae416970027e1ddbb24e,measured,19,6786,83994,90780,Pass,Pass,15067928572581534229
2,29,11,A0,512KiB,524288,4096,155dfc49f4c05f1087ef002a279acee734e738bc580f2b3925315f95a108242b,measured,19,28627,329827,358454,Pass,Pass,192086794746352270
2,29,12,A0,2MiB,2097152,16384,6587afedd7c0f949b131311e7425d033a0754a29587f85f26ec370a31fc4edf0,measured,19,113565,1346966,1460531,Pass,Pass,7349817109290025153
2,29,13,A0-dup,256KiB,262144,2048,6f0154469137295abd7b45b25bc83aace599559234fd5f331140bd800c48b670,measured,19,14347,171512,185859,Pass,Pass,1126272383489710074
2,29,14,A0,256KiB,262144,2048,6f0154469137295abd7b45b25bc83aace599559234fd5f331140bd800c48b670,measured,19,13364,151285,164649,Pass,Pass,1126272383489710074
2,29,15,A0-dup,2MiB,2097152,16384,6587afedd7c0f949b131311e7425d033a0754a29587f85f26ec370a31fc4edf0,measured,19,125090,1628142,1753232,Pass,Pass,7349817109290025153
2,30,0,A0,8MiB,8388608,65536,e456d3adf67030c5a168df273f5171ca3e1299e54571d94cca82b117f3cf3aeb,measured,20,1414785,11292747,12707532,Pass,Pass,9713268438230653554
2,30,1,A0,512KiB,524288,4096,155dfc49f4c05f1087ef002a279acee734e738bc580f2b3925315f95a108242b,measured,20,28659,322537,351196,Pass,Pass,192086794746352270
2,30,2,A0,256KiB,262144,2048,6f0154469137295abd7b45b25bc83aace599559234fd5f331140bd800c48b670,measured,20,13722,151712,165434,Pass,Pass,1126272383489710074
2,30,3,A0,1MiB,1048576,8192,337a179ec729c20c01309d98317f7ca00691d12ca10285b55ade71fb880e191c,measured,20,56685,630824,687509,Pass,Pass,16341657278089853397
2,30,4,A0,16MiB,16777216,131072,0c00f8138e0e622f6fc7215fc0f0d135e79bf60450e4c79d30e30624a8842117,measured,20,3028146,26930149,29958295,Pass,Pass,7408339909486172793
2,30,5,A0-dup,2MiB,2097152,16384,6587afedd7c0f949b131311e7425d033a0754a29587f85f26ec370a31fc4edf0,measured,20,113816,1413330,1527146,Pass,Pass,7349817109290025153
2,30,6,A0-dup,1MiB,1048576,8192,337a179ec729c20c01309d98317f7ca00691d12ca10285b55ade71fb880e191c,measured,20,57191,631149,688340,Pass,Pass,16341657278089853397
2,30,7,A0-dup,4MiB,4194304,32768,f9dc4b51d64658b088837d5f2a7d485e8eba57daed852c20d443b77cc8137655,measured,20,544372,4477949,5022321,Pass,Pass,7876534982476418273
2,30,8,A0,2MiB,2097152,16384,6587afedd7c0f949b131311e7425d033a0754a29587f85f26ec370a31fc4edf0,measured,20,112167,1334337,1446504,Pass,Pass,7349817109290025153
2,30,9,A0,128KiB,131072,1024,22e51081397aebb06a1c4c3f85bd08a6e7041a438f4aae416970027e1ddbb24e,measured,20,6725,81086,87811,Pass,Pass,15067928572581534229
2,30,10,A0,4MiB,4194304,32768,f9dc4b51d64658b088837d5f2a7d485e8eba57daed852c20d443b77cc8137655,measured,20,566716,4934782,5501498,Pass,Pass,7876534982476418273
2,30,11,A0-dup,128KiB,131072,1024,22e51081397aebb06a1c4c3f85bd08a6e7041a438f4aae416970027e1ddbb24e,measured,20,7051,81597,88648,Pass,Pass,15067928572581534229
2,30,12,A0-dup,16MiB,16777216,131072,0c00f8138e0e622f6fc7215fc0f0d135e79bf60450e4c79d30e30624a8842117,measured,20,3073418,26385576,29458994,Pass,Pass,7408339909486172793
2,30,13,A0-dup,8MiB,8388608,65536,e456d3adf67030c5a168df273f5171ca3e1299e54571d94cca82b117f3cf3aeb,measured,20,1539701,11683416,13223117,Pass,Pass,9713268438230653554
2,30,14,A0-dup,512KiB,524288,4096,155dfc49f4c05f1087ef002a279acee734e738bc580f2b3925315f95a108242b,measured,20,29312,365292,394604,Pass,Pass,192086794746352270
2,30,15,A0-dup,256KiB,262144,2048,6f0154469137295abd7b45b25bc83aace599559234fd5f331140bd800c48b670,measured,20,13436,154760,168196,Pass,Pass,1126272383489710074
2,31,0,A0,4MiB,4194304,32768,f9dc4b51d64658b088837d5f2a7d485e8eba57daed852c20d443b77cc8137655,measured,21,580018,4878353,5458371,Pass,Pass,7876534982476418273
2,31,1,A0-dup,256KiB,262144,2048,6f0154469137295abd7b45b25bc83aace599559234fd5f331140bd800c48b670,measured,21,13750,154962,168712,Pass,Pass,1126272383489710074
2,31,2,A0-dup,4MiB,4194304,32768,f9dc4b51d64658b088837d5f2a7d485e8eba57daed852c20d443b77cc8137655,measured,21,557834,4875531,5433365,Pass,Pass,7876534982476418273
2,31,3,A0,512KiB,524288,4096,155dfc49f4c05f1087ef002a279acee734e738bc580f2b3925315f95a108242b,measured,21,28443,326508,354951,Pass,Pass,192086794746352270
2,31,4,A0-dup,8MiB,8388608,65536,e456d3adf67030c5a168df273f5171ca3e1299e54571d94cca82b117f3cf3aeb,measured,21,1454425,10541977,11996402,Pass,Pass,9713268438230653554
2,31,5,A0-dup,128KiB,131072,1024,22e51081397aebb06a1c4c3f85bd08a6e7041a438f4aae416970027e1ddbb24e,measured,21,6886,80977,87863,Pass,Pass,15067928572581534229
2,31,6,A0-dup,16MiB,16777216,131072,0c00f8138e0e622f6fc7215fc0f0d135e79bf60450e4c79d30e30624a8842117,measured,21,3096426,26157986,29254412,Pass,Pass,7408339909486172793
2,31,7,A0-dup,512KiB,524288,4096,155dfc49f4c05f1087ef002a279acee734e738bc580f2b3925315f95a108242b,measured,21,28840,329890,358730,Pass,Pass,192086794746352270
2,31,8,A0,8MiB,8388608,65536,e456d3adf67030c5a168df273f5171ca3e1299e54571d94cca82b117f3cf3aeb,measured,21,1421858,11404961,12826819,Pass,Pass,9713268438230653554
2,31,9,A0-dup,2MiB,2097152,16384,6587afedd7c0f949b131311e7425d033a0754a29587f85f26ec370a31fc4edf0,measured,21,122435,1378690,1501125,Pass,Pass,7349817109290025153
2,31,10,A0,1MiB,1048576,8192,337a179ec729c20c01309d98317f7ca00691d12ca10285b55ade71fb880e191c,measured,21,56425,632784,689209,Pass,Pass,16341657278089853397
2,31,11,A0,16MiB,16777216,131072,0c00f8138e0e622f6fc7215fc0f0d135e79bf60450e4c79d30e30624a8842117,measured,21,3006312,26476688,29483000,Pass,Pass,7408339909486172793
2,31,12,A0,2MiB,2097152,16384,6587afedd7c0f949b131311e7425d033a0754a29587f85f26ec370a31fc4edf0,measured,21,116602,1430573,1547175,Pass,Pass,7349817109290025153
2,31,13,A0-dup,1MiB,1048576,8192,337a179ec729c20c01309d98317f7ca00691d12ca10285b55ade71fb880e191c,measured,21,57348,625799,683147,Pass,Pass,16341657278089853397
2,31,14,A0,128KiB,131072,1024,22e51081397aebb06a1c4c3f85bd08a6e7041a438f4aae416970027e1ddbb24e,measured,21,6458,77096,83554,Pass,Pass,15067928572581534229
2,31,15,A0,256KiB,262144,2048,6f0154469137295abd7b45b25bc83aace599559234fd5f331140bd800c48b670,measured,21,13774,156554,170328,Pass,Pass,1126272383489710074
2,32,0,A0-dup,16MiB,16777216,131072,0c00f8138e0e622f6fc7215fc0f0d135e79bf60450e4c79d30e30624a8842117,measured,22,3287106,27312500,30599606,Pass,Pass,7408339909486172793
2,32,1,A0-dup,8MiB,8388608,65536,e456d3adf67030c5a168df273f5171ca3e1299e54571d94cca82b117f3cf3aeb,measured,22,1456060,10972346,12428406,Pass,Pass,9713268438230653554
2,32,2,A0,16MiB,16777216,131072,0c00f8138e0e622f6fc7215fc0f0d135e79bf60450e4c79d30e30624a8842117,measured,22,3064040,26104518,29168558,Pass,Pass,7408339909486172793
2,32,3,A0,1MiB,1048576,8192,337a179ec729c20c01309d98317f7ca00691d12ca10285b55ade71fb880e191c,measured,22,57024,628127,685151,Pass,Pass,16341657278089853397
2,32,4,A0,2MiB,2097152,16384,6587afedd7c0f949b131311e7425d033a0754a29587f85f26ec370a31fc4edf0,measured,22,113563,1377239,1490802,Pass,Pass,7349817109290025153
2,32,5,A0,8MiB,8388608,65536,e456d3adf67030c5a168df273f5171ca3e1299e54571d94cca82b117f3cf3aeb,measured,22,1418032,10740944,12158976,Pass,Pass,9713268438230653554
2,32,6,A0,4MiB,4194304,32768,f9dc4b51d64658b088837d5f2a7d485e8eba57daed852c20d443b77cc8137655,measured,22,490667,4500850,4991517,Pass,Pass,7876534982476418273
2,32,7,A0-dup,4MiB,4194304,32768,f9dc4b51d64658b088837d5f2a7d485e8eba57daed852c20d443b77cc8137655,measured,22,501838,4191836,4693674,Pass,Pass,7876534982476418273
2,32,8,A0-dup,2MiB,2097152,16384,6587afedd7c0f949b131311e7425d033a0754a29587f85f26ec370a31fc4edf0,measured,22,112531,1367200,1479731,Pass,Pass,7349817109290025153
2,32,9,A0-dup,256KiB,262144,2048,6f0154469137295abd7b45b25bc83aace599559234fd5f331140bd800c48b670,measured,22,13923,156567,170490,Pass,Pass,1126272383489710074
2,32,10,A0,128KiB,131072,1024,22e51081397aebb06a1c4c3f85bd08a6e7041a438f4aae416970027e1ddbb24e,measured,22,6445,79618,86063,Pass,Pass,15067928572581534229
2,32,11,A0-dup,1MiB,1048576,8192,337a179ec729c20c01309d98317f7ca00691d12ca10285b55ade71fb880e191c,measured,22,56272,632018,688290,Pass,Pass,16341657278089853397
2,32,12,A0-dup,128KiB,131072,1024,22e51081397aebb06a1c4c3f85bd08a6e7041a438f4aae416970027e1ddbb24e,measured,22,6360,77380,83740,Pass,Pass,15067928572581534229
2,32,13,A0-dup,512KiB,524288,4096,155dfc49f4c05f1087ef002a279acee734e738bc580f2b3925315f95a108242b,measured,22,28481,321764,350245,Pass,Pass,192086794746352270
2,32,14,A0,512KiB,524288,4096,155dfc49f4c05f1087ef002a279acee734e738bc580f2b3925315f95a108242b,measured,22,28521,311554,340075,Pass,Pass,192086794746352270
2,32,15,A0,256KiB,262144,2048,6f0154469137295abd7b45b25bc83aace599559234fd5f331140bd800c48b670,measured,22,13517,174067,187584,Pass,Pass,1126272383489710074
2,33,0,A0-dup,2MiB,2097152,16384,6587afedd7c0f949b131311e7425d033a0754a29587f85f26ec370a31fc4edf0,measured,23,113940,1353574,1467514,Pass,Pass,7349817109290025153
2,33,1,A0,8MiB,8388608,65536,e456d3adf67030c5a168df273f5171ca3e1299e54571d94cca82b117f3cf3aeb,measured,23,1398998,10699612,12098610,Pass,Pass,9713268438230653554
2,33,2,A0,256KiB,262144,2048,6f0154469137295abd7b45b25bc83aace599559234fd5f331140bd800c48b670,measured,23,14030,165091,179121,Pass,Pass,1126272383489710074
2,33,3,A0-dup,512KiB,524288,4096,155dfc49f4c05f1087ef002a279acee734e738bc580f2b3925315f95a108242b,measured,23,28463,330591,359054,Pass,Pass,192086794746352270
2,33,4,A0-dup,1MiB,1048576,8192,337a179ec729c20c01309d98317f7ca00691d12ca10285b55ade71fb880e191c,measured,23,56564,640267,696831,Pass,Pass,16341657278089853397
2,33,5,A0-dup,256KiB,262144,2048,6f0154469137295abd7b45b25bc83aace599559234fd5f331140bd800c48b670,measured,23,13487,152114,165601,Pass,Pass,1126272383489710074
2,33,6,A0-dup,16MiB,16777216,131072,0c00f8138e0e622f6fc7215fc0f0d135e79bf60450e4c79d30e30624a8842117,measured,23,3013684,26807058,29820742,Pass,Pass,7408339909486172793
2,33,7,A0-dup,8MiB,8388608,65536,e456d3adf67030c5a168df273f5171ca3e1299e54571d94cca82b117f3cf3aeb,measured,23,1382707,10643993,12026700,Pass,Pass,9713268438230653554
2,33,8,A0,4MiB,4194304,32768,f9dc4b51d64658b088837d5f2a7d485e8eba57daed852c20d443b77cc8137655,measured,23,490760,4545688,5036448,Pass,Pass,7876534982476418273
2,33,9,A0-dup,128KiB,131072,1024,22e51081397aebb06a1c4c3f85bd08a6e7041a438f4aae416970027e1ddbb24e,measured,23,6828,82825,89653,Pass,Pass,15067928572581534229
2,33,10,A0,2MiB,2097152,16384,6587afedd7c0f949b131311e7425d033a0754a29587f85f26ec370a31fc4edf0,measured,23,115182,1405320,1520502,Pass,Pass,7349817109290025153
2,33,11,A0,16MiB,16777216,131072,0c00f8138e0e622f6fc7215fc0f0d135e79bf60450e4c79d30e30624a8842117,measured,23,3079536,26253082,29332618,Pass,Pass,7408339909486172793
2,33,12,A0,128KiB,131072,1024,22e51081397aebb06a1c4c3f85bd08a6e7041a438f4aae416970027e1ddbb24e,measured,23,6828,86611,93439,Pass,Pass,15067928572581534229
2,33,13,A0-dup,4MiB,4194304,32768,f9dc4b51d64658b088837d5f2a7d485e8eba57daed852c20d443b77cc8137655,measured,23,541836,4750834,5292670,Pass,Pass,7876534982476418273
2,33,14,A0,512KiB,524288,4096,155dfc49f4c05f1087ef002a279acee734e738bc580f2b3925315f95a108242b,measured,23,28648,314695,343343,Pass,Pass,192086794746352270
2,33,15,A0,1MiB,1048576,8192,337a179ec729c20c01309d98317f7ca00691d12ca10285b55ade71fb880e191c,measured,23,56296,639363,695659,Pass,Pass,16341657278089853397
2,34,0,A0,8MiB,8388608,65536,e456d3adf67030c5a168df273f5171ca3e1299e54571d94cca82b117f3cf3aeb,measured,24,1400550,10560191,11960741,Pass,Pass,9713268438230653554
2,34,1,A0-dup,256KiB,262144,2048,6f0154469137295abd7b45b25bc83aace599559234fd5f331140bd800c48b670,measured,24,13982,157359,171341,Pass,Pass,1126272383489710074
2,34,2,A0,128KiB,131072,1024,22e51081397aebb06a1c4c3f85bd08a6e7041a438f4aae416970027e1ddbb24e,measured,24,6383,77016,83399,Pass,Pass,15067928572581534229
2,34,3,A0-dup,512KiB,524288,4096,155dfc49f4c05f1087ef002a279acee734e738bc580f2b3925315f95a108242b,measured,24,28296,326548,354844,Pass,Pass,192086794746352270
2,34,4,A0-dup,2MiB,2097152,16384,6587afedd7c0f949b131311e7425d033a0754a29587f85f26ec370a31fc4edf0,measured,24,116654,1379973,1496627,Pass,Pass,7349817109290025153
2,34,5,A0-dup,4MiB,4194304,32768,f9dc4b51d64658b088837d5f2a7d485e8eba57daed852c20d443b77cc8137655,measured,24,554870,4867855,5422725,Pass,Pass,7876534982476418273
2,34,6,A0,512KiB,524288,4096,155dfc49f4c05f1087ef002a279acee734e738bc580f2b3925315f95a108242b,measured,24,28764,319212,347976,Pass,Pass,192086794746352270
2,34,7,A0,2MiB,2097152,16384,6587afedd7c0f949b131311e7425d033a0754a29587f85f26ec370a31fc4edf0,measured,24,116888,1414321,1531209,Pass,Pass,7349817109290025153
2,34,8,A0,256KiB,262144,2048,6f0154469137295abd7b45b25bc83aace599559234fd5f331140bd800c48b670,measured,24,13701,154129,167830,Pass,Pass,1126272383489710074
2,34,9,A0-dup,128KiB,131072,1024,22e51081397aebb06a1c4c3f85bd08a6e7041a438f4aae416970027e1ddbb24e,measured,24,6399,78787,85186,Pass,Pass,15067928572581534229
2,34,10,A0-dup,16MiB,16777216,131072,0c00f8138e0e622f6fc7215fc0f0d135e79bf60450e4c79d30e30624a8842117,measured,24,2982593,26945587,29928180,Pass,Pass,7408339909486172793
2,34,11,A0-dup,1MiB,1048576,8192,337a179ec729c20c01309d98317f7ca00691d12ca10285b55ade71fb880e191c,measured,24,57293,625606,682899,Pass,Pass,16341657278089853397
2,34,12,A0,1MiB,1048576,8192,337a179ec729c20c01309d98317f7ca00691d12ca10285b55ade71fb880e191c,measured,24,57104,624929,682033,Pass,Pass,16341657278089853397
2,34,13,A0,4MiB,4194304,32768,f9dc4b51d64658b088837d5f2a7d485e8eba57daed852c20d443b77cc8137655,measured,24,640023,5041479,5681502,Pass,Pass,7876534982476418273
2,34,14,A0-dup,8MiB,8388608,65536,e456d3adf67030c5a168df273f5171ca3e1299e54571d94cca82b117f3cf3aeb,measured,24,1386983,11119623,12506606,Pass,Pass,9713268438230653554
2,34,15,A0,16MiB,16777216,131072,0c00f8138e0e622f6fc7215fc0f0d135e79bf60450e4c79d30e30624a8842117,measured,24,3009991,27400585,30410576,Pass,Pass,7408339909486172793
2,35,0,A0-dup,256KiB,262144,2048,6f0154469137295abd7b45b25bc83aace599559234fd5f331140bd800c48b670,measured,25,13584,155865,169449,Pass,Pass,1126272383489710074
2,35,1,A0-dup,1MiB,1048576,8192,337a179ec729c20c01309d98317f7ca00691d12ca10285b55ade71fb880e191c,measured,25,57073,627323,684396,Pass,Pass,16341657278089853397
2,35,2,A0-dup,512KiB,524288,4096,155dfc49f4c05f1087ef002a279acee734e738bc580f2b3925315f95a108242b,measured,25,28446,306231,334677,Pass,Pass,192086794746352270
2,35,3,A0,1MiB,1048576,8192,337a179ec729c20c01309d98317f7ca00691d12ca10285b55ade71fb880e191c,measured,25,63118,633797,696915,Pass,Pass,16341657278089853397
2,35,4,A0,2MiB,2097152,16384,6587afedd7c0f949b131311e7425d033a0754a29587f85f26ec370a31fc4edf0,measured,25,122433,1501582,1624015,Pass,Pass,7349817109290025153
2,35,5,A0-dup,128KiB,131072,1024,22e51081397aebb06a1c4c3f85bd08a6e7041a438f4aae416970027e1ddbb24e,measured,25,6870,81296,88166,Pass,Pass,15067928572581534229
2,35,6,A0,256KiB,262144,2048,6f0154469137295abd7b45b25bc83aace599559234fd5f331140bd800c48b670,measured,25,13469,158056,171525,Pass,Pass,1126272383489710074
2,35,7,A0,4MiB,4194304,32768,f9dc4b51d64658b088837d5f2a7d485e8eba57daed852c20d443b77cc8137655,measured,25,573638,4923749,5497387,Pass,Pass,7876534982476418273
2,35,8,A0,128KiB,131072,1024,22e51081397aebb06a1c4c3f85bd08a6e7041a438f4aae416970027e1ddbb24e,measured,25,6593,81070,87663,Pass,Pass,15067928572581534229
2,35,9,A0-dup,2MiB,2097152,16384,6587afedd7c0f949b131311e7425d033a0754a29587f85f26ec370a31fc4edf0,measured,25,117718,1442924,1560642,Pass,Pass,7349817109290025153
2,35,10,A0-dup,4MiB,4194304,32768,f9dc4b51d64658b088837d5f2a7d485e8eba57daed852c20d443b77cc8137655,measured,25,599819,4604086,5203905,Pass,Pass,7876534982476418273
2,35,11,A0,8MiB,8388608,65536,e456d3adf67030c5a168df273f5171ca3e1299e54571d94cca82b117f3cf3aeb,measured,25,1592600,10674304,12266904,Pass,Pass,9713268438230653554
2,35,12,A0-dup,16MiB,16777216,131072,0c00f8138e0e622f6fc7215fc0f0d135e79bf60450e4c79d30e30624a8842117,measured,25,3078177,26801946,29880123,Pass,Pass,7408339909486172793
2,35,13,A0,512KiB,524288,4096,155dfc49f4c05f1087ef002a279acee734e738bc580f2b3925315f95a108242b,measured,25,28833,350460,379293,Pass,Pass,192086794746352270
2,35,14,A0-dup,8MiB,8388608,65536,e456d3adf67030c5a168df273f5171ca3e1299e54571d94cca82b117f3cf3aeb,measured,25,1407489,11050863,12458352,Pass,Pass,9713268438230653554
2,35,15,A0,16MiB,16777216,131072,0c00f8138e0e622f6fc7215fc0f0d135e79bf60450e4c79d30e30624a8842117,measured,25,3082436,27480100,30562536,Pass,Pass,7408339909486172793
2,36,0,A0-dup,16MiB,16777216,131072,0c00f8138e0e622f6fc7215fc0f0d135e79bf60450e4c79d30e30624a8842117,measured,26,3152752,26791272,29944024,Pass,Pass,7408339909486172793
2,36,1,A0-dup,128KiB,131072,1024,22e51081397aebb06a1c4c3f85bd08a6e7041a438f4aae416970027e1ddbb24e,measured,26,6896,82491,89387,Pass,Pass,15067928572581534229
2,36,2,A0-dup,4MiB,4194304,32768,f9dc4b51d64658b088837d5f2a7d485e8eba57daed852c20d443b77cc8137655,measured,26,562208,5060249,5622457,Pass,Pass,7876534982476418273
2,36,3,A0,16MiB,16777216,131072,0c00f8138e0e622f6fc7215fc0f0d135e79bf60450e4c79d30e30624a8842117,measured,26,3255231,28029703,31284934,Pass,Pass,7408339909486172793
2,36,4,A0,256KiB,262144,2048,6f0154469137295abd7b45b25bc83aace599559234fd5f331140bd800c48b670,measured,26,14081,157070,171151,Pass,Pass,1126272383489710074
2,36,5,A0,4MiB,4194304,32768,f9dc4b51d64658b088837d5f2a7d485e8eba57daed852c20d443b77cc8137655,measured,26,553106,5279330,5832436,Pass,Pass,7876534982476418273
2,36,6,A0-dup,512KiB,524288,4096,155dfc49f4c05f1087ef002a279acee734e738bc580f2b3925315f95a108242b,measured,26,28705,308153,336858,Pass,Pass,192086794746352270
2,36,7,A0-dup,2MiB,2097152,16384,6587afedd7c0f949b131311e7425d033a0754a29587f85f26ec370a31fc4edf0,measured,26,141231,1493459,1634690,Pass,Pass,7349817109290025153
2,36,8,A0,128KiB,131072,1024,22e51081397aebb06a1c4c3f85bd08a6e7041a438f4aae416970027e1ddbb24e,measured,26,6857,79904,86761,Pass,Pass,15067928572581534229
2,36,9,A0,2MiB,2097152,16384,6587afedd7c0f949b131311e7425d033a0754a29587f85f26ec370a31fc4edf0,measured,26,159130,1698097,1857227,Pass,Pass,7349817109290025153
2,36,10,A0,1MiB,1048576,8192,337a179ec729c20c01309d98317f7ca00691d12ca10285b55ade71fb880e191c,measured,26,58077,688754,746831,Pass,Pass,16341657278089853397
2,36,11,A0-dup,256KiB,262144,2048,6f0154469137295abd7b45b25bc83aace599559234fd5f331140bd800c48b670,measured,26,15096,176081,191177,Pass,Pass,1126272383489710074
2,36,12,A0,512KiB,524288,4096,155dfc49f4c05f1087ef002a279acee734e738bc580f2b3925315f95a108242b,measured,26,28601,328485,357086,Pass,Pass,192086794746352270
2,36,13,A0-dup,8MiB,8388608,65536,e456d3adf67030c5a168df273f5171ca3e1299e54571d94cca82b117f3cf3aeb,measured,26,1413541,11027137,12440678,Pass,Pass,9713268438230653554
2,36,14,A0,8MiB,8388608,65536,e456d3adf67030c5a168df273f5171ca3e1299e54571d94cca82b117f3cf3aeb,measured,26,1467768,10503686,11971454,Pass,Pass,9713268438230653554
2,36,15,A0-dup,1MiB,1048576,8192,337a179ec729c20c01309d98317f7ca00691d12ca10285b55ade71fb880e191c,measured,26,56998,616291,673289,Pass,Pass,16341657278089853397
2,37,0,A0-dup,1MiB,1048576,8192,337a179ec729c20c01309d98317f7ca00691d12ca10285b55ade71fb880e191c,measured,27,56997,625295,682292,Pass,Pass,16341657278089853397
2,37,1,A0-dup,16MiB,16777216,131072,0c00f8138e0e622f6fc7215fc0f0d135e79bf60450e4c79d30e30624a8842117,measured,27,3023251,26914015,29937266,Pass,Pass,7408339909486172793
2,37,2,A0-dup,512KiB,524288,4096,155dfc49f4c05f1087ef002a279acee734e738bc580f2b3925315f95a108242b,measured,27,28532,326705,355237,Pass,Pass,192086794746352270
2,37,3,A0,128KiB,131072,1024,22e51081397aebb06a1c4c3f85bd08a6e7041a438f4aae416970027e1ddbb24e,measured,27,6438,77780,84218,Pass,Pass,15067928572581534229
2,37,4,A0,8MiB,8388608,65536,e456d3adf67030c5a168df273f5171ca3e1299e54571d94cca82b117f3cf3aeb,measured,27,1459235,11028260,12487495,Pass,Pass,9713268438230653554
2,37,5,A0,16MiB,16777216,131072,0c00f8138e0e622f6fc7215fc0f0d135e79bf60450e4c79d30e30624a8842117,measured,27,3151899,27138650,30290549,Pass,Pass,7408339909486172793
2,37,6,A0,2MiB,2097152,16384,6587afedd7c0f949b131311e7425d033a0754a29587f85f26ec370a31fc4edf0,measured,27,118109,1390136,1508245,Pass,Pass,7349817109290025153
2,37,7,A0-dup,128KiB,131072,1024,22e51081397aebb06a1c4c3f85bd08a6e7041a438f4aae416970027e1ddbb24e,measured,27,6723,81113,87836,Pass,Pass,15067928572581534229
2,37,8,A0-dup,8MiB,8388608,65536,e456d3adf67030c5a168df273f5171ca3e1299e54571d94cca82b117f3cf3aeb,measured,27,1437395,11529167,12966562,Pass,Pass,9713268438230653554
2,37,9,A0,1MiB,1048576,8192,337a179ec729c20c01309d98317f7ca00691d12ca10285b55ade71fb880e191c,measured,27,57238,637956,695194,Pass,Pass,16341657278089853397
2,37,10,A0,256KiB,262144,2048,6f0154469137295abd7b45b25bc83aace599559234fd5f331140bd800c48b670,measured,27,13881,153866,167747,Pass,Pass,1126272383489710074
2,37,11,A0-dup,256KiB,262144,2048,6f0154469137295abd7b45b25bc83aace599559234fd5f331140bd800c48b670,measured,27,13794,151948,165742,Pass,Pass,1126272383489710074
2,37,12,A0-dup,4MiB,4194304,32768,f9dc4b51d64658b088837d5f2a7d485e8eba57daed852c20d443b77cc8137655,measured,27,579712,4950552,5530264,Pass,Pass,7876534982476418273
2,37,13,A0-dup,2MiB,2097152,16384,6587afedd7c0f949b131311e7425d033a0754a29587f85f26ec370a31fc4edf0,measured,27,113332,1402256,1515588,Pass,Pass,7349817109290025153
2,37,14,A0,4MiB,4194304,32768,f9dc4b51d64658b088837d5f2a7d485e8eba57daed852c20d443b77cc8137655,measured,27,549772,4609743,5159515,Pass,Pass,7876534982476418273
2,37,15,A0,512KiB,524288,4096,155dfc49f4c05f1087ef002a279acee734e738bc580f2b3925315f95a108242b,measured,27,33353,323406,356759,Pass,Pass,192086794746352270
2,38,0,A0,1MiB,1048576,8192,337a179ec729c20c01309d98317f7ca00691d12ca10285b55ade71fb880e191c,measured,28,56654,645587,702241,Pass,Pass,16341657278089853397
2,38,1,A0-dup,8MiB,8388608,65536,e456d3adf67030c5a168df273f5171ca3e1299e54571d94cca82b117f3cf3aeb,measured,28,1408911,11017899,12426810,Pass,Pass,9713268438230653554
2,38,2,A0,512KiB,524288,4096,155dfc49f4c05f1087ef002a279acee734e738bc580f2b3925315f95a108242b,measured,28,28947,325162,354109,Pass,Pass,192086794746352270
2,38,3,A0-dup,2MiB,2097152,16384,6587afedd7c0f949b131311e7425d033a0754a29587f85f26ec370a31fc4edf0,measured,28,112955,1360187,1473142,Pass,Pass,7349817109290025153
2,38,4,A0-dup,512KiB,524288,4096,155dfc49f4c05f1087ef002a279acee734e738bc580f2b3925315f95a108242b,measured,28,28676,315329,344005,Pass,Pass,192086794746352270
2,38,5,A0-dup,1MiB,1048576,8192,337a179ec729c20c01309d98317f7ca00691d12ca10285b55ade71fb880e191c,measured,28,56674,640319,696993,Pass,Pass,16341657278089853397
2,38,6,A0-dup,16MiB,16777216,131072,0c00f8138e0e622f6fc7215fc0f0d135e79bf60450e4c79d30e30624a8842117,measured,28,3005333,26873957,29879290,Pass,Pass,7408339909486172793
2,38,7,A0,256KiB,262144,2048,6f0154469137295abd7b45b25bc83aace599559234fd5f331140bd800c48b670,measured,28,14000,161280,175280,Pass,Pass,1126272383489710074
2,38,8,A0-dup,4MiB,4194304,32768,f9dc4b51d64658b088837d5f2a7d485e8eba57daed852c20d443b77cc8137655,measured,28,487686,4321778,4809464,Pass,Pass,7876534982476418273
2,38,9,A0,4MiB,4194304,32768,f9dc4b51d64658b088837d5f2a7d485e8eba57daed852c20d443b77cc8137655,measured,28,504492,4390374,4894866,Pass,Pass,7876534982476418273
2,38,10,A0,16MiB,16777216,131072,0c00f8138e0e622f6fc7215fc0f0d135e79bf60450e4c79d30e30624a8842117,measured,28,3005865,27026684,30032549,Pass,Pass,7408339909486172793
2,38,11,A0,8MiB,8388608,65536,e456d3adf67030c5a168df273f5171ca3e1299e54571d94cca82b117f3cf3aeb,measured,28,1408987,10352949,11761936,Pass,Pass,9713268438230653554
2,38,12,A0-dup,256KiB,262144,2048,6f0154469137295abd7b45b25bc83aace599559234fd5f331140bd800c48b670,measured,28,13984,156728,170712,Pass,Pass,1126272383489710074
2,38,13,A0-dup,128KiB,131072,1024,22e51081397aebb06a1c4c3f85bd08a6e7041a438f4aae416970027e1ddbb24e,measured,28,6498,79072,85570,Pass,Pass,15067928572581534229
2,38,14,A0,2MiB,2097152,16384,6587afedd7c0f949b131311e7425d033a0754a29587f85f26ec370a31fc4edf0,measured,28,116912,1407726,1524638,Pass,Pass,7349817109290025153
2,38,15,A0,128KiB,131072,1024,22e51081397aebb06a1c4c3f85bd08a6e7041a438f4aae416970027e1ddbb24e,measured,28,6819,81422,88241,Pass,Pass,15067928572581534229
2,39,0,A0,8MiB,8388608,65536,e456d3adf67030c5a168df273f5171ca3e1299e54571d94cca82b117f3cf3aeb,measured,29,1441174,11020670,12461844,Pass,Pass,9713268438230653554
2,39,1,A0,512KiB,524288,4096,155dfc49f4c05f1087ef002a279acee734e738bc580f2b3925315f95a108242b,measured,29,28725,322677,351402,Pass,Pass,192086794746352270
2,39,2,A0,128KiB,131072,1024,22e51081397aebb06a1c4c3f85bd08a6e7041a438f4aae416970027e1ddbb24e,measured,29,6394,77198,83592,Pass,Pass,15067928572581534229
2,39,3,A0-dup,16MiB,16777216,131072,0c00f8138e0e622f6fc7215fc0f0d135e79bf60450e4c79d30e30624a8842117,measured,29,3020974,26914628,29935602,Pass,Pass,7408339909486172793
2,39,4,A0,256KiB,262144,2048,6f0154469137295abd7b45b25bc83aace599559234fd5f331140bd800c48b670,measured,29,13620,160604,174224,Pass,Pass,1126272383489710074
2,39,5,A0-dup,128KiB,131072,1024,22e51081397aebb06a1c4c3f85bd08a6e7041a438f4aae416970027e1ddbb24e,measured,29,6580,79219,85799,Pass,Pass,15067928572581534229
2,39,6,A0-dup,8MiB,8388608,65536,e456d3adf67030c5a168df273f5171ca3e1299e54571d94cca82b117f3cf3aeb,measured,29,1408868,11039556,12448424,Pass,Pass,9713268438230653554
2,39,7,A0-dup,1MiB,1048576,8192,337a179ec729c20c01309d98317f7ca00691d12ca10285b55ade71fb880e191c,measured,29,57236,618727,675963,Pass,Pass,16341657278089853397
2,39,8,A0,16MiB,16777216,131072,0c00f8138e0e622f6fc7215fc0f0d135e79bf60450e4c79d30e30624a8842117,measured,29,3243519,27622343,30865862,Pass,Pass,7408339909486172793
2,39,9,A0,2MiB,2097152,16384,6587afedd7c0f949b131311e7425d033a0754a29587f85f26ec370a31fc4edf0,measured,29,115150,1413790,1528940,Pass,Pass,7349817109290025153
2,39,10,A0,4MiB,4194304,32768,f9dc4b51d64658b088837d5f2a7d485e8eba57daed852c20d443b77cc8137655,measured,29,642823,4982109,5624932,Pass,Pass,7876534982476418273
2,39,11,A0-dup,4MiB,4194304,32768,f9dc4b51d64658b088837d5f2a7d485e8eba57daed852c20d443b77cc8137655,measured,29,548963,4644245,5193208,Pass,Pass,7876534982476418273
2,39,12,A0-dup,256KiB,262144,2048,6f0154469137295abd7b45b25bc83aace599559234fd5f331140bd800c48b670,measured,29,13955,163184,177139,Pass,Pass,1126272383489710074
2,39,13,A0-dup,2MiB,2097152,16384,6587afedd7c0f949b131311e7425d033a0754a29587f85f26ec370a31fc4edf0,measured,29,119511,1448300,1567811,Pass,Pass,7349817109290025153
2,39,14,A0-dup,512KiB,524288,4096,155dfc49f4c05f1087ef002a279acee734e738bc580f2b3925315f95a108242b,measured,29,28650,313558,342208,Pass,Pass,192086794746352270
2,39,15,A0,1MiB,1048576,8192,337a179ec729c20c01309d98317f7ca00691d12ca10285b55ade71fb880e191c,measured,29,56503,635909,692412,Pass,Pass,16341657278089853397
