case_id,horse,blocks_reparsed,convergence_distance,fallback_to_full_count,metadata_records_touched,nodes_rebuilt,nodes_reused,restart_distance,source_bytes_inspected_total,unique_old_source_bytes,unique_old_source_intervals,unique_post_source_bytes,unique_post_source_intervals,unique_source_bytes,unique_source_intervals
00325fdc3e96c867447d0bfa2eb4777e0aa798dea247677a4c957251e5e12b40,H0,KNOWN,NOT_APPLICABLE,NOT_APPLICABLE,NOT_APPLICABLE,KNOWN,KNOWN,NOT_APPLICABLE,KNOWN,KNOWN,KNOWN,KNOWN,KNOWN,KNOWN,KNOWN
00325fdc3e96c867447d0bfa2eb4777e0aa798dea247677a4c957251e5e12b40,H1,KNOWN,NOT_APPLICABLE,KNOWN,KNOWN,KNOWN,KNOWN,NOT_APPLICABLE,KNOWN,KNOWN,KNOWN,KNOWN,KNOWN,KNOWN,KNOWN
00325fdc3e96c867447d0bfa2eb4777e0aa798dea247677a4c957251e5e12b40,H2,KNOWN,NOT_APPLICABLE,NOT_APPLICABLE,KNOWN,KNOWN,KNOWN,NOT_APPLICABLE,KNOWN,KNOWN,KNOWN,KNOWN,KNOWN,KNOWN,KNOWN
00325fdc3e96c867447d0bfa2eb4777e0aa798dea247677a4c957251e5e12b40,H3,KNOWN,NOT_APPLICABLE,NOT_APPLICABLE,KNOWN,KNOWN,KNOWN,NOT_APPLICABLE,KNOWN,KNOWN,KNOWN,KNOWN,KNOWN,KNOWN,KNOWN
00325fdc3e96c867447d0bfa2eb4777e0aa798dea247677a4c957251e5e12b40,H4,KNOWN,KNOWN,NOT_APPLICABLE,KNOWN,KNOWN,KNOWN,KNOWN,KNOWN,KNOWN,KNOWN,KNOWN,KNOWN,KNOWN,KNOWN
004c93223d1a1ec38d037745dd691f9e0b9269a75c37f8c08a3faac7a5b2fd3f,H0,KNOWN,NOT_APPLICABLE,NOT_APPLICABLE,NOT_APPLICABLE,KNOWN,KNOWN,NOT_APPLICABLE,KNOWN,KNOWN,KNOWN,KNOWN,KNOWN,KNOWN,KNOWN
004c93223d1a1ec38d037745dd691f9e0b9269a75c37f8c08a3faac7a5b2fd3f,H1,KNOWN,NOT_APPLICABLE,KNOWN,KNOWN,KNOWN,KNOWN,NOT_APPLICABLE,KNOWN,KNOWN,KNOWN,KNOWN,KNOWN,KNOWN,KNOWN
004c93223d1a1ec38d037745dd691f9e0b9269a75c37f8c08a3faac7a5b2fd3f,H2,KNOWN,NOT_APPLICABLE,NOT_APPLICABLE,KNOWN,KNOWN,KNOWN,NOT_APPLICABLE,KNOWN,KNOWN,KNOWN,KNOWN,KNOWN,KNOWN,KNOWN
004c93223d1a1ec38d037745dd691f9e0b9269a75c37f8c08a3faac7a5b2fd3f,H3,KNOWN,NOT_APPLICABLE,NOT_APPLICABLE,KNOWN,KNOWN,KNOWN,NOT_APPLICABLE,KNOWN,KNOWN,KNOWN,KNOWN,KNOWN,KNOWN,KNOWN
004c93223d1a1ec38d037745dd691f9e0b9269a75c37f8c08a3faac7a5b2fd3f,H4,KNOWN,KNOWN,NOT_APPLICABLE,KNOWN,KNOWN,KNOWN,KNOWN,KNOWN,KNOWN,KNOWN,KNOWN,KNOWN,KNOWN,KNOWN
0050888633c2c9116ff46d4de81522620c3bf3d8eb0215c88d6d7ffb64c75e70,H0,KNOWN,NOT_APPLICABLE,NOT_APPLICABLE,NOT_APPLICABLE,KNOWN,KNOWN,NOT_APPLICABLE,KNOWN,KNOWN,KNOWN,KNOWN,KNOWN,KNOWN,KNOWN
0050888633c2c9116ff46d4de81522620c3bf3d8eb0215c88d6d7ffb64c75e70,H1,KNOWN,NOT_APPLICABLE,KNOWN,KNOWN,KNOWN,KNOWN,NOT_APPLICABLE,KNOWN,KNOWN,KNOWN,KNOWN,KNOWN,KNOWN,KNOWN
0050888633c2c9116ff46d4de81522620c3bf3d8eb0215c88d6d7ffb64c75e70,H2,KNOWN,NOT_APPLICABLE,NOT_APPLICABLE,KNOWN,KNOWN,KNOWN,NOT_APPLICABLE,KNOWN,KNOWN,KNOWN,KNOWN,KNOWN,KNOWN,KNOWN
0050888633c2c9116ff46d4de81522620c3bf3d8eb0215c88d6d7ffb64c75e70,H3,KNOWN,NOT_APPLICABLE,NOT_APPLICABLE,KNOWN,KNOWN,KNOWN,NOT_APPLICABLE,KNOWN,KNOWN,KNOWN,KNOWN,KNOWN,KNOWN,KNOWN
0050888633c2c9116ff46d4de81522620c3bf3d8eb0215c88d6d7ffb64c75e70,H4,KNOWN,KNOWN,NOT_APPLICABLE,KNOWN,KNOWN,KNOWN,KNOWN,KNOWN,KNOWN,KNOWN,KNOWN,KNOWN,KNOWN,KNOWN
00c46bccddf623dc7420f8d4b69831eea4f76d2c7373d00f11578e89c6731032,H0,KNOWN,NOT_APPLICABLE,NOT_APPLICABLE,NOT_APPLICABLE,KNOWN,KNOWN,NOT_APPLICABLE,KNOWN,KNOWN,KNOWN,KNOWN,KNOWN,KNOWN,KNOWN
00c46bccddf623dc7420f8d4b69831eea4f76d2c7373d00f11578e89c6731032,H1,KNOWN,NOT_APPLICABLE,KNOWN,KNOWN,KNOWN,KNOWN,NOT_APPLICABLE,KNOWN,KNOWN,KNOWN,KNOWN,KNOWN,KNOWN,KNOWN
00c46bccddf623dc7420f8d4b69831eea4f76d2c7373d00f11578e89c6731032,H2,KNOWN,NOT_APPLICABLE,NOT_APPLICABLE,KNOWN,KNOWN,KNOWN,NOT_APPLICABLE,KNOWN,KNOWN,KNOWN,KNOWN,KNOWN,KNOWN,KNOWN
00c46bccddf623dc7420f8d4b69831eea4f76d2c7373d00f11578e89c6731032,H3,KNOWN,NOT_APPLICABLE,NOT_APPLICABLE,KNOWN,KNOWN,KNOWN,NOT_APPLICABLE,KNOWN,KNOWN,KNOWN,KNOWN,KNOWN,KNOWN,KNOWN
00c46bccddf623dc7420f8d4b69831eea4f76d2c7373d00f11578e89c6731032,H4,KNOWN,KNOWN,NOT_APPLICABLE,KNOWN,KNOWN,KNOWN,KNOWN,KNOWN,KNOWN,KNOWN,KNOWN,KNOWN,KNOWN,KNOWN
01402ba2e8697500c9a05c8370182d8fdd28a1c6950769eeb3a3ea95e2ca3785,H0,KNOWN,NOT_APPLICABLE,NOT_APPLICABLE,NOT_APPLICABLE,KNOWN,KNOWN,NOT_APPLICABLE,KNOWN,KNOWN,KNOWN,KNOWN,KNOWN,KNOWN,KNOWN
01402ba2e8697500c9a05c8370182d8fdd28a1c6950769eeb3a3ea95e2ca3785,H1,KNOWN,NOT_APPLICABLE,KNOWN,KNOWN,KNOWN,KNOWN,NOT_APPLICABLE,KNOWN,KNOWN,KNOWN,KNOWN,KNOWN,KNOWN,KNOWN
01402ba2e8697500c9a05c8370182d8fdd28a1c6950769eeb3a3ea95e2ca3785,H2,KNOWN,NOT_APPLICABLE,NOT_APPLICABLE,KNOWN,KNOWN,KNOWN,NOT_APPLICABLE,KNOWN,KNOWN,KNOWN,KNOWN,KNOWN,KNOWN,KNOWN
01402ba2e8697500c9a05c8370182d8fdd28a1c6950769eeb3a3ea95e2ca3785,H3,KNOWN,NOT_APPLICABLE,NOT_APPLICABLE,KNOWN,KNOWN,KNOWN,NOT_APPLICABLE,KNOWN,KNOWN,KNOWN,KNOWN,KNOWN,KNOWN,KNOWN
01402ba2e8697500c9a05c8370182d8fdd28a1c6950769eeb3a3ea95e2ca3785,H4,KNOWN,KNOWN,NOT_APPLICABLE,KNOWN,KNOWN,KNOWN,KNOWN,KNOWN,KNOWN,KNOWN,KNOWN,KNOWN,KNOWN,KNOWN
016d58d6b8a69c4c4cb235b24e3abd606df2bd38204ec1fa9e68a4c8ccad8ce4,H0,KNOWN,NOT_APPLICABLE,NOT_APPLICABLE,NOT_APPLICABLE,KNOWN,KNOWN,NOT_APPLICABLE,KNOWN,KNOWN,KNOWN,KNOWN,KNOWN,KNOWN,KNOWN
016d58d6b8a69c4c4cb235b24e3abd606df2bd38204ec1fa9e68a4c8ccad8ce4,H1,KNOWN,NOT_APPLICABLE,KNOWN,KNOWN,KNOWN,KNOWN,NOT_APPLICABLE,KNOWN,KNOWN,KNOWN,KNOWN,KNOWN,KNOWN,KNOWN
016d58d6b8a69c4c4cb235b24e3abd606df2bd38204ec1fa9e68a4c8ccad8ce4,H2,KNOWN,NOT_APPLICABLE,NOT_APPLICABLE,KNOWN,KNOWN,KNOWN,NOT_APPLICABLE,KNOWN,KNOWN,KNOWN,KNOWN,KNOWN,KNOWN,KNOWN
016d58d6b8a69c4c4cb235b24e3abd606df2bd38204ec1fa9e68a4c8ccad8ce4,H3,KNOWN,NOT_APPLICABLE,NOT_APPLICABLE,KNOWN,KNOWN,KNOWN,NOT_APPLICABLE,KNOWN,KNOWN,KNOWN,KNOWN,KNOWN,KNOWN,KNOWN
016d58d6b8a69c4c4cb235b24e3abd606df2bd38204ec1fa9e68a4c8ccad8ce4,H4,KNOWN,KNOWN,NOT_APPLICABLE,KNOWN,KNOWN,KNOWN,KNOWN,KNOWN,KNOWN,KNOWN,KNOWN,KNOWN,KNOWN,KNOWN
0375d416ea13245f1132f23fb2537edb3160fd6a2af4ba3dd5a16c47e988cb55,H0,KNOWN,NOT_APPLICABLE,NOT_APPLICABLE,NOT_APPLICABLE,KNOWN,KNOWN,NOT_APPLICABLE,KNOWN,KNOWN,KNOWN,KNOWN,KNOWN,KNOWN,KNOWN
0375d416ea13245f1132f23fb2537edb3160fd6a2af4ba3dd5a16c47e988cb55,H1,KNOWN,NOT_APPLICABLE,KNOWN,KNOWN,KNOWN,KNOWN,NOT_APPLICABLE,KNOWN,KNOWN,KNOWN,KNOWN,KNOWN,KNOWN,KNOWN
0375d416ea13245f1132f23fb2537edb3160fd6a2af4ba3dd5a16c47e988cb55,H2,KNOWN,NOT_APPLICABLE,NOT_APPLICABLE,KNOWN,KNOWN,KNOWN,NOT_APPLICABLE,KNOWN,KNOWN,KNOWN,KNOWN,KNOWN,KNOWN,KNOWN
0375d416ea13245f1132f23fb2537edb3160fd6a2af4ba3dd5a16c47e988cb55,H3,KNOWN,NOT_APPLICABLE,NOT_APPLICABLE,KNOWN,KNOWN,KNOWN,NOT_APPLICABLE,KNOWN,KNOWN,KNOWN,KNOWN,KNOWN,KNOWN,KNOWN
0375d416ea13245f1132f23fb2537edb3160fd6a2af4ba3dd5a16c47e988cb55,H4,KNOWN,KNOWN,NOT_APPLICABLE,KNOWN,KNOWN,KNOWN,KNOWN,KNOWN,KNOWN,KNOWN,KNOWN,KNOWN,KNOWN,KNOWN
042549418bc280fad86b4dad28b115704f986f17763e7054b0b172626abcdbbb,H0,KNOWN,NOT_APPLICABLE,NOT_APPLICABLE,NOT_APPLICABLE,KNOWN,KNOWN,NOT_APPLICABLE,KNOWN,KNOWN,KNOWN,KNOWN,KNOWN,KNOWN,KNOWN
042549418bc280fad86b4dad28b115704f986f17763e7054b0b172626abcdbbb,H1,KNOWN,NOT_APPLICABLE,KNOWN,KNOWN,KNOWN,KNOWN,NOT_APPLICABLE,KNOWN,KNOWN,KNOWN,KNOWN,KNOWN,KNOWN,KNOWN
042549418bc280fad86b4dad28b115704f986f17763e7054b0b172626abcdbbb,H2,KNOWN,NOT_APPLICABLE,NOT_APPLICABLE,KNOWN,KNOWN,KNOWN,NOT_APPLICABLE,KNOWN,KNOWN,KNOWN,KNOWN,KNOWN,KNOWN,KNOWN
042549418bc280fad86b4dad28b115704f986f17763e7054b0b172626abcdbbb,H3,KNOWN,NOT_APPLICABLE,NOT_APPLICABLE,KNOWN,KNOWN,KNOWN,NOT_APPLICABLE,KNOWN,KNOWN,KNOWN,KNOWN,KNOWN,KNOWN,KNOWN
042549418bc280fad86b4dad28b115704f986f17763e7054b0b172626abcdbbb,H4,KNOWN,KNOWN,NOT_APPLICABLE,KNOWN,KNOWN,KNOWN,KNOWN,KNOWN,KNOWN,KNOWN,KNOWN,KNOWN,KNOWN,KNOWN
048ecdaa1b70ba1ab13183276f9f9326a4ba513183babc2965450179a183b81e,H0,KNOWN,NOT_APPLICABLE,NOT_APPLICABLE,NOT_APPLICABLE,KNOWN,KNOWN,NOT_APPLICABLE,KNOWN,KNOWN,KNOWN,KNOWN,KNOWN,KNOWN,KNOWN
048ecdaa1b70ba1ab13183276f9f9326a4ba513183babc2965450179a183b81e,H1,KNOWN,NOT_APPLICABLE,KNOWN,KNOWN,KNOWN,KNOWN,NOT_APPLICABLE,KNOWN,KNOWN,KNOWN,KNOWN,KNOWN,KNOWN,KNOWN
048ecdaa1b70ba1ab13183276f9f9326a4ba513183babc2965450179a183b81e,H2,KNOWN,NOT_APPLICABLE,NOT_APPLICABLE,KNOWN,KNOWN,KNOWN,NOT_APPLICABLE,KNOWN,KNOWN,KNOWN,KNOWN,KNOWN,KNOWN,KNOWN
048ecdaa1b70ba1ab13183276f9f9326a4ba513183babc2965450179a183b81e,H3,KNOWN,NOT_APPLICABLE,NOT_APPLICABLE,KNOWN,KNOWN,KNOWN,NOT_APPLICABLE,KNOWN,KNOWN,KNOWN,KNOWN,KNOWN,KNOWN,KNOWN
048ecdaa1b70ba1ab13183276f9f9326a4ba513183babc2965450179a183b81e,H4,KNOWN,KNOWN,NOT_APPLICABLE,KNOWN,KNOWN,KNOWN,KNOWN,KNOWN,KNOWN,KNOWN,KNOWN,KNOWN,KNOWN,KNOWN
057a203b624cc378b24fa379357d305e93acbdc5d83bbb00a6c2044297a91d7a,H0,KNOWN,NOT_APPLICABLE,NOT_APPLICABLE,NOT_APPLICABLE,KNOWN,KNOWN,NOT_APPLICABLE,KNOWN,KNOWN,KNOWN,KNOWN,KNOWN,KNOWN,KNOWN
057a203b624cc378b24fa379357d305e93acbdc5d83bbb00a6c2044297a91d7a,H1,KNOWN,NOT_APPLICABLE,KNOWN,KNOWN,KNOWN,KNOWN,NOT_APPLICABLE,KNOWN,KNOWN,KNOWN,KNOWN,KNOWN,KNOWN,KNOWN
057a203b624cc378b24fa379357d305e93acbdc5d83bbb00a6c2044297a91d7a,H2,KNOWN,NOT_APPLICABLE,NOT_APPLICABLE,KNOWN,KNOWN,KNOWN,NOT_APPLICABLE,KNOWN,KNOWN,KNOWN,KNOWN,KNOWN,KNOWN,KNOWN
057a203b624cc378b24fa379357d305e93acbdc5d83bbb00a6c2044297a91d7a,H3,KNOWN,NOT_APPLICABLE,NOT_APPLICABLE,KNOWN,KNOWN,KNOWN,NOT_APPLICABLE,KNOWN,KNOWN,KNOWN,KNOWN,KNOWN,KNOWN,KNOWN
057a203b624cc378b24fa379357d305e93acbdc5d83bbb00a6c2044297a91d7a,H4,KNOWN,KNOWN,NOT_APPLICABLE,KNOWN,KNOWN,KNOWN,KNOWN,KNOWN,KNOWN,KNOWN,KNOWN,KNOWN,KNOWN,KNOWN
05bea54eaa7fc32f8be73d01494e8a8ead6843eece95d5c0332831a1638c8bff,H0,KNOWN,NOT_APPLICABLE,NOT_APPLICABLE,NOT_APPLICABLE,KNOWN,KNOWN,NOT_APPLICABLE,KNOWN,KNOWN,KNOWN,KNOWN,KNOWN,KNOWN,KNOWN
05bea54eaa7fc32f8be73d01494e8a8ead6843eece95d5c0332831a1638c8bff,H1,KNOWN,NOT_APPLICABLE,KNOWN,KNOWN,KNOWN,KNOWN,NOT_APPLICABLE,KNOWN,KNOWN,KNOWN,KNOWN,KNOWN,KNOWN,KNOWN
05bea54eaa7fc32f8be73d01494e8a8ead6843eece95d5c0332831a1638c8bff,H2,KNOWN,NOT_APPLICABLE,NOT_APPLICABLE,KNOWN,KNOWN,KNOWN,NOT_APPLICABLE,KNOWN,KNOWN,KNOWN,KNOWN,KNOWN,KNOWN,KNOWN
05bea54eaa7fc32f8be73d01494e8a8ead6843eece95d5c0332831a1638c8bff,H3,KNOWN,NOT_APPLICABLE,NOT_APPLICABLE,KNOWN,KNOWN,KNOWN,NOT_APPLICABLE,KNOWN,KNOWN,KNOWN,KNOWN,KNOWN,KNOWN,KNOWN
05bea54eaa7fc32f8be73d01494e8a8ead6843eece95d5c0332831a1638c8bff,H4,KNOWN,KNOWN,NOT_APPLICABLE,KNOWN,KNOWN,KNOWN,KNOWN,KNOWN,KNOWN,KNOWN,KNOWN,KNOWN,KNOWN,KNOWN
078bbcefc4436fbf5ca4948e94d66e0b510e79250c7b15e0a8658579d7b2f73b,H0,KNOWN,NOT_APPLICABLE,NOT_APPLICABLE,NOT_APPLICABLE,KNOWN,KNOWN,NOT_APPLICABLE,KNOWN,KNOWN,KNOWN,KNOWN,KNOWN,KNOWN,KNOWN
078bbcefc4436fbf5ca4948e94d66e0b510e79250c7b15e0a8658579d7b2f73b,H1,KNOWN,NOT_APPLICABLE,KNOWN,KNOWN,KNOWN,KNOWN,NOT_APPLICABLE,KNOWN,KNOWN,KNOWN,KNOWN,KNOWN,KNOWN,KNOWN
078bbcefc4436fbf5ca4948e94d66e0b510e79250c7b15e0a8658579d7b2f73b,H2,KNOWN,NOT_APPLICABLE,NOT_APPLICABLE,KNOWN,KNOWN,KNOWN,NOT_APPLICABLE,KNOWN,KNOWN,KNOWN,KNOWN,KNOWN,KNOWN,KNOWN
078bbcefc4436fbf5ca4948e94d66e0b510e79250c7b15e0a8658579d7b2f73b,H3,KNOWN,NOT_APPLICABLE,NOT_APPLICABLE,KNOWN,KNOWN,KNOWN,NOT_APPLICABLE,KNOWN,KNOWN,KNOWN,KNOWN,KNOWN,KNOWN,KNOWN
078bbcefc4436fbf5ca4948e94d66e0b510e79250c7b15e0a8658579d7b2f73b,H4,KNOWN,KNOWN,NOT_APPLICABLE,KNOWN,KNOWN,KNOWN,KNOWN,KNOWN,KNOWN,KNOWN,KNOWN,KNOWN,KNOWN,KNOWN
0845b5903a7774cddde134658230b5b206f0206a3c7a131c6c0b1d7aee111afe,H0,KNOWN,NOT_APPLICABLE,NOT_APPLICABLE,NOT_APPLICABLE,KNOWN,KNOWN,NOT_APPLICABLE,KNOWN,KNOWN,KNOWN,KNOWN,KNOWN,KNOWN,KNOWN
0845b5903a7774cddde134658230b5b206f0206a3c7a131c6c0b1d7aee111afe,H1,KNOWN,NOT_APPLICABLE,KNOWN,KNOWN,KNOWN,KNOWN,NOT_APPLICABLE,KNOWN,KNOWN,KNOWN,KNOWN,KNOWN,KNOWN,KNOWN
0845b5903a7774cddde134658230b5b206f0206a3c7a131c6c0b1d7aee111afe,H2,KNOWN,NOT_APPLICABLE,NOT_APPLICABLE,KNOWN,KNOWN,KNOWN,NOT_APPLICABLE,KNOWN,KNOWN,KNOWN,KNOWN,KNOWN,KNOWN,KNOWN
0845b5903a7774cddde134658230b5b206f0206a3c7a131c6c0b1d7aee111afe,H3,KNOWN,NOT_APPLICABLE,NOT_APPLICABLE,KNOWN,KNOWN,KNOWN,NOT_APPLICABLE,KNOWN,KNOWN,KNOWN,KNOWN,KNOWN,KNOWN,KNOWN
0845b5903a7774cddde134658230b5b206f0206a3c7a131c6c0b1d7aee111afe,H4,KNOWN,KNOWN,NOT_APPLICABLE,KNOWN,KNOWN,KNOWN,KNOWN,KNOWN,KNOWN,KNOWN,KNOWN,KNOWN,KNOWN,KNOWN
0910afe359412b025b578bae1eba2153281a8ffec29add84e528fd4115eb5b1a,H0,KNOWN,NOT_APPLICABLE,NOT_APPLICABLE,NOT_APPLICABLE,KNOWN,KNOWN,NOT_APPLICABLE,KNOWN,KNOWN,KNOWN,KNOWN,KNOWN,KNOWN,KNOWN
0910afe359412b025b578bae1eba2153281a8ffec29add84e528fd4115eb5b1a,H1,KNOWN,NOT_APPLICABLE,KNOWN,KNOWN,KNOWN,KNOWN,NOT_APPLICABLE,KNOWN,KNOWN,KNOWN,KNOWN,KNOWN,KNOWN,KNOWN
0910afe359412b025b578bae1eba2153281a8ffec29add84e528fd4115eb5b1a,H2,KNOWN,NOT_APPLICABLE,NOT_APPLICABLE,KNOWN,KNOWN,KNOWN,NOT_APPLICABLE,KNOWN,KNOWN,KNOWN,KNOWN,KNOWN,KNOWN,KNOWN
0910afe359412b025b578bae1eba2153281a8ffec29add84e528fd4115eb5b1a,H3,KNOWN,NOT_APPLICABLE,NOT_APPLICABLE,KNOWN,KNOWN,KNOWN,NOT_APPLICABLE,KNOWN,KNOWN,KNOWN,KNOWN,KNOWN,KNOWN,KNOWN
0910afe359412b025b578bae1eba2153281a8ffec29add84e528fd4115eb5b1a,H4,KNOWN,KNOWN,NOT_APPLICABLE,KNOWN,KNOWN,KNOWN,KNOWN,KNOWN,KNOWN,KNOWN,KNOWN,KNOWN,KNOWN,KNOWN
0b92f873cadf1b4ea3ec333f3e42105df5781228a422f2f4dd8d8f5767a5e6e3,H0,KNOWN,NOT_APPLICABLE,NOT_APPLICABLE,NOT_APPLICABLE,KNOWN,KNOWN,NOT_APPLICABLE,KNOWN,KNOWN,KNOWN,KNOWN,KNOWN,KNOWN,KNOWN
0b92f873cadf1b4ea3ec333f3e42105df5781228a422f2f4dd8d8f5767a5e6e3,H1,KNOWN,NOT_APPLICABLE,KNOWN,KNOWN,KNOWN,KNOWN,NOT_APPLICABLE,KNOWN,KNOWN,KNOWN,KNOWN,KNOWN,KNOWN,KNOWN
0b92f873cadf1b4ea3ec333f3e42105df5781228a422f2f4dd8d8f5767a5e6e3,H2,KNOWN,NOT_APPLICABLE,NOT_APPLICABLE,KNOWN,KNOWN,KNOWN,NOT_APPLICABLE,KNOWN,KNOWN,KNOWN,KNOWN,KNOWN,KNOWN,KNOWN
0b92f873cadf1b4ea3ec333f3e42105df5781228a422f2f4dd8d8f5767a5e6e3,H3,KNOWN,NOT_APPLICABLE,NOT_APPLICABLE,KNOWN,KNOWN,KNOWN,NOT_APPLICABLE,KNOWN,KNOWN,KNOWN,KNOWN,KNOWN,KNOWN,KNOWN
0b92f873cadf1b4ea3ec333f3e42105df5781228a422f2f4dd8d8f5767a5e6e3,H4,KNOWN,KNOWN,NOT_APPLICABLE,KNOWN,KNOWN,KNOWN,KNOWN,KNOWN,KNOWN,KNOWN,KNOWN,KNOWN,KNOWN,KNOWN
0f47ccec007b2a6f0df63731e1f7b2f46d8cc086e57842a04ceaae594d386daa,H0,KNOWN,NOT_APPLICABLE,NOT_APPLICABLE,NOT_APPLICABLE,KNOWN,KNOWN,NOT_APPLICABLE,KNOWN,KNOWN,KNOWN,KNOWN,KNOWN,KNOWN,KNOWN
0f47ccec007b2a6f0df63731e1f7b2f46d8cc086e57842a04ceaae594d386daa,H1,KNOWN,NOT_APPLICABLE,KNOWN,KNOWN,KNOWN,KNOWN,NOT_APPLICABLE,KNOWN,KNOWN,KNOWN,KNOWN,KNOWN,KNOWN,KNOWN
0f47ccec007b2a6f0df63731e1f7b2f46d8cc086e57842a04ceaae594d386daa,H2,KNOWN,NOT_APPLICABLE,NOT_APPLICABLE,KNOWN,KNOWN,KNOWN,NOT_APPLICABLE,KNOWN,KNOWN,KNOWN,KNOWN,KNOWN,KNOWN,KNOWN
0f47ccec007b2a6f0df63731e1f7b2f46d8cc086e57842a04ceaae594d386daa,H3,KNOWN,NOT_APPLICABLE,NOT_APPLICABLE,KNOWN,KNOWN,KNOWN,NOT_APPLICABLE,KNOWN,KNOWN,KNOWN,KNOWN,KNOWN,KNOWN,KNOWN
0f47ccec007b2a6f0df63731e1f7b2f46d8cc086e57842a04ceaae594d386daa,H4,KNOWN,KNOWN,NOT_APPLICABLE,KNOWN,KNOWN,KNOWN,KNOWN,KNOWN,KNOWN,KNOWN,KNOWN,KNOWN,KNOWN,KNOWN
0f49a711d933b29d07d141a166a70a4d477345685bb2546275d8ec99fed0ccae,H0,KNOWN,NOT_APPLICABLE,NOT_APPLICABLE,NOT_APPLICABLE,KNOWN,KNOWN,NOT_APPLICABLE,KNOWN,KNOWN,KNOWN,KNOWN,KNOWN,KNOWN,KNOWN
0f49a711d933b29d07d141a166a70a4d477345685bb2546275d8ec99fed0ccae,H1,KNOWN,NOT_APPLICABLE,KNOWN,KNOWN,KNOWN,KNOWN,NOT_APPLICABLE,KNOWN,KNOWN,KNOWN,KNOWN,KNOWN,KNOWN,KNOWN
0f49a711d933b29d07d141a166a70a4d477345685bb2546275d8ec99fed0ccae,H2,KNOWN,NOT_APPLICABLE,NOT_APPLICABLE,KNOWN,KNOWN,KNOWN,NOT_APPLICABLE,KNOWN,KNOWN,KNOWN,KNOWN,KNOWN,KNOWN,KNOWN
0f49a711d933b29d07d141a166a70a4d477345685bb2546275d8ec99fed0ccae,H3,KNOWN,NOT_APPLICABLE,NOT_APPLICABLE,KNOWN,KNOWN,KNOWN,NOT_APPLICABLE,KNOWN,KNOWN,KNOWN,KNOWN,KNOWN,KNOWN,KNOWN
0f49a711d933b29d07d141a166a70a4d477345685bb2546275d8ec99fed0ccae,H4,KNOWN,KNOWN,NOT_APPLICABLE,KNOWN,KNOWN,KNOWN,KNOWN,KNOWN,KNOWN,KNOWN,KNOWN,KNOWN,KNOWN,KNOWN
0f92f50eca88300ca573b9c131e8e5371ee7adcfc8d139b3800f7d87b50814c8,H0,KNOWN,NOT_APPLICABLE,NOT_APPLICABLE,NOT_APPLICABLE,KNOWN,KNOWN,NOT_APPLICABLE,KNOWN,KNOWN,KNOWN,KNOWN,KNOWN,KNOWN,KNOWN
0f92f50eca88300ca573b9c131e8e5371ee7adcfc8d139b3800f7d87b50814c8,H1,KNOWN,NOT_APPLICABLE,KNOWN,KNOWN,KNOWN,KNOWN,NOT_APPLICABLE,KNOWN,KNOWN,KNOWN,KNOWN,KNOWN,KNOWN,KNOWN
0f92f50eca88300ca573b9c131e8e5371ee7adcfc8d139b3800f7d87b50814c8,H2,KNOWN,NOT_APPLICABLE,NOT_APPLICABLE,KNOWN,KNOWN,KNOWN,NOT_APPLICABLE,KNOWN,KNOWN,KNOWN,KNOWN,KNOWN,KNOWN,KNOWN
0f92f50eca88300ca573b9c131e8e5371ee7adcfc8d139b3800f7d87b50814c8,H3,KNOWN,NOT_APPLICABLE,NOT_APPLICABLE,KNOWN,KNOWN,KNOWN,NOT_APPLICABLE,KNOWN,KNOWN,KNOWN,KNOWN,KNOWN,KNOWN,KNOWN
0f92f50eca88300ca573b9c131e8e5371ee7adcfc8d139b3800f7d87b50814c8,H4,KNOWN,KNOWN,NOT_APPLICABLE,KNOWN,KNOWN,KNOWN,KNOWN,KNOWN,KNOWN,KNOWN,KNOWN,KNOWN,KNOWN,KNOWN
1071aa73a39382493fc834d207c40f8a61d767f1bf9d62ab5f57b1efbccf751d,H0,KNOWN,NOT_APPLICABLE,NOT_APPLICABLE,NOT_APPLICABLE,KNOWN,KNOWN,NOT_APPLICABLE,KNOWN,KNOWN,KNOWN,KNOWN,KNOWN,KNOWN,KNOWN
1071aa73a39382493fc834d207c40f8a61d767f1bf9d62ab5f57b1efbccf751d,H1,KNOWN,NOT_APPLICABLE,KNOWN,KNOWN,KNOWN,KNOWN,NOT_APPLICABLE,KNOWN,KNOWN,KNOWN,KNOWN,KNOWN,KNOWN,KNOWN
1071aa73a39382493fc834d207c40f8a61d767f1bf9d62ab5f57b1efbccf751d,H2,KNOWN,NOT_APPLICABLE,NOT_APPLICABLE,KNOWN,KNOWN,KNOWN,NOT_APPLICABLE,KNOWN,KNOWN,KNOWN,KNOWN,KNOWN,KNOWN,KNOWN
1071aa73a39382493fc834d207c40f8a61d767f1bf9d62ab5f57b1efbccf751d,H3,KNOWN,NOT_APPLICABLE,NOT_APPLICABLE,KNOWN,KNOWN,KNOWN,NOT_APPLICABLE,KNOWN,KNOWN,KNOWN,KNOWN,KNOWN,KNOWN,KNOWN
1071aa73a39382493fc834d207c40f8a61d767f1bf9d62ab5f57b1efbccf751d,H4,KNOWN,KNOWN,NOT_APPLICABLE,KNOWN,KNOWN,KNOWN,KNOWN,KNOWN,KNOWN,KNOWN,KNOWN,KNOWN,KNOWN,KNOWN
11023cd3b503f9e53e640408dc508ec7f13eaeb27bdbe0fa59582bc6d4c6f66e,H0,KNOWN,NOT_APPLICABLE,NOT_APPLICABLE,NOT_APPLICABLE,KNOWN,KNOWN,NOT_APPLICABLE,KNOWN,KNOWN,KNOWN,KNOWN,KNOWN,KNOWN,KNOWN
11023cd3b503f9e53e640408dc508ec7f13eaeb27bdbe0fa59582bc6d4c6f66e,H1,KNOWN,NOT_APPLICABLE,KNOWN,KNOWN,KNOWN,KNOWN,NOT_APPLICABLE,KNOWN,KNOWN,KNOWN,KNOWN,KNOWN,KNOWN,KNOWN
11023cd3b503f9e53e640408dc508ec7f13eaeb27bdbe0fa59582bc6d4c6f66e,H2,KNOWN,NOT_APPLICABLE,NOT_APPLICABLE,KNOWN,KNOWN,KNOWN,NOT_APPLICABLE,KNOWN,KNOWN,KNOWN,KNOWN,KNOWN,KNOWN,KNOWN
11023cd3b503f9e53e640408dc508ec7f13eaeb27bdbe0fa59582bc6d4c6f66e,H3,KNOWN,NOT_APPLICABLE,NOT_APPLICABLE,KNOWN,KNOWN,KNOWN,NOT_APPLICABLE,KNOWN,KNOWN,KNOWN,KNOWN,KNOWN,KNOWN,KNOWN
11023cd3b503f9e53e640408dc508ec7f13eaeb27bdbe0fa59582bc6d4c6f66e,H4,KNOWN,KNOWN,NOT_APPLICABLE,KNOWN,KNOWN,KNOWN,KNOWN,KNOWN,KNOWN,KNOWN,KNOWN,KNOWN,KNOWN,KNOWN
1109ce98159395e58e64bfe20923af97f2870ad0dd279a7dc21e27cf2e927195,H0,KNOWN,NOT_APPLICABLE,NOT_APPLICABLE,NOT_APPLICABLE,KNOWN,KNOWN,NOT_APPLICABLE,KNOWN,KNOWN,KNOWN,KNOWN,KNOWN,KNOWN,KNOWN
1109ce98159395e58e64bfe20923af97f2870ad0dd279a7dc21e27cf2e927195,H1,KNOWN,NOT_APPLICABLE,KNOWN,KNOWN,KNOWN,KNOWN,NOT_APPLICABLE,KNOWN,KNOWN,KNOWN,KNOWN,KNOWN,KNOWN,KNOWN
1109ce98159395e58e64bfe20923af97f2870ad0dd279a7dc21e27cf2e927195,H2,KNOWN,NOT_APPLICABLE,NOT_APPLICABLE,KNOWN,KNOWN,KNOWN,NOT_APPLICABLE,KNOWN,KNOWN,KNOWN,KNOWN,KNOWN,KNOWN,KNOWN
1109ce98159395e58e64bfe20923af97f2870ad0dd279a7dc21e27cf2e927195,H3,KNOWN,NOT_APPLICABLE,NOT_APPLICABLE,KNOWN,KNOWN,KNOWN,NOT_APPLICABLE,KNOWN,KNOWN,KNOWN,KNOWN,KNOWN,KNOWN,KNOWN
1109ce98159395e58e64bfe20923af97f2870ad0dd279a7dc21e27cf2e927195,H4,KNOWN,KNOWN,NOT_APPLICABLE,KNOWN,KNOWN,KNOWN,KNOWN,KNOWN,KNOWN,KNOWN,KNOWN,KNOWN,KNOWN,KNOWN
117c2ea60e643beb6d64abcaba2451bb9252535d919f288f92bb5a2c529924bb,H0,KNOWN,NOT_APPLICABLE,NOT_APPLICABLE,NOT_APPLICABLE,KNOWN,KNOWN,NOT_APPLICABLE,KNOWN,KNOWN,KNOWN,KNOWN,KNOWN,KNOWN,KNOWN
117c2ea60e643beb6d64abcaba2451bb9252535d919f288f92bb5a2c529924bb,H1,KNOWN,NOT_APPLICABLE,KNOWN,KNOWN,KNOWN,KNOWN,NOT_APPLICABLE,KNOWN,KNOWN,KNOWN,KNOWN,KNOWN,KNOWN,KNOWN
117c2ea60e643beb6d64abcaba2451bb9252535d919f288f92bb5a2c529924bb,H2,KNOWN,NOT_APPLICABLE,NOT_APPLICABLE,KNOWN,KNOWN,KNOWN,NOT_APPLICABLE,KNOWN,KNOWN,KNOWN,KNOWN,KNOWN,KNOWN,KNOWN
117c2ea60e643beb6d64abcaba2451bb9252535d919f288f92bb5a2c529924bb,H3,KNOWN,NOT_APPLICABLE,NOT_APPLICABLE,KNOWN,KNOWN,KNOWN,NOT_APPLICABLE,KNOWN,KNOWN,KNOWN,KNOWN,KNOWN,KNOWN,KNOWN
117c2ea60e643beb6d64abcaba2451bb9252535d919f288f92bb5a2c529924bb,H4,KNOWN,KNOWN,NOT_APPLICABLE,KNOWN,KNOWN,KNOWN,KNOWN,KNOWN,KNOWN,KNOWN,KNOWN,KNOWN,KNOWN,KNOWN
11f4f64827b3c489a3b96cb82bb580dcb8b37723e3e0980cdb34e1b7980d7ef5,H0,KNOWN,NOT_APPLICABLE,NOT_APPLICABLE,NOT_APPLICABLE,KNOWN,KNOWN,NOT_APPLICABLE,KNOWN,KNOWN,KNOWN,KNOWN,KNOWN,KNOWN,KNOWN
11f4f64827b3c489a3b96cb82bb580dcb8b37723e3e0980cdb34e1b7980d7ef5,H1,KNOWN,NOT_APPLICABLE,KNOWN,KNOWN,KNOWN,KNOWN,NOT_APPLICABLE,KNOWN,KNOWN,KNOWN,KNOWN,KNOWN,KNOWN,KNOWN
11f4f64827b3c489a3b96cb82bb580dcb8b37723e3e0980cdb34e1b7980d7ef5,H2,KNOWN,NOT_APPLICABLE,NOT_APPLICABLE,KNOWN,KNOWN,KNOWN,NOT_APPLICABLE,KNOWN,KNOWN,KNOWN,KNOWN,KNOWN,KNOWN,KNOWN
11f4f64827b3c489a3b96cb82bb580dcb8b37723e3e0980cdb34e1b7980d7ef5,H3,KNOWN,NOT_APPLICABLE,NOT_APPLICABLE,KNOWN,KNOWN,KNOWN,NOT_APPLICABLE,KNOWN,KNOWN,KNOWN,KNOWN,KNOWN,KNOWN,KNOWN
11f4f64827b3c489a3b96cb82bb580dcb8b37723e3e0980cdb34e1b7980d7ef5,H4,KNOWN,KNOWN,NOT_APPLICABLE,KNOWN,KNOWN,KNOWN,KNOWN,KNOWN,KNOWN,KNOWN,KNOWN,KNOWN,KNOWN,KNOWN
12b76ae925961b64ec448245900e09f8ab87c79819bf49ef0689e8037a9dd94d,H0,KNOWN,NOT_APPLICABLE,NOT_APPLICABLE,NOT_APPLICABLE,KNOWN,KNOWN,NOT_APPLICABLE,KNOWN,KNOWN,KNOWN,KNOWN,KNOWN,KNOWN,KNOWN
12b76ae925961b64ec448245900e09f8ab87c79819bf49ef0689e8037a9dd94d,H1,KNOWN,NOT_APPLICABLE,KNOWN,KNOWN,KNOWN,KNOWN,NOT_APPLICABLE,KNOWN,KNOWN,KNOWN,KNOWN,KNOWN,KNOWN,KNOWN
12b76ae925961b64ec448245900e09f8ab87c79819bf49ef0689e8037a9dd94d,H2,KNOWN,NOT_APPLICABLE,NOT_APPLICABLE,KNOWN,KNOWN,KNOWN,NOT_APPLICABLE,KNOWN,KNOWN,KNOWN,KNOWN,KNOWN,KNOWN,KNOWN
12b76ae925961b64ec448245900e09f8ab87c79819bf49ef0689e8037a9dd94d,H3,KNOWN,NOT_APPLICABLE,NOT_APPLICABLE,KNOWN,KNOWN,KNOWN,NOT_APPLICABLE,KNOWN,KNOWN,KNOWN,KNOWN,KNOWN,KNOWN,KNOWN
12b76ae925961b64ec448245900e09f8ab87c79819bf49ef0689e8037a9dd94d,H4,KNOWN,KNOWN,NOT_APPLICABLE,KNOWN,KNOWN,KNOWN,KNOWN,KNOWN,KNOWN,KNOWN,KNOWN,KNOWN,KNOWN,KNOWN
1381a53732e6c601fa3b6a5d8f3c426081b19163a09b1c438c0ec2533b9a9638,H0,KNOWN,NOT_APPLICABLE,NOT_APPLICABLE,NOT_APPLICABLE,KNOWN,KNOWN,NOT_APPLICABLE,KNOWN,KNOWN,KNOWN,KNOWN,KNOWN,KNOWN,KNOWN
1381a53732e6c601fa3b6a5d8f3c426081b19163a09b1c438c0ec2533b9a9638,H1,KNOWN,NOT_APPLICABLE,KNOWN,KNOWN,KNOWN,KNOWN,NOT_APPLICABLE,KNOWN,KNOWN,KNOWN,KNOWN,KNOWN,KNOWN,KNOWN
1381a53732e6c601fa3b6a5d8f3c426081b19163a09b1c438c0ec2533b9a9638,H2,KNOWN,NOT_APPLICABLE,NOT_APPLICABLE,KNOWN,KNOWN,KNOWN,NOT_APPLICABLE,KNOWN,KNOWN,KNOWN,KNOWN,KNOWN,KNOWN,KNOWN
1381a53732e6c601fa3b6a5d8f3c426081b19163a09b1c438c0ec2533b9a9638,H3,KNOWN,NOT_APPLICABLE,NOT_APPLICABLE,KNOWN,KNOWN,KNOWN,NOT_APPLICABLE,KNOWN,KNOWN,KNOWN,KNOWN,KNOWN,KNOWN,KNOWN
1381a53732e6c601fa3b6a5d8f3c426081b19163a09b1c438c0ec2533b9a9638,H4,KNOWN,KNOWN,NOT_APPLICABLE,KNOWN,KNOWN,KNOWN,KNOWN,KNOWN,KNOWN,KNOWN,KNOWN,KNOWN,KNOWN,KNOWN
13b349bed3cfb03e45bfea079ea477e6188780cb7941dc6cb64e24370c5cc55d,H0,KNOWN,NOT_APPLICABLE,NOT_APPLICABLE,NOT_APPLICABLE,KNOWN,KNOWN,NOT_APPLICABLE,KNOWN,KNOWN,KNOWN,KNOWN,KNOWN,KNOWN,KNOWN
13b349bed3cfb03e45bfea079ea477e6188780cb7941dc6cb64e24370c5cc55d,H1,KNOWN,NOT_APPLICABLE,KNOWN,KNOWN,KNOWN,KNOWN,NOT_APPLICABLE,KNOWN,KNOWN,KNOWN,KNOWN,KNOWN,KNOWN,KNOWN
13b349bed3cfb03e45bfea079ea477e6188780cb7941dc6cb64e24370c5cc55d,H2,KNOWN,NOT_APPLICABLE,NOT_APPLICABLE,KNOWN,KNOWN,KNOWN,NOT_APPLICABLE,KNOWN,KNOWN,KNOWN,KNOWN,KNOWN,KNOWN,KNOWN
13b349bed3cfb03e45bfea079ea477e6188780cb7941dc6cb64e24370c5cc55d,H3,KNOWN,NOT_APPLICABLE,NOT_APPLICABLE,KNOWN,KNOWN,KNOWN,NOT_APPLICABLE,KNOWN,KNOWN,KNOWN,KNOWN,KNOWN,KNOWN,KNOWN
13b349bed3cfb03e45bfea079ea477e6188780cb7941dc6cb64e24370c5cc55d,H4,KNOWN,KNOWN,NOT_APPLICABLE,KNOWN,KNOWN,KNOWN,KNOWN,KNOWN,KNOWN,KNOWN,KNOWN,KNOWN,KNOWN,KNOWN
14be6e7fe4a57286c8717f875562507e4a2c06ff737236d0a3704debc5502285,H0,KNOWN,NOT_APPLICABLE,NOT_APPLICABLE,NOT_APPLICABLE,KNOWN,KNOWN,NOT_APPLICABLE,KNOWN,KNOWN,KNOWN,KNOWN,KNOWN,KNOWN,KNOWN
14be6e7fe4a57286c8717f875562507e4a2c06ff737236d0a3704debc5502285,H1,KNOWN,NOT_APPLICABLE,KNOWN,KNOWN,KNOWN,KNOWN,NOT_APPLICABLE,KNOWN,KNOWN,KNOWN,KNOWN,KNOWN,KNOWN,KNOWN
14be6e7fe4a57286c8717f875562507e4a2c06ff737236d0a3704debc5502285,H2,KNOWN,NOT_APPLICABLE,NOT_APPLICABLE,KNOWN,KNOWN,KNOWN,NOT_APPLICABLE,KNOWN,KNOWN,KNOWN,KNOWN,KNOWN,KNOWN,KNOWN
14be6e7fe4a57286c8717f875562507e4a2c06ff737236d0a3704debc5502285,H3,KNOWN,NOT_APPLICABLE,NOT_APPLICABLE,KNOWN,KNOWN,KNOWN,NOT_APPLICABLE,KNOWN,KNOWN,KNOWN,KNOWN,KNOWN,KNOWN,KNOWN
14be6e7fe4a57286c8717f875562507e4a2c06ff737236d0a3704debc5502285,H4,KNOWN,KNOWN,NOT_APPLICABLE,KNOWN,KNOWN,KNOWN,KNOWN,KNOWN,KNOWN,KNOWN,KNOWN,KNOWN,KNOWN,KNOWN
1649ad95f27933c25916ecf7a3176a620bc59f7266bde7de6f3222ca068e5774,H0,KNOWN,NOT_APPLICABLE,NOT_APPLICABLE,NOT_APPLICABLE,KNOWN,KNOWN,NOT_APPLICABLE,KNOWN,KNOWN,KNOWN,KNOWN,KNOWN,KNOWN,KNOWN
1649ad95f27933c25916ecf7a3176a620bc59f7266bde7de6f3222ca068e5774,H1,KNOWN,NOT_APPLICABLE,KNOWN,KNOWN,KNOWN,KNOWN,NOT_APPLICABLE,KNOWN,KNOWN,KNOWN,KNOWN,KNOWN,KNOWN,KNOWN
1649ad95f27933c25916ecf7a3176a620bc59f7266bde7de6f3222ca068e5774,H2,KNOWN,NOT_APPLICABLE,NOT_APPLICABLE,KNOWN,KNOWN,KNOWN,NOT_APPLICABLE,KNOWN,KNOWN,KNOWN,KNOWN,KNOWN,KNOWN,KNOWN
1649ad95f27933c25916ecf7a3176a620bc59f7266bde7de6f3222ca068e5774,H3,KNOWN,NOT_APPLICABLE,NOT_APPLICABLE,KNOWN,KNOWN,KNOWN,NOT_APPLICABLE,KNOWN,KNOWN,KNOWN,KNOWN,KNOWN,KNOWN,KNOWN
1649ad95f27933c25916ecf7a3176a620bc59f7266bde7de6f3222ca068e5774,H4,KNOWN,KNOWN,NOT_APPLICABLE,KNOWN,KNOWN,KNOWN,KNOWN,KNOWN,KNOWN,KNOWN,KNOWN,KNOWN,KNOWN,KNOWN
165e1434f64eafc72ce16523cff097caa69f0362de363cfdb9a146ac2f96eaa4,H0,KNOWN,NOT_APPLICABLE,NOT_APPLICABLE,NOT_APPLICABLE,KNOWN,KNOWN,NOT_APPLICABLE,KNOWN,KNOWN,KNOWN,KNOWN,KNOWN,KNOWN,KNOWN
165e1434f64eafc72ce16523cff097caa69f0362de363cfdb9a146ac2f96eaa4,H1,KNOWN,NOT_APPLICABLE,KNOWN,KNOWN,KNOWN,KNOWN,NOT_APPLICABLE,KNOWN,KNOWN,KNOWN,KNOWN,KNOWN,KNOWN,KNOWN
165e1434f64eafc72ce16523cff097caa69f0362de363cfdb9a146ac2f96eaa4,H2,KNOWN,NOT_APPLICABLE,NOT_APPLICABLE,KNOWN,KNOWN,KNOWN,NOT_APPLICABLE,KNOWN,KNOWN,KNOWN,KNOWN,KNOWN,KNOWN,KNOWN
165e1434f64eafc72ce16523cff097caa69f0362de363cfdb9a146ac2f96eaa4,H3,KNOWN,NOT_APPLICABLE,NOT_APPLICABLE,KNOWN,KNOWN,KNOWN,NOT_APPLICABLE,KNOWN,KNOWN,KNOWN,KNOWN,KNOWN,KNOWN,KNOWN
165e1434f64eafc72ce16523cff097caa69f0362de363cfdb9a146ac2f96eaa4,H4,KNOWN,KNOWN,NOT_APPLICABLE,KNOWN,KNOWN,KNOWN,KNOWN,KNOWN,KNOWN,KNOWN,KNOWN,KNOWN,KNOWN,KNOWN
166a72f03def616914dc3c35e64692cceb36559442feba8e52aa646122f5871a,H0,KNOWN,NOT_APPLICABLE,NOT_APPLICABLE,NOT_APPLICABLE,KNOWN,KNOWN,NOT_APPLICABLE,KNOWN,KNOWN,KNOWN,KNOWN,KNOWN,KNOWN,KNOWN
166a72f03def616914dc3c35e64692cceb36559442feba8e52aa646122f5871a,H1,KNOWN,NOT_APPLICABLE,KNOWN,KNOWN,KNOWN,KNOWN,NOT_APPLICABLE,KNOWN,KNOWN,KNOWN,KNOWN,KNOWN,KNOWN,KNOWN
166a72f03def616914dc3c35e64692cceb36559442feba8e52aa646122f5871a,H2,KNOWN,NOT_APPLICABLE,NOT_APPLICABLE,KNOWN,KNOWN,KNOWN,NOT_APPLICABLE,KNOWN,KNOWN,KNOWN,KNOWN,KNOWN,KNOWN,KNOWN
166a72f03def616914dc3c35e64692cceb36559442feba8e52aa646122f5871a,H3,KNOWN,NOT_APPLICABLE,NOT_APPLICABLE,KNOWN,KNOWN,KNOWN,NOT_APPLICABLE,KNOWN,KNOWN,KNOWN,KNOWN,KNOWN,KNOWN,KNOWN
166a72f03def616914dc3c35e64692cceb36559442feba8e52aa646122f5871a,H4,KNOWN,KNOWN,NOT_APPLICABLE,KNOWN,KNOWN,KNOWN,KNOWN,KNOWN,KNOWN,KNOWN,KNOWN,KNOWN,KNOWN,KNOWN
176afe7a530d52660383635e26bd6299e9ec56f4528cafaba8d20cf00884db27,H0,KNOWN,NOT_APPLICABLE,NOT_APPLICABLE,NOT_APPLICABLE,KNOWN,KNOWN,NOT_APPLICABLE,KNOWN,KNOWN,KNOWN,KNOWN,KNOWN,KNOWN,KNOWN
176afe7a530d52660383635e26bd6299e9ec56f4528cafaba8d20cf00884db27,H1,KNOWN,NOT_APPLICABLE,KNOWN,KNOWN,KNOWN,KNOWN,NOT_APPLICABLE,KNOWN,KNOWN,KNOWN,KNOWN,KNOWN,KNOWN,KNOWN
176afe7a530d52660383635e26bd6299e9ec56f4528cafaba8d20cf00884db27,H2,KNOWN,NOT_APPLICABLE,NOT_APPLICABLE,KNOWN,KNOWN,KNOWN,NOT_APPLICABLE,KNOWN,KNOWN,KNOWN,KNOWN,KNOWN,KNOWN,KNOWN
176afe7a530d52660383635e26bd6299e9ec56f4528cafaba8d20cf00884db27,H3,KNOWN,NOT_APPLICABLE,NOT_APPLICABLE,KNOWN,KNOWN,KNOWN,NOT_APPLICABLE,KNOWN,KNOWN,KNOWN,KNOWN,KNOWN,KNOWN,KNOWN
176afe7a530d52660383635e26bd6299e9ec56f4528cafaba8d20cf00884db27,H4,KNOWN,KNOWN,NOT_APPLICABLE,KNOWN,KNOWN,KNOWN,KNOWN,KNOWN,KNOWN,KNOWN,KNOWN,KNOWN,KNOWN,KNOWN
18eb7519362f7cbdf411c981390fdde14412d0348ad0743939339ba2f575ac44,H0,KNOWN,NOT_APPLICABLE,NOT_APPLICABLE,NOT_APPLICABLE,KNOWN,KNOWN,NOT_APPLICABLE,KNOWN,KNOWN,KNOWN,KNOWN,KNOWN,KNOWN,KNOWN
18eb7519362f7cbdf411c981390fdde14412d0348ad0743939339ba2f575ac44,H1,KNOWN,NOT_APPLICABLE,KNOWN,KNOWN,KNOWN,KNOWN,NOT_APPLICABLE,KNOWN,KNOWN,KNOWN,KNOWN,KNOWN,KNOWN,KNOWN
18eb7519362f7cbdf411c981390fdde14412d0348ad0743939339ba2f575ac44,H2,KNOWN,NOT_APPLICABLE,NOT_APPLICABLE,KNOWN,KNOWN,KNOWN,NOT_APPLICABLE,KNOWN,KNOWN,KNOWN,KNOWN,KNOWN,KNOWN,KNOWN
18eb7519362f7cbdf411c981390fdde14412d0348ad0743939339ba2f575ac44,H3,KNOWN,NOT_APPLICABLE,NOT_APPLICABLE,KNOWN,KNOWN,KNOWN,NOT_APPLICABLE,KNOWN,KNOWN,KNOWN,KNOWN,KNOWN,KNOWN,KNOWN
18eb7519362f7cbdf411c981390fdde14412d0348ad0743939339ba2f575ac44,H4,KNOWN,KNOWN,NOT_APPLICABLE,KNOWN,KNOWN,KNOWN,KNOWN,KNOWN,KNOWN,KNOWN,KNOWN,KNOWN,KNOWN,KNOWN
18f10770716804753d52967faf40a15681aecaa6e2d964d644082be9f035bbff,H0,KNOWN,NOT_APPLICABLE,NOT_APPLICABLE,NOT_APPLICABLE,KNOWN,KNOWN,NOT_APPLICABLE,KNOWN,KNOWN,KNOWN,KNOWN,KNOWN,KNOWN,KNOWN
18f10770716804753d52967faf40a15681aecaa6e2d964d644082be9f035bbff,H1,KNOWN,NOT_APPLICABLE,KNOWN,KNOWN,KNOWN,KNOWN,NOT_APPLICABLE,KNOWN,KNOWN,KNOWN,KNOWN,KNOWN,KNOWN,KNOWN
18f10770716804753d52967faf40a15681aecaa6e2d964d644082be9f035bbff,H2,KNOWN,NOT_APPLICABLE,NOT_APPLICABLE,KNOWN,KNOWN,KNOWN,NOT_APPLICABLE,KNOWN,KNOWN,KNOWN,KNOWN,KNOWN,KNOWN,KNOWN
18f10770716804753d52967faf40a15681aecaa6e2d964d644082be9f035bbff,H3,KNOWN,NOT_APPLICABLE,NOT_APPLICABLE,KNOWN,KNOWN,KNOWN,NOT_APPLICABLE,KNOWN,KNOWN,KNOWN,KNOWN,KNOWN,KNOWN,KNOWN
18f10770716804753d52967faf40a15681aecaa6e2d964d644082be9f035bbff,H4,KNOWN,KNOWN,NOT_APPLICABLE,KNOWN,KNOWN,KNOWN,KNOWN,KNOWN,KNOWN,KNOWN,KNOWN,KNOWN,KNOWN,KNOWN
1a0deadd0f109c2a22aacdb0046eabc2a7a4ee1666b254455b1a07e548e44369,H0,KNOWN,NOT_APPLICABLE,NOT_APPLICABLE,NOT_APPLICABLE,KNOWN,KNOWN,NOT_APPLICABLE,KNOWN,KNOWN,KNOWN,KNOWN,KNOWN,KNOWN,KNOWN
1a0deadd0f109c2a22aacdb0046eabc2a7a4ee1666b254455b1a07e548e44369,H1,KNOWN,NOT_APPLICABLE,KNOWN,KNOWN,KNOWN,KNOWN,NOT_APPLICABLE,KNOWN,KNOWN,KNOWN,KNOWN,KNOWN,KNOWN,KNOWN
1a0deadd0f109c2a22aacdb0046eabc2a7a4ee1666b254455b1a07e548e44369,H2,KNOWN,NOT_APPLICABLE,NOT_APPLICABLE,KNOWN,KNOWN,KNOWN,NOT_APPLICABLE,KNOWN,KNOWN,KNOWN,KNOWN,KNOWN,KNOWN,KNOWN
1a0deadd0f109c2a22aacdb0046eabc2a7a4ee1666b254455b1a07e548e44369,H3,KNOWN,NOT_APPLICABLE,NOT_APPLICABLE,KNOWN,KNOWN,KNOWN,NOT_APPLICABLE,KNOWN,KNOWN,KNOWN,KNOWN,KNOWN,KNOWN,KNOWN
1a0deadd0f109c2a22aacdb0046eabc2a7a4ee1666b254455b1a07e548e44369,H4,KNOWN,KNOWN,NOT_APPLICABLE,KNOWN,KNOWN,KNOWN,KNOWN,KNOWN,KNOWN,KNOWN,KNOWN,KNOWN,KNOWN,KNOWN
1bd781ed4daa79cdf17d16c83e9eaa61bc913b5400cc633443fabf3c18b555db,H0,KNOWN,NOT_APPLICABLE,NOT_APPLICABLE,NOT_APPLICABLE,KNOWN,KNOWN,NOT_APPLICABLE,KNOWN,KNOWN,KNOWN,KNOWN,KNOWN,KNOWN,KNOWN
1bd781ed4daa79cdf17d16c83e9eaa61bc913b5400cc633443fabf3c18b555db,H1,KNOWN,NOT_APPLICABLE,KNOWN,KNOWN,KNOWN,KNOWN,NOT_APPLICABLE,KNOWN,KNOWN,KNOWN,KNOWN,KNOWN,KNOWN,KNOWN
1bd781ed4daa79cdf17d16c83e9eaa61bc913b5400cc633443fabf3c18b555db,H2,KNOWN,NOT_APPLICABLE,NOT_APPLICABLE,KNOWN,KNOWN,KNOWN,NOT_APPLICABLE,KNOWN,KNOWN,KNOWN,KNOWN,KNOWN,KNOWN,KNOWN
1bd781ed4daa79cdf17d16c83e9eaa61bc913b5400cc633443fabf3c18b555db,H3,KNOWN,NOT_APPLICABLE,NOT_APPLICABLE,KNOWN,KNOWN,KNOWN,NOT_APPLICABLE,KNOWN,KNOWN,KNOWN,KNOWN,KNOWN,KNOWN,KNOWN
1bd781ed4daa79cdf17d16c83e9eaa61bc913b5400cc633443fabf3c18b555db,H4,KNOWN,KNOWN,NOT_APPLICABLE,KNOWN,KNOWN,KNOWN,KNOWN,KNOWN,KNOWN,KNOWN,KNOWN,KNOWN,KNOWN,KNOWN
1c38500d66cb01c942d7c7a355dff4299076f63cf3f6a6f6a296aa8675819557,H0,KNOWN,NOT_APPLICABLE,NOT_APPLICABLE,NOT_APPLICABLE,KNOWN,KNOWN,NOT_APPLICABLE,KNOWN,KNOWN,KNOWN,KNOWN,KNOWN,KNOWN,KNOWN
1c38500d66cb01c942d7c7a355dff4299076f63cf3f6a6f6a296aa8675819557,H1,KNOWN,NOT_APPLICABLE,KNOWN,KNOWN,KNOWN,KNOWN,NOT_APPLICABLE,KNOWN,KNOWN,KNOWN,KNOWN,KNOWN,KNOWN,KNOWN
1c38500d66cb01c942d7c7a355dff4299076f63cf3f6a6f6a296aa8675819557,H2,KNOWN,NOT_APPLICABLE,NOT_APPLICABLE,KNOWN,KNOWN,KNOWN,NOT_APPLICABLE,KNOWN,KNOWN,KNOWN,KNOWN,KNOWN,KNOWN,KNOWN
1c38500d66cb01c942d7c7a355dff4299076f63cf3f6a6f6a296aa8675819557,H3,KNOWN,NOT_APPLICABLE,NOT_APPLICABLE,KNOWN,KNOWN,KNOWN,NOT_APPLICABLE,KNOWN,KNOWN,KNOWN,KNOWN,KNOWN,KNOWN,KNOWN
1c38500d66cb01c942d7c7a355dff4299076f63cf3f6a6f6a296aa8675819557,H4,KNOWN,KNOWN,NOT_APPLICABLE,KNOWN,KNOWN,KNOWN,KNOWN,KNOWN,KNOWN,KNOWN,KNOWN,KNOWN,KNOWN,KNOWN
1cf8f8234dce187d8640ff2e9caf26335f3eba1334d15d238ef7e765cf365140,H0,KNOWN,NOT_APPLICABLE,NOT_APPLICABLE,NOT_APPLICABLE,KNOWN,KNOWN,NOT_APPLICABLE,KNOWN,KNOWN,KNOWN,KNOWN,KNOWN,KNOWN,KNOWN
1cf8f8234dce187d8640ff2e9caf26335f3eba1334d15d238ef7e765cf365140,H1,KNOWN,NOT_APPLICABLE,KNOWN,KNOWN,KNOWN,KNOWN,NOT_APPLICABLE,KNOWN,KNOWN,KNOWN,KNOWN,KNOWN,KNOWN,KNOWN
1cf8f8234dce187d8640ff2e9caf26335f3eba1334d15d238ef7e765cf365140,H2,KNOWN,NOT_APPLICABLE,NOT_APPLICABLE,KNOWN,KNOWN,KNOWN,NOT_APPLICABLE,KNOWN,KNOWN,KNOWN,KNOWN,KNOWN,KNOWN,KNOWN
1cf8f8234dce187d8640ff2e9caf26335f3eba1334d15d238ef7e765cf365140,H3,KNOWN,NOT_APPLICABLE,NOT_APPLICABLE,KNOWN,KNOWN,KNOWN,NOT_APPLICABLE,KNOWN,KNOWN,KNOWN,KNOWN,KNOWN,KNOWN,KNOWN
1cf8f8234dce187d8640ff2e9caf26335f3eba1334d15d238ef7e765cf365140,H4,KNOWN,KNOWN,NOT_APPLICABLE,KNOWN,KNOWN,KNOWN,KNOWN,KNOWN,KNOWN,KNOWN,KNOWN,KNOWN,KNOWN,KNOWN
1d50519afbb6938993e7c6f1a564dc60d6103c701cdec12f171cf15f01b1b3cf,H0,KNOWN,NOT_APPLICABLE,NOT_APPLICABLE,NOT_APPLICABLE,KNOWN,KNOWN,NOT_APPLICABLE,KNOWN,KNOWN,KNOWN,KNOWN,KNOWN,KNOWN,KNOWN
1d50519afbb6938993e7c6f1a564dc60d6103c701cdec12f171cf15f01b1b3cf,H1,KNOWN,NOT_APPLICABLE,KNOWN,KNOWN,KNOWN,KNOWN,NOT_APPLICABLE,KNOWN,KNOWN,KNOWN,KNOWN,KNOWN,KNOWN,KNOWN
1d50519afbb6938993e7c6f1a564dc60d6103c701cdec12f171cf15f01b1b3cf,H2,KNOWN,NOT_APPLICABLE,NOT_APPLICABLE,KNOWN,KNOWN,KNOWN,NOT_APPLICABLE,KNOWN,KNOWN,KNOWN,KNOWN,KNOWN,KNOWN,KNOWN
1d50519afbb6938993e7c6f1a564dc60d6103c701cdec12f171cf15f01b1b3cf,H3,KNOWN,NOT_APPLICABLE,NOT_APPLICABLE,KNOWN,KNOWN,KNOWN,NOT_APPLICABLE,KNOWN,KNOWN,KNOWN,KNOWN,KNOWN,KNOWN,KNOWN
1d50519afbb6938993e7c6f1a564dc60d6103c701cdec12f171cf15f01b1b3cf,H4,KNOWN,KNOWN,NOT_APPLICABLE,KNOWN,KNOWN,KNOWN,KNOWN,KNOWN,KNOWN,KNOWN,KNOWN,KNOWN,KNOWN,KNOWN
1e0012c1e7e5b0dfe1b3f29d65b53b974e4ce6488795b27dada67b6beed0e324,H0,KNOWN,NOT_APPLICABLE,NOT_APPLICABLE,NOT_APPLICABLE,KNOWN,KNOWN,NOT_APPLICABLE,KNOWN,KNOWN,KNOWN,KNOWN,KNOWN,KNOWN,KNOWN
1e0012c1e7e5b0dfe1b3f29d65b53b974e4ce6488795b27dada67b6beed0e324,H1,KNOWN,NOT_APPLICABLE,KNOWN,KNOWN,KNOWN,KNOWN,NOT_APPLICABLE,KNOWN,KNOWN,KNOWN,KNOWN,KNOWN,KNOWN,KNOWN
1e0012c1e7e5b0dfe1b3f29d65b53b974e4ce6488795b27dada67b6beed0e324,H2,KNOWN,NOT_APPLICABLE,NOT_APPLICABLE,KNOWN,KNOWN,KNOWN,NOT_APPLICABLE,KNOWN,KNOWN,KNOWN,KNOWN,KNOWN,KNOWN,KNOWN
1e0012c1e7e5b0dfe1b3f29d65b53b974e4ce6488795b27dada67b6beed0e324,H3,KNOWN,NOT_APPLICABLE,NOT_APPLICABLE,KNOWN,KNOWN,KNOWN,NOT_APPLICABLE,KNOWN,KNOWN,KNOWN,KNOWN,KNOWN,KNOWN,KNOWN
1e0012c1e7e5b0dfe1b3f29d65b53b974e4ce6488795b27dada67b6beed0e324,H4,KNOWN,KNOWN,NOT_APPLICABLE,KNOWN,KNOWN,KNOWN,KNOWN,KNOWN,KNOWN,KNOWN,KNOWN,KNOWN,KNOWN,KNOWN
1f1bac3e58b541984e1ac457d72c21dd955351bd50257a97bb22ec4fe3b5bf6b,H0,KNOWN,NOT_APPLICABLE,NOT_APPLICABLE,NOT_APPLICABLE,KNOWN,KNOWN,NOT_APPLICABLE,KNOWN,KNOWN,KNOWN,KNOWN,KNOWN,KNOWN,KNOWN
1f1bac3e58b541984e1ac457d72c21dd955351bd50257a97bb22ec4fe3b5bf6b,H1,KNOWN,NOT_APPLICABLE,KNOWN,KNOWN,KNOWN,KNOWN,NOT_APPLICABLE,KNOWN,KNOWN,KNOWN,KNOWN,KNOWN,KNOWN,KNOWN
1f1bac3e58b541984e1ac457d72c21dd955351bd50257a97bb22ec4fe3b5bf6b,H2,KNOWN,NOT_APPLICABLE,NOT_APPLICABLE,KNOWN,KNOWN,KNOWN,NOT_APPLICABLE,KNOWN,KNOWN,KNOWN,KNOWN,KNOWN,KNOWN,KNOWN
1f1bac3e58b541984e1ac457d72c21dd955351bd50257a97bb22ec4fe3b5bf6b,H3,KNOWN,NOT_APPLICABLE,NOT_APPLICABLE,KNOWN,KNOWN,KNOWN,NOT_APPLICABLE,KNOWN,KNOWN,KNOWN,KNOWN,KNOWN,KNOWN,KNOWN
1f1bac3e58b541984e1ac457d72c21dd955351bd50257a97bb22ec4fe3b5bf6b,H4,KNOWN,KNOWN,NOT_APPLICABLE,KNOWN,KNOWN,KNOWN,KNOWN,KNOWN,KNOWN,KNOWN,KNOWN,KNOWN,KNOWN,KNOWN
216771277ba13a67d5962c40a912df56ecb17d13ef46c780ea780b1001075777,H0,KNOWN,NOT_APPLICABLE,NOT_APPLICABLE,NOT_APPLICABLE,KNOWN,KNOWN,NOT_APPLICABLE,KNOWN,KNOWN,KNOWN,KNOWN,KNOWN,KNOWN,KNOWN
216771277ba13a67d5962c40a912df56ecb17d13ef46c780ea780b1001075777,H1,KNOWN,NOT_APPLICABLE,KNOWN,KNOWN,KNOWN,KNOWN,NOT_APPLICABLE,KNOWN,KNOWN,KNOWN,KNOWN,KNOWN,KNOWN,KNOWN
216771277ba13a67d5962c40a912df56ecb17d13ef46c780ea780b1001075777,H2,KNOWN,NOT_APPLICABLE,NOT_APPLICABLE,KNOWN,KNOWN,KNOWN,NOT_APPLICABLE,KNOWN,KNOWN,KNOWN,KNOWN,KNOWN,KNOWN,KNOWN
216771277ba13a67d5962c40a912df56ecb17d13ef46c780ea780b1001075777,H3,KNOWN,NOT_APPLICABLE,NOT_APPLICABLE,KNOWN,KNOWN,KNOWN,NOT_APPLICABLE,KNOWN,KNOWN,KNOWN,KNOWN,KNOWN,KNOWN,KNOWN
216771277ba13a67d5962c40a912df56ecb17d13ef46c780ea780b1001075777,H4,KNOWN,KNOWN,NOT_APPLICABLE,KNOWN,KNOWN,KNOWN,KNOWN,KNOWN,KNOWN,KNOWN,KNOWN,KNOWN,KNOWN,KNOWN
217607d217812433776526219f7f790f47b94c2a9aaa6f61659fa1aca5288cc5,H0,KNOWN,NOT_APPLICABLE,NOT_APPLICABLE,NOT_APPLICABLE,KNOWN,KNOWN,NOT_APPLICABLE,KNOWN,KNOWN,KNOWN,KNOWN,KNOWN,KNOWN,KNOWN
217607d217812433776526219f7f790f47b94c2a9aaa6f61659fa1aca5288cc5,H1,KNOWN,NOT_APPLICABLE,KNOWN,KNOWN,KNOWN,KNOWN,NOT_APPLICABLE,KNOWN,KNOWN,KNOWN,KNOWN,KNOWN,KNOWN,KNOWN
217607d217812433776526219f7f790f47b94c2a9aaa6f61659fa1aca5288cc5,H2,KNOWN,NOT_APPLICABLE,NOT_APPLICABLE,KNOWN,KNOWN,KNOWN,NOT_APPLICABLE,KNOWN,KNOWN,KNOWN,KNOWN,KNOWN,KNOWN,KNOWN
217607d217812433776526219f7f790f47b94c2a9aaa6f61659fa1aca5288cc5,H3,KNOWN,NOT_APPLICABLE,NOT_APPLICABLE,KNOWN,KNOWN,KNOWN,NOT_APPLICABLE,KNOWN,KNOWN,KNOWN,KNOWN,KNOWN,KNOWN,KNOWN
217607d217812433776526219f7f790f47b94c2a9aaa6f61659fa1aca5288cc5,H4,KNOWN,KNOWN,NOT_APPLICABLE,KNOWN,KNOWN,KNOWN,KNOWN,KNOWN,KNOWN,KNOWN,KNOWN,KNOWN,KNOWN,KNOWN
219a170cd01676535bd43915997bc9818a8e3b0a204a84f3ce9a0497609f667e,H0,KNOWN,NOT_APPLICABLE,NOT_APPLICABLE,NOT_APPLICABLE,KNOWN,KNOWN,NOT_APPLICABLE,KNOWN,KNOWN,KNOWN,KNOWN,KNOWN,KNOWN,KNOWN
219a170cd01676535bd43915997bc9818a8e3b0a204a84f3ce9a0497609f667e,H1,KNOWN,NOT_APPLICABLE,KNOWN,KNOWN,KNOWN,KNOWN,NOT_APPLICABLE,KNOWN,KNOWN,KNOWN,KNOWN,KNOWN,KNOWN,KNOWN
219a170cd01676535bd43915997bc9818a8e3b0a204a84f3ce9a0497609f667e,H2,KNOWN,NOT_APPLICABLE,NOT_APPLICABLE,KNOWN,KNOWN,KNOWN,NOT_APPLICABLE,KNOWN,KNOWN,KNOWN,KNOWN,KNOWN,KNOWN,KNOWN
219a170cd01676535bd43915997bc9818a8e3b0a204a84f3ce9a0497609f667e,H3,KNOWN,NOT_APPLICABLE,NOT_APPLICABLE,KNOWN,KNOWN,KNOWN,NOT_APPLICABLE,KNOWN,KNOWN,KNOWN,KNOWN,KNOWN,KNOWN,KNOWN
219a170cd01676535bd43915997bc9818a8e3b0a204a84f3ce9a0497609f667e,H4,KNOWN,KNOWN,NOT_APPLICABLE,KNOWN,KNOWN,KNOWN,KNOWN,KNOWN,KNOWN,KNOWN,KNOWN,KNOWN,KNOWN,KNOWN
21baf164aecd1b644a841d6f5aeb7471fe0b52112d86bfb98c3562919ec02576,H0,KNOWN,NOT_APPLICABLE,NOT_APPLICABLE,NOT_APPLICABLE,KNOWN,KNOWN,NOT_APPLICABLE,KNOWN,KNOWN,KNOWN,KNOWN,KNOWN,KNOWN,KNOWN
21baf164aecd1b644a841d6f5aeb7471fe0b52112d86bfb98c3562919ec02576,H1,KNOWN,NOT_APPLICABLE,KNOWN,KNOWN,KNOWN,KNOWN,NOT_APPLICABLE,KNOWN,KNOWN,KNOWN,KNOWN,KNOWN,KNOWN,KNOWN
21baf164aecd1b644a841d6f5aeb7471fe0b52112d86bfb98c3562919ec02576,H2,KNOWN,NOT_APPLICABLE,NOT_APPLICABLE,KNOWN,KNOWN,KNOWN,NOT_APPLICABLE,KNOWN,KNOWN,KNOWN,KNOWN,KNOWN,KNOWN,KNOWN
21baf164aecd1b644a841d6f5aeb7471fe0b52112d86bfb98c3562919ec02576,H3,KNOWN,NOT_APPLICABLE,NOT_APPLICABLE,KNOWN,KNOWN,KNOWN,NOT_APPLICABLE,KNOWN,KNOWN,KNOWN,KNOWN,KNOWN,KNOWN,KNOWN
21baf164aecd1b644a841d6f5aeb7471fe0b52112d86bfb98c3562919ec02576,H4,KNOWN,KNOWN,NOT_APPLICABLE,KNOWN,KNOWN,KNOWN,KNOWN,KNOWN,KNOWN,KNOWN,KNOWN,KNOWN,KNOWN,KNOWN
22f6b794277d21100dafd90ea271a1097d20ccb3ec3d671ca30e7eda63581c28,H0,KNOWN,NOT_APPLICABLE,NOT_APPLICABLE,NOT_APPLICABLE,KNOWN,KNOWN,NOT_APPLICABLE,KNOWN,KNOWN,KNOWN,KNOWN,KNOWN,KNOWN,KNOWN
22f6b794277d21100dafd90ea271a1097d20ccb3ec3d671ca30e7eda63581c28,H1,KNOWN,NOT_APPLICABLE,KNOWN,KNOWN,KNOWN,KNOWN,NOT_APPLICABLE,KNOWN,KNOWN,KNOWN,KNOWN,KNOWN,KNOWN,KNOWN
22f6b794277d21100dafd90ea271a1097d20ccb3ec3d671ca30e7eda63581c28,H2,KNOWN,NOT_APPLICABLE,NOT_APPLICABLE,KNOWN,KNOWN,KNOWN,NOT_APPLICABLE,KNOWN,KNOWN,KNOWN,KNOWN,KNOWN,KNOWN,KNOWN
22f6b794277d21100dafd90ea271a1097d20ccb3ec3d671ca30e7eda63581c28,H3,KNOWN,NOT_APPLICABLE,NOT_APPLICABLE,KNOWN,KNOWN,KNOWN,NOT_APPLICABLE,KNOWN,KNOWN,KNOWN,KNOWN,KNOWN,KNOWN,KNOWN
22f6b794277d21100dafd90ea271a1097d20ccb3ec3d671ca30e7eda63581c28,H4,KNOWN,KNOWN,NOT_APPLICABLE,KNOWN,KNOWN,KNOWN,KNOWN,KNOWN,KNOWN,KNOWN,KNOWN,KNOWN,KNOWN,KNOWN
241d9c081d182bceb2260ef1e124976428b8f5689ba6385fbde0f685b0d1ac87,H0,KNOWN,NOT_APPLICABLE,NOT_APPLICABLE,NOT_APPLICABLE,KNOWN,KNOWN,NOT_APPLICABLE,KNOWN,KNOWN,KNOWN,KNOWN,KNOWN,KNOWN,KNOWN
241d9c081d182bceb2260ef1e124976428b8f5689ba6385fbde0f685b0d1ac87,H1,KNOWN,NOT_APPLICABLE,KNOWN,KNOWN,KNOWN,KNOWN,NOT_APPLICABLE,KNOWN,KNOWN,KNOWN,KNOWN,KNOWN,KNOWN,KNOWN
241d9c081d182bceb2260ef1e124976428b8f5689ba6385fbde0f685b0d1ac87,H2,KNOWN,NOT_APPLICABLE,NOT_APPLICABLE,KNOWN,KNOWN,KNOWN,NOT_APPLICABLE,KNOWN,KNOWN,KNOWN,KNOWN,KNOWN,KNOWN,KNOWN
241d9c081d182bceb2260ef1e124976428b8f5689ba6385fbde0f685b0d1ac87,H3,KNOWN,NOT_APPLICABLE,NOT_APPLICABLE,KNOWN,KNOWN,KNOWN,NOT_APPLICABLE,KNOWN,KNOWN,KNOWN,KNOWN,KNOWN,KNOWN,KNOWN
241d9c081d182bceb2260ef1e124976428b8f5689ba6385fbde0f685b0d1ac87,H4,KNOWN,KNOWN,NOT_APPLICABLE,KNOWN,KNOWN,KNOWN,KNOWN,KNOWN,KNOWN,KNOWN,KNOWN,KNOWN,KNOWN,KNOWN
246e379beddba4bbb8a032d33b78e9abcce4d808f24e54e3b5d77e04433a5425,H0,KNOWN,NOT_APPLICABLE,NOT_APPLICABLE,NOT_APPLICABLE,KNOWN,KNOWN,NOT_APPLICABLE,KNOWN,KNOWN,KNOWN,KNOWN,KNOWN,KNOWN,KNOWN
246e379beddba4bbb8a032d33b78e9abcce4d808f24e54e3b5d77e04433a5425,H1,KNOWN,NOT_APPLICABLE,KNOWN,KNOWN,KNOWN,KNOWN,NOT_APPLICABLE,KNOWN,KNOWN,KNOWN,KNOWN,KNOWN,KNOWN,KNOWN
246e379beddba4bbb8a032d33b78e9abcce4d808f24e54e3b5d77e04433a5425,H2,KNOWN,NOT_APPLICABLE,NOT_APPLICABLE,KNOWN,KNOWN,KNOWN,NOT_APPLICABLE,KNOWN,KNOWN,KNOWN,KNOWN,KNOWN,KNOWN,KNOWN
246e379beddba4bbb8a032d33b78e9abcce4d808f24e54e3b5d77e04433a5425,H3,KNOWN,NOT_APPLICABLE,NOT_APPLICABLE,KNOWN,KNOWN,KNOWN,NOT_APPLICABLE,KNOWN,KNOWN,KNOWN,KNOWN,KNOWN,KNOWN,KNOWN
246e379beddba4bbb8a032d33b78e9abcce4d808f24e54e3b5d77e04433a5425,H4,KNOWN,KNOWN,NOT_APPLICABLE,KNOWN,KNOWN,KNOWN,KNOWN,KNOWN,KNOWN,KNOWN,KNOWN,KNOWN,KNOWN,KNOWN
252ef600f9f1e57f83f3faebc29db4c8821c66cc8c2260c73a523e3b302d2fcf,H0,KNOWN,NOT_APPLICABLE,NOT_APPLICABLE,NOT_APPLICABLE,KNOWN,KNOWN,NOT_APPLICABLE,KNOWN,KNOWN,KNOWN,KNOWN,KNOWN,KNOWN,KNOWN
252ef600f9f1e57f83f3faebc29db4c8821c66cc8c2260c73a523e3b302d2fcf,H1,KNOWN,NOT_APPLICABLE,KNOWN,KNOWN,KNOWN,KNOWN,NOT_APPLICABLE,KNOWN,KNOWN,KNOWN,KNOWN,KNOWN,KNOWN,KNOWN
252ef600f9f1e57f83f3faebc29db4c8821c66cc8c2260c73a523e3b302d2fcf,H2,KNOWN,NOT_APPLICABLE,NOT_APPLICABLE,KNOWN,KNOWN,KNOWN,NOT_APPLICABLE,KNOWN,KNOWN,KNOWN,KNOWN,KNOWN,KNOWN,KNOWN
252ef600f9f1e57f83f3faebc29db4c8821c66cc8c2260c73a523e3b302d2fcf,H3,KNOWN,NOT_APPLICABLE,NOT_APPLICABLE,KNOWN,KNOWN,KNOWN,NOT_APPLICABLE,KNOWN,KNOWN,KNOWN,KNOWN,KNOWN,KNOWN,KNOWN
252ef600f9f1e57f83f3faebc29db4c8821c66cc8c2260c73a523e3b302d2fcf,H4,KNOWN,KNOWN,NOT_APPLICABLE,KNOWN,KNOWN,KNOWN,KNOWN,KNOWN,KNOWN,KNOWN,KNOWN,KNOWN,KNOWN,KNOWN
25fac74c7b99dd05e3bc287e19d7e2c7aa2857bac35b7ff20027138237936c8d,H0,KNOWN,NOT_APPLICABLE,NOT_APPLICABLE,NOT_APPLICABLE,KNOWN,KNOWN,NOT_APPLICABLE,KNOWN,KNOWN,KNOWN,KNOWN,KNOWN,KNOWN,KNOWN
25fac74c7b99dd05e3bc287e19d7e2c7aa2857bac35b7ff20027138237936c8d,H1,KNOWN,NOT_APPLICABLE,KNOWN,KNOWN,KNOWN,KNOWN,NOT_APPLICABLE,KNOWN,KNOWN,KNOWN,KNOWN,KNOWN,KNOWN,KNOWN
25fac74c7b99dd05e3bc287e19d7e2c7aa2857bac35b7ff20027138237936c8d,H2,KNOWN,NOT_APPLICABLE,NOT_APPLICABLE,KNOWN,KNOWN,KNOWN,NOT_APPLICABLE,KNOWN,KNOWN,KNOWN,KNOWN,KNOWN,KNOWN,KNOWN
25fac74c7b99dd05e3bc287e19d7e2c7aa2857bac35b7ff20027138237936c8d,H3,KNOWN,NOT_APPLICABLE,NOT_APPLICABLE,KNOWN,KNOWN,KNOWN,NOT_APPLICABLE,KNOWN,KNOWN,KNOWN,KNOWN,KNOWN,KNOWN,KNOWN
25fac74c7b99dd05e3bc287e19d7e2c7aa2857bac35b7ff20027138237936c8d,H4,KNOWN,KNOWN,NOT_APPLICABLE,KNOWN,KNOWN,KNOWN,KNOWN,KNOWN,KNOWN,KNOWN,KNOWN,KNOWN,KNOWN,KNOWN
260378feae0c21e3f658d0a90def2d91baa555ec24d512d1f67f87f96323ddab,H0,KNOWN,NOT_APPLICABLE,NOT_APPLICABLE,NOT_APPLICABLE,KNOWN,KNOWN,NOT_APPLICABLE,KNOWN,KNOWN,KNOWN,KNOWN,KNOWN,KNOWN,KNOWN
260378feae0c21e3f658d0a90def2d91baa555ec24d512d1f67f87f96323ddab,H1,KNOWN,NOT_APPLICABLE,KNOWN,KNOWN,KNOWN,KNOWN,NOT_APPLICABLE,KNOWN,KNOWN,KNOWN,KNOWN,KNOWN,KNOWN,KNOWN
260378feae0c21e3f658d0a90def2d91baa555ec24d512d1f67f87f96323ddab,H2,KNOWN,NOT_APPLICABLE,NOT_APPLICABLE,KNOWN,KNOWN,KNOWN,NOT_APPLICABLE,KNOWN,KNOWN,KNOWN,KNOWN,KNOWN,KNOWN,KNOWN
260378feae0c21e3f658d0a90def2d91baa555ec24d512d1f67f87f96323ddab,H3,KNOWN,NOT_APPLICABLE,NOT_APPLICABLE,KNOWN,KNOWN,KNOWN,NOT_APPLICABLE,KNOWN,KNOWN,KNOWN,KNOWN,KNOWN,KNOWN,KNOWN
260378feae0c21e3f658d0a90def2d91baa555ec24d512d1f67f87f96323ddab,H4,KNOWN,KNOWN,NOT_APPLICABLE,KNOWN,KNOWN,KNOWN,KNOWN,KNOWN,KNOWN,KNOWN,KNOWN,KNOWN,KNOWN,KNOWN
26610fe69d5a94dc3dc68ea52c32a904e7b0bc8819f97eca79be0ebedb27ab6a,H0,KNOWN,NOT_APPLICABLE,NOT_APPLICABLE,NOT_APPLICABLE,KNOWN,KNOWN,NOT_APPLICABLE,KNOWN,KNOWN,KNOWN,KNOWN,KNOWN,KNOWN,KNOWN
26610fe69d5a94dc3dc68ea52c32a904e7b0bc8819f97eca79be0ebedb27ab6a,H1,KNOWN,NOT_APPLICABLE,KNOWN,KNOWN,KNOWN,KNOWN,NOT_APPLICABLE,KNOWN,KNOWN,KNOWN,KNOWN,KNOWN,KNOWN,KNOWN
26610fe69d5a94dc3dc68ea52c32a904e7b0bc8819f97eca79be0ebedb27ab6a,H2,KNOWN,NOT_APPLICABLE,NOT_APPLICABLE,KNOWN,KNOWN,KNOWN,NOT_APPLICABLE,KNOWN,KNOWN,KNOWN,KNOWN,KNOWN,KNOWN,KNOWN
26610fe69d5a94dc3dc68ea52c32a904e7b0bc8819f97eca79be0ebedb27ab6a,H3,KNOWN,NOT_APPLICABLE,NOT_APPLICABLE,KNOWN,KNOWN,KNOWN,NOT_APPLICABLE,KNOWN,KNOWN,KNOWN,KNOWN,KNOWN,KNOWN,KNOWN
26610fe69d5a94dc3dc68ea52c32a904e7b0bc8819f97eca79be0ebedb27ab6a,H4,KNOWN,KNOWN,NOT_APPLICABLE,KNOWN,KNOWN,KNOWN,KNOWN,KNOWN,KNOWN,KNOWN,KNOWN,KNOWN,KNOWN,KNOWN
26ef546c961fd47e44ba63069f98c08f2c44c6f867cc1351ff8eab74449d3694,H0,KNOWN,NOT_APPLICABLE,NOT_APPLICABLE,NOT_APPLICABLE,KNOWN,KNOWN,NOT_APPLICABLE,KNOWN,KNOWN,KNOWN,KNOWN,KNOWN,KNOWN,KNOWN
26ef546c961fd47e44ba63069f98c08f2c44c6f867cc1351ff8eab74449d3694,H1,KNOWN,NOT_APPLICABLE,KNOWN,KNOWN,KNOWN,KNOWN,NOT_APPLICABLE,KNOWN,KNOWN,KNOWN,KNOWN,KNOWN,KNOWN,KNOWN
26ef546c961fd47e44ba63069f98c08f2c44c6f867cc1351ff8eab74449d3694,H2,KNOWN,NOT_APPLICABLE,NOT_APPLICABLE,KNOWN,KNOWN,KNOWN,NOT_APPLICABLE,KNOWN,KNOWN,KNOWN,KNOWN,KNOWN,KNOWN,KNOWN
26ef546c961fd47e44ba63069f98c08f2c44c6f867cc1351ff8eab74449d3694,H3,KNOWN,NOT_APPLICABLE,NOT_APPLICABLE,KNOWN,KNOWN,KNOWN,NOT_APPLICABLE,KNOWN,KNOWN,KNOWN,KNOWN,KNOWN,KNOWN,KNOWN
26ef546c961fd47e44ba63069f98c08f2c44c6f867cc1351ff8eab74449d3694,H4,KNOWN,KNOWN,NOT_APPLICABLE,KNOWN,KNOWN,KNOWN,KNOWN,KNOWN,KNOWN,KNOWN,KNOWN,KNOWN,KNOWN,KNOWN
2718f8e7e9566fb7e83409259c9f365030f18991f4dfd010dcf1670196495b62,H0,KNOWN,NOT_APPLICABLE,NOT_APPLICABLE,NOT_APPLICABLE,KNOWN,KNOWN,NOT_APPLICABLE,KNOWN,KNOWN,KNOWN,KNOWN,KNOWN,KNOWN,KNOWN
2718f8e7e9566fb7e83409259c9f365030f18991f4dfd010dcf1670196495b62,H1,KNOWN,NOT_APPLICABLE,KNOWN,KNOWN,KNOWN,KNOWN,NOT_APPLICABLE,KNOWN,KNOWN,KNOWN,KNOWN,KNOWN,KNOWN,KNOWN
2718f8e7e9566fb7e83409259c9f365030f18991f4dfd010dcf1670196495b62,H2,KNOWN,NOT_APPLICABLE,NOT_APPLICABLE,KNOWN,KNOWN,KNOWN,NOT_APPLICABLE,KNOWN,KNOWN,KNOWN,KNOWN,KNOWN,KNOWN,KNOWN
2718f8e7e9566fb7e83409259c9f365030f18991f4dfd010dcf1670196495b62,H3,KNOWN,NOT_APPLICABLE,NOT_APPLICABLE,KNOWN,KNOWN,KNOWN,NOT_APPLICABLE,KNOWN,KNOWN,KNOWN,KNOWN,KNOWN,KNOWN,KNOWN
2718f8e7e9566fb7e83409259c9f365030f18991f4dfd010dcf1670196495b62,H4,KNOWN,KNOWN,NOT_APPLICABLE,KNOWN,KNOWN,KNOWN,KNOWN,KNOWN,KNOWN,KNOWN,KNOWN,KNOWN,KNOWN,KNOWN
273fa8cb17228573bab33fed4e0e69f9cc361c86d516fc788ce578678fb80293,H0,KNOWN,NOT_APPLICABLE,NOT_APPLICABLE,NOT_APPLICABLE,KNOWN,KNOWN,NOT_APPLICABLE,KNOWN,KNOWN,KNOWN,KNOWN,KNOWN,KNOWN,KNOWN
273fa8cb17228573bab33fed4e0e69f9cc361c86d516fc788ce578678fb80293,H1,KNOWN,NOT_APPLICABLE,KNOWN,KNOWN,KNOWN,KNOWN,NOT_APPLICABLE,KNOWN,KNOWN,KNOWN,KNOWN,KNOWN,KNOWN,KNOWN
273fa8cb17228573bab33fed4e0e69f9cc361c86d516fc788ce578678fb80293,H2,KNOWN,NOT_APPLICABLE,NOT_APPLICABLE,KNOWN,KNOWN,KNOWN,NOT_APPLICABLE,KNOWN,KNOWN,KNOWN,KNOWN,KNOWN,KNOWN,KNOWN
273fa8cb17228573bab33fed4e0e69f9cc361c86d516fc788ce578678fb80293,H3,KNOWN,NOT_APPLICABLE,NOT_APPLICABLE,KNOWN,KNOWN,KNOWN,NOT_APPLICABLE,KNOWN,KNOWN,KNOWN,KNOWN,KNOWN,KNOWN,KNOWN
273fa8cb17228573bab33fed4e0e69f9cc361c86d516fc788ce578678fb80293,H4,KNOWN,KNOWN,NOT_APPLICABLE,KNOWN,KNOWN,KNOWN,KNOWN,KNOWN,KNOWN,KNOWN,KNOWN,KNOWN,KNOWN,KNOWN
279864387d6761eec0db710f2df2a97740138b567c2c83dcccb164630c9ae2d1,H0,KNOWN,NOT_APPLICABLE,NOT_APPLICABLE,NOT_APPLICABLE,KNOWN,KNOWN,NOT_APPLICABLE,KNOWN,KNOWN,KNOWN,KNOWN,KNOWN,KNOWN,KNOWN
279864387d6761eec0db710f2df2a97740138b567c2c83dcccb164630c9ae2d1,H1,KNOWN,NOT_APPLICABLE,KNOWN,KNOWN,KNOWN,KNOWN,NOT_APPLICABLE,KNOWN,KNOWN,KNOWN,KNOWN,KNOWN,KNOWN,KNOWN
279864387d6761eec0db710f2df2a97740138b567c2c83dcccb164630c9ae2d1,H2,KNOWN,NOT_APPLICABLE,NOT_APPLICABLE,KNOWN,KNOWN,KNOWN,NOT_APPLICABLE,KNOWN,KNOWN,KNOWN,KNOWN,KNOWN,KNOWN,KNOWN
279864387d6761eec0db710f2df2a97740138b567c2c83dcccb164630c9ae2d1,H3,KNOWN,NOT_APPLICABLE,NOT_APPLICABLE,KNOWN,KNOWN,KNOWN,NOT_APPLICABLE,KNOWN,KNOWN,KNOWN,KNOWN,KNOWN,KNOWN,KNOWN
279864387d6761eec0db710f2df2a97740138b567c2c83dcccb164630c9ae2d1,H4,KNOWN,KNOWN,NOT_APPLICABLE,KNOWN,KNOWN,KNOWN,KNOWN,KNOWN,KNOWN,KNOWN,KNOWN,KNOWN,KNOWN,KNOWN
28a1acf90b38df679a58bf587c158e7b7a97095308f7efc057237cab5f68e3e9,H0,KNOWN,NOT_APPLICABLE,NOT_APPLICABLE,NOT_APPLICABLE,KNOWN,KNOWN,NOT_APPLICABLE,KNOWN,KNOWN,KNOWN,KNOWN,KNOWN,KNOWN,KNOWN
28a1acf90b38df679a58bf587c158e7b7a97095308f7efc057237cab5f68e3e9,H1,KNOWN,NOT_APPLICABLE,KNOWN,KNOWN,KNOWN,KNOWN,NOT_APPLICABLE,KNOWN,KNOWN,KNOWN,KNOWN,KNOWN,KNOWN,KNOWN
28a1acf90b38df679a58bf587c158e7b7a97095308f7efc057237cab5f68e3e9,H2,KNOWN,NOT_APPLICABLE,NOT_APPLICABLE,KNOWN,KNOWN,KNOWN,NOT_APPLICABLE,KNOWN,KNOWN,KNOWN,KNOWN,KNOWN,KNOWN,KNOWN
28a1acf90b38df679a58bf587c158e7b7a97095308f7efc057237cab5f68e3e9,H3,KNOWN,NOT_APPLICABLE,NOT_APPLICABLE,KNOWN,KNOWN,KNOWN,NOT_APPLICABLE,KNOWN,KNOWN,KNOWN,KNOWN,KNOWN,KNOWN,KNOWN
28a1acf90b38df679a58bf587c158e7b7a97095308f7efc057237cab5f68e3e9,H4,KNOWN,KNOWN,NOT_APPLICABLE,KNOWN,KNOWN,KNOWN,KNOWN,KNOWN,KNOWN,KNOWN,KNOWN,KNOWN,KNOWN,KNOWN
28d504bae47605bbffc9527edfa75df3e1d91094a3b0ba5637ce9390eadac374,H0,KNOWN,NOT_APPLICABLE,NOT_APPLICABLE,NOT_APPLICABLE,KNOWN,KNOWN,NOT_APPLICABLE,KNOWN,KNOWN,KNOWN,KNOWN,KNOWN,KNOWN,KNOWN
28d504bae47605bbffc9527edfa75df3e1d91094a3b0ba5637ce9390eadac374,H1,KNOWN,NOT_APPLICABLE,KNOWN,KNOWN,KNOWN,KNOWN,NOT_APPLICABLE,KNOWN,KNOWN,KNOWN,KNOWN,KNOWN,KNOWN,KNOWN
28d504bae47605bbffc9527edfa75df3e1d91094a3b0ba5637ce9390eadac374,H2,KNOWN,NOT_APPLICABLE,NOT_APPLICABLE,KNOWN,KNOWN,KNOWN,NOT_APPLICABLE,KNOWN,KNOWN,KNOWN,KNOWN,KNOWN,KNOWN,KNOWN
28d504bae47605bbffc9527edfa75df3e1d91094a3b0ba5637ce9390eadac374,H3,KNOWN,NOT_APPLICABLE,NOT_APPLICABLE,KNOWN,KNOWN,KNOWN,NOT_APPLICABLE,KNOWN,KNOWN,KNOWN,KNOWN,KNOWN,KNOWN,KNOWN
28d504bae47605bbffc9527edfa75df3e1d91094a3b0ba5637ce9390eadac374,H4,KNOWN,KNOWN,NOT_APPLICABLE,KNOWN,KNOWN,KNOWN,KNOWN,KNOWN,KNOWN,KNOWN,KNOWN,KNOWN,KNOWN,KNOWN
2904613ba6435ee558ed3d245d9e38820d67316f8316fa96e8a17ba5ded9d27b,H0,KNOWN,NOT_APPLICABLE,NOT_APPLICABLE,NOT_APPLICABLE,KNOWN,KNOWN,NOT_APPLICABLE,KNOWN,KNOWN,KNOWN,KNOWN,KNOWN,KNOWN,KNOWN
2904613ba6435ee558ed3d245d9e38820d67316f8316fa96e8a17ba5ded9d27b,H1,KNOWN,NOT_APPLICABLE,KNOWN,KNOWN,KNOWN,KNOWN,NOT_APPLICABLE,KNOWN,KNOWN,KNOWN,KNOWN,KNOWN,KNOWN,KNOWN
2904613ba6435ee558ed3d245d9e38820d67316f8316fa96e8a17ba5ded9d27b,H2,KNOWN,NOT_APPLICABLE,NOT_APPLICABLE,KNOWN,KNOWN,KNOWN,NOT_APPLICABLE,KNOWN,KNOWN,KNOWN,KNOWN,KNOWN,KNOWN,KNOWN
2904613ba6435ee558ed3d245d9e38820d67316f8316fa96e8a17ba5ded9d27b,H3,KNOWN,NOT_APPLICABLE,NOT_APPLICABLE,KNOWN,KNOWN,KNOWN,NOT_APPLICABLE,KNOWN,KNOWN,KNOWN,KNOWN,KNOWN,KNOWN,KNOWN
2904613ba6435ee558ed3d245d9e38820d67316f8316fa96e8a17ba5ded9d27b,H4,KNOWN,KNOWN,NOT_APPLICABLE,KNOWN,KNOWN,KNOWN,KNOWN,KNOWN,KNOWN,KNOWN,KNOWN,KNOWN,KNOWN,KNOWN
2a2b60261297aeb6979831a4ecb88cb780699e65e29feb38b0378c832df99740,H0,KNOWN,NOT_APPLICABLE,NOT_APPLICABLE,NOT_APPLICABLE,KNOWN,KNOWN,NOT_APPLICABLE,KNOWN,KNOWN,KNOWN,KNOWN,KNOWN,KNOWN,KNOWN
2a2b60261297aeb6979831a4ecb88cb780699e65e29feb38b0378c832df99740,H1,KNOWN,NOT_APPLICABLE,KNOWN,KNOWN,KNOWN,KNOWN,NOT_APPLICABLE,KNOWN,KNOWN,KNOWN,KNOWN,KNOWN,KNOWN,KNOWN
2a2b60261297aeb6979831a4ecb88cb780699e65e29feb38b0378c832df99740,H2,KNOWN,NOT_APPLICABLE,NOT_APPLICABLE,KNOWN,KNOWN,KNOWN,NOT_APPLICABLE,KNOWN,KNOWN,KNOWN,KNOWN,KNOWN,KNOWN,KNOWN
2a2b60261297aeb6979831a4ecb88cb780699e65e29feb38b0378c832df99740,H3,KNOWN,NOT_APPLICABLE,NOT_APPLICABLE,KNOWN,KNOWN,KNOWN,NOT_APPLICABLE,KNOWN,KNOWN,KNOWN,KNOWN,KNOWN,KNOWN,KNOWN
2a2b60261297aeb6979831a4ecb88cb780699e65e29feb38b0378c832df99740,H4,KNOWN,KNOWN,NOT_APPLICABLE,KNOWN,KNOWN,KNOWN,KNOWN,KNOWN,KNOWN,KNOWN,KNOWN,KNOWN,KNOWN,KNOWN
2b0e5a48116bf2be5f6a0c9e574505818b6af3c45fb1c901743c508990df940b,H0,KNOWN,NOT_APPLICABLE,NOT_APPLICABLE,NOT_APPLICABLE,KNOWN,KNOWN,NOT_APPLICABLE,KNOWN,KNOWN,KNOWN,KNOWN,KNOWN,KNOWN,KNOWN
2b0e5a48116bf2be5f6a0c9e574505818b6af3c45fb1c901743c508990df940b,H1,KNOWN,NOT_APPLICABLE,KNOWN,KNOWN,KNOWN,KNOWN,NOT_APPLICABLE,KNOWN,KNOWN,KNOWN,KNOWN,KNOWN,KNOWN,KNOWN
2b0e5a48116bf2be5f6a0c9e574505818b6af3c45fb1c901743c508990df940b,H2,KNOWN,NOT_APPLICABLE,NOT_APPLICABLE,KNOWN,KNOWN,KNOWN,NOT_APPLICABLE,KNOWN,KNOWN,KNOWN,KNOWN,KNOWN,KNOWN,KNOWN
2b0e5a48116bf2be5f6a0c9e574505818b6af3c45fb1c901743c508990df940b,H3,KNOWN,NOT_APPLICABLE,NOT_APPLICABLE,KNOWN,KNOWN,KNOWN,NOT_APPLICABLE,KNOWN,KNOWN,KNOWN,KNOWN,KNOWN,KNOWN,KNOWN
2b0e5a48116bf2be5f6a0c9e574505818b6af3c45fb1c901743c508990df940b,H4,KNOWN,KNOWN,NOT_APPLICABLE,KNOWN,KNOWN,KNOWN,KNOWN,KNOWN,KNOWN,KNOWN,KNOWN,KNOWN,KNOWN,KNOWN
2c5b85b771b54fba5afafce775b0c8eadfead92b78bbf3ef6c75d433c6d4ad18,H0,KNOWN,NOT_APPLICABLE,NOT_APPLICABLE,NOT_APPLICABLE,KNOWN,KNOWN,NOT_APPLICABLE,KNOWN,KNOWN,KNOWN,KNOWN,KNOWN,KNOWN,KNOWN
2c5b85b771b54fba5afafce775b0c8eadfead92b78bbf3ef6c75d433c6d4ad18,H1,KNOWN,NOT_APPLICABLE,KNOWN,KNOWN,KNOWN,KNOWN,NOT_APPLICABLE,KNOWN,KNOWN,KNOWN,KNOWN,KNOWN,KNOWN,KNOWN
2c5b85b771b54fba5afafce775b0c8eadfead92b78bbf3ef6c75d433c6d4ad18,H2,KNOWN,NOT_APPLICABLE,NOT_APPLICABLE,KNOWN,KNOWN,KNOWN,NOT_APPLICABLE,KNOWN,KNOWN,KNOWN,KNOWN,KNOWN,KNOWN,KNOWN
2c5b85b771b54fba5afafce775b0c8eadfead92b78bbf3ef6c75d433c6d4ad18,H3,KNOWN,NOT_APPLICABLE,NOT_APPLICABLE,KNOWN,KNOWN,KNOWN,NOT_APPLICABLE,KNOWN,KNOWN,KNOWN,KNOWN,KNOWN,KNOWN,KNOWN
2c5b85b771b54fba5afafce775b0c8eadfead92b78bbf3ef6c75d433c6d4ad18,H4,KNOWN,KNOWN,NOT_APPLICABLE,KNOWN,KNOWN,KNOWN,KNOWN,KNOWN,KNOWN,KNOWN,KNOWN,KNOWN,KNOWN,KNOWN
2d4c15fae5a33931c3f2fc94670f8bcc671664084b8421f50aa8c8d919b72730,H0,KNOWN,NOT_APPLICABLE,NOT_APPLICABLE,NOT_APPLICABLE,KNOWN,KNOWN,NOT_APPLICABLE,KNOWN,KNOWN,KNOWN,KNOWN,KNOWN,KNOWN,KNOWN
2d4c15fae5a33931c3f2fc94670f8bcc671664084b8421f50aa8c8d919b72730,H1,KNOWN,NOT_APPLICABLE,KNOWN,KNOWN,KNOWN,KNOWN,NOT_APPLICABLE,KNOWN,KNOWN,KNOWN,KNOWN,KNOWN,KNOWN,KNOWN
2d4c15fae5a33931c3f2fc94670f8bcc671664084b8421f50aa8c8d919b72730,H2,KNOWN,NOT_APPLICABLE,NOT_APPLICABLE,KNOWN,KNOWN,KNOWN,NOT_APPLICABLE,KNOWN,KNOWN,KNOWN,KNOWN,KNOWN,KNOWN,KNOWN
2d4c15fae5a33931c3f2fc94670f8bcc671664084b8421f50aa8c8d919b72730,H3,KNOWN,NOT_APPLICABLE,NOT_APPLICABLE,KNOWN,KNOWN,KNOWN,NOT_APPLICABLE,KNOWN,KNOWN,KNOWN,KNOWN,KNOWN,KNOWN,KNOWN
2d4c15fae5a33931c3f2fc94670f8bcc671664084b8421f50aa8c8d919b72730,H4,KNOWN,KNOWN,NOT_APPLICABLE,KNOWN,KNOWN,KNOWN,KNOWN,KNOWN,KNOWN,KNOWN,KNOWN,KNOWN,KNOWN,KNOWN
2edd653b610f67c24d664df54668f4014d18496e02a6a9b4acf808ed2cb05a1c,H0,KNOWN,NOT_APPLICABLE,NOT_APPLICABLE,NOT_APPLICABLE,KNOWN,KNOWN,NOT_APPLICABLE,KNOWN,KNOWN,KNOWN,KNOWN,KNOWN,KNOWN,KNOWN
2edd653b610f67c24d664df54668f4014d18496e02a6a9b4acf808ed2cb05a1c,H1,KNOWN,NOT_APPLICABLE,KNOWN,KNOWN,KNOWN,KNOWN,NOT_APPLICABLE,KNOWN,KNOWN,KNOWN,KNOWN,KNOWN,KNOWN,KNOWN
2edd653b610f67c24d664df54668f4014d18496e02a6a9b4acf808ed2cb05a1c,H2,KNOWN,NOT_APPLICABLE,NOT_APPLICABLE,KNOWN,KNOWN,KNOWN,NOT_APPLICABLE,KNOWN,KNOWN,KNOWN,KNOWN,KNOWN,KNOWN,KNOWN
2edd653b610f67c24d664df54668f4014d18496e02a6a9b4acf808ed2cb05a1c,H3,KNOWN,NOT_APPLICABLE,NOT_APPLICABLE,KNOWN,KNOWN,KNOWN,NOT_APPLICABLE,KNOWN,KNOWN,KNOWN,KNOWN,KNOWN,KNOWN,KNOWN
2edd653b610f67c24d664df54668f4014d18496e02a6a9b4acf808ed2cb05a1c,H4,KNOWN,KNOWN,NOT_APPLICABLE,KNOWN,KNOWN,KNOWN,KNOWN,KNOWN,KNOWN,KNOWN,KNOWN,KNOWN,KNOWN,KNOWN
2f060a48158608a4c224db927de925824718ea939bc14edddec8dc63e8fcfb33,H0,KNOWN,NOT_APPLICABLE,NOT_APPLICABLE,NOT_APPLICABLE,KNOWN,KNOWN,NOT_APPLICABLE,KNOWN,KNOWN,KNOWN,KNOWN,KNOWN,KNOWN,KNOWN
2f060a48158608a4c224db927de925824718ea939bc14edddec8dc63e8fcfb33,H1,KNOWN,NOT_APPLICABLE,KNOWN,KNOWN,KNOWN,KNOWN,NOT_APPLICABLE,KNOWN,KNOWN,KNOWN,KNOWN,KNOWN,KNOWN,KNOWN
2f060a48158608a4c224db927de925824718ea939bc14edddec8dc63e8fcfb33,H2,KNOWN,NOT_APPLICABLE,NOT_APPLICABLE,KNOWN,KNOWN,KNOWN,NOT_APPLICABLE,KNOWN,KNOWN,KNOWN,KNOWN,KNOWN,KNOWN,KNOWN
2f060a48158608a4c224db927de925824718ea939bc14edddec8dc63e8fcfb33,H3,KNOWN,NOT_APPLICABLE,NOT_APPLICABLE,KNOWN,KNOWN,KNOWN,NOT_APPLICABLE,KNOWN,KNOWN,KNOWN,KNOWN,KNOWN,KNOWN,KNOWN
2f060a48158608a4c224db927de925824718ea939bc14edddec8dc63e8fcfb33,H4,KNOWN,KNOWN,NOT_APPLICABLE,KNOWN,KNOWN,KNOWN,KNOWN,KNOWN,KNOWN,KNOWN,KNOWN,KNOWN,KNOWN,KNOWN
2fb29c474b52c1c8256698db4b2f0fc61caebcc383a97268b3c8c41d9f525bd3,H0,KNOWN,NOT_APPLICABLE,NOT_APPLICABLE,NOT_APPLICABLE,KNOWN,KNOWN,NOT_APPLICABLE,KNOWN,KNOWN,KNOWN,KNOWN,KNOWN,KNOWN,KNOWN
2fb29c474b52c1c8256698db4b2f0fc61caebcc383a97268b3c8c41d9f525bd3,H1,KNOWN,NOT_APPLICABLE,KNOWN,KNOWN,KNOWN,KNOWN,NOT_APPLICABLE,KNOWN,KNOWN,KNOWN,KNOWN,KNOWN,KNOWN,KNOWN
2fb29c474b52c1c8256698db4b2f0fc61caebcc383a97268b3c8c41d9f525bd3,H2,KNOWN,NOT_APPLICABLE,NOT_APPLICABLE,KNOWN,KNOWN,KNOWN,NOT_APPLICABLE,KNOWN,KNOWN,KNOWN,KNOWN,KNOWN,KNOWN,KNOWN
2fb29c474b52c1c8256698db4b2f0fc61caebcc383a97268b3c8c41d9f525bd3,H3,KNOWN,NOT_APPLICABLE,NOT_APPLICABLE,KNOWN,KNOWN,KNOWN,NOT_APPLICABLE,KNOWN,KNOWN,KNOWN,KNOWN,KNOWN,KNOWN,KNOWN
2fb29c474b52c1c8256698db4b2f0fc61caebcc383a97268b3c8c41d9f525bd3,H4,KNOWN,KNOWN,NOT_APPLICABLE,KNOWN,KNOWN,KNOWN,KNOWN,KNOWN,KNOWN,KNOWN,KNOWN,KNOWN,KNOWN,KNOWN
2ff4ae358e199e534d0a91c130b37cc063b3735932d6edd0149ee239cb95468c,H0,KNOWN,NOT_APPLICABLE,NOT_APPLICABLE,NOT_APPLICABLE,KNOWN,KNOWN,NOT_APPLICABLE,KNOWN,KNOWN,KNOWN,KNOWN,KNOWN,KNOWN,KNOWN
2ff4ae358e199e534d0a91c130b37cc063b3735932d6edd0149ee239cb95468c,H1,KNOWN,NOT_APPLICABLE,KNOWN,KNOWN,KNOWN,KNOWN,NOT_APPLICABLE,KNOWN,KNOWN,KNOWN,KNOWN,KNOWN,KNOWN,KNOWN
2ff4ae358e199e534d0a91c130b37cc063b3735932d6edd0149ee239cb95468c,H2,KNOWN,NOT_APPLICABLE,NOT_APPLICABLE,KNOWN,KNOWN,KNOWN,NOT_APPLICABLE,KNOWN,KNOWN,KNOWN,KNOWN,KNOWN,KNOWN,KNOWN
2ff4ae358e199e534d0a91c130b37cc063b3735932d6edd0149ee239cb95468c,H3,KNOWN,NOT_APPLICABLE,NOT_APPLICABLE,KNOWN,KNOWN,KNOWN,NOT_APPLICABLE,KNOWN,KNOWN,KNOWN,KNOWN,KNOWN,KNOWN,KNOWN
2ff4ae358e199e534d0a91c130b37cc063b3735932d6edd0149ee239cb95468c,H4,KNOWN,KNOWN,NOT_APPLICABLE,KNOWN,KNOWN,KNOWN,KNOWN,KNOWN,KNOWN,KNOWN,KNOWN,KNOWN,KNOWN,KNOWN
30dffcdd162cd3466afe07c1c0d86533fa15a5e9ad7d35fc38a469a57acb436c,H0,KNOWN,NOT_APPLICABLE,NOT_APPLICABLE,NOT_APPLICABLE,KNOWN,KNOWN,NOT_APPLICABLE,KNOWN,KNOWN,KNOWN,KNOWN,KNOWN,KNOWN,KNOWN
30dffcdd162cd3466afe07c1c0d86533fa15a5e9ad7d35fc38a469a57acb436c,H1,KNOWN,NOT_APPLICABLE,KNOWN,KNOWN,KNOWN,KNOWN,NOT_APPLICABLE,KNOWN,KNOWN,KNOWN,KNOWN,KNOWN,KNOWN,KNOWN
30dffcdd162cd3466afe07c1c0d86533fa15a5e9ad7d35fc38a469a57acb436c,H2,KNOWN,NOT_APPLICABLE,NOT_APPLICABLE,KNOWN,KNOWN,KNOWN,NOT_APPLICABLE,KNOWN,KNOWN,KNOWN,KNOWN,KNOWN,KNOWN,KNOWN
30dffcdd162cd3466afe07c1c0d86533fa15a5e9ad7d35fc38a469a57acb436c,H3,KNOWN,NOT_APPLICABLE,NOT_APPLICABLE,KNOWN,KNOWN,KNOWN,NOT_APPLICABLE,KNOWN,KNOWN,KNOWN,KNOWN,KNOWN,KNOWN,KNOWN
30dffcdd162cd3466afe07c1c0d86533fa15a5e9ad7d35fc38a469a57acb436c,H4,KNOWN,KNOWN,NOT_APPLICABLE,KNOWN,KNOWN,KNOWN,KNOWN,KNOWN,KNOWN,KNOWN,KNOWN,KNOWN,KNOWN,KNOWN
318adda97a093d8c6098e3b8cc412a93eb7a62e9627cb6e12c8e90150c91dc01,H0,KNOWN,NOT_APPLICABLE,NOT_APPLICABLE,NOT_APPLICABLE,KNOWN,KNOWN,NOT_APPLICABLE,KNOWN,KNOWN,KNOWN,KNOWN,KNOWN,KNOWN,KNOWN
318adda97a093d8c6098e3b8cc412a93eb7a62e9627cb6e12c8e90150c91dc01,H1,KNOWN,NOT_APPLICABLE,KNOWN,KNOWN,KNOWN,KNOWN,NOT_APPLICABLE,KNOWN,KNOWN,KNOWN,KNOWN,KNOWN,KNOWN,KNOWN
318adda97a093d8c6098e3b8cc412a93eb7a62e9627cb6e12c8e90150c91dc01,H2,KNOWN,NOT_APPLICABLE,NOT_APPLICABLE,KNOWN,KNOWN,KNOWN,NOT_APPLICABLE,KNOWN,KNOWN,KNOWN,KNOWN,KNOWN,KNOWN,KNOWN
318adda97a093d8c6098e3b8cc412a93eb7a62e9627cb6e12c8e90150c91dc01,H3,KNOWN,NOT_APPLICABLE,NOT_APPLICABLE,KNOWN,KNOWN,KNOWN,NOT_APPLICABLE,KNOWN,KNOWN,KNOWN,KNOWN,KNOWN,KNOWN,KNOWN
318adda97a093d8c6098e3b8cc412a93eb7a62e9627cb6e12c8e90150c91dc01,H4,KNOWN,KNOWN,NOT_APPLICABLE,KNOWN,KNOWN,KNOWN,KNOWN,KNOWN,KNOWN,KNOWN,KNOWN,KNOWN,KNOWN,KNOWN
3300a2d9022e8a1c79a98e0121dd19e73c4438ebf22a5d520ce8347dfd90b99a,H0,KNOWN,NOT_APPLICABLE,NOT_APPLICABLE,NOT_APPLICABLE,KNOWN,KNOWN,NOT_APPLICABLE,KNOWN,KNOWN,KNOWN,KNOWN,KNOWN,KNOWN,KNOWN
3300a2d9022e8a1c79a98e0121dd19e73c4438ebf22a5d520ce8347dfd90b99a,H1,KNOWN,NOT_APPLICABLE,KNOWN,KNOWN,KNOWN,KNOWN,NOT_APPLICABLE,KNOWN,KNOWN,KNOWN,KNOWN,KNOWN,KNOWN,KNOWN
3300a2d9022e8a1c79a98e0121dd19e73c4438ebf22a5d520ce8347dfd90b99a,H2,KNOWN,NOT_APPLICABLE,NOT_APPLICABLE,KNOWN,KNOWN,KNOWN,NOT_APPLICABLE,KNOWN,KNOWN,KNOWN,KNOWN,KNOWN,KNOWN,KNOWN
3300a2d9022e8a1c79a98e0121dd19e73c4438ebf22a5d520ce8347dfd90b99a,H3,KNOWN,NOT_APPLICABLE,NOT_APPLICABLE,KNOWN,KNOWN,KNOWN,NOT_APPLICABLE,KNOWN,KNOWN,KNOWN,KNOWN,KNOWN,KNOWN,KNOWN
3300a2d9022e8a1c79a98e0121dd19e73c4438ebf22a5d520ce8347dfd90b99a,H4,KNOWN,KNOWN,NOT_APPLICABLE,KNOWN,KNOWN,KNOWN,KNOWN,KNOWN,KNOWN,KNOWN,KNOWN,KNOWN,KNOWN,KNOWN
330dcfc43e116d2aa79da4d68100c4dd314cb1e271975f62f645a08fc5810cc1,H0,KNOWN,NOT_APPLICABLE,NOT_APPLICABLE,NOT_APPLICABLE,KNOWN,KNOWN,NOT_APPLICABLE,KNOWN,KNOWN,KNOWN,KNOWN,KNOWN,KNOWN,KNOWN
330dcfc43e116d2aa79da4d68100c4dd314cb1e271975f62f645a08fc5810cc1,H1,KNOWN,NOT_APPLICABLE,KNOWN,KNOWN,KNOWN,KNOWN,NOT_APPLICABLE,KNOWN,KNOWN,KNOWN,KNOWN,KNOWN,KNOWN,KNOWN
330dcfc43e116d2aa79da4d68100c4dd314cb1e271975f62f645a08fc5810cc1,H2,KNOWN,NOT_APPLICABLE,NOT_APPLICABLE,KNOWN,KNOWN,KNOWN,NOT_APPLICABLE,KNOWN,KNOWN,KNOWN,KNOWN,KNOWN,KNOWN,KNOWN
330dcfc43e116d2aa79da4d68100c4dd314cb1e271975f62f645a08fc5810cc1,H3,KNOWN,NOT_APPLICABLE,NOT_APPLICABLE,KNOWN,KNOWN,KNOWN,NOT_APPLICABLE,KNOWN,KNOWN,KNOWN,KNOWN,KNOWN,KNOWN,KNOWN
330dcfc43e116d2aa79da4d68100c4dd314cb1e271975f62f645a08fc5810cc1,H4,KNOWN,KNOWN,NOT_APPLICABLE,KNOWN,KNOWN,KNOWN,KNOWN,KNOWN,KNOWN,KNOWN,KNOWN,KNOWN,KNOWN,KNOWN
331d1ef073894d6ae4442ec399445a21b59aef142ccbfabccebce9111083efba,H0,KNOWN,NOT_APPLICABLE,NOT_APPLICABLE,NOT_APPLICABLE,KNOWN,KNOWN,NOT_APPLICABLE,KNOWN,KNOWN,KNOWN,KNOWN,KNOWN,KNOWN,KNOWN
331d1ef073894d6ae4442ec399445a21b59aef142ccbfabccebce9111083efba,H1,KNOWN,NOT_APPLICABLE,KNOWN,KNOWN,KNOWN,KNOWN,NOT_APPLICABLE,KNOWN,KNOWN,KNOWN,KNOWN,KNOWN,KNOWN,KNOWN
331d1ef073894d6ae4442ec399445a21b59aef142ccbfabccebce9111083efba,H2,KNOWN,NOT_APPLICABLE,NOT_APPLICABLE,KNOWN,KNOWN,KNOWN,NOT_APPLICABLE,KNOWN,KNOWN,KNOWN,KNOWN,KNOWN,KNOWN,KNOWN
331d1ef073894d6ae4442ec399445a21b59aef142ccbfabccebce9111083efba,H3,KNOWN,NOT_APPLICABLE,NOT_APPLICABLE,KNOWN,KNOWN,KNOWN,NOT_APPLICABLE,KNOWN,KNOWN,KNOWN,KNOWN,KNOWN,KNOWN,KNOWN
331d1ef073894d6ae4442ec399445a21b59aef142ccbfabccebce9111083efba,H4,KNOWN,KNOWN,NOT_APPLICABLE,KNOWN,KNOWN,KNOWN,KNOWN,KNOWN,KNOWN,KNOWN,KNOWN,KNOWN,KNOWN,KNOWN
35404eaab3f15956b8e8a5cae1ac43f06a928c2202b336f47fff5a55923401cf,H0,KNOWN,NOT_APPLICABLE,NOT_APPLICABLE,NOT_APPLICABLE,KNOWN,KNOWN,NOT_APPLICABLE,KNOWN,KNOWN,KNOWN,KNOWN,KNOWN,KNOWN,KNOWN
35404eaab3f15956b8e8a5cae1ac43f06a928c2202b336f47fff5a55923401cf,H1,KNOWN,NOT_APPLICABLE,KNOWN,KNOWN,KNOWN,KNOWN,NOT_APPLICABLE,KNOWN,KNOWN,KNOWN,KNOWN,KNOWN,KNOWN,KNOWN
35404eaab3f15956b8e8a5cae1ac43f06a928c2202b336f47fff5a55923401cf,H2,KNOWN,NOT_APPLICABLE,NOT_APPLICABLE,KNOWN,KNOWN,KNOWN,NOT_APPLICABLE,KNOWN,KNOWN,KNOWN,KNOWN,KNOWN,KNOWN,KNOWN
35404eaab3f15956b8e8a5cae1ac43f06a928c2202b336f47fff5a55923401cf,H3,KNOWN,NOT_APPLICABLE,NOT_APPLICABLE,KNOWN,KNOWN,KNOWN,NOT_APPLICABLE,KNOWN,KNOWN,KNOWN,KNOWN,KNOWN,KNOWN,KNOWN
35404eaab3f15956b8e8a5cae1ac43f06a928c2202b336f47fff5a55923401cf,H4,KNOWN,KNOWN,NOT_APPLICABLE,KNOWN,KNOWN,KNOWN,KNOWN,KNOWN,KNOWN,KNOWN,KNOWN,KNOWN,KNOWN,KNOWN
35d27df02a7ba96db3fb70d8748a04eb10050e407a5f086ee3002b1bc22ead4a,H0,KNOWN,NOT_APPLICABLE,NOT_APPLICABLE,NOT_APPLICABLE,KNOWN,KNOWN,NOT_APPLICABLE,KNOWN,KNOWN,KNOWN,KNOWN,KNOWN,KNOWN,KNOWN
35d27df02a7ba96db3fb70d8748a04eb10050e407a5f086ee3002b1bc22ead4a,H1,KNOWN,NOT_APPLICABLE,KNOWN,KNOWN,KNOWN,KNOWN,NOT_APPLICABLE,KNOWN,KNOWN,KNOWN,KNOWN,KNOWN,KNOWN,KNOWN
35d27df02a7ba96db3fb70d8748a04eb10050e407a5f086ee3002b1bc22ead4a,H2,KNOWN,NOT_APPLICABLE,NOT_APPLICABLE,KNOWN,KNOWN,KNOWN,NOT_APPLICABLE,KNOWN,KNOWN,KNOWN,KNOWN,KNOWN,KNOWN,KNOWN
35d27df02a7ba96db3fb70d8748a04eb10050e407a5f086ee3002b1bc22ead4a,H3,KNOWN,NOT_APPLICABLE,NOT_APPLICABLE,KNOWN,KNOWN,KNOWN,NOT_APPLICABLE,KNOWN,KNOWN,KNOWN,KNOWN,KNOWN,KNOWN,KNOWN
35d27df02a7ba96db3fb70d8748a04eb10050e407a5f086ee3002b1bc22ead4a,H4,KNOWN,KNOWN,NOT_APPLICABLE,KNOWN,KNOWN,KNOWN,KNOWN,KNOWN,KNOWN,KNOWN,KNOWN,KNOWN,KNOWN,KNOWN
375082fae6af307a7d906ce9cde1190998e219931ca5be9412f98ec53b17d813,H0,KNOWN,NOT_APPLICABLE,NOT_APPLICABLE,NOT_APPLICABLE,KNOWN,KNOWN,NOT_APPLICABLE,KNOWN,KNOWN,KNOWN,KNOWN,KNOWN,KNOWN,KNOWN
375082fae6af307a7d906ce9cde1190998e219931ca5be9412f98ec53b17d813,H1,KNOWN,NOT_APPLICABLE,KNOWN,KNOWN,KNOWN,KNOWN,NOT_APPLICABLE,KNOWN,KNOWN,KNOWN,KNOWN,KNOWN,KNOWN,KNOWN
375082fae6af307a7d906ce9cde1190998e219931ca5be9412f98ec53b17d813,H2,KNOWN,NOT_APPLICABLE,NOT_APPLICABLE,KNOWN,KNOWN,KNOWN,NOT_APPLICABLE,KNOWN,KNOWN,KNOWN,KNOWN,KNOWN,KNOWN,KNOWN
375082fae6af307a7d906ce9cde1190998e219931ca5be9412f98ec53b17d813,H3,KNOWN,NOT_APPLICABLE,NOT_APPLICABLE,KNOWN,KNOWN,KNOWN,NOT_APPLICABLE,KNOWN,KNOWN,KNOWN,KNOWN,KNOWN,KNOWN,KNOWN
375082fae6af307a7d906ce9cde1190998e219931ca5be9412f98ec53b17d813,H4,KNOWN,KNOWN,NOT_APPLICABLE,KNOWN,KNOWN,KNOWN,KNOWN,KNOWN,KNOWN,KNOWN,KNOWN,KNOWN,KNOWN,KNOWN
37a4edb9e0cb1ce796b798a7da0301ee195c488c4fa14da6982e9961f5f290ff,H0,KNOWN,NOT_APPLICABLE,NOT_APPLICABLE,NOT_APPLICABLE,KNOWN,KNOWN,NOT_APPLICABLE,KNOWN,KNOWN,KNOWN,KNOWN,KNOWN,KNOWN,KNOWN
37a4edb9e0cb1ce796b798a7da0301ee195c488c4fa14da6982e9961f5f290ff,H1,KNOWN,NOT_APPLICABLE,KNOWN,KNOWN,KNOWN,KNOWN,NOT_APPLICABLE,KNOWN,KNOWN,KNOWN,KNOWN,KNOWN,KNOWN,KNOWN
37a4edb9e0cb1ce796b798a7da0301ee195c488c4fa14da6982e9961f5f290ff,H2,KNOWN,NOT_APPLICABLE,NOT_APPLICABLE,KNOWN,KNOWN,KNOWN,NOT_APPLICABLE,KNOWN,KNOWN,KNOWN,KNOWN,KNOWN,KNOWN,KNOWN
37a4edb9e0cb1ce796b798a7da0301ee195c488c4fa14da6982e9961f5f290ff,H3,KNOWN,NOT_APPLICABLE,NOT_APPLICABLE,KNOWN,KNOWN,KNOWN,NOT_APPLICABLE,KNOWN,KNOWN,KNOWN,KNOWN,KNOWN,KNOWN,KNOWN
37a4edb9e0cb1ce796b798a7da0301ee195c488c4fa14da6982e9961f5f290ff,H4,KNOWN,KNOWN,NOT_APPLICABLE,KNOWN,KNOWN,KNOWN,KNOWN,KNOWN,KNOWN,KNOWN,KNOWN,KNOWN,KNOWN,KNOWN
3894853a240d3e0f321516d0da715d2a4bd817df342bf7a38cae58202bfdc2a4,H0,KNOWN,NOT_APPLICABLE,NOT_APPLICABLE,NOT_APPLICABLE,KNOWN,KNOWN,NOT_APPLICABLE,KNOWN,KNOWN,KNOWN,KNOWN,KNOWN,KNOWN,KNOWN
3894853a240d3e0f321516d0da715d2a4bd817df342bf7a38cae58202bfdc2a4,H1,KNOWN,NOT_APPLICABLE,KNOWN,KNOWN,KNOWN,KNOWN,NOT_APPLICABLE,KNOWN,KNOWN,KNOWN,KNOWN,KNOWN,KNOWN,KNOWN
3894853a240d3e0f321516d0da715d2a4bd817df342bf7a38cae58202bfdc2a4,H2,KNOWN,NOT_APPLICABLE,NOT_APPLICABLE,KNOWN,KNOWN,KNOWN,NOT_APPLICABLE,KNOWN,KNOWN,KNOWN,KNOWN,KNOWN,KNOWN,KNOWN
3894853a240d3e0f321516d0da715d2a4bd817df342bf7a38cae58202bfdc2a4,H3,KNOWN,NOT_APPLICABLE,NOT_APPLICABLE,KNOWN,KNOWN,KNOWN,NOT_APPLICABLE,KNOWN,KNOWN,KNOWN,KNOWN,KNOWN,KNOWN,KNOWN
3894853a240d3e0f321516d0da715d2a4bd817df342bf7a38cae58202bfdc2a4,H4,KNOWN,KNOWN,NOT_APPLICABLE,KNOWN,KNOWN,KNOWN,KNOWN,KNOWN,KNOWN,KNOWN,KNOWN,KNOWN,KNOWN,KNOWN
392342df8f31cb6f71b75e32d72721664a6e556873039ac8529b9bf5b088ea19,H0,KNOWN,NOT_APPLICABLE,NOT_APPLICABLE,NOT_APPLICABLE,KNOWN,KNOWN,NOT_APPLICABLE,KNOWN,KNOWN,KNOWN,KNOWN,KNOWN,KNOWN,KNOWN
392342df8f31cb6f71b75e32d72721664a6e556873039ac8529b9bf5b088ea19,H1,KNOWN,NOT_APPLICABLE,KNOWN,KNOWN,KNOWN,KNOWN,NOT_APPLICABLE,KNOWN,KNOWN,KNOWN,KNOWN,KNOWN,KNOWN,KNOWN
392342df8f31cb6f71b75e32d72721664a6e556873039ac8529b9bf5b088ea19,H2,KNOWN,NOT_APPLICABLE,NOT_APPLICABLE,KNOWN,KNOWN,KNOWN,NOT_APPLICABLE,KNOWN,KNOWN,KNOWN,KNOWN,KNOWN,KNOWN,KNOWN
392342df8f31cb6f71b75e32d72721664a6e556873039ac8529b9bf5b088ea19,H3,KNOWN,NOT_APPLICABLE,NOT_APPLICABLE,KNOWN,KNOWN,KNOWN,NOT_APPLICABLE,KNOWN,KNOWN,KNOWN,KNOWN,KNOWN,KNOWN,KNOWN
392342df8f31cb6f71b75e32d72721664a6e556873039ac8529b9bf5b088ea19,H4,KNOWN,KNOWN,NOT_APPLICABLE,KNOWN,KNOWN,KNOWN,KNOWN,KNOWN,KNOWN,KNOWN,KNOWN,KNOWN,KNOWN,KNOWN
392e7203a9839581a2b1b4954bfe9e9ba87841104dea822327cce471c6212ddf,H0,KNOWN,NOT_APPLICABLE,NOT_APPLICABLE,NOT_APPLICABLE,KNOWN,KNOWN,NOT_APPLICABLE,KNOWN,KNOWN,KNOWN,KNOWN,KNOWN,KNOWN,KNOWN
392e7203a9839581a2b1b4954bfe9e9ba87841104dea822327cce471c6212ddf,H1,KNOWN,NOT_APPLICABLE,KNOWN,KNOWN,KNOWN,KNOWN,NOT_APPLICABLE,KNOWN,KNOWN,KNOWN,KNOWN,KNOWN,KNOWN,KNOWN
392e7203a9839581a2b1b4954bfe9e9ba87841104dea822327cce471c6212ddf,H2,KNOWN,NOT_APPLICABLE,NOT_APPLICABLE,KNOWN,KNOWN,KNOWN,NOT_APPLICABLE,KNOWN,KNOWN,KNOWN,KNOWN,KNOWN,KNOWN,KNOWN
392e7203a9839581a2b1b4954bfe9e9ba87841104dea822327cce471c6212ddf,H3,KNOWN,NOT_APPLICABLE,NOT_APPLICABLE,KNOWN,KNOWN,KNOWN,NOT_APPLICABLE,KNOWN,KNOWN,KNOWN,KNOWN,KNOWN,KNOWN,KNOWN
392e7203a9839581a2b1b4954bfe9e9ba87841104dea822327cce471c6212ddf,H4,KNOWN,KNOWN,NOT_APPLICABLE,KNOWN,KNOWN,KNOWN,KNOWN,KNOWN,KNOWN,KNOWN,KNOWN,KNOWN,KNOWN,KNOWN
3992c2e33c56a016a4e7e1a1358558a95d40efb739398888149cf0c5481e3af2,H0,KNOWN,NOT_APPLICABLE,NOT_APPLICABLE,NOT_APPLICABLE,KNOWN,KNOWN,NOT_APPLICABLE,KNOWN,KNOWN,KNOWN,KNOWN,KNOWN,KNOWN,KNOWN
3992c2e33c56a016a4e7e1a1358558a95d40efb739398888149cf0c5481e3af2,H1,KNOWN,NOT_APPLICABLE,KNOWN,KNOWN,KNOWN,KNOWN,NOT_APPLICABLE,KNOWN,KNOWN,KNOWN,KNOWN,KNOWN,KNOWN,KNOWN
3992c2e33c56a016a4e7e1a1358558a95d40efb739398888149cf0c5481e3af2,H2,KNOWN,NOT_APPLICABLE,NOT_APPLICABLE,KNOWN,KNOWN,KNOWN,NOT_APPLICABLE,KNOWN,KNOWN,KNOWN,KNOWN,KNOWN,KNOWN,KNOWN
3992c2e33c56a016a4e7e1a1358558a95d40efb739398888149cf0c5481e3af2,H3,KNOWN,NOT_APPLICABLE,NOT_APPLICABLE,KNOWN,KNOWN,KNOWN,NOT_APPLICABLE,KNOWN,KNOWN,KNOWN,KNOWN,KNOWN,KNOWN,KNOWN
3992c2e33c56a016a4e7e1a1358558a95d40efb739398888149cf0c5481e3af2,H4,KNOWN,KNOWN,NOT_APPLICABLE,KNOWN,KNOWN,KNOWN,KNOWN,KNOWN,KNOWN,KNOWN,KNOWN,KNOWN,KNOWN,KNOWN
3c133915b696d78d1d44662584541d3f5679d24eeb1e105977c759e14b86eb1d,H0,KNOWN,NOT_APPLICABLE,NOT_APPLICABLE,NOT_APPLICABLE,KNOWN,KNOWN,NOT_APPLICABLE,KNOWN,KNOWN,KNOWN,KNOWN,KNOWN,KNOWN,KNOWN
3c133915b696d78d1d44662584541d3f5679d24eeb1e105977c759e14b86eb1d,H1,KNOWN,NOT_APPLICABLE,KNOWN,KNOWN,KNOWN,KNOWN,NOT_APPLICABLE,KNOWN,KNOWN,KNOWN,KNOWN,KNOWN,KNOWN,KNOWN
3c133915b696d78d1d44662584541d3f5679d24eeb1e105977c759e14b86eb1d,H2,KNOWN,NOT_APPLICABLE,NOT_APPLICABLE,KNOWN,KNOWN,KNOWN,NOT_APPLICABLE,KNOWN,KNOWN,KNOWN,KNOWN,KNOWN,KNOWN,KNOWN
3c133915b696d78d1d44662584541d3f5679d24eeb1e105977c759e14b86eb1d,H3,KNOWN,NOT_APPLICABLE,NOT_APPLICABLE,KNOWN,KNOWN,KNOWN,NOT_APPLICABLE,KNOWN,KNOWN,KNOWN,KNOWN,KNOWN,KNOWN,KNOWN
3c133915b696d78d1d44662584541d3f5679d24eeb1e105977c759e14b86eb1d,H4,KNOWN,KNOWN,NOT_APPLICABLE,KNOWN,KNOWN,KNOWN,KNOWN,KNOWN,KNOWN,KNOWN,KNOWN,KNOWN,KNOWN,KNOWN
3c25e444b14e48b386f862a4259b02b0b1fd9924405470d313ebd346a0dd151e,H0,KNOWN,NOT_APPLICABLE,NOT_APPLICABLE,NOT_APPLICABLE,KNOWN,KNOWN,NOT_APPLICABLE,KNOWN,KNOWN,KNOWN,KNOWN,KNOWN,KNOWN,KNOWN
3c25e444b14e48b386f862a4259b02b0b1fd9924405470d313ebd346a0dd151e,H1,KNOWN,NOT_APPLICABLE,KNOWN,KNOWN,KNOWN,KNOWN,NOT_APPLICABLE,KNOWN,KNOWN,KNOWN,KNOWN,KNOWN,KNOWN,KNOWN
3c25e444b14e48b386f862a4259b02b0b1fd9924405470d313ebd346a0dd151e,H2,KNOWN,NOT_APPLICABLE,NOT_APPLICABLE,KNOWN,KNOWN,KNOWN,NOT_APPLICABLE,KNOWN,KNOWN,KNOWN,KNOWN,KNOWN,KNOWN,KNOWN
3c25e444b14e48b386f862a4259b02b0b1fd9924405470d313ebd346a0dd151e,H3,KNOWN,NOT_APPLICABLE,NOT_APPLICABLE,KNOWN,KNOWN,KNOWN,NOT_APPLICABLE,KNOWN,KNOWN,KNOWN,KNOWN,KNOWN,KNOWN,KNOWN
3c25e444b14e48b386f862a4259b02b0b1fd9924405470d313ebd346a0dd151e,H4,KNOWN,KNOWN,NOT_APPLICABLE,KNOWN,KNOWN,KNOWN,KNOWN,KNOWN,KNOWN,KNOWN,KNOWN,KNOWN,KNOWN,KNOWN
3c88ae2f78a2c23f144079aa0fe066090113cdead865398c496406680efc361d,H0,KNOWN,NOT_APPLICABLE,NOT_APPLICABLE,NOT_APPLICABLE,KNOWN,KNOWN,NOT_APPLICABLE,KNOWN,KNOWN,KNOWN,KNOWN,KNOWN,KNOWN,KNOWN
3c88ae2f78a2c23f144079aa0fe066090113cdead865398c496406680efc361d,H1,KNOWN,NOT_APPLICABLE,KNOWN,KNOWN,KNOWN,KNOWN,NOT_APPLICABLE,KNOWN,KNOWN,KNOWN,KNOWN,KNOWN,KNOWN,KNOWN
3c88ae2f78a2c23f144079aa0fe066090113cdead865398c496406680efc361d,H2,KNOWN,NOT_APPLICABLE,NOT_APPLICABLE,KNOWN,KNOWN,KNOWN,NOT_APPLICABLE,KNOWN,KNOWN,KNOWN,KNOWN,KNOWN,KNOWN,KNOWN
3c88ae2f78a2c23f144079aa0fe066090113cdead865398c496406680efc361d,H3,KNOWN,NOT_APPLICABLE,NOT_APPLICABLE,KNOWN,KNOWN,KNOWN,NOT_APPLICABLE,KNOWN,KNOWN,KNOWN,KNOWN,KNOWN,KNOWN,KNOWN
3c88ae2f78a2c23f144079aa0fe066090113cdead865398c496406680efc361d,H4,KNOWN,KNOWN,NOT_APPLICABLE,KNOWN,KNOWN,KNOWN,KNOWN,KNOWN,KNOWN,KNOWN,KNOWN,KNOWN,KNOWN,KNOWN
3c8b0539a72ecc3e1b7fb15a422daa21b098dbb73dc417b9482244d357371093,H0,KNOWN,NOT_APPLICABLE,NOT_APPLICABLE,NOT_APPLICABLE,KNOWN,KNOWN,NOT_APPLICABLE,KNOWN,KNOWN,KNOWN,KNOWN,KNOWN,KNOWN,KNOWN
3c8b0539a72ecc3e1b7fb15a422daa21b098dbb73dc417b9482244d357371093,H1,KNOWN,NOT_APPLICABLE,KNOWN,KNOWN,KNOWN,KNOWN,NOT_APPLICABLE,KNOWN,KNOWN,KNOWN,KNOWN,KNOWN,KNOWN,KNOWN
3c8b0539a72ecc3e1b7fb15a422daa21b098dbb73dc417b9482244d357371093,H2,KNOWN,NOT_APPLICABLE,NOT_APPLICABLE,KNOWN,KNOWN,KNOWN,NOT_APPLICABLE,KNOWN,KNOWN,KNOWN,KNOWN,KNOWN,KNOWN,KNOWN
3c8b0539a72ecc3e1b7fb15a422daa21b098dbb73dc417b9482244d357371093,H3,KNOWN,NOT_APPLICABLE,NOT_APPLICABLE,KNOWN,KNOWN,KNOWN,NOT_APPLICABLE,KNOWN,KNOWN,KNOWN,KNOWN,KNOWN,KNOWN,KNOWN
3c8b0539a72ecc3e1b7fb15a422daa21b098dbb73dc417b9482244d357371093,H4,KNOWN,KNOWN,NOT_APPLICABLE,KNOWN,KNOWN,KNOWN,KNOWN,KNOWN,KNOWN,KNOWN,KNOWN,KNOWN,KNOWN,KNOWN
3ec882463f43c8055c3d941986dc7838337a52d911629c0b8590307d5975a0b8,H0,KNOWN,NOT_APPLICABLE,NOT_APPLICABLE,NOT_APPLICABLE,KNOWN,KNOWN,NOT_APPLICABLE,KNOWN,KNOWN,KNOWN,KNOWN,KNOWN,KNOWN,KNOWN
3ec882463f43c8055c3d941986dc7838337a52d911629c0b8590307d5975a0b8,H1,KNOWN,NOT_APPLICABLE,KNOWN,KNOWN,KNOWN,KNOWN,NOT_APPLICABLE,KNOWN,KNOWN,KNOWN,KNOWN,KNOWN,KNOWN,KNOWN
3ec882463f43c8055c3d941986dc7838337a52d911629c0b8590307d5975a0b8,H2,KNOWN,NOT_APPLICABLE,NOT_APPLICABLE,KNOWN,KNOWN,KNOWN,NOT_APPLICABLE,KNOWN,KNOWN,KNOWN,KNOWN,KNOWN,KNOWN,KNOWN
3ec882463f43c8055c3d941986dc7838337a52d911629c0b8590307d5975a0b8,H3,KNOWN,NOT_APPLICABLE,NOT_APPLICABLE,KNOWN,KNOWN,KNOWN,NOT_APPLICABLE,KNOWN,KNOWN,KNOWN,KNOWN,KNOWN,KNOWN,KNOWN
3ec882463f43c8055c3d941986dc7838337a52d911629c0b8590307d5975a0b8,H4,KNOWN,KNOWN,NOT_APPLICABLE,KNOWN,KNOWN,KNOWN,KNOWN,KNOWN,KNOWN,KNOWN,KNOWN,KNOWN,KNOWN,KNOWN
3ef0fa59822abeed39ef4a351ed36822746749903995994c4eed394b51ea2987,H0,KNOWN,NOT_APPLICABLE,NOT_APPLICABLE,NOT_APPLICABLE,KNOWN,KNOWN,NOT_APPLICABLE,KNOWN,KNOWN,KNOWN,KNOWN,KNOWN,KNOWN,KNOWN
3ef0fa59822abeed39ef4a351ed36822746749903995994c4eed394b51ea2987,H1,KNOWN,NOT_APPLICABLE,KNOWN,KNOWN,KNOWN,KNOWN,NOT_APPLICABLE,KNOWN,KNOWN,KNOWN,KNOWN,KNOWN,KNOWN,KNOWN
3ef0fa59822abeed39ef4a351ed36822746749903995994c4eed394b51ea2987,H2,KNOWN,NOT_APPLICABLE,NOT_APPLICABLE,KNOWN,KNOWN,KNOWN,NOT_APPLICABLE,KNOWN,KNOWN,KNOWN,KNOWN,KNOWN,KNOWN,KNOWN
3ef0fa59822abeed39ef4a351ed36822746749903995994c4eed394b51ea2987,H3,KNOWN,NOT_APPLICABLE,NOT_APPLICABLE,KNOWN,KNOWN,KNOWN,NOT_APPLICABLE,KNOWN,KNOWN,KNOWN,KNOWN,KNOWN,KNOWN,KNOWN
3ef0fa59822abeed39ef4a351ed36822746749903995994c4eed394b51ea2987,H4,KNOWN,KNOWN,NOT_APPLICABLE,KNOWN,KNOWN,KNOWN,KNOWN,KNOWN,KNOWN,KNOWN,KNOWN,KNOWN,KNOWN,KNOWN
3f8a73a4641f3f0976ef651684df44932aa557eb0691bc2d4a7ade6067241abd,H0,KNOWN,NOT_APPLICABLE,NOT_APPLICABLE,NOT_APPLICABLE,KNOWN,KNOWN,NOT_APPLICABLE,KNOWN,KNOWN,KNOWN,KNOWN,KNOWN,KNOWN,KNOWN
3f8a73a4641f3f0976ef651684df44932aa557eb0691bc2d4a7ade6067241abd,H1,KNOWN,NOT_APPLICABLE,KNOWN,KNOWN,KNOWN,KNOWN,NOT_APPLICABLE,KNOWN,KNOWN,KNOWN,KNOWN,KNOWN,KNOWN,KNOWN
3f8a73a4641f3f0976ef651684df44932aa557eb0691bc2d4a7ade6067241abd,H2,KNOWN,NOT_APPLICABLE,NOT_APPLICABLE,KNOWN,KNOWN,KNOWN,NOT_APPLICABLE,KNOWN,KNOWN,KNOWN,KNOWN,KNOWN,KNOWN,KNOWN
3f8a73a4641f3f0976ef651684df44932aa557eb0691bc2d4a7ade6067241abd,H3,KNOWN,NOT_APPLICABLE,NOT_APPLICABLE,KNOWN,KNOWN,KNOWN,NOT_APPLICABLE,KNOWN,KNOWN,KNOWN,KNOWN,KNOWN,KNOWN,KNOWN
3f8a73a4641f3f0976ef651684df44932aa557eb0691bc2d4a7ade6067241abd,H4,KNOWN,KNOWN,NOT_APPLICABLE,KNOWN,KNOWN,KNOWN,KNOWN,KNOWN,KNOWN,KNOWN,KNOWN,KNOWN,KNOWN,KNOWN
4067160e3a7b55a3422b1237d7604d6b3571b8b8126ac654c7be36c0ea20e51f,H0,KNOWN,NOT_APPLICABLE,NOT_APPLICABLE,NOT_APPLICABLE,KNOWN,KNOWN,NOT_APPLICABLE,KNOWN,KNOWN,KNOWN,KNOWN,KNOWN,KNOWN,KNOWN
4067160e3a7b55a3422b1237d7604d6b3571b8b8126ac654c7be36c0ea20e51f,H1,KNOWN,NOT_APPLICABLE,KNOWN,KNOWN,KNOWN,KNOWN,NOT_APPLICABLE,KNOWN,KNOWN,KNOWN,KNOWN,KNOWN,KNOWN,KNOWN
4067160e3a7b55a3422b1237d7604d6b3571b8b8126ac654c7be36c0ea20e51f,H2,KNOWN,NOT_APPLICABLE,NOT_APPLICABLE,KNOWN,KNOWN,KNOWN,NOT_APPLICABLE,KNOWN,KNOWN,KNOWN,KNOWN,KNOWN,KNOWN,KNOWN
4067160e3a7b55a3422b1237d7604d6b3571b8b8126ac654c7be36c0ea20e51f,H3,KNOWN,NOT_APPLICABLE,NOT_APPLICABLE,KNOWN,KNOWN,KNOWN,NOT_APPLICABLE,KNOWN,KNOWN,KNOWN,KNOWN,KNOWN,KNOWN,KNOWN
4067160e3a7b55a3422b1237d7604d6b3571b8b8126ac654c7be36c0ea20e51f,H4,KNOWN,KNOWN,NOT_APPLICABLE,KNOWN,KNOWN,KNOWN,KNOWN,KNOWN,KNOWN,KNOWN,KNOWN,KNOWN,KNOWN,KNOWN
42070cacc5632f1af9183251973e8f18015f378dfdc9ad3d8e36c3558922262a,H0,KNOWN,NOT_APPLICABLE,NOT_APPLICABLE,NOT_APPLICABLE,KNOWN,KNOWN,NOT_APPLICABLE,KNOWN,KNOWN,KNOWN,KNOWN,KNOWN,KNOWN,KNOWN
42070cacc5632f1af9183251973e8f18015f378dfdc9ad3d8e36c3558922262a,H1,KNOWN,NOT_APPLICABLE,KNOWN,KNOWN,KNOWN,KNOWN,NOT_APPLICABLE,KNOWN,KNOWN,KNOWN,KNOWN,KNOWN,KNOWN,KNOWN
42070cacc5632f1af9183251973e8f18015f378dfdc9ad3d8e36c3558922262a,H2,KNOWN,NOT_APPLICABLE,NOT_APPLICABLE,KNOWN,KNOWN,KNOWN,NOT_APPLICABLE,KNOWN,KNOWN,KNOWN,KNOWN,KNOWN,KNOWN,KNOWN
42070cacc5632f1af9183251973e8f18015f378dfdc9ad3d8e36c3558922262a,H3,KNOWN,NOT_APPLICABLE,NOT_APPLICABLE,KNOWN,KNOWN,KNOWN,NOT_APPLICABLE,KNOWN,KNOWN,KNOWN,KNOWN,KNOWN,KNOWN,KNOWN
42070cacc5632f1af9183251973e8f18015f378dfdc9ad3d8e36c3558922262a,H4,KNOWN,KNOWN,NOT_APPLICABLE,KNOWN,KNOWN,KNOWN,KNOWN,KNOWN,KNOWN,KNOWN,KNOWN,KNOWN,KNOWN,KNOWN
4248050af4a7608e80b042417b7b9b3cc07049ae407ad6591f39769a60be2792,H0,KNOWN,NOT_APPLICABLE,NOT_APPLICABLE,NOT_APPLICABLE,KNOWN,KNOWN,NOT_APPLICABLE,KNOWN,KNOWN,KNOWN,KNOWN,KNOWN,KNOWN,KNOWN
4248050af4a7608e80b042417b7b9b3cc07049ae407ad6591f39769a60be2792,H1,KNOWN,NOT_APPLICABLE,KNOWN,KNOWN,KNOWN,KNOWN,NOT_APPLICABLE,KNOWN,KNOWN,KNOWN,KNOWN,KNOWN,KNOWN,KNOWN
4248050af4a7608e80b042417b7b9b3cc07049ae407ad6591f39769a60be2792,H2,KNOWN,NOT_APPLICABLE,NOT_APPLICABLE,KNOWN,KNOWN,KNOWN,NOT_APPLICABLE,KNOWN,KNOWN,KNOWN,KNOWN,KNOWN,KNOWN,KNOWN
4248050af4a7608e80b042417b7b9b3cc07049ae407ad6591f39769a60be2792,H3,KNOWN,NOT_APPLICABLE,NOT_APPLICABLE,KNOWN,KNOWN,KNOWN,NOT_APPLICABLE,KNOWN,KNOWN,KNOWN,KNOWN,KNOWN,KNOWN,KNOWN
4248050af4a7608e80b042417b7b9b3cc07049ae407ad6591f39769a60be2792,H4,KNOWN,KNOWN,NOT_APPLICABLE,KNOWN,KNOWN,KNOWN,KNOWN,KNOWN,KNOWN,KNOWN,KNOWN,KNOWN,KNOWN,KNOWN
4339bccd9a6b5dac1d20c0d9ed2f681b9a59b3e563deab301205444fa2ec42f8,H0,KNOWN,NOT_APPLICABLE,NOT_APPLICABLE,NOT_APPLICABLE,KNOWN,KNOWN,NOT_APPLICABLE,KNOWN,KNOWN,KNOWN,KNOWN,KNOWN,KNOWN,KNOWN
4339bccd9a6b5dac1d20c0d9ed2f681b9a59b3e563deab301205444fa2ec42f8,H1,KNOWN,NOT_APPLICABLE,KNOWN,KNOWN,KNOWN,KNOWN,NOT_APPLICABLE,KNOWN,KNOWN,KNOWN,KNOWN,KNOWN,KNOWN,KNOWN
4339bccd9a6b5dac1d20c0d9ed2f681b9a59b3e563deab301205444fa2ec42f8,H2,KNOWN,NOT_APPLICABLE,NOT_APPLICABLE,KNOWN,KNOWN,KNOWN,NOT_APPLICABLE,KNOWN,KNOWN,KNOWN,KNOWN,KNOWN,KNOWN,KNOWN
4339bccd9a6b5dac1d20c0d9ed2f681b9a59b3e563deab301205444fa2ec42f8,H3,KNOWN,NOT_APPLICABLE,NOT_APPLICABLE,KNOWN,KNOWN,KNOWN,NOT_APPLICABLE,KNOWN,KNOWN,KNOWN,KNOWN,KNOWN,KNOWN,KNOWN
4339bccd9a6b5dac1d20c0d9ed2f681b9a59b3e563deab301205444fa2ec42f8,H4,KNOWN,KNOWN,NOT_APPLICABLE,KNOWN,KNOWN,KNOWN,KNOWN,KNOWN,KNOWN,KNOWN,KNOWN,KNOWN,KNOWN,KNOWN
439e4c23fee03e3ed8606f26adc0ac5f3b91ecc85f6d1182a67dc905dd861a7c,H0,KNOWN,NOT_APPLICABLE,NOT_APPLICABLE,NOT_APPLICABLE,KNOWN,KNOWN,NOT_APPLICABLE,KNOWN,KNOWN,KNOWN,KNOWN,KNOWN,KNOWN,KNOWN
439e4c23fee03e3ed8606f26adc0ac5f3b91ecc85f6d1182a67dc905dd861a7c,H1,KNOWN,NOT_APPLICABLE,KNOWN,KNOWN,KNOWN,KNOWN,NOT_APPLICABLE,KNOWN,KNOWN,KNOWN,KNOWN,KNOWN,KNOWN,KNOWN
439e4c23fee03e3ed8606f26adc0ac5f3b91ecc85f6d1182a67dc905dd861a7c,H2,KNOWN,NOT_APPLICABLE,NOT_APPLICABLE,KNOWN,KNOWN,KNOWN,NOT_APPLICABLE,KNOWN,KNOWN,KNOWN,KNOWN,KNOWN,KNOWN,KNOWN
439e4c23fee03e3ed8606f26adc0ac5f3b91ecc85f6d1182a67dc905dd861a7c,H3,KNOWN,NOT_APPLICABLE,NOT_APPLICABLE,KNOWN,KNOWN,KNOWN,NOT_APPLICABLE,KNOWN,KNOWN,KNOWN,KNOWN,KNOWN,KNOWN,KNOWN
439e4c23fee03e3ed8606f26adc0ac5f3b91ecc85f6d1182a67dc905dd861a7c,H4,KNOWN,KNOWN,NOT_APPLICABLE,KNOWN,KNOWN,KNOWN,KNOWN,KNOWN,KNOWN,KNOWN,KNOWN,KNOWN,KNOWN,KNOWN
4449a1441fa517de5827e3bcb0fc140702aba156f45e9c9252c648492621bc88,H0,KNOWN,NOT_APPLICABLE,NOT_APPLICABLE,NOT_APPLICABLE,KNOWN,KNOWN,NOT_APPLICABLE,KNOWN,KNOWN,KNOWN,KNOWN,KNOWN,KNOWN,KNOWN
4449a1441fa517de5827e3bcb0fc140702aba156f45e9c9252c648492621bc88,H1,KNOWN,NOT_APPLICABLE,KNOWN,KNOWN,KNOWN,KNOWN,NOT_APPLICABLE,KNOWN,KNOWN,KNOWN,KNOWN,KNOWN,KNOWN,KNOWN
4449a1441fa517de5827e3bcb0fc140702aba156f45e9c9252c648492621bc88,H2,KNOWN,NOT_APPLICABLE,NOT_APPLICABLE,KNOWN,KNOWN,KNOWN,NOT_APPLICABLE,KNOWN,KNOWN,KNOWN,KNOWN,KNOWN,KNOWN,KNOWN
4449a1441fa517de5827e3bcb0fc140702aba156f45e9c9252c648492621bc88,H3,KNOWN,NOT_APPLICABLE,NOT_APPLICABLE,KNOWN,KNOWN,KNOWN,NOT_APPLICABLE,KNOWN,KNOWN,KNOWN,KNOWN,KNOWN,KNOWN,KNOWN
4449a1441fa517de5827e3bcb0fc140702aba156f45e9c9252c648492621bc88,H4,KNOWN,KNOWN,NOT_APPLICABLE,KNOWN,KNOWN,KNOWN,KNOWN,KNOWN,KNOWN,KNOWN,KNOWN,KNOWN,KNOWN,KNOWN
447fe959be09eada5f491ea310a2855addd5163085cb8b347726977f01e8bfd0,H0,KNOWN,NOT_APPLICABLE,NOT_APPLICABLE,NOT_APPLICABLE,KNOWN,KNOWN,NOT_APPLICABLE,KNOWN,KNOWN,KNOWN,KNOWN,KNOWN,KNOWN,KNOWN
447fe959be09eada5f491ea310a2855addd5163085cb8b347726977f01e8bfd0,H1,KNOWN,NOT_APPLICABLE,KNOWN,KNOWN,KNOWN,KNOWN,NOT_APPLICABLE,KNOWN,KNOWN,KNOWN,KNOWN,KNOWN,KNOWN,KNOWN
447fe959be09eada5f491ea310a2855addd5163085cb8b347726977f01e8bfd0,H2,KNOWN,NOT_APPLICABLE,NOT_APPLICABLE,KNOWN,KNOWN,KNOWN,NOT_APPLICABLE,KNOWN,KNOWN,KNOWN,KNOWN,KNOWN,KNOWN,KNOWN
447fe959be09eada5f491ea310a2855addd5163085cb8b347726977f01e8bfd0,H3,KNOWN,NOT_APPLICABLE,NOT_APPLICABLE,KNOWN,KNOWN,KNOWN,NOT_APPLICABLE,KNOWN,KNOWN,KNOWN,KNOWN,KNOWN,KNOWN,KNOWN
447fe959be09eada5f491ea310a2855addd5163085cb8b347726977f01e8bfd0,H4,KNOWN,KNOWN,NOT_APPLICABLE,KNOWN,KNOWN,KNOWN,KNOWN,KNOWN,KNOWN,KNOWN,KNOWN,KNOWN,KNOWN,KNOWN
463151484c0fa7d8b7168aa0fdee85e2015a2d87f0bf4199c5b7a1a8b16544c8,H0,KNOWN,NOT_APPLICABLE,NOT_APPLICABLE,NOT_APPLICABLE,KNOWN,KNOWN,NOT_APPLICABLE,KNOWN,KNOWN,KNOWN,KNOWN,KNOWN,KNOWN,KNOWN
463151484c0fa7d8b7168aa0fdee85e2015a2d87f0bf4199c5b7a1a8b16544c8,H1,KNOWN,NOT_APPLICABLE,KNOWN,KNOWN,KNOWN,KNOWN,NOT_APPLICABLE,KNOWN,KNOWN,KNOWN,KNOWN,KNOWN,KNOWN,KNOWN
463151484c0fa7d8b7168aa0fdee85e2015a2d87f0bf4199c5b7a1a8b16544c8,H2,KNOWN,NOT_APPLICABLE,NOT_APPLICABLE,KNOWN,KNOWN,KNOWN,NOT_APPLICABLE,KNOWN,KNOWN,KNOWN,KNOWN,KNOWN,KNOWN,KNOWN
463151484c0fa7d8b7168aa0fdee85e2015a2d87f0bf4199c5b7a1a8b16544c8,H3,KNOWN,NOT_APPLICABLE,NOT_APPLICABLE,KNOWN,KNOWN,KNOWN,NOT_APPLICABLE,KNOWN,KNOWN,KNOWN,KNOWN,KNOWN,KNOWN,KNOWN
463151484c0fa7d8b7168aa0fdee85e2015a2d87f0bf4199c5b7a1a8b16544c8,H4,KNOWN,KNOWN,NOT_APPLICABLE,KNOWN,KNOWN,KNOWN,KNOWN,KNOWN,KNOWN,KNOWN,KNOWN,KNOWN,KNOWN,KNOWN
470220da9fcb369d8a68ba498122c9fbc4762313beb5f15508a62d83f8c606a0,H0,KNOWN,NOT_APPLICABLE,NOT_APPLICABLE,NOT_APPLICABLE,KNOWN,KNOWN,NOT_APPLICABLE,KNOWN,KNOWN,KNOWN,KNOWN,KNOWN,KNOWN,KNOWN
470220da9fcb369d8a68ba498122c9fbc4762313beb5f15508a62d83f8c606a0,H1,KNOWN,NOT_APPLICABLE,KNOWN,KNOWN,KNOWN,KNOWN,NOT_APPLICABLE,KNOWN,KNOWN,KNOWN,KNOWN,KNOWN,KNOWN,KNOWN
470220da9fcb369d8a68ba498122c9fbc4762313beb5f15508a62d83f8c606a0,H2,KNOWN,NOT_APPLICABLE,NOT_APPLICABLE,KNOWN,KNOWN,KNOWN,NOT_APPLICABLE,KNOWN,KNOWN,KNOWN,KNOWN,KNOWN,KNOWN,KNOWN
470220da9fcb369d8a68ba498122c9fbc4762313beb5f15508a62d83f8c606a0,H3,KNOWN,NOT_APPLICABLE,NOT_APPLICABLE,KNOWN,KNOWN,KNOWN,NOT_APPLICABLE,KNOWN,KNOWN,KNOWN,KNOWN,KNOWN,KNOWN,KNOWN
470220da9fcb369d8a68ba498122c9fbc4762313beb5f15508a62d83f8c606a0,H4,KNOWN,KNOWN,NOT_APPLICABLE,KNOWN,KNOWN,KNOWN,KNOWN,KNOWN,KNOWN,KNOWN,KNOWN,KNOWN,KNOWN,KNOWN
476e6ad80b60ad455b50273ee4763f97fd0ad78370abd2748be5f767457dd173,H0,KNOWN,NOT_APPLICABLE,NOT_APPLICABLE,NOT_APPLICABLE,KNOWN,KNOWN,NOT_APPLICABLE,KNOWN,KNOWN,KNOWN,KNOWN,KNOWN,KNOWN,KNOWN
476e6ad80b60ad455b50273ee4763f97fd0ad78370abd2748be5f767457dd173,H1,KNOWN,NOT_APPLICABLE,KNOWN,KNOWN,KNOWN,KNOWN,NOT_APPLICABLE,KNOWN,KNOWN,KNOWN,KNOWN,KNOWN,KNOWN,KNOWN
476e6ad80b60ad455b50273ee4763f97fd0ad78370abd2748be5f767457dd173,H2,KNOWN,NOT_APPLICABLE,NOT_APPLICABLE,KNOWN,KNOWN,KNOWN,NOT_APPLICABLE,KNOWN,KNOWN,KNOWN,KNOWN,KNOWN,KNOWN,KNOWN
476e6ad80b60ad455b50273ee4763f97fd0ad78370abd2748be5f767457dd173,H3,KNOWN,NOT_APPLICABLE,NOT_APPLICABLE,KNOWN,KNOWN,KNOWN,NOT_APPLICABLE,KNOWN,KNOWN,KNOWN,KNOWN,KNOWN,KNOWN,KNOWN
476e6ad80b60ad455b50273ee4763f97fd0ad78370abd2748be5f767457dd173,H4,KNOWN,KNOWN,NOT_APPLICABLE,KNOWN,KNOWN,KNOWN,KNOWN,KNOWN,KNOWN,KNOWN,KNOWN,KNOWN,KNOWN,KNOWN
477d4193e5cf48d24ce63c619434301d107094e60be151353dea406ea0886abe,H0,KNOWN,NOT_APPLICABLE,NOT_APPLICABLE,NOT_APPLICABLE,KNOWN,KNOWN,NOT_APPLICABLE,KNOWN,KNOWN,KNOWN,KNOWN,KNOWN,KNOWN,KNOWN
477d4193e5cf48d24ce63c619434301d107094e60be151353dea406ea0886abe,H1,KNOWN,NOT_APPLICABLE,KNOWN,KNOWN,KNOWN,KNOWN,NOT_APPLICABLE,KNOWN,KNOWN,KNOWN,KNOWN,KNOWN,KNOWN,KNOWN
477d4193e5cf48d24ce63c619434301d107094e60be151353dea406ea0886abe,H2,KNOWN,NOT_APPLICABLE,NOT_APPLICABLE,KNOWN,KNOWN,KNOWN,NOT_APPLICABLE,KNOWN,KNOWN,KNOWN,KNOWN,KNOWN,KNOWN,KNOWN
477d4193e5cf48d24ce63c619434301d107094e60be151353dea406ea0886abe,H3,KNOWN,NOT_APPLICABLE,NOT_APPLICABLE,KNOWN,KNOWN,KNOWN,NOT_APPLICABLE,KNOWN,KNOWN,KNOWN,KNOWN,KNOWN,KNOWN,KNOWN
477d4193e5cf48d24ce63c619434301d107094e60be151353dea406ea0886abe,H4,KNOWN,KNOWN,NOT_APPLICABLE,KNOWN,KNOWN,KNOWN,KNOWN,KNOWN,KNOWN,KNOWN,KNOWN,KNOWN,KNOWN,KNOWN
47aaac57137cfeaa51f2f3d6a932f174843a5320ba779d60fcf8d1effcc0a5f9,H0,KNOWN,NOT_APPLICABLE,NOT_APPLICABLE,NOT_APPLICABLE,KNOWN,KNOWN,NOT_APPLICABLE,KNOWN,KNOWN,KNOWN,KNOWN,KNOWN,KNOWN,KNOWN
47aaac57137cfeaa51f2f3d6a932f174843a5320ba779d60fcf8d1effcc0a5f9,H1,KNOWN,NOT_APPLICABLE,KNOWN,KNOWN,KNOWN,KNOWN,NOT_APPLICABLE,KNOWN,KNOWN,KNOWN,KNOWN,KNOWN,KNOWN,KNOWN
47aaac57137cfeaa51f2f3d6a932f174843a5320ba779d60fcf8d1effcc0a5f9,H2,KNOWN,NOT_APPLICABLE,NOT_APPLICABLE,KNOWN,KNOWN,KNOWN,NOT_APPLICABLE,KNOWN,KNOWN,KNOWN,KNOWN,KNOWN,KNOWN,KNOWN
47aaac57137cfeaa51f2f3d6a932f174843a5320ba779d60fcf8d1effcc0a5f9,H3,KNOWN,NOT_APPLICABLE,NOT_APPLICABLE,KNOWN,KNOWN,KNOWN,NOT_APPLICABLE,KNOWN,KNOWN,KNOWN,KNOWN,KNOWN,KNOWN,KNOWN
47aaac57137cfeaa51f2f3d6a932f174843a5320ba779d60fcf8d1effcc0a5f9,H4,KNOWN,KNOWN,NOT_APPLICABLE,KNOWN,KNOWN,KNOWN,KNOWN,KNOWN,KNOWN,KNOWN,KNOWN,KNOWN,KNOWN,KNOWN
47aeefe99d8121f893aac8db461e662747ab17c6d4213956976a31629d706ea8,H0,KNOWN,NOT_APPLICABLE,NOT_APPLICABLE,NOT_APPLICABLE,KNOWN,KNOWN,NOT_APPLICABLE,KNOWN,KNOWN,KNOWN,KNOWN,KNOWN,KNOWN,KNOWN
47aeefe99d8121f893aac8db461e662747ab17c6d4213956976a31629d706ea8,H1,KNOWN,NOT_APPLICABLE,KNOWN,KNOWN,KNOWN,KNOWN,NOT_APPLICABLE,KNOWN,KNOWN,KNOWN,KNOWN,KNOWN,KNOWN,KNOWN
47aeefe99d8121f893aac8db461e662747ab17c6d4213956976a31629d706ea8,H2,KNOWN,NOT_APPLICABLE,NOT_APPLICABLE,KNOWN,KNOWN,KNOWN,NOT_APPLICABLE,KNOWN,KNOWN,KNOWN,KNOWN,KNOWN,KNOWN,KNOWN
47aeefe99d8121f893aac8db461e662747ab17c6d4213956976a31629d706ea8,H3,KNOWN,NOT_APPLICABLE,NOT_APPLICABLE,KNOWN,KNOWN,KNOWN,NOT_APPLICABLE,KNOWN,KNOWN,KNOWN,KNOWN,KNOWN,KNOWN,KNOWN
47aeefe99d8121f893aac8db461e662747ab17c6d4213956976a31629d706ea8,H4,KNOWN,KNOWN,NOT_APPLICABLE,KNOWN,KNOWN,KNOWN,KNOWN,KNOWN,KNOWN,KNOWN,KNOWN,KNOWN,KNOWN,KNOWN
485e0b719aa9ef63171fa5a9da2b2bbc34eeba2c4968d8847723113a6f97d752,H0,KNOWN,NOT_APPLICABLE,NOT_APPLICABLE,NOT_APPLICABLE,KNOWN,KNOWN,NOT_APPLICABLE,KNOWN,KNOWN,KNOWN,KNOWN,KNOWN,KNOWN,KNOWN
485e0b719aa9ef63171fa5a9da2b2bbc34eeba2c4968d8847723113a6f97d752,H1,KNOWN,NOT_APPLICABLE,KNOWN,KNOWN,KNOWN,KNOWN,NOT_APPLICABLE,KNOWN,KNOWN,KNOWN,KNOWN,KNOWN,KNOWN,KNOWN
485e0b719aa9ef63171fa5a9da2b2bbc34eeba2c4968d8847723113a6f97d752,H2,KNOWN,NOT_APPLICABLE,NOT_APPLICABLE,KNOWN,KNOWN,KNOWN,NOT_APPLICABLE,KNOWN,KNOWN,KNOWN,KNOWN,KNOWN,KNOWN,KNOWN
485e0b719aa9ef63171fa5a9da2b2bbc34eeba2c4968d8847723113a6f97d752,H3,KNOWN,NOT_APPLICABLE,NOT_APPLICABLE,KNOWN,KNOWN,KNOWN,NOT_APPLICABLE,KNOWN,KNOWN,KNOWN,KNOWN,KNOWN,KNOWN,KNOWN
485e0b719aa9ef63171fa5a9da2b2bbc34eeba2c4968d8847723113a6f97d752,H4,KNOWN,KNOWN,NOT_APPLICABLE,KNOWN,KNOWN,KNOWN,KNOWN,KNOWN,KNOWN,KNOWN,KNOWN,KNOWN,KNOWN,KNOWN
499049a46957f333b0a907e73909b010b9d9dfcc2fbbb8797a36c6da040d0746,H0,KNOWN,NOT_APPLICABLE,NOT_APPLICABLE,NOT_APPLICABLE,KNOWN,KNOWN,NOT_APPLICABLE,KNOWN,KNOWN,KNOWN,KNOWN,KNOWN,KNOWN,KNOWN
499049a46957f333b0a907e73909b010b9d9dfcc2fbbb8797a36c6da040d0746,H1,KNOWN,NOT_APPLICABLE,KNOWN,KNOWN,KNOWN,KNOWN,NOT_APPLICABLE,KNOWN,KNOWN,KNOWN,KNOWN,KNOWN,KNOWN,KNOWN
499049a46957f333b0a907e73909b010b9d9dfcc2fbbb8797a36c6da040d0746,H2,KNOWN,NOT_APPLICABLE,NOT_APPLICABLE,KNOWN,KNOWN,KNOWN,NOT_APPLICABLE,KNOWN,KNOWN,KNOWN,KNOWN,KNOWN,KNOWN,KNOWN
499049a46957f333b0a907e73909b010b9d9dfcc2fbbb8797a36c6da040d0746,H3,KNOWN,NOT_APPLICABLE,NOT_APPLICABLE,KNOWN,KNOWN,KNOWN,NOT_APPLICABLE,KNOWN,KNOWN,KNOWN,KNOWN,KNOWN,KNOWN,KNOWN
499049a46957f333b0a907e73909b010b9d9dfcc2fbbb8797a36c6da040d0746,H4,KNOWN,KNOWN,NOT_APPLICABLE,KNOWN,KNOWN,KNOWN,KNOWN,KNOWN,KNOWN,KNOWN,KNOWN,KNOWN,KNOWN,KNOWN
49b6aadbd35328890b54131f7674e5aeba636eba3bc8c30d3ab95b2abf12830c,H0,KNOWN,NOT_APPLICABLE,NOT_APPLICABLE,NOT_APPLICABLE,KNOWN,KNOWN,NOT_APPLICABLE,KNOWN,KNOWN,KNOWN,KNOWN,KNOWN,KNOWN,KNOWN
49b6aadbd35328890b54131f7674e5aeba636eba3bc8c30d3ab95b2abf12830c,H1,KNOWN,NOT_APPLICABLE,KNOWN,KNOWN,KNOWN,KNOWN,NOT_APPLICABLE,KNOWN,KNOWN,KNOWN,KNOWN,KNOWN,KNOWN,KNOWN
49b6aadbd35328890b54131f7674e5aeba636eba3bc8c30d3ab95b2abf12830c,H2,KNOWN,NOT_APPLICABLE,NOT_APPLICABLE,KNOWN,KNOWN,KNOWN,NOT_APPLICABLE,KNOWN,KNOWN,KNOWN,KNOWN,KNOWN,KNOWN,KNOWN
49b6aadbd35328890b54131f7674e5aeba636eba3bc8c30d3ab95b2abf12830c,H3,KNOWN,NOT_APPLICABLE,NOT_APPLICABLE,KNOWN,KNOWN,KNOWN,NOT_APPLICABLE,KNOWN,KNOWN,KNOWN,KNOWN,KNOWN,KNOWN,KNOWN
49b6aadbd35328890b54131f7674e5aeba636eba3bc8c30d3ab95b2abf12830c,H4,KNOWN,KNOWN,NOT_APPLICABLE,KNOWN,KNOWN,KNOWN,KNOWN,KNOWN,KNOWN,KNOWN,KNOWN,KNOWN,KNOWN,KNOWN
4b62a0a92aba2f1d09268b10e729ab9350a8b8ac426adc9a78376b7ec4c51d95,H0,KNOWN,NOT_APPLICABLE,NOT_APPLICABLE,NOT_APPLICABLE,KNOWN,KNOWN,NOT_APPLICABLE,KNOWN,KNOWN,KNOWN,KNOWN,KNOWN,KNOWN,KNOWN
4b62a0a92aba2f1d09268b10e729ab9350a8b8ac426adc9a78376b7ec4c51d95,H1,KNOWN,NOT_APPLICABLE,KNOWN,KNOWN,KNOWN,KNOWN,NOT_APPLICABLE,KNOWN,KNOWN,KNOWN,KNOWN,KNOWN,KNOWN,KNOWN
4b62a0a92aba2f1d09268b10e729ab9350a8b8ac426adc9a78376b7ec4c51d95,H2,KNOWN,NOT_APPLICABLE,NOT_APPLICABLE,KNOWN,KNOWN,KNOWN,NOT_APPLICABLE,KNOWN,KNOWN,KNOWN,KNOWN,KNOWN,KNOWN,KNOWN
4b62a0a92aba2f1d09268b10e729ab9350a8b8ac426adc9a78376b7ec4c51d95,H3,KNOWN,NOT_APPLICABLE,NOT_APPLICABLE,KNOWN,KNOWN,KNOWN,NOT_APPLICABLE,KNOWN,KNOWN,KNOWN,KNOWN,KNOWN,KNOWN,KNOWN
4b62a0a92aba2f1d09268b10e729ab9350a8b8ac426adc9a78376b7ec4c51d95,H4,KNOWN,KNOWN,NOT_APPLICABLE,KNOWN,KNOWN,KNOWN,KNOWN,KNOWN,KNOWN,KNOWN,KNOWN,KNOWN,KNOWN,KNOWN
4b826a44f455648d2f69ebcf0dc3643c118db5bf3217084be50ed4657dd54b9d,H0,KNOWN,NOT_APPLICABLE,NOT_APPLICABLE,NOT_APPLICABLE,KNOWN,KNOWN,NOT_APPLICABLE,KNOWN,KNOWN,KNOWN,KNOWN,KNOWN,KNOWN,KNOWN
4b826a44f455648d2f69ebcf0dc3643c118db5bf3217084be50ed4657dd54b9d,H1,KNOWN,NOT_APPLICABLE,KNOWN,KNOWN,KNOWN,KNOWN,NOT_APPLICABLE,KNOWN,KNOWN,KNOWN,KNOWN,KNOWN,KNOWN,KNOWN
4b826a44f455648d2f69ebcf0dc3643c118db5bf3217084be50ed4657dd54b9d,H2,KNOWN,NOT_APPLICABLE,NOT_APPLICABLE,KNOWN,KNOWN,KNOWN,NOT_APPLICABLE,KNOWN,KNOWN,KNOWN,KNOWN,KNOWN,KNOWN,KNOWN
4b826a44f455648d2f69ebcf0dc3643c118db5bf3217084be50ed4657dd54b9d,H3,KNOWN,NOT_APPLICABLE,NOT_APPLICABLE,KNOWN,KNOWN,KNOWN,NOT_APPLICABLE,KNOWN,KNOWN,KNOWN,KNOWN,KNOWN,KNOWN,KNOWN
4b826a44f455648d2f69ebcf0dc3643c118db5bf3217084be50ed4657dd54b9d,H4,KNOWN,KNOWN,NOT_APPLICABLE,KNOWN,KNOWN,KNOWN,KNOWN,KNOWN,KNOWN,KNOWN,KNOWN,KNOWN,KNOWN,KNOWN
4c5a7e15f7f8feccd7204330a9683df015160df2d4aebd9867bce8138b6857b4,H0,KNOWN,NOT_APPLICABLE,NOT_APPLICABLE,NOT_APPLICABLE,KNOWN,KNOWN,NOT_APPLICABLE,KNOWN,KNOWN,KNOWN,KNOWN,KNOWN,KNOWN,KNOWN
4c5a7e15f7f8feccd7204330a9683df015160df2d4aebd9867bce8138b6857b4,H1,KNOWN,NOT_APPLICABLE,KNOWN,KNOWN,KNOWN,KNOWN,NOT_APPLICABLE,KNOWN,KNOWN,KNOWN,KNOWN,KNOWN,KNOWN,KNOWN
4c5a7e15f7f8feccd7204330a9683df015160df2d4aebd9867bce8138b6857b4,H2,KNOWN,NOT_APPLICABLE,NOT_APPLICABLE,KNOWN,KNOWN,KNOWN,NOT_APPLICABLE,KNOWN,KNOWN,KNOWN,KNOWN,KNOWN,KNOWN,KNOWN
4c5a7e15f7f8feccd7204330a9683df015160df2d4aebd9867bce8138b6857b4,H3,KNOWN,NOT_APPLICABLE,NOT_APPLICABLE,KNOWN,KNOWN,KNOWN,NOT_APPLICABLE,KNOWN,KNOWN,KNOWN,KNOWN,KNOWN,KNOWN,KNOWN
4c5a7e15f7f8feccd7204330a9683df015160df2d4aebd9867bce8138b6857b4,H4,KNOWN,KNOWN,NOT_APPLICABLE,KNOWN,KNOWN,KNOWN,KNOWN,KNOWN,KNOWN,KNOWN,KNOWN,KNOWN,KNOWN,KNOWN
4d7cc1e0abffb84e63a7dd815adec78629f6fbb9186bf77681c46a756eafa8b7,H0,KNOWN,NOT_APPLICABLE,NOT_APPLICABLE,NOT_APPLICABLE,KNOWN,KNOWN,NOT_APPLICABLE,KNOWN,KNOWN,KNOWN,KNOWN,KNOWN,KNOWN,KNOWN
4d7cc1e0abffb84e63a7dd815adec78629f6fbb9186bf77681c46a756eafa8b7,H1,KNOWN,NOT_APPLICABLE,KNOWN,KNOWN,KNOWN,KNOWN,NOT_APPLICABLE,KNOWN,KNOWN,KNOWN,KNOWN,KNOWN,KNOWN,KNOWN
4d7cc1e0abffb84e63a7dd815adec78629f6fbb9186bf77681c46a756eafa8b7,H2,KNOWN,NOT_APPLICABLE,NOT_APPLICABLE,KNOWN,KNOWN,KNOWN,NOT_APPLICABLE,KNOWN,KNOWN,KNOWN,KNOWN,KNOWN,KNOWN,KNOWN
4d7cc1e0abffb84e63a7dd815adec78629f6fbb9186bf77681c46a756eafa8b7,H3,KNOWN,NOT_APPLICABLE,NOT_APPLICABLE,KNOWN,KNOWN,KNOWN,NOT_APPLICABLE,KNOWN,KNOWN,KNOWN,KNOWN,KNOWN,KNOWN,KNOWN
4d7cc1e0abffb84e63a7dd815adec78629f6fbb9186bf77681c46a756eafa8b7,H4,KNOWN,KNOWN,NOT_APPLICABLE,KNOWN,KNOWN,KNOWN,KNOWN,KNOWN,KNOWN,KNOWN,KNOWN,KNOWN,KNOWN,KNOWN
4dfad23125c9827e87678c5e6c79986b9c66c422ec8547a3f94cb1ae28ab212b,H0,KNOWN,NOT_APPLICABLE,NOT_APPLICABLE,NOT_APPLICABLE,KNOWN,KNOWN,NOT_APPLICABLE,KNOWN,KNOWN,KNOWN,KNOWN,KNOWN,KNOWN,KNOWN
4dfad23125c9827e87678c5e6c79986b9c66c422ec8547a3f94cb1ae28ab212b,H1,KNOWN,NOT_APPLICABLE,KNOWN,KNOWN,KNOWN,KNOWN,NOT_APPLICABLE,KNOWN,KNOWN,KNOWN,KNOWN,KNOWN,KNOWN,KNOWN
4dfad23125c9827e87678c5e6c79986b9c66c422ec8547a3f94cb1ae28ab212b,H2,KNOWN,NOT_APPLICABLE,NOT_APPLICABLE,KNOWN,KNOWN,KNOWN,NOT_APPLICABLE,KNOWN,KNOWN,KNOWN,KNOWN,KNOWN,KNOWN,KNOWN
4dfad23125c9827e87678c5e6c79986b9c66c422ec8547a3f94cb1ae28ab212b,H3,KNOWN,NOT_APPLICABLE,NOT_APPLICABLE,KNOWN,KNOWN,KNOWN,NOT_APPLICABLE,KNOWN,KNOWN,KNOWN,KNOWN,KNOWN,KNOWN,KNOWN
4dfad23125c9827e87678c5e6c79986b9c66c422ec8547a3f94cb1ae28ab212b,H4,KNOWN,KNOWN,NOT_APPLICABLE,KNOWN,KNOWN,KNOWN,KNOWN,KNOWN,KNOWN,KNOWN,KNOWN,KNOWN,KNOWN,KNOWN
4e4b1e9fec00174dde8ee5f1632865fbe48e57e02b09ef206eb0b84054399d71,H0,KNOWN,NOT_APPLICABLE,NOT_APPLICABLE,NOT_APPLICABLE,KNOWN,KNOWN,NOT_APPLICABLE,KNOWN,KNOWN,KNOWN,KNOWN,KNOWN,KNOWN,KNOWN
4e4b1e9fec00174dde8ee5f1632865fbe48e57e02b09ef206eb0b84054399d71,H1,KNOWN,NOT_APPLICABLE,KNOWN,KNOWN,KNOWN,KNOWN,NOT_APPLICABLE,KNOWN,KNOWN,KNOWN,KNOWN,KNOWN,KNOWN,KNOWN
4e4b1e9fec00174dde8ee5f1632865fbe48e57e02b09ef206eb0b84054399d71,H2,KNOWN,NOT_APPLICABLE,NOT_APPLICABLE,KNOWN,KNOWN,KNOWN,NOT_APPLICABLE,KNOWN,KNOWN,KNOWN,KNOWN,KNOWN,KNOWN,KNOWN
4e4b1e9fec00174dde8ee5f1632865fbe48e57e02b09ef206eb0b84054399d71,H3,KNOWN,NOT_APPLICABLE,NOT_APPLICABLE,KNOWN,KNOWN,KNOWN,NOT_APPLICABLE,KNOWN,KNOWN,KNOWN,KNOWN,KNOWN,KNOWN,KNOWN
4e4b1e9fec00174dde8ee5f1632865fbe48e57e02b09ef206eb0b84054399d71,H4,KNOWN,KNOWN,NOT_APPLICABLE,KNOWN,KNOWN,KNOWN,KNOWN,KNOWN,KNOWN,KNOWN,KNOWN,KNOWN,KNOWN,KNOWN
4e9e64ce93c96dabe8c92dc99e576811469c2a5b27f7346b1653e682573531b9,H0,KNOWN,NOT_APPLICABLE,NOT_APPLICABLE,NOT_APPLICABLE,KNOWN,KNOWN,NOT_APPLICABLE,KNOWN,KNOWN,KNOWN,KNOWN,KNOWN,KNOWN,KNOWN
4e9e64ce93c96dabe8c92dc99e576811469c2a5b27f7346b1653e682573531b9,H1,KNOWN,NOT_APPLICABLE,KNOWN,KNOWN,KNOWN,KNOWN,NOT_APPLICABLE,KNOWN,KNOWN,KNOWN,KNOWN,KNOWN,KNOWN,KNOWN
4e9e64ce93c96dabe8c92dc99e576811469c2a5b27f7346b1653e682573531b9,H2,KNOWN,NOT_APPLICABLE,NOT_APPLICABLE,KNOWN,KNOWN,KNOWN,NOT_APPLICABLE,KNOWN,KNOWN,KNOWN,KNOWN,KNOWN,KNOWN,KNOWN
4e9e64ce93c96dabe8c92dc99e576811469c2a5b27f7346b1653e682573531b9,H3,KNOWN,NOT_APPLICABLE,NOT_APPLICABLE,KNOWN,KNOWN,KNOWN,NOT_APPLICABLE,KNOWN,KNOWN,KNOWN,KNOWN,KNOWN,KNOWN,KNOWN
4e9e64ce93c96dabe8c92dc99e576811469c2a5b27f7346b1653e682573531b9,H4,KNOWN,KNOWN,NOT_APPLICABLE,KNOWN,KNOWN,KNOWN,KNOWN,KNOWN,KNOWN,KNOWN,KNOWN,KNOWN,KNOWN,KNOWN
4e9f0007964bf4cf45c05402a1ec40066f154635c8fbc5983b3f6d2ae09657bb,H0,KNOWN,NOT_APPLICABLE,NOT_APPLICABLE,NOT_APPLICABLE,KNOWN,KNOWN,NOT_APPLICABLE,KNOWN,KNOWN,KNOWN,KNOWN,KNOWN,KNOWN,KNOWN
4e9f0007964bf4cf45c05402a1ec40066f154635c8fbc5983b3f6d2ae09657bb,H1,KNOWN,NOT_APPLICABLE,KNOWN,KNOWN,KNOWN,KNOWN,NOT_APPLICABLE,KNOWN,KNOWN,KNOWN,KNOWN,KNOWN,KNOWN,KNOWN
4e9f0007964bf4cf45c05402a1ec40066f154635c8fbc5983b3f6d2ae09657bb,H2,KNOWN,NOT_APPLICABLE,NOT_APPLICABLE,KNOWN,KNOWN,KNOWN,NOT_APPLICABLE,KNOWN,KNOWN,KNOWN,KNOWN,KNOWN,KNOWN,KNOWN
4e9f0007964bf4cf45c05402a1ec40066f154635c8fbc5983b3f6d2ae09657bb,H3,KNOWN,NOT_APPLICABLE,NOT_APPLICABLE,KNOWN,KNOWN,KNOWN,NOT_APPLICABLE,KNOWN,KNOWN,KNOWN,KNOWN,KNOWN,KNOWN,KNOWN
4e9f0007964bf4cf45c05402a1ec40066f154635c8fbc5983b3f6d2ae09657bb,H4,KNOWN,KNOWN,NOT_APPLICABLE,KNOWN,KNOWN,KNOWN,KNOWN,KNOWN,KNOWN,KNOWN,KNOWN,KNOWN,KNOWN,KNOWN
4ea88ea74c31dfb4705eabd58b1f8fa6c0f19b7c7e93fd74eaed18d654bfeff5,H0,KNOWN,NOT_APPLICABLE,NOT_APPLICABLE,NOT_APPLICABLE,KNOWN,KNOWN,NOT_APPLICABLE,KNOWN,KNOWN,KNOWN,KNOWN,KNOWN,KNOWN,KNOWN
4ea88ea74c31dfb4705eabd58b1f8fa6c0f19b7c7e93fd74eaed18d654bfeff5,H1,KNOWN,NOT_APPLICABLE,KNOWN,KNOWN,KNOWN,KNOWN,NOT_APPLICABLE,KNOWN,KNOWN,KNOWN,KNOWN,KNOWN,KNOWN,KNOWN
4ea88ea74c31dfb4705eabd58b1f8fa6c0f19b7c7e93fd74eaed18d654bfeff5,H2,KNOWN,NOT_APPLICABLE,NOT_APPLICABLE,KNOWN,KNOWN,KNOWN,NOT_APPLICABLE,KNOWN,KNOWN,KNOWN,KNOWN,KNOWN,KNOWN,KNOWN
4ea88ea74c31dfb4705eabd58b1f8fa6c0f19b7c7e93fd74eaed18d654bfeff5,H3,KNOWN,NOT_APPLICABLE,NOT_APPLICABLE,KNOWN,KNOWN,KNOWN,NOT_APPLICABLE,KNOWN,KNOWN,KNOWN,KNOWN,KNOWN,KNOWN,KNOWN
4ea88ea74c31dfb4705eabd58b1f8fa6c0f19b7c7e93fd74eaed18d654bfeff5,H4,KNOWN,KNOWN,NOT_APPLICABLE,KNOWN,KNOWN,KNOWN,KNOWN,KNOWN,KNOWN,KNOWN,KNOWN,KNOWN,KNOWN,KNOWN
4f6818ef7f601be48949040636a77b681ac39e8b976f3f6c7f29861ccc7fc609,H0,KNOWN,NOT_APPLICABLE,NOT_APPLICABLE,NOT_APPLICABLE,KNOWN,KNOWN,NOT_APPLICABLE,KNOWN,KNOWN,KNOWN,KNOWN,KNOWN,KNOWN,KNOWN
4f6818ef7f601be48949040636a77b681ac39e8b976f3f6c7f29861ccc7fc609,H1,KNOWN,NOT_APPLICABLE,KNOWN,KNOWN,KNOWN,KNOWN,NOT_APPLICABLE,KNOWN,KNOWN,KNOWN,KNOWN,KNOWN,KNOWN,KNOWN
4f6818ef7f601be48949040636a77b681ac39e8b976f3f6c7f29861ccc7fc609,H2,KNOWN,NOT_APPLICABLE,NOT_APPLICABLE,KNOWN,KNOWN,KNOWN,NOT_APPLICABLE,KNOWN,KNOWN,KNOWN,KNOWN,KNOWN,KNOWN,KNOWN
4f6818ef7f601be48949040636a77b681ac39e8b976f3f6c7f29861ccc7fc609,H3,KNOWN,NOT_APPLICABLE,NOT_APPLICABLE,KNOWN,KNOWN,KNOWN,NOT_APPLICABLE,KNOWN,KNOWN,KNOWN,KNOWN,KNOWN,KNOWN,KNOWN
4f6818ef7f601be48949040636a77b681ac39e8b976f3f6c7f29861ccc7fc609,H4,KNOWN,KNOWN,NOT_APPLICABLE,KNOWN,KNOWN,KNOWN,KNOWN,KNOWN,KNOWN,KNOWN,KNOWN,KNOWN,KNOWN,KNOWN
508e05b37bdb9812e0ddf1f0113538b0d684de7fcc78901175e60121154504cd,H0,KNOWN,NOT_APPLICABLE,NOT_APPLICABLE,NOT_APPLICABLE,KNOWN,KNOWN,NOT_APPLICABLE,KNOWN,KNOWN,KNOWN,KNOWN,KNOWN,KNOWN,KNOWN
508e05b37bdb9812e0ddf1f0113538b0d684de7fcc78901175e60121154504cd,H1,KNOWN,NOT_APPLICABLE,KNOWN,KNOWN,KNOWN,KNOWN,NOT_APPLICABLE,KNOWN,KNOWN,KNOWN,KNOWN,KNOWN,KNOWN,KNOWN
508e05b37bdb9812e0ddf1f0113538b0d684de7fcc78901175e60121154504cd,H2,KNOWN,NOT_APPLICABLE,NOT_APPLICABLE,KNOWN,KNOWN,KNOWN,NOT_APPLICABLE,KNOWN,KNOWN,KNOWN,KNOWN,KNOWN,KNOWN,KNOWN
508e05b37bdb9812e0ddf1f0113538b0d684de7fcc78901175e60121154504cd,H3,KNOWN,NOT_APPLICABLE,NOT_APPLICABLE,KNOWN,KNOWN,KNOWN,NOT_APPLICABLE,KNOWN,KNOWN,KNOWN,KNOWN,KNOWN,KNOWN,KNOWN
508e05b37bdb9812e0ddf1f0113538b0d684de7fcc78901175e60121154504cd,H4,KNOWN,KNOWN,NOT_APPLICABLE,KNOWN,KNOWN,KNOWN,KNOWN,KNOWN,KNOWN,KNOWN,KNOWN,KNOWN,KNOWN,KNOWN
512a786ff7c82deb2faea2103d96aaec6f1c40ec667fb89e46ea2056a4ec3976,H0,KNOWN,NOT_APPLICABLE,NOT_APPLICABLE,NOT_APPLICABLE,KNOWN,KNOWN,NOT_APPLICABLE,KNOWN,KNOWN,KNOWN,KNOWN,KNOWN,KNOWN,KNOWN
512a786ff7c82deb2faea2103d96aaec6f1c40ec667fb89e46ea2056a4ec3976,H1,KNOWN,NOT_APPLICABLE,KNOWN,KNOWN,KNOWN,KNOWN,NOT_APPLICABLE,KNOWN,KNOWN,KNOWN,KNOWN,KNOWN,KNOWN,KNOWN
512a786ff7c82deb2faea2103d96aaec6f1c40ec667fb89e46ea2056a4ec3976,H2,KNOWN,NOT_APPLICABLE,NOT_APPLICABLE,KNOWN,KNOWN,KNOWN,NOT_APPLICABLE,KNOWN,KNOWN,KNOWN,KNOWN,KNOWN,KNOWN,KNOWN
512a786ff7c82deb2faea2103d96aaec6f1c40ec667fb89e46ea2056a4ec3976,H3,KNOWN,NOT_APPLICABLE,NOT_APPLICABLE,KNOWN,KNOWN,KNOWN,NOT_APPLICABLE,KNOWN,KNOWN,KNOWN,KNOWN,KNOWN,KNOWN,KNOWN
512a786ff7c82deb2faea2103d96aaec6f1c40ec667fb89e46ea2056a4ec3976,H4,KNOWN,KNOWN,NOT_APPLICABLE,KNOWN,KNOWN,KNOWN,KNOWN,KNOWN,KNOWN,KNOWN,KNOWN,KNOWN,KNOWN,KNOWN
51cfe4c222a1c2163de7729f438081a13a7daeec2cdfcade67c54c8a61666a7a,H0,KNOWN,NOT_APPLICABLE,NOT_APPLICABLE,NOT_APPLICABLE,KNOWN,KNOWN,NOT_APPLICABLE,KNOWN,KNOWN,KNOWN,KNOWN,KNOWN,KNOWN,KNOWN
51cfe4c222a1c2163de7729f438081a13a7daeec2cdfcade67c54c8a61666a7a,H1,KNOWN,NOT_APPLICABLE,KNOWN,KNOWN,KNOWN,KNOWN,NOT_APPLICABLE,KNOWN,KNOWN,KNOWN,KNOWN,KNOWN,KNOWN,KNOWN
51cfe4c222a1c2163de7729f438081a13a7daeec2cdfcade67c54c8a61666a7a,H2,KNOWN,NOT_APPLICABLE,NOT_APPLICABLE,KNOWN,KNOWN,KNOWN,NOT_APPLICABLE,KNOWN,KNOWN,KNOWN,KNOWN,KNOWN,KNOWN,KNOWN
51cfe4c222a1c2163de7729f438081a13a7daeec2cdfcade67c54c8a61666a7a,H3,KNOWN,NOT_APPLICABLE,NOT_APPLICABLE,KNOWN,KNOWN,KNOWN,NOT_APPLICABLE,KNOWN,KNOWN,KNOWN,KNOWN,KNOWN,KNOWN,KNOWN
51cfe4c222a1c2163de7729f438081a13a7daeec2cdfcade67c54c8a61666a7a,H4,KNOWN,KNOWN,NOT_APPLICABLE,KNOWN,KNOWN,KNOWN,KNOWN,KNOWN,KNOWN,KNOWN,KNOWN,KNOWN,KNOWN,KNOWN
53672ac14c6d1f8f3477fe2f3066246dffa3c4d4bd6e227bd2118d7d705ababa,H0,KNOWN,NOT_APPLICABLE,NOT_APPLICABLE,NOT_APPLICABLE,KNOWN,KNOWN,NOT_APPLICABLE,KNOWN,KNOWN,KNOWN,KNOWN,KNOWN,KNOWN,KNOWN
53672ac14c6d1f8f3477fe2f3066246dffa3c4d4bd6e227bd2118d7d705ababa,H1,KNOWN,NOT_APPLICABLE,KNOWN,KNOWN,KNOWN,KNOWN,NOT_APPLICABLE,KNOWN,KNOWN,KNOWN,KNOWN,KNOWN,KNOWN,KNOWN
53672ac14c6d1f8f3477fe2f3066246dffa3c4d4bd6e227bd2118d7d705ababa,H2,KNOWN,NOT_APPLICABLE,NOT_APPLICABLE,KNOWN,KNOWN,KNOWN,NOT_APPLICABLE,KNOWN,KNOWN,KNOWN,KNOWN,KNOWN,KNOWN,KNOWN
53672ac14c6d1f8f3477fe2f3066246dffa3c4d4bd6e227bd2118d7d705ababa,H3,KNOWN,NOT_APPLICABLE,NOT_APPLICABLE,KNOWN,KNOWN,KNOWN,NOT_APPLICABLE,KNOWN,KNOWN,KNOWN,KNOWN,KNOWN,KNOWN,KNOWN
53672ac14c6d1f8f3477fe2f3066246dffa3c4d4bd6e227bd2118d7d705ababa,H4,KNOWN,KNOWN,NOT_APPLICABLE,KNOWN,KNOWN,KNOWN,KNOWN,KNOWN,KNOWN,KNOWN,KNOWN,KNOWN,KNOWN,KNOWN
53d066a1f7ca062e95a52e26ac70cc6fbeaf0f627be1fe7eef7800d9cd50cc25,H0,KNOWN,NOT_APPLICABLE,NOT_APPLICABLE,NOT_APPLICABLE,KNOWN,KNOWN,NOT_APPLICABLE,KNOWN,KNOWN,KNOWN,KNOWN,KNOWN,KNOWN,KNOWN
53d066a1f7ca062e95a52e26ac70cc6fbeaf0f627be1fe7eef7800d9cd50cc25,H1,KNOWN,NOT_APPLICABLE,KNOWN,KNOWN,KNOWN,KNOWN,NOT_APPLICABLE,KNOWN,KNOWN,KNOWN,KNOWN,KNOWN,KNOWN,KNOWN
53d066a1f7ca062e95a52e26ac70cc6fbeaf0f627be1fe7eef7800d9cd50cc25,H2,KNOWN,NOT_APPLICABLE,NOT_APPLICABLE,KNOWN,KNOWN,KNOWN,NOT_APPLICABLE,KNOWN,KNOWN,KNOWN,KNOWN,KNOWN,KNOWN,KNOWN
53d066a1f7ca062e95a52e26ac70cc6fbeaf0f627be1fe7eef7800d9cd50cc25,H3,KNOWN,NOT_APPLICABLE,NOT_APPLICABLE,KNOWN,KNOWN,KNOWN,NOT_APPLICABLE,KNOWN,KNOWN,KNOWN,KNOWN,KNOWN,KNOWN,KNOWN
53d066a1f7ca062e95a52e26ac70cc6fbeaf0f627be1fe7eef7800d9cd50cc25,H4,KNOWN,KNOWN,NOT_APPLICABLE,KNOWN,KNOWN,KNOWN,KNOWN,KNOWN,KNOWN,KNOWN,KNOWN,KNOWN,KNOWN,KNOWN
5613d6b9bcd76a454999eb6b55b2c980c7d80a31899117c92a6d15c54e955851,H0,KNOWN,NOT_APPLICABLE,NOT_APPLICABLE,NOT_APPLICABLE,KNOWN,KNOWN,NOT_APPLICABLE,KNOWN,KNOWN,KNOWN,KNOWN,KNOWN,KNOWN,KNOWN
5613d6b9bcd76a454999eb6b55b2c980c7d80a31899117c92a6d15c54e955851,H1,KNOWN,NOT_APPLICABLE,KNOWN,KNOWN,KNOWN,KNOWN,NOT_APPLICABLE,KNOWN,KNOWN,KNOWN,KNOWN,KNOWN,KNOWN,KNOWN
5613d6b9bcd76a454999eb6b55b2c980c7d80a31899117c92a6d15c54e955851,H2,KNOWN,NOT_APPLICABLE,NOT_APPLICABLE,KNOWN,KNOWN,KNOWN,NOT_APPLICABLE,KNOWN,KNOWN,KNOWN,KNOWN,KNOWN,KNOWN,KNOWN
5613d6b9bcd76a454999eb6b55b2c980c7d80a31899117c92a6d15c54e955851,H3,KNOWN,NOT_APPLICABLE,NOT_APPLICABLE,KNOWN,KNOWN,KNOWN,NOT_APPLICABLE,KNOWN,KNOWN,KNOWN,KNOWN,KNOWN,KNOWN,KNOWN
5613d6b9bcd76a454999eb6b55b2c980c7d80a31899117c92a6d15c54e955851,H4,KNOWN,KNOWN,NOT_APPLICABLE,KNOWN,KNOWN,KNOWN,KNOWN,KNOWN,KNOWN,KNOWN,KNOWN,KNOWN,KNOWN,KNOWN
5615175154648d607de146c144558fe18afed0df81d9416e6466c388928da40e,H0,KNOWN,NOT_APPLICABLE,NOT_APPLICABLE,NOT_APPLICABLE,KNOWN,KNOWN,NOT_APPLICABLE,KNOWN,KNOWN,KNOWN,KNOWN,KNOWN,KNOWN,KNOWN
5615175154648d607de146c144558fe18afed0df81d9416e6466c388928da40e,H1,KNOWN,NOT_APPLICABLE,KNOWN,KNOWN,KNOWN,KNOWN,NOT_APPLICABLE,KNOWN,KNOWN,KNOWN,KNOWN,KNOWN,KNOWN,KNOWN
5615175154648d607de146c144558fe18afed0df81d9416e6466c388928da40e,H2,KNOWN,NOT_APPLICABLE,NOT_APPLICABLE,KNOWN,KNOWN,KNOWN,NOT_APPLICABLE,KNOWN,KNOWN,KNOWN,KNOWN,KNOWN,KNOWN,KNOWN
5615175154648d607de146c144558fe18afed0df81d9416e6466c388928da40e,H3,KNOWN,NOT_APPLICABLE,NOT_APPLICABLE,KNOWN,KNOWN,KNOWN,NOT_APPLICABLE,KNOWN,KNOWN,KNOWN,KNOWN,KNOWN,KNOWN,KNOWN
5615175154648d607de146c144558fe18afed0df81d9416e6466c388928da40e,H4,KNOWN,KNOWN,NOT_APPLICABLE,KNOWN,KNOWN,KNOWN,KNOWN,KNOWN,KNOWN,KNOWN,KNOWN,KNOWN,KNOWN,KNOWN
579341567a9113e064712c8c9fb834b4093e98057c46754a21f674e3d68acfbb,H0,KNOWN,NOT_APPLICABLE,NOT_APPLICABLE,NOT_APPLICABLE,KNOWN,KNOWN,NOT_APPLICABLE,KNOWN,KNOWN,KNOWN,KNOWN,KNOWN,KNOWN,KNOWN
579341567a9113e064712c8c9fb834b4093e98057c46754a21f674e3d68acfbb,H1,KNOWN,NOT_APPLICABLE,KNOWN,KNOWN,KNOWN,KNOWN,NOT_APPLICABLE,KNOWN,KNOWN,KNOWN,KNOWN,KNOWN,KNOWN,KNOWN
579341567a9113e064712c8c9fb834b4093e98057c46754a21f674e3d68acfbb,H2,KNOWN,NOT_APPLICABLE,NOT_APPLICABLE,KNOWN,KNOWN,KNOWN,NOT_APPLICABLE,KNOWN,KNOWN,KNOWN,KNOWN,KNOWN,KNOWN,KNOWN
579341567a9113e064712c8c9fb834b4093e98057c46754a21f674e3d68acfbb,H3,KNOWN,NOT_APPLICABLE,NOT_APPLICABLE,KNOWN,KNOWN,KNOWN,NOT_APPLICABLE,KNOWN,KNOWN,KNOWN,KNOWN,KNOWN,KNOWN,KNOWN
579341567a9113e064712c8c9fb834b4093e98057c46754a21f674e3d68acfbb,H4,KNOWN,KNOWN,NOT_APPLICABLE,KNOWN,KNOWN,KNOWN,KNOWN,KNOWN,KNOWN,KNOWN,KNOWN,KNOWN,KNOWN,KNOWN
580c3b870b7d2d7c4a0ebc67cbfc85bb4225b36db7b66d712fd5dd8f4f90df2e,H0,KNOWN,NOT_APPLICABLE,NOT_APPLICABLE,NOT_APPLICABLE,KNOWN,KNOWN,NOT_APPLICABLE,KNOWN,KNOWN,KNOWN,KNOWN,KNOWN,KNOWN,KNOWN
580c3b870b7d2d7c4a0ebc67cbfc85bb4225b36db7b66d712fd5dd8f4f90df2e,H1,KNOWN,NOT_APPLICABLE,KNOWN,KNOWN,KNOWN,KNOWN,NOT_APPLICABLE,KNOWN,KNOWN,KNOWN,KNOWN,KNOWN,KNOWN,KNOWN
580c3b870b7d2d7c4a0ebc67cbfc85bb4225b36db7b66d712fd5dd8f4f90df2e,H2,KNOWN,NOT_APPLICABLE,NOT_APPLICABLE,KNOWN,KNOWN,KNOWN,NOT_APPLICABLE,KNOWN,KNOWN,KNOWN,KNOWN,KNOWN,KNOWN,KNOWN
580c3b870b7d2d7c4a0ebc67cbfc85bb4225b36db7b66d712fd5dd8f4f90df2e,H3,KNOWN,NOT_APPLICABLE,NOT_APPLICABLE,KNOWN,KNOWN,KNOWN,NOT_APPLICABLE,KNOWN,KNOWN,KNOWN,KNOWN,KNOWN,KNOWN,KNOWN
580c3b870b7d2d7c4a0ebc67cbfc85bb4225b36db7b66d712fd5dd8f4f90df2e,H4,KNOWN,KNOWN,NOT_APPLICABLE,KNOWN,KNOWN,KNOWN,KNOWN,KNOWN,KNOWN,KNOWN,KNOWN,KNOWN,KNOWN,KNOWN
583f29836fd5fb7090276f9fa7482ee3734b90ae597b87795eaf7804c6fd87f8,H0,KNOWN,NOT_APPLICABLE,NOT_APPLICABLE,NOT_APPLICABLE,KNOWN,KNOWN,NOT_APPLICABLE,KNOWN,KNOWN,KNOWN,KNOWN,KNOWN,KNOWN,KNOWN
583f29836fd5fb7090276f9fa7482ee3734b90ae597b87795eaf7804c6fd87f8,H1,KNOWN,NOT_APPLICABLE,KNOWN,KNOWN,KNOWN,KNOWN,NOT_APPLICABLE,KNOWN,KNOWN,KNOWN,KNOWN,KNOWN,KNOWN,KNOWN
583f29836fd5fb7090276f9fa7482ee3734b90ae597b87795eaf7804c6fd87f8,H2,KNOWN,NOT_APPLICABLE,NOT_APPLICABLE,KNOWN,KNOWN,KNOWN,NOT_APPLICABLE,KNOWN,KNOWN,KNOWN,KNOWN,KNOWN,KNOWN,KNOWN
583f29836fd5fb7090276f9fa7482ee3734b90ae597b87795eaf7804c6fd87f8,H3,KNOWN,NOT_APPLICABLE,NOT_APPLICABLE,KNOWN,KNOWN,KNOWN,NOT_APPLICABLE,KNOWN,KNOWN,KNOWN,KNOWN,KNOWN,KNOWN,KNOWN
583f29836fd5fb7090276f9fa7482ee3734b90ae597b87795eaf7804c6fd87f8,H4,KNOWN,KNOWN,NOT_APPLICABLE,KNOWN,KNOWN,KNOWN,KNOWN,KNOWN,KNOWN,KNOWN,KNOWN,KNOWN,KNOWN,KNOWN
584b17a2f57def2ab855eced7dce4428fdd9a5da5754943b2c5cd8098dc1cc85,H0,KNOWN,NOT_APPLICABLE,NOT_APPLICABLE,NOT_APPLICABLE,KNOWN,KNOWN,NOT_APPLICABLE,KNOWN,KNOWN,KNOWN,KNOWN,KNOWN,KNOWN,KNOWN
584b17a2f57def2ab855eced7dce4428fdd9a5da5754943b2c5cd8098dc1cc85,H1,KNOWN,NOT_APPLICABLE,KNOWN,KNOWN,KNOWN,KNOWN,NOT_APPLICABLE,KNOWN,KNOWN,KNOWN,KNOWN,KNOWN,KNOWN,KNOWN
584b17a2f57def2ab855eced7dce4428fdd9a5da5754943b2c5cd8098dc1cc85,H2,KNOWN,NOT_APPLICABLE,NOT_APPLICABLE,KNOWN,KNOWN,KNOWN,NOT_APPLICABLE,KNOWN,KNOWN,KNOWN,KNOWN,KNOWN,KNOWN,KNOWN
584b17a2f57def2ab855eced7dce4428fdd9a5da5754943b2c5cd8098dc1cc85,H3,KNOWN,NOT_APPLICABLE,NOT_APPLICABLE,KNOWN,KNOWN,KNOWN,NOT_APPLICABLE,KNOWN,KNOWN,KNOWN,KNOWN,KNOWN,KNOWN,KNOWN
584b17a2f57def2ab855eced7dce4428fdd9a5da5754943b2c5cd8098dc1cc85,H4,KNOWN,KNOWN,NOT_APPLICABLE,KNOWN,KNOWN,KNOWN,KNOWN,KNOWN,KNOWN,KNOWN,KNOWN,KNOWN,KNOWN,KNOWN
5a303ac56d50375b6911b4cf1ead530bf2072d690027968ea3c9dac6475f9abb,H0,KNOWN,NOT_APPLICABLE,NOT_APPLICABLE,NOT_APPLICABLE,KNOWN,KNOWN,NOT_APPLICABLE,KNOWN,KNOWN,KNOWN,KNOWN,KNOWN,KNOWN,KNOWN
5a303ac56d50375b6911b4cf1ead530bf2072d690027968ea3c9dac6475f9abb,H1,KNOWN,NOT_APPLICABLE,KNOWN,KNOWN,KNOWN,KNOWN,NOT_APPLICABLE,KNOWN,KNOWN,KNOWN,KNOWN,KNOWN,KNOWN,KNOWN
5a303ac56d50375b6911b4cf1ead530bf2072d690027968ea3c9dac6475f9abb,H2,KNOWN,NOT_APPLICABLE,NOT_APPLICABLE,KNOWN,KNOWN,KNOWN,NOT_APPLICABLE,KNOWN,KNOWN,KNOWN,KNOWN,KNOWN,KNOWN,KNOWN
5a303ac56d50375b6911b4cf1ead530bf2072d690027968ea3c9dac6475f9abb,H3,KNOWN,NOT_APPLICABLE,NOT_APPLICABLE,KNOWN,KNOWN,KNOWN,NOT_APPLICABLE,KNOWN,KNOWN,KNOWN,KNOWN,KNOWN,KNOWN,KNOWN
5a303ac56d50375b6911b4cf1ead530bf2072d690027968ea3c9dac6475f9abb,H4,KNOWN,KNOWN,NOT_APPLICABLE,KNOWN,KNOWN,KNOWN,KNOWN,KNOWN,KNOWN,KNOWN,KNOWN,KNOWN,KNOWN,KNOWN
5b05299e355bbfdf92aa5eae52be885441b47f284a5d3f13334ec1e9c3df0f65,H0,KNOWN,NOT_APPLICABLE,NOT_APPLICABLE,NOT_APPLICABLE,KNOWN,KNOWN,NOT_APPLICABLE,KNOWN,KNOWN,KNOWN,KNOWN,KNOWN,KNOWN,KNOWN
5b05299e355bbfdf92aa5eae52be885441b47f284a5d3f13334ec1e9c3df0f65,H1,KNOWN,NOT_APPLICABLE,KNOWN,KNOWN,KNOWN,KNOWN,NOT_APPLICABLE,KNOWN,KNOWN,KNOWN,KNOWN,KNOWN,KNOWN,KNOWN
5b05299e355bbfdf92aa5eae52be885441b47f284a5d3f13334ec1e9c3df0f65,H2,KNOWN,NOT_APPLICABLE,NOT_APPLICABLE,KNOWN,KNOWN,KNOWN,NOT_APPLICABLE,KNOWN,KNOWN,KNOWN,KNOWN,KNOWN,KNOWN,KNOWN
5b05299e355bbfdf92aa5eae52be885441b47f284a5d3f13334ec1e9c3df0f65,H3,KNOWN,NOT_APPLICABLE,NOT_APPLICABLE,KNOWN,KNOWN,KNOWN,NOT_APPLICABLE,KNOWN,KNOWN,KNOWN,KNOWN,KNOWN,KNOWN,KNOWN
5b05299e355bbfdf92aa5eae52be885441b47f284a5d3f13334ec1e9c3df0f65,H4,KNOWN,KNOWN,NOT_APPLICABLE,KNOWN,KNOWN,KNOWN,KNOWN,KNOWN,KNOWN,KNOWN,KNOWN,KNOWN,KNOWN,KNOWN
5bd9543f5c374437ddcedc441aecbbc63ed2f2fbba5ca16ef8289ce56bee7bce,H0,KNOWN,NOT_APPLICABLE,NOT_APPLICABLE,NOT_APPLICABLE,KNOWN,KNOWN,NOT_APPLICABLE,KNOWN,KNOWN,KNOWN,KNOWN,KNOWN,KNOWN,KNOWN
5bd9543f5c374437ddcedc441aecbbc63ed2f2fbba5ca16ef8289ce56bee7bce,H1,KNOWN,NOT_APPLICABLE,KNOWN,KNOWN,KNOWN,KNOWN,NOT_APPLICABLE,KNOWN,KNOWN,KNOWN,KNOWN,KNOWN,KNOWN,KNOWN
5bd9543f5c374437ddcedc441aecbbc63ed2f2fbba5ca16ef8289ce56bee7bce,H2,KNOWN,NOT_APPLICABLE,NOT_APPLICABLE,KNOWN,KNOWN,KNOWN,NOT_APPLICABLE,KNOWN,KNOWN,KNOWN,KNOWN,KNOWN,KNOWN,KNOWN
5bd9543f5c374437ddcedc441aecbbc63ed2f2fbba5ca16ef8289ce56bee7bce,H3,KNOWN,NOT_APPLICABLE,NOT_APPLICABLE,KNOWN,KNOWN,KNOWN,NOT_APPLICABLE,KNOWN,KNOWN,KNOWN,KNOWN,KNOWN,KNOWN,KNOWN
5bd9543f5c374437ddcedc441aecbbc63ed2f2fbba5ca16ef8289ce56bee7bce,H4,KNOWN,KNOWN,NOT_APPLICABLE,KNOWN,KNOWN,KNOWN,KNOWN,KNOWN,KNOWN,KNOWN,KNOWN,KNOWN,KNOWN,KNOWN
5cab100a6ab59e3059347bc8dfed9b73cc11c902d163987c90eadd03d93c85ee,H0,KNOWN,NOT_APPLICABLE,NOT_APPLICABLE,NOT_APPLICABLE,KNOWN,KNOWN,NOT_APPLICABLE,KNOWN,KNOWN,KNOWN,KNOWN,KNOWN,KNOWN,KNOWN
5cab100a6ab59e3059347bc8dfed9b73cc11c902d163987c90eadd03d93c85ee,H1,KNOWN,NOT_APPLICABLE,KNOWN,KNOWN,KNOWN,KNOWN,NOT_APPLICABLE,KNOWN,KNOWN,KNOWN,KNOWN,KNOWN,KNOWN,KNOWN
5cab100a6ab59e3059347bc8dfed9b73cc11c902d163987c90eadd03d93c85ee,H2,KNOWN,NOT_APPLICABLE,NOT_APPLICABLE,KNOWN,KNOWN,KNOWN,NOT_APPLICABLE,KNOWN,KNOWN,KNOWN,KNOWN,KNOWN,KNOWN,KNOWN
5cab100a6ab59e3059347bc8dfed9b73cc11c902d163987c90eadd03d93c85ee,H3,KNOWN,NOT_APPLICABLE,NOT_APPLICABLE,KNOWN,KNOWN,KNOWN,NOT_APPLICABLE,KNOWN,KNOWN,KNOWN,KNOWN,KNOWN,KNOWN,KNOWN
5cab100a6ab59e3059347bc8dfed9b73cc11c902d163987c90eadd03d93c85ee,H4,KNOWN,KNOWN,NOT_APPLICABLE,KNOWN,KNOWN,KNOWN,KNOWN,KNOWN,KNOWN,KNOWN,KNOWN,KNOWN,KNOWN,KNOWN
5f4c7b6d1b416196a0815ca0905075b219979284455f16f9e406985f1ce68558,H0,KNOWN,NOT_APPLICABLE,NOT_APPLICABLE,NOT_APPLICABLE,KNOWN,KNOWN,NOT_APPLICABLE,KNOWN,KNOWN,KNOWN,KNOWN,KNOWN,KNOWN,KNOWN
5f4c7b6d1b416196a0815ca0905075b219979284455f16f9e406985f1ce68558,H1,KNOWN,NOT_APPLICABLE,KNOWN,KNOWN,KNOWN,KNOWN,NOT_APPLICABLE,KNOWN,KNOWN,KNOWN,KNOWN,KNOWN,KNOWN,KNOWN
5f4c7b6d1b416196a0815ca0905075b219979284455f16f9e406985f1ce68558,H2,KNOWN,NOT_APPLICABLE,NOT_APPLICABLE,KNOWN,KNOWN,KNOWN,NOT_APPLICABLE,KNOWN,KNOWN,KNOWN,KNOWN,KNOWN,KNOWN,KNOWN
5f4c7b6d1b416196a0815ca0905075b219979284455f16f9e406985f1ce68558,H3,KNOWN,NOT_APPLICABLE,NOT_APPLICABLE,KNOWN,KNOWN,KNOWN,NOT_APPLICABLE,KNOWN,KNOWN,KNOWN,KNOWN,KNOWN,KNOWN,KNOWN
5f4c7b6d1b416196a0815ca0905075b219979284455f16f9e406985f1ce68558,H4,KNOWN,KNOWN,NOT_APPLICABLE,KNOWN,KNOWN,KNOWN,KNOWN,KNOWN,KNOWN,KNOWN,KNOWN,KNOWN,KNOWN,KNOWN
5f69796091fe680c271f80d3b9a4e33a9b6584cfc99da1ba1b6168dd83e3dc39,H0,KNOWN,NOT_APPLICABLE,NOT_APPLICABLE,NOT_APPLICABLE,KNOWN,KNOWN,NOT_APPLICABLE,KNOWN,KNOWN,KNOWN,KNOWN,KNOWN,KNOWN,KNOWN
5f69796091fe680c271f80d3b9a4e33a9b6584cfc99da1ba1b6168dd83e3dc39,H1,KNOWN,NOT_APPLICABLE,KNOWN,KNOWN,KNOWN,KNOWN,NOT_APPLICABLE,KNOWN,KNOWN,KNOWN,KNOWN,KNOWN,KNOWN,KNOWN
5f69796091fe680c271f80d3b9a4e33a9b6584cfc99da1ba1b6168dd83e3dc39,H2,KNOWN,NOT_APPLICABLE,NOT_APPLICABLE,KNOWN,KNOWN,KNOWN,NOT_APPLICABLE,KNOWN,KNOWN,KNOWN,KNOWN,KNOWN,KNOWN,KNOWN
5f69796091fe680c271f80d3b9a4e33a9b6584cfc99da1ba1b6168dd83e3dc39,H3,KNOWN,NOT_APPLICABLE,NOT_APPLICABLE,KNOWN,KNOWN,KNOWN,NOT_APPLICABLE,KNOWN,KNOWN,KNOWN,KNOWN,KNOWN,KNOWN,KNOWN
5f69796091fe680c271f80d3b9a4e33a9b6584cfc99da1ba1b6168dd83e3dc39,H4,KNOWN,KNOWN,NOT_APPLICABLE,KNOWN,KNOWN,KNOWN,KNOWN,KNOWN,KNOWN,KNOWN,KNOWN,KNOWN,KNOWN,KNOWN
5f750cd7a1a5f535007c59df30e48040a4a895282a9b39e635a6ea4292f2a763,H0,KNOWN,NOT_APPLICABLE,NOT_APPLICABLE,NOT_APPLICABLE,KNOWN,KNOWN,NOT_APPLICABLE,KNOWN,KNOWN,KNOWN,KNOWN,KNOWN,KNOWN,KNOWN
5f750cd7a1a5f535007c59df30e48040a4a895282a9b39e635a6ea4292f2a763,H1,KNOWN,NOT_APPLICABLE,KNOWN,KNOWN,KNOWN,KNOWN,NOT_APPLICABLE,KNOWN,KNOWN,KNOWN,KNOWN,KNOWN,KNOWN,KNOWN
5f750cd7a1a5f535007c59df30e48040a4a895282a9b39e635a6ea4292f2a763,H2,KNOWN,NOT_APPLICABLE,NOT_APPLICABLE,KNOWN,KNOWN,KNOWN,NOT_APPLICABLE,KNOWN,KNOWN,KNOWN,KNOWN,KNOWN,KNOWN,KNOWN
5f750cd7a1a5f535007c59df30e48040a4a895282a9b39e635a6ea4292f2a763,H3,KNOWN,NOT_APPLICABLE,NOT_APPLICABLE,KNOWN,KNOWN,KNOWN,NOT_APPLICABLE,KNOWN,KNOWN,KNOWN,KNOWN,KNOWN,KNOWN,KNOWN
5f750cd7a1a5f535007c59df30e48040a4a895282a9b39e635a6ea4292f2a763,H4,KNOWN,KNOWN,NOT_APPLICABLE,KNOWN,KNOWN,KNOWN,KNOWN,KNOWN,KNOWN,KNOWN,KNOWN,KNOWN,KNOWN,KNOWN
6031ce0e4f2981f905fa714fda6e2c5dd94d5079949760c4d461d691c0e139d3,H0,KNOWN,NOT_APPLICABLE,NOT_APPLICABLE,NOT_APPLICABLE,KNOWN,KNOWN,NOT_APPLICABLE,KNOWN,KNOWN,KNOWN,KNOWN,KNOWN,KNOWN,KNOWN
6031ce0e4f2981f905fa714fda6e2c5dd94d5079949760c4d461d691c0e139d3,H1,KNOWN,NOT_APPLICABLE,KNOWN,KNOWN,KNOWN,KNOWN,NOT_APPLICABLE,KNOWN,KNOWN,KNOWN,KNOWN,KNOWN,KNOWN,KNOWN
6031ce0e4f2981f905fa714fda6e2c5dd94d5079949760c4d461d691c0e139d3,H2,KNOWN,NOT_APPLICABLE,NOT_APPLICABLE,KNOWN,KNOWN,KNOWN,NOT_APPLICABLE,KNOWN,KNOWN,KNOWN,KNOWN,KNOWN,KNOWN,KNOWN
6031ce0e4f2981f905fa714fda6e2c5dd94d5079949760c4d461d691c0e139d3,H3,KNOWN,NOT_APPLICABLE,NOT_APPLICABLE,KNOWN,KNOWN,KNOWN,NOT_APPLICABLE,KNOWN,KNOWN,KNOWN,KNOWN,KNOWN,KNOWN,KNOWN
6031ce0e4f2981f905fa714fda6e2c5dd94d5079949760c4d461d691c0e139d3,H4,KNOWN,KNOWN,NOT_APPLICABLE,KNOWN,KNOWN,KNOWN,KNOWN,KNOWN,KNOWN,KNOWN,KNOWN,KNOWN,KNOWN,KNOWN
60aeb4e4f9f6a5895c50ebb36812e1cb68b0767678751a44384c8c069953dce2,H0,KNOWN,NOT_APPLICABLE,NOT_APPLICABLE,NOT_APPLICABLE,KNOWN,KNOWN,NOT_APPLICABLE,KNOWN,KNOWN,KNOWN,KNOWN,KNOWN,KNOWN,KNOWN
60aeb4e4f9f6a5895c50ebb36812e1cb68b0767678751a44384c8c069953dce2,H1,KNOWN,NOT_APPLICABLE,KNOWN,KNOWN,KNOWN,KNOWN,NOT_APPLICABLE,KNOWN,KNOWN,KNOWN,KNOWN,KNOWN,KNOWN,KNOWN
60aeb4e4f9f6a5895c50ebb36812e1cb68b0767678751a44384c8c069953dce2,H2,KNOWN,NOT_APPLICABLE,NOT_APPLICABLE,KNOWN,KNOWN,KNOWN,NOT_APPLICABLE,KNOWN,KNOWN,KNOWN,KNOWN,KNOWN,KNOWN,KNOWN
60aeb4e4f9f6a5895c50ebb36812e1cb68b0767678751a44384c8c069953dce2,H3,KNOWN,NOT_APPLICABLE,NOT_APPLICABLE,KNOWN,KNOWN,KNOWN,NOT_APPLICABLE,KNOWN,KNOWN,KNOWN,KNOWN,KNOWN,KNOWN,KNOWN
60aeb4e4f9f6a5895c50ebb36812e1cb68b0767678751a44384c8c069953dce2,H4,KNOWN,KNOWN,NOT_APPLICABLE,KNOWN,KNOWN,KNOWN,KNOWN,KNOWN,KNOWN,KNOWN,KNOWN,KNOWN,KNOWN,KNOWN
6220286951831ba11626d7791c773655593684441ab6e2992f7a29610883b455,H0,KNOWN,NOT_APPLICABLE,NOT_APPLICABLE,NOT_APPLICABLE,KNOWN,KNOWN,NOT_APPLICABLE,KNOWN,KNOWN,KNOWN,KNOWN,KNOWN,KNOWN,KNOWN
6220286951831ba11626d7791c773655593684441ab6e2992f7a29610883b455,H1,KNOWN,NOT_APPLICABLE,KNOWN,KNOWN,KNOWN,KNOWN,NOT_APPLICABLE,KNOWN,KNOWN,KNOWN,KNOWN,KNOWN,KNOWN,KNOWN
6220286951831ba11626d7791c773655593684441ab6e2992f7a29610883b455,H2,KNOWN,NOT_APPLICABLE,NOT_APPLICABLE,KNOWN,KNOWN,KNOWN,NOT_APPLICABLE,KNOWN,KNOWN,KNOWN,KNOWN,KNOWN,KNOWN,KNOWN
6220286951831ba11626d7791c773655593684441ab6e2992f7a29610883b455,H3,KNOWN,NOT_APPLICABLE,NOT_APPLICABLE,KNOWN,KNOWN,KNOWN,NOT_APPLICABLE,KNOWN,KNOWN,KNOWN,KNOWN,KNOWN,KNOWN,KNOWN
6220286951831ba11626d7791c773655593684441ab6e2992f7a29610883b455,H4,KNOWN,KNOWN,NOT_APPLICABLE,KNOWN,KNOWN,KNOWN,KNOWN,KNOWN,KNOWN,KNOWN,KNOWN,KNOWN,KNOWN,KNOWN
63c725eb9bad92c078c11773ebc5017c08dba00bef2e38e4ac498ac1d8d9dc39,H0,KNOWN,NOT_APPLICABLE,NOT_APPLICABLE,NOT_APPLICABLE,KNOWN,KNOWN,NOT_APPLICABLE,KNOWN,KNOWN,KNOWN,KNOWN,KNOWN,KNOWN,KNOWN
63c725eb9bad92c078c11773ebc5017c08dba00bef2e38e4ac498ac1d8d9dc39,H1,KNOWN,NOT_APPLICABLE,KNOWN,KNOWN,KNOWN,KNOWN,NOT_APPLICABLE,KNOWN,KNOWN,KNOWN,KNOWN,KNOWN,KNOWN,KNOWN
63c725eb9bad92c078c11773ebc5017c08dba00bef2e38e4ac498ac1d8d9dc39,H2,KNOWN,NOT_APPLICABLE,NOT_APPLICABLE,KNOWN,KNOWN,KNOWN,NOT_APPLICABLE,KNOWN,KNOWN,KNOWN,KNOWN,KNOWN,KNOWN,KNOWN
63c725eb9bad92c078c11773ebc5017c08dba00bef2e38e4ac498ac1d8d9dc39,H3,KNOWN,NOT_APPLICABLE,NOT_APPLICABLE,KNOWN,KNOWN,KNOWN,NOT_APPLICABLE,KNOWN,KNOWN,KNOWN,KNOWN,KNOWN,KNOWN,KNOWN
63c725eb9bad92c078c11773ebc5017c08dba00bef2e38e4ac498ac1d8d9dc39,H4,KNOWN,KNOWN,NOT_APPLICABLE,KNOWN,KNOWN,KNOWN,KNOWN,KNOWN,KNOWN,KNOWN,KNOWN,KNOWN,KNOWN,KNOWN
63cc760f40b73419d55081c3fdbbf86f29a30837ac8726b63b66a821eadbe553,H0,KNOWN,NOT_APPLICABLE,NOT_APPLICABLE,NOT_APPLICABLE,KNOWN,KNOWN,NOT_APPLICABLE,KNOWN,KNOWN,KNOWN,KNOWN,KNOWN,KNOWN,KNOWN
63cc760f40b73419d55081c3fdbbf86f29a30837ac8726b63b66a821eadbe553,H1,KNOWN,NOT_APPLICABLE,KNOWN,KNOWN,KNOWN,KNOWN,NOT_APPLICABLE,KNOWN,KNOWN,KNOWN,KNOWN,KNOWN,KNOWN,KNOWN
63cc760f40b73419d55081c3fdbbf86f29a30837ac8726b63b66a821eadbe553,H2,KNOWN,NOT_APPLICABLE,NOT_APPLICABLE,KNOWN,KNOWN,KNOWN,NOT_APPLICABLE,KNOWN,KNOWN,KNOWN,KNOWN,KNOWN,KNOWN,KNOWN
63cc760f40b73419d55081c3fdbbf86f29a30837ac8726b63b66a821eadbe553,H3,KNOWN,NOT_APPLICABLE,NOT_APPLICABLE,KNOWN,KNOWN,KNOWN,NOT_APPLICABLE,KNOWN,KNOWN,KNOWN,KNOWN,KNOWN,KNOWN,KNOWN
63cc760f40b73419d55081c3fdbbf86f29a30837ac8726b63b66a821eadbe553,H4,KNOWN,KNOWN,NOT_APPLICABLE,KNOWN,KNOWN,KNOWN,KNOWN,KNOWN,KNOWN,KNOWN,KNOWN,KNOWN,KNOWN,KNOWN
63e3335fd9f5b6a49b8eb970e6265a8f5190aa187fcc4f1c708fa66363060e61,H0,KNOWN,NOT_APPLICABLE,NOT_APPLICABLE,NOT_APPLICABLE,KNOWN,KNOWN,NOT_APPLICABLE,KNOWN,KNOWN,KNOWN,KNOWN,KNOWN,KNOWN,KNOWN
63e3335fd9f5b6a49b8eb970e6265a8f5190aa187fcc4f1c708fa66363060e61,H1,KNOWN,NOT_APPLICABLE,KNOWN,KNOWN,KNOWN,KNOWN,NOT_APPLICABLE,KNOWN,KNOWN,KNOWN,KNOWN,KNOWN,KNOWN,KNOWN
63e3335fd9f5b6a49b8eb970e6265a8f5190aa187fcc4f1c708fa66363060e61,H2,KNOWN,NOT_APPLICABLE,NOT_APPLICABLE,KNOWN,KNOWN,KNOWN,NOT_APPLICABLE,KNOWN,KNOWN,KNOWN,KNOWN,KNOWN,KNOWN,KNOWN
63e3335fd9f5b6a49b8eb970e6265a8f5190aa187fcc4f1c708fa66363060e61,H3,KNOWN,NOT_APPLICABLE,NOT_APPLICABLE,KNOWN,KNOWN,KNOWN,NOT_APPLICABLE,KNOWN,KNOWN,KNOWN,KNOWN,KNOWN,KNOWN,KNOWN
63e3335fd9f5b6a49b8eb970e6265a8f5190aa187fcc4f1c708fa66363060e61,H4,KNOWN,KNOWN,NOT_APPLICABLE,KNOWN,KNOWN,KNOWN,KNOWN,KNOWN,KNOWN,KNOWN,KNOWN,KNOWN,KNOWN,KNOWN
63f316f5b5c2c922acad61013afb0acff8820824f03a3bf58168f0367b2824a8,H0,KNOWN,NOT_APPLICABLE,NOT_APPLICABLE,NOT_APPLICABLE,KNOWN,KNOWN,NOT_APPLICABLE,KNOWN,KNOWN,KNOWN,KNOWN,KNOWN,KNOWN,KNOWN
63f316f5b5c2c922acad61013afb0acff8820824f03a3bf58168f0367b2824a8,H1,KNOWN,NOT_APPLICABLE,KNOWN,KNOWN,KNOWN,KNOWN,NOT_APPLICABLE,KNOWN,KNOWN,KNOWN,KNOWN,KNOWN,KNOWN,KNOWN
63f316f5b5c2c922acad61013afb0acff8820824f03a3bf58168f0367b2824a8,H2,KNOWN,NOT_APPLICABLE,NOT_APPLICABLE,KNOWN,KNOWN,KNOWN,NOT_APPLICABLE,KNOWN,KNOWN,KNOWN,KNOWN,KNOWN,KNOWN,KNOWN
63f316f5b5c2c922acad61013afb0acff8820824f03a3bf58168f0367b2824a8,H3,KNOWN,NOT_APPLICABLE,NOT_APPLICABLE,KNOWN,KNOWN,KNOWN,NOT_APPLICABLE,KNOWN,KNOWN,KNOWN,KNOWN,KNOWN,KNOWN,KNOWN
63f316f5b5c2c922acad61013afb0acff8820824f03a3bf58168f0367b2824a8,H4,KNOWN,KNOWN,NOT_APPLICABLE,KNOWN,KNOWN,KNOWN,KNOWN,KNOWN,KNOWN,KNOWN,KNOWN,KNOWN,KNOWN,KNOWN
650b0c26f400fdeb33b4262bed1f728ddec195fd4e9d95572402f84c63635510,H0,KNOWN,NOT_APPLICABLE,NOT_APPLICABLE,NOT_APPLICABLE,KNOWN,KNOWN,NOT_APPLICABLE,KNOWN,KNOWN,KNOWN,KNOWN,KNOWN,KNOWN,KNOWN
650b0c26f400fdeb33b4262bed1f728ddec195fd4e9d95572402f84c63635510,H1,KNOWN,NOT_APPLICABLE,KNOWN,KNOWN,KNOWN,KNOWN,NOT_APPLICABLE,KNOWN,KNOWN,KNOWN,KNOWN,KNOWN,KNOWN,KNOWN
650b0c26f400fdeb33b4262bed1f728ddec195fd4e9d95572402f84c63635510,H2,KNOWN,NOT_APPLICABLE,NOT_APPLICABLE,KNOWN,KNOWN,KNOWN,NOT_APPLICABLE,KNOWN,KNOWN,KNOWN,KNOWN,KNOWN,KNOWN,KNOWN
650b0c26f400fdeb33b4262bed1f728ddec195fd4e9d95572402f84c63635510,H3,KNOWN,NOT_APPLICABLE,NOT_APPLICABLE,KNOWN,KNOWN,KNOWN,NOT_APPLICABLE,KNOWN,KNOWN,KNOWN,KNOWN,KNOWN,KNOWN,KNOWN
650b0c26f400fdeb33b4262bed1f728ddec195fd4e9d95572402f84c63635510,H4,KNOWN,KNOWN,NOT_APPLICABLE,KNOWN,KNOWN,KNOWN,KNOWN,KNOWN,KNOWN,KNOWN,KNOWN,KNOWN,KNOWN,KNOWN
663bcb3ac40e8c9ff27695874d9dbe6fe49c85ee1f254e43b5a0311ff70f80d7,H0,KNOWN,NOT_APPLICABLE,NOT_APPLICABLE,NOT_APPLICABLE,KNOWN,KNOWN,NOT_APPLICABLE,KNOWN,KNOWN,KNOWN,KNOWN,KNOWN,KNOWN,KNOWN
663bcb3ac40e8c9ff27695874d9dbe6fe49c85ee1f254e43b5a0311ff70f80d7,H1,KNOWN,NOT_APPLICABLE,KNOWN,KNOWN,KNOWN,KNOWN,NOT_APPLICABLE,KNOWN,KNOWN,KNOWN,KNOWN,KNOWN,KNOWN,KNOWN
663bcb3ac40e8c9ff27695874d9dbe6fe49c85ee1f254e43b5a0311ff70f80d7,H2,KNOWN,NOT_APPLICABLE,NOT_APPLICABLE,KNOWN,KNOWN,KNOWN,NOT_APPLICABLE,KNOWN,KNOWN,KNOWN,KNOWN,KNOWN,KNOWN,KNOWN
663bcb3ac40e8c9ff27695874d9dbe6fe49c85ee1f254e43b5a0311ff70f80d7,H3,KNOWN,NOT_APPLICABLE,NOT_APPLICABLE,KNOWN,KNOWN,KNOWN,NOT_APPLICABLE,KNOWN,KNOWN,KNOWN,KNOWN,KNOWN,KNOWN,KNOWN
663bcb3ac40e8c9ff27695874d9dbe6fe49c85ee1f254e43b5a0311ff70f80d7,H4,KNOWN,KNOWN,NOT_APPLICABLE,KNOWN,KNOWN,KNOWN,KNOWN,KNOWN,KNOWN,KNOWN,KNOWN,KNOWN,KNOWN,KNOWN
6718546b0c95f3475e7e8a14a322c83ad7d344fbf454abfced315cf664671f67,H0,KNOWN,NOT_APPLICABLE,NOT_APPLICABLE,NOT_APPLICABLE,KNOWN,KNOWN,NOT_APPLICABLE,KNOWN,KNOWN,KNOWN,KNOWN,KNOWN,KNOWN,KNOWN
6718546b0c95f3475e7e8a14a322c83ad7d344fbf454abfced315cf664671f67,H1,KNOWN,NOT_APPLICABLE,KNOWN,KNOWN,KNOWN,KNOWN,NOT_APPLICABLE,KNOWN,KNOWN,KNOWN,KNOWN,KNOWN,KNOWN,KNOWN
6718546b0c95f3475e7e8a14a322c83ad7d344fbf454abfced315cf664671f67,H2,KNOWN,NOT_APPLICABLE,NOT_APPLICABLE,KNOWN,KNOWN,KNOWN,NOT_APPLICABLE,KNOWN,KNOWN,KNOWN,KNOWN,KNOWN,KNOWN,KNOWN
6718546b0c95f3475e7e8a14a322c83ad7d344fbf454abfced315cf664671f67,H3,KNOWN,NOT_APPLICABLE,NOT_APPLICABLE,KNOWN,KNOWN,KNOWN,NOT_APPLICABLE,KNOWN,KNOWN,KNOWN,KNOWN,KNOWN,KNOWN,KNOWN
6718546b0c95f3475e7e8a14a322c83ad7d344fbf454abfced315cf664671f67,H4,KNOWN,KNOWN,NOT_APPLICABLE,KNOWN,KNOWN,KNOWN,KNOWN,KNOWN,KNOWN,KNOWN,KNOWN,KNOWN,KNOWN,KNOWN
674d697d1df41dfb1ef4ca1fe595cd958a1bb90326b619801226ef864d013ad7,H0,KNOWN,NOT_APPLICABLE,NOT_APPLICABLE,NOT_APPLICABLE,KNOWN,KNOWN,NOT_APPLICABLE,KNOWN,KNOWN,KNOWN,KNOWN,KNOWN,KNOWN,KNOWN
674d697d1df41dfb1ef4ca1fe595cd958a1bb90326b619801226ef864d013ad7,H1,KNOWN,NOT_APPLICABLE,KNOWN,KNOWN,KNOWN,KNOWN,NOT_APPLICABLE,KNOWN,KNOWN,KNOWN,KNOWN,KNOWN,KNOWN,KNOWN
674d697d1df41dfb1ef4ca1fe595cd958a1bb90326b619801226ef864d013ad7,H2,KNOWN,NOT_APPLICABLE,NOT_APPLICABLE,KNOWN,KNOWN,KNOWN,NOT_APPLICABLE,KNOWN,KNOWN,KNOWN,KNOWN,KNOWN,KNOWN,KNOWN
674d697d1df41dfb1ef4ca1fe595cd958a1bb90326b619801226ef864d013ad7,H3,KNOWN,NOT_APPLICABLE,NOT_APPLICABLE,KNOWN,KNOWN,KNOWN,NOT_APPLICABLE,KNOWN,KNOWN,KNOWN,KNOWN,KNOWN,KNOWN,KNOWN
674d697d1df41dfb1ef4ca1fe595cd958a1bb90326b619801226ef864d013ad7,H4,KNOWN,KNOWN,NOT_APPLICABLE,KNOWN,KNOWN,KNOWN,KNOWN,KNOWN,KNOWN,KNOWN,KNOWN,KNOWN,KNOWN,KNOWN
677d73a2e29705f6d2669fb9e12b5c975cb18f21407bd94f2f269d0b3a9d1566,H0,KNOWN,NOT_APPLICABLE,NOT_APPLICABLE,NOT_APPLICABLE,KNOWN,KNOWN,NOT_APPLICABLE,KNOWN,KNOWN,KNOWN,KNOWN,KNOWN,KNOWN,KNOWN
677d73a2e29705f6d2669fb9e12b5c975cb18f21407bd94f2f269d0b3a9d1566,H1,KNOWN,NOT_APPLICABLE,KNOWN,KNOWN,KNOWN,KNOWN,NOT_APPLICABLE,KNOWN,KNOWN,KNOWN,KNOWN,KNOWN,KNOWN,KNOWN
677d73a2e29705f6d2669fb9e12b5c975cb18f21407bd94f2f269d0b3a9d1566,H2,KNOWN,NOT_APPLICABLE,NOT_APPLICABLE,KNOWN,KNOWN,KNOWN,NOT_APPLICABLE,KNOWN,KNOWN,KNOWN,KNOWN,KNOWN,KNOWN,KNOWN
677d73a2e29705f6d2669fb9e12b5c975cb18f21407bd94f2f269d0b3a9d1566,H3,KNOWN,NOT_APPLICABLE,NOT_APPLICABLE,KNOWN,KNOWN,KNOWN,NOT_APPLICABLE,KNOWN,KNOWN,KNOWN,KNOWN,KNOWN,KNOWN,KNOWN
677d73a2e29705f6d2669fb9e12b5c975cb18f21407bd94f2f269d0b3a9d1566,H4,KNOWN,KNOWN,NOT_APPLICABLE,KNOWN,KNOWN,KNOWN,KNOWN,KNOWN,KNOWN,KNOWN,KNOWN,KNOWN,KNOWN,KNOWN
67de44c0d548c0402393e34e2201b364f9558d0f696fd1b14d559361b9434153,H0,KNOWN,NOT_APPLICABLE,NOT_APPLICABLE,NOT_APPLICABLE,KNOWN,KNOWN,NOT_APPLICABLE,KNOWN,KNOWN,KNOWN,KNOWN,KNOWN,KNOWN,KNOWN
67de44c0d548c0402393e34e2201b364f9558d0f696fd1b14d559361b9434153,H1,KNOWN,NOT_APPLICABLE,KNOWN,KNOWN,KNOWN,KNOWN,NOT_APPLICABLE,KNOWN,KNOWN,KNOWN,KNOWN,KNOWN,KNOWN,KNOWN
67de44c0d548c0402393e34e2201b364f9558d0f696fd1b14d559361b9434153,H2,KNOWN,NOT_APPLICABLE,NOT_APPLICABLE,KNOWN,KNOWN,KNOWN,NOT_APPLICABLE,KNOWN,KNOWN,KNOWN,KNOWN,KNOWN,KNOWN,KNOWN
67de44c0d548c0402393e34e2201b364f9558d0f696fd1b14d559361b9434153,H3,KNOWN,NOT_APPLICABLE,NOT_APPLICABLE,KNOWN,KNOWN,KNOWN,NOT_APPLICABLE,KNOWN,KNOWN,KNOWN,KNOWN,KNOWN,KNOWN,KNOWN
67de44c0d548c0402393e34e2201b364f9558d0f696fd1b14d559361b9434153,H4,KNOWN,KNOWN,NOT_APPLICABLE,KNOWN,KNOWN,KNOWN,KNOWN,KNOWN,KNOWN,KNOWN,KNOWN,KNOWN,KNOWN,KNOWN
688e238ccf4e0741c348b3597c68ee223c8bf8f4eb0ddc59a3f3a519960e63b5,H0,KNOWN,NOT_APPLICABLE,NOT_APPLICABLE,NOT_APPLICABLE,KNOWN,KNOWN,NOT_APPLICABLE,KNOWN,KNOWN,KNOWN,KNOWN,KNOWN,KNOWN,KNOWN
688e238ccf4e0741c348b3597c68ee223c8bf8f4eb0ddc59a3f3a519960e63b5,H1,KNOWN,NOT_APPLICABLE,KNOWN,KNOWN,KNOWN,KNOWN,NOT_APPLICABLE,KNOWN,KNOWN,KNOWN,KNOWN,KNOWN,KNOWN,KNOWN
688e238ccf4e0741c348b3597c68ee223c8bf8f4eb0ddc59a3f3a519960e63b5,H2,KNOWN,NOT_APPLICABLE,NOT_APPLICABLE,KNOWN,KNOWN,KNOWN,NOT_APPLICABLE,KNOWN,KNOWN,KNOWN,KNOWN,KNOWN,KNOWN,KNOWN
688e238ccf4e0741c348b3597c68ee223c8bf8f4eb0ddc59a3f3a519960e63b5,H3,KNOWN,NOT_APPLICABLE,NOT_APPLICABLE,KNOWN,KNOWN,KNOWN,NOT_APPLICABLE,KNOWN,KNOWN,KNOWN,KNOWN,KNOWN,KNOWN,KNOWN
688e238ccf4e0741c348b3597c68ee223c8bf8f4eb0ddc59a3f3a519960e63b5,H4,KNOWN,KNOWN,NOT_APPLICABLE,KNOWN,KNOWN,KNOWN,KNOWN,KNOWN,KNOWN,KNOWN,KNOWN,KNOWN,KNOWN,KNOWN
68bb037136682dacb6150f6f88cafad3830d225456abc460e02c15ef8bba9fd8,H0,KNOWN,NOT_APPLICABLE,NOT_APPLICABLE,NOT_APPLICABLE,KNOWN,KNOWN,NOT_APPLICABLE,KNOWN,KNOWN,KNOWN,KNOWN,KNOWN,KNOWN,KNOWN
68bb037136682dacb6150f6f88cafad3830d225456abc460e02c15ef8bba9fd8,H1,KNOWN,NOT_APPLICABLE,KNOWN,KNOWN,KNOWN,KNOWN,NOT_APPLICABLE,KNOWN,KNOWN,KNOWN,KNOWN,KNOWN,KNOWN,KNOWN
68bb037136682dacb6150f6f88cafad3830d225456abc460e02c15ef8bba9fd8,H2,KNOWN,NOT_APPLICABLE,NOT_APPLICABLE,KNOWN,KNOWN,KNOWN,NOT_APPLICABLE,KNOWN,KNOWN,KNOWN,KNOWN,KNOWN,KNOWN,KNOWN
68bb037136682dacb6150f6f88cafad3830d225456abc460e02c15ef8bba9fd8,H3,KNOWN,NOT_APPLICABLE,NOT_APPLICABLE,KNOWN,KNOWN,KNOWN,NOT_APPLICABLE,KNOWN,KNOWN,KNOWN,KNOWN,KNOWN,KNOWN,KNOWN
68bb037136682dacb6150f6f88cafad3830d225456abc460e02c15ef8bba9fd8,H4,KNOWN,KNOWN,NOT_APPLICABLE,KNOWN,KNOWN,KNOWN,KNOWN,KNOWN,KNOWN,KNOWN,KNOWN,KNOWN,KNOWN,KNOWN
68d42e6d61df20bd2312aed24d24c372ab96bddbb76bd3fa56b54fef820b72c3,H0,KNOWN,NOT_APPLICABLE,NOT_APPLICABLE,NOT_APPLICABLE,KNOWN,KNOWN,NOT_APPLICABLE,KNOWN,KNOWN,KNOWN,KNOWN,KNOWN,KNOWN,KNOWN
68d42e6d61df20bd2312aed24d24c372ab96bddbb76bd3fa56b54fef820b72c3,H1,KNOWN,NOT_APPLICABLE,KNOWN,KNOWN,KNOWN,KNOWN,NOT_APPLICABLE,KNOWN,KNOWN,KNOWN,KNOWN,KNOWN,KNOWN,KNOWN
68d42e6d61df20bd2312aed24d24c372ab96bddbb76bd3fa56b54fef820b72c3,H2,KNOWN,NOT_APPLICABLE,NOT_APPLICABLE,KNOWN,KNOWN,KNOWN,NOT_APPLICABLE,KNOWN,KNOWN,KNOWN,KNOWN,KNOWN,KNOWN,KNOWN
68d42e6d61df20bd2312aed24d24c372ab96bddbb76bd3fa56b54fef820b72c3,H3,KNOWN,NOT_APPLICABLE,NOT_APPLICABLE,KNOWN,KNOWN,KNOWN,NOT_APPLICABLE,KNOWN,KNOWN,KNOWN,KNOWN,KNOWN,KNOWN,KNOWN
68d42e6d61df20bd2312aed24d24c372ab96bddbb76bd3fa56b54fef820b72c3,H4,KNOWN,KNOWN,NOT_APPLICABLE,KNOWN,KNOWN,KNOWN,KNOWN,KNOWN,KNOWN,KNOWN,KNOWN,KNOWN,KNOWN,KNOWN
69336ca0612fddc2954bca409e1b2639d32d623bbc152e0bfd7e6d7194cef664,H0,KNOWN,NOT_APPLICABLE,NOT_APPLICABLE,NOT_APPLICABLE,KNOWN,KNOWN,NOT_APPLICABLE,KNOWN,KNOWN,KNOWN,KNOWN,KNOWN,KNOWN,KNOWN
69336ca0612fddc2954bca409e1b2639d32d623bbc152e0bfd7e6d7194cef664,H1,KNOWN,NOT_APPLICABLE,KNOWN,KNOWN,KNOWN,KNOWN,NOT_APPLICABLE,KNOWN,KNOWN,KNOWN,KNOWN,KNOWN,KNOWN,KNOWN
69336ca0612fddc2954bca409e1b2639d32d623bbc152e0bfd7e6d7194cef664,H2,KNOWN,NOT_APPLICABLE,NOT_APPLICABLE,KNOWN,KNOWN,KNOWN,NOT_APPLICABLE,KNOWN,KNOWN,KNOWN,KNOWN,KNOWN,KNOWN,KNOWN
69336ca0612fddc2954bca409e1b2639d32d623bbc152e0bfd7e6d7194cef664,H3,KNOWN,NOT_APPLICABLE,NOT_APPLICABLE,KNOWN,KNOWN,KNOWN,NOT_APPLICABLE,KNOWN,KNOWN,KNOWN,KNOWN,KNOWN,KNOWN,KNOWN
69336ca0612fddc2954bca409e1b2639d32d623bbc152e0bfd7e6d7194cef664,H4,KNOWN,KNOWN,NOT_APPLICABLE,KNOWN,KNOWN,KNOWN,KNOWN,KNOWN,KNOWN,KNOWN,KNOWN,KNOWN,KNOWN,KNOWN
695f65783b7991135a185c8f0db220b4c6d38f2254f12830caeb5b2ffd96d143,H0,KNOWN,NOT_APPLICABLE,NOT_APPLICABLE,NOT_APPLICABLE,KNOWN,KNOWN,NOT_APPLICABLE,KNOWN,KNOWN,KNOWN,KNOWN,KNOWN,KNOWN,KNOWN
695f65783b7991135a185c8f0db220b4c6d38f2254f12830caeb5b2ffd96d143,H1,KNOWN,NOT_APPLICABLE,KNOWN,KNOWN,KNOWN,KNOWN,NOT_APPLICABLE,KNOWN,KNOWN,KNOWN,KNOWN,KNOWN,KNOWN,KNOWN
695f65783b7991135a185c8f0db220b4c6d38f2254f12830caeb5b2ffd96d143,H2,KNOWN,NOT_APPLICABLE,NOT_APPLICABLE,KNOWN,KNOWN,KNOWN,NOT_APPLICABLE,KNOWN,KNOWN,KNOWN,KNOWN,KNOWN,KNOWN,KNOWN
695f65783b7991135a185c8f0db220b4c6d38f2254f12830caeb5b2ffd96d143,H3,KNOWN,NOT_APPLICABLE,NOT_APPLICABLE,KNOWN,KNOWN,KNOWN,NOT_APPLICABLE,KNOWN,KNOWN,KNOWN,KNOWN,KNOWN,KNOWN,KNOWN
695f65783b7991135a185c8f0db220b4c6d38f2254f12830caeb5b2ffd96d143,H4,KNOWN,KNOWN,NOT_APPLICABLE,KNOWN,KNOWN,KNOWN,KNOWN,KNOWN,KNOWN,KNOWN,KNOWN,KNOWN,KNOWN,KNOWN
6af7d29f7b5a1372d5a2a374f82bf29f17c5ad8111ce15db9547361713105ab4,H0,KNOWN,NOT_APPLICABLE,NOT_APPLICABLE,NOT_APPLICABLE,KNOWN,KNOWN,NOT_APPLICABLE,KNOWN,KNOWN,KNOWN,KNOWN,KNOWN,KNOWN,KNOWN
6af7d29f7b5a1372d5a2a374f82bf29f17c5ad8111ce15db9547361713105ab4,H1,KNOWN,NOT_APPLICABLE,KNOWN,KNOWN,KNOWN,KNOWN,NOT_APPLICABLE,KNOWN,KNOWN,KNOWN,KNOWN,KNOWN,KNOWN,KNOWN
6af7d29f7b5a1372d5a2a374f82bf29f17c5ad8111ce15db9547361713105ab4,H2,KNOWN,NOT_APPLICABLE,NOT_APPLICABLE,KNOWN,KNOWN,KNOWN,NOT_APPLICABLE,KNOWN,KNOWN,KNOWN,KNOWN,KNOWN,KNOWN,KNOWN
6af7d29f7b5a1372d5a2a374f82bf29f17c5ad8111ce15db9547361713105ab4,H3,KNOWN,NOT_APPLICABLE,NOT_APPLICABLE,KNOWN,KNOWN,KNOWN,NOT_APPLICABLE,KNOWN,KNOWN,KNOWN,KNOWN,KNOWN,KNOWN,KNOWN
6af7d29f7b5a1372d5a2a374f82bf29f17c5ad8111ce15db9547361713105ab4,H4,KNOWN,KNOWN,NOT_APPLICABLE,KNOWN,KNOWN,KNOWN,KNOWN,KNOWN,KNOWN,KNOWN,KNOWN,KNOWN,KNOWN,KNOWN
6b2427d04942f1ac12e37f2882960eb6e759aab67f60394af6882d3349db0370,H0,KNOWN,NOT_APPLICABLE,NOT_APPLICABLE,NOT_APPLICABLE,KNOWN,KNOWN,NOT_APPLICABLE,KNOWN,KNOWN,KNOWN,KNOWN,KNOWN,KNOWN,KNOWN
6b2427d04942f1ac12e37f2882960eb6e759aab67f60394af6882d3349db0370,H1,KNOWN,NOT_APPLICABLE,KNOWN,KNOWN,KNOWN,KNOWN,NOT_APPLICABLE,KNOWN,KNOWN,KNOWN,KNOWN,KNOWN,KNOWN,KNOWN
6b2427d04942f1ac12e37f2882960eb6e759aab67f60394af6882d3349db0370,H2,KNOWN,NOT_APPLICABLE,NOT_APPLICABLE,KNOWN,KNOWN,KNOWN,NOT_APPLICABLE,KNOWN,KNOWN,KNOWN,KNOWN,KNOWN,KNOWN,KNOWN
6b2427d04942f1ac12e37f2882960eb6e759aab67f60394af6882d3349db0370,H3,KNOWN,NOT_APPLICABLE,NOT_APPLICABLE,KNOWN,KNOWN,KNOWN,NOT_APPLICABLE,KNOWN,KNOWN,KNOWN,KNOWN,KNOWN,KNOWN,KNOWN
6b2427d04942f1ac12e37f2882960eb6e759aab67f60394af6882d3349db0370,H4,KNOWN,KNOWN,NOT_APPLICABLE,KNOWN,KNOWN,KNOWN,KNOWN,KNOWN,KNOWN,KNOWN,KNOWN,KNOWN,KNOWN,KNOWN
6baab4b7c3e61ea7ef90050dc0479f839bc9179c49e3a25f91709a31685d07f3,H0,KNOWN,NOT_APPLICABLE,NOT_APPLICABLE,NOT_APPLICABLE,KNOWN,KNOWN,NOT_APPLICABLE,KNOWN,KNOWN,KNOWN,KNOWN,KNOWN,KNOWN,KNOWN
6baab4b7c3e61ea7ef90050dc0479f839bc9179c49e3a25f91709a31685d07f3,H1,KNOWN,NOT_APPLICABLE,KNOWN,KNOWN,KNOWN,KNOWN,NOT_APPLICABLE,KNOWN,KNOWN,KNOWN,KNOWN,KNOWN,KNOWN,KNOWN
6baab4b7c3e61ea7ef90050dc0479f839bc9179c49e3a25f91709a31685d07f3,H2,KNOWN,NOT_APPLICABLE,NOT_APPLICABLE,KNOWN,KNOWN,KNOWN,NOT_APPLICABLE,KNOWN,KNOWN,KNOWN,KNOWN,KNOWN,KNOWN,KNOWN
6baab4b7c3e61ea7ef90050dc0479f839bc9179c49e3a25f91709a31685d07f3,H3,KNOWN,NOT_APPLICABLE,NOT_APPLICABLE,KNOWN,KNOWN,KNOWN,NOT_APPLICABLE,KNOWN,KNOWN,KNOWN,KNOWN,KNOWN,KNOWN,KNOWN
6baab4b7c3e61ea7ef90050dc0479f839bc9179c49e3a25f91709a31685d07f3,H4,KNOWN,KNOWN,NOT_APPLICABLE,KNOWN,KNOWN,KNOWN,KNOWN,KNOWN,KNOWN,KNOWN,KNOWN,KNOWN,KNOWN,KNOWN
6c07587238f12dac426cf3b771cfff094be79773c3848c36ebcbde4e9f767826,H0,KNOWN,NOT_APPLICABLE,NOT_APPLICABLE,NOT_APPLICABLE,KNOWN,KNOWN,NOT_APPLICABLE,KNOWN,KNOWN,KNOWN,KNOWN,KNOWN,KNOWN,KNOWN
6c07587238f12dac426cf3b771cfff094be79773c3848c36ebcbde4e9f767826,H1,KNOWN,NOT_APPLICABLE,KNOWN,KNOWN,KNOWN,KNOWN,NOT_APPLICABLE,KNOWN,KNOWN,KNOWN,KNOWN,KNOWN,KNOWN,KNOWN
6c07587238f12dac426cf3b771cfff094be79773c3848c36ebcbde4e9f767826,H2,KNOWN,NOT_APPLICABLE,NOT_APPLICABLE,KNOWN,KNOWN,KNOWN,NOT_APPLICABLE,KNOWN,KNOWN,KNOWN,KNOWN,KNOWN,KNOWN,KNOWN
6c07587238f12dac426cf3b771cfff094be79773c3848c36ebcbde4e9f767826,H3,KNOWN,NOT_APPLICABLE,NOT_APPLICABLE,KNOWN,KNOWN,KNOWN,NOT_APPLICABLE,KNOWN,KNOWN,KNOWN,KNOWN,KNOWN,KNOWN,KNOWN
6c07587238f12dac426cf3b771cfff094be79773c3848c36ebcbde4e9f767826,H4,KNOWN,KNOWN,NOT_APPLICABLE,KNOWN,KNOWN,KNOWN,KNOWN,KNOWN,KNOWN,KNOWN,KNOWN,KNOWN,KNOWN,KNOWN
6c9483ebe49d32f630559fc1c98bd89d17981a86c86a41fe91e70e26cfeb7104,H0,KNOWN,NOT_APPLICABLE,NOT_APPLICABLE,NOT_APPLICABLE,KNOWN,KNOWN,NOT_APPLICABLE,KNOWN,KNOWN,KNOWN,KNOWN,KNOWN,KNOWN,KNOWN
6c9483ebe49d32f630559fc1c98bd89d17981a86c86a41fe91e70e26cfeb7104,H1,KNOWN,NOT_APPLICABLE,KNOWN,KNOWN,KNOWN,KNOWN,NOT_APPLICABLE,KNOWN,KNOWN,KNOWN,KNOWN,KNOWN,KNOWN,KNOWN
6c9483ebe49d32f630559fc1c98bd89d17981a86c86a41fe91e70e26cfeb7104,H2,KNOWN,NOT_APPLICABLE,NOT_APPLICABLE,KNOWN,KNOWN,KNOWN,NOT_APPLICABLE,KNOWN,KNOWN,KNOWN,KNOWN,KNOWN,KNOWN,KNOWN
6c9483ebe49d32f630559fc1c98bd89d17981a86c86a41fe91e70e26cfeb7104,H3,KNOWN,NOT_APPLICABLE,NOT_APPLICABLE,KNOWN,KNOWN,KNOWN,NOT_APPLICABLE,KNOWN,KNOWN,KNOWN,KNOWN,KNOWN,KNOWN,KNOWN
6c9483ebe49d32f630559fc1c98bd89d17981a86c86a41fe91e70e26cfeb7104,H4,KNOWN,KNOWN,NOT_APPLICABLE,KNOWN,KNOWN,KNOWN,KNOWN,KNOWN,KNOWN,KNOWN,KNOWN,KNOWN,KNOWN,KNOWN
6ed4635ab549310f0a2e1a2db8208cea70067492191cec357f26b678b0b11a39,H0,KNOWN,NOT_APPLICABLE,NOT_APPLICABLE,NOT_APPLICABLE,KNOWN,KNOWN,NOT_APPLICABLE,KNOWN,KNOWN,KNOWN,KNOWN,KNOWN,KNOWN,KNOWN
6ed4635ab549310f0a2e1a2db8208cea70067492191cec357f26b678b0b11a39,H1,KNOWN,NOT_APPLICABLE,KNOWN,KNOWN,KNOWN,KNOWN,NOT_APPLICABLE,KNOWN,KNOWN,KNOWN,KNOWN,KNOWN,KNOWN,KNOWN
6ed4635ab549310f0a2e1a2db8208cea70067492191cec357f26b678b0b11a39,H2,KNOWN,NOT_APPLICABLE,NOT_APPLICABLE,KNOWN,KNOWN,KNOWN,NOT_APPLICABLE,KNOWN,KNOWN,KNOWN,KNOWN,KNOWN,KNOWN,KNOWN
6ed4635ab549310f0a2e1a2db8208cea70067492191cec357f26b678b0b11a39,H3,KNOWN,NOT_APPLICABLE,NOT_APPLICABLE,KNOWN,KNOWN,KNOWN,NOT_APPLICABLE,KNOWN,KNOWN,KNOWN,KNOWN,KNOWN,KNOWN,KNOWN
6ed4635ab549310f0a2e1a2db8208cea70067492191cec357f26b678b0b11a39,H4,KNOWN,KNOWN,NOT_APPLICABLE,KNOWN,KNOWN,KNOWN,KNOWN,KNOWN,KNOWN,KNOWN,KNOWN,KNOWN,KNOWN,KNOWN
6fcda9d926538996d4548fc15bb24703d803e730a498835bdc85e0dd6989ae91,H0,KNOWN,NOT_APPLICABLE,NOT_APPLICABLE,NOT_APPLICABLE,KNOWN,KNOWN,NOT_APPLICABLE,KNOWN,KNOWN,KNOWN,KNOWN,KNOWN,KNOWN,KNOWN
6fcda9d926538996d4548fc15bb24703d803e730a498835bdc85e0dd6989ae91,H1,KNOWN,NOT_APPLICABLE,KNOWN,KNOWN,KNOWN,KNOWN,NOT_APPLICABLE,KNOWN,KNOWN,KNOWN,KNOWN,KNOWN,KNOWN,KNOWN
6fcda9d926538996d4548fc15bb24703d803e730a498835bdc85e0dd6989ae91,H2,KNOWN,NOT_APPLICABLE,NOT_APPLICABLE,KNOWN,KNOWN,KNOWN,NOT_APPLICABLE,KNOWN,KNOWN,KNOWN,KNOWN,KNOWN,KNOWN,KNOWN
6fcda9d926538996d4548fc15bb24703d803e730a498835bdc85e0dd6989ae91,H3,KNOWN,NOT_APPLICABLE,NOT_APPLICABLE,KNOWN,KNOWN,KNOWN,NOT_APPLICABLE,KNOWN,KNOWN,KNOWN,KNOWN,KNOWN,KNOWN,KNOWN
6fcda9d926538996d4548fc15bb24703d803e730a498835bdc85e0dd6989ae91,H4,KNOWN,KNOWN,NOT_APPLICABLE,KNOWN,KNOWN,KNOWN,KNOWN,KNOWN,KNOWN,KNOWN,KNOWN,KNOWN,KNOWN,KNOWN
71140f2c88f2602f2699cc3b1fced40727ae094b4e9c51f793c814ac7b54a505,H0,KNOWN,NOT_APPLICABLE,NOT_APPLICABLE,NOT_APPLICABLE,KNOWN,KNOWN,NOT_APPLICABLE,KNOWN,KNOWN,KNOWN,KNOWN,KNOWN,KNOWN,KNOWN
71140f2c88f2602f2699cc3b1fced40727ae094b4e9c51f793c814ac7b54a505,H1,KNOWN,NOT_APPLICABLE,KNOWN,KNOWN,KNOWN,KNOWN,NOT_APPLICABLE,KNOWN,KNOWN,KNOWN,KNOWN,KNOWN,KNOWN,KNOWN
71140f2c88f2602f2699cc3b1fced40727ae094b4e9c51f793c814ac7b54a505,H2,KNOWN,NOT_APPLICABLE,NOT_APPLICABLE,KNOWN,KNOWN,KNOWN,NOT_APPLICABLE,KNOWN,KNOWN,KNOWN,KNOWN,KNOWN,KNOWN,KNOWN
71140f2c88f2602f2699cc3b1fced40727ae094b4e9c51f793c814ac7b54a505,H3,KNOWN,NOT_APPLICABLE,NOT_APPLICABLE,KNOWN,KNOWN,KNOWN,NOT_APPLICABLE,KNOWN,KNOWN,KNOWN,KNOWN,KNOWN,KNOWN,KNOWN
71140f2c88f2602f2699cc3b1fced40727ae094b4e9c51f793c814ac7b54a505,H4,KNOWN,KNOWN,NOT_APPLICABLE,KNOWN,KNOWN,KNOWN,KNOWN,KNOWN,KNOWN,KNOWN,KNOWN,KNOWN,KNOWN,KNOWN
727f2b4fbd80338f19c517faab6aaaa816cf00de49477970b233d642cb1598ce,H0,KNOWN,NOT_APPLICABLE,NOT_APPLICABLE,NOT_APPLICABLE,KNOWN,KNOWN,NOT_APPLICABLE,KNOWN,KNOWN,KNOWN,KNOWN,KNOWN,KNOWN,KNOWN
727f2b4fbd80338f19c517faab6aaaa816cf00de49477970b233d642cb1598ce,H1,KNOWN,NOT_APPLICABLE,KNOWN,KNOWN,KNOWN,KNOWN,NOT_APPLICABLE,KNOWN,KNOWN,KNOWN,KNOWN,KNOWN,KNOWN,KNOWN
727f2b4fbd80338f19c517faab6aaaa816cf00de49477970b233d642cb1598ce,H2,KNOWN,NOT_APPLICABLE,NOT_APPLICABLE,KNOWN,KNOWN,KNOWN,NOT_APPLICABLE,KNOWN,KNOWN,KNOWN,KNOWN,KNOWN,KNOWN,KNOWN
727f2b4fbd80338f19c517faab6aaaa816cf00de49477970b233d642cb1598ce,H3,KNOWN,NOT_APPLICABLE,NOT_APPLICABLE,KNOWN,KNOWN,KNOWN,NOT_APPLICABLE,KNOWN,KNOWN,KNOWN,KNOWN,KNOWN,KNOWN,KNOWN
727f2b4fbd80338f19c517faab6aaaa816cf00de49477970b233d642cb1598ce,H4,KNOWN,KNOWN,NOT_APPLICABLE,KNOWN,KNOWN,KNOWN,KNOWN,KNOWN,KNOWN,KNOWN,KNOWN,KNOWN,KNOWN,KNOWN
72e99128d9a702e77b2c2a4d95cd7fdbfc20fba89d72b6f4dfd864b679c5f923,H0,KNOWN,NOT_APPLICABLE,NOT_APPLICABLE,NOT_APPLICABLE,KNOWN,KNOWN,NOT_APPLICABLE,KNOWN,KNOWN,KNOWN,KNOWN,KNOWN,KNOWN,KNOWN
72e99128d9a702e77b2c2a4d95cd7fdbfc20fba89d72b6f4dfd864b679c5f923,H1,KNOWN,NOT_APPLICABLE,KNOWN,KNOWN,KNOWN,KNOWN,NOT_APPLICABLE,KNOWN,KNOWN,KNOWN,KNOWN,KNOWN,KNOWN,KNOWN
72e99128d9a702e77b2c2a4d95cd7fdbfc20fba89d72b6f4dfd864b679c5f923,H2,KNOWN,NOT_APPLICABLE,NOT_APPLICABLE,KNOWN,KNOWN,KNOWN,NOT_APPLICABLE,KNOWN,KNOWN,KNOWN,KNOWN,KNOWN,KNOWN,KNOWN
72e99128d9a702e77b2c2a4d95cd7fdbfc20fba89d72b6f4dfd864b679c5f923,H3,KNOWN,NOT_APPLICABLE,NOT_APPLICABLE,KNOWN,KNOWN,KNOWN,NOT_APPLICABLE,KNOWN,KNOWN,KNOWN,KNOWN,KNOWN,KNOWN,KNOWN
72e99128d9a702e77b2c2a4d95cd7fdbfc20fba89d72b6f4dfd864b679c5f923,H4,KNOWN,KNOWN,NOT_APPLICABLE,KNOWN,KNOWN,KNOWN,KNOWN,KNOWN,KNOWN,KNOWN,KNOWN,KNOWN,KNOWN,KNOWN
73ddccb64ab70b42e7bd34b631e5614b427a14dd96c67b2581c604bce52f8110,H0,KNOWN,NOT_APPLICABLE,NOT_APPLICABLE,NOT_APPLICABLE,KNOWN,KNOWN,NOT_APPLICABLE,KNOWN,KNOWN,KNOWN,KNOWN,KNOWN,KNOWN,KNOWN
73ddccb64ab70b42e7bd34b631e5614b427a14dd96c67b2581c604bce52f8110,H1,KNOWN,NOT_APPLICABLE,KNOWN,KNOWN,KNOWN,KNOWN,NOT_APPLICABLE,KNOWN,KNOWN,KNOWN,KNOWN,KNOWN,KNOWN,KNOWN
73ddccb64ab70b42e7bd34b631e5614b427a14dd96c67b2581c604bce52f8110,H2,KNOWN,NOT_APPLICABLE,NOT_APPLICABLE,KNOWN,KNOWN,KNOWN,NOT_APPLICABLE,KNOWN,KNOWN,KNOWN,KNOWN,KNOWN,KNOWN,KNOWN
73ddccb64ab70b42e7bd34b631e5614b427a14dd96c67b2581c604bce52f8110,H3,KNOWN,NOT_APPLICABLE,NOT_APPLICABLE,KNOWN,KNOWN,KNOWN,NOT_APPLICABLE,KNOWN,KNOWN,KNOWN,KNOWN,KNOWN,KNOWN,KNOWN
73ddccb64ab70b42e7bd34b631e5614b427a14dd96c67b2581c604bce52f8110,H4,KNOWN,KNOWN,NOT_APPLICABLE,KNOWN,KNOWN,KNOWN,KNOWN,KNOWN,KNOWN,KNOWN,KNOWN,KNOWN,KNOWN,KNOWN
73fb1b73db354e144288626f81ea8a635dd9b482d932538002f210bc61affa6d,H0,KNOWN,NOT_APPLICABLE,NOT_APPLICABLE,NOT_APPLICABLE,KNOWN,KNOWN,NOT_APPLICABLE,KNOWN,KNOWN,KNOWN,KNOWN,KNOWN,KNOWN,KNOWN
73fb1b73db354e144288626f81ea8a635dd9b482d932538002f210bc61affa6d,H1,KNOWN,NOT_APPLICABLE,KNOWN,KNOWN,KNOWN,KNOWN,NOT_APPLICABLE,KNOWN,KNOWN,KNOWN,KNOWN,KNOWN,KNOWN,KNOWN
73fb1b73db354e144288626f81ea8a635dd9b482d932538002f210bc61affa6d,H2,KNOWN,NOT_APPLICABLE,NOT_APPLICABLE,KNOWN,KNOWN,KNOWN,NOT_APPLICABLE,KNOWN,KNOWN,KNOWN,KNOWN,KNOWN,KNOWN,KNOWN
73fb1b73db354e144288626f81ea8a635dd9b482d932538002f210bc61affa6d,H3,KNOWN,NOT_APPLICABLE,NOT_APPLICABLE,KNOWN,KNOWN,KNOWN,NOT_APPLICABLE,KNOWN,KNOWN,KNOWN,KNOWN,KNOWN,KNOWN,KNOWN
73fb1b73db354e144288626f81ea8a635dd9b482d932538002f210bc61affa6d,H4,KNOWN,KNOWN,NOT_APPLICABLE,KNOWN,KNOWN,KNOWN,KNOWN,KNOWN,KNOWN,KNOWN,KNOWN,KNOWN,KNOWN,KNOWN
753316efbf9fa705dbe35b67c794d02275f27f4aa4b3272332b0a77692265f2c,H0,KNOWN,NOT_APPLICABLE,NOT_APPLICABLE,NOT_APPLICABLE,KNOWN,KNOWN,NOT_APPLICABLE,KNOWN,KNOWN,KNOWN,KNOWN,KNOWN,KNOWN,KNOWN
753316efbf9fa705dbe35b67c794d02275f27f4aa4b3272332b0a77692265f2c,H1,KNOWN,NOT_APPLICABLE,KNOWN,KNOWN,KNOWN,KNOWN,NOT_APPLICABLE,KNOWN,KNOWN,KNOWN,KNOWN,KNOWN,KNOWN,KNOWN
753316efbf9fa705dbe35b67c794d02275f27f4aa4b3272332b0a77692265f2c,H2,KNOWN,NOT_APPLICABLE,NOT_APPLICABLE,KNOWN,KNOWN,KNOWN,NOT_APPLICABLE,KNOWN,KNOWN,KNOWN,KNOWN,KNOWN,KNOWN,KNOWN
753316efbf9fa705dbe35b67c794d02275f27f4aa4b3272332b0a77692265f2c,H3,KNOWN,NOT_APPLICABLE,NOT_APPLICABLE,KNOWN,KNOWN,KNOWN,NOT_APPLICABLE,KNOWN,KNOWN,KNOWN,KNOWN,KNOWN,KNOWN,KNOWN
753316efbf9fa705dbe35b67c794d02275f27f4aa4b3272332b0a77692265f2c,H4,KNOWN,KNOWN,NOT_APPLICABLE,KNOWN,KNOWN,KNOWN,KNOWN,KNOWN,KNOWN,KNOWN,KNOWN,KNOWN,KNOWN,KNOWN
75c2e90437d640e16632dd6d7e19fa7be9ec8dd720e2c85cdf49af68ff61f3cd,H0,KNOWN,NOT_APPLICABLE,NOT_APPLICABLE,NOT_APPLICABLE,KNOWN,KNOWN,NOT_APPLICABLE,KNOWN,KNOWN,KNOWN,KNOWN,KNOWN,KNOWN,KNOWN
75c2e90437d640e16632dd6d7e19fa7be9ec8dd720e2c85cdf49af68ff61f3cd,H1,KNOWN,NOT_APPLICABLE,KNOWN,KNOWN,KNOWN,KNOWN,NOT_APPLICABLE,KNOWN,KNOWN,KNOWN,KNOWN,KNOWN,KNOWN,KNOWN
75c2e90437d640e16632dd6d7e19fa7be9ec8dd720e2c85cdf49af68ff61f3cd,H2,KNOWN,NOT_APPLICABLE,NOT_APPLICABLE,KNOWN,KNOWN,KNOWN,NOT_APPLICABLE,KNOWN,KNOWN,KNOWN,KNOWN,KNOWN,KNOWN,KNOWN
75c2e90437d640e16632dd6d7e19fa7be9ec8dd720e2c85cdf49af68ff61f3cd,H3,KNOWN,NOT_APPLICABLE,NOT_APPLICABLE,KNOWN,KNOWN,KNOWN,NOT_APPLICABLE,KNOWN,KNOWN,KNOWN,KNOWN,KNOWN,KNOWN,KNOWN
75c2e90437d640e16632dd6d7e19fa7be9ec8dd720e2c85cdf49af68ff61f3cd,H4,KNOWN,KNOWN,NOT_APPLICABLE,KNOWN,KNOWN,KNOWN,KNOWN,KNOWN,KNOWN,KNOWN,KNOWN,KNOWN,KNOWN,KNOWN
75f9d88eade92ec417e69e6059e3ba91910d88d4e9b89c6bff1f38e99b01480b,H0,KNOWN,NOT_APPLICABLE,NOT_APPLICABLE,NOT_APPLICABLE,KNOWN,KNOWN,NOT_APPLICABLE,KNOWN,KNOWN,KNOWN,KNOWN,KNOWN,KNOWN,KNOWN
75f9d88eade92ec417e69e6059e3ba91910d88d4e9b89c6bff1f38e99b01480b,H1,KNOWN,NOT_APPLICABLE,KNOWN,KNOWN,KNOWN,KNOWN,NOT_APPLICABLE,KNOWN,KNOWN,KNOWN,KNOWN,KNOWN,KNOWN,KNOWN
75f9d88eade92ec417e69e6059e3ba91910d88d4e9b89c6bff1f38e99b01480b,H2,KNOWN,NOT_APPLICABLE,NOT_APPLICABLE,KNOWN,KNOWN,KNOWN,NOT_APPLICABLE,KNOWN,KNOWN,KNOWN,KNOWN,KNOWN,KNOWN,KNOWN
75f9d88eade92ec417e69e6059e3ba91910d88d4e9b89c6bff1f38e99b01480b,H3,KNOWN,NOT_APPLICABLE,NOT_APPLICABLE,KNOWN,KNOWN,KNOWN,NOT_APPLICABLE,KNOWN,KNOWN,KNOWN,KNOWN,KNOWN,KNOWN,KNOWN
75f9d88eade92ec417e69e6059e3ba91910d88d4e9b89c6bff1f38e99b01480b,H4,KNOWN,KNOWN,NOT_APPLICABLE,KNOWN,KNOWN,KNOWN,KNOWN,KNOWN,KNOWN,KNOWN,KNOWN,KNOWN,KNOWN,KNOWN
760557bd9c22d3407a47b891743a8cefc2d0bce91df3fa0b216cb2d9108d5c8f,H0,KNOWN,NOT_APPLICABLE,NOT_APPLICABLE,NOT_APPLICABLE,KNOWN,KNOWN,NOT_APPLICABLE,KNOWN,KNOWN,KNOWN,KNOWN,KNOWN,KNOWN,KNOWN
760557bd9c22d3407a47b891743a8cefc2d0bce91df3fa0b216cb2d9108d5c8f,H1,KNOWN,NOT_APPLICABLE,KNOWN,KNOWN,KNOWN,KNOWN,NOT_APPLICABLE,KNOWN,KNOWN,KNOWN,KNOWN,KNOWN,KNOWN,KNOWN
760557bd9c22d3407a47b891743a8cefc2d0bce91df3fa0b216cb2d9108d5c8f,H2,KNOWN,NOT_APPLICABLE,NOT_APPLICABLE,KNOWN,KNOWN,KNOWN,NOT_APPLICABLE,KNOWN,KNOWN,KNOWN,KNOWN,KNOWN,KNOWN,KNOWN
760557bd9c22d3407a47b891743a8cefc2d0bce91df3fa0b216cb2d9108d5c8f,H3,KNOWN,NOT_APPLICABLE,NOT_APPLICABLE,KNOWN,KNOWN,KNOWN,NOT_APPLICABLE,KNOWN,KNOWN,KNOWN,KNOWN,KNOWN,KNOWN,KNOWN
760557bd9c22d3407a47b891743a8cefc2d0bce91df3fa0b216cb2d9108d5c8f,H4,KNOWN,KNOWN,NOT_APPLICABLE,KNOWN,KNOWN,KNOWN,KNOWN,KNOWN,KNOWN,KNOWN,KNOWN,KNOWN,KNOWN,KNOWN
762b3b4e918d58e39b5002a7642906e5658b38d06345ac7a18c84aefd60a4271,H0,KNOWN,NOT_APPLICABLE,NOT_APPLICABLE,NOT_APPLICABLE,KNOWN,KNOWN,NOT_APPLICABLE,KNOWN,KNOWN,KNOWN,KNOWN,KNOWN,KNOWN,KNOWN
762b3b4e918d58e39b5002a7642906e5658b38d06345ac7a18c84aefd60a4271,H1,KNOWN,NOT_APPLICABLE,KNOWN,KNOWN,KNOWN,KNOWN,NOT_APPLICABLE,KNOWN,KNOWN,KNOWN,KNOWN,KNOWN,KNOWN,KNOWN
762b3b4e918d58e39b5002a7642906e5658b38d06345ac7a18c84aefd60a4271,H2,KNOWN,NOT_APPLICABLE,NOT_APPLICABLE,KNOWN,KNOWN,KNOWN,NOT_APPLICABLE,KNOWN,KNOWN,KNOWN,KNOWN,KNOWN,KNOWN,KNOWN
762b3b4e918d58e39b5002a7642906e5658b38d06345ac7a18c84aefd60a4271,H3,KNOWN,NOT_APPLICABLE,NOT_APPLICABLE,KNOWN,KNOWN,KNOWN,NOT_APPLICABLE,KNOWN,KNOWN,KNOWN,KNOWN,KNOWN,KNOWN,KNOWN
762b3b4e918d58e39b5002a7642906e5658b38d06345ac7a18c84aefd60a4271,H4,KNOWN,KNOWN,NOT_APPLICABLE,KNOWN,KNOWN,KNOWN,KNOWN,KNOWN,KNOWN,KNOWN,KNOWN,KNOWN,KNOWN,KNOWN
7648b3992a70fce1a9858bcbf82343dd3caded40140cff070c19a1a76b22f52a,H0,KNOWN,NOT_APPLICABLE,NOT_APPLICABLE,NOT_APPLICABLE,KNOWN,KNOWN,NOT_APPLICABLE,KNOWN,KNOWN,KNOWN,KNOWN,KNOWN,KNOWN,KNOWN
7648b3992a70fce1a9858bcbf82343dd3caded40140cff070c19a1a76b22f52a,H1,KNOWN,NOT_APPLICABLE,KNOWN,KNOWN,KNOWN,KNOWN,NOT_APPLICABLE,KNOWN,KNOWN,KNOWN,KNOWN,KNOWN,KNOWN,KNOWN
7648b3992a70fce1a9858bcbf82343dd3caded40140cff070c19a1a76b22f52a,H2,KNOWN,NOT_APPLICABLE,NOT_APPLICABLE,KNOWN,KNOWN,KNOWN,NOT_APPLICABLE,KNOWN,KNOWN,KNOWN,KNOWN,KNOWN,KNOWN,KNOWN
7648b3992a70fce1a9858bcbf82343dd3caded40140cff070c19a1a76b22f52a,H3,KNOWN,NOT_APPLICABLE,NOT_APPLICABLE,KNOWN,KNOWN,KNOWN,NOT_APPLICABLE,KNOWN,KNOWN,KNOWN,KNOWN,KNOWN,KNOWN,KNOWN
7648b3992a70fce1a9858bcbf82343dd3caded40140cff070c19a1a76b22f52a,H4,KNOWN,KNOWN,NOT_APPLICABLE,KNOWN,KNOWN,KNOWN,KNOWN,KNOWN,KNOWN,KNOWN,KNOWN,KNOWN,KNOWN,KNOWN
768d02de5e37124d78cc211644d0853fbe6279af971e5f2efabed69584ec0d68,H0,KNOWN,NOT_APPLICABLE,NOT_APPLICABLE,NOT_APPLICABLE,KNOWN,KNOWN,NOT_APPLICABLE,KNOWN,KNOWN,KNOWN,KNOWN,KNOWN,KNOWN,KNOWN
768d02de5e37124d78cc211644d0853fbe6279af971e5f2efabed69584ec0d68,H1,KNOWN,NOT_APPLICABLE,KNOWN,KNOWN,KNOWN,KNOWN,NOT_APPLICABLE,KNOWN,KNOWN,KNOWN,KNOWN,KNOWN,KNOWN,KNOWN
768d02de5e37124d78cc211644d0853fbe6279af971e5f2efabed69584ec0d68,H2,KNOWN,NOT_APPLICABLE,NOT_APPLICABLE,KNOWN,KNOWN,KNOWN,NOT_APPLICABLE,KNOWN,KNOWN,KNOWN,KNOWN,KNOWN,KNOWN,KNOWN
768d02de5e37124d78cc211644d0853fbe6279af971e5f2efabed69584ec0d68,H3,KNOWN,NOT_APPLICABLE,NOT_APPLICABLE,KNOWN,KNOWN,KNOWN,NOT_APPLICABLE,KNOWN,KNOWN,KNOWN,KNOWN,KNOWN,KNOWN,KNOWN
768d02de5e37124d78cc211644d0853fbe6279af971e5f2efabed69584ec0d68,H4,KNOWN,KNOWN,NOT_APPLICABLE,KNOWN,KNOWN,KNOWN,KNOWN,KNOWN,KNOWN,KNOWN,KNOWN,KNOWN,KNOWN,KNOWN
76a377de79bee74ecc0308a957ce4782b363d406c856e52ef09ef44ee185df87,H0,KNOWN,NOT_APPLICABLE,NOT_APPLICABLE,NOT_APPLICABLE,KNOWN,KNOWN,NOT_APPLICABLE,KNOWN,KNOWN,KNOWN,KNOWN,KNOWN,KNOWN,KNOWN
76a377de79bee74ecc0308a957ce4782b363d406c856e52ef09ef44ee185df87,H1,KNOWN,NOT_APPLICABLE,KNOWN,KNOWN,KNOWN,KNOWN,NOT_APPLICABLE,KNOWN,KNOWN,KNOWN,KNOWN,KNOWN,KNOWN,KNOWN
76a377de79bee74ecc0308a957ce4782b363d406c856e52ef09ef44ee185df87,H2,KNOWN,NOT_APPLICABLE,NOT_APPLICABLE,KNOWN,KNOWN,KNOWN,NOT_APPLICABLE,KNOWN,KNOWN,KNOWN,KNOWN,KNOWN,KNOWN,KNOWN
76a377de79bee74ecc0308a957ce4782b363d406c856e52ef09ef44ee185df87,H3,KNOWN,NOT_APPLICABLE,NOT_APPLICABLE,KNOWN,KNOWN,KNOWN,NOT_APPLICABLE,KNOWN,KNOWN,KNOWN,KNOWN,KNOWN,KNOWN,KNOWN
76a377de79bee74ecc0308a957ce4782b363d406c856e52ef09ef44ee185df87,H4,KNOWN,KNOWN,NOT_APPLICABLE,KNOWN,KNOWN,KNOWN,KNOWN,KNOWN,KNOWN,KNOWN,KNOWN,KNOWN,KNOWN,KNOWN
76b92656c1420d28bd3a96204c95983ba4ebc7410b2baaafe97dcae89b0c54b6,H0,KNOWN,NOT_APPLICABLE,NOT_APPLICABLE,NOT_APPLICABLE,KNOWN,KNOWN,NOT_APPLICABLE,KNOWN,KNOWN,KNOWN,KNOWN,KNOWN,KNOWN,KNOWN
76b92656c1420d28bd3a96204c95983ba4ebc7410b2baaafe97dcae89b0c54b6,H1,KNOWN,NOT_APPLICABLE,KNOWN,KNOWN,KNOWN,KNOWN,NOT_APPLICABLE,KNOWN,KNOWN,KNOWN,KNOWN,KNOWN,KNOWN,KNOWN
76b92656c1420d28bd3a96204c95983ba4ebc7410b2baaafe97dcae89b0c54b6,H2,KNOWN,NOT_APPLICABLE,NOT_APPLICABLE,KNOWN,KNOWN,KNOWN,NOT_APPLICABLE,KNOWN,KNOWN,KNOWN,KNOWN,KNOWN,KNOWN,KNOWN
76b92656c1420d28bd3a96204c95983ba4ebc7410b2baaafe97dcae89b0c54b6,H3,KNOWN,NOT_APPLICABLE,NOT_APPLICABLE,KNOWN,KNOWN,KNOWN,NOT_APPLICABLE,KNOWN,KNOWN,KNOWN,KNOWN,KNOWN,KNOWN,KNOWN
76b92656c1420d28bd3a96204c95983ba4ebc7410b2baaafe97dcae89b0c54b6,H4,KNOWN,KNOWN,NOT_APPLICABLE,KNOWN,KNOWN,KNOWN,KNOWN,KNOWN,KNOWN,KNOWN,KNOWN,KNOWN,KNOWN,KNOWN
76d7182424c088c668db71df1d0f37e720a41f14b6c85772adc103c35f754071,H0,KNOWN,NOT_APPLICABLE,NOT_APPLICABLE,NOT_APPLICABLE,KNOWN,KNOWN,NOT_APPLICABLE,KNOWN,KNOWN,KNOWN,KNOWN,KNOWN,KNOWN,KNOWN
76d7182424c088c668db71df1d0f37e720a41f14b6c85772adc103c35f754071,H1,KNOWN,NOT_APPLICABLE,KNOWN,KNOWN,KNOWN,KNOWN,NOT_APPLICABLE,KNOWN,KNOWN,KNOWN,KNOWN,KNOWN,KNOWN,KNOWN
76d7182424c088c668db71df1d0f37e720a41f14b6c85772adc103c35f754071,H2,KNOWN,NOT_APPLICABLE,NOT_APPLICABLE,KNOWN,KNOWN,KNOWN,NOT_APPLICABLE,KNOWN,KNOWN,KNOWN,KNOWN,KNOWN,KNOWN,KNOWN
76d7182424c088c668db71df1d0f37e720a41f14b6c85772adc103c35f754071,H3,KNOWN,NOT_APPLICABLE,NOT_APPLICABLE,KNOWN,KNOWN,KNOWN,NOT_APPLICABLE,KNOWN,KNOWN,KNOWN,KNOWN,KNOWN,KNOWN,KNOWN
76d7182424c088c668db71df1d0f37e720a41f14b6c85772adc103c35f754071,H4,KNOWN,KNOWN,NOT_APPLICABLE,KNOWN,KNOWN,KNOWN,KNOWN,KNOWN,KNOWN,KNOWN,KNOWN,KNOWN,KNOWN,KNOWN
77bf6a4855e233e4978bb3e894c5acd2c704953f2df603dc3d6534917bc70a8e,H0,KNOWN,NOT_APPLICABLE,NOT_APPLICABLE,NOT_APPLICABLE,KNOWN,KNOWN,NOT_APPLICABLE,KNOWN,KNOWN,KNOWN,KNOWN,KNOWN,KNOWN,KNOWN
77bf6a4855e233e4978bb3e894c5acd2c704953f2df603dc3d6534917bc70a8e,H1,KNOWN,NOT_APPLICABLE,KNOWN,KNOWN,KNOWN,KNOWN,NOT_APPLICABLE,KNOWN,KNOWN,KNOWN,KNOWN,KNOWN,KNOWN,KNOWN
77bf6a4855e233e4978bb3e894c5acd2c704953f2df603dc3d6534917bc70a8e,H2,KNOWN,NOT_APPLICABLE,NOT_APPLICABLE,KNOWN,KNOWN,KNOWN,NOT_APPLICABLE,KNOWN,KNOWN,KNOWN,KNOWN,KNOWN,KNOWN,KNOWN
77bf6a4855e233e4978bb3e894c5acd2c704953f2df603dc3d6534917bc70a8e,H3,KNOWN,NOT_APPLICABLE,NOT_APPLICABLE,KNOWN,KNOWN,KNOWN,NOT_APPLICABLE,KNOWN,KNOWN,KNOWN,KNOWN,KNOWN,KNOWN,KNOWN
77bf6a4855e233e4978bb3e894c5acd2c704953f2df603dc3d6534917bc70a8e,H4,KNOWN,KNOWN,NOT_APPLICABLE,KNOWN,KNOWN,KNOWN,KNOWN,KNOWN,KNOWN,KNOWN,KNOWN,KNOWN,KNOWN,KNOWN
79591834c5b6c29cebd2c6c2fdaa6c09ee1fe83606c2af405c7aa312e342e911,H0,KNOWN,NOT_APPLICABLE,NOT_APPLICABLE,NOT_APPLICABLE,KNOWN,KNOWN,NOT_APPLICABLE,KNOWN,KNOWN,KNOWN,KNOWN,KNOWN,KNOWN,KNOWN
79591834c5b6c29cebd2c6c2fdaa6c09ee1fe83606c2af405c7aa312e342e911,H1,KNOWN,NOT_APPLICABLE,KNOWN,KNOWN,KNOWN,KNOWN,NOT_APPLICABLE,KNOWN,KNOWN,KNOWN,KNOWN,KNOWN,KNOWN,KNOWN
79591834c5b6c29cebd2c6c2fdaa6c09ee1fe83606c2af405c7aa312e342e911,H2,KNOWN,NOT_APPLICABLE,NOT_APPLICABLE,KNOWN,KNOWN,KNOWN,NOT_APPLICABLE,KNOWN,KNOWN,KNOWN,KNOWN,KNOWN,KNOWN,KNOWN
79591834c5b6c29cebd2c6c2fdaa6c09ee1fe83606c2af405c7aa312e342e911,H3,KNOWN,NOT_APPLICABLE,NOT_APPLICABLE,KNOWN,KNOWN,KNOWN,NOT_APPLICABLE,KNOWN,KNOWN,KNOWN,KNOWN,KNOWN,KNOWN,KNOWN
79591834c5b6c29cebd2c6c2fdaa6c09ee1fe83606c2af405c7aa312e342e911,H4,KNOWN,KNOWN,NOT_APPLICABLE,KNOWN,KNOWN,KNOWN,KNOWN,KNOWN,KNOWN,KNOWN,KNOWN,KNOWN,KNOWN,KNOWN
79c8f83fa3b3942b5aa39a94e143660d0dc056c79d5e5299bbfd6b8e16418a04,H0,KNOWN,NOT_APPLICABLE,NOT_APPLICABLE,NOT_APPLICABLE,KNOWN,KNOWN,NOT_APPLICABLE,KNOWN,KNOWN,KNOWN,KNOWN,KNOWN,KNOWN,KNOWN
79c8f83fa3b3942b5aa39a94e143660d0dc056c79d5e5299bbfd6b8e16418a04,H1,KNOWN,NOT_APPLICABLE,KNOWN,KNOWN,KNOWN,KNOWN,NOT_APPLICABLE,KNOWN,KNOWN,KNOWN,KNOWN,KNOWN,KNOWN,KNOWN
79c8f83fa3b3942b5aa39a94e143660d0dc056c79d5e5299bbfd6b8e16418a04,H2,KNOWN,NOT_APPLICABLE,NOT_APPLICABLE,KNOWN,KNOWN,KNOWN,NOT_APPLICABLE,KNOWN,KNOWN,KNOWN,KNOWN,KNOWN,KNOWN,KNOWN
79c8f83fa3b3942b5aa39a94e143660d0dc056c79d5e5299bbfd6b8e16418a04,H3,KNOWN,NOT_APPLICABLE,NOT_APPLICABLE,KNOWN,KNOWN,KNOWN,NOT_APPLICABLE,KNOWN,KNOWN,KNOWN,KNOWN,KNOWN,KNOWN,KNOWN
79c8f83fa3b3942b5aa39a94e143660d0dc056c79d5e5299bbfd6b8e16418a04,H4,KNOWN,KNOWN,NOT_APPLICABLE,KNOWN,KNOWN,KNOWN,KNOWN,KNOWN,KNOWN,KNOWN,KNOWN,KNOWN,KNOWN,KNOWN
79d201d06f0b6d7c609b0f4ad9ac6703d4ee79bd4cbacc5f8f7f4b9d5025bb0e,H0,KNOWN,NOT_APPLICABLE,NOT_APPLICABLE,NOT_APPLICABLE,KNOWN,KNOWN,NOT_APPLICABLE,KNOWN,KNOWN,KNOWN,KNOWN,KNOWN,KNOWN,KNOWN
79d201d06f0b6d7c609b0f4ad9ac6703d4ee79bd4cbacc5f8f7f4b9d5025bb0e,H1,KNOWN,NOT_APPLICABLE,KNOWN,KNOWN,KNOWN,KNOWN,NOT_APPLICABLE,KNOWN,KNOWN,KNOWN,KNOWN,KNOWN,KNOWN,KNOWN
79d201d06f0b6d7c609b0f4ad9ac6703d4ee79bd4cbacc5f8f7f4b9d5025bb0e,H2,KNOWN,NOT_APPLICABLE,NOT_APPLICABLE,KNOWN,KNOWN,KNOWN,NOT_APPLICABLE,KNOWN,KNOWN,KNOWN,KNOWN,KNOWN,KNOWN,KNOWN
79d201d06f0b6d7c609b0f4ad9ac6703d4ee79bd4cbacc5f8f7f4b9d5025bb0e,H3,KNOWN,NOT_APPLICABLE,NOT_APPLICABLE,KNOWN,KNOWN,KNOWN,NOT_APPLICABLE,KNOWN,KNOWN,KNOWN,KNOWN,KNOWN,KNOWN,KNOWN
79d201d06f0b6d7c609b0f4ad9ac6703d4ee79bd4cbacc5f8f7f4b9d5025bb0e,H4,KNOWN,KNOWN,NOT_APPLICABLE,KNOWN,KNOWN,KNOWN,KNOWN,KNOWN,KNOWN,KNOWN,KNOWN,KNOWN,KNOWN,KNOWN
7aef71638f2f719ed6c38c86506eee85737708b667e4bced462e66a6d2a5a12d,H0,KNOWN,NOT_APPLICABLE,NOT_APPLICABLE,NOT_APPLICABLE,KNOWN,KNOWN,NOT_APPLICABLE,KNOWN,KNOWN,KNOWN,KNOWN,KNOWN,KNOWN,KNOWN
7aef71638f2f719ed6c38c86506eee85737708b667e4bced462e66a6d2a5a12d,H1,KNOWN,NOT_APPLICABLE,KNOWN,KNOWN,KNOWN,KNOWN,NOT_APPLICABLE,KNOWN,KNOWN,KNOWN,KNOWN,KNOWN,KNOWN,KNOWN
7aef71638f2f719ed6c38c86506eee85737708b667e4bced462e66a6d2a5a12d,H2,KNOWN,NOT_APPLICABLE,NOT_APPLICABLE,KNOWN,KNOWN,KNOWN,NOT_APPLICABLE,KNOWN,KNOWN,KNOWN,KNOWN,KNOWN,KNOWN,KNOWN
7aef71638f2f719ed6c38c86506eee85737708b667e4bced462e66a6d2a5a12d,H3,KNOWN,NOT_APPLICABLE,NOT_APPLICABLE,KNOWN,KNOWN,KNOWN,NOT_APPLICABLE,KNOWN,KNOWN,KNOWN,KNOWN,KNOWN,KNOWN,KNOWN
7aef71638f2f719ed6c38c86506eee85737708b667e4bced462e66a6d2a5a12d,H4,KNOWN,KNOWN,NOT_APPLICABLE,KNOWN,KNOWN,KNOWN,KNOWN,KNOWN,KNOWN,KNOWN,KNOWN,KNOWN,KNOWN,KNOWN
7b4502db71fb9e6d46cdd5cb2df2cfa87c7acff03f4f11b38b7465ad2bcba8f2,H0,KNOWN,NOT_APPLICABLE,NOT_APPLICABLE,NOT_APPLICABLE,KNOWN,KNOWN,NOT_APPLICABLE,KNOWN,KNOWN,KNOWN,KNOWN,KNOWN,KNOWN,KNOWN
7b4502db71fb9e6d46cdd5cb2df2cfa87c7acff03f4f11b38b7465ad2bcba8f2,H1,KNOWN,NOT_APPLICABLE,KNOWN,KNOWN,KNOWN,KNOWN,NOT_APPLICABLE,KNOWN,KNOWN,KNOWN,KNOWN,KNOWN,KNOWN,KNOWN
7b4502db71fb9e6d46cdd5cb2df2cfa87c7acff03f4f11b38b7465ad2bcba8f2,H2,KNOWN,NOT_APPLICABLE,NOT_APPLICABLE,KNOWN,KNOWN,KNOWN,NOT_APPLICABLE,KNOWN,KNOWN,KNOWN,KNOWN,KNOWN,KNOWN,KNOWN
7b4502db71fb9e6d46cdd5cb2df2cfa87c7acff03f4f11b38b7465ad2bcba8f2,H3,KNOWN,NOT_APPLICABLE,NOT_APPLICABLE,KNOWN,KNOWN,KNOWN,NOT_APPLICABLE,KNOWN,KNOWN,KNOWN,KNOWN,KNOWN,KNOWN,KNOWN
7b4502db71fb9e6d46cdd5cb2df2cfa87c7acff03f4f11b38b7465ad2bcba8f2,H4,KNOWN,KNOWN,NOT_APPLICABLE,KNOWN,KNOWN,KNOWN,KNOWN,KNOWN,KNOWN,KNOWN,KNOWN,KNOWN,KNOWN,KNOWN
7b70853f946d5f7d1e576c3384b501606a907461bb58999d1e1e2540e2b861cf,H0,KNOWN,NOT_APPLICABLE,NOT_APPLICABLE,NOT_APPLICABLE,KNOWN,KNOWN,NOT_APPLICABLE,KNOWN,KNOWN,KNOWN,KNOWN,KNOWN,KNOWN,KNOWN
7b70853f946d5f7d1e576c3384b501606a907461bb58999d1e1e2540e2b861cf,H1,KNOWN,NOT_APPLICABLE,KNOWN,KNOWN,KNOWN,KNOWN,NOT_APPLICABLE,KNOWN,KNOWN,KNOWN,KNOWN,KNOWN,KNOWN,KNOWN
7b70853f946d5f7d1e576c3384b501606a907461bb58999d1e1e2540e2b861cf,H2,KNOWN,NOT_APPLICABLE,NOT_APPLICABLE,KNOWN,KNOWN,KNOWN,NOT_APPLICABLE,KNOWN,KNOWN,KNOWN,KNOWN,KNOWN,KNOWN,KNOWN
7b70853f946d5f7d1e576c3384b501606a907461bb58999d1e1e2540e2b861cf,H3,KNOWN,NOT_APPLICABLE,NOT_APPLICABLE,KNOWN,KNOWN,KNOWN,NOT_APPLICABLE,KNOWN,KNOWN,KNOWN,KNOWN,KNOWN,KNOWN,KNOWN
7b70853f946d5f7d1e576c3384b501606a907461bb58999d1e1e2540e2b861cf,H4,KNOWN,KNOWN,NOT_APPLICABLE,KNOWN,KNOWN,KNOWN,KNOWN,KNOWN,KNOWN,KNOWN,KNOWN,KNOWN,KNOWN,KNOWN
7b9cd2e241c7e76e74b0eb78f917ad692e11cf5912110fc0ba2ea177e923249f,H0,KNOWN,NOT_APPLICABLE,NOT_APPLICABLE,NOT_APPLICABLE,KNOWN,KNOWN,NOT_APPLICABLE,KNOWN,KNOWN,KNOWN,KNOWN,KNOWN,KNOWN,KNOWN
7b9cd2e241c7e76e74b0eb78f917ad692e11cf5912110fc0ba2ea177e923249f,H1,KNOWN,NOT_APPLICABLE,KNOWN,KNOWN,KNOWN,KNOWN,NOT_APPLICABLE,KNOWN,KNOWN,KNOWN,KNOWN,KNOWN,KNOWN,KNOWN
7b9cd2e241c7e76e74b0eb78f917ad692e11cf5912110fc0ba2ea177e923249f,H2,KNOWN,NOT_APPLICABLE,NOT_APPLICABLE,KNOWN,KNOWN,KNOWN,NOT_APPLICABLE,KNOWN,KNOWN,KNOWN,KNOWN,KNOWN,KNOWN,KNOWN
7b9cd2e241c7e76e74b0eb78f917ad692e11cf5912110fc0ba2ea177e923249f,H3,KNOWN,NOT_APPLICABLE,NOT_APPLICABLE,KNOWN,KNOWN,KNOWN,NOT_APPLICABLE,KNOWN,KNOWN,KNOWN,KNOWN,KNOWN,KNOWN,KNOWN
7b9cd2e241c7e76e74b0eb78f917ad692e11cf5912110fc0ba2ea177e923249f,H4,KNOWN,KNOWN,NOT_APPLICABLE,KNOWN,KNOWN,KNOWN,KNOWN,KNOWN,KNOWN,KNOWN,KNOWN,KNOWN,KNOWN,KNOWN
7bead3e0928cd4b0e3f5db78ec77368f869dc72f1b59956265ea56bdc390b87c,H0,KNOWN,NOT_APPLICABLE,NOT_APPLICABLE,NOT_APPLICABLE,KNOWN,KNOWN,NOT_APPLICABLE,KNOWN,KNOWN,KNOWN,KNOWN,KNOWN,KNOWN,KNOWN
7bead3e0928cd4b0e3f5db78ec77368f869dc72f1b59956265ea56bdc390b87c,H1,KNOWN,NOT_APPLICABLE,KNOWN,KNOWN,KNOWN,KNOWN,NOT_APPLICABLE,KNOWN,KNOWN,KNOWN,KNOWN,KNOWN,KNOWN,KNOWN
7bead3e0928cd4b0e3f5db78ec77368f869dc72f1b59956265ea56bdc390b87c,H2,KNOWN,NOT_APPLICABLE,NOT_APPLICABLE,KNOWN,KNOWN,KNOWN,NOT_APPLICABLE,KNOWN,KNOWN,KNOWN,KNOWN,KNOWN,KNOWN,KNOWN
7bead3e0928cd4b0e3f5db78ec77368f869dc72f1b59956265ea56bdc390b87c,H3,KNOWN,NOT_APPLICABLE,NOT_APPLICABLE,KNOWN,KNOWN,KNOWN,NOT_APPLICABLE,KNOWN,KNOWN,KNOWN,KNOWN,KNOWN,KNOWN,KNOWN
7bead3e0928cd4b0e3f5db78ec77368f869dc72f1b59956265ea56bdc390b87c,H4,KNOWN,KNOWN,NOT_APPLICABLE,KNOWN,KNOWN,KNOWN,KNOWN,KNOWN,KNOWN,KNOWN,KNOWN,KNOWN,KNOWN,KNOWN
7d5c9e88c4b5e2dc31112982694389b38a4f0f71ff398a6105dbad45e00005ee,H0,KNOWN,NOT_APPLICABLE,NOT_APPLICABLE,NOT_APPLICABLE,KNOWN,KNOWN,NOT_APPLICABLE,KNOWN,KNOWN,KNOWN,KNOWN,KNOWN,KNOWN,KNOWN
7d5c9e88c4b5e2dc31112982694389b38a4f0f71ff398a6105dbad45e00005ee,H1,KNOWN,NOT_APPLICABLE,KNOWN,KNOWN,KNOWN,KNOWN,NOT_APPLICABLE,KNOWN,KNOWN,KNOWN,KNOWN,KNOWN,KNOWN,KNOWN
7d5c9e88c4b5e2dc31112982694389b38a4f0f71ff398a6105dbad45e00005ee,H2,KNOWN,NOT_APPLICABLE,NOT_APPLICABLE,KNOWN,KNOWN,KNOWN,NOT_APPLICABLE,KNOWN,KNOWN,KNOWN,KNOWN,KNOWN,KNOWN,KNOWN
7d5c9e88c4b5e2dc31112982694389b38a4f0f71ff398a6105dbad45e00005ee,H3,KNOWN,NOT_APPLICABLE,NOT_APPLICABLE,KNOWN,KNOWN,KNOWN,NOT_APPLICABLE,KNOWN,KNOWN,KNOWN,KNOWN,KNOWN,KNOWN,KNOWN
7d5c9e88c4b5e2dc31112982694389b38a4f0f71ff398a6105dbad45e00005ee,H4,KNOWN,KNOWN,NOT_APPLICABLE,KNOWN,KNOWN,KNOWN,KNOWN,KNOWN,KNOWN,KNOWN,KNOWN,KNOWN,KNOWN,KNOWN
7e94ac02dde8d70eaaf5e8e61127c49acd493143f24236f8d7df688622327689,H0,KNOWN,NOT_APPLICABLE,NOT_APPLICABLE,NOT_APPLICABLE,KNOWN,KNOWN,NOT_APPLICABLE,KNOWN,KNOWN,KNOWN,KNOWN,KNOWN,KNOWN,KNOWN
7e94ac02dde8d70eaaf5e8e61127c49acd493143f24236f8d7df688622327689,H1,KNOWN,NOT_APPLICABLE,KNOWN,KNOWN,KNOWN,KNOWN,NOT_APPLICABLE,KNOWN,KNOWN,KNOWN,KNOWN,KNOWN,KNOWN,KNOWN
7e94ac02dde8d70eaaf5e8e61127c49acd493143f24236f8d7df688622327689,H2,KNOWN,NOT_APPLICABLE,NOT_APPLICABLE,KNOWN,KNOWN,KNOWN,NOT_APPLICABLE,KNOWN,KNOWN,KNOWN,KNOWN,KNOWN,KNOWN,KNOWN
7e94ac02dde8d70eaaf5e8e61127c49acd493143f24236f8d7df688622327689,H3,KNOWN,NOT_APPLICABLE,NOT_APPLICABLE,KNOWN,KNOWN,KNOWN,NOT_APPLICABLE,KNOWN,KNOWN,KNOWN,KNOWN,KNOWN,KNOWN,KNOWN
7e94ac02dde8d70eaaf5e8e61127c49acd493143f24236f8d7df688622327689,H4,KNOWN,KNOWN,NOT_APPLICABLE,KNOWN,KNOWN,KNOWN,KNOWN,KNOWN,KNOWN,KNOWN,KNOWN,KNOWN,KNOWN,KNOWN
7eaa6df2c96ac2dd353a86a9e74f3724559b94da70cb07b400a4e0ba86c57a4e,H0,KNOWN,NOT_APPLICABLE,NOT_APPLICABLE,NOT_APPLICABLE,KNOWN,KNOWN,NOT_APPLICABLE,KNOWN,KNOWN,KNOWN,KNOWN,KNOWN,KNOWN,KNOWN
7eaa6df2c96ac2dd353a86a9e74f3724559b94da70cb07b400a4e0ba86c57a4e,H1,KNOWN,NOT_APPLICABLE,KNOWN,KNOWN,KNOWN,KNOWN,NOT_APPLICABLE,KNOWN,KNOWN,KNOWN,KNOWN,KNOWN,KNOWN,KNOWN
7eaa6df2c96ac2dd353a86a9e74f3724559b94da70cb07b400a4e0ba86c57a4e,H2,KNOWN,NOT_APPLICABLE,NOT_APPLICABLE,KNOWN,KNOWN,KNOWN,NOT_APPLICABLE,KNOWN,KNOWN,KNOWN,KNOWN,KNOWN,KNOWN,KNOWN
7eaa6df2c96ac2dd353a86a9e74f3724559b94da70cb07b400a4e0ba86c57a4e,H3,KNOWN,NOT_APPLICABLE,NOT_APPLICABLE,KNOWN,KNOWN,KNOWN,NOT_APPLICABLE,KNOWN,KNOWN,KNOWN,KNOWN,KNOWN,KNOWN,KNOWN
7eaa6df2c96ac2dd353a86a9e74f3724559b94da70cb07b400a4e0ba86c57a4e,H4,KNOWN,KNOWN,NOT_APPLICABLE,KNOWN,KNOWN,KNOWN,KNOWN,KNOWN,KNOWN,KNOWN,KNOWN,KNOWN,KNOWN,KNOWN
7fdb3ed3e9c8d0284723f10bab37cc1e8227df4bcb19db973367f64678f93221,H0,KNOWN,NOT_APPLICABLE,NOT_APPLICABLE,NOT_APPLICABLE,KNOWN,KNOWN,NOT_APPLICABLE,KNOWN,KNOWN,KNOWN,KNOWN,KNOWN,KNOWN,KNOWN
7fdb3ed3e9c8d0284723f10bab37cc1e8227df4bcb19db973367f64678f93221,H1,KNOWN,NOT_APPLICABLE,KNOWN,KNOWN,KNOWN,KNOWN,NOT_APPLICABLE,KNOWN,KNOWN,KNOWN,KNOWN,KNOWN,KNOWN,KNOWN
7fdb3ed3e9c8d0284723f10bab37cc1e8227df4bcb19db973367f64678f93221,H2,KNOWN,NOT_APPLICABLE,NOT_APPLICABLE,KNOWN,KNOWN,KNOWN,NOT_APPLICABLE,KNOWN,KNOWN,KNOWN,KNOWN,KNOWN,KNOWN,KNOWN
7fdb3ed3e9c8d0284723f10bab37cc1e8227df4bcb19db973367f64678f93221,H3,KNOWN,NOT_APPLICABLE,NOT_APPLICABLE,KNOWN,KNOWN,KNOWN,NOT_APPLICABLE,KNOWN,KNOWN,KNOWN,KNOWN,KNOWN,KNOWN,KNOWN
7fdb3ed3e9c8d0284723f10bab37cc1e8227df4bcb19db973367f64678f93221,H4,KNOWN,KNOWN,NOT_APPLICABLE,KNOWN,KNOWN,KNOWN,KNOWN,KNOWN,KNOWN,KNOWN,KNOWN,KNOWN,KNOWN,KNOWN
8066098647a37f0152c216f31ccbcae39de413f548b80f6a213b0782ac5f3512,H0,KNOWN,NOT_APPLICABLE,NOT_APPLICABLE,NOT_APPLICABLE,KNOWN,KNOWN,NOT_APPLICABLE,KNOWN,KNOWN,KNOWN,KNOWN,KNOWN,KNOWN,KNOWN
8066098647a37f0152c216f31ccbcae39de413f548b80f6a213b0782ac5f3512,H1,KNOWN,NOT_APPLICABLE,KNOWN,KNOWN,KNOWN,KNOWN,NOT_APPLICABLE,KNOWN,KNOWN,KNOWN,KNOWN,KNOWN,KNOWN,KNOWN
8066098647a37f0152c216f31ccbcae39de413f548b80f6a213b0782ac5f3512,H2,KNOWN,NOT_APPLICABLE,NOT_APPLICABLE,KNOWN,KNOWN,KNOWN,NOT_APPLICABLE,KNOWN,KNOWN,KNOWN,KNOWN,KNOWN,KNOWN,KNOWN
8066098647a37f0152c216f31ccbcae39de413f548b80f6a213b0782ac5f3512,H3,KNOWN,NOT_APPLICABLE,NOT_APPLICABLE,KNOWN,KNOWN,KNOWN,NOT_APPLICABLE,KNOWN,KNOWN,KNOWN,KNOWN,KNOWN,KNOWN,KNOWN
8066098647a37f0152c216f31ccbcae39de413f548b80f6a213b0782ac5f3512,H4,KNOWN,KNOWN,NOT_APPLICABLE,KNOWN,KNOWN,KNOWN,KNOWN,KNOWN,KNOWN,KNOWN,KNOWN,KNOWN,KNOWN,KNOWN
808db073a4fb2b3b431241533696cc0aafbef7513bf72cdf11198287228a80b1,H0,KNOWN,NOT_APPLICABLE,NOT_APPLICABLE,NOT_APPLICABLE,KNOWN,KNOWN,NOT_APPLICABLE,KNOWN,KNOWN,KNOWN,KNOWN,KNOWN,KNOWN,KNOWN
808db073a4fb2b3b431241533696cc0aafbef7513bf72cdf11198287228a80b1,H1,KNOWN,NOT_APPLICABLE,KNOWN,KNOWN,KNOWN,KNOWN,NOT_APPLICABLE,KNOWN,KNOWN,KNOWN,KNOWN,KNOWN,KNOWN,KNOWN
808db073a4fb2b3b431241533696cc0aafbef7513bf72cdf11198287228a80b1,H2,KNOWN,NOT_APPLICABLE,NOT_APPLICABLE,KNOWN,KNOWN,KNOWN,NOT_APPLICABLE,KNOWN,KNOWN,KNOWN,KNOWN,KNOWN,KNOWN,KNOWN
808db073a4fb2b3b431241533696cc0aafbef7513bf72cdf11198287228a80b1,H3,KNOWN,NOT_APPLICABLE,NOT_APPLICABLE,KNOWN,KNOWN,KNOWN,NOT_APPLICABLE,KNOWN,KNOWN,KNOWN,KNOWN,KNOWN,KNOWN,KNOWN
808db073a4fb2b3b431241533696cc0aafbef7513bf72cdf11198287228a80b1,H4,KNOWN,KNOWN,NOT_APPLICABLE,KNOWN,KNOWN,KNOWN,KNOWN,KNOWN,KNOWN,KNOWN,KNOWN,KNOWN,KNOWN,KNOWN
81815860e8d1363939917aaae82838019da5c7eaa1dee341a77feb063c222b3e,H0,KNOWN,NOT_APPLICABLE,NOT_APPLICABLE,NOT_APPLICABLE,KNOWN,KNOWN,NOT_APPLICABLE,KNOWN,KNOWN,KNOWN,KNOWN,KNOWN,KNOWN,KNOWN
81815860e8d1363939917aaae82838019da5c7eaa1dee341a77feb063c222b3e,H1,KNOWN,NOT_APPLICABLE,KNOWN,KNOWN,KNOWN,KNOWN,NOT_APPLICABLE,KNOWN,KNOWN,KNOWN,KNOWN,KNOWN,KNOWN,KNOWN
81815860e8d1363939917aaae82838019da5c7eaa1dee341a77feb063c222b3e,H2,KNOWN,NOT_APPLICABLE,NOT_APPLICABLE,KNOWN,KNOWN,KNOWN,NOT_APPLICABLE,KNOWN,KNOWN,KNOWN,KNOWN,KNOWN,KNOWN,KNOWN
81815860e8d1363939917aaae82838019da5c7eaa1dee341a77feb063c222b3e,H3,KNOWN,NOT_APPLICABLE,NOT_APPLICABLE,KNOWN,KNOWN,KNOWN,NOT_APPLICABLE,KNOWN,KNOWN,KNOWN,KNOWN,KNOWN,KNOWN,KNOWN
81815860e8d1363939917aaae82838019da5c7eaa1dee341a77feb063c222b3e,H4,KNOWN,KNOWN,NOT_APPLICABLE,KNOWN,KNOWN,KNOWN,KNOWN,KNOWN,KNOWN,KNOWN,KNOWN,KNOWN,KNOWN,KNOWN
8196468a2a94316d1819ccdee437ec9f0d39c85bbdcada00faf8001f40f819b8,H0,KNOWN,NOT_APPLICABLE,NOT_APPLICABLE,NOT_APPLICABLE,KNOWN,KNOWN,NOT_APPLICABLE,KNOWN,KNOWN,KNOWN,KNOWN,KNOWN,KNOWN,KNOWN
8196468a2a94316d1819ccdee437ec9f0d39c85bbdcada00faf8001f40f819b8,H1,KNOWN,NOT_APPLICABLE,KNOWN,KNOWN,KNOWN,KNOWN,NOT_APPLICABLE,KNOWN,KNOWN,KNOWN,KNOWN,KNOWN,KNOWN,KNOWN
8196468a2a94316d1819ccdee437ec9f0d39c85bbdcada00faf8001f40f819b8,H2,KNOWN,NOT_APPLICABLE,NOT_APPLICABLE,KNOWN,KNOWN,KNOWN,NOT_APPLICABLE,KNOWN,KNOWN,KNOWN,KNOWN,KNOWN,KNOWN,KNOWN
8196468a2a94316d1819ccdee437ec9f0d39c85bbdcada00faf8001f40f819b8,H3,KNOWN,NOT_APPLICABLE,NOT_APPLICABLE,KNOWN,KNOWN,KNOWN,NOT_APPLICABLE,KNOWN,KNOWN,KNOWN,KNOWN,KNOWN,KNOWN,KNOWN
8196468a2a94316d1819ccdee437ec9f0d39c85bbdcada00faf8001f40f819b8,H4,KNOWN,KNOWN,NOT_APPLICABLE,KNOWN,KNOWN,KNOWN,KNOWN,KNOWN,KNOWN,KNOWN,KNOWN,KNOWN,KNOWN,KNOWN
81fdea3ccfb4e45255aba7bbea58f27d5b84fd18df33ff75a84b61a1c0352ebb,H0,KNOWN,NOT_APPLICABLE,NOT_APPLICABLE,NOT_APPLICABLE,KNOWN,KNOWN,NOT_APPLICABLE,KNOWN,KNOWN,KNOWN,KNOWN,KNOWN,KNOWN,KNOWN
81fdea3ccfb4e45255aba7bbea58f27d5b84fd18df33ff75a84b61a1c0352ebb,H1,KNOWN,NOT_APPLICABLE,KNOWN,KNOWN,KNOWN,KNOWN,NOT_APPLICABLE,KNOWN,KNOWN,KNOWN,KNOWN,KNOWN,KNOWN,KNOWN
81fdea3ccfb4e45255aba7bbea58f27d5b84fd18df33ff75a84b61a1c0352ebb,H2,KNOWN,NOT_APPLICABLE,NOT_APPLICABLE,KNOWN,KNOWN,KNOWN,NOT_APPLICABLE,KNOWN,KNOWN,KNOWN,KNOWN,KNOWN,KNOWN,KNOWN
81fdea3ccfb4e45255aba7bbea58f27d5b84fd18df33ff75a84b61a1c0352ebb,H3,KNOWN,NOT_APPLICABLE,NOT_APPLICABLE,KNOWN,KNOWN,KNOWN,NOT_APPLICABLE,KNOWN,KNOWN,KNOWN,KNOWN,KNOWN,KNOWN,KNOWN
81fdea3ccfb4e45255aba7bbea58f27d5b84fd18df33ff75a84b61a1c0352ebb,H4,KNOWN,KNOWN,NOT_APPLICABLE,KNOWN,KNOWN,KNOWN,KNOWN,KNOWN,KNOWN,KNOWN,KNOWN,KNOWN,KNOWN,KNOWN
82c60937300de0b2bf3ef53fcdd12983e5dbfaef9490d320d5fff82b13d0dabb,H0,KNOWN,NOT_APPLICABLE,NOT_APPLICABLE,NOT_APPLICABLE,KNOWN,KNOWN,NOT_APPLICABLE,KNOWN,KNOWN,KNOWN,KNOWN,KNOWN,KNOWN,KNOWN
82c60937300de0b2bf3ef53fcdd12983e5dbfaef9490d320d5fff82b13d0dabb,H1,KNOWN,NOT_APPLICABLE,KNOWN,KNOWN,KNOWN,KNOWN,NOT_APPLICABLE,KNOWN,KNOWN,KNOWN,KNOWN,KNOWN,KNOWN,KNOWN
82c60937300de0b2bf3ef53fcdd12983e5dbfaef9490d320d5fff82b13d0dabb,H2,KNOWN,NOT_APPLICABLE,NOT_APPLICABLE,KNOWN,KNOWN,KNOWN,NOT_APPLICABLE,KNOWN,KNOWN,KNOWN,KNOWN,KNOWN,KNOWN,KNOWN
82c60937300de0b2bf3ef53fcdd12983e5dbfaef9490d320d5fff82b13d0dabb,H3,KNOWN,NOT_APPLICABLE,NOT_APPLICABLE,KNOWN,KNOWN,KNOWN,NOT_APPLICABLE,KNOWN,KNOWN,KNOWN,KNOWN,KNOWN,KNOWN,KNOWN
82c60937300de0b2bf3ef53fcdd12983e5dbfaef9490d320d5fff82b13d0dabb,H4,KNOWN,KNOWN,NOT_APPLICABLE,KNOWN,KNOWN,KNOWN,KNOWN,KNOWN,KNOWN,KNOWN,KNOWN,KNOWN,KNOWN,KNOWN
82f4fca7f6b35beb7567e37839ed9166f5dda3effe1818cdef2980b56e32205c,H0,KNOWN,NOT_APPLICABLE,NOT_APPLICABLE,NOT_APPLICABLE,KNOWN,KNOWN,NOT_APPLICABLE,KNOWN,KNOWN,KNOWN,KNOWN,KNOWN,KNOWN,KNOWN
82f4fca7f6b35beb7567e37839ed9166f5dda3effe1818cdef2980b56e32205c,H1,KNOWN,NOT_APPLICABLE,KNOWN,KNOWN,KNOWN,KNOWN,NOT_APPLICABLE,KNOWN,KNOWN,KNOWN,KNOWN,KNOWN,KNOWN,KNOWN
82f4fca7f6b35beb7567e37839ed9166f5dda3effe1818cdef2980b56e32205c,H2,KNOWN,NOT_APPLICABLE,NOT_APPLICABLE,KNOWN,KNOWN,KNOWN,NOT_APPLICABLE,KNOWN,KNOWN,KNOWN,KNOWN,KNOWN,KNOWN,KNOWN
82f4fca7f6b35beb7567e37839ed9166f5dda3effe1818cdef2980b56e32205c,H3,KNOWN,NOT_APPLICABLE,NOT_APPLICABLE,KNOWN,KNOWN,KNOWN,NOT_APPLICABLE,KNOWN,KNOWN,KNOWN,KNOWN,KNOWN,KNOWN,KNOWN
82f4fca7f6b35beb7567e37839ed9166f5dda3effe1818cdef2980b56e32205c,H4,KNOWN,KNOWN,NOT_APPLICABLE,KNOWN,KNOWN,KNOWN,KNOWN,KNOWN,KNOWN,KNOWN,KNOWN,KNOWN,KNOWN,KNOWN
8306b1003f14faeed2726556e7c5f47ece2ffe4deee6e3f812c36979b66281f0,H0,KNOWN,NOT_APPLICABLE,NOT_APPLICABLE,NOT_APPLICABLE,KNOWN,KNOWN,NOT_APPLICABLE,KNOWN,KNOWN,KNOWN,KNOWN,KNOWN,KNOWN,KNOWN
8306b1003f14faeed2726556e7c5f47ece2ffe4deee6e3f812c36979b66281f0,H1,KNOWN,NOT_APPLICABLE,KNOWN,KNOWN,KNOWN,KNOWN,NOT_APPLICABLE,KNOWN,KNOWN,KNOWN,KNOWN,KNOWN,KNOWN,KNOWN
8306b1003f14faeed2726556e7c5f47ece2ffe4deee6e3f812c36979b66281f0,H2,KNOWN,NOT_APPLICABLE,NOT_APPLICABLE,KNOWN,KNOWN,KNOWN,NOT_APPLICABLE,KNOWN,KNOWN,KNOWN,KNOWN,KNOWN,KNOWN,KNOWN
8306b1003f14faeed2726556e7c5f47ece2ffe4deee6e3f812c36979b66281f0,H3,KNOWN,NOT_APPLICABLE,NOT_APPLICABLE,KNOWN,KNOWN,KNOWN,NOT_APPLICABLE,KNOWN,KNOWN,KNOWN,KNOWN,KNOWN,KNOWN,KNOWN
8306b1003f14faeed2726556e7c5f47ece2ffe4deee6e3f812c36979b66281f0,H4,KNOWN,KNOWN,NOT_APPLICABLE,KNOWN,KNOWN,KNOWN,KNOWN,KNOWN,KNOWN,KNOWN,KNOWN,KNOWN,KNOWN,KNOWN
8513c625573e57cbe4f5a82969af1f52dc1728577c02b618387175bbdad735ca,H0,KNOWN,NOT_APPLICABLE,NOT_APPLICABLE,NOT_APPLICABLE,KNOWN,KNOWN,NOT_APPLICABLE,KNOWN,KNOWN,KNOWN,KNOWN,KNOWN,KNOWN,KNOWN
8513c625573e57cbe4f5a82969af1f52dc1728577c02b618387175bbdad735ca,H1,KNOWN,NOT_APPLICABLE,KNOWN,KNOWN,KNOWN,KNOWN,NOT_APPLICABLE,KNOWN,KNOWN,KNOWN,KNOWN,KNOWN,KNOWN,KNOWN
8513c625573e57cbe4f5a82969af1f52dc1728577c02b618387175bbdad735ca,H2,KNOWN,NOT_APPLICABLE,NOT_APPLICABLE,KNOWN,KNOWN,KNOWN,NOT_APPLICABLE,KNOWN,KNOWN,KNOWN,KNOWN,KNOWN,KNOWN,KNOWN
8513c625573e57cbe4f5a82969af1f52dc1728577c02b618387175bbdad735ca,H3,KNOWN,NOT_APPLICABLE,NOT_APPLICABLE,KNOWN,KNOWN,KNOWN,NOT_APPLICABLE,KNOWN,KNOWN,KNOWN,KNOWN,KNOWN,KNOWN,KNOWN
8513c625573e57cbe4f5a82969af1f52dc1728577c02b618387175bbdad735ca,H4,KNOWN,KNOWN,NOT_APPLICABLE,KNOWN,KNOWN,KNOWN,KNOWN,KNOWN,KNOWN,KNOWN,KNOWN,KNOWN,KNOWN,KNOWN
8751b5cd8453f60efd97861a4e26576d6fa7df53a7729a43311e0a1cbafd1600,H0,KNOWN,NOT_APPLICABLE,NOT_APPLICABLE,NOT_APPLICABLE,KNOWN,KNOWN,NOT_APPLICABLE,KNOWN,KNOWN,KNOWN,KNOWN,KNOWN,KNOWN,KNOWN
8751b5cd8453f60efd97861a4e26576d6fa7df53a7729a43311e0a1cbafd1600,H1,KNOWN,NOT_APPLICABLE,KNOWN,KNOWN,KNOWN,KNOWN,NOT_APPLICABLE,KNOWN,KNOWN,KNOWN,KNOWN,KNOWN,KNOWN,KNOWN
8751b5cd8453f60efd97861a4e26576d6fa7df53a7729a43311e0a1cbafd1600,H2,KNOWN,NOT_APPLICABLE,NOT_APPLICABLE,KNOWN,KNOWN,KNOWN,NOT_APPLICABLE,KNOWN,KNOWN,KNOWN,KNOWN,KNOWN,KNOWN,KNOWN
8751b5cd8453f60efd97861a4e26576d6fa7df53a7729a43311e0a1cbafd1600,H3,KNOWN,NOT_APPLICABLE,NOT_APPLICABLE,KNOWN,KNOWN,KNOWN,NOT_APPLICABLE,KNOWN,KNOWN,KNOWN,KNOWN,KNOWN,KNOWN,KNOWN
8751b5cd8453f60efd97861a4e26576d6fa7df53a7729a43311e0a1cbafd1600,H4,KNOWN,KNOWN,NOT_APPLICABLE,KNOWN,KNOWN,KNOWN,KNOWN,KNOWN,KNOWN,KNOWN,KNOWN,KNOWN,KNOWN,KNOWN
888f42ac05f411e6c91e05f7b84fb37208f1af1ac324b050eb7542c16f7095f9,H0,KNOWN,NOT_APPLICABLE,NOT_APPLICABLE,NOT_APPLICABLE,KNOWN,KNOWN,NOT_APPLICABLE,KNOWN,KNOWN,KNOWN,KNOWN,KNOWN,KNOWN,KNOWN
888f42ac05f411e6c91e05f7b84fb37208f1af1ac324b050eb7542c16f7095f9,H1,KNOWN,NOT_APPLICABLE,KNOWN,KNOWN,KNOWN,KNOWN,NOT_APPLICABLE,KNOWN,KNOWN,KNOWN,KNOWN,KNOWN,KNOWN,KNOWN
888f42ac05f411e6c91e05f7b84fb37208f1af1ac324b050eb7542c16f7095f9,H2,KNOWN,NOT_APPLICABLE,NOT_APPLICABLE,KNOWN,KNOWN,KNOWN,NOT_APPLICABLE,KNOWN,KNOWN,KNOWN,KNOWN,KNOWN,KNOWN,KNOWN
888f42ac05f411e6c91e05f7b84fb37208f1af1ac324b050eb7542c16f7095f9,H3,KNOWN,NOT_APPLICABLE,NOT_APPLICABLE,KNOWN,KNOWN,KNOWN,NOT_APPLICABLE,KNOWN,KNOWN,KNOWN,KNOWN,KNOWN,KNOWN,KNOWN
888f42ac05f411e6c91e05f7b84fb37208f1af1ac324b050eb7542c16f7095f9,H4,KNOWN,KNOWN,NOT_APPLICABLE,KNOWN,KNOWN,KNOWN,KNOWN,KNOWN,KNOWN,KNOWN,KNOWN,KNOWN,KNOWN,KNOWN
889092e089ef1c28b9cbf60d4dc8cb1e2f7451b183c25b05d6514ffbf26a240d,H0,KNOWN,NOT_APPLICABLE,NOT_APPLICABLE,NOT_APPLICABLE,KNOWN,KNOWN,NOT_APPLICABLE,KNOWN,KNOWN,KNOWN,KNOWN,KNOWN,KNOWN,KNOWN
889092e089ef1c28b9cbf60d4dc8cb1e2f7451b183c25b05d6514ffbf26a240d,H1,KNOWN,NOT_APPLICABLE,KNOWN,KNOWN,KNOWN,KNOWN,NOT_APPLICABLE,KNOWN,KNOWN,KNOWN,KNOWN,KNOWN,KNOWN,KNOWN
889092e089ef1c28b9cbf60d4dc8cb1e2f7451b183c25b05d6514ffbf26a240d,H2,KNOWN,NOT_APPLICABLE,NOT_APPLICABLE,KNOWN,KNOWN,KNOWN,NOT_APPLICABLE,KNOWN,KNOWN,KNOWN,KNOWN,KNOWN,KNOWN,KNOWN
889092e089ef1c28b9cbf60d4dc8cb1e2f7451b183c25b05d6514ffbf26a240d,H3,KNOWN,NOT_APPLICABLE,NOT_APPLICABLE,KNOWN,KNOWN,KNOWN,NOT_APPLICABLE,KNOWN,KNOWN,KNOWN,KNOWN,KNOWN,KNOWN,KNOWN
889092e089ef1c28b9cbf60d4dc8cb1e2f7451b183c25b05d6514ffbf26a240d,H4,KNOWN,KNOWN,NOT_APPLICABLE,KNOWN,KNOWN,KNOWN,KNOWN,KNOWN,KNOWN,KNOWN,KNOWN,KNOWN,KNOWN,KNOWN
896d1b51839468e5f639198557ea8491b45e17bd0987835ed37903a0a4ac0dee,H0,KNOWN,NOT_APPLICABLE,NOT_APPLICABLE,NOT_APPLICABLE,KNOWN,KNOWN,NOT_APPLICABLE,KNOWN,KNOWN,KNOWN,KNOWN,KNOWN,KNOWN,KNOWN
896d1b51839468e5f639198557ea8491b45e17bd0987835ed37903a0a4ac0dee,H1,KNOWN,NOT_APPLICABLE,KNOWN,KNOWN,KNOWN,KNOWN,NOT_APPLICABLE,KNOWN,KNOWN,KNOWN,KNOWN,KNOWN,KNOWN,KNOWN
896d1b51839468e5f639198557ea8491b45e17bd0987835ed37903a0a4ac0dee,H2,KNOWN,NOT_APPLICABLE,NOT_APPLICABLE,KNOWN,KNOWN,KNOWN,NOT_APPLICABLE,KNOWN,KNOWN,KNOWN,KNOWN,KNOWN,KNOWN,KNOWN
896d1b51839468e5f639198557ea8491b45e17bd0987835ed37903a0a4ac0dee,H3,KNOWN,NOT_APPLICABLE,NOT_APPLICABLE,KNOWN,KNOWN,KNOWN,NOT_APPLICABLE,KNOWN,KNOWN,KNOWN,KNOWN,KNOWN,KNOWN,KNOWN
896d1b51839468e5f639198557ea8491b45e17bd0987835ed37903a0a4ac0dee,H4,KNOWN,KNOWN,NOT_APPLICABLE,KNOWN,KNOWN,KNOWN,KNOWN,KNOWN,KNOWN,KNOWN,KNOWN,KNOWN,KNOWN,KNOWN
89cbbad8752c807200218f5d5f4ca3dcde6756e20335e1b783324a198dd0ac9a,H0,KNOWN,NOT_APPLICABLE,NOT_APPLICABLE,NOT_APPLICABLE,KNOWN,KNOWN,NOT_APPLICABLE,KNOWN,KNOWN,KNOWN,KNOWN,KNOWN,KNOWN,KNOWN
89cbbad8752c807200218f5d5f4ca3dcde6756e20335e1b783324a198dd0ac9a,H1,KNOWN,NOT_APPLICABLE,KNOWN,KNOWN,KNOWN,KNOWN,NOT_APPLICABLE,KNOWN,KNOWN,KNOWN,KNOWN,KNOWN,KNOWN,KNOWN
89cbbad8752c807200218f5d5f4ca3dcde6756e20335e1b783324a198dd0ac9a,H2,KNOWN,NOT_APPLICABLE,NOT_APPLICABLE,KNOWN,KNOWN,KNOWN,NOT_APPLICABLE,KNOWN,KNOWN,KNOWN,KNOWN,KNOWN,KNOWN,KNOWN
89cbbad8752c807200218f5d5f4ca3dcde6756e20335e1b783324a198dd0ac9a,H3,KNOWN,NOT_APPLICABLE,NOT_APPLICABLE,KNOWN,KNOWN,KNOWN,NOT_APPLICABLE,KNOWN,KNOWN,KNOWN,KNOWN,KNOWN,KNOWN,KNOWN
89cbbad8752c807200218f5d5f4ca3dcde6756e20335e1b783324a198dd0ac9a,H4,KNOWN,KNOWN,NOT_APPLICABLE,KNOWN,KNOWN,KNOWN,KNOWN,KNOWN,KNOWN,KNOWN,KNOWN,KNOWN,KNOWN,KNOWN
89e3692a9b6ff141c809bcf4c0ba197fad85885d1cfca74b65273fde40757089,H0,KNOWN,NOT_APPLICABLE,NOT_APPLICABLE,NOT_APPLICABLE,KNOWN,KNOWN,NOT_APPLICABLE,KNOWN,KNOWN,KNOWN,KNOWN,KNOWN,KNOWN,KNOWN
89e3692a9b6ff141c809bcf4c0ba197fad85885d1cfca74b65273fde40757089,H1,KNOWN,NOT_APPLICABLE,KNOWN,KNOWN,KNOWN,KNOWN,NOT_APPLICABLE,KNOWN,KNOWN,KNOWN,KNOWN,KNOWN,KNOWN,KNOWN
89e3692a9b6ff141c809bcf4c0ba197fad85885d1cfca74b65273fde40757089,H2,KNOWN,NOT_APPLICABLE,NOT_APPLICABLE,KNOWN,KNOWN,KNOWN,NOT_APPLICABLE,KNOWN,KNOWN,KNOWN,KNOWN,KNOWN,KNOWN,KNOWN
89e3692a9b6ff141c809bcf4c0ba197fad85885d1cfca74b65273fde40757089,H3,KNOWN,NOT_APPLICABLE,NOT_APPLICABLE,KNOWN,KNOWN,KNOWN,NOT_APPLICABLE,KNOWN,KNOWN,KNOWN,KNOWN,KNOWN,KNOWN,KNOWN
89e3692a9b6ff141c809bcf4c0ba197fad85885d1cfca74b65273fde40757089,H4,KNOWN,KNOWN,NOT_APPLICABLE,KNOWN,KNOWN,KNOWN,KNOWN,KNOWN,KNOWN,KNOWN,KNOWN,KNOWN,KNOWN,KNOWN
89e6e1498a77d3cd583ad7fbdec41e4f8f5ef826113ab3d2b861baf01f310fe3,H0,KNOWN,NOT_APPLICABLE,NOT_APPLICABLE,NOT_APPLICABLE,KNOWN,KNOWN,NOT_APPLICABLE,KNOWN,KNOWN,KNOWN,KNOWN,KNOWN,KNOWN,KNOWN
89e6e1498a77d3cd583ad7fbdec41e4f8f5ef826113ab3d2b861baf01f310fe3,H1,KNOWN,NOT_APPLICABLE,KNOWN,KNOWN,KNOWN,KNOWN,NOT_APPLICABLE,KNOWN,KNOWN,KNOWN,KNOWN,KNOWN,KNOWN,KNOWN
89e6e1498a77d3cd583ad7fbdec41e4f8f5ef826113ab3d2b861baf01f310fe3,H2,KNOWN,NOT_APPLICABLE,NOT_APPLICABLE,KNOWN,KNOWN,KNOWN,NOT_APPLICABLE,KNOWN,KNOWN,KNOWN,KNOWN,KNOWN,KNOWN,KNOWN
89e6e1498a77d3cd583ad7fbdec41e4f8f5ef826113ab3d2b861baf01f310fe3,H3,KNOWN,NOT_APPLICABLE,NOT_APPLICABLE,KNOWN,KNOWN,KNOWN,NOT_APPLICABLE,KNOWN,KNOWN,KNOWN,KNOWN,KNOWN,KNOWN,KNOWN
89e6e1498a77d3cd583ad7fbdec41e4f8f5ef826113ab3d2b861baf01f310fe3,H4,KNOWN,KNOWN,NOT_APPLICABLE,KNOWN,KNOWN,KNOWN,KNOWN,KNOWN,KNOWN,KNOWN,KNOWN,KNOWN,KNOWN,KNOWN
8acf0a7491fb60d89a82b3cca004b80706068802f6d5503cd7b5efd4e4f08559,H0,KNOWN,NOT_APPLICABLE,NOT_APPLICABLE,NOT_APPLICABLE,KNOWN,KNOWN,NOT_APPLICABLE,KNOWN,KNOWN,KNOWN,KNOWN,KNOWN,KNOWN,KNOWN
8acf0a7491fb60d89a82b3cca004b80706068802f6d5503cd7b5efd4e4f08559,H1,KNOWN,NOT_APPLICABLE,KNOWN,KNOWN,KNOWN,KNOWN,NOT_APPLICABLE,KNOWN,KNOWN,KNOWN,KNOWN,KNOWN,KNOWN,KNOWN
8acf0a7491fb60d89a82b3cca004b80706068802f6d5503cd7b5efd4e4f08559,H2,KNOWN,NOT_APPLICABLE,NOT_APPLICABLE,KNOWN,KNOWN,KNOWN,NOT_APPLICABLE,KNOWN,KNOWN,KNOWN,KNOWN,KNOWN,KNOWN,KNOWN
8acf0a7491fb60d89a82b3cca004b80706068802f6d5503cd7b5efd4e4f08559,H3,KNOWN,NOT_APPLICABLE,NOT_APPLICABLE,KNOWN,KNOWN,KNOWN,NOT_APPLICABLE,KNOWN,KNOWN,KNOWN,KNOWN,KNOWN,KNOWN,KNOWN
8acf0a7491fb60d89a82b3cca004b80706068802f6d5503cd7b5efd4e4f08559,H4,KNOWN,KNOWN,NOT_APPLICABLE,KNOWN,KNOWN,KNOWN,KNOWN,KNOWN,KNOWN,KNOWN,KNOWN,KNOWN,KNOWN,KNOWN
8b8f43a89d351ae5f51f371bf89ec18dc438190e8b7fb099271ad201aadee946,H0,KNOWN,NOT_APPLICABLE,NOT_APPLICABLE,NOT_APPLICABLE,KNOWN,KNOWN,NOT_APPLICABLE,KNOWN,KNOWN,KNOWN,KNOWN,KNOWN,KNOWN,KNOWN
8b8f43a89d351ae5f51f371bf89ec18dc438190e8b7fb099271ad201aadee946,H1,KNOWN,NOT_APPLICABLE,KNOWN,KNOWN,KNOWN,KNOWN,NOT_APPLICABLE,KNOWN,KNOWN,KNOWN,KNOWN,KNOWN,KNOWN,KNOWN
8b8f43a89d351ae5f51f371bf89ec18dc438190e8b7fb099271ad201aadee946,H2,KNOWN,NOT_APPLICABLE,NOT_APPLICABLE,KNOWN,KNOWN,KNOWN,NOT_APPLICABLE,KNOWN,KNOWN,KNOWN,KNOWN,KNOWN,KNOWN,KNOWN
8b8f43a89d351ae5f51f371bf89ec18dc438190e8b7fb099271ad201aadee946,H3,KNOWN,NOT_APPLICABLE,NOT_APPLICABLE,KNOWN,KNOWN,KNOWN,NOT_APPLICABLE,KNOWN,KNOWN,KNOWN,KNOWN,KNOWN,KNOWN,KNOWN
8b8f43a89d351ae5f51f371bf89ec18dc438190e8b7fb099271ad201aadee946,H4,KNOWN,KNOWN,NOT_APPLICABLE,KNOWN,KNOWN,KNOWN,KNOWN,KNOWN,KNOWN,KNOWN,KNOWN,KNOWN,KNOWN,KNOWN
8c58d4b40f0803b8f26b2e108ccfa04987c765b4630584be880b888757309271,H0,KNOWN,NOT_APPLICABLE,NOT_APPLICABLE,NOT_APPLICABLE,KNOWN,KNOWN,NOT_APPLICABLE,KNOWN,KNOWN,KNOWN,KNOWN,KNOWN,KNOWN,KNOWN
8c58d4b40f0803b8f26b2e108ccfa04987c765b4630584be880b888757309271,H1,KNOWN,NOT_APPLICABLE,KNOWN,KNOWN,KNOWN,KNOWN,NOT_APPLICABLE,KNOWN,KNOWN,KNOWN,KNOWN,KNOWN,KNOWN,KNOWN
8c58d4b40f0803b8f26b2e108ccfa04987c765b4630584be880b888757309271,H2,KNOWN,NOT_APPLICABLE,NOT_APPLICABLE,KNOWN,KNOWN,KNOWN,NOT_APPLICABLE,KNOWN,KNOWN,KNOWN,KNOWN,KNOWN,KNOWN,KNOWN
8c58d4b40f0803b8f26b2e108ccfa04987c765b4630584be880b888757309271,H3,KNOWN,NOT_APPLICABLE,NOT_APPLICABLE,KNOWN,KNOWN,KNOWN,NOT_APPLICABLE,KNOWN,KNOWN,KNOWN,KNOWN,KNOWN,KNOWN,KNOWN
8c58d4b40f0803b8f26b2e108ccfa04987c765b4630584be880b888757309271,H4,KNOWN,KNOWN,NOT_APPLICABLE,KNOWN,KNOWN,KNOWN,KNOWN,KNOWN,KNOWN,KNOWN,KNOWN,KNOWN,KNOWN,KNOWN
8c7a9109e2ed6c28c78b2d7f5b51c7dedb7d062b4990f640989799da5156089b,H0,KNOWN,NOT_APPLICABLE,NOT_APPLICABLE,NOT_APPLICABLE,KNOWN,KNOWN,NOT_APPLICABLE,KNOWN,KNOWN,KNOWN,KNOWN,KNOWN,KNOWN,KNOWN
8c7a9109e2ed6c28c78b2d7f5b51c7dedb7d062b4990f640989799da5156089b,H1,KNOWN,NOT_APPLICABLE,KNOWN,KNOWN,KNOWN,KNOWN,NOT_APPLICABLE,KNOWN,KNOWN,KNOWN,KNOWN,KNOWN,KNOWN,KNOWN
8c7a9109e2ed6c28c78b2d7f5b51c7dedb7d062b4990f640989799da5156089b,H2,KNOWN,NOT_APPLICABLE,NOT_APPLICABLE,KNOWN,KNOWN,KNOWN,NOT_APPLICABLE,KNOWN,KNOWN,KNOWN,KNOWN,KNOWN,KNOWN,KNOWN
8c7a9109e2ed6c28c78b2d7f5b51c7dedb7d062b4990f640989799da5156089b,H3,KNOWN,NOT_APPLICABLE,NOT_APPLICABLE,KNOWN,KNOWN,KNOWN,NOT_APPLICABLE,KNOWN,KNOWN,KNOWN,KNOWN,KNOWN,KNOWN,KNOWN
8c7a9109e2ed6c28c78b2d7f5b51c7dedb7d062b4990f640989799da5156089b,H4,KNOWN,KNOWN,NOT_APPLICABLE,KNOWN,KNOWN,KNOWN,KNOWN,KNOWN,KNOWN,KNOWN,KNOWN,KNOWN,KNOWN,KNOWN
8db3b5ae7d47000d4da1c1986d0905b01e85a199c24a19f95db3e756a94d76f9,H0,KNOWN,NOT_APPLICABLE,NOT_APPLICABLE,NOT_APPLICABLE,KNOWN,KNOWN,NOT_APPLICABLE,KNOWN,KNOWN,KNOWN,KNOWN,KNOWN,KNOWN,KNOWN
8db3b5ae7d47000d4da1c1986d0905b01e85a199c24a19f95db3e756a94d76f9,H1,KNOWN,NOT_APPLICABLE,KNOWN,KNOWN,KNOWN,KNOWN,NOT_APPLICABLE,KNOWN,KNOWN,KNOWN,KNOWN,KNOWN,KNOWN,KNOWN
8db3b5ae7d47000d4da1c1986d0905b01e85a199c24a19f95db3e756a94d76f9,H2,KNOWN,NOT_APPLICABLE,NOT_APPLICABLE,KNOWN,KNOWN,KNOWN,NOT_APPLICABLE,KNOWN,KNOWN,KNOWN,KNOWN,KNOWN,KNOWN,KNOWN
8db3b5ae7d47000d4da1c1986d0905b01e85a199c24a19f95db3e756a94d76f9,H3,KNOWN,NOT_APPLICABLE,NOT_APPLICABLE,KNOWN,KNOWN,KNOWN,NOT_APPLICABLE,KNOWN,KNOWN,KNOWN,KNOWN,KNOWN,KNOWN,KNOWN
8db3b5ae7d47000d4da1c1986d0905b01e85a199c24a19f95db3e756a94d76f9,H4,KNOWN,KNOWN,NOT_APPLICABLE,KNOWN,KNOWN,KNOWN,KNOWN,KNOWN,KNOWN,KNOWN,KNOWN,KNOWN,KNOWN,KNOWN
8f7c4df7c6776a41d2319873ce38cb0dc7622a5693017d783333d7565e52cc80,H0,KNOWN,NOT_APPLICABLE,NOT_APPLICABLE,NOT_APPLICABLE,KNOWN,KNOWN,NOT_APPLICABLE,KNOWN,KNOWN,KNOWN,KNOWN,KNOWN,KNOWN,KNOWN
8f7c4df7c6776a41d2319873ce38cb0dc7622a5693017d783333d7565e52cc80,H1,KNOWN,NOT_APPLICABLE,KNOWN,KNOWN,KNOWN,KNOWN,NOT_APPLICABLE,KNOWN,KNOWN,KNOWN,KNOWN,KNOWN,KNOWN,KNOWN
8f7c4df7c6776a41d2319873ce38cb0dc7622a5693017d783333d7565e52cc80,H2,KNOWN,NOT_APPLICABLE,NOT_APPLICABLE,KNOWN,KNOWN,KNOWN,NOT_APPLICABLE,KNOWN,KNOWN,KNOWN,KNOWN,KNOWN,KNOWN,KNOWN
8f7c4df7c6776a41d2319873ce38cb0dc7622a5693017d783333d7565e52cc80,H3,KNOWN,NOT_APPLICABLE,NOT_APPLICABLE,KNOWN,KNOWN,KNOWN,NOT_APPLICABLE,KNOWN,KNOWN,KNOWN,KNOWN,KNOWN,KNOWN,KNOWN
8f7c4df7c6776a41d2319873ce38cb0dc7622a5693017d783333d7565e52cc80,H4,KNOWN,KNOWN,NOT_APPLICABLE,KNOWN,KNOWN,KNOWN,KNOWN,KNOWN,KNOWN,KNOWN,KNOWN,KNOWN,KNOWN,KNOWN
905ef594fea9042f9c99b453152006593111da486b176aba9d1593bd8d7e1381,H0,KNOWN,NOT_APPLICABLE,NOT_APPLICABLE,NOT_APPLICABLE,KNOWN,KNOWN,NOT_APPLICABLE,KNOWN,KNOWN,KNOWN,KNOWN,KNOWN,KNOWN,KNOWN
905ef594fea9042f9c99b453152006593111da486b176aba9d1593bd8d7e1381,H1,KNOWN,NOT_APPLICABLE,KNOWN,KNOWN,KNOWN,KNOWN,NOT_APPLICABLE,KNOWN,KNOWN,KNOWN,KNOWN,KNOWN,KNOWN,KNOWN
905ef594fea9042f9c99b453152006593111da486b176aba9d1593bd8d7e1381,H2,KNOWN,NOT_APPLICABLE,NOT_APPLICABLE,KNOWN,KNOWN,KNOWN,NOT_APPLICABLE,KNOWN,KNOWN,KNOWN,KNOWN,KNOWN,KNOWN,KNOWN
905ef594fea9042f9c99b453152006593111da486b176aba9d1593bd8d7e1381,H3,KNOWN,NOT_APPLICABLE,NOT_APPLICABLE,KNOWN,KNOWN,KNOWN,NOT_APPLICABLE,KNOWN,KNOWN,KNOWN,KNOWN,KNOWN,KNOWN,KNOWN
905ef594fea9042f9c99b453152006593111da486b176aba9d1593bd8d7e1381,H4,KNOWN,KNOWN,NOT_APPLICABLE,KNOWN,KNOWN,KNOWN,KNOWN,KNOWN,KNOWN,KNOWN,KNOWN,KNOWN,KNOWN,KNOWN
9149f5456233a48bc21188991c82d3730d2b9195b7b960396041c3393579c0a3,H0,KNOWN,NOT_APPLICABLE,NOT_APPLICABLE,NOT_APPLICABLE,KNOWN,KNOWN,NOT_APPLICABLE,KNOWN,KNOWN,KNOWN,KNOWN,KNOWN,KNOWN,KNOWN
9149f5456233a48bc21188991c82d3730d2b9195b7b960396041c3393579c0a3,H1,KNOWN,NOT_APPLICABLE,KNOWN,KNOWN,KNOWN,KNOWN,NOT_APPLICABLE,KNOWN,KNOWN,KNOWN,KNOWN,KNOWN,KNOWN,KNOWN
9149f5456233a48bc21188991c82d3730d2b9195b7b960396041c3393579c0a3,H2,KNOWN,NOT_APPLICABLE,NOT_APPLICABLE,KNOWN,KNOWN,KNOWN,NOT_APPLICABLE,KNOWN,KNOWN,KNOWN,KNOWN,KNOWN,KNOWN,KNOWN
9149f5456233a48bc21188991c82d3730d2b9195b7b960396041c3393579c0a3,H3,KNOWN,NOT_APPLICABLE,NOT_APPLICABLE,KNOWN,KNOWN,KNOWN,NOT_APPLICABLE,KNOWN,KNOWN,KNOWN,KNOWN,KNOWN,KNOWN,KNOWN
9149f5456233a48bc21188991c82d3730d2b9195b7b960396041c3393579c0a3,H4,KNOWN,KNOWN,NOT_APPLICABLE,KNOWN,KNOWN,KNOWN,KNOWN,KNOWN,KNOWN,KNOWN,KNOWN,KNOWN,KNOWN,KNOWN
91d2e536796799571237ced8e8266b404d33ee3077367a18a75a2ca3ca470b02,H0,KNOWN,NOT_APPLICABLE,NOT_APPLICABLE,NOT_APPLICABLE,KNOWN,KNOWN,NOT_APPLICABLE,KNOWN,KNOWN,KNOWN,KNOWN,KNOWN,KNOWN,KNOWN
91d2e536796799571237ced8e8266b404d33ee3077367a18a75a2ca3ca470b02,H1,KNOWN,NOT_APPLICABLE,KNOWN,KNOWN,KNOWN,KNOWN,NOT_APPLICABLE,KNOWN,KNOWN,KNOWN,KNOWN,KNOWN,KNOWN,KNOWN
91d2e536796799571237ced8e8266b404d33ee3077367a18a75a2ca3ca470b02,H2,KNOWN,NOT_APPLICABLE,NOT_APPLICABLE,KNOWN,KNOWN,KNOWN,NOT_APPLICABLE,KNOWN,KNOWN,KNOWN,KNOWN,KNOWN,KNOWN,KNOWN
91d2e536796799571237ced8e8266b404d33ee3077367a18a75a2ca3ca470b02,H3,KNOWN,NOT_APPLICABLE,NOT_APPLICABLE,KNOWN,KNOWN,KNOWN,NOT_APPLICABLE,KNOWN,KNOWN,KNOWN,KNOWN,KNOWN,KNOWN,KNOWN
91d2e536796799571237ced8e8266b404d33ee3077367a18a75a2ca3ca470b02,H4,KNOWN,KNOWN,NOT_APPLICABLE,KNOWN,KNOWN,KNOWN,KNOWN,KNOWN,KNOWN,KNOWN,KNOWN,KNOWN,KNOWN,KNOWN
9200178eda46905a79636adeef213e4b99a3af62ce43d0ea62ccc7d89eb0059a,H0,KNOWN,NOT_APPLICABLE,NOT_APPLICABLE,NOT_APPLICABLE,KNOWN,KNOWN,NOT_APPLICABLE,KNOWN,KNOWN,KNOWN,KNOWN,KNOWN,KNOWN,KNOWN
9200178eda46905a79636adeef213e4b99a3af62ce43d0ea62ccc7d89eb0059a,H1,KNOWN,NOT_APPLICABLE,KNOWN,KNOWN,KNOWN,KNOWN,NOT_APPLICABLE,KNOWN,KNOWN,KNOWN,KNOWN,KNOWN,KNOWN,KNOWN
9200178eda46905a79636adeef213e4b99a3af62ce43d0ea62ccc7d89eb0059a,H2,KNOWN,NOT_APPLICABLE,NOT_APPLICABLE,KNOWN,KNOWN,KNOWN,NOT_APPLICABLE,KNOWN,KNOWN,KNOWN,KNOWN,KNOWN,KNOWN,KNOWN
9200178eda46905a79636adeef213e4b99a3af62ce43d0ea62ccc7d89eb0059a,H3,KNOWN,NOT_APPLICABLE,NOT_APPLICABLE,KNOWN,KNOWN,KNOWN,NOT_APPLICABLE,KNOWN,KNOWN,KNOWN,KNOWN,KNOWN,KNOWN,KNOWN
9200178eda46905a79636adeef213e4b99a3af62ce43d0ea62ccc7d89eb0059a,H4,KNOWN,KNOWN,NOT_APPLICABLE,KNOWN,KNOWN,KNOWN,KNOWN,KNOWN,KNOWN,KNOWN,KNOWN,KNOWN,KNOWN,KNOWN
931f8b25ebe8484f83b997d3b1acdd6e992d455d397b1b614c6bb3605094c070,H0,KNOWN,NOT_APPLICABLE,NOT_APPLICABLE,NOT_APPLICABLE,KNOWN,KNOWN,NOT_APPLICABLE,KNOWN,KNOWN,KNOWN,KNOWN,KNOWN,KNOWN,KNOWN
931f8b25ebe8484f83b997d3b1acdd6e992d455d397b1b614c6bb3605094c070,H1,KNOWN,NOT_APPLICABLE,KNOWN,KNOWN,KNOWN,KNOWN,NOT_APPLICABLE,KNOWN,KNOWN,KNOWN,KNOWN,KNOWN,KNOWN,KNOWN
931f8b25ebe8484f83b997d3b1acdd6e992d455d397b1b614c6bb3605094c070,H2,KNOWN,NOT_APPLICABLE,NOT_APPLICABLE,KNOWN,KNOWN,KNOWN,NOT_APPLICABLE,KNOWN,KNOWN,KNOWN,KNOWN,KNOWN,KNOWN,KNOWN
931f8b25ebe8484f83b997d3b1acdd6e992d455d397b1b614c6bb3605094c070,H3,KNOWN,NOT_APPLICABLE,NOT_APPLICABLE,KNOWN,KNOWN,KNOWN,NOT_APPLICABLE,KNOWN,KNOWN,KNOWN,KNOWN,KNOWN,KNOWN,KNOWN
931f8b25ebe8484f83b997d3b1acdd6e992d455d397b1b614c6bb3605094c070,H4,KNOWN,KNOWN,NOT_APPLICABLE,KNOWN,KNOWN,KNOWN,KNOWN,KNOWN,KNOWN,KNOWN,KNOWN,KNOWN,KNOWN,KNOWN
97adac114ae26b9e33db5553a0766b27975003ee606de7d2b62f0d49947f960a,H0,KNOWN,NOT_APPLICABLE,NOT_APPLICABLE,NOT_APPLICABLE,KNOWN,KNOWN,NOT_APPLICABLE,KNOWN,KNOWN,KNOWN,KNOWN,KNOWN,KNOWN,KNOWN
97adac114ae26b9e33db5553a0766b27975003ee606de7d2b62f0d49947f960a,H1,KNOWN,NOT_APPLICABLE,KNOWN,KNOWN,KNOWN,KNOWN,NOT_APPLICABLE,KNOWN,KNOWN,KNOWN,KNOWN,KNOWN,KNOWN,KNOWN
97adac114ae26b9e33db5553a0766b27975003ee606de7d2b62f0d49947f960a,H2,KNOWN,NOT_APPLICABLE,NOT_APPLICABLE,KNOWN,KNOWN,KNOWN,NOT_APPLICABLE,KNOWN,KNOWN,KNOWN,KNOWN,KNOWN,KNOWN,KNOWN
97adac114ae26b9e33db5553a0766b27975003ee606de7d2b62f0d49947f960a,H3,KNOWN,NOT_APPLICABLE,NOT_APPLICABLE,KNOWN,KNOWN,KNOWN,NOT_APPLICABLE,KNOWN,KNOWN,KNOWN,KNOWN,KNOWN,KNOWN,KNOWN
97adac114ae26b9e33db5553a0766b27975003ee606de7d2b62f0d49947f960a,H4,KNOWN,KNOWN,NOT_APPLICABLE,KNOWN,KNOWN,KNOWN,KNOWN,KNOWN,KNOWN,KNOWN,KNOWN,KNOWN,KNOWN,KNOWN
98d7bfc5037afecbc7b9a6ab5b2d8f56cf0fe3fa30ce49a1694523ccb220ffeb,H0,KNOWN,NOT_APPLICABLE,NOT_APPLICABLE,NOT_APPLICABLE,KNOWN,KNOWN,NOT_APPLICABLE,KNOWN,KNOWN,KNOWN,KNOWN,KNOWN,KNOWN,KNOWN
98d7bfc5037afecbc7b9a6ab5b2d8f56cf0fe3fa30ce49a1694523ccb220ffeb,H1,KNOWN,NOT_APPLICABLE,KNOWN,KNOWN,KNOWN,KNOWN,NOT_APPLICABLE,KNOWN,KNOWN,KNOWN,KNOWN,KNOWN,KNOWN,KNOWN
98d7bfc5037afecbc7b9a6ab5b2d8f56cf0fe3fa30ce49a1694523ccb220ffeb,H2,KNOWN,NOT_APPLICABLE,NOT_APPLICABLE,KNOWN,KNOWN,KNOWN,NOT_APPLICABLE,KNOWN,KNOWN,KNOWN,KNOWN,KNOWN,KNOWN,KNOWN
98d7bfc5037afecbc7b9a6ab5b2d8f56cf0fe3fa30ce49a1694523ccb220ffeb,H3,KNOWN,NOT_APPLICABLE,NOT_APPLICABLE,KNOWN,KNOWN,KNOWN,NOT_APPLICABLE,KNOWN,KNOWN,KNOWN,KNOWN,KNOWN,KNOWN,KNOWN
98d7bfc5037afecbc7b9a6ab5b2d8f56cf0fe3fa30ce49a1694523ccb220ffeb,H4,KNOWN,KNOWN,NOT_APPLICABLE,KNOWN,KNOWN,KNOWN,KNOWN,KNOWN,KNOWN,KNOWN,KNOWN,KNOWN,KNOWN,KNOWN
9946b5d49a56529eebb9de39e11cf1b90fdce580569534ab54d782c00ba8b593,H0,KNOWN,NOT_APPLICABLE,NOT_APPLICABLE,NOT_APPLICABLE,KNOWN,KNOWN,NOT_APPLICABLE,KNOWN,KNOWN,KNOWN,KNOWN,KNOWN,KNOWN,KNOWN
9946b5d49a56529eebb9de39e11cf1b90fdce580569534ab54d782c00ba8b593,H1,KNOWN,NOT_APPLICABLE,KNOWN,KNOWN,KNOWN,KNOWN,NOT_APPLICABLE,KNOWN,KNOWN,KNOWN,KNOWN,KNOWN,KNOWN,KNOWN
9946b5d49a56529eebb9de39e11cf1b90fdce580569534ab54d782c00ba8b593,H2,KNOWN,NOT_APPLICABLE,NOT_APPLICABLE,KNOWN,KNOWN,KNOWN,NOT_APPLICABLE,KNOWN,KNOWN,KNOWN,KNOWN,KNOWN,KNOWN,KNOWN
9946b5d49a56529eebb9de39e11cf1b90fdce580569534ab54d782c00ba8b593,H3,KNOWN,NOT_APPLICABLE,NOT_APPLICABLE,KNOWN,KNOWN,KNOWN,NOT_APPLICABLE,KNOWN,KNOWN,KNOWN,KNOWN,KNOWN,KNOWN,KNOWN
9946b5d49a56529eebb9de39e11cf1b90fdce580569534ab54d782c00ba8b593,H4,KNOWN,KNOWN,NOT_APPLICABLE,KNOWN,KNOWN,KNOWN,KNOWN,KNOWN,KNOWN,KNOWN,KNOWN,KNOWN,KNOWN,KNOWN
9afe9977181af953dfcc5dd24e1c5d67f16aae6bd3c85af8ac5e4704e8b3b7f7,H0,KNOWN,NOT_APPLICABLE,NOT_APPLICABLE,NOT_APPLICABLE,KNOWN,KNOWN,NOT_APPLICABLE,KNOWN,KNOWN,KNOWN,KNOWN,KNOWN,KNOWN,KNOWN
9afe9977181af953dfcc5dd24e1c5d67f16aae6bd3c85af8ac5e4704e8b3b7f7,H1,KNOWN,NOT_APPLICABLE,KNOWN,KNOWN,KNOWN,KNOWN,NOT_APPLICABLE,KNOWN,KNOWN,KNOWN,KNOWN,KNOWN,KNOWN,KNOWN
9afe9977181af953dfcc5dd24e1c5d67f16aae6bd3c85af8ac5e4704e8b3b7f7,H2,KNOWN,NOT_APPLICABLE,NOT_APPLICABLE,KNOWN,KNOWN,KNOWN,NOT_APPLICABLE,KNOWN,KNOWN,KNOWN,KNOWN,KNOWN,KNOWN,KNOWN
9afe9977181af953dfcc5dd24e1c5d67f16aae6bd3c85af8ac5e4704e8b3b7f7,H3,KNOWN,NOT_APPLICABLE,NOT_APPLICABLE,KNOWN,KNOWN,KNOWN,NOT_APPLICABLE,KNOWN,KNOWN,KNOWN,KNOWN,KNOWN,KNOWN,KNOWN
9afe9977181af953dfcc5dd24e1c5d67f16aae6bd3c85af8ac5e4704e8b3b7f7,H4,KNOWN,KNOWN,NOT_APPLICABLE,KNOWN,KNOWN,KNOWN,KNOWN,KNOWN,KNOWN,KNOWN,KNOWN,KNOWN,KNOWN,KNOWN
9ddf2ef64375a9ae0ca999d16b981d1dcaeff7ef4b56a14a947cd680aa60a1f8,H0,KNOWN,NOT_APPLICABLE,NOT_APPLICABLE,NOT_APPLICABLE,KNOWN,KNOWN,NOT_APPLICABLE,KNOWN,KNOWN,KNOWN,KNOWN,KNOWN,KNOWN,KNOWN
9ddf2ef64375a9ae0ca999d16b981d1dcaeff7ef4b56a14a947cd680aa60a1f8,H1,KNOWN,NOT_APPLICABLE,KNOWN,KNOWN,KNOWN,KNOWN,NOT_APPLICABLE,KNOWN,KNOWN,KNOWN,KNOWN,KNOWN,KNOWN,KNOWN
9ddf2ef64375a9ae0ca999d16b981d1dcaeff7ef4b56a14a947cd680aa60a1f8,H2,KNOWN,NOT_APPLICABLE,NOT_APPLICABLE,KNOWN,KNOWN,KNOWN,NOT_APPLICABLE,KNOWN,KNOWN,KNOWN,KNOWN,KNOWN,KNOWN,KNOWN
9ddf2ef64375a9ae0ca999d16b981d1dcaeff7ef4b56a14a947cd680aa60a1f8,H3,KNOWN,NOT_APPLICABLE,NOT_APPLICABLE,KNOWN,KNOWN,KNOWN,NOT_APPLICABLE,KNOWN,KNOWN,KNOWN,KNOWN,KNOWN,KNOWN,KNOWN
9ddf2ef64375a9ae0ca999d16b981d1dcaeff7ef4b56a14a947cd680aa60a1f8,H4,KNOWN,KNOWN,NOT_APPLICABLE,KNOWN,KNOWN,KNOWN,KNOWN,KNOWN,KNOWN,KNOWN,KNOWN,KNOWN,KNOWN,KNOWN
9e061dfa374ca2f87fad0e1384784fa366777679a980ad8478441686249f692c,H0,KNOWN,NOT_APPLICABLE,NOT_APPLICABLE,NOT_APPLICABLE,KNOWN,KNOWN,NOT_APPLICABLE,KNOWN,KNOWN,KNOWN,KNOWN,KNOWN,KNOWN,KNOWN
9e061dfa374ca2f87fad0e1384784fa366777679a980ad8478441686249f692c,H1,KNOWN,NOT_APPLICABLE,KNOWN,KNOWN,KNOWN,KNOWN,NOT_APPLICABLE,KNOWN,KNOWN,KNOWN,KNOWN,KNOWN,KNOWN,KNOWN
9e061dfa374ca2f87fad0e1384784fa366777679a980ad8478441686249f692c,H2,KNOWN,NOT_APPLICABLE,NOT_APPLICABLE,KNOWN,KNOWN,KNOWN,NOT_APPLICABLE,KNOWN,KNOWN,KNOWN,KNOWN,KNOWN,KNOWN,KNOWN
9e061dfa374ca2f87fad0e1384784fa366777679a980ad8478441686249f692c,H3,KNOWN,NOT_APPLICABLE,NOT_APPLICABLE,KNOWN,KNOWN,KNOWN,NOT_APPLICABLE,KNOWN,KNOWN,KNOWN,KNOWN,KNOWN,KNOWN,KNOWN
9e061dfa374ca2f87fad0e1384784fa366777679a980ad8478441686249f692c,H4,KNOWN,KNOWN,NOT_APPLICABLE,KNOWN,KNOWN,KNOWN,KNOWN,KNOWN,KNOWN,KNOWN,KNOWN,KNOWN,KNOWN,KNOWN
9e15f35b62ab9a5813c884426433b5eef4b26d2f106b2b7bc654f4a60b612255,H0,KNOWN,NOT_APPLICABLE,NOT_APPLICABLE,NOT_APPLICABLE,KNOWN,KNOWN,NOT_APPLICABLE,KNOWN,KNOWN,KNOWN,KNOWN,KNOWN,KNOWN,KNOWN
9e15f35b62ab9a5813c884426433b5eef4b26d2f106b2b7bc654f4a60b612255,H1,KNOWN,NOT_APPLICABLE,KNOWN,KNOWN,KNOWN,KNOWN,NOT_APPLICABLE,KNOWN,KNOWN,KNOWN,KNOWN,KNOWN,KNOWN,KNOWN
9e15f35b62ab9a5813c884426433b5eef4b26d2f106b2b7bc654f4a60b612255,H2,KNOWN,NOT_APPLICABLE,NOT_APPLICABLE,KNOWN,KNOWN,KNOWN,NOT_APPLICABLE,KNOWN,KNOWN,KNOWN,KNOWN,KNOWN,KNOWN,KNOWN
9e15f35b62ab9a5813c884426433b5eef4b26d2f106b2b7bc654f4a60b612255,H3,KNOWN,NOT_APPLICABLE,NOT_APPLICABLE,KNOWN,KNOWN,KNOWN,NOT_APPLICABLE,KNOWN,KNOWN,KNOWN,KNOWN,KNOWN,KNOWN,KNOWN
9e15f35b62ab9a5813c884426433b5eef4b26d2f106b2b7bc654f4a60b612255,H4,KNOWN,KNOWN,NOT_APPLICABLE,KNOWN,KNOWN,KNOWN,KNOWN,KNOWN,KNOWN,KNOWN,KNOWN,KNOWN,KNOWN,KNOWN
9e8929590c927eeea3b1fef4c47d8d04add7c04d72781204744d9cdbaa98c20e,H0,KNOWN,NOT_APPLICABLE,NOT_APPLICABLE,NOT_APPLICABLE,KNOWN,KNOWN,NOT_APPLICABLE,KNOWN,KNOWN,KNOWN,KNOWN,KNOWN,KNOWN,KNOWN
9e8929590c927eeea3b1fef4c47d8d04add7c04d72781204744d9cdbaa98c20e,H1,KNOWN,NOT_APPLICABLE,KNOWN,KNOWN,KNOWN,KNOWN,NOT_APPLICABLE,KNOWN,KNOWN,KNOWN,KNOWN,KNOWN,KNOWN,KNOWN
9e8929590c927eeea3b1fef4c47d8d04add7c04d72781204744d9cdbaa98c20e,H2,KNOWN,NOT_APPLICABLE,NOT_APPLICABLE,KNOWN,KNOWN,KNOWN,NOT_APPLICABLE,KNOWN,KNOWN,KNOWN,KNOWN,KNOWN,KNOWN,KNOWN
9e8929590c927eeea3b1fef4c47d8d04add7c04d72781204744d9cdbaa98c20e,H3,KNOWN,NOT_APPLICABLE,NOT_APPLICABLE,KNOWN,KNOWN,KNOWN,NOT_APPLICABLE,KNOWN,KNOWN,KNOWN,KNOWN,KNOWN,KNOWN,KNOWN
9e8929590c927eeea3b1fef4c47d8d04add7c04d72781204744d9cdbaa98c20e,H4,KNOWN,KNOWN,NOT_APPLICABLE,KNOWN,KNOWN,KNOWN,KNOWN,KNOWN,KNOWN,KNOWN,KNOWN,KNOWN,KNOWN,KNOWN
9f4b9202dae1b93e687d879a9b18adbcd3fd6763f50b01eda801251bd155e4f0,H0,KNOWN,NOT_APPLICABLE,NOT_APPLICABLE,NOT_APPLICABLE,KNOWN,KNOWN,NOT_APPLICABLE,KNOWN,KNOWN,KNOWN,KNOWN,KNOWN,KNOWN,KNOWN
9f4b9202dae1b93e687d879a9b18adbcd3fd6763f50b01eda801251bd155e4f0,H1,KNOWN,NOT_APPLICABLE,KNOWN,KNOWN,KNOWN,KNOWN,NOT_APPLICABLE,KNOWN,KNOWN,KNOWN,KNOWN,KNOWN,KNOWN,KNOWN
9f4b9202dae1b93e687d879a9b18adbcd3fd6763f50b01eda801251bd155e4f0,H2,KNOWN,NOT_APPLICABLE,NOT_APPLICABLE,KNOWN,KNOWN,KNOWN,NOT_APPLICABLE,KNOWN,KNOWN,KNOWN,KNOWN,KNOWN,KNOWN,KNOWN
9f4b9202dae1b93e687d879a9b18adbcd3fd6763f50b01eda801251bd155e4f0,H3,KNOWN,NOT_APPLICABLE,NOT_APPLICABLE,KNOWN,KNOWN,KNOWN,NOT_APPLICABLE,KNOWN,KNOWN,KNOWN,KNOWN,KNOWN,KNOWN,KNOWN
9f4b9202dae1b93e687d879a9b18adbcd3fd6763f50b01eda801251bd155e4f0,H4,KNOWN,KNOWN,NOT_APPLICABLE,KNOWN,KNOWN,KNOWN,KNOWN,KNOWN,KNOWN,KNOWN,KNOWN,KNOWN,KNOWN,KNOWN
9f785d1857618263802bfcdc6b3336495cf00cafb4b430e3c928f3cc2a47d038,H0,KNOWN,NOT_APPLICABLE,NOT_APPLICABLE,NOT_APPLICABLE,KNOWN,KNOWN,NOT_APPLICABLE,KNOWN,KNOWN,KNOWN,KNOWN,KNOWN,KNOWN,KNOWN
9f785d1857618263802bfcdc6b3336495cf00cafb4b430e3c928f3cc2a47d038,H1,KNOWN,NOT_APPLICABLE,KNOWN,KNOWN,KNOWN,KNOWN,NOT_APPLICABLE,KNOWN,KNOWN,KNOWN,KNOWN,KNOWN,KNOWN,KNOWN
9f785d1857618263802bfcdc6b3336495cf00cafb4b430e3c928f3cc2a47d038,H2,KNOWN,NOT_APPLICABLE,NOT_APPLICABLE,KNOWN,KNOWN,KNOWN,NOT_APPLICABLE,KNOWN,KNOWN,KNOWN,KNOWN,KNOWN,KNOWN,KNOWN
9f785d1857618263802bfcdc6b3336495cf00cafb4b430e3c928f3cc2a47d038,H3,KNOWN,NOT_APPLICABLE,NOT_APPLICABLE,KNOWN,KNOWN,KNOWN,NOT_APPLICABLE,KNOWN,KNOWN,KNOWN,KNOWN,KNOWN,KNOWN,KNOWN
9f785d1857618263802bfcdc6b3336495cf00cafb4b430e3c928f3cc2a47d038,H4,KNOWN,KNOWN,NOT_APPLICABLE,KNOWN,KNOWN,KNOWN,KNOWN,KNOWN,KNOWN,KNOWN,KNOWN,KNOWN,KNOWN,KNOWN
9fed435dc97c76f382eaf29ebea8394f0e483eef6fc8720e90e8dbaa73793bf9,H0,KNOWN,NOT_APPLICABLE,NOT_APPLICABLE,NOT_APPLICABLE,KNOWN,KNOWN,NOT_APPLICABLE,KNOWN,KNOWN,KNOWN,KNOWN,KNOWN,KNOWN,KNOWN
9fed435dc97c76f382eaf29ebea8394f0e483eef6fc8720e90e8dbaa73793bf9,H1,KNOWN,NOT_APPLICABLE,KNOWN,KNOWN,KNOWN,KNOWN,NOT_APPLICABLE,KNOWN,KNOWN,KNOWN,KNOWN,KNOWN,KNOWN,KNOWN
9fed435dc97c76f382eaf29ebea8394f0e483eef6fc8720e90e8dbaa73793bf9,H2,KNOWN,NOT_APPLICABLE,NOT_APPLICABLE,KNOWN,KNOWN,KNOWN,NOT_APPLICABLE,KNOWN,KNOWN,KNOWN,KNOWN,KNOWN,KNOWN,KNOWN
9fed435dc97c76f382eaf29ebea8394f0e483eef6fc8720e90e8dbaa73793bf9,H3,KNOWN,NOT_APPLICABLE,NOT_APPLICABLE,KNOWN,KNOWN,KNOWN,NOT_APPLICABLE,KNOWN,KNOWN,KNOWN,KNOWN,KNOWN,KNOWN,KNOWN
9fed435dc97c76f382eaf29ebea8394f0e483eef6fc8720e90e8dbaa73793bf9,H4,KNOWN,KNOWN,NOT_APPLICABLE,KNOWN,KNOWN,KNOWN,KNOWN,KNOWN,KNOWN,KNOWN,KNOWN,KNOWN,KNOWN,KNOWN
a01bb6d33a280b86965cf155f630385fa89fb41819db7f55e39d86251ed18d6a,H0,KNOWN,NOT_APPLICABLE,NOT_APPLICABLE,NOT_APPLICABLE,KNOWN,KNOWN,NOT_APPLICABLE,KNOWN,KNOWN,KNOWN,KNOWN,KNOWN,KNOWN,KNOWN
a01bb6d33a280b86965cf155f630385fa89fb41819db7f55e39d86251ed18d6a,H1,KNOWN,NOT_APPLICABLE,KNOWN,KNOWN,KNOWN,KNOWN,NOT_APPLICABLE,KNOWN,KNOWN,KNOWN,KNOWN,KNOWN,KNOWN,KNOWN
a01bb6d33a280b86965cf155f630385fa89fb41819db7f55e39d86251ed18d6a,H2,KNOWN,NOT_APPLICABLE,NOT_APPLICABLE,KNOWN,KNOWN,KNOWN,NOT_APPLICABLE,KNOWN,KNOWN,KNOWN,KNOWN,KNOWN,KNOWN,KNOWN
a01bb6d33a280b86965cf155f630385fa89fb41819db7f55e39d86251ed18d6a,H3,KNOWN,NOT_APPLICABLE,NOT_APPLICABLE,KNOWN,KNOWN,KNOWN,NOT_APPLICABLE,KNOWN,KNOWN,KNOWN,KNOWN,KNOWN,KNOWN,KNOWN
a01bb6d33a280b86965cf155f630385fa89fb41819db7f55e39d86251ed18d6a,H4,KNOWN,KNOWN,NOT_APPLICABLE,KNOWN,KNOWN,KNOWN,KNOWN,KNOWN,KNOWN,KNOWN,KNOWN,KNOWN,KNOWN,KNOWN
a055eaeac3fc2eb2d7bf7a21b5f636890d4411f5c8f8d3e3ac7b81d9faadb06e,H0,KNOWN,NOT_APPLICABLE,NOT_APPLICABLE,NOT_APPLICABLE,KNOWN,KNOWN,NOT_APPLICABLE,KNOWN,KNOWN,KNOWN,KNOWN,KNOWN,KNOWN,KNOWN
a055eaeac3fc2eb2d7bf7a21b5f636890d4411f5c8f8d3e3ac7b81d9faadb06e,H1,KNOWN,NOT_APPLICABLE,KNOWN,KNOWN,KNOWN,KNOWN,NOT_APPLICABLE,KNOWN,KNOWN,KNOWN,KNOWN,KNOWN,KNOWN,KNOWN
a055eaeac3fc2eb2d7bf7a21b5f636890d4411f5c8f8d3e3ac7b81d9faadb06e,H2,KNOWN,NOT_APPLICABLE,NOT_APPLICABLE,KNOWN,KNOWN,KNOWN,NOT_APPLICABLE,KNOWN,KNOWN,KNOWN,KNOWN,KNOWN,KNOWN,KNOWN
a055eaeac3fc2eb2d7bf7a21b5f636890d4411f5c8f8d3e3ac7b81d9faadb06e,H3,KNOWN,NOT_APPLICABLE,NOT_APPLICABLE,KNOWN,KNOWN,KNOWN,NOT_APPLICABLE,KNOWN,KNOWN,KNOWN,KNOWN,KNOWN,KNOWN,KNOWN
a055eaeac3fc2eb2d7bf7a21b5f636890d4411f5c8f8d3e3ac7b81d9faadb06e,H4,KNOWN,KNOWN,NOT_APPLICABLE,KNOWN,KNOWN,KNOWN,KNOWN,KNOWN,KNOWN,KNOWN,KNOWN,KNOWN,KNOWN,KNOWN
a05d55898c098ae66aedbe75a628b964fb97d268be8b54385626d4fbf5143bf9,H0,KNOWN,NOT_APPLICABLE,NOT_APPLICABLE,NOT_APPLICABLE,KNOWN,KNOWN,NOT_APPLICABLE,KNOWN,KNOWN,KNOWN,KNOWN,KNOWN,KNOWN,KNOWN
a05d55898c098ae66aedbe75a628b964fb97d268be8b54385626d4fbf5143bf9,H1,KNOWN,NOT_APPLICABLE,KNOWN,KNOWN,KNOWN,KNOWN,NOT_APPLICABLE,KNOWN,KNOWN,KNOWN,KNOWN,KNOWN,KNOWN,KNOWN
a05d55898c098ae66aedbe75a628b964fb97d268be8b54385626d4fbf5143bf9,H2,KNOWN,NOT_APPLICABLE,NOT_APPLICABLE,KNOWN,KNOWN,KNOWN,NOT_APPLICABLE,KNOWN,KNOWN,KNOWN,KNOWN,KNOWN,KNOWN,KNOWN
a05d55898c098ae66aedbe75a628b964fb97d268be8b54385626d4fbf5143bf9,H3,KNOWN,NOT_APPLICABLE,NOT_APPLICABLE,KNOWN,KNOWN,KNOWN,NOT_APPLICABLE,KNOWN,KNOWN,KNOWN,KNOWN,KNOWN,KNOWN,KNOWN
a05d55898c098ae66aedbe75a628b964fb97d268be8b54385626d4fbf5143bf9,H4,KNOWN,KNOWN,NOT_APPLICABLE,KNOWN,KNOWN,KNOWN,KNOWN,KNOWN,KNOWN,KNOWN,KNOWN,KNOWN,KNOWN,KNOWN
a10d7b838a421a3cc1e49d0fbccf4fe51a640090158c99d528ed421b8202645b,H0,KNOWN,NOT_APPLICABLE,NOT_APPLICABLE,NOT_APPLICABLE,KNOWN,KNOWN,NOT_APPLICABLE,KNOWN,KNOWN,KNOWN,KNOWN,KNOWN,KNOWN,KNOWN
a10d7b838a421a3cc1e49d0fbccf4fe51a640090158c99d528ed421b8202645b,H1,KNOWN,NOT_APPLICABLE,KNOWN,KNOWN,KNOWN,KNOWN,NOT_APPLICABLE,KNOWN,KNOWN,KNOWN,KNOWN,KNOWN,KNOWN,KNOWN
a10d7b838a421a3cc1e49d0fbccf4fe51a640090158c99d528ed421b8202645b,H2,KNOWN,NOT_APPLICABLE,NOT_APPLICABLE,KNOWN,KNOWN,KNOWN,NOT_APPLICABLE,KNOWN,KNOWN,KNOWN,KNOWN,KNOWN,KNOWN,KNOWN
a10d7b838a421a3cc1e49d0fbccf4fe51a640090158c99d528ed421b8202645b,H3,KNOWN,NOT_APPLICABLE,NOT_APPLICABLE,KNOWN,KNOWN,KNOWN,NOT_APPLICABLE,KNOWN,KNOWN,KNOWN,KNOWN,KNOWN,KNOWN,KNOWN
a10d7b838a421a3cc1e49d0fbccf4fe51a640090158c99d528ed421b8202645b,H4,KNOWN,KNOWN,NOT_APPLICABLE,KNOWN,KNOWN,KNOWN,KNOWN,KNOWN,KNOWN,KNOWN,KNOWN,KNOWN,KNOWN,KNOWN
a3d4da7ba3d5b5dc18b530f3f465498db4aa464e7087e5dce79a0d4828fc1f3f,H0,KNOWN,NOT_APPLICABLE,NOT_APPLICABLE,NOT_APPLICABLE,KNOWN,KNOWN,NOT_APPLICABLE,KNOWN,KNOWN,KNOWN,KNOWN,KNOWN,KNOWN,KNOWN
a3d4da7ba3d5b5dc18b530f3f465498db4aa464e7087e5dce79a0d4828fc1f3f,H1,KNOWN,NOT_APPLICABLE,KNOWN,KNOWN,KNOWN,KNOWN,NOT_APPLICABLE,KNOWN,KNOWN,KNOWN,KNOWN,KNOWN,KNOWN,KNOWN
a3d4da7ba3d5b5dc18b530f3f465498db4aa464e7087e5dce79a0d4828fc1f3f,H2,KNOWN,NOT_APPLICABLE,NOT_APPLICABLE,KNOWN,KNOWN,KNOWN,NOT_APPLICABLE,KNOWN,KNOWN,KNOWN,KNOWN,KNOWN,KNOWN,KNOWN
a3d4da7ba3d5b5dc18b530f3f465498db4aa464e7087e5dce79a0d4828fc1f3f,H3,KNOWN,NOT_APPLICABLE,NOT_APPLICABLE,KNOWN,KNOWN,KNOWN,NOT_APPLICABLE,KNOWN,KNOWN,KNOWN,KNOWN,KNOWN,KNOWN,KNOWN
a3d4da7ba3d5b5dc18b530f3f465498db4aa464e7087e5dce79a0d4828fc1f3f,H4,KNOWN,KNOWN,NOT_APPLICABLE,KNOWN,KNOWN,KNOWN,KNOWN,KNOWN,KNOWN,KNOWN,KNOWN,KNOWN,KNOWN,KNOWN
a51ad8cdee689426de2e8ebcc0b7dca384008351a599e89286b6fee0de144e92,H0,KNOWN,NOT_APPLICABLE,NOT_APPLICABLE,NOT_APPLICABLE,KNOWN,KNOWN,NOT_APPLICABLE,KNOWN,KNOWN,KNOWN,KNOWN,KNOWN,KNOWN,KNOWN
a51ad8cdee689426de2e8ebcc0b7dca384008351a599e89286b6fee0de144e92,H1,KNOWN,NOT_APPLICABLE,KNOWN,KNOWN,KNOWN,KNOWN,NOT_APPLICABLE,KNOWN,KNOWN,KNOWN,KNOWN,KNOWN,KNOWN,KNOWN
a51ad8cdee689426de2e8ebcc0b7dca384008351a599e89286b6fee0de144e92,H2,KNOWN,NOT_APPLICABLE,NOT_APPLICABLE,KNOWN,KNOWN,KNOWN,NOT_APPLICABLE,KNOWN,KNOWN,KNOWN,KNOWN,KNOWN,KNOWN,KNOWN
a51ad8cdee689426de2e8ebcc0b7dca384008351a599e89286b6fee0de144e92,H3,KNOWN,NOT_APPLICABLE,NOT_APPLICABLE,KNOWN,KNOWN,KNOWN,NOT_APPLICABLE,KNOWN,KNOWN,KNOWN,KNOWN,KNOWN,KNOWN,KNOWN
a51ad8cdee689426de2e8ebcc0b7dca384008351a599e89286b6fee0de144e92,H4,KNOWN,KNOWN,NOT_APPLICABLE,KNOWN,KNOWN,KNOWN,KNOWN,KNOWN,KNOWN,KNOWN,KNOWN,KNOWN,KNOWN,KNOWN
a86e2dac4512bec45c1d90372bbdfdcf0b4c495e400c4ef4fa637cd1263e1208,H0,KNOWN,NOT_APPLICABLE,NOT_APPLICABLE,NOT_APPLICABLE,KNOWN,KNOWN,NOT_APPLICABLE,KNOWN,KNOWN,KNOWN,KNOWN,KNOWN,KNOWN,KNOWN
a86e2dac4512bec45c1d90372bbdfdcf0b4c495e400c4ef4fa637cd1263e1208,H1,KNOWN,NOT_APPLICABLE,KNOWN,KNOWN,KNOWN,KNOWN,NOT_APPLICABLE,KNOWN,KNOWN,KNOWN,KNOWN,KNOWN,KNOWN,KNOWN
a86e2dac4512bec45c1d90372bbdfdcf0b4c495e400c4ef4fa637cd1263e1208,H2,KNOWN,NOT_APPLICABLE,NOT_APPLICABLE,KNOWN,KNOWN,KNOWN,NOT_APPLICABLE,KNOWN,KNOWN,KNOWN,KNOWN,KNOWN,KNOWN,KNOWN
a86e2dac4512bec45c1d90372bbdfdcf0b4c495e400c4ef4fa637cd1263e1208,H3,KNOWN,NOT_APPLICABLE,NOT_APPLICABLE,KNOWN,KNOWN,KNOWN,NOT_APPLICABLE,KNOWN,KNOWN,KNOWN,KNOWN,KNOWN,KNOWN,KNOWN
a86e2dac4512bec45c1d90372bbdfdcf0b4c495e400c4ef4fa637cd1263e1208,H4,KNOWN,KNOWN,NOT_APPLICABLE,KNOWN,KNOWN,KNOWN,KNOWN,KNOWN,KNOWN,KNOWN,KNOWN,KNOWN,KNOWN,KNOWN
a886ef1bfe9df29d6e1138d2ea2eb294326554e04c2b7542fa1f53ebc494287c,H0,KNOWN,NOT_APPLICABLE,NOT_APPLICABLE,NOT_APPLICABLE,KNOWN,KNOWN,NOT_APPLICABLE,KNOWN,KNOWN,KNOWN,KNOWN,KNOWN,KNOWN,KNOWN
a886ef1bfe9df29d6e1138d2ea2eb294326554e04c2b7542fa1f53ebc494287c,H1,KNOWN,NOT_APPLICABLE,KNOWN,KNOWN,KNOWN,KNOWN,NOT_APPLICABLE,KNOWN,KNOWN,KNOWN,KNOWN,KNOWN,KNOWN,KNOWN
a886ef1bfe9df29d6e1138d2ea2eb294326554e04c2b7542fa1f53ebc494287c,H2,KNOWN,NOT_APPLICABLE,NOT_APPLICABLE,KNOWN,KNOWN,KNOWN,NOT_APPLICABLE,KNOWN,KNOWN,KNOWN,KNOWN,KNOWN,KNOWN,KNOWN
a886ef1bfe9df29d6e1138d2ea2eb294326554e04c2b7542fa1f53ebc494287c,H3,KNOWN,NOT_APPLICABLE,NOT_APPLICABLE,KNOWN,KNOWN,KNOWN,NOT_APPLICABLE,KNOWN,KNOWN,KNOWN,KNOWN,KNOWN,KNOWN,KNOWN
a886ef1bfe9df29d6e1138d2ea2eb294326554e04c2b7542fa1f53ebc494287c,H4,KNOWN,KNOWN,NOT_APPLICABLE,KNOWN,KNOWN,KNOWN,KNOWN,KNOWN,KNOWN,KNOWN,KNOWN,KNOWN,KNOWN,KNOWN
a9063a44e5c190c3c1e04fc392654c2aabe4314c0b528e69a69ad4acad5e853c,H0,KNOWN,NOT_APPLICABLE,NOT_APPLICABLE,NOT_APPLICABLE,KNOWN,KNOWN,NOT_APPLICABLE,KNOWN,KNOWN,KNOWN,KNOWN,KNOWN,KNOWN,KNOWN
a9063a44e5c190c3c1e04fc392654c2aabe4314c0b528e69a69ad4acad5e853c,H1,KNOWN,NOT_APPLICABLE,KNOWN,KNOWN,KNOWN,KNOWN,NOT_APPLICABLE,KNOWN,KNOWN,KNOWN,KNOWN,KNOWN,KNOWN,KNOWN
a9063a44e5c190c3c1e04fc392654c2aabe4314c0b528e69a69ad4acad5e853c,H2,KNOWN,NOT_APPLICABLE,NOT_APPLICABLE,KNOWN,KNOWN,KNOWN,NOT_APPLICABLE,KNOWN,KNOWN,KNOWN,KNOWN,KNOWN,KNOWN,KNOWN
a9063a44e5c190c3c1e04fc392654c2aabe4314c0b528e69a69ad4acad5e853c,H3,KNOWN,NOT_APPLICABLE,NOT_APPLICABLE,KNOWN,KNOWN,KNOWN,NOT_APPLICABLE,KNOWN,KNOWN,KNOWN,KNOWN,KNOWN,KNOWN,KNOWN
a9063a44e5c190c3c1e04fc392654c2aabe4314c0b528e69a69ad4acad5e853c,H4,KNOWN,KNOWN,NOT_APPLICABLE,KNOWN,KNOWN,KNOWN,KNOWN,KNOWN,KNOWN,KNOWN,KNOWN,KNOWN,KNOWN,KNOWN
aa0dfaae223446ef4b936f598a233d70b7f31458f953ca33a3bea748d1755dc8,H0,KNOWN,NOT_APPLICABLE,NOT_APPLICABLE,NOT_APPLICABLE,KNOWN,KNOWN,NOT_APPLICABLE,KNOWN,KNOWN,KNOWN,KNOWN,KNOWN,KNOWN,KNOWN
aa0dfaae223446ef4b936f598a233d70b7f31458f953ca33a3bea748d1755dc8,H1,KNOWN,NOT_APPLICABLE,KNOWN,KNOWN,KNOWN,KNOWN,NOT_APPLICABLE,KNOWN,KNOWN,KNOWN,KNOWN,KNOWN,KNOWN,KNOWN
aa0dfaae223446ef4b936f598a233d70b7f31458f953ca33a3bea748d1755dc8,H2,KNOWN,NOT_APPLICABLE,NOT_APPLICABLE,KNOWN,KNOWN,KNOWN,NOT_APPLICABLE,KNOWN,KNOWN,KNOWN,KNOWN,KNOWN,KNOWN,KNOWN
aa0dfaae223446ef4b936f598a233d70b7f31458f953ca33a3bea748d1755dc8,H3,KNOWN,NOT_APPLICABLE,NOT_APPLICABLE,KNOWN,KNOWN,KNOWN,NOT_APPLICABLE,KNOWN,KNOWN,KNOWN,KNOWN,KNOWN,KNOWN,KNOWN
aa0dfaae223446ef4b936f598a233d70b7f31458f953ca33a3bea748d1755dc8,H4,KNOWN,KNOWN,NOT_APPLICABLE,KNOWN,KNOWN,KNOWN,KNOWN,KNOWN,KNOWN,KNOWN,KNOWN,KNOWN,KNOWN,KNOWN
aa304dab9542aae56430a3ad80ebb7a4ea14c092811902608679e477f0159bbe,H0,KNOWN,NOT_APPLICABLE,NOT_APPLICABLE,NOT_APPLICABLE,KNOWN,KNOWN,NOT_APPLICABLE,KNOWN,KNOWN,KNOWN,KNOWN,KNOWN,KNOWN,KNOWN
aa304dab9542aae56430a3ad80ebb7a4ea14c092811902608679e477f0159bbe,H1,KNOWN,NOT_APPLICABLE,KNOWN,KNOWN,KNOWN,KNOWN,NOT_APPLICABLE,KNOWN,KNOWN,KNOWN,KNOWN,KNOWN,KNOWN,KNOWN
aa304dab9542aae56430a3ad80ebb7a4ea14c092811902608679e477f0159bbe,H2,KNOWN,NOT_APPLICABLE,NOT_APPLICABLE,KNOWN,KNOWN,KNOWN,NOT_APPLICABLE,KNOWN,KNOWN,KNOWN,KNOWN,KNOWN,KNOWN,KNOWN
aa304dab9542aae56430a3ad80ebb7a4ea14c092811902608679e477f0159bbe,H3,KNOWN,NOT_APPLICABLE,NOT_APPLICABLE,KNOWN,KNOWN,KNOWN,NOT_APPLICABLE,KNOWN,KNOWN,KNOWN,KNOWN,KNOWN,KNOWN,KNOWN
aa304dab9542aae56430a3ad80ebb7a4ea14c092811902608679e477f0159bbe,H4,KNOWN,KNOWN,NOT_APPLICABLE,KNOWN,KNOWN,KNOWN,KNOWN,KNOWN,KNOWN,KNOWN,KNOWN,KNOWN,KNOWN,KNOWN
aaa3319de212ce57fd6f629978b65e80ee2798a7b76257874e88855b1270276e,H0,KNOWN,NOT_APPLICABLE,NOT_APPLICABLE,NOT_APPLICABLE,KNOWN,KNOWN,NOT_APPLICABLE,KNOWN,KNOWN,KNOWN,KNOWN,KNOWN,KNOWN,KNOWN
aaa3319de212ce57fd6f629978b65e80ee2798a7b76257874e88855b1270276e,H1,KNOWN,NOT_APPLICABLE,KNOWN,KNOWN,KNOWN,KNOWN,NOT_APPLICABLE,KNOWN,KNOWN,KNOWN,KNOWN,KNOWN,KNOWN,KNOWN
aaa3319de212ce57fd6f629978b65e80ee2798a7b76257874e88855b1270276e,H2,KNOWN,NOT_APPLICABLE,NOT_APPLICABLE,KNOWN,KNOWN,KNOWN,NOT_APPLICABLE,KNOWN,KNOWN,KNOWN,KNOWN,KNOWN,KNOWN,KNOWN
aaa3319de212ce57fd6f629978b65e80ee2798a7b76257874e88855b1270276e,H3,KNOWN,NOT_APPLICABLE,NOT_APPLICABLE,KNOWN,KNOWN,KNOWN,NOT_APPLICABLE,KNOWN,KNOWN,KNOWN,KNOWN,KNOWN,KNOWN,KNOWN
aaa3319de212ce57fd6f629978b65e80ee2798a7b76257874e88855b1270276e,H4,KNOWN,KNOWN,NOT_APPLICABLE,KNOWN,KNOWN,KNOWN,KNOWN,KNOWN,KNOWN,KNOWN,KNOWN,KNOWN,KNOWN,KNOWN
abf0d9be96b4f1ee1cc656f1d4760bb7b208201baef57c703ddaf7ddf84c6fb2,H0,KNOWN,NOT_APPLICABLE,NOT_APPLICABLE,NOT_APPLICABLE,KNOWN,KNOWN,NOT_APPLICABLE,KNOWN,KNOWN,KNOWN,KNOWN,KNOWN,KNOWN,KNOWN
abf0d9be96b4f1ee1cc656f1d4760bb7b208201baef57c703ddaf7ddf84c6fb2,H1,KNOWN,NOT_APPLICABLE,KNOWN,KNOWN,KNOWN,KNOWN,NOT_APPLICABLE,KNOWN,KNOWN,KNOWN,KNOWN,KNOWN,KNOWN,KNOWN
abf0d9be96b4f1ee1cc656f1d4760bb7b208201baef57c703ddaf7ddf84c6fb2,H2,KNOWN,NOT_APPLICABLE,NOT_APPLICABLE,KNOWN,KNOWN,KNOWN,NOT_APPLICABLE,KNOWN,KNOWN,KNOWN,KNOWN,KNOWN,KNOWN,KNOWN
abf0d9be96b4f1ee1cc656f1d4760bb7b208201baef57c703ddaf7ddf84c6fb2,H3,KNOWN,NOT_APPLICABLE,NOT_APPLICABLE,KNOWN,KNOWN,KNOWN,NOT_APPLICABLE,KNOWN,KNOWN,KNOWN,KNOWN,KNOWN,KNOWN,KNOWN
abf0d9be96b4f1ee1cc656f1d4760bb7b208201baef57c703ddaf7ddf84c6fb2,H4,KNOWN,KNOWN,NOT_APPLICABLE,KNOWN,KNOWN,KNOWN,KNOWN,KNOWN,KNOWN,KNOWN,KNOWN,KNOWN,KNOWN,KNOWN
ac1fb780b0d48ca9f592921413ef52016e45df309f2ab6dc9a11b494bc549d5f,H0,KNOWN,NOT_APPLICABLE,NOT_APPLICABLE,NOT_APPLICABLE,KNOWN,KNOWN,NOT_APPLICABLE,KNOWN,KNOWN,KNOWN,KNOWN,KNOWN,KNOWN,KNOWN
ac1fb780b0d48ca9f592921413ef52016e45df309f2ab6dc9a11b494bc549d5f,H1,KNOWN,NOT_APPLICABLE,KNOWN,KNOWN,KNOWN,KNOWN,NOT_APPLICABLE,KNOWN,KNOWN,KNOWN,KNOWN,KNOWN,KNOWN,KNOWN
ac1fb780b0d48ca9f592921413ef52016e45df309f2ab6dc9a11b494bc549d5f,H2,KNOWN,NOT_APPLICABLE,NOT_APPLICABLE,KNOWN,KNOWN,KNOWN,NOT_APPLICABLE,KNOWN,KNOWN,KNOWN,KNOWN,KNOWN,KNOWN,KNOWN
ac1fb780b0d48ca9f592921413ef52016e45df309f2ab6dc9a11b494bc549d5f,H3,KNOWN,NOT_APPLICABLE,NOT_APPLICABLE,KNOWN,KNOWN,KNOWN,NOT_APPLICABLE,KNOWN,KNOWN,KNOWN,KNOWN,KNOWN,KNOWN,KNOWN
ac1fb780b0d48ca9f592921413ef52016e45df309f2ab6dc9a11b494bc549d5f,H4,KNOWN,KNOWN,NOT_APPLICABLE,KNOWN,KNOWN,KNOWN,KNOWN,KNOWN,KNOWN,KNOWN,KNOWN,KNOWN,KNOWN,KNOWN
aca48617e4afbadd93b79c41769cd75d4c5b1cdf8a3fede5d19fd65378f5c830,H0,KNOWN,NOT_APPLICABLE,NOT_APPLICABLE,NOT_APPLICABLE,KNOWN,KNOWN,NOT_APPLICABLE,KNOWN,KNOWN,KNOWN,KNOWN,KNOWN,KNOWN,KNOWN
aca48617e4afbadd93b79c41769cd75d4c5b1cdf8a3fede5d19fd65378f5c830,H1,KNOWN,NOT_APPLICABLE,KNOWN,KNOWN,KNOWN,KNOWN,NOT_APPLICABLE,KNOWN,KNOWN,KNOWN,KNOWN,KNOWN,KNOWN,KNOWN
aca48617e4afbadd93b79c41769cd75d4c5b1cdf8a3fede5d19fd65378f5c830,H2,KNOWN,NOT_APPLICABLE,NOT_APPLICABLE,KNOWN,KNOWN,KNOWN,NOT_APPLICABLE,KNOWN,KNOWN,KNOWN,KNOWN,KNOWN,KNOWN,KNOWN
aca48617e4afbadd93b79c41769cd75d4c5b1cdf8a3fede5d19fd65378f5c830,H3,KNOWN,NOT_APPLICABLE,NOT_APPLICABLE,KNOWN,KNOWN,KNOWN,NOT_APPLICABLE,KNOWN,KNOWN,KNOWN,KNOWN,KNOWN,KNOWN,KNOWN
aca48617e4afbadd93b79c41769cd75d4c5b1cdf8a3fede5d19fd65378f5c830,H4,KNOWN,KNOWN,NOT_APPLICABLE,KNOWN,KNOWN,KNOWN,KNOWN,KNOWN,KNOWN,KNOWN,KNOWN,KNOWN,KNOWN,KNOWN
af4e7bafa17c682a447a00f92d994afe9049f3c76b2949717d5c92fe8c9ba3bf,H0,KNOWN,NOT_APPLICABLE,NOT_APPLICABLE,NOT_APPLICABLE,KNOWN,KNOWN,NOT_APPLICABLE,KNOWN,KNOWN,KNOWN,KNOWN,KNOWN,KNOWN,KNOWN
af4e7bafa17c682a447a00f92d994afe9049f3c76b2949717d5c92fe8c9ba3bf,H1,KNOWN,NOT_APPLICABLE,KNOWN,KNOWN,KNOWN,KNOWN,NOT_APPLICABLE,KNOWN,KNOWN,KNOWN,KNOWN,KNOWN,KNOWN,KNOWN
af4e7bafa17c682a447a00f92d994afe9049f3c76b2949717d5c92fe8c9ba3bf,H2,KNOWN,NOT_APPLICABLE,NOT_APPLICABLE,KNOWN,KNOWN,KNOWN,NOT_APPLICABLE,KNOWN,KNOWN,KNOWN,KNOWN,KNOWN,KNOWN,KNOWN
af4e7bafa17c682a447a00f92d994afe9049f3c76b2949717d5c92fe8c9ba3bf,H3,KNOWN,NOT_APPLICABLE,NOT_APPLICABLE,KNOWN,KNOWN,KNOWN,NOT_APPLICABLE,KNOWN,KNOWN,KNOWN,KNOWN,KNOWN,KNOWN,KNOWN
af4e7bafa17c682a447a00f92d994afe9049f3c76b2949717d5c92fe8c9ba3bf,H4,KNOWN,KNOWN,NOT_APPLICABLE,KNOWN,KNOWN,KNOWN,KNOWN,KNOWN,KNOWN,KNOWN,KNOWN,KNOWN,KNOWN,KNOWN
b03992b89a221bded3662b3ceb14f91bc15dd1a2a2fea1b4d481eb1866138cc1,H0,KNOWN,NOT_APPLICABLE,NOT_APPLICABLE,NOT_APPLICABLE,KNOWN,KNOWN,NOT_APPLICABLE,KNOWN,KNOWN,KNOWN,KNOWN,KNOWN,KNOWN,KNOWN
b03992b89a221bded3662b3ceb14f91bc15dd1a2a2fea1b4d481eb1866138cc1,H1,KNOWN,NOT_APPLICABLE,KNOWN,KNOWN,KNOWN,KNOWN,NOT_APPLICABLE,KNOWN,KNOWN,KNOWN,KNOWN,KNOWN,KNOWN,KNOWN
b03992b89a221bded3662b3ceb14f91bc15dd1a2a2fea1b4d481eb1866138cc1,H2,KNOWN,NOT_APPLICABLE,NOT_APPLICABLE,KNOWN,KNOWN,KNOWN,NOT_APPLICABLE,KNOWN,KNOWN,KNOWN,KNOWN,KNOWN,KNOWN,KNOWN
b03992b89a221bded3662b3ceb14f91bc15dd1a2a2fea1b4d481eb1866138cc1,H3,KNOWN,NOT_APPLICABLE,NOT_APPLICABLE,KNOWN,KNOWN,KNOWN,NOT_APPLICABLE,KNOWN,KNOWN,KNOWN,KNOWN,KNOWN,KNOWN,KNOWN
b03992b89a221bded3662b3ceb14f91bc15dd1a2a2fea1b4d481eb1866138cc1,H4,KNOWN,KNOWN,NOT_APPLICABLE,KNOWN,KNOWN,KNOWN,KNOWN,KNOWN,KNOWN,KNOWN,KNOWN,KNOWN,KNOWN,KNOWN
b05cdc92f4c1a451c7f394ad1c349b0f419f23544850c61441bbc2a4f0522613,H0,KNOWN,NOT_APPLICABLE,NOT_APPLICABLE,NOT_APPLICABLE,KNOWN,KNOWN,NOT_APPLICABLE,KNOWN,KNOWN,KNOWN,KNOWN,KNOWN,KNOWN,KNOWN
b05cdc92f4c1a451c7f394ad1c349b0f419f23544850c61441bbc2a4f0522613,H1,KNOWN,NOT_APPLICABLE,KNOWN,KNOWN,KNOWN,KNOWN,NOT_APPLICABLE,KNOWN,KNOWN,KNOWN,KNOWN,KNOWN,KNOWN,KNOWN
b05cdc92f4c1a451c7f394ad1c349b0f419f23544850c61441bbc2a4f0522613,H2,KNOWN,NOT_APPLICABLE,NOT_APPLICABLE,KNOWN,KNOWN,KNOWN,NOT_APPLICABLE,KNOWN,KNOWN,KNOWN,KNOWN,KNOWN,KNOWN,KNOWN
b05cdc92f4c1a451c7f394ad1c349b0f419f23544850c61441bbc2a4f0522613,H3,KNOWN,NOT_APPLICABLE,NOT_APPLICABLE,KNOWN,KNOWN,KNOWN,NOT_APPLICABLE,KNOWN,KNOWN,KNOWN,KNOWN,KNOWN,KNOWN,KNOWN
b05cdc92f4c1a451c7f394ad1c349b0f419f23544850c61441bbc2a4f0522613,H4,KNOWN,KNOWN,NOT_APPLICABLE,KNOWN,KNOWN,KNOWN,KNOWN,KNOWN,KNOWN,KNOWN,KNOWN,KNOWN,KNOWN,KNOWN
b1b4bba780b9c892e32669fe5993ce2f356114cd443cf0fa4a7d3285310597a8,H0,KNOWN,NOT_APPLICABLE,NOT_APPLICABLE,NOT_APPLICABLE,KNOWN,KNOWN,NOT_APPLICABLE,KNOWN,KNOWN,KNOWN,KNOWN,KNOWN,KNOWN,KNOWN
b1b4bba780b9c892e32669fe5993ce2f356114cd443cf0fa4a7d3285310597a8,H1,KNOWN,NOT_APPLICABLE,KNOWN,KNOWN,KNOWN,KNOWN,NOT_APPLICABLE,KNOWN,KNOWN,KNOWN,KNOWN,KNOWN,KNOWN,KNOWN
b1b4bba780b9c892e32669fe5993ce2f356114cd443cf0fa4a7d3285310597a8,H2,KNOWN,NOT_APPLICABLE,NOT_APPLICABLE,KNOWN,KNOWN,KNOWN,NOT_APPLICABLE,KNOWN,KNOWN,KNOWN,KNOWN,KNOWN,KNOWN,KNOWN
b1b4bba780b9c892e32669fe5993ce2f356114cd443cf0fa4a7d3285310597a8,H3,KNOWN,NOT_APPLICABLE,NOT_APPLICABLE,KNOWN,KNOWN,KNOWN,NOT_APPLICABLE,KNOWN,KNOWN,KNOWN,KNOWN,KNOWN,KNOWN,KNOWN
b1b4bba780b9c892e32669fe5993ce2f356114cd443cf0fa4a7d3285310597a8,H4,KNOWN,KNOWN,NOT_APPLICABLE,KNOWN,KNOWN,KNOWN,KNOWN,KNOWN,KNOWN,KNOWN,KNOWN,KNOWN,KNOWN,KNOWN
b31289b84ff6c472c8e5b438920fb4f7d3c2ccb0f690f299cabae40a1a24d7b5,H0,KNOWN,NOT_APPLICABLE,NOT_APPLICABLE,NOT_APPLICABLE,KNOWN,KNOWN,NOT_APPLICABLE,KNOWN,KNOWN,KNOWN,KNOWN,KNOWN,KNOWN,KNOWN
b31289b84ff6c472c8e5b438920fb4f7d3c2ccb0f690f299cabae40a1a24d7b5,H1,KNOWN,NOT_APPLICABLE,KNOWN,KNOWN,KNOWN,KNOWN,NOT_APPLICABLE,KNOWN,KNOWN,KNOWN,KNOWN,KNOWN,KNOWN,KNOWN
b31289b84ff6c472c8e5b438920fb4f7d3c2ccb0f690f299cabae40a1a24d7b5,H2,KNOWN,NOT_APPLICABLE,NOT_APPLICABLE,KNOWN,KNOWN,KNOWN,NOT_APPLICABLE,KNOWN,KNOWN,KNOWN,KNOWN,KNOWN,KNOWN,KNOWN
b31289b84ff6c472c8e5b438920fb4f7d3c2ccb0f690f299cabae40a1a24d7b5,H3,KNOWN,NOT_APPLICABLE,NOT_APPLICABLE,KNOWN,KNOWN,KNOWN,NOT_APPLICABLE,KNOWN,KNOWN,KNOWN,KNOWN,KNOWN,KNOWN,KNOWN
b31289b84ff6c472c8e5b438920fb4f7d3c2ccb0f690f299cabae40a1a24d7b5,H4,KNOWN,KNOWN,NOT_APPLICABLE,KNOWN,KNOWN,KNOWN,KNOWN,KNOWN,KNOWN,KNOWN,KNOWN,KNOWN,KNOWN,KNOWN
b37b90dde6f7ffe876567d657f23917a0254d5e59056e44b139fa619938bc42c,H0,KNOWN,NOT_APPLICABLE,NOT_APPLICABLE,NOT_APPLICABLE,KNOWN,KNOWN,NOT_APPLICABLE,KNOWN,KNOWN,KNOWN,KNOWN,KNOWN,KNOWN,KNOWN
b37b90dde6f7ffe876567d657f23917a0254d5e59056e44b139fa619938bc42c,H1,KNOWN,NOT_APPLICABLE,KNOWN,KNOWN,KNOWN,KNOWN,NOT_APPLICABLE,KNOWN,KNOWN,KNOWN,KNOWN,KNOWN,KNOWN,KNOWN
b37b90dde6f7ffe876567d657f23917a0254d5e59056e44b139fa619938bc42c,H2,KNOWN,NOT_APPLICABLE,NOT_APPLICABLE,KNOWN,KNOWN,KNOWN,NOT_APPLICABLE,KNOWN,KNOWN,KNOWN,KNOWN,KNOWN,KNOWN,KNOWN
b37b90dde6f7ffe876567d657f23917a0254d5e59056e44b139fa619938bc42c,H3,KNOWN,NOT_APPLICABLE,NOT_APPLICABLE,KNOWN,KNOWN,KNOWN,NOT_APPLICABLE,KNOWN,KNOWN,KNOWN,KNOWN,KNOWN,KNOWN,KNOWN
b37b90dde6f7ffe876567d657f23917a0254d5e59056e44b139fa619938bc42c,H4,KNOWN,KNOWN,NOT_APPLICABLE,KNOWN,KNOWN,KNOWN,KNOWN,KNOWN,KNOWN,KNOWN,KNOWN,KNOWN,KNOWN,KNOWN
b3ae49cbccbfdcab71653f7db40291ad6c43e1f5feb9ae3766f7cc48b08bb8b9,H0,KNOWN,NOT_APPLICABLE,NOT_APPLICABLE,NOT_APPLICABLE,KNOWN,KNOWN,NOT_APPLICABLE,KNOWN,KNOWN,KNOWN,KNOWN,KNOWN,KNOWN,KNOWN
b3ae49cbccbfdcab71653f7db40291ad6c43e1f5feb9ae3766f7cc48b08bb8b9,H1,KNOWN,NOT_APPLICABLE,KNOWN,KNOWN,KNOWN,KNOWN,NOT_APPLICABLE,KNOWN,KNOWN,KNOWN,KNOWN,KNOWN,KNOWN,KNOWN
b3ae49cbccbfdcab71653f7db40291ad6c43e1f5feb9ae3766f7cc48b08bb8b9,H2,KNOWN,NOT_APPLICABLE,NOT_APPLICABLE,KNOWN,KNOWN,KNOWN,NOT_APPLICABLE,KNOWN,KNOWN,KNOWN,KNOWN,KNOWN,KNOWN,KNOWN
b3ae49cbccbfdcab71653f7db40291ad6c43e1f5feb9ae3766f7cc48b08bb8b9,H3,KNOWN,NOT_APPLICABLE,NOT_APPLICABLE,KNOWN,KNOWN,KNOWN,NOT_APPLICABLE,KNOWN,KNOWN,KNOWN,KNOWN,KNOWN,KNOWN,KNOWN
b3ae49cbccbfdcab71653f7db40291ad6c43e1f5feb9ae3766f7cc48b08bb8b9,H4,KNOWN,KNOWN,NOT_APPLICABLE,KNOWN,KNOWN,KNOWN,KNOWN,KNOWN,KNOWN,KNOWN,KNOWN,KNOWN,KNOWN,KNOWN
b3c2a185505556987500d3119899680450fbec51ed1102b2940b6cbcc6950fcb,H0,KNOWN,NOT_APPLICABLE,NOT_APPLICABLE,NOT_APPLICABLE,KNOWN,KNOWN,NOT_APPLICABLE,KNOWN,KNOWN,KNOWN,KNOWN,KNOWN,KNOWN,KNOWN
b3c2a185505556987500d3119899680450fbec51ed1102b2940b6cbcc6950fcb,H1,KNOWN,NOT_APPLICABLE,KNOWN,KNOWN,KNOWN,KNOWN,NOT_APPLICABLE,KNOWN,KNOWN,KNOWN,KNOWN,KNOWN,KNOWN,KNOWN
b3c2a185505556987500d3119899680450fbec51ed1102b2940b6cbcc6950fcb,H2,KNOWN,NOT_APPLICABLE,NOT_APPLICABLE,KNOWN,KNOWN,KNOWN,NOT_APPLICABLE,KNOWN,KNOWN,KNOWN,KNOWN,KNOWN,KNOWN,KNOWN
b3c2a185505556987500d3119899680450fbec51ed1102b2940b6cbcc6950fcb,H3,KNOWN,NOT_APPLICABLE,NOT_APPLICABLE,KNOWN,KNOWN,KNOWN,NOT_APPLICABLE,KNOWN,KNOWN,KNOWN,KNOWN,KNOWN,KNOWN,KNOWN
b3c2a185505556987500d3119899680450fbec51ed1102b2940b6cbcc6950fcb,H4,KNOWN,KNOWN,NOT_APPLICABLE,KNOWN,KNOWN,KNOWN,KNOWN,KNOWN,KNOWN,KNOWN,KNOWN,KNOWN,KNOWN,KNOWN
b4e256b869bc26477213328374c2d60d427948e2ae734758aadf598867cce652,H0,KNOWN,NOT_APPLICABLE,NOT_APPLICABLE,NOT_APPLICABLE,KNOWN,KNOWN,NOT_APPLICABLE,KNOWN,KNOWN,KNOWN,KNOWN,KNOWN,KNOWN,KNOWN
b4e256b869bc26477213328374c2d60d427948e2ae734758aadf598867cce652,H1,KNOWN,NOT_APPLICABLE,KNOWN,KNOWN,KNOWN,KNOWN,NOT_APPLICABLE,KNOWN,KNOWN,KNOWN,KNOWN,KNOWN,KNOWN,KNOWN
b4e256b869bc26477213328374c2d60d427948e2ae734758aadf598867cce652,H2,KNOWN,NOT_APPLICABLE,NOT_APPLICABLE,KNOWN,KNOWN,KNOWN,NOT_APPLICABLE,KNOWN,KNOWN,KNOWN,KNOWN,KNOWN,KNOWN,KNOWN
b4e256b869bc26477213328374c2d60d427948e2ae734758aadf598867cce652,H3,KNOWN,NOT_APPLICABLE,NOT_APPLICABLE,KNOWN,KNOWN,KNOWN,NOT_APPLICABLE,KNOWN,KNOWN,KNOWN,KNOWN,KNOWN,KNOWN,KNOWN
b4e256b869bc26477213328374c2d60d427948e2ae734758aadf598867cce652,H4,KNOWN,KNOWN,NOT_APPLICABLE,KNOWN,KNOWN,KNOWN,KNOWN,KNOWN,KNOWN,KNOWN,KNOWN,KNOWN,KNOWN,KNOWN
b611ef4898361d44f393abf3aa498dce9f5f746da2ad0b31491f5864a5fc9be8,H0,KNOWN,NOT_APPLICABLE,NOT_APPLICABLE,NOT_APPLICABLE,KNOWN,KNOWN,NOT_APPLICABLE,KNOWN,KNOWN,KNOWN,KNOWN,KNOWN,KNOWN,KNOWN
b611ef4898361d44f393abf3aa498dce9f5f746da2ad0b31491f5864a5fc9be8,H1,KNOWN,NOT_APPLICABLE,KNOWN,KNOWN,KNOWN,KNOWN,NOT_APPLICABLE,KNOWN,KNOWN,KNOWN,KNOWN,KNOWN,KNOWN,KNOWN
b611ef4898361d44f393abf3aa498dce9f5f746da2ad0b31491f5864a5fc9be8,H2,KNOWN,NOT_APPLICABLE,NOT_APPLICABLE,KNOWN,KNOWN,KNOWN,NOT_APPLICABLE,KNOWN,KNOWN,KNOWN,KNOWN,KNOWN,KNOWN,KNOWN
b611ef4898361d44f393abf3aa498dce9f5f746da2ad0b31491f5864a5fc9be8,H3,KNOWN,NOT_APPLICABLE,NOT_APPLICABLE,KNOWN,KNOWN,KNOWN,NOT_APPLICABLE,KNOWN,KNOWN,KNOWN,KNOWN,KNOWN,KNOWN,KNOWN
b611ef4898361d44f393abf3aa498dce9f5f746da2ad0b31491f5864a5fc9be8,H4,KNOWN,KNOWN,NOT_APPLICABLE,KNOWN,KNOWN,KNOWN,KNOWN,KNOWN,KNOWN,KNOWN,KNOWN,KNOWN,KNOWN,KNOWN
b7ca50041000576dad8c28de1bf9a1cdfb8a63445015f1435f3c95ec7f25f332,H0,KNOWN,NOT_APPLICABLE,NOT_APPLICABLE,NOT_APPLICABLE,KNOWN,KNOWN,NOT_APPLICABLE,KNOWN,KNOWN,KNOWN,KNOWN,KNOWN,KNOWN,KNOWN
b7ca50041000576dad8c28de1bf9a1cdfb8a63445015f1435f3c95ec7f25f332,H1,KNOWN,NOT_APPLICABLE,KNOWN,KNOWN,KNOWN,KNOWN,NOT_APPLICABLE,KNOWN,KNOWN,KNOWN,KNOWN,KNOWN,KNOWN,KNOWN
b7ca50041000576dad8c28de1bf9a1cdfb8a63445015f1435f3c95ec7f25f332,H2,KNOWN,NOT_APPLICABLE,NOT_APPLICABLE,KNOWN,KNOWN,KNOWN,NOT_APPLICABLE,KNOWN,KNOWN,KNOWN,KNOWN,KNOWN,KNOWN,KNOWN
b7ca50041000576dad8c28de1bf9a1cdfb8a63445015f1435f3c95ec7f25f332,H3,KNOWN,NOT_APPLICABLE,NOT_APPLICABLE,KNOWN,KNOWN,KNOWN,NOT_APPLICABLE,KNOWN,KNOWN,KNOWN,KNOWN,KNOWN,KNOWN,KNOWN
b7ca50041000576dad8c28de1bf9a1cdfb8a63445015f1435f3c95ec7f25f332,H4,KNOWN,KNOWN,NOT_APPLICABLE,KNOWN,KNOWN,KNOWN,KNOWN,KNOWN,KNOWN,KNOWN,KNOWN,KNOWN,KNOWN,KNOWN
b8d4935b3f0010b5be1629ca4b9bede85972113c4b9ad7580b004f368ca73194,H0,KNOWN,NOT_APPLICABLE,NOT_APPLICABLE,NOT_APPLICABLE,KNOWN,KNOWN,NOT_APPLICABLE,KNOWN,KNOWN,KNOWN,KNOWN,KNOWN,KNOWN,KNOWN
b8d4935b3f0010b5be1629ca4b9bede85972113c4b9ad7580b004f368ca73194,H1,KNOWN,NOT_APPLICABLE,KNOWN,KNOWN,KNOWN,KNOWN,NOT_APPLICABLE,KNOWN,KNOWN,KNOWN,KNOWN,KNOWN,KNOWN,KNOWN
b8d4935b3f0010b5be1629ca4b9bede85972113c4b9ad7580b004f368ca73194,H2,KNOWN,NOT_APPLICABLE,NOT_APPLICABLE,KNOWN,KNOWN,KNOWN,NOT_APPLICABLE,KNOWN,KNOWN,KNOWN,KNOWN,KNOWN,KNOWN,KNOWN
b8d4935b3f0010b5be1629ca4b9bede85972113c4b9ad7580b004f368ca73194,H3,KNOWN,NOT_APPLICABLE,NOT_APPLICABLE,KNOWN,KNOWN,KNOWN,NOT_APPLICABLE,KNOWN,KNOWN,KNOWN,KNOWN,KNOWN,KNOWN,KNOWN
b8d4935b3f0010b5be1629ca4b9bede85972113c4b9ad7580b004f368ca73194,H4,KNOWN,KNOWN,NOT_APPLICABLE,KNOWN,KNOWN,KNOWN,KNOWN,KNOWN,KNOWN,KNOWN,KNOWN,KNOWN,KNOWN,KNOWN
b9bafd91b40d8bdb1d66c8e90eeafe0f591e7747ae4392d01b48db59f95c4a63,H0,KNOWN,NOT_APPLICABLE,NOT_APPLICABLE,NOT_APPLICABLE,KNOWN,KNOWN,NOT_APPLICABLE,KNOWN,KNOWN,KNOWN,KNOWN,KNOWN,KNOWN,KNOWN
b9bafd91b40d8bdb1d66c8e90eeafe0f591e7747ae4392d01b48db59f95c4a63,H1,KNOWN,NOT_APPLICABLE,KNOWN,KNOWN,KNOWN,KNOWN,NOT_APPLICABLE,KNOWN,KNOWN,KNOWN,KNOWN,KNOWN,KNOWN,KNOWN
b9bafd91b40d8bdb1d66c8e90eeafe0f591e7747ae4392d01b48db59f95c4a63,H2,KNOWN,NOT_APPLICABLE,NOT_APPLICABLE,KNOWN,KNOWN,KNOWN,NOT_APPLICABLE,KNOWN,KNOWN,KNOWN,KNOWN,KNOWN,KNOWN,KNOWN
b9bafd91b40d8bdb1d66c8e90eeafe0f591e7747ae4392d01b48db59f95c4a63,H3,KNOWN,NOT_APPLICABLE,NOT_APPLICABLE,KNOWN,KNOWN,KNOWN,NOT_APPLICABLE,KNOWN,KNOWN,KNOWN,KNOWN,KNOWN,KNOWN,KNOWN
b9bafd91b40d8bdb1d66c8e90eeafe0f591e7747ae4392d01b48db59f95c4a63,H4,KNOWN,KNOWN,NOT_APPLICABLE,KNOWN,KNOWN,KNOWN,KNOWN,KNOWN,KNOWN,KNOWN,KNOWN,KNOWN,KNOWN,KNOWN
bad78dc378ee85dad1cd400b71c05fca5f8c1d208c0c2a5793baab442a28e84d,H0,KNOWN,NOT_APPLICABLE,NOT_APPLICABLE,NOT_APPLICABLE,KNOWN,KNOWN,NOT_APPLICABLE,KNOWN,KNOWN,KNOWN,KNOWN,KNOWN,KNOWN,KNOWN
bad78dc378ee85dad1cd400b71c05fca5f8c1d208c0c2a5793baab442a28e84d,H1,KNOWN,NOT_APPLICABLE,KNOWN,KNOWN,KNOWN,KNOWN,NOT_APPLICABLE,KNOWN,KNOWN,KNOWN,KNOWN,KNOWN,KNOWN,KNOWN
bad78dc378ee85dad1cd400b71c05fca5f8c1d208c0c2a5793baab442a28e84d,H2,KNOWN,NOT_APPLICABLE,NOT_APPLICABLE,KNOWN,KNOWN,KNOWN,NOT_APPLICABLE,KNOWN,KNOWN,KNOWN,KNOWN,KNOWN,KNOWN,KNOWN
bad78dc378ee85dad1cd400b71c05fca5f8c1d208c0c2a5793baab442a28e84d,H3,KNOWN,NOT_APPLICABLE,NOT_APPLICABLE,KNOWN,KNOWN,KNOWN,NOT_APPLICABLE,KNOWN,KNOWN,KNOWN,KNOWN,KNOWN,KNOWN,KNOWN
bad78dc378ee85dad1cd400b71c05fca5f8c1d208c0c2a5793baab442a28e84d,H4,KNOWN,KNOWN,NOT_APPLICABLE,KNOWN,KNOWN,KNOWN,KNOWN,KNOWN,KNOWN,KNOWN,KNOWN,KNOWN,KNOWN,KNOWN
bce797a9c215ce0ddcdb5b2f489e572332bcaf860b47d167841bf1acf79a4de6,H0,KNOWN,NOT_APPLICABLE,NOT_APPLICABLE,NOT_APPLICABLE,KNOWN,KNOWN,NOT_APPLICABLE,KNOWN,KNOWN,KNOWN,KNOWN,KNOWN,KNOWN,KNOWN
bce797a9c215ce0ddcdb5b2f489e572332bcaf860b47d167841bf1acf79a4de6,H1,KNOWN,NOT_APPLICABLE,KNOWN,KNOWN,KNOWN,KNOWN,NOT_APPLICABLE,KNOWN,KNOWN,KNOWN,KNOWN,KNOWN,KNOWN,KNOWN
bce797a9c215ce0ddcdb5b2f489e572332bcaf860b47d167841bf1acf79a4de6,H2,KNOWN,NOT_APPLICABLE,NOT_APPLICABLE,KNOWN,KNOWN,KNOWN,NOT_APPLICABLE,KNOWN,KNOWN,KNOWN,KNOWN,KNOWN,KNOWN,KNOWN
bce797a9c215ce0ddcdb5b2f489e572332bcaf860b47d167841bf1acf79a4de6,H3,KNOWN,NOT_APPLICABLE,NOT_APPLICABLE,KNOWN,KNOWN,KNOWN,NOT_APPLICABLE,KNOWN,KNOWN,KNOWN,KNOWN,KNOWN,KNOWN,KNOWN
bce797a9c215ce0ddcdb5b2f489e572332bcaf860b47d167841bf1acf79a4de6,H4,KNOWN,KNOWN,NOT_APPLICABLE,KNOWN,KNOWN,KNOWN,KNOWN,KNOWN,KNOWN,KNOWN,KNOWN,KNOWN,KNOWN,KNOWN
bd3e8b8d5f697cdcc16a550de113c7e14708d05ad550afbe996ac67259aab542,H0,KNOWN,NOT_APPLICABLE,NOT_APPLICABLE,NOT_APPLICABLE,KNOWN,KNOWN,NOT_APPLICABLE,KNOWN,KNOWN,KNOWN,KNOWN,KNOWN,KNOWN,KNOWN
bd3e8b8d5f697cdcc16a550de113c7e14708d05ad550afbe996ac67259aab542,H1,KNOWN,NOT_APPLICABLE,KNOWN,KNOWN,KNOWN,KNOWN,NOT_APPLICABLE,KNOWN,KNOWN,KNOWN,KNOWN,KNOWN,KNOWN,KNOWN
bd3e8b8d5f697cdcc16a550de113c7e14708d05ad550afbe996ac67259aab542,H2,KNOWN,NOT_APPLICABLE,NOT_APPLICABLE,KNOWN,KNOWN,KNOWN,NOT_APPLICABLE,KNOWN,KNOWN,KNOWN,KNOWN,KNOWN,KNOWN,KNOWN
bd3e8b8d5f697cdcc16a550de113c7e14708d05ad550afbe996ac67259aab542,H3,KNOWN,NOT_APPLICABLE,NOT_APPLICABLE,KNOWN,KNOWN,KNOWN,NOT_APPLICABLE,KNOWN,KNOWN,KNOWN,KNOWN,KNOWN,KNOWN,KNOWN
bd3e8b8d5f697cdcc16a550de113c7e14708d05ad550afbe996ac67259aab542,H4,KNOWN,KNOWN,NOT_APPLICABLE,KNOWN,KNOWN,KNOWN,KNOWN,KNOWN,KNOWN,KNOWN,KNOWN,KNOWN,KNOWN,KNOWN
bdd901d8192bdaccd4c6eb4eca9902643307ae62396814151a1de112756f548c,H0,KNOWN,NOT_APPLICABLE,NOT_APPLICABLE,NOT_APPLICABLE,KNOWN,KNOWN,NOT_APPLICABLE,KNOWN,KNOWN,KNOWN,KNOWN,KNOWN,KNOWN,KNOWN
bdd901d8192bdaccd4c6eb4eca9902643307ae62396814151a1de112756f548c,H1,KNOWN,NOT_APPLICABLE,KNOWN,KNOWN,KNOWN,KNOWN,NOT_APPLICABLE,KNOWN,KNOWN,KNOWN,KNOWN,KNOWN,KNOWN,KNOWN
bdd901d8192bdaccd4c6eb4eca9902643307ae62396814151a1de112756f548c,H2,KNOWN,NOT_APPLICABLE,NOT_APPLICABLE,KNOWN,KNOWN,KNOWN,NOT_APPLICABLE,KNOWN,KNOWN,KNOWN,KNOWN,KNOWN,KNOWN,KNOWN
bdd901d8192bdaccd4c6eb4eca9902643307ae62396814151a1de112756f548c,H3,KNOWN,NOT_APPLICABLE,NOT_APPLICABLE,KNOWN,KNOWN,KNOWN,NOT_APPLICABLE,KNOWN,KNOWN,KNOWN,KNOWN,KNOWN,KNOWN,KNOWN
bdd901d8192bdaccd4c6eb4eca9902643307ae62396814151a1de112756f548c,H4,KNOWN,KNOWN,NOT_APPLICABLE,KNOWN,KNOWN,KNOWN,KNOWN,KNOWN,KNOWN,KNOWN,KNOWN,KNOWN,KNOWN,KNOWN
bdf617a1a1f320dc82e00edb8c7418cb86f8c05e4dc4d653673e2838f50d8462,H0,KNOWN,NOT_APPLICABLE,NOT_APPLICABLE,NOT_APPLICABLE,KNOWN,KNOWN,NOT_APPLICABLE,KNOWN,KNOWN,KNOWN,KNOWN,KNOWN,KNOWN,KNOWN
bdf617a1a1f320dc82e00edb8c7418cb86f8c05e4dc4d653673e2838f50d8462,H1,KNOWN,NOT_APPLICABLE,KNOWN,KNOWN,KNOWN,KNOWN,NOT_APPLICABLE,KNOWN,KNOWN,KNOWN,KNOWN,KNOWN,KNOWN,KNOWN
bdf617a1a1f320dc82e00edb8c7418cb86f8c05e4dc4d653673e2838f50d8462,H2,KNOWN,NOT_APPLICABLE,NOT_APPLICABLE,KNOWN,KNOWN,KNOWN,NOT_APPLICABLE,KNOWN,KNOWN,KNOWN,KNOWN,KNOWN,KNOWN,KNOWN
bdf617a1a1f320dc82e00edb8c7418cb86f8c05e4dc4d653673e2838f50d8462,H3,KNOWN,NOT_APPLICABLE,NOT_APPLICABLE,KNOWN,KNOWN,KNOWN,NOT_APPLICABLE,KNOWN,KNOWN,KNOWN,KNOWN,KNOWN,KNOWN,KNOWN
bdf617a1a1f320dc82e00edb8c7418cb86f8c05e4dc4d653673e2838f50d8462,H4,KNOWN,KNOWN,NOT_APPLICABLE,KNOWN,KNOWN,KNOWN,KNOWN,KNOWN,KNOWN,KNOWN,KNOWN,KNOWN,KNOWN,KNOWN
bf131fcaad9deb6c3279a7fea16be7aafca9c31ef9700dd6a7da9284da7abffa,H0,KNOWN,NOT_APPLICABLE,NOT_APPLICABLE,NOT_APPLICABLE,KNOWN,KNOWN,NOT_APPLICABLE,KNOWN,KNOWN,KNOWN,KNOWN,KNOWN,KNOWN,KNOWN
bf131fcaad9deb6c3279a7fea16be7aafca9c31ef9700dd6a7da9284da7abffa,H1,KNOWN,NOT_APPLICABLE,KNOWN,KNOWN,KNOWN,KNOWN,NOT_APPLICABLE,KNOWN,KNOWN,KNOWN,KNOWN,KNOWN,KNOWN,KNOWN
bf131fcaad9deb6c3279a7fea16be7aafca9c31ef9700dd6a7da9284da7abffa,H2,KNOWN,NOT_APPLICABLE,NOT_APPLICABLE,KNOWN,KNOWN,KNOWN,NOT_APPLICABLE,KNOWN,KNOWN,KNOWN,KNOWN,KNOWN,KNOWN,KNOWN
bf131fcaad9deb6c3279a7fea16be7aafca9c31ef9700dd6a7da9284da7abffa,H3,KNOWN,NOT_APPLICABLE,NOT_APPLICABLE,KNOWN,KNOWN,KNOWN,NOT_APPLICABLE,KNOWN,KNOWN,KNOWN,KNOWN,KNOWN,KNOWN,KNOWN
bf131fcaad9deb6c3279a7fea16be7aafca9c31ef9700dd6a7da9284da7abffa,H4,KNOWN,KNOWN,NOT_APPLICABLE,KNOWN,KNOWN,KNOWN,KNOWN,KNOWN,KNOWN,KNOWN,KNOWN,KNOWN,KNOWN,KNOWN
bfb9b73c07eef068f3f34543e08a9b0bdb489c566e225afc15c9ea5065a20cc9,H0,KNOWN,NOT_APPLICABLE,NOT_APPLICABLE,NOT_APPLICABLE,KNOWN,KNOWN,NOT_APPLICABLE,KNOWN,KNOWN,KNOWN,KNOWN,KNOWN,KNOWN,KNOWN
bfb9b73c07eef068f3f34543e08a9b0bdb489c566e225afc15c9ea5065a20cc9,H1,KNOWN,NOT_APPLICABLE,KNOWN,KNOWN,KNOWN,KNOWN,NOT_APPLICABLE,KNOWN,KNOWN,KNOWN,KNOWN,KNOWN,KNOWN,KNOWN
bfb9b73c07eef068f3f34543e08a9b0bdb489c566e225afc15c9ea5065a20cc9,H2,KNOWN,NOT_APPLICABLE,NOT_APPLICABLE,KNOWN,KNOWN,KNOWN,NOT_APPLICABLE,KNOWN,KNOWN,KNOWN,KNOWN,KNOWN,KNOWN,KNOWN
bfb9b73c07eef068f3f34543e08a9b0bdb489c566e225afc15c9ea5065a20cc9,H3,KNOWN,NOT_APPLICABLE,NOT_APPLICABLE,KNOWN,KNOWN,KNOWN,NOT_APPLICABLE,KNOWN,KNOWN,KNOWN,KNOWN,KNOWN,KNOWN,KNOWN
bfb9b73c07eef068f3f34543e08a9b0bdb489c566e225afc15c9ea5065a20cc9,H4,KNOWN,KNOWN,NOT_APPLICABLE,KNOWN,KNOWN,KNOWN,KNOWN,KNOWN,KNOWN,KNOWN,KNOWN,KNOWN,KNOWN,KNOWN
c0ab46174da72bac78ece781582b750d6b7bf3f4b054d9481ebd599932d0889a,H0,KNOWN,NOT_APPLICABLE,NOT_APPLICABLE,NOT_APPLICABLE,KNOWN,KNOWN,NOT_APPLICABLE,KNOWN,KNOWN,KNOWN,KNOWN,KNOWN,KNOWN,KNOWN
c0ab46174da72bac78ece781582b750d6b7bf3f4b054d9481ebd599932d0889a,H1,KNOWN,NOT_APPLICABLE,KNOWN,KNOWN,KNOWN,KNOWN,NOT_APPLICABLE,KNOWN,KNOWN,KNOWN,KNOWN,KNOWN,KNOWN,KNOWN
c0ab46174da72bac78ece781582b750d6b7bf3f4b054d9481ebd599932d0889a,H2,KNOWN,NOT_APPLICABLE,NOT_APPLICABLE,KNOWN,KNOWN,KNOWN,NOT_APPLICABLE,KNOWN,KNOWN,KNOWN,KNOWN,KNOWN,KNOWN,KNOWN
c0ab46174da72bac78ece781582b750d6b7bf3f4b054d9481ebd599932d0889a,H3,KNOWN,NOT_APPLICABLE,NOT_APPLICABLE,KNOWN,KNOWN,KNOWN,NOT_APPLICABLE,KNOWN,KNOWN,KNOWN,KNOWN,KNOWN,KNOWN,KNOWN
c0ab46174da72bac78ece781582b750d6b7bf3f4b054d9481ebd599932d0889a,H4,KNOWN,KNOWN,NOT_APPLICABLE,KNOWN,KNOWN,KNOWN,KNOWN,KNOWN,KNOWN,KNOWN,KNOWN,KNOWN,KNOWN,KNOWN
c0dfb39d2e78566340a19be72f627d1d1cb5b3d8d1a0658f0bab7a96c4d011e5,H0,KNOWN,NOT_APPLICABLE,NOT_APPLICABLE,NOT_APPLICABLE,KNOWN,KNOWN,NOT_APPLICABLE,KNOWN,KNOWN,KNOWN,KNOWN,KNOWN,KNOWN,KNOWN
c0dfb39d2e78566340a19be72f627d1d1cb5b3d8d1a0658f0bab7a96c4d011e5,H1,KNOWN,NOT_APPLICABLE,KNOWN,KNOWN,KNOWN,KNOWN,NOT_APPLICABLE,KNOWN,KNOWN,KNOWN,KNOWN,KNOWN,KNOWN,KNOWN
c0dfb39d2e78566340a19be72f627d1d1cb5b3d8d1a0658f0bab7a96c4d011e5,H2,KNOWN,NOT_APPLICABLE,NOT_APPLICABLE,KNOWN,KNOWN,KNOWN,NOT_APPLICABLE,KNOWN,KNOWN,KNOWN,KNOWN,KNOWN,KNOWN,KNOWN
c0dfb39d2e78566340a19be72f627d1d1cb5b3d8d1a0658f0bab7a96c4d011e5,H3,KNOWN,NOT_APPLICABLE,NOT_APPLICABLE,KNOWN,KNOWN,KNOWN,NOT_APPLICABLE,KNOWN,KNOWN,KNOWN,KNOWN,KNOWN,KNOWN,KNOWN
c0dfb39d2e78566340a19be72f627d1d1cb5b3d8d1a0658f0bab7a96c4d011e5,H4,KNOWN,KNOWN,NOT_APPLICABLE,KNOWN,KNOWN,KNOWN,KNOWN,KNOWN,KNOWN,KNOWN,KNOWN,KNOWN,KNOWN,KNOWN
c107f96cf2743e89b11b986e01908e6c6fc5107417e667d5dfd08f4bc516aec2,H0,KNOWN,NOT_APPLICABLE,NOT_APPLICABLE,NOT_APPLICABLE,KNOWN,KNOWN,NOT_APPLICABLE,KNOWN,KNOWN,KNOWN,KNOWN,KNOWN,KNOWN,KNOWN
c107f96cf2743e89b11b986e01908e6c6fc5107417e667d5dfd08f4bc516aec2,H1,KNOWN,NOT_APPLICABLE,KNOWN,KNOWN,KNOWN,KNOWN,NOT_APPLICABLE,KNOWN,KNOWN,KNOWN,KNOWN,KNOWN,KNOWN,KNOWN
c107f96cf2743e89b11b986e01908e6c6fc5107417e667d5dfd08f4bc516aec2,H2,KNOWN,NOT_APPLICABLE,NOT_APPLICABLE,KNOWN,KNOWN,KNOWN,NOT_APPLICABLE,KNOWN,KNOWN,KNOWN,KNOWN,KNOWN,KNOWN,KNOWN
c107f96cf2743e89b11b986e01908e6c6fc5107417e667d5dfd08f4bc516aec2,H3,KNOWN,NOT_APPLICABLE,NOT_APPLICABLE,KNOWN,KNOWN,KNOWN,NOT_APPLICABLE,KNOWN,KNOWN,KNOWN,KNOWN,KNOWN,KNOWN,KNOWN
c107f96cf2743e89b11b986e01908e6c6fc5107417e667d5dfd08f4bc516aec2,H4,KNOWN,KNOWN,NOT_APPLICABLE,KNOWN,KNOWN,KNOWN,KNOWN,KNOWN,KNOWN,KNOWN,KNOWN,KNOWN,KNOWN,KNOWN
c10f963186c7615c1fbbaa43095181d91f1910f2178b29e5dea371626604f8c6,H0,KNOWN,NOT_APPLICABLE,NOT_APPLICABLE,NOT_APPLICABLE,KNOWN,KNOWN,NOT_APPLICABLE,KNOWN,KNOWN,KNOWN,KNOWN,KNOWN,KNOWN,KNOWN
c10f963186c7615c1fbbaa43095181d91f1910f2178b29e5dea371626604f8c6,H1,KNOWN,NOT_APPLICABLE,KNOWN,KNOWN,KNOWN,KNOWN,NOT_APPLICABLE,KNOWN,KNOWN,KNOWN,KNOWN,KNOWN,KNOWN,KNOWN
c10f963186c7615c1fbbaa43095181d91f1910f2178b29e5dea371626604f8c6,H2,KNOWN,NOT_APPLICABLE,NOT_APPLICABLE,KNOWN,KNOWN,KNOWN,NOT_APPLICABLE,KNOWN,KNOWN,KNOWN,KNOWN,KNOWN,KNOWN,KNOWN
c10f963186c7615c1fbbaa43095181d91f1910f2178b29e5dea371626604f8c6,H3,KNOWN,NOT_APPLICABLE,NOT_APPLICABLE,KNOWN,KNOWN,KNOWN,NOT_APPLICABLE,KNOWN,KNOWN,KNOWN,KNOWN,KNOWN,KNOWN,KNOWN
c10f963186c7615c1fbbaa43095181d91f1910f2178b29e5dea371626604f8c6,H4,KNOWN,KNOWN,NOT_APPLICABLE,KNOWN,KNOWN,KNOWN,KNOWN,KNOWN,KNOWN,KNOWN,KNOWN,KNOWN,KNOWN,KNOWN
c198f4ef4ce3c201f26ab651597a9c468309cc7c7c913cdcb69317f9e7fa92a3,H0,KNOWN,NOT_APPLICABLE,NOT_APPLICABLE,NOT_APPLICABLE,KNOWN,KNOWN,NOT_APPLICABLE,KNOWN,KNOWN,KNOWN,KNOWN,KNOWN,KNOWN,KNOWN
c198f4ef4ce3c201f26ab651597a9c468309cc7c7c913cdcb69317f9e7fa92a3,H1,KNOWN,NOT_APPLICABLE,KNOWN,KNOWN,KNOWN,KNOWN,NOT_APPLICABLE,KNOWN,KNOWN,KNOWN,KNOWN,KNOWN,KNOWN,KNOWN
c198f4ef4ce3c201f26ab651597a9c468309cc7c7c913cdcb69317f9e7fa92a3,H2,KNOWN,NOT_APPLICABLE,NOT_APPLICABLE,KNOWN,KNOWN,KNOWN,NOT_APPLICABLE,KNOWN,KNOWN,KNOWN,KNOWN,KNOWN,KNOWN,KNOWN
c198f4ef4ce3c201f26ab651597a9c468309cc7c7c913cdcb69317f9e7fa92a3,H3,KNOWN,NOT_APPLICABLE,NOT_APPLICABLE,KNOWN,KNOWN,KNOWN,NOT_APPLICABLE,KNOWN,KNOWN,KNOWN,KNOWN,KNOWN,KNOWN,KNOWN
c198f4ef4ce3c201f26ab651597a9c468309cc7c7c913cdcb69317f9e7fa92a3,H4,KNOWN,KNOWN,NOT_APPLICABLE,KNOWN,KNOWN,KNOWN,KNOWN,KNOWN,KNOWN,KNOWN,KNOWN,KNOWN,KNOWN,KNOWN
c20431ee65a06fdd179d8ddd242fe42cafb96176afafcae6a935a1168d22eda0,H0,KNOWN,NOT_APPLICABLE,NOT_APPLICABLE,NOT_APPLICABLE,KNOWN,KNOWN,NOT_APPLICABLE,KNOWN,KNOWN,KNOWN,KNOWN,KNOWN,KNOWN,KNOWN
c20431ee65a06fdd179d8ddd242fe42cafb96176afafcae6a935a1168d22eda0,H1,KNOWN,NOT_APPLICABLE,KNOWN,KNOWN,KNOWN,KNOWN,NOT_APPLICABLE,KNOWN,KNOWN,KNOWN,KNOWN,KNOWN,KNOWN,KNOWN
c20431ee65a06fdd179d8ddd242fe42cafb96176afafcae6a935a1168d22eda0,H2,KNOWN,NOT_APPLICABLE,NOT_APPLICABLE,KNOWN,KNOWN,KNOWN,NOT_APPLICABLE,KNOWN,KNOWN,KNOWN,KNOWN,KNOWN,KNOWN,KNOWN
c20431ee65a06fdd179d8ddd242fe42cafb96176afafcae6a935a1168d22eda0,H3,KNOWN,NOT_APPLICABLE,NOT_APPLICABLE,KNOWN,KNOWN,KNOWN,NOT_APPLICABLE,KNOWN,KNOWN,KNOWN,KNOWN,KNOWN,KNOWN,KNOWN
c20431ee65a06fdd179d8ddd242fe42cafb96176afafcae6a935a1168d22eda0,H4,KNOWN,KNOWN,NOT_APPLICABLE,KNOWN,KNOWN,KNOWN,KNOWN,KNOWN,KNOWN,KNOWN,KNOWN,KNOWN,KNOWN,KNOWN
c2929dd26fb7d4ad4004a5767bd2a88a8f90d9e9c31b5afef093d1fc19911e53,H0,KNOWN,NOT_APPLICABLE,NOT_APPLICABLE,NOT_APPLICABLE,KNOWN,KNOWN,NOT_APPLICABLE,KNOWN,KNOWN,KNOWN,KNOWN,KNOWN,KNOWN,KNOWN
c2929dd26fb7d4ad4004a5767bd2a88a8f90d9e9c31b5afef093d1fc19911e53,H1,KNOWN,NOT_APPLICABLE,KNOWN,KNOWN,KNOWN,KNOWN,NOT_APPLICABLE,KNOWN,KNOWN,KNOWN,KNOWN,KNOWN,KNOWN,KNOWN
c2929dd26fb7d4ad4004a5767bd2a88a8f90d9e9c31b5afef093d1fc19911e53,H2,KNOWN,NOT_APPLICABLE,NOT_APPLICABLE,KNOWN,KNOWN,KNOWN,NOT_APPLICABLE,KNOWN,KNOWN,KNOWN,KNOWN,KNOWN,KNOWN,KNOWN
c2929dd26fb7d4ad4004a5767bd2a88a8f90d9e9c31b5afef093d1fc19911e53,H3,KNOWN,NOT_APPLICABLE,NOT_APPLICABLE,KNOWN,KNOWN,KNOWN,NOT_APPLICABLE,KNOWN,KNOWN,KNOWN,KNOWN,KNOWN,KNOWN,KNOWN
c2929dd26fb7d4ad4004a5767bd2a88a8f90d9e9c31b5afef093d1fc19911e53,H4,KNOWN,KNOWN,NOT_APPLICABLE,KNOWN,KNOWN,KNOWN,KNOWN,KNOWN,KNOWN,KNOWN,KNOWN,KNOWN,KNOWN,KNOWN
c2ca783cb0b98e5eb7935803dc4ee6314cbcf8304bf0428b4e75e40799c70a63,H0,KNOWN,NOT_APPLICABLE,NOT_APPLICABLE,NOT_APPLICABLE,KNOWN,KNOWN,NOT_APPLICABLE,KNOWN,KNOWN,KNOWN,KNOWN,KNOWN,KNOWN,KNOWN
c2ca783cb0b98e5eb7935803dc4ee6314cbcf8304bf0428b4e75e40799c70a63,H1,KNOWN,NOT_APPLICABLE,KNOWN,KNOWN,KNOWN,KNOWN,NOT_APPLICABLE,KNOWN,KNOWN,KNOWN,KNOWN,KNOWN,KNOWN,KNOWN
c2ca783cb0b98e5eb7935803dc4ee6314cbcf8304bf0428b4e75e40799c70a63,H2,KNOWN,NOT_APPLICABLE,NOT_APPLICABLE,KNOWN,KNOWN,KNOWN,NOT_APPLICABLE,KNOWN,KNOWN,KNOWN,KNOWN,KNOWN,KNOWN,KNOWN
c2ca783cb0b98e5eb7935803dc4ee6314cbcf8304bf0428b4e75e40799c70a63,H3,KNOWN,NOT_APPLICABLE,NOT_APPLICABLE,KNOWN,KNOWN,KNOWN,NOT_APPLICABLE,KNOWN,KNOWN,KNOWN,KNOWN,KNOWN,KNOWN,KNOWN
c2ca783cb0b98e5eb7935803dc4ee6314cbcf8304bf0428b4e75e40799c70a63,H4,KNOWN,KNOWN,NOT_APPLICABLE,KNOWN,KNOWN,KNOWN,KNOWN,KNOWN,KNOWN,KNOWN,KNOWN,KNOWN,KNOWN,KNOWN
c3979ed70b046b3ec9a3e9633d597f83530a2b809aec31c46998f9621d0554a2,H0,KNOWN,NOT_APPLICABLE,NOT_APPLICABLE,NOT_APPLICABLE,KNOWN,KNOWN,NOT_APPLICABLE,KNOWN,KNOWN,KNOWN,KNOWN,KNOWN,KNOWN,KNOWN
c3979ed70b046b3ec9a3e9633d597f83530a2b809aec31c46998f9621d0554a2,H1,KNOWN,NOT_APPLICABLE,KNOWN,KNOWN,KNOWN,KNOWN,NOT_APPLICABLE,KNOWN,KNOWN,KNOWN,KNOWN,KNOWN,KNOWN,KNOWN
c3979ed70b046b3ec9a3e9633d597f83530a2b809aec31c46998f9621d0554a2,H2,KNOWN,NOT_APPLICABLE,NOT_APPLICABLE,KNOWN,KNOWN,KNOWN,NOT_APPLICABLE,KNOWN,KNOWN,KNOWN,KNOWN,KNOWN,KNOWN,KNOWN
c3979ed70b046b3ec9a3e9633d597f83530a2b809aec31c46998f9621d0554a2,H3,KNOWN,NOT_APPLICABLE,NOT_APPLICABLE,KNOWN,KNOWN,KNOWN,NOT_APPLICABLE,KNOWN,KNOWN,KNOWN,KNOWN,KNOWN,KNOWN,KNOWN
c3979ed70b046b3ec9a3e9633d597f83530a2b809aec31c46998f9621d0554a2,H4,KNOWN,KNOWN,NOT_APPLICABLE,KNOWN,KNOWN,KNOWN,KNOWN,KNOWN,KNOWN,KNOWN,KNOWN,KNOWN,KNOWN,KNOWN
c3b8c4a0b365538ab16ba737ce76f78f63fbfc54c902813bdc60d75d13f67f28,H0,KNOWN,NOT_APPLICABLE,NOT_APPLICABLE,NOT_APPLICABLE,KNOWN,KNOWN,NOT_APPLICABLE,KNOWN,KNOWN,KNOWN,KNOWN,KNOWN,KNOWN,KNOWN
c3b8c4a0b365538ab16ba737ce76f78f63fbfc54c902813bdc60d75d13f67f28,H1,KNOWN,NOT_APPLICABLE,KNOWN,KNOWN,KNOWN,KNOWN,NOT_APPLICABLE,KNOWN,KNOWN,KNOWN,KNOWN,KNOWN,KNOWN,KNOWN
c3b8c4a0b365538ab16ba737ce76f78f63fbfc54c902813bdc60d75d13f67f28,H2,KNOWN,NOT_APPLICABLE,NOT_APPLICABLE,KNOWN,KNOWN,KNOWN,NOT_APPLICABLE,KNOWN,KNOWN,KNOWN,KNOWN,KNOWN,KNOWN,KNOWN
c3b8c4a0b365538ab16ba737ce76f78f63fbfc54c902813bdc60d75d13f67f28,H3,KNOWN,NOT_APPLICABLE,NOT_APPLICABLE,KNOWN,KNOWN,KNOWN,NOT_APPLICABLE,KNOWN,KNOWN,KNOWN,KNOWN,KNOWN,KNOWN,KNOWN
c3b8c4a0b365538ab16ba737ce76f78f63fbfc54c902813bdc60d75d13f67f28,H4,KNOWN,KNOWN,NOT_APPLICABLE,KNOWN,KNOWN,KNOWN,KNOWN,KNOWN,KNOWN,KNOWN,KNOWN,KNOWN,KNOWN,KNOWN
c43a54fba190c87bebcbd0952352d9749afb85d53d26b77d444ecef0ab811842,H0,KNOWN,NOT_APPLICABLE,NOT_APPLICABLE,NOT_APPLICABLE,KNOWN,KNOWN,NOT_APPLICABLE,KNOWN,KNOWN,KNOWN,KNOWN,KNOWN,KNOWN,KNOWN
c43a54fba190c87bebcbd0952352d9749afb85d53d26b77d444ecef0ab811842,H1,KNOWN,NOT_APPLICABLE,KNOWN,KNOWN,KNOWN,KNOWN,NOT_APPLICABLE,KNOWN,KNOWN,KNOWN,KNOWN,KNOWN,KNOWN,KNOWN
c43a54fba190c87bebcbd0952352d9749afb85d53d26b77d444ecef0ab811842,H2,KNOWN,NOT_APPLICABLE,NOT_APPLICABLE,KNOWN,KNOWN,KNOWN,NOT_APPLICABLE,KNOWN,KNOWN,KNOWN,KNOWN,KNOWN,KNOWN,KNOWN
c43a54fba190c87bebcbd0952352d9749afb85d53d26b77d444ecef0ab811842,H3,KNOWN,NOT_APPLICABLE,NOT_APPLICABLE,KNOWN,KNOWN,KNOWN,NOT_APPLICABLE,KNOWN,KNOWN,KNOWN,KNOWN,KNOWN,KNOWN,KNOWN
c43a54fba190c87bebcbd0952352d9749afb85d53d26b77d444ecef0ab811842,H4,KNOWN,KNOWN,NOT_APPLICABLE,KNOWN,KNOWN,KNOWN,KNOWN,KNOWN,KNOWN,KNOWN,KNOWN,KNOWN,KNOWN,KNOWN
c443417ceefcb54e9b311cdf1904506278a4db7e66b3443390180a13413e93c9,H0,KNOWN,NOT_APPLICABLE,NOT_APPLICABLE,NOT_APPLICABLE,KNOWN,KNOWN,NOT_APPLICABLE,KNOWN,KNOWN,KNOWN,KNOWN,KNOWN,KNOWN,KNOWN
c443417ceefcb54e9b311cdf1904506278a4db7e66b3443390180a13413e93c9,H1,KNOWN,NOT_APPLICABLE,KNOWN,KNOWN,KNOWN,KNOWN,NOT_APPLICABLE,KNOWN,KNOWN,KNOWN,KNOWN,KNOWN,KNOWN,KNOWN
c443417ceefcb54e9b311cdf1904506278a4db7e66b3443390180a13413e93c9,H2,KNOWN,NOT_APPLICABLE,NOT_APPLICABLE,KNOWN,KNOWN,KNOWN,NOT_APPLICABLE,KNOWN,KNOWN,KNOWN,KNOWN,KNOWN,KNOWN,KNOWN
c443417ceefcb54e9b311cdf1904506278a4db7e66b3443390180a13413e93c9,H3,KNOWN,NOT_APPLICABLE,NOT_APPLICABLE,KNOWN,KNOWN,KNOWN,NOT_APPLICABLE,KNOWN,KNOWN,KNOWN,KNOWN,KNOWN,KNOWN,KNOWN
c443417ceefcb54e9b311cdf1904506278a4db7e66b3443390180a13413e93c9,H4,KNOWN,KNOWN,NOT_APPLICABLE,KNOWN,KNOWN,KNOWN,KNOWN,KNOWN,KNOWN,KNOWN,KNOWN,KNOWN,KNOWN,KNOWN
c53531433c385a66eaab17b690b48141deb7e16eaac44cfc76bd0e9375bde031,H0,KNOWN,NOT_APPLICABLE,NOT_APPLICABLE,NOT_APPLICABLE,KNOWN,KNOWN,NOT_APPLICABLE,KNOWN,KNOWN,KNOWN,KNOWN,KNOWN,KNOWN,KNOWN
c53531433c385a66eaab17b690b48141deb7e16eaac44cfc76bd0e9375bde031,H1,KNOWN,NOT_APPLICABLE,KNOWN,KNOWN,KNOWN,KNOWN,NOT_APPLICABLE,KNOWN,KNOWN,KNOWN,KNOWN,KNOWN,KNOWN,KNOWN
c53531433c385a66eaab17b690b48141deb7e16eaac44cfc76bd0e9375bde031,H2,KNOWN,NOT_APPLICABLE,NOT_APPLICABLE,KNOWN,KNOWN,KNOWN,NOT_APPLICABLE,KNOWN,KNOWN,KNOWN,KNOWN,KNOWN,KNOWN,KNOWN
c53531433c385a66eaab17b690b48141deb7e16eaac44cfc76bd0e9375bde031,H3,KNOWN,NOT_APPLICABLE,NOT_APPLICABLE,KNOWN,KNOWN,KNOWN,NOT_APPLICABLE,KNOWN,KNOWN,KNOWN,KNOWN,KNOWN,KNOWN,KNOWN
c53531433c385a66eaab17b690b48141deb7e16eaac44cfc76bd0e9375bde031,H4,KNOWN,KNOWN,NOT_APPLICABLE,KNOWN,KNOWN,KNOWN,KNOWN,KNOWN,KNOWN,KNOWN,KNOWN,KNOWN,KNOWN,KNOWN
c7331c9fdd0c01929aaefee829b525943236c89100c0614b66b5003f555dcb57,H0,KNOWN,NOT_APPLICABLE,NOT_APPLICABLE,NOT_APPLICABLE,KNOWN,KNOWN,NOT_APPLICABLE,KNOWN,KNOWN,KNOWN,KNOWN,KNOWN,KNOWN,KNOWN
c7331c9fdd0c01929aaefee829b525943236c89100c0614b66b5003f555dcb57,H1,KNOWN,NOT_APPLICABLE,KNOWN,KNOWN,KNOWN,KNOWN,NOT_APPLICABLE,KNOWN,KNOWN,KNOWN,KNOWN,KNOWN,KNOWN,KNOWN
c7331c9fdd0c01929aaefee829b525943236c89100c0614b66b5003f555dcb57,H2,KNOWN,NOT_APPLICABLE,NOT_APPLICABLE,KNOWN,KNOWN,KNOWN,NOT_APPLICABLE,KNOWN,KNOWN,KNOWN,KNOWN,KNOWN,KNOWN,KNOWN
c7331c9fdd0c01929aaefee829b525943236c89100c0614b66b5003f555dcb57,H3,KNOWN,NOT_APPLICABLE,NOT_APPLICABLE,KNOWN,KNOWN,KNOWN,NOT_APPLICABLE,KNOWN,KNOWN,KNOWN,KNOWN,KNOWN,KNOWN,KNOWN
c7331c9fdd0c01929aaefee829b525943236c89100c0614b66b5003f555dcb57,H4,KNOWN,KNOWN,NOT_APPLICABLE,KNOWN,KNOWN,KNOWN,KNOWN,KNOWN,KNOWN,KNOWN,KNOWN,KNOWN,KNOWN,KNOWN
c74430f44252cd26a514efa4712f636d2c8903edfd55dab8f5190f12081ce71a,H0,KNOWN,NOT_APPLICABLE,NOT_APPLICABLE,NOT_APPLICABLE,KNOWN,KNOWN,NOT_APPLICABLE,KNOWN,KNOWN,KNOWN,KNOWN,KNOWN,KNOWN,KNOWN
c74430f44252cd26a514efa4712f636d2c8903edfd55dab8f5190f12081ce71a,H1,KNOWN,NOT_APPLICABLE,KNOWN,KNOWN,KNOWN,KNOWN,NOT_APPLICABLE,KNOWN,KNOWN,KNOWN,KNOWN,KNOWN,KNOWN,KNOWN
c74430f44252cd26a514efa4712f636d2c8903edfd55dab8f5190f12081ce71a,H2,KNOWN,NOT_APPLICABLE,NOT_APPLICABLE,KNOWN,KNOWN,KNOWN,NOT_APPLICABLE,KNOWN,KNOWN,KNOWN,KNOWN,KNOWN,KNOWN,KNOWN
c74430f44252cd26a514efa4712f636d2c8903edfd55dab8f5190f12081ce71a,H3,KNOWN,NOT_APPLICABLE,NOT_APPLICABLE,KNOWN,KNOWN,KNOWN,NOT_APPLICABLE,KNOWN,KNOWN,KNOWN,KNOWN,KNOWN,KNOWN,KNOWN
c74430f44252cd26a514efa4712f636d2c8903edfd55dab8f5190f12081ce71a,H4,KNOWN,KNOWN,NOT_APPLICABLE,KNOWN,KNOWN,KNOWN,KNOWN,KNOWN,KNOWN,KNOWN,KNOWN,KNOWN,KNOWN,KNOWN
c75bb9bc4599ce17200404835799fbf077d8c469195db9a76bab4c77afc839d2,H0,KNOWN,NOT_APPLICABLE,NOT_APPLICABLE,NOT_APPLICABLE,KNOWN,KNOWN,NOT_APPLICABLE,KNOWN,KNOWN,KNOWN,KNOWN,KNOWN,KNOWN,KNOWN
c75bb9bc4599ce17200404835799fbf077d8c469195db9a76bab4c77afc839d2,H1,KNOWN,NOT_APPLICABLE,KNOWN,KNOWN,KNOWN,KNOWN,NOT_APPLICABLE,KNOWN,KNOWN,KNOWN,KNOWN,KNOWN,KNOWN,KNOWN
c75bb9bc4599ce17200404835799fbf077d8c469195db9a76bab4c77afc839d2,H2,KNOWN,NOT_APPLICABLE,NOT_APPLICABLE,KNOWN,KNOWN,KNOWN,NOT_APPLICABLE,KNOWN,KNOWN,KNOWN,KNOWN,KNOWN,KNOWN,KNOWN
c75bb9bc4599ce17200404835799fbf077d8c469195db9a76bab4c77afc839d2,H3,KNOWN,NOT_APPLICABLE,NOT_APPLICABLE,KNOWN,KNOWN,KNOWN,NOT_APPLICABLE,KNOWN,KNOWN,KNOWN,KNOWN,KNOWN,KNOWN,KNOWN
c75bb9bc4599ce17200404835799fbf077d8c469195db9a76bab4c77afc839d2,H4,KNOWN,KNOWN,NOT_APPLICABLE,KNOWN,KNOWN,KNOWN,KNOWN,KNOWN,KNOWN,KNOWN,KNOWN,KNOWN,KNOWN,KNOWN
c77f89afadd2f001ee762f1cbd116e5f028217edf320a5b84518375f8bff1961,H0,KNOWN,NOT_APPLICABLE,NOT_APPLICABLE,NOT_APPLICABLE,KNOWN,KNOWN,NOT_APPLICABLE,KNOWN,KNOWN,KNOWN,KNOWN,KNOWN,KNOWN,KNOWN
c77f89afadd2f001ee762f1cbd116e5f028217edf320a5b84518375f8bff1961,H1,KNOWN,NOT_APPLICABLE,KNOWN,KNOWN,KNOWN,KNOWN,NOT_APPLICABLE,KNOWN,KNOWN,KNOWN,KNOWN,KNOWN,KNOWN,KNOWN
c77f89afadd2f001ee762f1cbd116e5f028217edf320a5b84518375f8bff1961,H2,KNOWN,NOT_APPLICABLE,NOT_APPLICABLE,KNOWN,KNOWN,KNOWN,NOT_APPLICABLE,KNOWN,KNOWN,KNOWN,KNOWN,KNOWN,KNOWN,KNOWN
c77f89afadd2f001ee762f1cbd116e5f028217edf320a5b84518375f8bff1961,H3,KNOWN,NOT_APPLICABLE,NOT_APPLICABLE,KNOWN,KNOWN,KNOWN,NOT_APPLICABLE,KNOWN,KNOWN,KNOWN,KNOWN,KNOWN,KNOWN,KNOWN
c77f89afadd2f001ee762f1cbd116e5f028217edf320a5b84518375f8bff1961,H4,KNOWN,KNOWN,NOT_APPLICABLE,KNOWN,KNOWN,KNOWN,KNOWN,KNOWN,KNOWN,KNOWN,KNOWN,KNOWN,KNOWN,KNOWN
c7ae0d73f5d0f7db1b7583822e43558395466cca3e225ce4584d93daf65130a7,H0,KNOWN,NOT_APPLICABLE,NOT_APPLICABLE,NOT_APPLICABLE,KNOWN,KNOWN,NOT_APPLICABLE,KNOWN,KNOWN,KNOWN,KNOWN,KNOWN,KNOWN,KNOWN
c7ae0d73f5d0f7db1b7583822e43558395466cca3e225ce4584d93daf65130a7,H1,KNOWN,NOT_APPLICABLE,KNOWN,KNOWN,KNOWN,KNOWN,NOT_APPLICABLE,KNOWN,KNOWN,KNOWN,KNOWN,KNOWN,KNOWN,KNOWN
c7ae0d73f5d0f7db1b7583822e43558395466cca3e225ce4584d93daf65130a7,H2,KNOWN,NOT_APPLICABLE,NOT_APPLICABLE,KNOWN,KNOWN,KNOWN,NOT_APPLICABLE,KNOWN,KNOWN,KNOWN,KNOWN,KNOWN,KNOWN,KNOWN
c7ae0d73f5d0f7db1b7583822e43558395466cca3e225ce4584d93daf65130a7,H3,KNOWN,NOT_APPLICABLE,NOT_APPLICABLE,KNOWN,KNOWN,KNOWN,NOT_APPLICABLE,KNOWN,KNOWN,KNOWN,KNOWN,KNOWN,KNOWN,KNOWN
c7ae0d73f5d0f7db1b7583822e43558395466cca3e225ce4584d93daf65130a7,H4,KNOWN,KNOWN,NOT_APPLICABLE,KNOWN,KNOWN,KNOWN,KNOWN,KNOWN,KNOWN,KNOWN,KNOWN,KNOWN,KNOWN,KNOWN
c7b110ef9b870d6b93f4fd413c4ac7d473ece4797ab51496bef785a1c9262ea5,H0,KNOWN,NOT_APPLICABLE,NOT_APPLICABLE,NOT_APPLICABLE,KNOWN,KNOWN,NOT_APPLICABLE,KNOWN,KNOWN,KNOWN,KNOWN,KNOWN,KNOWN,KNOWN
c7b110ef9b870d6b93f4fd413c4ac7d473ece4797ab51496bef785a1c9262ea5,H1,KNOWN,NOT_APPLICABLE,KNOWN,KNOWN,KNOWN,KNOWN,NOT_APPLICABLE,KNOWN,KNOWN,KNOWN,KNOWN,KNOWN,KNOWN,KNOWN
c7b110ef9b870d6b93f4fd413c4ac7d473ece4797ab51496bef785a1c9262ea5,H2,KNOWN,NOT_APPLICABLE,NOT_APPLICABLE,KNOWN,KNOWN,KNOWN,NOT_APPLICABLE,KNOWN,KNOWN,KNOWN,KNOWN,KNOWN,KNOWN,KNOWN
c7b110ef9b870d6b93f4fd413c4ac7d473ece4797ab51496bef785a1c9262ea5,H3,KNOWN,NOT_APPLICABLE,NOT_APPLICABLE,KNOWN,KNOWN,KNOWN,NOT_APPLICABLE,KNOWN,KNOWN,KNOWN,KNOWN,KNOWN,KNOWN,KNOWN
c7b110ef9b870d6b93f4fd413c4ac7d473ece4797ab51496bef785a1c9262ea5,H4,KNOWN,KNOWN,NOT_APPLICABLE,KNOWN,KNOWN,KNOWN,KNOWN,KNOWN,KNOWN,KNOWN,KNOWN,KNOWN,KNOWN,KNOWN
c7cedef1c92870d78fa38fa1e359d098b09cacff05cf527abbf840b65c9d5163,H0,KNOWN,NOT_APPLICABLE,NOT_APPLICABLE,NOT_APPLICABLE,KNOWN,KNOWN,NOT_APPLICABLE,KNOWN,KNOWN,KNOWN,KNOWN,KNOWN,KNOWN,KNOWN
c7cedef1c92870d78fa38fa1e359d098b09cacff05cf527abbf840b65c9d5163,H1,KNOWN,NOT_APPLICABLE,KNOWN,KNOWN,KNOWN,KNOWN,NOT_APPLICABLE,KNOWN,KNOWN,KNOWN,KNOWN,KNOWN,KNOWN,KNOWN
c7cedef1c92870d78fa38fa1e359d098b09cacff05cf527abbf840b65c9d5163,H2,KNOWN,NOT_APPLICABLE,NOT_APPLICABLE,KNOWN,KNOWN,KNOWN,NOT_APPLICABLE,KNOWN,KNOWN,KNOWN,KNOWN,KNOWN,KNOWN,KNOWN
c7cedef1c92870d78fa38fa1e359d098b09cacff05cf527abbf840b65c9d5163,H3,KNOWN,NOT_APPLICABLE,NOT_APPLICABLE,KNOWN,KNOWN,KNOWN,NOT_APPLICABLE,KNOWN,KNOWN,KNOWN,KNOWN,KNOWN,KNOWN,KNOWN
c7cedef1c92870d78fa38fa1e359d098b09cacff05cf527abbf840b65c9d5163,H4,KNOWN,KNOWN,NOT_APPLICABLE,KNOWN,KNOWN,KNOWN,KNOWN,KNOWN,KNOWN,KNOWN,KNOWN,KNOWN,KNOWN,KNOWN
c83dd2cc32964702b573928fdba9841ef7bab9465fb0b4898bf925fd6df6d773,H0,KNOWN,NOT_APPLICABLE,NOT_APPLICABLE,NOT_APPLICABLE,KNOWN,KNOWN,NOT_APPLICABLE,KNOWN,KNOWN,KNOWN,KNOWN,KNOWN,KNOWN,KNOWN
c83dd2cc32964702b573928fdba9841ef7bab9465fb0b4898bf925fd6df6d773,H1,KNOWN,NOT_APPLICABLE,KNOWN,KNOWN,KNOWN,KNOWN,NOT_APPLICABLE,KNOWN,KNOWN,KNOWN,KNOWN,KNOWN,KNOWN,KNOWN
c83dd2cc32964702b573928fdba9841ef7bab9465fb0b4898bf925fd6df6d773,H2,KNOWN,NOT_APPLICABLE,NOT_APPLICABLE,KNOWN,KNOWN,KNOWN,NOT_APPLICABLE,KNOWN,KNOWN,KNOWN,KNOWN,KNOWN,KNOWN,KNOWN
c83dd2cc32964702b573928fdba9841ef7bab9465fb0b4898bf925fd6df6d773,H3,KNOWN,NOT_APPLICABLE,NOT_APPLICABLE,KNOWN,KNOWN,KNOWN,NOT_APPLICABLE,KNOWN,KNOWN,KNOWN,KNOWN,KNOWN,KNOWN,KNOWN
c83dd2cc32964702b573928fdba9841ef7bab9465fb0b4898bf925fd6df6d773,H4,KNOWN,KNOWN,NOT_APPLICABLE,KNOWN,KNOWN,KNOWN,KNOWN,KNOWN,KNOWN,KNOWN,KNOWN,KNOWN,KNOWN,KNOWN
c85e6502b8eea651614b10dd4c2c622bcdfdfca5ebc9331e767435427e51328a,H0,KNOWN,NOT_APPLICABLE,NOT_APPLICABLE,NOT_APPLICABLE,KNOWN,KNOWN,NOT_APPLICABLE,KNOWN,KNOWN,KNOWN,KNOWN,KNOWN,KNOWN,KNOWN
c85e6502b8eea651614b10dd4c2c622bcdfdfca5ebc9331e767435427e51328a,H1,KNOWN,NOT_APPLICABLE,KNOWN,KNOWN,KNOWN,KNOWN,NOT_APPLICABLE,KNOWN,KNOWN,KNOWN,KNOWN,KNOWN,KNOWN,KNOWN
c85e6502b8eea651614b10dd4c2c622bcdfdfca5ebc9331e767435427e51328a,H2,KNOWN,NOT_APPLICABLE,NOT_APPLICABLE,KNOWN,KNOWN,KNOWN,NOT_APPLICABLE,KNOWN,KNOWN,KNOWN,KNOWN,KNOWN,KNOWN,KNOWN
c85e6502b8eea651614b10dd4c2c622bcdfdfca5ebc9331e767435427e51328a,H3,KNOWN,NOT_APPLICABLE,NOT_APPLICABLE,KNOWN,KNOWN,KNOWN,NOT_APPLICABLE,KNOWN,KNOWN,KNOWN,KNOWN,KNOWN,KNOWN,KNOWN
c85e6502b8eea651614b10dd4c2c622bcdfdfca5ebc9331e767435427e51328a,H4,KNOWN,KNOWN,NOT_APPLICABLE,KNOWN,KNOWN,KNOWN,KNOWN,KNOWN,KNOWN,KNOWN,KNOWN,KNOWN,KNOWN,KNOWN
c8aed004f4a21287147ad31f24b942b980b4c33907a6aa0f0aabec8b3da77273,H0,KNOWN,NOT_APPLICABLE,NOT_APPLICABLE,NOT_APPLICABLE,KNOWN,KNOWN,NOT_APPLICABLE,KNOWN,KNOWN,KNOWN,KNOWN,KNOWN,KNOWN,KNOWN
c8aed004f4a21287147ad31f24b942b980b4c33907a6aa0f0aabec8b3da77273,H1,KNOWN,NOT_APPLICABLE,KNOWN,KNOWN,KNOWN,KNOWN,NOT_APPLICABLE,KNOWN,KNOWN,KNOWN,KNOWN,KNOWN,KNOWN,KNOWN
c8aed004f4a21287147ad31f24b942b980b4c33907a6aa0f0aabec8b3da77273,H2,KNOWN,NOT_APPLICABLE,NOT_APPLICABLE,KNOWN,KNOWN,KNOWN,NOT_APPLICABLE,KNOWN,KNOWN,KNOWN,KNOWN,KNOWN,KNOWN,KNOWN
c8aed004f4a21287147ad31f24b942b980b4c33907a6aa0f0aabec8b3da77273,H3,KNOWN,NOT_APPLICABLE,NOT_APPLICABLE,KNOWN,KNOWN,KNOWN,NOT_APPLICABLE,KNOWN,KNOWN,KNOWN,KNOWN,KNOWN,KNOWN,KNOWN
c8aed004f4a21287147ad31f24b942b980b4c33907a6aa0f0aabec8b3da77273,H4,KNOWN,KNOWN,NOT_APPLICABLE,KNOWN,KNOWN,KNOWN,KNOWN,KNOWN,KNOWN,KNOWN,KNOWN,KNOWN,KNOWN,KNOWN
c9679e07f4cd4512b612d84dcd38a6aa9480d623935a437836830509d81095b6,H0,KNOWN,NOT_APPLICABLE,NOT_APPLICABLE,NOT_APPLICABLE,KNOWN,KNOWN,NOT_APPLICABLE,KNOWN,KNOWN,KNOWN,KNOWN,KNOWN,KNOWN,KNOWN
c9679e07f4cd4512b612d84dcd38a6aa9480d623935a437836830509d81095b6,H1,KNOWN,NOT_APPLICABLE,KNOWN,KNOWN,KNOWN,KNOWN,NOT_APPLICABLE,KNOWN,KNOWN,KNOWN,KNOWN,KNOWN,KNOWN,KNOWN
c9679e07f4cd4512b612d84dcd38a6aa9480d623935a437836830509d81095b6,H2,KNOWN,NOT_APPLICABLE,NOT_APPLICABLE,KNOWN,KNOWN,KNOWN,NOT_APPLICABLE,KNOWN,KNOWN,KNOWN,KNOWN,KNOWN,KNOWN,KNOWN
c9679e07f4cd4512b612d84dcd38a6aa9480d623935a437836830509d81095b6,H3,KNOWN,NOT_APPLICABLE,NOT_APPLICABLE,KNOWN,KNOWN,KNOWN,NOT_APPLICABLE,KNOWN,KNOWN,KNOWN,KNOWN,KNOWN,KNOWN,KNOWN
c9679e07f4cd4512b612d84dcd38a6aa9480d623935a437836830509d81095b6,H4,KNOWN,KNOWN,NOT_APPLICABLE,KNOWN,KNOWN,KNOWN,KNOWN,KNOWN,KNOWN,KNOWN,KNOWN,KNOWN,KNOWN,KNOWN
c9998294249710e88934b381a25b7f66b58d082503f35798baa5a88dfcf80d25,H0,KNOWN,NOT_APPLICABLE,NOT_APPLICABLE,NOT_APPLICABLE,KNOWN,KNOWN,NOT_APPLICABLE,KNOWN,KNOWN,KNOWN,KNOWN,KNOWN,KNOWN,KNOWN
c9998294249710e88934b381a25b7f66b58d082503f35798baa5a88dfcf80d25,H1,KNOWN,NOT_APPLICABLE,KNOWN,KNOWN,KNOWN,KNOWN,NOT_APPLICABLE,KNOWN,KNOWN,KNOWN,KNOWN,KNOWN,KNOWN,KNOWN
c9998294249710e88934b381a25b7f66b58d082503f35798baa5a88dfcf80d25,H2,KNOWN,NOT_APPLICABLE,NOT_APPLICABLE,KNOWN,KNOWN,KNOWN,NOT_APPLICABLE,KNOWN,KNOWN,KNOWN,KNOWN,KNOWN,KNOWN,KNOWN
c9998294249710e88934b381a25b7f66b58d082503f35798baa5a88dfcf80d25,H3,KNOWN,NOT_APPLICABLE,NOT_APPLICABLE,KNOWN,KNOWN,KNOWN,NOT_APPLICABLE,KNOWN,KNOWN,KNOWN,KNOWN,KNOWN,KNOWN,KNOWN
c9998294249710e88934b381a25b7f66b58d082503f35798baa5a88dfcf80d25,H4,KNOWN,KNOWN,NOT_APPLICABLE,KNOWN,KNOWN,KNOWN,KNOWN,KNOWN,KNOWN,KNOWN,KNOWN,KNOWN,KNOWN,KNOWN
ca1ec7dd18dd14437d76f8330475954a1ed0a65a55ca40e782296b725aa3bcc9,H0,KNOWN,NOT_APPLICABLE,NOT_APPLICABLE,NOT_APPLICABLE,KNOWN,KNOWN,NOT_APPLICABLE,KNOWN,KNOWN,KNOWN,KNOWN,KNOWN,KNOWN,KNOWN
ca1ec7dd18dd14437d76f8330475954a1ed0a65a55ca40e782296b725aa3bcc9,H1,KNOWN,NOT_APPLICABLE,KNOWN,KNOWN,KNOWN,KNOWN,NOT_APPLICABLE,KNOWN,KNOWN,KNOWN,KNOWN,KNOWN,KNOWN,KNOWN
ca1ec7dd18dd14437d76f8330475954a1ed0a65a55ca40e782296b725aa3bcc9,H2,KNOWN,NOT_APPLICABLE,NOT_APPLICABLE,KNOWN,KNOWN,KNOWN,NOT_APPLICABLE,KNOWN,KNOWN,KNOWN,KNOWN,KNOWN,KNOWN,KNOWN
ca1ec7dd18dd14437d76f8330475954a1ed0a65a55ca40e782296b725aa3bcc9,H3,KNOWN,NOT_APPLICABLE,NOT_APPLICABLE,KNOWN,KNOWN,KNOWN,NOT_APPLICABLE,KNOWN,KNOWN,KNOWN,KNOWN,KNOWN,KNOWN,KNOWN
ca1ec7dd18dd14437d76f8330475954a1ed0a65a55ca40e782296b725aa3bcc9,H4,KNOWN,KNOWN,NOT_APPLICABLE,KNOWN,KNOWN,KNOWN,KNOWN,KNOWN,KNOWN,KNOWN,KNOWN,KNOWN,KNOWN,KNOWN
cab3e9e757a9fff962ffd957dc518218273cf9864a98178becb18d8a42d9655b,H0,KNOWN,NOT_APPLICABLE,NOT_APPLICABLE,NOT_APPLICABLE,KNOWN,KNOWN,NOT_APPLICABLE,KNOWN,KNOWN,KNOWN,KNOWN,KNOWN,KNOWN,KNOWN
cab3e9e757a9fff962ffd957dc518218273cf9864a98178becb18d8a42d9655b,H1,KNOWN,NOT_APPLICABLE,KNOWN,KNOWN,KNOWN,KNOWN,NOT_APPLICABLE,KNOWN,KNOWN,KNOWN,KNOWN,KNOWN,KNOWN,KNOWN
cab3e9e757a9fff962ffd957dc518218273cf9864a98178becb18d8a42d9655b,H2,KNOWN,NOT_APPLICABLE,NOT_APPLICABLE,KNOWN,KNOWN,KNOWN,NOT_APPLICABLE,KNOWN,KNOWN,KNOWN,KNOWN,KNOWN,KNOWN,KNOWN
cab3e9e757a9fff962ffd957dc518218273cf9864a98178becb18d8a42d9655b,H3,KNOWN,NOT_APPLICABLE,NOT_APPLICABLE,KNOWN,KNOWN,KNOWN,NOT_APPLICABLE,KNOWN,KNOWN,KNOWN,KNOWN,KNOWN,KNOWN,KNOWN
cab3e9e757a9fff962ffd957dc518218273cf9864a98178becb18d8a42d9655b,H4,KNOWN,KNOWN,NOT_APPLICABLE,KNOWN,KNOWN,KNOWN,KNOWN,KNOWN,KNOWN,KNOWN,KNOWN,KNOWN,KNOWN,KNOWN
cada35f8a7ed2b2c18f357de8e562d411f5b1c65cdd3912246d23376d1a24dec,H0,KNOWN,NOT_APPLICABLE,NOT_APPLICABLE,NOT_APPLICABLE,KNOWN,KNOWN,NOT_APPLICABLE,KNOWN,KNOWN,KNOWN,KNOWN,KNOWN,KNOWN,KNOWN
cada35f8a7ed2b2c18f357de8e562d411f5b1c65cdd3912246d23376d1a24dec,H1,KNOWN,NOT_APPLICABLE,KNOWN,KNOWN,KNOWN,KNOWN,NOT_APPLICABLE,KNOWN,KNOWN,KNOWN,KNOWN,KNOWN,KNOWN,KNOWN
cada35f8a7ed2b2c18f357de8e562d411f5b1c65cdd3912246d23376d1a24dec,H2,KNOWN,NOT_APPLICABLE,NOT_APPLICABLE,KNOWN,KNOWN,KNOWN,NOT_APPLICABLE,KNOWN,KNOWN,KNOWN,KNOWN,KNOWN,KNOWN,KNOWN
cada35f8a7ed2b2c18f357de8e562d411f5b1c65cdd3912246d23376d1a24dec,H3,KNOWN,NOT_APPLICABLE,NOT_APPLICABLE,KNOWN,KNOWN,KNOWN,NOT_APPLICABLE,KNOWN,KNOWN,KNOWN,KNOWN,KNOWN,KNOWN,KNOWN
cada35f8a7ed2b2c18f357de8e562d411f5b1c65cdd3912246d23376d1a24dec,H4,KNOWN,KNOWN,NOT_APPLICABLE,KNOWN,KNOWN,KNOWN,KNOWN,KNOWN,KNOWN,KNOWN,KNOWN,KNOWN,KNOWN,KNOWN
caed28a0f1f75a39fc323ba021c99eaef59b0b000fc1b5d7d1581ff0405c2983,H0,KNOWN,NOT_APPLICABLE,NOT_APPLICABLE,NOT_APPLICABLE,KNOWN,KNOWN,NOT_APPLICABLE,KNOWN,KNOWN,KNOWN,KNOWN,KNOWN,KNOWN,KNOWN
caed28a0f1f75a39fc323ba021c99eaef59b0b000fc1b5d7d1581ff0405c2983,H1,KNOWN,NOT_APPLICABLE,KNOWN,KNOWN,KNOWN,KNOWN,NOT_APPLICABLE,KNOWN,KNOWN,KNOWN,KNOWN,KNOWN,KNOWN,KNOWN
caed28a0f1f75a39fc323ba021c99eaef59b0b000fc1b5d7d1581ff0405c2983,H2,KNOWN,NOT_APPLICABLE,NOT_APPLICABLE,KNOWN,KNOWN,KNOWN,NOT_APPLICABLE,KNOWN,KNOWN,KNOWN,KNOWN,KNOWN,KNOWN,KNOWN
caed28a0f1f75a39fc323ba021c99eaef59b0b000fc1b5d7d1581ff0405c2983,H3,KNOWN,NOT_APPLICABLE,NOT_APPLICABLE,KNOWN,KNOWN,KNOWN,NOT_APPLICABLE,KNOWN,KNOWN,KNOWN,KNOWN,KNOWN,KNOWN,KNOWN
caed28a0f1f75a39fc323ba021c99eaef59b0b000fc1b5d7d1581ff0405c2983,H4,KNOWN,KNOWN,NOT_APPLICABLE,KNOWN,KNOWN,KNOWN,KNOWN,KNOWN,KNOWN,KNOWN,KNOWN,KNOWN,KNOWN,KNOWN
caf839f03565e3628f29f96868c449c0240d514d8825df919c171790c9ac44bb,H0,KNOWN,NOT_APPLICABLE,NOT_APPLICABLE,NOT_APPLICABLE,KNOWN,KNOWN,NOT_APPLICABLE,KNOWN,KNOWN,KNOWN,KNOWN,KNOWN,KNOWN,KNOWN
caf839f03565e3628f29f96868c449c0240d514d8825df919c171790c9ac44bb,H1,KNOWN,NOT_APPLICABLE,KNOWN,KNOWN,KNOWN,KNOWN,NOT_APPLICABLE,KNOWN,KNOWN,KNOWN,KNOWN,KNOWN,KNOWN,KNOWN
caf839f03565e3628f29f96868c449c0240d514d8825df919c171790c9ac44bb,H2,KNOWN,NOT_APPLICABLE,NOT_APPLICABLE,KNOWN,KNOWN,KNOWN,NOT_APPLICABLE,KNOWN,KNOWN,KNOWN,KNOWN,KNOWN,KNOWN,KNOWN
caf839f03565e3628f29f96868c449c0240d514d8825df919c171790c9ac44bb,H3,KNOWN,NOT_APPLICABLE,NOT_APPLICABLE,KNOWN,KNOWN,KNOWN,NOT_APPLICABLE,KNOWN,KNOWN,KNOWN,KNOWN,KNOWN,KNOWN,KNOWN
caf839f03565e3628f29f96868c449c0240d514d8825df919c171790c9ac44bb,H4,KNOWN,KNOWN,NOT_APPLICABLE,KNOWN,KNOWN,KNOWN,KNOWN,KNOWN,KNOWN,KNOWN,KNOWN,KNOWN,KNOWN,KNOWN
cb96e25707d3eb023ef99d1349be41fa73faee04e7e449d49518c1aa824e9ef1,H0,KNOWN,NOT_APPLICABLE,NOT_APPLICABLE,NOT_APPLICABLE,KNOWN,KNOWN,NOT_APPLICABLE,KNOWN,KNOWN,KNOWN,KNOWN,KNOWN,KNOWN,KNOWN
cb96e25707d3eb023ef99d1349be41fa73faee04e7e449d49518c1aa824e9ef1,H1,KNOWN,NOT_APPLICABLE,KNOWN,KNOWN,KNOWN,KNOWN,NOT_APPLICABLE,KNOWN,KNOWN,KNOWN,KNOWN,KNOWN,KNOWN,KNOWN
cb96e25707d3eb023ef99d1349be41fa73faee04e7e449d49518c1aa824e9ef1,H2,KNOWN,NOT_APPLICABLE,NOT_APPLICABLE,KNOWN,KNOWN,KNOWN,NOT_APPLICABLE,KNOWN,KNOWN,KNOWN,KNOWN,KNOWN,KNOWN,KNOWN
cb96e25707d3eb023ef99d1349be41fa73faee04e7e449d49518c1aa824e9ef1,H3,KNOWN,NOT_APPLICABLE,NOT_APPLICABLE,KNOWN,KNOWN,KNOWN,NOT_APPLICABLE,KNOWN,KNOWN,KNOWN,KNOWN,KNOWN,KNOWN,KNOWN
cb96e25707d3eb023ef99d1349be41fa73faee04e7e449d49518c1aa824e9ef1,H4,KNOWN,KNOWN,NOT_APPLICABLE,KNOWN,KNOWN,KNOWN,KNOWN,KNOWN,KNOWN,KNOWN,KNOWN,KNOWN,KNOWN,KNOWN
cc0b66344680a24a0af14933bc7d76d1a4ba2ffded520f4bb706650498e06625,H0,KNOWN,NOT_APPLICABLE,NOT_APPLICABLE,NOT_APPLICABLE,KNOWN,KNOWN,NOT_APPLICABLE,KNOWN,KNOWN,KNOWN,KNOWN,KNOWN,KNOWN,KNOWN
cc0b66344680a24a0af14933bc7d76d1a4ba2ffded520f4bb706650498e06625,H1,KNOWN,NOT_APPLICABLE,KNOWN,KNOWN,KNOWN,KNOWN,NOT_APPLICABLE,KNOWN,KNOWN,KNOWN,KNOWN,KNOWN,KNOWN,KNOWN
cc0b66344680a24a0af14933bc7d76d1a4ba2ffded520f4bb706650498e06625,H2,KNOWN,NOT_APPLICABLE,NOT_APPLICABLE,KNOWN,KNOWN,KNOWN,NOT_APPLICABLE,KNOWN,KNOWN,KNOWN,KNOWN,KNOWN,KNOWN,KNOWN
cc0b66344680a24a0af14933bc7d76d1a4ba2ffded520f4bb706650498e06625,H3,KNOWN,NOT_APPLICABLE,NOT_APPLICABLE,KNOWN,KNOWN,KNOWN,NOT_APPLICABLE,KNOWN,KNOWN,KNOWN,KNOWN,KNOWN,KNOWN,KNOWN
cc0b66344680a24a0af14933bc7d76d1a4ba2ffded520f4bb706650498e06625,H4,KNOWN,KNOWN,NOT_APPLICABLE,KNOWN,KNOWN,KNOWN,KNOWN,KNOWN,KNOWN,KNOWN,KNOWN,KNOWN,KNOWN,KNOWN
cc346a5d361368cc28a56734a9ba91e2ba38b8a0468d5d4f51ecbd09703aa5b4,H0,KNOWN,NOT_APPLICABLE,NOT_APPLICABLE,NOT_APPLICABLE,KNOWN,KNOWN,NOT_APPLICABLE,KNOWN,KNOWN,KNOWN,KNOWN,KNOWN,KNOWN,KNOWN
cc346a5d361368cc28a56734a9ba91e2ba38b8a0468d5d4f51ecbd09703aa5b4,H1,KNOWN,NOT_APPLICABLE,KNOWN,KNOWN,KNOWN,KNOWN,NOT_APPLICABLE,KNOWN,KNOWN,KNOWN,KNOWN,KNOWN,KNOWN,KNOWN
cc346a5d361368cc28a56734a9ba91e2ba38b8a0468d5d4f51ecbd09703aa5b4,H2,KNOWN,NOT_APPLICABLE,NOT_APPLICABLE,KNOWN,KNOWN,KNOWN,NOT_APPLICABLE,KNOWN,KNOWN,KNOWN,KNOWN,KNOWN,KNOWN,KNOWN
cc346a5d361368cc28a56734a9ba91e2ba38b8a0468d5d4f51ecbd09703aa5b4,H3,KNOWN,NOT_APPLICABLE,NOT_APPLICABLE,KNOWN,KNOWN,KNOWN,NOT_APPLICABLE,KNOWN,KNOWN,KNOWN,KNOWN,KNOWN,KNOWN,KNOWN
cc346a5d361368cc28a56734a9ba91e2ba38b8a0468d5d4f51ecbd09703aa5b4,H4,KNOWN,KNOWN,NOT_APPLICABLE,KNOWN,KNOWN,KNOWN,KNOWN,KNOWN,KNOWN,KNOWN,KNOWN,KNOWN,KNOWN,KNOWN
cc429df8592f99d0e08c50855b32dae2202cf269096a2632a20775f8c99c0e91,H0,KNOWN,NOT_APPLICABLE,NOT_APPLICABLE,NOT_APPLICABLE,KNOWN,KNOWN,NOT_APPLICABLE,KNOWN,KNOWN,KNOWN,KNOWN,KNOWN,KNOWN,KNOWN
cc429df8592f99d0e08c50855b32dae2202cf269096a2632a20775f8c99c0e91,H1,KNOWN,NOT_APPLICABLE,KNOWN,KNOWN,KNOWN,KNOWN,NOT_APPLICABLE,KNOWN,KNOWN,KNOWN,KNOWN,KNOWN,KNOWN,KNOWN
cc429df8592f99d0e08c50855b32dae2202cf269096a2632a20775f8c99c0e91,H2,KNOWN,NOT_APPLICABLE,NOT_APPLICABLE,KNOWN,KNOWN,KNOWN,NOT_APPLICABLE,KNOWN,KNOWN,KNOWN,KNOWN,KNOWN,KNOWN,KNOWN
cc429df8592f99d0e08c50855b32dae2202cf269096a2632a20775f8c99c0e91,H3,KNOWN,NOT_APPLICABLE,NOT_APPLICABLE,KNOWN,KNOWN,KNOWN,NOT_APPLICABLE,KNOWN,KNOWN,KNOWN,KNOWN,KNOWN,KNOWN,KNOWN
cc429df8592f99d0e08c50855b32dae2202cf269096a2632a20775f8c99c0e91,H4,KNOWN,KNOWN,NOT_APPLICABLE,KNOWN,KNOWN,KNOWN,KNOWN,KNOWN,KNOWN,KNOWN,KNOWN,KNOWN,KNOWN,KNOWN
cc591e901cba133c8eb261033b0d4ac02569e19e76cd97a0033586af2fa0e82a,H0,KNOWN,NOT_APPLICABLE,NOT_APPLICABLE,NOT_APPLICABLE,KNOWN,KNOWN,NOT_APPLICABLE,KNOWN,KNOWN,KNOWN,KNOWN,KNOWN,KNOWN,KNOWN
cc591e901cba133c8eb261033b0d4ac02569e19e76cd97a0033586af2fa0e82a,H1,KNOWN,NOT_APPLICABLE,KNOWN,KNOWN,KNOWN,KNOWN,NOT_APPLICABLE,KNOWN,KNOWN,KNOWN,KNOWN,KNOWN,KNOWN,KNOWN
cc591e901cba133c8eb261033b0d4ac02569e19e76cd97a0033586af2fa0e82a,H2,KNOWN,NOT_APPLICABLE,NOT_APPLICABLE,KNOWN,KNOWN,KNOWN,NOT_APPLICABLE,KNOWN,KNOWN,KNOWN,KNOWN,KNOWN,KNOWN,KNOWN
cc591e901cba133c8eb261033b0d4ac02569e19e76cd97a0033586af2fa0e82a,H3,KNOWN,NOT_APPLICABLE,NOT_APPLICABLE,KNOWN,KNOWN,KNOWN,NOT_APPLICABLE,KNOWN,KNOWN,KNOWN,KNOWN,KNOWN,KNOWN,KNOWN
cc591e901cba133c8eb261033b0d4ac02569e19e76cd97a0033586af2fa0e82a,H4,KNOWN,KNOWN,NOT_APPLICABLE,KNOWN,KNOWN,KNOWN,KNOWN,KNOWN,KNOWN,KNOWN,KNOWN,KNOWN,KNOWN,KNOWN
ccbe49adcdc45496737402524812f4189c6d13ce1539af741a6324b023e4309b,H0,KNOWN,NOT_APPLICABLE,NOT_APPLICABLE,NOT_APPLICABLE,KNOWN,KNOWN,NOT_APPLICABLE,KNOWN,KNOWN,KNOWN,KNOWN,KNOWN,KNOWN,KNOWN
ccbe49adcdc45496737402524812f4189c6d13ce1539af741a6324b023e4309b,H1,KNOWN,NOT_APPLICABLE,KNOWN,KNOWN,KNOWN,KNOWN,NOT_APPLICABLE,KNOWN,KNOWN,KNOWN,KNOWN,KNOWN,KNOWN,KNOWN
ccbe49adcdc45496737402524812f4189c6d13ce1539af741a6324b023e4309b,H2,KNOWN,NOT_APPLICABLE,NOT_APPLICABLE,KNOWN,KNOWN,KNOWN,NOT_APPLICABLE,KNOWN,KNOWN,KNOWN,KNOWN,KNOWN,KNOWN,KNOWN
ccbe49adcdc45496737402524812f4189c6d13ce1539af741a6324b023e4309b,H3,KNOWN,NOT_APPLICABLE,NOT_APPLICABLE,KNOWN,KNOWN,KNOWN,NOT_APPLICABLE,KNOWN,KNOWN,KNOWN,KNOWN,KNOWN,KNOWN,KNOWN
ccbe49adcdc45496737402524812f4189c6d13ce1539af741a6324b023e4309b,H4,KNOWN,KNOWN,NOT_APPLICABLE,KNOWN,KNOWN,KNOWN,KNOWN,KNOWN,KNOWN,KNOWN,KNOWN,KNOWN,KNOWN,KNOWN
cd2ecbd46a4c8e03eddcd41e89e404ce533b664282b0fcedd9d6d9cda89de2c6,H0,KNOWN,NOT_APPLICABLE,NOT_APPLICABLE,NOT_APPLICABLE,KNOWN,KNOWN,NOT_APPLICABLE,KNOWN,KNOWN,KNOWN,KNOWN,KNOWN,KNOWN,KNOWN
cd2ecbd46a4c8e03eddcd41e89e404ce533b664282b0fcedd9d6d9cda89de2c6,H1,KNOWN,NOT_APPLICABLE,KNOWN,KNOWN,KNOWN,KNOWN,NOT_APPLICABLE,KNOWN,KNOWN,KNOWN,KNOWN,KNOWN,KNOWN,KNOWN
cd2ecbd46a4c8e03eddcd41e89e404ce533b664282b0fcedd9d6d9cda89de2c6,H2,KNOWN,NOT_APPLICABLE,NOT_APPLICABLE,KNOWN,KNOWN,KNOWN,NOT_APPLICABLE,KNOWN,KNOWN,KNOWN,KNOWN,KNOWN,KNOWN,KNOWN
cd2ecbd46a4c8e03eddcd41e89e404ce533b664282b0fcedd9d6d9cda89de2c6,H3,KNOWN,NOT_APPLICABLE,NOT_APPLICABLE,KNOWN,KNOWN,KNOWN,NOT_APPLICABLE,KNOWN,KNOWN,KNOWN,KNOWN,KNOWN,KNOWN,KNOWN
cd2ecbd46a4c8e03eddcd41e89e404ce533b664282b0fcedd9d6d9cda89de2c6,H4,KNOWN,KNOWN,NOT_APPLICABLE,KNOWN,KNOWN,KNOWN,KNOWN,KNOWN,KNOWN,KNOWN,KNOWN,KNOWN,KNOWN,KNOWN
ce515e1f1c8d2ca39a03fb5b61d497fa2289a528941eb209b240f1391b0a2a79,H0,KNOWN,NOT_APPLICABLE,NOT_APPLICABLE,NOT_APPLICABLE,KNOWN,KNOWN,NOT_APPLICABLE,KNOWN,KNOWN,KNOWN,KNOWN,KNOWN,KNOWN,KNOWN
ce515e1f1c8d2ca39a03fb5b61d497fa2289a528941eb209b240f1391b0a2a79,H1,KNOWN,NOT_APPLICABLE,KNOWN,KNOWN,KNOWN,KNOWN,NOT_APPLICABLE,KNOWN,KNOWN,KNOWN,KNOWN,KNOWN,KNOWN,KNOWN
ce515e1f1c8d2ca39a03fb5b61d497fa2289a528941eb209b240f1391b0a2a79,H2,KNOWN,NOT_APPLICABLE,NOT_APPLICABLE,KNOWN,KNOWN,KNOWN,NOT_APPLICABLE,KNOWN,KNOWN,KNOWN,KNOWN,KNOWN,KNOWN,KNOWN
ce515e1f1c8d2ca39a03fb5b61d497fa2289a528941eb209b240f1391b0a2a79,H3,KNOWN,NOT_APPLICABLE,NOT_APPLICABLE,KNOWN,KNOWN,KNOWN,NOT_APPLICABLE,KNOWN,KNOWN,KNOWN,KNOWN,KNOWN,KNOWN,KNOWN
ce515e1f1c8d2ca39a03fb5b61d497fa2289a528941eb209b240f1391b0a2a79,H4,KNOWN,KNOWN,NOT_APPLICABLE,KNOWN,KNOWN,KNOWN,KNOWN,KNOWN,KNOWN,KNOWN,KNOWN,KNOWN,KNOWN,KNOWN
d0a2203aa2451c26f9c1f910511bd35f908ddec5cd61bcfd575d67400cfec5f5,H0,KNOWN,NOT_APPLICABLE,NOT_APPLICABLE,NOT_APPLICABLE,KNOWN,KNOWN,NOT_APPLICABLE,KNOWN,KNOWN,KNOWN,KNOWN,KNOWN,KNOWN,KNOWN
d0a2203aa2451c26f9c1f910511bd35f908ddec5cd61bcfd575d67400cfec5f5,H1,KNOWN,NOT_APPLICABLE,KNOWN,KNOWN,KNOWN,KNOWN,NOT_APPLICABLE,KNOWN,KNOWN,KNOWN,KNOWN,KNOWN,KNOWN,KNOWN
d0a2203aa2451c26f9c1f910511bd35f908ddec5cd61bcfd575d67400cfec5f5,H2,KNOWN,NOT_APPLICABLE,NOT_APPLICABLE,KNOWN,KNOWN,KNOWN,NOT_APPLICABLE,KNOWN,KNOWN,KNOWN,KNOWN,KNOWN,KNOWN,KNOWN
d0a2203aa2451c26f9c1f910511bd35f908ddec5cd61bcfd575d67400cfec5f5,H3,KNOWN,NOT_APPLICABLE,NOT_APPLICABLE,KNOWN,KNOWN,KNOWN,NOT_APPLICABLE,KNOWN,KNOWN,KNOWN,KNOWN,KNOWN,KNOWN,KNOWN
d0a2203aa2451c26f9c1f910511bd35f908ddec5cd61bcfd575d67400cfec5f5,H4,KNOWN,KNOWN,NOT_APPLICABLE,KNOWN,KNOWN,KNOWN,KNOWN,KNOWN,KNOWN,KNOWN,KNOWN,KNOWN,KNOWN,KNOWN
d28f2392b87fbb710c62448bd3a886c26915651135eb15cb5737995f62a30b64,H0,KNOWN,NOT_APPLICABLE,NOT_APPLICABLE,NOT_APPLICABLE,KNOWN,KNOWN,NOT_APPLICABLE,KNOWN,KNOWN,KNOWN,KNOWN,KNOWN,KNOWN,KNOWN
d28f2392b87fbb710c62448bd3a886c26915651135eb15cb5737995f62a30b64,H1,KNOWN,NOT_APPLICABLE,KNOWN,KNOWN,KNOWN,KNOWN,NOT_APPLICABLE,KNOWN,KNOWN,KNOWN,KNOWN,KNOWN,KNOWN,KNOWN
d28f2392b87fbb710c62448bd3a886c26915651135eb15cb5737995f62a30b64,H2,KNOWN,NOT_APPLICABLE,NOT_APPLICABLE,KNOWN,KNOWN,KNOWN,NOT_APPLICABLE,KNOWN,KNOWN,KNOWN,KNOWN,KNOWN,KNOWN,KNOWN
d28f2392b87fbb710c62448bd3a886c26915651135eb15cb5737995f62a30b64,H3,KNOWN,NOT_APPLICABLE,NOT_APPLICABLE,KNOWN,KNOWN,KNOWN,NOT_APPLICABLE,KNOWN,KNOWN,KNOWN,KNOWN,KNOWN,KNOWN,KNOWN
d28f2392b87fbb710c62448bd3a886c26915651135eb15cb5737995f62a30b64,H4,KNOWN,KNOWN,NOT_APPLICABLE,KNOWN,KNOWN,KNOWN,KNOWN,KNOWN,KNOWN,KNOWN,KNOWN,KNOWN,KNOWN,KNOWN
d378f080a8c160379b01810e95ff44b867d292c405c44f7c16163c13668947a3,H0,KNOWN,NOT_APPLICABLE,NOT_APPLICABLE,NOT_APPLICABLE,KNOWN,KNOWN,NOT_APPLICABLE,KNOWN,KNOWN,KNOWN,KNOWN,KNOWN,KNOWN,KNOWN
d378f080a8c160379b01810e95ff44b867d292c405c44f7c16163c13668947a3,H1,KNOWN,NOT_APPLICABLE,KNOWN,KNOWN,KNOWN,KNOWN,NOT_APPLICABLE,KNOWN,KNOWN,KNOWN,KNOWN,KNOWN,KNOWN,KNOWN
d378f080a8c160379b01810e95ff44b867d292c405c44f7c16163c13668947a3,H2,KNOWN,NOT_APPLICABLE,NOT_APPLICABLE,KNOWN,KNOWN,KNOWN,NOT_APPLICABLE,KNOWN,KNOWN,KNOWN,KNOWN,KNOWN,KNOWN,KNOWN
d378f080a8c160379b01810e95ff44b867d292c405c44f7c16163c13668947a3,H3,KNOWN,NOT_APPLICABLE,NOT_APPLICABLE,KNOWN,KNOWN,KNOWN,NOT_APPLICABLE,KNOWN,KNOWN,KNOWN,KNOWN,KNOWN,KNOWN,KNOWN
d378f080a8c160379b01810e95ff44b867d292c405c44f7c16163c13668947a3,H4,KNOWN,KNOWN,NOT_APPLICABLE,KNOWN,KNOWN,KNOWN,KNOWN,KNOWN,KNOWN,KNOWN,KNOWN,KNOWN,KNOWN,KNOWN
d3e571f6eb0d9d9818f5aabeafe211bad134f1447b7aac2c68389a3d5638e2b2,H0,KNOWN,NOT_APPLICABLE,NOT_APPLICABLE,NOT_APPLICABLE,KNOWN,KNOWN,NOT_APPLICABLE,KNOWN,KNOWN,KNOWN,KNOWN,KNOWN,KNOWN,KNOWN
d3e571f6eb0d9d9818f5aabeafe211bad134f1447b7aac2c68389a3d5638e2b2,H1,KNOWN,NOT_APPLICABLE,KNOWN,KNOWN,KNOWN,KNOWN,NOT_APPLICABLE,KNOWN,KNOWN,KNOWN,KNOWN,KNOWN,KNOWN,KNOWN
d3e571f6eb0d9d9818f5aabeafe211bad134f1447b7aac2c68389a3d5638e2b2,H2,KNOWN,NOT_APPLICABLE,NOT_APPLICABLE,KNOWN,KNOWN,KNOWN,NOT_APPLICABLE,KNOWN,KNOWN,KNOWN,KNOWN,KNOWN,KNOWN,KNOWN
d3e571f6eb0d9d9818f5aabeafe211bad134f1447b7aac2c68389a3d5638e2b2,H3,KNOWN,NOT_APPLICABLE,NOT_APPLICABLE,KNOWN,KNOWN,KNOWN,NOT_APPLICABLE,KNOWN,KNOWN,KNOWN,KNOWN,KNOWN,KNOWN,KNOWN
d3e571f6eb0d9d9818f5aabeafe211bad134f1447b7aac2c68389a3d5638e2b2,H4,KNOWN,KNOWN,NOT_APPLICABLE,KNOWN,KNOWN,KNOWN,KNOWN,KNOWN,KNOWN,KNOWN,KNOWN,KNOWN,KNOWN,KNOWN
d446060d3a406aa10a6fe347c6f905902cc7baef74ff8cfac2eec8ace1284a54,H0,KNOWN,NOT_APPLICABLE,NOT_APPLICABLE,NOT_APPLICABLE,KNOWN,KNOWN,NOT_APPLICABLE,KNOWN,KNOWN,KNOWN,KNOWN,KNOWN,KNOWN,KNOWN
d446060d3a406aa10a6fe347c6f905902cc7baef74ff8cfac2eec8ace1284a54,H1,KNOWN,NOT_APPLICABLE,KNOWN,KNOWN,KNOWN,KNOWN,NOT_APPLICABLE,KNOWN,KNOWN,KNOWN,KNOWN,KNOWN,KNOWN,KNOWN
d446060d3a406aa10a6fe347c6f905902cc7baef74ff8cfac2eec8ace1284a54,H2,KNOWN,NOT_APPLICABLE,NOT_APPLICABLE,KNOWN,KNOWN,KNOWN,NOT_APPLICABLE,KNOWN,KNOWN,KNOWN,KNOWN,KNOWN,KNOWN,KNOWN
d446060d3a406aa10a6fe347c6f905902cc7baef74ff8cfac2eec8ace1284a54,H3,KNOWN,NOT_APPLICABLE,NOT_APPLICABLE,KNOWN,KNOWN,KNOWN,NOT_APPLICABLE,KNOWN,KNOWN,KNOWN,KNOWN,KNOWN,KNOWN,KNOWN
d446060d3a406aa10a6fe347c6f905902cc7baef74ff8cfac2eec8ace1284a54,H4,KNOWN,KNOWN,NOT_APPLICABLE,KNOWN,KNOWN,KNOWN,KNOWN,KNOWN,KNOWN,KNOWN,KNOWN,KNOWN,KNOWN,KNOWN
d4646d4d64ea92bfb6bec92906b20e45b5a13678ed10b71d20339db109189017,H0,KNOWN,NOT_APPLICABLE,NOT_APPLICABLE,NOT_APPLICABLE,KNOWN,KNOWN,NOT_APPLICABLE,KNOWN,KNOWN,KNOWN,KNOWN,KNOWN,KNOWN,KNOWN
d4646d4d64ea92bfb6bec92906b20e45b5a13678ed10b71d20339db109189017,H1,KNOWN,NOT_APPLICABLE,KNOWN,KNOWN,KNOWN,KNOWN,NOT_APPLICABLE,KNOWN,KNOWN,KNOWN,KNOWN,KNOWN,KNOWN,KNOWN
d4646d4d64ea92bfb6bec92906b20e45b5a13678ed10b71d20339db109189017,H2,KNOWN,NOT_APPLICABLE,NOT_APPLICABLE,KNOWN,KNOWN,KNOWN,NOT_APPLICABLE,KNOWN,KNOWN,KNOWN,KNOWN,KNOWN,KNOWN,KNOWN
d4646d4d64ea92bfb6bec92906b20e45b5a13678ed10b71d20339db109189017,H3,KNOWN,NOT_APPLICABLE,NOT_APPLICABLE,KNOWN,KNOWN,KNOWN,NOT_APPLICABLE,KNOWN,KNOWN,KNOWN,KNOWN,KNOWN,KNOWN,KNOWN
d4646d4d64ea92bfb6bec92906b20e45b5a13678ed10b71d20339db109189017,H4,KNOWN,KNOWN,NOT_APPLICABLE,KNOWN,KNOWN,KNOWN,KNOWN,KNOWN,KNOWN,KNOWN,KNOWN,KNOWN,KNOWN,KNOWN
d4c505eff55e5d69bc44a9b3d186bd7e816e1a2f38b14551a5ef64ec24ea3d47,H0,KNOWN,NOT_APPLICABLE,NOT_APPLICABLE,NOT_APPLICABLE,KNOWN,KNOWN,NOT_APPLICABLE,KNOWN,KNOWN,KNOWN,KNOWN,KNOWN,KNOWN,KNOWN
d4c505eff55e5d69bc44a9b3d186bd7e816e1a2f38b14551a5ef64ec24ea3d47,H1,KNOWN,NOT_APPLICABLE,KNOWN,KNOWN,KNOWN,KNOWN,NOT_APPLICABLE,KNOWN,KNOWN,KNOWN,KNOWN,KNOWN,KNOWN,KNOWN
d4c505eff55e5d69bc44a9b3d186bd7e816e1a2f38b14551a5ef64ec24ea3d47,H2,KNOWN,NOT_APPLICABLE,NOT_APPLICABLE,KNOWN,KNOWN,KNOWN,NOT_APPLICABLE,KNOWN,KNOWN,KNOWN,KNOWN,KNOWN,KNOWN,KNOWN
d4c505eff55e5d69bc44a9b3d186bd7e816e1a2f38b14551a5ef64ec24ea3d47,H3,KNOWN,NOT_APPLICABLE,NOT_APPLICABLE,KNOWN,KNOWN,KNOWN,NOT_APPLICABLE,KNOWN,KNOWN,KNOWN,KNOWN,KNOWN,KNOWN,KNOWN
d4c505eff55e5d69bc44a9b3d186bd7e816e1a2f38b14551a5ef64ec24ea3d47,H4,KNOWN,KNOWN,NOT_APPLICABLE,KNOWN,KNOWN,KNOWN,KNOWN,KNOWN,KNOWN,KNOWN,KNOWN,KNOWN,KNOWN,KNOWN
d50a9b74fb38f6574eaf08014abc23d3371c1df61f9be2e68c776b3c1d35d83d,H0,KNOWN,NOT_APPLICABLE,NOT_APPLICABLE,NOT_APPLICABLE,KNOWN,KNOWN,NOT_APPLICABLE,KNOWN,KNOWN,KNOWN,KNOWN,KNOWN,KNOWN,KNOWN
d50a9b74fb38f6574eaf08014abc23d3371c1df61f9be2e68c776b3c1d35d83d,H1,KNOWN,NOT_APPLICABLE,KNOWN,KNOWN,KNOWN,KNOWN,NOT_APPLICABLE,KNOWN,KNOWN,KNOWN,KNOWN,KNOWN,KNOWN,KNOWN
d50a9b74fb38f6574eaf08014abc23d3371c1df61f9be2e68c776b3c1d35d83d,H2,KNOWN,NOT_APPLICABLE,NOT_APPLICABLE,KNOWN,KNOWN,KNOWN,NOT_APPLICABLE,KNOWN,KNOWN,KNOWN,KNOWN,KNOWN,KNOWN,KNOWN
d50a9b74fb38f6574eaf08014abc23d3371c1df61f9be2e68c776b3c1d35d83d,H3,KNOWN,NOT_APPLICABLE,NOT_APPLICABLE,KNOWN,KNOWN,KNOWN,NOT_APPLICABLE,KNOWN,KNOWN,KNOWN,KNOWN,KNOWN,KNOWN,KNOWN
d50a9b74fb38f6574eaf08014abc23d3371c1df61f9be2e68c776b3c1d35d83d,H4,KNOWN,KNOWN,NOT_APPLICABLE,KNOWN,KNOWN,KNOWN,KNOWN,KNOWN,KNOWN,KNOWN,KNOWN,KNOWN,KNOWN,KNOWN
d5502cc52c2173802f4aa342217f7333ea54ca238086c96a253ff4568a0a2828,H0,KNOWN,NOT_APPLICABLE,NOT_APPLICABLE,NOT_APPLICABLE,KNOWN,KNOWN,NOT_APPLICABLE,KNOWN,KNOWN,KNOWN,KNOWN,KNOWN,KNOWN,KNOWN
d5502cc52c2173802f4aa342217f7333ea54ca238086c96a253ff4568a0a2828,H1,KNOWN,NOT_APPLICABLE,KNOWN,KNOWN,KNOWN,KNOWN,NOT_APPLICABLE,KNOWN,KNOWN,KNOWN,KNOWN,KNOWN,KNOWN,KNOWN
d5502cc52c2173802f4aa342217f7333ea54ca238086c96a253ff4568a0a2828,H2,KNOWN,NOT_APPLICABLE,NOT_APPLICABLE,KNOWN,KNOWN,KNOWN,NOT_APPLICABLE,KNOWN,KNOWN,KNOWN,KNOWN,KNOWN,KNOWN,KNOWN
d5502cc52c2173802f4aa342217f7333ea54ca238086c96a253ff4568a0a2828,H3,KNOWN,NOT_APPLICABLE,NOT_APPLICABLE,KNOWN,KNOWN,KNOWN,NOT_APPLICABLE,KNOWN,KNOWN,KNOWN,KNOWN,KNOWN,KNOWN,KNOWN
d5502cc52c2173802f4aa342217f7333ea54ca238086c96a253ff4568a0a2828,H4,KNOWN,KNOWN,NOT_APPLICABLE,KNOWN,KNOWN,KNOWN,KNOWN,KNOWN,KNOWN,KNOWN,KNOWN,KNOWN,KNOWN,KNOWN
d57572272c305031dc25d72be17c7082fae40f2091bd40fcbd8e2f5022231818,H0,KNOWN,NOT_APPLICABLE,NOT_APPLICABLE,NOT_APPLICABLE,KNOWN,KNOWN,NOT_APPLICABLE,KNOWN,KNOWN,KNOWN,KNOWN,KNOWN,KNOWN,KNOWN
d57572272c305031dc25d72be17c7082fae40f2091bd40fcbd8e2f5022231818,H1,KNOWN,NOT_APPLICABLE,KNOWN,KNOWN,KNOWN,KNOWN,NOT_APPLICABLE,KNOWN,KNOWN,KNOWN,KNOWN,KNOWN,KNOWN,KNOWN
d57572272c305031dc25d72be17c7082fae40f2091bd40fcbd8e2f5022231818,H2,KNOWN,NOT_APPLICABLE,NOT_APPLICABLE,KNOWN,KNOWN,KNOWN,NOT_APPLICABLE,KNOWN,KNOWN,KNOWN,KNOWN,KNOWN,KNOWN,KNOWN
d57572272c305031dc25d72be17c7082fae40f2091bd40fcbd8e2f5022231818,H3,KNOWN,NOT_APPLICABLE,NOT_APPLICABLE,KNOWN,KNOWN,KNOWN,NOT_APPLICABLE,KNOWN,KNOWN,KNOWN,KNOWN,KNOWN,KNOWN,KNOWN
d57572272c305031dc25d72be17c7082fae40f2091bd40fcbd8e2f5022231818,H4,KNOWN,KNOWN,NOT_APPLICABLE,KNOWN,KNOWN,KNOWN,KNOWN,KNOWN,KNOWN,KNOWN,KNOWN,KNOWN,KNOWN,KNOWN
d6077ad362388f522da55189dd08271cc7e14ce18ec3454f5d3a2ac6f173eba0,H0,KNOWN,NOT_APPLICABLE,NOT_APPLICABLE,NOT_APPLICABLE,KNOWN,KNOWN,NOT_APPLICABLE,KNOWN,KNOWN,KNOWN,KNOWN,KNOWN,KNOWN,KNOWN
d6077ad362388f522da55189dd08271cc7e14ce18ec3454f5d3a2ac6f173eba0,H1,KNOWN,NOT_APPLICABLE,KNOWN,KNOWN,KNOWN,KNOWN,NOT_APPLICABLE,KNOWN,KNOWN,KNOWN,KNOWN,KNOWN,KNOWN,KNOWN
d6077ad362388f522da55189dd08271cc7e14ce18ec3454f5d3a2ac6f173eba0,H2,KNOWN,NOT_APPLICABLE,NOT_APPLICABLE,KNOWN,KNOWN,KNOWN,NOT_APPLICABLE,KNOWN,KNOWN,KNOWN,KNOWN,KNOWN,KNOWN,KNOWN
d6077ad362388f522da55189dd08271cc7e14ce18ec3454f5d3a2ac6f173eba0,H3,KNOWN,NOT_APPLICABLE,NOT_APPLICABLE,KNOWN,KNOWN,KNOWN,NOT_APPLICABLE,KNOWN,KNOWN,KNOWN,KNOWN,KNOWN,KNOWN,KNOWN
d6077ad362388f522da55189dd08271cc7e14ce18ec3454f5d3a2ac6f173eba0,H4,KNOWN,KNOWN,NOT_APPLICABLE,KNOWN,KNOWN,KNOWN,KNOWN,KNOWN,KNOWN,KNOWN,KNOWN,KNOWN,KNOWN,KNOWN
d6ae01bb10be9373be3537aa84e19572059730a328de85cb276a1a4fbea772a1,H0,KNOWN,NOT_APPLICABLE,NOT_APPLICABLE,NOT_APPLICABLE,KNOWN,KNOWN,NOT_APPLICABLE,KNOWN,KNOWN,KNOWN,KNOWN,KNOWN,KNOWN,KNOWN
d6ae01bb10be9373be3537aa84e19572059730a328de85cb276a1a4fbea772a1,H1,KNOWN,NOT_APPLICABLE,KNOWN,KNOWN,KNOWN,KNOWN,NOT_APPLICABLE,KNOWN,KNOWN,KNOWN,KNOWN,KNOWN,KNOWN,KNOWN
d6ae01bb10be9373be3537aa84e19572059730a328de85cb276a1a4fbea772a1,H2,KNOWN,NOT_APPLICABLE,NOT_APPLICABLE,KNOWN,KNOWN,KNOWN,NOT_APPLICABLE,KNOWN,KNOWN,KNOWN,KNOWN,KNOWN,KNOWN,KNOWN
d6ae01bb10be9373be3537aa84e19572059730a328de85cb276a1a4fbea772a1,H3,KNOWN,NOT_APPLICABLE,NOT_APPLICABLE,KNOWN,KNOWN,KNOWN,NOT_APPLICABLE,KNOWN,KNOWN,KNOWN,KNOWN,KNOWN,KNOWN,KNOWN
d6ae01bb10be9373be3537aa84e19572059730a328de85cb276a1a4fbea772a1,H4,KNOWN,KNOWN,NOT_APPLICABLE,KNOWN,KNOWN,KNOWN,KNOWN,KNOWN,KNOWN,KNOWN,KNOWN,KNOWN,KNOWN,KNOWN
d7fa8a9d0620b241515ceeebf6c2d2190acdb0da0db529665cbc27d44f676ef5,H0,KNOWN,NOT_APPLICABLE,NOT_APPLICABLE,NOT_APPLICABLE,KNOWN,KNOWN,NOT_APPLICABLE,KNOWN,KNOWN,KNOWN,KNOWN,KNOWN,KNOWN,KNOWN
d7fa8a9d0620b241515ceeebf6c2d2190acdb0da0db529665cbc27d44f676ef5,H1,KNOWN,NOT_APPLICABLE,KNOWN,KNOWN,KNOWN,KNOWN,NOT_APPLICABLE,KNOWN,KNOWN,KNOWN,KNOWN,KNOWN,KNOWN,KNOWN
d7fa8a9d0620b241515ceeebf6c2d2190acdb0da0db529665cbc27d44f676ef5,H2,KNOWN,NOT_APPLICABLE,NOT_APPLICABLE,KNOWN,KNOWN,KNOWN,NOT_APPLICABLE,KNOWN,KNOWN,KNOWN,KNOWN,KNOWN,KNOWN,KNOWN
d7fa8a9d0620b241515ceeebf6c2d2190acdb0da0db529665cbc27d44f676ef5,H3,KNOWN,NOT_APPLICABLE,NOT_APPLICABLE,KNOWN,KNOWN,KNOWN,NOT_APPLICABLE,KNOWN,KNOWN,KNOWN,KNOWN,KNOWN,KNOWN,KNOWN
d7fa8a9d0620b241515ceeebf6c2d2190acdb0da0db529665cbc27d44f676ef5,H4,KNOWN,KNOWN,NOT_APPLICABLE,KNOWN,KNOWN,KNOWN,KNOWN,KNOWN,KNOWN,KNOWN,KNOWN,KNOWN,KNOWN,KNOWN
d928d2fc2c8c027c3fc004d772f51aa2d56698ac0b338c1c090ca87f7eaa2b4c,H0,KNOWN,NOT_APPLICABLE,NOT_APPLICABLE,NOT_APPLICABLE,KNOWN,KNOWN,NOT_APPLICABLE,KNOWN,KNOWN,KNOWN,KNOWN,KNOWN,KNOWN,KNOWN
d928d2fc2c8c027c3fc004d772f51aa2d56698ac0b338c1c090ca87f7eaa2b4c,H1,KNOWN,NOT_APPLICABLE,KNOWN,KNOWN,KNOWN,KNOWN,NOT_APPLICABLE,KNOWN,KNOWN,KNOWN,KNOWN,KNOWN,KNOWN,KNOWN
d928d2fc2c8c027c3fc004d772f51aa2d56698ac0b338c1c090ca87f7eaa2b4c,H2,KNOWN,NOT_APPLICABLE,NOT_APPLICABLE,KNOWN,KNOWN,KNOWN,NOT_APPLICABLE,KNOWN,KNOWN,KNOWN,KNOWN,KNOWN,KNOWN,KNOWN
d928d2fc2c8c027c3fc004d772f51aa2d56698ac0b338c1c090ca87f7eaa2b4c,H3,KNOWN,NOT_APPLICABLE,NOT_APPLICABLE,KNOWN,KNOWN,KNOWN,NOT_APPLICABLE,KNOWN,KNOWN,KNOWN,KNOWN,KNOWN,KNOWN,KNOWN
d928d2fc2c8c027c3fc004d772f51aa2d56698ac0b338c1c090ca87f7eaa2b4c,H4,KNOWN,KNOWN,NOT_APPLICABLE,KNOWN,KNOWN,KNOWN,KNOWN,KNOWN,KNOWN,KNOWN,KNOWN,KNOWN,KNOWN,KNOWN
da0f382d9ae2d1c638afc64fbf55ff9bf1f2d45e99a0838bb4ea2508e901f095,H0,KNOWN,NOT_APPLICABLE,NOT_APPLICABLE,NOT_APPLICABLE,KNOWN,KNOWN,NOT_APPLICABLE,KNOWN,KNOWN,KNOWN,KNOWN,KNOWN,KNOWN,KNOWN
da0f382d9ae2d1c638afc64fbf55ff9bf1f2d45e99a0838bb4ea2508e901f095,H1,KNOWN,NOT_APPLICABLE,KNOWN,KNOWN,KNOWN,KNOWN,NOT_APPLICABLE,KNOWN,KNOWN,KNOWN,KNOWN,KNOWN,KNOWN,KNOWN
da0f382d9ae2d1c638afc64fbf55ff9bf1f2d45e99a0838bb4ea2508e901f095,H2,KNOWN,NOT_APPLICABLE,NOT_APPLICABLE,KNOWN,KNOWN,KNOWN,NOT_APPLICABLE,KNOWN,KNOWN,KNOWN,KNOWN,KNOWN,KNOWN,KNOWN
da0f382d9ae2d1c638afc64fbf55ff9bf1f2d45e99a0838bb4ea2508e901f095,H3,KNOWN,NOT_APPLICABLE,NOT_APPLICABLE,KNOWN,KNOWN,KNOWN,NOT_APPLICABLE,KNOWN,KNOWN,KNOWN,KNOWN,KNOWN,KNOWN,KNOWN
da0f382d9ae2d1c638afc64fbf55ff9bf1f2d45e99a0838bb4ea2508e901f095,H4,KNOWN,KNOWN,NOT_APPLICABLE,KNOWN,KNOWN,KNOWN,KNOWN,KNOWN,KNOWN,KNOWN,KNOWN,KNOWN,KNOWN,KNOWN
db98a6ab43bc30f1129ee2d1455564e6fe33274fd8248d8363c4f828f81f6ddb,H0,KNOWN,NOT_APPLICABLE,NOT_APPLICABLE,NOT_APPLICABLE,KNOWN,KNOWN,NOT_APPLICABLE,KNOWN,KNOWN,KNOWN,KNOWN,KNOWN,KNOWN,KNOWN
db98a6ab43bc30f1129ee2d1455564e6fe33274fd8248d8363c4f828f81f6ddb,H1,KNOWN,NOT_APPLICABLE,KNOWN,KNOWN,KNOWN,KNOWN,NOT_APPLICABLE,KNOWN,KNOWN,KNOWN,KNOWN,KNOWN,KNOWN,KNOWN
db98a6ab43bc30f1129ee2d1455564e6fe33274fd8248d8363c4f828f81f6ddb,H2,KNOWN,NOT_APPLICABLE,NOT_APPLICABLE,KNOWN,KNOWN,KNOWN,NOT_APPLICABLE,KNOWN,KNOWN,KNOWN,KNOWN,KNOWN,KNOWN,KNOWN
db98a6ab43bc30f1129ee2d1455564e6fe33274fd8248d8363c4f828f81f6ddb,H3,KNOWN,NOT_APPLICABLE,NOT_APPLICABLE,KNOWN,KNOWN,KNOWN,NOT_APPLICABLE,KNOWN,KNOWN,KNOWN,KNOWN,KNOWN,KNOWN,KNOWN
db98a6ab43bc30f1129ee2d1455564e6fe33274fd8248d8363c4f828f81f6ddb,H4,KNOWN,KNOWN,NOT_APPLICABLE,KNOWN,KNOWN,KNOWN,KNOWN,KNOWN,KNOWN,KNOWN,KNOWN,KNOWN,KNOWN,KNOWN
dc56b851c8950aaa6444f8b6429387c50081329722f25791475ea8b7b52d0e55,H0,KNOWN,NOT_APPLICABLE,NOT_APPLICABLE,NOT_APPLICABLE,KNOWN,KNOWN,NOT_APPLICABLE,KNOWN,KNOWN,KNOWN,KNOWN,KNOWN,KNOWN,KNOWN
dc56b851c8950aaa6444f8b6429387c50081329722f25791475ea8b7b52d0e55,H1,KNOWN,NOT_APPLICABLE,KNOWN,KNOWN,KNOWN,KNOWN,NOT_APPLICABLE,KNOWN,KNOWN,KNOWN,KNOWN,KNOWN,KNOWN,KNOWN
dc56b851c8950aaa6444f8b6429387c50081329722f25791475ea8b7b52d0e55,H2,KNOWN,NOT_APPLICABLE,NOT_APPLICABLE,KNOWN,KNOWN,KNOWN,NOT_APPLICABLE,KNOWN,KNOWN,KNOWN,KNOWN,KNOWN,KNOWN,KNOWN
dc56b851c8950aaa6444f8b6429387c50081329722f25791475ea8b7b52d0e55,H3,KNOWN,NOT_APPLICABLE,NOT_APPLICABLE,KNOWN,KNOWN,KNOWN,NOT_APPLICABLE,KNOWN,KNOWN,KNOWN,KNOWN,KNOWN,KNOWN,KNOWN
dc56b851c8950aaa6444f8b6429387c50081329722f25791475ea8b7b52d0e55,H4,KNOWN,KNOWN,NOT_APPLICABLE,KNOWN,KNOWN,KNOWN,KNOWN,KNOWN,KNOWN,KNOWN,KNOWN,KNOWN,KNOWN,KNOWN
dcc057acf138328dd32faa61e709ed690dbe222049aaab59437db74e2c467e6f,H0,KNOWN,NOT_APPLICABLE,NOT_APPLICABLE,NOT_APPLICABLE,KNOWN,KNOWN,NOT_APPLICABLE,KNOWN,KNOWN,KNOWN,KNOWN,KNOWN,KNOWN,KNOWN
dcc057acf138328dd32faa61e709ed690dbe222049aaab59437db74e2c467e6f,H1,KNOWN,NOT_APPLICABLE,KNOWN,KNOWN,KNOWN,KNOWN,NOT_APPLICABLE,KNOWN,KNOWN,KNOWN,KNOWN,KNOWN,KNOWN,KNOWN
dcc057acf138328dd32faa61e709ed690dbe222049aaab59437db74e2c467e6f,H2,KNOWN,NOT_APPLICABLE,NOT_APPLICABLE,KNOWN,KNOWN,KNOWN,NOT_APPLICABLE,KNOWN,KNOWN,KNOWN,KNOWN,KNOWN,KNOWN,KNOWN
dcc057acf138328dd32faa61e709ed690dbe222049aaab59437db74e2c467e6f,H3,KNOWN,NOT_APPLICABLE,NOT_APPLICABLE,KNOWN,KNOWN,KNOWN,NOT_APPLICABLE,KNOWN,KNOWN,KNOWN,KNOWN,KNOWN,KNOWN,KNOWN
dcc057acf138328dd32faa61e709ed690dbe222049aaab59437db74e2c467e6f,H4,KNOWN,KNOWN,NOT_APPLICABLE,KNOWN,KNOWN,KNOWN,KNOWN,KNOWN,KNOWN,KNOWN,KNOWN,KNOWN,KNOWN,KNOWN
dccbfb960df0592b7f962980c2b563a92a269c298e9bbb6e353a131e09bf8b2f,H0,KNOWN,NOT_APPLICABLE,NOT_APPLICABLE,NOT_APPLICABLE,KNOWN,KNOWN,NOT_APPLICABLE,KNOWN,KNOWN,KNOWN,KNOWN,KNOWN,KNOWN,KNOWN
dccbfb960df0592b7f962980c2b563a92a269c298e9bbb6e353a131e09bf8b2f,H1,KNOWN,NOT_APPLICABLE,KNOWN,KNOWN,KNOWN,KNOWN,NOT_APPLICABLE,KNOWN,KNOWN,KNOWN,KNOWN,KNOWN,KNOWN,KNOWN
dccbfb960df0592b7f962980c2b563a92a269c298e9bbb6e353a131e09bf8b2f,H2,KNOWN,NOT_APPLICABLE,NOT_APPLICABLE,KNOWN,KNOWN,KNOWN,NOT_APPLICABLE,KNOWN,KNOWN,KNOWN,KNOWN,KNOWN,KNOWN,KNOWN
dccbfb960df0592b7f962980c2b563a92a269c298e9bbb6e353a131e09bf8b2f,H3,KNOWN,NOT_APPLICABLE,NOT_APPLICABLE,KNOWN,KNOWN,KNOWN,NOT_APPLICABLE,KNOWN,KNOWN,KNOWN,KNOWN,KNOWN,KNOWN,KNOWN
dccbfb960df0592b7f962980c2b563a92a269c298e9bbb6e353a131e09bf8b2f,H4,KNOWN,KNOWN,NOT_APPLICABLE,KNOWN,KNOWN,KNOWN,KNOWN,KNOWN,KNOWN,KNOWN,KNOWN,KNOWN,KNOWN,KNOWN
dddaa6f247bca48e0d302c30e2051c60e9ba33a0b8232e1babe19ad0a9a67a5b,H0,KNOWN,NOT_APPLICABLE,NOT_APPLICABLE,NOT_APPLICABLE,KNOWN,KNOWN,NOT_APPLICABLE,KNOWN,KNOWN,KNOWN,KNOWN,KNOWN,KNOWN,KNOWN
dddaa6f247bca48e0d302c30e2051c60e9ba33a0b8232e1babe19ad0a9a67a5b,H1,KNOWN,NOT_APPLICABLE,KNOWN,KNOWN,KNOWN,KNOWN,NOT_APPLICABLE,KNOWN,KNOWN,KNOWN,KNOWN,KNOWN,KNOWN,KNOWN
dddaa6f247bca48e0d302c30e2051c60e9ba33a0b8232e1babe19ad0a9a67a5b,H2,KNOWN,NOT_APPLICABLE,NOT_APPLICABLE,KNOWN,KNOWN,KNOWN,NOT_APPLICABLE,KNOWN,KNOWN,KNOWN,KNOWN,KNOWN,KNOWN,KNOWN
dddaa6f247bca48e0d302c30e2051c60e9ba33a0b8232e1babe19ad0a9a67a5b,H3,KNOWN,NOT_APPLICABLE,NOT_APPLICABLE,KNOWN,KNOWN,KNOWN,NOT_APPLICABLE,KNOWN,KNOWN,KNOWN,KNOWN,KNOWN,KNOWN,KNOWN
dddaa6f247bca48e0d302c30e2051c60e9ba33a0b8232e1babe19ad0a9a67a5b,H4,KNOWN,KNOWN,NOT_APPLICABLE,KNOWN,KNOWN,KNOWN,KNOWN,KNOWN,KNOWN,KNOWN,KNOWN,KNOWN,KNOWN,KNOWN
ddfddcd220e9837f01d6fc88ef5133ccdc5a1af536522ca797a76d4796cf9c9f,H0,KNOWN,NOT_APPLICABLE,NOT_APPLICABLE,NOT_APPLICABLE,KNOWN,KNOWN,NOT_APPLICABLE,KNOWN,KNOWN,KNOWN,KNOWN,KNOWN,KNOWN,KNOWN
ddfddcd220e9837f01d6fc88ef5133ccdc5a1af536522ca797a76d4796cf9c9f,H1,KNOWN,NOT_APPLICABLE,KNOWN,KNOWN,KNOWN,KNOWN,NOT_APPLICABLE,KNOWN,KNOWN,KNOWN,KNOWN,KNOWN,KNOWN,KNOWN
ddfddcd220e9837f01d6fc88ef5133ccdc5a1af536522ca797a76d4796cf9c9f,H2,KNOWN,NOT_APPLICABLE,NOT_APPLICABLE,KNOWN,KNOWN,KNOWN,NOT_APPLICABLE,KNOWN,KNOWN,KNOWN,KNOWN,KNOWN,KNOWN,KNOWN
ddfddcd220e9837f01d6fc88ef5133ccdc5a1af536522ca797a76d4796cf9c9f,H3,KNOWN,NOT_APPLICABLE,NOT_APPLICABLE,KNOWN,KNOWN,KNOWN,NOT_APPLICABLE,KNOWN,KNOWN,KNOWN,KNOWN,KNOWN,KNOWN,KNOWN
ddfddcd220e9837f01d6fc88ef5133ccdc5a1af536522ca797a76d4796cf9c9f,H4,KNOWN,KNOWN,NOT_APPLICABLE,KNOWN,KNOWN,KNOWN,KNOWN,KNOWN,KNOWN,KNOWN,KNOWN,KNOWN,KNOWN,KNOWN
deec120ccaf855ffb72678a86f70fb4fa05da76419d8bbb52a4141ffcaa9d45d,H0,KNOWN,NOT_APPLICABLE,NOT_APPLICABLE,NOT_APPLICABLE,KNOWN,KNOWN,NOT_APPLICABLE,KNOWN,KNOWN,KNOWN,KNOWN,KNOWN,KNOWN,KNOWN
deec120ccaf855ffb72678a86f70fb4fa05da76419d8bbb52a4141ffcaa9d45d,H1,KNOWN,NOT_APPLICABLE,KNOWN,KNOWN,KNOWN,KNOWN,NOT_APPLICABLE,KNOWN,KNOWN,KNOWN,KNOWN,KNOWN,KNOWN,KNOWN
deec120ccaf855ffb72678a86f70fb4fa05da76419d8bbb52a4141ffcaa9d45d,H2,KNOWN,NOT_APPLICABLE,NOT_APPLICABLE,KNOWN,KNOWN,KNOWN,NOT_APPLICABLE,KNOWN,KNOWN,KNOWN,KNOWN,KNOWN,KNOWN,KNOWN
deec120ccaf855ffb72678a86f70fb4fa05da76419d8bbb52a4141ffcaa9d45d,H3,KNOWN,NOT_APPLICABLE,NOT_APPLICABLE,KNOWN,KNOWN,KNOWN,NOT_APPLICABLE,KNOWN,KNOWN,KNOWN,KNOWN,KNOWN,KNOWN,KNOWN
deec120ccaf855ffb72678a86f70fb4fa05da76419d8bbb52a4141ffcaa9d45d,H4,KNOWN,KNOWN,NOT_APPLICABLE,KNOWN,KNOWN,KNOWN,KNOWN,KNOWN,KNOWN,KNOWN,KNOWN,KNOWN,KNOWN,KNOWN
def93c41f1733ca232755061103edd2623fd7ec39fb9d995b005d82d0e9ed15e,H0,KNOWN,NOT_APPLICABLE,NOT_APPLICABLE,NOT_APPLICABLE,KNOWN,KNOWN,NOT_APPLICABLE,KNOWN,KNOWN,KNOWN,KNOWN,KNOWN,KNOWN,KNOWN
def93c41f1733ca232755061103edd2623fd7ec39fb9d995b005d82d0e9ed15e,H1,KNOWN,NOT_APPLICABLE,KNOWN,KNOWN,KNOWN,KNOWN,NOT_APPLICABLE,KNOWN,KNOWN,KNOWN,KNOWN,KNOWN,KNOWN,KNOWN
def93c41f1733ca232755061103edd2623fd7ec39fb9d995b005d82d0e9ed15e,H2,KNOWN,NOT_APPLICABLE,NOT_APPLICABLE,KNOWN,KNOWN,KNOWN,NOT_APPLICABLE,KNOWN,KNOWN,KNOWN,KNOWN,KNOWN,KNOWN,KNOWN
def93c41f1733ca232755061103edd2623fd7ec39fb9d995b005d82d0e9ed15e,H3,KNOWN,NOT_APPLICABLE,NOT_APPLICABLE,KNOWN,KNOWN,KNOWN,NOT_APPLICABLE,KNOWN,KNOWN,KNOWN,KNOWN,KNOWN,KNOWN,KNOWN
def93c41f1733ca232755061103edd2623fd7ec39fb9d995b005d82d0e9ed15e,H4,KNOWN,KNOWN,NOT_APPLICABLE,KNOWN,KNOWN,KNOWN,KNOWN,KNOWN,KNOWN,KNOWN,KNOWN,KNOWN,KNOWN,KNOWN
df3653bddca59e9295c25e92d246b4be2cc17efecc3d19511fdf3165c6ee5360,H0,KNOWN,NOT_APPLICABLE,NOT_APPLICABLE,NOT_APPLICABLE,KNOWN,KNOWN,NOT_APPLICABLE,KNOWN,KNOWN,KNOWN,KNOWN,KNOWN,KNOWN,KNOWN
df3653bddca59e9295c25e92d246b4be2cc17efecc3d19511fdf3165c6ee5360,H1,KNOWN,NOT_APPLICABLE,KNOWN,KNOWN,KNOWN,KNOWN,NOT_APPLICABLE,KNOWN,KNOWN,KNOWN,KNOWN,KNOWN,KNOWN,KNOWN
df3653bddca59e9295c25e92d246b4be2cc17efecc3d19511fdf3165c6ee5360,H2,KNOWN,NOT_APPLICABLE,NOT_APPLICABLE,KNOWN,KNOWN,KNOWN,NOT_APPLICABLE,KNOWN,KNOWN,KNOWN,KNOWN,KNOWN,KNOWN,KNOWN
df3653bddca59e9295c25e92d246b4be2cc17efecc3d19511fdf3165c6ee5360,H3,KNOWN,NOT_APPLICABLE,NOT_APPLICABLE,KNOWN,KNOWN,KNOWN,NOT_APPLICABLE,KNOWN,KNOWN,KNOWN,KNOWN,KNOWN,KNOWN,KNOWN
df3653bddca59e9295c25e92d246b4be2cc17efecc3d19511fdf3165c6ee5360,H4,KNOWN,KNOWN,NOT_APPLICABLE,KNOWN,KNOWN,KNOWN,KNOWN,KNOWN,KNOWN,KNOWN,KNOWN,KNOWN,KNOWN,KNOWN
dffec48502f2116a822f56bebe3352afedc3e7da29661b772d06f600e975e67c,H0,KNOWN,NOT_APPLICABLE,NOT_APPLICABLE,NOT_APPLICABLE,KNOWN,KNOWN,NOT_APPLICABLE,KNOWN,KNOWN,KNOWN,KNOWN,KNOWN,KNOWN,KNOWN
dffec48502f2116a822f56bebe3352afedc3e7da29661b772d06f600e975e67c,H1,KNOWN,NOT_APPLICABLE,KNOWN,KNOWN,KNOWN,KNOWN,NOT_APPLICABLE,KNOWN,KNOWN,KNOWN,KNOWN,KNOWN,KNOWN,KNOWN
dffec48502f2116a822f56bebe3352afedc3e7da29661b772d06f600e975e67c,H2,KNOWN,NOT_APPLICABLE,NOT_APPLICABLE,KNOWN,KNOWN,KNOWN,NOT_APPLICABLE,KNOWN,KNOWN,KNOWN,KNOWN,KNOWN,KNOWN,KNOWN
dffec48502f2116a822f56bebe3352afedc3e7da29661b772d06f600e975e67c,H3,KNOWN,NOT_APPLICABLE,NOT_APPLICABLE,KNOWN,KNOWN,KNOWN,NOT_APPLICABLE,KNOWN,KNOWN,KNOWN,KNOWN,KNOWN,KNOWN,KNOWN
dffec48502f2116a822f56bebe3352afedc3e7da29661b772d06f600e975e67c,H4,KNOWN,KNOWN,NOT_APPLICABLE,KNOWN,KNOWN,KNOWN,KNOWN,KNOWN,KNOWN,KNOWN,KNOWN,KNOWN,KNOWN,KNOWN
e085ec33bfbf9d19ba1eba4b57f144467e8adc566a2b901b3bc6e35c7c2e6294,H0,KNOWN,NOT_APPLICABLE,NOT_APPLICABLE,NOT_APPLICABLE,KNOWN,KNOWN,NOT_APPLICABLE,KNOWN,KNOWN,KNOWN,KNOWN,KNOWN,KNOWN,KNOWN
e085ec33bfbf9d19ba1eba4b57f144467e8adc566a2b901b3bc6e35c7c2e6294,H1,KNOWN,NOT_APPLICABLE,KNOWN,KNOWN,KNOWN,KNOWN,NOT_APPLICABLE,KNOWN,KNOWN,KNOWN,KNOWN,KNOWN,KNOWN,KNOWN
e085ec33bfbf9d19ba1eba4b57f144467e8adc566a2b901b3bc6e35c7c2e6294,H2,KNOWN,NOT_APPLICABLE,NOT_APPLICABLE,KNOWN,KNOWN,KNOWN,NOT_APPLICABLE,KNOWN,KNOWN,KNOWN,KNOWN,KNOWN,KNOWN,KNOWN
e085ec33bfbf9d19ba1eba4b57f144467e8adc566a2b901b3bc6e35c7c2e6294,H3,KNOWN,NOT_APPLICABLE,NOT_APPLICABLE,KNOWN,KNOWN,KNOWN,NOT_APPLICABLE,KNOWN,KNOWN,KNOWN,KNOWN,KNOWN,KNOWN,KNOWN
e085ec33bfbf9d19ba1eba4b57f144467e8adc566a2b901b3bc6e35c7c2e6294,H4,KNOWN,KNOWN,NOT_APPLICABLE,KNOWN,KNOWN,KNOWN,KNOWN,KNOWN,KNOWN,KNOWN,KNOWN,KNOWN,KNOWN,KNOWN
e14135e852ac642a0ef48af0180732798427e21b4f49092e1beb05551dc3e546,H0,KNOWN,NOT_APPLICABLE,NOT_APPLICABLE,NOT_APPLICABLE,KNOWN,KNOWN,NOT_APPLICABLE,KNOWN,KNOWN,KNOWN,KNOWN,KNOWN,KNOWN,KNOWN
e14135e852ac642a0ef48af0180732798427e21b4f49092e1beb05551dc3e546,H1,KNOWN,NOT_APPLICABLE,KNOWN,KNOWN,KNOWN,KNOWN,NOT_APPLICABLE,KNOWN,KNOWN,KNOWN,KNOWN,KNOWN,KNOWN,KNOWN
e14135e852ac642a0ef48af0180732798427e21b4f49092e1beb05551dc3e546,H2,KNOWN,NOT_APPLICABLE,NOT_APPLICABLE,KNOWN,KNOWN,KNOWN,NOT_APPLICABLE,KNOWN,KNOWN,KNOWN,KNOWN,KNOWN,KNOWN,KNOWN
e14135e852ac642a0ef48af0180732798427e21b4f49092e1beb05551dc3e546,H3,KNOWN,NOT_APPLICABLE,NOT_APPLICABLE,KNOWN,KNOWN,KNOWN,NOT_APPLICABLE,KNOWN,KNOWN,KNOWN,KNOWN,KNOWN,KNOWN,KNOWN
e14135e852ac642a0ef48af0180732798427e21b4f49092e1beb05551dc3e546,H4,KNOWN,KNOWN,NOT_APPLICABLE,KNOWN,KNOWN,KNOWN,KNOWN,KNOWN,KNOWN,KNOWN,KNOWN,KNOWN,KNOWN,KNOWN
e2481a67e3a6898bdc021d732c6879ebdd4fa170f59aba348b1760416fe552e0,H0,KNOWN,NOT_APPLICABLE,NOT_APPLICABLE,NOT_APPLICABLE,KNOWN,KNOWN,NOT_APPLICABLE,KNOWN,KNOWN,KNOWN,KNOWN,KNOWN,KNOWN,KNOWN
e2481a67e3a6898bdc021d732c6879ebdd4fa170f59aba348b1760416fe552e0,H1,KNOWN,NOT_APPLICABLE,KNOWN,KNOWN,KNOWN,KNOWN,NOT_APPLICABLE,KNOWN,KNOWN,KNOWN,KNOWN,KNOWN,KNOWN,KNOWN
e2481a67e3a6898bdc021d732c6879ebdd4fa170f59aba348b1760416fe552e0,H2,KNOWN,NOT_APPLICABLE,NOT_APPLICABLE,KNOWN,KNOWN,KNOWN,NOT_APPLICABLE,KNOWN,KNOWN,KNOWN,KNOWN,KNOWN,KNOWN,KNOWN
e2481a67e3a6898bdc021d732c6879ebdd4fa170f59aba348b1760416fe552e0,H3,KNOWN,NOT_APPLICABLE,NOT_APPLICABLE,KNOWN,KNOWN,KNOWN,NOT_APPLICABLE,KNOWN,KNOWN,KNOWN,KNOWN,KNOWN,KNOWN,KNOWN
e2481a67e3a6898bdc021d732c6879ebdd4fa170f59aba348b1760416fe552e0,H4,KNOWN,KNOWN,NOT_APPLICABLE,KNOWN,KNOWN,KNOWN,KNOWN,KNOWN,KNOWN,KNOWN,KNOWN,KNOWN,KNOWN,KNOWN
e33d056486e9ad3e327a3b2e745761221b2d50ff860ba2024c6bb7b1514a539e,H0,KNOWN,NOT_APPLICABLE,NOT_APPLICABLE,NOT_APPLICABLE,KNOWN,KNOWN,NOT_APPLICABLE,KNOWN,KNOWN,KNOWN,KNOWN,KNOWN,KNOWN,KNOWN
e33d056486e9ad3e327a3b2e745761221b2d50ff860ba2024c6bb7b1514a539e,H1,KNOWN,NOT_APPLICABLE,KNOWN,KNOWN,KNOWN,KNOWN,NOT_APPLICABLE,KNOWN,KNOWN,KNOWN,KNOWN,KNOWN,KNOWN,KNOWN
e33d056486e9ad3e327a3b2e745761221b2d50ff860ba2024c6bb7b1514a539e,H2,KNOWN,NOT_APPLICABLE,NOT_APPLICABLE,KNOWN,KNOWN,KNOWN,NOT_APPLICABLE,KNOWN,KNOWN,KNOWN,KNOWN,KNOWN,KNOWN,KNOWN
e33d056486e9ad3e327a3b2e745761221b2d50ff860ba2024c6bb7b1514a539e,H3,KNOWN,NOT_APPLICABLE,NOT_APPLICABLE,KNOWN,KNOWN,KNOWN,NOT_APPLICABLE,KNOWN,KNOWN,KNOWN,KNOWN,KNOWN,KNOWN,KNOWN
e33d056486e9ad3e327a3b2e745761221b2d50ff860ba2024c6bb7b1514a539e,H4,KNOWN,KNOWN,NOT_APPLICABLE,KNOWN,KNOWN,KNOWN,KNOWN,KNOWN,KNOWN,KNOWN,KNOWN,KNOWN,KNOWN,KNOWN
e35afeecd6c593f0e1d6bc9d348cdfe5988aa9b28e44f2f1e496df57f64ac65e,H0,KNOWN,NOT_APPLICABLE,NOT_APPLICABLE,NOT_APPLICABLE,KNOWN,KNOWN,NOT_APPLICABLE,KNOWN,KNOWN,KNOWN,KNOWN,KNOWN,KNOWN,KNOWN
e35afeecd6c593f0e1d6bc9d348cdfe5988aa9b28e44f2f1e496df57f64ac65e,H1,KNOWN,NOT_APPLICABLE,KNOWN,KNOWN,KNOWN,KNOWN,NOT_APPLICABLE,KNOWN,KNOWN,KNOWN,KNOWN,KNOWN,KNOWN,KNOWN
e35afeecd6c593f0e1d6bc9d348cdfe5988aa9b28e44f2f1e496df57f64ac65e,H2,KNOWN,NOT_APPLICABLE,NOT_APPLICABLE,KNOWN,KNOWN,KNOWN,NOT_APPLICABLE,KNOWN,KNOWN,KNOWN,KNOWN,KNOWN,KNOWN,KNOWN
e35afeecd6c593f0e1d6bc9d348cdfe5988aa9b28e44f2f1e496df57f64ac65e,H3,KNOWN,NOT_APPLICABLE,NOT_APPLICABLE,KNOWN,KNOWN,KNOWN,NOT_APPLICABLE,KNOWN,KNOWN,KNOWN,KNOWN,KNOWN,KNOWN,KNOWN
e35afeecd6c593f0e1d6bc9d348cdfe5988aa9b28e44f2f1e496df57f64ac65e,H4,KNOWN,KNOWN,NOT_APPLICABLE,KNOWN,KNOWN,KNOWN,KNOWN,KNOWN,KNOWN,KNOWN,KNOWN,KNOWN,KNOWN,KNOWN
e3fa0aba7389e3ce36094559998df525d3eca3f91a17de6a407779eb041f20e2,H0,KNOWN,NOT_APPLICABLE,NOT_APPLICABLE,NOT_APPLICABLE,KNOWN,KNOWN,NOT_APPLICABLE,KNOWN,KNOWN,KNOWN,KNOWN,KNOWN,KNOWN,KNOWN
e3fa0aba7389e3ce36094559998df525d3eca3f91a17de6a407779eb041f20e2,H1,KNOWN,NOT_APPLICABLE,KNOWN,KNOWN,KNOWN,KNOWN,NOT_APPLICABLE,KNOWN,KNOWN,KNOWN,KNOWN,KNOWN,KNOWN,KNOWN
e3fa0aba7389e3ce36094559998df525d3eca3f91a17de6a407779eb041f20e2,H2,KNOWN,NOT_APPLICABLE,NOT_APPLICABLE,KNOWN,KNOWN,KNOWN,NOT_APPLICABLE,KNOWN,KNOWN,KNOWN,KNOWN,KNOWN,KNOWN,KNOWN
e3fa0aba7389e3ce36094559998df525d3eca3f91a17de6a407779eb041f20e2,H3,KNOWN,NOT_APPLICABLE,NOT_APPLICABLE,KNOWN,KNOWN,KNOWN,NOT_APPLICABLE,KNOWN,KNOWN,KNOWN,KNOWN,KNOWN,KNOWN,KNOWN
e3fa0aba7389e3ce36094559998df525d3eca3f91a17de6a407779eb041f20e2,H4,KNOWN,KNOWN,NOT_APPLICABLE,KNOWN,KNOWN,KNOWN,KNOWN,KNOWN,KNOWN,KNOWN,KNOWN,KNOWN,KNOWN,KNOWN
e46709f6e4c8f8150c0a193e0f0185d0669b6736e15f7af0c4e989a1b4cdf0af,H0,KNOWN,NOT_APPLICABLE,NOT_APPLICABLE,NOT_APPLICABLE,KNOWN,KNOWN,NOT_APPLICABLE,KNOWN,KNOWN,KNOWN,KNOWN,KNOWN,KNOWN,KNOWN
e46709f6e4c8f8150c0a193e0f0185d0669b6736e15f7af0c4e989a1b4cdf0af,H1,KNOWN,NOT_APPLICABLE,KNOWN,KNOWN,KNOWN,KNOWN,NOT_APPLICABLE,KNOWN,KNOWN,KNOWN,KNOWN,KNOWN,KNOWN,KNOWN
e46709f6e4c8f8150c0a193e0f0185d0669b6736e15f7af0c4e989a1b4cdf0af,H2,KNOWN,NOT_APPLICABLE,NOT_APPLICABLE,KNOWN,KNOWN,KNOWN,NOT_APPLICABLE,KNOWN,KNOWN,KNOWN,KNOWN,KNOWN,KNOWN,KNOWN
e46709f6e4c8f8150c0a193e0f0185d0669b6736e15f7af0c4e989a1b4cdf0af,H3,KNOWN,NOT_APPLICABLE,NOT_APPLICABLE,KNOWN,KNOWN,KNOWN,NOT_APPLICABLE,KNOWN,KNOWN,KNOWN,KNOWN,KNOWN,KNOWN,KNOWN
e46709f6e4c8f8150c0a193e0f0185d0669b6736e15f7af0c4e989a1b4cdf0af,H4,KNOWN,KNOWN,NOT_APPLICABLE,KNOWN,KNOWN,KNOWN,KNOWN,KNOWN,KNOWN,KNOWN,KNOWN,KNOWN,KNOWN,KNOWN
e52482b490ffa6f110fef0462767e13ec236040da0152277b8dc741b36946264,H0,KNOWN,NOT_APPLICABLE,NOT_APPLICABLE,NOT_APPLICABLE,KNOWN,KNOWN,NOT_APPLICABLE,KNOWN,KNOWN,KNOWN,KNOWN,KNOWN,KNOWN,KNOWN
e52482b490ffa6f110fef0462767e13ec236040da0152277b8dc741b36946264,H1,KNOWN,NOT_APPLICABLE,KNOWN,KNOWN,KNOWN,KNOWN,NOT_APPLICABLE,KNOWN,KNOWN,KNOWN,KNOWN,KNOWN,KNOWN,KNOWN
e52482b490ffa6f110fef0462767e13ec236040da0152277b8dc741b36946264,H2,KNOWN,NOT_APPLICABLE,NOT_APPLICABLE,KNOWN,KNOWN,KNOWN,NOT_APPLICABLE,KNOWN,KNOWN,KNOWN,KNOWN,KNOWN,KNOWN,KNOWN
e52482b490ffa6f110fef0462767e13ec236040da0152277b8dc741b36946264,H3,KNOWN,NOT_APPLICABLE,NOT_APPLICABLE,KNOWN,KNOWN,KNOWN,NOT_APPLICABLE,KNOWN,KNOWN,KNOWN,KNOWN,KNOWN,KNOWN,KNOWN
e52482b490ffa6f110fef0462767e13ec236040da0152277b8dc741b36946264,H4,KNOWN,KNOWN,NOT_APPLICABLE,KNOWN,KNOWN,KNOWN,KNOWN,KNOWN,KNOWN,KNOWN,KNOWN,KNOWN,KNOWN,KNOWN
e56d62a77dba18eae80e137fa93b491150bc071d70c387c71ffeb7b1144e9ce9,H0,KNOWN,NOT_APPLICABLE,NOT_APPLICABLE,NOT_APPLICABLE,KNOWN,KNOWN,NOT_APPLICABLE,KNOWN,KNOWN,KNOWN,KNOWN,KNOWN,KNOWN,KNOWN
e56d62a77dba18eae80e137fa93b491150bc071d70c387c71ffeb7b1144e9ce9,H1,KNOWN,NOT_APPLICABLE,KNOWN,KNOWN,KNOWN,KNOWN,NOT_APPLICABLE,KNOWN,KNOWN,KNOWN,KNOWN,KNOWN,KNOWN,KNOWN
e56d62a77dba18eae80e137fa93b491150bc071d70c387c71ffeb7b1144e9ce9,H2,KNOWN,NOT_APPLICABLE,NOT_APPLICABLE,KNOWN,KNOWN,KNOWN,NOT_APPLICABLE,KNOWN,KNOWN,KNOWN,KNOWN,KNOWN,KNOWN,KNOWN
e56d62a77dba18eae80e137fa93b491150bc071d70c387c71ffeb7b1144e9ce9,H3,KNOWN,NOT_APPLICABLE,NOT_APPLICABLE,KNOWN,KNOWN,KNOWN,NOT_APPLICABLE,KNOWN,KNOWN,KNOWN,KNOWN,KNOWN,KNOWN,KNOWN
e56d62a77dba18eae80e137fa93b491150bc071d70c387c71ffeb7b1144e9ce9,H4,KNOWN,KNOWN,NOT_APPLICABLE,KNOWN,KNOWN,KNOWN,KNOWN,KNOWN,KNOWN,KNOWN,KNOWN,KNOWN,KNOWN,KNOWN
e5feaf72a5564ee9e88ab2df002883d6f6afc96280e4b3ef6294d64d1167452f,H0,KNOWN,NOT_APPLICABLE,NOT_APPLICABLE,NOT_APPLICABLE,KNOWN,KNOWN,NOT_APPLICABLE,KNOWN,KNOWN,KNOWN,KNOWN,KNOWN,KNOWN,KNOWN
e5feaf72a5564ee9e88ab2df002883d6f6afc96280e4b3ef6294d64d1167452f,H1,KNOWN,NOT_APPLICABLE,KNOWN,KNOWN,KNOWN,KNOWN,NOT_APPLICABLE,KNOWN,KNOWN,KNOWN,KNOWN,KNOWN,KNOWN,KNOWN
e5feaf72a5564ee9e88ab2df002883d6f6afc96280e4b3ef6294d64d1167452f,H2,KNOWN,NOT_APPLICABLE,NOT_APPLICABLE,KNOWN,KNOWN,KNOWN,NOT_APPLICABLE,KNOWN,KNOWN,KNOWN,KNOWN,KNOWN,KNOWN,KNOWN
e5feaf72a5564ee9e88ab2df002883d6f6afc96280e4b3ef6294d64d1167452f,H3,KNOWN,NOT_APPLICABLE,NOT_APPLICABLE,KNOWN,KNOWN,KNOWN,NOT_APPLICABLE,KNOWN,KNOWN,KNOWN,KNOWN,KNOWN,KNOWN,KNOWN
e5feaf72a5564ee9e88ab2df002883d6f6afc96280e4b3ef6294d64d1167452f,H4,KNOWN,KNOWN,NOT_APPLICABLE,KNOWN,KNOWN,KNOWN,KNOWN,KNOWN,KNOWN,KNOWN,KNOWN,KNOWN,KNOWN,KNOWN
e640032fcb4b41cabefdda40065e68885bee492b6898b5507867044f4955ac77,H0,KNOWN,NOT_APPLICABLE,NOT_APPLICABLE,NOT_APPLICABLE,KNOWN,KNOWN,NOT_APPLICABLE,KNOWN,KNOWN,KNOWN,KNOWN,KNOWN,KNOWN,KNOWN
e640032fcb4b41cabefdda40065e68885bee492b6898b5507867044f4955ac77,H1,KNOWN,NOT_APPLICABLE,KNOWN,KNOWN,KNOWN,KNOWN,NOT_APPLICABLE,KNOWN,KNOWN,KNOWN,KNOWN,KNOWN,KNOWN,KNOWN
e640032fcb4b41cabefdda40065e68885bee492b6898b5507867044f4955ac77,H2,KNOWN,NOT_APPLICABLE,NOT_APPLICABLE,KNOWN,KNOWN,KNOWN,NOT_APPLICABLE,KNOWN,KNOWN,KNOWN,KNOWN,KNOWN,KNOWN,KNOWN
e640032fcb4b41cabefdda40065e68885bee492b6898b5507867044f4955ac77,H3,KNOWN,NOT_APPLICABLE,NOT_APPLICABLE,KNOWN,KNOWN,KNOWN,NOT_APPLICABLE,KNOWN,KNOWN,KNOWN,KNOWN,KNOWN,KNOWN,KNOWN
e640032fcb4b41cabefdda40065e68885bee492b6898b5507867044f4955ac77,H4,KNOWN,KNOWN,NOT_APPLICABLE,KNOWN,KNOWN,KNOWN,KNOWN,KNOWN,KNOWN,KNOWN,KNOWN,KNOWN,KNOWN,KNOWN
e650830d8dfdf9ba117cae8186a3a497fef863f83c0ac1b3c9c87ecd795d3fe4,H0,KNOWN,NOT_APPLICABLE,NOT_APPLICABLE,NOT_APPLICABLE,KNOWN,KNOWN,NOT_APPLICABLE,KNOWN,KNOWN,KNOWN,KNOWN,KNOWN,KNOWN,KNOWN
e650830d8dfdf9ba117cae8186a3a497fef863f83c0ac1b3c9c87ecd795d3fe4,H1,KNOWN,NOT_APPLICABLE,KNOWN,KNOWN,KNOWN,KNOWN,NOT_APPLICABLE,KNOWN,KNOWN,KNOWN,KNOWN,KNOWN,KNOWN,KNOWN
e650830d8dfdf9ba117cae8186a3a497fef863f83c0ac1b3c9c87ecd795d3fe4,H2,KNOWN,NOT_APPLICABLE,NOT_APPLICABLE,KNOWN,KNOWN,KNOWN,NOT_APPLICABLE,KNOWN,KNOWN,KNOWN,KNOWN,KNOWN,KNOWN,KNOWN
e650830d8dfdf9ba117cae8186a3a497fef863f83c0ac1b3c9c87ecd795d3fe4,H3,KNOWN,NOT_APPLICABLE,NOT_APPLICABLE,KNOWN,KNOWN,KNOWN,NOT_APPLICABLE,KNOWN,KNOWN,KNOWN,KNOWN,KNOWN,KNOWN,KNOWN
e650830d8dfdf9ba117cae8186a3a497fef863f83c0ac1b3c9c87ecd795d3fe4,H4,KNOWN,KNOWN,NOT_APPLICABLE,KNOWN,KNOWN,KNOWN,KNOWN,KNOWN,KNOWN,KNOWN,KNOWN,KNOWN,KNOWN,KNOWN
e68cd754c3dac6c5c22c04510cdf4a6e94ab2156c9c8dee1092ac354741ac651,H0,KNOWN,NOT_APPLICABLE,NOT_APPLICABLE,NOT_APPLICABLE,KNOWN,KNOWN,NOT_APPLICABLE,KNOWN,KNOWN,KNOWN,KNOWN,KNOWN,KNOWN,KNOWN
e68cd754c3dac6c5c22c04510cdf4a6e94ab2156c9c8dee1092ac354741ac651,H1,KNOWN,NOT_APPLICABLE,KNOWN,KNOWN,KNOWN,KNOWN,NOT_APPLICABLE,KNOWN,KNOWN,KNOWN,KNOWN,KNOWN,KNOWN,KNOWN
e68cd754c3dac6c5c22c04510cdf4a6e94ab2156c9c8dee1092ac354741ac651,H2,KNOWN,NOT_APPLICABLE,NOT_APPLICABLE,KNOWN,KNOWN,KNOWN,NOT_APPLICABLE,KNOWN,KNOWN,KNOWN,KNOWN,KNOWN,KNOWN,KNOWN
e68cd754c3dac6c5c22c04510cdf4a6e94ab2156c9c8dee1092ac354741ac651,H3,KNOWN,NOT_APPLICABLE,NOT_APPLICABLE,KNOWN,KNOWN,KNOWN,NOT_APPLICABLE,KNOWN,KNOWN,KNOWN,KNOWN,KNOWN,KNOWN,KNOWN
e68cd754c3dac6c5c22c04510cdf4a6e94ab2156c9c8dee1092ac354741ac651,H4,KNOWN,KNOWN,NOT_APPLICABLE,KNOWN,KNOWN,KNOWN,KNOWN,KNOWN,KNOWN,KNOWN,KNOWN,KNOWN,KNOWN,KNOWN
e9cac494e2a3b9d05dc05c8eeffb7d84337317220ec3075084bacbfb9ae3155f,H0,KNOWN,NOT_APPLICABLE,NOT_APPLICABLE,NOT_APPLICABLE,KNOWN,KNOWN,NOT_APPLICABLE,KNOWN,KNOWN,KNOWN,KNOWN,KNOWN,KNOWN,KNOWN
e9cac494e2a3b9d05dc05c8eeffb7d84337317220ec3075084bacbfb9ae3155f,H1,KNOWN,NOT_APPLICABLE,KNOWN,KNOWN,KNOWN,KNOWN,NOT_APPLICABLE,KNOWN,KNOWN,KNOWN,KNOWN,KNOWN,KNOWN,KNOWN
e9cac494e2a3b9d05dc05c8eeffb7d84337317220ec3075084bacbfb9ae3155f,H2,KNOWN,NOT_APPLICABLE,NOT_APPLICABLE,KNOWN,KNOWN,KNOWN,NOT_APPLICABLE,KNOWN,KNOWN,KNOWN,KNOWN,KNOWN,KNOWN,KNOWN
e9cac494e2a3b9d05dc05c8eeffb7d84337317220ec3075084bacbfb9ae3155f,H3,KNOWN,NOT_APPLICABLE,NOT_APPLICABLE,KNOWN,KNOWN,KNOWN,NOT_APPLICABLE,KNOWN,KNOWN,KNOWN,KNOWN,KNOWN,KNOWN,KNOWN
e9cac494e2a3b9d05dc05c8eeffb7d84337317220ec3075084bacbfb9ae3155f,H4,KNOWN,KNOWN,NOT_APPLICABLE,KNOWN,KNOWN,KNOWN,KNOWN,KNOWN,KNOWN,KNOWN,KNOWN,KNOWN,KNOWN,KNOWN
ea21bb524195d67cb8bd7e44d83f9b06b41e4674b76beefe64e748dc9dcb09d5,H0,KNOWN,NOT_APPLICABLE,NOT_APPLICABLE,NOT_APPLICABLE,KNOWN,KNOWN,NOT_APPLICABLE,KNOWN,KNOWN,KNOWN,KNOWN,KNOWN,KNOWN,KNOWN
ea21bb524195d67cb8bd7e44d83f9b06b41e4674b76beefe64e748dc9dcb09d5,H1,KNOWN,NOT_APPLICABLE,KNOWN,KNOWN,KNOWN,KNOWN,NOT_APPLICABLE,KNOWN,KNOWN,KNOWN,KNOWN,KNOWN,KNOWN,KNOWN
ea21bb524195d67cb8bd7e44d83f9b06b41e4674b76beefe64e748dc9dcb09d5,H2,KNOWN,NOT_APPLICABLE,NOT_APPLICABLE,KNOWN,KNOWN,KNOWN,NOT_APPLICABLE,KNOWN,KNOWN,KNOWN,KNOWN,KNOWN,KNOWN,KNOWN
ea21bb524195d67cb8bd7e44d83f9b06b41e4674b76beefe64e748dc9dcb09d5,H3,KNOWN,NOT_APPLICABLE,NOT_APPLICABLE,KNOWN,KNOWN,KNOWN,NOT_APPLICABLE,KNOWN,KNOWN,KNOWN,KNOWN,KNOWN,KNOWN,KNOWN
ea21bb524195d67cb8bd7e44d83f9b06b41e4674b76beefe64e748dc9dcb09d5,H4,KNOWN,KNOWN,NOT_APPLICABLE,KNOWN,KNOWN,KNOWN,KNOWN,KNOWN,KNOWN,KNOWN,KNOWN,KNOWN,KNOWN,KNOWN
eaada7a97bf42c495f0e4a30c807aab4230e1c800c17df3e814742137b46ac65,H0,KNOWN,NOT_APPLICABLE,NOT_APPLICABLE,NOT_APPLICABLE,KNOWN,KNOWN,NOT_APPLICABLE,KNOWN,KNOWN,KNOWN,KNOWN,KNOWN,KNOWN,KNOWN
eaada7a97bf42c495f0e4a30c807aab4230e1c800c17df3e814742137b46ac65,H1,KNOWN,NOT_APPLICABLE,KNOWN,KNOWN,KNOWN,KNOWN,NOT_APPLICABLE,KNOWN,KNOWN,KNOWN,KNOWN,KNOWN,KNOWN,KNOWN
eaada7a97bf42c495f0e4a30c807aab4230e1c800c17df3e814742137b46ac65,H2,KNOWN,NOT_APPLICABLE,NOT_APPLICABLE,KNOWN,KNOWN,KNOWN,NOT_APPLICABLE,KNOWN,KNOWN,KNOWN,KNOWN,KNOWN,KNOWN,KNOWN
eaada7a97bf42c495f0e4a30c807aab4230e1c800c17df3e814742137b46ac65,H3,KNOWN,NOT_APPLICABLE,NOT_APPLICABLE,KNOWN,KNOWN,KNOWN,NOT_APPLICABLE,KNOWN,KNOWN,KNOWN,KNOWN,KNOWN,KNOWN,KNOWN
eaada7a97bf42c495f0e4a30c807aab4230e1c800c17df3e814742137b46ac65,H4,KNOWN,KNOWN,NOT_APPLICABLE,KNOWN,KNOWN,KNOWN,KNOWN,KNOWN,KNOWN,KNOWN,KNOWN,KNOWN,KNOWN,KNOWN
ecdec5e939c073acfbc351d68258389a216c2463007458b61e13705fe5f37f2e,H0,KNOWN,NOT_APPLICABLE,NOT_APPLICABLE,NOT_APPLICABLE,KNOWN,KNOWN,NOT_APPLICABLE,KNOWN,KNOWN,KNOWN,KNOWN,KNOWN,KNOWN,KNOWN
ecdec5e939c073acfbc351d68258389a216c2463007458b61e13705fe5f37f2e,H1,KNOWN,NOT_APPLICABLE,KNOWN,KNOWN,KNOWN,KNOWN,NOT_APPLICABLE,KNOWN,KNOWN,KNOWN,KNOWN,KNOWN,KNOWN,KNOWN
ecdec5e939c073acfbc351d68258389a216c2463007458b61e13705fe5f37f2e,H2,KNOWN,NOT_APPLICABLE,NOT_APPLICABLE,KNOWN,KNOWN,KNOWN,NOT_APPLICABLE,KNOWN,KNOWN,KNOWN,KNOWN,KNOWN,KNOWN,KNOWN
ecdec5e939c073acfbc351d68258389a216c2463007458b61e13705fe5f37f2e,H3,KNOWN,NOT_APPLICABLE,NOT_APPLICABLE,KNOWN,KNOWN,KNOWN,NOT_APPLICABLE,KNOWN,KNOWN,KNOWN,KNOWN,KNOWN,KNOWN,KNOWN
ecdec5e939c073acfbc351d68258389a216c2463007458b61e13705fe5f37f2e,H4,KNOWN,KNOWN,NOT_APPLICABLE,KNOWN,KNOWN,KNOWN,KNOWN,KNOWN,KNOWN,KNOWN,KNOWN,KNOWN,KNOWN,KNOWN
ed06094607cb4185d6f5db2ecf7d05957677881858b80727b1800d83b894e324,H0,KNOWN,NOT_APPLICABLE,NOT_APPLICABLE,NOT_APPLICABLE,KNOWN,KNOWN,NOT_APPLICABLE,KNOWN,KNOWN,KNOWN,KNOWN,KNOWN,KNOWN,KNOWN
ed06094607cb4185d6f5db2ecf7d05957677881858b80727b1800d83b894e324,H1,KNOWN,NOT_APPLICABLE,KNOWN,KNOWN,KNOWN,KNOWN,NOT_APPLICABLE,KNOWN,KNOWN,KNOWN,KNOWN,KNOWN,KNOWN,KNOWN
ed06094607cb4185d6f5db2ecf7d05957677881858b80727b1800d83b894e324,H2,KNOWN,NOT_APPLICABLE,NOT_APPLICABLE,KNOWN,KNOWN,KNOWN,NOT_APPLICABLE,KNOWN,KNOWN,KNOWN,KNOWN,KNOWN,KNOWN,KNOWN
ed06094607cb4185d6f5db2ecf7d05957677881858b80727b1800d83b894e324,H3,KNOWN,NOT_APPLICABLE,NOT_APPLICABLE,KNOWN,KNOWN,KNOWN,NOT_APPLICABLE,KNOWN,KNOWN,KNOWN,KNOWN,KNOWN,KNOWN,KNOWN
ed06094607cb4185d6f5db2ecf7d05957677881858b80727b1800d83b894e324,H4,KNOWN,KNOWN,NOT_APPLICABLE,KNOWN,KNOWN,KNOWN,KNOWN,KNOWN,KNOWN,KNOWN,KNOWN,KNOWN,KNOWN,KNOWN
eea2d13af08d21f480e48d99d66b662ea0ade4cab0824f11b9d295994355b76b,H0,KNOWN,NOT_APPLICABLE,NOT_APPLICABLE,NOT_APPLICABLE,KNOWN,KNOWN,NOT_APPLICABLE,KNOWN,KNOWN,KNOWN,KNOWN,KNOWN,KNOWN,KNOWN
eea2d13af08d21f480e48d99d66b662ea0ade4cab0824f11b9d295994355b76b,H1,KNOWN,NOT_APPLICABLE,KNOWN,KNOWN,KNOWN,KNOWN,NOT_APPLICABLE,KNOWN,KNOWN,KNOWN,KNOWN,KNOWN,KNOWN,KNOWN
eea2d13af08d21f480e48d99d66b662ea0ade4cab0824f11b9d295994355b76b,H2,KNOWN,NOT_APPLICABLE,NOT_APPLICABLE,KNOWN,KNOWN,KNOWN,NOT_APPLICABLE,KNOWN,KNOWN,KNOWN,KNOWN,KNOWN,KNOWN,KNOWN
eea2d13af08d21f480e48d99d66b662ea0ade4cab0824f11b9d295994355b76b,H3,KNOWN,NOT_APPLICABLE,NOT_APPLICABLE,KNOWN,KNOWN,KNOWN,NOT_APPLICABLE,KNOWN,KNOWN,KNOWN,KNOWN,KNOWN,KNOWN,KNOWN
eea2d13af08d21f480e48d99d66b662ea0ade4cab0824f11b9d295994355b76b,H4,KNOWN,KNOWN,NOT_APPLICABLE,KNOWN,KNOWN,KNOWN,KNOWN,KNOWN,KNOWN,KNOWN,KNOWN,KNOWN,KNOWN,KNOWN
efa53e1dd58dda0beb91a1de8b32601841c003215d06acf68ccdfd32ebae72b2,H0,KNOWN,NOT_APPLICABLE,NOT_APPLICABLE,NOT_APPLICABLE,KNOWN,KNOWN,NOT_APPLICABLE,KNOWN,KNOWN,KNOWN,KNOWN,KNOWN,KNOWN,KNOWN
efa53e1dd58dda0beb91a1de8b32601841c003215d06acf68ccdfd32ebae72b2,H1,KNOWN,NOT_APPLICABLE,KNOWN,KNOWN,KNOWN,KNOWN,NOT_APPLICABLE,KNOWN,KNOWN,KNOWN,KNOWN,KNOWN,KNOWN,KNOWN
efa53e1dd58dda0beb91a1de8b32601841c003215d06acf68ccdfd32ebae72b2,H2,KNOWN,NOT_APPLICABLE,NOT_APPLICABLE,KNOWN,KNOWN,KNOWN,NOT_APPLICABLE,KNOWN,KNOWN,KNOWN,KNOWN,KNOWN,KNOWN,KNOWN
efa53e1dd58dda0beb91a1de8b32601841c003215d06acf68ccdfd32ebae72b2,H3,KNOWN,NOT_APPLICABLE,NOT_APPLICABLE,KNOWN,KNOWN,KNOWN,NOT_APPLICABLE,KNOWN,KNOWN,KNOWN,KNOWN,KNOWN,KNOWN,KNOWN
efa53e1dd58dda0beb91a1de8b32601841c003215d06acf68ccdfd32ebae72b2,H4,KNOWN,KNOWN,NOT_APPLICABLE,KNOWN,KNOWN,KNOWN,KNOWN,KNOWN,KNOWN,KNOWN,KNOWN,KNOWN,KNOWN,KNOWN
f0169860a0c6b378bb91f1a12cd5e204c6dc5b560ca705883adea0ddaa96eb3b,H0,KNOWN,NOT_APPLICABLE,NOT_APPLICABLE,NOT_APPLICABLE,KNOWN,KNOWN,NOT_APPLICABLE,KNOWN,KNOWN,KNOWN,KNOWN,KNOWN,KNOWN,KNOWN
f0169860a0c6b378bb91f1a12cd5e204c6dc5b560ca705883adea0ddaa96eb3b,H1,KNOWN,NOT_APPLICABLE,KNOWN,KNOWN,KNOWN,KNOWN,NOT_APPLICABLE,KNOWN,KNOWN,KNOWN,KNOWN,KNOWN,KNOWN,KNOWN
f0169860a0c6b378bb91f1a12cd5e204c6dc5b560ca705883adea0ddaa96eb3b,H2,KNOWN,NOT_APPLICABLE,NOT_APPLICABLE,KNOWN,KNOWN,KNOWN,NOT_APPLICABLE,KNOWN,KNOWN,KNOWN,KNOWN,KNOWN,KNOWN,KNOWN
f0169860a0c6b378bb91f1a12cd5e204c6dc5b560ca705883adea0ddaa96eb3b,H3,KNOWN,NOT_APPLICABLE,NOT_APPLICABLE,KNOWN,KNOWN,KNOWN,NOT_APPLICABLE,KNOWN,KNOWN,KNOWN,KNOWN,KNOWN,KNOWN,KNOWN
f0169860a0c6b378bb91f1a12cd5e204c6dc5b560ca705883adea0ddaa96eb3b,H4,KNOWN,KNOWN,NOT_APPLICABLE,KNOWN,KNOWN,KNOWN,KNOWN,KNOWN,KNOWN,KNOWN,KNOWN,KNOWN,KNOWN,KNOWN
f04d74d299bbbd0534aece43e862eb7221ca297f507f3c33be935acf5c5b2a69,H0,KNOWN,NOT_APPLICABLE,NOT_APPLICABLE,NOT_APPLICABLE,KNOWN,KNOWN,NOT_APPLICABLE,KNOWN,KNOWN,KNOWN,KNOWN,KNOWN,KNOWN,KNOWN
f04d74d299bbbd0534aece43e862eb7221ca297f507f3c33be935acf5c5b2a69,H1,KNOWN,NOT_APPLICABLE,KNOWN,KNOWN,KNOWN,KNOWN,NOT_APPLICABLE,KNOWN,KNOWN,KNOWN,KNOWN,KNOWN,KNOWN,KNOWN
f04d74d299bbbd0534aece43e862eb7221ca297f507f3c33be935acf5c5b2a69,H2,KNOWN,NOT_APPLICABLE,NOT_APPLICABLE,KNOWN,KNOWN,KNOWN,NOT_APPLICABLE,KNOWN,KNOWN,KNOWN,KNOWN,KNOWN,KNOWN,KNOWN
f04d74d299bbbd0534aece43e862eb7221ca297f507f3c33be935acf5c5b2a69,H3,KNOWN,NOT_APPLICABLE,NOT_APPLICABLE,KNOWN,KNOWN,KNOWN,NOT_APPLICABLE,KNOWN,KNOWN,KNOWN,KNOWN,KNOWN,KNOWN,KNOWN
f04d74d299bbbd0534aece43e862eb7221ca297f507f3c33be935acf5c5b2a69,H4,KNOWN,KNOWN,NOT_APPLICABLE,KNOWN,KNOWN,KNOWN,KNOWN,KNOWN,KNOWN,KNOWN,KNOWN,KNOWN,KNOWN,KNOWN
f0831dd6b564b80e4230d3b4f546ff93b7c65d37018a3b627385ef6a6b90d282,H0,KNOWN,NOT_APPLICABLE,NOT_APPLICABLE,NOT_APPLICABLE,KNOWN,KNOWN,NOT_APPLICABLE,KNOWN,KNOWN,KNOWN,KNOWN,KNOWN,KNOWN,KNOWN
f0831dd6b564b80e4230d3b4f546ff93b7c65d37018a3b627385ef6a6b90d282,H1,KNOWN,NOT_APPLICABLE,KNOWN,KNOWN,KNOWN,KNOWN,NOT_APPLICABLE,KNOWN,KNOWN,KNOWN,KNOWN,KNOWN,KNOWN,KNOWN
f0831dd6b564b80e4230d3b4f546ff93b7c65d37018a3b627385ef6a6b90d282,H2,KNOWN,NOT_APPLICABLE,NOT_APPLICABLE,KNOWN,KNOWN,KNOWN,NOT_APPLICABLE,KNOWN,KNOWN,KNOWN,KNOWN,KNOWN,KNOWN,KNOWN
f0831dd6b564b80e4230d3b4f546ff93b7c65d37018a3b627385ef6a6b90d282,H3,KNOWN,NOT_APPLICABLE,NOT_APPLICABLE,KNOWN,KNOWN,KNOWN,NOT_APPLICABLE,KNOWN,KNOWN,KNOWN,KNOWN,KNOWN,KNOWN,KNOWN
f0831dd6b564b80e4230d3b4f546ff93b7c65d37018a3b627385ef6a6b90d282,H4,KNOWN,KNOWN,NOT_APPLICABLE,KNOWN,KNOWN,KNOWN,KNOWN,KNOWN,KNOWN,KNOWN,KNOWN,KNOWN,KNOWN,KNOWN
f0d5cc7a6c9b30f6f232856b70010a25dadae1686c1f0a146a179f2209d24641,H0,KNOWN,NOT_APPLICABLE,NOT_APPLICABLE,NOT_APPLICABLE,KNOWN,KNOWN,NOT_APPLICABLE,KNOWN,KNOWN,KNOWN,KNOWN,KNOWN,KNOWN,KNOWN
f0d5cc7a6c9b30f6f232856b70010a25dadae1686c1f0a146a179f2209d24641,H1,KNOWN,NOT_APPLICABLE,KNOWN,KNOWN,KNOWN,KNOWN,NOT_APPLICABLE,KNOWN,KNOWN,KNOWN,KNOWN,KNOWN,KNOWN,KNOWN
f0d5cc7a6c9b30f6f232856b70010a25dadae1686c1f0a146a179f2209d24641,H2,KNOWN,NOT_APPLICABLE,NOT_APPLICABLE,KNOWN,KNOWN,KNOWN,NOT_APPLICABLE,KNOWN,KNOWN,KNOWN,KNOWN,KNOWN,KNOWN,KNOWN
f0d5cc7a6c9b30f6f232856b70010a25dadae1686c1f0a146a179f2209d24641,H3,KNOWN,NOT_APPLICABLE,NOT_APPLICABLE,KNOWN,KNOWN,KNOWN,NOT_APPLICABLE,KNOWN,KNOWN,KNOWN,KNOWN,KNOWN,KNOWN,KNOWN
f0d5cc7a6c9b30f6f232856b70010a25dadae1686c1f0a146a179f2209d24641,H4,KNOWN,KNOWN,NOT_APPLICABLE,KNOWN,KNOWN,KNOWN,KNOWN,KNOWN,KNOWN,KNOWN,KNOWN,KNOWN,KNOWN,KNOWN
f1fcb363f1117d7452505ae334f87fe70b6acee470a6f796c6441aabda4db061,H0,KNOWN,NOT_APPLICABLE,NOT_APPLICABLE,NOT_APPLICABLE,KNOWN,KNOWN,NOT_APPLICABLE,KNOWN,KNOWN,KNOWN,KNOWN,KNOWN,KNOWN,KNOWN
f1fcb363f1117d7452505ae334f87fe70b6acee470a6f796c6441aabda4db061,H1,KNOWN,NOT_APPLICABLE,KNOWN,KNOWN,KNOWN,KNOWN,NOT_APPLICABLE,KNOWN,KNOWN,KNOWN,KNOWN,KNOWN,KNOWN,KNOWN
f1fcb363f1117d7452505ae334f87fe70b6acee470a6f796c6441aabda4db061,H2,KNOWN,NOT_APPLICABLE,NOT_APPLICABLE,KNOWN,KNOWN,KNOWN,NOT_APPLICABLE,KNOWN,KNOWN,KNOWN,KNOWN,KNOWN,KNOWN,KNOWN
f1fcb363f1117d7452505ae334f87fe70b6acee470a6f796c6441aabda4db061,H3,KNOWN,NOT_APPLICABLE,NOT_APPLICABLE,KNOWN,KNOWN,KNOWN,NOT_APPLICABLE,KNOWN,KNOWN,KNOWN,KNOWN,KNOWN,KNOWN,KNOWN
f1fcb363f1117d7452505ae334f87fe70b6acee470a6f796c6441aabda4db061,H4,KNOWN,KNOWN,NOT_APPLICABLE,KNOWN,KNOWN,KNOWN,KNOWN,KNOWN,KNOWN,KNOWN,KNOWN,KNOWN,KNOWN,KNOWN
f2a00553931d7e619d072d03abfb651dca5066cb32356f2d8aa4b45588138914,H0,KNOWN,NOT_APPLICABLE,NOT_APPLICABLE,NOT_APPLICABLE,KNOWN,KNOWN,NOT_APPLICABLE,KNOWN,KNOWN,KNOWN,KNOWN,KNOWN,KNOWN,KNOWN
f2a00553931d7e619d072d03abfb651dca5066cb32356f2d8aa4b45588138914,H1,KNOWN,NOT_APPLICABLE,KNOWN,KNOWN,KNOWN,KNOWN,NOT_APPLICABLE,KNOWN,KNOWN,KNOWN,KNOWN,KNOWN,KNOWN,KNOWN
f2a00553931d7e619d072d03abfb651dca5066cb32356f2d8aa4b45588138914,H2,KNOWN,NOT_APPLICABLE,NOT_APPLICABLE,KNOWN,KNOWN,KNOWN,NOT_APPLICABLE,KNOWN,KNOWN,KNOWN,KNOWN,KNOWN,KNOWN,KNOWN
f2a00553931d7e619d072d03abfb651dca5066cb32356f2d8aa4b45588138914,H3,KNOWN,NOT_APPLICABLE,NOT_APPLICABLE,KNOWN,KNOWN,KNOWN,NOT_APPLICABLE,KNOWN,KNOWN,KNOWN,KNOWN,KNOWN,KNOWN,KNOWN
f2a00553931d7e619d072d03abfb651dca5066cb32356f2d8aa4b45588138914,H4,KNOWN,KNOWN,NOT_APPLICABLE,KNOWN,KNOWN,KNOWN,KNOWN,KNOWN,KNOWN,KNOWN,KNOWN,KNOWN,KNOWN,KNOWN
f35697d63e9e81b6db079b5f049375cde501fba71cac49b2e7e0655d6820b828,H0,KNOWN,NOT_APPLICABLE,NOT_APPLICABLE,NOT_APPLICABLE,KNOWN,KNOWN,NOT_APPLICABLE,KNOWN,KNOWN,KNOWN,KNOWN,KNOWN,KNOWN,KNOWN
f35697d63e9e81b6db079b5f049375cde501fba71cac49b2e7e0655d6820b828,H1,KNOWN,NOT_APPLICABLE,KNOWN,KNOWN,KNOWN,KNOWN,NOT_APPLICABLE,KNOWN,KNOWN,KNOWN,KNOWN,KNOWN,KNOWN,KNOWN
f35697d63e9e81b6db079b5f049375cde501fba71cac49b2e7e0655d6820b828,H2,KNOWN,NOT_APPLICABLE,NOT_APPLICABLE,KNOWN,KNOWN,KNOWN,NOT_APPLICABLE,KNOWN,KNOWN,KNOWN,KNOWN,KNOWN,KNOWN,KNOWN
f35697d63e9e81b6db079b5f049375cde501fba71cac49b2e7e0655d6820b828,H3,KNOWN,NOT_APPLICABLE,NOT_APPLICABLE,KNOWN,KNOWN,KNOWN,NOT_APPLICABLE,KNOWN,KNOWN,KNOWN,KNOWN,KNOWN,KNOWN,KNOWN
f35697d63e9e81b6db079b5f049375cde501fba71cac49b2e7e0655d6820b828,H4,KNOWN,KNOWN,NOT_APPLICABLE,KNOWN,KNOWN,KNOWN,KNOWN,KNOWN,KNOWN,KNOWN,KNOWN,KNOWN,KNOWN,KNOWN
f42d70c0faaec9d7d28fe545cd6be15a1093f3f326a3404b5900c7a6228a1bc1,H0,KNOWN,NOT_APPLICABLE,NOT_APPLICABLE,NOT_APPLICABLE,KNOWN,KNOWN,NOT_APPLICABLE,KNOWN,KNOWN,KNOWN,KNOWN,KNOWN,KNOWN,KNOWN
f42d70c0faaec9d7d28fe545cd6be15a1093f3f326a3404b5900c7a6228a1bc1,H1,KNOWN,NOT_APPLICABLE,KNOWN,KNOWN,KNOWN,KNOWN,NOT_APPLICABLE,KNOWN,KNOWN,KNOWN,KNOWN,KNOWN,KNOWN,KNOWN
f42d70c0faaec9d7d28fe545cd6be15a1093f3f326a3404b5900c7a6228a1bc1,H2,KNOWN,NOT_APPLICABLE,NOT_APPLICABLE,KNOWN,KNOWN,KNOWN,NOT_APPLICABLE,KNOWN,KNOWN,KNOWN,KNOWN,KNOWN,KNOWN,KNOWN
f42d70c0faaec9d7d28fe545cd6be15a1093f3f326a3404b5900c7a6228a1bc1,H3,KNOWN,NOT_APPLICABLE,NOT_APPLICABLE,KNOWN,KNOWN,KNOWN,NOT_APPLICABLE,KNOWN,KNOWN,KNOWN,KNOWN,KNOWN,KNOWN,KNOWN
f42d70c0faaec9d7d28fe545cd6be15a1093f3f326a3404b5900c7a6228a1bc1,H4,KNOWN,KNOWN,NOT_APPLICABLE,KNOWN,KNOWN,KNOWN,KNOWN,KNOWN,KNOWN,KNOWN,KNOWN,KNOWN,KNOWN,KNOWN
f4c37ff99f209df6496dfe5b3ea465531421dddd2d74ebb719ccf370b4030bd4,H0,KNOWN,NOT_APPLICABLE,NOT_APPLICABLE,NOT_APPLICABLE,KNOWN,KNOWN,NOT_APPLICABLE,KNOWN,KNOWN,KNOWN,KNOWN,KNOWN,KNOWN,KNOWN
f4c37ff99f209df6496dfe5b3ea465531421dddd2d74ebb719ccf370b4030bd4,H1,KNOWN,NOT_APPLICABLE,KNOWN,KNOWN,KNOWN,KNOWN,NOT_APPLICABLE,KNOWN,KNOWN,KNOWN,KNOWN,KNOWN,KNOWN,KNOWN
f4c37ff99f209df6496dfe5b3ea465531421dddd2d74ebb719ccf370b4030bd4,H2,KNOWN,NOT_APPLICABLE,NOT_APPLICABLE,KNOWN,KNOWN,KNOWN,NOT_APPLICABLE,KNOWN,KNOWN,KNOWN,KNOWN,KNOWN,KNOWN,KNOWN
f4c37ff99f209df6496dfe5b3ea465531421dddd2d74ebb719ccf370b4030bd4,H3,KNOWN,NOT_APPLICABLE,NOT_APPLICABLE,KNOWN,KNOWN,KNOWN,NOT_APPLICABLE,KNOWN,KNOWN,KNOWN,KNOWN,KNOWN,KNOWN,KNOWN
f4c37ff99f209df6496dfe5b3ea465531421dddd2d74ebb719ccf370b4030bd4,H4,KNOWN,KNOWN,NOT_APPLICABLE,KNOWN,KNOWN,KNOWN,KNOWN,KNOWN,KNOWN,KNOWN,KNOWN,KNOWN,KNOWN,KNOWN
f5f292a1f9a76c68c51cdedc2639a84f1be63cd22f557203a9363e0fd00d0913,H0,KNOWN,NOT_APPLICABLE,NOT_APPLICABLE,NOT_APPLICABLE,KNOWN,KNOWN,NOT_APPLICABLE,KNOWN,KNOWN,KNOWN,KNOWN,KNOWN,KNOWN,KNOWN
f5f292a1f9a76c68c51cdedc2639a84f1be63cd22f557203a9363e0fd00d0913,H1,KNOWN,NOT_APPLICABLE,KNOWN,KNOWN,KNOWN,KNOWN,NOT_APPLICABLE,KNOWN,KNOWN,KNOWN,KNOWN,KNOWN,KNOWN,KNOWN
f5f292a1f9a76c68c51cdedc2639a84f1be63cd22f557203a9363e0fd00d0913,H2,KNOWN,NOT_APPLICABLE,NOT_APPLICABLE,KNOWN,KNOWN,KNOWN,NOT_APPLICABLE,KNOWN,KNOWN,KNOWN,KNOWN,KNOWN,KNOWN,KNOWN
f5f292a1f9a76c68c51cdedc2639a84f1be63cd22f557203a9363e0fd00d0913,H3,KNOWN,NOT_APPLICABLE,NOT_APPLICABLE,KNOWN,KNOWN,KNOWN,NOT_APPLICABLE,KNOWN,KNOWN,KNOWN,KNOWN,KNOWN,KNOWN,KNOWN
f5f292a1f9a76c68c51cdedc2639a84f1be63cd22f557203a9363e0fd00d0913,H4,KNOWN,KNOWN,NOT_APPLICABLE,KNOWN,KNOWN,KNOWN,KNOWN,KNOWN,KNOWN,KNOWN,KNOWN,KNOWN,KNOWN,KNOWN
f61bfc495b6b4fb15fa7c8e4b239846ad8b1bdd28eed516ad6b3fd70ba992869,H0,KNOWN,NOT_APPLICABLE,NOT_APPLICABLE,NOT_APPLICABLE,KNOWN,KNOWN,NOT_APPLICABLE,KNOWN,KNOWN,KNOWN,KNOWN,KNOWN,KNOWN,KNOWN
f61bfc495b6b4fb15fa7c8e4b239846ad8b1bdd28eed516ad6b3fd70ba992869,H1,KNOWN,NOT_APPLICABLE,KNOWN,KNOWN,KNOWN,KNOWN,NOT_APPLICABLE,KNOWN,KNOWN,KNOWN,KNOWN,KNOWN,KNOWN,KNOWN
f61bfc495b6b4fb15fa7c8e4b239846ad8b1bdd28eed516ad6b3fd70ba992869,H2,KNOWN,NOT_APPLICABLE,NOT_APPLICABLE,KNOWN,KNOWN,KNOWN,NOT_APPLICABLE,KNOWN,KNOWN,KNOWN,KNOWN,KNOWN,KNOWN,KNOWN
f61bfc495b6b4fb15fa7c8e4b239846ad8b1bdd28eed516ad6b3fd70ba992869,H3,KNOWN,NOT_APPLICABLE,NOT_APPLICABLE,KNOWN,KNOWN,KNOWN,NOT_APPLICABLE,KNOWN,KNOWN,KNOWN,KNOWN,KNOWN,KNOWN,KNOWN
f61bfc495b6b4fb15fa7c8e4b239846ad8b1bdd28eed516ad6b3fd70ba992869,H4,KNOWN,KNOWN,NOT_APPLICABLE,KNOWN,KNOWN,KNOWN,KNOWN,KNOWN,KNOWN,KNOWN,KNOWN,KNOWN,KNOWN,KNOWN
f6b7ad8fdd3ca0cc04fc726f7145dec7a841e96ec70a46b83ac199e0ae171bca,H0,KNOWN,NOT_APPLICABLE,NOT_APPLICABLE,NOT_APPLICABLE,KNOWN,KNOWN,NOT_APPLICABLE,KNOWN,KNOWN,KNOWN,KNOWN,KNOWN,KNOWN,KNOWN
f6b7ad8fdd3ca0cc04fc726f7145dec7a841e96ec70a46b83ac199e0ae171bca,H1,KNOWN,NOT_APPLICABLE,KNOWN,KNOWN,KNOWN,KNOWN,NOT_APPLICABLE,KNOWN,KNOWN,KNOWN,KNOWN,KNOWN,KNOWN,KNOWN
f6b7ad8fdd3ca0cc04fc726f7145dec7a841e96ec70a46b83ac199e0ae171bca,H2,KNOWN,NOT_APPLICABLE,NOT_APPLICABLE,KNOWN,KNOWN,KNOWN,NOT_APPLICABLE,KNOWN,KNOWN,KNOWN,KNOWN,KNOWN,KNOWN,KNOWN
f6b7ad8fdd3ca0cc04fc726f7145dec7a841e96ec70a46b83ac199e0ae171bca,H3,KNOWN,NOT_APPLICABLE,NOT_APPLICABLE,KNOWN,KNOWN,KNOWN,NOT_APPLICABLE,KNOWN,KNOWN,KNOWN,KNOWN,KNOWN,KNOWN,KNOWN
f6b7ad8fdd3ca0cc04fc726f7145dec7a841e96ec70a46b83ac199e0ae171bca,H4,KNOWN,KNOWN,NOT_APPLICABLE,KNOWN,KNOWN,KNOWN,KNOWN,KNOWN,KNOWN,KNOWN,KNOWN,KNOWN,KNOWN,KNOWN
f7cd16240695e8403d969ea60241e214bf24a935c1f3784e1b6151ee17dc2754,H0,KNOWN,NOT_APPLICABLE,NOT_APPLICABLE,NOT_APPLICABLE,KNOWN,KNOWN,NOT_APPLICABLE,KNOWN,KNOWN,KNOWN,KNOWN,KNOWN,KNOWN,KNOWN
f7cd16240695e8403d969ea60241e214bf24a935c1f3784e1b6151ee17dc2754,H1,KNOWN,NOT_APPLICABLE,KNOWN,KNOWN,KNOWN,KNOWN,NOT_APPLICABLE,KNOWN,KNOWN,KNOWN,KNOWN,KNOWN,KNOWN,KNOWN
f7cd16240695e8403d969ea60241e214bf24a935c1f3784e1b6151ee17dc2754,H2,KNOWN,NOT_APPLICABLE,NOT_APPLICABLE,KNOWN,KNOWN,KNOWN,NOT_APPLICABLE,KNOWN,KNOWN,KNOWN,KNOWN,KNOWN,KNOWN,KNOWN
f7cd16240695e8403d969ea60241e214bf24a935c1f3784e1b6151ee17dc2754,H3,KNOWN,NOT_APPLICABLE,NOT_APPLICABLE,KNOWN,KNOWN,KNOWN,NOT_APPLICABLE,KNOWN,KNOWN,KNOWN,KNOWN,KNOWN,KNOWN,KNOWN
f7cd16240695e8403d969ea60241e214bf24a935c1f3784e1b6151ee17dc2754,H4,KNOWN,KNOWN,NOT_APPLICABLE,KNOWN,KNOWN,KNOWN,KNOWN,KNOWN,KNOWN,KNOWN,KNOWN,KNOWN,KNOWN,KNOWN
f8fec1d2fddf3830f2f6c9049be9a50487418fe217e6a872dc38727c29aa9b15,H0,KNOWN,NOT_APPLICABLE,NOT_APPLICABLE,NOT_APPLICABLE,KNOWN,KNOWN,NOT_APPLICABLE,KNOWN,KNOWN,KNOWN,KNOWN,KNOWN,KNOWN,KNOWN
f8fec1d2fddf3830f2f6c9049be9a50487418fe217e6a872dc38727c29aa9b15,H1,KNOWN,NOT_APPLICABLE,KNOWN,KNOWN,KNOWN,KNOWN,NOT_APPLICABLE,KNOWN,KNOWN,KNOWN,KNOWN,KNOWN,KNOWN,KNOWN
f8fec1d2fddf3830f2f6c9049be9a50487418fe217e6a872dc38727c29aa9b15,H2,KNOWN,NOT_APPLICABLE,NOT_APPLICABLE,KNOWN,KNOWN,KNOWN,NOT_APPLICABLE,KNOWN,KNOWN,KNOWN,KNOWN,KNOWN,KNOWN,KNOWN
f8fec1d2fddf3830f2f6c9049be9a50487418fe217e6a872dc38727c29aa9b15,H3,KNOWN,NOT_APPLICABLE,NOT_APPLICABLE,KNOWN,KNOWN,KNOWN,NOT_APPLICABLE,KNOWN,KNOWN,KNOWN,KNOWN,KNOWN,KNOWN,KNOWN
f8fec1d2fddf3830f2f6c9049be9a50487418fe217e6a872dc38727c29aa9b15,H4,KNOWN,KNOWN,NOT_APPLICABLE,KNOWN,KNOWN,KNOWN,KNOWN,KNOWN,KNOWN,KNOWN,KNOWN,KNOWN,KNOWN,KNOWN
f94643fb6b680558517d775cc28fd2a02d3bf654111425b839bbf95a08d7f29f,H0,KNOWN,NOT_APPLICABLE,NOT_APPLICABLE,NOT_APPLICABLE,KNOWN,KNOWN,NOT_APPLICABLE,KNOWN,KNOWN,KNOWN,KNOWN,KNOWN,KNOWN,KNOWN
f94643fb6b680558517d775cc28fd2a02d3bf654111425b839bbf95a08d7f29f,H1,KNOWN,NOT_APPLICABLE,KNOWN,KNOWN,KNOWN,KNOWN,NOT_APPLICABLE,KNOWN,KNOWN,KNOWN,KNOWN,KNOWN,KNOWN,KNOWN
f94643fb6b680558517d775cc28fd2a02d3bf654111425b839bbf95a08d7f29f,H2,KNOWN,NOT_APPLICABLE,NOT_APPLICABLE,KNOWN,KNOWN,KNOWN,NOT_APPLICABLE,KNOWN,KNOWN,KNOWN,KNOWN,KNOWN,KNOWN,KNOWN
f94643fb6b680558517d775cc28fd2a02d3bf654111425b839bbf95a08d7f29f,H3,KNOWN,NOT_APPLICABLE,NOT_APPLICABLE,KNOWN,KNOWN,KNOWN,NOT_APPLICABLE,KNOWN,KNOWN,KNOWN,KNOWN,KNOWN,KNOWN,KNOWN
f94643fb6b680558517d775cc28fd2a02d3bf654111425b839bbf95a08d7f29f,H4,KNOWN,KNOWN,NOT_APPLICABLE,KNOWN,KNOWN,KNOWN,KNOWN,KNOWN,KNOWN,KNOWN,KNOWN,KNOWN,KNOWN,KNOWN
f9d9853e5d1a86bd3f5789e51df999bcd31b2ca5d74e70a72c4b106ba06725a7,H0,KNOWN,NOT_APPLICABLE,NOT_APPLICABLE,NOT_APPLICABLE,KNOWN,KNOWN,NOT_APPLICABLE,KNOWN,KNOWN,KNOWN,KNOWN,KNOWN,KNOWN,KNOWN
f9d9853e5d1a86bd3f5789e51df999bcd31b2ca5d74e70a72c4b106ba06725a7,H1,KNOWN,NOT_APPLICABLE,KNOWN,KNOWN,KNOWN,KNOWN,NOT_APPLICABLE,KNOWN,KNOWN,KNOWN,KNOWN,KNOWN,KNOWN,KNOWN
f9d9853e5d1a86bd3f5789e51df999bcd31b2ca5d74e70a72c4b106ba06725a7,H2,KNOWN,NOT_APPLICABLE,NOT_APPLICABLE,KNOWN,KNOWN,KNOWN,NOT_APPLICABLE,KNOWN,KNOWN,KNOWN,KNOWN,KNOWN,KNOWN,KNOWN
f9d9853e5d1a86bd3f5789e51df999bcd31b2ca5d74e70a72c4b106ba06725a7,H3,KNOWN,NOT_APPLICABLE,NOT_APPLICABLE,KNOWN,KNOWN,KNOWN,NOT_APPLICABLE,KNOWN,KNOWN,KNOWN,KNOWN,KNOWN,KNOWN,KNOWN
f9d9853e5d1a86bd3f5789e51df999bcd31b2ca5d74e70a72c4b106ba06725a7,H4,KNOWN,KNOWN,NOT_APPLICABLE,KNOWN,KNOWN,KNOWN,KNOWN,KNOWN,KNOWN,KNOWN,KNOWN,KNOWN,KNOWN,KNOWN
f9e1f690f48c3253326fce967a3f7d87361266afd3942d96d5d78dd2b3c25ad4,H0,KNOWN,NOT_APPLICABLE,NOT_APPLICABLE,NOT_APPLICABLE,KNOWN,KNOWN,NOT_APPLICABLE,KNOWN,KNOWN,KNOWN,KNOWN,KNOWN,KNOWN,KNOWN
f9e1f690f48c3253326fce967a3f7d87361266afd3942d96d5d78dd2b3c25ad4,H1,KNOWN,NOT_APPLICABLE,KNOWN,KNOWN,KNOWN,KNOWN,NOT_APPLICABLE,KNOWN,KNOWN,KNOWN,KNOWN,KNOWN,KNOWN,KNOWN
f9e1f690f48c3253326fce967a3f7d87361266afd3942d96d5d78dd2b3c25ad4,H2,KNOWN,NOT_APPLICABLE,NOT_APPLICABLE,KNOWN,KNOWN,KNOWN,NOT_APPLICABLE,KNOWN,KNOWN,KNOWN,KNOWN,KNOWN,KNOWN,KNOWN
f9e1f690f48c3253326fce967a3f7d87361266afd3942d96d5d78dd2b3c25ad4,H3,KNOWN,NOT_APPLICABLE,NOT_APPLICABLE,KNOWN,KNOWN,KNOWN,NOT_APPLICABLE,KNOWN,KNOWN,KNOWN,KNOWN,KNOWN,KNOWN,KNOWN
f9e1f690f48c3253326fce967a3f7d87361266afd3942d96d5d78dd2b3c25ad4,H4,KNOWN,KNOWN,NOT_APPLICABLE,KNOWN,KNOWN,KNOWN,KNOWN,KNOWN,KNOWN,KNOWN,KNOWN,KNOWN,KNOWN,KNOWN
f9f9788384837350748b55e9fdf2f0827975bb37f45b75ffab7fa0ff4e86486b,H0,KNOWN,NOT_APPLICABLE,NOT_APPLICABLE,NOT_APPLICABLE,KNOWN,KNOWN,NOT_APPLICABLE,KNOWN,KNOWN,KNOWN,KNOWN,KNOWN,KNOWN,KNOWN
f9f9788384837350748b55e9fdf2f0827975bb37f45b75ffab7fa0ff4e86486b,H1,KNOWN,NOT_APPLICABLE,KNOWN,KNOWN,KNOWN,KNOWN,NOT_APPLICABLE,KNOWN,KNOWN,KNOWN,KNOWN,KNOWN,KNOWN,KNOWN
f9f9788384837350748b55e9fdf2f0827975bb37f45b75ffab7fa0ff4e86486b,H2,KNOWN,NOT_APPLICABLE,NOT_APPLICABLE,KNOWN,KNOWN,KNOWN,NOT_APPLICABLE,KNOWN,KNOWN,KNOWN,KNOWN,KNOWN,KNOWN,KNOWN
f9f9788384837350748b55e9fdf2f0827975bb37f45b75ffab7fa0ff4e86486b,H3,KNOWN,NOT_APPLICABLE,NOT_APPLICABLE,KNOWN,KNOWN,KNOWN,NOT_APPLICABLE,KNOWN,KNOWN,KNOWN,KNOWN,KNOWN,KNOWN,KNOWN
f9f9788384837350748b55e9fdf2f0827975bb37f45b75ffab7fa0ff4e86486b,H4,KNOWN,KNOWN,NOT_APPLICABLE,KNOWN,KNOWN,KNOWN,KNOWN,KNOWN,KNOWN,KNOWN,KNOWN,KNOWN,KNOWN,KNOWN
fbf54e62646d4a938dfe09bfa1e7afb91cb32873f150d37c68bcb9e6b1187127,H0,KNOWN,NOT_APPLICABLE,NOT_APPLICABLE,NOT_APPLICABLE,KNOWN,KNOWN,NOT_APPLICABLE,KNOWN,KNOWN,KNOWN,KNOWN,KNOWN,KNOWN,KNOWN
fbf54e62646d4a938dfe09bfa1e7afb91cb32873f150d37c68bcb9e6b1187127,H1,KNOWN,NOT_APPLICABLE,KNOWN,KNOWN,KNOWN,KNOWN,NOT_APPLICABLE,KNOWN,KNOWN,KNOWN,KNOWN,KNOWN,KNOWN,KNOWN
fbf54e62646d4a938dfe09bfa1e7afb91cb32873f150d37c68bcb9e6b1187127,H2,KNOWN,NOT_APPLICABLE,NOT_APPLICABLE,KNOWN,KNOWN,KNOWN,NOT_APPLICABLE,KNOWN,KNOWN,KNOWN,KNOWN,KNOWN,KNOWN,KNOWN
fbf54e62646d4a938dfe09bfa1e7afb91cb32873f150d37c68bcb9e6b1187127,H3,KNOWN,NOT_APPLICABLE,NOT_APPLICABLE,KNOWN,KNOWN,KNOWN,NOT_APPLICABLE,KNOWN,KNOWN,KNOWN,KNOWN,KNOWN,KNOWN,KNOWN
fbf54e62646d4a938dfe09bfa1e7afb91cb32873f150d37c68bcb9e6b1187127,H4,KNOWN,KNOWN,NOT_APPLICABLE,KNOWN,KNOWN,KNOWN,KNOWN,KNOWN,KNOWN,KNOWN,KNOWN,KNOWN,KNOWN,KNOWN
fdf78a5668533a2b09c7c6e670e8f260bc76ada0943d921ec6078a76363c562e,H0,KNOWN,NOT_APPLICABLE,NOT_APPLICABLE,NOT_APPLICABLE,KNOWN,KNOWN,NOT_APPLICABLE,KNOWN,KNOWN,KNOWN,KNOWN,KNOWN,KNOWN,KNOWN
fdf78a5668533a2b09c7c6e670e8f260bc76ada0943d921ec6078a76363c562e,H1,KNOWN,NOT_APPLICABLE,KNOWN,KNOWN,KNOWN,KNOWN,NOT_APPLICABLE,KNOWN,KNOWN,KNOWN,KNOWN,KNOWN,KNOWN,KNOWN
fdf78a5668533a2b09c7c6e670e8f260bc76ada0943d921ec6078a76363c562e,H2,KNOWN,NOT_APPLICABLE,NOT_APPLICABLE,KNOWN,KNOWN,KNOWN,NOT_APPLICABLE,KNOWN,KNOWN,KNOWN,KNOWN,KNOWN,KNOWN,KNOWN
fdf78a5668533a2b09c7c6e670e8f260bc76ada0943d921ec6078a76363c562e,H3,KNOWN,NOT_APPLICABLE,NOT_APPLICABLE,KNOWN,KNOWN,KNOWN,NOT_APPLICABLE,KNOWN,KNOWN,KNOWN,KNOWN,KNOWN,KNOWN,KNOWN
fdf78a5668533a2b09c7c6e670e8f260bc76ada0943d921ec6078a76363c562e,H4,KNOWN,KNOWN,NOT_APPLICABLE,KNOWN,KNOWN,KNOWN,KNOWN,KNOWN,KNOWN,KNOWN,KNOWN,KNOWN,KNOWN,KNOWN
fe26ea0f547ee5341ee2a774c4626d40cff403f978f0eecd4885426a95dd9e4f,H0,KNOWN,NOT_APPLICABLE,NOT_APPLICABLE,NOT_APPLICABLE,KNOWN,KNOWN,NOT_APPLICABLE,KNOWN,KNOWN,KNOWN,KNOWN,KNOWN,KNOWN,KNOWN
fe26ea0f547ee5341ee2a774c4626d40cff403f978f0eecd4885426a95dd9e4f,H1,KNOWN,NOT_APPLICABLE,KNOWN,KNOWN,KNOWN,KNOWN,NOT_APPLICABLE,KNOWN,KNOWN,KNOWN,KNOWN,KNOWN,KNOWN,KNOWN
fe26ea0f547ee5341ee2a774c4626d40cff403f978f0eecd4885426a95dd9e4f,H2,KNOWN,NOT_APPLICABLE,NOT_APPLICABLE,KNOWN,KNOWN,KNOWN,NOT_APPLICABLE,KNOWN,KNOWN,KNOWN,KNOWN,KNOWN,KNOWN,KNOWN
fe26ea0f547ee5341ee2a774c4626d40cff403f978f0eecd4885426a95dd9e4f,H3,KNOWN,NOT_APPLICABLE,NOT_APPLICABLE,KNOWN,KNOWN,KNOWN,NOT_APPLICABLE,KNOWN,KNOWN,KNOWN,KNOWN,KNOWN,KNOWN,KNOWN
fe26ea0f547ee5341ee2a774c4626d40cff403f978f0eecd4885426a95dd9e4f,H4,KNOWN,KNOWN,NOT_APPLICABLE,KNOWN,KNOWN,KNOWN,KNOWN,KNOWN,KNOWN,KNOWN,KNOWN,KNOWN,KNOWN,KNOWN
fea305d72dbbeee48fdea65ea9893a4889602407d2c96d9baf476141ba785ac3,H0,KNOWN,NOT_APPLICABLE,NOT_APPLICABLE,NOT_APPLICABLE,KNOWN,KNOWN,NOT_APPLICABLE,KNOWN,KNOWN,KNOWN,KNOWN,KNOWN,KNOWN,KNOWN
fea305d72dbbeee48fdea65ea9893a4889602407d2c96d9baf476141ba785ac3,H1,KNOWN,NOT_APPLICABLE,KNOWN,KNOWN,KNOWN,KNOWN,NOT_APPLICABLE,KNOWN,KNOWN,KNOWN,KNOWN,KNOWN,KNOWN,KNOWN
fea305d72dbbeee48fdea65ea9893a4889602407d2c96d9baf476141ba785ac3,H2,KNOWN,NOT_APPLICABLE,NOT_APPLICABLE,KNOWN,KNOWN,KNOWN,NOT_APPLICABLE,KNOWN,KNOWN,KNOWN,KNOWN,KNOWN,KNOWN,KNOWN
fea305d72dbbeee48fdea65ea9893a4889602407d2c96d9baf476141ba785ac3,H3,KNOWN,NOT_APPLICABLE,NOT_APPLICABLE,KNOWN,KNOWN,KNOWN,NOT_APPLICABLE,KNOWN,KNOWN,KNOWN,KNOWN,KNOWN,KNOWN,KNOWN
fea305d72dbbeee48fdea65ea9893a4889602407d2c96d9baf476141ba785ac3,H4,KNOWN,KNOWN,NOT_APPLICABLE,KNOWN,KNOWN,KNOWN,KNOWN,KNOWN,KNOWN,KNOWN,KNOWN,KNOWN,KNOWN,KNOWN
ff3e4698ee092736a6520cc9f85bfd5e49a7552f008673c7abaad578d7054728,H0,KNOWN,NOT_APPLICABLE,NOT_APPLICABLE,NOT_APPLICABLE,KNOWN,KNOWN,NOT_APPLICABLE,KNOWN,KNOWN,KNOWN,KNOWN,KNOWN,KNOWN,KNOWN
ff3e4698ee092736a6520cc9f85bfd5e49a7552f008673c7abaad578d7054728,H1,KNOWN,NOT_APPLICABLE,KNOWN,KNOWN,KNOWN,KNOWN,NOT_APPLICABLE,KNOWN,KNOWN,KNOWN,KNOWN,KNOWN,KNOWN,KNOWN
ff3e4698ee092736a6520cc9f85bfd5e49a7552f008673c7abaad578d7054728,H2,KNOWN,NOT_APPLICABLE,NOT_APPLICABLE,KNOWN,KNOWN,KNOWN,NOT_APPLICABLE,KNOWN,KNOWN,KNOWN,KNOWN,KNOWN,KNOWN,KNOWN
ff3e4698ee092736a6520cc9f85bfd5e49a7552f008673c7abaad578d7054728,H3,KNOWN,NOT_APPLICABLE,NOT_APPLICABLE,KNOWN,KNOWN,KNOWN,NOT_APPLICABLE,KNOWN,KNOWN,KNOWN,KNOWN,KNOWN,KNOWN,KNOWN
ff3e4698ee092736a6520cc9f85bfd5e49a7552f008673c7abaad578d7054728,H4,KNOWN,KNOWN,NOT_APPLICABLE,KNOWN,KNOWN,KNOWN,KNOWN,KNOWN,KNOWN,KNOWN,KNOWN,KNOWN,KNOWN,KNOWN
