case_id,horse,sessions,session0_p50_ns,session0_p95_ns,session1_p50_ns,session1_p95_ns,session2_p50_ns,session2_p95_ns,case_estimate_p50_ns,h0_relative_speedup_geomean,session_p50_max_over_min
00325fdc3e96c867447d0bfa2eb4777e0aa798dea247677a4c957251e5e12b40,H0,"s0,s1,s2",27224,31122,27164,27663,28342,30848,27224,1.000000,
00325fdc3e96c867447d0bfa2eb4777e0aa798dea247677a4c957251e5e12b40,H1,"s0,s1,s2",8694,9060,8623,8736,9197,9551,8694,3.120930,
00325fdc3e96c867447d0bfa2eb4777e0aa798dea247677a4c957251e5e12b40,H2,"s0,s1,s2",12573,13072,12649,12952,12646,17591,12646,2.184285,
00325fdc3e96c867447d0bfa2eb4777e0aa798dea247677a4c957251e5e12b40,H3,"s0,s1,s2",11573,12159,10428,10725,10637,11140,10637,2.536900,
00325fdc3e96c867447d0bfa2eb4777e0aa798dea247677a4c957251e5e12b40,H4,"s0,s1,s2",6101,6413,5506,5734,5535,6114,5535,4.830667,
004c93223d1a1ec38d037745dd691f9e0b9269a75c37f8c08a3faac7a5b2fd3f,H0,"s0,s1,s2",22006,22635,22355,27240,22849,23520,22355,1.000000,
004c93223d1a1ec38d037745dd691f9e0b9269a75c37f8c08a3faac7a5b2fd3f,H1,"s0,s1,s2",33663,34352,33561,35088,34052,35585,33663,0.663566,
004c93223d1a1ec38d037745dd691f9e0b9269a75c37f8c08a3faac7a5b2fd3f,H2,"s0,s1,s2",8725,9482,8685,9746,8764,9443,8725,2.567528,
004c93223d1a1ec38d037745dd691f9e0b9269a75c37f8c08a3faac7a5b2fd3f,H3,"s0,s1,s2",7821,8393,7698,7967,7828,13952,7821,2.878485,
004c93223d1a1ec38d037745dd691f9e0b9269a75c37f8c08a3faac7a5b2fd3f,H4,"s0,s1,s2",4187,4450,4287,4644,4257,4883,4257,5.278870,
0050888633c2c9116ff46d4de81522620c3bf3d8eb0215c88d6d7ffb64c75e70,H0,"s0,s1,s2",27320,32387,27397,27911,28590,33109,27397,1.000000,
0050888633c2c9116ff46d4de81522620c3bf3d8eb0215c88d6d7ffb64c75e70,H1,"s0,s1,s2",12389,12917,12426,12748,12658,18822,12426,2.222739,
0050888633c2c9116ff46d4de81522620c3bf3d8eb0215c88d6d7ffb64c75e70,H2,"s0,s1,s2",13440,13842,13474,14328,13755,16212,13474,2.048081,
0050888633c2c9116ff46d4de81522620c3bf3d8eb0215c88d6d7ffb64c75e70,H3,"s0,s1,s2",11341,12039,11400,11744,11340,12377,11341,2.443859,
0050888633c2c9116ff46d4de81522620c3bf3d8eb0215c88d6d7ffb64c75e70,H4,"s0,s1,s2",6318,6677,6128,6395,6255,7128,6255,4.454074,
00c46bccddf623dc7420f8d4b69831eea4f76d2c7373d00f11578e89c6731032,H0,"s0,s1,s2",22233,22736,22026,22774,22952,27208,22233,1.000000,
00c46bccddf623dc7420f8d4b69831eea4f76d2c7373d00f11578e89c6731032,H1,"s0,s1,s2",35039,36020,35087,35837,35859,40542,35087,0.634093,
00c46bccddf623dc7420f8d4b69831eea4f76d2c7373d00f11578e89c6731032,H2,"s0,s1,s2",31989,33048,31884,33290,32365,35508,31989,0.698289,
00c46bccddf623dc7420f8d4b69831eea4f76d2c7373d00f11578e89c6731032,H3,"s0,s1,s2",31992,36299,31772,32413,32202,33532,31992,0.700264,
00c46bccddf623dc7420f8d4b69831eea4f76d2c7373d00f11578e89c6731032,H4,"s0,s1,s2",38748,40317,38910,40408,39514,41763,38910,0.573541,
01402ba2e8697500c9a05c8370182d8fdd28a1c6950769eeb3a3ea95e2ca3785,H0,"s0,s1,s2",11402,11766,11470,11940,11687,12351,11470,1.000000,
01402ba2e8697500c9a05c8370182d8fdd28a1c6950769eeb3a3ea95e2ca3785,H1,"s0,s1,s2",15009,15361,14871,15388,15152,15652,15009,0.767412,
01402ba2e8697500c9a05c8370182d8fdd28a1c6950769eeb3a3ea95e2ca3785,H2,"s0,s1,s2",6405,6655,6369,6493,6435,6850,6405,1.799021,
01402ba2e8697500c9a05c8370182d8fdd28a1c6950769eeb3a3ea95e2ca3785,H3,"s0,s1,s2",5863,6015,5817,5993,5959,6137,5863,1.959228,
01402ba2e8697500c9a05c8370182d8fdd28a1c6950769eeb3a3ea95e2ca3785,H4,"s0,s1,s2",3275,3391,3395,3555,3402,3705,3395,3.431527,
016d58d6b8a69c4c4cb235b24e3abd606df2bd38204ec1fa9e68a4c8ccad8ce4,H0,"s0,s1,s2",9054,9379,9185,9808,9235,13954,9185,1.000000,
016d58d6b8a69c4c4cb235b24e3abd606df2bd38204ec1fa9e68a4c8ccad8ce4,H1,"s0,s1,s2",3951,4079,4160,4438,3899,4027,3951,2.288413,
016d58d6b8a69c4c4cb235b24e3abd606df2bd38204ec1fa9e68a4c8ccad8ce4,H2,"s0,s1,s2",14825,15282,14872,17226,14779,22325,14825,0.617707,
016d58d6b8a69c4c4cb235b24e3abd606df2bd38204ec1fa9e68a4c8ccad8ce4,H3,"s0,s1,s2",16272,22398,16257,18387,16450,28326,16272,0.560923,
016d58d6b8a69c4c4cb235b24e3abd606df2bd38204ec1fa9e68a4c8ccad8ce4,H4,"s0,s1,s2",12878,13150,13394,29816,12957,13847,12957,0.700430,
0375d416ea13245f1132f23fb2537edb3160fd6a2af4ba3dd5a16c47e988cb55,H0,"s0,s1,s2",31256,31625,36941,37668,32780,34527,32780,1.000000,
0375d416ea13245f1132f23fb2537edb3160fd6a2af4ba3dd5a16c47e988cb55,H1,"s0,s1,s2",7749,8110,8550,8875,7914,8296,7914,4.163716,
0375d416ea13245f1132f23fb2537edb3160fd6a2af4ba3dd5a16c47e988cb55,H2,"s0,s1,s2",18270,18824,18208,18836,18413,30031,18270,1.835025,
0375d416ea13245f1132f23fb2537edb3160fd6a2af4ba3dd5a16c47e988cb55,H3,"s0,s1,s2",16440,16640,16417,17185,17340,18658,16440,2.007253,
0375d416ea13245f1132f23fb2537edb3160fd6a2af4ba3dd5a16c47e988cb55,H4,"s0,s1,s2",7011,7341,7005,7379,7694,8184,7011,4.644121,
042549418bc280fad86b4dad28b115704f986f17763e7054b0b172626abcdbbb,H0,"s0,s1,s2",27345,32073,27087,27599,28362,29036,27345,1.000000,
042549418bc280fad86b4dad28b115704f986f17763e7054b0b172626abcdbbb,H1,"s0,s1,s2",9613,22947,9436,10013,9536,13953,9536,2.895926,
042549418bc280fad86b4dad28b115704f986f17763e7054b0b172626abcdbbb,H2,"s0,s1,s2",12257,17061,12159,16717,12213,12780,12213,2.259906,
042549418bc280fad86b4dad28b115704f986f17763e7054b0b172626abcdbbb,H3,"s0,s1,s2",9963,10789,9765,10246,9958,10246,9958,2.788563,
042549418bc280fad86b4dad28b115704f986f17763e7054b0b172626abcdbbb,H4,"s0,s1,s2",5302,9804,4836,5162,4982,5284,4982,5.478756,
048ecdaa1b70ba1ab13183276f9f9326a4ba513183babc2965450179a183b81e,H0,"s0,s1,s2",16288,16699,16347,16601,16873,17137,16347,1.000000,
048ecdaa1b70ba1ab13183276f9f9326a4ba513183babc2965450179a183b81e,H1,"s0,s1,s2",26367,31090,26292,31089,26571,27285,26367,0.624792,
048ecdaa1b70ba1ab13183276f9f9326a4ba513183babc2965450179a183b81e,H2,"s0,s1,s2",14628,15076,14579,15270,14752,15334,14628,1.126103,
048ecdaa1b70ba1ab13183276f9f9326a4ba513183babc2965450179a183b81e,H3,"s0,s1,s2",14416,14800,14419,15184,14564,15230,14419,1.140633,
048ecdaa1b70ba1ab13183276f9f9326a4ba513183babc2965450179a183b81e,H4,"s0,s1,s2",7302,7900,7409,8013,7406,8041,7406,2.238228,
057a203b624cc378b24fa379357d305e93acbdc5d83bbb00a6c2044297a91d7a,H0,"s0,s1,s2",13622,13817,13663,17280,14382,15740,13663,1.000000,
057a203b624cc378b24fa379357d305e93acbdc5d83bbb00a6c2044297a91d7a,H1,"s0,s1,s2",20196,22192,20535,21627,20668,22194,20535,0.678447,
057a203b624cc378b24fa379357d305e93acbdc5d83bbb00a6c2044297a91d7a,H2,"s0,s1,s2",9885,10384,9786,10164,10051,10410,9885,1.401538,
057a203b624cc378b24fa379357d305e93acbdc5d83bbb00a6c2044297a91d7a,H3,"s0,s1,s2",8057,8421,7875,8142,7885,8224,7885,1.749015,
057a203b624cc378b24fa379357d305e93acbdc5d83bbb00a6c2044297a91d7a,H4,"s0,s1,s2",4790,4979,4830,4966,4891,5008,4830,2.870617,
05bea54eaa7fc32f8be73d01494e8a8ead6843eece95d5c0332831a1638c8bff,H0,"s0,s1,s2",20674,22913,20957,21382,21404,22561,20957,1.000000,
05bea54eaa7fc32f8be73d01494e8a8ead6843eece95d5c0332831a1638c8bff,H1,"s0,s1,s2",34248,40396,32901,33646,33138,34552,33138,0.628578,
05bea54eaa7fc32f8be73d01494e8a8ead6843eece95d5c0332831a1638c8bff,H2,"s0,s1,s2",9542,9969,9461,9812,9493,10246,9493,2.211853,
05bea54eaa7fc32f8be73d01494e8a8ead6843eece95d5c0332831a1638c8bff,H3,"s0,s1,s2",8447,8688,8359,8770,8320,9130,8359,2.508550,
05bea54eaa7fc32f8be73d01494e8a8ead6843eece95d5c0332831a1638c8bff,H4,"s0,s1,s2",4281,4596,4340,4922,4339,4731,4339,4.863415,
078bbcefc4436fbf5ca4948e94d66e0b510e79250c7b15e0a8658579d7b2f73b,H0,"s0,s1,s2",48279,63845,48472,51984,53747,59605,48472,1.000000,
078bbcefc4436fbf5ca4948e94d66e0b510e79250c7b15e0a8658579d7b2f73b,H1,"s0,s1,s2",73501,82208,73152,78107,79621,95788,73501,0.664791,
078bbcefc4436fbf5ca4948e94d66e0b510e79250c7b15e0a8658579d7b2f73b,H2,"s0,s1,s2",19411,20344,19246,24051,20787,21531,19411,2.530120,
078bbcefc4436fbf5ca4948e94d66e0b510e79250c7b15e0a8658579d7b2f73b,H3,"s0,s1,s2",17002,17789,16936,17427,18110,19346,17002,2.889292,
078bbcefc4436fbf5ca4948e94d66e0b510e79250c7b15e0a8658579d7b2f73b,H4,"s0,s1,s2",9096,9585,9047,9495,9781,10526,9096,5.386273,
0845b5903a7774cddde134658230b5b206f0206a3c7a131c6c0b1d7aee111afe,H0,"s0,s1,s2",25141,25706,25054,25351,25320,26874,25141,1.000000,
0845b5903a7774cddde134658230b5b206f0206a3c7a131c6c0b1d7aee111afe,H1,"s0,s1,s2",29787,35004,30195,30767,29920,31869,29920,0.839976,
0845b5903a7774cddde134658230b5b206f0206a3c7a131c6c0b1d7aee111afe,H2,"s0,s1,s2",39954,41025,39470,44221,39846,53210,39846,0.633146,
0845b5903a7774cddde134658230b5b206f0206a3c7a131c6c0b1d7aee111afe,H3,"s0,s1,s2",41454,42535,41075,42462,41673,56384,41454,0.608006,
0845b5903a7774cddde134658230b5b206f0206a3c7a131c6c0b1d7aee111afe,H4,"s0,s1,s2",34900,36627,34935,40624,35407,37454,34935,0.717545,
0910afe359412b025b578bae1eba2153281a8ffec29add84e528fd4115eb5b1a,H0,"s0,s1,s2",24767,25480,24697,25254,25010,26420,24767,1.000000,
0910afe359412b025b578bae1eba2153281a8ffec29add84e528fd4115eb5b1a,H1,"s0,s1,s2",4638,5105,4632,4842,4609,5008,4632,5.365890,
0910afe359412b025b578bae1eba2153281a8ffec29add84e528fd4115eb5b1a,H2,"s0,s1,s2",6864,7373,6738,7048,7064,7426,6864,3.604326,
0910afe359412b025b578bae1eba2153281a8ffec29add84e528fd4115eb5b1a,H3,"s0,s1,s2",6936,7317,6715,7025,6860,7499,6860,3.631204,
0910afe359412b025b578bae1eba2153281a8ffec29add84e528fd4115eb5b1a,H4,"s0,s1,s2",4669,4825,4711,5178,4753,5257,4711,5.269574,
0b92f873cadf1b4ea3ec333f3e42105df5781228a422f2f4dd8d8f5767a5e6e3,H0,"s0,s1,s2",18880,20487,18778,19164,19821,21233,18880,1.000000,
0b92f873cadf1b4ea3ec333f3e42105df5781228a422f2f4dd8d8f5767a5e6e3,H1,"s0,s1,s2",5562,5814,5157,5435,5271,5523,5271,3.595439,
0b92f873cadf1b4ea3ec333f3e42105df5781228a422f2f4dd8d8f5767a5e6e3,H2,"s0,s1,s2",10606,11318,10508,15165,10577,11427,10577,1.813208,
0b92f873cadf1b4ea3ec333f3e42105df5781228a422f2f4dd8d8f5767a5e6e3,H3,"s0,s1,s2",8658,9170,8550,8890,8619,9104,8619,2.224908,
0b92f873cadf1b4ea3ec333f3e42105df5781228a422f2f4dd8d8f5767a5e6e3,H4,"s0,s1,s2",4233,4389,4115,4314,4315,4648,4233,4.538643,
0f47ccec007b2a6f0df63731e1f7b2f46d8cc086e57842a04ceaae594d386daa,H0,"s0,s1,s2",25568,26166,25281,28382,25577,26889,25568,1.000000,
0f47ccec007b2a6f0df63731e1f7b2f46d8cc086e57842a04ceaae594d386daa,H1,"s0,s1,s2",5412,5747,5455,5869,5602,6403,5455,4.641037,
0f47ccec007b2a6f0df63731e1f7b2f46d8cc086e57842a04ceaae594d386daa,H2,"s0,s1,s2",7988,8284,7998,8173,8343,11672,7998,3.141953,
0f47ccec007b2a6f0df63731e1f7b2f46d8cc086e57842a04ceaae594d386daa,H3,"s0,s1,s2",8228,8827,8100,9777,8447,9271,8228,3.085221,
0f47ccec007b2a6f0df63731e1f7b2f46d8cc086e57842a04ceaae594d386daa,H4,"s0,s1,s2",5557,13499,5329,5772,5417,5862,5417,4.688478,
0f49a711d933b29d07d141a166a70a4d477345685bb2546275d8ec99fed0ccae,H0,"s0,s1,s2",17656,21561,17457,17835,18735,19033,17656,1.000000,
0f49a711d933b29d07d141a166a70a4d477345685bb2546275d8ec99fed0ccae,H1,"s0,s1,s2",32136,32594,31872,32393,32527,46042,32136,0.557558,
0f49a711d933b29d07d141a166a70a4d477345685bb2546275d8ec99fed0ccae,H2,"s0,s1,s2",13276,13672,13317,13771,13433,15157,13317,1.344693,
0f49a711d933b29d07d141a166a70a4d477345685bb2546275d8ec99fed0ccae,H3,"s0,s1,s2",11960,13276,11657,12134,12097,13585,11960,1.507208,
0f49a711d933b29d07d141a166a70a4d477345685bb2546275d8ec99fed0ccae,H4,"s0,s1,s2",5817,16623,5410,5808,5589,6067,5589,3.202052,
0f92f50eca88300ca573b9c131e8e5371ee7adcfc8d139b3800f7d87b50814c8,H0,"s0,s1,s2",12928,13381,13292,13669,12309,12934,12928,1.000000,
0f92f50eca88300ca573b9c131e8e5371ee7adcfc8d139b3800f7d87b50814c8,H1,"s0,s1,s2",16716,17103,16955,17467,15483,21835,16716,0.784067,
0f92f50eca88300ca573b9c131e8e5371ee7adcfc8d139b3800f7d87b50814c8,H2,"s0,s1,s2",5060,5187,4548,4705,4692,5118,4692,2.695702,
0f92f50eca88300ca573b9c131e8e5371ee7adcfc8d139b3800f7d87b50814c8,H3,"s0,s1,s2",4795,9788,4296,4381,4438,4712,4438,2.849496,
0f92f50eca88300ca573b9c131e8e5371ee7adcfc8d139b3800f7d87b50814c8,H4,"s0,s1,s2",2479,2688,2229,2461,2364,2672,2364,5.450506,
1071aa73a39382493fc834d207c40f8a61d767f1bf9d62ab5f57b1efbccf751d,H0,"s0,s1,s2",48215,52192,52088,52924,49738,61473,49738,1.000000,
1071aa73a39382493fc834d207c40f8a61d767f1bf9d62ab5f57b1efbccf751d,H1,"s0,s1,s2",74219,78378,78220,84135,79367,99712,78220,0.647210,
1071aa73a39382493fc834d207c40f8a61d767f1bf9d62ab5f57b1efbccf751d,H2,"s0,s1,s2",23636,24248,24287,24983,23884,35607,23884,2.088580,
1071aa73a39382493fc834d207c40f8a61d767f1bf9d62ab5f57b1efbccf751d,H3,"s0,s1,s2",21611,22445,22092,32721,21603,23048,21611,2.296473,
1071aa73a39382493fc834d207c40f8a61d767f1bf9d62ab5f57b1efbccf751d,H4,"s0,s1,s2",13521,14132,13485,25354,13677,14675,13521,3.686259,
11023cd3b503f9e53e640408dc508ec7f13eaeb27bdbe0fa59582bc6d4c6f66e,H0,"s0,s1,s2",1701,1847,1705,1750,1770,1793,1705,1.000000,
11023cd3b503f9e53e640408dc508ec7f13eaeb27bdbe0fa59582bc6d4c6f66e,H1,"s0,s1,s2",1597,3225,1489,1756,1473,1753,1489,1.135882,
11023cd3b503f9e53e640408dc508ec7f13eaeb27bdbe0fa59582bc6d4c6f66e,H2,"s0,s1,s2",2334,2511,2231,2323,2336,2443,2334,0.750083,
11023cd3b503f9e53e640408dc508ec7f13eaeb27bdbe0fa59582bc6d4c6f66e,H3,"s0,s1,s2",2387,2494,2335,2397,2367,2606,2367,0.730054,
11023cd3b503f9e53e640408dc508ec7f13eaeb27bdbe0fa59582bc6d4c6f66e,H4,"s0,s1,s2",1277,1340,1259,1293,1247,1280,1259,1.368064,
1109ce98159395e58e64bfe20923af97f2870ad0dd279a7dc21e27cf2e927195,H0,"s0,s1,s2",51909,105470,49388,54823,51340,67813,51340,1.000000,
1109ce98159395e58e64bfe20923af97f2870ad0dd279a7dc21e27cf2e927195,H1,"s0,s1,s2",81447,87414,78045,84356,80733,103558,80733,0.635355,
1109ce98159395e58e64bfe20923af97f2870ad0dd279a7dc21e27cf2e927195,H2,"s0,s1,s2",26831,27206,25896,31415,26427,27379,26427,1.928121,
1109ce98159395e58e64bfe20923af97f2870ad0dd279a7dc21e27cf2e927195,H3,"s0,s1,s2",26458,31404,25488,27007,25783,27555,25783,1.963502,
1109ce98159395e58e64bfe20923af97f2870ad0dd279a7dc21e27cf2e927195,H4,"s0,s1,s2",16313,30585,16025,16779,16220,17376,16220,3.142769,
117c2ea60e643beb6d64abcaba2451bb9252535d919f288f92bb5a2c529924bb,H0,"s0,s1,s2",16633,18392,16366,18445,17627,21602,16633,1.000000,
117c2ea60e643beb6d64abcaba2451bb9252535d919f288f92bb5a2c529924bb,H1,"s0,s1,s2",28754,29459,29050,29473,29363,35384,29050,0.580518,
117c2ea60e643beb6d64abcaba2451bb9252535d919f288f92bb5a2c529924bb,H2,"s0,s1,s2",15284,15968,15465,15915,15705,16857,15465,1.089320,
117c2ea60e643beb6d64abcaba2451bb9252535d919f288f92bb5a2c529924bb,H3,"s0,s1,s2",13342,14828,13209,14156,13402,14150,13342,1.266515,
117c2ea60e643beb6d64abcaba2451bb9252535d919f288f92bb5a2c529924bb,H4,"s0,s1,s2",32122,33956,32066,32713,32118,38205,32118,0.525410,
11f4f64827b3c489a3b96cb82bb580dcb8b37723e3e0980cdb34e1b7980d7ef5,H0,"s0,s1,s2",31169,31314,33004,43868,32645,51678,32645,1.000000,
11f4f64827b3c489a3b96cb82bb580dcb8b37723e3e0980cdb34e1b7980d7ef5,H1,"s0,s1,s2",7988,8298,7939,12802,7951,8839,7951,4.053469,
11f4f64827b3c489a3b96cb82bb580dcb8b37723e3e0980cdb34e1b7980d7ef5,H2,"s0,s1,s2",15276,15979,17998,24787,15423,16277,15423,1.993278,
11f4f64827b3c489a3b96cb82bb580dcb8b37723e3e0980cdb34e1b7980d7ef5,H3,"s0,s1,s2",12969,13751,15208,22762,12905,14217,12969,2.362961,
11f4f64827b3c489a3b96cb82bb580dcb8b37723e3e0980cdb34e1b7980d7ef5,H4,"s0,s1,s2",5785,6211,7046,11498,5973,6346,5973,5.166811,
12b76ae925961b64ec448245900e09f8ab87c79819bf49ef0689e8037a9dd94d,H0,"s0,s1,s2",24806,25402,24831,25309,25067,26713,24831,1.000000,
12b76ae925961b64ec448245900e09f8ab87c79819bf49ef0689e8037a9dd94d,H1,"s0,s1,s2",28429,29257,29127,29668,28698,30839,28698,0.866127,
12b76ae925961b64ec448245900e09f8ab87c79819bf49ef0689e8037a9dd94d,H2,"s0,s1,s2",39025,40107,41283,44182,39132,41811,39132,0.625656,
12b76ae925961b64ec448245900e09f8ab87c79819bf49ef0689e8037a9dd94d,H3,"s0,s1,s2",41297,41787,43618,44596,41935,53751,41935,0.589066,
12b76ae925961b64ec448245900e09f8ab87c79819bf49ef0689e8037a9dd94d,H4,"s0,s1,s2",34308,36585,34295,36495,34487,47404,34308,0.724643,
1381a53732e6c601fa3b6a5d8f3c426081b19163a09b1c438c0ec2533b9a9638,H0,"s0,s1,s2",20251,48077,19663,20011,20965,27515,20251,1.000000,
1381a53732e6c601fa3b6a5d8f3c426081b19163a09b1c438c0ec2533b9a9638,H1,"s0,s1,s2",5887,9365,5742,6034,5772,6590,5772,3.497592,
1381a53732e6c601fa3b6a5d8f3c426081b19163a09b1c438c0ec2533b9a9638,H2,"s0,s1,s2",12564,21158,11942,12472,12093,12872,12093,1.663224,
1381a53732e6c601fa3b6a5d8f3c426081b19163a09b1c438c0ec2533b9a9638,H3,"s0,s1,s2",10805,21680,9917,10417,10162,10673,10162,1.971828,
1381a53732e6c601fa3b6a5d8f3c426081b19163a09b1c438c0ec2533b9a9638,H4,"s0,s1,s2",5008,6056,4699,4896,4779,5005,4779,4.202697,
13b349bed3cfb03e45bfea079ea477e6188780cb7941dc6cb64e24370c5cc55d,H0,"s0,s1,s2",15794,15914,18038,26537,16569,17573,16569,1.000000,
13b349bed3cfb03e45bfea079ea477e6188780cb7941dc6cb64e24370c5cc55d,H1,"s0,s1,s2",25416,26787,33152,39187,25726,31052,25726,0.601630,
13b349bed3cfb03e45bfea079ea477e6188780cb7941dc6cb64e24370c5cc55d,H2,"s0,s1,s2",9150,9515,10873,17715,9293,9769,9293,1.721935,
13b349bed3cfb03e45bfea079ea477e6188780cb7941dc6cb64e24370c5cc55d,H3,"s0,s1,s2",8533,8930,9225,9877,8454,8858,8533,1.921390,
13b349bed3cfb03e45bfea079ea477e6188780cb7941dc6cb64e24370c5cc55d,H4,"s0,s1,s2",4834,16059,5180,5597,4905,5275,4905,3.374689,
14be6e7fe4a57286c8717f875562507e4a2c06ff737236d0a3704debc5502285,H0,"s0,s1,s2",24554,25158,24692,29650,24816,31298,24692,1.000000,
14be6e7fe4a57286c8717f875562507e4a2c06ff737236d0a3704debc5502285,H1,"s0,s1,s2",4503,4660,4566,4751,4532,5300,4532,5.445372,
14be6e7fe4a57286c8717f875562507e4a2c06ff737236d0a3704debc5502285,H2,"s0,s1,s2",6903,7263,6826,7104,7105,11704,6903,3.555336,
14be6e7fe4a57286c8717f875562507e4a2c06ff737236d0a3704debc5502285,H3,"s0,s1,s2",7166,7719,7132,7727,7480,8058,7166,3.401524,
14be6e7fe4a57286c8717f875562507e4a2c06ff737236d0a3704debc5502285,H4,"s0,s1,s2",4542,4787,4606,4904,4856,5601,4606,5.290786,
1649ad95f27933c25916ecf7a3176a620bc59f7266bde7de6f3222ca068e5774,H0,"s0,s1,s2",41825,46581,41699,43097,43043,47724,41825,1.000000,
1649ad95f27933c25916ecf7a3176a620bc59f7266bde7de6f3222ca068e5774,H1,"s0,s1,s2",70612,75378,73849,75299,70983,85400,70983,0.587528,
1649ad95f27933c25916ecf7a3176a620bc59f7266bde7de6f3222ca068e5774,H2,"s0,s1,s2",17163,17602,17707,18525,17267,22901,17267,2.427558,
1649ad95f27933c25916ecf7a3176a620bc59f7266bde7de6f3222ca068e5774,H3,"s0,s1,s2",15514,15985,15918,16466,15460,16518,15514,2.699070,
1649ad95f27933c25916ecf7a3176a620bc59f7266bde7de6f3222ca068e5774,H4,"s0,s1,s2",9027,11603,9229,9612,8917,9363,9027,4.657817,
165e1434f64eafc72ce16523cff097caa69f0362de363cfdb9a146ac2f96eaa4,H0,"s0,s1,s2",24373,28723,24365,28845,25166,31388,24373,1.000000,
165e1434f64eafc72ce16523cff097caa69f0362de363cfdb9a146ac2f96eaa4,H1,"s0,s1,s2",35521,36510,34994,35814,35790,37727,35521,0.695157,
165e1434f64eafc72ce16523cff097caa69f0362de363cfdb9a146ac2f96eaa4,H2,"s0,s1,s2",10901,11177,10938,11800,10945,11562,10938,2.254014,
165e1434f64eafc72ce16523cff097caa69f0362de363cfdb9a146ac2f96eaa4,H3,"s0,s1,s2",10068,10773,9894,10561,10131,10864,10068,2.455693,
165e1434f64eafc72ce16523cff097caa69f0362de363cfdb9a146ac2f96eaa4,H4,"s0,s1,s2",6281,6665,6513,6730,6438,6785,6438,3.842757,
166a72f03def616914dc3c35e64692cceb36559442feba8e52aa646122f5871a,H0,"s0,s1,s2",48578,53307,52940,57899,50305,56414,50305,1.000000,
166a72f03def616914dc3c35e64692cceb36559442feba8e52aa646122f5871a,H1,"s0,s1,s2",75940,77342,79227,80166,76685,88793,76685,0.654526,
166a72f03def616914dc3c35e64692cceb36559442feba8e52aa646122f5871a,H2,"s0,s1,s2",24539,26017,25047,25815,24715,27049,24715,2.042148,
166a72f03def616914dc3c35e64692cceb36559442feba8e52aa646122f5871a,H3,"s0,s1,s2",21988,22707,22663,23032,22199,23238,22199,2.269862,
166a72f03def616914dc3c35e64692cceb36559442feba8e52aa646122f5871a,H4,"s0,s1,s2",14431,14954,15251,15709,14831,15596,14831,3.409493,
176afe7a530d52660383635e26bd6299e9ec56f4528cafaba8d20cf00884db27,H0,"s0,s1,s2",48382,49979,48362,49967,49839,70188,48382,1.000000,
176afe7a530d52660383635e26bd6299e9ec56f4528cafaba8d20cf00884db27,H1,"s0,s1,s2",71791,105902,74894,81308,71951,79231,71951,0.670504,
176afe7a530d52660383635e26bd6299e9ec56f4528cafaba8d20cf00884db27,H2,"s0,s1,s2",20096,20984,20022,20550,20282,32828,20096,2.426665,
176afe7a530d52660383635e26bd6299e9ec56f4528cafaba8d20cf00884db27,H3,"s0,s1,s2",18145,18955,18444,19114,18165,18958,18165,2.676928,
176afe7a530d52660383635e26bd6299e9ec56f4528cafaba8d20cf00884db27,H4,"s0,s1,s2",10018,10548,10500,10793,10251,11647,10251,4.764386,
18eb7519362f7cbdf411c981390fdde14412d0348ad0743939339ba2f575ac44,H0,"s0,s1,s2",46622,83825,45941,87969,42949,44508,45941,1.000000,
18eb7519362f7cbdf411c981390fdde14412d0348ad0743939339ba2f575ac44,H1,"s0,s1,s2",68941,80332,74479,126200,68698,74313,68941,0.638895,
18eb7519362f7cbdf411c981390fdde14412d0348ad0743939339ba2f575ac44,H2,"s0,s1,s2",18021,29033,18153,19029,16836,17698,18021,2.556188,
18eb7519362f7cbdf411c981390fdde14412d0348ad0743939339ba2f575ac44,H3,"s0,s1,s2",15185,29415,16085,16780,14726,15164,15185,2.946284,
18eb7519362f7cbdf411c981390fdde14412d0348ad0743939339ba2f575ac44,H4,"s0,s1,s2",9152,9602,9305,10058,8567,9132,9152,5.014501,
18f10770716804753d52967faf40a15681aecaa6e2d964d644082be9f035bbff,H0,"s0,s1,s2",47860,48814,48093,48721,49310,50074,48093,1.000000,
18f10770716804753d52967faf40a15681aecaa6e2d964d644082be9f035bbff,H1,"s0,s1,s2",75445,84030,71378,72891,72326,77731,72326,0.662979,
18f10770716804753d52967faf40a15681aecaa6e2d964d644082be9f035bbff,H2,"s0,s1,s2",20807,21339,20824,22279,21035,26565,20824,2.317881,
18f10770716804753d52967faf40a15681aecaa6e2d964d644082be9f035bbff,H3,"s0,s1,s2",18101,19482,17690,18247,17935,18446,17935,2.703663,
18f10770716804753d52967faf40a15681aecaa6e2d964d644082be9f035bbff,H4,"s0,s1,s2",10192,15689,9545,10360,9636,9921,9636,4.947120,
1a0deadd0f109c2a22aacdb0046eabc2a7a4ee1666b254455b1a07e548e44369,H0,"s0,s1,s2",20720,21239,20650,20951,21260,34206,20720,1.000000,
1a0deadd0f109c2a22aacdb0046eabc2a7a4ee1666b254455b1a07e548e44369,H1,"s0,s1,s2",32142,34417,32333,38026,32500,41157,32333,0.645788,
1a0deadd0f109c2a22aacdb0046eabc2a7a4ee1666b254455b1a07e548e44369,H2,"s0,s1,s2",26527,43603,24870,25942,25214,26278,25214,0.817754,
1a0deadd0f109c2a22aacdb0046eabc2a7a4ee1666b254455b1a07e548e44369,H3,"s0,s1,s2",44823,48213,44979,46126,45105,50096,44979,0.464208,
1a0deadd0f109c2a22aacdb0046eabc2a7a4ee1666b254455b1a07e548e44369,H4,"s0,s1,s2",31684,38102,31721,34262,32539,35327,31721,0.652771,
1bd781ed4daa79cdf17d16c83e9eaa61bc913b5400cc633443fabf3c18b555db,H0,"s0,s1,s2",720,766,756,797,788,825,756,1.000000,
1bd781ed4daa79cdf17d16c83e9eaa61bc913b5400cc633443fabf3c18b555db,H1,"s0,s1,s2",952,1185,917,1144,928,1175,928,0.808988,
1bd781ed4daa79cdf17d16c83e9eaa61bc913b5400cc633443fabf3c18b555db,H2,"s0,s1,s2",1462,1517,1426,1458,1495,1531,1462,0.516287,
1bd781ed4daa79cdf17d16c83e9eaa61bc913b5400cc633443fabf3c18b555db,H3,"s0,s1,s2",1560,1632,1527,1596,1704,2004,1560,0.472769,
1bd781ed4daa79cdf17d16c83e9eaa61bc913b5400cc633443fabf3c18b555db,H4,"s0,s1,s2",985,1033,1024,1059,1038,1087,1024,0.742704,
1c38500d66cb01c942d7c7a355dff4299076f63cf3f6a6f6a296aa8675819557,H0,"s0,s1,s2",25042,44797,24838,25499,25556,27223,25042,1.000000,
1c38500d66cb01c942d7c7a355dff4299076f63cf3f6a6f6a296aa8675819557,H1,"s0,s1,s2",34321,39000,34346,35930,34899,38866,34346,0.728355,
1c38500d66cb01c942d7c7a355dff4299076f63cf3f6a6f6a296aa8675819557,H2,"s0,s1,s2",17115,17804,17201,21972,17187,18248,17187,1.464590,
1c38500d66cb01c942d7c7a355dff4299076f63cf3f6a6f6a296aa8675819557,H3,"s0,s1,s2",15311,28962,15158,15607,15261,26357,15261,1.649491,
1c38500d66cb01c942d7c7a355dff4299076f63cf3f6a6f6a296aa8675819557,H4,"s0,s1,s2",33737,34902,33836,35546,34002,40600,33836,0.742614,
1cf8f8234dce187d8640ff2e9caf26335f3eba1334d15d238ef7e765cf365140,H0,"s0,s1,s2",28960,56891,28226,28732,29584,31315,28960,1.000000,
1cf8f8234dce187d8640ff2e9caf26335f3eba1334d15d238ef7e765cf365140,H1,"s0,s1,s2",12169,20637,11896,12146,11875,12451,11896,2.414007,
1cf8f8234dce187d8640ff2e9caf26335f3eba1334d15d238ef7e765cf365140,H2,"s0,s1,s2",13876,34375,13234,13563,13229,14192,13234,2.151167,
1cf8f8234dce187d8640ff2e9caf26335f3eba1334d15d238ef7e765cf365140,H3,"s0,s1,s2",11483,22638,10927,11401,11096,12050,11096,2.589767,
1cf8f8234dce187d8640ff2e9caf26335f3eba1334d15d238ef7e765cf365140,H4,"s0,s1,s2",5334,5707,5295,5715,5587,10147,5334,5.351420,
1d50519afbb6938993e7c6f1a564dc60d6103c701cdec12f171cf15f01b1b3cf,H0,"s0,s1,s2",51432,72757,48478,49961,49762,62405,49762,1.000000,
1d50519afbb6938993e7c6f1a564dc60d6103c701cdec12f171cf15f01b1b3cf,H1,"s0,s1,s2",74462,91806,73095,77813,74044,89566,74044,0.675234,
1d50519afbb6938993e7c6f1a564dc60d6103c701cdec12f171cf15f01b1b3cf,H2,"s0,s1,s2",20450,21183,20962,22425,20649,22144,20649,2.411110,
1d50519afbb6938993e7c6f1a564dc60d6103c701cdec12f171cf15f01b1b3cf,H3,"s0,s1,s2",19497,31557,18550,18822,18573,24222,18573,2.643387,
1d50519afbb6938993e7c6f1a564dc60d6103c701cdec12f171cf15f01b1b3cf,H4,"s0,s1,s2",10524,10793,10302,10821,10342,11001,10342,4.800904,
1e0012c1e7e5b0dfe1b3f29d65b53b974e4ce6488795b27dada67b6beed0e324,H0,"s0,s1,s2",58500,64297,57851,59254,65074,72305,58500,1.000000,
1e0012c1e7e5b0dfe1b3f29d65b53b974e4ce6488795b27dada67b6beed0e324,H1,"s0,s1,s2",14151,14670,14301,15057,15270,16236,14301,4.145980,
1e0012c1e7e5b0dfe1b3f29d65b53b974e4ce6488795b27dada67b6beed0e324,H2,"s0,s1,s2",21818,22179,21801,25952,23751,40197,21818,2.691330,
1e0012c1e7e5b0dfe1b3f29d65b53b974e4ce6488795b27dada67b6beed0e324,H3,"s0,s1,s2",20587,22114,20755,25034,22586,35832,20755,2.836436,
1e0012c1e7e5b0dfe1b3f29d65b53b974e4ce6488795b27dada67b6beed0e324,H4,"s0,s1,s2",13720,14156,13755,14128,15004,23978,13755,4.268587,
1f1bac3e58b541984e1ac457d72c21dd955351bd50257a97bb22ec4fe3b5bf6b,H0,"s0,s1,s2",24590,24868,24567,29920,26480,27653,24590,1.000000,
1f1bac3e58b541984e1ac457d72c21dd955351bd50257a97bb22ec4fe3b5bf6b,H1,"s0,s1,s2",28740,29151,29253,29881,31459,43182,29253,0.845685,
1f1bac3e58b541984e1ac457d72c21dd955351bd50257a97bb22ec4fe3b5bf6b,H2,"s0,s1,s2",38725,39359,38347,39262,41664,51673,38725,0.637062,
1f1bac3e58b541984e1ac457d72c21dd955351bd50257a97bb22ec4fe3b5bf6b,H3,"s0,s1,s2",42329,64929,39964,45586,44081,64231,42329,0.598628,
1f1bac3e58b541984e1ac457d72c21dd955351bd50257a97bb22ec4fe3b5bf6b,H4,"s0,s1,s2",36261,61756,33795,35201,37398,56213,36261,0.704092,
216771277ba13a67d5962c40a912df56ecb17d13ef46c780ea780b1001075777,H0,"s0,s1,s2",24800,25335,24770,25491,25219,26846,24800,1.000000,
216771277ba13a67d5962c40a912df56ecb17d13ef46c780ea780b1001075777,H1,"s0,s1,s2",28923,42251,29332,30112,28940,30527,28940,0.857710,
216771277ba13a67d5962c40a912df56ecb17d13ef46c780ea780b1001075777,H2,"s0,s1,s2",39193,39934,39174,44816,39384,41232,39193,0.635126,
216771277ba13a67d5962c40a912df56ecb17d13ef46c780ea780b1001075777,H3,"s0,s1,s2",40877,42074,41352,63669,41208,53727,41208,0.605875,
216771277ba13a67d5962c40a912df56ecb17d13ef46c780ea780b1001075777,H4,"s0,s1,s2",34810,61670,34582,45576,34957,42288,34810,0.716703,
217607d217812433776526219f7f790f47b94c2a9aaa6f61659fa1aca5288cc5,H0,"s0,s1,s2",32058,37305,31840,32525,33350,34260,32058,1.000000,
217607d217812433776526219f7f790f47b94c2a9aaa6f61659fa1aca5288cc5,H1,"s0,s1,s2",7741,8699,7659,7899,7643,7941,7659,4.219466,
217607d217812433776526219f7f790f47b94c2a9aaa6f61659fa1aca5288cc5,H2,"s0,s1,s2",20307,39377,18885,19269,18814,19278,18885,1.677209,
217607d217812433776526219f7f790f47b94c2a9aaa6f61659fa1aca5288cc5,H3,"s0,s1,s2",16547,17133,16472,16900,16698,17053,16547,1.955653,
217607d217812433776526219f7f790f47b94c2a9aaa6f61659fa1aca5288cc5,H4,"s0,s1,s2",6932,8296,6922,7377,7009,7501,6932,4.660363,
219a170cd01676535bd43915997bc9818a8e3b0a204a84f3ce9a0497609f667e,H0,"s0,s1,s2",24354,24958,24319,24883,25043,26594,24354,1.000000,
219a170cd01676535bd43915997bc9818a8e3b0a204a84f3ce9a0497609f667e,H1,"s0,s1,s2",33654,39103,33514,52467,33892,38983,33654,0.729369,
219a170cd01676535bd43915997bc9818a8e3b0a204a84f3ce9a0497609f667e,H2,"s0,s1,s2",8894,9391,8899,9377,8910,9500,8899,2.760337,
219a170cd01676535bd43915997bc9818a8e3b0a204a84f3ce9a0497609f667e,H3,"s0,s1,s2",7840,8423,7681,8249,7816,8259,7816,3.158600,
219a170cd01676535bd43915997bc9818a8e3b0a204a84f3ce9a0497609f667e,H4,"s0,s1,s2",3974,4454,4039,5041,4093,4537,4039,6.089098,
21baf164aecd1b644a841d6f5aeb7471fe0b52112d86bfb98c3562919ec02576,H0,"s0,s1,s2",24430,48817,24100,24740,24805,36938,24430,1.000000,
21baf164aecd1b644a841d6f5aeb7471fe0b52112d86bfb98c3562919ec02576,H1,"s0,s1,s2",33650,35438,33988,35671,34214,36606,33988,0.719982,
21baf164aecd1b644a841d6f5aeb7471fe0b52112d86bfb98c3562919ec02576,H2,"s0,s1,s2",9731,10221,9798,10138,9769,10999,9769,2.502908,
21baf164aecd1b644a841d6f5aeb7471fe0b52112d86bfb98c3562919ec02576,H3,"s0,s1,s2",10023,10658,9897,10278,10052,10590,10023,2.446670,
21baf164aecd1b644a841d6f5aeb7471fe0b52112d86bfb98c3562919ec02576,H4,"s0,s1,s2",5991,6207,5977,6201,5931,10913,5977,4.096910,
22f6b794277d21100dafd90ea271a1097d20ccb3ec3d671ca30e7eda63581c28,H0,"s0,s1,s2",15910,16149,15903,19989,16193,16435,15910,1.000000,
22f6b794277d21100dafd90ea271a1097d20ccb3ec3d671ca30e7eda63581c28,H1,"s0,s1,s2",3910,4328,3987,4784,3892,4387,3910,4.072179,
22f6b794277d21100dafd90ea271a1097d20ccb3ec3d671ca30e7eda63581c28,H2,"s0,s1,s2",5719,6144,5580,5848,5843,6198,5719,2.800886,
22f6b794277d21100dafd90ea271a1097d20ccb3ec3d671ca30e7eda63581c28,H3,"s0,s1,s2",5193,5577,4923,5338,5101,5536,5101,3.155424,
22f6b794277d21100dafd90ea271a1097d20ccb3ec3d671ca30e7eda63581c28,H4,"s0,s1,s2",2734,3051,2721,3352,2826,3208,2734,5.797745,
241d9c081d182bceb2260ef1e124976428b8f5689ba6385fbde0f685b0d1ac87,H0,"s0,s1,s2",24962,30511,24870,25658,28026,39338,24962,1.000000,
241d9c081d182bceb2260ef1e124976428b8f5689ba6385fbde0f685b0d1ac87,H1,"s0,s1,s2",34209,35113,34118,35736,34992,58292,34209,0.752445,
241d9c081d182bceb2260ef1e124976428b8f5689ba6385fbde0f685b0d1ac87,H2,"s0,s1,s2",9176,9381,9191,9532,9735,13165,9191,2.767290,
241d9c081d182bceb2260ef1e124976428b8f5689ba6385fbde0f685b0d1ac87,H3,"s0,s1,s2",7966,8174,7713,8185,8489,9187,7966,3.219082,
241d9c081d182bceb2260ef1e124976428b8f5689ba6385fbde0f685b0d1ac87,H4,"s0,s1,s2",4141,4441,4277,4671,4714,6173,4277,5.928717,
246e379beddba4bbb8a032d33b78e9abcce4d808f24e54e3b5d77e04433a5425,H0,"s0,s1,s2",46782,52083,47060,52670,43770,52210,46782,1.000000,
246e379beddba4bbb8a032d33b78e9abcce4d808f24e54e3b5d77e04433a5425,H1,"s0,s1,s2",72288,78123,68822,74769,69152,81404,69152,0.654289,
246e379beddba4bbb8a032d33b78e9abcce4d808f24e54e3b5d77e04433a5425,H2,"s0,s1,s2",16934,17363,16245,16815,16413,23141,16413,2.773831,
246e379beddba4bbb8a032d33b78e9abcce4d808f24e54e3b5d77e04433a5425,H3,"s0,s1,s2",14722,15203,13967,14998,14233,14799,14233,3.205140,
246e379beddba4bbb8a032d33b78e9abcce4d808f24e54e3b5d77e04433a5425,H4,"s0,s1,s2",8525,8755,8458,8954,8487,8930,8487,5.400040,
252ef600f9f1e57f83f3faebc29db4c8821c66cc8c2260c73a523e3b302d2fcf,H0,"s0,s1,s2",28086,28608,27880,28368,29146,32961,28086,1.000000,
252ef600f9f1e57f83f3faebc29db4c8821c66cc8c2260c73a523e3b302d2fcf,H1,"s0,s1,s2",10876,11448,10994,11451,10921,11425,10921,2.595124,
252ef600f9f1e57f83f3faebc29db4c8821c66cc8c2260c73a523e3b302d2fcf,H2,"s0,s1,s2",14843,15348,14929,16806,14914,15545,14914,1.904313,
252ef600f9f1e57f83f3faebc29db4c8821c66cc8c2260c73a523e3b302d2fcf,H3,"s0,s1,s2",12510,12984,12320,12806,12802,27091,12510,2.261545,
252ef600f9f1e57f83f3faebc29db4c8821c66cc8c2260c73a523e3b302d2fcf,H4,"s0,s1,s2",5879,6065,6055,6365,5863,6171,5879,4.781983,
25fac74c7b99dd05e3bc287e19d7e2c7aa2857bac35b7ff20027138237936c8d,H0,"s0,s1,s2",18715,20793,21880,22334,19699,20925,19699,1.000000,
25fac74c7b99dd05e3bc287e19d7e2c7aa2857bac35b7ff20027138237936c8d,H1,"s0,s1,s2",10105,10328,9995,10246,9205,9706,9995,2.054847,
25fac74c7b99dd05e3bc287e19d7e2c7aa2857bac35b7ff20027138237936c8d,H2,"s0,s1,s2",10754,11501,11066,11304,10398,10719,10754,1.868058,
25fac74c7b99dd05e3bc287e19d7e2c7aa2857bac35b7ff20027138237936c8d,H3,"s0,s1,s2",8103,9381,8866,9232,8345,8588,8345,2.378449,
25fac74c7b99dd05e3bc287e19d7e2c7aa2857bac35b7ff20027138237936c8d,H4,"s0,s1,s2",4058,4692,4042,4326,4190,4347,4058,4.896130,
260378feae0c21e3f658d0a90def2d91baa555ec24d512d1f67f87f96323ddab,H0,"s0,s1,s2",11908,12300,12022,12455,12982,13607,12022,1.000000,
260378feae0c21e3f658d0a90def2d91baa555ec24d512d1f67f87f96323ddab,H1,"s0,s1,s2",15386,15779,15326,15863,16579,28004,15386,0.780455,
260378feae0c21e3f658d0a90def2d91baa555ec24d512d1f67f87f96323ddab,H2,"s0,s1,s2",5598,5898,5547,5661,6029,6943,5598,2.149184,
260378feae0c21e3f658d0a90def2d91baa555ec24d512d1f67f87f96323ddab,H3,"s0,s1,s2",5192,5347,5018,5181,5371,6078,5192,2.368166,
260378feae0c21e3f658d0a90def2d91baa555ec24d512d1f67f87f96323ddab,H4,"s0,s1,s2",2616,2826,2747,2860,2843,3059,2747,4.497398,
26610fe69d5a94dc3dc68ea52c32a904e7b0bc8819f97eca79be0ebedb27ab6a,H0,"s0,s1,s2",21267,22154,21229,21827,21917,25283,21267,1.000000,
26610fe69d5a94dc3dc68ea52c32a904e7b0bc8819f97eca79be0ebedb27ab6a,H1,"s0,s1,s2",32881,36549,33089,37464,33119,45273,33089,0.649985,
26610fe69d5a94dc3dc68ea52c32a904e7b0bc8819f97eca79be0ebedb27ab6a,H2,"s0,s1,s2",10772,11389,9692,10156,9920,10601,9920,2.121934,
26610fe69d5a94dc3dc68ea52c32a904e7b0bc8819f97eca79be0ebedb27ab6a,H3,"s0,s1,s2",9181,9573,9122,10038,8985,9795,9122,2.360331,
26610fe69d5a94dc3dc68ea52c32a904e7b0bc8819f97eca79be0ebedb27ab6a,H4,"s0,s1,s2",4869,5134,5064,5644,5057,5389,5057,4.297311,
26ef546c961fd47e44ba63069f98c08f2c44c6f867cc1351ff8eab74449d3694,H0,"s0,s1,s2",42259,46181,41600,46999,43251,57840,42259,1.000000,
26ef546c961fd47e44ba63069f98c08f2c44c6f867cc1351ff8eab74449d3694,H1,"s0,s1,s2",70668,75313,70793,75857,71137,89466,70793,0.597815,
26ef546c961fd47e44ba63069f98c08f2c44c6f867cc1351ff8eab74449d3694,H2,"s0,s1,s2",20153,24588,20003,24784,19950,20616,20003,2.114513,
26ef546c961fd47e44ba63069f98c08f2c44c6f867cc1351ff8eab74449d3694,H3,"s0,s1,s2",18864,19477,18705,19205,18610,25254,18705,2.262335,
26ef546c961fd47e44ba63069f98c08f2c44c6f867cc1351ff8eab74449d3694,H4,"s0,s1,s2",11101,11795,10840,11459,11005,11711,11005,3.857824,
2718f8e7e9566fb7e83409259c9f365030f18991f4dfd010dcf1670196495b62,H0,"s0,s1,s2",15698,15910,15654,15887,16041,16478,15698,1.000000,
2718f8e7e9566fb7e83409259c9f365030f18991f4dfd010dcf1670196495b62,H1,"s0,s1,s2",1957,2305,1968,2294,2043,2497,1968,7.942166,
2718f8e7e9566fb7e83409259c9f365030f18991f4dfd010dcf1670196495b62,H2,"s0,s1,s2",5025,5379,4699,5020,5165,5556,5025,3.185393,
2718f8e7e9566fb7e83409259c9f365030f18991f4dfd010dcf1670196495b62,H3,"s0,s1,s2",4199,4504,3936,4251,4168,4407,4168,3.853519,
2718f8e7e9566fb7e83409259c9f365030f18991f4dfd010dcf1670196495b62,H4,"s0,s1,s2",1975,4907,1965,2282,2133,2647,1975,7.808966,
273fa8cb17228573bab33fed4e0e69f9cc361c86d516fc788ce578678fb80293,H0,"s0,s1,s2",3874,4065,4299,4569,4000,4254,4000,1.000000,
273fa8cb17228573bab33fed4e0e69f9cc361c86d516fc788ce578678fb80293,H1,"s0,s1,s2",6105,6521,6792,7193,6255,6529,6255,0.635661,
273fa8cb17228573bab33fed4e0e69f9cc361c86d516fc788ce578678fb80293,H2,"s0,s1,s2",4007,4239,4485,4843,4125,4384,4125,0.965000,
273fa8cb17228573bab33fed4e0e69f9cc361c86d516fc788ce578678fb80293,H3,"s0,s1,s2",3738,3981,4258,4463,3813,4036,3813,1.031554,
273fa8cb17228573bab33fed4e0e69f9cc361c86d516fc788ce578678fb80293,H4,"s0,s1,s2",1478,1584,1678,1811,1501,1584,1501,2.615652,
279864387d6761eec0db710f2df2a97740138b567c2c83dcccb164630c9ae2d1,H0,"s0,s1,s2",28048,48655,27387,31449,28651,30435,28048,1.000000,
279864387d6761eec0db710f2df2a97740138b567c2c83dcccb164630c9ae2d1,H1,"s0,s1,s2",7180,8155,7154,7374,7278,7656,7180,3.890155,
279864387d6761eec0db710f2df2a97740138b567c2c83dcccb164630c9ae2d1,H2,"s0,s1,s2",13870,18446,14035,18171,13895,19447,13895,2.011313,
279864387d6761eec0db710f2df2a97740138b567c2c83dcccb164630c9ae2d1,H3,"s0,s1,s2",12023,22895,11968,12166,11880,13224,11968,2.343753,
279864387d6761eec0db710f2df2a97740138b567c2c83dcccb164630c9ae2d1,H4,"s0,s1,s2",5641,14157,5690,6221,5927,6255,5690,4.872602,
28a1acf90b38df679a58bf587c158e7b7a97095308f7efc057237cab5f68e3e9,H0,"s0,s1,s2",15513,15719,15432,15974,15712,19400,15513,1.000000,
28a1acf90b38df679a58bf587c158e7b7a97095308f7efc057237cab5f68e3e9,H1,"s0,s1,s2",2913,3366,2901,3235,2944,3192,2913,5.327308,
28a1acf90b38df679a58bf587c158e7b7a97095308f7efc057237cab5f68e3e9,H2,"s0,s1,s2",5639,5952,5839,6429,5545,5838,5639,2.741379,
28a1acf90b38df679a58bf587c158e7b7a97095308f7efc057237cab5f68e3e9,H3,"s0,s1,s2",5106,5567,4885,5227,5013,5362,5013,3.110060,
28a1acf90b38df679a58bf587c158e7b7a97095308f7efc057237cab5f68e3e9,H4,"s0,s1,s2",2499,2945,2484,2987,2502,2846,2499,6.233253,
28d504bae47605bbffc9527edfa75df3e1d91094a3b0ba5637ce9390eadac374,H0,"s0,s1,s2",31680,36773,27833,32799,28975,34143,28975,1.000000,
28d504bae47605bbffc9527edfa75df3e1d91094a3b0ba5637ce9390eadac374,H1,"s0,s1,s2",5229,5568,4784,5237,4921,5333,4921,5.920638,
28d504bae47605bbffc9527edfa75df3e1d91094a3b0ba5637ce9390eadac374,H2,"s0,s1,s2",14313,15196,14152,14823,14377,15790,14313,2.062453,
28d504bae47605bbffc9527edfa75df3e1d91094a3b0ba5637ce9390eadac374,H3,"s0,s1,s2",11713,12252,11684,12433,11938,13065,11713,2.500686,
28d504bae47605bbffc9527edfa75df3e1d91094a3b0ba5637ce9390eadac374,H4,"s0,s1,s2",5096,5293,5356,5609,5251,5638,5251,5.627976,
2904613ba6435ee558ed3d245d9e38820d67316f8316fa96e8a17ba5ded9d27b,H0,"s0,s1,s2",18780,19011,15543,15706,16129,16423,16129,1.000000,
2904613ba6435ee558ed3d245d9e38820d67316f8316fa96e8a17ba5ded9d27b,H1,"s0,s1,s2",29206,29821,25660,26399,26078,28215,26078,0.622221,
2904613ba6435ee558ed3d245d9e38820d67316f8316fa96e8a17ba5ded9d27b,H2,"s0,s1,s2",10811,11137,9455,9863,9612,10310,9612,1.685902,
2904613ba6435ee558ed3d245d9e38820d67316f8316fa96e8a17ba5ded9d27b,H3,"s0,s1,s2",10184,10500,8719,9040,8739,9152,8739,1.823883,
2904613ba6435ee558ed3d245d9e38820d67316f8316fa96e8a17ba5ded9d27b,H4,"s0,s1,s2",5616,5850,4920,5507,4863,5317,4920,3.272255,
2a2b60261297aeb6979831a4ecb88cb780699e65e29feb38b0378c832df99740,H0,"s0,s1,s2",19381,19916,19444,19901,20503,32756,19444,1.000000,
2a2b60261297aeb6979831a4ecb88cb780699e65e29feb38b0378c832df99740,H1,"s0,s1,s2",11618,12241,11577,12198,11855,12683,11618,1.692194,
2a2b60261297aeb6979831a4ecb88cb780699e65e29feb38b0378c832df99740,H2,"s0,s1,s2",11499,11812,11351,11739,11661,12104,11499,1.718633,
2a2b60261297aeb6979831a4ecb88cb780699e65e29feb38b0378c832df99740,H3,"s0,s1,s2",9412,10131,9334,9746,9488,10042,9412,2.100640,
2a2b60261297aeb6979831a4ecb88cb780699e65e29feb38b0378c832df99740,H4,"s0,s1,s2",4571,9507,4616,5060,4735,5169,4616,4.260502,
2b0e5a48116bf2be5f6a0c9e574505818b6af3c45fb1c901743c508990df940b,H0,"s0,s1,s2",742,768,732,760,769,793,742,1.000000,
2b0e5a48116bf2be5f6a0c9e574505818b6af3c45fb1c901743c508990df940b,H1,"s0,s1,s2",977,1225,938,1319,942,1094,942,0.785051,
2b0e5a48116bf2be5f6a0c9e574505818b6af3c45fb1c901743c508990df940b,H2,"s0,s1,s2",1515,1571,1351,1393,1424,1458,1424,0.523304,
2b0e5a48116bf2be5f6a0c9e574505818b6af3c45fb1c901743c508990df940b,H3,"s0,s1,s2",1635,3663,1472,1521,1548,1586,1548,0.482186,
2b0e5a48116bf2be5f6a0c9e574505818b6af3c45fb1c901743c508990df940b,H4,"s0,s1,s2",1005,1061,1002,1051,971,1004,1002,0.753118,
2c5b85b771b54fba5afafce775b0c8eadfead92b78bbf3ef6c75d433c6d4ad18,H0,"s0,s1,s2",34947,57232,32045,32570,33539,46410,33539,1.000000,
2c5b85b771b54fba5afafce775b0c8eadfead92b78bbf3ef6c75d433c6d4ad18,H1,"s0,s1,s2",13551,25861,13006,13408,13157,13724,13157,2.530168,
2c5b85b771b54fba5afafce775b0c8eadfead92b78bbf3ef6c75d433c6d4ad18,H2,"s0,s1,s2",23317,40783,23200,24544,23252,24944,23252,1.440013,
2c5b85b771b54fba5afafce775b0c8eadfead92b78bbf3ef6c75d433c6d4ad18,H3,"s0,s1,s2",20594,23002,20595,21285,20765,32269,20595,1.621668,
2c5b85b771b54fba5afafce775b0c8eadfead92b78bbf3ef6c75d433c6d4ad18,H4,"s0,s1,s2",7273,7659,7210,7672,7363,7825,7273,4.599093,
2d4c15fae5a33931c3f2fc94670f8bcc671664084b8421f50aa8c8d919b72730,H0,"s0,s1,s2",31627,35825,31749,32450,33516,55443,31749,1.000000,
2d4c15fae5a33931c3f2fc94670f8bcc671664084b8421f50aa8c8d919b72730,H1,"s0,s1,s2",45084,50619,45104,51312,46324,59146,45104,0.709576,
2d4c15fae5a33931c3f2fc94670f8bcc671664084b8421f50aa8c8d919b72730,H2,"s0,s1,s2",14930,15525,15051,15643,15175,26895,15051,2.145007,
2d4c15fae5a33931c3f2fc94670f8bcc671664084b8421f50aa8c8d919b72730,H3,"s0,s1,s2",12339,13082,12121,12600,12390,13136,12339,2.628554,
2d4c15fae5a33931c3f2fc94670f8bcc671664084b8421f50aa8c8d919b72730,H4,"s0,s1,s2",5871,6816,5629,6083,5738,6235,5738,5.619687,
2edd653b610f67c24d664df54668f4014d18496e02a6a9b4acf808ed2cb05a1c,H0,"s0,s1,s2",56886,69313,53492,59341,54508,60932,54508,1.000000,
2edd653b610f67c24d664df54668f4014d18496e02a6a9b4acf808ed2cb05a1c,H1,"s0,s1,s2",8151,8535,7834,8220,7846,8485,7846,6.917841,
2edd653b610f67c24d664df54668f4014d18496e02a6a9b4acf808ed2cb05a1c,H2,"s0,s1,s2",12738,16446,11966,12613,11882,17259,11966,4.507526,
2edd653b610f67c24d664df54668f4014d18496e02a6a9b4acf808ed2cb05a1c,H3,"s0,s1,s2",9968,10975,10513,16985,9880,10537,9968,5.431098,
2edd653b610f67c24d664df54668f4014d18496e02a6a9b4acf808ed2cb05a1c,H4,"s0,s1,s2",4897,5273,4963,5426,5017,5481,4963,11.080142,
2f060a48158608a4c224db927de925824718ea939bc14edddec8dc63e8fcfb33,H0,"s0,s1,s2",44282,48668,43884,46398,45356,51044,44282,1.000000,
2f060a48158608a4c224db927de925824718ea939bc14edddec8dc63e8fcfb33,H1,"s0,s1,s2",71507,76049,71435,77082,72115,78771,71507,0.620813,
2f060a48158608a4c224db927de925824718ea939bc14edddec8dc63e8fcfb33,H2,"s0,s1,s2",20703,21078,20516,20999,20559,27710,20559,2.161126,
2f060a48158608a4c224db927de925824718ea939bc14edddec8dc63e8fcfb33,H3,"s0,s1,s2",19595,20363,19394,19927,19580,26868,19580,2.279542,
2f060a48158608a4c224db927de925824718ea939bc14edddec8dc63e8fcfb33,H4,"s0,s1,s2",11707,12235,11619,12052,11640,12236,11640,3.818273,
2fb29c474b52c1c8256698db4b2f0fc61caebcc383a97268b3c8c41d9f525bd3,H0,"s0,s1,s2",15694,16032,15683,15987,15874,17336,15694,1.000000,
2fb29c474b52c1c8256698db4b2f0fc61caebcc383a97268b3c8c41d9f525bd3,H1,"s0,s1,s2",3585,3908,3614,4024,3525,3942,3585,4.406268,
2fb29c474b52c1c8256698db4b2f0fc61caebcc383a97268b3c8c41d9f525bd3,H2,"s0,s1,s2",5571,5773,5496,6138,5522,5863,5522,2.848334,
2fb29c474b52c1c8256698db4b2f0fc61caebcc383a97268b3c8c41d9f525bd3,H3,"s0,s1,s2",4818,5221,4669,5092,4794,5381,4794,3.308924,
2fb29c474b52c1c8256698db4b2f0fc61caebcc383a97268b3c8c41d9f525bd3,H4,"s0,s1,s2",2226,2740,2261,2676,2257,2783,2257,7.006438,
2ff4ae358e199e534d0a91c130b37cc063b3735932d6edd0149ee239cb95468c,H0,"s0,s1,s2",19058,23911,19045,19560,21978,33739,19058,1.000000,
2ff4ae358e199e534d0a91c130b37cc063b3735932d6edd0149ee239cb95468c,H1,"s0,s1,s2",8004,8770,7987,8381,8918,15907,8004,2.409699,
2ff4ae358e199e534d0a91c130b37cc063b3735932d6edd0149ee239cb95468c,H2,"s0,s1,s2",10844,22573,10933,11179,11857,12491,10933,1.783669,
2ff4ae358e199e534d0a91c130b37cc063b3735932d6edd0149ee239cb95468c,H3,"s0,s1,s2",8916,9314,8920,9490,9627,20585,8920,2.184105,
2ff4ae358e199e534d0a91c130b37cc063b3735932d6edd0149ee239cb95468c,H4,"s0,s1,s2",4451,4652,4494,4695,4772,5150,4494,4.372050,
30dffcdd162cd3466afe07c1c0d86533fa15a5e9ad7d35fc38a469a57acb436c,H0,"s0,s1,s2",20329,20660,18668,18822,19746,19988,19746,1.000000,
30dffcdd162cd3466afe07c1c0d86533fa15a5e9ad7d35fc38a469a57acb436c,H1,"s0,s1,s2",5786,10092,5392,5766,5391,5598,5392,3.545127,
30dffcdd162cd3466afe07c1c0d86533fa15a5e9ad7d35fc38a469a57acb436c,H2,"s0,s1,s2",12395,22530,10854,11685,11069,11648,11069,1.713626,
30dffcdd162cd3466afe07c1c0d86533fa15a5e9ad7d35fc38a469a57acb436c,H3,"s0,s1,s2",8622,20330,8373,9216,8521,8841,8521,2.300935,
30dffcdd162cd3466afe07c1c0d86533fa15a5e9ad7d35fc38a469a57acb436c,H4,"s0,s1,s2",4216,9922,4399,4510,4343,4446,4343,4.531231,
318adda97a093d8c6098e3b8cc412a93eb7a62e9627cb6e12c8e90150c91dc01,H0,"s0,s1,s2",53098,53661,58028,82004,57453,73706,57453,1.000000,
318adda97a093d8c6098e3b8cc412a93eb7a62e9627cb6e12c8e90150c91dc01,H1,"s0,s1,s2",61210,65595,60748,66487,66776,72551,61210,0.893342,
318adda97a093d8c6098e3b8cc412a93eb7a62e9627cb6e12c8e90150c91dc01,H2,"s0,s1,s2",9957,10636,10070,16925,10730,11316,10070,5.479702,
318adda97a093d8c6098e3b8cc412a93eb7a62e9627cb6e12c8e90150c91dc01,H3,"s0,s1,s2",7838,8497,7808,8230,8558,9168,7838,6.965790,
318adda97a093d8c6098e3b8cc412a93eb7a62e9627cb6e12c8e90150c91dc01,H4,"s0,s1,s2",4037,7986,3996,4460,4318,4603,4037,13.646477,
3300a2d9022e8a1c79a98e0121dd19e73c4438ebf22a5d520ce8347dfd90b99a,H0,"s0,s1,s2",16347,17915,16438,16794,17368,21818,16438,1.000000,
3300a2d9022e8a1c79a98e0121dd19e73c4438ebf22a5d520ce8347dfd90b99a,H1,"s0,s1,s2",26469,27593,26516,31503,27019,38117,26516,0.626673,
3300a2d9022e8a1c79a98e0121dd19e73c4438ebf22a5d520ce8347dfd90b99a,H2,"s0,s1,s2",10167,12393,10036,10582,10016,11408,10036,1.659064,
3300a2d9022e8a1c79a98e0121dd19e73c4438ebf22a5d520ce8347dfd90b99a,H3,"s0,s1,s2",9133,16085,8904,9546,8949,9827,8949,1.857895,
3300a2d9022e8a1c79a98e0121dd19e73c4438ebf22a5d520ce8347dfd90b99a,H4,"s0,s1,s2",4767,5137,4812,5226,4791,5719,4791,3.488831,
330dcfc43e116d2aa79da4d68100c4dd314cb1e271975f62f645a08fc5810cc1,H0,"s0,s1,s2",52976,83823,48554,54134,53796,55788,52976,1.000000,
330dcfc43e116d2aa79da4d68100c4dd314cb1e271975f62f645a08fc5810cc1,H1,"s0,s1,s2",77221,98997,71760,72685,72229,78314,72229,0.701846,
330dcfc43e116d2aa79da4d68100c4dd314cb1e271975f62f645a08fc5810cc1,H2,"s0,s1,s2",20177,21797,19754,20060,19887,24550,19887,2.594126,
330dcfc43e116d2aa79da4d68100c4dd314cb1e271975f62f645a08fc5810cc1,H3,"s0,s1,s2",17892,22582,17460,17988,17805,23216,17805,2.919239,
330dcfc43e116d2aa79da4d68100c4dd314cb1e271975f62f645a08fc5810cc1,H4,"s0,s1,s2",10059,10589,10021,10708,10377,10814,10059,5.095328,
331d1ef073894d6ae4442ec399445a21b59aef142ccbfabccebce9111083efba,H0,"s0,s1,s2",24962,29461,25216,26427,25302,25849,25216,1.000000,
331d1ef073894d6ae4442ec399445a21b59aef142ccbfabccebce9111083efba,H1,"s0,s1,s2",28972,29447,29698,30663,29320,40094,29320,0.857854,
331d1ef073894d6ae4442ec399445a21b59aef142ccbfabccebce9111083efba,H2,"s0,s1,s2",39993,40998,39932,45092,40156,46706,39993,0.628567,
331d1ef073894d6ae4442ec399445a21b59aef142ccbfabccebce9111083efba,H3,"s0,s1,s2",41804,46377,41697,48321,42184,54356,41804,0.600547,
331d1ef073894d6ae4442ec399445a21b59aef142ccbfabccebce9111083efba,H4,"s0,s1,s2",34727,39852,34677,38962,35043,37803,34727,0.722659,
35404eaab3f15956b8e8a5cae1ac43f06a928c2202b336f47fff5a55923401cf,H0,"s0,s1,s2",53513,57756,53258,53635,54182,67145,53513,1.000000,
35404eaab3f15956b8e8a5cae1ac43f06a928c2202b336f47fff5a55923401cf,H1,"s0,s1,s2",8084,8535,8151,8568,8248,8851,8151,6.574122,
35404eaab3f15956b8e8a5cae1ac43f06a928c2202b336f47fff5a55923401cf,H2,"s0,s1,s2",15496,16044,15552,15826,15384,16683,15496,3.466368,
35404eaab3f15956b8e8a5cae1ac43f06a928c2202b336f47fff5a55923401cf,H3,"s0,s1,s2",15717,15951,15655,15943,15654,17166,15655,3.422555,
35404eaab3f15956b8e8a5cae1ac43f06a928c2202b336f47fff5a55923401cf,H4,"s0,s1,s2",8072,8526,8056,8609,8066,8679,8066,6.652427,
35d27df02a7ba96db3fb70d8748a04eb10050e407a5f086ee3002b1bc22ead4a,H0,"s0,s1,s2",28663,32508,27438,32611,28805,30481,28663,1.000000,
35d27df02a7ba96db3fb70d8748a04eb10050e407a5f086ee3002b1bc22ead4a,H1,"s0,s1,s2",8600,9163,8590,9538,8733,8894,8600,3.274630,
35d27df02a7ba96db3fb70d8748a04eb10050e407a5f086ee3002b1bc22ead4a,H2,"s0,s1,s2",13367,24311,12932,17344,12838,13337,12932,2.169277,
35d27df02a7ba96db3fb70d8748a04eb10050e407a5f086ee3002b1bc22ead4a,H3,"s0,s1,s2",11213,16801,10403,10956,10685,10999,10685,2.629233,
35d27df02a7ba96db3fb70d8748a04eb10050e407a5f086ee3002b1bc22ead4a,H4,"s0,s1,s2",5247,6581,5210,5670,5228,5405,5228,5.411935,
375082fae6af307a7d906ce9cde1190998e219931ca5be9412f98ec53b17d813,H0,"s0,s1,s2",1522,1551,1529,1557,1565,1599,1529,1.000000,
375082fae6af307a7d906ce9cde1190998e219931ca5be9412f98ec53b17d813,H1,"s0,s1,s2",1248,1590,1238,1530,1229,1487,1238,1.242462,
375082fae6af307a7d906ce9cde1190998e219931ca5be9412f98ec53b17d813,H2,"s0,s1,s2",1956,2026,1876,1929,2009,2125,1956,0.790530,
375082fae6af307a7d906ce9cde1190998e219931ca5be9412f98ec53b17d813,H3,"s0,s1,s2",1985,2070,1932,2081,2018,2183,1985,0.777826,
375082fae6af307a7d906ce9cde1190998e219931ca5be9412f98ec53b17d813,H4,"s0,s1,s2",989,1033,1032,1051,1024,1059,1024,1.516073,
37a4edb9e0cb1ce796b798a7da0301ee195c488c4fa14da6982e9961f5f290ff,H0,"s0,s1,s2",23949,24322,24220,26738,23999,30043,23999,1.000000,
37a4edb9e0cb1ce796b798a7da0301ee195c488c4fa14da6982e9961f5f290ff,H1,"s0,s1,s2",52485,58920,52452,65368,52309,62053,52452,0.458945,
37a4edb9e0cb1ce796b798a7da0301ee195c488c4fa14da6982e9961f5f290ff,H2,"s0,s1,s2",42515,43282,42081,46782,42134,43989,42134,0.569462,
37a4edb9e0cb1ce796b798a7da0301ee195c488c4fa14da6982e9961f5f290ff,H3,"s0,s1,s2",42863,44496,42681,65345,42796,51210,42796,0.562313,
37a4edb9e0cb1ce796b798a7da0301ee195c488c4fa14da6982e9961f5f290ff,H4,"s0,s1,s2",38123,43597,38142,39251,38171,49991,38142,0.630633,
3894853a240d3e0f321516d0da715d2a4bd817df342bf7a38cae58202bfdc2a4,H0,"s0,s1,s2",13374,13801,13380,14292,13836,14244,13380,1.000000,
3894853a240d3e0f321516d0da715d2a4bd817df342bf7a38cae58202bfdc2a4,H1,"s0,s1,s2",19025,19610,19047,19589,19461,21087,19047,0.705457,
3894853a240d3e0f321516d0da715d2a4bd817df342bf7a38cae58202bfdc2a4,H2,"s0,s1,s2",17417,17777,17437,17821,17770,18852,17437,0.771256,
3894853a240d3e0f321516d0da715d2a4bd817df342bf7a38cae58202bfdc2a4,H3,"s0,s1,s2",16922,17617,16834,17498,18301,34200,16922,0.780198,
3894853a240d3e0f321516d0da715d2a4bd817df342bf7a38cae58202bfdc2a4,H4,"s0,s1,s2",21177,22716,21539,22199,21352,22786,21352,0.633480,
392342df8f31cb6f71b75e32d72721664a6e556873039ac8529b9bf5b088ea19,H0,"s0,s1,s2",31465,32030,31428,31689,33044,45531,31465,1.000000,
392342df8f31cb6f71b75e32d72721664a6e556873039ac8529b9bf5b088ea19,H1,"s0,s1,s2",14047,14712,14120,14422,14108,15134,14108,2.268739,
392342df8f31cb6f71b75e32d72721664a6e556873039ac8529b9bf5b088ea19,H2,"s0,s1,s2",16519,16693,16522,16904,16497,28065,16519,1.936104,
392342df8f31cb6f71b75e32d72721664a6e556873039ac8529b9bf5b088ea19,H3,"s0,s1,s2",13827,14237,13789,14368,14127,14700,13827,2.297782,
392342df8f31cb6f71b75e32d72721664a6e556873039ac8529b9bf5b088ea19,H4,"s0,s1,s2",5895,6224,6086,6480,6350,6628,6086,5.234588,
392e7203a9839581a2b1b4954bfe9e9ba87841104dea822327cce471c6212ddf,H0,"s0,s1,s2",21480,22060,21616,22312,22547,24086,21616,1.000000,
392e7203a9839581a2b1b4954bfe9e9ba87841104dea822327cce471c6212ddf,H1,"s0,s1,s2",33243,34342,33500,47020,33425,44670,33425,0.655180,
392e7203a9839581a2b1b4954bfe9e9ba87841104dea822327cce471c6212ddf,H2,"s0,s1,s2",10580,11071,10328,10705,10621,11413,10580,2.081663,
392e7203a9839581a2b1b4954bfe9e9ba87841104dea822327cce471c6212ddf,H3,"s0,s1,s2",9739,10201,9625,10204,9689,10151,9689,2.258923,
392e7203a9839581a2b1b4954bfe9e9ba87841104dea822327cce471c6212ddf,H4,"s0,s1,s2",5205,5472,5413,5927,5310,5630,5310,4.120802,
3992c2e33c56a016a4e7e1a1358558a95d40efb739398888149cf0c5481e3af2,H0,"s0,s1,s2",15993,16371,16015,16264,16713,21415,16015,1.000000,
3992c2e33c56a016a4e7e1a1358558a95d40efb739398888149cf0c5481e3af2,H1,"s0,s1,s2",25397,25781,25598,28121,26190,27625,25598,0.631145,
3992c2e33c56a016a4e7e1a1358558a95d40efb739398888149cf0c5481e3af2,H2,"s0,s1,s2",9600,10187,9611,9958,9692,16746,9611,1.685334,
3992c2e33c56a016a4e7e1a1358558a95d40efb739398888149cf0c5481e3af2,H3,"s0,s1,s2",8445,8985,8337,8855,8490,9310,8445,1.927516,
3992c2e33c56a016a4e7e1a1358558a95d40efb739398888149cf0c5481e3af2,H4,"s0,s1,s2",4286,4752,4433,4976,4422,4882,4422,3.707213,
3c133915b696d78d1d44662584541d3f5679d24eeb1e105977c759e14b86eb1d,H0,"s0,s1,s2",32149,46270,31880,36345,33357,37657,32149,1.000000,
3c133915b696d78d1d44662584541d3f5679d24eeb1e105977c759e14b86eb1d,H1,"s0,s1,s2",15320,16172,15427,16135,15663,22848,15427,2.098066,
3c133915b696d78d1d44662584541d3f5679d24eeb1e105977c759e14b86eb1d,H2,"s0,s1,s2",18701,19164,18780,19616,18877,19832,18780,1.727666,
3c133915b696d78d1d44662584541d3f5679d24eeb1e105977c759e14b86eb1d,H3,"s0,s1,s2",16671,17113,16766,17423,16978,28259,16766,1.931368,
3c133915b696d78d1d44662584541d3f5679d24eeb1e105977c759e14b86eb1d,H4,"s0,s1,s2",6468,6828,6433,6924,6643,7311,6468,4.982435,
3c25e444b14e48b386f862a4259b02b0b1fd9924405470d313ebd346a0dd151e,H0,"s0,s1,s2",15616,15943,15561,15843,15906,16996,15616,1.000000,
3c25e444b14e48b386f862a4259b02b0b1fd9924405470d313ebd346a0dd151e,H1,"s0,s1,s2",1771,2242,1669,2048,1678,1995,1678,9.202387,
3c25e444b14e48b386f862a4259b02b0b1fd9924405470d313ebd346a0dd151e,H2,"s0,s1,s2",4698,5267,4591,4983,4783,5170,4698,3.346179,
3c25e444b14e48b386f862a4259b02b0b1fd9924405470d313ebd346a0dd151e,H3,"s0,s1,s2",3959,4301,3767,3993,3996,4291,3959,4.017790,
3c25e444b14e48b386f862a4259b02b0b1fd9924405470d313ebd346a0dd151e,H4,"s0,s1,s2",1680,2231,1645,2129,1617,2059,1645,9.527838,
3c88ae2f78a2c23f144079aa0fe066090113cdead865398c496406680efc361d,H0,"s0,s1,s2",10766,11591,9587,10274,9777,10538,9777,1.000000,
3c88ae2f78a2c23f144079aa0fe066090113cdead865398c496406680efc361d,H1,"s0,s1,s2",10958,11279,9614,9880,9506,9871,9614,1.002543,
3c88ae2f78a2c23f144079aa0fe066090113cdead865398c496406680efc361d,H2,"s0,s1,s2",17246,17805,15115,15709,15096,15949,15115,0.635323,
3c88ae2f78a2c23f144079aa0fe066090113cdead865398c496406680efc361d,H3,"s0,s1,s2",17456,18203,15250,16193,15199,16559,15250,0.629464,
3c88ae2f78a2c23f144079aa0fe066090113cdead865398c496406680efc361d,H4,"s0,s1,s2",11227,11628,11377,11939,11238,11689,11238,0.889175,
3c8b0539a72ecc3e1b7fb15a422daa21b098dbb73dc417b9482244d357371093,H0,"s0,s1,s2",43161,46703,42714,43822,44423,57777,43161,1.000000,
3c8b0539a72ecc3e1b7fb15a422daa21b098dbb73dc417b9482244d357371093,H1,"s0,s1,s2",71767,76341,71607,77480,72500,78241,71767,0.603509,
3c8b0539a72ecc3e1b7fb15a422daa21b098dbb73dc417b9482244d357371093,H2,"s0,s1,s2",25499,38662,25180,25789,25331,37823,25331,1.714008,
3c8b0539a72ecc3e1b7fb15a422daa21b098dbb73dc417b9482244d357371093,H3,"s0,s1,s2",25220,27052,25076,29963,43054,50681,25220,1.443503,1.7169
3c8b0539a72ecc3e1b7fb15a422daa21b098dbb73dc417b9482244d357371093,H4,"s0,s1,s2",15687,16114,15695,16246,30377,42913,15695,2.220621,1.9364
3ec882463f43c8055c3d941986dc7838337a52d911629c0b8590307d5975a0b8,H0,"s0,s1,s2",19172,19599,17153,17591,18202,24040,18202,1.000000,
3ec882463f43c8055c3d941986dc7838337a52d911629c0b8590307d5975a0b8,H1,"s0,s1,s2",34023,36205,31294,32361,31644,37608,31644,0.562169,
3ec882463f43c8055c3d941986dc7838337a52d911629c0b8590307d5975a0b8,H2,"s0,s1,s2",15358,26221,14081,14609,14209,15314,14209,1.248911,
3ec882463f43c8055c3d941986dc7838337a52d911629c0b8590307d5975a0b8,H3,"s0,s1,s2",12626,13076,12436,13032,12616,13933,12616,1.445727,
3ec882463f43c8055c3d941986dc7838337a52d911629c0b8590307d5975a0b8,H4,"s0,s1,s2",6532,6822,6528,6762,6720,7448,6532,2.754083,
3ef0fa59822abeed39ef4a351ed36822746749903995994c4eed394b51ea2987,H0,"s0,s1,s2",22303,22942,22459,23067,23114,24715,22459,1.000000,
3ef0fa59822abeed39ef4a351ed36822746749903995994c4eed394b51ea2987,H1,"s0,s1,s2",34153,38171,34184,35424,34711,41240,34184,0.658623,
3ef0fa59822abeed39ef4a351ed36822746749903995994c4eed394b51ea2987,H2,"s0,s1,s2",12982,14035,13201,20298,13110,14431,13110,1.727266,
3ef0fa59822abeed39ef4a351ed36822746749903995994c4eed394b51ea2987,H3,"s0,s1,s2",13299,14322,13360,13973,13478,18617,13360,1.690931,
3ef0fa59822abeed39ef4a351ed36822746749903995994c4eed394b51ea2987,H4,"s0,s1,s2",7958,8409,7929,8303,8154,8750,7958,2.823223,
3f8a73a4641f3f0976ef651684df44932aa557eb0691bc2d4a7ade6067241abd,H0,"s0,s1,s2",26770,27273,26786,27357,28028,30705,26786,1.000000,
3f8a73a4641f3f0976ef651684df44932aa557eb0691bc2d4a7ade6067241abd,H1,"s0,s1,s2",5189,5441,5146,5401,5520,5942,5189,5.146974,
3f8a73a4641f3f0976ef651684df44932aa557eb0691bc2d4a7ade6067241abd,H2,"s0,s1,s2",12217,12539,12337,12544,13227,14212,12337,2.160251,
3f8a73a4641f3f0976ef651684df44932aa557eb0691bc2d4a7ade6067241abd,H3,"s0,s1,s2",10063,10963,10202,11731,10252,11714,10202,2.672857,
3f8a73a4641f3f0976ef651684df44932aa557eb0691bc2d4a7ade6067241abd,H4,"s0,s1,s2",5069,5327,5132,5637,5152,5637,5132,5.312772,
4067160e3a7b55a3422b1237d7604d6b3571b8b8126ac654c7be36c0ea20e51f,H0,"s0,s1,s2",22001,37404,21916,22381,22315,23799,22001,1.000000,
4067160e3a7b55a3422b1237d7604d6b3571b8b8126ac654c7be36c0ea20e51f,H1,"s0,s1,s2",35166,46631,34583,36026,35079,39225,35079,0.631814,
4067160e3a7b55a3422b1237d7604d6b3571b8b8126ac654c7be36c0ea20e51f,H2,"s0,s1,s2",9990,18874,9646,10099,9757,10318,9757,2.253498,
4067160e3a7b55a3422b1237d7604d6b3571b8b8126ac654c7be36c0ea20e51f,H3,"s0,s1,s2",8439,8861,8341,8622,8548,9069,8439,2.615024,
4067160e3a7b55a3422b1237d7604d6b3571b8b8126ac654c7be36c0ea20e51f,H4,"s0,s1,s2",4566,4935,4846,7998,4451,4665,4566,4.780514,
42070cacc5632f1af9183251973e8f18015f378dfdc9ad3d8e36c3558922262a,H0,"s0,s1,s2",24901,25390,24873,31135,27915,38482,24901,1.000000,
42070cacc5632f1af9183251973e8f18015f378dfdc9ad3d8e36c3558922262a,H1,"s0,s1,s2",33547,35211,33531,35164,34360,47925,33547,0.764792,
42070cacc5632f1af9183251973e8f18015f378dfdc9ad3d8e36c3558922262a,H2,"s0,s1,s2",8303,8516,8125,8607,8877,9636,8303,3.067745,
42070cacc5632f1af9183251973e8f18015f378dfdc9ad3d8e36c3558922262a,H3,"s0,s1,s2",6833,7103,6810,13747,7437,9324,6833,3.683060,
42070cacc5632f1af9183251973e8f18015f378dfdc9ad3d8e36c3558922262a,H4,"s0,s1,s2",3519,3668,3801,4076,4021,4282,3801,6.850314,
4248050af4a7608e80b042417b7b9b3cc07049ae407ad6591f39769a60be2792,H0,"s0,s1,s2",25070,40437,24875,25730,25111,26325,25070,1.000000,
4248050af4a7608e80b042417b7b9b3cc07049ae407ad6591f39769a60be2792,H1,"s0,s1,s2",28541,49433,28742,29040,28235,29631,28541,0.877679,
4248050af4a7608e80b042417b7b9b3cc07049ae407ad6591f39769a60be2792,H2,"s0,s1,s2",38428,40600,38322,39100,38437,45672,38428,0.651596,
4248050af4a7608e80b042417b7b9b3cc07049ae407ad6591f39769a60be2792,H3,"s0,s1,s2",40258,40772,40070,45673,40249,46507,40249,0.622470,
4248050af4a7608e80b042417b7b9b3cc07049ae407ad6591f39769a60be2792,H4,"s0,s1,s2",33689,35950,33967,38598,33982,35885,33967,0.738464,
4339bccd9a6b5dac1d20c0d9ed2f681b9a59b3e563deab301205444fa2ec42f8,H0,"s0,s1,s2",19453,31745,19211,19687,20350,20646,19453,1.000000,
4339bccd9a6b5dac1d20c0d9ed2f681b9a59b3e563deab301205444fa2ec42f8,H1,"s0,s1,s2",33045,49803,30722,31758,31245,37210,31245,0.621234,
4339bccd9a6b5dac1d20c0d9ed2f681b9a59b3e563deab301205444fa2ec42f8,H2,"s0,s1,s2",11407,21878,10552,11026,10779,11257,10779,1.803040,
4339bccd9a6b5dac1d20c0d9ed2f681b9a59b3e563deab301205444fa2ec42f8,H3,"s0,s1,s2",8521,9382,8439,8840,8548,8941,8521,2.312872,
4339bccd9a6b5dac1d20c0d9ed2f681b9a59b3e563deab301205444fa2ec42f8,H4,"s0,s1,s2",4635,5183,4593,4745,4711,4986,4635,4.232665,
439e4c23fee03e3ed8606f26adc0ac5f3b91ecc85f6d1182a67dc905dd861a7c,H0,"s0,s1,s2",23520,23844,23478,24066,23619,28258,23520,1.000000,
439e4c23fee03e3ed8606f26adc0ac5f3b91ecc85f6d1182a67dc905dd861a7c,H1,"s0,s1,s2",51373,57675,51311,52142,51611,65377,51373,0.457675,
439e4c23fee03e3ed8606f26adc0ac5f3b91ecc85f6d1182a67dc905dd861a7c,H2,"s0,s1,s2",40277,41349,40351,41287,40536,46438,40351,0.582822,
439e4c23fee03e3ed8606f26adc0ac5f3b91ecc85f6d1182a67dc905dd861a7c,H3,"s0,s1,s2",42909,44837,42792,43796,43309,50916,42909,0.547382,
439e4c23fee03e3ed8606f26adc0ac5f3b91ecc85f6d1182a67dc905dd861a7c,H4,"s0,s1,s2",39854,40675,37803,39494,38239,40217,38239,0.609469,
4449a1441fa517de5827e3bcb0fc140702aba156f45e9c9252c648492621bc88,H0,"s0,s1,s2",43494,44413,43280,43784,44650,47141,43494,1.000000,
4449a1441fa517de5827e3bcb0fc140702aba156f45e9c9252c648492621bc88,H1,"s0,s1,s2",72534,76740,76306,78620,73182,77304,73182,0.592031,
4449a1441fa517de5827e3bcb0fc140702aba156f45e9c9252c648492621bc88,H2,"s0,s1,s2",22155,22691,22793,24405,22073,23532,22155,1.960956,
4449a1441fa517de5827e3bcb0fc140702aba156f45e9c9252c648492621bc88,H3,"s0,s1,s2",20981,21933,20122,24159,20807,21604,20807,2.122970,
4449a1441fa517de5827e3bcb0fc140702aba156f45e9c9252c648492621bc88,H4,"s0,s1,s2",13562,14188,13140,13737,13339,14196,13339,3.282201,
447fe959be09eada5f491ea310a2855addd5163085cb8b347726977f01e8bfd0,H0,"s0,s1,s2",12197,12563,12177,12384,12606,12869,12197,1.000000,
447fe959be09eada5f491ea310a2855addd5163085cb8b347726977f01e8bfd0,H1,"s0,s1,s2",16183,20341,16072,20223,16240,17485,16183,0.762463,
447fe959be09eada5f491ea310a2855addd5163085cb8b347726977f01e8bfd0,H2,"s0,s1,s2",6993,11807,6429,6602,6531,6718,6531,1.854363,
447fe959be09eada5f491ea310a2855addd5163085cb8b347726977f01e8bfd0,H3,"s0,s1,s2",6121,7605,5880,5971,5969,6207,5969,2.057895,
447fe959be09eada5f491ea310a2855addd5163085cb8b347726977f01e8bfd0,H4,"s0,s1,s2",3120,3569,3199,4273,3228,3688,3199,3.873374,
463151484c0fa7d8b7168aa0fdee85e2015a2d87f0bf4199c5b7a1a8b16544c8,H0,"s0,s1,s2",36839,40703,30973,31434,36125,65298,36125,1.000000,
463151484c0fa7d8b7168aa0fdee85e2015a2d87f0bf4199c5b7a1a8b16544c8,H1,"s0,s1,s2",48517,49206,44014,44640,48646,49737,48517,0.734834,
463151484c0fa7d8b7168aa0fdee85e2015a2d87f0bf4199c5b7a1a8b16544c8,H2,"s0,s1,s2",16894,17569,15846,16447,17301,21998,16894,2.072328,
463151484c0fa7d8b7168aa0fdee85e2015a2d87f0bf4199c5b7a1a8b16544c8,H3,"s0,s1,s2",14540,15966,13546,14517,14646,15643,14540,2.426618,
463151484c0fa7d8b7168aa0fdee85e2015a2d87f0bf4199c5b7a1a8b16544c8,H4,"s0,s1,s2",6692,7129,6190,6672,6747,7322,6692,5.283405,
470220da9fcb369d8a68ba498122c9fbc4762313beb5f15508a62d83f8c606a0,H0,"s0,s1,s2",16392,16637,16443,16703,17053,17408,16443,1.000000,
470220da9fcb369d8a68ba498122c9fbc4762313beb5f15508a62d83f8c606a0,H1,"s0,s1,s2",26647,27636,26633,27718,26989,28407,26647,0.621421,
470220da9fcb369d8a68ba498122c9fbc4762313beb5f15508a62d83f8c606a0,H2,"s0,s1,s2",11554,16532,11487,12065,11607,12078,11554,1.439632,
470220da9fcb369d8a68ba498122c9fbc4762313beb5f15508a62d83f8c606a0,H3,"s0,s1,s2",10812,16592,10771,11315,10753,11681,10771,1.542555,
470220da9fcb369d8a68ba498122c9fbc4762313beb5f15508a62d83f8c606a0,H4,"s0,s1,s2",6134,14053,5911,6286,5921,6447,5921,2.776758,
476e6ad80b60ad455b50273ee4763f97fd0ad78370abd2748be5f767457dd173,H0,"s0,s1,s2",27194,51869,25635,25952,25722,27126,25722,1.000000,
476e6ad80b60ad455b50273ee4763f97fd0ad78370abd2748be5f767457dd173,H1,"s0,s1,s2",29713,37115,30531,35856,29882,32226,29882,0.871307,
476e6ad80b60ad455b50273ee4763f97fd0ad78370abd2748be5f767457dd173,H2,"s0,s1,s2",40940,43439,40830,41573,41384,56104,40940,0.637603,
476e6ad80b60ad455b50273ee4763f97fd0ad78370abd2748be5f767457dd173,H3,"s0,s1,s2",45895,74794,43160,43787,43412,49095,43412,0.592996,
476e6ad80b60ad455b50273ee4763f97fd0ad78370abd2748be5f767457dd173,H4,"s0,s1,s2",34543,35998,34859,35747,34872,36976,34859,0.753043,
477d4193e5cf48d24ce63c619434301d107094e60be151353dea406ea0886abe,H0,"s0,s1,s2",21710,22299,21924,22194,24553,25112,21924,1.000000,
477d4193e5cf48d24ce63c619434301d107094e60be151353dea406ea0886abe,H1,"s0,s1,s2",35909,36736,35667,36916,39273,52927,35909,0.614762,
477d4193e5cf48d24ce63c619434301d107094e60be151353dea406ea0886abe,H2,"s0,s1,s2",12998,13393,12945,13481,14051,14800,12998,1.703463,
477d4193e5cf48d24ce63c619434301d107094e60be151353dea406ea0886abe,H3,"s0,s1,s2",13751,24700,13448,14370,14687,15527,13751,1.626496,
477d4193e5cf48d24ce63c619434301d107094e60be151353dea406ea0886abe,H4,"s0,s1,s2",7962,8710,7944,8343,8740,9136,7962,2.765055,
47aaac57137cfeaa51f2f3d6a932f174843a5320ba779d60fcf8d1effcc0a5f9,H0,"s0,s1,s2",25184,38836,25074,25768,25911,31967,25184,1.000000,
47aaac57137cfeaa51f2f3d6a932f174843a5320ba779d60fcf8d1effcc0a5f9,H1,"s0,s1,s2",34133,40209,34062,39488,34363,38722,34133,0.742618,
47aaac57137cfeaa51f2f3d6a932f174843a5320ba779d60fcf8d1effcc0a5f9,H2,"s0,s1,s2",11391,11913,11233,11807,11378,12850,11378,2.239940,
47aaac57137cfeaa51f2f3d6a932f174843a5320ba779d60fcf8d1effcc0a5f9,H3,"s0,s1,s2",10723,11034,10621,10958,10737,11295,10723,2.374047,
47aaac57137cfeaa51f2f3d6a932f174843a5320ba779d60fcf8d1effcc0a5f9,H4,"s0,s1,s2",5592,6241,5586,5994,5651,6028,5592,4.525637,
47aeefe99d8121f893aac8db461e662747ab17c6d4213956976a31629d706ea8,H0,"s0,s1,s2",19780,32508,18805,23076,19878,20182,19780,1.000000,
47aeefe99d8121f893aac8db461e662747ab17c6d4213956976a31629d706ea8,H1,"s0,s1,s2",12178,21725,11540,11745,11531,11734,11540,1.658598,
47aeefe99d8121f893aac8db461e662747ab17c6d4213956976a31629d706ea8,H2,"s0,s1,s2",11405,11747,11366,16765,11618,12006,11405,1.699597,
47aeefe99d8121f893aac8db461e662747ab17c6d4213956976a31629d706ea8,H3,"s0,s1,s2",8653,9015,8652,9598,8754,9057,8653,2.242819,
47aeefe99d8121f893aac8db461e662747ab17c6d4213956976a31629d706ea8,H4,"s0,s1,s2",4444,5196,4393,4720,4493,4738,4444,4.384636,
485e0b719aa9ef63171fa5a9da2b2bbc34eeba2c4968d8847723113a6f97d752,H0,"s0,s1,s2",17436,18009,17492,21345,20048,20711,17492,1.000000,
485e0b719aa9ef63171fa5a9da2b2bbc34eeba2c4968d8847723113a6f97d752,H1,"s0,s1,s2",31464,36285,31206,31638,34157,35163,31464,0.567033,
485e0b719aa9ef63171fa5a9da2b2bbc34eeba2c4968d8847723113a6f97d752,H2,"s0,s1,s2",12504,12957,12581,12892,14087,19874,12581,1.402571,
485e0b719aa9ef63171fa5a9da2b2bbc34eeba2c4968d8847723113a6f97d752,H3,"s0,s1,s2",10780,11299,10664,10850,11845,13219,10780,1.649787,
485e0b719aa9ef63171fa5a9da2b2bbc34eeba2c4968d8847723113a6f97d752,H4,"s0,s1,s2",5230,5431,5415,7460,5788,6182,5415,3.341255,
499049a46957f333b0a907e73909b010b9d9dfcc2fbbb8797a36c6da040d0746,H0,"s0,s1,s2",25003,30228,24937,30055,25210,26775,25003,1.000000,
499049a46957f333b0a907e73909b010b9d9dfcc2fbbb8797a36c6da040d0746,H1,"s0,s1,s2",4408,4615,4415,4673,4333,4761,4408,5.712366,
499049a46957f333b0a907e73909b010b9d9dfcc2fbbb8797a36c6da040d0746,H2,"s0,s1,s2",6778,7126,6753,7102,6854,12128,6778,3.686568,
499049a46957f333b0a907e73909b010b9d9dfcc2fbbb8797a36c6da040d0746,H3,"s0,s1,s2",7081,7637,6925,7279,7073,7774,7073,3.565308,
499049a46957f333b0a907e73909b010b9d9dfcc2fbbb8797a36c6da040d0746,H4,"s0,s1,s2",4394,5010,4500,4886,4454,4725,4454,5.630264,
49b6aadbd35328890b54131f7674e5aeba636eba3bc8c30d3ab95b2abf12830c,H0,"s0,s1,s2",13760,14013,13777,14161,14140,15029,13777,1.000000,
49b6aadbd35328890b54131f7674e5aeba636eba3bc8c30d3ab95b2abf12830c,H1,"s0,s1,s2",22204,23525,22151,23048,22315,34069,22204,0.625077,
49b6aadbd35328890b54131f7674e5aeba636eba3bc8c30d3ab95b2abf12830c,H2,"s0,s1,s2",9287,9755,9223,9572,9275,9775,9275,1.499870,
49b6aadbd35328890b54131f7674e5aeba636eba3bc8c30d3ab95b2abf12830c,H3,"s0,s1,s2",8005,8419,7966,8285,8009,8457,8005,1.737858,
49b6aadbd35328890b54131f7674e5aeba636eba3bc8c30d3ab95b2abf12830c,H4,"s0,s1,s2",4447,4898,4681,5431,4695,5095,4681,3.015739,
4b62a0a92aba2f1d09268b10e729ab9350a8b8ac426adc9a78376b7ec4c51d95,H0,"s0,s1,s2",18846,19094,15643,17296,16257,16401,16257,1.000000,
4b62a0a92aba2f1d09268b10e729ab9350a8b8ac426adc9a78376b7ec4c51d95,H1,"s0,s1,s2",29547,34401,25647,30402,26148,26749,26148,0.623061,
4b62a0a92aba2f1d09268b10e729ab9350a8b8ac426adc9a78376b7ec4c51d95,H2,"s0,s1,s2",11400,11888,9998,10519,10056,10560,10056,1.611062,
4b62a0a92aba2f1d09268b10e729ab9350a8b8ac426adc9a78376b7ec4c51d95,H3,"s0,s1,s2",10602,11001,9210,9767,9313,9833,9313,1.740260,
4b62a0a92aba2f1d09268b10e729ab9350a8b8ac426adc9a78376b7ec4c51d95,H4,"s0,s1,s2",6016,6274,5309,5684,5282,5762,5309,3.051314,
4b826a44f455648d2f69ebcf0dc3643c118db5bf3217084be50ed4657dd54b9d,H0,"s0,s1,s2",19288,37952,19043,23590,20255,20751,19288,1.000000,
4b826a44f455648d2f69ebcf0dc3643c118db5bf3217084be50ed4657dd54b9d,H1,"s0,s1,s2",4988,5599,4903,5061,4919,5026,4919,3.954545,
4b826a44f455648d2f69ebcf0dc3643c118db5bf3217084be50ed4657dd54b9d,H2,"s0,s1,s2",11399,11858,10458,10723,10731,11293,10731,1.798318,
4b826a44f455648d2f69ebcf0dc3643c118db5bf3217084be50ed4657dd54b9d,H3,"s0,s1,s2",9037,9643,8282,8760,8529,8770,8529,2.267248,
4b826a44f455648d2f69ebcf0dc3643c118db5bf3217084be50ed4657dd54b9d,H4,"s0,s1,s2",4167,4480,4041,4428,4236,4431,4167,4.707195,
4c5a7e15f7f8feccd7204330a9683df015160df2d4aebd9867bce8138b6857b4,H0,"s0,s1,s2",31703,31996,31408,31764,68628,75856,31703,1.000000,2.1850
4c5a7e15f7f8feccd7204330a9683df015160df2d4aebd9867bce8138b6857b4,H1,"s0,s1,s2",45103,46202,44887,45948,50216,94842,45103,0.875974,
4c5a7e15f7f8feccd7204330a9683df015160df2d4aebd9867bce8138b6857b4,H2,"s0,s1,s2",15238,15635,15341,15802,17565,28048,15341,2.553117,
4c5a7e15f7f8feccd7204330a9683df015160df2d4aebd9867bce8138b6857b4,H3,"s0,s1,s2",12842,13603,12919,13383,23285,26306,12919,2.605562,1.8132
4c5a7e15f7f8feccd7204330a9683df015160df2d4aebd9867bce8138b6857b4,H4,"s0,s1,s2",6322,6781,5949,6334,6561,11396,6322,6.518152,
4d7cc1e0abffb84e63a7dd815adec78629f6fbb9186bf77681c46a756eafa8b7,H0,"s0,s1,s2",31366,32223,31658,34814,32669,34261,31658,1.000000,
4d7cc1e0abffb84e63a7dd815adec78629f6fbb9186bf77681c46a756eafa8b7,H1,"s0,s1,s2",43989,47831,44138,44745,44687,47625,44138,0.720411,
4d7cc1e0abffb84e63a7dd815adec78629f6fbb9186bf77681c46a756eafa8b7,H2,"s0,s1,s2",14993,15622,15085,15476,15030,16740,15030,2.121104,
4d7cc1e0abffb84e63a7dd815adec78629f6fbb9186bf77681c46a756eafa8b7,H3,"s0,s1,s2",12014,12436,12128,12568,12169,13283,12128,2.635010,
4d7cc1e0abffb84e63a7dd815adec78629f6fbb9186bf77681c46a756eafa8b7,H4,"s0,s1,s2",5525,5996,5570,6046,5647,6014,5570,5.715107,
4dfad23125c9827e87678c5e6c79986b9c66c422ec8547a3f94cb1ae28ab212b,H0,"s0,s1,s2",43064,47548,43235,43954,44328,57232,43235,1.000000,
4dfad23125c9827e87678c5e6c79986b9c66c422ec8547a3f94cb1ae28ab212b,H1,"s0,s1,s2",70907,83493,71212,76694,71404,79574,71212,0.611722,
4dfad23125c9827e87678c5e6c79986b9c66c422ec8547a3f94cb1ae28ab212b,H2,"s0,s1,s2",18634,30554,18581,19078,18781,19993,18634,2.332624,
4dfad23125c9827e87678c5e6c79986b9c66c422ec8547a3f94cb1ae28ab212b,H3,"s0,s1,s2",17375,31032,17274,17610,17589,22344,17375,2.500478,
4dfad23125c9827e87678c5e6c79986b9c66c422ec8547a3f94cb1ae28ab212b,H4,"s0,s1,s2",9365,10790,9383,9811,9323,14461,9365,4.653084,
4e4b1e9fec00174dde8ee5f1632865fbe48e57e02b09ef206eb0b84054399d71,H0,"s0,s1,s2",15849,16078,17572,36677,18217,31673,17572,1.000000,
4e4b1e9fec00174dde8ee5f1632865fbe48e57e02b09ef206eb0b84054399d71,H1,"s0,s1,s2",25495,26011,25438,28281,28275,37418,25495,0.651608,
4e4b1e9fec00174dde8ee5f1632865fbe48e57e02b09ef206eb0b84054399d71,H2,"s0,s1,s2",10613,11551,10550,14849,11763,20206,10613,1.567582,
4e4b1e9fec00174dde8ee5f1632865fbe48e57e02b09ef206eb0b84054399d71,H3,"s0,s1,s2",9601,10007,9639,10082,10465,12117,9639,1.736750,
4e4b1e9fec00174dde8ee5f1632865fbe48e57e02b09ef206eb0b84054399d71,H4,"s0,s1,s2",5633,6089,5655,6500,6199,6756,5655,2.950770,
4e9e64ce93c96dabe8c92dc99e576811469c2a5b27f7346b1653e682573531b9,H0,"s0,s1,s2",21138,25915,21156,22014,21653,23613,21156,1.000000,
4e9e64ce93c96dabe8c92dc99e576811469c2a5b27f7346b1653e682573531b9,H1,"s0,s1,s2",35771,36709,35596,37029,36126,48741,35771,0.594869,
4e9e64ce93c96dabe8c92dc99e576811469c2a5b27f7346b1653e682573531b9,H2,"s0,s1,s2",13855,14956,13764,14458,14006,14570,13855,1.536208,
4e9e64ce93c96dabe8c92dc99e576811469c2a5b27f7346b1653e682573531b9,H3,"s0,s1,s2",13032,18712,13138,13750,13223,14085,13138,1.623236,
4e9e64ce93c96dabe8c92dc99e576811469c2a5b27f7346b1653e682573531b9,H4,"s0,s1,s2",8182,8439,8231,8632,8229,8858,8229,2.594889,
4e9f0007964bf4cf45c05402a1ec40066f154635c8fbc5983b3f6d2ae09657bb,H0,"s0,s1,s2",46752,76712,43249,44366,44446,45481,44446,1.000000,
4e9f0007964bf4cf45c05402a1ec40066f154635c8fbc5983b3f6d2ae09657bb,H1,"s0,s1,s2",72161,78781,74230,77419,72755,84945,72755,0.613227,
4e9f0007964bf4cf45c05402a1ec40066f154635c8fbc5983b3f6d2ae09657bb,H2,"s0,s1,s2",20823,33513,21280,22091,20693,22464,20823,2.140048,
4e9f0007964bf4cf45c05402a1ec40066f154635c8fbc5983b3f6d2ae09657bb,H3,"s0,s1,s2",19953,31851,20312,20858,19642,25305,19953,2.243300,
4e9f0007964bf4cf45c05402a1ec40066f154635c8fbc5983b3f6d2ae09657bb,H4,"s0,s1,s2",10972,13391,11191,11981,10953,15442,10972,4.057953,
4ea88ea74c31dfb4705eabd58b1f8fa6c0f19b7c7e93fd74eaed18d654bfeff5,H0,"s0,s1,s2",53791,68623,53347,53574,54646,76674,53791,1.000000,
4ea88ea74c31dfb4705eabd58b1f8fa6c0f19b7c7e93fd74eaed18d654bfeff5,H1,"s0,s1,s2",5369,9291,5172,5518,5206,5775,5206,10.274814,
4ea88ea74c31dfb4705eabd58b1f8fa6c0f19b7c7e93fd74eaed18d654bfeff5,H2,"s0,s1,s2",11762,18988,11088,11472,11073,11835,11088,4.770817,
4ea88ea74c31dfb4705eabd58b1f8fa6c0f19b7c7e93fd74eaed18d654bfeff5,H3,"s0,s1,s2",9177,9576,9081,9375,9211,9661,9177,5.889507,
4ea88ea74c31dfb4705eabd58b1f8fa6c0f19b7c7e93fd74eaed18d654bfeff5,H4,"s0,s1,s2",4607,5241,4556,4949,4569,4855,4569,11.781076,
4f6818ef7f601be48949040636a77b681ac39e8b976f3f6c7f29861ccc7fc609,H0,"s0,s1,s2",62178,113213,58160,59073,60431,73995,60431,1.000000,
4f6818ef7f601be48949040636a77b681ac39e8b976f3f6c7f29861ccc7fc609,H1,"s0,s1,s2",20924,24756,20966,21497,21088,22446,20966,2.869294,
4f6818ef7f601be48949040636a77b681ac39e8b976f3f6c7f29861ccc7fc609,H2,"s0,s1,s2",20438,27756,20150,21045,20439,21272,20438,2.961074,
4f6818ef7f601be48949040636a77b681ac39e8b976f3f6c7f29861ccc7fc609,H3,"s0,s1,s2",19366,21706,19162,19580,19307,20306,19307,3.124461,
4f6818ef7f601be48949040636a77b681ac39e8b976f3f6c7f29861ccc7fc609,H4,"s0,s1,s2",11142,12966,11308,12231,11742,18814,11308,5.286196,
508e05b37bdb9812e0ddf1f0113538b0d684de7fcc78901175e60121154504cd,H0,"s0,s1,s2",24388,26176,24461,24908,24384,26008,24388,1.000000,
508e05b37bdb9812e0ddf1f0113538b0d684de7fcc78901175e60121154504cd,H1,"s0,s1,s2",39859,40895,40205,44607,40489,46724,40205,0.607487,
508e05b37bdb9812e0ddf1f0113538b0d684de7fcc78901175e60121154504cd,H2,"s0,s1,s2",41501,43090,41477,42781,42117,49898,41501,0.585433,
508e05b37bdb9812e0ddf1f0113538b0d684de7fcc78901175e60121154504cd,H3,"s0,s1,s2",42861,43316,42847,48032,43375,45341,42861,0.567341,
508e05b37bdb9812e0ddf1f0113538b0d684de7fcc78901175e60121154504cd,H4,"s0,s1,s2",39643,53185,39347,40073,40159,42418,39643,0.614655,
512a786ff7c82deb2faea2103d96aaec6f1c40ec667fb89e46ea2056a4ec3976,H0,"s0,s1,s2",31830,32284,27343,27995,28718,33244,28718,1.000000,
512a786ff7c82deb2faea2103d96aaec6f1c40ec667fb89e46ea2056a4ec3976,H1,"s0,s1,s2",6097,6420,5435,5661,5621,5836,5621,5.119598,
512a786ff7c82deb2faea2103d96aaec6f1c40ec667fb89e46ea2056a4ec3976,H2,"s0,s1,s2",13227,13776,12519,12890,12646,13524,12646,2.285341,
512a786ff7c82deb2faea2103d96aaec6f1c40ec667fb89e46ea2056a4ec3976,H3,"s0,s1,s2",10333,10810,10218,10598,10394,11043,10333,2.834571,
512a786ff7c82deb2faea2103d96aaec6f1c40ec667fb89e46ea2056a4ec3976,H4,"s0,s1,s2",5439,5614,5333,5626,5411,5867,5411,5.420295,
51cfe4c222a1c2163de7729f438081a13a7daeec2cdfcade67c54c8a61666a7a,H0,"s0,s1,s2",12389,12870,12320,12884,14039,25957,12389,1.000000,
51cfe4c222a1c2163de7729f438081a13a7daeec2cdfcade67c54c8a61666a7a,H1,"s0,s1,s2",16498,16993,16541,17278,18085,28135,16541,0.757223,
51cfe4c222a1c2163de7729f438081a13a7daeec2cdfcade67c54c8a61666a7a,H2,"s0,s1,s2",5925,6302,5896,6556,6320,8099,5925,2.133078,
51cfe4c222a1c2163de7729f438081a13a7daeec2cdfcade67c54c8a61666a7a,H3,"s0,s1,s2",5653,5791,5387,5836,6145,11300,5653,2.253954,
51cfe4c222a1c2163de7729f438081a13a7daeec2cdfcade67c54c8a61666a7a,H4,"s0,s1,s2",2933,3087,3011,3137,3266,3497,3011,4.203858,
53672ac14c6d1f8f3477fe2f3066246dffa3c4d4bd6e227bd2118d7d705ababa,H0,"s0,s1,s2",59036,72850,58439,65309,60139,73894,59036,1.000000,
53672ac14c6d1f8f3477fe2f3066246dffa3c4d4bd6e227bd2118d7d705ababa,H1,"s0,s1,s2",15669,28460,15263,15978,15512,16735,15512,3.824215,
53672ac14c6d1f8f3477fe2f3066246dffa3c4d4bd6e227bd2118d7d705ababa,H2,"s0,s1,s2",23657,28887,23457,25239,24060,53689,23657,2.495453,
53672ac14c6d1f8f3477fe2f3066246dffa3c4d4bd6e227bd2118d7d705ababa,H3,"s0,s1,s2",22232,23692,22138,22811,22458,26860,22232,2.657639,
53672ac14c6d1f8f3477fe2f3066246dffa3c4d4bd6e227bd2118d7d705ababa,H4,"s0,s1,s2",14308,14939,14411,15162,14596,15971,14411,4.100370,
53d066a1f7ca062e95a52e26ac70cc6fbeaf0f627be1fe7eef7800d9cd50cc25,H0,"s0,s1,s2",24079,24218,24092,24327,24968,25128,24092,1.000000,
53d066a1f7ca062e95a52e26ac70cc6fbeaf0f627be1fe7eef7800d9cd50cc25,H1,"s0,s1,s2",33668,34759,33532,34520,33979,41459,33668,0.722774,
53d066a1f7ca062e95a52e26ac70cc6fbeaf0f627be1fe7eef7800d9cd50cc25,H2,"s0,s1,s2",9223,9605,9181,9535,9271,9951,9223,2.642421,
53d066a1f7ca062e95a52e26ac70cc6fbeaf0f627be1fe7eef7800d9cd50cc25,H3,"s0,s1,s2",7860,8543,7701,7930,7864,8372,7860,3.121960,
53d066a1f7ca062e95a52e26ac70cc6fbeaf0f627be1fe7eef7800d9cd50cc25,H4,"s0,s1,s2",3966,4224,4081,4311,4183,4468,4081,5.980846,
5613d6b9bcd76a454999eb6b55b2c980c7d80a31899117c92a6d15c54e955851,H0,"s0,s1,s2",22012,39304,20585,21215,21334,23901,21334,1.000000,
5613d6b9bcd76a454999eb6b55b2c980c7d80a31899117c92a6d15c54e955851,H1,"s0,s1,s2",31769,46247,31447,32009,35267,37285,31769,0.649796,
5613d6b9bcd76a454999eb6b55b2c980c7d80a31899117c92a6d15c54e955851,H2,"s0,s1,s2",25282,26057,25065,26377,25504,27220,25282,0.842555,
5613d6b9bcd76a454999eb6b55b2c980c7d80a31899117c92a6d15c54e955851,H3,"s0,s1,s2",31440,42430,29402,34564,30112,41799,30112,0.702902,
5613d6b9bcd76a454999eb6b55b2c980c7d80a31899117c92a6d15c54e955851,H4,"s0,s1,s2",32084,37519,31611,32330,32030,34975,32030,0.667626,
5615175154648d607de146c144558fe18afed0df81d9416e6466c388928da40e,H0,"s0,s1,s2",20594,21257,18888,19467,19956,20305,19956,1.000000,
5615175154648d607de146c144558fe18afed0df81d9416e6466c388928da40e,H1,"s0,s1,s2",8871,9539,8102,9043,8039,8229,8102,2.377266,
5615175154648d607de146c144558fe18afed0df81d9416e6466c388928da40e,H2,"s0,s1,s2",11387,11918,11337,16074,10709,11141,11337,1.777384,
5615175154648d607de146c144558fe18afed0df81d9416e6466c388928da40e,H3,"s0,s1,s2",8846,9295,9379,9687,8228,8479,8846,2.248714,
5615175154648d607de146c144558fe18afed0df81d9416e6466c388928da40e,H4,"s0,s1,s2",4232,4458,4551,4795,4092,4813,4232,4.618178,
579341567a9113e064712c8c9fb834b4093e98057c46754a21f674e3d68acfbb,H0,"s0,s1,s2",24081,28347,24086,24521,24134,31242,24086,1.000000,
579341567a9113e064712c8c9fb834b4093e98057c46754a21f674e3d68acfbb,H1,"s0,s1,s2",54334,59838,52790,58095,53443,64736,53443,0.450317,
579341567a9113e064712c8c9fb834b4093e98057c46754a21f674e3d68acfbb,H2,"s0,s1,s2",44068,45909,41491,47098,41570,46229,41570,0.568945,
579341567a9113e064712c8c9fb834b4093e98057c46754a21f674e3d68acfbb,H3,"s0,s1,s2",45359,50166,42624,44391,43663,83893,43663,0.549388,
579341567a9113e064712c8c9fb834b4093e98057c46754a21f674e3d68acfbb,H4,"s0,s1,s2",39141,43160,38850,43058,39220,41837,39141,0.616850,
580c3b870b7d2d7c4a0ebc67cbfc85bb4225b36db7b66d712fd5dd8f4f90df2e,H0,"s0,s1,s2",17166,17614,17108,17618,18232,19337,17166,1.000000,
580c3b870b7d2d7c4a0ebc67cbfc85bb4225b36db7b66d712fd5dd8f4f90df2e,H1,"s0,s1,s2",32549,33236,32752,33920,33052,38747,32752,0.533634,
580c3b870b7d2d7c4a0ebc67cbfc85bb4225b36db7b66d712fd5dd8f4f90df2e,H2,"s0,s1,s2",18355,19223,18321,18927,18681,19466,18355,0.948127,
580c3b870b7d2d7c4a0ebc67cbfc85bb4225b36db7b66d712fd5dd8f4f90df2e,H3,"s0,s1,s2",16555,16938,16463,17046,16655,17595,16555,1.056590,
580c3b870b7d2d7c4a0ebc67cbfc85bb4225b36db7b66d712fd5dd8f4f90df2e,H4,"s0,s1,s2",7009,7558,7048,7782,7111,7965,7048,2.479419,
583f29836fd5fb7090276f9fa7482ee3734b90ae597b87795eaf7804c6fd87f8,H0,"s0,s1,s2",23740,28302,23895,25989,23793,29028,23793,1.000000,
583f29836fd5fb7090276f9fa7482ee3734b90ae597b87795eaf7804c6fd87f8,H1,"s0,s1,s2",52380,54575,52171,57685,52552,59373,52380,0.454657,
583f29836fd5fb7090276f9fa7482ee3734b90ae597b87795eaf7804c6fd87f8,H2,"s0,s1,s2",41737,42574,41603,42772,41635,45314,41635,0.571537,
583f29836fd5fb7090276f9fa7482ee3734b90ae597b87795eaf7804c6fd87f8,H3,"s0,s1,s2",42630,43528,42375,65279,42346,44497,42375,0.560876,
583f29836fd5fb7090276f9fa7482ee3734b90ae597b87795eaf7804c6fd87f8,H4,"s0,s1,s2",38156,38857,38024,38972,38125,49615,38125,0.624888,
584b17a2f57def2ab855eced7dce4428fdd9a5da5754943b2c5cd8098dc1cc85,H0,"s0,s1,s2",24094,24353,26356,26958,24232,27523,24232,1.000000,
584b17a2f57def2ab855eced7dce4428fdd9a5da5754943b2c5cd8098dc1cc85,H1,"s0,s1,s2",52778,53746,54201,59577,52586,56178,52778,0.467680,
584b17a2f57def2ab855eced7dce4428fdd9a5da5754943b2c5cd8098dc1cc85,H2,"s0,s1,s2",41375,45376,41195,46572,41417,48717,41375,0.601828,
584b17a2f57def2ab855eced7dce4428fdd9a5da5754943b2c5cd8098dc1cc85,H3,"s0,s1,s2",42031,56050,42023,44316,42293,55098,42031,0.590587,
584b17a2f57def2ab855eced7dce4428fdd9a5da5754943b2c5cd8098dc1cc85,H4,"s0,s1,s2",38521,38975,38441,39152,38692,51707,38521,0.645191,
5a303ac56d50375b6911b4cf1ead530bf2072d690027968ea3c9dac6475f9abb,H0,"s0,s1,s2",14959,15367,14907,15336,15293,21381,14959,1.000000,
5a303ac56d50375b6911b4cf1ead530bf2072d690027968ea3c9dac6475f9abb,H1,"s0,s1,s2",21215,22284,21053,26336,21202,22913,21202,0.711460,
5a303ac56d50375b6911b4cf1ead530bf2072d690027968ea3c9dac6475f9abb,H2,"s0,s1,s2",11184,15597,10985,11360,11166,11777,11166,1.354660,
5a303ac56d50375b6911b4cf1ead530bf2072d690027968ea3c9dac6475f9abb,H3,"s0,s1,s2",10031,10754,9829,14350,9939,10474,9939,1.515409,
5a303ac56d50375b6911b4cf1ead530bf2072d690027968ea3c9dac6475f9abb,H4,"s0,s1,s2",6467,6828,6627,6837,6637,11336,6627,2.288748,
5b05299e355bbfdf92aa5eae52be885441b47f284a5d3f13334ec1e9c3df0f65,H0,"s0,s1,s2",11938,12338,11900,12214,12230,13365,11938,1.000000,
5b05299e355bbfdf92aa5eae52be885441b47f284a5d3f13334ec1e9c3df0f65,H1,"s0,s1,s2",15575,17635,15875,16624,15920,17400,15875,0.761389,
5b05299e355bbfdf92aa5eae52be885441b47f284a5d3f13334ec1e9c3df0f65,H2,"s0,s1,s2",5666,5873,5674,5965,5701,5860,5674,2.116392,
5b05299e355bbfdf92aa5eae52be885441b47f284a5d3f13334ec1e9c3df0f65,H3,"s0,s1,s2",4871,4966,4862,5009,4903,5194,4871,2.464166,
5b05299e355bbfdf92aa5eae52be885441b47f284a5d3f13334ec1e9c3df0f65,H4,"s0,s1,s2",16282,16853,16359,16956,16483,17040,16359,0.734178,
5bd9543f5c374437ddcedc441aecbbc63ed2f2fbba5ca16ef8289ce56bee7bce,H0,"s0,s1,s2",48653,54018,48888,49921,50870,58908,48888,1.000000,
5bd9543f5c374437ddcedc441aecbbc63ed2f2fbba5ca16ef8289ce56bee7bce,H1,"s0,s1,s2",79313,84371,74885,80876,75705,78905,75705,0.645610,
5bd9543f5c374437ddcedc441aecbbc63ed2f2fbba5ca16ef8289ce56bee7bce,H2,"s0,s1,s2",28889,29367,27703,28385,28027,34472,28027,1.753797,
5bd9543f5c374437ddcedc441aecbbc63ed2f2fbba5ca16ef8289ce56bee7bce,H3,"s0,s1,s2",27227,28007,25951,26836,26139,28022,26139,1.871157,
5bd9543f5c374437ddcedc441aecbbc63ed2f2fbba5ca16ef8289ce56bee7bce,H4,"s0,s1,s2",17577,17957,16797,17436,16842,17893,16842,2.897796,
5cab100a6ab59e3059347bc8dfed9b73cc11c902d163987c90eadd03d93c85ee,H0,"s0,s1,s2",58690,63673,58037,65208,59728,67548,58690,1.000000,
5cab100a6ab59e3059347bc8dfed9b73cc11c902d163987c90eadd03d93c85ee,H1,"s0,s1,s2",21342,21798,21609,24052,21971,26729,21609,2.717956,
5cab100a6ab59e3059347bc8dfed9b73cc11c902d163987c90eadd03d93c85ee,H2,"s0,s1,s2",18960,20929,18878,19477,19028,20178,18960,3.102796,
5cab100a6ab59e3059347bc8dfed9b73cc11c902d163987c90eadd03d93c85ee,H3,"s0,s1,s2",16911,17956,16714,18108,17029,18054,16911,3.483395,
5cab100a6ab59e3059347bc8dfed9b73cc11c902d163987c90eadd03d93c85ee,H4,"s0,s1,s2",11362,11835,10944,11385,11336,12158,11336,5.245483,
5f4c7b6d1b416196a0815ca0905075b219979284455f16f9e406985f1ce68558,H0,"s0,s1,s2",16238,18060,17161,17493,16713,17042,16713,1.000000,
5f4c7b6d1b416196a0815ca0905075b219979284455f16f9e406985f1ce68558,H1,"s0,s1,s2",26170,38080,27025,45128,26142,26931,26170,0.631549,
5f4c7b6d1b416196a0815ca0905075b219979284455f16f9e406985f1ce68558,H2,"s0,s1,s2",11229,24306,11476,12116,11155,11473,11229,1.479708,
5f4c7b6d1b416196a0815ca0905075b219979284455f16f9e406985f1ce68558,H3,"s0,s1,s2",10227,10621,10000,10884,10216,10583,10216,1.645761,
5f4c7b6d1b416196a0815ca0905075b219979284455f16f9e406985f1ce68558,H4,"s0,s1,s2",5492,5808,5467,5922,5528,5937,5492,3.038743,
5f69796091fe680c271f80d3b9a4e33a9b6584cfc99da1ba1b6168dd83e3dc39,H0,"s0,s1,s2",18674,29679,19885,20282,18434,18761,18674,1.000000,
5f69796091fe680c271f80d3b9a4e33a9b6584cfc99da1ba1b6168dd83e3dc39,H1,"s0,s1,s2",34544,62307,33995,34672,32310,39491,33995,0.565049,
5f69796091fe680c271f80d3b9a4e33a9b6584cfc99da1ba1b6168dd83e3dc39,H2,"s0,s1,s2",23630,43538,22346,24587,21724,22961,22346,0.841899,
5f69796091fe680c271f80d3b9a4e33a9b6584cfc99da1ba1b6168dd83e3dc39,H3,"s0,s1,s2",21276,33198,20288,21489,20364,27775,20364,0.920019,
5f69796091fe680c271f80d3b9a4e33a9b6584cfc99da1ba1b6168dd83e3dc39,H4,"s0,s1,s2",32058,46138,32109,32757,32049,43190,32058,0.592018,
5f750cd7a1a5f535007c59df30e48040a4a895282a9b39e635a6ea4292f2a763,H0,"s0,s1,s2",21831,22347,21886,23135,22508,29120,21886,1.000000,
5f750cd7a1a5f535007c59df30e48040a4a895282a9b39e635a6ea4292f2a763,H1,"s0,s1,s2",34903,35657,34707,35467,35015,40363,34903,0.632918,
5f750cd7a1a5f535007c59df30e48040a4a895282a9b39e635a6ea4292f2a763,H2,"s0,s1,s2",12758,13075,12730,13248,12876,13778,12758,1.726083,
5f750cd7a1a5f535007c59df30e48040a4a895282a9b39e635a6ea4292f2a763,H3,"s0,s1,s2",13445,13773,13309,14149,13675,14193,13445,1.638002,
5f750cd7a1a5f535007c59df30e48040a4a895282a9b39e635a6ea4292f2a763,H4,"s0,s1,s2",8004,8269,7998,8531,8067,8486,8004,2.751221,
6031ce0e4f2981f905fa714fda6e2c5dd94d5079949760c4d461d691c0e139d3,H0,"s0,s1,s2",8985,9318,9120,9441,10312,16086,9120,1.000000,
6031ce0e4f2981f905fa714fda6e2c5dd94d5079949760c4d461d691c0e139d3,H1,"s0,s1,s2",8989,9226,9110,9380,8994,9257,8994,1.046866,
6031ce0e4f2981f905fa714fda6e2c5dd94d5079949760c4d461d691c0e139d3,H2,"s0,s1,s2",13395,13920,13224,13503,13355,14440,13355,0.709527,
6031ce0e4f2981f905fa714fda6e2c5dd94d5079949760c4d461d691c0e139d3,H3,"s0,s1,s2",14232,26253,13961,15092,14101,15042,14101,0.670617,
6031ce0e4f2981f905fa714fda6e2c5dd94d5079949760c4d461d691c0e139d3,H4,"s0,s1,s2",10453,10812,10336,10714,10474,10892,10453,0.907228,
60aeb4e4f9f6a5895c50ebb36812e1cb68b0767678751a44384c8c069953dce2,H0,"s0,s1,s2",24540,25201,24452,28857,25294,37293,24540,1.000000,
60aeb4e4f9f6a5895c50ebb36812e1cb68b0767678751a44384c8c069953dce2,H1,"s0,s1,s2",33615,38098,33720,34992,34004,39550,33720,0.732968,
60aeb4e4f9f6a5895c50ebb36812e1cb68b0767678751a44384c8c069953dce2,H2,"s0,s1,s2",11097,11322,10981,11307,11098,11848,11097,2.238917,
60aeb4e4f9f6a5895c50ebb36812e1cb68b0767678751a44384c8c069953dce2,H3,"s0,s1,s2",10025,10693,9891,10130,10016,10226,10016,2.481585,
60aeb4e4f9f6a5895c50ebb36812e1cb68b0767678751a44384c8c069953dce2,H4,"s0,s1,s2",5569,5816,5584,5860,5607,5781,5584,4.431844,
6220286951831ba11626d7791c773655593684441ab6e2992f7a29610883b455,H0,"s0,s1,s2",28006,28556,27847,32502,29011,31728,28006,1.000000,
6220286951831ba11626d7791c773655593684441ab6e2992f7a29610883b455,H1,"s0,s1,s2",5600,5974,5576,5861,5565,6121,5576,5.068414,
6220286951831ba11626d7791c773655593684441ab6e2992f7a29610883b455,H2,"s0,s1,s2",12761,13057,12643,12966,13726,25839,12761,2.169890,
6220286951831ba11626d7791c773655593684441ab6e2992f7a29610883b455,H3,"s0,s1,s2",10294,10696,10338,10930,10422,21732,10338,2.732374,
6220286951831ba11626d7791c773655593684441ab6e2992f7a29610883b455,H4,"s0,s1,s2",5398,5619,5394,5853,5572,6475,5398,5.185760,
63c725eb9bad92c078c11773ebc5017c08dba00bef2e38e4ac498ac1d8d9dc39,H0,"s0,s1,s2",21274,22070,19554,20297,20599,21204,20599,1.000000,
63c725eb9bad92c078c11773ebc5017c08dba00bef2e38e4ac498ac1d8d9dc39,H1,"s0,s1,s2",5402,5598,4973,5182,5069,5293,5069,3.977515,
63c725eb9bad92c078c11773ebc5017c08dba00bef2e38e4ac498ac1d8d9dc39,H2,"s0,s1,s2",11565,12721,10537,10724,10711,11237,10711,1.872461,
63c725eb9bad92c078c11773ebc5017c08dba00bef2e38e4ac498ac1d8d9dc39,H3,"s0,s1,s2",9131,9587,8250,8746,8408,8864,8408,2.382806,
63c725eb9bad92c078c11773ebc5017c08dba00bef2e38e4ac498ac1d8d9dc39,H4,"s0,s1,s2",4206,4675,4034,4315,4174,4359,4174,4.946042,
63cc760f40b73419d55081c3fdbbf86f29a30837ac8726b63b66a821eadbe553,H0,"s0,s1,s2",43228,44417,47868,51589,44644,49492,44644,1.000000,
63cc760f40b73419d55081c3fdbbf86f29a30837ac8726b63b66a821eadbe553,H1,"s0,s1,s2",69444,70474,72852,79278,70433,95281,70433,0.637637,
63cc760f40b73419d55081c3fdbbf86f29a30837ac8726b63b66a821eadbe553,H2,"s0,s1,s2",19061,19833,19640,20280,19212,20815,19212,2.341916,
63cc760f40b73419d55081c3fdbbf86f29a30837ac8726b63b66a821eadbe553,H3,"s0,s1,s2",17751,18358,18277,19100,17854,19133,17854,2.517117,
63cc760f40b73419d55081c3fdbbf86f29a30837ac8726b63b66a821eadbe553,H4,"s0,s1,s2",10220,10501,10667,11159,10237,11086,10237,4.358154,
63e3335fd9f5b6a49b8eb970e6265a8f5190aa187fcc4f1c708fa66363060e61,H0,"s0,s1,s2",21332,21768,21275,21969,24066,25152,21332,1.000000,
63e3335fd9f5b6a49b8eb970e6265a8f5190aa187fcc4f1c708fa66363060e61,H1,"s0,s1,s2",33471,38189,33341,34116,36650,47248,33471,0.643964,
63e3335fd9f5b6a49b8eb970e6265a8f5190aa187fcc4f1c708fa66363060e61,H2,"s0,s1,s2",7825,8310,7699,8482,8283,9070,7825,2.797260,
63e3335fd9f5b6a49b8eb970e6265a8f5190aa187fcc4f1c708fa66363060e61,H3,"s0,s1,s2",6610,6885,6568,6856,7566,11844,6610,3.215645,
63e3335fd9f5b6a49b8eb970e6265a8f5190aa187fcc4f1c708fa66363060e61,H4,"s0,s1,s2",3527,3836,3732,4130,4214,8258,3732,5.817742,
63f316f5b5c2c922acad61013afb0acff8820824f03a3bf58168f0367b2824a8,H0,"s0,s1,s2",27239,27989,26980,27448,28219,32570,27239,1.000000,
63f316f5b5c2c922acad61013afb0acff8820824f03a3bf58168f0367b2824a8,H1,"s0,s1,s2",10075,10974,9924,10411,10070,10523,10070,2.741182,
63f316f5b5c2c922acad61013afb0acff8820824f03a3bf58168f0367b2824a8,H2,"s0,s1,s2",11855,12227,11676,12104,11828,12598,11828,2.331073,
63f316f5b5c2c922acad61013afb0acff8820824f03a3bf58168f0367b2824a8,H3,"s0,s1,s2",9491,10663,9307,9649,9656,14968,9491,2.897023,
63f316f5b5c2c922acad61013afb0acff8820824f03a3bf58168f0367b2824a8,H4,"s0,s1,s2",5056,5365,5230,5667,5163,5502,5163,5.335658,
650b0c26f400fdeb33b4262bed1f728ddec195fd4e9d95572402f84c63635510,H0,"s0,s1,s2",43329,47647,43316,48908,44983,51364,43329,1.000000,
650b0c26f400fdeb33b4262bed1f728ddec195fd4e9d95572402f84c63635510,H1,"s0,s1,s2",63570,69052,63715,68234,64424,67850,63715,0.686506,
650b0c26f400fdeb33b4262bed1f728ddec195fd4e9d95572402f84c63635510,H2,"s0,s1,s2",33762,34723,33626,34048,34374,39509,33762,1.293344,
650b0c26f400fdeb33b4262bed1f728ddec195fd4e9d95572402f84c63635510,H3,"s0,s1,s2",31604,32271,31401,33475,31542,37952,31542,1.391982,
650b0c26f400fdeb33b4262bed1f728ddec195fd4e9d95572402f84c63635510,H4,"s0,s1,s2",73017,134565,73608,87862,74054,94669,73608,0.596384,
663bcb3ac40e8c9ff27695874d9dbe6fe49c85ee1f254e43b5a0311ff70f80d7,H0,"s0,s1,s2",42915,43482,42709,43306,44028,46530,42915,1.000000,
663bcb3ac40e8c9ff27695874d9dbe6fe49c85ee1f254e43b5a0311ff70f80d7,H1,"s0,s1,s2",71725,93613,73381,75242,71396,86251,71725,0.598839,
663bcb3ac40e8c9ff27695874d9dbe6fe49c85ee1f254e43b5a0311ff70f80d7,H2,"s0,s1,s2",19364,37313,18396,18885,17956,30139,18396,2.327965,
663bcb3ac40e8c9ff27695874d9dbe6fe49c85ee1f254e43b5a0311ff70f80d7,H3,"s0,s1,s2",17390,18585,17568,19887,16709,18182,17390,2.509738,
663bcb3ac40e8c9ff27695874d9dbe6fe49c85ee1f254e43b5a0311ff70f80d7,H4,"s0,s1,s2",9141,9480,8725,9488,8796,9376,8796,4.863374,
6718546b0c95f3475e7e8a14a322c83ad7d344fbf454abfced315cf664671f67,H0,"s0,s1,s2",31731,35771,31826,38207,33140,35157,31826,1.000000,
6718546b0c95f3475e7e8a14a322c83ad7d344fbf454abfced315cf664671f67,H1,"s0,s1,s2",15748,20202,15759,16661,15652,16399,15748,2.050052,
6718546b0c95f3475e7e8a14a322c83ad7d344fbf454abfced315cf664671f67,H2,"s0,s1,s2",17017,18593,17117,21695,17048,17846,17048,1.888911,
6718546b0c95f3475e7e8a14a322c83ad7d344fbf454abfced315cf664671f67,H3,"s0,s1,s2",15186,15652,15032,15574,15087,19780,15087,2.133954,
6718546b0c95f3475e7e8a14a322c83ad7d344fbf454abfced315cf664671f67,H4,"s0,s1,s2",7124,7560,7205,7580,7232,7761,7205,4.484018,
674d697d1df41dfb1ef4ca1fe595cd958a1bb90326b619801226ef864d013ad7,H0,"s0,s1,s2",9294,9412,9448,9771,9557,9763,9448,1.000000,
674d697d1df41dfb1ef4ca1fe595cd958a1bb90326b619801226ef864d013ad7,H1,"s0,s1,s2",9622,21541,9549,9855,9534,10075,9549,0.985799,
674d697d1df41dfb1ef4ca1fe595cd958a1bb90326b619801226ef864d013ad7,H2,"s0,s1,s2",14800,16268,14934,17427,14988,26161,14934,0.632743,
674d697d1df41dfb1ef4ca1fe595cd958a1bb90326b619801226ef864d013ad7,H3,"s0,s1,s2",15110,15663,14923,16268,15250,18645,15110,0.624920,
674d697d1df41dfb1ef4ca1fe595cd958a1bb90326b619801226ef864d013ad7,H4,"s0,s1,s2",10811,11175,10760,11147,11002,11778,10811,0.868770,
677d73a2e29705f6d2669fb9e12b5c975cb18f21407bd94f2f269d0b3a9d1566,H0,"s0,s1,s2",17191,17822,17172,18693,18236,22904,17191,1.000000,
677d73a2e29705f6d2669fb9e12b5c975cb18f21407bd94f2f269d0b3a9d1566,H1,"s0,s1,s2",31213,32393,31664,33955,31626,32444,31626,0.556376,
677d73a2e29705f6d2669fb9e12b5c975cb18f21407bd94f2f269d0b3a9d1566,H2,"s0,s1,s2",12379,13098,12387,14463,12526,13244,12387,1.409924,
677d73a2e29705f6d2669fb9e12b5c975cb18f21407bd94f2f269d0b3a9d1566,H3,"s0,s1,s2",10863,16782,10659,11400,10549,11443,10659,1.639550,
677d73a2e29705f6d2669fb9e12b5c975cb18f21407bd94f2f269d0b3a9d1566,H4,"s0,s1,s2",5021,5372,5122,5693,5249,5612,5122,3.416503,
67de44c0d548c0402393e34e2201b364f9558d0f696fd1b14d559361b9434153,H0,"s0,s1,s2",9318,9746,9477,9692,9612,10144,9477,1.000000,
67de44c0d548c0402393e34e2201b364f9558d0f696fd1b14d559361b9434153,H1,"s0,s1,s2",9408,9598,9591,9763,9416,9755,9416,0.999677,
67de44c0d548c0402393e34e2201b364f9558d0f696fd1b14d559361b9434153,H2,"s0,s1,s2",14820,15142,14696,15240,14651,15686,14696,0.643128,
67de44c0d548c0402393e34e2201b364f9558d0f696fd1b14d559361b9434153,H3,"s0,s1,s2",15060,15815,14764,15382,14763,15348,14764,0.637091,
67de44c0d548c0402393e34e2201b364f9558d0f696fd1b14d559361b9434153,H4,"s0,s1,s2",10874,11384,10867,11277,11006,11612,10874,0.867414,
688e238ccf4e0741c348b3597c68ee223c8bf8f4eb0ddc59a3f3a519960e63b5,H0,"s0,s1,s2",48470,52988,52011,57522,49633,56224,49633,1.000000,
688e238ccf4e0741c348b3597c68ee223c8bf8f4eb0ddc59a3f3a519960e63b5,H1,"s0,s1,s2",72988,86057,76516,77339,73564,91956,73564,0.672806,
688e238ccf4e0741c348b3597c68ee223c8bf8f4eb0ddc59a3f3a519960e63b5,H2,"s0,s1,s2",86983,93148,89939,95734,87315,93966,87315,0.567923,
688e238ccf4e0741c348b3597c68ee223c8bf8f4eb0ddc59a3f3a519960e63b5,H3,"s0,s1,s2",23886,24598,24094,24566,23514,28911,23886,2.098875,
688e238ccf4e0741c348b3597c68ee223c8bf8f4eb0ddc59a3f3a519960e63b5,H4,"s0,s1,s2",14579,15204,15254,15674,14710,16359,14710,3.369289,
68bb037136682dacb6150f6f88cafad3830d225456abc460e02c15ef8bba9fd8,H0,"s0,s1,s2",21533,22117,21584,22452,22138,24068,21584,1.000000,
68bb037136682dacb6150f6f88cafad3830d225456abc460e02c15ef8bba9fd8,H1,"s0,s1,s2",33250,34026,33394,34065,33902,47825,33394,0.648978,
68bb037136682dacb6150f6f88cafad3830d225456abc460e02c15ef8bba9fd8,H2,"s0,s1,s2",7967,8314,7930,8918,8050,8682,7967,2.724815,
68bb037136682dacb6150f6f88cafad3830d225456abc460e02c15ef8bba9fd8,H3,"s0,s1,s2",6625,7184,7619,7866,6591,7152,6625,3.138917,
68bb037136682dacb6150f6f88cafad3830d225456abc460e02c15ef8bba9fd8,H4,"s0,s1,s2",4205,4501,4518,5240,4425,4678,4425,4.964968,
68d42e6d61df20bd2312aed24d24c372ab96bddbb76bd3fa56b54fef820b72c3,H0,"s0,s1,s2",48370,49226,48473,53655,49725,58760,48473,1.000000,
68d42e6d61df20bd2312aed24d24c372ab96bddbb76bd3fa56b54fef820b72c3,H1,"s0,s1,s2",73191,78145,73355,92810,74245,88267,73355,0.663792,
68d42e6d61df20bd2312aed24d24c372ab96bddbb76bd3fa56b54fef820b72c3,H2,"s0,s1,s2",21046,21746,21235,32252,21190,22043,21190,2.309046,
68d42e6d61df20bd2312aed24d24c372ab96bddbb76bd3fa56b54fef820b72c3,H3,"s0,s1,s2",19695,20767,19677,21529,19730,20647,19695,2.479722,
68d42e6d61df20bd2312aed24d24c372ab96bddbb76bd3fa56b54fef820b72c3,H4,"s0,s1,s2",10730,19197,10717,11573,10721,11339,10721,4.555970,
69336ca0612fddc2954bca409e1b2639d32d623bbc152e0bfd7e6d7194cef664,H0,"s0,s1,s2",46462,48351,46143,62353,43938,58114,46143,1.000000,
69336ca0612fddc2954bca409e1b2639d32d623bbc152e0bfd7e6d7194cef664,H1,"s0,s1,s2",74363,85497,73690,121192,69181,75241,73690,0.628681,
69336ca0612fddc2954bca409e1b2639d32d623bbc152e0bfd7e6d7194cef664,H2,"s0,s1,s2",18908,19769,18961,19754,18010,19199,18908,2.443475,
69336ca0612fddc2954bca409e1b2639d32d623bbc152e0bfd7e6d7194cef664,H3,"s0,s1,s2",16596,23024,16442,17766,16306,16723,16442,2.766386,
69336ca0612fddc2954bca409e1b2639d32d623bbc152e0bfd7e6d7194cef664,H4,"s0,s1,s2",9413,9926,9215,10194,9207,13999,9215,4.904192,
695f65783b7991135a185c8f0db220b4c6d38f2254f12830caeb5b2ffd96d143,H0,"s0,s1,s2",27351,28062,25183,37003,27725,28022,27351,1.000000,
695f65783b7991135a185c8f0db220b4c6d38f2254f12830caeb5b2ffd96d143,H1,"s0,s1,s2",31245,32263,29635,41950,28931,41175,29635,0.893308,
695f65783b7991135a185c8f0db220b4c6d38f2254f12830caeb5b2ffd96d143,H2,"s0,s1,s2",42311,53911,38660,39337,38795,43841,38795,0.670122,
695f65783b7991135a185c8f0db220b4c6d38f2254f12830caeb5b2ffd96d143,H3,"s0,s1,s2",44299,49034,40861,46729,41025,41915,41025,0.635917,
695f65783b7991135a185c8f0db220b4c6d38f2254f12830caeb5b2ffd96d143,H4,"s0,s1,s2",37027,61760,33831,34779,34239,38694,34239,0.763600,
6af7d29f7b5a1372d5a2a374f82bf29f17c5ad8111ce15db9547361713105ab4,H0,"s0,s1,s2",58569,59457,58644,82794,64720,73349,58644,1.000000,
6af7d29f7b5a1372d5a2a374f82bf29f17c5ad8111ce15db9547361713105ab4,H1,"s0,s1,s2",24982,26181,25446,30140,26978,45995,25446,2.349044,
6af7d29f7b5a1372d5a2a374f82bf29f17c5ad8111ce15db9547361713105ab4,H2,"s0,s1,s2",19348,19719,19232,19826,21022,21641,19348,3.051629,
6af7d29f7b5a1372d5a2a374f82bf29f17c5ad8111ce15db9547361713105ab4,H3,"s0,s1,s2",17713,19046,17920,19481,19222,21379,17920,3.315129,
6af7d29f7b5a1372d5a2a374f82bf29f17c5ad8111ce15db9547361713105ab4,H4,"s0,s1,s2",11819,12463,11935,12759,12762,13231,11935,4.979694,
6b2427d04942f1ac12e37f2882960eb6e759aab67f60394af6882d3349db0370,H0,"s0,s1,s2",26743,27076,26664,27016,30294,40883,26743,1.000000,
6b2427d04942f1ac12e37f2882960eb6e759aab67f60394af6882d3349db0370,H1,"s0,s1,s2",40640,44881,39832,40996,44382,55792,40640,0.669936,
6b2427d04942f1ac12e37f2882960eb6e759aab67f60394af6882d3349db0370,H2,"s0,s1,s2",14030,14476,12745,13081,13090,15163,13090,2.097579,
6b2427d04942f1ac12e37f2882960eb6e759aab67f60394af6882d3349db0370,H3,"s0,s1,s2",10869,11346,11702,11968,11683,12093,11683,2.440597,
6b2427d04942f1ac12e37f2882960eb6e759aab67f60394af6882d3349db0370,H4,"s0,s1,s2",5447,5824,6033,6444,6043,6231,6033,4.773639,
6baab4b7c3e61ea7ef90050dc0479f839bc9179c49e3a25f91709a31685d07f3,H0,"s0,s1,s2",17526,18092,17331,17614,18605,19644,17526,1.000000,
6baab4b7c3e61ea7ef90050dc0479f839bc9179c49e3a25f91709a31685d07f3,H1,"s0,s1,s2",32696,34238,32591,38784,33139,41357,32696,0.542919,
6baab4b7c3e61ea7ef90050dc0479f839bc9179c49e3a25f91709a31685d07f3,H2,"s0,s1,s2",14035,14682,13786,14302,13934,14494,13934,1.279784,
6baab4b7c3e61ea7ef90050dc0479f839bc9179c49e3a25f91709a31685d07f3,H3,"s0,s1,s2",13830,14782,12324,12897,12495,13700,12495,1.384444,
6baab4b7c3e61ea7ef90050dc0479f839bc9179c49e3a25f91709a31685d07f3,H4,"s0,s1,s2",5794,7327,5886,6308,6071,6985,5886,3.010873,
6c07587238f12dac426cf3b771cfff094be79773c3848c36ebcbde4e9f767826,H0,"s0,s1,s2",16106,16566,16142,17492,16952,17883,16142,1.000000,
6c07587238f12dac426cf3b771cfff094be79773c3848c36ebcbde4e9f767826,H1,"s0,s1,s2",26128,26601,25866,26711,26874,28103,26128,0.623734,
6c07587238f12dac426cf3b771cfff094be79773c3848c36ebcbde4e9f767826,H2,"s0,s1,s2",10002,14586,9881,14532,10072,16235,10002,1.642054,
6c07587238f12dac426cf3b771cfff094be79773c3848c36ebcbde4e9f767826,H3,"s0,s1,s2",9257,9613,9251,9433,9401,9904,9257,1.762426,
6c07587238f12dac426cf3b771cfff094be79773c3848c36ebcbde4e9f767826,H4,"s0,s1,s2",5140,5389,5160,5540,5311,5878,5160,3.151077,
6c9483ebe49d32f630559fc1c98bd89d17981a86c86a41fe91e70e26cfeb7104,H0,"s0,s1,s2",15623,19264,16364,17367,15773,16063,15773,1.000000,
6c9483ebe49d32f630559fc1c98bd89d17981a86c86a41fe91e70e26cfeb7104,H1,"s0,s1,s2",4611,5021,4888,5262,4597,4854,4611,3.388877,
6c9483ebe49d32f630559fc1c98bd89d17981a86c86a41fe91e70e26cfeb7104,H2,"s0,s1,s2",6090,6454,6267,7104,6127,6404,6127,2.583536,
6c9483ebe49d32f630559fc1c98bd89d17981a86c86a41fe91e70e26cfeb7104,H3,"s0,s1,s2",5741,6160,5674,6198,5729,6102,5729,2.785293,
6c9483ebe49d32f630559fc1c98bd89d17981a86c86a41fe91e70e26cfeb7104,H4,"s0,s1,s2",2964,3325,2926,3345,2955,3319,2955,5.398661,
6ed4635ab549310f0a2e1a2db8208cea70067492191cec357f26b678b0b11a39,H0,"s0,s1,s2",47996,52557,48074,50511,49371,53700,48074,1.000000,
6ed4635ab549310f0a2e1a2db8208cea70067492191cec357f26b678b0b11a39,H1,"s0,s1,s2",77659,78692,73926,79935,75070,91927,75070,0.641767,
6ed4635ab549310f0a2e1a2db8208cea70067492191cec357f26b678b0b11a39,H2,"s0,s1,s2",23448,23966,24102,25025,23713,30922,23713,2.040863,
6ed4635ab549310f0a2e1a2db8208cea70067492191cec357f26b678b0b11a39,H3,"s0,s1,s2",21522,22593,22440,27446,21785,22755,21785,2.212287,
6ed4635ab549310f0a2e1a2db8208cea70067492191cec357f26b678b0b11a39,H4,"s0,s1,s2",13645,14294,14327,14848,13862,21260,13862,3.477049,
6fcda9d926538996d4548fc15bb24703d803e730a498835bdc85e0dd6989ae91,H0,"s0,s1,s2",27318,27848,27124,32306,28414,28781,27318,1.000000,
6fcda9d926538996d4548fc15bb24703d803e730a498835bdc85e0dd6989ae91,H1,"s0,s1,s2",7997,8144,8139,8434,8107,8300,8107,3.417110,
6fcda9d926538996d4548fc15bb24703d803e730a498835bdc85e0dd6989ae91,H2,"s0,s1,s2",12944,24905,12431,12972,12544,13202,12544,2.184950,
6fcda9d926538996d4548fc15bb24703d803e730a498835bdc85e0dd6989ae91,H3,"s0,s1,s2",10604,11418,10599,11340,10730,11268,10604,2.594181,
6fcda9d926538996d4548fc15bb24703d803e730a498835bdc85e0dd6989ae91,H4,"s0,s1,s2",5703,11025,5162,5372,5114,5257,5162,5.190601,
71140f2c88f2602f2699cc3b1fced40727ae094b4e9c51f793c814ac7b54a505,H0,"s0,s1,s2",24395,28506,24401,28622,24329,30809,24395,1.000000,
71140f2c88f2602f2699cc3b1fced40727ae094b4e9c51f793c814ac7b54a505,H1,"s0,s1,s2",53267,60862,53445,55394,53446,58139,53445,0.456581,
71140f2c88f2602f2699cc3b1fced40727ae094b4e9c51f793c814ac7b54a505,H2,"s0,s1,s2",42104,53489,41644,47509,42003,60046,42003,0.581512,
71140f2c88f2602f2699cc3b1fced40727ae094b4e9c51f793c814ac7b54a505,H3,"s0,s1,s2",47418,64722,43988,45176,44360,50314,44360,0.538916,
71140f2c88f2602f2699cc3b1fced40727ae094b4e9c51f793c814ac7b54a505,H4,"s0,s1,s2",42201,69092,38496,39141,38759,40527,38759,0.612690,
727f2b4fbd80338f19c517faab6aaaa816cf00de49477970b233d642cb1598ce,H0,"s0,s1,s2",17383,17722,17192,17633,18452,25844,17383,1.000000,
727f2b4fbd80338f19c517faab6aaaa816cf00de49477970b233d642cb1598ce,H1,"s0,s1,s2",31134,31887,31233,32260,31464,36206,31233,0.564864,
727f2b4fbd80338f19c517faab6aaaa816cf00de49477970b233d642cb1598ce,H2,"s0,s1,s2",14680,15130,14668,19399,14712,22300,14680,1.202934,
727f2b4fbd80338f19c517faab6aaaa816cf00de49477970b233d642cb1598ce,H3,"s0,s1,s2",12498,12985,12484,14195,12293,13252,12484,1.421938,
727f2b4fbd80338f19c517faab6aaaa816cf00de49477970b233d642cb1598ce,H4,"s0,s1,s2",7097,7515,6946,7262,7223,7648,7097,2.492618,
72e99128d9a702e77b2c2a4d95cd7fdbfc20fba89d72b6f4dfd864b679c5f923,H0,"s0,s1,s2",23130,29693,23289,23891,23323,28026,23289,1.000000,
72e99128d9a702e77b2c2a4d95cd7fdbfc20fba89d72b6f4dfd864b679c5f923,H1,"s0,s1,s2",37592,43211,38050,39047,37992,44163,37992,0.613747,
72e99128d9a702e77b2c2a4d95cd7fdbfc20fba89d72b6f4dfd864b679c5f923,H2,"s0,s1,s2",40092,40762,40100,45818,40453,43602,40100,0.578077,
72e99128d9a702e77b2c2a4d95cd7fdbfc20fba89d72b6f4dfd864b679c5f923,H3,"s0,s1,s2",41393,54681,41469,45486,42029,43678,41469,0.558432,
72e99128d9a702e77b2c2a4d95cd7fdbfc20fba89d72b6f4dfd864b679c5f923,H4,"s0,s1,s2",37396,50213,37659,41728,38241,40489,37659,0.615596,
73ddccb64ab70b42e7bd34b631e5614b427a14dd96c67b2581c604bce52f8110,H0,"s0,s1,s2",11062,19580,11043,11538,11289,12391,11062,1.000000,
73ddccb64ab70b42e7bd34b631e5614b427a14dd96c67b2581c604bce52f8110,H1,"s0,s1,s2",14774,28883,13838,14268,14225,15048,14225,0.779802,
73ddccb64ab70b42e7bd34b631e5614b427a14dd96c67b2581c604bce52f8110,H2,"s0,s1,s2",4843,10019,4765,4838,4853,5013,4843,2.309207,
73ddccb64ab70b42e7bd34b631e5614b427a14dd96c67b2581c604bce52f8110,H3,"s0,s1,s2",4907,6851,4535,4647,4721,4981,4721,2.358937,
73ddccb64ab70b42e7bd34b631e5614b427a14dd96c67b2581c604bce52f8110,H4,"s0,s1,s2",13802,14253,13905,14275,13935,14364,13905,0.801897,
73fb1b73db354e144288626f81ea8a635dd9b482d932538002f210bc61affa6d,H0,"s0,s1,s2",37231,37533,31805,32032,36246,36971,36246,1.000000,
73fb1b73db354e144288626f81ea8a635dd9b482d932538002f210bc61affa6d,H1,"s0,s1,s2",48830,49645,44713,47477,49150,49822,48830,0.736781,
73fb1b73db354e144288626f81ea8a635dd9b482d932538002f210bc61affa6d,H2,"s0,s1,s2",16366,17015,16368,17014,17389,29708,16368,2.096440,
73fb1b73db354e144288626f81ea8a635dd9b482d932538002f210bc61affa6d,H3,"s0,s1,s2",13781,14173,13818,14243,24775,26364,13818,2.087566,1.7978
73fb1b73db354e144288626f81ea8a635dd9b482d932538002f210bc61affa6d,H4,"s0,s1,s2",7506,8055,7565,8005,8295,13961,7565,4.499961,
753316efbf9fa705dbe35b67c794d02275f27f4aa4b3272332b0a77692265f2c,H0,"s0,s1,s2",17523,18056,17500,18145,18672,19820,17523,1.000000,
753316efbf9fa705dbe35b67c794d02275f27f4aa4b3272332b0a77692265f2c,H1,"s0,s1,s2",32807,34151,32772,37553,33148,35295,32807,0.543630,
753316efbf9fa705dbe35b67c794d02275f27f4aa4b3272332b0a77692265f2c,H2,"s0,s1,s2",20616,21738,20632,34553,20975,28639,20632,0.862574,
753316efbf9fa705dbe35b67c794d02275f27f4aa4b3272332b0a77692265f2c,H3,"s0,s1,s2",18575,19244,18583,19131,18750,20141,18583,0.959984,
753316efbf9fa705dbe35b67c794d02275f27f4aa4b3272332b0a77692265f2c,H4,"s0,s1,s2",8392,9167,8379,8655,8464,8824,8392,2.126839,
75c2e90437d640e16632dd6d7e19fa7be9ec8dd720e2c85cdf49af68ff61f3cd,H0,"s0,s1,s2",20704,35351,18935,19970,20161,20608,20161,1.000000,
75c2e90437d640e16632dd6d7e19fa7be9ec8dd720e2c85cdf49af68ff61f3cd,H1,"s0,s1,s2",9578,19711,8889,9170,9016,9231,9016,2.175521,
75c2e90437d640e16632dd6d7e19fa7be9ec8dd720e2c85cdf49af68ff61f3cd,H2,"s0,s1,s2",10164,12735,9990,10763,10066,10435,10066,1.977493,
75c2e90437d640e16632dd6d7e19fa7be9ec8dd720e2c85cdf49af68ff61f3cd,H3,"s0,s1,s2",8557,9410,8039,8218,8272,8613,8272,2.403805,
75c2e90437d640e16632dd6d7e19fa7be9ec8dd720e2c85cdf49af68ff61f3cd,H4,"s0,s1,s2",3889,4595,3936,4322,4044,4447,3936,5.035499,
75f9d88eade92ec417e69e6059e3ba91910d88d4e9b89c6bff1f38e99b01480b,H0,"s0,s1,s2",18357,18711,18297,18569,19455,32314,18357,1.000000,
75f9d88eade92ec417e69e6059e3ba91910d88d4e9b89c6bff1f38e99b01480b,H1,"s0,s1,s2",11259,11532,11231,11500,11504,12325,11259,1.649992,
75f9d88eade92ec417e69e6059e3ba91910d88d4e9b89c6bff1f38e99b01480b,H2,"s0,s1,s2",24294,24948,24123,28117,24908,35788,24294,0.764976,
75f9d88eade92ec417e69e6059e3ba91910d88d4e9b89c6bff1f38e99b01480b,H3,"s0,s1,s2",23881,24585,23732,25174,25952,46153,23881,0.763048,
75f9d88eade92ec417e69e6059e3ba91910d88d4e9b89c6bff1f38e99b01480b,H4,"s0,s1,s2",11790,12199,11964,12227,12159,13483,11964,1.561858,
760557bd9c22d3407a47b891743a8cefc2d0bce91df3fa0b216cb2d9108d5c8f,H0,"s0,s1,s2",22108,22667,22245,22598,22747,24176,22245,1.000000,
760557bd9c22d3407a47b891743a8cefc2d0bce91df3fa0b216cb2d9108d5c8f,H1,"s0,s1,s2",33189,35139,33310,34115,33783,38541,33310,0.669082,
760557bd9c22d3407a47b891743a8cefc2d0bce91df3fa0b216cb2d9108d5c8f,H2,"s0,s1,s2",10204,10615,9988,10505,10258,10836,10204,2.203593,
760557bd9c22d3407a47b891743a8cefc2d0bce91df3fa0b216cb2d9108d5c8f,H3,"s0,s1,s2",10651,11138,9186,9653,9323,11385,9323,2.306098,
760557bd9c22d3407a47b891743a8cefc2d0bce91df3fa0b216cb2d9108d5c8f,H4,"s0,s1,s2",5734,6139,4948,5301,4910,5203,4948,4.314320,
762b3b4e918d58e39b5002a7642906e5658b38d06345ac7a18c84aefd60a4271,H0,"s0,s1,s2",44535,61937,42471,49539,43857,48448,43857,1.000000,
762b3b4e918d58e39b5002a7642906e5658b38d06345ac7a18c84aefd60a4271,H1,"s0,s1,s2",68651,82738,68818,85588,68977,74308,68818,0.633763,
762b3b4e918d58e39b5002a7642906e5658b38d06345ac7a18c84aefd60a4271,H2,"s0,s1,s2",17022,18504,16747,18659,17008,17509,17008,2.576780,
762b3b4e918d58e39b5002a7642906e5658b38d06345ac7a18c84aefd60a4271,H3,"s0,s1,s2",16357,38718,15252,16469,14824,15585,15252,2.820194,
762b3b4e918d58e39b5002a7642906e5658b38d06345ac7a18c84aefd60a4271,H4,"s0,s1,s2",9103,18475,9098,10435,8640,9316,9098,4.875991,
7648b3992a70fce1a9858bcbf82343dd3caded40140cff070c19a1a76b22f52a,H0,"s0,s1,s2",48351,53029,48140,49579,49723,53695,48351,1.000000,
7648b3992a70fce1a9858bcbf82343dd3caded40140cff070c19a1a76b22f52a,H1,"s0,s1,s2",76466,82241,76040,81406,77054,84229,76466,0.636875,
7648b3992a70fce1a9858bcbf82343dd3caded40140cff070c19a1a76b22f52a,H2,"s0,s1,s2",51242,55832,51188,56688,51403,52419,51242,0.950376,
7648b3992a70fce1a9858bcbf82343dd3caded40140cff070c19a1a76b22f52a,H3,"s0,s1,s2",49355,51863,49264,51367,49368,51524,49355,0.987918,
7648b3992a70fce1a9858bcbf82343dd3caded40140cff070c19a1a76b22f52a,H4,"s0,s1,s2",87849,89032,88325,129441,88771,94856,88325,0.551814,
768d02de5e37124d78cc211644d0853fbe6279af971e5f2efabed69584ec0d68,H0,"s0,s1,s2",23690,24175,23708,24211,25252,36077,23708,1.000000,
768d02de5e37124d78cc211644d0853fbe6279af971e5f2efabed69584ec0d68,H1,"s0,s1,s2",39528,40286,39290,43456,42687,43442,39528,0.598078,
768d02de5e37124d78cc211644d0853fbe6279af971e5f2efabed69584ec0d68,H2,"s0,s1,s2",4052,4209,3998,4468,4452,4776,4052,5.815175,
768d02de5e37124d78cc211644d0853fbe6279af971e5f2efabed69584ec0d68,H3,"s0,s1,s2",4563,4961,4543,4842,5024,5923,4563,5.144829,
768d02de5e37124d78cc211644d0853fbe6279af971e5f2efabed69584ec0d68,H4,"s0,s1,s2",2912,3079,2995,3125,3339,3595,2995,7.867747,
76a377de79bee74ecc0308a957ce4782b363d406c856e52ef09ef44ee185df87,H0,"s0,s1,s2",21047,21527,21291,21934,21815,23236,21291,1.000000,
76a377de79bee74ecc0308a957ce4782b363d406c856e52ef09ef44ee185df87,H1,"s0,s1,s2",35436,36256,35505,36160,35990,38543,35505,0.599895,
76a377de79bee74ecc0308a957ce4782b363d406c856e52ef09ef44ee185df87,H2,"s0,s1,s2",11957,12615,12134,12839,12188,13482,12134,1.768185,
76a377de79bee74ecc0308a957ce4782b363d406c856e52ef09ef44ee185df87,H3,"s0,s1,s2",11258,11797,11173,12639,11461,13773,11258,1.892762,
76a377de79bee74ecc0308a957ce4782b363d406c856e52ef09ef44ee185df87,H4,"s0,s1,s2",7354,7779,7250,7579,7376,8035,7354,2.918455,
76b92656c1420d28bd3a96204c95983ba4ebc7410b2baaafe97dcae89b0c54b6,H0,"s0,s1,s2",1687,1727,1714,1752,1769,1804,1714,1.000000,
76b92656c1420d28bd3a96204c95983ba4ebc7410b2baaafe97dcae89b0c54b6,H1,"s0,s1,s2",1600,1666,1647,1699,1611,1640,1611,1.064098,
76b92656c1420d28bd3a96204c95983ba4ebc7410b2baaafe97dcae89b0c54b6,H2,"s0,s1,s2",1913,1963,1886,1925,1980,2038,1913,0.894631,
76b92656c1420d28bd3a96204c95983ba4ebc7410b2baaafe97dcae89b0c54b6,H3,"s0,s1,s2",2114,3551,1913,2019,1968,2229,1968,0.862984,
76b92656c1420d28bd3a96204c95983ba4ebc7410b2baaafe97dcae89b0c54b6,H4,"s0,s1,s2",1310,1394,1210,1248,1269,1355,1269,1.364935,
76d7182424c088c668db71df1d0f37e720a41f14b6c85772adc103c35f754071,H0,"s0,s1,s2",9517,9739,9614,9852,9734,10035,9614,1.000000,
76d7182424c088c668db71df1d0f37e720a41f14b6c85772adc103c35f754071,H1,"s0,s1,s2",9654,9968,9691,9972,9665,10253,9665,0.994961,
76d7182424c088c668db71df1d0f37e720a41f14b6c85772adc103c35f754071,H2,"s0,s1,s2",15077,28070,15070,15447,15203,16892,15077,0.636472,
76d7182424c088c668db71df1d0f37e720a41f14b6c85772adc103c35f754071,H3,"s0,s1,s2",15300,16486,15227,15952,15419,16429,15300,0.628219,
76d7182424c088c668db71df1d0f37e720a41f14b6c85772adc103c35f754071,H4,"s0,s1,s2",11223,11830,11259,12142,11369,17236,11259,0.852684,
77bf6a4855e233e4978bb3e894c5acd2c704953f2df603dc3d6534917bc70a8e,H0,"s0,s1,s2",21762,22705,21845,22537,22294,22935,21845,1.000000,
77bf6a4855e233e4978bb3e894c5acd2c704953f2df603dc3d6534917bc70a8e,H1,"s0,s1,s2",35657,37175,35619,36358,35986,43971,35657,0.614365,
77bf6a4855e233e4978bb3e894c5acd2c704953f2df603dc3d6534917bc70a8e,H2,"s0,s1,s2",12694,13253,12782,13172,12657,13610,12694,1.728106,
77bf6a4855e233e4978bb3e894c5acd2c704953f2df603dc3d6534917bc70a8e,H3,"s0,s1,s2",11167,11567,11097,11596,12594,12917,11167,1.893699,
77bf6a4855e233e4978bb3e894c5acd2c704953f2df603dc3d6534917bc70a8e,H4,"s0,s1,s2",7733,8245,7777,8260,7924,8328,7777,2.812191,
79591834c5b6c29cebd2c6c2fdaa6c09ee1fe83606c2af405c7aa312e342e911,H0,"s0,s1,s2",17346,18188,17290,17987,18571,19912,17346,1.000000,
79591834c5b6c29cebd2c6c2fdaa6c09ee1fe83606c2af405c7aa312e342e911,H1,"s0,s1,s2",31999,33983,31936,33007,32270,34067,31999,0.552762,
79591834c5b6c29cebd2c6c2fdaa6c09ee1fe83606c2af405c7aa312e342e911,H2,"s0,s1,s2",12336,12909,12191,12812,12426,18475,12336,1.439113,
79591834c5b6c29cebd2c6c2fdaa6c09ee1fe83606c2af405c7aa312e342e911,H3,"s0,s1,s2",10948,11438,10898,11332,11729,12693,10948,1.584756,
79591834c5b6c29cebd2c6c2fdaa6c09ee1fe83606c2af405c7aa312e342e911,H4,"s0,s1,s2",5323,5480,5511,5912,5464,6180,5464,3.263202,
79c8f83fa3b3942b5aa39a94e143660d0dc056c79d5e5299bbfd6b8e16418a04,H0,"s0,s1,s2",24661,25007,24553,24820,25355,38061,24661,1.000000,
79c8f83fa3b3942b5aa39a94e143660d0dc056c79d5e5299bbfd6b8e16418a04,H1,"s0,s1,s2",33719,46471,33773,39449,34067,46135,33773,0.734176,
79c8f83fa3b3942b5aa39a94e143660d0dc056c79d5e5299bbfd6b8e16418a04,H2,"s0,s1,s2",10090,10411,10056,10443,10032,10652,10056,2.470728,
79c8f83fa3b3942b5aa39a94e143660d0dc056c79d5e5299bbfd6b8e16418a04,H3,"s0,s1,s2",8392,8911,8390,8627,8501,9161,8392,2.949129,
79c8f83fa3b3942b5aa39a94e143660d0dc056c79d5e5299bbfd6b8e16418a04,H4,"s0,s1,s2",4543,5982,4567,4810,4484,4879,4543,5.485040,
79d201d06f0b6d7c609b0f4ad9ac6703d4ee79bd4cbacc5f8f7f4b9d5025bb0e,H0,"s0,s1,s2",24588,36012,24494,24790,25380,29634,24588,1.000000,
79d201d06f0b6d7c609b0f4ad9ac6703d4ee79bd4cbacc5f8f7f4b9d5025bb0e,H1,"s0,s1,s2",34556,56199,34354,38701,34848,37235,34556,0.717572,
79d201d06f0b6d7c609b0f4ad9ac6703d4ee79bd4cbacc5f8f7f4b9d5025bb0e,H2,"s0,s1,s2",9665,9931,9513,10052,9642,10144,9642,2.583426,
79d201d06f0b6d7c609b0f4ad9ac6703d4ee79bd4cbacc5f8f7f4b9d5025bb0e,H3,"s0,s1,s2",8788,14640,8514,8700,8692,9110,8692,2.864466,
79d201d06f0b6d7c609b0f4ad9ac6703d4ee79bd4cbacc5f8f7f4b9d5025bb0e,H4,"s0,s1,s2",4041,4498,4317,4512,4307,4582,4307,5.881340,
7aef71638f2f719ed6c38c86506eee85737708b667e4bced462e66a6d2a5a12d,H0,"s0,s1,s2",1512,1549,1674,1709,1581,1695,1581,1.000000,
7aef71638f2f719ed6c38c86506eee85737708b667e4bced462e66a6d2a5a12d,H1,"s0,s1,s2",1393,1439,1530,1578,1396,1504,1396,1.103834,
7aef71638f2f719ed6c38c86506eee85737708b667e4bced462e66a6d2a5a12d,H2,"s0,s1,s2",1571,1647,1668,1729,1584,1645,1584,0.987879,
7aef71638f2f719ed6c38c86506eee85737708b667e4bced462e66a6d2a5a12d,H3,"s0,s1,s2",1689,1799,1764,1873,1694,1757,1694,0.925548,
7aef71638f2f719ed6c38c86506eee85737708b667e4bced462e66a6d2a5a12d,H4,"s0,s1,s2",975,1024,998,1024,974,1014,975,1.616274,
7b4502db71fb9e6d46cdd5cb2df2cfa87c7acff03f4f11b38b7465ad2bcba8f2,H0,"s0,s1,s2",17309,18219,17291,18255,18407,18931,17309,1.000000,
7b4502db71fb9e6d46cdd5cb2df2cfa87c7acff03f4f11b38b7465ad2bcba8f2,H1,"s0,s1,s2",30937,32329,31264,44119,31503,37234,31264,0.565458,
7b4502db71fb9e6d46cdd5cb2df2cfa87c7acff03f4f11b38b7465ad2bcba8f2,H2,"s0,s1,s2",12420,13039,12360,13281,12440,13224,12420,1.423546,
7b4502db71fb9e6d46cdd5cb2df2cfa87c7acff03f4f11b38b7465ad2bcba8f2,H3,"s0,s1,s2",10680,11050,10521,22070,10584,10933,10584,1.666987,
7b4502db71fb9e6d46cdd5cb2df2cfa87c7acff03f4f11b38b7465ad2bcba8f2,H4,"s0,s1,s2",5000,5105,5250,5634,5175,5618,5175,3.435673,
7b70853f946d5f7d1e576c3384b501606a907461bb58999d1e1e2540e2b861cf,H0,"s0,s1,s2",16045,16335,16130,17275,16714,16959,16130,1.000000,
7b70853f946d5f7d1e576c3384b501606a907461bb58999d1e1e2540e2b861cf,H1,"s0,s1,s2",27922,39983,26533,27968,26471,30957,26533,0.604204,
7b70853f946d5f7d1e576c3384b501606a907461bb58999d1e1e2540e2b861cf,H2,"s0,s1,s2",9056,10007,9562,9935,9138,9612,9138,1.761595,
7b70853f946d5f7d1e576c3384b501606a907461bb58999d1e1e2540e2b861cf,H3,"s0,s1,s2",8615,9465,8794,10681,8466,9874,8615,1.889346,
7b70853f946d5f7d1e576c3384b501606a907461bb58999d1e1e2540e2b861cf,H4,"s0,s1,s2",4601,5565,5013,5405,4581,4946,4601,3.446525,
7b9cd2e241c7e76e74b0eb78f917ad692e11cf5912110fc0ba2ea177e923249f,H0,"s0,s1,s2",743,761,797,814,814,847,797,1.000000,
7b9cd2e241c7e76e74b0eb78f917ad692e11cf5912110fc0ba2ea177e923249f,H1,"s0,s1,s2",1197,1224,1213,1248,1272,1300,1213,0.639062,
7b9cd2e241c7e76e74b0eb78f917ad692e11cf5912110fc0ba2ea177e923249f,H2,"s0,s1,s2",1248,1310,1209,1250,1273,1325,1248,0.630765,
7b9cd2e241c7e76e74b0eb78f917ad692e11cf5912110fc0ba2ea177e923249f,H3,"s0,s1,s2",1311,1578,1331,1388,1391,1474,1331,0.583429,
7b9cd2e241c7e76e74b0eb78f917ad692e11cf5912110fc0ba2ea177e923249f,H4,"s0,s1,s2",1770,2381,982,1038,985,1020,985,0.655416,1.8024
7bead3e0928cd4b0e3f5db78ec77368f869dc72f1b59956265ea56bdc390b87c,H0,"s0,s1,s2",29132,45586,27015,27727,28280,29111,28280,1.000000,
7bead3e0928cd4b0e3f5db78ec77368f869dc72f1b59956265ea56bdc390b87c,H1,"s0,s1,s2",9993,11604,9469,9701,9516,9779,9516,2.912953,
7bead3e0928cd4b0e3f5db78ec77368f869dc72f1b59956265ea56bdc390b87c,H2,"s0,s1,s2",12889,24409,12262,12689,12343,12625,12343,2.251219,
7bead3e0928cd4b0e3f5db78ec77368f869dc72f1b59956265ea56bdc390b87c,H3,"s0,s1,s2",10625,18504,9946,10318,10033,10420,10033,2.758558,
7bead3e0928cd4b0e3f5db78ec77368f869dc72f1b59956265ea56bdc390b87c,H4,"s0,s1,s2",5410,6736,4938,5763,5025,5633,5025,5.493596,
7d5c9e88c4b5e2dc31112982694389b38a4f0f71ff398a6105dbad45e00005ee,H0,"s0,s1,s2",15436,15754,15417,15752,17008,17405,15436,1.000000,
7d5c9e88c4b5e2dc31112982694389b38a4f0f71ff398a6105dbad45e00005ee,H1,"s0,s1,s2",17968,18364,17842,18224,19924,20247,17968,0.858927,
7d5c9e88c4b5e2dc31112982694389b38a4f0f71ff398a6105dbad45e00005ee,H2,"s0,s1,s2",5461,5735,5262,5569,5897,6299,5461,2.879903,
7d5c9e88c4b5e2dc31112982694389b38a4f0f71ff398a6105dbad45e00005ee,H3,"s0,s1,s2",4739,5130,4502,4887,5091,5465,4739,3.340136,
7d5c9e88c4b5e2dc31112982694389b38a4f0f71ff398a6105dbad45e00005ee,H4,"s0,s1,s2",2546,2918,2509,2964,2706,3198,2546,6.163589,
7e94ac02dde8d70eaaf5e8e61127c49acd493143f24236f8d7df688622327689,H0,"s0,s1,s2",24574,25116,24603,29193,24527,25936,24574,1.000000,
7e94ac02dde8d70eaaf5e8e61127c49acd493143f24236f8d7df688622327689,H1,"s0,s1,s2",53953,57225,53864,59905,54138,62079,53953,0.455090,
7e94ac02dde8d70eaaf5e8e61127c49acd493143f24236f8d7df688622327689,H2,"s0,s1,s2",42145,44132,42039,46990,41783,50848,42039,0.585109,
7e94ac02dde8d70eaaf5e8e61127c49acd493143f24236f8d7df688622327689,H3,"s0,s1,s2",43619,51307,43144,43490,43748,51092,43619,0.564744,
7e94ac02dde8d70eaaf5e8e61127c49acd493143f24236f8d7df688622327689,H4,"s0,s1,s2",42850,74907,39537,44553,39242,41175,39537,0.606458,
7eaa6df2c96ac2dd353a86a9e74f3724559b94da70cb07b400a4e0ba86c57a4e,H0,"s0,s1,s2",22546,24162,22487,23128,23030,24769,22546,1.000000,
7eaa6df2c96ac2dd353a86a9e74f3724559b94da70cb07b400a4e0ba86c57a4e,H1,"s0,s1,s2",36045,36733,35915,41231,36451,38401,36045,0.627800,
7eaa6df2c96ac2dd353a86a9e74f3724559b94da70cb07b400a4e0ba86c57a4e,H2,"s0,s1,s2",13843,18288,13781,14411,14002,15335,13843,1.635051,
7eaa6df2c96ac2dd353a86a9e74f3724559b94da70cb07b400a4e0ba86c57a4e,H3,"s0,s1,s2",13471,14079,13340,13806,13630,14783,13471,1.682988,
7eaa6df2c96ac2dd353a86a9e74f3724559b94da70cb07b400a4e0ba86c57a4e,H4,"s0,s1,s2",8327,8818,8477,9228,8519,9415,8477,2.687769,
7fdb3ed3e9c8d0284723f10bab37cc1e8227df4bcb19db973367f64678f93221,H0,"s0,s1,s2",23767,24392,23792,24201,26029,26929,23792,1.000000,
7fdb3ed3e9c8d0284723f10bab37cc1e8227df4bcb19db973367f64678f93221,H1,"s0,s1,s2",51932,57154,51780,56346,56306,68221,51932,0.459801,
7fdb3ed3e9c8d0284723f10bab37cc1e8227df4bcb19db973367f64678f93221,H2,"s0,s1,s2",40423,40795,40204,40605,43796,55651,40423,0.591349,
7fdb3ed3e9c8d0284723f10bab37cc1e8227df4bcb19db973367f64678f93221,H3,"s0,s1,s2",43486,48691,43362,44352,47321,58601,43486,0.548424,
7fdb3ed3e9c8d0284723f10bab37cc1e8227df4bcb19db973367f64678f93221,H4,"s0,s1,s2",36798,49885,36584,38937,39414,40909,36798,0.652177,
8066098647a37f0152c216f31ccbcae39de413f548b80f6a213b0782ac5f3512,H0,"s0,s1,s2",49535,66986,48729,50444,53536,55208,49535,1.000000,
8066098647a37f0152c216f31ccbcae39de413f548b80f6a213b0782ac5f3512,H1,"s0,s1,s2",73464,78299,73080,79218,73944,78422,73464,0.687897,
8066098647a37f0152c216f31ccbcae39de413f548b80f6a213b0782ac5f3512,H2,"s0,s1,s2",20817,21843,20618,25115,20833,23100,20817,2.435808,
8066098647a37f0152c216f31ccbcae39de413f548b80f6a213b0782ac5f3512,H3,"s0,s1,s2",19024,24671,18639,18951,18818,20135,18818,2.685443,
8066098647a37f0152c216f31ccbcae39de413f548b80f6a213b0782ac5f3512,H4,"s0,s1,s2",10237,15460,9947,10473,10173,10566,10173,4.996631,
808db073a4fb2b3b431241533696cc0aafbef7513bf72cdf11198287228a80b1,H0,"s0,s1,s2",1377,1419,1420,1478,1435,1491,1420,1.000000,
808db073a4fb2b3b431241533696cc0aafbef7513bf72cdf11198287228a80b1,H1,"s0,s1,s2",1694,1723,1684,1745,1871,1916,1694,0.807077,
808db073a4fb2b3b431241533696cc0aafbef7513bf72cdf11198287228a80b1,H2,"s0,s1,s2",2035,2123,1984,2053,2259,2353,2035,0.675073,
808db073a4fb2b3b431241533696cc0aafbef7513bf72cdf11198287228a80b1,H3,"s0,s1,s2",2070,2148,2025,2110,2295,2378,2070,0.663181,
808db073a4fb2b3b431241533696cc0aafbef7513bf72cdf11198287228a80b1,H4,"s0,s1,s2",1172,1255,1204,1250,1299,1369,1204,1.152490,
81815860e8d1363939917aaae82838019da5c7eaa1dee341a77feb063c222b3e,H0,"s0,s1,s2",43053,44033,42757,43751,44662,59600,43053,1.000000,
81815860e8d1363939917aaae82838019da5c7eaa1dee341a77feb063c222b3e,H1,"s0,s1,s2",71537,90817,71389,76582,71676,86711,71537,0.607861,
81815860e8d1363939917aaae82838019da5c7eaa1dee341a77feb063c222b3e,H2,"s0,s1,s2",22238,36651,21773,23693,21967,22907,21967,1.977219,
81815860e8d1363939917aaae82838019da5c7eaa1dee341a77feb063c222b3e,H3,"s0,s1,s2",20753,21241,20012,22230,20201,21371,20201,2.139940,
81815860e8d1363939917aaae82838019da5c7eaa1dee341a77feb063c222b3e,H4,"s0,s1,s2",13301,13861,12833,13429,13044,19213,13044,3.329982,
8196468a2a94316d1819ccdee437ec9f0d39c85bbdcada00faf8001f40f819b8,H0,"s0,s1,s2",31756,32036,31750,32213,33297,35168,31756,1.000000,
8196468a2a94316d1819ccdee437ec9f0d39c85bbdcada00faf8001f40f819b8,H1,"s0,s1,s2",9815,10248,9710,10544,9903,10377,9815,3.288764,
8196468a2a94316d1819ccdee437ec9f0d39c85bbdcada00faf8001f40f819b8,H2,"s0,s1,s2",19736,20443,19642,20252,19636,20542,19642,1.639931,
8196468a2a94316d1819ccdee437ec9f0d39c85bbdcada00faf8001f40f819b8,H3,"s0,s1,s2",19146,29334,18104,18794,18187,19395,18187,1.746306,
8196468a2a94316d1819ccdee437ec9f0d39c85bbdcada00faf8001f40f819b8,H4,"s0,s1,s2",8321,16269,7748,8849,7750,8382,7750,4.065394,
81fdea3ccfb4e45255aba7bbea58f27d5b84fd18df33ff75a84b61a1c0352ebb,H0,"s0,s1,s2",15487,15842,15307,15618,16910,17442,15487,1.000000,
81fdea3ccfb4e45255aba7bbea58f27d5b84fd18df33ff75a84b61a1c0352ebb,H1,"s0,s1,s2",17988,22424,17792,18130,19401,24347,17988,0.864284,
81fdea3ccfb4e45255aba7bbea58f27d5b84fd18df33ff75a84b61a1c0352ebb,H2,"s0,s1,s2",4865,5316,4696,5052,5295,5591,4865,3.211994,
81fdea3ccfb4e45255aba7bbea58f27d5b84fd18df33ff75a84b61a1c0352ebb,H3,"s0,s1,s2",4185,4600,3995,4490,4480,4973,4185,3.768515,
81fdea3ccfb4e45255aba7bbea58f27d5b84fd18df33ff75a84b61a1c0352ebb,H4,"s0,s1,s2",2014,2326,1960,2311,2152,2552,2014,7.785402,
82c60937300de0b2bf3ef53fcdd12983e5dbfaef9490d320d5fff82b13d0dabb,H0,"s0,s1,s2",32231,32947,32192,36462,33654,37077,32231,1.000000,
82c60937300de0b2bf3ef53fcdd12983e5dbfaef9490d320d5fff82b13d0dabb,H1,"s0,s1,s2",10597,11025,10694,11244,10704,11304,10694,3.064760,
82c60937300de0b2bf3ef53fcdd12983e5dbfaef9490d320d5fff82b13d0dabb,H2,"s0,s1,s2",27308,28140,27569,27919,27714,29432,27569,1.187270,
82c60937300de0b2bf3ef53fcdd12983e5dbfaef9490d320d5fff82b13d0dabb,H3,"s0,s1,s2",26119,29019,26006,30026,26205,31676,26119,1.251838,
82c60937300de0b2bf3ef53fcdd12983e5dbfaef9490d320d5fff82b13d0dabb,H4,"s0,s1,s2",11997,12389,12074,12558,12443,13464,12074,2.685776,
82f4fca7f6b35beb7567e37839ed9166f5dda3effe1818cdef2980b56e32205c,H0,"s0,s1,s2",18752,22934,18834,19184,19992,32021,18834,1.000000,
82f4fca7f6b35beb7567e37839ed9166f5dda3effe1818cdef2980b56e32205c,H1,"s0,s1,s2",11031,11291,11042,11449,12111,12558,11042,1.685264,
82f4fca7f6b35beb7567e37839ed9166f5dda3effe1818cdef2980b56e32205c,H2,"s0,s1,s2",10237,10586,10313,10718,11114,22567,10313,1.818889,
82f4fca7f6b35beb7567e37839ed9166f5dda3effe1818cdef2980b56e32205c,H3,"s0,s1,s2",8341,11795,8244,8627,9030,9421,8341,2.248714,
82f4fca7f6b35beb7567e37839ed9166f5dda3effe1818cdef2980b56e32205c,H4,"s0,s1,s2",4223,4584,4174,4563,4500,5591,4223,4.464986,
8306b1003f14faeed2726556e7c5f47ece2ffe4deee6e3f812c36979b66281f0,H0,"s0,s1,s2",58453,59788,58513,64734,59861,65685,58513,1.000000,
8306b1003f14faeed2726556e7c5f47ece2ffe4deee6e3f812c36979b66281f0,H1,"s0,s1,s2",26269,28464,26443,27827,26352,34281,26352,2.236377,
8306b1003f14faeed2726556e7c5f47ece2ffe4deee6e3f812c36979b66281f0,H2,"s0,s1,s2",21308,22183,21477,22255,21592,22713,21477,2.746616,
8306b1003f14faeed2726556e7c5f47ece2ffe4deee6e3f812c36979b66281f0,H3,"s0,s1,s2",20178,20673,19865,20665,19847,21359,19865,2.952436,
8306b1003f14faeed2726556e7c5f47ece2ffe4deee6e3f812c36979b66281f0,H4,"s0,s1,s2",13402,19432,12968,13980,13132,13954,13132,4.476548,
8513c625573e57cbe4f5a82969af1f52dc1728577c02b618387175bbdad735ca,H0,"s0,s1,s2",13391,13780,13487,14076,13965,14671,13487,1.000000,
8513c625573e57cbe4f5a82969af1f52dc1728577c02b618387175bbdad735ca,H1,"s0,s1,s2",21900,22657,21629,22468,21964,22883,21900,0.623533,
8513c625573e57cbe4f5a82969af1f52dc1728577c02b618387175bbdad735ca,H2,"s0,s1,s2",9379,9668,9311,9707,9423,9787,9379,1.452588,
8513c625573e57cbe4f5a82969af1f52dc1728577c02b618387175bbdad735ca,H3,"s0,s1,s2",8358,12050,8082,8498,8257,8946,8257,1.653644,
8513c625573e57cbe4f5a82969af1f52dc1728577c02b618387175bbdad735ca,H4,"s0,s1,s2",4531,4901,4620,4825,4536,4825,4536,2.983688,
8751b5cd8453f60efd97861a4e26576d6fa7df53a7729a43311e0a1cbafd1600,H0,"s0,s1,s2",8037,8475,8153,8553,8153,8516,8153,1.000000,
8751b5cd8453f60efd97861a4e26576d6fa7df53a7729a43311e0a1cbafd1600,H1,"s0,s1,s2",8683,20519,9232,9533,8037,8587,8683,0.939485,
8751b5cd8453f60efd97861a4e26576d6fa7df53a7729a43311e0a1cbafd1600,H2,"s0,s1,s2",12073,20673,13447,13808,11852,16414,12073,0.652377,
8751b5cd8453f60efd97861a4e26576d6fa7df53a7729a43311e0a1cbafd1600,H3,"s0,s1,s2",13912,20294,14517,17095,13036,13748,13912,0.587633,
8751b5cd8453f60efd97861a4e26576d6fa7df53a7729a43311e0a1cbafd1600,H4,"s0,s1,s2",9596,13309,10548,11070,9381,10493,9596,0.825543,
888f42ac05f411e6c91e05f7b84fb37208f1af1ac324b050eb7542c16f7095f9,H0,"s0,s1,s2",26603,27111,30562,35368,28959,40654,28959,1.000000,
888f42ac05f411e6c91e05f7b84fb37208f1af1ac324b050eb7542c16f7095f9,H1,"s0,s1,s2",39743,44741,44018,44621,43688,49722,43688,0.675379,
888f42ac05f411e6c91e05f7b84fb37208f1af1ac324b050eb7542c16f7095f9,H2,"s0,s1,s2",13702,14203,13905,14745,14789,15322,13905,2.029243,
888f42ac05f411e6c91e05f7b84fb37208f1af1ac324b050eb7542c16f7095f9,H3,"s0,s1,s2",11331,11874,11340,11556,12106,12871,11340,2.473649,
888f42ac05f411e6c91e05f7b84fb37208f1af1ac324b050eb7542c16f7095f9,H4,"s0,s1,s2",6356,6547,6025,6229,6769,7347,6356,4.495143,
889092e089ef1c28b9cbf60d4dc8cb1e2f7451b183c25b05d6514ffbf26a240d,H0,"s0,s1,s2",17405,18137,17238,17767,18540,19764,17405,1.000000,
889092e089ef1c28b9cbf60d4dc8cb1e2f7451b183c25b05d6514ffbf26a240d,H1,"s0,s1,s2",32501,34474,32431,32974,32727,35336,32501,0.544297,
889092e089ef1c28b9cbf60d4dc8cb1e2f7451b183c25b05d6514ffbf26a240d,H2,"s0,s1,s2",17416,18024,17422,17895,17547,18471,17422,1.014707,
889092e089ef1c28b9cbf60d4dc8cb1e2f7451b183c25b05d6514ffbf26a240d,H3,"s0,s1,s2",16129,16628,16139,16583,16016,17263,16129,1.100891,
889092e089ef1c28b9cbf60d4dc8cb1e2f7451b183c25b05d6514ffbf26a240d,H4,"s0,s1,s2",37076,38011,39476,40621,37018,43218,37076,0.468249,
896d1b51839468e5f639198557ea8491b45e17bd0987835ed37903a0a4ac0dee,H0,"s0,s1,s2",27897,32110,27806,28498,29035,31010,27897,1.000000,
896d1b51839468e5f639198557ea8491b45e17bd0987835ed37903a0a4ac0dee,H1,"s0,s1,s2",8979,16949,9009,9376,9265,9974,9009,3.109014,
896d1b51839468e5f639198557ea8491b45e17bd0987835ed37903a0a4ac0dee,H2,"s0,s1,s2",14301,25321,13948,18455,14044,15096,14044,2.003316,
896d1b51839468e5f639198557ea8491b45e17bd0987835ed37903a0a4ac0dee,H3,"s0,s1,s2",11939,12556,11908,12171,12026,12601,11939,2.361728,
896d1b51839468e5f639198557ea8491b45e17bd0987835ed37903a0a4ac0dee,H4,"s0,s1,s2",5770,6372,5916,6255,6067,6404,5916,4.773240,
89cbbad8752c807200218f5d5f4ca3dcde6756e20335e1b783324a198dd0ac9a,H0,"s0,s1,s2",24634,26148,24523,25784,25720,28090,24634,1.000000,
89cbbad8752c807200218f5d5f4ca3dcde6756e20335e1b783324a198dd0ac9a,H1,"s0,s1,s2",37025,41652,36930,38052,37660,51509,37025,0.670721,
89cbbad8752c807200218f5d5f4ca3dcde6756e20335e1b783324a198dd0ac9a,H2,"s0,s1,s2",29478,30915,29359,31117,30334,42214,29478,0.839596,
89cbbad8752c807200218f5d5f4ca3dcde6756e20335e1b783324a198dd0ac9a,H3,"s0,s1,s2",29838,31027,29680,34435,30611,88378,29838,0.830659,
89cbbad8752c807200218f5d5f4ca3dcde6756e20335e1b783324a198dd0ac9a,H4,"s0,s1,s2",19225,20395,19485,20627,19525,21083,19485,1.285505,
89e3692a9b6ff141c809bcf4c0ba197fad85885d1cfca74b65273fde40757089,H0,"s0,s1,s2",28173,28952,29316,39424,29051,29438,29051,1.000000,
89e3692a9b6ff141c809bcf4c0ba197fad85885d1cfca74b65273fde40757089,H1,"s0,s1,s2",4996,5175,5422,5677,5103,5478,5103,5.578239,
89e3692a9b6ff141c809bcf4c0ba197fad85885d1cfca74b65273fde40757089,H2,"s0,s1,s2",12499,13841,13237,14010,12508,12877,12508,2.263334,
89e3692a9b6ff141c809bcf4c0ba197fad85885d1cfca74b65273fde40757089,H3,"s0,s1,s2",10657,21288,10558,11100,9943,10177,10558,2.778358,
89e3692a9b6ff141c809bcf4c0ba197fad85885d1cfca74b65273fde40757089,H4,"s0,s1,s2",4761,5014,5216,5483,4843,5198,4843,5.843184,
89e6e1498a77d3cd583ad7fbdec41e4f8f5ef826113ab3d2b861baf01f310fe3,H0,"s0,s1,s2",15589,15887,16718,17121,15771,16065,15771,1.000000,
89e6e1498a77d3cd583ad7fbdec41e4f8f5ef826113ab3d2b861baf01f310fe3,H1,"s0,s1,s2",2814,3198,3009,3427,2765,3118,2814,5.599382,
89e6e1498a77d3cd583ad7fbdec41e4f8f5ef826113ab3d2b861baf01f310fe3,H2,"s0,s1,s2",5421,5834,5592,6434,5383,5830,5421,2.931323,
89e6e1498a77d3cd583ad7fbdec41e4f8f5ef826113ab3d2b861baf01f310fe3,H3,"s0,s1,s2",5346,16146,5173,5592,5066,5451,5173,3.084194,
89e6e1498a77d3cd583ad7fbdec41e4f8f5ef826113ab3d2b861baf01f310fe3,H4,"s0,s1,s2",2663,4115,2599,3089,2614,2886,2614,6.101823,
8acf0a7491fb60d89a82b3cca004b80706068802f6d5503cd7b5efd4e4f08559,H0,"s0,s1,s2",50573,61823,47344,48359,48964,65796,48964,1.000000,
8acf0a7491fb60d89a82b3cca004b80706068802f6d5503cd7b5efd4e4f08559,H1,"s0,s1,s2",72051,97604,70836,76030,72166,77910,72051,0.682776,
8acf0a7491fb60d89a82b3cca004b80706068802f6d5503cd7b5efd4e4f08559,H2,"s0,s1,s2",45862,64915,45559,50291,45819,53149,45819,1.069866,
8acf0a7491fb60d89a82b3cca004b80706068802f6d5503cd7b5efd4e4f08559,H3,"s0,s1,s2",44022,49955,43808,56618,44057,56690,44022,1.113288,
8acf0a7491fb60d89a82b3cca004b80706068802f6d5503cd7b5efd4e4f08559,H4,"s0,s1,s2",73484,98731,72806,88611,73285,86835,73285,0.668696,
8b8f43a89d351ae5f51f371bf89ec18dc438190e8b7fb099271ad201aadee946,H0,"s0,s1,s2",14001,14248,14138,14859,14484,15466,14138,1.000000,
8b8f43a89d351ae5f51f371bf89ec18dc438190e8b7fb099271ad201aadee946,H1,"s0,s1,s2",21713,22115,21947,22607,22102,23804,21947,0.648092,
8b8f43a89d351ae5f51f371bf89ec18dc438190e8b7fb099271ad201aadee946,H2,"s0,s1,s2",17713,18440,17552,17982,17743,18369,17713,0.804013,
8b8f43a89d351ae5f51f371bf89ec18dc438190e8b7fb099271ad201aadee946,H3,"s0,s1,s2",16656,20933,16877,17494,17358,18407,16877,0.837574,
8b8f43a89d351ae5f51f371bf89ec18dc438190e8b7fb099271ad201aadee946,H4,"s0,s1,s2",24802,25280,24955,25920,25228,27292,24955,0.568377,
8c58d4b40f0803b8f26b2e108ccfa04987c765b4630584be880b888757309271,H0,"s0,s1,s2",21299,21557,21520,22269,22333,24787,21520,1.000000,
8c58d4b40f0803b8f26b2e108ccfa04987c765b4630584be880b888757309271,H1,"s0,s1,s2",33855,39125,33986,36163,35909,48702,33986,0.628069,
8c58d4b40f0803b8f26b2e108ccfa04987c765b4630584be880b888757309271,H2,"s0,s1,s2",26735,32077,26707,27311,27067,50227,26735,0.809098,
8c58d4b40f0803b8f26b2e108ccfa04987c765b4630584be880b888757309271,H3,"s0,s1,s2",22074,23631,22412,23237,22949,34648,22412,0.966068,
8c58d4b40f0803b8f26b2e108ccfa04987c765b4630584be880b888757309271,H4,"s0,s1,s2",33575,57183,33083,38910,33616,35429,33575,0.649622,
8c7a9109e2ed6c28c78b2d7f5b51c7dedb7d062b4990f640989799da5156089b,H0,"s0,s1,s2",9314,9580,9419,9796,9434,9627,9419,1.000000,
8c7a9109e2ed6c28c78b2d7f5b51c7dedb7d062b4990f640989799da5156089b,H1,"s0,s1,s2",9292,9602,9503,10593,9408,9720,9408,0.998749,
8c7a9109e2ed6c28c78b2d7f5b51c7dedb7d062b4990f640989799da5156089b,H2,"s0,s1,s2",14162,14636,14354,14746,14357,15837,14354,0.656990,
8c7a9109e2ed6c28c78b2d7f5b51c7dedb7d062b4990f640989799da5156089b,H3,"s0,s1,s2",15004,15519,14668,15000,14767,15079,14767,0.633853,
8c7a9109e2ed6c28c78b2d7f5b51c7dedb7d062b4990f640989799da5156089b,H4,"s0,s1,s2",10721,11235,10878,11350,11004,12070,10878,0.863974,
8db3b5ae7d47000d4da1c1986d0905b01e85a199c24a19f95db3e756a94d76f9,H0,"s0,s1,s2",28250,28727,28111,32522,29474,32527,28250,1.000000,
8db3b5ae7d47000d4da1c1986d0905b01e85a199c24a19f95db3e756a94d76f9,H1,"s0,s1,s2",10606,10829,9908,10232,10096,10298,10096,2.804673,
8db3b5ae7d47000d4da1c1986d0905b01e85a199c24a19f95db3e756a94d76f9,H2,"s0,s1,s2",17215,17842,17220,17729,17343,19051,17220,1.657384,
8db3b5ae7d47000d4da1c1986d0905b01e85a199c24a19f95db3e756a94d76f9,H3,"s0,s1,s2",15351,16456,16642,17077,15434,16766,15434,1.810663,
8db3b5ae7d47000d4da1c1986d0905b01e85a199c24a19f95db3e756a94d76f9,H4,"s0,s1,s2",7286,7703,8164,8413,7312,7757,7312,3.775448,
8f7c4df7c6776a41d2319873ce38cb0dc7622a5693017d783333d7565e52cc80,H0,"s0,s1,s2",16004,17067,16064,16406,16627,17586,16064,1.000000,
8f7c4df7c6776a41d2319873ce38cb0dc7622a5693017d783333d7565e52cc80,H1,"s0,s1,s2",25872,31095,26257,27498,26634,27747,26257,0.618199,
8f7c4df7c6776a41d2319873ce38cb0dc7622a5693017d783333d7565e52cc80,H2,"s0,s1,s2",23835,28909,23987,28456,24034,30610,23987,0.677579,
8f7c4df7c6776a41d2319873ce38cb0dc7622a5693017d783333d7565e52cc80,H3,"s0,s1,s2",24461,25757,25738,51046,24518,32418,24518,0.651810,
8f7c4df7c6776a41d2319873ce38cb0dc7622a5693017d783333d7565e52cc80,H4,"s0,s1,s2",26242,30939,26244,27466,26127,28352,26242,0.619336,
905ef594fea9042f9c99b453152006593111da486b176aba9d1593bd8d7e1381,H0,"s0,s1,s2",48916,50051,48568,53332,49919,55485,48916,1.000000,
905ef594fea9042f9c99b453152006593111da486b176aba9d1593bd8d7e1381,H1,"s0,s1,s2",73563,75379,73348,79256,73914,79122,73563,0.667469,
905ef594fea9042f9c99b453152006593111da486b176aba9d1593bd8d7e1381,H2,"s0,s1,s2",26679,27280,26199,28011,26387,31583,26387,1.859549,
905ef594fea9042f9c99b453152006593111da486b176aba9d1593bd8d7e1381,H3,"s0,s1,s2",25470,26263,25332,26968,25570,26982,25470,1.929950,
905ef594fea9042f9c99b453152006593111da486b176aba9d1593bd8d7e1381,H4,"s0,s1,s2",15835,16487,15673,16369,15434,20771,15673,3.140071,
9149f5456233a48bc21188991c82d3730d2b9195b7b960396041c3393579c0a3,H0,"s0,s1,s2",13197,14037,11981,12468,12439,12817,12439,1.000000,
9149f5456233a48bc21188991c82d3730d2b9195b7b960396041c3393579c0a3,H1,"s0,s1,s2",17772,23066,16273,16552,16559,27952,16559,0.743313,
9149f5456233a48bc21188991c82d3730d2b9195b7b960396041c3393579c0a3,H2,"s0,s1,s2",5970,11792,5299,5420,5357,5483,5357,2.264060,
9149f5456233a48bc21188991c82d3730d2b9195b7b960396041c3393579c0a3,H3,"s0,s1,s2",5208,5869,4741,5096,4888,5162,4888,2.535287,
9149f5456233a48bc21188991c82d3730d2b9195b7b960396041c3393579c0a3,H4,"s0,s1,s2",2597,3178,2502,2667,2458,2707,2502,4.975127,
91d2e536796799571237ced8e8266b404d33ee3077367a18a75a2ca3ca470b02,H0,"s0,s1,s2",23443,24093,23474,24406,24336,24775,23474,1.000000,
91d2e536796799571237ced8e8266b404d33ee3077367a18a75a2ca3ca470b02,H1,"s0,s1,s2",32536,36447,32293,37159,32706,38581,32536,0.730438,
91d2e536796799571237ced8e8266b404d33ee3077367a18a75a2ca3ca470b02,H2,"s0,s1,s2",16175,27221,15918,16360,16039,27918,16039,1.480175,
91d2e536796799571237ced8e8266b404d33ee3077367a18a75a2ca3ca470b02,H3,"s0,s1,s2",55137,60548,55306,56459,56058,68511,55306,0.427890,
91d2e536796799571237ced8e8266b404d33ee3077367a18a75a2ca3ca470b02,H4,"s0,s1,s2",32045,37764,32254,38202,32358,34912,32254,0.737069,
9200178eda46905a79636adeef213e4b99a3af62ce43d0ea62ccc7d89eb0059a,H0,"s0,s1,s2",21413,21720,21749,29082,21979,23155,21749,1.000000,
9200178eda46905a79636adeef213e4b99a3af62ce43d0ea62ccc7d89eb0059a,H1,"s0,s1,s2",33995,38398,34160,56915,34610,46582,34160,0.633865,
9200178eda46905a79636adeef213e4b99a3af62ce43d0ea62ccc7d89eb0059a,H2,"s0,s1,s2",26301,26837,26124,29185,26341,38829,26301,0.826977,
9200178eda46905a79636adeef213e4b99a3af62ce43d0ea62ccc7d89eb0059a,H3,"s0,s1,s2",25137,25779,25724,35468,25875,31929,25724,0.848915,
9200178eda46905a79636adeef213e4b99a3af62ce43d0ea62ccc7d89eb0059a,H4,"s0,s1,s2",34445,64849,32948,34069,33524,39996,33524,0.645562,
931f8b25ebe8484f83b997d3b1acdd6e992d455d397b1b614c6bb3605094c070,H0,"s0,s1,s2",24239,24599,24293,25249,25119,26576,24293,1.000000,
931f8b25ebe8484f83b997d3b1acdd6e992d455d397b1b614c6bb3605094c070,H1,"s0,s1,s2",33211,34076,32950,34543,33549,40657,33211,0.738574,
931f8b25ebe8484f83b997d3b1acdd6e992d455d397b1b614c6bb3605094c070,H2,"s0,s1,s2",9124,9494,9083,9455,9100,9602,9100,2.696792,
931f8b25ebe8484f83b997d3b1acdd6e992d455d397b1b614c6bb3605094c070,H3,"s0,s1,s2",7736,8129,7675,8093,7839,8883,7736,3.167483,
931f8b25ebe8484f83b997d3b1acdd6e992d455d397b1b614c6bb3605094c070,H4,"s0,s1,s2",3897,4083,4038,4260,4085,4386,4038,6.127780,
97adac114ae26b9e33db5553a0766b27975003ee606de7d2b62f0d49947f960a,H0,"s0,s1,s2",9205,16821,10372,10710,9312,9649,9312,1.000000,
97adac114ae26b9e33db5553a0766b27975003ee606de7d2b62f0d49947f960a,H1,"s0,s1,s2",9179,9485,10605,10907,9166,9811,9179,0.998806,
97adac114ae26b9e33db5553a0766b27975003ee606de7d2b62f0d49947f960a,H2,"s0,s1,s2",13884,14599,13718,15555,13747,14034,13747,0.697652,
97adac114ae26b9e33db5553a0766b27975003ee606de7d2b62f0d49947f960a,H3,"s0,s1,s2",14983,23556,14368,14796,14581,15525,14581,0.656723,
97adac114ae26b9e33db5553a0766b27975003ee606de7d2b62f0d49947f960a,H4,"s0,s1,s2",10813,20820,10699,11070,10867,11177,10813,0.890930,
98d7bfc5037afecbc7b9a6ab5b2d8f56cf0fe3fa30ce49a1694523ccb220ffeb,H0,"s0,s1,s2",25554,26037,23873,24309,23831,24527,23873,1.000000,
98d7bfc5037afecbc7b9a6ab5b2d8f56cf0fe3fa30ce49a1694523ccb220ffeb,H1,"s0,s1,s2",53792,54586,55316,75371,52017,57098,53792,0.454567,
98d7bfc5037afecbc7b9a6ab5b2d8f56cf0fe3fa30ce49a1694523ccb220ffeb,H2,"s0,s1,s2",43638,49052,41202,48788,41346,46403,41346,0.580449,
98d7bfc5037afecbc7b9a6ab5b2d8f56cf0fe3fa30ce49a1694523ccb220ffeb,H3,"s0,s1,s2",45312,46842,43124,45092,43828,46214,43828,0.553700,
98d7bfc5037afecbc7b9a6ab5b2d8f56cf0fe3fa30ce49a1694523ccb220ffeb,H4,"s0,s1,s2",39317,44907,37826,43474,37931,50585,37931,0.636377,
9946b5d49a56529eebb9de39e11cf1b90fdce580569534ab54d782c00ba8b593,H0,"s0,s1,s2",58083,59026,57823,62887,59714,65660,58083,1.000000,
9946b5d49a56529eebb9de39e11cf1b90fdce580569534ab54d782c00ba8b593,H1,"s0,s1,s2",21813,22669,21833,22863,22107,23461,21833,2.670683,
9946b5d49a56529eebb9de39e11cf1b90fdce580569534ab54d782c00ba8b593,H2,"s0,s1,s2",18736,19874,19701,31637,19058,20022,19058,3.054882,
9946b5d49a56529eebb9de39e11cf1b90fdce580569534ab54d782c00ba8b593,H3,"s0,s1,s2",16968,17525,18353,22584,17160,18539,17160,3.348037,
9946b5d49a56529eebb9de39e11cf1b90fdce580569534ab54d782c00ba8b593,H4,"s0,s1,s2",11619,12170,11583,18370,11669,12546,11619,5.035788,
9afe9977181af953dfcc5dd24e1c5d67f16aae6bd3c85af8ac5e4704e8b3b7f7,H0,"s0,s1,s2",57585,58036,57804,63332,62608,65717,57804,1.000000,
9afe9977181af953dfcc5dd24e1c5d67f16aae6bd3c85af8ac5e4704e8b3b7f7,H1,"s0,s1,s2",20469,21131,20403,21493,21956,31909,20469,2.832594,
9afe9977181af953dfcc5dd24e1c5d67f16aae6bd3c85af8ac5e4704e8b3b7f7,H2,"s0,s1,s2",18315,18603,18368,19155,20078,21447,18368,3.136433,
9afe9977181af953dfcc5dd24e1c5d67f16aae6bd3c85af8ac5e4704e8b3b7f7,H3,"s0,s1,s2",16988,17902,16934,17376,18401,18961,16988,3.401872,
9afe9977181af953dfcc5dd24e1c5d67f16aae6bd3c85af8ac5e4704e8b3b7f7,H4,"s0,s1,s2",10684,11611,11165,20042,11537,18024,11165,5.330123,
9ddf2ef64375a9ae0ca999d16b981d1dcaeff7ef4b56a14a947cd680aa60a1f8,H0,"s0,s1,s2",1525,1553,1524,1568,1583,1622,1525,1.000000,
9ddf2ef64375a9ae0ca999d16b981d1dcaeff7ef4b56a14a947cd680aa60a1f8,H1,"s0,s1,s2",1016,1057,987,1020,996,1027,996,1.544384,
9ddf2ef64375a9ae0ca999d16b981d1dcaeff7ef4b56a14a947cd680aa60a1f8,H2,"s0,s1,s2",1580,1617,1471,1537,1604,1659,1580,0.995605,
9ddf2ef64375a9ae0ca999d16b981d1dcaeff7ef4b56a14a947cd680aa60a1f8,H3,"s0,s1,s2",1559,1690,1469,1548,1528,1572,1528,1.016830,
9ddf2ef64375a9ae0ca999d16b981d1dcaeff7ef4b56a14a947cd680aa60a1f8,H4,"s0,s1,s2",847,969,828,867,870,900,847,1.820124,
9e061dfa374ca2f87fad0e1384784fa366777679a980ad8478441686249f692c,H0,"s0,s1,s2",18366,18657,18271,18652,19320,23870,18366,1.000000,
9e061dfa374ca2f87fad0e1384784fa366777679a980ad8478441686249f692c,H1,"s0,s1,s2",30196,31540,30106,33059,30979,45918,30196,0.612874,
9e061dfa374ca2f87fad0e1384784fa366777679a980ad8478441686249f692c,H2,"s0,s1,s2",34103,34916,34048,35013,34883,47926,34103,0.542953,
9e061dfa374ca2f87fad0e1384784fa366777679a980ad8478441686249f692c,H3,"s0,s1,s2",33956,34850,33863,34633,34436,56732,33956,0.547070,
9e061dfa374ca2f87fad0e1384784fa366777679a980ad8478441686249f692c,H4,"s0,s1,s2",23346,28012,23263,23862,23431,25639,23346,0.798678,
9e15f35b62ab9a5813c884426433b5eef4b26d2f106b2b7bc654f4a60b612255,H0,"s0,s1,s2",43668,46345,47939,53358,44626,51514,44626,1.000000,
9e15f35b62ab9a5813c884426433b5eef4b26d2f106b2b7bc654f4a60b612255,H1,"s0,s1,s2",71239,77919,71436,80918,71275,76516,71275,0.636243,
9e15f35b62ab9a5813c884426433b5eef4b26d2f106b2b7bc654f4a60b612255,H2,"s0,s1,s2",16666,17203,16645,17579,16778,17780,16666,2.717659,
9e15f35b62ab9a5813c884426433b5eef4b26d2f106b2b7bc654f4a60b612255,H3,"s0,s1,s2",14862,15346,14649,15392,14763,15624,14763,3.074634,
9e15f35b62ab9a5813c884426433b5eef4b26d2f106b2b7bc654f4a60b612255,H4,"s0,s1,s2",8559,9119,8445,9010,8517,8898,8517,5.333885,
9e8929590c927eeea3b1fef4c47d8d04add7c04d72781204744d9cdbaa98c20e,H0,"s0,s1,s2",47859,49430,47879,52901,53519,59770,47879,1.000000,
9e8929590c927eeea3b1fef4c47d8d04add7c04d72781204744d9cdbaa98c20e,H1,"s0,s1,s2",71458,85675,71319,77030,72943,102679,71458,0.690970,
9e8929590c927eeea3b1fef4c47d8d04add7c04d72781204744d9cdbaa98c20e,H2,"s0,s1,s2",28407,47802,26734,27390,27145,30264,27145,1.811948,
9e8929590c927eeea3b1fef4c47d8d04add7c04d72781204744d9cdbaa98c20e,H3,"s0,s1,s2",25539,36936,23157,23578,23539,24270,23539,2.065289,
9e8929590c927eeea3b1fef4c47d8d04add7c04d72781204744d9cdbaa98c20e,H4,"s0,s1,s2",15794,29056,14383,14814,14565,15392,14565,3.334173,
9f4b9202dae1b93e687d879a9b18adbcd3fd6763f50b01eda801251bd155e4f0,H0,"s0,s1,s2",43574,47133,43410,45767,44622,55376,43574,1.000000,
9f4b9202dae1b93e687d879a9b18adbcd3fd6763f50b01eda801251bd155e4f0,H1,"s0,s1,s2",71310,77321,71409,85462,71729,78035,71409,0.613653,
9f4b9202dae1b93e687d879a9b18adbcd3fd6763f50b01eda801251bd155e4f0,H2,"s0,s1,s2",57973,79954,56147,58097,56356,68034,56356,0.772013,
9f4b9202dae1b93e687d879a9b18adbcd3fd6763f50b01eda801251bd155e4f0,H3,"s0,s1,s2",55504,61369,56018,60688,55919,61887,55919,0.785932,
9f4b9202dae1b93e687d879a9b18adbcd3fd6763f50b01eda801251bd155e4f0,H4,"s0,s1,s2",71503,95521,70922,76517,71868,85504,71503,0.614104,
9f785d1857618263802bfcdc6b3336495cf00cafb4b430e3c928f3cc2a47d038,H0,"s0,s1,s2",42145,47245,41850,42296,42900,50869,42145,1.000000,
9f785d1857618263802bfcdc6b3336495cf00cafb4b430e3c928f3cc2a47d038,H1,"s0,s1,s2",70323,75840,70211,76123,70386,84718,70323,0.601594,
9f785d1857618263802bfcdc6b3336495cf00cafb4b430e3c928f3cc2a47d038,H2,"s0,s1,s2",21679,21912,21433,21860,21666,22995,21666,1.958841,
9f785d1857618263802bfcdc6b3336495cf00cafb4b430e3c928f3cc2a47d038,H3,"s0,s1,s2",20399,20904,20085,20772,20338,21584,20338,2.086267,
9f785d1857618263802bfcdc6b3336495cf00cafb4b430e3c928f3cc2a47d038,H4,"s0,s1,s2",9971,10421,9895,10571,9884,10898,9895,4.265178,
9fed435dc97c76f382eaf29ebea8394f0e483eef6fc8720e90e8dbaa73793bf9,H0,"s0,s1,s2",17207,17583,17202,17788,19178,20558,17207,1.000000,
9fed435dc97c76f382eaf29ebea8394f0e483eef6fc8720e90e8dbaa73793bf9,H1,"s0,s1,s2",32448,44123,34610,35650,33204,52173,33204,0.533952,
9fed435dc97c76f382eaf29ebea8394f0e483eef6fc8720e90e8dbaa73793bf9,H2,"s0,s1,s2",13289,13669,14104,14644,13526,25946,13526,1.308261,
9fed435dc97c76f382eaf29ebea8394f0e483eef6fc8720e90e8dbaa73793bf9,H3,"s0,s1,s2",11986,13458,12976,13575,11876,13451,11986,1.453898,
9fed435dc97c76f382eaf29ebea8394f0e483eef6fc8720e90e8dbaa73793bf9,H4,"s0,s1,s2",6177,6376,6350,6806,5833,6148,6177,2.916630,
a01bb6d33a280b86965cf155f630385fa89fb41819db7f55e39d86251ed18d6a,H0,"s0,s1,s2",58889,64373,58289,59111,59635,71721,58889,1.000000,
a01bb6d33a280b86965cf155f630385fa89fb41819db7f55e39d86251ed18d6a,H1,"s0,s1,s2",14675,15094,15234,16106,14746,15602,14746,3.959909,
a01bb6d33a280b86965cf155f630385fa89fb41819db7f55e39d86251ed18d6a,H2,"s0,s1,s2",22295,22971,22815,23456,22174,24555,22295,2.627947,
a01bb6d33a280b86965cf155f630385fa89fb41819db7f55e39d86251ed18d6a,H3,"s0,s1,s2",21219,23205,20933,21712,20524,25699,20933,2.821204,
a01bb6d33a280b86965cf155f630385fa89fb41819db7f55e39d86251ed18d6a,H4,"s0,s1,s2",14359,16662,14824,15156,14331,15306,14359,4.063672,
a055eaeac3fc2eb2d7bf7a21b5f636890d4411f5c8f8d3e3ac7b81d9faadb06e,H0,"s0,s1,s2",42809,47234,42323,48453,90887,110847,42809,1.000000,2.1475
a055eaeac3fc2eb2d7bf7a21b5f636890d4411f5c8f8d3e3ac7b81d9faadb06e,H1,"s0,s1,s2",68479,71099,68375,73851,76871,150013,68479,0.770546,
a055eaeac3fc2eb2d7bf7a21b5f636890d4411f5c8f8d3e3ac7b81d9faadb06e,H2,"s0,s1,s2",18073,18433,17775,18262,18281,30734,18073,3.038024,
a055eaeac3fc2eb2d7bf7a21b5f636890d4411f5c8f8d3e3ac7b81d9faadb06e,H3,"s0,s1,s2",18398,19321,17522,18081,18015,36645,18015,3.049357,
a055eaeac3fc2eb2d7bf7a21b5f636890d4411f5c8f8d3e3ac7b81d9faadb06e,H4,"s0,s1,s2",10606,10972,9773,10156,10028,10790,10028,5.410945,
a05d55898c098ae66aedbe75a628b964fb97d268be8b54385626d4fbf5143bf9,H0,"s0,s1,s2",53517,57536,53406,53714,54181,54540,53517,1.000000,
a05d55898c098ae66aedbe75a628b964fb97d268be8b54385626d4fbf5143bf9,H1,"s0,s1,s2",8559,9426,8412,8994,8327,8764,8412,6.368532,
a05d55898c098ae66aedbe75a628b964fb97d268be8b54385626d4fbf5143bf9,H2,"s0,s1,s2",10655,16007,9930,10284,10012,10477,10012,5.267871,
a05d55898c098ae66aedbe75a628b964fb97d268be8b54385626d4fbf5143bf9,H3,"s0,s1,s2",9341,9908,9305,9854,9345,9683,9341,5.755458,
a05d55898c098ae66aedbe75a628b964fb97d268be8b54385626d4fbf5143bf9,H4,"s0,s1,s2",4681,5171,4689,5136,4689,4947,4689,11.458908,
a10d7b838a421a3cc1e49d0fbccf4fe51a640090158c99d528ed421b8202645b,H0,"s0,s1,s2",48211,49403,48324,59315,49852,50685,48324,1.000000,
a10d7b838a421a3cc1e49d0fbccf4fe51a640090158c99d528ed421b8202645b,H1,"s0,s1,s2",71370,73309,71557,76453,72149,77302,71557,0.680557,
a10d7b838a421a3cc1e49d0fbccf4fe51a640090158c99d528ed421b8202645b,H2,"s0,s1,s2",19847,20280,19886,20546,19711,20115,19847,2.462334,
a10d7b838a421a3cc1e49d0fbccf4fe51a640090158c99d528ed421b8202645b,H3,"s0,s1,s2",18105,18933,17861,22740,18142,22411,18105,2.705208,
a10d7b838a421a3cc1e49d0fbccf4fe51a640090158c99d528ed421b8202645b,H4,"s0,s1,s2",10280,10860,10361,11088,10326,10565,10326,4.726666,
a3d4da7ba3d5b5dc18b530f3f465498db4aa464e7087e5dce79a0d4828fc1f3f,H0,"s0,s1,s2",48379,49652,48032,49206,49466,54990,48379,1.000000,
a3d4da7ba3d5b5dc18b530f3f465498db4aa464e7087e5dce79a0d4828fc1f3f,H1,"s0,s1,s2",74080,79348,73797,79890,74947,89507,74080,0.654636,
a3d4da7ba3d5b5dc18b530f3f465498db4aa464e7087e5dce79a0d4828fc1f3f,H2,"s0,s1,s2",26794,27909,26787,31123,28683,48636,26794,1.774064,
a3d4da7ba3d5b5dc18b530f3f465498db4aa464e7087e5dce79a0d4828fc1f3f,H3,"s0,s1,s2",25897,26766,25725,26949,27212,44211,25897,1.850872,
a3d4da7ba3d5b5dc18b530f3f465498db4aa464e7087e5dce79a0d4828fc1f3f,H4,"s0,s1,s2",16444,16918,15584,16754,15499,17019,15584,3.070210,
a51ad8cdee689426de2e8ebcc0b7dca384008351a599e89286b6fee0de144e92,H0,"s0,s1,s2",11911,12092,11892,12111,12321,13536,11911,1.000000,
a51ad8cdee689426de2e8ebcc0b7dca384008351a599e89286b6fee0de144e92,H1,"s0,s1,s2",15444,15604,15428,15738,17130,30129,15444,0.753368,
a51ad8cdee689426de2e8ebcc0b7dca384008351a599e89286b6fee0de144e92,H2,"s0,s1,s2",5908,6009,5919,6009,6237,6446,5919,2.000145,
a51ad8cdee689426de2e8ebcc0b7dca384008351a599e89286b6fee0de144e92,H3,"s0,s1,s2",5451,5686,5203,5286,5768,5991,5451,2.201395,
a51ad8cdee689426de2e8ebcc0b7dca384008351a599e89286b6fee0de144e92,H4,"s0,s1,s2",2767,2918,2837,2976,2863,3198,2837,4.266317,
a86e2dac4512bec45c1d90372bbdfdcf0b4c495e400c4ef4fa637cd1263e1208,H0,"s0,s1,s2",16943,17382,18462,53627,18112,18339,18112,1.000000,
a86e2dac4512bec45c1d90372bbdfdcf0b4c495e400c4ef4fa637cd1263e1208,H1,"s0,s1,s2",30986,31412,32041,45312,31370,36231,31370,0.566609,
a86e2dac4512bec45c1d90372bbdfdcf0b4c495e400c4ef4fa637cd1263e1208,H2,"s0,s1,s2",12196,16879,12309,13946,12319,16884,12309,1.452357,
a86e2dac4512bec45c1d90372bbdfdcf0b4c495e400c4ef4fa637cd1263e1208,H3,"s0,s1,s2",10627,11732,10505,11256,10623,10995,10623,1.684201,
a86e2dac4512bec45c1d90372bbdfdcf0b4c495e400c4ef4fa637cd1263e1208,H4,"s0,s1,s2",5076,5364,5235,5595,5454,5722,5235,3.393861,
a886ef1bfe9df29d6e1138d2ea2eb294326554e04c2b7542fa1f53ebc494287c,H0,"s0,s1,s2",48401,53252,47965,52103,49730,54619,48401,1.000000,
a886ef1bfe9df29d6e1138d2ea2eb294326554e04c2b7542fa1f53ebc494287c,H1,"s0,s1,s2",74928,80188,76693,100593,71754,77099,74928,0.654210,
a886ef1bfe9df29d6e1138d2ea2eb294326554e04c2b7542fa1f53ebc494287c,H2,"s0,s1,s2",20226,20783,20119,20686,20210,20509,20210,2.412338,
a886ef1bfe9df29d6e1138d2ea2eb294326554e04c2b7542fa1f53ebc494287c,H3,"s0,s1,s2",18247,22649,17982,18388,18284,18554,18247,2.679778,
a886ef1bfe9df29d6e1138d2ea2eb294326554e04c2b7542fa1f53ebc494287c,H4,"s0,s1,s2",9962,10291,9960,10470,10041,10489,9962,4.875339,
a9063a44e5c190c3c1e04fc392654c2aabe4314c0b528e69a69ad4acad5e853c,H0,"s0,s1,s2",11494,11758,11536,11779,11811,11952,11536,1.000000,
a9063a44e5c190c3c1e04fc392654c2aabe4314c0b528e69a69ad4acad5e853c,H1,"s0,s1,s2",14792,15140,14891,15236,15148,16265,14891,0.777146,
a9063a44e5c190c3c1e04fc392654c2aabe4314c0b528e69a69ad4acad5e853c,H2,"s0,s1,s2",6362,6488,6263,6453,6309,6475,6309,1.840033,
a9063a44e5c190c3c1e04fc392654c2aabe4314c0b528e69a69ad4acad5e853c,H3,"s0,s1,s2",5768,7114,5646,5961,5685,6018,5685,2.037537,
a9063a44e5c190c3c1e04fc392654c2aabe4314c0b528e69a69ad4acad5e853c,H4,"s0,s1,s2",3264,3453,3358,3533,3343,3421,3343,3.496353,
aa0dfaae223446ef4b936f598a233d70b7f31458f953ca33a3bea748d1755dc8,H0,"s0,s1,s2",19457,19935,19298,19815,20568,21506,19457,1.000000,
aa0dfaae223446ef4b936f598a233d70b7f31458f953ca33a3bea748d1755dc8,H1,"s0,s1,s2",10993,11225,11118,11459,10897,11647,10993,1.796567,
aa0dfaae223446ef4b936f598a233d70b7f31458f953ca33a3bea748d1755dc8,H2,"s0,s1,s2",13791,14673,13767,14724,13812,14739,13791,1.433385,
aa0dfaae223446ef4b936f598a233d70b7f31458f953ca33a3bea748d1755dc8,H3,"s0,s1,s2",11775,12192,11809,13502,11760,18738,11775,1.677772,
aa0dfaae223446ef4b936f598a233d70b7f31458f953ca33a3bea748d1755dc8,H4,"s0,s1,s2",7061,7439,7045,7632,7415,8143,7061,2.756178,
aa304dab9542aae56430a3ad80ebb7a4ea14c092811902608679e477f0159bbe,H0,"s0,s1,s2",12152,12407,12095,12409,12431,13184,12152,1.000000,
aa304dab9542aae56430a3ad80ebb7a4ea14c092811902608679e477f0159bbe,H1,"s0,s1,s2",15958,16287,15888,16366,16105,16407,15958,0.764863,
aa304dab9542aae56430a3ad80ebb7a4ea14c092811902608679e477f0159bbe,H2,"s0,s1,s2",6235,6303,6109,6504,6180,6784,6180,1.979953,
aa304dab9542aae56430a3ad80ebb7a4ea14c092811902608679e477f0159bbe,H3,"s0,s1,s2",5783,5993,5490,5666,5717,6021,5717,2.159179,
aa304dab9542aae56430a3ad80ebb7a4ea14c092811902608679e477f0159bbe,H4,"s0,s1,s2",2962,3163,2995,3188,2977,3231,2977,4.105187,
aaa3319de212ce57fd6f629978b65e80ee2798a7b76257874e88855b1270276e,H0,"s0,s1,s2",25790,26284,25703,26272,26091,31063,25790,1.000000,
aaa3319de212ce57fd6f629978b65e80ee2798a7b76257874e88855b1270276e,H1,"s0,s1,s2",29411,29999,29943,31578,29714,32215,29714,0.871070,
aaa3319de212ce57fd6f629978b65e80ee2798a7b76257874e88855b1270276e,H2,"s0,s1,s2",41871,49164,44390,78369,41808,48102,41871,0.606023,
aaa3319de212ce57fd6f629978b65e80ee2798a7b76257874e88855b1270276e,H3,"s0,s1,s2",43640,44660,44155,84999,43867,58047,43867,0.589261,
aaa3319de212ce57fd6f629978b65e80ee2798a7b76257874e88855b1270276e,H4,"s0,s1,s2",35025,36137,35748,53979,35342,36976,35342,0.731142,
abf0d9be96b4f1ee1cc656f1d4760bb7b208201baef57c703ddaf7ddf84c6fb2,H0,"s0,s1,s2",32021,32656,31827,36282,33620,43018,32021,1.000000,
abf0d9be96b4f1ee1cc656f1d4760bb7b208201baef57c703ddaf7ddf84c6fb2,H1,"s0,s1,s2",12850,13320,12845,13332,13196,15391,12850,2.505626,
abf0d9be96b4f1ee1cc656f1d4760bb7b208201baef57c703ddaf7ddf84c6fb2,H2,"s0,s1,s2",16552,16929,16471,20805,16483,18162,16483,1.968221,
abf0d9be96b4f1ee1cc656f1d4760bb7b208201baef57c703ddaf7ddf84c6fb2,H3,"s0,s1,s2",14089,14687,14170,15291,14250,14729,14170,2.292210,
abf0d9be96b4f1ee1cc656f1d4760bb7b208201baef57c703ddaf7ddf84c6fb2,H4,"s0,s1,s2",5959,6362,6025,6715,6293,6645,6025,5.332695,
ac1fb780b0d48ca9f592921413ef52016e45df309f2ab6dc9a11b494bc549d5f,H0,"s0,s1,s2",15495,26547,15563,15805,16981,26657,15563,1.000000,
ac1fb780b0d48ca9f592921413ef52016e45df309f2ab6dc9a11b494bc549d5f,H1,"s0,s1,s2",24896,47618,24520,25064,25125,37213,24896,0.643918,
ac1fb780b0d48ca9f592921413ef52016e45df309f2ab6dc9a11b494bc549d5f,H2,"s0,s1,s2",27787,50778,26031,26887,28433,60544,27787,0.583935,
ac1fb780b0d48ca9f592921413ef52016e45df309f2ab6dc9a11b494bc549d5f,H3,"s0,s1,s2",26092,28061,26149,27312,26602,29966,26149,0.608775,
ac1fb780b0d48ca9f592921413ef52016e45df309f2ab6dc9a11b494bc549d5f,H4,"s0,s1,s2",25208,26498,25085,25597,25483,37227,25208,0.633405,
aca48617e4afbadd93b79c41769cd75d4c5b1cdf8a3fede5d19fd65378f5c830,H0,"s0,s1,s2",11470,15223,11481,11987,11810,13079,11481,1.000000,
aca48617e4afbadd93b79c41769cd75d4c5b1cdf8a3fede5d19fd65378f5c830,H1,"s0,s1,s2",14713,15289,14595,14950,14979,19667,14713,0.784877,
aca48617e4afbadd93b79c41769cd75d4c5b1cdf8a3fede5d19fd65378f5c830,H2,"s0,s1,s2",6875,7048,6801,6940,6852,7478,6852,1.693207,
aca48617e4afbadd93b79c41769cd75d4c5b1cdf8a3fede5d19fd65378f5c830,H3,"s0,s1,s2",6449,6552,6351,6531,6397,6562,6397,1.810620,
aca48617e4afbadd93b79c41769cd75d4c5b1cdf8a3fede5d19fd65378f5c830,H4,"s0,s1,s2",3636,3842,3665,3831,3610,3906,3636,3.185635,
af4e7bafa17c682a447a00f92d994afe9049f3c76b2949717d5c92fe8c9ba3bf,H0,"s0,s1,s2",49101,71454,49554,51151,54488,98757,49554,1.000000,
af4e7bafa17c682a447a00f92d994afe9049f3c76b2949717d5c92fe8c9ba3bf,H1,"s0,s1,s2",75530,80690,75536,80616,76641,103776,75536,0.671808,
af4e7bafa17c682a447a00f92d994afe9049f3c76b2949717d5c92fe8c9ba3bf,H2,"s0,s1,s2",24621,25042,24260,25770,24644,26477,24621,2.080594,
af4e7bafa17c682a447a00f92d994afe9049f3c76b2949717d5c92fe8c9ba3bf,H3,"s0,s1,s2",22091,24682,21897,23171,22241,29580,22091,2.309787,
af4e7bafa17c682a447a00f92d994afe9049f3c76b2949717d5c92fe8c9ba3bf,H4,"s0,s1,s2",14825,15610,15007,15459,15183,21673,15007,3.398401,
b03992b89a221bded3662b3ceb14f91bc15dd1a2a2fea1b4d481eb1866138cc1,H0,"s0,s1,s2",48124,52321,47855,48959,49531,58014,48124,1.000000,
b03992b89a221bded3662b3ceb14f91bc15dd1a2a2fea1b4d481eb1866138cc1,H1,"s0,s1,s2",71354,77005,71311,76355,73084,76286,71354,0.674408,
b03992b89a221bded3662b3ceb14f91bc15dd1a2a2fea1b4d481eb1866138cc1,H2,"s0,s1,s2",19782,20355,19810,20165,19990,21295,19810,2.441928,
b03992b89a221bded3662b3ceb14f91bc15dd1a2a2fea1b4d481eb1866138cc1,H3,"s0,s1,s2",18005,18747,17645,18039,18753,29250,18005,2.675224,
b03992b89a221bded3662b3ceb14f91bc15dd1a2a2fea1b4d481eb1866138cc1,H4,"s0,s1,s2",9840,10354,9928,11247,10057,17108,9928,4.878432,
b05cdc92f4c1a451c7f394ad1c349b0f419f23544850c61441bbc2a4f0522613,H0,"s0,s1,s2",48056,53620,48062,49270,49848,67952,48062,1.000000,
b05cdc92f4c1a451c7f394ad1c349b0f419f23544850c61441bbc2a4f0522613,H1,"s0,s1,s2",76421,98928,72332,78188,77709,103802,76421,0.644754,
b05cdc92f4c1a451c7f394ad1c349b0f419f23544850c61441bbc2a4f0522613,H2,"s0,s1,s2",20635,21322,20878,22259,20869,22406,20869,2.339559,
b05cdc92f4c1a451c7f394ad1c349b0f419f23544850c61441bbc2a4f0522613,H3,"s0,s1,s2",19176,19742,19091,20354,19098,24846,19098,2.544139,
b05cdc92f4c1a451c7f394ad1c349b0f419f23544850c61441bbc2a4f0522613,H4,"s0,s1,s2",10314,10844,10379,10690,10348,11058,10348,4.701676,
b1b4bba780b9c892e32669fe5993ce2f356114cd443cf0fa4a7d3285310597a8,H0,"s0,s1,s2",17200,19014,17024,17465,18296,19570,17200,1.000000,
b1b4bba780b9c892e32669fe5993ce2f356114cd443cf0fa4a7d3285310597a8,H1,"s0,s1,s2",32386,55561,30086,35582,31086,32690,31086,0.561332,
b1b4bba780b9c892e32669fe5993ce2f356114cd443cf0fa4a7d3285310597a8,H2,"s0,s1,s2",24380,37807,23763,24187,24012,30186,24012,0.727547,
b1b4bba780b9c892e32669fe5993ce2f356114cd443cf0fa4a7d3285310597a8,H3,"s0,s1,s2",24131,39635,23620,26104,23481,25182,23620,0.736984,
b1b4bba780b9c892e32669fe5993ce2f356114cd443cf0fa4a7d3285310597a8,H4,"s0,s1,s2",33659,57014,33335,34297,31146,32681,33335,0.535198,
b31289b84ff6c472c8e5b438920fb4f7d3c2ccb0f690f299cabae40a1a24d7b5,H0,"s0,s1,s2",20546,25382,18788,19343,19816,20485,19816,1.000000,
b31289b84ff6c472c8e5b438920fb4f7d3c2ccb0f690f299cabae40a1a24d7b5,H1,"s0,s1,s2",8920,9195,8182,8401,8135,12392,8182,2.344304,
b31289b84ff6c472c8e5b438920fb4f7d3c2ccb0f690f299cabae40a1a24d7b5,H2,"s0,s1,s2",11437,11869,10454,10783,10860,11460,10860,1.806064,
b31289b84ff6c472c8e5b438920fb4f7d3c2ccb0f690f299cabae40a1a24d7b5,H3,"s0,s1,s2",9015,9505,8244,8891,8444,8716,8444,2.301392,
b31289b84ff6c472c8e5b438920fb4f7d3c2ccb0f690f299cabae40a1a24d7b5,H4,"s0,s1,s2",4261,4461,4084,4323,4159,4302,4159,4.728019,
b37b90dde6f7ffe876567d657f23917a0254d5e59056e44b139fa619938bc42c,H0,"s0,s1,s2",24133,24515,24237,28260,24306,29266,24237,1.000000,
b37b90dde6f7ffe876567d657f23917a0254d5e59056e44b139fa619938bc42c,H1,"s0,s1,s2",52690,57437,52153,59331,52610,57221,52610,0.461575,
b37b90dde6f7ffe876567d657f23917a0254d5e59056e44b139fa619938bc42c,H2,"s0,s1,s2",40519,52339,40040,45226,39910,46542,40040,0.603286,
b37b90dde6f7ffe876567d657f23917a0254d5e59056e44b139fa619938bc42c,H3,"s0,s1,s2",43891,65136,41211,42884,41766,44448,41766,0.573056,
b37b90dde6f7ffe876567d657f23917a0254d5e59056e44b139fa619938bc42c,H4,"s0,s1,s2",37920,49971,37914,39125,37895,42631,37914,0.639025,
b3ae49cbccbfdcab71653f7db40291ad6c43e1f5feb9ae3766f7cc48b08bb8b9,H0,"s0,s1,s2",53941,57922,53802,73303,54515,54713,53941,1.000000,
b3ae49cbccbfdcab71653f7db40291ad6c43e1f5feb9ae3766f7cc48b08bb8b9,H1,"s0,s1,s2",62154,67165,61626,83289,62448,63064,62154,0.871286,
b3ae49cbccbfdcab71653f7db40291ad6c43e1f5feb9ae3766f7cc48b08bb8b9,H2,"s0,s1,s2",9239,9779,9248,15100,9188,9657,9239,5.862910,
b3ae49cbccbfdcab71653f7db40291ad6c43e1f5feb9ae3766f7cc48b08bb8b9,H3,"s0,s1,s2",8915,9373,8873,9475,9000,9320,8915,6.057123,
b3ae49cbccbfdcab71653f7db40291ad6c43e1f5feb9ae3766f7cc48b08bb8b9,H4,"s0,s1,s2",4456,4937,4635,5039,4512,15393,4512,11.929525,
b3c2a185505556987500d3119899680450fbec51ed1102b2940b6cbcc6950fcb,H0,"s0,s1,s2",32173,36428,31977,32706,33709,34588,32173,1.000000,
b3c2a185505556987500d3119899680450fbec51ed1102b2940b6cbcc6950fcb,H1,"s0,s1,s2",44858,49924,44765,45236,45530,50023,44858,0.723880,
b3c2a185505556987500d3119899680450fbec51ed1102b2940b6cbcc6950fcb,H2,"s0,s1,s2",9438,9909,9515,10038,9414,9861,9438,3.448822,
b3c2a185505556987500d3119899680450fbec51ed1102b2940b6cbcc6950fcb,H3,"s0,s1,s2",9808,10261,9873,10439,9830,10341,9830,3.315105,
b3c2a185505556987500d3119899680450fbec51ed1102b2940b6cbcc6950fcb,H4,"s0,s1,s2",5648,6052,5687,6239,5625,5952,5648,5.768438,
b4e256b869bc26477213328374c2d60d427948e2ae734758aadf598867cce652,H0,"s0,s1,s2",28048,28517,25241,25613,25498,29901,25498,1.000000,
b4e256b869bc26477213328374c2d60d427948e2ae734758aadf598867cce652,H1,"s0,s1,s2",30604,30918,28816,29418,28495,40934,28816,0.895594,
b4e256b869bc26477213328374c2d60d427948e2ae734758aadf598867cce652,H2,"s0,s1,s2",40955,42612,38857,43693,38869,42068,38869,0.663303,
b4e256b869bc26477213328374c2d60d427948e2ae734758aadf598867cce652,H3,"s0,s1,s2",41370,47460,40884,46586,41178,49865,41178,0.637583,
b4e256b869bc26477213328374c2d60d427948e2ae734758aadf598867cce652,H4,"s0,s1,s2",33992,39052,33672,35339,34040,35575,33992,0.773796,
b611ef4898361d44f393abf3aa498dce9f5f746da2ad0b31491f5864a5fc9be8,H0,"s0,s1,s2",17394,18034,17428,18053,18656,19672,17428,1.000000,
b611ef4898361d44f393abf3aa498dce9f5f746da2ad0b31491f5864a5fc9be8,H1,"s0,s1,s2",31755,32420,31929,32915,32292,34321,31929,0.556918,
b611ef4898361d44f393abf3aa498dce9f5f746da2ad0b31491f5864a5fc9be8,H2,"s0,s1,s2",14073,14561,14073,14622,14300,15157,14073,1.259270,
b611ef4898361d44f393abf3aa498dce9f5f746da2ad0b31491f5864a5fc9be8,H3,"s0,s1,s2",12693,13343,12425,12862,12593,13607,12593,1.417398,
b611ef4898361d44f393abf3aa498dce9f5f746da2ad0b31491f5864a5fc9be8,H4,"s0,s1,s2",7013,7343,7046,7233,7188,7615,7046,2.515767,
b7ca50041000576dad8c28de1bf9a1cdfb8a63445015f1435f3c95ec7f25f332,H0,"s0,s1,s2",31546,31765,31401,31736,34769,45823,31546,1.000000,
b7ca50041000576dad8c28de1bf9a1cdfb8a63445015f1435f3c95ec7f25f332,H1,"s0,s1,s2",14501,15054,14425,19098,14458,19420,14458,2.249845,
b7ca50041000576dad8c28de1bf9a1cdfb8a63445015f1435f3c95ec7f25f332,H2,"s0,s1,s2",15202,18998,15013,15655,15254,26927,15202,2.146723,
b7ca50041000576dad8c28de1bf9a1cdfb8a63445015f1435f3c95ec7f25f332,H3,"s0,s1,s2",12940,13447,12736,13008,12993,13962,12940,2.524262,
b7ca50041000576dad8c28de1bf9a1cdfb8a63445015f1435f3c95ec7f25f332,H4,"s0,s1,s2",6480,6875,6490,7068,6691,7017,6490,4.965044,
b8d4935b3f0010b5be1629ca4b9bede85972113c4b9ad7580b004f368ca73194,H0,"s0,s1,s2",1679,1722,1724,1754,1785,1815,1724,1.000000,
b8d4935b3f0010b5be1629ca4b9bede85972113c4b9ad7580b004f368ca73194,H1,"s0,s1,s2",1238,1261,1224,1259,1245,1298,1238,1.399109,
b8d4935b3f0010b5be1629ca4b9bede85972113c4b9ad7580b004f368ca73194,H2,"s0,s1,s2",1859,1915,1748,1857,1877,1981,1859,0.946194,
b8d4935b3f0010b5be1629ca4b9bede85972113c4b9ad7580b004f368ca73194,H3,"s0,s1,s2",1885,2082,1799,1868,1851,2173,1851,0.937186,
b8d4935b3f0010b5be1629ca4b9bede85972113c4b9ad7580b004f368ca73194,H4,"s0,s1,s2",1075,1107,1102,1128,1056,1091,1075,1.604442,
b9bafd91b40d8bdb1d66c8e90eeafe0f591e7747ae4392d01b48db59f95c4a63,H0,"s0,s1,s2",16604,17138,16627,17186,17603,19238,16627,1.000000,
b9bafd91b40d8bdb1d66c8e90eeafe0f591e7747ae4392d01b48db59f95c4a63,H1,"s0,s1,s2",29939,30583,30288,36920,30439,36486,30288,0.560478,
b9bafd91b40d8bdb1d66c8e90eeafe0f591e7747ae4392d01b48db59f95c4a63,H2,"s0,s1,s2",11861,12369,11863,12431,12023,23626,11863,1.421548,
b9bafd91b40d8bdb1d66c8e90eeafe0f591e7747ae4392d01b48db59f95c4a63,H3,"s0,s1,s2",9995,10465,9921,10356,9976,10608,9976,1.699963,
b9bafd91b40d8bdb1d66c8e90eeafe0f591e7747ae4392d01b48db59f95c4a63,H4,"s0,s1,s2",4990,5184,5042,5205,4991,5231,4991,3.382523,
bad78dc378ee85dad1cd400b71c05fca5f8c1d208c0c2a5793baab442a28e84d,H0,"s0,s1,s2",47197,47863,41949,47220,43906,57239,43906,1.000000,
bad78dc378ee85dad1cd400b71c05fca5f8c1d208c0c2a5793baab442a28e84d,H1,"s0,s1,s2",71302,76965,70842,75659,71696,82717,71302,0.621476,
bad78dc378ee85dad1cd400b71c05fca5f8c1d208c0c2a5793baab442a28e84d,H2,"s0,s1,s2",18934,19815,19022,19774,19171,20786,19022,2.326335,
bad78dc378ee85dad1cd400b71c05fca5f8c1d208c0c2a5793baab442a28e84d,H3,"s0,s1,s2",18172,18996,18093,18778,18304,18924,18172,2.435381,
bad78dc378ee85dad1cd400b71c05fca5f8c1d208c0c2a5793baab442a28e84d,H4,"s0,s1,s2",10377,10793,10118,10838,10433,11015,10377,4.297291,
bce797a9c215ce0ddcdb5b2f489e572332bcaf860b47d167841bf1acf79a4de6,H0,"s0,s1,s2",27785,28006,27482,41412,28792,29113,27785,1.000000,
bce797a9c215ce0ddcdb5b2f489e572332bcaf860b47d167841bf1acf79a4de6,H1,"s0,s1,s2",5243,9094,5087,5410,4987,5526,5087,5.488031,
bce797a9c215ce0ddcdb5b2f489e572332bcaf860b47d167841bf1acf79a4de6,H2,"s0,s1,s2",13028,26083,12243,13006,12350,12807,12350,2.234769,
bce797a9c215ce0ddcdb5b2f489e572332bcaf860b47d167841bf1acf79a4de6,H3,"s0,s1,s2",9943,11021,9845,11291,10078,10510,9943,2.814110,
bce797a9c215ce0ddcdb5b2f489e572332bcaf860b47d167841bf1acf79a4de6,H4,"s0,s1,s2",4685,4981,4907,5374,4731,4952,4731,5.868818,
bd3e8b8d5f697cdcc16a550de113c7e14708d05ad550afbe996ac67259aab542,H0,"s0,s1,s2",30770,31165,26815,27164,28005,48997,28005,1.000000,
bd3e8b8d5f697cdcc16a550de113c7e14708d05ad550afbe996ac67259aab542,H1,"s0,s1,s2",12050,12942,11519,11686,11460,12540,11519,2.439972,
bd3e8b8d5f697cdcc16a550de113c7e14708d05ad550afbe996ac67259aab542,H2,"s0,s1,s2",12836,13454,12892,13218,13076,14983,12892,2.202108,
bd3e8b8d5f697cdcc16a550de113c7e14708d05ad550afbe996ac67259aab542,H3,"s0,s1,s2",10915,11454,11028,11346,11111,11847,11028,2.585170,
bd3e8b8d5f697cdcc16a550de113c7e14708d05ad550afbe996ac67259aab542,H4,"s0,s1,s2",6289,6443,6217,6538,6146,6653,6217,4.581369,
bdd901d8192bdaccd4c6eb4eca9902643307ae62396814151a1de112756f548c,H0,"s0,s1,s2",31678,55793,30921,35115,32660,33109,31678,1.000000,
bdd901d8192bdaccd4c6eb4eca9902643307ae62396814151a1de112756f548c,H1,"s0,s1,s2",8086,14463,7796,8024,7836,8139,7836,4.015835,
bdd901d8192bdaccd4c6eb4eca9902643307ae62396814151a1de112756f548c,H2,"s0,s1,s2",18502,29733,18550,21161,18411,19003,18502,1.717101,
bdd901d8192bdaccd4c6eb4eca9902643307ae62396814151a1de112756f548c,H3,"s0,s1,s2",15764,16160,15781,16154,15860,16303,15781,2.008975,
bdd901d8192bdaccd4c6eb4eca9902643307ae62396814151a1de112756f548c,H4,"s0,s1,s2",7800,15783,7227,7744,7539,7783,7539,4.222345,
bdf617a1a1f320dc82e00edb8c7418cb86f8c05e4dc4d653673e2838f50d8462,H0,"s0,s1,s2",8896,9114,8901,9134,9181,21412,8901,1.000000,
bdf617a1a1f320dc82e00edb8c7418cb86f8c05e4dc4d653673e2838f50d8462,H1,"s0,s1,s2",9034,28415,9083,10151,8889,9318,9034,0.998896,
bdf617a1a1f320dc82e00edb8c7418cb86f8c05e4dc4d653673e2838f50d8462,H2,"s0,s1,s2",13741,14998,13529,13775,13843,16008,13741,0.656150,
bdf617a1a1f320dc82e00edb8c7418cb86f8c05e4dc4d653673e2838f50d8462,H3,"s0,s1,s2",14499,15397,14244,14630,14395,14838,14395,0.625337,
bdf617a1a1f320dc82e00edb8c7418cb86f8c05e4dc4d653673e2838f50d8462,H4,"s0,s1,s2",10482,10723,10406,10617,10756,11556,10482,0.852540,
bf131fcaad9deb6c3279a7fea16be7aafca9c31ef9700dd6a7da9284da7abffa,H0,"s0,s1,s2",18677,31755,18706,18935,19894,20145,18706,1.000000,
bf131fcaad9deb6c3279a7fea16be7aafca9c31ef9700dd6a7da9284da7abffa,H1,"s0,s1,s2",8902,28316,8311,8570,8193,8438,8311,2.254977,
bf131fcaad9deb6c3279a7fea16be7aafca9c31ef9700dd6a7da9284da7abffa,H2,"s0,s1,s2",11364,12018,11234,11807,11604,16240,11364,1.674091,
bf131fcaad9deb6c3279a7fea16be7aafca9c31ef9700dd6a7da9284da7abffa,H3,"s0,s1,s2",8394,8788,8464,9129,8581,8861,8464,2.250656,
bf131fcaad9deb6c3279a7fea16be7aafca9c31ef9700dd6a7da9284da7abffa,H4,"s0,s1,s2",4278,10071,4325,4779,4248,4530,4278,4.455190,
bfb9b73c07eef068f3f34543e08a9b0bdb489c566e225afc15c9ea5065a20cc9,H0,"s0,s1,s2",17196,24303,17500,23021,16824,17189,17196,1.000000,
bfb9b73c07eef068f3f34543e08a9b0bdb489c566e225afc15c9ea5065a20cc9,H1,"s0,s1,s2",26014,27119,27432,38154,26296,27529,26296,0.646170,
bfb9b73c07eef068f3f34543e08a9b0bdb489c566e225afc15c9ea5065a20cc9,H2,"s0,s1,s2",9939,10345,10588,11396,9982,10436,9982,1.689171,
bfb9b73c07eef068f3f34543e08a9b0bdb489c566e225afc15c9ea5065a20cc9,H3,"s0,s1,s2",9266,9698,9567,10626,9676,21703,9567,1.807217,
bfb9b73c07eef068f3f34543e08a9b0bdb489c566e225afc15c9ea5065a20cc9,H4,"s0,s1,s2",5341,5683,5860,11298,5676,9518,5676,3.054528,
c0ab46174da72bac78ece781582b750d6b7bf3f4b054d9481ebd599932d0889a,H0,"s0,s1,s2",25108,25504,24977,25759,25940,27600,25108,1.000000,
c0ab46174da72bac78ece781582b750d6b7bf3f4b054d9481ebd599932d0889a,H1,"s0,s1,s2",35303,35948,35311,35941,35941,39242,35311,0.713406,
c0ab46174da72bac78ece781582b750d6b7bf3f4b054d9481ebd599932d0889a,H2,"s0,s1,s2",9865,10268,9695,10232,9884,10358,9865,2.581754,
c0ab46174da72bac78ece781582b750d6b7bf3f4b054d9481ebd599932d0889a,H3,"s0,s1,s2",9553,10259,9662,10058,9687,10027,9662,2.630119,
c0ab46174da72bac78ece781582b750d6b7bf3f4b054d9481ebd599932d0889a,H4,"s0,s1,s2",6558,6782,6834,7112,6679,6991,6679,3.787810,
c0dfb39d2e78566340a19be72f627d1d1cb5b3d8d1a0658f0bab7a96c4d011e5,H0,"s0,s1,s2",57679,58771,56986,59828,58811,66235,57679,1.000000,
c0dfb39d2e78566340a19be72f627d1d1cb5b3d8d1a0658f0bab7a96c4d011e5,H1,"s0,s1,s2",12753,13427,12695,14349,12789,15182,12753,4.536500,
c0dfb39d2e78566340a19be72f627d1d1cb5b3d8d1a0658f0bab7a96c4d011e5,H2,"s0,s1,s2",22100,22810,21969,26464,22219,23340,22100,2.616812,
c0dfb39d2e78566340a19be72f627d1d1cb5b3d8d1a0658f0bab7a96c4d011e5,H3,"s0,s1,s2",20462,23028,21151,22090,20427,21816,20462,2.796321,
c0dfb39d2e78566340a19be72f627d1d1cb5b3d8d1a0658f0bab7a96c4d011e5,H4,"s0,s1,s2",14229,14811,14716,15291,14273,15075,14273,4.014101,
c107f96cf2743e89b11b986e01908e6c6fc5107417e667d5dfd08f4bc516aec2,H0,"s0,s1,s2",39874,44481,39631,44330,41092,57305,39874,1.000000,
c107f96cf2743e89b11b986e01908e6c6fc5107417e667d5dfd08f4bc516aec2,H1,"s0,s1,s2",59258,65048,59435,63617,59432,73397,59432,0.676951,
c107f96cf2743e89b11b986e01908e6c6fc5107417e667d5dfd08f4bc516aec2,H2,"s0,s1,s2",31940,37356,30607,31471,31829,43784,31829,1.277913,
c107f96cf2743e89b11b986e01908e6c6fc5107417e667d5dfd08f4bc516aec2,H3,"s0,s1,s2",29479,35164,29338,29932,29182,29958,29338,1.370276,
c107f96cf2743e89b11b986e01908e6c6fc5107417e667d5dfd08f4bc516aec2,H4,"s0,s1,s2",63510,89493,66976,72093,63685,77717,63685,0.621195,
c10f963186c7615c1fbbaa43095181d91f1910f2178b29e5dea371626604f8c6,H0,"s0,s1,s2",48033,52917,43673,44645,49376,94605,48033,1.000000,
c10f963186c7615c1fbbaa43095181d91f1910f2178b29e5dea371626604f8c6,H1,"s0,s1,s2",72931,91114,69489,74132,83431,136397,72931,0.625707,
c10f963186c7615c1fbbaa43095181d91f1910f2178b29e5dea371626604f8c6,H2,"s0,s1,s2",19256,20045,19075,19808,20970,22062,19256,2.378007,
c10f963186c7615c1fbbaa43095181d91f1910f2178b29e5dea371626604f8c6,H3,"s0,s1,s2",18306,18886,18642,19338,19746,20361,18642,2.486382,
c10f963186c7615c1fbbaa43095181d91f1910f2178b29e5dea371626604f8c6,H4,"s0,s1,s2",10453,10729,10904,11342,10639,11959,10639,4.403997,
c198f4ef4ce3c201f26ab651597a9c468309cc7c7c913cdcb69317f9e7fa92a3,H0,"s0,s1,s2",58916,63507,57877,58546,59694,66533,58916,1.000000,
c198f4ef4ce3c201f26ab651597a9c468309cc7c7c913cdcb69317f9e7fa92a3,H1,"s0,s1,s2",26461,38621,26030,26828,26735,32752,26461,2.227596,
c198f4ef4ce3c201f26ab651597a9c468309cc7c7c913cdcb69317f9e7fa92a3,H2,"s0,s1,s2",19116,23776,18984,19649,19162,22598,19116,3.081873,
c198f4ef4ce3c201f26ab651597a9c468309cc7c7c913cdcb69317f9e7fa92a3,H3,"s0,s1,s2",17171,18071,17052,18255,18018,20872,17171,3.379072,
c198f4ef4ce3c201f26ab651597a9c468309cc7c7c913cdcb69317f9e7fa92a3,H4,"s0,s1,s2",12440,14109,12278,13058,12698,13251,12440,4.716960,
c20431ee65a06fdd179d8ddd242fe42cafb96176afafcae6a935a1168d22eda0,H0,"s0,s1,s2",23978,24599,24071,24975,24078,29011,24071,1.000000,
c20431ee65a06fdd179d8ddd242fe42cafb96176afafcae6a935a1168d22eda0,H1,"s0,s1,s2",52348,57427,52218,58898,52460,57526,52348,0.459332,
c20431ee65a06fdd179d8ddd242fe42cafb96176afafcae6a935a1168d22eda0,H2,"s0,s1,s2",40459,46244,42948,48979,40283,47472,40459,0.583377,
c20431ee65a06fdd179d8ddd242fe42cafb96176afafcae6a935a1168d22eda0,H3,"s0,s1,s2",42742,43743,44110,45250,42857,45256,42857,0.556124,
c20431ee65a06fdd179d8ddd242fe42cafb96176afafcae6a935a1168d22eda0,H4,"s0,s1,s2",39314,40083,40652,41885,39286,48597,39314,0.604905,
c2929dd26fb7d4ad4004a5767bd2a88a8f90d9e9c31b5afef093d1fc19911e53,H0,"s0,s1,s2",18939,19460,19180,21099,20152,20403,19180,1.000000,
c2929dd26fb7d4ad4004a5767bd2a88a8f90d9e9c31b5afef093d1fc19911e53,H1,"s0,s1,s2",30333,31855,30777,31439,30767,31545,30767,0.634014,
c2929dd26fb7d4ad4004a5767bd2a88a8f90d9e9c31b5afef093d1fc19911e53,H2,"s0,s1,s2",11080,20483,10556,10872,10785,11274,10785,1.797028,
c2929dd26fb7d4ad4004a5767bd2a88a8f90d9e9c31b5afef093d1fc19911e53,H3,"s0,s1,s2",8363,9142,8305,8674,8610,8922,8363,2.304657,
c2929dd26fb7d4ad4004a5767bd2a88a8f90d9e9c31b5afef093d1fc19911e53,H4,"s0,s1,s2",4326,4700,4402,4691,4484,4738,4402,4.409343,
c2ca783cb0b98e5eb7935803dc4ee6314cbcf8304bf0428b4e75e40799c70a63,H0,"s0,s1,s2",752,8544,762,771,812,847,762,1.000000,
c2ca783cb0b98e5eb7935803dc4ee6314cbcf8304bf0428b4e75e40799c70a63,H1,"s0,s1,s2",989,2446,934,1191,957,1231,957,0.807405,
c2ca783cb0b98e5eb7935803dc4ee6314cbcf8304bf0428b4e75e40799c70a63,H2,"s0,s1,s2",1618,2088,1402,1428,1538,1577,1538,0.510915,
c2ca783cb0b98e5eb7935803dc4ee6314cbcf8304bf0428b4e75e40799c70a63,H3,"s0,s1,s2",1535,1605,1492,1564,1563,1606,1535,0.506560,
c2ca783cb0b98e5eb7935803dc4ee6314cbcf8304bf0428b4e75e40799c70a63,H4,"s0,s1,s2",975,1039,1004,1030,1036,1084,1004,0.771277,
c3979ed70b046b3ec9a3e9633d597f83530a2b809aec31c46998f9621d0554a2,H0,"s0,s1,s2",16017,16341,16140,16644,17767,23758,16140,1.000000,
c3979ed70b046b3ec9a3e9633d597f83530a2b809aec31c46998f9621d0554a2,H1,"s0,s1,s2",25425,26062,25473,30587,28736,48091,25473,0.627255,
c3979ed70b046b3ec9a3e9633d597f83530a2b809aec31c46998f9621d0554a2,H2,"s0,s1,s2",12632,13194,12570,12954,13724,18697,12632,1.282144,
c3979ed70b046b3ec9a3e9633d597f83530a2b809aec31c46998f9621d0554a2,H3,"s0,s1,s2",12479,13038,13534,19610,13975,24525,13534,1.248476,
c3979ed70b046b3ec9a3e9633d597f83530a2b809aec31c46998f9621d0554a2,H4,"s0,s1,s2",7404,7711,7866,18635,7932,8294,7866,2.150298,
c3b8c4a0b365538ab16ba737ce76f78f63fbfc54c902813bdc60d75d13f67f28,H0,"s0,s1,s2",19429,19711,19668,19882,20728,22016,19668,1.000000,
c3b8c4a0b365538ab16ba737ce76f78f63fbfc54c902813bdc60d75d13f67f28,H1,"s0,s1,s2",10110,10357,10431,10801,10111,10668,10111,1.951187,
c3b8c4a0b365538ab16ba737ce76f78f63fbfc54c902813bdc60d75d13f67f28,H2,"s0,s1,s2",13208,13615,13217,14242,13418,13926,13217,1.500963,
c3b8c4a0b365538ab16ba737ce76f78f63fbfc54c902813bdc60d75d13f67f28,H3,"s0,s1,s2",11632,13880,11659,12717,11663,12434,11659,1.710858,
c3b8c4a0b365538ab16ba737ce76f78f63fbfc54c902813bdc60d75d13f67f28,H4,"s0,s1,s2",6380,6818,6274,6622,6583,6896,6380,3.109279,
c43a54fba190c87bebcbd0952352d9749afb85d53d26b77d444ecef0ab811842,H0,"s0,s1,s2",48412,53164,53009,54316,50837,54971,50837,1.000000,
c43a54fba190c87bebcbd0952352d9749afb85d53d26b77d444ecef0ab811842,H1,"s0,s1,s2",74054,77183,77818,79339,74852,79761,74852,0.671249,
c43a54fba190c87bebcbd0952352d9749afb85d53d26b77d444ecef0ab811842,H2,"s0,s1,s2",87581,95040,87427,93635,87921,99205,87581,0.578688,
c43a54fba190c87bebcbd0952352d9749afb85d53d26b77d444ecef0ab811842,H3,"s0,s1,s2",22697,23594,22349,23308,22704,24274,22697,2.245870,
c43a54fba190c87bebcbd0952352d9749afb85d53d26b77d444ecef0ab811842,H4,"s0,s1,s2",14783,15204,14718,15286,14935,15688,14783,3.424170,
c443417ceefcb54e9b311cdf1904506278a4db7e66b3443390180a13413e93c9,H0,"s0,s1,s2",25358,39929,24050,24602,24948,37466,24948,1.000000,
c443417ceefcb54e9b311cdf1904506278a4db7e66b3443390180a13413e93c9,H1,"s0,s1,s2",32952,36677,33041,34221,33229,44561,33041,0.749212,
c443417ceefcb54e9b311cdf1904506278a4db7e66b3443390180a13413e93c9,H2,"s0,s1,s2",11359,12416,11406,11679,11420,11998,11406,2.174580,
c443417ceefcb54e9b311cdf1904506278a4db7e66b3443390180a13413e93c9,H3,"s0,s1,s2",10592,11296,10556,11225,10703,10911,10592,2.333965,
c443417ceefcb54e9b311cdf1904506278a4db7e66b3443390180a13413e93c9,H4,"s0,s1,s2",6313,6583,6261,6514,6254,6556,6261,3.948294,
c53531433c385a66eaab17b690b48141deb7e16eaac44cfc76bd0e9375bde031,H0,"s0,s1,s2",31471,35502,31146,31634,32808,33166,31471,1.000000,
c53531433c385a66eaab17b690b48141deb7e16eaac44cfc76bd0e9375bde031,H1,"s0,s1,s2",14784,15830,14883,15505,14846,15682,14846,2.143221,
c53531433c385a66eaab17b690b48141deb7e16eaac44cfc76bd0e9375bde031,H2,"s0,s1,s2",11947,12504,11889,12205,11944,12309,11944,2.666324,
c53531433c385a66eaab17b690b48141deb7e16eaac44cfc76bd0e9375bde031,H3,"s0,s1,s2",10411,11073,10281,10857,10412,10849,10411,3.067210,
c53531433c385a66eaab17b690b48141deb7e16eaac44cfc76bd0e9375bde031,H4,"s0,s1,s2",5761,6122,5784,6480,5920,6260,5784,5.462795,
c7331c9fdd0c01929aaefee829b525943236c89100c0614b66b5003f555dcb57,H0,"s0,s1,s2",16932,17433,18460,19022,19089,36441,18460,1.000000,
c7331c9fdd0c01929aaefee829b525943236c89100c0614b66b5003f555dcb57,H1,"s0,s1,s2",30943,34978,33775,34860,31666,60979,31666,0.564925,
c7331c9fdd0c01929aaefee829b525943236c89100c0614b66b5003f555dcb57,H2,"s0,s1,s2",12365,13462,13604,14458,12507,12799,12507,1.415478,
c7331c9fdd0c01929aaefee829b525943236c89100c0614b66b5003f555dcb57,H3,"s0,s1,s2",11341,19526,11027,19037,10807,11081,11027,1.640476,
c7331c9fdd0c01929aaefee829b525943236c89100c0614b66b5003f555dcb57,H4,"s0,s1,s2",5080,16950,5190,5799,5335,5544,5190,3.487540,
c74430f44252cd26a514efa4712f636d2c8903edfd55dab8f5190f12081ce71a,H0,"s0,s1,s2",53401,53933,52995,56655,53974,58820,53401,1.000000,
c74430f44252cd26a514efa4712f636d2c8903edfd55dab8f5190f12081ce71a,H1,"s0,s1,s2",62646,67272,62225,62667,63020,87651,62646,0.853514,
c74430f44252cd26a514efa4712f636d2c8903edfd55dab8f5190f12081ce71a,H2,"s0,s1,s2",14959,15528,14899,15258,14939,16307,14939,3.579831,
c74430f44252cd26a514efa4712f636d2c8903edfd55dab8f5190f12081ce71a,H3,"s0,s1,s2",13114,13409,13030,13629,13092,18908,13092,4.087218,
c74430f44252cd26a514efa4712f636d2c8903edfd55dab8f5190f12081ce71a,H4,"s0,s1,s2",10010,10368,9871,10417,9973,10681,9973,5.371752,
c75bb9bc4599ce17200404835799fbf077d8c469195db9a76bab4c77afc839d2,H0,"s0,s1,s2",3030,3094,3058,3234,3155,3248,3058,1.000000,
c75bb9bc4599ce17200404835799fbf077d8c469195db9a76bab4c77afc839d2,H1,"s0,s1,s2",5002,5314,4931,5498,5268,9565,5002,0.608207,
c75bb9bc4599ce17200404835799fbf077d8c469195db9a76bab4c77afc839d2,H2,"s0,s1,s2",5306,5809,5226,5716,5380,6035,5306,0.580836,
c75bb9bc4599ce17200404835799fbf077d8c469195db9a76bab4c77afc839d2,H3,"s0,s1,s2",5353,6036,5336,5638,5364,5700,5353,0.575695,
c75bb9bc4599ce17200404835799fbf077d8c469195db9a76bab4c77afc839d2,H4,"s0,s1,s2",2833,3144,2844,3149,2829,3079,2833,1.086484,
c77f89afadd2f001ee762f1cbd116e5f028217edf320a5b84518375f8bff1961,H0,"s0,s1,s2",16974,17279,17113,18190,18061,18331,17113,1.000000,
c77f89afadd2f001ee762f1cbd116e5f028217edf320a5b84518375f8bff1961,H1,"s0,s1,s2",31075,33362,31535,33642,31583,36085,31535,0.553433,
c77f89afadd2f001ee762f1cbd116e5f028217edf320a5b84518375f8bff1961,H2,"s0,s1,s2",11910,12359,12213,24177,12088,12479,12088,1.439642,
c77f89afadd2f001ee762f1cbd116e5f028217edf320a5b84518375f8bff1961,H3,"s0,s1,s2",10819,11256,10553,11349,10723,10990,10723,1.624268,
c77f89afadd2f001ee762f1cbd116e5f028217edf320a5b84518375f8bff1961,H4,"s0,s1,s2",4826,4939,5006,5633,5124,5306,5006,3.486489,
c7ae0d73f5d0f7db1b7583822e43558395466cca3e225ce4584d93daf65130a7,H0,"s0,s1,s2",23629,24128,25490,26113,23726,25232,23726,1.000000,
c7ae0d73f5d0f7db1b7583822e43558395466cca3e225ce4584d93daf65130a7,H1,"s0,s1,s2",51426,52426,52074,57156,51296,63370,51426,0.470310,
c7ae0d73f5d0f7db1b7583822e43558395466cca3e225ce4584d93daf65130a7,H2,"s0,s1,s2",41078,42383,41029,42626,41328,43878,41078,0.589791,
c7ae0d73f5d0f7db1b7583822e43558395466cca3e225ce4584d93daf65130a7,H3,"s0,s1,s2",41950,42539,41380,46836,42114,54039,41950,0.580359,
c7ae0d73f5d0f7db1b7583822e43558395466cca3e225ce4584d93daf65130a7,H4,"s0,s1,s2",37453,38646,37236,37524,37522,39950,37453,0.648786,
c7b110ef9b870d6b93f4fd413c4ac7d473ece4797ab51496bef785a1c9262ea5,H0,"s0,s1,s2",21702,22608,24921,25379,22352,23016,22352,1.000000,
c7b110ef9b870d6b93f4fd413c4ac7d473ece4797ab51496bef785a1c9262ea5,H1,"s0,s1,s2",34252,35106,37060,42842,34216,47540,34252,0.652911,
c7b110ef9b870d6b93f4fd413c4ac7d473ece4797ab51496bef785a1c9262ea5,H2,"s0,s1,s2",8798,9134,8796,9246,8893,9348,8798,2.599489,
c7b110ef9b870d6b93f4fd413c4ac7d473ece4797ab51496bef785a1c9262ea5,H3,"s0,s1,s2",7693,8075,7696,7998,7799,8253,7696,2.969345,
c7b110ef9b870d6b93f4fd413c4ac7d473ece4797ab51496bef785a1c9262ea5,H4,"s0,s1,s2",4099,4518,4152,4358,4058,4514,4099,5.593858,
c7cedef1c92870d78fa38fa1e359d098b09cacff05cf527abbf840b65c9d5163,H0,"s0,s1,s2",9003,9169,9156,20930,9218,9940,9156,1.000000,
c7cedef1c92870d78fa38fa1e359d098b09cacff05cf527abbf840b65c9d5163,H1,"s0,s1,s2",9055,9367,9306,10490,9052,9416,9055,0.998722,
c7cedef1c92870d78fa38fa1e359d098b09cacff05cf527abbf840b65c9d5163,H2,"s0,s1,s2",14218,14411,14279,25889,14257,15248,14257,0.640307,
c7cedef1c92870d78fa38fa1e359d098b09cacff05cf527abbf840b65c9d5163,H3,"s0,s1,s2",14447,14831,14399,20765,14451,15258,14447,0.632277,
c7cedef1c92870d78fa38fa1e359d098b09cacff05cf527abbf840b65c9d5163,H4,"s0,s1,s2",10948,11199,11074,11432,10865,11321,10948,0.832441,
c83dd2cc32964702b573928fdba9841ef7bab9465fb0b4898bf925fd6df6d773,H0,"s0,s1,s2",18943,19229,22245,22623,20151,21363,20151,1.000000,
c83dd2cc32964702b573928fdba9841ef7bab9465fb0b4898bf925fd6df6d773,H1,"s0,s1,s2",29276,30273,32097,37373,29736,31026,29736,0.672315,
c83dd2cc32964702b573928fdba9841ef7bab9465fb0b4898bf925fd6df6d773,H2,"s0,s1,s2",10527,10818,10384,10814,10686,11278,10527,1.937155,
c83dd2cc32964702b573928fdba9841ef7bab9465fb0b4898bf925fd6df6d773,H3,"s0,s1,s2",8546,9361,8432,8763,8595,9041,8546,2.393386,
c83dd2cc32964702b573928fdba9841ef7bab9465fb0b4898bf925fd6df6d773,H4,"s0,s1,s2",4150,4526,4171,4459,4287,4533,4171,4.854882,
c85e6502b8eea651614b10dd4c2c622bcdfdfca5ebc9331e767435427e51328a,H0,"s0,s1,s2",25344,37369,25205,25755,26038,28038,25344,1.000000,
c85e6502b8eea651614b10dd4c2c622bcdfdfca5ebc9331e767435427e51328a,H1,"s0,s1,s2",34392,37351,34285,47122,34749,36650,34392,0.740438,
c85e6502b8eea651614b10dd4c2c622bcdfdfca5ebc9331e767435427e51328a,H2,"s0,s1,s2",10151,12420,9953,10313,10013,10829,10013,2.542811,
c85e6502b8eea651614b10dd4c2c622bcdfdfca5ebc9331e767435427e51328a,H3,"s0,s1,s2",8848,9040,8682,9017,8750,9407,8750,2.914062,
c85e6502b8eea651614b10dd4c2c622bcdfdfca5ebc9331e767435427e51328a,H4,"s0,s1,s2",4452,4818,4690,4994,4691,4978,4690,5.537648,
c8aed004f4a21287147ad31f24b942b980b4c33907a6aa0f0aabec8b3da77273,H0,"s0,s1,s2",31804,36263,31621,31934,33230,33646,31804,1.000000,
c8aed004f4a21287147ad31f24b942b980b4c33907a6aa0f0aabec8b3da77273,H1,"s0,s1,s2",45187,45877,44811,46631,45717,46885,45187,0.712039,
c8aed004f4a21287147ad31f24b942b980b4c33907a6aa0f0aabec8b3da77273,H2,"s0,s1,s2",10173,10740,10372,10728,10269,10983,10269,3.136048,
c8aed004f4a21287147ad31f24b942b980b4c33907a6aa0f0aabec8b3da77273,H3,"s0,s1,s2",9980,10784,9879,10496,10007,10266,9980,3.235540,
c8aed004f4a21287147ad31f24b942b980b4c33907a6aa0f0aabec8b3da77273,H4,"s0,s1,s2",5476,5820,5435,5997,5462,5877,5462,5.901889,
c9679e07f4cd4512b612d84dcd38a6aa9480d623935a437836830509d81095b6,H0,"s0,s1,s2",9221,9680,9376,9756,9392,9691,9376,1.000000,
c9679e07f4cd4512b612d84dcd38a6aa9480d623935a437836830509d81095b6,H1,"s0,s1,s2",9358,9699,10033,14979,9383,10324,9383,0.973194,
c9679e07f4cd4512b612d84dcd38a6aa9480d623935a437836830509d81095b6,H2,"s0,s1,s2",14258,14839,14445,16776,14251,15390,14258,0.651594,
c9679e07f4cd4512b612d84dcd38a6aa9480d623935a437836830509d81095b6,H3,"s0,s1,s2",14867,16003,14672,16208,14675,15418,14675,0.633025,
c9679e07f4cd4512b612d84dcd38a6aa9480d623935a437836830509d81095b6,H4,"s0,s1,s2",10715,11189,10749,22922,10803,11378,10749,0.867394,
c9998294249710e88934b381a25b7f66b58d082503f35798baa5a88dfcf80d25,H0,"s0,s1,s2",53129,57186,52817,56779,53785,60519,53129,1.000000,
c9998294249710e88934b381a25b7f66b58d082503f35798baa5a88dfcf80d25,H1,"s0,s1,s2",62478,66956,62307,66273,62759,68562,62478,0.851678,
c9998294249710e88934b381a25b7f66b58d082503f35798baa5a88dfcf80d25,H2,"s0,s1,s2",13503,25620,13531,14409,13542,13929,13531,3.936478,
c9998294249710e88934b381a25b7f66b58d082503f35798baa5a88dfcf80d25,H3,"s0,s1,s2",11889,12245,11745,12189,11889,12832,11889,4.496497,
c9998294249710e88934b381a25b7f66b58d082503f35798baa5a88dfcf80d25,H4,"s0,s1,s2",7672,8300,7471,8374,7596,8327,7596,7.024759,
ca1ec7dd18dd14437d76f8330475954a1ed0a65a55ca40e782296b725aa3bcc9,H0,"s0,s1,s2",23870,24527,23860,24264,23804,35832,23860,1.000000,
ca1ec7dd18dd14437d76f8330475954a1ed0a65a55ca40e782296b725aa3bcc9,H1,"s0,s1,s2",51936,53234,52082,58401,56206,80377,52082,0.446764,
ca1ec7dd18dd14437d76f8330475954a1ed0a65a55ca40e782296b725aa3bcc9,H2,"s0,s1,s2",40647,41677,40556,41447,44372,46998,40647,0.570156,
ca1ec7dd18dd14437d76f8330475954a1ed0a65a55ca40e782296b725aa3bcc9,H3,"s0,s1,s2",43117,48347,43197,48970,46754,57786,43197,0.537961,
ca1ec7dd18dd14437d76f8330475954a1ed0a65a55ca40e782296b725aa3bcc9,H4,"s0,s1,s2",37687,42968,37883,39615,40748,47025,37883,0.615380,
cab3e9e757a9fff962ffd957dc518218273cf9864a98178becb18d8a42d9655b,H0,"s0,s1,s2",58266,85903,57760,59195,58800,65942,58266,1.000000,
cab3e9e757a9fff962ffd957dc518218273cf9864a98178becb18d8a42d9655b,H1,"s0,s1,s2",10738,29659,10722,11016,10754,11147,10738,5.426879,
cab3e9e757a9fff962ffd957dc518218273cf9864a98178becb18d8a42d9655b,H2,"s0,s1,s2",17946,18836,17400,17882,17561,18551,17561,3.304592,
cab3e9e757a9fff962ffd957dc518218273cf9864a98178becb18d8a42d9655b,H3,"s0,s1,s2",15956,16620,15490,16457,15549,16522,15549,3.720323,
cab3e9e757a9fff962ffd957dc518218273cf9864a98178becb18d8a42d9655b,H4,"s0,s1,s2",10814,12216,11319,11592,11018,11755,11018,5.274413,
cada35f8a7ed2b2c18f357de8e562d411f5b1c65cdd3912246d23376d1a24dec,H0,"s0,s1,s2",15737,16243,15748,16263,16294,17206,15748,1.000000,
cada35f8a7ed2b2c18f357de8e562d411f5b1c65cdd3912246d23376d1a24dec,H1,"s0,s1,s2",24218,24917,24372,24891,24489,26116,24372,0.653720,
cada35f8a7ed2b2c18f357de8e562d411f5b1c65cdd3912246d23376d1a24dec,H2,"s0,s1,s2",23072,23535,22815,23487,23019,24761,23019,0.693310,
cada35f8a7ed2b2c18f357de8e562d411f5b1c65cdd3912246d23376d1a24dec,H3,"s0,s1,s2",24761,29416,24722,25819,24822,26876,24761,0.642928,
cada35f8a7ed2b2c18f357de8e562d411f5b1c65cdd3912246d23376d1a24dec,H4,"s0,s1,s2",25232,26150,25242,25993,25340,27037,25242,0.630131,
caed28a0f1f75a39fc323ba021c99eaef59b0b000fc1b5d7d1581ff0405c2983,H0,"s0,s1,s2",61685,89209,53298,57024,54241,54516,54241,1.000000,
caed28a0f1f75a39fc323ba021c99eaef59b0b000fc1b5d7d1581ff0405c2983,H1,"s0,s1,s2",8522,10101,8360,8750,8263,8718,8360,6.716003,
caed28a0f1f75a39fc323ba021c99eaef59b0b000fc1b5d7d1581ff0405c2983,H2,"s0,s1,s2",9907,10413,9808,10200,9886,10187,9886,5.704597,
caed28a0f1f75a39fc323ba021c99eaef59b0b000fc1b5d7d1581ff0405c2983,H3,"s0,s1,s2",9821,11852,9529,9756,9518,9782,9529,5.850008,
caed28a0f1f75a39fc323ba021c99eaef59b0b000fc1b5d7d1581ff0405c2983,H4,"s0,s1,s2",4608,4785,4632,4836,4553,4881,4608,12.242774,
caf839f03565e3628f29f96868c449c0240d514d8825df919c171790c9ac44bb,H0,"s0,s1,s2",25854,49241,23431,23958,23446,24750,23446,1.000000,
caf839f03565e3628f29f96868c449c0240d514d8825df919c171790c9ac44bb,H1,"s0,s1,s2",54665,94080,54546,60040,54834,57312,54665,0.442882,
caf839f03565e3628f29f96868c449c0240d514d8825df919c171790c9ac44bb,H2,"s0,s1,s2",42272,44809,42181,43861,42172,48265,42181,0.573761,
caf839f03565e3628f29f96868c449c0240d514d8825df919c171790c9ac44bb,H3,"s0,s1,s2",44130,50384,44146,48910,44511,50700,44146,0.547140,
caf839f03565e3628f29f96868c449c0240d514d8825df919c171790c9ac44bb,H4,"s0,s1,s2",38989,40180,38882,43900,39177,41217,38989,0.620710,
cb96e25707d3eb023ef99d1349be41fa73faee04e7e449d49518c1aa824e9ef1,H0,"s0,s1,s2",17049,17433,17100,17527,19757,20324,17100,1.000000,
cb96e25707d3eb023ef99d1349be41fa73faee04e7e449d49518c1aa824e9ef1,H1,"s0,s1,s2",31249,32495,31257,32001,34549,51594,31257,0.554710,
cb96e25707d3eb023ef99d1349be41fa73faee04e7e449d49518c1aa824e9ef1,H2,"s0,s1,s2",12000,12361,12194,13323,13205,14121,12194,1.439185,
cb96e25707d3eb023ef99d1349be41fa73faee04e7e449d49518c1aa824e9ef1,H3,"s0,s1,s2",11305,11612,10157,10579,11287,22259,11287,1.644121,
cb96e25707d3eb023ef99d1349be41fa73faee04e7e449d49518c1aa824e9ef1,H4,"s0,s1,s2",5405,5729,5062,5514,9389,10797,5405,2.819852,1.8548
cc0b66344680a24a0af14933bc7d76d1a4ba2ffded520f4bb706650498e06625,H0,"s0,s1,s2",53314,53531,56356,74226,53932,57481,53932,1.000000,
cc0b66344680a24a0af14933bc7d76d1a4ba2ffded520f4bb706650498e06625,H1,"s0,s1,s2",6632,6974,6683,7137,6543,7086,6632,8.236544,
cc0b66344680a24a0af14933bc7d76d1a4ba2ffded520f4bb706650498e06625,H2,"s0,s1,s2",10575,17419,10352,11074,10518,11106,10518,5.201517,
cc0b66344680a24a0af14933bc7d76d1a4ba2ffded520f4bb706650498e06625,H3,"s0,s1,s2",8698,9246,8580,9191,8757,9138,8698,6.282348,
cc0b66344680a24a0af14933bc7d76d1a4ba2ffded520f4bb706650498e06625,H4,"s0,s1,s2",4503,4997,4615,5193,4818,5138,4615,11.740750,
cc346a5d361368cc28a56734a9ba91e2ba38b8a0468d5d4f51ecbd09703aa5b4,H0,"s0,s1,s2",31744,32320,31954,36201,33259,33812,31954,1.000000,
cc346a5d361368cc28a56734a9ba91e2ba38b8a0468d5d4f51ecbd09703aa5b4,H1,"s0,s1,s2",14559,15146,14977,15572,14625,15096,14625,2.195236,
cc346a5d361368cc28a56734a9ba91e2ba38b8a0468d5d4f51ecbd09703aa5b4,H2,"s0,s1,s2",12526,19602,11429,11707,11394,11798,11429,2.744941,
cc346a5d361368cc28a56734a9ba91e2ba38b8a0468d5d4f51ecbd09703aa5b4,H3,"s0,s1,s2",10990,22228,10155,11022,10221,10640,10221,3.092490,
cc346a5d361368cc28a56734a9ba91e2ba38b8a0468d5d4f51ecbd09703aa5b4,H4,"s0,s1,s2",5705,10829,5697,6208,5863,6196,5705,5.615108,
cc429df8592f99d0e08c50855b32dae2202cf269096a2632a20775f8c99c0e91,H0,"s0,s1,s2",17335,17825,17391,17836,20071,30995,17391,1.000000,
cc429df8592f99d0e08c50855b32dae2202cf269096a2632a20775f8c99c0e91,H1,"s0,s1,s2",31153,32457,31230,32126,34708,43625,31230,0.563774,
cc429df8592f99d0e08c50855b32dae2202cf269096a2632a20775f8c99c0e91,H2,"s0,s1,s2",12621,13070,12526,12854,13910,23380,12621,1.401290,
cc429df8592f99d0e08c50855b32dae2202cf269096a2632a20775f8c99c0e91,H3,"s0,s1,s2",10811,11204,10630,11252,11855,13289,10811,1.643762,
cc429df8592f99d0e08c50855b32dae2202cf269096a2632a20775f8c99c0e91,H4,"s0,s1,s2",5145,5751,5193,5600,5609,6256,5193,3.430647,
cc591e901cba133c8eb261033b0d4ac02569e19e76cd97a0033586af2fa0e82a,H0,"s0,s1,s2",632,664,697,719,671,685,671,1.000000,
cc591e901cba133c8eb261033b0d4ac02569e19e76cd97a0033586af2fa0e82a,H1,"s0,s1,s2",1046,1103,1047,1102,1061,1118,1047,0.633616,
cc591e901cba133c8eb261033b0d4ac02569e19e76cd97a0033586af2fa0e82a,H2,"s0,s1,s2",1105,1132,1078,1117,1141,1172,1105,0.601361,
cc591e901cba133c8eb261033b0d4ac02569e19e76cd97a0033586af2fa0e82a,H3,"s0,s1,s2",1327,1398,1402,1443,1432,1495,1402,0.480511,
cc591e901cba133c8eb261033b0d4ac02569e19e76cd97a0033586af2fa0e82a,H4,"s0,s1,s2",802,861,841,960,843,879,841,0.804066,
ccbe49adcdc45496737402524812f4189c6d13ce1539af741a6324b023e4309b,H0,"s0,s1,s2",13168,13690,12026,12550,12477,13545,12477,1.000000,
ccbe49adcdc45496737402524812f4189c6d13ce1539af741a6324b023e4309b,H1,"s0,s1,s2",16771,23349,15430,17252,15737,18575,15737,0.785781,
ccbe49adcdc45496737402524812f4189c6d13ce1539af741a6324b023e4309b,H2,"s0,s1,s2",6226,6500,5681,5805,5733,6130,5733,2.135888,
ccbe49adcdc45496737402524812f4189c6d13ce1539af741a6324b023e4309b,H3,"s0,s1,s2",5829,6349,5166,5312,5358,5687,5358,2.304977,
ccbe49adcdc45496737402524812f4189c6d13ce1539af741a6324b023e4309b,H4,"s0,s1,s2",2939,3435,3214,3324,2701,2857,2939,4.262461,
cd2ecbd46a4c8e03eddcd41e89e404ce533b664282b0fcedd9d6d9cda89de2c6,H0,"s0,s1,s2",25394,29658,25415,29483,25635,27357,25415,1.000000,
cd2ecbd46a4c8e03eddcd41e89e404ce533b664282b0fcedd9d6d9cda89de2c6,H1,"s0,s1,s2",29117,30178,29544,34527,29444,41999,29444,0.867655,
cd2ecbd46a4c8e03eddcd41e89e404ce533b664282b0fcedd9d6d9cda89de2c6,H2,"s0,s1,s2",39901,44899,39957,40670,39975,42647,39957,0.637915,
cd2ecbd46a4c8e03eddcd41e89e404ce533b664282b0fcedd9d6d9cda89de2c6,H3,"s0,s1,s2",41573,43307,40995,42996,41717,44372,41573,0.615082,
cd2ecbd46a4c8e03eddcd41e89e404ce533b664282b0fcedd9d6d9cda89de2c6,H4,"s0,s1,s2",34949,40677,34556,35588,35206,36976,34949,0.730062,
ce515e1f1c8d2ca39a03fb5b61d497fa2289a528941eb209b240f1391b0a2a79,H0,"s0,s1,s2",13413,13959,12191,12958,12702,13082,12702,1.000000,
ce515e1f1c8d2ca39a03fb5b61d497fa2289a528941eb209b240f1391b0a2a79,H1,"s0,s1,s2",16892,21275,15380,15981,15786,17068,15786,0.797094,
ce515e1f1c8d2ca39a03fb5b61d497fa2289a528941eb209b240f1391b0a2a79,H2,"s0,s1,s2",5245,5555,4643,4819,4770,5105,4770,2.614919,
ce515e1f1c8d2ca39a03fb5b61d497fa2289a528941eb209b240f1391b0a2a79,H3,"s0,s1,s2",4877,5272,4361,4465,4430,4596,4430,2.803916,
ce515e1f1c8d2ca39a03fb5b61d497fa2289a528941eb209b240f1391b0a2a79,H4,"s0,s1,s2",2515,2719,2273,2589,2323,2542,2323,5.387868,
d0a2203aa2451c26f9c1f910511bd35f908ddec5cd61bcfd575d67400cfec5f5,H0,"s0,s1,s2",9556,10174,9632,10245,9744,10299,9632,1.000000,
d0a2203aa2451c26f9c1f910511bd35f908ddec5cd61bcfd575d67400cfec5f5,H1,"s0,s1,s2",9689,10433,9733,10077,9552,10139,9689,0.998550,
d0a2203aa2451c26f9c1f910511bd35f908ddec5cd61bcfd575d67400cfec5f5,H2,"s0,s1,s2",13890,14634,13681,14332,13719,15268,13719,0.700695,
d0a2203aa2451c26f9c1f910511bd35f908ddec5cd61bcfd575d67400cfec5f5,H3,"s0,s1,s2",14867,15249,14514,14912,14684,15840,14684,0.656586,
d0a2203aa2451c26f9c1f910511bd35f908ddec5cd61bcfd575d67400cfec5f5,H4,"s0,s1,s2",10736,11250,10700,11192,10654,11132,10700,0.901565,
d28f2392b87fbb710c62448bd3a886c26915651135eb15cb5737995f62a30b64,H0,"s0,s1,s2",9876,10547,9872,10442,10027,10587,9876,1.000000,
d28f2392b87fbb710c62448bd3a886c26915651135eb15cb5737995f62a30b64,H1,"s0,s1,s2",4612,4708,4268,4374,4374,4491,4374,2.247613,
d28f2392b87fbb710c62448bd3a886c26915651135eb15cb5737995f62a30b64,H2,"s0,s1,s2",14905,15241,14680,14999,14820,16121,14820,0.670528,
d28f2392b87fbb710c62448bd3a886c26915651135eb15cb5737995f62a30b64,H3,"s0,s1,s2",14952,15287,14591,14925,14833,15488,14833,0.670988,
d28f2392b87fbb710c62448bd3a886c26915651135eb15cb5737995f62a30b64,H4,"s0,s1,s2",12142,12499,12211,12529,12326,12866,12211,0.811767,
d378f080a8c160379b01810e95ff44b867d292c405c44f7c16163c13668947a3,H0,"s0,s1,s2",47813,55318,50474,63056,49225,52876,49225,1.000000,
d378f080a8c160379b01810e95ff44b867d292c405c44f7c16163c13668947a3,H1,"s0,s1,s2",72848,78512,76828,112683,73592,81186,73592,0.660710,
d378f080a8c160379b01810e95ff44b867d292c405c44f7c16163c13668947a3,H2,"s0,s1,s2",37746,70992,37917,56920,37762,43626,37762,1.300209,
d378f080a8c160379b01810e95ff44b867d292c405c44f7c16163c13668947a3,H3,"s0,s1,s2",35796,43997,36068,37915,36156,47893,36068,1.365277,
d378f080a8c160379b01810e95ff44b867d292c405c44f7c16163c13668947a3,H4,"s0,s1,s2",75352,85380,75442,83370,75953,80509,75442,0.650402,
d3e571f6eb0d9d9818f5aabeafe211bad134f1447b7aac2c68389a3d5638e2b2,H0,"s0,s1,s2",26334,27206,24368,24749,24697,25216,24697,1.000000,
d3e571f6eb0d9d9818f5aabeafe211bad134f1447b7aac2c68389a3d5638e2b2,H1,"s0,s1,s2",31270,33120,31194,35242,28516,29069,31194,0.829019,
d3e571f6eb0d9d9818f5aabeafe211bad134f1447b7aac2c68389a3d5638e2b2,H2,"s0,s1,s2",42382,59484,42001,46598,39747,42349,42001,0.607312,
d3e571f6eb0d9d9818f5aabeafe211bad134f1447b7aac2c68389a3d5638e2b2,H3,"s0,s1,s2",45101,58954,43996,45392,42088,56107,43996,0.574656,
d3e571f6eb0d9d9818f5aabeafe211bad134f1447b7aac2c68389a3d5638e2b2,H4,"s0,s1,s2",35197,39115,36837,42632,35268,47045,35268,0.702431,
d446060d3a406aa10a6fe347c6f905902cc7baef74ff8cfac2eec8ace1284a54,H0,"s0,s1,s2",53205,57101,53070,58864,54031,59838,53205,1.000000,
d446060d3a406aa10a6fe347c6f905902cc7baef74ff8cfac2eec8ace1284a54,H1,"s0,s1,s2",62310,67013,65535,79224,62633,63053,62633,0.841789,
d446060d3a406aa10a6fe347c6f905902cc7baef74ff8cfac2eec8ace1284a54,H2,"s0,s1,s2",9596,9965,9646,10861,9652,9922,9646,5.547916,
d446060d3a406aa10a6fe347c6f905902cc7baef74ff8cfac2eec8ace1284a54,H3,"s0,s1,s2",8932,9386,9109,11092,9005,9460,9005,5.927167,
d446060d3a406aa10a6fe347c6f905902cc7baef74ff8cfac2eec8ace1284a54,H4,"s0,s1,s2",4397,4731,4512,4933,4412,4661,4412,12.034494,
d4646d4d64ea92bfb6bec92906b20e45b5a13678ed10b71d20339db109189017,H0,"s0,s1,s2",16085,16488,15963,17226,16843,18136,16085,1.000000,
d4646d4d64ea92bfb6bec92906b20e45b5a13678ed10b71d20339db109189017,H1,"s0,s1,s2",26121,31219,26576,36598,26873,32539,26576,0.614308,
d4646d4d64ea92bfb6bec92906b20e45b5a13678ed10b71d20339db109189017,H2,"s0,s1,s2",10828,11417,10748,11432,10831,11555,10828,1.508239,
d4646d4d64ea92bfb6bec92906b20e45b5a13678ed10b71d20339db109189017,H3,"s0,s1,s2",10135,10558,9951,10546,10143,10446,10135,1.616960,
d4646d4d64ea92bfb6bec92906b20e45b5a13678ed10b71d20339db109189017,H4,"s0,s1,s2",5546,5746,5621,6042,5633,6035,5621,2.909426,
d4c505eff55e5d69bc44a9b3d186bd7e816e1a2f38b14551a5ef64ec24ea3d47,H0,"s0,s1,s2",17585,17915,19090,31693,18659,19078,18659,1.000000,
d4c505eff55e5d69bc44a9b3d186bd7e816e1a2f38b14551a5ef64ec24ea3d47,H1,"s0,s1,s2",31293,36618,33768,58521,31801,32205,31801,0.571235,
d4c505eff55e5d69bc44a9b3d186bd7e816e1a2f38b14551a5ef64ec24ea3d47,H2,"s0,s1,s2",12430,12963,12755,23945,12545,13420,12545,1.465789,
d4c505eff55e5d69bc44a9b3d186bd7e816e1a2f38b14551a5ef64ec24ea3d47,H3,"s0,s1,s2",10849,11397,11052,12523,10849,11193,10849,1.688647,
d4c505eff55e5d69bc44a9b3d186bd7e816e1a2f38b14551a5ef64ec24ea3d47,H4,"s0,s1,s2",5291,5512,5779,6867,5664,7179,5664,3.307052,
d50a9b74fb38f6574eaf08014abc23d3371c1df61f9be2e68c776b3c1d35d83d,H0,"s0,s1,s2",26851,27350,26737,27187,31691,39479,26851,1.000000,
d50a9b74fb38f6574eaf08014abc23d3371c1df61f9be2e68c776b3c1d35d83d,H1,"s0,s1,s2",40049,44758,40192,44986,40655,42864,40192,0.703161,
d50a9b74fb38f6574eaf08014abc23d3371c1df61f9be2e68c776b3c1d35d83d,H2,"s0,s1,s2",13192,13865,13396,13664,13383,14403,13383,2.126783,
d50a9b74fb38f6574eaf08014abc23d3371c1df61f9be2e68c776b3c1d35d83d,H3,"s0,s1,s2",10208,10750,10323,10705,10521,11056,10323,2.737801,
d50a9b74fb38f6574eaf08014abc23d3371c1df61f9be2e68c776b3c1d35d83d,H4,"s0,s1,s2",6104,6597,6310,6806,6277,6921,6277,4.548530,
d5502cc52c2173802f4aa342217f7333ea54ca238086c96a253ff4568a0a2828,H0,"s0,s1,s2",21639,22329,21685,22445,22584,34044,21685,1.000000,
d5502cc52c2173802f4aa342217f7333ea54ca238086c96a253ff4568a0a2828,H1,"s0,s1,s2",33385,34312,33285,34171,34003,39365,33385,0.654576,
d5502cc52c2173802f4aa342217f7333ea54ca238086c96a253ff4568a0a2828,H2,"s0,s1,s2",8975,9451,8975,9321,9014,9996,8975,2.443826,
d5502cc52c2173802f4aa342217f7333ea54ca238086c96a253ff4568a0a2828,H3,"s0,s1,s2",9097,9627,8256,8477,8381,9322,8381,2.562976,
d5502cc52c2173802f4aa342217f7333ea54ca238086c96a253ff4568a0a2828,H4,"s0,s1,s2",5082,5394,4427,4678,4355,4656,4427,4.764548,
d57572272c305031dc25d72be17c7082fae40f2091bd40fcbd8e2f5022231818,H0,"s0,s1,s2",16194,16954,16242,17396,16870,28374,16242,1.000000,
d57572272c305031dc25d72be17c7082fae40f2091bd40fcbd8e2f5022231818,H1,"s0,s1,s2",27685,28653,30027,40968,28105,29359,28105,0.574808,
d57572272c305031dc25d72be17c7082fae40f2091bd40fcbd8e2f5022231818,H2,"s0,s1,s2",22991,24085,23493,26868,23410,24479,23410,0.705348,
d57572272c305031dc25d72be17c7082fae40f2091bd40fcbd8e2f5022231818,H3,"s0,s1,s2",22630,23546,22727,23962,22659,23926,22659,0.724793,
d57572272c305031dc25d72be17c7082fae40f2091bd40fcbd8e2f5022231818,H4,"s0,s1,s2",31947,33349,31877,33503,31677,33892,31877,0.516201,
d6077ad362388f522da55189dd08271cc7e14ce18ec3454f5d3a2ac6f173eba0,H0,"s0,s1,s2",48226,67381,48402,51825,49643,50816,48402,1.000000,
d6077ad362388f522da55189dd08271cc7e14ce18ec3454f5d3a2ac6f173eba0,H1,"s0,s1,s2",77661,97920,71786,76489,72446,78454,72446,0.659551,
d6077ad362388f522da55189dd08271cc7e14ce18ec3454f5d3a2ac6f173eba0,H2,"s0,s1,s2",28836,53583,25946,26806,26111,26712,26111,1.810192,
d6077ad362388f522da55189dd08271cc7e14ce18ec3454f5d3a2ac6f173eba0,H3,"s0,s1,s2",23892,36348,23136,23697,23265,24394,23265,2.080908,
d6077ad362388f522da55189dd08271cc7e14ce18ec3454f5d3a2ac6f173eba0,H4,"s0,s1,s2",15291,26798,14984,21298,14942,15333,14984,3.234770,
d6ae01bb10be9373be3537aa84e19572059730a328de85cb276a1a4fbea772a1,H0,"s0,s1,s2",24877,25325,24864,37514,25034,26601,24877,1.000000,
d6ae01bb10be9373be3537aa84e19572059730a328de85cb276a1a4fbea772a1,H1,"s0,s1,s2",4845,5165,4836,9384,4755,4988,4836,5.179918,
d6ae01bb10be9373be3537aa84e19572059730a328de85cb276a1a4fbea772a1,H2,"s0,s1,s2",7237,7528,7103,7943,7210,7683,7210,3.469934,
d6ae01bb10be9373be3537aa84e19572059730a328de85cb276a1a4fbea772a1,H3,"s0,s1,s2",7055,7417,6838,7794,7005,7388,7005,3.578395,
d6ae01bb10be9373be3537aa84e19572059730a328de85cb276a1a4fbea772a1,H4,"s0,s1,s2",4836,5480,4889,5057,4936,5542,4889,5.100420,
d7fa8a9d0620b241515ceeebf6c2d2190acdb0da0db529665cbc27d44f676ef5,H0,"s0,s1,s2",41900,42912,41846,47009,42956,55038,41900,1.000000,
d7fa8a9d0620b241515ceeebf6c2d2190acdb0da0db529665cbc27d44f676ef5,H1,"s0,s1,s2",70876,75815,71049,75902,71448,83333,71049,0.593765,
d7fa8a9d0620b241515ceeebf6c2d2190acdb0da0db529665cbc27d44f676ef5,H2,"s0,s1,s2",19365,24245,19014,19470,19277,20304,19277,2.197457,
d7fa8a9d0620b241515ceeebf6c2d2190acdb0da0db529665cbc27d44f676ef5,H3,"s0,s1,s2",18411,19431,18228,19122,18095,19249,18228,2.314758,
d7fa8a9d0620b241515ceeebf6c2d2190acdb0da0db529665cbc27d44f676ef5,H4,"s0,s1,s2",10831,11144,10647,11030,10711,11376,10711,3.936002,
d928d2fc2c8c027c3fc004d772f51aa2d56698ac0b338c1c090ca87f7eaa2b4c,H0,"s0,s1,s2",47958,53404,52589,57279,49405,51844,49405,1.000000,
d928d2fc2c8c027c3fc004d772f51aa2d56698ac0b338c1c090ca87f7eaa2b4c,H1,"s0,s1,s2",74282,79722,77920,79765,76972,80382,76972,0.653964,
d928d2fc2c8c027c3fc004d772f51aa2d56698ac0b338c1c090ca87f7eaa2b4c,H2,"s0,s1,s2",26927,27799,27838,28142,27025,34266,27025,1.832223,
d928d2fc2c8c027c3fc004d772f51aa2d56698ac0b338c1c090ca87f7eaa2b4c,H3,"s0,s1,s2",25928,31155,25768,26493,25895,30906,25895,1.931170,
d928d2fc2c8c027c3fc004d772f51aa2d56698ac0b338c1c090ca87f7eaa2b4c,H4,"s0,s1,s2",15401,15972,15412,15983,16255,26936,15412,3.184520,
da0f382d9ae2d1c638afc64fbf55ff9bf1f2d45e99a0838bb4ea2508e901f095,H0,"s0,s1,s2",53256,53653,53166,57003,53874,57135,53256,1.000000,
da0f382d9ae2d1c638afc64fbf55ff9bf1f2d45e99a0838bb4ea2508e901f095,H1,"s0,s1,s2",3945,4304,4008,4260,3963,10060,3963,13.452231,
da0f382d9ae2d1c638afc64fbf55ff9bf1f2d45e99a0838bb4ea2508e901f095,H2,"s0,s1,s2",9983,10442,9933,10361,10022,10617,9983,5.354209,
da0f382d9ae2d1c638afc64fbf55ff9bf1f2d45e99a0838bb4ea2508e901f095,H3,"s0,s1,s2",8061,8340,7880,8110,8066,12172,8061,6.677329,
da0f382d9ae2d1c638afc64fbf55ff9bf1f2d45e99a0838bb4ea2508e901f095,H4,"s0,s1,s2",3934,4440,4006,4377,4154,4554,4006,13.257348,
db98a6ab43bc30f1129ee2d1455564e6fe33274fd8248d8363c4f828f81f6ddb,H0,"s0,s1,s2",1386,1455,1420,1458,1555,1610,1420,1.000000,
db98a6ab43bc30f1129ee2d1455564e6fe33274fd8248d8363c4f828f81f6ddb,H1,"s0,s1,s2",1680,1753,1691,1725,1864,1905,1691,0.832967,
db98a6ab43bc30f1129ee2d1455564e6fe33274fd8248d8363c4f828f81f6ddb,H2,"s0,s1,s2",2013,2179,1985,2088,2108,2384,2013,0.713569,
db98a6ab43bc30f1129ee2d1455564e6fe33274fd8248d8363c4f828f81f6ddb,H3,"s0,s1,s2",2071,2147,2048,2116,2113,2175,2071,0.698968,
db98a6ab43bc30f1129ee2d1455564e6fe33274fd8248d8363c4f828f81f6ddb,H4,"s0,s1,s2",1294,1349,1326,1386,1453,1545,1326,1.070729,
dc56b851c8950aaa6444f8b6429387c50081329722f25791475ea8b7b52d0e55,H0,"s0,s1,s2",18622,19218,18781,19345,19836,20275,18781,1.000000,
dc56b851c8950aaa6444f8b6429387c50081329722f25791475ea8b7b52d0e55,H1,"s0,s1,s2",9355,9553,9332,9554,9320,10033,9332,2.042937,
dc56b851c8950aaa6444f8b6429387c50081329722f25791475ea8b7b52d0e55,H2,"s0,s1,s2",10198,10404,10229,10432,10158,10578,10198,1.870744,
dc56b851c8950aaa6444f8b6429387c50081329722f25791475ea8b7b52d0e55,H3,"s0,s1,s2",8633,8980,8689,8910,8679,9185,8679,2.200557,
dc56b851c8950aaa6444f8b6429387c50081329722f25791475ea8b7b52d0e55,H4,"s0,s1,s2",4341,4464,4227,4544,4482,4728,4341,4.385661,
dcc057acf138328dd32faa61e709ed690dbe222049aaab59437db74e2c467e6f,H0,"s0,s1,s2",31431,32048,36366,41123,32856,39706,32856,1.000000,
dcc057acf138328dd32faa61e709ed690dbe222049aaab59437db74e2c467e6f,H1,"s0,s1,s2",14873,15327,15849,16198,14935,15866,14935,2.201342,
dcc057acf138328dd32faa61e709ed690dbe222049aaab59437db74e2c467e6f,H2,"s0,s1,s2",14240,14580,14390,14699,14424,26115,14390,2.333479,
dcc057acf138328dd32faa61e709ed690dbe222049aaab59437db74e2c467e6f,H3,"s0,s1,s2",12135,12675,11979,12766,12173,12730,12135,2.768663,
dcc057acf138328dd32faa61e709ed690dbe222049aaab59437db74e2c467e6f,H4,"s0,s1,s2",6082,6462,6096,6662,6146,6719,6096,5.482704,
dccbfb960df0592b7f962980c2b563a92a269c298e9bbb6e353a131e09bf8b2f,H0,"s0,s1,s2",721,751,753,777,841,874,753,1.000000,
dccbfb960df0592b7f962980c2b563a92a269c298e9bbb6e353a131e09bf8b2f,H1,"s0,s1,s2",1053,1085,1045,1083,1034,1065,1045,0.737599,
dccbfb960df0592b7f962980c2b563a92a269c298e9bbb6e353a131e09bf8b2f,H2,"s0,s1,s2",1388,1457,1332,1389,1410,1434,1388,0.559506,
dccbfb960df0592b7f962980c2b563a92a269c298e9bbb6e353a131e09bf8b2f,H3,"s0,s1,s2",1531,1611,1525,1585,1597,1640,1531,0.496583,
dccbfb960df0592b7f962980c2b563a92a269c298e9bbb6e353a131e09bf8b2f,H4,"s0,s1,s2",1008,1048,1060,1093,1042,1081,1042,0.742958,
dddaa6f247bca48e0d302c30e2051c60e9ba33a0b8232e1babe19ad0a9a67a5b,H0,"s0,s1,s2",43454,48863,43216,43844,44474,52491,43454,1.000000,
dddaa6f247bca48e0d302c30e2051c60e9ba33a0b8232e1babe19ad0a9a67a5b,H1,"s0,s1,s2",70514,73001,70314,76172,71037,85279,70514,0.618956,
dddaa6f247bca48e0d302c30e2051c60e9ba33a0b8232e1babe19ad0a9a67a5b,H2,"s0,s1,s2",19729,20115,19644,20126,21088,31749,19729,2.170052,
dddaa6f247bca48e0d302c30e2051c60e9ba33a0b8232e1babe19ad0a9a67a5b,H3,"s0,s1,s2",18426,23554,18371,19063,18579,30380,18426,2.368089,
dddaa6f247bca48e0d302c30e2051c60e9ba33a0b8232e1babe19ad0a9a67a5b,H4,"s0,s1,s2",9438,10281,9295,9596,9504,10330,9438,4.644243,
ddfddcd220e9837f01d6fc88ef5133ccdc5a1af536522ca797a76d4796cf9c9f,H0,"s0,s1,s2",19269,19570,19208,19658,20323,20748,19269,1.000000,
ddfddcd220e9837f01d6fc88ef5133ccdc5a1af536522ca797a76d4796cf9c9f,H1,"s0,s1,s2",9158,9482,9157,9496,9238,9984,9158,2.133368,
ddfddcd220e9837f01d6fc88ef5133ccdc5a1af536522ca797a76d4796cf9c9f,H2,"s0,s1,s2",11911,12098,11931,12533,12116,23290,11931,1.634738,
ddfddcd220e9837f01d6fc88ef5133ccdc5a1af536522ca797a76d4796cf9c9f,H3,"s0,s1,s2",10029,10582,9869,10195,10051,10804,10029,1.962741,
ddfddcd220e9837f01d6fc88ef5133ccdc5a1af536522ca797a76d4796cf9c9f,H4,"s0,s1,s2",4720,5029,4880,6309,4928,5433,4880,4.046680,
deec120ccaf855ffb72678a86f70fb4fa05da76419d8bbb52a4141ffcaa9d45d,H0,"s0,s1,s2",12104,17541,12011,12293,12301,12545,12104,1.000000,
deec120ccaf855ffb72678a86f70fb4fa05da76419d8bbb52a4141ffcaa9d45d,H1,"s0,s1,s2",15630,16126,15589,16043,15887,17103,15630,0.773054,
deec120ccaf855ffb72678a86f70fb4fa05da76419d8bbb52a4141ffcaa9d45d,H2,"s0,s1,s2",6388,6750,6228,6531,6342,6506,6342,1.920892,
deec120ccaf855ffb72678a86f70fb4fa05da76419d8bbb52a4141ffcaa9d45d,H3,"s0,s1,s2",6151,14450,5716,5919,5893,6060,5893,2.051279,
deec120ccaf855ffb72678a86f70fb4fa05da76419d8bbb52a4141ffcaa9d45d,H4,"s0,s1,s2",2962,3132,2972,3193,2984,3260,2972,4.083243,
def93c41f1733ca232755061103edd2623fd7ec39fb9d995b005d82d0e9ed15e,H0,"s0,s1,s2",43641,45684,46915,52633,44476,48786,44476,1.000000,
def93c41f1733ca232755061103edd2623fd7ec39fb9d995b005d82d0e9ed15e,H1,"s0,s1,s2",72915,79172,76613,81609,73527,81080,73527,0.605232,
def93c41f1733ca232755061103edd2623fd7ec39fb9d995b005d82d0e9ed15e,H2,"s0,s1,s2",39484,40170,39083,40011,39426,46844,39426,1.143879,
def93c41f1733ca232755061103edd2623fd7ec39fb9d995b005d82d0e9ed15e,H3,"s0,s1,s2",37232,38010,37336,49204,37128,42165,37232,1.208358,
def93c41f1733ca232755061103edd2623fd7ec39fb9d995b005d82d0e9ed15e,H4,"s0,s1,s2",79939,85981,79590,84775,80558,98158,79939,0.562171,
df3653bddca59e9295c25e92d246b4be2cc17efecc3d19511fdf3165c6ee5360,H0,"s0,s1,s2",21446,22144,21652,22611,22356,24453,21652,1.000000,
df3653bddca59e9295c25e92d246b4be2cc17efecc3d19511fdf3165c6ee5360,H1,"s0,s1,s2",33538,38634,33793,37697,33771,47449,33771,0.647307,
df3653bddca59e9295c25e92d246b4be2cc17efecc3d19511fdf3165c6ee5360,H2,"s0,s1,s2",8142,8578,8200,8732,8406,20279,8200,2.644649,
df3653bddca59e9295c25e92d246b4be2cc17efecc3d19511fdf3165c6ee5360,H3,"s0,s1,s2",6999,7654,7076,7647,8234,8689,7076,2.941719,
df3653bddca59e9295c25e92d246b4be2cc17efecc3d19511fdf3165c6ee5360,H4,"s0,s1,s2",4149,4430,3931,4314,4922,5447,4149,5.056889,
dffec48502f2116a822f56bebe3352afedc3e7da29661b772d06f600e975e67c,H0,"s0,s1,s2",25378,25811,22283,27040,22980,28108,22980,1.000000,
dffec48502f2116a822f56bebe3352afedc3e7da29661b772d06f600e975e67c,H1,"s0,s1,s2",36408,37532,33026,38274,33555,35782,33555,0.685473,
dffec48502f2116a822f56bebe3352afedc3e7da29661b772d06f600e975e67c,H2,"s0,s1,s2",9643,9977,8843,9115,8948,9512,8948,2.572850,
dffec48502f2116a822f56bebe3352afedc3e7da29661b772d06f600e975e67c,H3,"s0,s1,s2",8840,9404,8806,9100,7968,9264,8806,2.756768,
dffec48502f2116a822f56bebe3352afedc3e7da29661b772d06f600e975e67c,H4,"s0,s1,s2",5384,5563,5363,5541,4773,5056,5363,4.551546,
e085ec33bfbf9d19ba1eba4b57f144467e8adc566a2b901b3bc6e35c7c2e6294,H0,"s0,s1,s2",15983,16300,15930,17412,16579,16857,15983,1.000000,
e085ec33bfbf9d19ba1eba4b57f144467e8adc566a2b901b3bc6e35c7c2e6294,H1,"s0,s1,s2",26387,28571,26810,31463,29568,30676,26810,0.586554,
e085ec33bfbf9d19ba1eba4b57f144467e8adc566a2b901b3bc6e35c7c2e6294,H2,"s0,s1,s2",10733,14794,11461,11885,12159,12554,11461,1.413178,
e085ec33bfbf9d19ba1eba4b57f144467e8adc566a2b901b3bc6e35c7c2e6294,H3,"s0,s1,s2",11108,19877,10050,10963,11785,12132,11108,1.474915,
e085ec33bfbf9d19ba1eba4b57f144467e8adc566a2b901b3bc6e35c7c2e6294,H4,"s0,s1,s2",6078,9379,5765,6189,5518,5745,5765,2.794883,
e14135e852ac642a0ef48af0180732798427e21b4f49092e1beb05551dc3e546,H0,"s0,s1,s2",15274,15589,15357,31789,15580,15835,15357,1.000000,
e14135e852ac642a0ef48af0180732798427e21b4f49092e1beb05551dc3e546,H1,"s0,s1,s2",4410,4868,4409,4835,4509,4871,4410,3.467283,
e14135e852ac642a0ef48af0180732798427e21b4f49092e1beb05551dc3e546,H2,"s0,s1,s2",5861,6412,5831,6215,5760,6174,5831,2.647869,
e14135e852ac642a0ef48af0180732798427e21b4f49092e1beb05551dc3e546,H3,"s0,s1,s2",5900,17685,5657,6429,5430,5817,5657,2.721842,
e14135e852ac642a0ef48af0180732798427e21b4f49092e1beb05551dc3e546,H4,"s0,s1,s2",2745,3043,2895,3644,2733,3118,2745,5.520758,
e2481a67e3a6898bdc021d732c6879ebdd4fa170f59aba348b1760416fe552e0,H0,"s0,s1,s2",31306,36311,31321,36853,32555,32828,31321,1.000000,
e2481a67e3a6898bdc021d732c6879ebdd4fa170f59aba348b1760416fe552e0,H1,"s0,s1,s2",13359,23809,12601,13021,12542,12961,12601,2.472740,
e2481a67e3a6898bdc021d732c6879ebdd4fa170f59aba348b1760416fe552e0,H2,"s0,s1,s2",17454,29699,16372,16831,16383,16857,16383,1.896256,
e2481a67e3a6898bdc021d732c6879ebdd4fa170f59aba348b1760416fe552e0,H3,"s0,s1,s2",14345,19095,14265,14755,14187,14608,14265,2.223682,
e2481a67e3a6898bdc021d732c6879ebdd4fa170f59aba348b1760416fe552e0,H4,"s0,s1,s2",5636,6146,5692,6097,5856,6169,5692,5.538787,
e33d056486e9ad3e327a3b2e745761221b2d50ff860ba2024c6bb7b1514a539e,H0,"s0,s1,s2",21613,21869,23384,35266,22333,34389,22333,1.000000,
e33d056486e9ad3e327a3b2e745761221b2d50ff860ba2024c6bb7b1514a539e,H1,"s0,s1,s2",37478,63911,35378,35984,35641,37674,35641,0.620450,
e33d056486e9ad3e327a3b2e745761221b2d50ff860ba2024c6bb7b1514a539e,H2,"s0,s1,s2",14032,15054,13955,14884,13983,15156,13983,1.603407,
e33d056486e9ad3e327a3b2e745761221b2d50ff860ba2024c6bb7b1514a539e,H3,"s0,s1,s2",13796,14200,13701,14896,13738,15959,13738,1.631989,
e33d056486e9ad3e327a3b2e745761221b2d50ff860ba2024c6bb7b1514a539e,H4,"s0,s1,s2",8076,8425,8094,8464,8025,8317,8076,2.781370,
e35afeecd6c593f0e1d6bc9d348cdfe5988aa9b28e44f2f1e496df57f64ac65e,H0,"s0,s1,s2",24015,24514,24002,24551,24865,26467,24015,1.000000,
e35afeecd6c593f0e1d6bc9d348cdfe5988aa9b28e44f2f1e496df57f64ac65e,H1,"s0,s1,s2",33441,37007,33376,34054,33733,35328,33441,0.724742,
e35afeecd6c593f0e1d6bc9d348cdfe5988aa9b28e44f2f1e496df57f64ac65e,H2,"s0,s1,s2",9198,10013,9186,10709,9194,9469,9194,2.642397,
e35afeecd6c593f0e1d6bc9d348cdfe5988aa9b28e44f2f1e496df57f64ac65e,H3,"s0,s1,s2",7720,9048,7698,8980,7821,8631,7720,3.135838,
e35afeecd6c593f0e1d6bc9d348cdfe5988aa9b28e44f2f1e496df57f64ac65e,H4,"s0,s1,s2",3961,4271,4046,4666,4170,4493,4046,5.985732,
e3fa0aba7389e3ce36094559998df525d3eca3f91a17de6a407779eb041f20e2,H0,"s0,s1,s2",44049,44842,43576,44602,48806,70697,44049,1.000000,
e3fa0aba7389e3ce36094559998df525d3eca3f91a17de6a407779eb041f20e2,H1,"s0,s1,s2",74850,80167,70884,77741,72016,93091,72016,0.625887,
e3fa0aba7389e3ce36094559998df525d3eca3f91a17de6a407779eb041f20e2,H2,"s0,s1,s2",19863,25730,19431,20105,19686,27390,19686,2.310218,
e3fa0aba7389e3ce36094559998df525d3eca3f91a17de6a407779eb041f20e2,H3,"s0,s1,s2",18675,19494,18432,19048,18277,24054,18432,2.460214,
e3fa0aba7389e3ce36094559998df525d3eca3f91a17de6a407779eb041f20e2,H4,"s0,s1,s2",11043,11404,10928,11859,11043,14265,11043,4.127122,
e46709f6e4c8f8150c0a193e0f0185d0669b6736e15f7af0c4e989a1b4cdf0af,H0,"s0,s1,s2",12323,23902,11917,12321,12316,12739,12316,1.000000,
e46709f6e4c8f8150c0a193e0f0185d0669b6736e15f7af0c4e989a1b4cdf0af,H1,"s0,s1,s2",17036,17509,15589,16054,15985,17205,15985,0.752462,
e46709f6e4c8f8150c0a193e0f0185d0669b6736e15f7af0c4e989a1b4cdf0af,H2,"s0,s1,s2",6019,6196,5417,5826,5556,5848,5556,2.153290,
e46709f6e4c8f8150c0a193e0f0185d0669b6736e15f7af0c4e989a1b4cdf0af,H3,"s0,s1,s2",5461,5602,4837,4977,4983,5356,4983,2.395179,
e46709f6e4c8f8150c0a193e0f0185d0669b6736e15f7af0c4e989a1b4cdf0af,H4,"s0,s1,s2",2795,3021,2599,2796,2604,2909,2604,4.572721,
e52482b490ffa6f110fef0462767e13ec236040da0152277b8dc741b36946264,H0,"s0,s1,s2",47660,48922,51358,52398,52823,74783,51358,1.000000,
e52482b490ffa6f110fef0462767e13ec236040da0152277b8dc741b36946264,H1,"s0,s1,s2",73877,79638,77041,77621,80781,100810,77041,0.655161,
e52482b490ffa6f110fef0462767e13ec236040da0152277b8dc741b36946264,H2,"s0,s1,s2",23598,24302,24408,24807,25486,35571,24408,2.065184,
e52482b490ffa6f110fef0462767e13ec236040da0152277b8dc741b36946264,H3,"s0,s1,s2",22106,22555,22292,23179,23696,24567,22292,2.228864,
e52482b490ffa6f110fef0462767e13ec236040da0152277b8dc741b36946264,H4,"s0,s1,s2",13346,14046,13560,14104,14407,15484,13560,3.673953,
e56d62a77dba18eae80e137fa93b491150bc071d70c387c71ffeb7b1144e9ce9,H0,"s0,s1,s2",19244,19788,19775,23554,22528,23184,19775,1.000000,
e56d62a77dba18eae80e137fa93b491150bc071d70c387c71ffeb7b1144e9ce9,H1,"s0,s1,s2",5560,5841,5391,5581,5939,6242,5560,3.638248,
e56d62a77dba18eae80e137fa93b491150bc071d70c387c71ffeb7b1144e9ce9,H2,"s0,s1,s2",10874,11332,10929,11071,11924,12478,10929,1.822137,
e56d62a77dba18eae80e137fa93b491150bc071d70c387c71ffeb7b1144e9ce9,H3,"s0,s1,s2",8940,9195,8680,9083,9599,10020,8940,2.257791,
e56d62a77dba18eae80e137fa93b491150bc071d70c387c71ffeb7b1144e9ce9,H4,"s0,s1,s2",4448,4737,4585,4798,4633,6079,4585,4.493548,
e5feaf72a5564ee9e88ab2df002883d6f6afc96280e4b3ef6294d64d1167452f,H0,"s0,s1,s2",27033,31134,26954,30885,28205,29014,27033,1.000000,
e5feaf72a5564ee9e88ab2df002883d6f6afc96280e4b3ef6294d64d1167452f,H1,"s0,s1,s2",40060,44389,40117,41032,40757,46736,40117,0.679518,
e5feaf72a5564ee9e88ab2df002883d6f6afc96280e4b3ef6294d64d1167452f,H2,"s0,s1,s2",11906,12714,11913,12533,11933,22714,11913,2.298453,
e5feaf72a5564ee9e88ab2df002883d6f6afc96280e4b3ef6294d64d1167452f,H3,"s0,s1,s2",9391,9705,9429,9967,9512,10108,9429,2.900446,
e5feaf72a5564ee9e88ab2df002883d6f6afc96280e4b3ef6294d64d1167452f,H4,"s0,s1,s2",4920,5221,4998,5315,5095,5504,4998,5.474099,
e640032fcb4b41cabefdda40065e68885bee492b6898b5507867044f4955ac77,H0,"s0,s1,s2",26092,26921,26251,28844,27254,31808,26251,1.000000,
e640032fcb4b41cabefdda40065e68885bee492b6898b5507867044f4955ac77,H1,"s0,s1,s2",40939,41813,42756,55285,41396,45306,41396,0.636302,
e640032fcb4b41cabefdda40065e68885bee492b6898b5507867044f4955ac77,H2,"s0,s1,s2",12481,12794,12638,14269,13483,14445,12638,2.062797,
e640032fcb4b41cabefdda40065e68885bee492b6898b5507867044f4955ac77,H3,"s0,s1,s2",10307,10795,10489,20285,10326,11141,10326,2.557182,
e640032fcb4b41cabefdda40065e68885bee492b6898b5507867044f4955ac77,H4,"s0,s1,s2",5307,5673,5508,6216,5450,5822,5450,4.893444,
e650830d8dfdf9ba117cae8186a3a497fef863f83c0ac1b3c9c87ecd795d3fe4,H0,"s0,s1,s2",48495,54379,48833,55085,50082,61779,48833,1.000000,
e650830d8dfdf9ba117cae8186a3a497fef863f83c0ac1b3c9c87ecd795d3fe4,H1,"s0,s1,s2",79140,94644,78677,85246,79598,87546,79140,0.620843,
e650830d8dfdf9ba117cae8186a3a497fef863f83c0ac1b3c9c87ecd795d3fe4,H2,"s0,s1,s2",29842,54248,29264,30302,29422,34890,29422,1.665020,
e650830d8dfdf9ba117cae8186a3a497fef863f83c0ac1b3c9c87ecd795d3fe4,H3,"s0,s1,s2",28571,31937,28139,33428,28459,34651,28459,1.730664,
e650830d8dfdf9ba117cae8186a3a497fef863f83c0ac1b3c9c87ecd795d3fe4,H4,"s0,s1,s2",17423,17999,17422,18018,17703,19452,17423,2.805055,
e68cd754c3dac6c5c22c04510cdf4a6e94ab2156c9c8dee1092ac354741ac651,H0,"s0,s1,s2",42245,43281,46242,47039,42972,48755,42972,1.000000,
e68cd754c3dac6c5c22c04510cdf4a6e94ab2156c9c8dee1092ac354741ac651,H1,"s0,s1,s2",68533,73751,71897,77008,72024,88982,71897,0.618448,
e68cd754c3dac6c5c22c04510cdf4a6e94ab2156c9c8dee1092ac354741ac651,H2,"s0,s1,s2",16029,16470,15875,16366,16124,23510,16029,2.735068,
e68cd754c3dac6c5c22c04510cdf4a6e94ab2156c9c8dee1092ac354741ac651,H3,"s0,s1,s2",14157,14769,14125,14512,13985,18780,14125,3.107839,
e68cd754c3dac6c5c22c04510cdf4a6e94ab2156c9c8dee1092ac354741ac651,H4,"s0,s1,s2",8302,12829,8171,8626,8226,8466,8226,5.318432,
e9cac494e2a3b9d05dc05c8eeffb7d84337317220ec3075084bacbfb9ae3155f,H0,"s0,s1,s2",26669,27611,30479,31061,27726,31833,27726,1.000000,
e9cac494e2a3b9d05dc05c8eeffb7d84337317220ec3075084bacbfb9ae3155f,H1,"s0,s1,s2",45814,46351,41699,47146,42651,68746,42651,0.651549,
e9cac494e2a3b9d05dc05c8eeffb7d84337317220ec3075084bacbfb9ae3155f,H2,"s0,s1,s2",12614,12996,11669,11953,11769,17187,11769,2.351922,
e9cac494e2a3b9d05dc05c8eeffb7d84337317220ec3075084bacbfb9ae3155f,H3,"s0,s1,s2",10077,14808,9344,9585,9299,9838,9344,2.952556,
e9cac494e2a3b9d05dc05c8eeffb7d84337317220ec3075084bacbfb9ae3155f,H4,"s0,s1,s2",5143,5389,4941,5275,4746,5262,4941,5.717136,
ea21bb524195d67cb8bd7e44d83f9b06b41e4674b76beefe64e748dc9dcb09d5,H0,"s0,s1,s2",48258,50863,48095,54195,53980,59444,48258,1.000000,
ea21bb524195d67cb8bd7e44d83f9b06b41e4674b76beefe64e748dc9dcb09d5,H1,"s0,s1,s2",74509,81571,77933,79382,81787,88855,77933,0.641351,
ea21bb524195d67cb8bd7e44d83f9b06b41e4674b76beefe64e748dc9dcb09d5,H2,"s0,s1,s2",26957,27694,27795,28537,29061,34230,27795,1.791917,
ea21bb524195d67cb8bd7e44d83f9b06b41e4674b76beefe64e748dc9dcb09d5,H3,"s0,s1,s2",25994,27102,25818,26868,28444,29743,25994,1.872285,
ea21bb524195d67cb8bd7e44d83f9b06b41e4674b76beefe64e748dc9dcb09d5,H4,"s0,s1,s2",15346,16400,16132,16900,16289,17662,16132,3.143702,
eaada7a97bf42c495f0e4a30c807aab4230e1c800c17df3e814742137b46ac65,H0,"s0,s1,s2",24216,28263,24176,24755,25088,26512,24216,1.000000,
eaada7a97bf42c495f0e4a30c807aab4230e1c800c17df3e814742137b46ac65,H1,"s0,s1,s2",33470,34458,33434,38960,33720,38288,33470,0.730142,
eaada7a97bf42c495f0e4a30c807aab4230e1c800c17df3e814742137b46ac65,H2,"s0,s1,s2",9483,9806,9564,13855,9747,21679,9564,2.551715,
eaada7a97bf42c495f0e4a30c807aab4230e1c800c17df3e814742137b46ac65,H3,"s0,s1,s2",8191,8652,7988,8199,8333,8712,8191,2.997728,
eaada7a97bf42c495f0e4a30c807aab4230e1c800c17df3e814742137b46ac65,H4,"s0,s1,s2",4190,4447,4413,4668,4409,4848,4409,5.647917,
ecdec5e939c073acfbc351d68258389a216c2463007458b61e13705fe5f37f2e,H0,"s0,s1,s2",24108,24721,24147,24456,24945,37457,24147,1.000000,
ecdec5e939c073acfbc351d68258389a216c2463007458b61e13705fe5f37f2e,H1,"s0,s1,s2",33946,34654,36775,37594,34097,35930,34097,0.698742,
ecdec5e939c073acfbc351d68258389a216c2463007458b61e13705fe5f37f2e,H2,"s0,s1,s2",9668,9901,10704,11016,9741,10057,9741,2.433178,
ecdec5e939c073acfbc351d68258389a216c2463007458b61e13705fe5f37f2e,H3,"s0,s1,s2",8229,8757,9239,9417,8267,8963,8267,2.848149,
ecdec5e939c073acfbc351d68258389a216c2463007458b61e13705fe5f37f2e,H4,"s0,s1,s2",4206,4588,5034,5262,4403,4689,4403,5.380536,
ed06094607cb4185d6f5db2ecf7d05957677881858b80727b1800d83b894e324,H0,"s0,s1,s2",53545,58074,53229,57128,54290,65965,53545,1.000000,
ed06094607cb4185d6f5db2ecf7d05957677881858b80727b1800d83b894e324,H1,"s0,s1,s2",9925,10425,9879,10552,10454,18393,9925,5.324600,
ed06094607cb4185d6f5db2ecf7d05957677881858b80727b1800d83b894e324,H2,"s0,s1,s2",16000,16473,16096,16721,16286,25131,16096,3.328983,
ed06094607cb4185d6f5db2ecf7d05957677881858b80727b1800d83b894e324,H3,"s0,s1,s2",15830,16807,15783,19699,16048,18240,15830,3.379340,
ed06094607cb4185d6f5db2ecf7d05957677881858b80727b1800d83b894e324,H4,"s0,s1,s2",10480,11088,10409,10805,11277,19490,10480,5.010423,
eea2d13af08d21f480e48d99d66b662ea0ade4cab0824f11b9d295994355b76b,H0,"s0,s1,s2",6183,6375,6299,6472,6442,6840,6299,1.000000,
eea2d13af08d21f480e48d99d66b662ea0ade4cab0824f11b9d295994355b76b,H1,"s0,s1,s2",9159,9579,9264,9482,9341,9992,9264,0.681528,
eea2d13af08d21f480e48d99d66b662ea0ade4cab0824f11b9d295994355b76b,H2,"s0,s1,s2",13252,13709,13202,13476,13214,20249,13214,0.476993,
eea2d13af08d21f480e48d99d66b662ea0ade4cab0824f11b9d295994355b76b,H3,"s0,s1,s2",11028,11660,10898,11184,11154,15701,11028,0.572013,
eea2d13af08d21f480e48d99d66b662ea0ade4cab0824f11b9d295994355b76b,H4,"s0,s1,s2",7456,7580,7512,7737,7459,7613,7459,0.843691,
efa53e1dd58dda0beb91a1de8b32601841c003215d06acf68ccdfd32ebae72b2,H0,"s0,s1,s2",35998,46317,32552,33158,34210,37952,34210,1.000000,
efa53e1dd58dda0beb91a1de8b32601841c003215d06acf68ccdfd32ebae72b2,H1,"s0,s1,s2",17558,25494,16161,16802,16371,17156,16371,2.051147,
efa53e1dd58dda0beb91a1de8b32601841c003215d06acf68ccdfd32ebae72b2,H2,"s0,s1,s2",17913,27874,16521,17361,16600,17281,16600,2.013255,
efa53e1dd58dda0beb91a1de8b32601841c003215d06acf68ccdfd32ebae72b2,H3,"s0,s1,s2",14653,26130,14145,14646,14389,15191,14389,2.377660,
efa53e1dd58dda0beb91a1de8b32601841c003215d06acf68ccdfd32ebae72b2,H4,"s0,s1,s2",6761,7369,6713,7021,6844,7254,6761,5.053480,
f0169860a0c6b378bb91f1a12cd5e204c6dc5b560ca705883adea0ddaa96eb3b,H0,"s0,s1,s2",21915,22277,22072,22571,24539,34122,22072,1.000000,
f0169860a0c6b378bb91f1a12cd5e204c6dc5b560ca705883adea0ddaa96eb3b,H1,"s0,s1,s2",33816,34698,33944,34803,36660,47662,33944,0.655824,
f0169860a0c6b378bb91f1a12cd5e204c6dc5b560ca705883adea0ddaa96eb3b,H2,"s0,s1,s2",8375,8829,8264,8524,9018,14490,8375,2.669223,
f0169860a0c6b378bb91f1a12cd5e204c6dc5b560ca705883adea0ddaa96eb3b,H3,"s0,s1,s2",7324,8149,7185,7537,7853,11612,7324,3.062502,
f0169860a0c6b378bb91f1a12cd5e204c6dc5b560ca705883adea0ddaa96eb3b,H4,"s0,s1,s2",3992,4184,4112,4405,4413,4931,4112,5.472102,
f04d74d299bbbd0534aece43e862eb7221ca297f507f3c33be935acf5c5b2a69,H0,"s0,s1,s2",41793,43820,42169,46628,42819,44944,42169,1.000000,
f04d74d299bbbd0534aece43e862eb7221ca297f507f3c33be935acf5c5b2a69,H1,"s0,s1,s2",67882,69507,68040,93994,68145,73074,68040,0.621241,
f04d74d299bbbd0534aece43e862eb7221ca297f507f3c33be935acf5c5b2a69,H2,"s0,s1,s2",18850,19407,19095,51265,18836,19338,18850,2.232739,
f04d74d299bbbd0534aece43e862eb7221ca297f507f3c33be935acf5c5b2a69,H3,"s0,s1,s2",18379,18960,18350,20332,18396,19046,18379,2.299768,
f04d74d299bbbd0534aece43e862eb7221ca297f507f3c33be935acf5c5b2a69,H4,"s0,s1,s2",10277,10679,10373,11346,10975,11773,10373,4.010385,
f0831dd6b564b80e4230d3b4f546ff93b7c65d37018a3b627385ef6a6b90d282,H0,"s0,s1,s2",16266,20605,16319,20156,16757,20961,16319,1.000000,
f0831dd6b564b80e4230d3b4f546ff93b7c65d37018a3b627385ef6a6b90d282,H1,"s0,s1,s2",25819,26679,26103,26885,26541,28080,26103,0.628841,
f0831dd6b564b80e4230d3b4f546ff93b7c65d37018a3b627385ef6a6b90d282,H2,"s0,s1,s2",26212,40287,26270,27113,26468,28164,26270,0.624928,
f0831dd6b564b80e4230d3b4f546ff93b7c65d37018a3b627385ef6a6b90d282,H3,"s0,s1,s2",25885,26758,25832,27084,25911,27969,25885,0.635565,
f0831dd6b564b80e4230d3b4f546ff93b7c65d37018a3b627385ef6a6b90d282,H4,"s0,s1,s2",26059,27791,26235,27206,26095,27985,26095,0.629397,
f0d5cc7a6c9b30f6f232856b70010a25dadae1686c1f0a146a179f2209d24641,H0,"s0,s1,s2",44784,64139,44095,63468,44861,45552,44784,1.000000,
f0d5cc7a6c9b30f6f232856b70010a25dadae1686c1f0a146a179f2209d24641,H1,"s0,s1,s2",72293,83465,75219,94457,69090,74150,72293,0.617799,
f0d5cc7a6c9b30f6f232856b70010a25dadae1686c1f0a146a179f2209d24641,H2,"s0,s1,s2",19627,36843,18440,22850,18909,19713,18909,2.348006,
f0d5cc7a6c9b30f6f232856b70010a25dadae1686c1f0a146a179f2209d24641,H3,"s0,s1,s2",17000,18671,16507,17809,17182,17601,17000,2.638741,
f0d5cc7a6c9b30f6f232856b70010a25dadae1686c1f0a146a179f2209d24641,H4,"s0,s1,s2",10264,10774,9916,10853,10049,10314,10049,4.424543,
f1fcb363f1117d7452505ae334f87fe70b6acee470a6f796c6441aabda4db061,H0,"s0,s1,s2",17160,27396,16625,17264,16351,16714,16625,1.000000,
f1fcb363f1117d7452505ae334f87fe70b6acee470a6f796c6441aabda4db061,H1,"s0,s1,s2",26154,39026,27197,28021,26378,27304,26378,0.628793,
f1fcb363f1117d7452505ae334f87fe70b6acee470a6f796c6441aabda4db061,H2,"s0,s1,s2",10047,10474,10000,21428,9992,10776,10000,1.668700,
f1fcb363f1117d7452505ae334f87fe70b6acee470a6f796c6441aabda4db061,H3,"s0,s1,s2",9022,9555,8840,9791,9010,9454,9010,1.865439,
f1fcb363f1117d7452505ae334f87fe70b6acee470a6f796c6441aabda4db061,H4,"s0,s1,s2",5238,6425,5229,6220,5130,5396,5229,3.213961,
f2a00553931d7e619d072d03abfb651dca5066cb32356f2d8aa4b45588138914,H0,"s0,s1,s2",11930,12322,13401,13783,12295,13074,12295,1.000000,
f2a00553931d7e619d072d03abfb651dca5066cb32356f2d8aa4b45588138914,H1,"s0,s1,s2",15431,15893,17441,17870,15761,16253,15761,0.773842,
f2a00553931d7e619d072d03abfb651dca5066cb32356f2d8aa4b45588138914,H2,"s0,s1,s2",6049,6157,6020,6200,5942,6849,6020,2.086561,
f2a00553931d7e619d072d03abfb651dca5066cb32356f2d8aa4b45588138914,H3,"s0,s1,s2",5675,9727,5427,5992,5530,5694,5530,2.259879,
f2a00553931d7e619d072d03abfb651dca5066cb32356f2d8aa4b45588138914,H4,"s0,s1,s2",2958,3211,2951,3224,2958,3239,2958,4.238188,
f35697d63e9e81b6db079b5f049375cde501fba71cac49b2e7e0655d6820b828,H0,"s0,s1,s2",19195,19908,19282,20142,20497,21457,19282,1.000000,
f35697d63e9e81b6db079b5f049375cde501fba71cac49b2e7e0655d6820b828,H1,"s0,s1,s2",29362,29902,29301,31213,29666,31991,29362,0.667372,
f35697d63e9e81b6db079b5f049375cde501fba71cac49b2e7e0655d6820b828,H2,"s0,s1,s2",10624,15238,10524,10781,10575,10740,10575,1.858205,
f35697d63e9e81b6db079b5f049375cde501fba71cac49b2e7e0655d6820b828,H3,"s0,s1,s2",8508,9041,8488,8719,8625,13690,8508,2.300803,
f35697d63e9e81b6db079b5f049375cde501fba71cac49b2e7e0655d6820b828,H4,"s0,s1,s2",4462,4767,4315,5125,4377,5258,4377,4.481752,
f42d70c0faaec9d7d28fe545cd6be15a1093f3f326a3404b5900c7a6228a1bc1,H0,"s0,s1,s2",17671,29299,17476,18199,18774,19765,17671,1.000000,
f42d70c0faaec9d7d28fe545cd6be15a1093f3f326a3404b5900c7a6228a1bc1,H1,"s0,s1,s2",32478,33080,32595,33772,32910,37043,32595,0.550044,
f42d70c0faaec9d7d28fe545cd6be15a1093f3f326a3404b5900c7a6228a1bc1,H2,"s0,s1,s2",13234,13804,13062,13696,13308,13918,13234,1.360866,
f42d70c0faaec9d7d28fe545cd6be15a1093f3f326a3404b5900c7a6228a1bc1,H3,"s0,s1,s2",12534,24129,11394,11850,11622,18567,11622,1.517299,
f42d70c0faaec9d7d28fe545cd6be15a1093f3f326a3404b5900c7a6228a1bc1,H4,"s0,s1,s2",5655,7797,5412,6117,5581,5913,5581,3.237819,
f4c37ff99f209df6496dfe5b3ea465531421dddd2d74ebb719ccf370b4030bd4,H0,"s0,s1,s2",58331,59214,57968,64733,59962,79992,58331,1.000000,
f4c37ff99f209df6496dfe5b3ea465531421dddd2d74ebb719ccf370b4030bd4,H1,"s0,s1,s2",25398,26541,25649,26410,25632,32276,25632,2.298461,
f4c37ff99f209df6496dfe5b3ea465531421dddd2d74ebb719ccf370b4030bd4,H2,"s0,s1,s2",19483,24089,19459,21201,19744,20856,19483,3.003199,
f4c37ff99f209df6496dfe5b3ea465531421dddd2d74ebb719ccf370b4030bd4,H3,"s0,s1,s2",17592,18248,17625,18247,17625,28393,17625,3.335263,
f4c37ff99f209df6496dfe5b3ea465531421dddd2d74ebb719ccf370b4030bd4,H4,"s0,s1,s2",12033,12874,12006,12561,12257,13255,12033,4.855893,
f5f292a1f9a76c68c51cdedc2639a84f1be63cd22f557203a9363e0fd00d0913,H0,"s0,s1,s2",16037,16358,16082,20994,16523,16832,16082,1.000000,
f5f292a1f9a76c68c51cdedc2639a84f1be63cd22f557203a9363e0fd00d0913,H1,"s0,s1,s2",25762,26351,25898,28014,25908,26504,25898,0.627034,
f5f292a1f9a76c68c51cdedc2639a84f1be63cd22f557203a9363e0fd00d0913,H2,"s0,s1,s2",9025,9579,9065,9890,9137,9682,9065,1.786396,
f5f292a1f9a76c68c51cdedc2639a84f1be63cd22f557203a9363e0fd00d0913,H3,"s0,s1,s2",8446,9191,8409,8908,8452,8763,8446,1.921907,
f5f292a1f9a76c68c51cdedc2639a84f1be63cd22f557203a9363e0fd00d0913,H4,"s0,s1,s2",4552,5063,4603,5190,4499,4884,4552,3.562304,
f61bfc495b6b4fb15fa7c8e4b239846ad8b1bdd28eed516ad6b3fd70ba992869,H0,"s0,s1,s2",18749,19160,18779,18966,19910,21104,18779,1.000000,
f61bfc495b6b4fb15fa7c8e4b239846ad8b1bdd28eed516ad6b3fd70ba992869,H1,"s0,s1,s2",10673,11087,10738,11084,10591,11380,10673,1.794148,
f61bfc495b6b4fb15fa7c8e4b239846ad8b1bdd28eed516ad6b3fd70ba992869,H2,"s0,s1,s2",14401,14826,14251,14874,14310,15226,14310,1.336436,
f61bfc495b6b4fb15fa7c8e4b239846ad8b1bdd28eed516ad6b3fd70ba992869,H3,"s0,s1,s2",12087,12535,12028,13044,11880,12782,12028,1.595136,
f61bfc495b6b4fb15fa7c8e4b239846ad8b1bdd28eed516ad6b3fd70ba992869,H4,"s0,s1,s2",6994,7401,7142,8703,7255,7917,7142,2.684394,
f6b7ad8fdd3ca0cc04fc726f7145dec7a841e96ec70a46b83ac199e0ae171bca,H0,"s0,s1,s2",41976,42824,41741,44393,48474,49336,41976,1.000000,
f6b7ad8fdd3ca0cc04fc726f7145dec7a841e96ec70a46b83ac199e0ae171bca,H1,"s0,s1,s2",74030,85410,68923,76325,72797,77893,72797,0.611499,
f6b7ad8fdd3ca0cc04fc726f7145dec7a841e96ec70a46b83ac199e0ae171bca,H2,"s0,s1,s2",19699,32022,18610,19721,19495,19969,19495,2.282021,
f6b7ad8fdd3ca0cc04fc726f7145dec7a841e96ec70a46b83ac199e0ae171bca,H3,"s0,s1,s2",18751,29977,18173,35936,19019,19528,18751,2.357643,
f6b7ad8fdd3ca0cc04fc726f7145dec7a841e96ec70a46b83ac199e0ae171bca,H4,"s0,s1,s2",10734,11465,10471,11753,10957,11774,10734,4.100881,
f7cd16240695e8403d969ea60241e214bf24a935c1f3784e1b6151ee17dc2754,H0,"s0,s1,s2",15743,16087,15539,21902,16688,28204,15743,1.000000,
f7cd16240695e8403d969ea60241e214bf24a935c1f3784e1b6151ee17dc2754,H1,"s0,s1,s2",27969,29144,27920,28493,28422,33518,27969,0.568708,
f7cd16240695e8403d969ea60241e214bf24a935c1f3784e1b6151ee17dc2754,H2,"s0,s1,s2",12116,12635,12029,12479,12247,12805,12116,1.317545,
f7cd16240695e8403d969ea60241e214bf24a935c1f3784e1b6151ee17dc2754,H3,"s0,s1,s2",10428,11410,10182,10796,10309,11121,10309,1.550796,
f7cd16240695e8403d969ea60241e214bf24a935c1f3784e1b6151ee17dc2754,H4,"s0,s1,s2",5122,5709,5112,5338,5213,5563,5122,3.104075,
f8fec1d2fddf3830f2f6c9049be9a50487418fe217e6a872dc38727c29aa9b15,H0,"s0,s1,s2",16389,17288,16287,16704,16898,17704,16389,1.000000,
f8fec1d2fddf3830f2f6c9049be9a50487418fe217e6a872dc38727c29aa9b15,H1,"s0,s1,s2",26698,27627,26916,27587,27198,28622,26916,0.613386,
f8fec1d2fddf3830f2f6c9049be9a50487418fe217e6a872dc38727c29aa9b15,H2,"s0,s1,s2",11088,17066,10940,11715,10941,12057,10941,1.503490,
f8fec1d2fddf3830f2f6c9049be9a50487418fe217e6a872dc38727c29aa9b15,H3,"s0,s1,s2",9902,10714,9958,14823,9976,10648,9958,1.661342,
f8fec1d2fddf3830f2f6c9049be9a50487418fe217e6a872dc38727c29aa9b15,H4,"s0,s1,s2",5457,5811,5504,5980,5475,5840,5475,3.015811,
f94643fb6b680558517d775cc28fd2a02d3bf654111425b839bbf95a08d7f29f,H0,"s0,s1,s2",31079,31594,30927,31247,32620,34642,31079,1.000000,
f94643fb6b680558517d775cc28fd2a02d3bf654111425b839bbf95a08d7f29f,H1,"s0,s1,s2",13955,14613,13216,13695,13146,13806,13216,2.347227,
f94643fb6b680558517d775cc28fd2a02d3bf654111425b839bbf95a08d7f29f,H2,"s0,s1,s2",16732,17131,15714,20159,15800,16679,15800,1.961548,
f94643fb6b680558517d775cc28fd2a02d3bf654111425b839bbf95a08d7f29f,H3,"s0,s1,s2",12889,13268,12632,13039,13076,13833,12889,2.451174,
f94643fb6b680558517d775cc28fd2a02d3bf654111425b839bbf95a08d7f29f,H4,"s0,s1,s2",5588,5845,5579,5777,5858,6496,5588,5.557876,
f9d9853e5d1a86bd3f5789e51df999bcd31b2ca5d74e70a72c4b106ba06725a7,H0,"s0,s1,s2",16448,16867,16465,16936,16992,18007,16465,1.000000,
f9d9853e5d1a86bd3f5789e51df999bcd31b2ca5d74e70a72c4b106ba06725a7,H1,"s0,s1,s2",27032,32424,26722,31289,27167,29109,27032,0.616657,
f9d9853e5d1a86bd3f5789e51df999bcd31b2ca5d74e70a72c4b106ba06725a7,H2,"s0,s1,s2",15006,15446,14983,16589,15017,16360,15006,1.108726,
f9d9853e5d1a86bd3f5789e51df999bcd31b2ca5d74e70a72c4b106ba06725a7,H3,"s0,s1,s2",14871,15525,14930,15491,15096,16511,14930,1.111439,
f9d9853e5d1a86bd3f5789e51df999bcd31b2ca5d74e70a72c4b106ba06725a7,H4,"s0,s1,s2",7921,8352,7989,8319,7972,8608,7972,2.089424,
f9e1f690f48c3253326fce967a3f7d87361266afd3942d96d5d78dd2b3c25ad4,H0,"s0,s1,s2",21141,21625,21290,25883,21771,23369,21290,1.000000,
f9e1f690f48c3253326fce967a3f7d87361266afd3942d96d5d78dd2b3c25ad4,H1,"s0,s1,s2",35729,36514,35926,36618,36436,42127,35926,0.593936,
f9e1f690f48c3253326fce967a3f7d87361266afd3942d96d5d78dd2b3c25ad4,H2,"s0,s1,s2",12017,12568,12078,12542,12023,13124,12023,1.777427,
f9e1f690f48c3253326fce967a3f7d87361266afd3942d96d5d78dd2b3c25ad4,H3,"s0,s1,s2",11281,11716,11320,12003,11540,12233,11320,1.880442,
f9e1f690f48c3253326fce967a3f7d87361266afd3942d96d5d78dd2b3c25ad4,H4,"s0,s1,s2",8138,8545,8226,8419,8097,8619,8138,2.624519,
f9f9788384837350748b55e9fdf2f0827975bb37f45b75ffab7fa0ff4e86486b,H0,"s0,s1,s2",24065,24338,24034,24595,26245,27433,24065,1.000000,
f9f9788384837350748b55e9fdf2f0827975bb37f45b75ffab7fa0ff4e86486b,H1,"s0,s1,s2",34134,35102,34141,34615,38020,48844,34141,0.699725,
f9f9788384837350748b55e9fdf2f0827975bb37f45b75ffab7fa0ff4e86486b,H2,"s0,s1,s2",10422,10776,10373,11059,11079,11776,10422,2.331493,
f9f9788384837350748b55e9fdf2f0827975bb37f45b75ffab7fa0ff4e86486b,H3,"s0,s1,s2",9584,9955,9366,9896,10297,15164,9584,2.541844,
f9f9788384837350748b55e9fdf2f0827975bb37f45b75ffab7fa0ff4e86486b,H4,"s0,s1,s2",5404,5639,5514,5998,5722,6230,5514,4.465220,
fbf54e62646d4a938dfe09bfa1e7afb91cb32873f150d37c68bcb9e6b1187127,H0,"s0,s1,s2",52312,56582,51452,53492,49972,62955,51452,1.000000,
fbf54e62646d4a938dfe09bfa1e7afb91cb32873f150d37c68bcb9e6b1187127,H1,"s0,s1,s2",78532,79109,77771,78806,75461,87844,77771,0.663307,
fbf54e62646d4a938dfe09bfa1e7afb91cb32873f150d37c68bcb9e6b1187127,H2,"s0,s1,s2",28062,28571,27089,27827,27083,34756,27089,1.869422,
fbf54e62646d4a938dfe09bfa1e7afb91cb32873f150d37c68bcb9e6b1187127,H3,"s0,s1,s2",26750,37382,25608,26212,25775,26911,25775,1.967633,
fbf54e62646d4a938dfe09bfa1e7afb91cb32873f150d37c68bcb9e6b1187127,H4,"s0,s1,s2",15852,28212,15845,20113,16393,27999,15852,3.196675,
fdf78a5668533a2b09c7c6e670e8f260bc76ada0943d921ec6078a76363c562e,H0,"s0,s1,s2",60944,81967,57586,63069,59414,71061,59414,1.000000,
fdf78a5668533a2b09c7c6e670e8f260bc76ada0943d921ec6078a76363c562e,H1,"s0,s1,s2",94601,118149,95052,101051,96850,147249,95052,0.620955,
fdf78a5668533a2b09c7c6e670e8f260bc76ada0943d921ec6078a76363c562e,H2,"s0,s1,s2",15583,16789,15568,16066,15791,16224,15583,3.789783,
fdf78a5668533a2b09c7c6e670e8f260bc76ada0943d921ec6078a76363c562e,H3,"s0,s1,s2",13650,14303,13686,14335,13809,14341,13686,4.323695,
fdf78a5668533a2b09c7c6e670e8f260bc76ada0943d921ec6078a76363c562e,H4,"s0,s1,s2",8315,8854,8330,8609,8505,8993,8330,7.073782,
fe26ea0f547ee5341ee2a774c4626d40cff403f978f0eecd4885426a95dd9e4f,H0,"s0,s1,s2",19829,24136,17439,19918,19247,31913,19247,1.000000,
fe26ea0f547ee5341ee2a774c4626d40cff403f978f0eecd4885426a95dd9e4f,H1,"s0,s1,s2",34186,36211,31746,33264,32181,44865,32181,0.575461,
fe26ea0f547ee5341ee2a774c4626d40cff403f978f0eecd4885426a95dd9e4f,H2,"s0,s1,s2",13082,13801,11793,12385,12063,12491,12063,1.529246,
fe26ea0f547ee5341ee2a774c4626d40cff403f978f0eecd4885426a95dd9e4f,H3,"s0,s1,s2",11512,12672,10161,12255,10278,11692,10278,1.769008,
fe26ea0f547ee5341ee2a774c4626d40cff403f978f0eecd4885426a95dd9e4f,H4,"s0,s1,s2",5498,5734,4994,5258,5101,5405,5101,3.622088,
fea305d72dbbeee48fdea65ea9893a4889602407d2c96d9baf476141ba785ac3,H0,"s0,s1,s2",42881,47236,43108,43951,44252,48894,43108,1.000000,
fea305d72dbbeee48fdea65ea9893a4889602407d2c96d9baf476141ba785ac3,H1,"s0,s1,s2",69097,91027,68913,74194,69255,75521,69097,0.628321,
fea305d72dbbeee48fdea65ea9893a4889602407d2c96d9baf476141ba785ac3,H2,"s0,s1,s2",60031,65585,60544,62200,60284,69625,60284,0.720060,
fea305d72dbbeee48fdea65ea9893a4889602407d2c96d9baf476141ba785ac3,H3,"s0,s1,s2",59884,73483,60774,66744,59958,73223,59958,0.721041,
fea305d72dbbeee48fdea65ea9893a4889602407d2c96d9baf476141ba785ac3,H4,"s0,s1,s2",69315,96391,69070,74500,69694,83720,69315,0.625866,
ff3e4698ee092736a6520cc9f85bfd5e49a7552f008673c7abaad578d7054728,H0,"s0,s1,s2",19918,35241,18626,19232,19833,20292,19833,1.000000,
ff3e4698ee092736a6520cc9f85bfd5e49a7552f008673c7abaad578d7054728,H1,"s0,s1,s2",30731,42018,30779,31468,31189,31915,30779,0.629468,
ff3e4698ee092736a6520cc9f85bfd5e49a7552f008673c7abaad578d7054728,H2,"s0,s1,s2",10204,10693,10085,10573,10327,10841,10204,1.905948,
ff3e4698ee092736a6520cc9f85bfd5e49a7552f008673c7abaad578d7054728,H3,"s0,s1,s2",9132,17637,8342,8654,8645,8807,8645,2.235549,
ff3e4698ee092736a6520cc9f85bfd5e49a7552f008673c7abaad578d7054728,H4,"s0,s1,s2",4764,10335,4411,4622,4462,4774,4462,4.281262,
