surface,case_id,horse,prepare_p50_ns,prepare_p95_ns,native_p50_ns,native_p95_ns,total_p50_ns,total_p95_ns,unstable,payload_id,project,file,trace_id,trace_kind,step,phase,edit_family,position_requested,position_actual_fraction,operation_variant,pre_bytes,logical_edited_bytes,edit_start,edit_end,inserted_bytes,file_bytes,block_count,largest_block_bytes,max_container_depth,reference_definition_count,reference_use_count,fenced_code_content_bytes,code_occupancy,fence_density_per_kib,reference_density_per_kib
clean_state,02820e239967c59a597ea5eed1392bc8754e1c5965b91983227aecc95581a013,H1,,,5783,6534,5783,6534,false,full-read:openmlsys/files/v1/zh_chapters/chapter_accelerator/index.md,openmlsys,openmlsys/files/v1/zh_chapters/chapter_accelerator/index.md,,,,,FULL_READ,,,full_parse,979,,,,,979,8,537,2,0,0,117,0.119510,1.045965,0
clean_state,02820e239967c59a597ea5eed1392bc8754e1c5965b91983227aecc95581a013,H2,,,5191,5801,5191,5801,false,full-read:openmlsys/files/v1/zh_chapters/chapter_accelerator/index.md,openmlsys,openmlsys/files/v1/zh_chapters/chapter_accelerator/index.md,,,,,FULL_READ,,,full_parse,979,,,,,979,8,537,2,0,0,117,0.119510,1.045965,0
clean_state,02820e239967c59a597ea5eed1392bc8754e1c5965b91983227aecc95581a013,H0,,,4322,5202,4322,5202,false,full-read:openmlsys/files/v1/zh_chapters/chapter_accelerator/index.md,openmlsys,openmlsys/files/v1/zh_chapters/chapter_accelerator/index.md,,,,,FULL_READ,,,full_parse,979,,,,,979,8,537,2,0,0,117,0.119510,1.045965,0
clean_state,02820e239967c59a597ea5eed1392bc8754e1c5965b91983227aecc95581a013,H3,,,5187,5911,5187,5911,false,full-read:openmlsys/files/v1/zh_chapters/chapter_accelerator/index.md,openmlsys,openmlsys/files/v1/zh_chapters/chapter_accelerator/index.md,,,,,FULL_READ,,,full_parse,979,,,,,979,8,537,2,0,0,117,0.119510,1.045965,0
clean_state,02820e239967c59a597ea5eed1392bc8754e1c5965b91983227aecc95581a013,H4,,,5590,6396,5590,6396,false,full-read:openmlsys/files/v1/zh_chapters/chapter_accelerator/index.md,openmlsys,openmlsys/files/v1/zh_chapters/chapter_accelerator/index.md,,,,,FULL_READ,,,full_parse,979,,,,,979,8,537,2,0,0,117,0.119510,1.045965,0
clean_state,080879eaa8dc782753861e308f75faa2737d566753e4c791cacdc3a11e399df6,H1,,,27003,37652,27003,37652,false,full-read:opentelemetry-spec/files/specification/library-layout.md,opentelemetry-spec,opentelemetry-spec/files/specification/library-layout.md,,,,,FULL_READ,,,full_parse,2944,,,,,2944,40,330,2,0,0,367,0.124660,0.695652,0
clean_state,080879eaa8dc782753861e308f75faa2737d566753e4c791cacdc3a11e399df6,H2,,,23952,36512,23952,36512,false,full-read:opentelemetry-spec/files/specification/library-layout.md,opentelemetry-spec,opentelemetry-spec/files/specification/library-layout.md,,,,,FULL_READ,,,full_parse,2944,,,,,2944,40,330,2,0,0,367,0.124660,0.695652,0
clean_state,080879eaa8dc782753861e308f75faa2737d566753e4c791cacdc3a11e399df6,H0,,,18784,20514,18784,20514,false,full-read:opentelemetry-spec/files/specification/library-layout.md,opentelemetry-spec,opentelemetry-spec/files/specification/library-layout.md,,,,,FULL_READ,,,full_parse,2944,,,,,2944,40,330,2,0,0,367,0.124660,0.695652,0
clean_state,080879eaa8dc782753861e308f75faa2737d566753e4c791cacdc3a11e399df6,H3,,,24711,35908,24711,35908,false,full-read:opentelemetry-spec/files/specification/library-layout.md,opentelemetry-spec,opentelemetry-spec/files/specification/library-layout.md,,,,,FULL_READ,,,full_parse,2944,,,,,2944,40,330,2,0,0,367,0.124660,0.695652,0
clean_state,080879eaa8dc782753861e308f75faa2737d566753e4c791cacdc3a11e399df6,H4,,,24429,36526,24429,36526,false,full-read:opentelemetry-spec/files/specification/library-layout.md,opentelemetry-spec,opentelemetry-spec/files/specification/library-layout.md,,,,,FULL_READ,,,full_parse,2944,,,,,2944,40,330,2,0,0,367,0.124660,0.695652,0
clean_state,21484c1f54cc26eafc9d66024b22bbe60d951187e2b1bb0dd494b9d92df06147,H1,,,32757,34987,32757,34987,false,full-read:oci-image/files/implementations.md,oci-image,oci-image/files/implementations.md,,,,,FULL_READ,,,full_parse,2421,,,,,2421,28,249,4,0,0,0,0,0,0
clean_state,21484c1f54cc26eafc9d66024b22bbe60d951187e2b1bb0dd494b9d92df06147,H2,,,32510,44159,32510,44159,false,full-read:oci-image/files/implementations.md,oci-image,oci-image/files/implementations.md,,,,,FULL_READ,,,full_parse,2421,,,,,2421,28,249,4,0,0,0,0,0,0
clean_state,21484c1f54cc26eafc9d66024b22bbe60d951187e2b1bb0dd494b9d92df06147,H0,,,23842,35457,23842,35457,false,full-read:oci-image/files/implementations.md,oci-image,oci-image/files/implementations.md,,,,,FULL_READ,,,full_parse,2421,,,,,2421,28,249,4,0,0,0,0,0,0
clean_state,21484c1f54cc26eafc9d66024b22bbe60d951187e2b1bb0dd494b9d92df06147,H3,,,31837,42911,31837,42911,false,full-read:oci-image/files/implementations.md,oci-image,oci-image/files/implementations.md,,,,,FULL_READ,,,full_parse,2421,,,,,2421,28,249,4,0,0,0,0,0,0
clean_state,21484c1f54cc26eafc9d66024b22bbe60d951187e2b1bb0dd494b9d92df06147,H4,,,32160,35641,32160,35641,false,full-read:oci-image/files/implementations.md,oci-image,oci-image/files/implementations.md,,,,,FULL_READ,,,full_parse,2421,,,,,2421,28,249,4,0,0,0,0,0,0
clean_state,2f225eb2e1aa77104e2e5b1ab0993f545fb5b7e5e35f2e33e8fea5a48f3adb1d,H1,,,487,713,487,713,false,full-read:myst-parser/files/docs/develop/_changelog.md,myst-parser,myst-parser/files/docs/develop/_changelog.md,,,,,FULL_READ,,,full_parse,76,,,,,76,1,75,0,0,0,40,0.526316,13.473684,0
clean_state,2f225eb2e1aa77104e2e5b1ab0993f545fb5b7e5e35f2e33e8fea5a48f3adb1d,H2,,,442,642,442,642,false,full-read:myst-parser/files/docs/develop/_changelog.md,myst-parser,myst-parser/files/docs/develop/_changelog.md,,,,,FULL_READ,,,full_parse,76,,,,,76,1,75,0,0,0,40,0.526316,13.473684,0
clean_state,2f225eb2e1aa77104e2e5b1ab0993f545fb5b7e5e35f2e33e8fea5a48f3adb1d,H0,,,396,520,396,520,false,full-read:myst-parser/files/docs/develop/_changelog.md,myst-parser,myst-parser/files/docs/develop/_changelog.md,,,,,FULL_READ,,,full_parse,76,,,,,76,1,75,0,0,0,40,0.526316,13.473684,0
clean_state,2f225eb2e1aa77104e2e5b1ab0993f545fb5b7e5e35f2e33e8fea5a48f3adb1d,H3,,,405,590,405,590,false,full-read:myst-parser/files/docs/develop/_changelog.md,myst-parser,myst-parser/files/docs/develop/_changelog.md,,,,,FULL_READ,,,full_parse,76,,,,,76,1,75,0,0,0,40,0.526316,13.473684,0
clean_state,2f225eb2e1aa77104e2e5b1ab0993f545fb5b7e5e35f2e33e8fea5a48f3adb1d,H4,,,486,714,486,714,false,full-read:myst-parser/files/docs/develop/_changelog.md,myst-parser,myst-parser/files/docs/develop/_changelog.md,,,,,FULL_READ,,,full_parse,76,,,,,76,1,75,0,0,0,40,0.526316,13.473684,0
clean_state,46473bc31137bd9a6e7be9242327718912dacc419653793f9fc5afddbb871932,H1,,,22908,24630,22908,24630,false,full-read:myst-parser/files/docs/develop/contributing.md,myst-parser,myst-parser/files/docs/develop/contributing.md,,,,,FULL_READ,,,full_parse,2727,,,,,2727,30,321,0,8,4,337,0.123579,2.628530,4.506051
clean_state,46473bc31137bd9a6e7be9242327718912dacc419653793f9fc5afddbb871932,H2,,,22721,25175,22721,25175,false,full-read:myst-parser/files/docs/develop/contributing.md,myst-parser,myst-parser/files/docs/develop/contributing.md,,,,,FULL_READ,,,full_parse,2727,,,,,2727,30,321,0,8,4,337,0.123579,2.628530,4.506051
clean_state,46473bc31137bd9a6e7be9242327718912dacc419653793f9fc5afddbb871932,H0,,,16603,17719,16603,17719,false,full-read:myst-parser/files/docs/develop/contributing.md,myst-parser,myst-parser/files/docs/develop/contributing.md,,,,,FULL_READ,,,full_parse,2727,,,,,2727,30,321,0,8,4,337,0.123579,2.628530,4.506051
clean_state,46473bc31137bd9a6e7be9242327718912dacc419653793f9fc5afddbb871932,H3,,,22638,34376,22638,34376,false,full-read:myst-parser/files/docs/develop/contributing.md,myst-parser,myst-parser/files/docs/develop/contributing.md,,,,,FULL_READ,,,full_parse,2727,,,,,2727,30,321,0,8,4,337,0.123579,2.628530,4.506051
clean_state,46473bc31137bd9a6e7be9242327718912dacc419653793f9fc5afddbb871932,H4,,,22439,25102,22439,25102,false,full-read:myst-parser/files/docs/develop/contributing.md,myst-parser,myst-parser/files/docs/develop/contributing.md,,,,,FULL_READ,,,full_parse,2727,,,,,2727,30,321,0,8,4,337,0.123579,2.628530,4.506051
clean_state,51bbbfadb5f526fd0b1edb4b7c33330a8b120a44bde13b1a30e19bcc597d05c4,H1,,,31493,42660,31493,42660,false,full-read:rust-book/files/src/appendix-06-translation.md,rust-book,rust-book/files/src/appendix-06-translation.md,,,,,FULL_READ,,,full_parse,1991,,,,,1991,28,167,2,1,1,0,0,0,1.028629
clean_state,51bbbfadb5f526fd0b1edb4b7c33330a8b120a44bde13b1a30e19bcc597d05c4,H2,,,31435,33916,31435,33916,false,full-read:rust-book/files/src/appendix-06-translation.md,rust-book,rust-book/files/src/appendix-06-translation.md,,,,,FULL_READ,,,full_parse,1991,,,,,1991,28,167,2,1,1,0,0,0,1.028629
clean_state,51bbbfadb5f526fd0b1edb4b7c33330a8b120a44bde13b1a30e19bcc597d05c4,H0,,,22578,33355,22578,33355,false,full-read:rust-book/files/src/appendix-06-translation.md,rust-book,rust-book/files/src/appendix-06-translation.md,,,,,FULL_READ,,,full_parse,1991,,,,,1991,28,167,2,1,1,0,0,0,1.028629
clean_state,51bbbfadb5f526fd0b1edb4b7c33330a8b120a44bde13b1a30e19bcc597d05c4,H3,,,30920,34211,30920,34211,false,full-read:rust-book/files/src/appendix-06-translation.md,rust-book,rust-book/files/src/appendix-06-translation.md,,,,,FULL_READ,,,full_parse,1991,,,,,1991,28,167,2,1,1,0,0,0,1.028629
clean_state,51bbbfadb5f526fd0b1edb4b7c33330a8b120a44bde13b1a30e19bcc597d05c4,H4,,,31815,44576,31815,44576,false,full-read:rust-book/files/src/appendix-06-translation.md,rust-book,rust-book/files/src/appendix-06-translation.md,,,,,FULL_READ,,,full_parse,1991,,,,,1991,28,167,2,1,1,0,0,0,1.028629
clean_state,5ff47d1475056d610b38bc86ad4daba479679923b9b0abe3c0ee488ac6b42689,H1,,,2063,2338,2063,2338,false,full-read:crafting-interpreters/files/note/answers/chapter01_introduction/1.md,crafting-interpreters,crafting-interpreters/files/note/answers/chapter01_introduction/1.md,,,,,FULL_READ,,,full_parse,416,,,,,416,3,158,0,0,0,0,0,0,0
clean_state,5ff47d1475056d610b38bc86ad4daba479679923b9b0abe3c0ee488ac6b42689,H2,,,1787,1977,1787,1977,false,full-read:crafting-interpreters/files/note/answers/chapter01_introduction/1.md,crafting-interpreters,crafting-interpreters/files/note/answers/chapter01_introduction/1.md,,,,,FULL_READ,,,full_parse,416,,,,,416,3,158,0,0,0,0,0,0,0
clean_state,5ff47d1475056d610b38bc86ad4daba479679923b9b0abe3c0ee488ac6b42689,H0,,,1558,1670,1558,1670,false,full-read:crafting-interpreters/files/note/answers/chapter01_introduction/1.md,crafting-interpreters,crafting-interpreters/files/note/answers/chapter01_introduction/1.md,,,,,FULL_READ,,,full_parse,416,,,,,416,3,158,0,0,0,0,0,0,0
clean_state,5ff47d1475056d610b38bc86ad4daba479679923b9b0abe3c0ee488ac6b42689,H3,,,1844,2132,1844,2132,false,full-read:crafting-interpreters/files/note/answers/chapter01_introduction/1.md,crafting-interpreters,crafting-interpreters/files/note/answers/chapter01_introduction/1.md,,,,,FULL_READ,,,full_parse,416,,,,,416,3,158,0,0,0,0,0,0,0
clean_state,5ff47d1475056d610b38bc86ad4daba479679923b9b0abe3c0ee488ac6b42689,H4,,,1889,2255,1889,2255,false,full-read:crafting-interpreters/files/note/answers/chapter01_introduction/1.md,crafting-interpreters,crafting-interpreters/files/note/answers/chapter01_introduction/1.md,,,,,FULL_READ,,,full_parse,416,,,,,416,3,158,0,0,0,0,0,0,0
clean_state,6fc99e6cb2c777bca9894f43080a7efc29903b772b89b0b3755a7cbab9366324,H1,,,17907,19202,17907,19202,false,full-read:crafting-interpreters/files/note/answers/chapter20_hash/1.md,crafting-interpreters,crafting-interpreters/files/note/answers/chapter20_hash/1.md,,,,,FULL_READ,,,full_parse,9634,,,,,9634,12,7498,0,0,0,8080,0.838696,0.318871,0
clean_state,6fc99e6cb2c777bca9894f43080a7efc29903b772b89b0b3755a7cbab9366324,H2,,,17996,30504,17996,30504,false,full-read:crafting-interpreters/files/note/answers/chapter20_hash/1.md,crafting-interpreters,crafting-interpreters/files/note/answers/chapter20_hash/1.md,,,,,FULL_READ,,,full_parse,9634,,,,,9634,12,7498,0,0,0,8080,0.838696,0.318871,0
clean_state,6fc99e6cb2c777bca9894f43080a7efc29903b772b89b0b3755a7cbab9366324,H0,,,16210,17830,16210,17830,false,full-read:crafting-interpreters/files/note/answers/chapter20_hash/1.md,crafting-interpreters,crafting-interpreters/files/note/answers/chapter20_hash/1.md,,,,,FULL_READ,,,full_parse,9634,,,,,9634,12,7498,0,0,0,8080,0.838696,0.318871,0
clean_state,6fc99e6cb2c777bca9894f43080a7efc29903b772b89b0b3755a7cbab9366324,H3,,,17977,19612,17977,19612,false,full-read:crafting-interpreters/files/note/answers/chapter20_hash/1.md,crafting-interpreters,crafting-interpreters/files/note/answers/chapter20_hash/1.md,,,,,FULL_READ,,,full_parse,9634,,,,,9634,12,7498,0,0,0,8080,0.838696,0.318871,0
clean_state,6fc99e6cb2c777bca9894f43080a7efc29903b772b89b0b3755a7cbab9366324,H4,,,17404,18996,17404,18996,false,full-read:crafting-interpreters/files/note/answers/chapter20_hash/1.md,crafting-interpreters,crafting-interpreters/files/note/answers/chapter20_hash/1.md,,,,,FULL_READ,,,full_parse,9634,,,,,9634,12,7498,0,0,0,8080,0.838696,0.318871,0
clean_state,73039631b4e45389797f5ef0bb26cc57ac1f3da406ae556a70236a194049d66a,H1,,,59567,77181,59567,77181,false,full-read:d2l-en/files/chapter_appendix-tools-for-deep-learning/utils.md,d2l-en,d2l-en/files/chapter_appendix-tools-for-deep-learning/utils.md,,,,,FULL_READ,,,full_parse,44914,,,,,44914,39,4363,0,0,0,43880,0.976978,0.615576,0
clean_state,73039631b4e45389797f5ef0bb26cc57ac1f3da406ae556a70236a194049d66a,H2,,,56844,71434,56844,71434,false,full-read:d2l-en/files/chapter_appendix-tools-for-deep-learning/utils.md,d2l-en,d2l-en/files/chapter_appendix-tools-for-deep-learning/utils.md,,,,,FULL_READ,,,full_parse,44914,,,,,44914,39,4363,0,0,0,43880,0.976978,0.615576,0
clean_state,73039631b4e45389797f5ef0bb26cc57ac1f3da406ae556a70236a194049d66a,H0,,,53189,66468,53189,66468,false,full-read:d2l-en/files/chapter_appendix-tools-for-deep-learning/utils.md,d2l-en,d2l-en/files/chapter_appendix-tools-for-deep-learning/utils.md,,,,,FULL_READ,,,full_parse,44914,,,,,44914,39,4363,0,0,0,43880,0.976978,0.615576,0
clean_state,73039631b4e45389797f5ef0bb26cc57ac1f3da406ae556a70236a194049d66a,H3,,,57104,72069,57104,72069,false,full-read:d2l-en/files/chapter_appendix-tools-for-deep-learning/utils.md,d2l-en,d2l-en/files/chapter_appendix-tools-for-deep-learning/utils.md,,,,,FULL_READ,,,full_parse,44914,,,,,44914,39,4363,0,0,0,43880,0.976978,0.615576,0
clean_state,73039631b4e45389797f5ef0bb26cc57ac1f3da406ae556a70236a194049d66a,H4,,,58494,75164,58494,75164,false,full-read:d2l-en/files/chapter_appendix-tools-for-deep-learning/utils.md,d2l-en,d2l-en/files/chapter_appendix-tools-for-deep-learning/utils.md,,,,,FULL_READ,,,full_parse,44914,,,,,44914,39,4363,0,0,0,43880,0.976978,0.615576,0
clean_state,879a0f03d0b686e5fd9fff1550d560cdf5686f04c19a85c004977676f6af6c6e,H1,,,28318,38696,28318,38696,false,full-read:oci-image/files/HACKING.md,oci-image,oci-image/files/HACKING.md,,,,,FULL_READ,,,full_parse,1857,,,,,1857,48,139,2,3,3,139,0.074852,4.411416,3.308562
clean_state,879a0f03d0b686e5fd9fff1550d560cdf5686f04c19a85c004977676f6af6c6e,H2,,,25658,30045,25658,30045,false,full-read:oci-image/files/HACKING.md,oci-image,oci-image/files/HACKING.md,,,,,FULL_READ,,,full_parse,1857,,,,,1857,48,139,2,3,3,139,0.074852,4.411416,3.308562
clean_state,879a0f03d0b686e5fd9fff1550d560cdf5686f04c19a85c004977676f6af6c6e,H0,,,17570,19854,17570,19854,false,full-read:oci-image/files/HACKING.md,oci-image,oci-image/files/HACKING.md,,,,,FULL_READ,,,full_parse,1857,,,,,1857,48,139,2,3,3,139,0.074852,4.411416,3.308562
clean_state,879a0f03d0b686e5fd9fff1550d560cdf5686f04c19a85c004977676f6af6c6e,H3,,,25850,37607,25850,37607,false,full-read:oci-image/files/HACKING.md,oci-image,oci-image/files/HACKING.md,,,,,FULL_READ,,,full_parse,1857,,,,,1857,48,139,2,3,3,139,0.074852,4.411416,3.308562
clean_state,879a0f03d0b686e5fd9fff1550d560cdf5686f04c19a85c004977676f6af6c6e,H4,,,26693,43810,26693,43810,false,full-read:oci-image/files/HACKING.md,oci-image,oci-image/files/HACKING.md,,,,,FULL_READ,,,full_parse,1857,,,,,1857,48,139,2,3,3,139,0.074852,4.411416,3.308562
clean_state,87ab6f49c3edfed596075eafb6a0133c6fddff25df05bbade3eff53902be09a2,H1,,,75332,91525,75332,91525,false,full-read:owasp-cheatsheets/files/cheatsheets/Email_Validation_and_Verification_Cheat_Sheet.md,owasp-cheatsheets,owasp-cheatsheets/files/cheatsheets/Email_Validation_and_Verification_Cheat_Sheet.md,,,,,FULL_READ,,,full_parse,5129,,,,,5129,98,247,4,0,0,0,0,0,0
clean_state,87ab6f49c3edfed596075eafb6a0133c6fddff25df05bbade3eff53902be09a2,H2,,,66521,83344,66521,83344,false,full-read:owasp-cheatsheets/files/cheatsheets/Email_Validation_and_Verification_Cheat_Sheet.md,owasp-cheatsheets,owasp-cheatsheets/files/cheatsheets/Email_Validation_and_Verification_Cheat_Sheet.md,,,,,FULL_READ,,,full_parse,5129,,,,,5129,98,247,4,0,0,0,0,0,0
clean_state,87ab6f49c3edfed596075eafb6a0133c6fddff25df05bbade3eff53902be09a2,H0,,,52642,64552,52642,64552,false,full-read:owasp-cheatsheets/files/cheatsheets/Email_Validation_and_Verification_Cheat_Sheet.md,owasp-cheatsheets,owasp-cheatsheets/files/cheatsheets/Email_Validation_and_Verification_Cheat_Sheet.md,,,,,FULL_READ,,,full_parse,5129,,,,,5129,98,247,4,0,0,0,0,0,0
clean_state,87ab6f49c3edfed596075eafb6a0133c6fddff25df05bbade3eff53902be09a2,H3,,,68432,82680,68432,82680,false,full-read:owasp-cheatsheets/files/cheatsheets/Email_Validation_and_Verification_Cheat_Sheet.md,owasp-cheatsheets,owasp-cheatsheets/files/cheatsheets/Email_Validation_and_Verification_Cheat_Sheet.md,,,,,FULL_READ,,,full_parse,5129,,,,,5129,98,247,4,0,0,0,0,0,0
clean_state,87ab6f49c3edfed596075eafb6a0133c6fddff25df05bbade3eff53902be09a2,H4,,,73310,88020,73310,88020,false,full-read:owasp-cheatsheets/files/cheatsheets/Email_Validation_and_Verification_Cheat_Sheet.md,owasp-cheatsheets,owasp-cheatsheets/files/cheatsheets/Email_Validation_and_Verification_Cheat_Sheet.md,,,,,FULL_READ,,,full_parse,5129,,,,,5129,98,247,4,0,0,0,0,0,0
clean_state,8cac5a00f3a2eb4fb54a876d5f7aa219b8ee1ebd7ed76145e5f44611414725aa,H1,,,31428,34263,31428,34263,false,full-read:rust-rfcs/files/text/0404-change-prefer-dynamic.md,rust-rfcs,rust-rfcs/files/text/0404-change-prefer-dynamic.md,,,,,FULL_READ,,,full_parse,6862,,,,,6862,34,901,2,1,1,889,0.129554,0.149228,0.298455
clean_state,8cac5a00f3a2eb4fb54a876d5f7aa219b8ee1ebd7ed76145e5f44611414725aa,H2,,,30197,42211,30197,42211,false,full-read:rust-rfcs/files/text/0404-change-prefer-dynamic.md,rust-rfcs,rust-rfcs/files/text/0404-change-prefer-dynamic.md,,,,,FULL_READ,,,full_parse,6862,,,,,6862,34,901,2,1,1,889,0.129554,0.149228,0.298455
clean_state,8cac5a00f3a2eb4fb54a876d5f7aa219b8ee1ebd7ed76145e5f44611414725aa,H0,,,25254,31010,25254,31010,false,full-read:rust-rfcs/files/text/0404-change-prefer-dynamic.md,rust-rfcs,rust-rfcs/files/text/0404-change-prefer-dynamic.md,,,,,FULL_READ,,,full_parse,6862,,,,,6862,34,901,2,1,1,889,0.129554,0.149228,0.298455
clean_state,8cac5a00f3a2eb4fb54a876d5f7aa219b8ee1ebd7ed76145e5f44611414725aa,H3,,,29888,32569,29888,32569,false,full-read:rust-rfcs/files/text/0404-change-prefer-dynamic.md,rust-rfcs,rust-rfcs/files/text/0404-change-prefer-dynamic.md,,,,,FULL_READ,,,full_parse,6862,,,,,6862,34,901,2,1,1,889,0.129554,0.149228,0.298455
clean_state,8cac5a00f3a2eb4fb54a876d5f7aa219b8ee1ebd7ed76145e5f44611414725aa,H4,,,30879,44467,30879,44467,false,full-read:rust-rfcs/files/text/0404-change-prefer-dynamic.md,rust-rfcs,rust-rfcs/files/text/0404-change-prefer-dynamic.md,,,,,FULL_READ,,,full_parse,6862,,,,,6862,34,901,2,1,1,889,0.129554,0.149228,0.298455
clean_state,94c57cd2d6f40b46599c4aa5e48d1f018bf1f13c6cd301180454f49cd0a01207,H1,,,37830,53615,37830,53615,false,full-read:crafting-interpreters/files/note/answers/chapter13_inheritance/1.md,crafting-interpreters,crafting-interpreters/files/note/answers/chapter13_inheritance/1.md,,,,,FULL_READ,,,full_parse,9360,,,,,9360,49,759,2,0,0,5228,0.558547,2.188034,0
clean_state,94c57cd2d6f40b46599c4aa5e48d1f018bf1f13c6cd301180454f49cd0a01207,H2,,,35087,47546,35087,47546,false,full-read:crafting-interpreters/files/note/answers/chapter13_inheritance/1.md,crafting-interpreters,crafting-interpreters/files/note/answers/chapter13_inheritance/1.md,,,,,FULL_READ,,,full_parse,9360,,,,,9360,49,759,2,0,0,5228,0.558547,2.188034,0
clean_state,94c57cd2d6f40b46599c4aa5e48d1f018bf1f13c6cd301180454f49cd0a01207,H0,,,28084,32750,28084,32750,false,full-read:crafting-interpreters/files/note/answers/chapter13_inheritance/1.md,crafting-interpreters,crafting-interpreters/files/note/answers/chapter13_inheritance/1.md,,,,,FULL_READ,,,full_parse,9360,,,,,9360,49,759,2,0,0,5228,0.558547,2.188034,0
clean_state,94c57cd2d6f40b46599c4aa5e48d1f018bf1f13c6cd301180454f49cd0a01207,H3,,,35393,47912,35393,47912,false,full-read:crafting-interpreters/files/note/answers/chapter13_inheritance/1.md,crafting-interpreters,crafting-interpreters/files/note/answers/chapter13_inheritance/1.md,,,,,FULL_READ,,,full_parse,9360,,,,,9360,49,759,2,0,0,5228,0.558547,2.188034,0
clean_state,94c57cd2d6f40b46599c4aa5e48d1f018bf1f13c6cd301180454f49cd0a01207,H4,,,36733,53838,36733,53838,false,full-read:crafting-interpreters/files/note/answers/chapter13_inheritance/1.md,crafting-interpreters,crafting-interpreters/files/note/answers/chapter13_inheritance/1.md,,,,,FULL_READ,,,full_parse,9360,,,,,9360,49,759,2,0,0,5228,0.558547,2.188034,0
clean_state,96357ea197e919bd66692e993dcb85b0527ed23fdc923c9d28646111145741be,H1,,,29666,35520,29666,35520,false,full-read:rust-rfcs/files/text/1123-str-split-at.md,rust-rfcs,rust-rfcs/files/text/1123-str-split-at.md,,,,,FULL_READ,,,full_parse,3431,,,,,3431,31,877,2,2,2,866,0.252405,0.298455,1.193821
clean_state,96357ea197e919bd66692e993dcb85b0527ed23fdc923c9d28646111145741be,H2,,,30053,44897,30053,44897,false,full-read:rust-rfcs/files/text/1123-str-split-at.md,rust-rfcs,rust-rfcs/files/text/1123-str-split-at.md,,,,,FULL_READ,,,full_parse,3431,,,,,3431,31,877,2,2,2,866,0.252405,0.298455,1.193821
clean_state,96357ea197e919bd66692e993dcb85b0527ed23fdc923c9d28646111145741be,H0,,,22341,24750,22341,24750,false,full-read:rust-rfcs/files/text/1123-str-split-at.md,rust-rfcs,rust-rfcs/files/text/1123-str-split-at.md,,,,,FULL_READ,,,full_parse,3431,,,,,3431,31,877,2,2,2,866,0.252405,0.298455,1.193821
clean_state,96357ea197e919bd66692e993dcb85b0527ed23fdc923c9d28646111145741be,H3,,,29920,31974,29920,31974,false,full-read:rust-rfcs/files/text/1123-str-split-at.md,rust-rfcs,rust-rfcs/files/text/1123-str-split-at.md,,,,,FULL_READ,,,full_parse,3431,,,,,3431,31,877,2,2,2,866,0.252405,0.298455,1.193821
clean_state,96357ea197e919bd66692e993dcb85b0527ed23fdc923c9d28646111145741be,H4,,,29013,31298,29013,31298,false,full-read:rust-rfcs/files/text/1123-str-split-at.md,rust-rfcs,rust-rfcs/files/text/1123-str-split-at.md,,,,,FULL_READ,,,full_parse,3431,,,,,3431,31,877,2,2,2,866,0.252405,0.298455,1.193821
clean_state,a525bd8f153230dfacace9642d48a91c7cb0d9b3620ee6061040637e16b8db6d,H1,,,3852,4324,3852,4324,false,full-read:openmlsys/files/v1/zh_chapters/chapter_recommender_system/index.md,openmlsys,openmlsys/files/v1/zh_chapters/chapter_recommender_system/index.md,,,,,FULL_READ,,,full_parse,1067,,,,,1067,5,829,0,2,0,97,0.090909,0.959700,1.919400
clean_state,a525bd8f153230dfacace9642d48a91c7cb0d9b3620ee6061040637e16b8db6d,H2,,,3684,4192,3684,4192,false,full-read:openmlsys/files/v1/zh_chapters/chapter_recommender_system/index.md,openmlsys,openmlsys/files/v1/zh_chapters/chapter_recommender_system/index.md,,,,,FULL_READ,,,full_parse,1067,,,,,1067,5,829,0,2,0,97,0.090909,0.959700,1.919400
clean_state,a525bd8f153230dfacace9642d48a91c7cb0d9b3620ee6061040637e16b8db6d,H0,,,2932,3449,2932,3449,false,full-read:openmlsys/files/v1/zh_chapters/chapter_recommender_system/index.md,openmlsys,openmlsys/files/v1/zh_chapters/chapter_recommender_system/index.md,,,,,FULL_READ,,,full_parse,1067,,,,,1067,5,829,0,2,0,97,0.090909,0.959700,1.919400
clean_state,a525bd8f153230dfacace9642d48a91c7cb0d9b3620ee6061040637e16b8db6d,H3,,,3715,4046,3715,4046,false,full-read:openmlsys/files/v1/zh_chapters/chapter_recommender_system/index.md,openmlsys,openmlsys/files/v1/zh_chapters/chapter_recommender_system/index.md,,,,,FULL_READ,,,full_parse,1067,,,,,1067,5,829,0,2,0,97,0.090909,0.959700,1.919400
clean_state,a525bd8f153230dfacace9642d48a91c7cb0d9b3620ee6061040637e16b8db6d,H4,,,3628,4064,3628,4064,false,full-read:openmlsys/files/v1/zh_chapters/chapter_recommender_system/index.md,openmlsys,openmlsys/files/v1/zh_chapters/chapter_recommender_system/index.md,,,,,FULL_READ,,,full_parse,1067,,,,,1067,5,829,0,2,0,97,0.090909,0.959700,1.919400
clean_state,a67b28652c65b39dbdf75681aa007d3dd9a9770fc9068923377ee91224de209c,H1,,,40010,42375,40010,42375,false,full-read:d2l-en/files/chapter_installation/index.md,d2l-en,d2l-en/files/chapter_installation/index.md,,,,,FULL_READ,,,full_parse,6094,,,,,6094,60,589,0,0,0,1227,0.201346,2.856580,0
clean_state,a67b28652c65b39dbdf75681aa007d3dd9a9770fc9068923377ee91224de209c,H2,,,39587,44051,39587,44051,false,full-read:d2l-en/files/chapter_installation/index.md,d2l-en,d2l-en/files/chapter_installation/index.md,,,,,FULL_READ,,,full_parse,6094,,,,,6094,60,589,0,0,0,1227,0.201346,2.856580,0
clean_state,a67b28652c65b39dbdf75681aa007d3dd9a9770fc9068923377ee91224de209c,H0,,,31423,36113,31423,36113,false,full-read:d2l-en/files/chapter_installation/index.md,d2l-en,d2l-en/files/chapter_installation/index.md,,,,,FULL_READ,,,full_parse,6094,,,,,6094,60,589,0,0,0,1227,0.201346,2.856580,0
clean_state,a67b28652c65b39dbdf75681aa007d3dd9a9770fc9068923377ee91224de209c,H3,,,39927,51600,39927,51600,false,full-read:d2l-en/files/chapter_installation/index.md,d2l-en,d2l-en/files/chapter_installation/index.md,,,,,FULL_READ,,,full_parse,6094,,,,,6094,60,589,0,0,0,1227,0.201346,2.856580,0
clean_state,a67b28652c65b39dbdf75681aa007d3dd9a9770fc9068923377ee91224de209c,H4,,,39615,56045,39615,56045,false,full-read:d2l-en/files/chapter_installation/index.md,d2l-en,d2l-en/files/chapter_installation/index.md,,,,,FULL_READ,,,full_parse,6094,,,,,6094,60,589,0,0,0,1227,0.201346,2.856580,0
clean_state,a97a63e7b47c9d13529a5560f9a65a42fa2e221fc4cd1ff8781918e9a4669fdd,H1,,,1303,1669,1303,1669,false,full-read:d2l-en/files/chapter_generative-adversarial-networks/index.md,d2l-en,d2l-en/files/chapter_generative-adversarial-networks/index.md,,,,,FULL_READ,,,full_parse,89,,,,,89,3,34,0,0,0,24,0.269663,11.505618,0
clean_state,a97a63e7b47c9d13529a5560f9a65a42fa2e221fc4cd1ff8781918e9a4669fdd,H2,,,1026,1317,1026,1317,false,full-read:d2l-en/files/chapter_generative-adversarial-networks/index.md,d2l-en,d2l-en/files/chapter_generative-adversarial-networks/index.md,,,,,FULL_READ,,,full_parse,89,,,,,89,3,34,0,0,0,24,0.269663,11.505618,0
clean_state,a97a63e7b47c9d13529a5560f9a65a42fa2e221fc4cd1ff8781918e9a4669fdd,H0,,,901,1123,901,1123,false,full-read:d2l-en/files/chapter_generative-adversarial-networks/index.md,d2l-en,d2l-en/files/chapter_generative-adversarial-networks/index.md,,,,,FULL_READ,,,full_parse,89,,,,,89,3,34,0,0,0,24,0.269663,11.505618,0
clean_state,a97a63e7b47c9d13529a5560f9a65a42fa2e221fc4cd1ff8781918e9a4669fdd,H3,,,1092,1499,1092,1499,false,full-read:d2l-en/files/chapter_generative-adversarial-networks/index.md,d2l-en,d2l-en/files/chapter_generative-adversarial-networks/index.md,,,,,FULL_READ,,,full_parse,89,,,,,89,3,34,0,0,0,24,0.269663,11.505618,0
clean_state,a97a63e7b47c9d13529a5560f9a65a42fa2e221fc4cd1ff8781918e9a4669fdd,H4,,,1119,1438,1119,1438,false,full-read:d2l-en/files/chapter_generative-adversarial-networks/index.md,d2l-en,d2l-en/files/chapter_generative-adversarial-networks/index.md,,,,,FULL_READ,,,full_parse,89,,,,,89,3,34,0,0,0,24,0.269663,11.505618,0
clean_state,b474fe0f45380000e80ee1a3931b09e5165a73c7702e3ae7bf5d057f5f1817d9,H1,,,12160,13858,12160,13858,false,full-read:kubernetes-keps/files/keps/sig-cli/FAQ.md,kubernetes-keps,kubernetes-keps/files/keps/sig-cli/FAQ.md,,,,,FULL_READ,,,full_parse,1632,,,,,1632,11,362,6,0,0,0,0,0,0
clean_state,b474fe0f45380000e80ee1a3931b09e5165a73c7702e3ae7bf5d057f5f1817d9,H2,,,11572,12872,11572,12872,false,full-read:kubernetes-keps/files/keps/sig-cli/FAQ.md,kubernetes-keps,kubernetes-keps/files/keps/sig-cli/FAQ.md,,,,,FULL_READ,,,full_parse,1632,,,,,1632,11,362,6,0,0,0,0,0,0
clean_state,b474fe0f45380000e80ee1a3931b09e5165a73c7702e3ae7bf5d057f5f1817d9,H0,,,9485,10300,9485,10300,false,full-read:kubernetes-keps/files/keps/sig-cli/FAQ.md,kubernetes-keps,kubernetes-keps/files/keps/sig-cli/FAQ.md,,,,,FULL_READ,,,full_parse,1632,,,,,1632,11,362,6,0,0,0,0,0,0
clean_state,b474fe0f45380000e80ee1a3931b09e5165a73c7702e3ae7bf5d057f5f1817d9,H3,,,11750,12738,11750,12738,false,full-read:kubernetes-keps/files/keps/sig-cli/FAQ.md,kubernetes-keps,kubernetes-keps/files/keps/sig-cli/FAQ.md,,,,,FULL_READ,,,full_parse,1632,,,,,1632,11,362,6,0,0,0,0,0,0
clean_state,b474fe0f45380000e80ee1a3931b09e5165a73c7702e3ae7bf5d057f5f1817d9,H4,,,11570,12974,11570,12974,false,full-read:kubernetes-keps/files/keps/sig-cli/FAQ.md,kubernetes-keps,kubernetes-keps/files/keps/sig-cli/FAQ.md,,,,,FULL_READ,,,full_parse,1632,,,,,1632,11,362,6,0,0,0,0,0,0
clean_state,bb6c06ba589f05646161fdcb12f7dc942554b85b1274af38038433855096f65a,H1,,,1694,1979,1694,1979,false,full-read:openmlsys/files/v1/zh_chapters/chapter_rl_sys/summary.md,openmlsys,openmlsys/files/v1/zh_chapters/chapter_rl_sys/summary.md,,,,,FULL_READ,,,full_parse,561,,,,,561,2,549,0,0,0,0,0,0,0
clean_state,bb6c06ba589f05646161fdcb12f7dc942554b85b1274af38038433855096f65a,H2,,,1762,1993,1762,1993,false,full-read:openmlsys/files/v1/zh_chapters/chapter_rl_sys/summary.md,openmlsys,openmlsys/files/v1/zh_chapters/chapter_rl_sys/summary.md,,,,,FULL_READ,,,full_parse,561,,,,,561,2,549,0,0,0,0,0,0,0
clean_state,bb6c06ba589f05646161fdcb12f7dc942554b85b1274af38038433855096f65a,H0,,,1540,1728,1540,1728,false,full-read:openmlsys/files/v1/zh_chapters/chapter_rl_sys/summary.md,openmlsys,openmlsys/files/v1/zh_chapters/chapter_rl_sys/summary.md,,,,,FULL_READ,,,full_parse,561,,,,,561,2,549,0,0,0,0,0,0,0
clean_state,bb6c06ba589f05646161fdcb12f7dc942554b85b1274af38038433855096f65a,H3,,,1751,1961,1751,1961,false,full-read:openmlsys/files/v1/zh_chapters/chapter_rl_sys/summary.md,openmlsys,openmlsys/files/v1/zh_chapters/chapter_rl_sys/summary.md,,,,,FULL_READ,,,full_parse,561,,,,,561,2,549,0,0,0,0,0,0,0
clean_state,bb6c06ba589f05646161fdcb12f7dc942554b85b1274af38038433855096f65a,H4,,,1744,1920,1744,1920,false,full-read:openmlsys/files/v1/zh_chapters/chapter_rl_sys/summary.md,openmlsys,openmlsys/files/v1/zh_chapters/chapter_rl_sys/summary.md,,,,,FULL_READ,,,full_parse,561,,,,,561,2,549,0,0,0,0,0,0,0
clean_state,c82d1aefab1d91d83560bcc6d8d72e1dffb7b8ed08dc2a0c45307e26724db37a,H1,,,15494,17140,15494,17140,false,full-read:rust-book/files/src/appendix-05-editions.md,rust-book,rust-book/files/src/appendix-05-editions.md,,,,,FULL_READ,,,full_parse,3075,,,,,3075,15,480,2,1,1,0,0,0,0.666016
clean_state,c82d1aefab1d91d83560bcc6d8d72e1dffb7b8ed08dc2a0c45307e26724db37a,H2,,,14404,15416,14404,15416,false,full-read:rust-book/files/src/appendix-05-editions.md,rust-book,rust-book/files/src/appendix-05-editions.md,,,,,FULL_READ,,,full_parse,3075,,,,,3075,15,480,2,1,1,0,0,0,0.666016
clean_state,c82d1aefab1d91d83560bcc6d8d72e1dffb7b8ed08dc2a0c45307e26724db37a,H0,,,12480,13460,12480,13460,false,full-read:rust-book/files/src/appendix-05-editions.md,rust-book,rust-book/files/src/appendix-05-editions.md,,,,,FULL_READ,,,full_parse,3075,,,,,3075,15,480,2,1,1,0,0,0,0.666016
clean_state,c82d1aefab1d91d83560bcc6d8d72e1dffb7b8ed08dc2a0c45307e26724db37a,H3,,,14752,16291,14752,16291,false,full-read:rust-book/files/src/appendix-05-editions.md,rust-book,rust-book/files/src/appendix-05-editions.md,,,,,FULL_READ,,,full_parse,3075,,,,,3075,15,480,2,1,1,0,0,0,0.666016
clean_state,c82d1aefab1d91d83560bcc6d8d72e1dffb7b8ed08dc2a0c45307e26724db37a,H4,,,14366,15700,14366,15700,false,full-read:rust-book/files/src/appendix-05-editions.md,rust-book,rust-book/files/src/appendix-05-editions.md,,,,,FULL_READ,,,full_parse,3075,,,,,3075,15,480,2,1,1,0,0,0,0.666016
clean_state,cafa65c8d63e6ae9aa37ff6caba58199e731b75b8e75cf7bc319e6fbed250162,H1,,,65875,83749,65875,83749,false,full-read:rust-rfcs/files/text/3289-source_replacement_ambiguity.md,rust-rfcs,rust-rfcs/files/text/3289-source_replacement_ambiguity.md,,,,,FULL_READ,,,full_parse,7209,,,,,7209,72,301,2,10,2,322,0.044666,0.426134,1.704536
clean_state,cafa65c8d63e6ae9aa37ff6caba58199e731b75b8e75cf7bc319e6fbed250162,H2,,,66356,84845,66356,84845,false,full-read:rust-rfcs/files/text/3289-source_replacement_ambiguity.md,rust-rfcs,rust-rfcs/files/text/3289-source_replacement_ambiguity.md,,,,,FULL_READ,,,full_parse,7209,,,,,7209,72,301,2,10,2,322,0.044666,0.426134,1.704536
clean_state,cafa65c8d63e6ae9aa37ff6caba58199e731b75b8e75cf7bc319e6fbed250162,H0,,,47675,66476,47675,66476,false,full-read:rust-rfcs/files/text/3289-source_replacement_ambiguity.md,rust-rfcs,rust-rfcs/files/text/3289-source_replacement_ambiguity.md,,,,,FULL_READ,,,full_parse,7209,,,,,7209,72,301,2,10,2,322,0.044666,0.426134,1.704536
clean_state,cafa65c8d63e6ae9aa37ff6caba58199e731b75b8e75cf7bc319e6fbed250162,H3,,,66323,84723,66323,84723,false,full-read:rust-rfcs/files/text/3289-source_replacement_ambiguity.md,rust-rfcs,rust-rfcs/files/text/3289-source_replacement_ambiguity.md,,,,,FULL_READ,,,full_parse,7209,,,,,7209,72,301,2,10,2,322,0.044666,0.426134,1.704536
clean_state,cafa65c8d63e6ae9aa37ff6caba58199e731b75b8e75cf7bc319e6fbed250162,H4,,,64367,81475,64367,81475,false,full-read:rust-rfcs/files/text/3289-source_replacement_ambiguity.md,rust-rfcs,rust-rfcs/files/text/3289-source_replacement_ambiguity.md,,,,,FULL_READ,,,full_parse,7209,,,,,7209,72,301,2,10,2,322,0.044666,0.426134,1.704536
clean_state,d860ba409366765ed41d225d0d502810779e7dafc3b317cc6d9af043d3712198,H1,,,61246,80050,61246,80050,false,full-read:oci-image/files/considerations.md,oci-image,oci-image/files/considerations.md,,,,,FULL_READ,,,full_parse,6288,,,,,6288,64,530,2,8,8,284,0.045165,1.628499,2.605598
clean_state,d860ba409366765ed41d225d0d502810779e7dafc3b317cc6d9af043d3712198,H2,,,59767,74010,59767,74010,false,full-read:oci-image/files/considerations.md,oci-image,oci-image/files/considerations.md,,,,,FULL_READ,,,full_parse,6288,,,,,6288,64,530,2,8,8,284,0.045165,1.628499,2.605598
clean_state,d860ba409366765ed41d225d0d502810779e7dafc3b317cc6d9af043d3712198,H0,,,42846,55448,42846,55448,false,full-read:oci-image/files/considerations.md,oci-image,oci-image/files/considerations.md,,,,,FULL_READ,,,full_parse,6288,,,,,6288,64,530,2,8,8,284,0.045165,1.628499,2.605598
clean_state,d860ba409366765ed41d225d0d502810779e7dafc3b317cc6d9af043d3712198,H3,,,59226,72761,59226,72761,false,full-read:oci-image/files/considerations.md,oci-image,oci-image/files/considerations.md,,,,,FULL_READ,,,full_parse,6288,,,,,6288,64,530,2,8,8,284,0.045165,1.628499,2.605598
clean_state,d860ba409366765ed41d225d0d502810779e7dafc3b317cc6d9af043d3712198,H4,,,59523,77435,59523,77435,false,full-read:oci-image/files/considerations.md,oci-image,oci-image/files/considerations.md,,,,,FULL_READ,,,full_parse,6288,,,,,6288,64,530,2,8,8,284,0.045165,1.628499,2.605598
edit_write,00325fdc3e96c867447d0bfa2eb4777e0aa798dea247677a4c957251e5e12b40,H1,37,44,8673,9226,8719,9269,false,rp1:ca717e92767dcd9c5ce0873c4e7d9290,crafting-interpreters,crafting-interpreters/files/note/answers/chapter13_inheritance/1.md,G0-LOCAL-TEXT-REPLACE-EQ|crafting-interpreters/files/note/answers/chapter13_inheritance/1.md|text#30@4768-4953,single_step,0,SINGLE,E1_LOCAL_TEXT,middle,0.509402,replace_eq,9360,8,4850,4858,8,9360,49,759,2,0,0,5228,0.558547,2.188034,0
edit_write,00325fdc3e96c867447d0bfa2eb4777e0aa798dea247677a4c957251e5e12b40,H2,59,92,12541,13649,12620,13739,false,rp1:ca717e92767dcd9c5ce0873c4e7d9290,crafting-interpreters,crafting-interpreters/files/note/answers/chapter13_inheritance/1.md,G0-LOCAL-TEXT-REPLACE-EQ|crafting-interpreters/files/note/answers/chapter13_inheritance/1.md|text#30@4768-4953,single_step,0,SINGLE,E1_LOCAL_TEXT,middle,0.509402,replace_eq,9360,8,4850,4858,8,9360,49,759,2,0,0,5228,0.558547,2.188034,0
edit_write,00325fdc3e96c867447d0bfa2eb4777e0aa798dea247677a4c957251e5e12b40,H0,33,40,27389,29986,27420,30029,false,rp1:ca717e92767dcd9c5ce0873c4e7d9290,crafting-interpreters,crafting-interpreters/files/note/answers/chapter13_inheritance/1.md,G0-LOCAL-TEXT-REPLACE-EQ|crafting-interpreters/files/note/answers/chapter13_inheritance/1.md|text#30@4768-4953,single_step,0,SINGLE,E1_LOCAL_TEXT,middle,0.509402,replace_eq,9360,8,4850,4858,8,9360,49,759,2,0,0,5228,0.558547,2.188034,0
edit_write,00325fdc3e96c867447d0bfa2eb4777e0aa798dea247677a4c957251e5e12b40,H3,1709,1861,9037,9756,10733,11610,false,rp1:ca717e92767dcd9c5ce0873c4e7d9290,crafting-interpreters,crafting-interpreters/files/note/answers/chapter13_inheritance/1.md,G0-LOCAL-TEXT-REPLACE-EQ|crafting-interpreters/files/note/answers/chapter13_inheritance/1.md|text#30@4768-4953,single_step,0,SINGLE,E1_LOCAL_TEXT,middle,0.509402,replace_eq,9360,8,4850,4858,8,9360,49,759,2,0,0,5228,0.558547,2.188034,0
edit_write,00325fdc3e96c867447d0bfa2eb4777e0aa798dea247677a4c957251e5e12b40,H4,262,317,5410,6032,5680,6394,false,rp1:ca717e92767dcd9c5ce0873c4e7d9290,crafting-interpreters,crafting-interpreters/files/note/answers/chapter13_inheritance/1.md,G0-LOCAL-TEXT-REPLACE-EQ|crafting-interpreters/files/note/answers/chapter13_inheritance/1.md|text#30@4768-4953,single_step,0,SINGLE,E1_LOCAL_TEXT,middle,0.509402,replace_eq,9360,8,4850,4858,8,9360,49,759,2,0,0,5228,0.558547,2.188034,0
edit_write,004c93223d1a1ec38d037745dd691f9e0b9269a75c37f8c08a3faac7a5b2fd3f,H1,44,60,34083,47152,34140,47197,false,rp1:01670729f76c51385165735b29603d8b,rust-rfcs,rust-rfcs/files/text/1123-str-split-at.md,G0-CODESPAN-DELIM-BREAK|rust-rfcs/files/text/1123-str-split-at.md|code_span#17@1375-1380,break_restore_pair,1,RESTORE,E5_INLINE_DELIMITER,,,delimiter_restore,3430,1,1375,1375,1,3431,31,877,2,2,2,866,0.252405,0.298455,1.193821
edit_write,004c93223d1a1ec38d037745dd691f9e0b9269a75c37f8c08a3faac7a5b2fd3f,H2,77,110,9132,10098,9216,10250,false,rp1:01670729f76c51385165735b29603d8b,rust-rfcs,rust-rfcs/files/text/1123-str-split-at.md,G0-CODESPAN-DELIM-BREAK|rust-rfcs/files/text/1123-str-split-at.md|code_span#17@1375-1380,break_restore_pair,1,RESTORE,E5_INLINE_DELIMITER,,,delimiter_restore,3430,1,1375,1375,1,3431,31,877,2,2,2,866,0.252405,0.298455,1.193821
edit_write,004c93223d1a1ec38d037745dd691f9e0b9269a75c37f8c08a3faac7a5b2fd3f,H0,38,50,21660,23467,21705,23504,false,rp1:01670729f76c51385165735b29603d8b,rust-rfcs,rust-rfcs/files/text/1123-str-split-at.md,G0-CODESPAN-DELIM-BREAK|rust-rfcs/files/text/1123-str-split-at.md|code_span#17@1375-1380,break_restore_pair,1,RESTORE,E5_INLINE_DELIMITER,,,delimiter_restore,3430,1,1375,1375,1,3431,31,877,2,2,2,866,0.252405,0.298455,1.193821
edit_write,004c93223d1a1ec38d037745dd691f9e0b9269a75c37f8c08a3faac7a5b2fd3f,H3,1357,1518,6987,7597,8293,9030,false,rp1:01670729f76c51385165735b29603d8b,rust-rfcs,rust-rfcs/files/text/1123-str-split-at.md,G0-CODESPAN-DELIM-BREAK|rust-rfcs/files/text/1123-str-split-at.md|code_span#17@1375-1380,break_restore_pair,1,RESTORE,E5_INLINE_DELIMITER,,,delimiter_restore,3430,1,1375,1375,1,3431,31,877,2,2,2,866,0.252405,0.298455,1.193821
edit_write,004c93223d1a1ec38d037745dd691f9e0b9269a75c37f8c08a3faac7a5b2fd3f,H4,201,239,4512,5093,4683,5271,false,rp1:01670729f76c51385165735b29603d8b,rust-rfcs,rust-rfcs/files/text/1123-str-split-at.md,G0-CODESPAN-DELIM-BREAK|rust-rfcs/files/text/1123-str-split-at.md|code_span#17@1375-1380,break_restore_pair,1,RESTORE,E5_INLINE_DELIMITER,,,delimiter_restore,3430,1,1375,1375,1,3431,31,877,2,2,2,866,0.252405,0.298455,1.193821
edit_write,0050888633c2c9116ff46d4de81522620c3bf3d8eb0215c88d6d7ffb64c75e70,H1,43,52,13373,14505,13416,14551,false,rp1:9653fb264abd0b546af4a7584e81f2d6,crafting-interpreters,crafting-interpreters/files/note/answers/chapter13_inheritance/1.md,G0-EMPH-DELIM-BREAK|crafting-interpreters/files/note/answers/chapter13_inheritance/1.md|emphasis#0@355-360,break_restore_pair,1,RESTORE,E5_INLINE_DELIMITER,,,delimiter_restore,9359,1,359,359,1,9360,49,759,2,0,0,5228,0.558547,2.188034,0
edit_write,0050888633c2c9116ff46d4de81522620c3bf3d8eb0215c88d6d7ffb64c75e70,H2,79,122,13626,26280,13718,26365,false,rp1:9653fb264abd0b546af4a7584e81f2d6,crafting-interpreters,crafting-interpreters/files/note/answers/chapter13_inheritance/1.md,G0-EMPH-DELIM-BREAK|crafting-interpreters/files/note/answers/chapter13_inheritance/1.md|emphasis#0@355-360,break_restore_pair,1,RESTORE,E5_INLINE_DELIMITER,,,delimiter_restore,9359,1,359,359,1,9360,49,759,2,0,0,5228,0.558547,2.188034,0
edit_write,0050888633c2c9116ff46d4de81522620c3bf3d8eb0215c88d6d7ffb64c75e70,H0,31,43,27678,46153,27713,46177,false,rp1:9653fb264abd0b546af4a7584e81f2d6,crafting-interpreters,crafting-interpreters/files/note/answers/chapter13_inheritance/1.md,G0-EMPH-DELIM-BREAK|crafting-interpreters/files/note/answers/chapter13_inheritance/1.md|emphasis#0@355-360,break_restore_pair,1,RESTORE,E5_INLINE_DELIMITER,,,delimiter_restore,9359,1,359,359,1,9360,49,759,2,0,0,5228,0.558547,2.188034,0
edit_write,0050888633c2c9116ff46d4de81522620c3bf3d8eb0215c88d6d7ffb64c75e70,H3,1862,1996,9568,10500,11484,12645,false,rp1:9653fb264abd0b546af4a7584e81f2d6,crafting-interpreters,crafting-interpreters/files/note/answers/chapter13_inheritance/1.md,G0-EMPH-DELIM-BREAK|crafting-interpreters/files/note/answers/chapter13_inheritance/1.md|emphasis#0@355-360,break_restore_pair,1,RESTORE,E5_INLINE_DELIMITER,,,delimiter_restore,9359,1,359,359,1,9360,49,759,2,0,0,5228,0.558547,2.188034,0
edit_write,0050888633c2c9116ff46d4de81522620c3bf3d8eb0215c88d6d7ffb64c75e70,H4,327,393,6034,6726,6380,7168,false,rp1:9653fb264abd0b546af4a7584e81f2d6,crafting-interpreters,crafting-interpreters/files/note/answers/chapter13_inheritance/1.md,G0-EMPH-DELIM-BREAK|crafting-interpreters/files/note/answers/chapter13_inheritance/1.md|emphasis#0@355-360,break_restore_pair,1,RESTORE,E5_INLINE_DELIMITER,,,delimiter_restore,9359,1,359,359,1,9360,49,759,2,0,0,5228,0.558547,2.188034,0
edit_write,00c46bccddf623dc7420f8d4b69831eea4f76d2c7373d00f11578e89c6731032,H1,44,54,37727,50850,37767,50899,false,rp1:2414316ef21a315e491e1f7f7f9aa3cd,rust-rfcs,rust-rfcs/files/text/1123-str-split-at.md,G0-FENCE-CLOSER-REMOVE|rust-rfcs/files/text/1123-str-split-at.md|code_block_fenced#0@1589-2466,break_restore_pair,1,RESTORE,E4_FENCE_OPEN_CLOSE,,,close_restore,3428,3,2463,2463,3,3431,31,877,2,2,2,866,0.252405,0.298455,1.193821
edit_write,00c46bccddf623dc7420f8d4b69831eea4f76d2c7373d00f11578e89c6731032,H2,79,130,32392,38921,32462,39007,false,rp1:2414316ef21a315e491e1f7f7f9aa3cd,rust-rfcs,rust-rfcs/files/text/1123-str-split-at.md,G0-FENCE-CLOSER-REMOVE|rust-rfcs/files/text/1123-str-split-at.md|code_block_fenced#0@1589-2466,break_restore_pair,1,RESTORE,E4_FENCE_OPEN_CLOSE,,,close_restore,3428,3,2463,2463,3,3431,31,877,2,2,2,866,0.252405,0.298455,1.193821
edit_write,00c46bccddf623dc7420f8d4b69831eea4f76d2c7373d00f11578e89c6731032,H0,38,55,22163,26448,22196,26497,false,rp1:2414316ef21a315e491e1f7f7f9aa3cd,rust-rfcs,rust-rfcs/files/text/1123-str-split-at.md,G0-FENCE-CLOSER-REMOVE|rust-rfcs/files/text/1123-str-split-at.md|code_block_fenced#0@1589-2466,break_restore_pair,1,RESTORE,E4_FENCE_OPEN_CLOSE,,,close_restore,3428,3,2463,2463,3,3431,31,877,2,2,2,866,0.252405,0.298455,1.193821
edit_write,00c46bccddf623dc7420f8d4b69831eea4f76d2c7373d00f11578e89c6731032,H3,1350,1471,30951,42356,32371,43664,false,rp1:2414316ef21a315e491e1f7f7f9aa3cd,rust-rfcs,rust-rfcs/files/text/1123-str-split-at.md,G0-FENCE-CLOSER-REMOVE|rust-rfcs/files/text/1123-str-split-at.md|code_block_fenced#0@1589-2466,break_restore_pair,1,RESTORE,E4_FENCE_OPEN_CLOSE,,,close_restore,3428,3,2463,2463,3,3431,31,877,2,2,2,866,0.252405,0.298455,1.193821
edit_write,00c46bccddf623dc7420f8d4b69831eea4f76d2c7373d00f11578e89c6731032,H4,184,211,40412,52384,40592,52566,false,rp1:2414316ef21a315e491e1f7f7f9aa3cd,rust-rfcs,rust-rfcs/files/text/1123-str-split-at.md,G0-FENCE-CLOSER-REMOVE|rust-rfcs/files/text/1123-str-split-at.md|code_block_fenced#0@1589-2466,break_restore_pair,1,RESTORE,E4_FENCE_OPEN_CLOSE,,,close_restore,3428,3,2463,2463,3,3431,31,877,2,2,2,866,0.252405,0.298455,1.193821
edit_write,01402ba2e8697500c9a05c8370182d8fdd28a1c6950769eeb3a3ea95e2ca3785,H1,36,57,14722,16002,14771,16037,false,rp1:55ed9a9ed38a7ee6f1e11dce62a9289d,rust-book,rust-book/files/src/appendix-05-editions.md,G0-PARAGRAPH-MERGE|rust-book/files/src/appendix-05-editions.md|paragraph#9@1611-1936,single_step,0,SINGLE,E2_PARAGRAPH_SPLIT_MERGE,middle,0.523902,merge,3075,2,1609,1611,1,3075,15,480,2,1,1,0,0,0,0.666016
edit_write,01402ba2e8697500c9a05c8370182d8fdd28a1c6950769eeb3a3ea95e2ca3785,H2,79,108,6498,7310,6565,7445,false,rp1:55ed9a9ed38a7ee6f1e11dce62a9289d,rust-book,rust-book/files/src/appendix-05-editions.md,G0-PARAGRAPH-MERGE|rust-book/files/src/appendix-05-editions.md|paragraph#9@1611-1936,single_step,0,SINGLE,E2_PARAGRAPH_SPLIT_MERGE,middle,0.523902,merge,3075,2,1609,1611,1,3075,15,480,2,1,1,0,0,0,0.666016
edit_write,01402ba2e8697500c9a05c8370182d8fdd28a1c6950769eeb3a3ea95e2ca3785,H0,33,53,11211,15902,11243,15935,false,rp1:55ed9a9ed38a7ee6f1e11dce62a9289d,rust-book,rust-book/files/src/appendix-05-editions.md,G0-PARAGRAPH-MERGE|rust-book/files/src/appendix-05-editions.md|paragraph#9@1611-1936,single_step,0,SINGLE,E2_PARAGRAPH_SPLIT_MERGE,middle,0.523902,merge,3075,2,1609,1611,1,3075,15,480,2,1,1,0,0,0,0.666016
edit_write,01402ba2e8697500c9a05c8370182d8fdd28a1c6950769eeb3a3ea95e2ca3785,H3,753,867,5394,5832,6135,6654,false,rp1:55ed9a9ed38a7ee6f1e11dce62a9289d,rust-book,rust-book/files/src/appendix-05-editions.md,G0-PARAGRAPH-MERGE|rust-book/files/src/appendix-05-editions.md|paragraph#9@1611-1936,single_step,0,SINGLE,E2_PARAGRAPH_SPLIT_MERGE,middle,0.523902,merge,3075,2,1609,1611,1,3075,15,480,2,1,1,0,0,0,0.666016
edit_write,01402ba2e8697500c9a05c8370182d8fdd28a1c6950769eeb3a3ea95e2ca3785,H4,110,140,3489,3936,3621,4133,false,rp1:55ed9a9ed38a7ee6f1e11dce62a9289d,rust-book,rust-book/files/src/appendix-05-editions.md,G0-PARAGRAPH-MERGE|rust-book/files/src/appendix-05-editions.md|paragraph#9@1611-1936,single_step,0,SINGLE,E2_PARAGRAPH_SPLIT_MERGE,middle,0.523902,merge,3075,2,1609,1611,1,3075,15,480,2,1,1,0,0,0,0.666016
edit_write,016d58d6b8a69c4c4cb235b24e3abd606df2bd38204ec1fa9e68a4c8ccad8ce4,H1,47,72,4340,4655,4407,4731,true,rp1:96f18ee3d9cb62a3578821900989ba90,kubernetes-keps,kubernetes-keps/files/keps/sig-cli/FAQ.md,G0-LOCAL-TEXT-REPLACE-EQ|kubernetes-keps/files/keps/sig-cli/FAQ.md|text#3@195-458,single_step,0,SINGLE,E1_LOCAL_TEXT,early,0.119485,replace_eq,1632,8,300,308,8,1632,11,362,6,0,0,0,0,0,0
edit_write,016d58d6b8a69c4c4cb235b24e3abd606df2bd38204ec1fa9e68a4c8ccad8ce4,H2,61,79,15363,16451,15419,16528,true,rp1:96f18ee3d9cb62a3578821900989ba90,kubernetes-keps,kubernetes-keps/files/keps/sig-cli/FAQ.md,G0-LOCAL-TEXT-REPLACE-EQ|kubernetes-keps/files/keps/sig-cli/FAQ.md|text#3@195-458,single_step,0,SINGLE,E1_LOCAL_TEXT,early,0.119485,replace_eq,1632,8,300,308,8,1632,11,362,6,0,0,0,0,0,0
edit_write,016d58d6b8a69c4c4cb235b24e3abd606df2bd38204ec1fa9e68a4c8ccad8ce4,H0,45,63,9131,9778,9178,9822,false,rp1:96f18ee3d9cb62a3578821900989ba90,kubernetes-keps,kubernetes-keps/files/keps/sig-cli/FAQ.md,G0-LOCAL-TEXT-REPLACE-EQ|kubernetes-keps/files/keps/sig-cli/FAQ.md|text#3@195-458,single_step,0,SINGLE,E1_LOCAL_TEXT,early,0.119485,replace_eq,1632,8,300,308,8,1632,11,362,6,0,0,0,0,0,0
edit_write,016d58d6b8a69c4c4cb235b24e3abd606df2bd38204ec1fa9e68a4c8ccad8ce4,H3,809,971,16025,21625,16850,22398,false,rp1:96f18ee3d9cb62a3578821900989ba90,kubernetes-keps,kubernetes-keps/files/keps/sig-cli/FAQ.md,G0-LOCAL-TEXT-REPLACE-EQ|kubernetes-keps/files/keps/sig-cli/FAQ.md|text#3@195-458,single_step,0,SINGLE,E1_LOCAL_TEXT,early,0.119485,replace_eq,1632,8,300,308,8,1632,11,362,6,0,0,0,0,0,0
edit_write,016d58d6b8a69c4c4cb235b24e3abd606df2bd38204ec1fa9e68a4c8ccad8ce4,H4,218,284,13094,26632,13283,26910,false,rp1:96f18ee3d9cb62a3578821900989ba90,kubernetes-keps,kubernetes-keps/files/keps/sig-cli/FAQ.md,G0-LOCAL-TEXT-REPLACE-EQ|kubernetes-keps/files/keps/sig-cli/FAQ.md|text#3@195-458,single_step,0,SINGLE,E1_LOCAL_TEXT,early,0.119485,replace_eq,1632,8,300,308,8,1632,11,362,6,0,0,0,0,0,0
edit_write,0375d416ea13245f1132f23fb2537edb3160fd6a2af4ba3dd5a16c47e988cb55,H1,44,52,9661,10372,9714,10416,false,rp1:a1a6bd1e308a3f206b0a958ba00b2cd4,d2l-en,d2l-en/files/chapter_installation/index.md,G0-LOCAL-TEXT-REPLACE-EQ|d2l-en/files/chapter_installation/index.md|text#60@5587-5727,single_step,0,SINGLE,E1_LOCAL_TEXT,late,0.916803,replace_eq,6094,8,5613,5621,8,6094,60,589,0,0,0,1227,0.201346,2.856580,0
edit_write,0375d416ea13245f1132f23fb2537edb3160fd6a2af4ba3dd5a16c47e988cb55,H2,89,111,17798,18903,17854,18979,false,rp1:a1a6bd1e308a3f206b0a958ba00b2cd4,d2l-en,d2l-en/files/chapter_installation/index.md,G0-LOCAL-TEXT-REPLACE-EQ|d2l-en/files/chapter_installation/index.md|text#60@5587-5727,single_step,0,SINGLE,E1_LOCAL_TEXT,late,0.916803,replace_eq,6094,8,5613,5621,8,6094,60,589,0,0,0,1227,0.201346,2.856580,0
edit_write,0375d416ea13245f1132f23fb2537edb3160fd6a2af4ba3dd5a16c47e988cb55,H0,45,53,31015,42449,31059,42491,false,rp1:a1a6bd1e308a3f206b0a958ba00b2cd4,d2l-en,d2l-en/files/chapter_installation/index.md,G0-LOCAL-TEXT-REPLACE-EQ|d2l-en/files/chapter_installation/index.md|text#60@5587-5727,single_step,0,SINGLE,E1_LOCAL_TEXT,late,0.916803,replace_eq,6094,8,5613,5621,8,6094,60,589,0,0,0,1227,0.201346,2.856580,0
edit_write,0375d416ea13245f1132f23fb2537edb3160fd6a2af4ba3dd5a16c47e988cb55,H3,2103,2239,13761,14801,15837,16990,false,rp1:a1a6bd1e308a3f206b0a958ba00b2cd4,d2l-en,d2l-en/files/chapter_installation/index.md,G0-LOCAL-TEXT-REPLACE-EQ|d2l-en/files/chapter_installation/index.md|text#60@5587-5727,single_step,0,SINGLE,E1_LOCAL_TEXT,late,0.916803,replace_eq,6094,8,5613,5621,8,6094,60,589,0,0,0,1227,0.201346,2.856580,0
edit_write,0375d416ea13245f1132f23fb2537edb3160fd6a2af4ba3dd5a16c47e988cb55,H4,290,339,7019,7993,7342,8307,false,rp1:a1a6bd1e308a3f206b0a958ba00b2cd4,d2l-en,d2l-en/files/chapter_installation/index.md,G0-LOCAL-TEXT-REPLACE-EQ|d2l-en/files/chapter_installation/index.md|text#60@5587-5727,single_step,0,SINGLE,E1_LOCAL_TEXT,late,0.916803,replace_eq,6094,8,5613,5621,8,6094,60,589,0,0,0,1227,0.201346,2.856580,0
edit_write,042549418bc280fad86b4dad28b115704f986f17763e7054b0b172626abcdbbb,H1,42,45,9885,10950,9928,10993,false,rp1:f1b954b656592d7c235bf082767547dc,crafting-interpreters,crafting-interpreters/files/note/answers/chapter13_inheritance/1.md,G0-CODESPAN-DELIM-BREAK|crafting-interpreters/files/note/answers/chapter13_inheritance/1.md|code_span#0@2148-2163,break_restore_pair,0,BREAK,E5_INLINE_DELIMITER,early,0.229487,delimiter_break,9360,1,2148,2149,0,9360,49,759,2,0,0,5228,0.558547,2.188034,0
edit_write,042549418bc280fad86b4dad28b115704f986f17763e7054b0b172626abcdbbb,H2,62,89,12048,13399,12166,13480,false,rp1:f1b954b656592d7c235bf082767547dc,crafting-interpreters,crafting-interpreters/files/note/answers/chapter13_inheritance/1.md,G0-CODESPAN-DELIM-BREAK|crafting-interpreters/files/note/answers/chapter13_inheritance/1.md|code_span#0@2148-2163,break_restore_pair,0,BREAK,E5_INLINE_DELIMITER,early,0.229487,delimiter_break,9360,1,2148,2149,0,9360,49,759,2,0,0,5228,0.558547,2.188034,0
edit_write,042549418bc280fad86b4dad28b115704f986f17763e7054b0b172626abcdbbb,H0,31,46,27359,30013,27400,30056,false,rp1:f1b954b656592d7c235bf082767547dc,crafting-interpreters,crafting-interpreters/files/note/answers/chapter13_inheritance/1.md,G0-CODESPAN-DELIM-BREAK|crafting-interpreters/files/note/answers/chapter13_inheritance/1.md|code_span#0@2148-2163,break_restore_pair,0,BREAK,E5_INLINE_DELIMITER,early,0.229487,delimiter_break,9360,1,2148,2149,0,9360,49,759,2,0,0,5228,0.558547,2.188034,0
edit_write,042549418bc280fad86b4dad28b115704f986f17763e7054b0b172626abcdbbb,H3,1651,1826,8752,9565,10331,11417,false,rp1:f1b954b656592d7c235bf082767547dc,crafting-interpreters,crafting-interpreters/files/note/answers/chapter13_inheritance/1.md,G0-CODESPAN-DELIM-BREAK|crafting-interpreters/files/note/answers/chapter13_inheritance/1.md|code_span#0@2148-2163,break_restore_pair,0,BREAK,E5_INLINE_DELIMITER,early,0.229487,delimiter_break,9360,1,2148,2149,0,9360,49,759,2,0,0,5228,0.558547,2.188034,0
edit_write,042549418bc280fad86b4dad28b115704f986f17763e7054b0b172626abcdbbb,H4,271,315,5006,5374,5252,5687,false,rp1:f1b954b656592d7c235bf082767547dc,crafting-interpreters,crafting-interpreters/files/note/answers/chapter13_inheritance/1.md,G0-CODESPAN-DELIM-BREAK|crafting-interpreters/files/note/answers/chapter13_inheritance/1.md|code_span#0@2148-2163,break_restore_pair,0,BREAK,E5_INLINE_DELIMITER,early,0.229487,delimiter_break,9360,1,2148,2149,0,9360,49,759,2,0,0,5228,0.558547,2.188034,0
edit_write,048ecdaa1b70ba1ab13183276f9f9326a4ba513183babc2965450179a183b81e,H1,43,51,26160,37963,26203,38026,false,rp1:d4dcf556fe61f6dd304c034352ca07d8,myst-parser,myst-parser/files/docs/develop/contributing.md,G0-FENCE-CLOSER-REMOVE|myst-parser/files/docs/develop/contributing.md|code_block_fenced#2@1186-1221,break_restore_pair,1,RESTORE,E4_FENCE_OPEN_CLOSE,,,close_restore,2724,3,1218,1218,3,2727,30,321,0,8,4,337,0.123579,2.628530,4.506051
edit_write,048ecdaa1b70ba1ab13183276f9f9326a4ba513183babc2965450179a183b81e,H2,81,113,15072,16628,15146,16733,false,rp1:d4dcf556fe61f6dd304c034352ca07d8,myst-parser,myst-parser/files/docs/develop/contributing.md,G0-FENCE-CLOSER-REMOVE|myst-parser/files/docs/develop/contributing.md|code_block_fenced#2@1186-1221,break_restore_pair,1,RESTORE,E4_FENCE_OPEN_CLOSE,,,close_restore,2724,3,1218,1218,3,2727,30,321,0,8,4,337,0.123579,2.628530,4.506051
edit_write,048ecdaa1b70ba1ab13183276f9f9326a4ba513183babc2965450179a183b81e,H0,35,52,16189,21137,16235,21176,false,rp1:d4dcf556fe61f6dd304c034352ca07d8,myst-parser,myst-parser/files/docs/develop/contributing.md,G0-FENCE-CLOSER-REMOVE|myst-parser/files/docs/develop/contributing.md|code_block_fenced#2@1186-1221,break_restore_pair,1,RESTORE,E4_FENCE_OPEN_CLOSE,,,close_restore,2724,3,1218,1218,3,2727,30,321,0,8,4,337,0.123579,2.628530,4.506051
edit_write,048ecdaa1b70ba1ab13183276f9f9326a4ba513183babc2965450179a183b81e,H3,1357,1487,13829,14618,15212,16108,false,rp1:d4dcf556fe61f6dd304c034352ca07d8,myst-parser,myst-parser/files/docs/develop/contributing.md,G0-FENCE-CLOSER-REMOVE|myst-parser/files/docs/develop/contributing.md|code_block_fenced#2@1186-1221,break_restore_pair,1,RESTORE,E4_FENCE_OPEN_CLOSE,,,close_restore,2724,3,1218,1218,3,2727,30,321,0,8,4,337,0.123579,2.628530,4.506051
edit_write,048ecdaa1b70ba1ab13183276f9f9326a4ba513183babc2965450179a183b81e,H4,177,242,7810,8708,7958,8972,false,rp1:d4dcf556fe61f6dd304c034352ca07d8,myst-parser,myst-parser/files/docs/develop/contributing.md,G0-FENCE-CLOSER-REMOVE|myst-parser/files/docs/develop/contributing.md|code_block_fenced#2@1186-1221,break_restore_pair,1,RESTORE,E4_FENCE_OPEN_CLOSE,,,close_restore,2724,3,1218,1218,3,2727,30,321,0,8,4,337,0.123579,2.628530,4.506051
edit_write,057a203b624cc378b24fa379357d305e93acbdc5d83bbb00a6c2044297a91d7a,H1,44,51,19837,21281,19878,21331,false,rp1:0c6b901a1a083181f8d9cf2ef3425809,opentelemetry-spec,opentelemetry-spec/files/specification/library-layout.md,G0-FENCE-CLOSER-REMOVE|opentelemetry-spec/files/specification/library-layout.md|code_block_fenced#1@1786-1941,break_restore_pair,0,BREAK,E4_FENCE_OPEN_CLOSE,middle|late,0.606658,close_break,2944,3,1938,1941,0,2944,40,330,2,0,0,367,0.124660,0.695652,0
edit_write,057a203b624cc378b24fa379357d305e93acbdc5d83bbb00a6c2044297a91d7a,H2,79,110,10083,11217,10140,11316,false,rp1:0c6b901a1a083181f8d9cf2ef3425809,opentelemetry-spec,opentelemetry-spec/files/specification/library-layout.md,G0-FENCE-CLOSER-REMOVE|opentelemetry-spec/files/specification/library-layout.md|code_block_fenced#1@1786-1941,break_restore_pair,0,BREAK,E4_FENCE_OPEN_CLOSE,middle|late,0.606658,close_break,2944,3,1938,1941,0,2944,40,330,2,0,0,367,0.124660,0.695652,0
edit_write,057a203b624cc378b24fa379357d305e93acbdc5d83bbb00a6c2044297a91d7a,H0,42,58,12843,13673,12870,13720,false,rp1:0c6b901a1a083181f8d9cf2ef3425809,opentelemetry-spec,opentelemetry-spec/files/specification/library-layout.md,G0-FENCE-CLOSER-REMOVE|opentelemetry-spec/files/specification/library-layout.md|code_block_fenced#1@1786-1941,break_restore_pair,0,BREAK,E4_FENCE_OPEN_CLOSE,middle|late,0.606658,close_break,2944,3,1938,1941,0,2944,40,330,2,0,0,367,0.124660,0.695652,0
edit_write,057a203b624cc378b24fa379357d305e93acbdc5d83bbb00a6c2044297a91d7a,H3,1271,1397,6824,7404,8083,8786,false,rp1:0c6b901a1a083181f8d9cf2ef3425809,opentelemetry-spec,opentelemetry-spec/files/specification/library-layout.md,G0-FENCE-CLOSER-REMOVE|opentelemetry-spec/files/specification/library-layout.md|code_block_fenced#1@1786-1941,break_restore_pair,0,BREAK,E4_FENCE_OPEN_CLOSE,middle|late,0.606658,close_break,2944,3,1938,1941,0,2944,40,330,2,0,0,367,0.124660,0.695652,0
edit_write,057a203b624cc378b24fa379357d305e93acbdc5d83bbb00a6c2044297a91d7a,H4,186,250,4823,5207,4994,5424,false,rp1:0c6b901a1a083181f8d9cf2ef3425809,opentelemetry-spec,opentelemetry-spec/files/specification/library-layout.md,G0-FENCE-CLOSER-REMOVE|opentelemetry-spec/files/specification/library-layout.md|code_block_fenced#1@1786-1941,break_restore_pair,0,BREAK,E4_FENCE_OPEN_CLOSE,middle|late,0.606658,close_break,2944,3,1938,1941,0,2944,40,330,2,0,0,367,0.124660,0.695652,0
edit_write,05bea54eaa7fc32f8be73d01494e8a8ead6843eece95d5c0332831a1638c8bff,H1,43,46,33221,35238,33261,35283,false,rp1:ae8060f5b2d8a70948b72bc0c7ca061e,rust-rfcs,rust-rfcs/files/text/1123-str-split-at.md,G0-PARAGRAPH-MERGE|rust-rfcs/files/text/1123-str-split-at.md|paragraph#13@1458-1587,single_step,0,SINGLE,E2_PARAGRAPH_SPLIT_MERGE,middle,0.424949,merge,3431,2,1456,1458,1,3431,31,877,2,2,2,866,0.252405,0.298455,1.193821
edit_write,05bea54eaa7fc32f8be73d01494e8a8ead6843eece95d5c0332831a1638c8bff,H2,76,113,9343,9934,9449,10022,false,rp1:ae8060f5b2d8a70948b72bc0c7ca061e,rust-rfcs,rust-rfcs/files/text/1123-str-split-at.md,G0-PARAGRAPH-MERGE|rust-rfcs/files/text/1123-str-split-at.md|paragraph#13@1458-1587,single_step,0,SINGLE,E2_PARAGRAPH_SPLIT_MERGE,middle,0.424949,merge,3431,2,1456,1458,1,3431,31,877,2,2,2,866,0.252405,0.298455,1.193821
edit_write,05bea54eaa7fc32f8be73d01494e8a8ead6843eece95d5c0332831a1638c8bff,H0,33,49,20847,27129,20887,27162,false,rp1:ae8060f5b2d8a70948b72bc0c7ca061e,rust-rfcs,rust-rfcs/files/text/1123-str-split-at.md,G0-PARAGRAPH-MERGE|rust-rfcs/files/text/1123-str-split-at.md|paragraph#13@1458-1587,single_step,0,SINGLE,E2_PARAGRAPH_SPLIT_MERGE,middle,0.424949,merge,3431,2,1456,1458,1,3431,31,877,2,2,2,866,0.252405,0.298455,1.193821
edit_write,05bea54eaa7fc32f8be73d01494e8a8ead6843eece95d5c0332831a1638c8bff,H3,1243,1384,7511,8191,8783,9626,false,rp1:ae8060f5b2d8a70948b72bc0c7ca061e,rust-rfcs,rust-rfcs/files/text/1123-str-split-at.md,G0-PARAGRAPH-MERGE|rust-rfcs/files/text/1123-str-split-at.md|paragraph#13@1458-1587,single_step,0,SINGLE,E2_PARAGRAPH_SPLIT_MERGE,middle,0.424949,merge,3431,2,1456,1458,1,3431,31,877,2,2,2,866,0.252405,0.298455,1.193821
edit_write,05bea54eaa7fc32f8be73d01494e8a8ead6843eece95d5c0332831a1638c8bff,H4,168,227,4523,4890,4696,5116,false,rp1:ae8060f5b2d8a70948b72bc0c7ca061e,rust-rfcs,rust-rfcs/files/text/1123-str-split-at.md,G0-PARAGRAPH-MERGE|rust-rfcs/files/text/1123-str-split-at.md|paragraph#13@1458-1587,single_step,0,SINGLE,E2_PARAGRAPH_SPLIT_MERGE,middle,0.424949,merge,3431,2,1456,1458,1,3431,31,877,2,2,2,866,0.252405,0.298455,1.193821
edit_write,078bbcefc4436fbf5ca4948e94d66e0b510e79250c7b15e0a8658579d7b2f73b,H1,43,46,70631,91424,70674,91466,false,rp1:1d55a77e8167c8459e50ff235a53248a,rust-rfcs,rust-rfcs/files/text/3289-source_replacement_ambiguity.md,G0-LOCAL-TEXT-REPLACE-EQ|rust-rfcs/files/text/3289-source_replacement_ambiguity.md|text#112@6494-6565,single_step,0,SINGLE,E1_LOCAL_TEXT,late,0.900818,replace_eq,7209,8,6546,6554,8,7209,72,301,2,10,2,322,0.044666,0.426134,1.704536
edit_write,078bbcefc4436fbf5ca4948e94d66e0b510e79250c7b15e0a8658579d7b2f73b,H2,125,154,18551,20407,18641,20566,false,rp1:1d55a77e8167c8459e50ff235a53248a,rust-rfcs,rust-rfcs/files/text/3289-source_replacement_ambiguity.md,G0-LOCAL-TEXT-REPLACE-EQ|rust-rfcs/files/text/3289-source_replacement_ambiguity.md|text#112@6494-6565,single_step,0,SINGLE,E1_LOCAL_TEXT,late,0.900818,replace_eq,7209,8,6546,6554,8,7209,72,301,2,10,2,322,0.044666,0.426134,1.704536
edit_write,078bbcefc4436fbf5ca4948e94d66e0b510e79250c7b15e0a8658579d7b2f73b,H0,38,53,48155,62502,48190,62541,false,rp1:1d55a77e8167c8459e50ff235a53248a,rust-rfcs,rust-rfcs/files/text/3289-source_replacement_ambiguity.md,G0-LOCAL-TEXT-REPLACE-EQ|rust-rfcs/files/text/3289-source_replacement_ambiguity.md|text#112@6494-6565,single_step,0,SINGLE,E1_LOCAL_TEXT,late,0.900818,replace_eq,7209,8,6546,6554,8,7209,72,301,2,10,2,322,0.044666,0.426134,1.704536
edit_write,078bbcefc4436fbf5ca4948e94d66e0b510e79250c7b15e0a8658579d7b2f73b,H3,2453,2808,14744,26235,17247,28844,false,rp1:1d55a77e8167c8459e50ff235a53248a,rust-rfcs,rust-rfcs/files/text/3289-source_replacement_ambiguity.md,G0-LOCAL-TEXT-REPLACE-EQ|rust-rfcs/files/text/3289-source_replacement_ambiguity.md|text#112@6494-6565,single_step,0,SINGLE,E1_LOCAL_TEXT,late,0.900818,replace_eq,7209,8,6546,6554,8,7209,72,301,2,10,2,322,0.044666,0.426134,1.704536
edit_write,078bbcefc4436fbf5ca4948e94d66e0b510e79250c7b15e0a8658579d7b2f73b,H4,431,470,8895,9708,9330,10124,false,rp1:1d55a77e8167c8459e50ff235a53248a,rust-rfcs,rust-rfcs/files/text/3289-source_replacement_ambiguity.md,G0-LOCAL-TEXT-REPLACE-EQ|rust-rfcs/files/text/3289-source_replacement_ambiguity.md|text#112@6494-6565,single_step,0,SINGLE,E1_LOCAL_TEXT,late,0.900818,replace_eq,7209,8,6546,6554,8,7209,72,301,2,10,2,322,0.044666,0.426134,1.704536
edit_write,0845b5903a7774cddde134658230b5b206f0206a3c7a131c6c0b1d7aee111afe,H1,46,52,31200,32157,31239,32221,false,rp1:05178933eb1dcd6e8589530a02748d54,oci-image,oci-image/files/implementations.md,G0-LIST-ITEM-INDENT|oci-image/files/implementations.md|list_item#11@1327-1384,break_restore_pair,0,BREAK,E3_CONTAINER_DEPTH,middle,0.548121,indent_deepen,2421,2,1327,1327,2,2421,28,249,4,0,0,0,0,0,0
edit_write,0845b5903a7774cddde134658230b5b206f0206a3c7a131c6c0b1d7aee111afe,H2,84,114,38301,54471,38402,54569,false,rp1:05178933eb1dcd6e8589530a02748d54,oci-image,oci-image/files/implementations.md,G0-LIST-ITEM-INDENT|oci-image/files/implementations.md|list_item#11@1327-1384,break_restore_pair,0,BREAK,E3_CONTAINER_DEPTH,middle,0.548121,indent_deepen,2421,2,1327,1327,2,2421,28,249,4,0,0,0,0,0,0
edit_write,0845b5903a7774cddde134658230b5b206f0206a3c7a131c6c0b1d7aee111afe,H0,44,65,24928,25573,24972,25635,false,rp1:05178933eb1dcd6e8589530a02748d54,oci-image,oci-image/files/implementations.md,G0-LIST-ITEM-INDENT|oci-image/files/implementations.md|list_item#11@1327-1384,break_restore_pair,0,BREAK,E3_CONTAINER_DEPTH,middle,0.548121,indent_deepen,2421,2,1327,1327,2,2421,28,249,4,0,0,0,0,0,0
edit_write,0845b5903a7774cddde134658230b5b206f0206a3c7a131c6c0b1d7aee111afe,H3,2913,3109,37318,39356,40258,42717,false,rp1:05178933eb1dcd6e8589530a02748d54,oci-image,oci-image/files/implementations.md,G0-LIST-ITEM-INDENT|oci-image/files/implementations.md|list_item#11@1327-1384,break_restore_pair,0,BREAK,E3_CONTAINER_DEPTH,middle,0.548121,indent_deepen,2421,2,1327,1327,2,2421,28,249,4,0,0,0,0,0,0
edit_write,0845b5903a7774cddde134658230b5b206f0206a3c7a131c6c0b1d7aee111afe,H4,441,532,34085,35890,34529,36414,false,rp1:05178933eb1dcd6e8589530a02748d54,oci-image,oci-image/files/implementations.md,G0-LIST-ITEM-INDENT|oci-image/files/implementations.md|list_item#11@1327-1384,break_restore_pair,0,BREAK,E3_CONTAINER_DEPTH,middle,0.548121,indent_deepen,2421,2,1327,1327,2,2421,28,249,4,0,0,0,0,0,0
edit_write,0910afe359412b025b578bae1eba2153281a8ffec29add84e528fd4115eb5b1a,H1,45,58,4703,5055,4765,5127,false,rp1:28de968cd00d7d0c9378709f0e61bbca,oci-image,oci-image/files/implementations.md,G0-LIST-ITEM-INDENT|oci-image/files/implementations.md|list_item#22@2214-2314,break_restore_pair,1,RESTORE,E3_CONTAINER_DEPTH,,,indent_restore,2423,2,2214,2216,0,2421,28,249,4,0,0,0,0,0,0
edit_write,0910afe359412b025b578bae1eba2153281a8ffec29add84e528fd4115eb5b1a,H2,86,117,7468,8169,7550,8257,false,rp1:28de968cd00d7d0c9378709f0e61bbca,oci-image,oci-image/files/implementations.md,G0-LIST-ITEM-INDENT|oci-image/files/implementations.md|list_item#22@2214-2314,break_restore_pair,1,RESTORE,E3_CONTAINER_DEPTH,,,indent_restore,2423,2,2214,2216,0,2421,28,249,4,0,0,0,0,0,0
edit_write,0910afe359412b025b578bae1eba2153281a8ffec29add84e528fd4115eb5b1a,H0,43,61,24663,27020,24707,27063,false,rp1:28de968cd00d7d0c9378709f0e61bbca,oci-image,oci-image/files/implementations.md,G0-LIST-ITEM-INDENT|oci-image/files/implementations.md|list_item#22@2214-2314,break_restore_pair,1,RESTORE,E3_CONTAINER_DEPTH,,,indent_restore,2423,2,2214,2216,0,2421,28,249,4,0,0,0,0,0,0
edit_write,0910afe359412b025b578bae1eba2153281a8ffec29add84e528fd4115eb5b1a,H3,1266,1430,6332,6935,7600,8385,false,rp1:28de968cd00d7d0c9378709f0e61bbca,oci-image,oci-image/files/implementations.md,G0-LIST-ITEM-INDENT|oci-image/files/implementations.md|list_item#22@2214-2314,break_restore_pair,1,RESTORE,E3_CONTAINER_DEPTH,,,indent_restore,2423,2,2214,2216,0,2421,28,249,4,0,0,0,0,0,0
edit_write,0910afe359412b025b578bae1eba2153281a8ffec29add84e528fd4115eb5b1a,H4,186,239,4878,5166,5080,5383,false,rp1:28de968cd00d7d0c9378709f0e61bbca,oci-image,oci-image/files/implementations.md,G0-LIST-ITEM-INDENT|oci-image/files/implementations.md|list_item#22@2214-2314,break_restore_pair,1,RESTORE,E3_CONTAINER_DEPTH,,,indent_restore,2423,2,2214,2216,0,2421,28,249,4,0,0,0,0,0,0
edit_write,0b92f873cadf1b4ea3ec333f3e42105df5781228a422f2f4dd8d8f5767a5e6e3,H1,43,50,5464,5877,5493,5912,false,rp1:9b7b4b42b99b9c096600001cba5a1c3e,opentelemetry-spec,opentelemetry-spec/files/specification/library-layout.md,G0-LINK-DEST-BREAK|opentelemetry-spec/files/specification/library-layout.md|link_inline#7@2619-2646,single_step,0,SINGLE,E5_INLINE_DELIMITER,late,0.889606,destination_break,2944,1,2633,2633,1,2944,40,330,2,0,0,367,0.124660,0.695652,0
edit_write,0b92f873cadf1b4ea3ec333f3e42105df5781228a422f2f4dd8d8f5767a5e6e3,H2,86,111,10538,11511,10607,11639,false,rp1:9b7b4b42b99b9c096600001cba5a1c3e,opentelemetry-spec,opentelemetry-spec/files/specification/library-layout.md,G0-LINK-DEST-BREAK|opentelemetry-spec/files/specification/library-layout.md|link_inline#7@2619-2646,single_step,0,SINGLE,E5_INLINE_DELIMITER,late,0.889606,destination_break,2944,1,2633,2633,1,2944,40,330,2,0,0,367,0.124660,0.695652,0
edit_write,0b92f873cadf1b4ea3ec333f3e42105df5781228a422f2f4dd8d8f5767a5e6e3,H0,44,53,18257,23980,18297,24024,false,rp1:9b7b4b42b99b9c096600001cba5a1c3e,opentelemetry-spec,opentelemetry-spec/files/specification/library-layout.md,G0-LINK-DEST-BREAK|opentelemetry-spec/files/specification/library-layout.md|link_inline#7@2619-2646,single_step,0,SINGLE,E5_INLINE_DELIMITER,late,0.889606,destination_break,2944,1,2633,2633,1,2944,40,330,2,0,0,367,0.124660,0.695652,0
edit_write,0b92f873cadf1b4ea3ec333f3e42105df5781228a422f2f4dd8d8f5767a5e6e3,H3,1508,1624,7431,8062,8914,9672,false,rp1:9b7b4b42b99b9c096600001cba5a1c3e,opentelemetry-spec,opentelemetry-spec/files/specification/library-layout.md,G0-LINK-DEST-BREAK|opentelemetry-spec/files/specification/library-layout.md|link_inline#7@2619-2646,single_step,0,SINGLE,E5_INLINE_DELIMITER,late,0.889606,destination_break,2944,1,2633,2633,1,2944,40,330,2,0,0,367,0.124660,0.695652,0
edit_write,0b92f873cadf1b4ea3ec333f3e42105df5781228a422f2f4dd8d8f5767a5e6e3,H4,192,234,4293,4827,4521,5076,false,rp1:9b7b4b42b99b9c096600001cba5a1c3e,opentelemetry-spec,opentelemetry-spec/files/specification/library-layout.md,G0-LINK-DEST-BREAK|opentelemetry-spec/files/specification/library-layout.md|link_inline#7@2619-2646,single_step,0,SINGLE,E5_INLINE_DELIMITER,late,0.889606,destination_break,2944,1,2633,2633,1,2944,40,330,2,0,0,367,0.124660,0.695652,0
edit_write,0f47ccec007b2a6f0df63731e1f7b2f46d8cc086e57842a04ceaae594d386daa,H1,47,66,5496,6093,5570,6136,false,rp1:1b8e51798e53b519958cb4481760d1a2,oci-image,oci-image/files/implementations.md,G0-PARAGRAPH-SPLIT|oci-image/files/implementations.md|paragraph#24@2216-2314,single_step,0,SINGLE,E2_PARAGRAPH_SPLIT_MERGE,late,0.915324,split,2421,2,2269,2270,2,2421,28,249,4,0,0,0,0,0,0
edit_write,0f47ccec007b2a6f0df63731e1f7b2f46d8cc086e57842a04ceaae594d386daa,H2,108,122,8677,9392,8759,9514,false,rp1:1b8e51798e53b519958cb4481760d1a2,oci-image,oci-image/files/implementations.md,G0-PARAGRAPH-SPLIT|oci-image/files/implementations.md|paragraph#24@2216-2314,single_step,0,SINGLE,E2_PARAGRAPH_SPLIT_MERGE,late,0.915324,split,2421,2,2269,2270,2,2421,28,249,4,0,0,0,0,0,0
edit_write,0f47ccec007b2a6f0df63731e1f7b2f46d8cc086e57842a04ceaae594d386daa,H0,45,54,25496,27495,25549,27532,false,rp1:1b8e51798e53b519958cb4481760d1a2,oci-image,oci-image/files/implementations.md,G0-PARAGRAPH-SPLIT|oci-image/files/implementations.md|paragraph#24@2216-2314,single_step,0,SINGLE,E2_PARAGRAPH_SPLIT_MERGE,late,0.915324,split,2421,2,2269,2270,2,2421,28,249,4,0,0,0,0,0,0
edit_write,0f47ccec007b2a6f0df63731e1f7b2f46d8cc086e57842a04ceaae594d386daa,H3,1612,1744,7404,8162,8945,9914,false,rp1:1b8e51798e53b519958cb4481760d1a2,oci-image,oci-image/files/implementations.md,G0-PARAGRAPH-SPLIT|oci-image/files/implementations.md|paragraph#24@2216-2314,single_step,0,SINGLE,E2_PARAGRAPH_SPLIT_MERGE,late,0.915324,split,2421,2,2269,2270,2,2421,28,249,4,0,0,0,0,0,0
edit_write,0f47ccec007b2a6f0df63731e1f7b2f46d8cc086e57842a04ceaae594d386daa,H4,175,229,5732,6250,5956,6472,false,rp1:1b8e51798e53b519958cb4481760d1a2,oci-image,oci-image/files/implementations.md,G0-PARAGRAPH-SPLIT|oci-image/files/implementations.md|paragraph#24@2216-2314,single_step,0,SINGLE,E2_PARAGRAPH_SPLIT_MERGE,late,0.915324,split,2421,2,2269,2270,2,2421,28,249,4,0,0,0,0,0,0
edit_write,0f49a711d933b29d07d141a166a70a4d477345685bb2546275d8ec99fed0ccae,H1,45,63,31402,32408,31456,32453,false,rp1:0b10c36b2f49a8d8dc50a125d650766a,oci-image,oci-image/files/HACKING.md,G0-PARAGRAPH-SPLIT|oci-image/files/HACKING.md|paragraph#23@1571-1654,single_step,0,SINGLE,E2_PARAGRAPH_SPLIT_MERGE,late,0.845988,split,1857,2,1613,1614,2,1857,48,139,2,3,3,139,0.074852,4.411416,3.308562
edit_write,0f49a711d933b29d07d141a166a70a4d477345685bb2546275d8ec99fed0ccae,H2,91,126,13632,19378,13723,19469,false,rp1:0b10c36b2f49a8d8dc50a125d650766a,oci-image,oci-image/files/HACKING.md,G0-PARAGRAPH-SPLIT|oci-image/files/HACKING.md|paragraph#23@1571-1654,single_step,0,SINGLE,E2_PARAGRAPH_SPLIT_MERGE,late,0.845988,split,1857,2,1613,1614,2,1857,48,139,2,3,3,139,0.074852,4.411416,3.308562
edit_write,0f49a711d933b29d07d141a166a70a4d477345685bb2546275d8ec99fed0ccae,H0,35,46,17634,18099,17671,18131,false,rp1:0b10c36b2f49a8d8dc50a125d650766a,oci-image,oci-image/files/HACKING.md,G0-PARAGRAPH-SPLIT|oci-image/files/HACKING.md|paragraph#23@1571-1654,single_step,0,SINGLE,E2_PARAGRAPH_SPLIT_MERGE,late,0.845988,split,1857,2,1613,1614,2,1857,48,139,2,3,3,139,0.074852,4.411416,3.308562
edit_write,0f49a711d933b29d07d141a166a70a4d477345685bb2546275d8ec99fed0ccae,H3,1771,1869,10401,11138,12136,12959,false,rp1:0b10c36b2f49a8d8dc50a125d650766a,oci-image,oci-image/files/HACKING.md,G0-PARAGRAPH-SPLIT|oci-image/files/HACKING.md|paragraph#23@1571-1654,single_step,0,SINGLE,E2_PARAGRAPH_SPLIT_MERGE,late,0.845988,split,1857,2,1613,1614,2,1857,48,139,2,3,3,139,0.074852,4.411416,3.308562
edit_write,0f49a711d933b29d07d141a166a70a4d477345685bb2546275d8ec99fed0ccae,H4,243,301,5727,6234,6018,6492,false,rp1:0b10c36b2f49a8d8dc50a125d650766a,oci-image,oci-image/files/HACKING.md,G0-PARAGRAPH-SPLIT|oci-image/files/HACKING.md|paragraph#23@1571-1654,single_step,0,SINGLE,E2_PARAGRAPH_SPLIT_MERGE,late,0.845988,split,1857,2,1613,1614,2,1857,48,139,2,3,3,139,0.074852,4.411416,3.308562
edit_write,0f92f50eca88300ca573b9c131e8e5371ee7adcfc8d139b3800f7d87b50814c8,H1,44,51,15482,16650,15524,16695,false,rp1:e21c2451a7ec62938af35bcb954ba0fc,rust-book,rust-book/files/src/appendix-05-editions.md,G0-CODESPAN-DELIM-BREAK|rust-book/files/src/appendix-05-editions.md|code_span#0@52-63,break_restore_pair,0,BREAK,E5_INLINE_DELIMITER,early,0.016911,delimiter_break,3075,1,52,53,0,3075,15,480,2,1,1,0,0,0,0.666016
edit_write,0f92f50eca88300ca573b9c131e8e5371ee7adcfc8d139b3800f7d87b50814c8,H2,50,61,4710,5153,4744,5201,false,rp1:e21c2451a7ec62938af35bcb954ba0fc,rust-book,rust-book/files/src/appendix-05-editions.md,G0-CODESPAN-DELIM-BREAK|rust-book/files/src/appendix-05-editions.md|code_span#0@52-63,break_restore_pair,0,BREAK,E5_INLINE_DELIMITER,early,0.016911,delimiter_break,3075,1,52,53,0,3075,15,480,2,1,1,0,0,0,0.666016
edit_write,0f92f50eca88300ca573b9c131e8e5371ee7adcfc8d139b3800f7d87b50814c8,H0,31,55,11320,12013,11357,12045,false,rp1:e21c2451a7ec62938af35bcb954ba0fc,rust-book,rust-book/files/src/appendix-05-editions.md,G0-CODESPAN-DELIM-BREAK|rust-book/files/src/appendix-05-editions.md|code_span#0@52-63,break_restore_pair,0,BREAK,E5_INLINE_DELIMITER,early,0.016911,delimiter_break,3075,1,52,53,0,3075,15,480,2,1,1,0,0,0,0.666016
edit_write,0f92f50eca88300ca573b9c131e8e5371ee7adcfc8d139b3800f7d87b50814c8,H3,731,883,3967,4267,4624,5062,false,rp1:e21c2451a7ec62938af35bcb954ba0fc,rust-book,rust-book/files/src/appendix-05-editions.md,G0-CODESPAN-DELIM-BREAK|rust-book/files/src/appendix-05-editions.md|code_span#0@52-63,break_restore_pair,0,BREAK,E5_INLINE_DELIMITER,early,0.016911,delimiter_break,3075,1,52,53,0,3075,15,480,2,1,1,0,0,0,0.666016
edit_write,0f92f50eca88300ca573b9c131e8e5371ee7adcfc8d139b3800f7d87b50814c8,H4,99,155,2406,2580,2514,2735,false,rp1:e21c2451a7ec62938af35bcb954ba0fc,rust-book,rust-book/files/src/appendix-05-editions.md,G0-CODESPAN-DELIM-BREAK|rust-book/files/src/appendix-05-editions.md|code_span#0@52-63,break_restore_pair,0,BREAK,E5_INLINE_DELIMITER,early,0.016911,delimiter_break,3075,1,52,53,0,3075,15,480,2,1,1,0,0,0,0.666016
edit_write,1071aa73a39382493fc834d207c40f8a61d767f1bf9d62ab5f57b1efbccf751d,H1,44,50,73322,92589,73363,92648,false,rp1:3c87a55788b26359f7e6447084f695a6,rust-rfcs,rust-rfcs/files/text/3289-source_replacement_ambiguity.md,G0-LIST-ITEM-INDENT|rust-rfcs/files/text/3289-source_replacement_ambiguity.md|list_item#11@3697-3785,break_restore_pair,1,RESTORE,E3_CONTAINER_DEPTH,,,indent_restore,7211,2,3697,3699,0,7209,72,301,2,10,2,322,0.044666,0.426134,1.704536
edit_write,1071aa73a39382493fc834d207c40f8a61d767f1bf9d62ab5f57b1efbccf751d,H2,130,151,23004,25180,23123,25330,false,rp1:3c87a55788b26359f7e6447084f695a6,rust-rfcs,rust-rfcs/files/text/3289-source_replacement_ambiguity.md,G0-LIST-ITEM-INDENT|rust-rfcs/files/text/3289-source_replacement_ambiguity.md|list_item#11@3697-3785,break_restore_pair,1,RESTORE,E3_CONTAINER_DEPTH,,,indent_restore,7211,2,3697,3699,0,7209,72,301,2,10,2,322,0.044666,0.426134,1.704536
edit_write,1071aa73a39382493fc834d207c40f8a61d767f1bf9d62ab5f57b1efbccf751d,H0,37,49,48468,70240,48501,70285,false,rp1:3c87a55788b26359f7e6447084f695a6,rust-rfcs,rust-rfcs/files/text/3289-source_replacement_ambiguity.md,G0-LIST-ITEM-INDENT|rust-rfcs/files/text/3289-source_replacement_ambiguity.md|list_item#11@3697-3785,break_restore_pair,1,RESTORE,E3_CONTAINER_DEPTH,,,indent_restore,7211,2,3697,3699,0,7209,72,301,2,10,2,322,0.044666,0.426134,1.704536
edit_write,1071aa73a39382493fc834d207c40f8a61d767f1bf9d62ab5f57b1efbccf751d,H3,2852,3197,19216,20695,22086,23891,false,rp1:3c87a55788b26359f7e6447084f695a6,rust-rfcs,rust-rfcs/files/text/3289-source_replacement_ambiguity.md,G0-LIST-ITEM-INDENT|rust-rfcs/files/text/3289-source_replacement_ambiguity.md|list_item#11@3697-3785,break_restore_pair,1,RESTORE,E3_CONTAINER_DEPTH,,,indent_restore,7211,2,3697,3699,0,7209,72,301,2,10,2,322,0.044666,0.426134,1.704536
edit_write,1071aa73a39382493fc834d207c40f8a61d767f1bf9d62ab5f57b1efbccf751d,H4,672,730,13542,14685,14180,15415,false,rp1:3c87a55788b26359f7e6447084f695a6,rust-rfcs,rust-rfcs/files/text/3289-source_replacement_ambiguity.md,G0-LIST-ITEM-INDENT|rust-rfcs/files/text/3289-source_replacement_ambiguity.md|list_item#11@3697-3785,break_restore_pair,1,RESTORE,E3_CONTAINER_DEPTH,,,indent_restore,7211,2,3697,3699,0,7209,72,301,2,10,2,322,0.044666,0.426134,1.704536
edit_write,11023cd3b503f9e53e640408dc508ec7f13eaeb27bdbe0fa59582bc6d4c6f66e,H1,29,45,1597,1923,1621,1951,false,rp1:0110c172d0eec305197d2380170b405e,crafting-interpreters,crafting-interpreters/files/note/answers/chapter01_introduction/1.md,G0-PARAGRAPH-SPLIT|crafting-interpreters/files/note/answers/chapter01_introduction/1.md|paragraph#1@146-304,single_step,0,SINGLE,E2_PARAGRAPH_SPLIT_MERGE,middle,0.350962,split,416,2,228,229,2,416,3,158,0,0,0,0,0,0,0
edit_write,11023cd3b503f9e53e640408dc508ec7f13eaeb27bdbe0fa59582bc6d4c6f66e,H2,59,76,2457,2834,2516,2896,false,rp1:0110c172d0eec305197d2380170b405e,crafting-interpreters,crafting-interpreters/files/note/answers/chapter01_introduction/1.md,G0-PARAGRAPH-SPLIT|crafting-interpreters/files/note/answers/chapter01_introduction/1.md|paragraph#1@146-304,single_step,0,SINGLE,E2_PARAGRAPH_SPLIT_MERGE,middle,0.350962,split,416,2,228,229,2,416,3,158,0,0,0,0,0,0,0
edit_write,11023cd3b503f9e53e640408dc508ec7f13eaeb27bdbe0fa59582bc6d4c6f66e,H0,30,40,1687,1741,1715,1778,false,rp1:0110c172d0eec305197d2380170b405e,crafting-interpreters,crafting-interpreters/files/note/answers/chapter01_introduction/1.md,G0-PARAGRAPH-SPLIT|crafting-interpreters/files/note/answers/chapter01_introduction/1.md|paragraph#1@146-304,single_step,0,SINGLE,E2_PARAGRAPH_SPLIT_MERGE,middle,0.350962,split,416,2,228,229,2,416,3,158,0,0,0,0,0,0,0
edit_write,11023cd3b503f9e53e640408dc508ec7f13eaeb27bdbe0fa59582bc6d4c6f66e,H3,346,449,2241,2495,2592,2911,false,rp1:0110c172d0eec305197d2380170b405e,crafting-interpreters,crafting-interpreters/files/note/answers/chapter01_introduction/1.md,G0-PARAGRAPH-SPLIT|crafting-interpreters/files/note/answers/chapter01_introduction/1.md|paragraph#1@146-304,single_step,0,SINGLE,E2_PARAGRAPH_SPLIT_MERGE,middle,0.350962,split,416,2,228,229,2,416,3,158,0,0,0,0,0,0,0
edit_write,11023cd3b503f9e53e640408dc508ec7f13eaeb27bdbe0fa59582bc6d4c6f66e,H4,54,99,1331,1523,1382,1608,false,rp1:0110c172d0eec305197d2380170b405e,crafting-interpreters,crafting-interpreters/files/note/answers/chapter01_introduction/1.md,G0-PARAGRAPH-SPLIT|crafting-interpreters/files/note/answers/chapter01_introduction/1.md|paragraph#1@146-304,single_step,0,SINGLE,E2_PARAGRAPH_SPLIT_MERGE,middle,0.350962,split,416,2,228,229,2,416,3,158,0,0,0,0,0,0,0
edit_write,1109ce98159395e58e64bfe20923af97f2870ad0dd279a7dc21e27cf2e927195,H1,43,47,75076,91937,75117,91983,false,rp1:44e7126c47696cb499882313c87ebdb6,rust-rfcs,rust-rfcs/files/text/3289-source_replacement_ambiguity.md,G0-PARAGRAPH-SPLIT|rust-rfcs/files/text/3289-source_replacement_ambiguity.md|paragraph#21@3522-3580,single_step,0,SINGLE,E2_PARAGRAPH_SPLIT_MERGE,middle,0.488556,split,7209,2,3551,3552,2,7209,72,301,2,10,2,322,0.044666,0.426134,1.704536
edit_write,1109ce98159395e58e64bfe20923af97f2870ad0dd279a7dc21e27cf2e927195,H2,116,155,25328,27044,25426,27199,false,rp1:44e7126c47696cb499882313c87ebdb6,rust-rfcs,rust-rfcs/files/text/3289-source_replacement_ambiguity.md,G0-PARAGRAPH-SPLIT|rust-rfcs/files/text/3289-source_replacement_ambiguity.md|paragraph#21@3522-3580,single_step,0,SINGLE,E2_PARAGRAPH_SPLIT_MERGE,middle,0.488556,split,7209,2,3551,3552,2,7209,72,301,2,10,2,322,0.044666,0.426134,1.704536
edit_write,1109ce98159395e58e64bfe20923af97f2870ad0dd279a7dc21e27cf2e927195,H0,35,60,49094,62634,49129,62667,true,rp1:44e7126c47696cb499882313c87ebdb6,rust-rfcs,rust-rfcs/files/text/3289-source_replacement_ambiguity.md,G0-PARAGRAPH-SPLIT|rust-rfcs/files/text/3289-source_replacement_ambiguity.md|paragraph#21@3522-3580,single_step,0,SINGLE,E2_PARAGRAPH_SPLIT_MERGE,middle,0.488556,split,7209,2,3551,3552,2,7209,72,301,2,10,2,322,0.044666,0.426134,1.704536
edit_write,1109ce98159395e58e64bfe20923af97f2870ad0dd279a7dc21e27cf2e927195,H3,3593,3775,22513,24003,25920,27630,true,rp1:44e7126c47696cb499882313c87ebdb6,rust-rfcs,rust-rfcs/files/text/3289-source_replacement_ambiguity.md,G0-PARAGRAPH-SPLIT|rust-rfcs/files/text/3289-source_replacement_ambiguity.md|paragraph#21@3522-3580,single_step,0,SINGLE,E2_PARAGRAPH_SPLIT_MERGE,middle,0.488556,split,7209,2,3551,3552,2,7209,72,301,2,10,2,322,0.044666,0.426134,1.704536
edit_write,1109ce98159395e58e64bfe20923af97f2870ad0dd279a7dc21e27cf2e927195,H4,685,776,16028,18070,16809,18788,false,rp1:44e7126c47696cb499882313c87ebdb6,rust-rfcs,rust-rfcs/files/text/3289-source_replacement_ambiguity.md,G0-PARAGRAPH-SPLIT|rust-rfcs/files/text/3289-source_replacement_ambiguity.md|paragraph#21@3522-3580,single_step,0,SINGLE,E2_PARAGRAPH_SPLIT_MERGE,middle,0.488556,split,7209,2,3551,3552,2,7209,72,301,2,10,2,322,0.044666,0.426134,1.704536
edit_write,117c2ea60e643beb6d64abcaba2451bb9252535d919f288f92bb5a2c529924bb,H1,42,51,28123,40046,28165,40081,false,rp1:4d48070656f7cfa612097942d283930b,oci-image,oci-image/files/HACKING.md,G0-FENCE-CLOSER-REMOVE|oci-image/files/HACKING.md|code_block_fenced#7@1709-1746,break_restore_pair,0,BREAK,E4_FENCE_OPEN_CLOSE,late,0.920302,close_break,1857,3,1743,1746,0,1857,48,139,2,3,3,139,0.074852,4.411416,3.308562
edit_write,117c2ea60e643beb6d64abcaba2451bb9252535d919f288f92bb5a2c529924bb,H2,98,130,15711,17378,15794,17475,false,rp1:4d48070656f7cfa612097942d283930b,oci-image,oci-image/files/HACKING.md,G0-FENCE-CLOSER-REMOVE|oci-image/files/HACKING.md|code_block_fenced#7@1709-1746,break_restore_pair,0,BREAK,E4_FENCE_OPEN_CLOSE,late,0.920302,close_break,1857,3,1743,1746,0,1857,48,139,2,3,3,139,0.074852,4.411416,3.308562
edit_write,117c2ea60e643beb6d64abcaba2451bb9252535d919f288f92bb5a2c529924bb,H0,34,47,15961,18059,16007,18105,false,rp1:4d48070656f7cfa612097942d283930b,oci-image,oci-image/files/HACKING.md,G0-FENCE-CLOSER-REMOVE|oci-image/files/HACKING.md|code_block_fenced#7@1709-1746,break_restore_pair,0,BREAK,E4_FENCE_OPEN_CLOSE,late,0.920302,close_break,1857,3,1743,1746,0,1857,48,139,2,3,3,139,0.074852,4.411416,3.308562
edit_write,117c2ea60e643beb6d64abcaba2451bb9252535d919f288f92bb5a2c529924bb,H3,1575,1760,12300,13550,13865,15341,false,rp1:4d48070656f7cfa612097942d283930b,oci-image,oci-image/files/HACKING.md,G0-FENCE-CLOSER-REMOVE|oci-image/files/HACKING.md|code_block_fenced#7@1709-1746,break_restore_pair,0,BREAK,E4_FENCE_OPEN_CLOSE,late,0.920302,close_break,1857,3,1743,1746,0,1857,48,139,2,3,3,139,0.074852,4.411416,3.308562
edit_write,117c2ea60e643beb6d64abcaba2451bb9252535d919f288f92bb5a2c529924bb,H4,280,315,30975,32992,31299,33246,false,rp1:4d48070656f7cfa612097942d283930b,oci-image,oci-image/files/HACKING.md,G0-FENCE-CLOSER-REMOVE|oci-image/files/HACKING.md|code_block_fenced#7@1709-1746,break_restore_pair,0,BREAK,E4_FENCE_OPEN_CLOSE,late,0.920302,close_break,1857,3,1743,1746,0,1857,48,139,2,3,3,139,0.074852,4.411416,3.308562
edit_write,11f4f64827b3c489a3b96cb82bb580dcb8b37723e3e0980cdb34e1b7980d7ef5,H1,44,49,6522,7005,6566,7052,false,rp1:6f373317387b6ef9ce4f50f88c1230d3,d2l-en,d2l-en/files/chapter_installation/index.md,G0-LINK-DEST-BREAK|d2l-en/files/chapter_installation/index.md|link_inline#4@5813-5855,single_step,0,SINGLE,E5_INLINE_DELIMITER,late,0.953889,destination_break,6094,1,5827,5827,1,6094,60,589,0,0,0,1227,0.201346,2.856580,0
edit_write,11f4f64827b3c489a3b96cb82bb580dcb8b37723e3e0980cdb34e1b7980d7ef5,H2,82,108,15047,20635,15128,20722,false,rp1:6f373317387b6ef9ce4f50f88c1230d3,d2l-en,d2l-en/files/chapter_installation/index.md,G0-LINK-DEST-BREAK|d2l-en/files/chapter_installation/index.md|link_inline#4@5813-5855,single_step,0,SINGLE,E5_INLINE_DELIMITER,late,0.953889,destination_break,6094,1,5827,5827,1,6094,60,589,0,0,0,1227,0.201346,2.856580,0
edit_write,11f4f64827b3c489a3b96cb82bb580dcb8b37723e3e0980cdb34e1b7980d7ef5,H0,36,40,30880,36073,30910,36097,false,rp1:6f373317387b6ef9ce4f50f88c1230d3,d2l-en,d2l-en/files/chapter_installation/index.md,G0-LINK-DEST-BREAK|d2l-en/files/chapter_installation/index.md|link_inline#4@5813-5855,single_step,0,SINGLE,E5_INLINE_DELIMITER,late,0.953889,destination_break,6094,1,5827,5827,1,6094,60,589,0,0,0,1227,0.201346,2.856580,0
edit_write,11f4f64827b3c489a3b96cb82bb580dcb8b37723e3e0980cdb34e1b7980d7ef5,H3,1840,2014,11093,12023,12902,14119,false,rp1:6f373317387b6ef9ce4f50f88c1230d3,d2l-en,d2l-en/files/chapter_installation/index.md,G0-LINK-DEST-BREAK|d2l-en/files/chapter_installation/index.md|link_inline#4@5813-5855,single_step,0,SINGLE,E5_INLINE_DELIMITER,late,0.953889,destination_break,6094,1,5827,5827,1,6094,60,589,0,0,0,1227,0.201346,2.856580,0
edit_write,11f4f64827b3c489a3b96cb82bb580dcb8b37723e3e0980cdb34e1b7980d7ef5,H4,273,340,5948,6467,6226,6771,false,rp1:6f373317387b6ef9ce4f50f88c1230d3,d2l-en,d2l-en/files/chapter_installation/index.md,G0-LINK-DEST-BREAK|d2l-en/files/chapter_installation/index.md|link_inline#4@5813-5855,single_step,0,SINGLE,E5_INLINE_DELIMITER,late,0.953889,destination_break,6094,1,5827,5827,1,6094,60,589,0,0,0,1227,0.201346,2.856580,0
edit_write,12b76ae925961b64ec448245900e09f8ab87c79819bf49ef0689e8037a9dd94d,H1,44,51,30266,36625,30312,36669,false,rp1:7ee0892f9100b2bfdf8e8913d69ebd34,oci-image,oci-image/files/implementations.md,G0-LOCAL-TEXT-REPLACE-EQ|oci-image/files/implementations.md|text#21@1221-1231,single_step,0,SINGLE,E1_LOCAL_TEXT,middle,0.504337,replace_eq,2421,8,1222,1230,8,2421,28,249,4,0,0,0,0,0,0
edit_write,12b76ae925961b64ec448245900e09f8ab87c79819bf49ef0689e8037a9dd94d,H2,96,139,38212,44700,38305,44792,false,rp1:7ee0892f9100b2bfdf8e8913d69ebd34,oci-image,oci-image/files/implementations.md,G0-LOCAL-TEXT-REPLACE-EQ|oci-image/files/implementations.md|text#21@1221-1231,single_step,0,SINGLE,E1_LOCAL_TEXT,middle,0.504337,replace_eq,2421,8,1222,1230,8,2421,28,249,4,0,0,0,0,0,0
edit_write,12b76ae925961b64ec448245900e09f8ab87c79819bf49ef0689e8037a9dd94d,H0,44,52,24592,26152,24646,26200,false,rp1:7ee0892f9100b2bfdf8e8913d69ebd34,oci-image,oci-image/files/implementations.md,G0-LOCAL-TEXT-REPLACE-EQ|oci-image/files/implementations.md|text#21@1221-1231,single_step,0,SINGLE,E1_LOCAL_TEXT,middle,0.504337,replace_eq,2421,8,1222,1230,8,2421,28,249,4,0,0,0,0,0,0
edit_write,12b76ae925961b64ec448245900e09f8ab87c79819bf49ef0689e8037a9dd94d,H3,2958,3222,36343,51319,39291,59077,false,rp1:7ee0892f9100b2bfdf8e8913d69ebd34,oci-image,oci-image/files/implementations.md,G0-LOCAL-TEXT-REPLACE-EQ|oci-image/files/implementations.md|text#21@1221-1231,single_step,0,SINGLE,E1_LOCAL_TEXT,middle,0.504337,replace_eq,2421,8,1222,1230,8,2421,28,249,4,0,0,0,0,0,0
edit_write,12b76ae925961b64ec448245900e09f8ab87c79819bf49ef0689e8037a9dd94d,H4,447,505,32877,51793,33252,52215,false,rp1:7ee0892f9100b2bfdf8e8913d69ebd34,oci-image,oci-image/files/implementations.md,G0-LOCAL-TEXT-REPLACE-EQ|oci-image/files/implementations.md|text#21@1221-1231,single_step,0,SINGLE,E1_LOCAL_TEXT,middle,0.504337,replace_eq,2421,8,1222,1230,8,2421,28,249,4,0,0,0,0,0,0
edit_write,1381a53732e6c601fa3b6a5d8f3c426081b19163a09b1c438c0ec2533b9a9638,H1,44,55,5562,5671,5611,5706,false,rp1:5a57d65d0b61312c5268cea8629b466a,opentelemetry-spec,opentelemetry-spec/files/specification/library-layout.md,G0-PARAGRAPH-SPLIT|opentelemetry-spec/files/specification/library-layout.md|paragraph#20@2698-2883,single_step,0,SINGLE,E2_PARAGRAPH_SPLIT_MERGE,late,0.916440,split,2944,2,2790,2791,2,2944,40,330,2,0,0,367,0.124660,0.695652,0
edit_write,1381a53732e6c601fa3b6a5d8f3c426081b19163a09b1c438c0ec2533b9a9638,H2,75,119,11762,12451,11861,12541,false,rp1:5a57d65d0b61312c5268cea8629b466a,opentelemetry-spec,opentelemetry-spec/files/specification/library-layout.md,G0-PARAGRAPH-SPLIT|opentelemetry-spec/files/specification/library-layout.md|paragraph#20@2698-2883,single_step,0,SINGLE,E2_PARAGRAPH_SPLIT_MERGE,late,0.916440,split,2944,2,2790,2791,2,2944,40,330,2,0,0,367,0.124660,0.695652,0
edit_write,1381a53732e6c601fa3b6a5d8f3c426081b19163a09b1c438c0ec2533b9a9638,H0,41,51,18785,24148,18828,24176,false,rp1:5a57d65d0b61312c5268cea8629b466a,opentelemetry-spec,opentelemetry-spec/files/specification/library-layout.md,G0-PARAGRAPH-SPLIT|opentelemetry-spec/files/specification/library-layout.md|paragraph#20@2698-2883,single_step,0,SINGLE,E2_PARAGRAPH_SPLIT_MERGE,late,0.916440,split,2944,2,2790,2791,2,2944,40,330,2,0,0,367,0.124660,0.695652,0
edit_write,1381a53732e6c601fa3b6a5d8f3c426081b19163a09b1c438c0ec2533b9a9638,H3,1469,1581,8726,9321,10199,10902,false,rp1:5a57d65d0b61312c5268cea8629b466a,opentelemetry-spec,opentelemetry-spec/files/specification/library-layout.md,G0-PARAGRAPH-SPLIT|opentelemetry-spec/files/specification/library-layout.md|paragraph#20@2698-2883,single_step,0,SINGLE,E2_PARAGRAPH_SPLIT_MERGE,late,0.916440,split,2944,2,2790,2791,2,2944,40,330,2,0,0,367,0.124660,0.695652,0
edit_write,1381a53732e6c601fa3b6a5d8f3c426081b19163a09b1c438c0ec2533b9a9638,H4,223,259,4710,5231,4988,5486,false,rp1:5a57d65d0b61312c5268cea8629b466a,opentelemetry-spec,opentelemetry-spec/files/specification/library-layout.md,G0-PARAGRAPH-SPLIT|opentelemetry-spec/files/specification/library-layout.md|paragraph#20@2698-2883,single_step,0,SINGLE,E2_PARAGRAPH_SPLIT_MERGE,late,0.916440,split,2944,2,2790,2791,2,2944,40,330,2,0,0,367,0.124660,0.695652,0
edit_write,13b349bed3cfb03e45bfea079ea477e6188780cb7941dc6cb64e24370c5cc55d,H1,43,47,25856,27718,25897,27762,false,rp1:c8020c72203bd928a187aeb81f4d17ac,myst-parser,myst-parser/files/docs/develop/contributing.md,G0-LINK-DEST-BREAK|myst-parser/files/docs/develop/contributing.md|link_inline#0@239-320,single_step,0,SINGLE,E5_INLINE_DELIMITER,early,0.087642,destination_break,2727,1,264,264,1,2727,30,321,0,8,4,337,0.123579,2.628530,4.506051
edit_write,13b349bed3cfb03e45bfea079ea477e6188780cb7941dc6cb64e24370c5cc55d,H2,77,106,9497,10461,9584,10554,false,rp1:c8020c72203bd928a187aeb81f4d17ac,myst-parser,myst-parser/files/docs/develop/contributing.md,G0-LINK-DEST-BREAK|myst-parser/files/docs/develop/contributing.md|link_inline#0@239-320,single_step,0,SINGLE,E5_INLINE_DELIMITER,early,0.087642,destination_break,2727,1,264,264,1,2727,30,321,0,8,4,337,0.123579,2.628530,4.506051
edit_write,13b349bed3cfb03e45bfea079ea477e6188780cb7941dc6cb64e24370c5cc55d,H0,35,50,15571,17367,15608,17405,false,rp1:c8020c72203bd928a187aeb81f4d17ac,myst-parser,myst-parser/files/docs/develop/contributing.md,G0-LINK-DEST-BREAK|myst-parser/files/docs/develop/contributing.md|link_inline#0@239-320,single_step,0,SINGLE,E5_INLINE_DELIMITER,early,0.087642,destination_break,2727,1,264,264,1,2727,30,321,0,8,4,337,0.123579,2.628530,4.506051
edit_write,13b349bed3cfb03e45bfea079ea477e6188780cb7941dc6cb64e24370c5cc55d,H3,1365,1486,7564,8263,8883,9701,false,rp1:c8020c72203bd928a187aeb81f4d17ac,myst-parser,myst-parser/files/docs/develop/contributing.md,G0-LINK-DEST-BREAK|myst-parser/files/docs/develop/contributing.md|link_inline#0@239-320,single_step,0,SINGLE,E5_INLINE_DELIMITER,early,0.087642,destination_break,2727,1,264,264,1,2727,30,321,0,8,4,337,0.123579,2.628530,4.506051
edit_write,13b349bed3cfb03e45bfea079ea477e6188780cb7941dc6cb64e24370c5cc55d,H4,171,222,5000,5646,5203,5860,false,rp1:c8020c72203bd928a187aeb81f4d17ac,myst-parser,myst-parser/files/docs/develop/contributing.md,G0-LINK-DEST-BREAK|myst-parser/files/docs/develop/contributing.md|link_inline#0@239-320,single_step,0,SINGLE,E5_INLINE_DELIMITER,early,0.087642,destination_break,2727,1,264,264,1,2727,30,321,0,8,4,337,0.123579,2.628530,4.506051
edit_write,14be6e7fe4a57286c8717f875562507e4a2c06ff737236d0a3704debc5502285,H1,46,63,4779,5251,4843,5297,false,rp1:d686014ec52b949e734f36735a7c1431,oci-image,oci-image/files/implementations.md,G0-LOCAL-TEXT-REPLACE-EQ|oci-image/files/implementations.md|text#36@2168-2213,single_step,0,SINGLE,E1_LOCAL_TEXT,late,0.895498,replace_eq,2421,8,2189,2197,8,2421,28,249,4,0,0,0,0,0,0
edit_write,14be6e7fe4a57286c8717f875562507e4a2c06ff737236d0a3704debc5502285,H2,83,108,7676,8178,7758,8255,false,rp1:d686014ec52b949e734f36735a7c1431,oci-image,oci-image/files/implementations.md,G0-LOCAL-TEXT-REPLACE-EQ|oci-image/files/implementations.md|text#36@2168-2213,single_step,0,SINGLE,E1_LOCAL_TEXT,late,0.895498,replace_eq,2421,8,2189,2197,8,2421,28,249,4,0,0,0,0,0,0
edit_write,14be6e7fe4a57286c8717f875562507e4a2c06ff737236d0a3704debc5502285,H0,48,56,24571,32835,24614,32884,false,rp1:d686014ec52b949e734f36735a7c1431,oci-image,oci-image/files/implementations.md,G0-LOCAL-TEXT-REPLACE-EQ|oci-image/files/implementations.md|text#36@2168-2213,single_step,0,SINGLE,E1_LOCAL_TEXT,late,0.895498,replace_eq,2421,8,2189,2197,8,2421,28,249,4,0,0,0,0,0,0
edit_write,14be6e7fe4a57286c8717f875562507e4a2c06ff737236d0a3704debc5502285,H3,1556,1721,6540,7544,8109,9416,false,rp1:d686014ec52b949e734f36735a7c1431,oci-image,oci-image/files/implementations.md,G0-LOCAL-TEXT-REPLACE-EQ|oci-image/files/implementations.md|text#36@2168-2213,single_step,0,SINGLE,E1_LOCAL_TEXT,late,0.895498,replace_eq,2421,8,2189,2197,8,2421,28,249,4,0,0,0,0,0,0
edit_write,14be6e7fe4a57286c8717f875562507e4a2c06ff737236d0a3704debc5502285,H4,197,243,4834,5440,5085,5670,false,rp1:d686014ec52b949e734f36735a7c1431,oci-image,oci-image/files/implementations.md,G0-LOCAL-TEXT-REPLACE-EQ|oci-image/files/implementations.md|text#36@2168-2213,single_step,0,SINGLE,E1_LOCAL_TEXT,late,0.895498,replace_eq,2421,8,2189,2197,8,2421,28,249,4,0,0,0,0,0,0
edit_write,1649ad95f27933c25916ecf7a3176a620bc59f7266bde7de6f3222ca068e5774,H1,44,54,68126,87966,68169,88009,false,rp1:136d3aa969a0bb965c3fc82074ef89f7,oci-image,oci-image/files/considerations.md,G0-LOCAL-TEXT-REPLACE-EQ|oci-image/files/considerations.md|text#54@3186-3579,single_step,0,SINGLE,E1_LOCAL_TEXT,middle,0.506679,replace_eq,6288,8,3457,3465,8,6288,64,530,2,8,8,284,0.045165,1.628499,2.605598
edit_write,1649ad95f27933c25916ecf7a3176a620bc59f7266bde7de6f3222ca068e5774,H2,93,127,16943,18405,17023,18539,false,rp1:136d3aa969a0bb965c3fc82074ef89f7,oci-image,oci-image/files/considerations.md,G0-LOCAL-TEXT-REPLACE-EQ|oci-image/files/considerations.md|text#54@3186-3579,single_step,0,SINGLE,E1_LOCAL_TEXT,middle,0.506679,replace_eq,6288,8,3457,3465,8,6288,64,530,2,8,8,284,0.045165,1.628499,2.605598
edit_write,1649ad95f27933c25916ecf7a3176a620bc59f7266bde7de6f3222ca068e5774,H0,38,60,43382,57296,43414,57348,false,rp1:136d3aa969a0bb965c3fc82074ef89f7,oci-image,oci-image/files/considerations.md,G0-LOCAL-TEXT-REPLACE-EQ|oci-image/files/considerations.md|text#54@3186-3579,single_step,0,SINGLE,E1_LOCAL_TEXT,middle,0.506679,replace_eq,6288,8,3457,3465,8,6288,64,530,2,8,8,284,0.045165,1.628499,2.605598
edit_write,1649ad95f27933c25916ecf7a3176a620bc59f7266bde7de6f3222ca068e5774,H3,2407,2615,13140,14068,15506,16610,false,rp1:136d3aa969a0bb965c3fc82074ef89f7,oci-image,oci-image/files/considerations.md,G0-LOCAL-TEXT-REPLACE-EQ|oci-image/files/considerations.md|text#54@3186-3579,single_step,0,SINGLE,E1_LOCAL_TEXT,middle,0.506679,replace_eq,6288,8,3457,3465,8,6288,64,530,2,8,8,284,0.045165,1.628499,2.605598
edit_write,1649ad95f27933c25916ecf7a3176a620bc59f7266bde7de6f3222ca068e5774,H4,415,447,8616,9459,9034,9850,false,rp1:136d3aa969a0bb965c3fc82074ef89f7,oci-image,oci-image/files/considerations.md,G0-LOCAL-TEXT-REPLACE-EQ|oci-image/files/considerations.md|text#54@3186-3579,single_step,0,SINGLE,E1_LOCAL_TEXT,middle,0.506679,replace_eq,6288,8,3457,3465,8,6288,64,530,2,8,8,284,0.045165,1.628499,2.605598
edit_write,165e1434f64eafc72ce16523cff097caa69f0362de363cfdb9a146ac2f96eaa4,H1,43,74,34772,36988,34815,37031,false,rp1:3ae162aab0578b2ad5baab064bc914b0,rust-rfcs,rust-rfcs/files/text/0404-change-prefer-dynamic.md,G0-LIST-ITEM-INDENT|rust-rfcs/files/text/0404-change-prefer-dynamic.md|list_item#2@86-156,break_restore_pair,1,RESTORE,E3_CONTAINER_DEPTH,,,indent_restore,6864,2,86,88,0,6862,34,901,2,1,1,889,0.129554,0.149228,0.298455
edit_write,165e1434f64eafc72ce16523cff097caa69f0362de363cfdb9a146ac2f96eaa4,H2,60,100,10417,11318,10469,11366,false,rp1:3ae162aab0578b2ad5baab064bc914b0,rust-rfcs,rust-rfcs/files/text/0404-change-prefer-dynamic.md,G0-LIST-ITEM-INDENT|rust-rfcs/files/text/0404-change-prefer-dynamic.md|list_item#2@86-156,break_restore_pair,1,RESTORE,E3_CONTAINER_DEPTH,,,indent_restore,6864,2,86,88,0,6862,34,901,2,1,1,889,0.129554,0.149228,0.298455
edit_write,165e1434f64eafc72ce16523cff097caa69f0362de363cfdb9a146ac2f96eaa4,H0,47,67,25386,32069,25432,32135,true,rp1:3ae162aab0578b2ad5baab064bc914b0,rust-rfcs,rust-rfcs/files/text/0404-change-prefer-dynamic.md,G0-LIST-ITEM-INDENT|rust-rfcs/files/text/0404-change-prefer-dynamic.md|list_item#2@86-156,break_restore_pair,1,RESTORE,E3_CONTAINER_DEPTH,,,indent_restore,6864,2,86,88,0,6862,34,901,2,1,1,889,0.129554,0.149228,0.298455
edit_write,165e1434f64eafc72ce16523cff097caa69f0362de363cfdb9a146ac2f96eaa4,H3,1231,1487,8595,18654,9846,21597,false,rp1:3ae162aab0578b2ad5baab064bc914b0,rust-rfcs,rust-rfcs/files/text/0404-change-prefer-dynamic.md,G0-LIST-ITEM-INDENT|rust-rfcs/files/text/0404-change-prefer-dynamic.md|list_item#2@86-156,break_restore_pair,1,RESTORE,E3_CONTAINER_DEPTH,,,indent_restore,6864,2,86,88,0,6862,34,901,2,1,1,889,0.129554,0.149228,0.298455
edit_write,165e1434f64eafc72ce16523cff097caa69f0362de363cfdb9a146ac2f96eaa4,H4,277,330,6569,7251,6846,7560,false,rp1:3ae162aab0578b2ad5baab064bc914b0,rust-rfcs,rust-rfcs/files/text/0404-change-prefer-dynamic.md,G0-LIST-ITEM-INDENT|rust-rfcs/files/text/0404-change-prefer-dynamic.md|list_item#2@86-156,break_restore_pair,1,RESTORE,E3_CONTAINER_DEPTH,,,indent_restore,6864,2,86,88,0,6862,34,901,2,1,1,889,0.129554,0.149228,0.298455
edit_write,166a72f03def616914dc3c35e64692cceb36559442feba8e52aa646122f5871a,H1,43,58,74464,82956,74500,82991,false,rp1:cba284fcde0f70d12f1e7382e76c54c0,rust-rfcs,rust-rfcs/files/text/3289-source_replacement_ambiguity.md,G0-LIST-ITEM-INDENT|rust-rfcs/files/text/3289-source_replacement_ambiguity.md|list_item#11@3697-3785,break_restore_pair,0,BREAK,E3_CONTAINER_DEPTH,late,0.512831,indent_deepen,7209,2,3697,3697,2,7209,72,301,2,10,2,322,0.044666,0.426134,1.704536
edit_write,166a72f03def616914dc3c35e64692cceb36559442feba8e52aa646122f5871a,H2,122,168,23511,25228,23633,25344,false,rp1:cba284fcde0f70d12f1e7382e76c54c0,rust-rfcs,rust-rfcs/files/text/3289-source_replacement_ambiguity.md,G0-LIST-ITEM-INDENT|rust-rfcs/files/text/3289-source_replacement_ambiguity.md|list_item#11@3697-3785,break_restore_pair,0,BREAK,E3_CONTAINER_DEPTH,late,0.512831,indent_deepen,7209,2,3697,3697,2,7209,72,301,2,10,2,322,0.044666,0.426134,1.704536
edit_write,166a72f03def616914dc3c35e64692cceb36559442feba8e52aa646122f5871a,H0,37,55,48718,54756,48755,54798,false,rp1:cba284fcde0f70d12f1e7382e76c54c0,rust-rfcs,rust-rfcs/files/text/3289-source_replacement_ambiguity.md,G0-LIST-ITEM-INDENT|rust-rfcs/files/text/3289-source_replacement_ambiguity.md|list_item#11@3697-3785,break_restore_pair,0,BREAK,E3_CONTAINER_DEPTH,late,0.512831,indent_deepen,7209,2,3697,3697,2,7209,72,301,2,10,2,322,0.044666,0.426134,1.704536
edit_write,166a72f03def616914dc3c35e64692cceb36559442feba8e52aa646122f5871a,H3,2521,2710,19561,21074,22176,23686,false,rp1:cba284fcde0f70d12f1e7382e76c54c0,rust-rfcs,rust-rfcs/files/text/3289-source_replacement_ambiguity.md,G0-LIST-ITEM-INDENT|rust-rfcs/files/text/3289-source_replacement_ambiguity.md|list_item#11@3697-3785,break_restore_pair,0,BREAK,E3_CONTAINER_DEPTH,late,0.512831,indent_deepen,7209,2,3697,3697,2,7209,72,301,2,10,2,322,0.044666,0.426134,1.704536
edit_write,166a72f03def616914dc3c35e64692cceb36559442feba8e52aa646122f5871a,H4,598,654,14379,15350,14941,16091,false,rp1:cba284fcde0f70d12f1e7382e76c54c0,rust-rfcs,rust-rfcs/files/text/3289-source_replacement_ambiguity.md,G0-LIST-ITEM-INDENT|rust-rfcs/files/text/3289-source_replacement_ambiguity.md|list_item#11@3697-3785,break_restore_pair,0,BREAK,E3_CONTAINER_DEPTH,late,0.512831,indent_deepen,7209,2,3697,3697,2,7209,72,301,2,10,2,322,0.044666,0.426134,1.704536
edit_write,176afe7a530d52660383635e26bd6299e9ec56f4528cafaba8d20cf00884db27,H1,43,56,71096,83224,71139,83303,false,rp1:9e03b34523b3437dbfa5c1a7fa050d6e,rust-rfcs,rust-rfcs/files/text/3289-source_replacement_ambiguity.md,G0-CODESPAN-DELIM-BREAK|rust-rfcs/files/text/3289-source_replacement_ambiguity.md|code_span#56@6253-6275,break_restore_pair,1,RESTORE,E5_INLINE_DELIMITER,,,delimiter_restore,7208,1,6253,6253,1,7209,72,301,2,10,2,322,0.044666,0.426134,1.704536
edit_write,176afe7a530d52660383635e26bd6299e9ec56f4528cafaba8d20cf00884db27,H2,112,142,19618,20711,19695,20815,false,rp1:9e03b34523b3437dbfa5c1a7fa050d6e,rust-rfcs,rust-rfcs/files/text/3289-source_replacement_ambiguity.md,G0-CODESPAN-DELIM-BREAK|rust-rfcs/files/text/3289-source_replacement_ambiguity.md|code_span#56@6253-6275,break_restore_pair,1,RESTORE,E5_INLINE_DELIMITER,,,delimiter_restore,7208,1,6253,6253,1,7209,72,301,2,10,2,322,0.044666,0.426134,1.704536
edit_write,176afe7a530d52660383635e26bd6299e9ec56f4528cafaba8d20cf00884db27,H0,42,51,48112,54260,48156,54301,false,rp1:9e03b34523b3437dbfa5c1a7fa050d6e,rust-rfcs,rust-rfcs/files/text/3289-source_replacement_ambiguity.md,G0-CODESPAN-DELIM-BREAK|rust-rfcs/files/text/3289-source_replacement_ambiguity.md|code_span#56@6253-6275,break_restore_pair,1,RESTORE,E5_INLINE_DELIMITER,,,delimiter_restore,7208,1,6253,6253,1,7209,72,301,2,10,2,322,0.044666,0.426134,1.704536
edit_write,176afe7a530d52660383635e26bd6299e9ec56f4528cafaba8d20cf00884db27,H3,2767,3022,15831,17304,18633,20293,false,rp1:9e03b34523b3437dbfa5c1a7fa050d6e,rust-rfcs,rust-rfcs/files/text/3289-source_replacement_ambiguity.md,G0-CODESPAN-DELIM-BREAK|rust-rfcs/files/text/3289-source_replacement_ambiguity.md|code_span#56@6253-6275,break_restore_pair,1,RESTORE,E5_INLINE_DELIMITER,,,delimiter_restore,7208,1,6253,6253,1,7209,72,301,2,10,2,322,0.044666,0.426134,1.704536
edit_write,176afe7a530d52660383635e26bd6299e9ec56f4528cafaba8d20cf00884db27,H4,436,485,9617,10570,10048,11082,false,rp1:9e03b34523b3437dbfa5c1a7fa050d6e,rust-rfcs,rust-rfcs/files/text/3289-source_replacement_ambiguity.md,G0-CODESPAN-DELIM-BREAK|rust-rfcs/files/text/3289-source_replacement_ambiguity.md|code_span#56@6253-6275,break_restore_pair,1,RESTORE,E5_INLINE_DELIMITER,,,delimiter_restore,7208,1,6253,6253,1,7209,72,301,2,10,2,322,0.044666,0.426134,1.704536
edit_write,18eb7519362f7cbdf411c981390fdde14412d0348ad0743939339ba2f575ac44,H1,44,54,68379,87980,68420,88023,false,rp1:8436893adc57fb83d9098f62ca2184d4,oci-image,oci-image/files/considerations.md,G0-CODESPAN-DELIM-BREAK|oci-image/files/considerations.md|code_span#1@3073-3077,break_restore_pair,1,RESTORE,E5_INLINE_DELIMITER,,,delimiter_restore,6287,1,3073,3073,1,6288,64,530,2,8,8,284,0.045165,1.628499,2.605598
edit_write,18eb7519362f7cbdf411c981390fdde14412d0348ad0743939339ba2f575ac44,H2,111,133,16283,18016,16403,18182,false,rp1:8436893adc57fb83d9098f62ca2184d4,oci-image,oci-image/files/considerations.md,G0-CODESPAN-DELIM-BREAK|oci-image/files/considerations.md|code_span#1@3073-3077,break_restore_pair,1,RESTORE,E5_INLINE_DELIMITER,,,delimiter_restore,6287,1,3073,3073,1,6288,64,530,2,8,8,284,0.045165,1.628499,2.605598
edit_write,18eb7519362f7cbdf411c981390fdde14412d0348ad0743939339ba2f575ac44,H0,35,53,42544,45599,42570,45630,false,rp1:8436893adc57fb83d9098f62ca2184d4,oci-image,oci-image/files/considerations.md,G0-CODESPAN-DELIM-BREAK|oci-image/files/considerations.md|code_span#1@3073-3077,break_restore_pair,1,RESTORE,E5_INLINE_DELIMITER,,,delimiter_restore,6287,1,3073,3073,1,6288,64,530,2,8,8,284,0.045165,1.628499,2.605598
edit_write,18eb7519362f7cbdf411c981390fdde14412d0348ad0743939339ba2f575ac44,H3,2345,2522,12936,13834,15294,16317,false,rp1:8436893adc57fb83d9098f62ca2184d4,oci-image,oci-image/files/considerations.md,G0-CODESPAN-DELIM-BREAK|oci-image/files/considerations.md|code_span#1@3073-3077,break_restore_pair,1,RESTORE,E5_INLINE_DELIMITER,,,delimiter_restore,6287,1,3073,3073,1,6288,64,530,2,8,8,284,0.045165,1.628499,2.605598
edit_write,18eb7519362f7cbdf411c981390fdde14412d0348ad0743939339ba2f575ac44,H4,408,450,8441,8920,8806,9371,false,rp1:8436893adc57fb83d9098f62ca2184d4,oci-image,oci-image/files/considerations.md,G0-CODESPAN-DELIM-BREAK|oci-image/files/considerations.md|code_span#1@3073-3077,break_restore_pair,1,RESTORE,E5_INLINE_DELIMITER,,,delimiter_restore,6287,1,3073,3073,1,6288,64,530,2,8,8,284,0.045165,1.628499,2.605598
edit_write,18f10770716804753d52967faf40a15681aecaa6e2d964d644082be9f035bbff,H1,43,70,70455,83622,70499,83666,false,rp1:a21c7f8b6387d1a36b5735eb5b6e630f,rust-rfcs,rust-rfcs/files/text/3289-source_replacement_ambiguity.md,G0-ATX-TO-PARAGRAPH|rust-rfcs/files/text/3289-source_replacement_ambiguity.md|heading_atx#4@1960-2001,break_restore_pair,0,BREAK,ATX_HEADING_TOGGLE,early,0.271882,marker_remove,7209,5,1960,1965,0,7209,72,301,2,10,2,322,0.044666,0.426134,1.704536
edit_write,18f10770716804753d52967faf40a15681aecaa6e2d964d644082be9f035bbff,H2,114,151,19858,21759,19978,21947,false,rp1:a21c7f8b6387d1a36b5735eb5b6e630f,rust-rfcs,rust-rfcs/files/text/3289-source_replacement_ambiguity.md,G0-ATX-TO-PARAGRAPH|rust-rfcs/files/text/3289-source_replacement_ambiguity.md|heading_atx#4@1960-2001,break_restore_pair,0,BREAK,ATX_HEADING_TOGGLE,early,0.271882,marker_remove,7209,5,1960,1965,0,7209,72,301,2,10,2,322,0.044666,0.426134,1.704536
edit_write,18f10770716804753d52967faf40a15681aecaa6e2d964d644082be9f035bbff,H0,37,54,48319,60489,48365,60526,false,rp1:a21c7f8b6387d1a36b5735eb5b6e630f,rust-rfcs,rust-rfcs/files/text/3289-source_replacement_ambiguity.md,G0-ATX-TO-PARAGRAPH|rust-rfcs/files/text/3289-source_replacement_ambiguity.md|heading_atx#4@1960-2001,break_restore_pair,0,BREAK,ATX_HEADING_TOGGLE,early,0.271882,marker_remove,7209,5,1960,1965,0,7209,72,301,2,10,2,322,0.044666,0.426134,1.704536
edit_write,18f10770716804753d52967faf40a15681aecaa6e2d964d644082be9f035bbff,H3,2729,2906,15664,16847,18360,19740,false,rp1:a21c7f8b6387d1a36b5735eb5b6e630f,rust-rfcs,rust-rfcs/files/text/3289-source_replacement_ambiguity.md,G0-ATX-TO-PARAGRAPH|rust-rfcs/files/text/3289-source_replacement_ambiguity.md|heading_atx#4@1960-2001,break_restore_pair,0,BREAK,ATX_HEADING_TOGGLE,early,0.271882,marker_remove,7209,5,1960,1965,0,7209,72,301,2,10,2,322,0.044666,0.426134,1.704536
edit_write,18f10770716804753d52967faf40a15681aecaa6e2d964d644082be9f035bbff,H4,447,505,9475,10765,9891,11256,false,rp1:a21c7f8b6387d1a36b5735eb5b6e630f,rust-rfcs,rust-rfcs/files/text/3289-source_replacement_ambiguity.md,G0-ATX-TO-PARAGRAPH|rust-rfcs/files/text/3289-source_replacement_ambiguity.md|heading_atx#4@1960-2001,break_restore_pair,0,BREAK,ATX_HEADING_TOGGLE,early,0.271882,marker_remove,7209,5,1960,1965,0,7209,72,301,2,10,2,322,0.044666,0.426134,1.704536
edit_write,1a0deadd0f109c2a22aacdb0046eabc2a7a4ee1666b254455b1a07e548e44369,H1,43,49,32134,43485,32178,43525,false,rp1:305eebd1f3b03693d2766c009556cb1a,rust-rfcs,rust-rfcs/files/text/1123-str-split-at.md,G0-REFDEF-REMOVE|rust-rfcs/files/text/1123-str-split-at.md|reference_definition#0@999-1053,break_restore_pair,0,BREAK,E6_REFERENCE_DEFINITION,early|middle,0.291169,definition_remove,3431,55,999,1054,0,3431,31,877,2,2,2,866,0.252405,0.298455,1.193821
edit_write,1a0deadd0f109c2a22aacdb0046eabc2a7a4ee1666b254455b1a07e548e44369,H2,100,129,25619,28683,25728,28798,false,rp1:305eebd1f3b03693d2766c009556cb1a,rust-rfcs,rust-rfcs/files/text/1123-str-split-at.md,G0-REFDEF-REMOVE|rust-rfcs/files/text/1123-str-split-at.md|reference_definition#0@999-1053,break_restore_pair,0,BREAK,E6_REFERENCE_DEFINITION,early|middle,0.291169,definition_remove,3431,55,999,1054,0,3431,31,877,2,2,2,866,0.252405,0.298455,1.193821
edit_write,1a0deadd0f109c2a22aacdb0046eabc2a7a4ee1666b254455b1a07e548e44369,H0,40,50,19791,24486,19834,24536,false,rp1:305eebd1f3b03693d2766c009556cb1a,rust-rfcs,rust-rfcs/files/text/1123-str-split-at.md,G0-REFDEF-REMOVE|rust-rfcs/files/text/1123-str-split-at.md|reference_definition#0@999-1053,break_restore_pair,0,BREAK,E6_REFERENCE_DEFINITION,early|middle,0.291169,definition_remove,3431,55,999,1054,0,3431,31,877,2,2,2,866,0.252405,0.298455,1.193821
edit_write,1a0deadd0f109c2a22aacdb0046eabc2a7a4ee1666b254455b1a07e548e44369,H3,1541,1737,44530,62156,46002,63581,false,rp1:305eebd1f3b03693d2766c009556cb1a,rust-rfcs,rust-rfcs/files/text/1123-str-split-at.md,G0-REFDEF-REMOVE|rust-rfcs/files/text/1123-str-split-at.md|reference_definition#0@999-1053,break_restore_pair,0,BREAK,E6_REFERENCE_DEFINITION,early|middle,0.291169,definition_remove,3431,55,999,1054,0,3431,31,877,2,2,2,866,0.252405,0.298455,1.193821
edit_write,1a0deadd0f109c2a22aacdb0046eabc2a7a4ee1666b254455b1a07e548e44369,H4,258,333,32179,44728,32426,45006,false,rp1:305eebd1f3b03693d2766c009556cb1a,rust-rfcs,rust-rfcs/files/text/1123-str-split-at.md,G0-REFDEF-REMOVE|rust-rfcs/files/text/1123-str-split-at.md|reference_definition#0@999-1053,break_restore_pair,0,BREAK,E6_REFERENCE_DEFINITION,early|middle,0.291169,definition_remove,3431,55,999,1054,0,3431,31,877,2,2,2,866,0.252405,0.298455,1.193821
edit_write,1bd781ed4daa79cdf17d16c83e9eaa61bc913b5400cc633443fabf3c18b555db,H1,30,44,1120,1624,1150,1668,false,rp1:d28cc5d14359c650d1a760015707d8bf,d2l-en,d2l-en/files/chapter_generative-adversarial-networks/index.md,G0-LOCAL-TEXT-REPLACE-EQ|d2l-en/files/chapter_generative-adversarial-networks/index.md|text#1@34-41,single_step,0,SINGLE,E1_LOCAL_TEXT,middle|late,0.382022,replace_eq,89,5,35,40,5,89,3,34,0,0,0,24,0.269663,11.505618,0
edit_write,1bd781ed4daa79cdf17d16c83e9eaa61bc913b5400cc633443fabf3c18b555db,H2,35,57,1609,1723,1656,1777,false,rp1:d28cc5d14359c650d1a760015707d8bf,d2l-en,d2l-en/files/chapter_generative-adversarial-networks/index.md,G0-LOCAL-TEXT-REPLACE-EQ|d2l-en/files/chapter_generative-adversarial-networks/index.md|text#1@34-41,single_step,0,SINGLE,E1_LOCAL_TEXT,middle|late,0.382022,replace_eq,89,5,35,40,5,89,3,34,0,0,0,24,0.269663,11.505618,0
edit_write,1bd781ed4daa79cdf17d16c83e9eaa61bc913b5400cc633443fabf3c18b555db,H0,41,50,752,802,779,839,true,rp1:d28cc5d14359c650d1a760015707d8bf,d2l-en,d2l-en/files/chapter_generative-adversarial-networks/index.md,G0-LOCAL-TEXT-REPLACE-EQ|d2l-en/files/chapter_generative-adversarial-networks/index.md|text#1@34-41,single_step,0,SINGLE,E1_LOCAL_TEXT,middle|late,0.382022,replace_eq,89,5,35,40,5,89,3,34,0,0,0,24,0.269663,11.505618,0
edit_write,1bd781ed4daa79cdf17d16c83e9eaa61bc913b5400cc633443fabf3c18b555db,H3,379,451,1366,1590,1732,2059,false,rp1:d28cc5d14359c650d1a760015707d8bf,d2l-en,d2l-en/files/chapter_generative-adversarial-networks/index.md,G0-LOCAL-TEXT-REPLACE-EQ|d2l-en/files/chapter_generative-adversarial-networks/index.md|text#1@34-41,single_step,0,SINGLE,E1_LOCAL_TEXT,middle|late,0.382022,replace_eq,89,5,35,40,5,89,3,34,0,0,0,24,0.269663,11.505618,0
edit_write,1bd781ed4daa79cdf17d16c83e9eaa61bc913b5400cc633443fabf3c18b555db,H4,86,102,1133,1331,1207,1405,true,rp1:d28cc5d14359c650d1a760015707d8bf,d2l-en,d2l-en/files/chapter_generative-adversarial-networks/index.md,G0-LOCAL-TEXT-REPLACE-EQ|d2l-en/files/chapter_generative-adversarial-networks/index.md|text#1@34-41,single_step,0,SINGLE,E1_LOCAL_TEXT,middle|late,0.382022,replace_eq,89,5,35,40,5,89,3,34,0,0,0,24,0.269663,11.505618,0
edit_write,1c38500d66cb01c942d7c7a355dff4299076f63cf3f6a6f6a296aa8675819557,H1,47,52,34154,47275,34188,47334,false,rp1:69a7f2a88f3daceb9753f35e66a620d8,rust-rfcs,rust-rfcs/files/text/0404-change-prefer-dynamic.md,G0-REFDEF-REMOVE|rust-rfcs/files/text/0404-change-prefer-dynamic.md|reference_definition#0@1338-1435,break_restore_pair,1,RESTORE,E6_REFERENCE_DEFINITION,,,definition_restore,6764,98,1338,1338,98,6862,34,901,2,1,1,889,0.129554,0.149228,0.298455
edit_write,1c38500d66cb01c942d7c7a355dff4299076f63cf3f6a6f6a296aa8675819557,H2,87,134,17090,18855,17170,18964,false,rp1:69a7f2a88f3daceb9753f35e66a620d8,rust-rfcs,rust-rfcs/files/text/0404-change-prefer-dynamic.md,G0-REFDEF-REMOVE|rust-rfcs/files/text/0404-change-prefer-dynamic.md|reference_definition#0@1338-1435,break_restore_pair,1,RESTORE,E6_REFERENCE_DEFINITION,,,definition_restore,6764,98,1338,1338,98,6862,34,901,2,1,1,889,0.129554,0.149228,0.298455
edit_write,1c38500d66cb01c942d7c7a355dff4299076f63cf3f6a6f6a296aa8675819557,H0,33,51,24421,26704,24466,26751,false,rp1:69a7f2a88f3daceb9753f35e66a620d8,rust-rfcs,rust-rfcs/files/text/0404-change-prefer-dynamic.md,G0-REFDEF-REMOVE|rust-rfcs/files/text/0404-change-prefer-dynamic.md|reference_definition#0@1338-1435,break_restore_pair,1,RESTORE,E6_REFERENCE_DEFINITION,,,definition_restore,6764,98,1338,1338,98,6862,34,901,2,1,1,889,0.129554,0.149228,0.298455
edit_write,1c38500d66cb01c942d7c7a355dff4299076f63cf3f6a6f6a296aa8675819557,H3,1063,1184,14572,15906,15647,17036,false,rp1:69a7f2a88f3daceb9753f35e66a620d8,rust-rfcs,rust-rfcs/files/text/0404-change-prefer-dynamic.md,G0-REFDEF-REMOVE|rust-rfcs/files/text/0404-change-prefer-dynamic.md|reference_definition#0@1338-1435,break_restore_pair,1,RESTORE,E6_REFERENCE_DEFINITION,,,definition_restore,6764,98,1338,1338,98,6862,34,901,2,1,1,889,0.129554,0.149228,0.298455
edit_write,1c38500d66cb01c942d7c7a355dff4299076f63cf3f6a6f6a296aa8675819557,H4,216,274,32894,39756,33101,39934,false,rp1:69a7f2a88f3daceb9753f35e66a620d8,rust-rfcs,rust-rfcs/files/text/0404-change-prefer-dynamic.md,G0-REFDEF-REMOVE|rust-rfcs/files/text/0404-change-prefer-dynamic.md|reference_definition#0@1338-1435,break_restore_pair,1,RESTORE,E6_REFERENCE_DEFINITION,,,definition_restore,6764,98,1338,1338,98,6862,34,901,2,1,1,889,0.129554,0.149228,0.298455
edit_write,1cf8f8234dce187d8640ff2e9caf26335f3eba1334d15d238ef7e765cf365140,H1,44,49,11567,15951,11609,15994,true,rp1:4e612c45468a8cb0e81b5c4f85445d70,crafting-interpreters,crafting-interpreters/files/note/answers/chapter13_inheritance/1.md,G0-PARAGRAPH-SPLIT|crafting-interpreters/files/note/answers/chapter13_inheritance/1.md|paragraph#6@902-982,single_step,0,SINGLE,E2_PARAGRAPH_SPLIT_MERGE,early,0.096368,split,9360,2,944,945,2,9360,49,759,2,0,0,5228,0.558547,2.188034,0
edit_write,1cf8f8234dce187d8640ff2e9caf26335f3eba1334d15d238ef7e765cf365140,H2,75,111,12967,13836,13040,13928,false,rp1:4e612c45468a8cb0e81b5c4f85445d70,crafting-interpreters,crafting-interpreters/files/note/answers/chapter13_inheritance/1.md,G0-PARAGRAPH-SPLIT|crafting-interpreters/files/note/answers/chapter13_inheritance/1.md|paragraph#6@902-982,single_step,0,SINGLE,E2_PARAGRAPH_SPLIT_MERGE,early,0.096368,split,9360,2,944,945,2,9360,49,759,2,0,0,5228,0.558547,2.188034,0
edit_write,1cf8f8234dce187d8640ff2e9caf26335f3eba1334d15d238ef7e765cf365140,H0,43,75,28730,45760,28756,45784,true,rp1:4e612c45468a8cb0e81b5c4f85445d70,crafting-interpreters,crafting-interpreters/files/note/answers/chapter13_inheritance/1.md,G0-PARAGRAPH-SPLIT|crafting-interpreters/files/note/answers/chapter13_inheritance/1.md|paragraph#6@902-982,single_step,0,SINGLE,E2_PARAGRAPH_SPLIT_MERGE,early,0.096368,split,9360,2,944,945,2,9360,49,759,2,0,0,5228,0.558547,2.188034,0
edit_write,1cf8f8234dce187d8640ff2e9caf26335f3eba1334d15d238ef7e765cf365140,H3,1507,1658,9641,10503,11117,12146,true,rp1:4e612c45468a8cb0e81b5c4f85445d70,crafting-interpreters,crafting-interpreters/files/note/answers/chapter13_inheritance/1.md,G0-PARAGRAPH-SPLIT|crafting-interpreters/files/note/answers/chapter13_inheritance/1.md|paragraph#6@902-982,single_step,0,SINGLE,E2_PARAGRAPH_SPLIT_MERGE,early,0.096368,split,9360,2,944,945,2,9360,49,759,2,0,0,5228,0.558547,2.188034,0
edit_write,1cf8f8234dce187d8640ff2e9caf26335f3eba1334d15d238ef7e765cf365140,H4,272,312,5371,5780,5656,6081,false,rp1:4e612c45468a8cb0e81b5c4f85445d70,crafting-interpreters,crafting-interpreters/files/note/answers/chapter13_inheritance/1.md,G0-PARAGRAPH-SPLIT|crafting-interpreters/files/note/answers/chapter13_inheritance/1.md|paragraph#6@902-982,single_step,0,SINGLE,E2_PARAGRAPH_SPLIT_MERGE,early,0.096368,split,9360,2,944,945,2,9360,49,759,2,0,0,5228,0.558547,2.188034,0
edit_write,1d50519afbb6938993e7c6f1a564dc60d6103c701cdec12f171cf15f01b1b3cf,H1,45,62,74039,92186,74101,92229,false,rp1:44f0b3aed281e11f625f0cefae94cbd1,rust-rfcs,rust-rfcs/files/text/3289-source_replacement_ambiguity.md,G0-PARAGRAPH-MERGE|rust-rfcs/files/text/3289-source_replacement_ambiguity.md|paragraph#18@2910-3077,single_step,0,SINGLE,E2_PARAGRAPH_SPLIT_MERGE,middle,0.403662,merge,7209,2,2908,2910,1,7209,72,301,2,10,2,322,0.044666,0.426134,1.704536
edit_write,1d50519afbb6938993e7c6f1a564dc60d6103c701cdec12f171cf15f01b1b3cf,H2,102,153,19679,21073,19756,21217,false,rp1:44f0b3aed281e11f625f0cefae94cbd1,rust-rfcs,rust-rfcs/files/text/3289-source_replacement_ambiguity.md,G0-PARAGRAPH-MERGE|rust-rfcs/files/text/3289-source_replacement_ambiguity.md|paragraph#18@2910-3077,single_step,0,SINGLE,E2_PARAGRAPH_SPLIT_MERGE,middle,0.403662,merge,7209,2,2908,2910,1,7209,72,301,2,10,2,322,0.044666,0.426134,1.704536
edit_write,1d50519afbb6938993e7c6f1a564dc60d6103c701cdec12f171cf15f01b1b3cf,H0,37,48,48118,55085,48148,55121,false,rp1:44f0b3aed281e11f625f0cefae94cbd1,rust-rfcs,rust-rfcs/files/text/3289-source_replacement_ambiguity.md,G0-PARAGRAPH-MERGE|rust-rfcs/files/text/3289-source_replacement_ambiguity.md|paragraph#18@2910-3077,single_step,0,SINGLE,E2_PARAGRAPH_SPLIT_MERGE,middle,0.403662,merge,7209,2,2908,2910,1,7209,72,301,2,10,2,322,0.044666,0.426134,1.704536
edit_write,1d50519afbb6938993e7c6f1a564dc60d6103c701cdec12f171cf15f01b1b3cf,H3,2527,2754,16140,16951,18597,19605,false,rp1:44f0b3aed281e11f625f0cefae94cbd1,rust-rfcs,rust-rfcs/files/text/3289-source_replacement_ambiguity.md,G0-PARAGRAPH-MERGE|rust-rfcs/files/text/3289-source_replacement_ambiguity.md|paragraph#18@2910-3077,single_step,0,SINGLE,E2_PARAGRAPH_SPLIT_MERGE,middle,0.403662,merge,7209,2,2908,2910,1,7209,72,301,2,10,2,322,0.044666,0.426134,1.704536
edit_write,1d50519afbb6938993e7c6f1a564dc60d6103c701cdec12f171cf15f01b1b3cf,H4,421,479,9774,10384,10171,10814,false,rp1:44f0b3aed281e11f625f0cefae94cbd1,rust-rfcs,rust-rfcs/files/text/3289-source_replacement_ambiguity.md,G0-PARAGRAPH-MERGE|rust-rfcs/files/text/3289-source_replacement_ambiguity.md|paragraph#18@2910-3077,single_step,0,SINGLE,E2_PARAGRAPH_SPLIT_MERGE,middle,0.403662,merge,7209,2,2908,2910,1,7209,72,301,2,10,2,322,0.044666,0.426134,1.704536
edit_write,1e0012c1e7e5b0dfe1b3f29d65b53b974e4ce6488795b27dada67b6beed0e324,H1,45,69,14426,15502,14495,15544,false,rp1:65193733787ada88f441d396e407e3a6,owasp-cheatsheets,owasp-cheatsheets/files/cheatsheets/Email_Validation_and_Verification_Cheat_Sheet.md,G0-LOCAL-TEXT-REPLACE-EQ|owasp-cheatsheets/files/cheatsheets/Email_Validation_and_Verification_Cheat_Sheet.md|text#91@4591-4687,single_step,0,SINGLE,E1_LOCAL_TEXT,late,0.895106,replace_eq,5129,8,4637,4645,8,5129,98,247,4,0,0,0,0,0,0
edit_write,1e0012c1e7e5b0dfe1b3f29d65b53b974e4ce6488795b27dada67b6beed0e324,H2,103,147,21698,22751,21795,22872,false,rp1:65193733787ada88f441d396e407e3a6,owasp-cheatsheets,owasp-cheatsheets/files/cheatsheets/Email_Validation_and_Verification_Cheat_Sheet.md,G0-LOCAL-TEXT-REPLACE-EQ|owasp-cheatsheets/files/cheatsheets/Email_Validation_and_Verification_Cheat_Sheet.md|text#91@4591-4687,single_step,0,SINGLE,E1_LOCAL_TEXT,late,0.895106,replace_eq,5129,8,4637,4645,8,5129,98,247,4,0,0,0,0,0,0
edit_write,1e0012c1e7e5b0dfe1b3f29d65b53b974e4ce6488795b27dada67b6beed0e324,H0,35,41,55452,63732,55489,63767,false,rp1:65193733787ada88f441d396e407e3a6,owasp-cheatsheets,owasp-cheatsheets/files/cheatsheets/Email_Validation_and_Verification_Cheat_Sheet.md,G0-LOCAL-TEXT-REPLACE-EQ|owasp-cheatsheets/files/cheatsheets/Email_Validation_and_Verification_Cheat_Sheet.md|text#91@4591-4687,single_step,0,SINGLE,E1_LOCAL_TEXT,late,0.895106,replace_eq,5129,8,4637,4645,8,5129,98,247,4,0,0,0,0,0,0
edit_write,1e0012c1e7e5b0dfe1b3f29d65b53b974e4ce6488795b27dada67b6beed0e324,H3,3426,3578,16860,18528,20354,26376,false,rp1:65193733787ada88f441d396e407e3a6,owasp-cheatsheets,owasp-cheatsheets/files/cheatsheets/Email_Validation_and_Verification_Cheat_Sheet.md,G0-LOCAL-TEXT-REPLACE-EQ|owasp-cheatsheets/files/cheatsheets/Email_Validation_and_Verification_Cheat_Sheet.md|text#91@4591-4687,single_step,0,SINGLE,E1_LOCAL_TEXT,late,0.895106,replace_eq,5129,8,4637,4645,8,5129,98,247,4,0,0,0,0,0,0
edit_write,1e0012c1e7e5b0dfe1b3f29d65b53b974e4ce6488795b27dada67b6beed0e324,H4,466,539,13199,14196,13692,14737,false,rp1:65193733787ada88f441d396e407e3a6,owasp-cheatsheets,owasp-cheatsheets/files/cheatsheets/Email_Validation_and_Verification_Cheat_Sheet.md,G0-LOCAL-TEXT-REPLACE-EQ|owasp-cheatsheets/files/cheatsheets/Email_Validation_and_Verification_Cheat_Sheet.md|text#91@4591-4687,single_step,0,SINGLE,E1_LOCAL_TEXT,late,0.895106,replace_eq,5129,8,4637,4645,8,5129,98,247,4,0,0,0,0,0,0
edit_write,1f1bac3e58b541984e1ac457d72c21dd955351bd50257a97bb22ec4fe3b5bf6b,H1,44,54,30007,37303,30073,37340,false,rp1:155f7b80c0d0389315c606c549119eca,oci-image,oci-image/files/implementations.md,G0-LOCAL-TEXT-REPLACE-EQ|oci-image/files/implementations.md|text#4@229-241,single_step,0,SINGLE,E1_LOCAL_TEXT,early,0.094589,replace_eq,2421,8,231,239,8,2421,28,249,4,0,0,0,0,0,0
edit_write,1f1bac3e58b541984e1ac457d72c21dd955351bd50257a97bb22ec4fe3b5bf6b,H2,96,118,38219,44424,38268,44519,false,rp1:155f7b80c0d0389315c606c549119eca,oci-image,oci-image/files/implementations.md,G0-LOCAL-TEXT-REPLACE-EQ|oci-image/files/implementations.md|text#4@229-241,single_step,0,SINGLE,E1_LOCAL_TEXT,early,0.094589,replace_eq,2421,8,231,239,8,2421,28,249,4,0,0,0,0,0,0
edit_write,1f1bac3e58b541984e1ac457d72c21dd955351bd50257a97bb22ec4fe3b5bf6b,H0,43,61,24570,25255,24626,25297,false,rp1:155f7b80c0d0389315c606c549119eca,oci-image,oci-image/files/implementations.md,G0-LOCAL-TEXT-REPLACE-EQ|oci-image/files/implementations.md|text#4@229-241,single_step,0,SINGLE,E1_LOCAL_TEXT,early,0.094589,replace_eq,2421,8,231,239,8,2421,28,249,4,0,0,0,0,0,0
edit_write,1f1bac3e58b541984e1ac457d72c21dd955351bd50257a97bb22ec4fe3b5bf6b,H3,3080,3307,36860,38619,40017,41905,false,rp1:155f7b80c0d0389315c606c549119eca,oci-image,oci-image/files/implementations.md,G0-LOCAL-TEXT-REPLACE-EQ|oci-image/files/implementations.md|text#4@229-241,single_step,0,SINGLE,E1_LOCAL_TEXT,early,0.094589,replace_eq,2421,8,231,239,8,2421,28,249,4,0,0,0,0,0,0
edit_write,1f1bac3e58b541984e1ac457d72c21dd955351bd50257a97bb22ec4fe3b5bf6b,H4,449,515,33397,35400,33875,35892,false,rp1:155f7b80c0d0389315c606c549119eca,oci-image,oci-image/files/implementations.md,G0-LOCAL-TEXT-REPLACE-EQ|oci-image/files/implementations.md|text#4@229-241,single_step,0,SINGLE,E1_LOCAL_TEXT,early,0.094589,replace_eq,2421,8,231,239,8,2421,28,249,4,0,0,0,0,0,0
edit_write,216771277ba13a67d5962c40a912df56ecb17d13ef46c780ea780b1001075777,H1,45,55,30294,43285,30363,43340,false,rp1:01a8956d97aa4b345717b453de3c4cfc,oci-image,oci-image/files/implementations.md,G0-LIST-ITEM-INDENT|oci-image/files/implementations.md|list_item#1@351-482,break_restore_pair,1,RESTORE,E3_CONTAINER_DEPTH,,,indent_restore,2423,2,351,353,0,2421,28,249,4,0,0,0,0,0,0
edit_write,216771277ba13a67d5962c40a912df56ecb17d13ef46c780ea780b1001075777,H2,91,119,38286,49755,38351,49871,false,rp1:01a8956d97aa4b345717b453de3c4cfc,oci-image,oci-image/files/implementations.md,G0-LIST-ITEM-INDENT|oci-image/files/implementations.md|list_item#1@351-482,break_restore_pair,1,RESTORE,E3_CONTAINER_DEPTH,,,indent_restore,2423,2,351,353,0,2421,28,249,4,0,0,0,0,0,0
edit_write,216771277ba13a67d5962c40a912df56ecb17d13ef46c780ea780b1001075777,H0,44,61,24793,26504,24836,26531,false,rp1:01a8956d97aa4b345717b453de3c4cfc,oci-image,oci-image/files/implementations.md,G0-LIST-ITEM-INDENT|oci-image/files/implementations.md|list_item#1@351-482,break_restore_pair,1,RESTORE,E3_CONTAINER_DEPTH,,,indent_restore,2423,2,351,353,0,2421,28,249,4,0,0,0,0,0,0
edit_write,216771277ba13a67d5962c40a912df56ecb17d13ef46c780ea780b1001075777,H3,2525,2726,36549,40920,39013,43595,false,rp1:01a8956d97aa4b345717b453de3c4cfc,oci-image,oci-image/files/implementations.md,G0-LIST-ITEM-INDENT|oci-image/files/implementations.md|list_item#1@351-482,break_restore_pair,1,RESTORE,E3_CONTAINER_DEPTH,,,indent_restore,2423,2,351,353,0,2421,28,249,4,0,0,0,0,0,0
edit_write,216771277ba13a67d5962c40a912df56ecb17d13ef46c780ea780b1001075777,H4,452,525,33909,40619,34327,41134,false,rp1:01a8956d97aa4b345717b453de3c4cfc,oci-image,oci-image/files/implementations.md,G0-LIST-ITEM-INDENT|oci-image/files/implementations.md|list_item#1@351-482,break_restore_pair,1,RESTORE,E3_CONTAINER_DEPTH,,,indent_restore,2423,2,351,353,0,2421,28,249,4,0,0,0,0,0,0
edit_write,217607d217812433776526219f7f790f47b94c2a9aaa6f61659fa1aca5288cc5,H1,43,50,9477,9953,9518,9994,false,rp1:f21ef87e67280fb14b354602634a51d9,d2l-en,d2l-en/files/chapter_installation/index.md,G0-CODESPAN-DELIM-BREAK|d2l-en/files/chapter_installation/index.md|code_span#20@5567-5587,break_restore_pair,0,BREAK,E5_INLINE_DELIMITER,late,0.913521,delimiter_break,6094,1,5567,5568,0,6094,60,589,0,0,0,1227,0.201346,2.856580,0
edit_write,217607d217812433776526219f7f790f47b94c2a9aaa6f61659fa1aca5288cc5,H2,98,129,17987,23502,18075,23555,false,rp1:f21ef87e67280fb14b354602634a51d9,d2l-en,d2l-en/files/chapter_installation/index.md,G0-CODESPAN-DELIM-BREAK|d2l-en/files/chapter_installation/index.md|code_span#20@5567-5587,break_restore_pair,0,BREAK,E5_INLINE_DELIMITER,late,0.913521,delimiter_break,6094,1,5567,5568,0,6094,60,589,0,0,0,1227,0.201346,2.856580,0
edit_write,217607d217812433776526219f7f790f47b94c2a9aaa6f61659fa1aca5288cc5,H0,36,51,31818,43178,31862,43212,false,rp1:f21ef87e67280fb14b354602634a51d9,d2l-en,d2l-en/files/chapter_installation/index.md,G0-CODESPAN-DELIM-BREAK|d2l-en/files/chapter_installation/index.md|code_span#20@5567-5587,break_restore_pair,0,BREAK,E5_INLINE_DELIMITER,late,0.913521,delimiter_break,6094,1,5567,5568,0,6094,60,589,0,0,0,1227,0.201346,2.856580,0
edit_write,217607d217812433776526219f7f790f47b94c2a9aaa6f61659fa1aca5288cc5,H3,2179,2370,14210,26650,16372,28942,false,rp1:f21ef87e67280fb14b354602634a51d9,d2l-en,d2l-en/files/chapter_installation/index.md,G0-CODESPAN-DELIM-BREAK|d2l-en/files/chapter_installation/index.md|code_span#20@5567-5587,break_restore_pair,0,BREAK,E5_INLINE_DELIMITER,late,0.913521,delimiter_break,6094,1,5567,5568,0,6094,60,589,0,0,0,1227,0.201346,2.856580,0
edit_write,217607d217812433776526219f7f790f47b94c2a9aaa6f61659fa1aca5288cc5,H4,311,356,7231,7798,7535,8118,false,rp1:f21ef87e67280fb14b354602634a51d9,d2l-en,d2l-en/files/chapter_installation/index.md,G0-CODESPAN-DELIM-BREAK|d2l-en/files/chapter_installation/index.md|code_span#20@5567-5587,break_restore_pair,0,BREAK,E5_INLINE_DELIMITER,late,0.913521,delimiter_break,6094,1,5567,5568,0,6094,60,589,0,0,0,1227,0.201346,2.856580,0
edit_write,219a170cd01676535bd43915997bc9818a8e3b0a204a84f3ce9a0497609f667e,H1,43,48,33283,35883,33323,35924,false,rp1:636f9c82d5a159451ba9526a6c52b0de,rust-rfcs,rust-rfcs/files/text/0404-change-prefer-dynamic.md,G0-CODESPAN-DELIM-BREAK|rust-rfcs/files/text/0404-change-prefer-dynamic.md|code_span#0@393-412,break_restore_pair,0,BREAK,E5_INLINE_DELIMITER,early,0.057272,delimiter_break,6862,1,393,394,0,6862,34,901,2,1,1,889,0.129554,0.149228,0.298455
edit_write,219a170cd01676535bd43915997bc9818a8e3b0a204a84f3ce9a0497609f667e,H2,69,107,8965,9699,9032,9820,false,rp1:636f9c82d5a159451ba9526a6c52b0de,rust-rfcs,rust-rfcs/files/text/0404-change-prefer-dynamic.md,G0-CODESPAN-DELIM-BREAK|rust-rfcs/files/text/0404-change-prefer-dynamic.md|code_span#0@393-412,break_restore_pair,0,BREAK,E5_INLINE_DELIMITER,early,0.057272,delimiter_break,6862,1,393,394,0,6862,34,901,2,1,1,889,0.129554,0.149228,0.298455
edit_write,219a170cd01676535bd43915997bc9818a8e3b0a204a84f3ce9a0497609f667e,H0,33,52,24394,26346,24457,26378,false,rp1:636f9c82d5a159451ba9526a6c52b0de,rust-rfcs,rust-rfcs/files/text/0404-change-prefer-dynamic.md,G0-CODESPAN-DELIM-BREAK|rust-rfcs/files/text/0404-change-prefer-dynamic.md|code_span#0@393-412,break_restore_pair,0,BREAK,E5_INLINE_DELIMITER,early,0.057272,delimiter_break,6862,1,393,394,0,6862,34,901,2,1,1,889,0.129554,0.149228,0.298455
edit_write,219a170cd01676535bd43915997bc9818a8e3b0a204a84f3ce9a0497609f667e,H3,1332,1425,6657,7272,7969,8697,false,rp1:636f9c82d5a159451ba9526a6c52b0de,rust-rfcs,rust-rfcs/files/text/0404-change-prefer-dynamic.md,G0-CODESPAN-DELIM-BREAK|rust-rfcs/files/text/0404-change-prefer-dynamic.md|code_span#0@393-412,break_restore_pair,0,BREAK,E5_INLINE_DELIMITER,early,0.057272,delimiter_break,6862,1,393,394,0,6862,34,901,2,1,1,889,0.129554,0.149228,0.298455
edit_write,219a170cd01676535bd43915997bc9818a8e3b0a204a84f3ce9a0497609f667e,H4,192,228,4175,4638,4381,4855,false,rp1:636f9c82d5a159451ba9526a6c52b0de,rust-rfcs,rust-rfcs/files/text/0404-change-prefer-dynamic.md,G0-CODESPAN-DELIM-BREAK|rust-rfcs/files/text/0404-change-prefer-dynamic.md|code_span#0@393-412,break_restore_pair,0,BREAK,E5_INLINE_DELIMITER,early,0.057272,delimiter_break,6862,1,393,394,0,6862,34,901,2,1,1,889,0.129554,0.149228,0.298455
edit_write,21baf164aecd1b644a841d6f5aeb7471fe0b52112d86bfb98c3562919ec02576,H1,44,49,34260,48189,34308,48237,false,rp1:188621aa7f98a3e3f2e51b9e3d19b1f9,rust-rfcs,rust-rfcs/files/text/0404-change-prefer-dynamic.md,G0-LINK-DEST-BREAK|rust-rfcs/files/text/0404-change-prefer-dynamic.md|link_inline#1@100-156,single_step,0,SINGLE,E5_INLINE_DELIMITER,early|middle|late,0.014573,destination_break,6862,1,109,109,1,6862,34,901,2,1,1,889,0.129554,0.149228,0.298455
edit_write,21baf164aecd1b644a841d6f5aeb7471fe0b52112d86bfb98c3562919ec02576,H2,49,79,9964,11182,10028,11248,false,rp1:188621aa7f98a3e3f2e51b9e3d19b1f9,rust-rfcs,rust-rfcs/files/text/0404-change-prefer-dynamic.md,G0-LINK-DEST-BREAK|rust-rfcs/files/text/0404-change-prefer-dynamic.md|link_inline#1@100-156,single_step,0,SINGLE,E5_INLINE_DELIMITER,early|middle|late,0.014573,destination_break,6862,1,109,109,1,6862,34,901,2,1,1,889,0.129554,0.149228,0.298455
edit_write,21baf164aecd1b644a841d6f5aeb7471fe0b52112d86bfb98c3562919ec02576,H0,34,52,24015,25572,24058,25617,false,rp1:188621aa7f98a3e3f2e51b9e3d19b1f9,rust-rfcs,rust-rfcs/files/text/0404-change-prefer-dynamic.md,G0-LINK-DEST-BREAK|rust-rfcs/files/text/0404-change-prefer-dynamic.md|link_inline#1@100-156,single_step,0,SINGLE,E5_INLINE_DELIMITER,early|middle|late,0.014573,destination_break,6862,1,109,109,1,6862,34,901,2,1,1,889,0.129554,0.149228,0.298455
edit_write,21baf164aecd1b644a841d6f5aeb7471fe0b52112d86bfb98c3562919ec02576,H3,1596,1728,8424,9024,9966,10736,false,rp1:188621aa7f98a3e3f2e51b9e3d19b1f9,rust-rfcs,rust-rfcs/files/text/0404-change-prefer-dynamic.md,G0-LINK-DEST-BREAK|rust-rfcs/files/text/0404-change-prefer-dynamic.md|link_inline#1@100-156,single_step,0,SINGLE,E5_INLINE_DELIMITER,early|middle|late,0.014573,destination_break,6862,1,109,109,1,6862,34,901,2,1,1,889,0.129554,0.149228,0.298455
edit_write,21baf164aecd1b644a841d6f5aeb7471fe0b52112d86bfb98c3562919ec02576,H4,268,318,6096,6532,6391,6833,false,rp1:188621aa7f98a3e3f2e51b9e3d19b1f9,rust-rfcs,rust-rfcs/files/text/0404-change-prefer-dynamic.md,G0-LINK-DEST-BREAK|rust-rfcs/files/text/0404-change-prefer-dynamic.md|link_inline#1@100-156,single_step,0,SINGLE,E5_INLINE_DELIMITER,early|middle|late,0.014573,destination_break,6862,1,109,109,1,6862,34,901,2,1,1,889,0.129554,0.149228,0.298455
edit_write,22f6b794277d21100dafd90ea271a1097d20ccb3ec3d671ca30e7eda63581c28,H1,42,52,4048,4369,4090,4411,false,rp1:a919163551d73448853fb74891e96cca,crafting-interpreters,crafting-interpreters/files/note/answers/chapter20_hash/1.md,G0-PARAGRAPH-SPLIT|crafting-interpreters/files/note/answers/chapter20_hash/1.md|paragraph#4@742-1015,single_step,0,SINGLE,E2_PARAGRAPH_SPLIT_MERGE,early,0.077019,split,9634,2,877,878,2,9634,12,7498,0,0,0,8080,0.838696,0.318871,0
edit_write,22f6b794277d21100dafd90ea271a1097d20ccb3ec3d671ca30e7eda63581c28,H2,60,98,5909,6347,5996,6438,false,rp1:a919163551d73448853fb74891e96cca,crafting-interpreters,crafting-interpreters/files/note/answers/chapter20_hash/1.md,G0-PARAGRAPH-SPLIT|crafting-interpreters/files/note/answers/chapter20_hash/1.md|paragraph#4@742-1015,single_step,0,SINGLE,E2_PARAGRAPH_SPLIT_MERGE,early,0.077019,split,9634,2,877,878,2,9634,12,7498,0,0,0,8080,0.838696,0.318871,0
edit_write,22f6b794277d21100dafd90ea271a1097d20ccb3ec3d671ca30e7eda63581c28,H0,32,50,16172,17730,16195,17759,false,rp1:a919163551d73448853fb74891e96cca,crafting-interpreters,crafting-interpreters/files/note/answers/chapter20_hash/1.md,G0-PARAGRAPH-SPLIT|crafting-interpreters/files/note/answers/chapter20_hash/1.md|paragraph#4@742-1015,single_step,0,SINGLE,E2_PARAGRAPH_SPLIT_MERGE,early,0.077019,split,9634,2,877,878,2,9634,12,7498,0,0,0,8080,0.838696,0.318871,0
edit_write,22f6b794277d21100dafd90ea271a1097d20ccb3ec3d671ca30e7eda63581c28,H3,698,822,4774,5234,5523,6063,false,rp1:a919163551d73448853fb74891e96cca,crafting-interpreters,crafting-interpreters/files/note/answers/chapter20_hash/1.md,G0-PARAGRAPH-SPLIT|crafting-interpreters/files/note/answers/chapter20_hash/1.md|paragraph#4@742-1015,single_step,0,SINGLE,E2_PARAGRAPH_SPLIT_MERGE,early,0.077019,split,9634,2,877,878,2,9634,12,7498,0,0,0,8080,0.838696,0.318871,0
edit_write,22f6b794277d21100dafd90ea271a1097d20ccb3ec3d671ca30e7eda63581c28,H4,97,151,2734,3027,2859,3199,false,rp1:a919163551d73448853fb74891e96cca,crafting-interpreters,crafting-interpreters/files/note/answers/chapter20_hash/1.md,G0-PARAGRAPH-SPLIT|crafting-interpreters/files/note/answers/chapter20_hash/1.md|paragraph#4@742-1015,single_step,0,SINGLE,E2_PARAGRAPH_SPLIT_MERGE,early,0.077019,split,9634,2,877,878,2,9634,12,7498,0,0,0,8080,0.838696,0.318871,0
edit_write,241d9c081d182bceb2260ef1e124976428b8f5689ba6385fbde0f685b0d1ac87,H1,44,55,33714,40169,33755,40208,false,rp1:8729be178d8686429367a586aeeda6a8,rust-rfcs,rust-rfcs/files/text/0404-change-prefer-dynamic.md,G0-LOCAL-TEXT-REPLACE-EQ|rust-rfcs/files/text/0404-change-prefer-dynamic.md|text#41@6025-6327,single_step,0,SINGLE,E1_LOCAL_TEXT,late,0.878024,replace_eq,6862,8,6102,6110,8,6862,34,901,2,1,1,889,0.129554,0.149228,0.298455
edit_write,241d9c081d182bceb2260ef1e124976428b8f5689ba6385fbde0f685b0d1ac87,H2,78,118,9304,10126,9388,10223,false,rp1:8729be178d8686429367a586aeeda6a8,rust-rfcs,rust-rfcs/files/text/0404-change-prefer-dynamic.md,G0-LOCAL-TEXT-REPLACE-EQ|rust-rfcs/files/text/0404-change-prefer-dynamic.md|text#41@6025-6327,single_step,0,SINGLE,E1_LOCAL_TEXT,late,0.878024,replace_eq,6862,8,6102,6110,8,6862,34,901,2,1,1,889,0.129554,0.149228,0.298455
edit_write,241d9c081d182bceb2260ef1e124976428b8f5689ba6385fbde0f685b0d1ac87,H0,36,52,23968,25823,24007,25885,false,rp1:8729be178d8686429367a586aeeda6a8,rust-rfcs,rust-rfcs/files/text/0404-change-prefer-dynamic.md,G0-LOCAL-TEXT-REPLACE-EQ|rust-rfcs/files/text/0404-change-prefer-dynamic.md|text#41@6025-6327,single_step,0,SINGLE,E1_LOCAL_TEXT,late,0.878024,replace_eq,6862,8,6102,6110,8,6862,34,901,2,1,1,889,0.129554,0.149228,0.298455
edit_write,241d9c081d182bceb2260ef1e124976428b8f5689ba6385fbde0f685b0d1ac87,H3,1353,1519,6735,7356,8142,8799,false,rp1:8729be178d8686429367a586aeeda6a8,rust-rfcs,rust-rfcs/files/text/0404-change-prefer-dynamic.md,G0-LOCAL-TEXT-REPLACE-EQ|rust-rfcs/files/text/0404-change-prefer-dynamic.md|text#41@6025-6327,single_step,0,SINGLE,E1_LOCAL_TEXT,late,0.878024,replace_eq,6862,8,6102,6110,8,6862,34,901,2,1,1,889,0.129554,0.149228,0.298455
edit_write,241d9c081d182bceb2260ef1e124976428b8f5689ba6385fbde0f685b0d1ac87,H4,164,197,4378,4815,4539,5002,false,rp1:8729be178d8686429367a586aeeda6a8,rust-rfcs,rust-rfcs/files/text/0404-change-prefer-dynamic.md,G0-LOCAL-TEXT-REPLACE-EQ|rust-rfcs/files/text/0404-change-prefer-dynamic.md|text#41@6025-6327,single_step,0,SINGLE,E1_LOCAL_TEXT,late,0.878024,replace_eq,6862,8,6102,6110,8,6862,34,901,2,1,1,889,0.129554,0.149228,0.298455
edit_write,246e379beddba4bbb8a032d33b78e9abcce4d808f24e54e3b5d77e04433a5425,H1,58,75,68075,88137,68113,88211,true,rp1:018eb6e78e5dfafb04660fb58e18eae4,oci-image,oci-image/files/considerations.md,G0-FENCE-CLOSER-REMOVE|oci-image/files/considerations.md|code_block_fenced#2@3145-3184,break_restore_pair,0,BREAK,E4_FENCE_OPEN_CLOSE,middle,0.500159,close_break,6288,3,3181,3184,0,6288,64,530,2,8,8,284,0.045165,1.628499,2.605598
edit_write,246e379beddba4bbb8a032d33b78e9abcce4d808f24e54e3b5d77e04433a5425,H2,102,150,16037,17253,16142,17421,false,rp1:018eb6e78e5dfafb04660fb58e18eae4,oci-image,oci-image/files/considerations.md,G0-FENCE-CLOSER-REMOVE|oci-image/files/considerations.md|code_block_fenced#2@3145-3184,break_restore_pair,0,BREAK,E4_FENCE_OPEN_CLOSE,middle,0.500159,close_break,6288,3,3181,3184,0,6288,64,530,2,8,8,284,0.045165,1.628499,2.605598
edit_write,246e379beddba4bbb8a032d33b78e9abcce4d808f24e54e3b5d77e04433a5425,H0,45,56,42163,57217,42206,57274,false,rp1:018eb6e78e5dfafb04660fb58e18eae4,oci-image,oci-image/files/considerations.md,G0-FENCE-CLOSER-REMOVE|oci-image/files/considerations.md|code_block_fenced#2@3145-3184,break_restore_pair,0,BREAK,E4_FENCE_OPEN_CLOSE,middle,0.500159,close_break,6288,3,3181,3184,0,6288,64,530,2,8,8,284,0.045165,1.628499,2.605598
edit_write,246e379beddba4bbb8a032d33b78e9abcce4d808f24e54e3b5d77e04433a5425,H3,2172,2364,12643,13582,14833,15957,false,rp1:018eb6e78e5dfafb04660fb58e18eae4,oci-image,oci-image/files/considerations.md,G0-FENCE-CLOSER-REMOVE|oci-image/files/considerations.md|code_block_fenced#2@3145-3184,break_restore_pair,0,BREAK,E4_FENCE_OPEN_CLOSE,middle,0.500159,close_break,6288,3,3181,3184,0,6288,64,530,2,8,8,284,0.045165,1.628499,2.605598
edit_write,246e379beddba4bbb8a032d33b78e9abcce4d808f24e54e3b5d77e04433a5425,H4,401,450,8178,8874,8588,9269,false,rp1:018eb6e78e5dfafb04660fb58e18eae4,oci-image,oci-image/files/considerations.md,G0-FENCE-CLOSER-REMOVE|oci-image/files/considerations.md|code_block_fenced#2@3145-3184,break_restore_pair,0,BREAK,E4_FENCE_OPEN_CLOSE,middle,0.500159,close_break,6288,3,3181,3184,0,6288,64,530,2,8,8,284,0.045165,1.628499,2.605598
edit_write,252ef600f9f1e57f83f3faebc29db4c8821c66cc8c2260c73a523e3b302d2fcf,H1,43,52,12072,12712,12120,12756,false,rp1:dbf1e1b36564ede907451096d47b3960,crafting-interpreters,crafting-interpreters/files/note/answers/chapter13_inheritance/1.md,G0-FENCE-CLOSER-REMOVE|crafting-interpreters/files/note/answers/chapter13_inheritance/1.md|code_block_fenced#0@984-1091,break_restore_pair,1,RESTORE,E4_FENCE_OPEN_CLOSE,,,close_restore,9357,3,1088,1088,3,9360,49,759,2,0,0,5228,0.558547,2.188034,0
edit_write,252ef600f9f1e57f83f3faebc29db4c8821c66cc8c2260c73a523e3b302d2fcf,H2,75,103,14326,15152,14429,15222,false,rp1:dbf1e1b36564ede907451096d47b3960,crafting-interpreters,crafting-interpreters/files/note/answers/chapter13_inheritance/1.md,G0-FENCE-CLOSER-REMOVE|crafting-interpreters/files/note/answers/chapter13_inheritance/1.md|code_block_fenced#0@984-1091,break_restore_pair,1,RESTORE,E4_FENCE_OPEN_CLOSE,,,close_restore,9357,3,1088,1088,3,9360,49,759,2,0,0,5228,0.558547,2.188034,0
edit_write,252ef600f9f1e57f83f3faebc29db4c8821c66cc8c2260c73a523e3b302d2fcf,H0,31,45,27754,29471,27795,29495,false,rp1:dbf1e1b36564ede907451096d47b3960,crafting-interpreters,crafting-interpreters/files/note/answers/chapter13_inheritance/1.md,G0-FENCE-CLOSER-REMOVE|crafting-interpreters/files/note/answers/chapter13_inheritance/1.md|code_block_fenced#0@984-1091,break_restore_pair,1,RESTORE,E4_FENCE_OPEN_CLOSE,,,close_restore,9357,3,1088,1088,3,9360,49,759,2,0,0,5228,0.558547,2.188034,0
edit_write,252ef600f9f1e57f83f3faebc29db4c8821c66cc8c2260c73a523e3b302d2fcf,H3,1536,1649,10617,11346,12203,13120,false,rp1:dbf1e1b36564ede907451096d47b3960,crafting-interpreters,crafting-interpreters/files/note/answers/chapter13_inheritance/1.md,G0-FENCE-CLOSER-REMOVE|crafting-interpreters/files/note/answers/chapter13_inheritance/1.md|code_block_fenced#0@984-1091,break_restore_pair,1,RESTORE,E4_FENCE_OPEN_CLOSE,,,close_restore,9357,3,1088,1088,3,9360,49,759,2,0,0,5228,0.558547,2.188034,0
edit_write,252ef600f9f1e57f83f3faebc29db4c8821c66cc8c2260c73a523e3b302d2fcf,H4,262,305,5710,6146,5962,6417,false,rp1:dbf1e1b36564ede907451096d47b3960,crafting-interpreters,crafting-interpreters/files/note/answers/chapter13_inheritance/1.md,G0-FENCE-CLOSER-REMOVE|crafting-interpreters/files/note/answers/chapter13_inheritance/1.md|code_block_fenced#0@984-1091,break_restore_pair,1,RESTORE,E4_FENCE_OPEN_CLOSE,,,close_restore,9357,3,1088,1088,3,9360,49,759,2,0,0,5228,0.558547,2.188034,0
edit_write,25fac74c7b99dd05e3bc287e19d7e2c7aa2857bac35b7ff20027138237936c8d,H1,43,52,9936,10767,9992,10813,false,rp1:c5d46e534329887fc7bda62a6d15aa41,opentelemetry-spec,opentelemetry-spec/files/specification/library-layout.md,G0-CODESPAN-DELIM-BREAK|opentelemetry-spec/files/specification/library-layout.md|code_span#0@698-712,break_restore_pair,0,BREAK,E5_INLINE_DELIMITER,early,0.237092,delimiter_break,2944,1,698,699,0,2944,40,330,2,0,0,367,0.124660,0.695652,0
edit_write,25fac74c7b99dd05e3bc287e19d7e2c7aa2857bac35b7ff20027138237936c8d,H2,71,118,10000,11081,10087,11155,false,rp1:c5d46e534329887fc7bda62a6d15aa41,opentelemetry-spec,opentelemetry-spec/files/specification/library-layout.md,G0-CODESPAN-DELIM-BREAK|opentelemetry-spec/files/specification/library-layout.md|code_span#0@698-712,break_restore_pair,0,BREAK,E5_INLINE_DELIMITER,early,0.237092,delimiter_break,2944,1,698,699,0,2944,40,330,2,0,0,367,0.124660,0.695652,0
edit_write,25fac74c7b99dd05e3bc287e19d7e2c7aa2857bac35b7ff20027138237936c8d,H0,45,53,18543,19886,18585,19933,false,rp1:c5d46e534329887fc7bda62a6d15aa41,opentelemetry-spec,opentelemetry-spec/files/specification/library-layout.md,G0-CODESPAN-DELIM-BREAK|opentelemetry-spec/files/specification/library-layout.md|code_span#0@698-712,break_restore_pair,0,BREAK,E5_INLINE_DELIMITER,early,0.237092,delimiter_break,2944,1,698,699,0,2944,40,330,2,0,0,367,0.124660,0.695652,0
edit_write,25fac74c7b99dd05e3bc287e19d7e2c7aa2857bac35b7ff20027138237936c8d,H3,1262,1408,7205,7733,8489,9248,false,rp1:c5d46e534329887fc7bda62a6d15aa41,opentelemetry-spec,opentelemetry-spec/files/specification/library-layout.md,G0-CODESPAN-DELIM-BREAK|opentelemetry-spec/files/specification/library-layout.md|code_span#0@698-712,break_restore_pair,0,BREAK,E5_INLINE_DELIMITER,early,0.237092,delimiter_break,2944,1,698,699,0,2944,40,330,2,0,0,367,0.124660,0.695652,0
edit_write,25fac74c7b99dd05e3bc287e19d7e2c7aa2857bac35b7ff20027138237936c8d,H4,221,263,3887,4383,4068,4683,false,rp1:c5d46e534329887fc7bda62a6d15aa41,opentelemetry-spec,opentelemetry-spec/files/specification/library-layout.md,G0-CODESPAN-DELIM-BREAK|opentelemetry-spec/files/specification/library-layout.md|code_span#0@698-712,break_restore_pair,0,BREAK,E5_INLINE_DELIMITER,early,0.237092,delimiter_break,2944,1,698,699,0,2944,40,330,2,0,0,367,0.124660,0.695652,0
edit_write,260378feae0c21e3f658d0a90def2d91baa555ec24d512d1f67f87f96323ddab,H1,45,65,15587,16878,15633,16924,false,rp1:ec475854fc7dde214618d84cfc530bfa,rust-book,rust-book/files/src/appendix-05-editions.md,G0-LOCAL-TEXT-REPLACE-EQ|rust-book/files/src/appendix-05-editions.md|text#15@1552-1609,single_step,0,SINGLE,E1_LOCAL_TEXT,middle,0.504715,replace_eq,3075,8,1589,1597,8,3075,15,480,2,1,1,0,0,0,0.666016
edit_write,260378feae0c21e3f658d0a90def2d91baa555ec24d512d1f67f87f96323ddab,H2,70,96,5831,6292,5918,6380,false,rp1:ec475854fc7dde214618d84cfc530bfa,rust-book,rust-book/files/src/appendix-05-editions.md,G0-LOCAL-TEXT-REPLACE-EQ|rust-book/files/src/appendix-05-editions.md|text#15@1552-1609,single_step,0,SINGLE,E1_LOCAL_TEXT,middle,0.504715,replace_eq,3075,8,1589,1597,8,3075,15,480,2,1,1,0,0,0,0.666016
edit_write,260378feae0c21e3f658d0a90def2d91baa555ec24d512d1f67f87f96323ddab,H0,32,45,11649,12990,11683,13025,false,rp1:ec475854fc7dde214618d84cfc530bfa,rust-book,rust-book/files/src/appendix-05-editions.md,G0-LOCAL-TEXT-REPLACE-EQ|rust-book/files/src/appendix-05-editions.md|text#15@1552-1609,single_step,0,SINGLE,E1_LOCAL_TEXT,middle,0.504715,replace_eq,3075,8,1589,1597,8,3075,15,480,2,1,1,0,0,0,0.666016
edit_write,260378feae0c21e3f658d0a90def2d91baa555ec24d512d1f67f87f96323ddab,H3,872,1044,4534,5112,5404,6127,false,rp1:ec475854fc7dde214618d84cfc530bfa,rust-book,rust-book/files/src/appendix-05-editions.md,G0-LOCAL-TEXT-REPLACE-EQ|rust-book/files/src/appendix-05-editions.md|text#15@1552-1609,single_step,0,SINGLE,E1_LOCAL_TEXT,middle,0.504715,replace_eq,3075,8,1589,1597,8,3075,15,480,2,1,1,0,0,0,0.666016
edit_write,260378feae0c21e3f658d0a90def2d91baa555ec24d512d1f67f87f96323ddab,H4,107,153,2876,3188,3006,3302,false,rp1:ec475854fc7dde214618d84cfc530bfa,rust-book,rust-book/files/src/appendix-05-editions.md,G0-LOCAL-TEXT-REPLACE-EQ|rust-book/files/src/appendix-05-editions.md|text#15@1552-1609,single_step,0,SINGLE,E1_LOCAL_TEXT,middle,0.504715,replace_eq,3075,8,1589,1597,8,3075,15,480,2,1,1,0,0,0,0.666016
edit_write,26610fe69d5a94dc3dc68ea52c32a904e7b0bc8819f97eca79be0ebedb27ab6a,H1,45,58,33008,34522,33058,34552,false,rp1:26bea6372c3e4261c7a53713e2aeb16a,rust-rfcs,rust-rfcs/files/text/1123-str-split-at.md,G0-PARAGRAPH-MERGE|rust-rfcs/files/text/1123-str-split-at.md|paragraph#6@483-561,single_step,0,SINGLE,E2_PARAGRAPH_SPLIT_MERGE,early,0.140775,merge,3431,2,481,483,1,3431,31,877,2,2,2,866,0.252405,0.298455,1.193821
edit_write,26610fe69d5a94dc3dc68ea52c32a904e7b0bc8819f97eca79be0ebedb27ab6a,H2,93,125,10402,10895,10470,10996,false,rp1:26bea6372c3e4261c7a53713e2aeb16a,rust-rfcs,rust-rfcs/files/text/1123-str-split-at.md,G0-PARAGRAPH-MERGE|rust-rfcs/files/text/1123-str-split-at.md|paragraph#6@483-561,single_step,0,SINGLE,E2_PARAGRAPH_SPLIT_MERGE,early,0.140775,merge,3431,2,481,483,1,3431,31,877,2,2,2,866,0.252405,0.298455,1.193821
edit_write,26610fe69d5a94dc3dc68ea52c32a904e7b0bc8819f97eca79be0ebedb27ab6a,H0,35,56,21063,26245,21109,26295,false,rp1:26bea6372c3e4261c7a53713e2aeb16a,rust-rfcs,rust-rfcs/files/text/1123-str-split-at.md,G0-PARAGRAPH-MERGE|rust-rfcs/files/text/1123-str-split-at.md|paragraph#6@483-561,single_step,0,SINGLE,E2_PARAGRAPH_SPLIT_MERGE,early,0.140775,merge,3431,2,481,483,1,3431,31,877,2,2,2,866,0.252405,0.298455,1.193821
edit_write,26610fe69d5a94dc3dc68ea52c32a904e7b0bc8819f97eca79be0ebedb27ab6a,H3,1585,1737,8476,8994,10136,10633,false,rp1:26bea6372c3e4261c7a53713e2aeb16a,rust-rfcs,rust-rfcs/files/text/1123-str-split-at.md,G0-PARAGRAPH-MERGE|rust-rfcs/files/text/1123-str-split-at.md|paragraph#6@483-561,single_step,0,SINGLE,E2_PARAGRAPH_SPLIT_MERGE,early,0.140775,merge,3431,2,481,483,1,3431,31,877,2,2,2,866,0.252405,0.298455,1.193821
edit_write,26610fe69d5a94dc3dc68ea52c32a904e7b0bc8819f97eca79be0ebedb27ab6a,H4,187,226,5429,5951,5607,6121,false,rp1:26bea6372c3e4261c7a53713e2aeb16a,rust-rfcs,rust-rfcs/files/text/1123-str-split-at.md,G0-PARAGRAPH-MERGE|rust-rfcs/files/text/1123-str-split-at.md|paragraph#6@483-561,single_step,0,SINGLE,E2_PARAGRAPH_SPLIT_MERGE,early,0.140775,merge,3431,2,481,483,1,3431,31,877,2,2,2,866,0.252405,0.298455,1.193821
edit_write,26ef546c961fd47e44ba63069f98c08f2c44c6f867cc1351ff8eab74449d3694,H1,46,72,70542,84205,70577,84256,true,rp1:aa5c53d5cd15d0a96d70ee62f12d5134,oci-image,oci-image/files/considerations.md,G0-LIST-ITEM-INDENT|oci-image/files/considerations.md|list_item#12@1850-1892,break_restore_pair,1,RESTORE,E3_CONTAINER_DEPTH,,,indent_restore,6290,2,1850,1852,0,6288,64,530,2,8,8,284,0.045165,1.628499,2.605598
edit_write,26ef546c961fd47e44ba63069f98c08f2c44c6f867cc1351ff8eab74449d3694,H2,104,135,19746,21772,19869,21922,false,rp1:aa5c53d5cd15d0a96d70ee62f12d5134,oci-image,oci-image/files/considerations.md,G0-LIST-ITEM-INDENT|oci-image/files/considerations.md|list_item#12@1850-1892,break_restore_pair,1,RESTORE,E3_CONTAINER_DEPTH,,,indent_restore,6290,2,1850,1852,0,6288,64,530,2,8,8,284,0.045165,1.628499,2.605598
edit_write,26ef546c961fd47e44ba63069f98c08f2c44c6f867cc1351ff8eab74449d3694,H0,37,59,42280,46534,42320,46572,false,rp1:aa5c53d5cd15d0a96d70ee62f12d5134,oci-image,oci-image/files/considerations.md,G0-LIST-ITEM-INDENT|oci-image/files/considerations.md|list_item#12@1850-1892,break_restore_pair,1,RESTORE,E3_CONTAINER_DEPTH,,,indent_restore,6290,2,1850,1852,0,6288,64,530,2,8,8,284,0.045165,1.628499,2.605598
edit_write,26ef546c961fd47e44ba63069f98c08f2c44c6f867cc1351ff8eab74449d3694,H3,2567,2721,16336,27909,18925,30650,true,rp1:aa5c53d5cd15d0a96d70ee62f12d5134,oci-image,oci-image/files/considerations.md,G0-LIST-ITEM-INDENT|oci-image/files/considerations.md|list_item#12@1850-1892,break_restore_pair,1,RESTORE,E3_CONTAINER_DEPTH,,,indent_restore,6290,2,1850,1852,0,6288,64,530,2,8,8,284,0.045165,1.628499,2.605598
edit_write,26ef546c961fd47e44ba63069f98c08f2c44c6f867cc1351ff8eab74449d3694,H4,546,617,11044,12097,11574,12685,false,rp1:aa5c53d5cd15d0a96d70ee62f12d5134,oci-image,oci-image/files/considerations.md,G0-LIST-ITEM-INDENT|oci-image/files/considerations.md|list_item#12@1850-1892,break_restore_pair,1,RESTORE,E3_CONTAINER_DEPTH,,,indent_restore,6290,2,1850,1852,0,6288,64,530,2,8,8,284,0.045165,1.628499,2.605598
edit_write,2718f8e7e9566fb7e83409259c9f365030f18991f4dfd010dcf1670196495b62,H1,33,49,2224,2454,2258,2498,false,rp1:be668fab05a2d90bd3f490c917f3f76a,crafting-interpreters,crafting-interpreters/files/note/answers/chapter20_hash/1.md,G0-PARAGRAPH-SPLIT|crafting-interpreters/files/note/answers/chapter20_hash/1.md|paragraph#8@2110-2133,single_step,0,SINGLE,E2_PARAGRAPH_SPLIT_MERGE,middle|late,0.219016,split,9634,2,2120,2121,2,9634,12,7498,0,0,0,8080,0.838696,0.318871,0
edit_write,2718f8e7e9566fb7e83409259c9f365030f18991f4dfd010dcf1670196495b62,H2,57,110,4985,5378,5078,5450,false,rp1:be668fab05a2d90bd3f490c917f3f76a,crafting-interpreters,crafting-interpreters/files/note/answers/chapter20_hash/1.md,G0-PARAGRAPH-SPLIT|crafting-interpreters/files/note/answers/chapter20_hash/1.md|paragraph#8@2110-2133,single_step,0,SINGLE,E2_PARAGRAPH_SPLIT_MERGE,middle|late,0.219016,split,9634,2,2120,2121,2,9634,12,7498,0,0,0,8080,0.838696,0.318871,0
edit_write,2718f8e7e9566fb7e83409259c9f365030f18991f4dfd010dcf1670196495b62,H0,31,47,16048,17207,16088,17237,false,rp1:be668fab05a2d90bd3f490c917f3f76a,crafting-interpreters,crafting-interpreters/files/note/answers/chapter20_hash/1.md,G0-PARAGRAPH-SPLIT|crafting-interpreters/files/note/answers/chapter20_hash/1.md|paragraph#8@2110-2133,single_step,0,SINGLE,E2_PARAGRAPH_SPLIT_MERGE,middle|late,0.219016,split,9634,2,2120,2121,2,9634,12,7498,0,0,0,8080,0.838696,0.318871,0
edit_write,2718f8e7e9566fb7e83409259c9f365030f18991f4dfd010dcf1670196495b62,H3,539,649,3652,4063,4195,4694,false,rp1:be668fab05a2d90bd3f490c917f3f76a,crafting-interpreters,crafting-interpreters/files/note/answers/chapter20_hash/1.md,G0-PARAGRAPH-SPLIT|crafting-interpreters/files/note/answers/chapter20_hash/1.md|paragraph#8@2110-2133,single_step,0,SINGLE,E2_PARAGRAPH_SPLIT_MERGE,middle|late,0.219016,split,9634,2,2120,2121,2,9634,12,7498,0,0,0,8080,0.838696,0.318871,0
edit_write,2718f8e7e9566fb7e83409259c9f365030f18991f4dfd010dcf1670196495b62,H4,96,119,2022,2459,2137,2563,false,rp1:be668fab05a2d90bd3f490c917f3f76a,crafting-interpreters,crafting-interpreters/files/note/answers/chapter20_hash/1.md,G0-PARAGRAPH-SPLIT|crafting-interpreters/files/note/answers/chapter20_hash/1.md|paragraph#8@2110-2133,single_step,0,SINGLE,E2_PARAGRAPH_SPLIT_MERGE,middle|late,0.219016,split,9634,2,2120,2121,2,9634,12,7498,0,0,0,8080,0.838696,0.318871,0
edit_write,273fa8cb17228573bab33fed4e0e69f9cc361c86d516fc788ce578678fb80293,H1,40,49,5974,6466,6015,6513,false,rp1:438c8b181820d425be8939c707acd109,openmlsys,openmlsys/files/v1/zh_chapters/chapter_accelerator/index.md,G0-PARAGRAPH-MERGE|openmlsys/files/v1/zh_chapters/chapter_accelerator/index.md|paragraph#2@702-732,single_step,0,SINGLE,E2_PARAGRAPH_SPLIT_MERGE,early|middle|late,0.717058,merge,979,2,700,702,1,979,8,537,2,0,0,117,0.119510,1.045965,0
edit_write,273fa8cb17228573bab33fed4e0e69f9cc361c86d516fc788ce578678fb80293,H2,66,98,4273,4939,4323,5053,false,rp1:438c8b181820d425be8939c707acd109,openmlsys,openmlsys/files/v1/zh_chapters/chapter_accelerator/index.md,G0-PARAGRAPH-MERGE|openmlsys/files/v1/zh_chapters/chapter_accelerator/index.md|paragraph#2@702-732,single_step,0,SINGLE,E2_PARAGRAPH_SPLIT_MERGE,early|middle|late,0.717058,merge,979,2,700,702,1,979,8,537,2,0,0,117,0.119510,1.045965,0
edit_write,273fa8cb17228573bab33fed4e0e69f9cc361c86d516fc788ce578678fb80293,H0,31,40,3883,4210,3923,4253,false,rp1:438c8b181820d425be8939c707acd109,openmlsys,openmlsys/files/v1/zh_chapters/chapter_accelerator/index.md,G0-PARAGRAPH-MERGE|openmlsys/files/v1/zh_chapters/chapter_accelerator/index.md|paragraph#2@702-732,single_step,0,SINGLE,E2_PARAGRAPH_SPLIT_MERGE,early|middle|late,0.717058,merge,979,2,700,702,1,979,8,537,2,0,0,117,0.119510,1.045965,0
edit_write,273fa8cb17228573bab33fed4e0e69f9cc361c86d516fc788ce578678fb80293,H3,462,539,3573,3951,3976,4528,false,rp1:438c8b181820d425be8939c707acd109,openmlsys,openmlsys/files/v1/zh_chapters/chapter_accelerator/index.md,G0-PARAGRAPH-MERGE|openmlsys/files/v1/zh_chapters/chapter_accelerator/index.md|paragraph#2@702-732,single_step,0,SINGLE,E2_PARAGRAPH_SPLIT_MERGE,early|middle|late,0.717058,merge,979,2,700,702,1,979,8,537,2,0,0,117,0.119510,1.045965,0
edit_write,273fa8cb17228573bab33fed4e0e69f9cc361c86d516fc788ce578678fb80293,H4,82,150,1675,1921,1733,2006,false,rp1:438c8b181820d425be8939c707acd109,openmlsys,openmlsys/files/v1/zh_chapters/chapter_accelerator/index.md,G0-PARAGRAPH-MERGE|openmlsys/files/v1/zh_chapters/chapter_accelerator/index.md|paragraph#2@702-732,single_step,0,SINGLE,E2_PARAGRAPH_SPLIT_MERGE,early|middle|late,0.717058,merge,979,2,700,702,1,979,8,537,2,0,0,117,0.119510,1.045965,0
edit_write,279864387d6761eec0db710f2df2a97740138b567c2c83dcccb164630c9ae2d1,H1,43,50,6590,7287,6627,7324,false,rp1:69e9c66f43a85b3bd7b7670aea1df80f,crafting-interpreters,crafting-interpreters/files/note/answers/chapter13_inheritance/1.md,G0-PARAGRAPH-SPLIT|crafting-interpreters/files/note/answers/chapter13_inheritance/1.md|paragraph#25@8577-8738,single_step,0,SINGLE,E2_PARAGRAPH_SPLIT_MERGE,late,0.916346,split,9360,2,8662,8663,2,9360,49,759,2,0,0,5228,0.558547,2.188034,0
edit_write,279864387d6761eec0db710f2df2a97740138b567c2c83dcccb164630c9ae2d1,H2,73,100,14036,24956,14124,25051,false,rp1:69e9c66f43a85b3bd7b7670aea1df80f,crafting-interpreters,crafting-interpreters/files/note/answers/chapter13_inheritance/1.md,G0-PARAGRAPH-SPLIT|crafting-interpreters/files/note/answers/chapter13_inheritance/1.md|paragraph#25@8577-8738,single_step,0,SINGLE,E2_PARAGRAPH_SPLIT_MERGE,late,0.916346,split,9360,2,8662,8663,2,9360,49,759,2,0,0,5228,0.558547,2.188034,0
edit_write,279864387d6761eec0db710f2df2a97740138b567c2c83dcccb164630c9ae2d1,H0,43,49,30335,40026,30380,40060,true,rp1:69e9c66f43a85b3bd7b7670aea1df80f,crafting-interpreters,crafting-interpreters/files/note/answers/chapter13_inheritance/1.md,G0-PARAGRAPH-SPLIT|crafting-interpreters/files/note/answers/chapter13_inheritance/1.md|paragraph#25@8577-8738,single_step,0,SINGLE,E2_PARAGRAPH_SPLIT_MERGE,late,0.916346,split,9360,2,8662,8663,2,9360,49,759,2,0,0,5228,0.558547,2.188034,0
edit_write,279864387d6761eec0db710f2df2a97740138b567c2c83dcccb164630c9ae2d1,H3,1710,1876,10431,21933,12197,23695,false,rp1:69e9c66f43a85b3bd7b7670aea1df80f,crafting-interpreters,crafting-interpreters/files/note/answers/chapter13_inheritance/1.md,G0-PARAGRAPH-SPLIT|crafting-interpreters/files/note/answers/chapter13_inheritance/1.md|paragraph#25@8577-8738,single_step,0,SINGLE,E2_PARAGRAPH_SPLIT_MERGE,late,0.916346,split,9360,2,8662,8663,2,9360,49,759,2,0,0,5228,0.558547,2.188034,0
edit_write,279864387d6761eec0db710f2df2a97740138b567c2c83dcccb164630c9ae2d1,H4,270,287,6140,6620,6399,6903,true,rp1:69e9c66f43a85b3bd7b7670aea1df80f,crafting-interpreters,crafting-interpreters/files/note/answers/chapter13_inheritance/1.md,G0-PARAGRAPH-SPLIT|crafting-interpreters/files/note/answers/chapter13_inheritance/1.md|paragraph#25@8577-8738,single_step,0,SINGLE,E2_PARAGRAPH_SPLIT_MERGE,late,0.916346,split,9360,2,8662,8663,2,9360,49,759,2,0,0,5228,0.558547,2.188034,0
edit_write,28a1acf90b38df679a58bf587c158e7b7a97095308f7efc057237cab5f68e3e9,H1,44,54,3142,3325,3198,3352,false,rp1:7324252d67863fb37ff8487748a3fdda,crafting-interpreters,crafting-interpreters/files/note/answers/chapter20_hash/1.md,G0-CODESPAN-DELIM-BREAK|crafting-interpreters/files/note/answers/chapter20_hash/1.md|code_span#11@1930-1936,break_restore_pair,1,RESTORE,E5_INLINE_DELIMITER,,,delimiter_restore,9633,1,1930,1930,1,9634,12,7498,0,0,0,8080,0.838696,0.318871,0
edit_write,28a1acf90b38df679a58bf587c158e7b7a97095308f7efc057237cab5f68e3e9,H2,58,85,5802,6107,5867,6171,false,rp1:7324252d67863fb37ff8487748a3fdda,crafting-interpreters,crafting-interpreters/files/note/answers/chapter20_hash/1.md,G0-CODESPAN-DELIM-BREAK|crafting-interpreters/files/note/answers/chapter20_hash/1.md|code_span#11@1930-1936,break_restore_pair,1,RESTORE,E5_INLINE_DELIMITER,,,delimiter_restore,9633,1,1930,1930,1,9634,12,7498,0,0,0,8080,0.838696,0.318871,0
edit_write,28a1acf90b38df679a58bf587c158e7b7a97095308f7efc057237cab5f68e3e9,H0,32,46,15689,16109,15723,16144,false,rp1:7324252d67863fb37ff8487748a3fdda,crafting-interpreters,crafting-interpreters/files/note/answers/chapter20_hash/1.md,G0-CODESPAN-DELIM-BREAK|crafting-interpreters/files/note/answers/chapter20_hash/1.md|code_span#11@1930-1936,break_restore_pair,1,RESTORE,E5_INLINE_DELIMITER,,,delimiter_restore,9633,1,1930,1930,1,9634,12,7498,0,0,0,8080,0.838696,0.318871,0
edit_write,28a1acf90b38df679a58bf587c158e7b7a97095308f7efc057237cab5f68e3e9,H3,747,825,4534,4971,5273,5763,false,rp1:7324252d67863fb37ff8487748a3fdda,crafting-interpreters,crafting-interpreters/files/note/answers/chapter20_hash/1.md,G0-CODESPAN-DELIM-BREAK|crafting-interpreters/files/note/answers/chapter20_hash/1.md|code_span#11@1930-1936,break_restore_pair,1,RESTORE,E5_INLINE_DELIMITER,,,delimiter_restore,9633,1,1930,1930,1,9634,12,7498,0,0,0,8080,0.838696,0.318871,0
edit_write,28a1acf90b38df679a58bf587c158e7b7a97095308f7efc057237cab5f68e3e9,H4,110,150,2721,3136,2829,3235,false,rp1:7324252d67863fb37ff8487748a3fdda,crafting-interpreters,crafting-interpreters/files/note/answers/chapter20_hash/1.md,G0-CODESPAN-DELIM-BREAK|crafting-interpreters/files/note/answers/chapter20_hash/1.md|code_span#11@1930-1936,break_restore_pair,1,RESTORE,E5_INLINE_DELIMITER,,,delimiter_restore,9633,1,1930,1930,1,9634,12,7498,0,0,0,8080,0.838696,0.318871,0
edit_write,28d504bae47605bbffc9527edfa75df3e1d91094a3b0ba5637ce9390eadac374,H1,44,51,6317,6863,6365,6923,false,rp1:ff1e2a6d8e0afe8a472f3b6f84eb76a8,crafting-interpreters,crafting-interpreters/files/note/answers/chapter13_inheritance/1.md,G0-FENCE-CLOSER-REMOVE|crafting-interpreters/files/note/answers/chapter13_inheritance/1.md|code_block_fenced#17@8831-8894,break_restore_pair,1,RESTORE,E4_FENCE_OPEN_CLOSE,,,close_restore,9357,3,8891,8891,3,9360,49,759,2,0,0,5228,0.558547,2.188034,0
edit_write,28d504bae47605bbffc9527edfa75df3e1d91094a3b0ba5637ce9390eadac374,H2,74,110,13722,14424,13832,14512,false,rp1:ff1e2a6d8e0afe8a472f3b6f84eb76a8,crafting-interpreters,crafting-interpreters/files/note/answers/chapter13_inheritance/1.md,G0-FENCE-CLOSER-REMOVE|crafting-interpreters/files/note/answers/chapter13_inheritance/1.md|code_block_fenced#17@8831-8894,break_restore_pair,1,RESTORE,E4_FENCE_OPEN_CLOSE,,,close_restore,9357,3,8891,8891,3,9360,49,759,2,0,0,5228,0.558547,2.188034,0
edit_write,28d504bae47605bbffc9527edfa75df3e1d91094a3b0ba5637ce9390eadac374,H0,43,53,27797,29470,27850,29511,true,rp1:ff1e2a6d8e0afe8a472f3b6f84eb76a8,crafting-interpreters,crafting-interpreters/files/note/answers/chapter13_inheritance/1.md,G0-FENCE-CLOSER-REMOVE|crafting-interpreters/files/note/answers/chapter13_inheritance/1.md|code_block_fenced#17@8831-8894,break_restore_pair,1,RESTORE,E4_FENCE_OPEN_CLOSE,,,close_restore,9357,3,8891,8891,3,9360,49,759,2,0,0,5228,0.558547,2.188034,0
edit_write,28d504bae47605bbffc9527edfa75df3e1d91094a3b0ba5637ce9390eadac374,H3,1554,1674,10662,22365,12225,24019,false,rp1:ff1e2a6d8e0afe8a472f3b6f84eb76a8,crafting-interpreters,crafting-interpreters/files/note/answers/chapter13_inheritance/1.md,G0-FENCE-CLOSER-REMOVE|crafting-interpreters/files/note/answers/chapter13_inheritance/1.md|code_block_fenced#17@8831-8894,break_restore_pair,1,RESTORE,E4_FENCE_OPEN_CLOSE,,,close_restore,9357,3,8891,8891,3,9360,49,759,2,0,0,5228,0.558547,2.188034,0
edit_write,28d504bae47605bbffc9527edfa75df3e1d91094a3b0ba5637ce9390eadac374,H4,235,273,5004,5279,5211,5519,true,rp1:ff1e2a6d8e0afe8a472f3b6f84eb76a8,crafting-interpreters,crafting-interpreters/files/note/answers/chapter13_inheritance/1.md,G0-FENCE-CLOSER-REMOVE|crafting-interpreters/files/note/answers/chapter13_inheritance/1.md|code_block_fenced#17@8831-8894,break_restore_pair,1,RESTORE,E4_FENCE_OPEN_CLOSE,,,close_restore,9357,3,8891,8891,3,9360,49,759,2,0,0,5228,0.558547,2.188034,0
edit_write,2904613ba6435ee558ed3d245d9e38820d67316f8316fa96e8a17ba5ded9d27b,H1,47,61,26811,27947,26861,28003,false,rp1:3da4f0f9b9953f77df6b514a19e1a0e9,myst-parser,myst-parser/files/docs/develop/contributing.md,G0-LINK-DEST-BREAK|myst-parser/files/docs/develop/contributing.md|link_inline#6@1788-1821,single_step,0,SINGLE,E5_INLINE_DELIMITER,late,0.655666,destination_break,2727,1,1794,1794,1,2727,30,321,0,8,4,337,0.123579,2.628530,4.506051
edit_write,2904613ba6435ee558ed3d245d9e38820d67316f8316fa96e8a17ba5ded9d27b,H2,82,115,10136,10695,10214,10767,false,rp1:3da4f0f9b9953f77df6b514a19e1a0e9,myst-parser,myst-parser/files/docs/develop/contributing.md,G0-LINK-DEST-BREAK|myst-parser/files/docs/develop/contributing.md|link_inline#6@1788-1821,single_step,0,SINGLE,E5_INLINE_DELIMITER,late,0.655666,destination_break,2727,1,1794,1794,1,2727,30,321,0,8,4,337,0.123579,2.628530,4.506051
edit_write,2904613ba6435ee558ed3d245d9e38820d67316f8316fa96e8a17ba5ded9d27b,H0,34,44,15682,16562,15726,16605,false,rp1:3da4f0f9b9953f77df6b514a19e1a0e9,myst-parser,myst-parser/files/docs/develop/contributing.md,G0-LINK-DEST-BREAK|myst-parser/files/docs/develop/contributing.md|link_inline#6@1788-1821,single_step,0,SINGLE,E5_INLINE_DELIMITER,late,0.655666,destination_break,2727,1,1794,1794,1,2727,30,321,0,8,4,337,0.123579,2.628530,4.506051
edit_write,2904613ba6435ee558ed3d245d9e38820d67316f8316fa96e8a17ba5ded9d27b,H3,1430,1642,7927,8432,9445,10106,false,rp1:3da4f0f9b9953f77df6b514a19e1a0e9,myst-parser,myst-parser/files/docs/develop/contributing.md,G0-LINK-DEST-BREAK|myst-parser/files/docs/develop/contributing.md|link_inline#6@1788-1821,single_step,0,SINGLE,E5_INLINE_DELIMITER,late,0.655666,destination_break,2727,1,1794,1794,1,2727,30,321,0,8,4,337,0.123579,2.628530,4.506051
edit_write,2904613ba6435ee558ed3d245d9e38820d67316f8316fa96e8a17ba5ded9d27b,H4,199,263,4948,5574,5105,5857,false,rp1:3da4f0f9b9953f77df6b514a19e1a0e9,myst-parser,myst-parser/files/docs/develop/contributing.md,G0-LINK-DEST-BREAK|myst-parser/files/docs/develop/contributing.md|link_inline#6@1788-1821,single_step,0,SINGLE,E5_INLINE_DELIMITER,late,0.655666,destination_break,2727,1,1794,1794,1,2727,30,321,0,8,4,337,0.123579,2.628530,4.506051
edit_write,2a2b60261297aeb6979831a4ecb88cb780699e65e29feb38b0378c832df99740,H1,46,55,12125,13044,12179,13086,false,rp1:6bae33b31f5121ab738e13d9c097b556,opentelemetry-spec,opentelemetry-spec/files/specification/library-layout.md,G0-PARAGRAPH-SPLIT|opentelemetry-spec/files/specification/library-layout.md|paragraph#1@274-349,single_step,0,SINGLE,E2_PARAGRAPH_SPLIT_MERGE,early,0.093071,split,2944,2,308,309,2,2944,40,330,2,0,0,367,0.124660,0.695652,0
edit_write,2a2b60261297aeb6979831a4ecb88cb780699e65e29feb38b0378c832df99740,H2,78,105,11270,12480,11326,12559,false,rp1:6bae33b31f5121ab738e13d9c097b556,opentelemetry-spec,opentelemetry-spec/files/specification/library-layout.md,G0-PARAGRAPH-SPLIT|opentelemetry-spec/files/specification/library-layout.md|paragraph#1@274-349,single_step,0,SINGLE,E2_PARAGRAPH_SPLIT_MERGE,early,0.093071,split,2944,2,308,309,2,2944,40,330,2,0,0,367,0.124660,0.695652,0
edit_write,2a2b60261297aeb6979831a4ecb88cb780699e65e29feb38b0378c832df99740,H0,45,58,19007,20716,19054,20744,false,rp1:6bae33b31f5121ab738e13d9c097b556,opentelemetry-spec,opentelemetry-spec/files/specification/library-layout.md,G0-PARAGRAPH-SPLIT|opentelemetry-spec/files/specification/library-layout.md|paragraph#1@274-349,single_step,0,SINGLE,E2_PARAGRAPH_SPLIT_MERGE,early,0.093071,split,2944,2,308,309,2,2944,40,330,2,0,0,367,0.124660,0.695652,0
edit_write,2a2b60261297aeb6979831a4ecb88cb780699e65e29feb38b0378c832df99740,H3,1298,1410,8357,9103,9667,10453,false,rp1:6bae33b31f5121ab738e13d9c097b556,opentelemetry-spec,opentelemetry-spec/files/specification/library-layout.md,G0-PARAGRAPH-SPLIT|opentelemetry-spec/files/specification/library-layout.md|paragraph#1@274-349,single_step,0,SINGLE,E2_PARAGRAPH_SPLIT_MERGE,early,0.093071,split,2944,2,308,309,2,2944,40,330,2,0,0,367,0.124660,0.695652,0
edit_write,2a2b60261297aeb6979831a4ecb88cb780699e65e29feb38b0378c832df99740,H4,247,277,4478,4856,4729,5146,false,rp1:6bae33b31f5121ab738e13d9c097b556,opentelemetry-spec,opentelemetry-spec/files/specification/library-layout.md,G0-PARAGRAPH-SPLIT|opentelemetry-spec/files/specification/library-layout.md|paragraph#1@274-349,single_step,0,SINGLE,E2_PARAGRAPH_SPLIT_MERGE,early,0.093071,split,2944,2,308,309,2,2944,40,330,2,0,0,367,0.124660,0.695652,0
edit_write,2b0e5a48116bf2be5f6a0c9e574505818b6af3c45fb1c901743c508990df940b,H1,30,47,1070,1397,1113,1435,false,rp1:4f9c00b22f9c3b87b6bb679b450d1f4f,d2l-en,d2l-en/files/chapter_generative-adversarial-networks/index.md,G0-CODESPAN-DELIM-BREAK|d2l-en/files/chapter_generative-adversarial-networks/index.md|code_span#0@41-52,break_restore_pair,0,BREAK,E5_INLINE_DELIMITER,early|middle|late,0.460674,delimiter_break,89,1,41,42,0,89,3,34,0,0,0,24,0.269663,11.505618,0
edit_write,2b0e5a48116bf2be5f6a0c9e574505818b6af3c45fb1c901743c508990df940b,H2,36,60,1593,1770,1643,1819,false,rp1:4f9c00b22f9c3b87b6bb679b450d1f4f,d2l-en,d2l-en/files/chapter_generative-adversarial-networks/index.md,G0-CODESPAN-DELIM-BREAK|d2l-en/files/chapter_generative-adversarial-networks/index.md|code_span#0@41-52,break_restore_pair,0,BREAK,E5_INLINE_DELIMITER,early|middle|late,0.460674,delimiter_break,89,1,41,42,0,89,3,34,0,0,0,24,0.269663,11.505618,0
edit_write,2b0e5a48116bf2be5f6a0c9e574505818b6af3c45fb1c901743c508990df940b,H0,30,36,743,818,784,844,false,rp1:4f9c00b22f9c3b87b6bb679b450d1f4f,d2l-en,d2l-en/files/chapter_generative-adversarial-networks/index.md,G0-CODESPAN-DELIM-BREAK|d2l-en/files/chapter_generative-adversarial-networks/index.md|code_span#0@41-52,break_restore_pair,0,BREAK,E5_INLINE_DELIMITER,early|middle|late,0.460674,delimiter_break,89,1,41,42,0,89,3,34,0,0,0,24,0.269663,11.505618,0
edit_write,2b0e5a48116bf2be5f6a0c9e574505818b6af3c45fb1c901743c508990df940b,H3,378,509,1363,1587,1726,2069,false,rp1:4f9c00b22f9c3b87b6bb679b450d1f4f,d2l-en,d2l-en/files/chapter_generative-adversarial-networks/index.md,G0-CODESPAN-DELIM-BREAK|d2l-en/files/chapter_generative-adversarial-networks/index.md|code_span#0@41-52,break_restore_pair,0,BREAK,E5_INLINE_DELIMITER,early|middle|late,0.460674,delimiter_break,89,1,41,42,0,89,3,34,0,0,0,24,0.269663,11.505618,0
edit_write,2b0e5a48116bf2be5f6a0c9e574505818b6af3c45fb1c901743c508990df940b,H4,81,117,1132,1313,1214,1438,false,rp1:4f9c00b22f9c3b87b6bb679b450d1f4f,d2l-en,d2l-en/files/chapter_generative-adversarial-networks/index.md,G0-CODESPAN-DELIM-BREAK|d2l-en/files/chapter_generative-adversarial-networks/index.md|code_span#0@41-52,break_restore_pair,0,BREAK,E5_INLINE_DELIMITER,early|middle|late,0.460674,delimiter_break,89,1,41,42,0,89,3,34,0,0,0,24,0.269663,11.505618,0
edit_write,2c5b85b771b54fba5afafce775b0c8eadfead92b78bbf3ef6c75d433c6d4ad18,H1,43,50,15170,16507,15212,16552,false,rp1:7cf8899df84c490a4397b4b6811cc769,d2l-en,d2l-en/files/chapter_installation/index.md,G0-FENCE-CLOSER-REMOVE|d2l-en/files/chapter_installation/index.md|code_block_fenced#6@3086-3122,break_restore_pair,1,RESTORE,E4_FENCE_OPEN_CLOSE,,,close_restore,6091,3,3119,3119,3,6094,60,589,0,0,0,1227,0.201346,2.856580,0
edit_write,2c5b85b771b54fba5afafce775b0c8eadfead92b78bbf3ef6c75d433c6d4ad18,H2,98,140,22143,24456,22225,24552,false,rp1:7cf8899df84c490a4397b4b6811cc769,d2l-en,d2l-en/files/chapter_installation/index.md,G0-FENCE-CLOSER-REMOVE|d2l-en/files/chapter_installation/index.md|code_block_fenced#6@3086-3122,break_restore_pair,1,RESTORE,E4_FENCE_OPEN_CLOSE,,,close_restore,6091,3,3119,3119,3,6094,60,589,0,0,0,1227,0.201346,2.856580,0
edit_write,2c5b85b771b54fba5afafce775b0c8eadfead92b78bbf3ef6c75d433c6d4ad18,H0,37,46,31414,33573,31450,33611,false,rp1:7cf8899df84c490a4397b4b6811cc769,d2l-en,d2l-en/files/chapter_installation/index.md,G0-FENCE-CLOSER-REMOVE|d2l-en/files/chapter_installation/index.md|code_block_fenced#6@3086-3122,break_restore_pair,1,RESTORE,E4_FENCE_OPEN_CLOSE,,,close_restore,6091,3,3119,3119,3,6094,60,589,0,0,0,1227,0.201346,2.856580,0
edit_write,2c5b85b771b54fba5afafce775b0c8eadfead92b78bbf3ef6c75d433c6d4ad18,H3,1745,1922,18724,20006,20453,22385,false,rp1:7cf8899df84c490a4397b4b6811cc769,d2l-en,d2l-en/files/chapter_installation/index.md,G0-FENCE-CLOSER-REMOVE|d2l-en/files/chapter_installation/index.md|code_block_fenced#6@3086-3122,break_restore_pair,1,RESTORE,E4_FENCE_OPEN_CLOSE,,,close_restore,6091,3,3119,3119,3,6094,60,589,0,0,0,1227,0.201346,2.856580,0
edit_write,2c5b85b771b54fba5afafce775b0c8eadfead92b78bbf3ef6c75d433c6d4ad18,H4,334,374,7315,8298,7669,8652,false,rp1:7cf8899df84c490a4397b4b6811cc769,d2l-en,d2l-en/files/chapter_installation/index.md,G0-FENCE-CLOSER-REMOVE|d2l-en/files/chapter_installation/index.md|code_block_fenced#6@3086-3122,break_restore_pair,1,RESTORE,E4_FENCE_OPEN_CLOSE,,,close_restore,6091,3,3119,3119,3,6094,60,589,0,0,0,1227,0.201346,2.856580,0
edit_write,2d4c15fae5a33931c3f2fc94670f8bcc671664084b8421f50aa8c8d919b72730,H1,44,48,44385,56726,44425,56769,false,rp1:4c8145dac034a3617ddd54e497410b29,d2l-en,d2l-en/files/chapter_installation/index.md,G0-FENCE-CLOSER-REMOVE|d2l-en/files/chapter_installation/index.md|code_block_fenced#0@870-965,break_restore_pair,0,BREAK,E4_FENCE_OPEN_CLOSE,early,0.142763,close_break,6094,3,962,965,0,6094,60,589,0,0,0,1227,0.201346,2.856580,0
edit_write,2d4c15fae5a33931c3f2fc94670f8bcc671664084b8421f50aa8c8d919b72730,H2,80,104,14436,16132,14501,16232,false,rp1:4c8145dac034a3617ddd54e497410b29,d2l-en,d2l-en/files/chapter_installation/index.md,G0-FENCE-CLOSER-REMOVE|d2l-en/files/chapter_installation/index.md|code_block_fenced#0@870-965,break_restore_pair,0,BREAK,E4_FENCE_OPEN_CLOSE,early,0.142763,close_break,6094,3,962,965,0,6094,60,589,0,0,0,1227,0.201346,2.856580,0
edit_write,2d4c15fae5a33931c3f2fc94670f8bcc671664084b8421f50aa8c8d919b72730,H0,36,41,31402,48660,31437,48696,false,rp1:4c8145dac034a3617ddd54e497410b29,d2l-en,d2l-en/files/chapter_installation/index.md,G0-FENCE-CLOSER-REMOVE|d2l-en/files/chapter_installation/index.md|code_block_fenced#0@870-965,break_restore_pair,0,BREAK,E4_FENCE_OPEN_CLOSE,early,0.142763,close_break,6094,3,962,965,0,6094,60,589,0,0,0,1227,0.201346,2.856580,0
edit_write,2d4c15fae5a33931c3f2fc94670f8bcc671664084b8421f50aa8c8d919b72730,H3,1494,1648,10468,11391,11923,13015,false,rp1:4c8145dac034a3617ddd54e497410b29,d2l-en,d2l-en/files/chapter_installation/index.md,G0-FENCE-CLOSER-REMOVE|d2l-en/files/chapter_installation/index.md|code_block_fenced#0@870-965,break_restore_pair,0,BREAK,E4_FENCE_OPEN_CLOSE,early,0.142763,close_break,6094,3,962,965,0,6094,60,589,0,0,0,1227,0.201346,2.856580,0
edit_write,2d4c15fae5a33931c3f2fc94670f8bcc671664084b8421f50aa8c8d919b72730,H4,321,368,5634,6279,5960,6647,false,rp1:4c8145dac034a3617ddd54e497410b29,d2l-en,d2l-en/files/chapter_installation/index.md,G0-FENCE-CLOSER-REMOVE|d2l-en/files/chapter_installation/index.md|code_block_fenced#0@870-965,break_restore_pair,0,BREAK,E4_FENCE_OPEN_CLOSE,early,0.142763,close_break,6094,3,962,965,0,6094,60,589,0,0,0,1227,0.201346,2.856580,0
edit_write,2edd653b610f67c24d664df54668f4014d18496e02a6a9b4acf808ed2cb05a1c,H1,39,51,8010,8548,8053,8591,false,rp1:843578557f25aa0c97a742aa37d71344,d2l-en,d2l-en/files/chapter_appendix-tools-for-deep-learning/utils.md,G0-PARAGRAPH-SPLIT|d2l-en/files/chapter_appendix-tools-for-deep-learning/utils.md|paragraph#5@4513-4530,single_step,0,SINGLE,E2_PARAGRAPH_SPLIT_MERGE,early,0.100481,split,44914,2,4519,4520,2,44914,39,4363,0,0,0,43880,0.976978,0.615576,0
edit_write,2edd653b610f67c24d664df54668f4014d18496e02a6a9b4acf808ed2cb05a1c,H2,112,124,11195,13105,11266,13230,false,rp1:843578557f25aa0c97a742aa37d71344,d2l-en,d2l-en/files/chapter_appendix-tools-for-deep-learning/utils.md,G0-PARAGRAPH-SPLIT|d2l-en/files/chapter_appendix-tools-for-deep-learning/utils.md|paragraph#5@4513-4530,single_step,0,SINGLE,E2_PARAGRAPH_SPLIT_MERGE,early,0.100481,split,44914,2,4519,4520,2,44914,39,4363,0,0,0,43880,0.976978,0.615576,0
edit_write,2edd653b610f67c24d664df54668f4014d18496e02a6a9b4acf808ed2cb05a1c,H0,34,53,53173,70267,53205,70297,false,rp1:843578557f25aa0c97a742aa37d71344,d2l-en,d2l-en/files/chapter_appendix-tools-for-deep-learning/utils.md,G0-PARAGRAPH-SPLIT|d2l-en/files/chapter_appendix-tools-for-deep-learning/utils.md|paragraph#5@4513-4530,single_step,0,SINGLE,E2_PARAGRAPH_SPLIT_MERGE,early,0.100481,split,44914,2,4519,4520,2,44914,39,4363,0,0,0,43880,0.976978,0.615576,0
edit_write,2edd653b610f67c24d664df54668f4014d18496e02a6a9b4acf808ed2cb05a1c,H3,1253,1432,8576,9276,9822,10637,false,rp1:843578557f25aa0c97a742aa37d71344,d2l-en,d2l-en/files/chapter_appendix-tools-for-deep-learning/utils.md,G0-PARAGRAPH-SPLIT|d2l-en/files/chapter_appendix-tools-for-deep-learning/utils.md|paragraph#5@4513-4530,single_step,0,SINGLE,E2_PARAGRAPH_SPLIT_MERGE,early,0.100481,split,44914,2,4519,4520,2,44914,39,4363,0,0,0,43880,0.976978,0.615576,0
edit_write,2edd653b610f67c24d664df54668f4014d18496e02a6a9b4acf808ed2cb05a1c,H4,206,229,4907,5489,5106,5771,false,rp1:843578557f25aa0c97a742aa37d71344,d2l-en,d2l-en/files/chapter_appendix-tools-for-deep-learning/utils.md,G0-PARAGRAPH-SPLIT|d2l-en/files/chapter_appendix-tools-for-deep-learning/utils.md|paragraph#5@4513-4530,single_step,0,SINGLE,E2_PARAGRAPH_SPLIT_MERGE,early,0.100481,split,44914,2,4519,4520,2,44914,39,4363,0,0,0,43880,0.976978,0.615576,0
edit_write,2f060a48158608a4c224db927de925824718ea939bc14edddec8dc63e8fcfb33,H1,64,75,72018,95114,72082,95163,false,rp1:c661d16315b6e8922a28c21628a87da0,oci-image,oci-image/files/considerations.md,G0-LIST-ITEM-INDENT|oci-image/files/considerations.md|list_item#12@1850-1892,break_restore_pair,0,BREAK,E3_CONTAINER_DEPTH,middle,0.294211,indent_deepen,6288,2,1850,1850,2,6288,64,530,2,8,8,284,0.045165,1.628499,2.605598
edit_write,2f060a48158608a4c224db927de925824718ea939bc14edddec8dc63e8fcfb33,H2,102,143,21301,31109,21412,31223,false,rp1:c661d16315b6e8922a28c21628a87da0,oci-image,oci-image/files/considerations.md,G0-LIST-ITEM-INDENT|oci-image/files/considerations.md|list_item#12@1850-1892,break_restore_pair,0,BREAK,E3_CONTAINER_DEPTH,middle,0.294211,indent_deepen,6288,2,1850,1850,2,6288,64,530,2,8,8,284,0.045165,1.628499,2.605598
edit_write,2f060a48158608a4c224db927de925824718ea939bc14edddec8dc63e8fcfb33,H0,43,53,43570,54183,43602,54228,false,rp1:c661d16315b6e8922a28c21628a87da0,oci-image,oci-image/files/considerations.md,G0-LIST-ITEM-INDENT|oci-image/files/considerations.md|list_item#12@1850-1892,break_restore_pair,0,BREAK,E3_CONTAINER_DEPTH,middle,0.294211,indent_deepen,6288,2,1850,1850,2,6288,64,530,2,8,8,284,0.045165,1.628499,2.605598
edit_write,2f060a48158608a4c224db927de925824718ea939bc14edddec8dc63e8fcfb33,H3,2283,2485,16656,21639,18915,24329,false,rp1:c661d16315b6e8922a28c21628a87da0,oci-image,oci-image/files/considerations.md,G0-LIST-ITEM-INDENT|oci-image/files/considerations.md|list_item#12@1850-1892,break_restore_pair,0,BREAK,E3_CONTAINER_DEPTH,middle,0.294211,indent_deepen,6288,2,1850,1850,2,6288,64,530,2,8,8,284,0.045165,1.628499,2.605598
edit_write,2f060a48158608a4c224db927de925824718ea939bc14edddec8dc63e8fcfb33,H4,528,596,11696,13545,12226,14145,true,rp1:c661d16315b6e8922a28c21628a87da0,oci-image,oci-image/files/considerations.md,G0-LIST-ITEM-INDENT|oci-image/files/considerations.md|list_item#12@1850-1892,break_restore_pair,0,BREAK,E3_CONTAINER_DEPTH,middle,0.294211,indent_deepen,6288,2,1850,1850,2,6288,64,530,2,8,8,284,0.045165,1.628499,2.605598
edit_write,2fb29c474b52c1c8256698db4b2f0fc61caebcc383a97268b3c8c41d9f525bd3,H1,44,59,3822,4205,3867,4243,false,rp1:77b9e7993f9bf5f988a97aa3d9f87209,crafting-interpreters,crafting-interpreters/files/note/answers/chapter20_hash/1.md,G0-LOCAL-TEXT-REPLACE-EQ|crafting-interpreters/files/note/answers/chapter20_hash/1.md|text#10@742-1015,single_step,0,SINGLE,E1_LOCAL_TEXT,early,0.077019,replace_eq,9634,8,992,1000,8,9634,12,7498,0,0,0,8080,0.838696,0.318871,0
edit_write,2fb29c474b52c1c8256698db4b2f0fc61caebcc383a97268b3c8c41d9f525bd3,H2,67,109,5241,5647,5306,5742,false,rp1:77b9e7993f9bf5f988a97aa3d9f87209,crafting-interpreters,crafting-interpreters/files/note/answers/chapter20_hash/1.md,G0-LOCAL-TEXT-REPLACE-EQ|crafting-interpreters/files/note/answers/chapter20_hash/1.md|text#10@742-1015,single_step,0,SINGLE,E1_LOCAL_TEXT,early,0.077019,replace_eq,9634,8,992,1000,8,9634,12,7498,0,0,0,8080,0.838696,0.318871,0
edit_write,2fb29c474b52c1c8256698db4b2f0fc61caebcc383a97268b3c8c41d9f525bd3,H0,31,45,15871,16842,15899,16872,false,rp1:77b9e7993f9bf5f988a97aa3d9f87209,crafting-interpreters,crafting-interpreters/files/note/answers/chapter20_hash/1.md,G0-LOCAL-TEXT-REPLACE-EQ|crafting-interpreters/files/note/answers/chapter20_hash/1.md|text#10@742-1015,single_step,0,SINGLE,E1_LOCAL_TEXT,early,0.077019,replace_eq,9634,8,992,1000,8,9634,12,7498,0,0,0,8080,0.838696,0.318871,0
edit_write,2fb29c474b52c1c8256698db4b2f0fc61caebcc383a97268b3c8c41d9f525bd3,H3,664,766,4117,4527,4763,5312,false,rp1:77b9e7993f9bf5f988a97aa3d9f87209,crafting-interpreters,crafting-interpreters/files/note/answers/chapter20_hash/1.md,G0-LOCAL-TEXT-REPLACE-EQ|crafting-interpreters/files/note/answers/chapter20_hash/1.md|text#10@742-1015,single_step,0,SINGLE,E1_LOCAL_TEXT,early,0.077019,replace_eq,9634,8,992,1000,8,9634,12,7498,0,0,0,8080,0.838696,0.318871,0
edit_write,2fb29c474b52c1c8256698db4b2f0fc61caebcc383a97268b3c8c41d9f525bd3,H4,97,136,2322,2810,2424,2928,false,rp1:77b9e7993f9bf5f988a97aa3d9f87209,crafting-interpreters,crafting-interpreters/files/note/answers/chapter20_hash/1.md,G0-LOCAL-TEXT-REPLACE-EQ|crafting-interpreters/files/note/answers/chapter20_hash/1.md|text#10@742-1015,single_step,0,SINGLE,E1_LOCAL_TEXT,early,0.077019,replace_eq,9634,8,992,1000,8,9634,12,7498,0,0,0,8080,0.838696,0.318871,0
edit_write,2ff4ae358e199e534d0a91c130b37cc063b3735932d6edd0149ee239cb95468c,H1,43,48,8950,9516,9014,9582,false,rp1:880459e8fb6920fa66b28723970d115a,opentelemetry-spec,opentelemetry-spec/files/specification/library-layout.md,G0-LOCAL-TEXT-REPLACE-EQ|opentelemetry-spec/files/specification/library-layout.md|text#24@1407-1592,single_step,0,SINGLE,E1_LOCAL_TEXT,middle,0.477921,replace_eq,2944,8,1433,1441,8,2944,40,330,2,0,0,367,0.124660,0.695652,0
edit_write,2ff4ae358e199e534d0a91c130b37cc063b3735932d6edd0149ee239cb95468c,H2,82,112,10726,11317,10819,11374,false,rp1:880459e8fb6920fa66b28723970d115a,opentelemetry-spec,opentelemetry-spec/files/specification/library-layout.md,G0-LOCAL-TEXT-REPLACE-EQ|opentelemetry-spec/files/specification/library-layout.md|text#24@1407-1592,single_step,0,SINGLE,E1_LOCAL_TEXT,middle,0.477921,replace_eq,2944,8,1433,1441,8,2944,40,330,2,0,0,367,0.124660,0.695652,0
edit_write,2ff4ae358e199e534d0a91c130b37cc063b3735932d6edd0149ee239cb95468c,H0,42,51,18479,24510,18528,24537,false,rp1:880459e8fb6920fa66b28723970d115a,opentelemetry-spec,opentelemetry-spec/files/specification/library-layout.md,G0-LOCAL-TEXT-REPLACE-EQ|opentelemetry-spec/files/specification/library-layout.md|text#24@1407-1592,single_step,0,SINGLE,E1_LOCAL_TEXT,middle,0.477921,replace_eq,2944,8,1433,1441,8,2944,40,330,2,0,0,367,0.124660,0.695652,0
edit_write,2ff4ae358e199e534d0a91c130b37cc063b3735932d6edd0149ee239cb95468c,H3,1396,1639,7444,8021,8933,9543,false,rp1:880459e8fb6920fa66b28723970d115a,opentelemetry-spec,opentelemetry-spec/files/specification/library-layout.md,G0-LOCAL-TEXT-REPLACE-EQ|opentelemetry-spec/files/specification/library-layout.md|text#24@1407-1592,single_step,0,SINGLE,E1_LOCAL_TEXT,middle,0.477921,replace_eq,2944,8,1433,1441,8,2944,40,330,2,0,0,367,0.124660,0.695652,0
edit_write,2ff4ae358e199e534d0a91c130b37cc063b3735932d6edd0149ee239cb95468c,H4,231,295,4398,4748,4643,5019,false,rp1:880459e8fb6920fa66b28723970d115a,opentelemetry-spec,opentelemetry-spec/files/specification/library-layout.md,G0-LOCAL-TEXT-REPLACE-EQ|opentelemetry-spec/files/specification/library-layout.md|text#24@1407-1592,single_step,0,SINGLE,E1_LOCAL_TEXT,middle,0.477921,replace_eq,2944,8,1433,1441,8,2944,40,330,2,0,0,367,0.124660,0.695652,0
edit_write,30dffcdd162cd3466afe07c1c0d86533fa15a5e9ad7d35fc38a469a57acb436c,H1,43,48,5268,5512,5306,5549,false,rp1:0565ee458ebd12bbff32f3dbed78f174,opentelemetry-spec,opentelemetry-spec/files/specification/library-layout.md,G0-BQ-NEST-LINE|opentelemetry-spec/files/specification/library-layout.md|block_quote#3@2564-2570,break_restore_pair,1,RESTORE,E3_CONTAINER_DEPTH,,,nest_restore,2945,1,2564,2565,0,2944,40,330,2,0,0,367,0.124660,0.695652,0
edit_write,30dffcdd162cd3466afe07c1c0d86533fa15a5e9ad7d35fc38a469a57acb436c,H2,78,123,11083,12054,11158,12184,false,rp1:0565ee458ebd12bbff32f3dbed78f174,opentelemetry-spec,opentelemetry-spec/files/specification/library-layout.md,G0-BQ-NEST-LINE|opentelemetry-spec/files/specification/library-layout.md|block_quote#3@2564-2570,break_restore_pair,1,RESTORE,E3_CONTAINER_DEPTH,,,nest_restore,2945,1,2564,2565,0,2944,40,330,2,0,0,367,0.124660,0.695652,0
edit_write,30dffcdd162cd3466afe07c1c0d86533fa15a5e9ad7d35fc38a469a57acb436c,H0,44,52,18556,20134,18602,20183,false,rp1:0565ee458ebd12bbff32f3dbed78f174,opentelemetry-spec,opentelemetry-spec/files/specification/library-layout.md,G0-BQ-NEST-LINE|opentelemetry-spec/files/specification/library-layout.md|block_quote#3@2564-2570,break_restore_pair,1,RESTORE,E3_CONTAINER_DEPTH,,,nest_restore,2945,1,2564,2565,0,2944,40,330,2,0,0,367,0.124660,0.695652,0
edit_write,30dffcdd162cd3466afe07c1c0d86533fa15a5e9ad7d35fc38a469a57acb436c,H3,1282,1397,7369,7896,8631,9253,false,rp1:0565ee458ebd12bbff32f3dbed78f174,opentelemetry-spec,opentelemetry-spec/files/specification/library-layout.md,G0-BQ-NEST-LINE|opentelemetry-spec/files/specification/library-layout.md|block_quote#3@2564-2570,break_restore_pair,1,RESTORE,E3_CONTAINER_DEPTH,,,nest_restore,2945,1,2564,2565,0,2944,40,330,2,0,0,367,0.124660,0.695652,0
edit_write,30dffcdd162cd3466afe07c1c0d86533fa15a5e9ad7d35fc38a469a57acb436c,H4,259,354,4304,4650,4567,5004,false,rp1:0565ee458ebd12bbff32f3dbed78f174,opentelemetry-spec,opentelemetry-spec/files/specification/library-layout.md,G0-BQ-NEST-LINE|opentelemetry-spec/files/specification/library-layout.md|block_quote#3@2564-2570,break_restore_pair,1,RESTORE,E3_CONTAINER_DEPTH,,,nest_restore,2945,1,2564,2565,0,2944,40,330,2,0,0,367,0.124660,0.695652,0
edit_write,318adda97a093d8c6098e3b8cc412a93eb7a62e9627cb6e12c8e90150c91dc01,H1,42,49,61098,67049,61141,67088,false,rp1:03a86468aa530338a1f978ceb6777bb2,d2l-en,d2l-en/files/chapter_appendix-tools-for-deep-learning/utils.md,G0-PARAGRAPH-MERGE|d2l-en/files/chapter_appendix-tools-for-deep-learning/utils.md|paragraph#9@9585-9630,single_step,0,SINGLE,E2_PARAGRAPH_SPLIT_MERGE,early|middle|late,0.213408,merge,44914,2,9583,9585,1,44914,39,4363,0,0,0,43880,0.976978,0.615576,0
edit_write,318adda97a093d8c6098e3b8cc412a93eb7a62e9627cb6e12c8e90150c91dc01,H2,78,115,9794,10163,9854,10259,false,rp1:03a86468aa530338a1f978ceb6777bb2,d2l-en,d2l-en/files/chapter_appendix-tools-for-deep-learning/utils.md,G0-PARAGRAPH-MERGE|d2l-en/files/chapter_appendix-tools-for-deep-learning/utils.md|paragraph#9@9585-9630,single_step,0,SINGLE,E2_PARAGRAPH_SPLIT_MERGE,early|middle|late,0.213408,merge,44914,2,9583,9585,1,44914,39,4363,0,0,0,43880,0.976978,0.615576,0
edit_write,318adda97a093d8c6098e3b8cc412a93eb7a62e9627cb6e12c8e90150c91dc01,H0,35,53,52329,56567,52369,56598,false,rp1:03a86468aa530338a1f978ceb6777bb2,d2l-en,d2l-en/files/chapter_appendix-tools-for-deep-learning/utils.md,G0-PARAGRAPH-MERGE|d2l-en/files/chapter_appendix-tools-for-deep-learning/utils.md|paragraph#9@9585-9630,single_step,0,SINGLE,E2_PARAGRAPH_SPLIT_MERGE,early|middle|late,0.213408,merge,44914,2,9583,9585,1,44914,39,4363,0,0,0,43880,0.976978,0.615576,0
edit_write,318adda97a093d8c6098e3b8cc412a93eb7a62e9627cb6e12c8e90150c91dc01,H3,1068,1205,6829,7326,7952,8565,false,rp1:03a86468aa530338a1f978ceb6777bb2,d2l-en,d2l-en/files/chapter_appendix-tools-for-deep-learning/utils.md,G0-PARAGRAPH-MERGE|d2l-en/files/chapter_appendix-tools-for-deep-learning/utils.md|paragraph#9@9585-9630,single_step,0,SINGLE,E2_PARAGRAPH_SPLIT_MERGE,early|middle|late,0.213408,merge,44914,2,9583,9585,1,44914,39,4363,0,0,0,43880,0.976978,0.615576,0
edit_write,318adda97a093d8c6098e3b8cc412a93eb7a62e9627cb6e12c8e90150c91dc01,H4,194,284,4032,4350,4212,4672,false,rp1:03a86468aa530338a1f978ceb6777bb2,d2l-en,d2l-en/files/chapter_appendix-tools-for-deep-learning/utils.md,G0-PARAGRAPH-MERGE|d2l-en/files/chapter_appendix-tools-for-deep-learning/utils.md|paragraph#9@9585-9630,single_step,0,SINGLE,E2_PARAGRAPH_SPLIT_MERGE,early|middle|late,0.213408,merge,44914,2,9583,9585,1,44914,39,4363,0,0,0,43880,0.976978,0.615576,0
edit_write,3300a2d9022e8a1c79a98e0121dd19e73c4438ebf22a5d520ce8347dfd90b99a,H1,44,48,26310,28144,26355,28214,false,rp1:4f7b636684be4e06a321bffc56fa306d,myst-parser,myst-parser/files/docs/develop/contributing.md,G0-PARAGRAPH-SPLIT|myst-parser/files/docs/develop/contributing.md|paragraph#10@1972-2002,single_step,0,SINGLE,E2_PARAGRAPH_SPLIT_MERGE,late,0.723139,split,2727,2,1989,1990,2,2727,30,321,0,8,4,337,0.123579,2.628530,4.506051
edit_write,3300a2d9022e8a1c79a98e0121dd19e73c4438ebf22a5d520ce8347dfd90b99a,H2,128,172,10142,10701,10206,10859,false,rp1:4f7b636684be4e06a321bffc56fa306d,myst-parser,myst-parser/files/docs/develop/contributing.md,G0-PARAGRAPH-SPLIT|myst-parser/files/docs/develop/contributing.md|paragraph#10@1972-2002,single_step,0,SINGLE,E2_PARAGRAPH_SPLIT_MERGE,late,0.723139,split,2727,2,1989,1990,2,2727,30,321,0,8,4,337,0.123579,2.628530,4.506051
edit_write,3300a2d9022e8a1c79a98e0121dd19e73c4438ebf22a5d520ce8347dfd90b99a,H0,35,41,16361,17764,16401,17802,false,rp1:4f7b636684be4e06a321bffc56fa306d,myst-parser,myst-parser/files/docs/develop/contributing.md,G0-PARAGRAPH-SPLIT|myst-parser/files/docs/develop/contributing.md|paragraph#10@1972-2002,single_step,0,SINGLE,E2_PARAGRAPH_SPLIT_MERGE,late,0.723139,split,2727,2,1989,1990,2,2727,30,321,0,8,4,337,0.123579,2.628530,4.506051
edit_write,3300a2d9022e8a1c79a98e0121dd19e73c4438ebf22a5d520ce8347dfd90b99a,H3,1214,1320,8169,13934,9467,15106,false,rp1:4f7b636684be4e06a321bffc56fa306d,myst-parser,myst-parser/files/docs/develop/contributing.md,G0-PARAGRAPH-SPLIT|myst-parser/files/docs/develop/contributing.md|paragraph#10@1972-2002,single_step,0,SINGLE,E2_PARAGRAPH_SPLIT_MERGE,late,0.723139,split,2727,2,1989,1990,2,2727,30,321,0,8,4,337,0.123579,2.628530,4.506051
edit_write,3300a2d9022e8a1c79a98e0121dd19e73c4438ebf22a5d520ce8347dfd90b99a,H4,170,216,4717,5159,4924,5337,false,rp1:4f7b636684be4e06a321bffc56fa306d,myst-parser,myst-parser/files/docs/develop/contributing.md,G0-PARAGRAPH-SPLIT|myst-parser/files/docs/develop/contributing.md|paragraph#10@1972-2002,single_step,0,SINGLE,E2_PARAGRAPH_SPLIT_MERGE,late,0.723139,split,2727,2,1989,1990,2,2727,30,321,0,8,4,337,0.123579,2.628530,4.506051
edit_write,330dcfc43e116d2aa79da4d68100c4dd314cb1e271975f62f645a08fc5810cc1,H1,44,54,70375,83157,70423,83209,false,rp1:77567710dabe44c711e555ac66982f49,rust-rfcs,rust-rfcs/files/text/3289-source_replacement_ambiguity.md,G0-ATX-TO-PARAGRAPH|rust-rfcs/files/text/3289-source_replacement_ambiguity.md|heading_atx#4@1960-2001,break_restore_pair,1,RESTORE,ATX_HEADING_TOGGLE,,,marker_insert,7204,5,1960,1960,5,7209,72,301,2,10,2,322,0.044666,0.426134,1.704536
edit_write,330dcfc43e116d2aa79da4d68100c4dd314cb1e271975f62f645a08fc5810cc1,H2,114,151,18902,20518,19001,20619,false,rp1:77567710dabe44c711e555ac66982f49,rust-rfcs,rust-rfcs/files/text/3289-source_replacement_ambiguity.md,G0-ATX-TO-PARAGRAPH|rust-rfcs/files/text/3289-source_replacement_ambiguity.md|heading_atx#4@1960-2001,break_restore_pair,1,RESTORE,ATX_HEADING_TOGGLE,,,marker_insert,7204,5,1960,1960,5,7209,72,301,2,10,2,322,0.044666,0.426134,1.704536
edit_write,330dcfc43e116d2aa79da4d68100c4dd314cb1e271975f62f645a08fc5810cc1,H0,35,54,48409,67109,48436,67145,false,rp1:77567710dabe44c711e555ac66982f49,rust-rfcs,rust-rfcs/files/text/3289-source_replacement_ambiguity.md,G0-ATX-TO-PARAGRAPH|rust-rfcs/files/text/3289-source_replacement_ambiguity.md|heading_atx#4@1960-2001,break_restore_pair,1,RESTORE,ATX_HEADING_TOGGLE,,,marker_insert,7204,5,1960,1960,5,7209,72,301,2,10,2,322,0.044666,0.426134,1.704536
edit_write,330dcfc43e116d2aa79da4d68100c4dd314cb1e271975f62f645a08fc5810cc1,H3,2131,2417,16039,18870,18115,31712,false,rp1:77567710dabe44c711e555ac66982f49,rust-rfcs,rust-rfcs/files/text/3289-source_replacement_ambiguity.md,G0-ATX-TO-PARAGRAPH|rust-rfcs/files/text/3289-source_replacement_ambiguity.md|heading_atx#4@1960-2001,break_restore_pair,1,RESTORE,ATX_HEADING_TOGGLE,,,marker_insert,7204,5,1960,1960,5,7209,72,301,2,10,2,322,0.044666,0.426134,1.704536
edit_write,330dcfc43e116d2aa79da4d68100c4dd314cb1e271975f62f645a08fc5810cc1,H4,402,463,9894,10716,10306,11153,false,rp1:77567710dabe44c711e555ac66982f49,rust-rfcs,rust-rfcs/files/text/3289-source_replacement_ambiguity.md,G0-ATX-TO-PARAGRAPH|rust-rfcs/files/text/3289-source_replacement_ambiguity.md|heading_atx#4@1960-2001,break_restore_pair,1,RESTORE,ATX_HEADING_TOGGLE,,,marker_insert,7204,5,1960,1960,5,7209,72,301,2,10,2,322,0.044666,0.426134,1.704536
edit_write,331d1ef073894d6ae4442ec399445a21b59aef142ccbfabccebce9111083efba,H1,43,49,30685,32880,30726,32940,false,rp1:dec1ca66282358b4bee347b9b9359dc6,oci-image,oci-image/files/implementations.md,G0-LIST-ITEM-INDENT|oci-image/files/implementations.md|list_item#11@1327-1384,break_restore_pair,1,RESTORE,E3_CONTAINER_DEPTH,,,indent_restore,2423,2,1327,1329,0,2421,28,249,4,0,0,0,0,0,0
edit_write,331d1ef073894d6ae4442ec399445a21b59aef142ccbfabccebce9111083efba,H2,94,128,38743,51363,38856,51488,false,rp1:dec1ca66282358b4bee347b9b9359dc6,oci-image,oci-image/files/implementations.md,G0-LIST-ITEM-INDENT|oci-image/files/implementations.md|list_item#11@1327-1384,break_restore_pair,1,RESTORE,E3_CONTAINER_DEPTH,,,indent_restore,2423,2,1327,1329,0,2421,28,249,4,0,0,0,0,0,0
edit_write,331d1ef073894d6ae4442ec399445a21b59aef142ccbfabccebce9111083efba,H0,43,49,24879,26500,24950,26580,false,rp1:dec1ca66282358b4bee347b9b9359dc6,oci-image,oci-image/files/implementations.md,G0-LIST-ITEM-INDENT|oci-image/files/implementations.md|list_item#11@1327-1384,break_restore_pair,1,RESTORE,E3_CONTAINER_DEPTH,,,indent_restore,2423,2,1327,1329,0,2421,28,249,4,0,0,0,0,0,0
edit_write,331d1ef073894d6ae4442ec399445a21b59aef142ccbfabccebce9111083efba,H3,3039,3576,37357,48906,40342,53523,false,rp1:dec1ca66282358b4bee347b9b9359dc6,oci-image,oci-image/files/implementations.md,G0-LIST-ITEM-INDENT|oci-image/files/implementations.md|list_item#11@1327-1384,break_restore_pair,1,RESTORE,E3_CONTAINER_DEPTH,,,indent_restore,2423,2,1327,1329,0,2421,28,249,4,0,0,0,0,0,0
edit_write,331d1ef073894d6ae4442ec399445a21b59aef142ccbfabccebce9111083efba,H4,458,600,33543,35891,33949,36432,false,rp1:dec1ca66282358b4bee347b9b9359dc6,oci-image,oci-image/files/implementations.md,G0-LIST-ITEM-INDENT|oci-image/files/implementations.md|list_item#11@1327-1384,break_restore_pair,1,RESTORE,E3_CONTAINER_DEPTH,,,indent_restore,2423,2,1327,1329,0,2421,28,249,4,0,0,0,0,0,0
edit_write,35404eaab3f15956b8e8a5cae1ac43f06a928c2202b336f47fff5a55923401cf,H1,40,56,8504,8999,8537,9034,false,rp1:03e76f69fb2961d383c9d6653014a951,d2l-en,d2l-en/files/chapter_appendix-tools-for-deep-learning/utils.md,G0-FENCE-CLOSER-REMOVE|d2l-en/files/chapter_appendix-tools-for-deep-learning/utils.md|code_block_fenced#22@29174-29852,break_restore_pair,1,RESTORE,E4_FENCE_OPEN_CLOSE,,,close_restore,44911,3,29849,29849,3,44914,39,4363,0,0,0,43880,0.976978,0.615576,0
edit_write,35404eaab3f15956b8e8a5cae1ac43f06a928c2202b336f47fff5a55923401cf,H2,89,121,15079,16553,15137,16653,false,rp1:03e76f69fb2961d383c9d6653014a951,d2l-en,d2l-en/files/chapter_appendix-tools-for-deep-learning/utils.md,G0-FENCE-CLOSER-REMOVE|d2l-en/files/chapter_appendix-tools-for-deep-learning/utils.md|code_block_fenced#22@29174-29852,break_restore_pair,1,RESTORE,E4_FENCE_OPEN_CLOSE,,,close_restore,44911,3,29849,29849,3,44914,39,4363,0,0,0,43880,0.976978,0.615576,0
edit_write,35404eaab3f15956b8e8a5cae1ac43f06a928c2202b336f47fff5a55923401cf,H0,33,53,52864,57771,52895,57815,false,rp1:03e76f69fb2961d383c9d6653014a951,d2l-en,d2l-en/files/chapter_appendix-tools-for-deep-learning/utils.md,G0-FENCE-CLOSER-REMOVE|d2l-en/files/chapter_appendix-tools-for-deep-learning/utils.md|code_block_fenced#22@29174-29852,break_restore_pair,1,RESTORE,E4_FENCE_OPEN_CLOSE,,,close_restore,44911,3,29849,29849,3,44914,39,4363,0,0,0,43880,0.976978,0.615576,0
edit_write,35404eaab3f15956b8e8a5cae1ac43f06a928c2202b336f47fff5a55923401cf,H3,3134,3452,12377,13369,15543,16889,false,rp1:03e76f69fb2961d383c9d6653014a951,d2l-en,d2l-en/files/chapter_appendix-tools-for-deep-learning/utils.md,G0-FENCE-CLOSER-REMOVE|d2l-en/files/chapter_appendix-tools-for-deep-learning/utils.md|code_block_fenced#22@29174-29852,break_restore_pair,1,RESTORE,E4_FENCE_OPEN_CLOSE,,,close_restore,44911,3,29849,29849,3,44914,39,4363,0,0,0,43880,0.976978,0.615576,0
edit_write,35404eaab3f15956b8e8a5cae1ac43f06a928c2202b336f47fff5a55923401cf,H4,192,241,8309,8961,8480,9198,false,rp1:03e76f69fb2961d383c9d6653014a951,d2l-en,d2l-en/files/chapter_appendix-tools-for-deep-learning/utils.md,G0-FENCE-CLOSER-REMOVE|d2l-en/files/chapter_appendix-tools-for-deep-learning/utils.md|code_block_fenced#22@29174-29852,break_restore_pair,1,RESTORE,E4_FENCE_OPEN_CLOSE,,,close_restore,44911,3,29849,29849,3,44914,39,4363,0,0,0,43880,0.976978,0.615576,0
edit_write,35d27df02a7ba96db3fb70d8748a04eb10050e407a5f086ee3002b1bc22ead4a,H1,39,42,8705,9338,8739,9375,false,rp1:c20399997147ef17569f4b867a0ee3f2,crafting-interpreters,crafting-interpreters/files/note/answers/chapter13_inheritance/1.md,G0-CODESPAN-DELIM-BREAK|crafting-interpreters/files/note/answers/chapter13_inheritance/1.md|code_span#4@4953-4961,break_restore_pair,1,RESTORE,E5_INLINE_DELIMITER,,,delimiter_restore,9359,1,4953,4953,1,9360,49,759,2,0,0,5228,0.558547,2.188034,0
edit_write,35d27df02a7ba96db3fb70d8748a04eb10050e407a5f086ee3002b1bc22ead4a,H2,72,107,12385,13307,12476,13412,false,rp1:c20399997147ef17569f4b867a0ee3f2,crafting-interpreters,crafting-interpreters/files/note/answers/chapter13_inheritance/1.md,G0-CODESPAN-DELIM-BREAK|crafting-interpreters/files/note/answers/chapter13_inheritance/1.md|code_span#4@4953-4961,break_restore_pair,1,RESTORE,E5_INLINE_DELIMITER,,,delimiter_restore,9359,1,4953,4953,1,9360,49,759,2,0,0,5228,0.558547,2.188034,0
edit_write,35d27df02a7ba96db3fb70d8748a04eb10050e407a5f086ee3002b1bc22ead4a,H0,32,48,27953,32632,27983,32659,false,rp1:c20399997147ef17569f4b867a0ee3f2,crafting-interpreters,crafting-interpreters/files/note/answers/chapter13_inheritance/1.md,G0-CODESPAN-DELIM-BREAK|crafting-interpreters/files/note/answers/chapter13_inheritance/1.md|code_span#4@4953-4961,break_restore_pair,1,RESTORE,E5_INLINE_DELIMITER,,,delimiter_restore,9359,1,4953,4953,1,9360,49,759,2,0,0,5228,0.558547,2.188034,0
edit_write,35d27df02a7ba96db3fb70d8748a04eb10050e407a5f086ee3002b1bc22ead4a,H3,1702,1889,9116,16201,10795,17860,false,rp1:c20399997147ef17569f4b867a0ee3f2,crafting-interpreters,crafting-interpreters/files/note/answers/chapter13_inheritance/1.md,G0-CODESPAN-DELIM-BREAK|crafting-interpreters/files/note/answers/chapter13_inheritance/1.md|code_span#4@4953-4961,break_restore_pair,1,RESTORE,E5_INLINE_DELIMITER,,,delimiter_restore,9359,1,4953,4953,1,9360,49,759,2,0,0,5228,0.558547,2.188034,0
edit_write,35d27df02a7ba96db3fb70d8748a04eb10050e407a5f086ee3002b1bc22ead4a,H4,273,309,5384,5872,5627,6108,false,rp1:c20399997147ef17569f4b867a0ee3f2,crafting-interpreters,crafting-interpreters/files/note/answers/chapter13_inheritance/1.md,G0-CODESPAN-DELIM-BREAK|crafting-interpreters/files/note/answers/chapter13_inheritance/1.md|code_span#4@4953-4961,break_restore_pair,1,RESTORE,E5_INLINE_DELIMITER,,,delimiter_restore,9359,1,4953,4953,1,9360,49,759,2,0,0,5228,0.558547,2.188034,0
edit_write,375082fae6af307a7d906ce9cde1190998e219931ca5be9412f98ec53b17d813,H1,34,45,1329,1539,1364,1573,false,rp1:56d7927d43e024fe8e1a125c25250064,crafting-interpreters,crafting-interpreters/files/note/answers/chapter01_introduction/1.md,G0-LOCAL-TEXT-REPLACE-EQ|crafting-interpreters/files/note/answers/chapter01_introduction/1.md|text#1@146-304,single_step,0,SINGLE,E1_LOCAL_TEXT,middle,0.350962,replace_eq,416,8,262,270,8,416,3,158,0,0,0,0,0,0,0
edit_write,375082fae6af307a7d906ce9cde1190998e219931ca5be9412f98ec53b17d813,H2,53,83,2085,2243,2141,2309,false,rp1:56d7927d43e024fe8e1a125c25250064,crafting-interpreters,crafting-interpreters/files/note/answers/chapter01_introduction/1.md,G0-LOCAL-TEXT-REPLACE-EQ|crafting-interpreters/files/note/answers/chapter01_introduction/1.md|text#1@146-304,single_step,0,SINGLE,E1_LOCAL_TEXT,middle,0.350962,replace_eq,416,8,262,270,8,416,3,158,0,0,0,0,0,0,0
edit_write,375082fae6af307a7d906ce9cde1190998e219931ca5be9412f98ec53b17d813,H0,27,34,1497,1545,1525,1572,false,rp1:56d7927d43e024fe8e1a125c25250064,crafting-interpreters,crafting-interpreters/files/note/answers/chapter01_introduction/1.md,G0-LOCAL-TEXT-REPLACE-EQ|crafting-interpreters/files/note/answers/chapter01_introduction/1.md|text#1@146-304,single_step,0,SINGLE,E1_LOCAL_TEXT,middle,0.350962,replace_eq,416,8,262,270,8,416,3,158,0,0,0,0,0,0,0
edit_write,375082fae6af307a7d906ce9cde1190998e219931ca5be9412f98ec53b17d813,H3,354,481,1759,2245,2103,2665,false,rp1:56d7927d43e024fe8e1a125c25250064,crafting-interpreters,crafting-interpreters/files/note/answers/chapter01_introduction/1.md,G0-LOCAL-TEXT-REPLACE-EQ|crafting-interpreters/files/note/answers/chapter01_introduction/1.md|text#1@146-304,single_step,0,SINGLE,E1_LOCAL_TEXT,middle,0.350962,replace_eq,416,8,262,270,8,416,3,158,0,0,0,0,0,0,0
edit_write,375082fae6af307a7d906ce9cde1190998e219931ca5be9412f98ec53b17d813,H4,54,94,1146,1328,1213,1427,false,rp1:56d7927d43e024fe8e1a125c25250064,crafting-interpreters,crafting-interpreters/files/note/answers/chapter01_introduction/1.md,G0-LOCAL-TEXT-REPLACE-EQ|crafting-interpreters/files/note/answers/chapter01_introduction/1.md|text#1@146-304,single_step,0,SINGLE,E1_LOCAL_TEXT,middle,0.350962,replace_eq,416,8,262,270,8,416,3,158,0,0,0,0,0,0,0
edit_write,37a4edb9e0cb1ce796b798a7da0301ee195c488c4fa14da6982e9961f5f290ff,H1,43,67,46401,58872,46444,58940,false,rp1:9fee603b685a362bf0333dbb35028bf9,rust-book,rust-book/files/src/appendix-06-translation.md,G0-LIST-ITEM-INDENT|rust-book/files/src/appendix-06-translation.md|list_item#8@985-1039,break_restore_pair,1,RESTORE,E3_CONTAINER_DEPTH,,,indent_restore,1993,2,985,987,0,1991,28,167,2,1,1,0,0,0,1.028629
edit_write,37a4edb9e0cb1ce796b798a7da0301ee195c488c4fa14da6982e9961f5f290ff,H2,101,147,38101,50471,38207,50584,false,rp1:9fee603b685a362bf0333dbb35028bf9,rust-book,rust-book/files/src/appendix-06-translation.md,G0-LIST-ITEM-INDENT|rust-book/files/src/appendix-06-translation.md|list_item#8@985-1039,break_restore_pair,1,RESTORE,E3_CONTAINER_DEPTH,,,indent_restore,1993,2,985,987,0,1991,28,167,2,1,1,0,0,0,1.028629
edit_write,37a4edb9e0cb1ce796b798a7da0301ee195c488c4fa14da6982e9961f5f290ff,H0,42,48,23225,34436,23266,34463,false,rp1:9fee603b685a362bf0333dbb35028bf9,rust-book,rust-book/files/src/appendix-06-translation.md,G0-LIST-ITEM-INDENT|rust-book/files/src/appendix-06-translation.md|list_item#8@985-1039,break_restore_pair,1,RESTORE,E3_CONTAINER_DEPTH,,,indent_restore,1993,2,985,987,0,1991,28,167,2,1,1,0,0,0,1.028629
edit_write,37a4edb9e0cb1ce796b798a7da0301ee195c488c4fa14da6982e9961f5f290ff,H3,2116,2326,37601,43538,39572,45593,false,rp1:9fee603b685a362bf0333dbb35028bf9,rust-book,rust-book/files/src/appendix-06-translation.md,G0-LIST-ITEM-INDENT|rust-book/files/src/appendix-06-translation.md|list_item#8@985-1039,break_restore_pair,1,RESTORE,E3_CONTAINER_DEPTH,,,indent_restore,1993,2,985,987,0,1991,28,167,2,1,1,0,0,0,1.028629
edit_write,37a4edb9e0cb1ce796b798a7da0301ee195c488c4fa14da6982e9961f5f290ff,H4,381,441,34497,36832,34862,37254,false,rp1:9fee603b685a362bf0333dbb35028bf9,rust-book,rust-book/files/src/appendix-06-translation.md,G0-LIST-ITEM-INDENT|rust-book/files/src/appendix-06-translation.md|list_item#8@985-1039,break_restore_pair,1,RESTORE,E3_CONTAINER_DEPTH,,,indent_restore,1993,2,985,987,0,1991,28,167,2,1,1,0,0,0,1.028629
edit_write,3894853a240d3e0f321516d0da715d2a4bd817df342bf7a38cae58202bfdc2a4,H1,44,54,19137,21001,19176,21069,false,rp1:67111c301f8ce3548341084799bafbc5,myst-parser,myst-parser/files/docs/develop/contributing.md,G0-FENCE-CLOSER-REMOVE|myst-parser/files/docs/develop/contributing.md|code_block_fenced#6@2075-2114,break_restore_pair,0,BREAK,E4_FENCE_OPEN_CLOSE,late,0.760909,close_break,2727,3,2111,2114,0,2727,30,321,0,8,4,337,0.123579,2.628530,4.506051
edit_write,3894853a240d3e0f321516d0da715d2a4bd817df342bf7a38cae58202bfdc2a4,H2,96,118,19032,20967,19133,21059,false,rp1:67111c301f8ce3548341084799bafbc5,myst-parser,myst-parser/files/docs/develop/contributing.md,G0-FENCE-CLOSER-REMOVE|myst-parser/files/docs/develop/contributing.md|code_block_fenced#6@2075-2114,break_restore_pair,0,BREAK,E4_FENCE_OPEN_CLOSE,late,0.760909,close_break,2727,3,2111,2114,0,2727,30,321,0,8,4,337,0.123579,2.628530,4.506051
edit_write,3894853a240d3e0f321516d0da715d2a4bd817df342bf7a38cae58202bfdc2a4,H0,37,50,13489,14136,13523,14186,false,rp1:67111c301f8ce3548341084799bafbc5,myst-parser,myst-parser/files/docs/develop/contributing.md,G0-FENCE-CLOSER-REMOVE|myst-parser/files/docs/develop/contributing.md|code_block_fenced#6@2075-2114,break_restore_pair,0,BREAK,E4_FENCE_OPEN_CLOSE,late,0.760909,close_break,2727,3,2111,2114,0,2727,30,321,0,8,4,337,0.123579,2.628530,4.506051
edit_write,3894853a240d3e0f321516d0da715d2a4bd817df342bf7a38cae58202bfdc2a4,H3,1247,1379,17371,23572,18548,24687,false,rp1:67111c301f8ce3548341084799bafbc5,myst-parser,myst-parser/files/docs/develop/contributing.md,G0-FENCE-CLOSER-REMOVE|myst-parser/files/docs/develop/contributing.md|code_block_fenced#6@2075-2114,break_restore_pair,0,BREAK,E4_FENCE_OPEN_CLOSE,late,0.760909,close_break,2727,3,2111,2114,0,2727,30,321,0,8,4,337,0.123579,2.628530,4.506051
edit_write,3894853a240d3e0f321516d0da715d2a4bd817df342bf7a38cae58202bfdc2a4,H4,199,233,21706,23700,21915,23926,false,rp1:67111c301f8ce3548341084799bafbc5,myst-parser,myst-parser/files/docs/develop/contributing.md,G0-FENCE-CLOSER-REMOVE|myst-parser/files/docs/develop/contributing.md|code_block_fenced#6@2075-2114,break_restore_pair,0,BREAK,E4_FENCE_OPEN_CLOSE,late,0.760909,close_break,2727,3,2111,2114,0,2727,30,321,0,8,4,337,0.123579,2.628530,4.506051
edit_write,392342df8f31cb6f71b75e32d72721664a6e556873039ac8529b9bf5b088ea19,H1,42,49,14845,20387,14892,20433,false,rp1:68a19f3e1f3e07633b24f3ada0f34d84,d2l-en,d2l-en/files/chapter_installation/index.md,G0-PARAGRAPH-SPLIT|d2l-en/files/chapter_installation/index.md|paragraph#13@2997-3084,single_step,0,SINGLE,E2_PARAGRAPH_SPLIT_MERGE,middle,0.491795,split,6094,2,3044,3045,2,6094,60,589,0,0,0,1227,0.201346,2.856580,0
edit_write,392342df8f31cb6f71b75e32d72721664a6e556873039ac8529b9bf5b088ea19,H2,78,111,16113,27746,16206,27829,false,rp1:68a19f3e1f3e07633b24f3ada0f34d84,d2l-en,d2l-en/files/chapter_installation/index.md,G0-PARAGRAPH-SPLIT|d2l-en/files/chapter_installation/index.md|paragraph#13@2997-3084,single_step,0,SINGLE,E2_PARAGRAPH_SPLIT_MERGE,middle,0.491795,split,6094,2,3044,3045,2,6094,60,589,0,0,0,1227,0.201346,2.856580,0
edit_write,392342df8f31cb6f71b75e32d72721664a6e556873039ac8529b9bf5b088ea19,H0,33,53,31655,34103,31696,34125,false,rp1:68a19f3e1f3e07633b24f3ada0f34d84,d2l-en,d2l-en/files/chapter_installation/index.md,G0-PARAGRAPH-SPLIT|d2l-en/files/chapter_installation/index.md|paragraph#13@2997-3084,single_step,0,SINGLE,E2_PARAGRAPH_SPLIT_MERGE,middle,0.491795,split,6094,2,3044,3045,2,6094,60,589,0,0,0,1227,0.201346,2.856580,0
edit_write,392342df8f31cb6f71b75e32d72721664a6e556873039ac8529b9bf5b088ea19,H3,1708,1885,12430,17632,14122,19217,false,rp1:68a19f3e1f3e07633b24f3ada0f34d84,d2l-en,d2l-en/files/chapter_installation/index.md,G0-PARAGRAPH-SPLIT|d2l-en/files/chapter_installation/index.md|paragraph#13@2997-3084,single_step,0,SINGLE,E2_PARAGRAPH_SPLIT_MERGE,middle,0.491795,split,6094,2,3044,3045,2,6094,60,589,0,0,0,1227,0.201346,2.856580,0
edit_write,392342df8f31cb6f71b75e32d72721664a6e556873039ac8529b9bf5b088ea19,H4,331,376,6138,6860,6464,7229,false,rp1:68a19f3e1f3e07633b24f3ada0f34d84,d2l-en,d2l-en/files/chapter_installation/index.md,G0-PARAGRAPH-SPLIT|d2l-en/files/chapter_installation/index.md|paragraph#13@2997-3084,single_step,0,SINGLE,E2_PARAGRAPH_SPLIT_MERGE,middle,0.491795,split,6094,2,3044,3045,2,6094,60,589,0,0,0,1227,0.201346,2.856580,0
edit_write,392e7203a9839581a2b1b4954bfe9e9ba87841104dea822327cce471c6212ddf,H1,43,46,33633,45014,33674,45059,false,rp1:6779b414bfac268303e5887e50e7cca1,rust-rfcs,rust-rfcs/files/text/1123-str-split-at.md,G0-PARAGRAPH-MERGE|rust-rfcs/files/text/1123-str-split-at.md|paragraph#15@2772-2839,single_step,0,SINGLE,E2_PARAGRAPH_SPLIT_MERGE,late,0.807928,merge,3431,2,2770,2772,1,3431,31,877,2,2,2,866,0.252405,0.298455,1.193821
edit_write,392e7203a9839581a2b1b4954bfe9e9ba87841104dea822327cce471c6212ddf,H2,95,132,10456,11436,10558,11570,false,rp1:6779b414bfac268303e5887e50e7cca1,rust-rfcs,rust-rfcs/files/text/1123-str-split-at.md,G0-PARAGRAPH-MERGE|rust-rfcs/files/text/1123-str-split-at.md|paragraph#15@2772-2839,single_step,0,SINGLE,E2_PARAGRAPH_SPLIT_MERGE,late,0.807928,merge,3431,2,2770,2772,1,3431,31,877,2,2,2,866,0.252405,0.298455,1.193821
edit_write,392e7203a9839581a2b1b4954bfe9e9ba87841104dea822327cce471c6212ddf,H0,36,50,20370,21720,20398,21761,false,rp1:6779b414bfac268303e5887e50e7cca1,rust-rfcs,rust-rfcs/files/text/1123-str-split-at.md,G0-PARAGRAPH-MERGE|rust-rfcs/files/text/1123-str-split-at.md|paragraph#15@2772-2839,single_step,0,SINGLE,E2_PARAGRAPH_SPLIT_MERGE,late,0.807928,merge,3431,2,2770,2772,1,3431,31,877,2,2,2,866,0.252405,0.298455,1.193821
edit_write,392e7203a9839581a2b1b4954bfe9e9ba87841104dea822327cce471c6212ddf,H3,1542,1713,8663,9546,10282,11171,false,rp1:6779b414bfac268303e5887e50e7cca1,rust-rfcs,rust-rfcs/files/text/1123-str-split-at.md,G0-PARAGRAPH-MERGE|rust-rfcs/files/text/1123-str-split-at.md|paragraph#15@2772-2839,single_step,0,SINGLE,E2_PARAGRAPH_SPLIT_MERGE,late,0.807928,merge,3431,2,2770,2772,1,3431,31,877,2,2,2,866,0.252405,0.298455,1.193821
edit_write,392e7203a9839581a2b1b4954bfe9e9ba87841104dea822327cce471c6212ddf,H4,179,251,5599,6214,5772,6468,false,rp1:6779b414bfac268303e5887e50e7cca1,rust-rfcs,rust-rfcs/files/text/1123-str-split-at.md,G0-PARAGRAPH-MERGE|rust-rfcs/files/text/1123-str-split-at.md|paragraph#15@2772-2839,single_step,0,SINGLE,E2_PARAGRAPH_SPLIT_MERGE,late,0.807928,merge,3431,2,2770,2772,1,3431,31,877,2,2,2,866,0.252405,0.298455,1.193821
edit_write,3992c2e33c56a016a4e7e1a1358558a95d40efb739398888149cf0c5481e3af2,H1,42,55,25608,32096,25660,32127,false,rp1:0fe7de75e32d1f9b5e21bf735bae88a5,myst-parser,myst-parser/files/docs/develop/contributing.md,G0-LOCAL-TEXT-REPLACE-EQ|myst-parser/files/docs/develop/contributing.md|text#42@1972-2002,single_step,0,SINGLE,E1_LOCAL_TEXT,late,0.723139,replace_eq,2727,8,1978,1986,8,2727,30,321,0,8,4,337,0.123579,2.628530,4.506051
edit_write,3992c2e33c56a016a4e7e1a1358558a95d40efb739398888149cf0c5481e3af2,H2,82,113,9211,9663,9355,9832,false,rp1:0fe7de75e32d1f9b5e21bf735bae88a5,myst-parser,myst-parser/files/docs/develop/contributing.md,G0-LOCAL-TEXT-REPLACE-EQ|myst-parser/files/docs/develop/contributing.md|text#42@1972-2002,single_step,0,SINGLE,E1_LOCAL_TEXT,late,0.723139,replace_eq,2727,8,1978,1986,8,2727,30,321,0,8,4,337,0.123579,2.628530,4.506051
edit_write,3992c2e33c56a016a4e7e1a1358558a95d40efb739398888149cf0c5481e3af2,H0,32,43,15665,16721,15697,16752,false,rp1:0fe7de75e32d1f9b5e21bf735bae88a5,myst-parser,myst-parser/files/docs/develop/contributing.md,G0-LOCAL-TEXT-REPLACE-EQ|myst-parser/files/docs/develop/contributing.md|text#42@1972-2002,single_step,0,SINGLE,E1_LOCAL_TEXT,late,0.723139,replace_eq,2727,8,1978,1986,8,2727,30,321,0,8,4,337,0.123579,2.628530,4.506051
edit_write,3992c2e33c56a016a4e7e1a1358558a95d40efb739398888149cf0c5481e3af2,H3,1140,1257,6933,7398,8113,8674,false,rp1:0fe7de75e32d1f9b5e21bf735bae88a5,myst-parser,myst-parser/files/docs/develop/contributing.md,G0-LOCAL-TEXT-REPLACE-EQ|myst-parser/files/docs/develop/contributing.md|text#42@1972-2002,single_step,0,SINGLE,E1_LOCAL_TEXT,late,0.723139,replace_eq,2727,8,1978,1986,8,2727,30,321,0,8,4,337,0.123579,2.628530,4.506051
edit_write,3992c2e33c56a016a4e7e1a1358558a95d40efb739398888149cf0c5481e3af2,H4,174,230,4388,4801,4548,4986,false,rp1:0fe7de75e32d1f9b5e21bf735bae88a5,myst-parser,myst-parser/files/docs/develop/contributing.md,G0-LOCAL-TEXT-REPLACE-EQ|myst-parser/files/docs/develop/contributing.md|text#42@1972-2002,single_step,0,SINGLE,E1_LOCAL_TEXT,late,0.723139,replace_eq,2727,8,1978,1986,8,2727,30,321,0,8,4,337,0.123579,2.628530,4.506051
edit_write,3c133915b696d78d1d44662584541d3f5679d24eeb1e105977c759e14b86eb1d,H1,42,63,15803,16798,15854,16837,false,rp1:7ee2602641125e0755085b9884aa555d,d2l-en,d2l-en/files/chapter_installation/index.md,G0-FENCE-CLOSER-REMOVE|d2l-en/files/chapter_installation/index.md|code_block_fenced#0@870-965,break_restore_pair,1,RESTORE,E4_FENCE_OPEN_CLOSE,,,close_restore,6091,3,962,962,3,6094,60,589,0,0,0,1227,0.201346,2.856580,0
edit_write,3c133915b696d78d1d44662584541d3f5679d24eeb1e105977c759e14b86eb1d,H2,81,98,18516,19772,18632,19862,false,rp1:7ee2602641125e0755085b9884aa555d,d2l-en,d2l-en/files/chapter_installation/index.md,G0-FENCE-CLOSER-REMOVE|d2l-en/files/chapter_installation/index.md|code_block_fenced#0@870-965,break_restore_pair,1,RESTORE,E4_FENCE_OPEN_CLOSE,,,close_restore,6091,3,962,962,3,6094,60,589,0,0,0,1227,0.201346,2.856580,0
edit_write,3c133915b696d78d1d44662584541d3f5679d24eeb1e105977c759e14b86eb1d,H0,49,57,32115,37558,32138,37583,false,rp1:7ee2602641125e0755085b9884aa555d,d2l-en,d2l-en/files/chapter_installation/index.md,G0-FENCE-CLOSER-REMOVE|d2l-en/files/chapter_installation/index.md|code_block_fenced#0@870-965,break_restore_pair,1,RESTORE,E4_FENCE_OPEN_CLOSE,,,close_restore,6091,3,962,962,3,6094,60,589,0,0,0,1227,0.201346,2.856580,0
edit_write,3c133915b696d78d1d44662584541d3f5679d24eeb1e105977c759e14b86eb1d,H3,1670,1896,15028,16579,16614,18465,false,rp1:7ee2602641125e0755085b9884aa555d,d2l-en,d2l-en/files/chapter_installation/index.md,G0-FENCE-CLOSER-REMOVE|d2l-en/files/chapter_installation/index.md|code_block_fenced#0@870-965,break_restore_pair,1,RESTORE,E4_FENCE_OPEN_CLOSE,,,close_restore,6091,3,962,962,3,6094,60,589,0,0,0,1227,0.201346,2.856580,0
edit_write,3c133915b696d78d1d44662584541d3f5679d24eeb1e105977c759e14b86eb1d,H4,306,349,6540,7165,6854,7520,false,rp1:7ee2602641125e0755085b9884aa555d,d2l-en,d2l-en/files/chapter_installation/index.md,G0-FENCE-CLOSER-REMOVE|d2l-en/files/chapter_installation/index.md|code_block_fenced#0@870-965,break_restore_pair,1,RESTORE,E4_FENCE_OPEN_CLOSE,,,close_restore,6091,3,962,962,3,6094,60,589,0,0,0,1227,0.201346,2.856580,0
edit_write,3c25e444b14e48b386f862a4259b02b0b1fd9924405470d313ebd346a0dd151e,H1,43,47,1994,2418,2036,2461,true,rp1:f1799e4187976b80bfa1b699e4e4cb51,crafting-interpreters,crafting-interpreters/files/note/answers/chapter20_hash/1.md,G0-LOCAL-TEXT-REPLACE-EQ|crafting-interpreters/files/note/answers/chapter20_hash/1.md|text#20@2110-2133,single_step,0,SINGLE,E1_LOCAL_TEXT,middle|late,0.219016,replace_eq,9634,5,2127,2132,5,9634,12,7498,0,0,0,8080,0.838696,0.318871,0
edit_write,3c25e444b14e48b386f862a4259b02b0b1fd9924405470d313ebd346a0dd151e,H2,74,104,4553,5070,4607,5174,false,rp1:f1799e4187976b80bfa1b699e4e4cb51,crafting-interpreters,crafting-interpreters/files/note/answers/chapter20_hash/1.md,G0-LOCAL-TEXT-REPLACE-EQ|crafting-interpreters/files/note/answers/chapter20_hash/1.md|text#20@2110-2133,single_step,0,SINGLE,E1_LOCAL_TEXT,middle|late,0.219016,replace_eq,9634,5,2127,2132,5,9634,12,7498,0,0,0,8080,0.838696,0.318871,0
edit_write,3c25e444b14e48b386f862a4259b02b0b1fd9924405470d313ebd346a0dd151e,H0,43,48,15810,16972,15840,17014,true,rp1:f1799e4187976b80bfa1b699e4e4cb51,crafting-interpreters,crafting-interpreters/files/note/answers/chapter20_hash/1.md,G0-LOCAL-TEXT-REPLACE-EQ|crafting-interpreters/files/note/answers/chapter20_hash/1.md|text#20@2110-2133,single_step,0,SINGLE,E1_LOCAL_TEXT,middle|late,0.219016,replace_eq,9634,5,2127,2132,5,9634,12,7498,0,0,0,8080,0.838696,0.318871,0
edit_write,3c25e444b14e48b386f862a4259b02b0b1fd9924405470d313ebd346a0dd151e,H3,578,663,3248,3743,3825,4406,true,rp1:f1799e4187976b80bfa1b699e4e4cb51,crafting-interpreters,crafting-interpreters/files/note/answers/chapter20_hash/1.md,G0-LOCAL-TEXT-REPLACE-EQ|crafting-interpreters/files/note/answers/chapter20_hash/1.md|text#20@2110-2133,single_step,0,SINGLE,E1_LOCAL_TEXT,middle|late,0.219016,replace_eq,9634,5,2127,2132,5,9634,12,7498,0,0,0,8080,0.838696,0.318871,0
edit_write,3c25e444b14e48b386f862a4259b02b0b1fd9924405470d313ebd346a0dd151e,H4,116,150,1777,2031,1903,2155,true,rp1:f1799e4187976b80bfa1b699e4e4cb51,crafting-interpreters,crafting-interpreters/files/note/answers/chapter20_hash/1.md,G0-LOCAL-TEXT-REPLACE-EQ|crafting-interpreters/files/note/answers/chapter20_hash/1.md|text#20@2110-2133,single_step,0,SINGLE,E1_LOCAL_TEXT,middle|late,0.219016,replace_eq,9634,5,2127,2132,5,9634,12,7498,0,0,0,8080,0.838696,0.318871,0
edit_write,3c88ae2f78a2c23f144079aa0fe066090113cdead865398c496406680efc361d,H1,40,51,9985,21353,10024,21420,false,rp1:62b998b816fa0f6be20883db1ea40f82,kubernetes-keps,kubernetes-keps/files/keps/sig-cli/FAQ.md,G0-LIST-ITEM-INDENT|kubernetes-keps/files/keps/sig-cli/FAQ.md|list_item#5@1151-1204,break_restore_pair,0,BREAK,E3_CONTAINER_DEPTH,early|middle,0.705270,indent_deepen,1632,2,1151,1151,2,1632,11,362,6,0,0,0,0,0,0
edit_write,3c88ae2f78a2c23f144079aa0fe066090113cdead865398c496406680efc361d,H2,60,91,15044,16440,15113,16516,false,rp1:62b998b816fa0f6be20883db1ea40f82,kubernetes-keps,kubernetes-keps/files/keps/sig-cli/FAQ.md,G0-LIST-ITEM-INDENT|kubernetes-keps/files/keps/sig-cli/FAQ.md|list_item#5@1151-1204,break_restore_pair,0,BREAK,E3_CONTAINER_DEPTH,early|middle,0.705270,indent_deepen,1632,2,1151,1151,2,1632,11,362,6,0,0,0,0,0,0
edit_write,3c88ae2f78a2c23f144079aa0fe066090113cdead865398c496406680efc361d,H0,32,54,9427,10128,9454,10157,false,rp1:62b998b816fa0f6be20883db1ea40f82,kubernetes-keps,kubernetes-keps/files/keps/sig-cli/FAQ.md,G0-LIST-ITEM-INDENT|kubernetes-keps/files/keps/sig-cli/FAQ.md|list_item#5@1151-1204,break_restore_pair,0,BREAK,E3_CONTAINER_DEPTH,early|middle,0.705270,indent_deepen,1632,2,1151,1151,2,1632,11,362,6,0,0,0,0,0,0
edit_write,3c88ae2f78a2c23f144079aa0fe066090113cdead865398c496406680efc361d,H3,1360,1503,13529,14516,14894,16097,false,rp1:62b998b816fa0f6be20883db1ea40f82,kubernetes-keps,kubernetes-keps/files/keps/sig-cli/FAQ.md,G0-LIST-ITEM-INDENT|kubernetes-keps/files/keps/sig-cli/FAQ.md|list_item#5@1151-1204,break_restore_pair,0,BREAK,E3_CONTAINER_DEPTH,early|middle,0.705270,indent_deepen,1632,2,1151,1151,2,1632,11,362,6,0,0,0,0,0,0
edit_write,3c88ae2f78a2c23f144079aa0fe066090113cdead865398c496406680efc361d,H4,252,319,11442,12261,11725,12601,false,rp1:62b998b816fa0f6be20883db1ea40f82,kubernetes-keps,kubernetes-keps/files/keps/sig-cli/FAQ.md,G0-LIST-ITEM-INDENT|kubernetes-keps/files/keps/sig-cli/FAQ.md|list_item#5@1151-1204,break_restore_pair,0,BREAK,E3_CONTAINER_DEPTH,early|middle,0.705270,indent_deepen,1632,2,1151,1151,2,1632,11,362,6,0,0,0,0,0,0
edit_write,3c8b0539a72ecc3e1b7fb15a422daa21b098dbb73dc417b9482244d357371093,H1,45,51,69989,90745,70037,90791,false,rp1:723ba9443f9ca666d8f00b360931ef23,oci-image,oci-image/files/considerations.md,G0-LINK-DEST-BREAK|oci-image/files/considerations.md|link_inline#0@767-847,single_step,0,SINGLE,E5_INLINE_DELIMITER,early,0.121978,destination_break,6288,1,789,789,1,6288,64,530,2,8,8,284,0.045165,1.628499,2.605598
edit_write,3c8b0539a72ecc3e1b7fb15a422daa21b098dbb73dc417b9482244d357371093,H2,99,137,25082,27363,25175,27499,false,rp1:723ba9443f9ca666d8f00b360931ef23,oci-image,oci-image/files/considerations.md,G0-LINK-DEST-BREAK|oci-image/files/considerations.md|link_inline#0@767-847,single_step,0,SINGLE,E5_INLINE_DELIMITER,early,0.121978,destination_break,6288,1,789,789,1,6288,64,530,2,8,8,284,0.045165,1.628499,2.605598
edit_write,3c8b0539a72ecc3e1b7fb15a422daa21b098dbb73dc417b9482244d357371093,H0,36,47,43095,46668,43130,46712,false,rp1:723ba9443f9ca666d8f00b360931ef23,oci-image,oci-image/files/considerations.md,G0-LINK-DEST-BREAK|oci-image/files/considerations.md|link_inline#0@767-847,single_step,0,SINGLE,E5_INLINE_DELIMITER,early,0.121978,destination_break,6288,1,789,789,1,6288,64,530,2,8,8,284,0.045165,1.628499,2.605598
edit_write,3c8b0539a72ecc3e1b7fb15a422daa21b098dbb73dc417b9482244d357371093,H3,3498,3828,21394,27384,24851,32011,false,rp1:723ba9443f9ca666d8f00b360931ef23,oci-image,oci-image/files/considerations.md,G0-LINK-DEST-BREAK|oci-image/files/considerations.md|link_inline#0@767-847,single_step,0,SINGLE,E5_INLINE_DELIMITER,early,0.121978,destination_break,6288,1,789,789,1,6288,64,530,2,8,8,284,0.045165,1.628499,2.605598
edit_write,3c8b0539a72ecc3e1b7fb15a422daa21b098dbb73dc417b9482244d357371093,H4,533,613,15548,20638,16116,21170,false,rp1:723ba9443f9ca666d8f00b360931ef23,oci-image,oci-image/files/considerations.md,G0-LINK-DEST-BREAK|oci-image/files/considerations.md|link_inline#0@767-847,single_step,0,SINGLE,E5_INLINE_DELIMITER,early,0.121978,destination_break,6288,1,789,789,1,6288,64,530,2,8,8,284,0.045165,1.628499,2.605598
edit_write,3ec882463f43c8055c3d941986dc7838337a52d911629c0b8590307d5975a0b8,H1,44,75,31065,41367,31110,41438,true,rp1:37c7358fbcffb67461450b18dcafe6f9,oci-image,oci-image/files/HACKING.md,G0-LINK-DEST-BREAK|oci-image/files/HACKING.md|link_inline#0@328-344,single_step,0,SINGLE,E5_INLINE_DELIMITER,early|middle|late,0.176629,destination_break,1857,1,337,337,1,1857,48,139,2,3,3,139,0.074852,4.411416,3.308562
edit_write,3ec882463f43c8055c3d941986dc7838337a52d911629c0b8590307d5975a0b8,H2,86,130,14453,15863,14535,15961,true,rp1:37c7358fbcffb67461450b18dcafe6f9,oci-image,oci-image/files/HACKING.md,G0-LINK-DEST-BREAK|oci-image/files/HACKING.md|link_inline#0@328-344,single_step,0,SINGLE,E5_INLINE_DELIMITER,early|middle|late,0.176629,destination_break,1857,1,337,337,1,1857,48,139,2,3,3,139,0.074852,4.411416,3.308562
edit_write,3ec882463f43c8055c3d941986dc7838337a52d911629c0b8590307d5975a0b8,H0,45,52,17527,28077,17570,28108,true,rp1:37c7358fbcffb67461450b18dcafe6f9,oci-image,oci-image/files/HACKING.md,G0-LINK-DEST-BREAK|oci-image/files/HACKING.md|link_inline#0@328-344,single_step,0,SINGLE,E5_INLINE_DELIMITER,early|middle|late,0.176629,destination_break,1857,1,337,337,1,1857,48,139,2,3,3,139,0.074852,4.411416,3.308562
edit_write,3ec882463f43c8055c3d941986dc7838337a52d911629c0b8590307d5975a0b8,H3,2208,2464,11275,12071,13453,14537,true,rp1:37c7358fbcffb67461450b18dcafe6f9,oci-image,oci-image/files/HACKING.md,G0-LINK-DEST-BREAK|oci-image/files/HACKING.md|link_inline#0@328-344,single_step,0,SINGLE,E5_INLINE_DELIMITER,early|middle|late,0.176629,destination_break,1857,1,337,337,1,1857,48,139,2,3,3,139,0.074852,4.411416,3.308562
edit_write,3ec882463f43c8055c3d941986dc7838337a52d911629c0b8590307d5975a0b8,H4,355,407,6837,7389,7226,7770,true,rp1:37c7358fbcffb67461450b18dcafe6f9,oci-image,oci-image/files/HACKING.md,G0-LINK-DEST-BREAK|oci-image/files/HACKING.md|link_inline#0@328-344,single_step,0,SINGLE,E5_INLINE_DELIMITER,early|middle|late,0.176629,destination_break,1857,1,337,337,1,1857,48,139,2,3,3,139,0.074852,4.411416,3.308562
edit_write,3ef0fa59822abeed39ef4a351ed36822746749903995994c4eed394b51ea2987,H1,43,58,35407,47868,35451,47911,false,rp1:33628787c33244f4c814aed0d5ec3be0,rust-rfcs,rust-rfcs/files/text/1123-str-split-at.md,G0-CODESPAN-DELIM-BREAK|rust-rfcs/files/text/1123-str-split-at.md|code_span#25@2995-3005,break_restore_pair,1,RESTORE,E5_INLINE_DELIMITER,,,delimiter_restore,3430,1,2995,2995,1,3431,31,877,2,2,2,866,0.252405,0.298455,1.193821
edit_write,3ef0fa59822abeed39ef4a351ed36822746749903995994c4eed394b51ea2987,H2,83,116,13559,14660,13649,14723,false,rp1:33628787c33244f4c814aed0d5ec3be0,rust-rfcs,rust-rfcs/files/text/1123-str-split-at.md,G0-CODESPAN-DELIM-BREAK|rust-rfcs/files/text/1123-str-split-at.md|code_span#25@2995-3005,break_restore_pair,1,RESTORE,E5_INLINE_DELIMITER,,,delimiter_restore,3430,1,2995,2995,1,3431,31,877,2,2,2,866,0.252405,0.298455,1.193821
edit_write,3ef0fa59822abeed39ef4a351ed36822746749903995994c4eed394b51ea2987,H0,34,40,20945,22563,20985,22608,false,rp1:33628787c33244f4c814aed0d5ec3be0,rust-rfcs,rust-rfcs/files/text/1123-str-split-at.md,G0-CODESPAN-DELIM-BREAK|rust-rfcs/files/text/1123-str-split-at.md|code_span#25@2995-3005,break_restore_pair,1,RESTORE,E5_INLINE_DELIMITER,,,delimiter_restore,3430,1,2995,2995,1,3431,31,877,2,2,2,866,0.252405,0.298455,1.193821
edit_write,3ef0fa59822abeed39ef4a351ed36822746749903995994c4eed394b51ea2987,H3,1976,2130,11455,12479,13355,14605,false,rp1:33628787c33244f4c814aed0d5ec3be0,rust-rfcs,rust-rfcs/files/text/1123-str-split-at.md,G0-CODESPAN-DELIM-BREAK|rust-rfcs/files/text/1123-str-split-at.md|code_span#25@2995-3005,break_restore_pair,1,RESTORE,E5_INLINE_DELIMITER,,,delimiter_restore,3430,1,2995,2995,1,3431,31,877,2,2,2,866,0.252405,0.298455,1.193821
edit_write,3ef0fa59822abeed39ef4a351ed36822746749903995994c4eed394b51ea2987,H4,253,314,8096,8685,8322,8947,false,rp1:33628787c33244f4c814aed0d5ec3be0,rust-rfcs,rust-rfcs/files/text/1123-str-split-at.md,G0-CODESPAN-DELIM-BREAK|rust-rfcs/files/text/1123-str-split-at.md|code_span#25@2995-3005,break_restore_pair,1,RESTORE,E5_INLINE_DELIMITER,,,delimiter_restore,3430,1,2995,2995,1,3431,31,877,2,2,2,866,0.252405,0.298455,1.193821
edit_write,3f8a73a4641f3f0976ef651684df44932aa557eb0691bc2d4a7ade6067241abd,H1,37,61,6960,7476,7003,7516,false,rp1:b2f4221617ac70aefa2806f1ccd43988,crafting-interpreters,crafting-interpreters/files/note/answers/chapter13_inheritance/1.md,G0-EMPH-DELIM-BREAK|crafting-interpreters/files/note/answers/chapter13_inheritance/1.md|emphasis#1@8636-8643,break_restore_pair,0,BREAK,E5_INLINE_DELIMITER,middle|late,0.922650,delimiter_break,9360,1,8642,8643,0,9360,49,759,2,0,0,5228,0.558547,2.188034,0
edit_write,3f8a73a4641f3f0976ef651684df44932aa557eb0691bc2d4a7ade6067241abd,H2,75,110,11997,12890,12100,12983,false,rp1:b2f4221617ac70aefa2806f1ccd43988,crafting-interpreters,crafting-interpreters/files/note/answers/chapter13_inheritance/1.md,G0-EMPH-DELIM-BREAK|crafting-interpreters/files/note/answers/chapter13_inheritance/1.md|emphasis#1@8636-8643,break_restore_pair,0,BREAK,E5_INLINE_DELIMITER,middle|late,0.922650,delimiter_break,9360,1,8642,8643,0,9360,49,759,2,0,0,5228,0.558547,2.188034,0
edit_write,3f8a73a4641f3f0976ef651684df44932aa557eb0691bc2d4a7ade6067241abd,H0,42,48,27540,29801,27575,29844,false,rp1:b2f4221617ac70aefa2806f1ccd43988,crafting-interpreters,crafting-interpreters/files/note/answers/chapter13_inheritance/1.md,G0-EMPH-DELIM-BREAK|crafting-interpreters/files/note/answers/chapter13_inheritance/1.md|emphasis#1@8636-8643,break_restore_pair,0,BREAK,E5_INLINE_DELIMITER,middle|late,0.922650,delimiter_break,9360,1,8642,8643,0,9360,49,759,2,0,0,5228,0.558547,2.188034,0
edit_write,3f8a73a4641f3f0976ef651684df44932aa557eb0691bc2d4a7ade6067241abd,H3,1706,1823,8602,9093,10323,10882,false,rp1:b2f4221617ac70aefa2806f1ccd43988,crafting-interpreters,crafting-interpreters/files/note/answers/chapter13_inheritance/1.md,G0-EMPH-DELIM-BREAK|crafting-interpreters/files/note/answers/chapter13_inheritance/1.md|emphasis#1@8636-8643,break_restore_pair,0,BREAK,E5_INLINE_DELIMITER,middle|late,0.922650,delimiter_break,9360,1,8642,8643,0,9360,49,759,2,0,0,5228,0.558547,2.188034,0
edit_write,3f8a73a4641f3f0976ef651684df44932aa557eb0691bc2d4a7ade6067241abd,H4,250,287,5019,5416,5256,5708,false,rp1:b2f4221617ac70aefa2806f1ccd43988,crafting-interpreters,crafting-interpreters/files/note/answers/chapter13_inheritance/1.md,G0-EMPH-DELIM-BREAK|crafting-interpreters/files/note/answers/chapter13_inheritance/1.md|emphasis#1@8636-8643,break_restore_pair,0,BREAK,E5_INLINE_DELIMITER,middle|late,0.922650,delimiter_break,9360,1,8642,8643,0,9360,49,759,2,0,0,5228,0.558547,2.188034,0
edit_write,4067160e3a7b55a3422b1237d7604d6b3571b8b8126ac654c7be36c0ea20e51f,H1,50,61,34448,45912,34482,45962,false,rp1:f57b76819a04224b7118744f8ddf48ae,rust-rfcs,rust-rfcs/files/text/1123-str-split-at.md,G0-PARAGRAPH-SPLIT|rust-rfcs/files/text/1123-str-split-at.md|paragraph#13@1458-1587,single_step,0,SINGLE,E2_PARAGRAPH_SPLIT_MERGE,middle,0.424949,split,3431,2,1523,1524,2,3431,31,877,2,2,2,866,0.252405,0.298455,1.193821
edit_write,4067160e3a7b55a3422b1237d7604d6b3571b8b8126ac654c7be36c0ea20e51f,H2,82,113,9625,10335,9737,10410,false,rp1:f57b76819a04224b7118744f8ddf48ae,rust-rfcs,rust-rfcs/files/text/1123-str-split-at.md,G0-PARAGRAPH-SPLIT|rust-rfcs/files/text/1123-str-split-at.md|paragraph#13@1458-1587,single_step,0,SINGLE,E2_PARAGRAPH_SPLIT_MERGE,middle,0.424949,split,3431,2,1523,1524,2,3431,31,877,2,2,2,866,0.252405,0.298455,1.193821
edit_write,4067160e3a7b55a3422b1237d7604d6b3571b8b8126ac654c7be36c0ea20e51f,H0,35,46,21017,31651,21043,31698,false,rp1:f57b76819a04224b7118744f8ddf48ae,rust-rfcs,rust-rfcs/files/text/1123-str-split-at.md,G0-PARAGRAPH-SPLIT|rust-rfcs/files/text/1123-str-split-at.md|paragraph#13@1458-1587,single_step,0,SINGLE,E2_PARAGRAPH_SPLIT_MERGE,middle,0.424949,split,3431,2,1523,1524,2,3431,31,877,2,2,2,866,0.252405,0.298455,1.193821
edit_write,4067160e3a7b55a3422b1237d7604d6b3571b8b8126ac654c7be36c0ea20e51f,H3,1324,1534,7584,8207,8797,9890,false,rp1:f57b76819a04224b7118744f8ddf48ae,rust-rfcs,rust-rfcs/files/text/1123-str-split-at.md,G0-PARAGRAPH-SPLIT|rust-rfcs/files/text/1123-str-split-at.md|paragraph#13@1458-1587,single_step,0,SINGLE,E2_PARAGRAPH_SPLIT_MERGE,middle,0.424949,split,3431,2,1523,1524,2,3431,31,877,2,2,2,866,0.252405,0.298455,1.193821
edit_write,4067160e3a7b55a3422b1237d7604d6b3571b8b8126ac654c7be36c0ea20e51f,H4,167,237,4626,5129,4833,5326,false,rp1:f57b76819a04224b7118744f8ddf48ae,rust-rfcs,rust-rfcs/files/text/1123-str-split-at.md,G0-PARAGRAPH-SPLIT|rust-rfcs/files/text/1123-str-split-at.md|paragraph#13@1458-1587,single_step,0,SINGLE,E2_PARAGRAPH_SPLIT_MERGE,middle,0.424949,split,3431,2,1523,1524,2,3431,31,877,2,2,2,866,0.252405,0.298455,1.193821
edit_write,42070cacc5632f1af9183251973e8f18015f378dfdc9ad3d8e36c3558922262a,H1,45,53,33794,36310,33827,36346,false,rp1:a27a34b595b266290b8b7a5833eaf8e3,rust-rfcs,rust-rfcs/files/text/0404-change-prefer-dynamic.md,G0-LOCAL-TEXT-REPLACE-EQ|rust-rfcs/files/text/0404-change-prefer-dynamic.md|text#23@3490-3499,single_step,0,SINGLE,E1_LOCAL_TEXT,middle,0.508598,replace_eq,6862,8,3490,3498,8,6862,34,901,2,1,1,889,0.129554,0.149228,0.298455
edit_write,42070cacc5632f1af9183251973e8f18015f378dfdc9ad3d8e36c3558922262a,H2,76,103,8322,9485,8386,9577,false,rp1:a27a34b595b266290b8b7a5833eaf8e3,rust-rfcs,rust-rfcs/files/text/0404-change-prefer-dynamic.md,G0-LOCAL-TEXT-REPLACE-EQ|rust-rfcs/files/text/0404-change-prefer-dynamic.md|text#23@3490-3499,single_step,0,SINGLE,E1_LOCAL_TEXT,middle,0.508598,replace_eq,6862,8,3490,3498,8,6862,34,901,2,1,1,889,0.129554,0.149228,0.298455
edit_write,42070cacc5632f1af9183251973e8f18015f378dfdc9ad3d8e36c3558922262a,H0,33,39,24362,30112,24405,30149,false,rp1:a27a34b595b266290b8b7a5833eaf8e3,rust-rfcs,rust-rfcs/files/text/0404-change-prefer-dynamic.md,G0-LOCAL-TEXT-REPLACE-EQ|rust-rfcs/files/text/0404-change-prefer-dynamic.md|text#23@3490-3499,single_step,0,SINGLE,E1_LOCAL_TEXT,middle,0.508598,replace_eq,6862,8,3490,3498,8,6862,34,901,2,1,1,889,0.129554,0.149228,0.298455
edit_write,42070cacc5632f1af9183251973e8f18015f378dfdc9ad3d8e36c3558922262a,H3,1139,1259,5866,6509,7006,7747,false,rp1:a27a34b595b266290b8b7a5833eaf8e3,rust-rfcs,rust-rfcs/files/text/0404-change-prefer-dynamic.md,G0-LOCAL-TEXT-REPLACE-EQ|rust-rfcs/files/text/0404-change-prefer-dynamic.md|text#23@3490-3499,single_step,0,SINGLE,E1_LOCAL_TEXT,middle,0.508598,replace_eq,6862,8,3490,3498,8,6862,34,901,2,1,1,889,0.129554,0.149228,0.298455
edit_write,42070cacc5632f1af9183251973e8f18015f378dfdc9ad3d8e36c3558922262a,H4,186,242,3659,4197,3840,4422,false,rp1:a27a34b595b266290b8b7a5833eaf8e3,rust-rfcs,rust-rfcs/files/text/0404-change-prefer-dynamic.md,G0-LOCAL-TEXT-REPLACE-EQ|rust-rfcs/files/text/0404-change-prefer-dynamic.md|text#23@3490-3499,single_step,0,SINGLE,E1_LOCAL_TEXT,middle,0.508598,replace_eq,6862,8,3490,3498,8,6862,34,901,2,1,1,889,0.129554,0.149228,0.298455
edit_write,4248050af4a7608e80b042417b7b9b3cc07049ae407ad6591f39769a60be2792,H1,45,57,29659,41843,29711,41895,false,rp1:64c56a76c8263da05bcaf6664269fc55,oci-image,oci-image/files/implementations.md,G0-LINK-DEST-BREAK|oci-image/files/implementations.md|link_inline#1@228-349,single_step,0,SINGLE,E5_INLINE_DELIMITER,early,0.094176,destination_break,2421,1,243,243,1,2421,28,249,4,0,0,0,0,0,0
edit_write,4248050af4a7608e80b042417b7b9b3cc07049ae407ad6591f39769a60be2792,H2,90,117,37331,50106,37414,50184,false,rp1:64c56a76c8263da05bcaf6664269fc55,oci-image,oci-image/files/implementations.md,G0-LINK-DEST-BREAK|oci-image/files/implementations.md|link_inline#1@228-349,single_step,0,SINGLE,E5_INLINE_DELIMITER,early,0.094176,destination_break,2421,1,243,243,1,2421,28,249,4,0,0,0,0,0,0
edit_write,4248050af4a7608e80b042417b7b9b3cc07049ae407ad6591f39769a60be2792,H0,45,58,24337,26635,24387,26689,false,rp1:64c56a76c8263da05bcaf6664269fc55,oci-image,oci-image/files/implementations.md,G0-LINK-DEST-BREAK|oci-image/files/implementations.md|link_inline#1@228-349,single_step,0,SINGLE,E5_INLINE_DELIMITER,early,0.094176,destination_break,2421,1,243,243,1,2421,28,249,4,0,0,0,0,0,0
edit_write,4248050af4a7608e80b042417b7b9b3cc07049ae407ad6591f39769a60be2792,H3,3088,3296,35537,48108,38611,51318,false,rp1:64c56a76c8263da05bcaf6664269fc55,oci-image,oci-image/files/implementations.md,G0-LINK-DEST-BREAK|oci-image/files/implementations.md|link_inline#1@228-349,single_step,0,SINGLE,E5_INLINE_DELIMITER,early,0.094176,destination_break,2421,1,243,243,1,2421,28,249,4,0,0,0,0,0,0
edit_write,4248050af4a7608e80b042417b7b9b3cc07049ae407ad6591f39769a60be2792,H4,398,492,32977,44120,33430,44553,false,rp1:64c56a76c8263da05bcaf6664269fc55,oci-image,oci-image/files/implementations.md,G0-LINK-DEST-BREAK|oci-image/files/implementations.md|link_inline#1@228-349,single_step,0,SINGLE,E5_INLINE_DELIMITER,early,0.094176,destination_break,2421,1,243,243,1,2421,28,249,4,0,0,0,0,0,0
edit_write,4339bccd9a6b5dac1d20c0d9ed2f681b9a59b3e563deab301205444fa2ec42f8,H1,44,49,30283,41736,30324,41787,false,rp1:20cd333accaa0ed5fa276e385e45a163,opentelemetry-spec,opentelemetry-spec/files/specification/library-layout.md,G0-BQ-NEST-LINE|opentelemetry-spec/files/specification/library-layout.md|block_quote#0@618-692,break_restore_pair,0,BREAK,E3_CONTAINER_DEPTH,early,0.209918,nest_deepen,2944,1,618,618,1,2944,40,330,2,0,0,367,0.124660,0.695652,0
edit_write,4339bccd9a6b5dac1d20c0d9ed2f681b9a59b3e563deab301205444fa2ec42f8,H2,77,112,10034,11036,10129,11107,false,rp1:20cd333accaa0ed5fa276e385e45a163,opentelemetry-spec,opentelemetry-spec/files/specification/library-layout.md,G0-BQ-NEST-LINE|opentelemetry-spec/files/specification/library-layout.md|block_quote#0@618-692,break_restore_pair,0,BREAK,E3_CONTAINER_DEPTH,early,0.209918,nest_deepen,2944,1,618,618,1,2944,40,330,2,0,0,367,0.124660,0.695652,0
edit_write,4339bccd9a6b5dac1d20c0d9ed2f681b9a59b3e563deab301205444fa2ec42f8,H0,45,59,18600,19974,18644,20025,false,rp1:20cd333accaa0ed5fa276e385e45a163,opentelemetry-spec,opentelemetry-spec/files/specification/library-layout.md,G0-BQ-NEST-LINE|opentelemetry-spec/files/specification/library-layout.md|block_quote#0@618-692,break_restore_pair,0,BREAK,E3_CONTAINER_DEPTH,early,0.209918,nest_deepen,2944,1,618,618,1,2944,40,330,2,0,0,367,0.124660,0.695652,0
edit_write,4339bccd9a6b5dac1d20c0d9ed2f681b9a59b3e563deab301205444fa2ec42f8,H3,1004,1111,7491,8063,8489,9186,false,rp1:20cd333accaa0ed5fa276e385e45a163,opentelemetry-spec,opentelemetry-spec/files/specification/library-layout.md,G0-BQ-NEST-LINE|opentelemetry-spec/files/specification/library-layout.md|block_quote#0@618-692,break_restore_pair,0,BREAK,E3_CONTAINER_DEPTH,early,0.209918,nest_deepen,2944,1,618,618,1,2944,40,330,2,0,0,367,0.124660,0.695652,0
edit_write,4339bccd9a6b5dac1d20c0d9ed2f681b9a59b3e563deab301205444fa2ec42f8,H4,201,245,4524,4977,4742,5232,false,rp1:20cd333accaa0ed5fa276e385e45a163,opentelemetry-spec,opentelemetry-spec/files/specification/library-layout.md,G0-BQ-NEST-LINE|opentelemetry-spec/files/specification/library-layout.md|block_quote#0@618-692,break_restore_pair,0,BREAK,E3_CONTAINER_DEPTH,early,0.209918,nest_deepen,2944,1,618,618,1,2944,40,330,2,0,0,367,0.124660,0.695652,0
edit_write,439e4c23fee03e3ed8606f26adc0ac5f3b91ecc85f6d1182a67dc905dd861a7c,H1,44,48,46622,53284,46663,53353,false,rp1:bd62132b1f0969a82e25c4a12374a3c4,rust-book,rust-book/files/src/appendix-06-translation.md,G0-LINK-DEST-BREAK|rust-book/files/src/appendix-06-translation.md|link_inline#11@987-1039,single_step,0,SINGLE,E5_INLINE_DELIMITER,middle,0.495731,destination_break,1991,1,999,999,1,1991,28,167,2,1,1,0,0,0,1.028629
edit_write,439e4c23fee03e3ed8606f26adc0ac5f3b91ecc85f6d1182a67dc905dd861a7c,H2,93,128,37994,51571,38089,51641,false,rp1:bd62132b1f0969a82e25c4a12374a3c4,rust-book,rust-book/files/src/appendix-06-translation.md,G0-LINK-DEST-BREAK|rust-book/files/src/appendix-06-translation.md|link_inline#11@987-1039,single_step,0,SINGLE,E5_INLINE_DELIMITER,middle,0.495731,destination_break,1991,1,999,999,1,1991,28,167,2,1,1,0,0,0,1.028629
edit_write,439e4c23fee03e3ed8606f26adc0ac5f3b91ecc85f6d1182a67dc905dd861a7c,H0,35,43,23109,28019,23130,28058,false,rp1:bd62132b1f0969a82e25c4a12374a3c4,rust-book,rust-book/files/src/appendix-06-translation.md,G0-LINK-DEST-BREAK|rust-book/files/src/appendix-06-translation.md|link_inline#11@987-1039,single_step,0,SINGLE,E5_INLINE_DELIMITER,middle,0.495731,destination_break,1991,1,999,999,1,1991,28,167,2,1,1,0,0,0,1.028629
edit_write,439e4c23fee03e3ed8606f26adc0ac5f3b91ecc85f6d1182a67dc905dd861a7c,H3,2459,2571,37670,38885,40071,41337,false,rp1:bd62132b1f0969a82e25c4a12374a3c4,rust-book,rust-book/files/src/appendix-06-translation.md,G0-LINK-DEST-BREAK|rust-book/files/src/appendix-06-translation.md|link_inline#11@987-1039,single_step,0,SINGLE,E5_INLINE_DELIMITER,middle,0.495731,destination_break,1991,1,999,999,1,1991,28,167,2,1,1,0,0,0,1.028629
edit_write,439e4c23fee03e3ed8606f26adc0ac5f3b91ecc85f6d1182a67dc905dd861a7c,H4,339,399,34140,36376,34438,36798,false,rp1:bd62132b1f0969a82e25c4a12374a3c4,rust-book,rust-book/files/src/appendix-06-translation.md,G0-LINK-DEST-BREAK|rust-book/files/src/appendix-06-translation.md|link_inline#11@987-1039,single_step,0,SINGLE,E5_INLINE_DELIMITER,middle,0.495731,destination_break,1991,1,999,999,1,1991,28,167,2,1,1,0,0,0,1.028629
edit_write,4449a1441fa517de5827e3bcb0fc140702aba156f45e9c9252c648492621bc88,H1,52,57,72704,80111,72761,80156,false,rp1:be5914a214adb786901e169b6f3a5c5e,oci-image,oci-image/files/considerations.md,G0-LIST-ITEM-INDENT|oci-image/files/considerations.md|list_item#17@4994-5010,break_restore_pair,0,BREAK,E3_CONTAINER_DEPTH,late,0.794211,indent_deepen,6288,2,4994,4994,2,6288,64,530,2,8,8,284,0.045165,1.628499,2.605598
edit_write,4449a1441fa517de5827e3bcb0fc140702aba156f45e9c9252c648492621bc88,H2,104,141,21686,27622,21782,27738,false,rp1:be5914a214adb786901e169b6f3a5c5e,oci-image,oci-image/files/considerations.md,G0-LIST-ITEM-INDENT|oci-image/files/considerations.md|list_item#17@4994-5010,break_restore_pair,0,BREAK,E3_CONTAINER_DEPTH,late,0.794211,indent_deepen,6288,2,4994,4994,2,6288,64,530,2,8,8,284,0.045165,1.628499,2.605598
edit_write,4449a1441fa517de5827e3bcb0fc140702aba156f45e9c9252c648492621bc88,H0,35,39,43935,55427,43970,55464,false,rp1:be5914a214adb786901e169b6f3a5c5e,oci-image,oci-image/files/considerations.md,G0-LIST-ITEM-INDENT|oci-image/files/considerations.md|list_item#17@4994-5010,break_restore_pair,0,BREAK,E3_CONTAINER_DEPTH,late,0.794211,indent_deepen,6288,2,4994,4994,2,6288,64,530,2,8,8,284,0.045165,1.628499,2.605598
edit_write,4449a1441fa517de5827e3bcb0fc140702aba156f45e9c9252c648492621bc88,H3,2357,2474,17503,18791,19843,21315,false,rp1:be5914a214adb786901e169b6f3a5c5e,oci-image,oci-image/files/considerations.md,G0-LIST-ITEM-INDENT|oci-image/files/considerations.md|list_item#17@4994-5010,break_restore_pair,0,BREAK,E3_CONTAINER_DEPTH,late,0.794211,indent_deepen,6288,2,4994,4994,2,6288,64,530,2,8,8,284,0.045165,1.628499,2.605598
edit_write,4449a1441fa517de5827e3bcb0fc140702aba156f45e9c9252c648492621bc88,H4,529,582,13083,13869,13646,14392,false,rp1:be5914a214adb786901e169b6f3a5c5e,oci-image,oci-image/files/considerations.md,G0-LIST-ITEM-INDENT|oci-image/files/considerations.md|list_item#17@4994-5010,break_restore_pair,0,BREAK,E3_CONTAINER_DEPTH,late,0.794211,indent_deepen,6288,2,4994,4994,2,6288,64,530,2,8,8,284,0.045165,1.628499,2.605598
edit_write,447fe959be09eada5f491ea310a2855addd5163085cb8b347726977f01e8bfd0,H1,41,48,16003,17323,16046,17396,false,rp1:3efce611104dee1483133ab83439af47,rust-book,rust-book/files/src/appendix-05-editions.md,G0-PARAGRAPH-SPLIT|rust-book/files/src/appendix-05-editions.md|paragraph#1@175-587,single_step,0,SINGLE,E2_PARAGRAPH_SPLIT_MERGE,early,0.056911,split,3075,2,382,383,2,3075,15,480,2,1,1,0,0,0,0.666016
edit_write,447fe959be09eada5f491ea310a2855addd5163085cb8b347726977f01e8bfd0,H2,85,115,6697,7304,6785,7396,false,rp1:3efce611104dee1483133ab83439af47,rust-book,rust-book/files/src/appendix-05-editions.md,G0-PARAGRAPH-SPLIT|rust-book/files/src/appendix-05-editions.md|paragraph#1@175-587,single_step,0,SINGLE,E2_PARAGRAPH_SPLIT_MERGE,early,0.056911,split,3075,2,382,383,2,3075,15,480,2,1,1,0,0,0,0.666016
edit_write,447fe959be09eada5f491ea310a2855addd5163085cb8b347726977f01e8bfd0,H0,36,51,11665,12567,11699,12618,false,rp1:3efce611104dee1483133ab83439af47,rust-book,rust-book/files/src/appendix-05-editions.md,G0-PARAGRAPH-SPLIT|rust-book/files/src/appendix-05-editions.md|paragraph#1@175-587,single_step,0,SINGLE,E2_PARAGRAPH_SPLIT_MERGE,early,0.056911,split,3075,2,382,383,2,3075,15,480,2,1,1,0,0,0,0.666016
edit_write,447fe959be09eada5f491ea310a2855addd5163085cb8b347726977f01e8bfd0,H3,892,1048,5392,6153,6321,7297,false,rp1:3efce611104dee1483133ab83439af47,rust-book,rust-book/files/src/appendix-05-editions.md,G0-PARAGRAPH-SPLIT|rust-book/files/src/appendix-05-editions.md|paragraph#1@175-587,single_step,0,SINGLE,E2_PARAGRAPH_SPLIT_MERGE,early,0.056911,split,3075,2,382,383,2,3075,15,480,2,1,1,0,0,0,0.666016
edit_write,447fe959be09eada5f491ea310a2855addd5163085cb8b347726977f01e8bfd0,H4,122,188,3246,3725,3375,3909,false,rp1:3efce611104dee1483133ab83439af47,rust-book,rust-book/files/src/appendix-05-editions.md,G0-PARAGRAPH-SPLIT|rust-book/files/src/appendix-05-editions.md|paragraph#1@175-587,single_step,0,SINGLE,E2_PARAGRAPH_SPLIT_MERGE,early,0.056911,split,3075,2,382,383,2,3075,15,480,2,1,1,0,0,0,0.666016
edit_write,463151484c0fa7d8b7168aa0fdee85e2015a2d87f0bf4199c5b7a1a8b16544c8,H1,45,54,44357,47340,44391,47391,false,rp1:707b23c7980504dbf465d24d0a177d07,d2l-en,d2l-en/files/chapter_installation/index.md,G0-PARAGRAPH-MERGE|d2l-en/files/chapter_installation/index.md|paragraph#33@5153-5295,single_step,0,SINGLE,E2_PARAGRAPH_SPLIT_MERGE,late,0.845586,merge,6094,2,5151,5153,1,6094,60,589,0,0,0,1227,0.201346,2.856580,0
edit_write,463151484c0fa7d8b7168aa0fdee85e2015a2d87f0bf4199c5b7a1a8b16544c8,H2,87,113,15536,17813,15596,17920,false,rp1:707b23c7980504dbf465d24d0a177d07,d2l-en,d2l-en/files/chapter_installation/index.md,G0-PARAGRAPH-MERGE|d2l-en/files/chapter_installation/index.md|paragraph#33@5153-5295,single_step,0,SINGLE,E2_PARAGRAPH_SPLIT_MERGE,late,0.845586,merge,6094,2,5151,5153,1,6094,60,589,0,0,0,1227,0.201346,2.856580,0
edit_write,463151484c0fa7d8b7168aa0fdee85e2015a2d87f0bf4199c5b7a1a8b16544c8,H0,35,50,31034,35293,31059,35341,false,rp1:707b23c7980504dbf465d24d0a177d07,d2l-en,d2l-en/files/chapter_installation/index.md,G0-PARAGRAPH-MERGE|d2l-en/files/chapter_installation/index.md|paragraph#33@5153-5295,single_step,0,SINGLE,E2_PARAGRAPH_SPLIT_MERGE,late,0.845586,merge,6094,2,5151,5153,1,6094,60,589,0,0,0,1227,0.201346,2.856580,0
edit_write,463151484c0fa7d8b7168aa0fdee85e2015a2d87f0bf4199c5b7a1a8b16544c8,H3,1701,1811,11637,12235,13389,13997,false,rp1:707b23c7980504dbf465d24d0a177d07,d2l-en,d2l-en/files/chapter_installation/index.md,G0-PARAGRAPH-MERGE|d2l-en/files/chapter_installation/index.md|paragraph#33@5153-5295,single_step,0,SINGLE,E2_PARAGRAPH_SPLIT_MERGE,late,0.845586,merge,6094,2,5151,5153,1,6094,60,589,0,0,0,1227,0.201346,2.856580,0
edit_write,463151484c0fa7d8b7168aa0fdee85e2015a2d87f0bf4199c5b7a1a8b16544c8,H4,286,334,6135,6604,6405,6952,false,rp1:707b23c7980504dbf465d24d0a177d07,d2l-en,d2l-en/files/chapter_installation/index.md,G0-PARAGRAPH-MERGE|d2l-en/files/chapter_installation/index.md|paragraph#33@5153-5295,single_step,0,SINGLE,E2_PARAGRAPH_SPLIT_MERGE,late,0.845586,merge,6094,2,5151,5153,1,6094,60,589,0,0,0,1227,0.201346,2.856580,0
edit_write,470220da9fcb369d8a68ba498122c9fbc4762313beb5f15508a62d83f8c606a0,H1,43,51,26483,32347,26521,32384,false,rp1:f211e0d5a29a0f48c820b8f9dbae5eb1,myst-parser,myst-parser/files/docs/develop/contributing.md,G0-PARAGRAPH-SPLIT|myst-parser/files/docs/develop/contributing.md|paragraph#7@1325-1646,single_step,0,SINGLE,E2_PARAGRAPH_SPLIT_MERGE,middle,0.485882,split,2727,2,1495,1496,2,2727,30,321,0,8,4,337,0.123579,2.628530,4.506051
edit_write,470220da9fcb369d8a68ba498122c9fbc4762313beb5f15508a62d83f8c606a0,H2,81,109,11532,12296,11657,12368,false,rp1:f211e0d5a29a0f48c820b8f9dbae5eb1,myst-parser,myst-parser/files/docs/develop/contributing.md,G0-PARAGRAPH-SPLIT|myst-parser/files/docs/develop/contributing.md|paragraph#7@1325-1646,single_step,0,SINGLE,E2_PARAGRAPH_SPLIT_MERGE,middle,0.485882,split,2727,2,1495,1496,2,2727,30,321,0,8,4,337,0.123579,2.628530,4.506051
edit_write,470220da9fcb369d8a68ba498122c9fbc4762313beb5f15508a62d83f8c606a0,H0,32,49,16101,17274,16135,17308,false,rp1:f211e0d5a29a0f48c820b8f9dbae5eb1,myst-parser,myst-parser/files/docs/develop/contributing.md,G0-PARAGRAPH-SPLIT|myst-parser/files/docs/develop/contributing.md|paragraph#7@1325-1646,single_step,0,SINGLE,E2_PARAGRAPH_SPLIT_MERGE,middle,0.485882,split,2727,2,1495,1496,2,2727,30,321,0,8,4,337,0.123579,2.628530,4.506051
edit_write,470220da9fcb369d8a68ba498122c9fbc4762313beb5f15508a62d83f8c606a0,H3,1550,1677,9644,10518,11179,12301,false,rp1:f211e0d5a29a0f48c820b8f9dbae5eb1,myst-parser,myst-parser/files/docs/develop/contributing.md,G0-PARAGRAPH-SPLIT|myst-parser/files/docs/develop/contributing.md|paragraph#7@1325-1646,single_step,0,SINGLE,E2_PARAGRAPH_SPLIT_MERGE,middle,0.485882,split,2727,2,1495,1496,2,2727,30,321,0,8,4,337,0.123579,2.628530,4.506051
edit_write,470220da9fcb369d8a68ba498122c9fbc4762313beb5f15508a62d83f8c606a0,H4,176,231,5948,6553,6137,6784,false,rp1:f211e0d5a29a0f48c820b8f9dbae5eb1,myst-parser,myst-parser/files/docs/develop/contributing.md,G0-PARAGRAPH-SPLIT|myst-parser/files/docs/develop/contributing.md|paragraph#7@1325-1646,single_step,0,SINGLE,E2_PARAGRAPH_SPLIT_MERGE,middle,0.485882,split,2727,2,1495,1496,2,2727,30,321,0,8,4,337,0.123579,2.628530,4.506051
edit_write,476e6ad80b60ad455b50273ee4763f97fd0ad78370abd2748be5f767457dd173,H1,44,47,31502,38336,31539,38379,false,rp1:1cd0c191d0ae09de87fdb98fa6a24fb2,oci-image,oci-image/files/implementations.md,G0-PARAGRAPH-SPLIT|oci-image/files/implementations.md|paragraph#2@353-482,single_step,0,SINGLE,E2_PARAGRAPH_SPLIT_MERGE,early,0.145808,split,2421,2,378,379,2,2421,28,249,4,0,0,0,0,0,0
edit_write,476e6ad80b60ad455b50273ee4763f97fd0ad78370abd2748be5f767457dd173,H2,89,128,39520,44987,39618,45084,false,rp1:1cd0c191d0ae09de87fdb98fa6a24fb2,oci-image,oci-image/files/implementations.md,G0-PARAGRAPH-SPLIT|oci-image/files/implementations.md|paragraph#2@353-482,single_step,0,SINGLE,E2_PARAGRAPH_SPLIT_MERGE,early,0.145808,split,2421,2,378,379,2,2421,28,249,4,0,0,0,0,0,0
edit_write,476e6ad80b60ad455b50273ee4763f97fd0ad78370abd2748be5f767457dd173,H0,43,52,25766,27359,25811,27403,false,rp1:1cd0c191d0ae09de87fdb98fa6a24fb2,oci-image,oci-image/files/implementations.md,G0-PARAGRAPH-SPLIT|oci-image/files/implementations.md|paragraph#2@353-482,single_step,0,SINGLE,E2_PARAGRAPH_SPLIT_MERGE,early,0.145808,split,2421,2,378,379,2,2421,28,249,4,0,0,0,0,0,0
edit_write,476e6ad80b60ad455b50273ee4763f97fd0ad78370abd2748be5f767457dd173,H3,3020,3250,39825,52441,42816,55710,false,rp1:1cd0c191d0ae09de87fdb98fa6a24fb2,oci-image,oci-image/files/implementations.md,G0-PARAGRAPH-SPLIT|oci-image/files/implementations.md|paragraph#2@353-482,single_step,0,SINGLE,E2_PARAGRAPH_SPLIT_MERGE,early,0.145808,split,2421,2,378,379,2,2421,28,249,4,0,0,0,0,0,0
edit_write,476e6ad80b60ad455b50273ee4763f97fd0ad78370abd2748be5f767457dd173,H4,422,517,33195,44204,33627,44650,false,rp1:1cd0c191d0ae09de87fdb98fa6a24fb2,oci-image,oci-image/files/implementations.md,G0-PARAGRAPH-SPLIT|oci-image/files/implementations.md|paragraph#2@353-482,single_step,0,SINGLE,E2_PARAGRAPH_SPLIT_MERGE,early,0.145808,split,2421,2,378,379,2,2421,28,249,4,0,0,0,0,0,0
edit_write,477d4193e5cf48d24ce63c619434301d107094e60be151353dea406ea0886abe,H1,44,53,35288,46386,35327,46428,false,rp1:90c1753e6e3fc174e1271adaddae42c7,rust-rfcs,rust-rfcs/files/text/1123-str-split-at.md,G0-LOCAL-TEXT-REPLACE-EQ|rust-rfcs/files/text/1123-str-split-at.md|text#47@3084-3157,single_step,0,SINGLE,E1_LOCAL_TEXT,late,0.898863,replace_eq,3431,8,3145,3153,8,3431,31,877,2,2,2,866,0.252405,0.298455,1.193821
edit_write,477d4193e5cf48d24ce63c619434301d107094e60be151353dea406ea0886abe,H2,95,128,13584,14702,13674,14845,false,rp1:90c1753e6e3fc174e1271adaddae42c7,rust-rfcs,rust-rfcs/files/text/1123-str-split-at.md,G0-LOCAL-TEXT-REPLACE-EQ|rust-rfcs/files/text/1123-str-split-at.md|text#47@3084-3157,single_step,0,SINGLE,E1_LOCAL_TEXT,late,0.898863,replace_eq,3431,8,3145,3153,8,3431,31,877,2,2,2,866,0.252405,0.298455,1.193821
edit_write,477d4193e5cf48d24ce63c619434301d107094e60be151353dea406ea0886abe,H0,36,52,21365,34341,21407,34405,false,rp1:90c1753e6e3fc174e1271adaddae42c7,rust-rfcs,rust-rfcs/files/text/1123-str-split-at.md,G0-LOCAL-TEXT-REPLACE-EQ|rust-rfcs/files/text/1123-str-split-at.md|text#47@3084-3157,single_step,0,SINGLE,E1_LOCAL_TEXT,late,0.898863,replace_eq,3431,8,3145,3153,8,3431,31,877,2,2,2,866,0.252405,0.298455,1.193821
edit_write,477d4193e5cf48d24ce63c619434301d107094e60be151353dea406ea0886abe,H3,2111,2290,12027,13013,14222,15310,false,rp1:90c1753e6e3fc174e1271adaddae42c7,rust-rfcs,rust-rfcs/files/text/1123-str-split-at.md,G0-LOCAL-TEXT-REPLACE-EQ|rust-rfcs/files/text/1123-str-split-at.md|text#47@3084-3157,single_step,0,SINGLE,E1_LOCAL_TEXT,late,0.898863,replace_eq,3431,8,3145,3153,8,3431,31,877,2,2,2,866,0.252405,0.298455,1.193821
edit_write,477d4193e5cf48d24ce63c619434301d107094e60be151353dea406ea0886abe,H4,278,358,7976,8607,8221,8829,false,rp1:90c1753e6e3fc174e1271adaddae42c7,rust-rfcs,rust-rfcs/files/text/1123-str-split-at.md,G0-LOCAL-TEXT-REPLACE-EQ|rust-rfcs/files/text/1123-str-split-at.md|text#47@3084-3157,single_step,0,SINGLE,E1_LOCAL_TEXT,late,0.898863,replace_eq,3431,8,3145,3153,8,3431,31,877,2,2,2,866,0.252405,0.298455,1.193821
edit_write,47aaac57137cfeaa51f2f3d6a932f174843a5320ba779d60fcf8d1effcc0a5f9,H1,47,73,34715,50382,34754,50426,true,rp1:8110f44ba342a327d6f774fdcc8032fd,rust-rfcs,rust-rfcs/files/text/0404-change-prefer-dynamic.md,G0-PARAGRAPH-SPLIT|rust-rfcs/files/text/0404-change-prefer-dynamic.md|paragraph#5@843-1336,single_step,0,SINGLE,E2_PARAGRAPH_SPLIT_MERGE,early,0.122850,split,6862,2,1089,1090,2,6862,34,901,2,1,1,889,0.129554,0.149228,0.298455
edit_write,47aaac57137cfeaa51f2f3d6a932f174843a5320ba779d60fcf8d1effcc0a5f9,H2,74,122,11377,12269,11456,12391,true,rp1:8110f44ba342a327d6f774fdcc8032fd,rust-rfcs,rust-rfcs/files/text/0404-change-prefer-dynamic.md,G0-PARAGRAPH-SPLIT|rust-rfcs/files/text/0404-change-prefer-dynamic.md|paragraph#5@843-1336,single_step,0,SINGLE,E2_PARAGRAPH_SPLIT_MERGE,early,0.122850,split,6862,2,1089,1090,2,6862,34,901,2,1,1,889,0.129554,0.149228,0.298455
edit_write,47aaac57137cfeaa51f2f3d6a932f174843a5320ba779d60fcf8d1effcc0a5f9,H0,44,62,25208,42426,25248,42472,true,rp1:8110f44ba342a327d6f774fdcc8032fd,rust-rfcs,rust-rfcs/files/text/0404-change-prefer-dynamic.md,G0-PARAGRAPH-SPLIT|rust-rfcs/files/text/0404-change-prefer-dynamic.md|paragraph#5@843-1336,single_step,0,SINGLE,E2_PARAGRAPH_SPLIT_MERGE,early,0.122850,split,6862,2,1089,1090,2,6862,34,901,2,1,1,889,0.129554,0.149228,0.298455
edit_write,47aaac57137cfeaa51f2f3d6a932f174843a5320ba779d60fcf8d1effcc0a5f9,H3,1667,1832,9268,10187,10946,12033,true,rp1:8110f44ba342a327d6f774fdcc8032fd,rust-rfcs,rust-rfcs/files/text/0404-change-prefer-dynamic.md,G0-PARAGRAPH-SPLIT|rust-rfcs/files/text/0404-change-prefer-dynamic.md|paragraph#5@843-1336,single_step,0,SINGLE,E2_PARAGRAPH_SPLIT_MERGE,early,0.122850,split,6862,2,1089,1090,2,6862,34,901,2,1,1,889,0.129554,0.149228,0.298455
edit_write,47aaac57137cfeaa51f2f3d6a932f174843a5320ba779d60fcf8d1effcc0a5f9,H4,224,276,5863,11121,6087,11319,true,rp1:8110f44ba342a327d6f774fdcc8032fd,rust-rfcs,rust-rfcs/files/text/0404-change-prefer-dynamic.md,G0-PARAGRAPH-SPLIT|rust-rfcs/files/text/0404-change-prefer-dynamic.md|paragraph#5@843-1336,single_step,0,SINGLE,E2_PARAGRAPH_SPLIT_MERGE,early,0.122850,split,6862,2,1089,1090,2,6862,34,901,2,1,1,889,0.129554,0.149228,0.298455
edit_write,47aeefe99d8121f893aac8db461e662747ab17c6d4213956976a31629d706ea8,H1,44,53,12020,13068,12064,13121,false,rp1:f164b0dfdb300181e461debf6fbfccc0,opentelemetry-spec,opentelemetry-spec/files/specification/library-layout.md,G0-BQ-NEST-LINE|opentelemetry-spec/files/specification/library-layout.md|block_quote#0@618-692,break_restore_pair,1,RESTORE,E3_CONTAINER_DEPTH,,,nest_restore,2945,1,618,619,0,2944,40,330,2,0,0,367,0.124660,0.695652,0
edit_write,47aeefe99d8121f893aac8db461e662747ab17c6d4213956976a31629d706ea8,H2,68,104,11204,12449,11270,12538,false,rp1:f164b0dfdb300181e461debf6fbfccc0,opentelemetry-spec,opentelemetry-spec/files/specification/library-layout.md,G0-BQ-NEST-LINE|opentelemetry-spec/files/specification/library-layout.md|block_quote#0@618-692,break_restore_pair,1,RESTORE,E3_CONTAINER_DEPTH,,,nest_restore,2945,1,618,619,0,2944,40,330,2,0,0,367,0.124660,0.695652,0
edit_write,47aeefe99d8121f893aac8db461e662747ab17c6d4213956976a31629d706ea8,H0,35,50,18556,20120,18591,20163,false,rp1:f164b0dfdb300181e461debf6fbfccc0,opentelemetry-spec,opentelemetry-spec/files/specification/library-layout.md,G0-BQ-NEST-LINE|opentelemetry-spec/files/specification/library-layout.md|block_quote#0@618-692,break_restore_pair,1,RESTORE,E3_CONTAINER_DEPTH,,,nest_restore,2945,1,618,619,0,2944,40,330,2,0,0,367,0.124660,0.695652,0
edit_write,47aeefe99d8121f893aac8db461e662747ab17c6d4213956976a31629d706ea8,H3,1270,1367,7407,8028,8639,9481,false,rp1:f164b0dfdb300181e461debf6fbfccc0,opentelemetry-spec,opentelemetry-spec/files/specification/library-layout.md,G0-BQ-NEST-LINE|opentelemetry-spec/files/specification/library-layout.md|block_quote#0@618-692,break_restore_pair,1,RESTORE,E3_CONTAINER_DEPTH,,,nest_restore,2945,1,618,619,0,2944,40,330,2,0,0,367,0.124660,0.695652,0
edit_write,47aeefe99d8121f893aac8db461e662747ab17c6d4213956976a31629d706ea8,H4,271,352,4587,4909,4870,5223,false,rp1:f164b0dfdb300181e461debf6fbfccc0,opentelemetry-spec,opentelemetry-spec/files/specification/library-layout.md,G0-BQ-NEST-LINE|opentelemetry-spec/files/specification/library-layout.md|block_quote#0@618-692,break_restore_pair,1,RESTORE,E3_CONTAINER_DEPTH,,,nest_restore,2945,1,618,619,0,2944,40,330,2,0,0,367,0.124660,0.695652,0
edit_write,485e0b719aa9ef63171fa5a9da2b2bbc34eeba2c4968d8847723113a6f97d752,H1,45,62,30350,41037,30398,41079,false,rp1:094a67f9d93d0e4d3a0c4d8675a05d0e,oci-image,oci-image/files/HACKING.md,G0-PARAGRAPH-MERGE|oci-image/files/HACKING.md|paragraph#12@1000-1014,single_step,0,SINGLE,E2_PARAGRAPH_SPLIT_MERGE,middle,0.538503,merge,1857,2,998,1000,1,1857,48,139,2,3,3,139,0.074852,4.411416,3.308562
edit_write,485e0b719aa9ef63171fa5a9da2b2bbc34eeba2c4968d8847723113a6f97d752,H2,88,126,12706,13817,12801,13935,false,rp1:094a67f9d93d0e4d3a0c4d8675a05d0e,oci-image,oci-image/files/HACKING.md,G0-PARAGRAPH-MERGE|oci-image/files/HACKING.md|paragraph#12@1000-1014,single_step,0,SINGLE,E2_PARAGRAPH_SPLIT_MERGE,middle,0.538503,merge,1857,2,998,1000,1,1857,48,139,2,3,3,139,0.074852,4.411416,3.308562
edit_write,485e0b719aa9ef63171fa5a9da2b2bbc34eeba2c4968d8847723113a6f97d752,H0,43,51,17200,18850,17251,18893,false,rp1:094a67f9d93d0e4d3a0c4d8675a05d0e,oci-image,oci-image/files/HACKING.md,G0-PARAGRAPH-MERGE|oci-image/files/HACKING.md|paragraph#12@1000-1014,single_step,0,SINGLE,E2_PARAGRAPH_SPLIT_MERGE,middle,0.538503,merge,1857,2,998,1000,1,1857,48,139,2,3,3,139,0.074852,4.411416,3.308562
edit_write,485e0b719aa9ef63171fa5a9da2b2bbc34eeba2c4968d8847723113a6f97d752,H3,1637,1878,9413,10358,11106,12226,false,rp1:094a67f9d93d0e4d3a0c4d8675a05d0e,oci-image,oci-image/files/HACKING.md,G0-PARAGRAPH-MERGE|oci-image/files/HACKING.md|paragraph#12@1000-1014,single_step,0,SINGLE,E2_PARAGRAPH_SPLIT_MERGE,middle,0.538503,merge,1857,2,998,1000,1,1857,48,139,2,3,3,139,0.074852,4.411416,3.308562
edit_write,485e0b719aa9ef63171fa5a9da2b2bbc34eeba2c4968d8847723113a6f97d752,H4,258,328,5618,6236,5829,6586,false,rp1:094a67f9d93d0e4d3a0c4d8675a05d0e,oci-image,oci-image/files/HACKING.md,G0-PARAGRAPH-MERGE|oci-image/files/HACKING.md|paragraph#12@1000-1014,single_step,0,SINGLE,E2_PARAGRAPH_SPLIT_MERGE,middle,0.538503,merge,1857,2,998,1000,1,1857,48,139,2,3,3,139,0.074852,4.411416,3.308562
edit_write,499049a46957f333b0a907e73909b010b9d9dfcc2fbbb8797a36c6da040d0746,H1,44,67,4455,5000,4522,5044,false,rp1:e198ec1e184b3dfcb7322068c9715abb,oci-image,oci-image/files/implementations.md,G0-LINK-DEST-BREAK|oci-image/files/implementations.md|link_inline#25@2216-2269,single_step,0,SINGLE,E5_INLINE_DELIMITER,late,0.915324,destination_break,2421,1,2234,2234,1,2421,28,249,4,0,0,0,0,0,0
edit_write,499049a46957f333b0a907e73909b010b9d9dfcc2fbbb8797a36c6da040d0746,H2,88,112,7277,7981,7360,8058,false,rp1:e198ec1e184b3dfcb7322068c9715abb,oci-image,oci-image/files/implementations.md,G0-LINK-DEST-BREAK|oci-image/files/implementations.md|link_inline#25@2216-2269,single_step,0,SINGLE,E5_INLINE_DELIMITER,late,0.915324,destination_break,2421,1,2234,2234,1,2421,28,249,4,0,0,0,0,0,0
edit_write,499049a46957f333b0a907e73909b010b9d9dfcc2fbbb8797a36c6da040d0746,H0,43,53,24299,25932,24360,25984,false,rp1:e198ec1e184b3dfcb7322068c9715abb,oci-image,oci-image/files/implementations.md,G0-LINK-DEST-BREAK|oci-image/files/implementations.md|link_inline#25@2216-2269,single_step,0,SINGLE,E5_INLINE_DELIMITER,late,0.915324,destination_break,2421,1,2234,2234,1,2421,28,249,4,0,0,0,0,0,0
edit_write,499049a46957f333b0a907e73909b010b9d9dfcc2fbbb8797a36c6da040d0746,H3,1523,1782,5919,6870,7563,8652,false,rp1:e198ec1e184b3dfcb7322068c9715abb,oci-image,oci-image/files/implementations.md,G0-LINK-DEST-BREAK|oci-image/files/implementations.md|link_inline#25@2216-2269,single_step,0,SINGLE,E5_INLINE_DELIMITER,late,0.915324,destination_break,2421,1,2234,2234,1,2421,28,249,4,0,0,0,0,0,0
edit_write,499049a46957f333b0a907e73909b010b9d9dfcc2fbbb8797a36c6da040d0746,H4,191,237,4676,5187,4911,5400,false,rp1:e198ec1e184b3dfcb7322068c9715abb,oci-image,oci-image/files/implementations.md,G0-LINK-DEST-BREAK|oci-image/files/implementations.md|link_inline#25@2216-2269,single_step,0,SINGLE,E5_INLINE_DELIMITER,late,0.915324,destination_break,2421,1,2234,2234,1,2421,28,249,4,0,0,0,0,0,0
edit_write,49b6aadbd35328890b54131f7674e5aeba636eba3bc8c30d3ab95b2abf12830c,H1,41,49,22289,25178,22323,25220,false,rp1:05efb4758c2f870409cde7f249a89b55,myst-parser,myst-parser/files/docs/develop/contributing.md,G0-FENCE-CLOSER-REMOVE|myst-parser/files/docs/develop/contributing.md|code_block_fenced#2@1186-1221,break_restore_pair,0,BREAK,E4_FENCE_OPEN_CLOSE,middle,0.434910,close_break,2727,3,1218,1221,0,2727,30,321,0,8,4,337,0.123579,2.628530,4.506051
edit_write,49b6aadbd35328890b54131f7674e5aeba636eba3bc8c30d3ab95b2abf12830c,H2,79,120,9668,10737,9765,10841,false,rp1:05efb4758c2f870409cde7f249a89b55,myst-parser,myst-parser/files/docs/develop/contributing.md,G0-FENCE-CLOSER-REMOVE|myst-parser/files/docs/develop/contributing.md|code_block_fenced#2@1186-1221,break_restore_pair,0,BREAK,E4_FENCE_OPEN_CLOSE,middle,0.434910,close_break,2727,3,1218,1221,0,2727,30,321,0,8,4,337,0.123579,2.628530,4.506051
edit_write,49b6aadbd35328890b54131f7674e5aeba636eba3bc8c30d3ab95b2abf12830c,H0,35,41,13394,14216,13449,14258,false,rp1:05efb4758c2f870409cde7f249a89b55,myst-parser,myst-parser/files/docs/develop/contributing.md,G0-FENCE-CLOSER-REMOVE|myst-parser/files/docs/develop/contributing.md|code_block_fenced#2@1186-1221,break_restore_pair,0,BREAK,E4_FENCE_OPEN_CLOSE,middle,0.434910,close_break,2727,3,1218,1221,0,2727,30,321,0,8,4,337,0.123579,2.628530,4.506051
edit_write,49b6aadbd35328890b54131f7674e5aeba636eba3bc8c30d3ab95b2abf12830c,H3,1075,1254,7425,8539,8522,9863,false,rp1:05efb4758c2f870409cde7f249a89b55,myst-parser,myst-parser/files/docs/develop/contributing.md,G0-FENCE-CLOSER-REMOVE|myst-parser/files/docs/develop/contributing.md|code_block_fenced#2@1186-1221,break_restore_pair,0,BREAK,E4_FENCE_OPEN_CLOSE,middle,0.434910,close_break,2727,3,1218,1221,0,2727,30,321,0,8,4,337,0.123579,2.628530,4.506051
edit_write,49b6aadbd35328890b54131f7674e5aeba636eba3bc8c30d3ab95b2abf12830c,H4,178,229,4930,5430,5090,5650,false,rp1:05efb4758c2f870409cde7f249a89b55,myst-parser,myst-parser/files/docs/develop/contributing.md,G0-FENCE-CLOSER-REMOVE|myst-parser/files/docs/develop/contributing.md|code_block_fenced#2@1186-1221,break_restore_pair,0,BREAK,E4_FENCE_OPEN_CLOSE,middle,0.434910,close_break,2727,3,1218,1221,0,2727,30,321,0,8,4,337,0.123579,2.628530,4.506051
edit_write,4b62a0a92aba2f1d09268b10e729ab9350a8b8ac426adc9a78376b7ec4c51d95,H1,43,50,25716,31609,25752,31652,false,rp1:902013884bb4f7eb96c8401f6588d1b8,myst-parser,myst-parser/files/docs/develop/contributing.md,G0-LINK-DEST-BREAK|myst-parser/files/docs/develop/contributing.md|link_inline#4@1535-1627,single_step,0,SINGLE,E5_INLINE_DELIMITER,middle,0.562890,destination_break,2727,1,1551,1551,1,2727,30,321,0,8,4,337,0.123579,2.628530,4.506051
edit_write,4b62a0a92aba2f1d09268b10e729ab9350a8b8ac426adc9a78376b7ec4c51d95,H2,71,102,10084,11423,10196,11532,false,rp1:902013884bb4f7eb96c8401f6588d1b8,myst-parser,myst-parser/files/docs/develop/contributing.md,G0-LINK-DEST-BREAK|myst-parser/files/docs/develop/contributing.md|link_inline#4@1535-1627,single_step,0,SINGLE,E5_INLINE_DELIMITER,middle,0.562890,destination_break,2727,1,1551,1551,1,2727,30,321,0,8,4,337,0.123579,2.628530,4.506051
edit_write,4b62a0a92aba2f1d09268b10e729ab9350a8b8ac426adc9a78376b7ec4c51d95,H0,37,42,15177,23222,15212,23264,false,rp1:902013884bb4f7eb96c8401f6588d1b8,myst-parser,myst-parser/files/docs/develop/contributing.md,G0-LINK-DEST-BREAK|myst-parser/files/docs/develop/contributing.md|link_inline#4@1535-1627,single_step,0,SINGLE,E5_INLINE_DELIMITER,middle,0.562890,destination_break,2727,1,1551,1551,1,2727,30,321,0,8,4,337,0.123579,2.628530,4.506051
edit_write,4b62a0a92aba2f1d09268b10e729ab9350a8b8ac426adc9a78376b7ec4c51d95,H3,1561,1667,8182,9037,9754,10661,false,rp1:902013884bb4f7eb96c8401f6588d1b8,myst-parser,myst-parser/files/docs/develop/contributing.md,G0-LINK-DEST-BREAK|myst-parser/files/docs/develop/contributing.md|link_inline#4@1535-1627,single_step,0,SINGLE,E5_INLINE_DELIMITER,middle,0.562890,destination_break,2727,1,1551,1551,1,2727,30,321,0,8,4,337,0.123579,2.628530,4.506051
edit_write,4b62a0a92aba2f1d09268b10e729ab9350a8b8ac426adc9a78376b7ec4c51d95,H4,189,262,5379,5992,5550,6192,false,rp1:902013884bb4f7eb96c8401f6588d1b8,myst-parser,myst-parser/files/docs/develop/contributing.md,G0-LINK-DEST-BREAK|myst-parser/files/docs/develop/contributing.md|link_inline#4@1535-1627,single_step,0,SINGLE,E5_INLINE_DELIMITER,middle,0.562890,destination_break,2727,1,1551,1551,1,2727,30,321,0,8,4,337,0.123579,2.628530,4.506051
edit_write,4b826a44f455648d2f69ebcf0dc3643c118db5bf3217084be50ed4657dd54b9d,H1,43,50,5062,5484,5104,5528,false,rp1:6b0453e1349da099e729b439903d3f4f,opentelemetry-spec,opentelemetry-spec/files/specification/library-layout.md,G0-CODESPAN-DELIM-BREAK|opentelemetry-spec/files/specification/library-layout.md|code_span#13@2668-2683,break_restore_pair,0,BREAK,E5_INLINE_DELIMITER,late,0.906250,delimiter_break,2944,1,2668,2669,0,2944,40,330,2,0,0,367,0.124660,0.695652,0
edit_write,4b826a44f455648d2f69ebcf0dc3643c118db5bf3217084be50ed4657dd54b9d,H2,81,110,10177,15238,10252,15294,false,rp1:6b0453e1349da099e729b439903d3f4f,opentelemetry-spec,opentelemetry-spec/files/specification/library-layout.md,G0-CODESPAN-DELIM-BREAK|opentelemetry-spec/files/specification/library-layout.md|code_span#13@2668-2683,break_restore_pair,0,BREAK,E5_INLINE_DELIMITER,late,0.906250,delimiter_break,2944,1,2668,2669,0,2944,40,330,2,0,0,367,0.124660,0.695652,0
edit_write,4b826a44f455648d2f69ebcf0dc3643c118db5bf3217084be50ed4657dd54b9d,H0,41,56,18740,19949,18771,20008,false,rp1:6b0453e1349da099e729b439903d3f4f,opentelemetry-spec,opentelemetry-spec/files/specification/library-layout.md,G0-CODESPAN-DELIM-BREAK|opentelemetry-spec/files/specification/library-layout.md|code_span#13@2668-2683,break_restore_pair,0,BREAK,E5_INLINE_DELIMITER,late,0.906250,delimiter_break,2944,1,2668,2669,0,2944,40,330,2,0,0,367,0.124660,0.695652,0
edit_write,4b826a44f455648d2f69ebcf0dc3643c118db5bf3217084be50ed4657dd54b9d,H3,1395,1533,7109,7783,8496,9256,false,rp1:6b0453e1349da099e729b439903d3f4f,opentelemetry-spec,opentelemetry-spec/files/specification/library-layout.md,G0-CODESPAN-DELIM-BREAK|opentelemetry-spec/files/specification/library-layout.md|code_span#13@2668-2683,break_restore_pair,0,BREAK,E5_INLINE_DELIMITER,late,0.906250,delimiter_break,2944,1,2668,2669,0,2944,40,330,2,0,0,367,0.124660,0.695652,0
edit_write,4b826a44f455648d2f69ebcf0dc3643c118db5bf3217084be50ed4657dd54b9d,H4,205,258,4160,4457,4389,4694,false,rp1:6b0453e1349da099e729b439903d3f4f,opentelemetry-spec,opentelemetry-spec/files/specification/library-layout.md,G0-CODESPAN-DELIM-BREAK|opentelemetry-spec/files/specification/library-layout.md|code_span#13@2668-2683,break_restore_pair,0,BREAK,E5_INLINE_DELIMITER,late,0.906250,delimiter_break,2944,1,2668,2669,0,2944,40,330,2,0,0,367,0.124660,0.695652,0
edit_write,4c5a7e15f7f8feccd7204330a9683df015160df2d4aebd9867bce8138b6857b4,H1,50,65,43951,55711,44013,55753,false,rp1:4dcb7f9d37c4aa1f280e7b923e9c95d2,d2l-en,d2l-en/files/chapter_installation/index.md,G0-PARAGRAPH-MERGE|d2l-en/files/chapter_installation/index.md|paragraph#16@3159-3284,single_step,0,SINGLE,E2_PARAGRAPH_SPLIT_MERGE,middle,0.518379,merge,6094,2,3157,3159,1,6094,60,589,0,0,0,1227,0.201346,2.856580,0
edit_write,4c5a7e15f7f8feccd7204330a9683df015160df2d4aebd9867bce8138b6857b4,H2,90,108,15241,16681,15331,16768,false,rp1:4dcb7f9d37c4aa1f280e7b923e9c95d2,d2l-en,d2l-en/files/chapter_installation/index.md,G0-PARAGRAPH-MERGE|d2l-en/files/chapter_installation/index.md|paragraph#16@3159-3284,single_step,0,SINGLE,E2_PARAGRAPH_SPLIT_MERGE,middle,0.518379,merge,6094,2,3157,3159,1,6094,60,589,0,0,0,1227,0.201346,2.856580,0
edit_write,4c5a7e15f7f8feccd7204330a9683df015160df2d4aebd9867bce8138b6857b4,H0,36,48,31839,46259,31865,46296,false,rp1:4dcb7f9d37c4aa1f280e7b923e9c95d2,d2l-en,d2l-en/files/chapter_installation/index.md,G0-PARAGRAPH-MERGE|d2l-en/files/chapter_installation/index.md|paragraph#16@3159-3284,single_step,0,SINGLE,E2_PARAGRAPH_SPLIT_MERGE,middle,0.518379,merge,6094,2,3157,3159,1,6094,60,589,0,0,0,1227,0.201346,2.856580,0
edit_write,4c5a7e15f7f8feccd7204330a9683df015160df2d4aebd9867bce8138b6857b4,H3,1573,1713,11703,16748,13318,18230,false,rp1:4dcb7f9d37c4aa1f280e7b923e9c95d2,d2l-en,d2l-en/files/chapter_installation/index.md,G0-PARAGRAPH-MERGE|d2l-en/files/chapter_installation/index.md|paragraph#16@3159-3284,single_step,0,SINGLE,E2_PARAGRAPH_SPLIT_MERGE,middle,0.518379,merge,6094,2,3157,3159,1,6094,60,589,0,0,0,1227,0.201346,2.856580,0
edit_write,4c5a7e15f7f8feccd7204330a9683df015160df2d4aebd9867bce8138b6857b4,H4,330,398,6050,6577,6383,6935,false,rp1:4dcb7f9d37c4aa1f280e7b923e9c95d2,d2l-en,d2l-en/files/chapter_installation/index.md,G0-PARAGRAPH-MERGE|d2l-en/files/chapter_installation/index.md|paragraph#16@3159-3284,single_step,0,SINGLE,E2_PARAGRAPH_SPLIT_MERGE,middle,0.518379,merge,6094,2,3157,3159,1,6094,60,589,0,0,0,1227,0.201346,2.856580,0
edit_write,4d7cc1e0abffb84e63a7dd815adec78629f6fbb9186bf77681c46a756eafa8b7,H1,42,57,43849,45799,43890,45842,false,rp1:376ef214515b077cbaff1604d1286b8a,d2l-en,d2l-en/files/chapter_installation/index.md,G0-FENCE-CLOSER-REMOVE|d2l-en/files/chapter_installation/index.md|code_block_fenced#6@3086-3122,break_restore_pair,0,BREAK,E4_FENCE_OPEN_CLOSE,middle,0.506400,close_break,6094,3,3119,3122,0,6094,60,589,0,0,0,1227,0.201346,2.856580,0
edit_write,4d7cc1e0abffb84e63a7dd815adec78629f6fbb9186bf77681c46a756eafa8b7,H2,95,126,14648,16356,14727,16470,false,rp1:376ef214515b077cbaff1604d1286b8a,d2l-en,d2l-en/files/chapter_installation/index.md,G0-FENCE-CLOSER-REMOVE|d2l-en/files/chapter_installation/index.md|code_block_fenced#6@3086-3122,break_restore_pair,0,BREAK,E4_FENCE_OPEN_CLOSE,middle,0.506400,close_break,6094,3,3119,3122,0,6094,60,589,0,0,0,1227,0.201346,2.856580,0
edit_write,4d7cc1e0abffb84e63a7dd815adec78629f6fbb9186bf77681c46a756eafa8b7,H0,36,53,30364,32553,30409,32603,false,rp1:376ef214515b077cbaff1604d1286b8a,d2l-en,d2l-en/files/chapter_installation/index.md,G0-FENCE-CLOSER-REMOVE|d2l-en/files/chapter_installation/index.md|code_block_fenced#6@3086-3122,break_restore_pair,0,BREAK,E4_FENCE_OPEN_CLOSE,middle,0.506400,close_break,6094,3,3119,3122,0,6094,60,589,0,0,0,1227,0.201346,2.856580,0
edit_write,4d7cc1e0abffb84e63a7dd815adec78629f6fbb9186bf77681c46a756eafa8b7,H3,1587,1697,10684,11799,12303,13479,false,rp1:376ef214515b077cbaff1604d1286b8a,d2l-en,d2l-en/files/chapter_installation/index.md,G0-FENCE-CLOSER-REMOVE|d2l-en/files/chapter_installation/index.md|code_block_fenced#6@3086-3122,break_restore_pair,0,BREAK,E4_FENCE_OPEN_CLOSE,middle,0.506400,close_break,6094,3,3119,3122,0,6094,60,589,0,0,0,1227,0.201346,2.856580,0
edit_write,4d7cc1e0abffb84e63a7dd815adec78629f6fbb9186bf77681c46a756eafa8b7,H4,330,386,5653,6295,5988,6652,false,rp1:376ef214515b077cbaff1604d1286b8a,d2l-en,d2l-en/files/chapter_installation/index.md,G0-FENCE-CLOSER-REMOVE|d2l-en/files/chapter_installation/index.md|code_block_fenced#6@3086-3122,break_restore_pair,0,BREAK,E4_FENCE_OPEN_CLOSE,middle,0.506400,close_break,6094,3,3119,3122,0,6094,60,589,0,0,0,1227,0.201346,2.856580,0
edit_write,4dfad23125c9827e87678c5e6c79986b9c66c422ec8547a3f94cb1ae28ab212b,H1,44,54,69625,86868,69697,86953,false,rp1:a0462859b545ae6ec7945970db892570,oci-image,oci-image/files/considerations.md,G0-PARAGRAPH-SPLIT|oci-image/files/considerations.md|paragraph#22@3186-3579,single_step,0,SINGLE,E2_PARAGRAPH_SPLIT_MERGE,middle,0.506679,split,6288,2,3384,3385,2,6288,64,530,2,8,8,284,0.045165,1.628499,2.605598
edit_write,4dfad23125c9827e87678c5e6c79986b9c66c422ec8547a3f94cb1ae28ab212b,H2,102,142,18207,19733,18303,19837,false,rp1:a0462859b545ae6ec7945970db892570,oci-image,oci-image/files/considerations.md,G0-PARAGRAPH-SPLIT|oci-image/files/considerations.md|paragraph#22@3186-3579,single_step,0,SINGLE,E2_PARAGRAPH_SPLIT_MERGE,middle,0.506679,split,6288,2,3384,3385,2,6288,64,530,2,8,8,284,0.045165,1.628499,2.605598
edit_write,4dfad23125c9827e87678c5e6c79986b9c66c422ec8547a3f94cb1ae28ab212b,H0,37,51,43576,48003,43621,48030,false,rp1:a0462859b545ae6ec7945970db892570,oci-image,oci-image/files/considerations.md,G0-PARAGRAPH-SPLIT|oci-image/files/considerations.md|paragraph#22@3186-3579,single_step,0,SINGLE,E2_PARAGRAPH_SPLIT_MERGE,middle,0.506679,split,6288,2,3384,3385,2,6288,64,530,2,8,8,284,0.045165,1.628499,2.605598
edit_write,4dfad23125c9827e87678c5e6c79986b9c66c422ec8547a3f94cb1ae28ab212b,H3,2416,2690,14875,16138,17293,18846,false,rp1:a0462859b545ae6ec7945970db892570,oci-image,oci-image/files/considerations.md,G0-PARAGRAPH-SPLIT|oci-image/files/considerations.md|paragraph#22@3186-3579,single_step,0,SINGLE,E2_PARAGRAPH_SPLIT_MERGE,middle,0.506679,split,6288,2,3384,3385,2,6288,64,530,2,8,8,284,0.045165,1.628499,2.605598
edit_write,4dfad23125c9827e87678c5e6c79986b9c66c422ec8547a3f94cb1ae28ab212b,H4,407,468,8958,9707,9357,10183,false,rp1:a0462859b545ae6ec7945970db892570,oci-image,oci-image/files/considerations.md,G0-PARAGRAPH-SPLIT|oci-image/files/considerations.md|paragraph#22@3186-3579,single_step,0,SINGLE,E2_PARAGRAPH_SPLIT_MERGE,middle,0.506679,split,6288,2,3384,3385,2,6288,64,530,2,8,8,284,0.045165,1.628499,2.605598
edit_write,4e4b1e9fec00174dde8ee5f1632865fbe48e57e02b09ef206eb0b84054399d71,H1,43,50,25530,27500,25572,27546,false,rp1:8ce320ff8932e26baf261fb78187eaf0,myst-parser,myst-parser/files/docs/develop/contributing.md,G0-PARAGRAPH-MERGE|myst-parser/files/docs/develop/contributing.md|paragraph#7@1325-1646,single_step,0,SINGLE,E2_PARAGRAPH_SPLIT_MERGE,middle|late,0.485882,merge,2727,2,1323,1325,1,2727,30,321,0,8,4,337,0.123579,2.628530,4.506051
edit_write,4e4b1e9fec00174dde8ee5f1632865fbe48e57e02b09ef206eb0b84054399d71,H2,80,113,10759,11347,10863,11462,false,rp1:8ce320ff8932e26baf261fb78187eaf0,myst-parser,myst-parser/files/docs/develop/contributing.md,G0-PARAGRAPH-MERGE|myst-parser/files/docs/develop/contributing.md|paragraph#7@1325-1646,single_step,0,SINGLE,E2_PARAGRAPH_SPLIT_MERGE,middle|late,0.485882,merge,2727,2,1323,1325,1,2727,30,321,0,8,4,337,0.123579,2.628530,4.506051
edit_write,4e4b1e9fec00174dde8ee5f1632865fbe48e57e02b09ef206eb0b84054399d71,H0,32,41,15718,16970,15753,17005,false,rp1:8ce320ff8932e26baf261fb78187eaf0,myst-parser,myst-parser/files/docs/develop/contributing.md,G0-PARAGRAPH-MERGE|myst-parser/files/docs/develop/contributing.md|paragraph#7@1325-1646,single_step,0,SINGLE,E2_PARAGRAPH_SPLIT_MERGE,middle|late,0.485882,merge,2727,2,1323,1325,1,2727,30,321,0,8,4,337,0.123579,2.628530,4.506051
edit_write,4e4b1e9fec00174dde8ee5f1632865fbe48e57e02b09ef206eb0b84054399d71,H3,1295,1417,8834,9577,10155,11078,false,rp1:8ce320ff8932e26baf261fb78187eaf0,myst-parser,myst-parser/files/docs/develop/contributing.md,G0-PARAGRAPH-MERGE|myst-parser/files/docs/develop/contributing.md|paragraph#7@1325-1646,single_step,0,SINGLE,E2_PARAGRAPH_SPLIT_MERGE,middle|late,0.485882,merge,2727,2,1323,1325,1,2727,30,321,0,8,4,337,0.123579,2.628530,4.506051
edit_write,4e4b1e9fec00174dde8ee5f1632865fbe48e57e02b09ef206eb0b84054399d71,H4,187,232,6049,6601,6251,6801,false,rp1:8ce320ff8932e26baf261fb78187eaf0,myst-parser,myst-parser/files/docs/develop/contributing.md,G0-PARAGRAPH-MERGE|myst-parser/files/docs/develop/contributing.md|paragraph#7@1325-1646,single_step,0,SINGLE,E2_PARAGRAPH_SPLIT_MERGE,middle|late,0.485882,merge,2727,2,1323,1325,1,2727,30,321,0,8,4,337,0.123579,2.628530,4.506051
edit_write,4e9e64ce93c96dabe8c92dc99e576811469c2a5b27f7346b1653e682573531b9,H1,44,58,35540,43241,35573,43283,false,rp1:2624a1ecd566a547b2eba68d0f3fa426,rust-rfcs,rust-rfcs/files/text/1123-str-split-at.md,G0-LIST-ITEM-INDENT|rust-rfcs/files/text/1123-str-split-at.md|list_item#6@3006-3211,break_restore_pair,1,RESTORE,E3_CONTAINER_DEPTH,,,indent_restore,3433,2,3006,3008,0,3431,31,877,2,2,2,866,0.252405,0.298455,1.193821
edit_write,4e9e64ce93c96dabe8c92dc99e576811469c2a5b27f7346b1653e682573531b9,H2,82,131,14130,15655,14227,15773,false,rp1:2624a1ecd566a547b2eba68d0f3fa426,rust-rfcs,rust-rfcs/files/text/1123-str-split-at.md,G0-LIST-ITEM-INDENT|rust-rfcs/files/text/1123-str-split-at.md|list_item#6@3006-3211,break_restore_pair,1,RESTORE,E3_CONTAINER_DEPTH,,,indent_restore,3433,2,3006,3008,0,3431,31,877,2,2,2,866,0.252405,0.298455,1.193821
edit_write,4e9e64ce93c96dabe8c92dc99e576811469c2a5b27f7346b1653e682573531b9,H0,33,46,21043,22760,21089,22800,false,rp1:2624a1ecd566a547b2eba68d0f3fa426,rust-rfcs,rust-rfcs/files/text/1123-str-split-at.md,G0-LIST-ITEM-INDENT|rust-rfcs/files/text/1123-str-split-at.md|list_item#6@3006-3211,break_restore_pair,1,RESTORE,E3_CONTAINER_DEPTH,,,indent_restore,3433,2,3006,3008,0,3431,31,877,2,2,2,866,0.252405,0.298455,1.193821
edit_write,4e9e64ce93c96dabe8c92dc99e576811469c2a5b27f7346b1653e682573531b9,H3,1746,1918,11996,23254,13691,26375,false,rp1:2624a1ecd566a547b2eba68d0f3fa426,rust-rfcs,rust-rfcs/files/text/1123-str-split-at.md,G0-LIST-ITEM-INDENT|rust-rfcs/files/text/1123-str-split-at.md|list_item#6@3006-3211,break_restore_pair,1,RESTORE,E3_CONTAINER_DEPTH,,,indent_restore,3433,2,3006,3008,0,3431,31,877,2,2,2,866,0.252405,0.298455,1.193821
edit_write,4e9e64ce93c96dabe8c92dc99e576811469c2a5b27f7346b1653e682573531b9,H4,257,319,8312,9012,8578,9338,false,rp1:2624a1ecd566a547b2eba68d0f3fa426,rust-rfcs,rust-rfcs/files/text/1123-str-split-at.md,G0-LIST-ITEM-INDENT|rust-rfcs/files/text/1123-str-split-at.md|list_item#6@3006-3211,break_restore_pair,1,RESTORE,E3_CONTAINER_DEPTH,,,indent_restore,3433,2,3006,3008,0,3431,31,877,2,2,2,866,0.252405,0.298455,1.193821
edit_write,4e9f0007964bf4cf45c05402a1ec40066f154635c8fbc5983b3f6d2ae09657bb,H1,43,51,70298,80264,70341,80308,false,rp1:8dbebddda4f5c2ac960b35cb2ee05d47,oci-image,oci-image/files/considerations.md,G0-PARAGRAPH-SPLIT|oci-image/files/considerations.md|paragraph#5@644-727,single_step,0,SINGLE,E2_PARAGRAPH_SPLIT_MERGE,early,0.102417,split,6288,2,687,688,2,6288,64,530,2,8,8,284,0.045165,1.628499,2.605598
edit_write,4e9f0007964bf4cf45c05402a1ec40066f154635c8fbc5983b3f6d2ae09657bb,H2,95,125,20034,21737,20124,21853,false,rp1:8dbebddda4f5c2ac960b35cb2ee05d47,oci-image,oci-image/files/considerations.md,G0-PARAGRAPH-SPLIT|oci-image/files/considerations.md|paragraph#5@644-727,single_step,0,SINGLE,E2_PARAGRAPH_SPLIT_MERGE,early,0.102417,split,6288,2,687,688,2,6288,64,530,2,8,8,284,0.045165,1.628499,2.605598
edit_write,4e9f0007964bf4cf45c05402a1ec40066f154635c8fbc5983b3f6d2ae09657bb,H0,43,56,43389,60020,43418,60061,false,rp1:8dbebddda4f5c2ac960b35cb2ee05d47,oci-image,oci-image/files/considerations.md,G0-PARAGRAPH-SPLIT|oci-image/files/considerations.md|paragraph#5@644-727,single_step,0,SINGLE,E2_PARAGRAPH_SPLIT_MERGE,early,0.102417,split,6288,2,687,688,2,6288,64,530,2,8,8,284,0.045165,1.628499,2.605598
edit_write,4e9f0007964bf4cf45c05402a1ec40066f154635c8fbc5983b3f6d2ae09657bb,H3,2748,3006,16889,28697,19563,31595,false,rp1:8dbebddda4f5c2ac960b35cb2ee05d47,oci-image,oci-image/files/considerations.md,G0-PARAGRAPH-SPLIT|oci-image/files/considerations.md|paragraph#5@644-727,single_step,0,SINGLE,E2_PARAGRAPH_SPLIT_MERGE,early,0.102417,split,6288,2,687,688,2,6288,64,530,2,8,8,284,0.045165,1.628499,2.605598
edit_write,4e9f0007964bf4cf45c05402a1ec40066f154635c8fbc5983b3f6d2ae09657bb,H4,494,554,10708,11694,11206,12216,false,rp1:8dbebddda4f5c2ac960b35cb2ee05d47,oci-image,oci-image/files/considerations.md,G0-PARAGRAPH-SPLIT|oci-image/files/considerations.md|paragraph#5@644-727,single_step,0,SINGLE,E2_PARAGRAPH_SPLIT_MERGE,early,0.102417,split,6288,2,687,688,2,6288,64,530,2,8,8,284,0.045165,1.628499,2.605598
edit_write,4ea88ea74c31dfb4705eabd58b1f8fa6c0f19b7c7e93fd74eaed18d654bfeff5,H1,44,48,5182,5979,5227,6022,false,rp1:9da89198e24e995d3ff39cf9db6ae85d,d2l-en,d2l-en/files/chapter_appendix-tools-for-deep-learning/utils.md,G0-PARAGRAPH-SPLIT|d2l-en/files/chapter_appendix-tools-for-deep-learning/utils.md|paragraph#10@29854-29885,single_step,0,SINGLE,E2_PARAGRAPH_SPLIT_MERGE,middle|late,0.664693,split,44914,2,29866,29867,2,44914,39,4363,0,0,0,43880,0.976978,0.615576,0
edit_write,4ea88ea74c31dfb4705eabd58b1f8fa6c0f19b7c7e93fd74eaed18d654bfeff5,H2,99,138,11357,12015,11452,12118,true,rp1:9da89198e24e995d3ff39cf9db6ae85d,d2l-en,d2l-en/files/chapter_appendix-tools-for-deep-learning/utils.md,G0-PARAGRAPH-SPLIT|d2l-en/files/chapter_appendix-tools-for-deep-learning/utils.md|paragraph#10@29854-29885,single_step,0,SINGLE,E2_PARAGRAPH_SPLIT_MERGE,middle|late,0.664693,split,44914,2,29866,29867,2,44914,39,4363,0,0,0,43880,0.976978,0.615576,0
edit_write,4ea88ea74c31dfb4705eabd58b1f8fa6c0f19b7c7e93fd74eaed18d654bfeff5,H0,43,55,53242,78764,53269,78802,true,rp1:9da89198e24e995d3ff39cf9db6ae85d,d2l-en,d2l-en/files/chapter_appendix-tools-for-deep-learning/utils.md,G0-PARAGRAPH-SPLIT|d2l-en/files/chapter_appendix-tools-for-deep-learning/utils.md|paragraph#10@29854-29885,single_step,0,SINGLE,E2_PARAGRAPH_SPLIT_MERGE,middle|late,0.664693,split,44914,2,29866,29867,2,44914,39,4363,0,0,0,43880,0.976978,0.615576,0
edit_write,4ea88ea74c31dfb4705eabd58b1f8fa6c0f19b7c7e93fd74eaed18d654bfeff5,H3,1189,1313,8119,8731,9313,10065,false,rp1:9da89198e24e995d3ff39cf9db6ae85d,d2l-en,d2l-en/files/chapter_appendix-tools-for-deep-learning/utils.md,G0-PARAGRAPH-SPLIT|d2l-en/files/chapter_appendix-tools-for-deep-learning/utils.md|paragraph#10@29854-29885,single_step,0,SINGLE,E2_PARAGRAPH_SPLIT_MERGE,middle|late,0.664693,split,44914,2,29866,29867,2,44914,39,4363,0,0,0,43880,0.976978,0.615576,0
edit_write,4ea88ea74c31dfb4705eabd58b1f8fa6c0f19b7c7e93fd74eaed18d654bfeff5,H4,221,253,4469,7707,4683,8090,true,rp1:9da89198e24e995d3ff39cf9db6ae85d,d2l-en,d2l-en/files/chapter_appendix-tools-for-deep-learning/utils.md,G0-PARAGRAPH-SPLIT|d2l-en/files/chapter_appendix-tools-for-deep-learning/utils.md|paragraph#10@29854-29885,single_step,0,SINGLE,E2_PARAGRAPH_SPLIT_MERGE,middle|late,0.664693,split,44914,2,29866,29867,2,44914,39,4363,0,0,0,43880,0.976978,0.615576,0
edit_write,4f6818ef7f601be48949040636a77b681ac39e8b976f3f6c7f29861ccc7fc609,H1,51,74,21436,23379,21505,23440,false,rp1:f2b198405f3a2e3ef5cf19795ff18565,owasp-cheatsheets,owasp-cheatsheets/files/cheatsheets/Email_Validation_and_Verification_Cheat_Sheet.md,G0-PARAGRAPH-SPLIT|owasp-cheatsheets/files/cheatsheets/Email_Validation_and_Verification_Cheat_Sheet.md|paragraph#32@2521-2675,single_step,0,SINGLE,E2_PARAGRAPH_SPLIT_MERGE,middle,0.491519,split,5129,2,2599,2600,2,5129,98,247,4,0,0,0,0,0,0
edit_write,4f6818ef7f601be48949040636a77b681ac39e8b976f3f6c7f29861ccc7fc609,H2,104,135,19806,21295,19924,21432,false,rp1:f2b198405f3a2e3ef5cf19795ff18565,owasp-cheatsheets,owasp-cheatsheets/files/cheatsheets/Email_Validation_and_Verification_Cheat_Sheet.md,G0-PARAGRAPH-SPLIT|owasp-cheatsheets/files/cheatsheets/Email_Validation_and_Verification_Cheat_Sheet.md|paragraph#32@2521-2675,single_step,0,SINGLE,E2_PARAGRAPH_SPLIT_MERGE,middle,0.491519,split,5129,2,2599,2600,2,5129,98,247,4,0,0,0,0,0,0
edit_write,4f6818ef7f601be48949040636a77b681ac39e8b976f3f6c7f29861ccc7fc609,H0,35,54,55000,67969,55035,68013,false,rp1:f2b198405f3a2e3ef5cf19795ff18565,owasp-cheatsheets,owasp-cheatsheets/files/cheatsheets/Email_Validation_and_Verification_Cheat_Sheet.md,G0-PARAGRAPH-SPLIT|owasp-cheatsheets/files/cheatsheets/Email_Validation_and_Verification_Cheat_Sheet.md|paragraph#32@2521-2675,single_step,0,SINGLE,E2_PARAGRAPH_SPLIT_MERGE,middle,0.491519,split,5129,2,2599,2600,2,5129,98,247,4,0,0,0,0,0,0
edit_write,4f6818ef7f601be48949040636a77b681ac39e8b976f3f6c7f29861ccc7fc609,H3,3220,3598,16056,17862,19349,21283,false,rp1:f2b198405f3a2e3ef5cf19795ff18565,owasp-cheatsheets,owasp-cheatsheets/files/cheatsheets/Email_Validation_and_Verification_Cheat_Sheet.md,G0-PARAGRAPH-SPLIT|owasp-cheatsheets/files/cheatsheets/Email_Validation_and_Verification_Cheat_Sheet.md|paragraph#32@2521-2675,single_step,0,SINGLE,E2_PARAGRAPH_SPLIT_MERGE,middle,0.491519,split,5129,2,2599,2600,2,5129,98,247,4,0,0,0,0,0,0
edit_write,4f6818ef7f601be48949040636a77b681ac39e8b976f3f6c7f29861ccc7fc609,H4,515,606,11089,12002,11613,12530,false,rp1:f2b198405f3a2e3ef5cf19795ff18565,owasp-cheatsheets,owasp-cheatsheets/files/cheatsheets/Email_Validation_and_Verification_Cheat_Sheet.md,G0-PARAGRAPH-SPLIT|owasp-cheatsheets/files/cheatsheets/Email_Validation_and_Verification_Cheat_Sheet.md|paragraph#32@2521-2675,single_step,0,SINGLE,E2_PARAGRAPH_SPLIT_MERGE,middle,0.491519,split,5129,2,2599,2600,2,5129,98,247,4,0,0,0,0,0,0
edit_write,508e05b37bdb9812e0ddf1f0113538b0d684de7fcc78901175e60121154504cd,H1,44,50,37535,51553,37579,51600,false,rp1:446004e95c826aeb9a7a78f59c2cf120,rust-book,rust-book/files/src/appendix-06-translation.md,G0-REFDEF-REMOVE|rust-book/files/src/appendix-06-translation.md|reference_definition#0@201-294,break_restore_pair,1,RESTORE,E6_REFERENCE_DEFINITION,,,definition_restore,1897,94,201,201,94,1991,28,167,2,1,1,0,0,0,1.028629
edit_write,508e05b37bdb9812e0ddf1f0113538b0d684de7fcc78901175e60121154504cd,H2,89,113,39299,52765,39410,52874,false,rp1:446004e95c826aeb9a7a78f59c2cf120,rust-book,rust-book/files/src/appendix-06-translation.md,G0-REFDEF-REMOVE|rust-book/files/src/appendix-06-translation.md|reference_definition#0@201-294,break_restore_pair,1,RESTORE,E6_REFERENCE_DEFINITION,,,definition_restore,1897,94,201,201,94,1991,28,167,2,1,1,0,0,0,1.028629
edit_write,508e05b37bdb9812e0ddf1f0113538b0d684de7fcc78901175e60121154504cd,H0,45,55,23578,28744,23618,28775,false,rp1:446004e95c826aeb9a7a78f59c2cf120,rust-book,rust-book/files/src/appendix-06-translation.md,G0-REFDEF-REMOVE|rust-book/files/src/appendix-06-translation.md|reference_definition#0@201-294,break_restore_pair,1,RESTORE,E6_REFERENCE_DEFINITION,,,definition_restore,1897,94,201,201,94,1991,28,167,2,1,1,0,0,0,1.028629
edit_write,508e05b37bdb9812e0ddf1f0113538b0d684de7fcc78901175e60121154504cd,H3,849,933,38938,51656,39811,52622,false,rp1:446004e95c826aeb9a7a78f59c2cf120,rust-book,rust-book/files/src/appendix-06-translation.md,G0-REFDEF-REMOVE|rust-book/files/src/appendix-06-translation.md|reference_definition#0@201-294,break_restore_pair,1,RESTORE,E6_REFERENCE_DEFINITION,,,definition_restore,1897,94,201,201,94,1991,28,167,2,1,1,0,0,0,1.028629
edit_write,508e05b37bdb9812e0ddf1f0113538b0d684de7fcc78901175e60121154504cd,H4,113,156,36619,50173,36714,50277,false,rp1:446004e95c826aeb9a7a78f59c2cf120,rust-book,rust-book/files/src/appendix-06-translation.md,G0-REFDEF-REMOVE|rust-book/files/src/appendix-06-translation.md|reference_definition#0@201-294,break_restore_pair,1,RESTORE,E6_REFERENCE_DEFINITION,,,definition_restore,1897,94,201,201,94,1991,28,167,2,1,1,0,0,0,1.028629
edit_write,512a786ff7c82deb2faea2103d96aaec6f1c40ec667fb89e46ea2056a4ec3976,H1,40,54,7120,7595,7159,7634,false,rp1:614693b8be8f20a947923023839e8098,crafting-interpreters,crafting-interpreters/files/note/answers/chapter13_inheritance/1.md,G0-LOCAL-TEXT-REPLACE-EQ|crafting-interpreters/files/note/answers/chapter13_inheritance/1.md|text#38@8577-8636,single_step,0,SINGLE,E1_LOCAL_TEXT,late,0.916346,replace_eq,9360,8,8604,8612,8,9360,49,759,2,0,0,5228,0.558547,2.188034,0
edit_write,512a786ff7c82deb2faea2103d96aaec6f1c40ec667fb89e46ea2056a4ec3976,H2,76,125,12380,13556,12489,13623,false,rp1:614693b8be8f20a947923023839e8098,crafting-interpreters,crafting-interpreters/files/note/answers/chapter13_inheritance/1.md,G0-LOCAL-TEXT-REPLACE-EQ|crafting-interpreters/files/note/answers/chapter13_inheritance/1.md|text#38@8577-8636,single_step,0,SINGLE,E1_LOCAL_TEXT,late,0.916346,replace_eq,9360,8,8604,8612,8,9360,49,759,2,0,0,5228,0.558547,2.188034,0
edit_write,512a786ff7c82deb2faea2103d96aaec6f1c40ec667fb89e46ea2056a4ec3976,H0,35,50,27383,29339,27417,29389,false,rp1:614693b8be8f20a947923023839e8098,crafting-interpreters,crafting-interpreters/files/note/answers/chapter13_inheritance/1.md,G0-LOCAL-TEXT-REPLACE-EQ|crafting-interpreters/files/note/answers/chapter13_inheritance/1.md|text#38@8577-8636,single_step,0,SINGLE,E1_LOCAL_TEXT,late,0.916346,replace_eq,9360,8,8604,8612,8,9360,49,759,2,0,0,5228,0.558547,2.188034,0
edit_write,512a786ff7c82deb2faea2103d96aaec6f1c40ec667fb89e46ea2056a4ec3976,H3,1684,1805,8898,9460,10585,11272,false,rp1:614693b8be8f20a947923023839e8098,crafting-interpreters,crafting-interpreters/files/note/answers/chapter13_inheritance/1.md,G0-LOCAL-TEXT-REPLACE-EQ|crafting-interpreters/files/note/answers/chapter13_inheritance/1.md|text#38@8577-8636,single_step,0,SINGLE,E1_LOCAL_TEXT,late,0.916346,replace_eq,9360,8,8604,8612,8,9360,49,759,2,0,0,5228,0.558547,2.188034,0
edit_write,512a786ff7c82deb2faea2103d96aaec6f1c40ec667fb89e46ea2056a4ec3976,H4,263,298,5192,5619,5478,5943,false,rp1:614693b8be8f20a947923023839e8098,crafting-interpreters,crafting-interpreters/files/note/answers/chapter13_inheritance/1.md,G0-LOCAL-TEXT-REPLACE-EQ|crafting-interpreters/files/note/answers/chapter13_inheritance/1.md|text#38@8577-8636,single_step,0,SINGLE,E1_LOCAL_TEXT,late,0.916346,replace_eq,9360,8,8604,8612,8,9360,49,759,2,0,0,5228,0.558547,2.188034,0
edit_write,51cfe4c222a1c2163de7729f438081a13a7daeec2cdfcade67c54c8a61666a7a,H1,40,48,15429,16518,15456,16553,false,rp1:d86f5e57bc4d9a2521e967245b088e94,rust-book,rust-book/files/src/appendix-05-editions.md,G0-LOCAL-TEXT-REPLACE-EQ|rust-book/files/src/appendix-05-editions.md|text#19@2786-2808,single_step,0,SINGLE,E1_LOCAL_TEXT,late,0.906016,replace_eq,3075,7,2795,2802,7,3075,15,480,2,1,1,0,0,0,0.666016
edit_write,51cfe4c222a1c2163de7729f438081a13a7daeec2cdfcade67c54c8a61666a7a,H2,74,114,5919,6336,6026,6442,false,rp1:d86f5e57bc4d9a2521e967245b088e94,rust-book,rust-book/files/src/appendix-05-editions.md,G0-LOCAL-TEXT-REPLACE-EQ|rust-book/files/src/appendix-05-editions.md|text#19@2786-2808,single_step,0,SINGLE,E1_LOCAL_TEXT,late,0.906016,replace_eq,3075,7,2795,2802,7,3075,15,480,2,1,1,0,0,0,0.666016
edit_write,51cfe4c222a1c2163de7729f438081a13a7daeec2cdfcade67c54c8a61666a7a,H0,30,50,11386,23161,11413,23217,false,rp1:d86f5e57bc4d9a2521e967245b088e94,rust-book,rust-book/files/src/appendix-05-editions.md,G0-LOCAL-TEXT-REPLACE-EQ|rust-book/files/src/appendix-05-editions.md|text#19@2786-2808,single_step,0,SINGLE,E1_LOCAL_TEXT,late,0.906016,replace_eq,3075,7,2795,2802,7,3075,15,480,2,1,1,0,0,0,0.666016
edit_write,51cfe4c222a1c2163de7729f438081a13a7daeec2cdfcade67c54c8a61666a7a,H3,936,1077,4834,5417,5768,6487,false,rp1:d86f5e57bc4d9a2521e967245b088e94,rust-book,rust-book/files/src/appendix-05-editions.md,G0-LOCAL-TEXT-REPLACE-EQ|rust-book/files/src/appendix-05-editions.md|text#19@2786-2808,single_step,0,SINGLE,E1_LOCAL_TEXT,late,0.906016,replace_eq,3075,7,2795,2802,7,3075,15,480,2,1,1,0,0,0,0.666016
edit_write,51cfe4c222a1c2163de7729f438081a13a7daeec2cdfcade67c54c8a61666a7a,H4,112,146,3079,3455,3178,3594,false,rp1:d86f5e57bc4d9a2521e967245b088e94,rust-book,rust-book/files/src/appendix-05-editions.md,G0-LOCAL-TEXT-REPLACE-EQ|rust-book/files/src/appendix-05-editions.md|text#19@2786-2808,single_step,0,SINGLE,E1_LOCAL_TEXT,late,0.906016,replace_eq,3075,7,2795,2802,7,3075,15,480,2,1,1,0,0,0,0.666016
edit_write,53672ac14c6d1f8f3477fe2f3066246dffa3c4d4bd6e227bd2118d7d705ababa,H1,47,65,13482,14429,13546,14493,false,rp1:3b35d86115275ab30985375aecae67df,owasp-cheatsheets,owasp-cheatsheets/files/cheatsheets/Email_Validation_and_Verification_Cheat_Sheet.md,G0-PARAGRAPH-SPLIT|owasp-cheatsheets/files/cheatsheets/Email_Validation_and_Verification_Cheat_Sheet.md|paragraph#65@4591-4706,single_step,0,SINGLE,E2_PARAGRAPH_SPLIT_MERGE,late,0.895106,split,5129,2,4647,4648,2,5129,98,247,4,0,0,0,0,0,0
edit_write,53672ac14c6d1f8f3477fe2f3066246dffa3c4d4bd6e227bd2118d7d705ababa,H2,101,130,22879,24901,22989,25023,false,rp1:3b35d86115275ab30985375aecae67df,owasp-cheatsheets,owasp-cheatsheets/files/cheatsheets/Email_Validation_and_Verification_Cheat_Sheet.md,G0-PARAGRAPH-SPLIT|owasp-cheatsheets/files/cheatsheets/Email_Validation_and_Verification_Cheat_Sheet.md|paragraph#65@4591-4706,single_step,0,SINGLE,E2_PARAGRAPH_SPLIT_MERGE,late,0.895106,split,5129,2,4647,4648,2,5129,98,247,4,0,0,0,0,0,0
edit_write,53672ac14c6d1f8f3477fe2f3066246dffa3c4d4bd6e227bd2118d7d705ababa,H0,36,50,56368,71004,56403,71051,false,rp1:3b35d86115275ab30985375aecae67df,owasp-cheatsheets,owasp-cheatsheets/files/cheatsheets/Email_Validation_and_Verification_Cheat_Sheet.md,G0-PARAGRAPH-SPLIT|owasp-cheatsheets/files/cheatsheets/Email_Validation_and_Verification_Cheat_Sheet.md|paragraph#65@4591-4706,single_step,0,SINGLE,E2_PARAGRAPH_SPLIT_MERGE,late,0.895106,split,5129,2,4647,4648,2,5129,98,247,4,0,0,0,0,0,0
edit_write,53672ac14c6d1f8f3477fe2f3066246dffa3c4d4bd6e227bd2118d7d705ababa,H3,3532,3831,18499,30163,21994,33824,false,rp1:3b35d86115275ab30985375aecae67df,owasp-cheatsheets,owasp-cheatsheets/files/cheatsheets/Email_Validation_and_Verification_Cheat_Sheet.md,G0-PARAGRAPH-SPLIT|owasp-cheatsheets/files/cheatsheets/Email_Validation_and_Verification_Cheat_Sheet.md|paragraph#65@4591-4706,single_step,0,SINGLE,E2_PARAGRAPH_SPLIT_MERGE,late,0.895106,split,5129,2,4647,4648,2,5129,98,247,4,0,0,0,0,0,0
edit_write,53672ac14c6d1f8f3477fe2f3066246dffa3c4d4bd6e227bd2118d7d705ababa,H4,475,546,14177,15973,14687,16410,false,rp1:3b35d86115275ab30985375aecae67df,owasp-cheatsheets,owasp-cheatsheets/files/cheatsheets/Email_Validation_and_Verification_Cheat_Sheet.md,G0-PARAGRAPH-SPLIT|owasp-cheatsheets/files/cheatsheets/Email_Validation_and_Verification_Cheat_Sheet.md|paragraph#65@4591-4706,single_step,0,SINGLE,E2_PARAGRAPH_SPLIT_MERGE,late,0.895106,split,5129,2,4647,4648,2,5129,98,247,4,0,0,0,0,0,0
edit_write,53d066a1f7ca062e95a52e26ac70cc6fbeaf0f627be1fe7eef7800d9cd50cc25,H1,44,53,33530,39409,33576,39454,false,rp1:5fb73323bb886bf8d1e6ba9a85881ced,rust-rfcs,rust-rfcs/files/text/0404-change-prefer-dynamic.md,G0-CODESPAN-DELIM-BREAK|rust-rfcs/files/text/0404-change-prefer-dynamic.md|code_span#0@393-412,break_restore_pair,1,RESTORE,E5_INLINE_DELIMITER,,,delimiter_restore,6861,1,393,393,1,6862,34,901,2,1,1,889,0.129554,0.149228,0.298455
edit_write,53d066a1f7ca062e95a52e26ac70cc6fbeaf0f627be1fe7eef7800d9cd50cc25,H2,70,115,8952,9914,9029,10002,false,rp1:5fb73323bb886bf8d1e6ba9a85881ced,rust-rfcs,rust-rfcs/files/text/0404-change-prefer-dynamic.md,G0-CODESPAN-DELIM-BREAK|rust-rfcs/files/text/0404-change-prefer-dynamic.md|code_span#0@393-412,break_restore_pair,1,RESTORE,E5_INLINE_DELIMITER,,,delimiter_restore,6861,1,393,393,1,6862,34,901,2,1,1,889,0.129554,0.149228,0.298455
edit_write,53d066a1f7ca062e95a52e26ac70cc6fbeaf0f627be1fe7eef7800d9cd50cc25,H0,37,50,24182,24720,24227,24771,false,rp1:5fb73323bb886bf8d1e6ba9a85881ced,rust-rfcs,rust-rfcs/files/text/0404-change-prefer-dynamic.md,G0-CODESPAN-DELIM-BREAK|rust-rfcs/files/text/0404-change-prefer-dynamic.md|code_span#0@393-412,break_restore_pair,1,RESTORE,E5_INLINE_DELIMITER,,,delimiter_restore,6861,1,393,393,1,6862,34,901,2,1,1,889,0.129554,0.149228,0.298455
edit_write,53d066a1f7ca062e95a52e26ac70cc6fbeaf0f627be1fe7eef7800d9cd50cc25,H3,1247,1366,6708,7246,7973,8597,false,rp1:5fb73323bb886bf8d1e6ba9a85881ced,rust-rfcs,rust-rfcs/files/text/0404-change-prefer-dynamic.md,G0-CODESPAN-DELIM-BREAK|rust-rfcs/files/text/0404-change-prefer-dynamic.md|code_span#0@393-412,break_restore_pair,1,RESTORE,E5_INLINE_DELIMITER,,,delimiter_restore,6861,1,393,393,1,6862,34,901,2,1,1,889,0.129554,0.149228,0.298455
edit_write,53d066a1f7ca062e95a52e26ac70cc6fbeaf0f627be1fe7eef7800d9cd50cc25,H4,196,237,4333,4689,4526,4906,false,rp1:5fb73323bb886bf8d1e6ba9a85881ced,rust-rfcs,rust-rfcs/files/text/0404-change-prefer-dynamic.md,G0-CODESPAN-DELIM-BREAK|rust-rfcs/files/text/0404-change-prefer-dynamic.md|code_span#0@393-412,break_restore_pair,1,RESTORE,E5_INLINE_DELIMITER,,,delimiter_restore,6861,1,393,393,1,6862,34,901,2,1,1,889,0.129554,0.149228,0.298455
edit_write,5613d6b9bcd76a454999eb6b55b2c980c7d80a31899117c92a6d15c54e955851,H1,44,48,32457,44321,32494,44356,false,rp1:732ee53603b839019a8114414ed1b972,rust-rfcs,rust-rfcs/files/text/1123-str-split-at.md,G0-REFDEF-REMOVE|rust-rfcs/files/text/1123-str-split-at.md|reference_definition#1@3213-3266,break_restore_pair,0,BREAK,E6_REFERENCE_DEFINITION,late,0.936462,definition_remove,3431,54,3213,3267,0,3431,31,877,2,2,2,866,0.252405,0.298455,1.193821
edit_write,5613d6b9bcd76a454999eb6b55b2c980c7d80a31899117c92a6d15c54e955851,H2,111,142,25560,27654,25668,27775,false,rp1:732ee53603b839019a8114414ed1b972,rust-rfcs,rust-rfcs/files/text/1123-str-split-at.md,G0-REFDEF-REMOVE|rust-rfcs/files/text/1123-str-split-at.md|reference_definition#1@3213-3266,break_restore_pair,0,BREAK,E6_REFERENCE_DEFINITION,late,0.936462,definition_remove,3431,54,3213,3267,0,3431,31,877,2,2,2,866,0.252405,0.298455,1.193821
edit_write,5613d6b9bcd76a454999eb6b55b2c980c7d80a31899117c92a6d15c54e955851,H0,33,49,20733,22266,20771,22321,false,rp1:732ee53603b839019a8114414ed1b972,rust-rfcs,rust-rfcs/files/text/1123-str-split-at.md,G0-REFDEF-REMOVE|rust-rfcs/files/text/1123-str-split-at.md|reference_definition#1@3213-3266,break_restore_pair,0,BREAK,E6_REFERENCE_DEFINITION,late,0.936462,definition_remove,3431,54,3213,3267,0,3431,31,877,2,2,2,866,0.252405,0.298455,1.193821
edit_write,5613d6b9bcd76a454999eb6b55b2c980c7d80a31899117c92a6d15c54e955851,H3,1583,1694,28608,29604,30275,31198,false,rp1:732ee53603b839019a8114414ed1b972,rust-rfcs,rust-rfcs/files/text/1123-str-split-at.md,G0-REFDEF-REMOVE|rust-rfcs/files/text/1123-str-split-at.md|reference_definition#1@3213-3266,break_restore_pair,0,BREAK,E6_REFERENCE_DEFINITION,late,0.936462,definition_remove,3431,54,3213,3267,0,3431,31,877,2,2,2,866,0.252405,0.298455,1.193821
edit_write,5613d6b9bcd76a454999eb6b55b2c980c7d80a31899117c92a6d15c54e955851,H4,227,272,31730,45465,31949,45685,false,rp1:732ee53603b839019a8114414ed1b972,rust-rfcs,rust-rfcs/files/text/1123-str-split-at.md,G0-REFDEF-REMOVE|rust-rfcs/files/text/1123-str-split-at.md|reference_definition#1@3213-3266,break_restore_pair,0,BREAK,E6_REFERENCE_DEFINITION,late,0.936462,definition_remove,3431,54,3213,3267,0,3431,31,877,2,2,2,866,0.252405,0.298455,1.193821
edit_write,5615175154648d607de146c144558fe18afed0df81d9416e6466c388928da40e,H1,43,50,8875,9412,8915,9470,false,rp1:677a15201aa7ccf4f1aea848275ccca7,opentelemetry-spec,opentelemetry-spec/files/specification/library-layout.md,G0-CODESPAN-DELIM-BREAK|opentelemetry-spec/files/specification/library-layout.md|code_span#6@1377-1392,break_restore_pair,1,RESTORE,E5_INLINE_DELIMITER,,,delimiter_restore,2943,1,1377,1377,1,2944,40,330,2,0,0,367,0.124660,0.695652,0
edit_write,5615175154648d607de146c144558fe18afed0df81d9416e6466c388928da40e,H2,102,140,10297,11014,10355,11106,false,rp1:677a15201aa7ccf4f1aea848275ccca7,opentelemetry-spec,opentelemetry-spec/files/specification/library-layout.md,G0-CODESPAN-DELIM-BREAK|opentelemetry-spec/files/specification/library-layout.md|code_span#6@1377-1392,break_restore_pair,1,RESTORE,E5_INLINE_DELIMITER,,,delimiter_restore,2943,1,1377,1377,1,2944,40,330,2,0,0,367,0.124660,0.695652,0
edit_write,5615175154648d607de146c144558fe18afed0df81d9416e6466c388928da40e,H0,45,55,18205,19306,18254,19358,false,rp1:677a15201aa7ccf4f1aea848275ccca7,opentelemetry-spec,opentelemetry-spec/files/specification/library-layout.md,G0-CODESPAN-DELIM-BREAK|opentelemetry-spec/files/specification/library-layout.md|code_span#6@1377-1392,break_restore_pair,1,RESTORE,E5_INLINE_DELIMITER,,,delimiter_restore,2943,1,1377,1377,1,2944,40,330,2,0,0,367,0.124660,0.695652,0
edit_write,5615175154648d607de146c144558fe18afed0df81d9416e6466c388928da40e,H3,1307,1404,7207,7750,8474,9102,false,rp1:677a15201aa7ccf4f1aea848275ccca7,opentelemetry-spec,opentelemetry-spec/files/specification/library-layout.md,G0-CODESPAN-DELIM-BREAK|opentelemetry-spec/files/specification/library-layout.md|code_span#6@1377-1392,break_restore_pair,1,RESTORE,E5_INLINE_DELIMITER,,,delimiter_restore,2943,1,1377,1377,1,2944,40,330,2,0,0,367,0.124660,0.695652,0
edit_write,5615175154648d607de146c144558fe18afed0df81d9416e6466c388928da40e,H4,190,236,3875,4290,4058,4518,false,rp1:677a15201aa7ccf4f1aea848275ccca7,opentelemetry-spec,opentelemetry-spec/files/specification/library-layout.md,G0-CODESPAN-DELIM-BREAK|opentelemetry-spec/files/specification/library-layout.md|code_span#6@1377-1392,break_restore_pair,1,RESTORE,E5_INLINE_DELIMITER,,,delimiter_restore,2943,1,1377,1377,1,2944,40,330,2,0,0,367,0.124660,0.695652,0
edit_write,579341567a9113e064712c8c9fb834b4093e98057c46754a21f674e3d68acfbb,H1,45,62,48106,55333,48162,55383,false,rp1:79210a0e339fc15f7dc317597ce0c7d0,rust-book,rust-book/files/src/appendix-06-translation.md,G0-LIST-ITEM-INDENT|rust-book/files/src/appendix-06-translation.md|list_item#22@1796-1857,break_restore_pair,0,BREAK,E3_CONTAINER_DEPTH,late,0.902059,indent_deepen,1991,2,1796,1796,2,1991,28,167,2,1,1,0,0,0,1.028629
edit_write,579341567a9113e064712c8c9fb834b4093e98057c46754a21f674e3d68acfbb,H2,106,123,38339,58162,38455,58242,false,rp1:79210a0e339fc15f7dc317597ce0c7d0,rust-book,rust-book/files/src/appendix-06-translation.md,G0-LIST-ITEM-INDENT|rust-book/files/src/appendix-06-translation.md|list_item#22@1796-1857,break_restore_pair,0,BREAK,E3_CONTAINER_DEPTH,late,0.902059,indent_deepen,1991,2,1796,1796,2,1991,28,167,2,1,1,0,0,0,1.028629
edit_write,579341567a9113e064712c8c9fb834b4093e98057c46754a21f674e3d68acfbb,H0,36,51,23808,35120,23846,35157,false,rp1:79210a0e339fc15f7dc317597ce0c7d0,rust-book,rust-book/files/src/appendix-06-translation.md,G0-LIST-ITEM-INDENT|rust-book/files/src/appendix-06-translation.md|list_item#22@1796-1857,break_restore_pair,0,BREAK,E3_CONTAINER_DEPTH,late,0.902059,indent_deepen,1991,2,1796,1796,2,1991,28,167,2,1,1,0,0,0,1.028629
edit_write,579341567a9113e064712c8c9fb834b4093e98057c46754a21f674e3d68acfbb,H3,2345,2548,37574,50519,39892,52925,false,rp1:79210a0e339fc15f7dc317597ce0c7d0,rust-book,rust-book/files/src/appendix-06-translation.md,G0-LIST-ITEM-INDENT|rust-book/files/src/appendix-06-translation.md|list_item#22@1796-1857,break_restore_pair,0,BREAK,E3_CONTAINER_DEPTH,late,0.902059,indent_deepen,1991,2,1796,1796,2,1991,28,167,2,1,1,0,0,0,1.028629
edit_write,579341567a9113e064712c8c9fb834b4093e98057c46754a21f674e3d68acfbb,H4,339,406,35381,47175,35689,47555,false,rp1:79210a0e339fc15f7dc317597ce0c7d0,rust-book,rust-book/files/src/appendix-06-translation.md,G0-LIST-ITEM-INDENT|rust-book/files/src/appendix-06-translation.md|list_item#22@1796-1857,break_restore_pair,0,BREAK,E3_CONTAINER_DEPTH,late,0.902059,indent_deepen,1991,2,1796,1796,2,1991,28,167,2,1,1,0,0,0,1.028629
edit_write,580c3b870b7d2d7c4a0ebc67cbfc85bb4225b36db7b66d712fd5dd8f4f90df2e,H1,43,51,31500,40225,31543,40262,false,rp1:edc5551db501eb799fee2217aabc7ffd,oci-image,oci-image/files/HACKING.md,G0-FENCE-CLOSER-REMOVE|oci-image/files/HACKING.md|code_block_fenced#0@501-535,break_restore_pair,1,RESTORE,E4_FENCE_OPEN_CLOSE,,,close_restore,1854,3,532,532,3,1857,48,139,2,3,3,139,0.074852,4.411416,3.308562
edit_write,580c3b870b7d2d7c4a0ebc67cbfc85bb4225b36db7b66d712fd5dd8f4f90df2e,H2,78,115,18124,18888,18198,19005,false,rp1:edc5551db501eb799fee2217aabc7ffd,oci-image,oci-image/files/HACKING.md,G0-FENCE-CLOSER-REMOVE|oci-image/files/HACKING.md|code_block_fenced#0@501-535,break_restore_pair,1,RESTORE,E4_FENCE_OPEN_CLOSE,,,close_restore,1854,3,532,532,3,1857,48,139,2,3,3,139,0.074852,4.411416,3.308562
edit_write,580c3b870b7d2d7c4a0ebc67cbfc85bb4225b36db7b66d712fd5dd8f4f90df2e,H0,41,52,17216,18092,17257,18134,false,rp1:edc5551db501eb799fee2217aabc7ffd,oci-image,oci-image/files/HACKING.md,G0-FENCE-CLOSER-REMOVE|oci-image/files/HACKING.md|code_block_fenced#0@501-535,break_restore_pair,1,RESTORE,E4_FENCE_OPEN_CLOSE,,,close_restore,1854,3,532,532,3,1857,48,139,2,3,3,139,0.074852,4.411416,3.308562
edit_write,580c3b870b7d2d7c4a0ebc67cbfc85bb4225b36db7b66d712fd5dd8f4f90df2e,H3,1543,1698,15064,15797,16598,17409,false,rp1:edc5551db501eb799fee2217aabc7ffd,oci-image,oci-image/files/HACKING.md,G0-FENCE-CLOSER-REMOVE|oci-image/files/HACKING.md|code_block_fenced#0@501-535,break_restore_pair,1,RESTORE,E4_FENCE_OPEN_CLOSE,,,close_restore,1854,3,532,532,3,1857,48,139,2,3,3,139,0.074852,4.411416,3.308562
edit_write,580c3b870b7d2d7c4a0ebc67cbfc85bb4225b36db7b66d712fd5dd8f4f90df2e,H4,244,288,7280,7715,7518,7971,false,rp1:edc5551db501eb799fee2217aabc7ffd,oci-image,oci-image/files/HACKING.md,G0-FENCE-CLOSER-REMOVE|oci-image/files/HACKING.md|code_block_fenced#0@501-535,break_restore_pair,1,RESTORE,E4_FENCE_OPEN_CLOSE,,,close_restore,1854,3,532,532,3,1857,48,139,2,3,3,139,0.074852,4.411416,3.308562
edit_write,583f29836fd5fb7090276f9fa7482ee3734b90ae597b87795eaf7804c6fd87f8,H1,44,52,46439,49389,46491,49429,false,rp1:be4b990f538b53a35d0c1e0cd02d59ba,rust-book,rust-book/files/src/appendix-06-translation.md,G0-LIST-ITEM-INDENT|rust-book/files/src/appendix-06-translation.md|list_item#22@1796-1857,break_restore_pair,1,RESTORE,E3_CONTAINER_DEPTH,,,indent_restore,1993,2,1796,1798,0,1991,28,167,2,1,1,0,0,0,1.028629
edit_write,583f29836fd5fb7090276f9fa7482ee3734b90ae597b87795eaf7804c6fd87f8,H2,98,114,38054,40513,38142,40587,false,rp1:be4b990f538b53a35d0c1e0cd02d59ba,rust-book,rust-book/files/src/appendix-06-translation.md,G0-LIST-ITEM-INDENT|rust-book/files/src/appendix-06-translation.md|list_item#22@1796-1857,break_restore_pair,1,RESTORE,E3_CONTAINER_DEPTH,,,indent_restore,1993,2,1796,1798,0,1991,28,167,2,1,1,0,0,0,1.028629
edit_write,583f29836fd5fb7090276f9fa7482ee3734b90ae597b87795eaf7804c6fd87f8,H0,34,43,23597,25736,23628,25778,false,rp1:be4b990f538b53a35d0c1e0cd02d59ba,rust-book,rust-book/files/src/appendix-06-translation.md,G0-LIST-ITEM-INDENT|rust-book/files/src/appendix-06-translation.md|list_item#22@1796-1857,break_restore_pair,1,RESTORE,E3_CONTAINER_DEPTH,,,indent_restore,1993,2,1796,1798,0,1991,28,167,2,1,1,0,0,0,1.028629
edit_write,583f29836fd5fb7090276f9fa7482ee3734b90ae597b87795eaf7804c6fd87f8,H3,2588,2692,37158,39090,39819,41852,false,rp1:be4b990f538b53a35d0c1e0cd02d59ba,rust-book,rust-book/files/src/appendix-06-translation.md,G0-LIST-ITEM-INDENT|rust-book/files/src/appendix-06-translation.md|list_item#22@1796-1857,break_restore_pair,1,RESTORE,E3_CONTAINER_DEPTH,,,indent_restore,1993,2,1796,1798,0,1991,28,167,2,1,1,0,0,0,1.028629
edit_write,583f29836fd5fb7090276f9fa7482ee3734b90ae597b87795eaf7804c6fd87f8,H4,364,432,34289,36037,34627,36452,false,rp1:be4b990f538b53a35d0c1e0cd02d59ba,rust-book,rust-book/files/src/appendix-06-translation.md,G0-LIST-ITEM-INDENT|rust-book/files/src/appendix-06-translation.md|list_item#22@1796-1857,break_restore_pair,1,RESTORE,E3_CONTAINER_DEPTH,,,indent_restore,1993,2,1796,1798,0,1991,28,167,2,1,1,0,0,0,1.028629
edit_write,584b17a2f57def2ab855eced7dce4428fdd9a5da5754943b2c5cd8098dc1cc85,H1,44,53,47538,60366,47591,60407,false,rp1:6c67f78de5329be0ff915b886f704592,rust-book,rust-book/files/src/appendix-06-translation.md,G0-LIST-ITEM-INDENT|rust-book/files/src/appendix-06-translation.md|list_item#1@360-425,break_restore_pair,0,BREAK,E3_CONTAINER_DEPTH,early,0.180814,indent_deepen,1991,2,360,360,2,1991,28,167,2,1,1,0,0,0,1.028629
edit_write,584b17a2f57def2ab855eced7dce4428fdd9a5da5754943b2c5cd8098dc1cc85,H2,105,132,38087,40949,38159,41104,false,rp1:6c67f78de5329be0ff915b886f704592,rust-book,rust-book/files/src/appendix-06-translation.md,G0-LIST-ITEM-INDENT|rust-book/files/src/appendix-06-translation.md|list_item#1@360-425,break_restore_pair,0,BREAK,E3_CONTAINER_DEPTH,early,0.180814,indent_deepen,1991,2,360,360,2,1991,28,167,2,1,1,0,0,0,1.028629
edit_write,584b17a2f57def2ab855eced7dce4428fdd9a5da5754943b2c5cd8098dc1cc85,H0,35,42,24049,25204,24100,25259,false,rp1:6c67f78de5329be0ff915b886f704592,rust-book,rust-book/files/src/appendix-06-translation.md,G0-LIST-ITEM-INDENT|rust-book/files/src/appendix-06-translation.md|list_item#1@360-425,break_restore_pair,0,BREAK,E3_CONTAINER_DEPTH,early,0.180814,indent_deepen,1991,2,360,360,2,1991,28,167,2,1,1,0,0,0,1.028629
edit_write,584b17a2f57def2ab855eced7dce4428fdd9a5da5754943b2c5cd8098dc1cc85,H3,1512,1643,38054,50194,39463,51766,false,rp1:6c67f78de5329be0ff915b886f704592,rust-book,rust-book/files/src/appendix-06-translation.md,G0-LIST-ITEM-INDENT|rust-book/files/src/appendix-06-translation.md|list_item#1@360-425,break_restore_pair,0,BREAK,E3_CONTAINER_DEPTH,early,0.180814,indent_deepen,1991,2,360,360,2,1991,28,167,2,1,1,0,0,0,1.028629
edit_write,584b17a2f57def2ab855eced7dce4428fdd9a5da5754943b2c5cd8098dc1cc85,H4,352,409,35653,47492,36026,47799,false,rp1:6c67f78de5329be0ff915b886f704592,rust-book,rust-book/files/src/appendix-06-translation.md,G0-LIST-ITEM-INDENT|rust-book/files/src/appendix-06-translation.md|list_item#1@360-425,break_restore_pair,0,BREAK,E3_CONTAINER_DEPTH,early,0.180814,indent_deepen,1991,2,360,360,2,1991,28,167,2,1,1,0,0,0,1.028629
edit_write,5a303ac56d50375b6911b4cf1ead530bf2072d690027968ea3c9dac6475f9abb,H1,44,63,21302,28213,21346,28249,false,rp1:a824eca516c44902754107568b96ea93,rust-rfcs,rust-rfcs/files/text/0404-change-prefer-dynamic.md,G0-FENCE-CLOSER-REMOVE|rust-rfcs/files/text/0404-change-prefer-dynamic.md|code_block_fenced#0@2584-3485,break_restore_pair,0,BREAK,E4_FENCE_OPEN_CLOSE,early|middle|late,0.376567,close_break,6862,3,3482,3485,0,6862,34,901,2,1,1,889,0.129554,0.149228,0.298455
edit_write,5a303ac56d50375b6911b4cf1ead530bf2072d690027968ea3c9dac6475f9abb,H2,74,109,10947,11440,11018,11505,false,rp1:a824eca516c44902754107568b96ea93,rust-rfcs,rust-rfcs/files/text/0404-change-prefer-dynamic.md,G0-FENCE-CLOSER-REMOVE|rust-rfcs/files/text/0404-change-prefer-dynamic.md|code_block_fenced#0@2584-3485,break_restore_pair,0,BREAK,E4_FENCE_OPEN_CLOSE,early|middle|late,0.376567,close_break,6862,3,3482,3485,0,6862,34,901,2,1,1,889,0.129554,0.149228,0.298455
edit_write,5a303ac56d50375b6911b4cf1ead530bf2072d690027968ea3c9dac6475f9abb,H0,34,50,14807,16110,14833,16143,false,rp1:a824eca516c44902754107568b96ea93,rust-rfcs,rust-rfcs/files/text/0404-change-prefer-dynamic.md,G0-FENCE-CLOSER-REMOVE|rust-rfcs/files/text/0404-change-prefer-dynamic.md|code_block_fenced#0@2584-3485,break_restore_pair,0,BREAK,E4_FENCE_OPEN_CLOSE,early|middle|late,0.376567,close_break,6862,3,3482,3485,0,6862,34,901,2,1,1,889,0.129554,0.149228,0.298455
edit_write,5a303ac56d50375b6911b4cf1ead530bf2072d690027968ea3c9dac6475f9abb,H3,1572,1753,8563,8953,10149,10671,false,rp1:a824eca516c44902754107568b96ea93,rust-rfcs,rust-rfcs/files/text/0404-change-prefer-dynamic.md,G0-FENCE-CLOSER-REMOVE|rust-rfcs/files/text/0404-change-prefer-dynamic.md|code_block_fenced#0@2584-3485,break_restore_pair,0,BREAK,E4_FENCE_OPEN_CLOSE,early|middle|late,0.376567,close_break,6862,3,3482,3485,0,6862,34,901,2,1,1,889,0.129554,0.149228,0.298455
edit_write,5a303ac56d50375b6911b4cf1ead530bf2072d690027968ea3c9dac6475f9abb,H4,175,237,6869,7404,7059,7629,false,rp1:a824eca516c44902754107568b96ea93,rust-rfcs,rust-rfcs/files/text/0404-change-prefer-dynamic.md,G0-FENCE-CLOSER-REMOVE|rust-rfcs/files/text/0404-change-prefer-dynamic.md|code_block_fenced#0@2584-3485,break_restore_pair,0,BREAK,E4_FENCE_OPEN_CLOSE,early|middle|late,0.376567,close_break,6862,3,3482,3485,0,6862,34,901,2,1,1,889,0.129554,0.149228,0.298455
edit_write,5b05299e355bbfdf92aa5eae52be885441b47f284a5d3f13334ec1e9c3df0f65,H1,44,46,15937,17281,15972,17336,false,rp1:5835fef92f3ca4b972c95648a4e50735,rust-book,rust-book/files/src/appendix-05-editions.md,G0-REFDEF-REMOVE|rust-book/files/src/appendix-05-editions.md|reference_definition#0@3011-3074,break_restore_pair,1,RESTORE,E6_REFERENCE_DEFINITION,,,definition_restore,3011,64,3011,3011,64,3075,15,480,2,1,1,0,0,0,0.666016
edit_write,5b05299e355bbfdf92aa5eae52be885441b47f284a5d3f13334ec1e9c3df0f65,H2,59,96,5922,6318,5993,6410,false,rp1:5835fef92f3ca4b972c95648a4e50735,rust-book,rust-book/files/src/appendix-05-editions.md,G0-REFDEF-REMOVE|rust-book/files/src/appendix-05-editions.md|reference_definition#0@3011-3074,break_restore_pair,1,RESTORE,E6_REFERENCE_DEFINITION,,,definition_restore,3011,64,3011,3011,64,3075,15,480,2,1,1,0,0,0,0.666016
edit_write,5b05299e355bbfdf92aa5eae52be885441b47f284a5d3f13334ec1e9c3df0f65,H0,34,48,11625,12522,11670,12565,false,rp1:5835fef92f3ca4b972c95648a4e50735,rust-book,rust-book/files/src/appendix-05-editions.md,G0-REFDEF-REMOVE|rust-book/files/src/appendix-05-editions.md|reference_definition#0@3011-3074,break_restore_pair,1,RESTORE,E6_REFERENCE_DEFINITION,,,definition_restore,3011,64,3011,3011,64,3075,15,480,2,1,1,0,0,0,0.666016
edit_write,5b05299e355bbfdf92aa5eae52be885441b47f284a5d3f13334ec1e9c3df0f65,H3,345,401,4910,5518,5281,5903,false,rp1:5835fef92f3ca4b972c95648a4e50735,rust-book,rust-book/files/src/appendix-05-editions.md,G0-REFDEF-REMOVE|rust-book/files/src/appendix-05-editions.md|reference_definition#0@3011-3074,break_restore_pair,1,RESTORE,E6_REFERENCE_DEFINITION,,,definition_restore,3011,64,3011,3011,64,3075,15,480,2,1,1,0,0,0,0.666016
edit_write,5b05299e355bbfdf92aa5eae52be885441b47f284a5d3f13334ec1e9c3df0f65,H4,112,147,15888,21792,15980,21904,false,rp1:5835fef92f3ca4b972c95648a4e50735,rust-book,rust-book/files/src/appendix-05-editions.md,G0-REFDEF-REMOVE|rust-book/files/src/appendix-05-editions.md|reference_definition#0@3011-3074,break_restore_pair,1,RESTORE,E6_REFERENCE_DEFINITION,,,definition_restore,3011,64,3011,3011,64,3075,15,480,2,1,1,0,0,0,0.666016
edit_write,5bd9543f5c374437ddcedc441aecbbc63ed2f2fbba5ca16ef8289ce56bee7bce,H1,45,64,74375,81867,74420,81929,false,rp1:3bc69fe7b040999c8b57b77835e72f53,rust-rfcs,rust-rfcs/files/text/3289-source_replacement_ambiguity.md,G0-LIST-ITEM-INDENT|rust-rfcs/files/text/3289-source_replacement_ambiguity.md|list_item#5@838-1068,break_restore_pair,0,BREAK,E3_CONTAINER_DEPTH,early,0.116244,indent_deepen,7209,2,838,838,2,7209,72,301,2,10,2,322,0.044666,0.426134,1.704536
edit_write,5bd9543f5c374437ddcedc441aecbbc63ed2f2fbba5ca16ef8289ce56bee7bce,H2,127,154,27367,33839,27462,33989,false,rp1:3bc69fe7b040999c8b57b77835e72f53,rust-rfcs,rust-rfcs/files/text/3289-source_replacement_ambiguity.md,G0-LIST-ITEM-INDENT|rust-rfcs/files/text/3289-source_replacement_ambiguity.md|list_item#5@838-1068,break_restore_pair,0,BREAK,E3_CONTAINER_DEPTH,early,0.116244,indent_deepen,7209,2,838,838,2,7209,72,301,2,10,2,322,0.044666,0.426134,1.704536
edit_write,5bd9543f5c374437ddcedc441aecbbc63ed2f2fbba5ca16ef8289ce56bee7bce,H0,36,51,49620,54833,49670,54866,false,rp1:3bc69fe7b040999c8b57b77835e72f53,rust-rfcs,rust-rfcs/files/text/3289-source_replacement_ambiguity.md,G0-LIST-ITEM-INDENT|rust-rfcs/files/text/3289-source_replacement_ambiguity.md|list_item#5@838-1068,break_restore_pair,0,BREAK,E3_CONTAINER_DEPTH,early,0.116244,indent_deepen,7209,2,838,838,2,7209,72,301,2,10,2,322,0.044666,0.426134,1.704536
edit_write,5bd9543f5c374437ddcedc441aecbbc63ed2f2fbba5ca16ef8289ce56bee7bce,H3,2902,3110,23639,25509,26530,28566,false,rp1:3bc69fe7b040999c8b57b77835e72f53,rust-rfcs,rust-rfcs/files/text/3289-source_replacement_ambiguity.md,G0-LIST-ITEM-INDENT|rust-rfcs/files/text/3289-source_replacement_ambiguity.md|list_item#5@838-1068,break_restore_pair,0,BREAK,E3_CONTAINER_DEPTH,early,0.116244,indent_deepen,7209,2,838,838,2,7209,72,301,2,10,2,322,0.044666,0.426134,1.704536
edit_write,5bd9543f5c374437ddcedc441aecbbc63ed2f2fbba5ca16ef8289ce56bee7bce,H4,556,651,16534,23714,17082,24358,false,rp1:3bc69fe7b040999c8b57b77835e72f53,rust-rfcs,rust-rfcs/files/text/3289-source_replacement_ambiguity.md,G0-LIST-ITEM-INDENT|rust-rfcs/files/text/3289-source_replacement_ambiguity.md|list_item#5@838-1068,break_restore_pair,0,BREAK,E3_CONTAINER_DEPTH,early,0.116244,indent_deepen,7209,2,838,838,2,7209,72,301,2,10,2,322,0.044666,0.426134,1.704536
edit_write,5cab100a6ab59e3059347bc8dfed9b73cc11c902d163987c90eadd03d93c85ee,H1,55,73,21731,23848,21777,23894,false,rp1:aab6f7eda0ca813ddf874eabea195903,owasp-cheatsheets,owasp-cheatsheets/files/cheatsheets/Email_Validation_and_Verification_Cheat_Sheet.md,G0-LIST-ITEM-INDENT|owasp-cheatsheets/files/cheatsheets/Email_Validation_and_Verification_Cheat_Sheet.md|list_item#26@2519-2675,break_restore_pair,1,RESTORE,E3_CONTAINER_DEPTH,,,indent_restore,5131,2,2519,2521,0,5129,98,247,4,0,0,0,0,0,0
edit_write,5cab100a6ab59e3059347bc8dfed9b73cc11c902d163987c90eadd03d93c85ee,H2,105,143,18444,19933,18554,20070,false,rp1:aab6f7eda0ca813ddf874eabea195903,owasp-cheatsheets,owasp-cheatsheets/files/cheatsheets/Email_Validation_and_Verification_Cheat_Sheet.md,G0-LIST-ITEM-INDENT|owasp-cheatsheets/files/cheatsheets/Email_Validation_and_Verification_Cheat_Sheet.md|list_item#26@2519-2675,break_restore_pair,1,RESTORE,E3_CONTAINER_DEPTH,,,indent_restore,5131,2,2519,2521,0,5129,98,247,4,0,0,0,0,0,0
edit_write,5cab100a6ab59e3059347bc8dfed9b73cc11c902d163987c90eadd03d93c85ee,H0,37,49,54776,72854,54816,72888,false,rp1:aab6f7eda0ca813ddf874eabea195903,owasp-cheatsheets,owasp-cheatsheets/files/cheatsheets/Email_Validation_and_Verification_Cheat_Sheet.md,G0-LIST-ITEM-INDENT|owasp-cheatsheets/files/cheatsheets/Email_Validation_and_Verification_Cheat_Sheet.md|list_item#26@2519-2675,break_restore_pair,1,RESTORE,E3_CONTAINER_DEPTH,,,indent_restore,5131,2,2519,2521,0,5129,98,247,4,0,0,0,0,0,0
edit_write,5cab100a6ab59e3059347bc8dfed9b73cc11c902d163987c90eadd03d93c85ee,H3,3084,3506,14324,23613,17379,29555,false,rp1:aab6f7eda0ca813ddf874eabea195903,owasp-cheatsheets,owasp-cheatsheets/files/cheatsheets/Email_Validation_and_Verification_Cheat_Sheet.md,G0-LIST-ITEM-INDENT|owasp-cheatsheets/files/cheatsheets/Email_Validation_and_Verification_Cheat_Sheet.md|list_item#26@2519-2675,break_restore_pair,1,RESTORE,E3_CONTAINER_DEPTH,,,indent_restore,5131,2,2519,2521,0,5129,98,247,4,0,0,0,0,0,0
edit_write,5cab100a6ab59e3059347bc8dfed9b73cc11c902d163987c90eadd03d93c85ee,H4,547,616,10663,11380,11186,12240,false,rp1:aab6f7eda0ca813ddf874eabea195903,owasp-cheatsheets,owasp-cheatsheets/files/cheatsheets/Email_Validation_and_Verification_Cheat_Sheet.md,G0-LIST-ITEM-INDENT|owasp-cheatsheets/files/cheatsheets/Email_Validation_and_Verification_Cheat_Sheet.md|list_item#26@2519-2675,break_restore_pair,1,RESTORE,E3_CONTAINER_DEPTH,,,indent_restore,5131,2,2519,2521,0,5129,98,247,4,0,0,0,0,0,0
edit_write,5f4c7b6d1b416196a0815ca0905075b219979284455f16f9e406985f1ce68558,H1,44,54,26094,34240,26166,34281,false,rp1:b6739f3a673a74c556452119fbb044d1,myst-parser,myst-parser/files/docs/develop/contributing.md,G0-CODESPAN-DELIM-BREAK|myst-parser/files/docs/develop/contributing.md|code_span#5@1459-1495,break_restore_pair,0,BREAK,E5_INLINE_DELIMITER,middle,0.535020,delimiter_break,2727,1,1459,1460,0,2727,30,321,0,8,4,337,0.123579,2.628530,4.506051
edit_write,5f4c7b6d1b416196a0815ca0905075b219979284455f16f9e406985f1ce68558,H2,81,108,10740,11151,10826,11245,false,rp1:b6739f3a673a74c556452119fbb044d1,myst-parser,myst-parser/files/docs/develop/contributing.md,G0-CODESPAN-DELIM-BREAK|myst-parser/files/docs/develop/contributing.md|code_span#5@1459-1495,break_restore_pair,0,BREAK,E5_INLINE_DELIMITER,middle,0.535020,delimiter_break,2727,1,1459,1460,0,2727,30,321,0,8,4,337,0.123579,2.628530,4.506051
edit_write,5f4c7b6d1b416196a0815ca0905075b219979284455f16f9e406985f1ce68558,H0,35,46,15698,17033,15724,17070,false,rp1:b6739f3a673a74c556452119fbb044d1,myst-parser,myst-parser/files/docs/develop/contributing.md,G0-CODESPAN-DELIM-BREAK|myst-parser/files/docs/develop/contributing.md|code_span#5@1459-1495,break_restore_pair,0,BREAK,E5_INLINE_DELIMITER,middle,0.535020,delimiter_break,2727,1,1459,1460,0,2727,30,321,0,8,4,337,0.123579,2.628530,4.506051
edit_write,5f4c7b6d1b416196a0815ca0905075b219979284455f16f9e406985f1ce68558,H3,1543,1726,8484,8985,9985,10687,false,rp1:b6739f3a673a74c556452119fbb044d1,myst-parser,myst-parser/files/docs/develop/contributing.md,G0-CODESPAN-DELIM-BREAK|myst-parser/files/docs/develop/contributing.md|code_span#5@1459-1495,break_restore_pair,0,BREAK,E5_INLINE_DELIMITER,middle,0.535020,delimiter_break,2727,1,1459,1460,0,2727,30,321,0,8,4,337,0.123579,2.628530,4.506051
edit_write,5f4c7b6d1b416196a0815ca0905075b219979284455f16f9e406985f1ce68558,H4,177,246,5790,6464,5950,6713,false,rp1:b6739f3a673a74c556452119fbb044d1,myst-parser,myst-parser/files/docs/develop/contributing.md,G0-CODESPAN-DELIM-BREAK|myst-parser/files/docs/develop/contributing.md|code_span#5@1459-1495,break_restore_pair,0,BREAK,E5_INLINE_DELIMITER,middle,0.535020,delimiter_break,2727,1,1459,1460,0,2727,30,321,0,8,4,337,0.123579,2.628530,4.506051
edit_write,5f69796091fe680c271f80d3b9a4e33a9b6584cfc99da1ba1b6168dd83e3dc39,H1,46,57,31455,33739,31511,33792,false,rp1:dd8f753500e672ec899a700ab33b4d81,oci-image,oci-image/files/HACKING.md,G0-REFDEF-REMOVE|oci-image/files/HACKING.md|reference_definition#0@1748-1781,break_restore_pair,1,RESTORE,E6_REFERENCE_DEFINITION,,,definition_restore,1823,34,1748,1748,34,1857,48,139,2,3,3,139,0.074852,4.411416,3.308562
edit_write,5f69796091fe680c271f80d3b9a4e33a9b6584cfc99da1ba1b6168dd83e3dc39,H2,111,134,23507,31751,23613,31857,false,rp1:dd8f753500e672ec899a700ab33b4d81,oci-image,oci-image/files/HACKING.md,G0-REFDEF-REMOVE|oci-image/files/HACKING.md|reference_definition#0@1748-1781,break_restore_pair,1,RESTORE,E6_REFERENCE_DEFINITION,,,definition_restore,1823,34,1748,1748,34,1857,48,139,2,3,3,139,0.074852,4.411416,3.308562
edit_write,5f69796091fe680c271f80d3b9a4e33a9b6584cfc99da1ba1b6168dd83e3dc39,H0,32,45,17273,29037,17305,29071,false,rp1:dd8f753500e672ec899a700ab33b4d81,oci-image,oci-image/files/HACKING.md,G0-REFDEF-REMOVE|oci-image/files/HACKING.md|reference_definition#0@1748-1781,break_restore_pair,1,RESTORE,E6_REFERENCE_DEFINITION,,,definition_restore,1823,34,1748,1748,34,1857,48,139,2,3,3,139,0.074852,4.411416,3.308562
edit_write,5f69796091fe680c271f80d3b9a4e33a9b6584cfc99da1ba1b6168dd83e3dc39,H3,1473,1631,20477,21761,21976,23336,false,rp1:dd8f753500e672ec899a700ab33b4d81,oci-image,oci-image/files/HACKING.md,G0-REFDEF-REMOVE|oci-image/files/HACKING.md|reference_definition#0@1748-1781,break_restore_pair,1,RESTORE,E6_REFERENCE_DEFINITION,,,definition_restore,1823,34,1748,1748,34,1857,48,139,2,3,3,139,0.074852,4.411416,3.308562
edit_write,5f69796091fe680c271f80d3b9a4e33a9b6584cfc99da1ba1b6168dd83e3dc39,H4,236,254,29865,31962,30133,32254,false,rp1:dd8f753500e672ec899a700ab33b4d81,oci-image,oci-image/files/HACKING.md,G0-REFDEF-REMOVE|oci-image/files/HACKING.md|reference_definition#0@1748-1781,break_restore_pair,1,RESTORE,E6_REFERENCE_DEFINITION,,,definition_restore,1823,34,1748,1748,34,1857,48,139,2,3,3,139,0.074852,4.411416,3.308562
edit_write,5f750cd7a1a5f535007c59df30e48040a4a895282a9b39e635a6ea4292f2a763,H1,43,66,35096,50469,35135,50514,false,rp1:64439c28d12efea0db460ca69774d522,rust-rfcs,rust-rfcs/files/text/1123-str-split-at.md,G0-CODESPAN-DELIM-BREAK|rust-rfcs/files/text/1123-str-split-at.md|code_span#25@2995-3005,break_restore_pair,0,BREAK,E5_INLINE_DELIMITER,late,0.872923,delimiter_break,3431,1,2995,2996,0,3431,31,877,2,2,2,866,0.252405,0.298455,1.193821
edit_write,5f750cd7a1a5f535007c59df30e48040a4a895282a9b39e635a6ea4292f2a763,H2,87,121,13682,14682,13756,14761,false,rp1:64439c28d12efea0db460ca69774d522,rust-rfcs,rust-rfcs/files/text/1123-str-split-at.md,G0-CODESPAN-DELIM-BREAK|rust-rfcs/files/text/1123-str-split-at.md|code_span#25@2995-3005,break_restore_pair,0,BREAK,E5_INLINE_DELIMITER,late,0.872923,delimiter_break,3431,1,2995,2996,0,3431,31,877,2,2,2,866,0.252405,0.298455,1.193821
edit_write,5f750cd7a1a5f535007c59df30e48040a4a895282a9b39e635a6ea4292f2a763,H0,33,48,20272,21310,20299,21343,false,rp1:64439c28d12efea0db460ca69774d522,rust-rfcs,rust-rfcs/files/text/1123-str-split-at.md,G0-CODESPAN-DELIM-BREAK|rust-rfcs/files/text/1123-str-split-at.md|code_span#25@2995-3005,break_restore_pair,0,BREAK,E5_INLINE_DELIMITER,late,0.872923,delimiter_break,3431,1,2995,2996,0,3431,31,877,2,2,2,866,0.252405,0.298455,1.193821
edit_write,5f750cd7a1a5f535007c59df30e48040a4a895282a9b39e635a6ea4292f2a763,H3,1989,2128,11758,12618,13729,14763,false,rp1:64439c28d12efea0db460ca69774d522,rust-rfcs,rust-rfcs/files/text/1123-str-split-at.md,G0-CODESPAN-DELIM-BREAK|rust-rfcs/files/text/1123-str-split-at.md|code_span#25@2995-3005,break_restore_pair,0,BREAK,E5_INLINE_DELIMITER,late,0.872923,delimiter_break,3431,1,2995,2996,0,3431,31,877,2,2,2,866,0.252405,0.298455,1.193821
edit_write,5f750cd7a1a5f535007c59df30e48040a4a895282a9b39e635a6ea4292f2a763,H4,272,314,8011,8624,8279,8930,false,rp1:64439c28d12efea0db460ca69774d522,rust-rfcs,rust-rfcs/files/text/1123-str-split-at.md,G0-CODESPAN-DELIM-BREAK|rust-rfcs/files/text/1123-str-split-at.md|code_span#25@2995-3005,break_restore_pair,0,BREAK,E5_INLINE_DELIMITER,late,0.872923,delimiter_break,3431,1,2995,2996,0,3431,31,877,2,2,2,866,0.252405,0.298455,1.193821
edit_write,6031ce0e4f2981f905fa714fda6e2c5dd94d5079949760c4d461d691c0e139d3,H1,33,50,9647,10575,9681,10630,false,rp1:3276975385f99acc1c774a680b53148e,kubernetes-keps,kubernetes-keps/files/keps/sig-cli/FAQ.md,G0-EMPH-DELIM-BREAK|kubernetes-keps/files/keps/sig-cli/FAQ.md|emphasis#0@1433-1438,break_restore_pair,0,BREAK,E5_INLINE_DELIMITER,early|middle,0.878064,delimiter_break,1632,1,1437,1438,0,1632,11,362,6,0,0,0,0,0,0
edit_write,6031ce0e4f2981f905fa714fda6e2c5dd94d5079949760c4d461d691c0e139d3,H2,67,101,13671,14716,13723,14783,false,rp1:3276975385f99acc1c774a680b53148e,kubernetes-keps,kubernetes-keps/files/keps/sig-cli/FAQ.md,G0-EMPH-DELIM-BREAK|kubernetes-keps/files/keps/sig-cli/FAQ.md|emphasis#0@1433-1438,break_restore_pair,0,BREAK,E5_INLINE_DELIMITER,early|middle,0.878064,delimiter_break,1632,1,1437,1438,0,1632,11,362,6,0,0,0,0,0,0
edit_write,6031ce0e4f2981f905fa714fda6e2c5dd94d5079949760c4d461d691c0e139d3,H0,29,48,9011,9648,9052,9701,false,rp1:3276975385f99acc1c774a680b53148e,kubernetes-keps,kubernetes-keps/files/keps/sig-cli/FAQ.md,G0-EMPH-DELIM-BREAK|kubernetes-keps/files/keps/sig-cli/FAQ.md|emphasis#0@1433-1438,break_restore_pair,0,BREAK,E5_INLINE_DELIMITER,early|middle,0.878064,delimiter_break,1632,1,1437,1438,0,1632,11,362,6,0,0,0,0,0,0
edit_write,6031ce0e4f2981f905fa714fda6e2c5dd94d5079949760c4d461d691c0e139d3,H3,1569,1805,12721,13713,14319,15412,false,rp1:3276975385f99acc1c774a680b53148e,kubernetes-keps,kubernetes-keps/files/keps/sig-cli/FAQ.md,G0-EMPH-DELIM-BREAK|kubernetes-keps/files/keps/sig-cli/FAQ.md|emphasis#0@1433-1438,break_restore_pair,0,BREAK,E5_INLINE_DELIMITER,early|middle,0.878064,delimiter_break,1632,1,1437,1438,0,1632,11,362,6,0,0,0,0,0,0
edit_write,6031ce0e4f2981f905fa714fda6e2c5dd94d5079949760c4d461d691c0e139d3,H4,250,317,10920,11719,11183,12017,false,rp1:3276975385f99acc1c774a680b53148e,kubernetes-keps,kubernetes-keps/files/keps/sig-cli/FAQ.md,G0-EMPH-DELIM-BREAK|kubernetes-keps/files/keps/sig-cli/FAQ.md|emphasis#0@1433-1438,break_restore_pair,0,BREAK,E5_INLINE_DELIMITER,early|middle,0.878064,delimiter_break,1632,1,1437,1438,0,1632,11,362,6,0,0,0,0,0,0
edit_write,60aeb4e4f9f6a5895c50ebb36812e1cb68b0767678751a44384c8c069953dce2,H1,44,56,33101,35611,33142,35649,false,rp1:7122ec26fadec87062bcc3c0990b8a4c,rust-rfcs,rust-rfcs/files/text/0404-change-prefer-dynamic.md,G0-PARAGRAPH-MERGE|rust-rfcs/files/text/0404-change-prefer-dynamic.md|paragraph#13@4031-4646,single_step,0,SINGLE,E2_PARAGRAPH_SPLIT_MERGE,middle,0.587438,merge,6862,2,4029,4031,1,6862,34,901,2,1,1,889,0.129554,0.149228,0.298455
edit_write,60aeb4e4f9f6a5895c50ebb36812e1cb68b0767678751a44384c8c069953dce2,H2,67,102,11102,12219,11170,12291,false,rp1:7122ec26fadec87062bcc3c0990b8a4c,rust-rfcs,rust-rfcs/files/text/0404-change-prefer-dynamic.md,G0-PARAGRAPH-MERGE|rust-rfcs/files/text/0404-change-prefer-dynamic.md|paragraph#13@4031-4646,single_step,0,SINGLE,E2_PARAGRAPH_SPLIT_MERGE,middle,0.587438,merge,6862,2,4029,4031,1,6862,34,901,2,1,1,889,0.129554,0.149228,0.298455
edit_write,60aeb4e4f9f6a5895c50ebb36812e1cb68b0767678751a44384c8c069953dce2,H0,32,39,24024,26336,24075,26373,false,rp1:7122ec26fadec87062bcc3c0990b8a4c,rust-rfcs,rust-rfcs/files/text/0404-change-prefer-dynamic.md,G0-PARAGRAPH-MERGE|rust-rfcs/files/text/0404-change-prefer-dynamic.md|paragraph#13@4031-4646,single_step,0,SINGLE,E2_PARAGRAPH_SPLIT_MERGE,middle,0.587438,merge,6862,2,4029,4031,1,6862,34,901,2,1,1,889,0.129554,0.149228,0.298455
edit_write,60aeb4e4f9f6a5895c50ebb36812e1cb68b0767678751a44384c8c069953dce2,H3,1098,1255,8982,9628,10058,10800,false,rp1:7122ec26fadec87062bcc3c0990b8a4c,rust-rfcs,rust-rfcs/files/text/0404-change-prefer-dynamic.md,G0-PARAGRAPH-MERGE|rust-rfcs/files/text/0404-change-prefer-dynamic.md|paragraph#13@4031-4646,single_step,0,SINGLE,E2_PARAGRAPH_SPLIT_MERGE,middle,0.587438,merge,6862,2,4029,4031,1,6862,34,901,2,1,1,889,0.129554,0.149228,0.298455
edit_write,60aeb4e4f9f6a5895c50ebb36812e1cb68b0767678751a44384c8c069953dce2,H4,181,226,5865,6301,6022,6480,false,rp1:7122ec26fadec87062bcc3c0990b8a4c,rust-rfcs,rust-rfcs/files/text/0404-change-prefer-dynamic.md,G0-PARAGRAPH-MERGE|rust-rfcs/files/text/0404-change-prefer-dynamic.md|paragraph#13@4031-4646,single_step,0,SINGLE,E2_PARAGRAPH_SPLIT_MERGE,middle,0.587438,merge,6862,2,4029,4031,1,6862,34,901,2,1,1,889,0.129554,0.149228,0.298455
edit_write,6220286951831ba11626d7791c773655593684441ab6e2992f7a29610883b455,H1,43,54,6579,7271,6616,7311,false,rp1:a95a09a1149b88c3d505c1cb96b415cd,crafting-interpreters,crafting-interpreters/files/note/answers/chapter13_inheritance/1.md,G0-EMPH-DELIM-BREAK|crafting-interpreters/files/note/answers/chapter13_inheritance/1.md|emphasis#1@8636-8643,break_restore_pair,1,RESTORE,E5_INLINE_DELIMITER,,,delimiter_restore,9359,1,8642,8642,1,9360,49,759,2,0,0,5228,0.558547,2.188034,0
edit_write,6220286951831ba11626d7791c773655593684441ab6e2992f7a29610883b455,H2,79,111,12574,13274,12659,13369,false,rp1:a95a09a1149b88c3d505c1cb96b415cd,crafting-interpreters,crafting-interpreters/files/note/answers/chapter13_inheritance/1.md,G0-EMPH-DELIM-BREAK|crafting-interpreters/files/note/answers/chapter13_inheritance/1.md|emphasis#1@8636-8643,break_restore_pair,1,RESTORE,E5_INLINE_DELIMITER,,,delimiter_restore,9359,1,8642,8642,1,9360,49,759,2,0,0,5228,0.558547,2.188034,0
edit_write,6220286951831ba11626d7791c773655593684441ab6e2992f7a29610883b455,H0,31,47,27630,30437,27665,30474,false,rp1:a95a09a1149b88c3d505c1cb96b415cd,crafting-interpreters,crafting-interpreters/files/note/answers/chapter13_inheritance/1.md,G0-EMPH-DELIM-BREAK|crafting-interpreters/files/note/answers/chapter13_inheritance/1.md|emphasis#1@8636-8643,break_restore_pair,1,RESTORE,E5_INLINE_DELIMITER,,,delimiter_restore,9359,1,8642,8642,1,9360,49,759,2,0,0,5228,0.558547,2.188034,0
edit_write,6220286951831ba11626d7791c773655593684441ab6e2992f7a29610883b455,H3,1612,1760,8898,9667,10498,11483,false,rp1:a95a09a1149b88c3d505c1cb96b415cd,crafting-interpreters,crafting-interpreters/files/note/answers/chapter13_inheritance/1.md,G0-EMPH-DELIM-BREAK|crafting-interpreters/files/note/answers/chapter13_inheritance/1.md|emphasis#1@8636-8643,break_restore_pair,1,RESTORE,E5_INLINE_DELIMITER,,,delimiter_restore,9359,1,8642,8642,1,9360,49,759,2,0,0,5228,0.558547,2.188034,0
edit_write,6220286951831ba11626d7791c773655593684441ab6e2992f7a29610883b455,H4,266,304,5469,6168,5689,6474,false,rp1:a95a09a1149b88c3d505c1cb96b415cd,crafting-interpreters,crafting-interpreters/files/note/answers/chapter13_inheritance/1.md,G0-EMPH-DELIM-BREAK|crafting-interpreters/files/note/answers/chapter13_inheritance/1.md|emphasis#1@8636-8643,break_restore_pair,1,RESTORE,E5_INLINE_DELIMITER,,,delimiter_restore,9359,1,8642,8642,1,9360,49,759,2,0,0,5228,0.558547,2.188034,0
edit_write,63c725eb9bad92c078c11773ebc5017c08dba00bef2e38e4ac498ac1d8d9dc39,H1,43,53,5117,5425,5183,5466,false,rp1:e6017610409877f44bd0cff342c961fa,opentelemetry-spec,opentelemetry-spec/files/specification/library-layout.md,G0-CODESPAN-DELIM-BREAK|opentelemetry-spec/files/specification/library-layout.md|code_span#13@2668-2683,break_restore_pair,1,RESTORE,E5_INLINE_DELIMITER,,,delimiter_restore,2943,1,2668,2668,1,2944,40,330,2,0,0,367,0.124660,0.695652,0
edit_write,63c725eb9bad92c078c11773ebc5017c08dba00bef2e38e4ac498ac1d8d9dc39,H2,68,112,10026,11010,10079,11119,false,rp1:e6017610409877f44bd0cff342c961fa,opentelemetry-spec,opentelemetry-spec/files/specification/library-layout.md,G0-CODESPAN-DELIM-BREAK|opentelemetry-spec/files/specification/library-layout.md|code_span#13@2668-2683,break_restore_pair,1,RESTORE,E5_INLINE_DELIMITER,,,delimiter_restore,2943,1,2668,2668,1,2944,40,330,2,0,0,367,0.124660,0.695652,0
edit_write,63c725eb9bad92c078c11773ebc5017c08dba00bef2e38e4ac498ac1d8d9dc39,H0,44,63,18195,22506,18227,22567,false,rp1:e6017610409877f44bd0cff342c961fa,opentelemetry-spec,opentelemetry-spec/files/specification/library-layout.md,G0-CODESPAN-DELIM-BREAK|opentelemetry-spec/files/specification/library-layout.md|code_span#13@2668-2683,break_restore_pair,1,RESTORE,E5_INLINE_DELIMITER,,,delimiter_restore,2943,1,2668,2668,1,2944,40,330,2,0,0,367,0.124660,0.695652,0
edit_write,63c725eb9bad92c078c11773ebc5017c08dba00bef2e38e4ac498ac1d8d9dc39,H3,1322,1484,7165,7740,8513,9520,false,rp1:e6017610409877f44bd0cff342c961fa,opentelemetry-spec,opentelemetry-spec/files/specification/library-layout.md,G0-CODESPAN-DELIM-BREAK|opentelemetry-spec/files/specification/library-layout.md|code_span#13@2668-2683,break_restore_pair,1,RESTORE,E5_INLINE_DELIMITER,,,delimiter_restore,2943,1,2668,2668,1,2944,40,330,2,0,0,367,0.124660,0.695652,0
edit_write,63c725eb9bad92c078c11773ebc5017c08dba00bef2e38e4ac498ac1d8d9dc39,H4,200,234,3964,4354,4152,4589,false,rp1:e6017610409877f44bd0cff342c961fa,opentelemetry-spec,opentelemetry-spec/files/specification/library-layout.md,G0-CODESPAN-DELIM-BREAK|opentelemetry-spec/files/specification/library-layout.md|code_span#13@2668-2683,break_restore_pair,1,RESTORE,E5_INLINE_DELIMITER,,,delimiter_restore,2943,1,2668,2668,1,2944,40,330,2,0,0,367,0.124660,0.695652,0
edit_write,63cc760f40b73419d55081c3fdbbf86f29a30837ac8726b63b66a821eadbe553,H1,44,64,66310,74708,66345,74773,false,rp1:c9791aea3f40ceab50c96cd80788a693,oci-image,oci-image/files/considerations.md,G0-PARAGRAPH-MERGE|oci-image/files/considerations.md|paragraph#24@3736-3986,single_step,0,SINGLE,E2_PARAGRAPH_SPLIT_MERGE,late,0.594148,merge,6288,2,3734,3736,1,6288,64,530,2,8,8,284,0.045165,1.628499,2.605598
edit_write,63cc760f40b73419d55081c3fdbbf86f29a30837ac8726b63b66a821eadbe553,H2,98,134,18618,20026,18731,20111,false,rp1:c9791aea3f40ceab50c96cd80788a693,oci-image,oci-image/files/considerations.md,G0-PARAGRAPH-MERGE|oci-image/files/considerations.md|paragraph#24@3736-3986,single_step,0,SINGLE,E2_PARAGRAPH_SPLIT_MERGE,late,0.594148,merge,6288,2,3734,3736,1,6288,64,530,2,8,8,284,0.045165,1.628499,2.605598
edit_write,63cc760f40b73419d55081c3fdbbf86f29a30837ac8726b63b66a821eadbe553,H0,36,56,43497,55954,43527,56018,false,rp1:c9791aea3f40ceab50c96cd80788a693,oci-image,oci-image/files/considerations.md,G0-PARAGRAPH-MERGE|oci-image/files/considerations.md|paragraph#24@3736-3986,single_step,0,SINGLE,E2_PARAGRAPH_SPLIT_MERGE,late,0.594148,merge,6288,2,3734,3736,1,6288,64,530,2,8,8,284,0.045165,1.628499,2.605598
edit_write,63cc760f40b73419d55081c3fdbbf86f29a30837ac8726b63b66a821eadbe553,H3,2666,2904,15471,17169,18054,20316,false,rp1:c9791aea3f40ceab50c96cd80788a693,oci-image,oci-image/files/considerations.md,G0-PARAGRAPH-MERGE|oci-image/files/considerations.md|paragraph#24@3736-3986,single_step,0,SINGLE,E2_PARAGRAPH_SPLIT_MERGE,late,0.594148,merge,6288,2,3734,3736,1,6288,64,530,2,8,8,284,0.045165,1.628499,2.605598
edit_write,63cc760f40b73419d55081c3fdbbf86f29a30837ac8726b63b66a821eadbe553,H4,361,432,10059,10899,10391,11298,false,rp1:c9791aea3f40ceab50c96cd80788a693,oci-image,oci-image/files/considerations.md,G0-PARAGRAPH-MERGE|oci-image/files/considerations.md|paragraph#24@3736-3986,single_step,0,SINGLE,E2_PARAGRAPH_SPLIT_MERGE,late,0.594148,merge,6288,2,3734,3736,1,6288,64,530,2,8,8,284,0.045165,1.628499,2.605598
edit_write,63e3335fd9f5b6a49b8eb970e6265a8f5190aa187fcc4f1c708fa66363060e61,H1,43,49,33613,39785,33650,39833,false,rp1:eddb12fa9c0ce51471c5fb4db1eac13b,rust-rfcs,rust-rfcs/files/text/1123-str-split-at.md,G0-LOCAL-TEXT-REPLACE-EQ|rust-rfcs/files/text/1123-str-split-at.md|text#11@367-377,single_step,0,SINGLE,E1_LOCAL_TEXT,early,0.106966,replace_eq,3431,8,368,376,8,3431,31,877,2,2,2,866,0.252405,0.298455,1.193821
edit_write,63e3335fd9f5b6a49b8eb970e6265a8f5190aa187fcc4f1c708fa66363060e61,H2,73,97,8223,8968,8283,9076,false,rp1:eddb12fa9c0ce51471c5fb4db1eac13b,rust-rfcs,rust-rfcs/files/text/1123-str-split-at.md,G0-LOCAL-TEXT-REPLACE-EQ|rust-rfcs/files/text/1123-str-split-at.md|text#11@367-377,single_step,0,SINGLE,E1_LOCAL_TEXT,early,0.106966,replace_eq,3431,8,368,376,8,3431,31,877,2,2,2,866,0.252405,0.298455,1.193821
edit_write,63e3335fd9f5b6a49b8eb970e6265a8f5190aa187fcc4f1c708fa66363060e61,H0,36,51,20497,24596,20542,24629,false,rp1:eddb12fa9c0ce51471c5fb4db1eac13b,rust-rfcs,rust-rfcs/files/text/1123-str-split-at.md,G0-LOCAL-TEXT-REPLACE-EQ|rust-rfcs/files/text/1123-str-split-at.md|text#11@367-377,single_step,0,SINGLE,E1_LOCAL_TEXT,early,0.106966,replace_eq,3431,8,368,376,8,3431,31,877,2,2,2,866,0.252405,0.298455,1.193821
edit_write,63e3335fd9f5b6a49b8eb970e6265a8f5190aa187fcc4f1c708fa66363060e61,H3,1207,1270,6305,6984,7499,8325,false,rp1:eddb12fa9c0ce51471c5fb4db1eac13b,rust-rfcs,rust-rfcs/files/text/1123-str-split-at.md,G0-LOCAL-TEXT-REPLACE-EQ|rust-rfcs/files/text/1123-str-split-at.md|text#11@367-377,single_step,0,SINGLE,E1_LOCAL_TEXT,early,0.106966,replace_eq,3431,8,368,376,8,3431,31,877,2,2,2,866,0.252405,0.298455,1.193821
edit_write,63e3335fd9f5b6a49b8eb970e6265a8f5190aa187fcc4f1c708fa66363060e61,H4,168,196,3910,4175,4084,4362,false,rp1:eddb12fa9c0ce51471c5fb4db1eac13b,rust-rfcs,rust-rfcs/files/text/1123-str-split-at.md,G0-LOCAL-TEXT-REPLACE-EQ|rust-rfcs/files/text/1123-str-split-at.md|text#11@367-377,single_step,0,SINGLE,E1_LOCAL_TEXT,early,0.106966,replace_eq,3431,8,368,376,8,3431,31,877,2,2,2,866,0.252405,0.298455,1.193821
edit_write,63f316f5b5c2c922acad61013afb0acff8820824f03a3bf58168f0367b2824a8,H1,43,50,11787,12522,11827,12563,false,rp1:490226ced228384bb093995c288909dd,crafting-interpreters,crafting-interpreters/files/note/answers/chapter13_inheritance/1.md,G0-LOCAL-TEXT-REPLACE-EQ|crafting-interpreters/files/note/answers/chapter13_inheritance/1.md|text#14@902-982,single_step,0,SINGLE,E1_LOCAL_TEXT,early,0.096368,replace_eq,9360,8,964,972,8,9360,49,759,2,0,0,5228,0.558547,2.188034,0
edit_write,63f316f5b5c2c922acad61013afb0acff8820824f03a3bf58168f0367b2824a8,H2,76,106,11445,12658,11550,12729,false,rp1:490226ced228384bb093995c288909dd,crafting-interpreters,crafting-interpreters/files/note/answers/chapter13_inheritance/1.md,G0-LOCAL-TEXT-REPLACE-EQ|crafting-interpreters/files/note/answers/chapter13_inheritance/1.md|text#14@902-982,single_step,0,SINGLE,E1_LOCAL_TEXT,early,0.096368,replace_eq,9360,8,964,972,8,9360,49,759,2,0,0,5228,0.558547,2.188034,0
edit_write,63f316f5b5c2c922acad61013afb0acff8820824f03a3bf58168f0367b2824a8,H0,36,46,27832,29981,27873,30027,false,rp1:490226ced228384bb093995c288909dd,crafting-interpreters,crafting-interpreters/files/note/answers/chapter13_inheritance/1.md,G0-LOCAL-TEXT-REPLACE-EQ|crafting-interpreters/files/note/answers/chapter13_inheritance/1.md|text#14@902-982,single_step,0,SINGLE,E1_LOCAL_TEXT,early,0.096368,replace_eq,9360,8,964,972,8,9360,49,759,2,0,0,5228,0.558547,2.188034,0
edit_write,63f316f5b5c2c922acad61013afb0acff8820824f03a3bf58168f0367b2824a8,H3,1463,1593,8054,8804,9493,10408,false,rp1:490226ced228384bb093995c288909dd,crafting-interpreters,crafting-interpreters/files/note/answers/chapter13_inheritance/1.md,G0-LOCAL-TEXT-REPLACE-EQ|crafting-interpreters/files/note/answers/chapter13_inheritance/1.md|text#14@902-982,single_step,0,SINGLE,E1_LOCAL_TEXT,early,0.096368,replace_eq,9360,8,964,972,8,9360,49,759,2,0,0,5228,0.558547,2.188034,0
edit_write,63f316f5b5c2c922acad61013afb0acff8820824f03a3bf58168f0367b2824a8,H4,277,303,4679,5205,4987,5499,false,rp1:490226ced228384bb093995c288909dd,crafting-interpreters,crafting-interpreters/files/note/answers/chapter13_inheritance/1.md,G0-LOCAL-TEXT-REPLACE-EQ|crafting-interpreters/files/note/answers/chapter13_inheritance/1.md|text#14@902-982,single_step,0,SINGLE,E1_LOCAL_TEXT,early,0.096368,replace_eq,9360,8,964,972,8,9360,49,759,2,0,0,5228,0.558547,2.188034,0
edit_write,650b0c26f400fdeb33b4262bed1f728ddec195fd4e9d95572402f84c63635510,H1,43,49,64709,85377,64752,85416,false,rp1:d5018ac1a66fde932c8a3e57c7d1061c,rust-rfcs,rust-rfcs/files/text/3289-source_replacement_ambiguity.md,G0-FENCE-CLOSER-REMOVE|rust-rfcs/files/text/3289-source_replacement_ambiguity.md|code_block_fenced#2@6321-6454,break_restore_pair,0,BREAK,E4_FENCE_OPEN_CLOSE,early|middle|late,0.876821,close_break,7209,3,6451,6454,0,7209,72,301,2,10,2,322,0.044666,0.426134,1.704536
edit_write,650b0c26f400fdeb33b4262bed1f728ddec195fd4e9d95572402f84c63635510,H2,125,168,33686,39640,33769,39782,false,rp1:d5018ac1a66fde932c8a3e57c7d1061c,rust-rfcs,rust-rfcs/files/text/3289-source_replacement_ambiguity.md,G0-FENCE-CLOSER-REMOVE|rust-rfcs/files/text/3289-source_replacement_ambiguity.md|code_block_fenced#2@6321-6454,break_restore_pair,0,BREAK,E4_FENCE_OPEN_CLOSE,early|middle|late,0.876821,close_break,7209,3,6451,6454,0,7209,72,301,2,10,2,322,0.044666,0.426134,1.704536
edit_write,650b0c26f400fdeb33b4262bed1f728ddec195fd4e9d95572402f84c63635510,H0,35,47,43923,57364,43958,57414,false,rp1:d5018ac1a66fde932c8a3e57c7d1061c,rust-rfcs,rust-rfcs/files/text/3289-source_replacement_ambiguity.md,G0-FENCE-CLOSER-REMOVE|rust-rfcs/files/text/3289-source_replacement_ambiguity.md|code_block_fenced#2@6321-6454,break_restore_pair,0,BREAK,E4_FENCE_OPEN_CLOSE,early|middle|late,0.876821,close_break,7209,3,6451,6454,0,7209,72,301,2,10,2,322,0.044666,0.426134,1.704536
edit_write,650b0c26f400fdeb33b4262bed1f728ddec195fd4e9d95572402f84c63635510,H3,2425,2572,29737,31770,32121,34461,false,rp1:d5018ac1a66fde932c8a3e57c7d1061c,rust-rfcs,rust-rfcs/files/text/3289-source_replacement_ambiguity.md,G0-FENCE-CLOSER-REMOVE|rust-rfcs/files/text/3289-source_replacement_ambiguity.md|code_block_fenced#2@6321-6454,break_restore_pair,0,BREAK,E4_FENCE_OPEN_CLOSE,early|middle|late,0.876821,close_break,7209,3,6451,6454,0,7209,72,301,2,10,2,322,0.044666,0.426134,1.704536
edit_write,650b0c26f400fdeb33b4262bed1f728ddec195fd4e9d95572402f84c63635510,H4,466,510,72470,92812,72935,93288,false,rp1:d5018ac1a66fde932c8a3e57c7d1061c,rust-rfcs,rust-rfcs/files/text/3289-source_replacement_ambiguity.md,G0-FENCE-CLOSER-REMOVE|rust-rfcs/files/text/3289-source_replacement_ambiguity.md|code_block_fenced#2@6321-6454,break_restore_pair,0,BREAK,E4_FENCE_OPEN_CLOSE,early|middle|late,0.876821,close_break,7209,3,6451,6454,0,7209,72,301,2,10,2,322,0.044666,0.426134,1.704536
edit_write,663bcb3ac40e8c9ff27695874d9dbe6fe49c85ee1f254e43b5a0311ff70f80d7,H1,43,48,69228,89666,69269,89710,false,rp1:d752d14fcf7d33c54f90bfc6c967e284,oci-image,oci-image/files/considerations.md,G0-PARAGRAPH-SPLIT|oci-image/files/considerations.md|paragraph#37@5533-5757,single_step,0,SINGLE,E2_PARAGRAPH_SPLIT_MERGE,late,0.879930,split,6288,2,5643,5644,2,6288,64,530,2,8,8,284,0.045165,1.628499,2.605598
edit_write,663bcb3ac40e8c9ff27695874d9dbe6fe49c85ee1f254e43b5a0311ff70f80d7,H2,109,136,17646,23603,17763,23693,false,rp1:d752d14fcf7d33c54f90bfc6c967e284,oci-image,oci-image/files/considerations.md,G0-PARAGRAPH-SPLIT|oci-image/files/considerations.md|paragraph#37@5533-5757,single_step,0,SINGLE,E2_PARAGRAPH_SPLIT_MERGE,late,0.879930,split,6288,2,5643,5644,2,6288,64,530,2,8,8,284,0.045165,1.628499,2.605598
edit_write,663bcb3ac40e8c9ff27695874d9dbe6fe49c85ee1f254e43b5a0311ff70f80d7,H0,37,52,42031,46722,42069,46773,false,rp1:d752d14fcf7d33c54f90bfc6c967e284,oci-image,oci-image/files/considerations.md,G0-PARAGRAPH-SPLIT|oci-image/files/considerations.md|paragraph#37@5533-5757,single_step,0,SINGLE,E2_PARAGRAPH_SPLIT_MERGE,late,0.879930,split,6288,2,5643,5644,2,6288,64,530,2,8,8,284,0.045165,1.628499,2.605598
edit_write,663bcb3ac40e8c9ff27695874d9dbe6fe49c85ee1f254e43b5a0311ff70f80d7,H3,2380,2513,14204,15582,16528,18107,false,rp1:d752d14fcf7d33c54f90bfc6c967e284,oci-image,oci-image/files/considerations.md,G0-PARAGRAPH-SPLIT|oci-image/files/considerations.md|paragraph#37@5533-5757,single_step,0,SINGLE,E2_PARAGRAPH_SPLIT_MERGE,late,0.879930,split,6288,2,5643,5644,2,6288,64,530,2,8,8,284,0.045165,1.628499,2.605598
edit_write,663bcb3ac40e8c9ff27695874d9dbe6fe49c85ee1f254e43b5a0311ff70f80d7,H4,384,423,8495,9122,8883,9521,false,rp1:d752d14fcf7d33c54f90bfc6c967e284,oci-image,oci-image/files/considerations.md,G0-PARAGRAPH-SPLIT|oci-image/files/considerations.md|paragraph#37@5533-5757,single_step,0,SINGLE,E2_PARAGRAPH_SPLIT_MERGE,late,0.879930,split,6288,2,5643,5644,2,6288,64,530,2,8,8,284,0.045165,1.628499,2.605598
edit_write,6718546b0c95f3475e7e8a14a322c83ad7d344fbf454abfced315cf664671f67,H1,43,48,15890,16968,15943,17018,false,rp1:3c56e787c094d94193c24f19ae02cbe7,d2l-en,d2l-en/files/chapter_installation/index.md,G0-LINK-DEST-BREAK|d2l-en/files/chapter_installation/index.md|link_inline#2@2114-2165,single_step,0,SINGLE,E5_INLINE_DELIMITER,middle,0.346899,destination_break,6094,1,2121,2121,1,6094,60,589,0,0,0,1227,0.201346,2.856580,0
edit_write,6718546b0c95f3475e7e8a14a322c83ad7d344fbf454abfced315cf664671f67,H2,82,129,16967,18267,17019,18341,false,rp1:3c56e787c094d94193c24f19ae02cbe7,d2l-en,d2l-en/files/chapter_installation/index.md,G0-LINK-DEST-BREAK|d2l-en/files/chapter_installation/index.md|link_inline#2@2114-2165,single_step,0,SINGLE,E5_INLINE_DELIMITER,middle,0.346899,destination_break,6094,1,2121,2121,1,6094,60,589,0,0,0,1227,0.201346,2.856580,0
edit_write,6718546b0c95f3475e7e8a14a322c83ad7d344fbf454abfced315cf664671f67,H0,36,58,31338,33845,31373,33890,false,rp1:3c56e787c094d94193c24f19ae02cbe7,d2l-en,d2l-en/files/chapter_installation/index.md,G0-LINK-DEST-BREAK|d2l-en/files/chapter_installation/index.md|link_inline#2@2114-2165,single_step,0,SINGLE,E5_INLINE_DELIMITER,middle,0.346899,destination_break,6094,1,2121,2121,1,6094,60,589,0,0,0,1227,0.201346,2.856580,0
edit_write,6718546b0c95f3475e7e8a14a322c83ad7d344fbf454abfced315cf664671f67,H3,2154,2377,13182,14213,15321,16680,false,rp1:3c56e787c094d94193c24f19ae02cbe7,d2l-en,d2l-en/files/chapter_installation/index.md,G0-LINK-DEST-BREAK|d2l-en/files/chapter_installation/index.md|link_inline#2@2114-2165,single_step,0,SINGLE,E5_INLINE_DELIMITER,middle,0.346899,destination_break,6094,1,2121,2121,1,6094,60,589,0,0,0,1227,0.201346,2.856580,0
edit_write,6718546b0c95f3475e7e8a14a322c83ad7d344fbf454abfced315cf664671f67,H4,337,392,7373,8042,7711,8412,false,rp1:3c56e787c094d94193c24f19ae02cbe7,d2l-en,d2l-en/files/chapter_installation/index.md,G0-LINK-DEST-BREAK|d2l-en/files/chapter_installation/index.md|link_inline#2@2114-2165,single_step,0,SINGLE,E5_INLINE_DELIMITER,middle,0.346899,destination_break,6094,1,2121,2121,1,6094,60,589,0,0,0,1227,0.201346,2.856580,0
edit_write,674d697d1df41dfb1ef4ca1fe595cd958a1bb90326b619801226ef864d013ad7,H1,33,57,9839,10463,9881,10506,false,rp1:fc0595f2c5a93eead671ce4632414873,kubernetes-keps,kubernetes-keps/files/keps/sig-cli/FAQ.md,G0-LIST-ITEM-INDENT|kubernetes-keps/files/keps/sig-cli/FAQ.md|list_item#6@1211-1264,break_restore_pair,1,RESTORE,E3_CONTAINER_DEPTH,,,indent_restore,1634,2,1211,1213,0,1632,11,362,6,0,0,0,0,0,0
edit_write,674d697d1df41dfb1ef4ca1fe595cd958a1bb90326b619801226ef864d013ad7,H2,53,90,14248,15093,14297,15183,false,rp1:fc0595f2c5a93eead671ce4632414873,kubernetes-keps,kubernetes-keps/files/keps/sig-cli/FAQ.md,G0-LIST-ITEM-INDENT|kubernetes-keps/files/keps/sig-cli/FAQ.md|list_item#6@1211-1264,break_restore_pair,1,RESTORE,E3_CONTAINER_DEPTH,,,indent_restore,1634,2,1211,1213,0,1632,11,362,6,0,0,0,0,0,0
edit_write,674d697d1df41dfb1ef4ca1fe595cd958a1bb90326b619801226ef864d013ad7,H0,29,48,9077,9717,9119,9757,false,rp1:fc0595f2c5a93eead671ce4632414873,kubernetes-keps,kubernetes-keps/files/keps/sig-cli/FAQ.md,G0-LIST-ITEM-INDENT|kubernetes-keps/files/keps/sig-cli/FAQ.md|list_item#6@1211-1264,break_restore_pair,1,RESTORE,E3_CONTAINER_DEPTH,,,indent_restore,1634,2,1211,1213,0,1632,11,362,6,0,0,0,0,0,0
edit_write,674d697d1df41dfb1ef4ca1fe595cd958a1bb90326b619801226ef864d013ad7,H3,1489,1649,13040,13803,14529,15441,false,rp1:fc0595f2c5a93eead671ce4632414873,kubernetes-keps,kubernetes-keps/files/keps/sig-cli/FAQ.md,G0-LIST-ITEM-INDENT|kubernetes-keps/files/keps/sig-cli/FAQ.md|list_item#6@1211-1264,break_restore_pair,1,RESTORE,E3_CONTAINER_DEPTH,,,indent_restore,1634,2,1211,1213,0,1632,11,362,6,0,0,0,0,0,0
edit_write,674d697d1df41dfb1ef4ca1fe595cd958a1bb90326b619801226ef864d013ad7,H4,266,353,10859,16099,11190,16370,false,rp1:fc0595f2c5a93eead671ce4632414873,kubernetes-keps,kubernetes-keps/files/keps/sig-cli/FAQ.md,G0-LIST-ITEM-INDENT|kubernetes-keps/files/keps/sig-cli/FAQ.md|list_item#6@1211-1264,break_restore_pair,1,RESTORE,E3_CONTAINER_DEPTH,,,indent_restore,1634,2,1211,1213,0,1632,11,362,6,0,0,0,0,0,0
edit_write,677d73a2e29705f6d2669fb9e12b5c975cb18f21407bd94f2f269d0b3a9d1566,H1,44,48,31011,33633,31045,33675,false,rp1:284397dea8f4e88a62982862c7f3335d,oci-image,oci-image/files/HACKING.md,G0-CODESPAN-DELIM-BREAK|oci-image/files/HACKING.md|code_span#2@959-967,break_restore_pair,1,RESTORE,E5_INLINE_DELIMITER,,,delimiter_restore,1856,1,959,959,1,1857,48,139,2,3,3,139,0.074852,4.411416,3.308562
edit_write,677d73a2e29705f6d2669fb9e12b5c975cb18f21407bd94f2f269d0b3a9d1566,H2,77,110,12601,14300,12661,14429,false,rp1:284397dea8f4e88a62982862c7f3335d,oci-image,oci-image/files/HACKING.md,G0-CODESPAN-DELIM-BREAK|oci-image/files/HACKING.md|code_span#2@959-967,break_restore_pair,1,RESTORE,E5_INLINE_DELIMITER,,,delimiter_restore,1856,1,959,959,1,1857,48,139,2,3,3,139,0.074852,4.411416,3.308562
edit_write,677d73a2e29705f6d2669fb9e12b5c975cb18f21407bd94f2f269d0b3a9d1566,H0,38,49,17108,22707,17143,22744,false,rp1:284397dea8f4e88a62982862c7f3335d,oci-image,oci-image/files/HACKING.md,G0-CODESPAN-DELIM-BREAK|oci-image/files/HACKING.md|code_span#2@959-967,break_restore_pair,1,RESTORE,E5_INLINE_DELIMITER,,,delimiter_restore,1856,1,959,959,1,1857,48,139,2,3,3,139,0.074852,4.411416,3.308562
edit_write,677d73a2e29705f6d2669fb9e12b5c975cb18f21407bd94f2f269d0b3a9d1566,H3,1754,1943,9604,10691,11337,12734,false,rp1:284397dea8f4e88a62982862c7f3335d,oci-image,oci-image/files/HACKING.md,G0-CODESPAN-DELIM-BREAK|oci-image/files/HACKING.md|code_span#2@959-967,break_restore_pair,1,RESTORE,E5_INLINE_DELIMITER,,,delimiter_restore,1856,1,959,959,1,1857,48,139,2,3,3,139,0.074852,4.411416,3.308562
edit_write,677d73a2e29705f6d2669fb9e12b5c975cb18f21407bd94f2f269d0b3a9d1566,H4,232,289,5519,6134,5763,6447,false,rp1:284397dea8f4e88a62982862c7f3335d,oci-image,oci-image/files/HACKING.md,G0-CODESPAN-DELIM-BREAK|oci-image/files/HACKING.md|code_span#2@959-967,break_restore_pair,1,RESTORE,E5_INLINE_DELIMITER,,,delimiter_restore,1856,1,959,959,1,1857,48,139,2,3,3,139,0.074852,4.411416,3.308562
edit_write,67de44c0d548c0402393e34e2201b364f9558d0f696fd1b14d559361b9434153,H1,35,49,9586,9990,9628,10027,false,rp1:fe8f8db30c5d823243d262e0deb22db9,kubernetes-keps,kubernetes-keps/files/keps/sig-cli/FAQ.md,G0-LIST-ITEM-INDENT|kubernetes-keps/files/keps/sig-cli/FAQ.md|list_item#5@1151-1204,break_restore_pair,1,RESTORE,E3_CONTAINER_DEPTH,,,indent_restore,1634,2,1151,1153,0,1632,11,362,6,0,0,0,0,0,0
edit_write,67de44c0d548c0402393e34e2201b364f9558d0f696fd1b14d559361b9434153,H2,59,81,14678,15787,14732,15868,false,rp1:fe8f8db30c5d823243d262e0deb22db9,kubernetes-keps,kubernetes-keps/files/keps/sig-cli/FAQ.md,G0-LIST-ITEM-INDENT|kubernetes-keps/files/keps/sig-cli/FAQ.md|list_item#5@1151-1204,break_restore_pair,1,RESTORE,E3_CONTAINER_DEPTH,,,indent_restore,1634,2,1151,1153,0,1632,11,362,6,0,0,0,0,0,0
edit_write,67de44c0d548c0402393e34e2201b364f9558d0f696fd1b14d559361b9434153,H0,30,47,9053,9202,9089,9234,false,rp1:fe8f8db30c5d823243d262e0deb22db9,kubernetes-keps,kubernetes-keps/files/keps/sig-cli/FAQ.md,G0-LIST-ITEM-INDENT|kubernetes-keps/files/keps/sig-cli/FAQ.md|list_item#5@1151-1204,break_restore_pair,1,RESTORE,E3_CONTAINER_DEPTH,,,indent_restore,1634,2,1151,1153,0,1632,11,362,6,0,0,0,0,0,0
edit_write,67de44c0d548c0402393e34e2201b364f9558d0f696fd1b14d559361b9434153,H3,1492,1560,13033,13879,14452,15464,false,rp1:fe8f8db30c5d823243d262e0deb22db9,kubernetes-keps,kubernetes-keps/files/keps/sig-cli/FAQ.md,G0-LIST-ITEM-INDENT|kubernetes-keps/files/keps/sig-cli/FAQ.md|list_item#5@1151-1204,break_restore_pair,1,RESTORE,E3_CONTAINER_DEPTH,,,indent_restore,1634,2,1151,1153,0,1632,11,362,6,0,0,0,0,0,0
edit_write,67de44c0d548c0402393e34e2201b364f9558d0f696fd1b14d559361b9434153,H4,255,333,10847,12251,11146,12611,false,rp1:fe8f8db30c5d823243d262e0deb22db9,kubernetes-keps,kubernetes-keps/files/keps/sig-cli/FAQ.md,G0-LIST-ITEM-INDENT|kubernetes-keps/files/keps/sig-cli/FAQ.md|list_item#5@1151-1204,break_restore_pair,1,RESTORE,E3_CONTAINER_DEPTH,,,indent_restore,1634,2,1151,1153,0,1632,11,362,6,0,0,0,0,0,0
edit_write,688e238ccf4e0741c348b3597c68ee223c8bf8f4eb0ddc59a3f3a519960e63b5,H1,44,51,72565,86327,72610,86372,false,rp1:174fe782d77c7e58ee0d9d124c123b73,rust-rfcs,rust-rfcs/files/text/3289-source_replacement_ambiguity.md,G0-CODESPAN-DELIM-BREAK|rust-rfcs/files/text/3289-source_replacement_ambiguity.md|code_span#32@3522-3533,break_restore_pair,0,BREAK,E5_INLINE_DELIMITER,middle,0.488556,delimiter_break,7209,1,3522,3523,0,7209,72,301,2,10,2,322,0.044666,0.426134,1.704536
edit_write,688e238ccf4e0741c348b3597c68ee223c8bf8f4eb0ddc59a3f3a519960e63b5,H2,122,150,84824,103594,84966,103730,false,rp1:174fe782d77c7e58ee0d9d124c123b73,rust-rfcs,rust-rfcs/files/text/3289-source_replacement_ambiguity.md,G0-CODESPAN-DELIM-BREAK|rust-rfcs/files/text/3289-source_replacement_ambiguity.md|code_span#32@3522-3533,break_restore_pair,0,BREAK,E5_INLINE_DELIMITER,middle,0.488556,delimiter_break,7209,1,3522,3523,0,7209,72,301,2,10,2,322,0.044666,0.426134,1.704536
edit_write,688e238ccf4e0741c348b3597c68ee223c8bf8f4eb0ddc59a3f3a519960e63b5,H0,36,54,48213,67231,48257,67276,false,rp1:174fe782d77c7e58ee0d9d124c123b73,rust-rfcs,rust-rfcs/files/text/3289-source_replacement_ambiguity.md,G0-CODESPAN-DELIM-BREAK|rust-rfcs/files/text/3289-source_replacement_ambiguity.md|code_span#32@3522-3533,break_restore_pair,0,BREAK,E5_INLINE_DELIMITER,middle,0.488556,delimiter_break,7209,1,3522,3523,0,7209,72,301,2,10,2,322,0.044666,0.426134,1.704536
edit_write,688e238ccf4e0741c348b3597c68ee223c8bf8f4eb0ddc59a3f3a519960e63b5,H3,3516,3758,19926,25454,23447,28849,false,rp1:174fe782d77c7e58ee0d9d124c123b73,rust-rfcs,rust-rfcs/files/text/3289-source_replacement_ambiguity.md,G0-CODESPAN-DELIM-BREAK|rust-rfcs/files/text/3289-source_replacement_ambiguity.md|code_span#32@3522-3533,break_restore_pair,0,BREAK,E5_INLINE_DELIMITER,middle,0.488556,delimiter_break,7209,1,3522,3523,0,7209,72,301,2,10,2,322,0.044666,0.426134,1.704536
edit_write,688e238ccf4e0741c348b3597c68ee223c8bf8f4eb0ddc59a3f3a519960e63b5,H4,686,758,14293,15721,15027,16403,false,rp1:174fe782d77c7e58ee0d9d124c123b73,rust-rfcs,rust-rfcs/files/text/3289-source_replacement_ambiguity.md,G0-CODESPAN-DELIM-BREAK|rust-rfcs/files/text/3289-source_replacement_ambiguity.md|code_span#32@3522-3533,break_restore_pair,0,BREAK,E5_INLINE_DELIMITER,middle,0.488556,delimiter_break,7209,1,3522,3523,0,7209,72,301,2,10,2,322,0.044666,0.426134,1.704536
edit_write,68bb037136682dacb6150f6f88cafad3830d225456abc460e02c15ef8bba9fd8,H1,44,50,34559,55125,34601,55162,true,rp1:35de5253979684f967d97480d3d21eae,rust-rfcs,rust-rfcs/files/text/1123-str-split-at.md,G0-EMPH-DELIM-BREAK|rust-rfcs/files/text/1123-str-split-at.md|emphasis#0@3424-3430,break_restore_pair,1,RESTORE,E5_INLINE_DELIMITER,,,delimiter_restore,3430,1,3429,3429,1,3431,31,877,2,2,2,866,0.252405,0.298455,1.193821
edit_write,68bb037136682dacb6150f6f88cafad3830d225456abc460e02c15ef8bba9fd8,H2,81,135,8452,9283,8535,9376,true,rp1:35de5253979684f967d97480d3d21eae,rust-rfcs,rust-rfcs/files/text/1123-str-split-at.md,G0-EMPH-DELIM-BREAK|rust-rfcs/files/text/1123-str-split-at.md|emphasis#0@3424-3430,break_restore_pair,1,RESTORE,E5_INLINE_DELIMITER,,,delimiter_restore,3430,1,3429,3429,1,3431,31,877,2,2,2,866,0.252405,0.298455,1.193821
edit_write,68bb037136682dacb6150f6f88cafad3830d225456abc460e02c15ef8bba9fd8,H0,44,51,20375,21794,20408,21842,false,rp1:35de5253979684f967d97480d3d21eae,rust-rfcs,rust-rfcs/files/text/1123-str-split-at.md,G0-EMPH-DELIM-BREAK|rust-rfcs/files/text/1123-str-split-at.md|emphasis#0@3424-3430,break_restore_pair,1,RESTORE,E5_INLINE_DELIMITER,,,delimiter_restore,3430,1,3429,3429,1,3431,31,877,2,2,2,866,0.252405,0.298455,1.193821
edit_write,68bb037136682dacb6150f6f88cafad3830d225456abc460e02c15ef8bba9fd8,H3,991,1080,6661,7226,7648,8288,true,rp1:35de5253979684f967d97480d3d21eae,rust-rfcs,rust-rfcs/files/text/1123-str-split-at.md,G0-EMPH-DELIM-BREAK|rust-rfcs/files/text/1123-str-split-at.md|emphasis#0@3424-3430,break_restore_pair,1,RESTORE,E5_INLINE_DELIMITER,,,delimiter_restore,3430,1,3429,3429,1,3431,31,877,2,2,2,866,0.252405,0.298455,1.193821
edit_write,68bb037136682dacb6150f6f88cafad3830d225456abc460e02c15ef8bba9fd8,H4,146,199,4366,4960,4533,5139,false,rp1:35de5253979684f967d97480d3d21eae,rust-rfcs,rust-rfcs/files/text/1123-str-split-at.md,G0-EMPH-DELIM-BREAK|rust-rfcs/files/text/1123-str-split-at.md|emphasis#0@3424-3430,break_restore_pair,1,RESTORE,E5_INLINE_DELIMITER,,,delimiter_restore,3430,1,3429,3429,1,3431,31,877,2,2,2,866,0.252405,0.298455,1.193821
edit_write,68d42e6d61df20bd2312aed24d24c372ab96bddbb76bd3fa56b54fef820b72c3,H1,44,67,70369,86859,70412,86905,false,rp1:56d0554ba6ece5c3bad37d7df290cc25,rust-rfcs,rust-rfcs/files/text/3289-source_replacement_ambiguity.md,G0-PARAGRAPH-MERGE|rust-rfcs/files/text/3289-source_replacement_ambiguity.md|paragraph#11@1669-1804,single_step,0,SINGLE,E2_PARAGRAPH_SPLIT_MERGE,early,0.231516,merge,7209,2,1667,1669,1,7209,72,301,2,10,2,322,0.044666,0.426134,1.704536
edit_write,68d42e6d61df20bd2312aed24d24c372ab96bddbb76bd3fa56b54fef820b72c3,H2,108,145,20140,25993,20256,26100,false,rp1:56d0554ba6ece5c3bad37d7df290cc25,rust-rfcs,rust-rfcs/files/text/3289-source_replacement_ambiguity.md,G0-PARAGRAPH-MERGE|rust-rfcs/files/text/3289-source_replacement_ambiguity.md|paragraph#11@1669-1804,single_step,0,SINGLE,E2_PARAGRAPH_SPLIT_MERGE,early,0.231516,merge,7209,2,1667,1669,1,7209,72,301,2,10,2,322,0.044666,0.426134,1.704536
edit_write,68d42e6d61df20bd2312aed24d24c372ab96bddbb76bd3fa56b54fef820b72c3,H0,36,41,47888,61350,47924,61388,false,rp1:56d0554ba6ece5c3bad37d7df290cc25,rust-rfcs,rust-rfcs/files/text/3289-source_replacement_ambiguity.md,G0-PARAGRAPH-MERGE|rust-rfcs/files/text/3289-source_replacement_ambiguity.md|paragraph#11@1669-1804,single_step,0,SINGLE,E2_PARAGRAPH_SPLIT_MERGE,early,0.231516,merge,7209,2,1667,1669,1,7209,72,301,2,10,2,322,0.044666,0.426134,1.704536
edit_write,68d42e6d61df20bd2312aed24d24c372ab96bddbb76bd3fa56b54fef820b72c3,H3,2648,2972,16850,17805,19540,20764,false,rp1:56d0554ba6ece5c3bad37d7df290cc25,rust-rfcs,rust-rfcs/files/text/3289-source_replacement_ambiguity.md,G0-PARAGRAPH-MERGE|rust-rfcs/files/text/3289-source_replacement_ambiguity.md|paragraph#11@1669-1804,single_step,0,SINGLE,E2_PARAGRAPH_SPLIT_MERGE,early,0.231516,merge,7209,2,1667,1669,1,7209,72,301,2,10,2,322,0.044666,0.426134,1.704536
edit_write,68d42e6d61df20bd2312aed24d24c372ab96bddbb76bd3fa56b54fef820b72c3,H4,415,462,10325,11434,10715,11876,false,rp1:56d0554ba6ece5c3bad37d7df290cc25,rust-rfcs,rust-rfcs/files/text/3289-source_replacement_ambiguity.md,G0-PARAGRAPH-MERGE|rust-rfcs/files/text/3289-source_replacement_ambiguity.md|paragraph#11@1669-1804,single_step,0,SINGLE,E2_PARAGRAPH_SPLIT_MERGE,early,0.231516,merge,7209,2,1667,1669,1,7209,72,301,2,10,2,322,0.044666,0.426134,1.704536
edit_write,69336ca0612fddc2954bca409e1b2639d32d623bbc152e0bfd7e6d7194cef664,H1,43,50,69015,79030,69051,79086,false,rp1:99df4c91e5b607eaf9f51fdb25b89de0,oci-image,oci-image/files/considerations.md,G0-CODESPAN-DELIM-BREAK|oci-image/files/considerations.md|code_span#25@5302-5315,break_restore_pair,0,BREAK,E5_INLINE_DELIMITER,late,0.843193,delimiter_break,6288,1,5302,5303,0,6288,64,530,2,8,8,284,0.045165,1.628499,2.605598
edit_write,69336ca0612fddc2954bca409e1b2639d32d623bbc152e0bfd7e6d7194cef664,H2,93,135,17253,18285,17357,18372,false,rp1:99df4c91e5b607eaf9f51fdb25b89de0,oci-image,oci-image/files/considerations.md,G0-CODESPAN-DELIM-BREAK|oci-image/files/considerations.md|code_span#25@5302-5315,break_restore_pair,0,BREAK,E5_INLINE_DELIMITER,late,0.843193,delimiter_break,6288,1,5302,5303,0,6288,64,530,2,8,8,284,0.045165,1.628499,2.605598
edit_write,69336ca0612fddc2954bca409e1b2639d32d623bbc152e0bfd7e6d7194cef664,H0,34,39,46784,47514,46818,47547,false,rp1:99df4c91e5b607eaf9f51fdb25b89de0,oci-image,oci-image/files/considerations.md,G0-CODESPAN-DELIM-BREAK|oci-image/files/considerations.md|code_span#25@5302-5315,break_restore_pair,0,BREAK,E5_INLINE_DELIMITER,late,0.843193,delimiter_break,6288,1,5302,5303,0,6288,64,530,2,8,8,284,0.045165,1.628499,2.605598
edit_write,69336ca0612fddc2954bca409e1b2639d32d623bbc152e0bfd7e6d7194cef664,H3,2744,2863,13733,15296,16501,18270,false,rp1:99df4c91e5b607eaf9f51fdb25b89de0,oci-image,oci-image/files/considerations.md,G0-CODESPAN-DELIM-BREAK|oci-image/files/considerations.md|code_span#25@5302-5315,break_restore_pair,0,BREAK,E5_INLINE_DELIMITER,late,0.843193,delimiter_break,6288,1,5302,5303,0,6288,64,530,2,8,8,284,0.045165,1.628499,2.605598
edit_write,69336ca0612fddc2954bca409e1b2639d32d623bbc152e0bfd7e6d7194cef664,H4,401,443,9078,9787,9485,10216,false,rp1:99df4c91e5b607eaf9f51fdb25b89de0,oci-image,oci-image/files/considerations.md,G0-CODESPAN-DELIM-BREAK|oci-image/files/considerations.md|code_span#25@5302-5315,break_restore_pair,0,BREAK,E5_INLINE_DELIMITER,late,0.843193,delimiter_break,6288,1,5302,5303,0,6288,64,530,2,8,8,284,0.045165,1.628499,2.605598
edit_write,695f65783b7991135a185c8f0db220b4c6d38f2254f12830caeb5b2ffd96d143,H1,44,50,30015,32259,30061,32304,false,rp1:7a973758de073dc5a8b177f87edc8ef5,oci-image,oci-image/files/implementations.md,G0-CODESPAN-DELIM-BREAK|oci-image/files/implementations.md|code_span#0@978-996,break_restore_pair,0,BREAK,E5_INLINE_DELIMITER,early|middle|late,0.403965,delimiter_break,2421,1,978,979,0,2421,28,249,4,0,0,0,0,0,0
edit_write,695f65783b7991135a185c8f0db220b4c6d38f2254f12830caeb5b2ffd96d143,H2,97,144,38344,45167,38422,49199,false,rp1:7a973758de073dc5a8b177f87edc8ef5,oci-image,oci-image/files/implementations.md,G0-CODESPAN-DELIM-BREAK|oci-image/files/implementations.md|code_span#0@978-996,break_restore_pair,0,BREAK,E5_INLINE_DELIMITER,early|middle|late,0.403965,delimiter_break,2421,1,978,979,0,2421,28,249,4,0,0,0,0,0,0
edit_write,695f65783b7991135a185c8f0db220b4c6d38f2254f12830caeb5b2ffd96d143,H0,45,56,24643,27001,24703,27057,false,rp1:7a973758de073dc5a8b177f87edc8ef5,oci-image,oci-image/files/implementations.md,G0-CODESPAN-DELIM-BREAK|oci-image/files/implementations.md|code_span#0@978-996,break_restore_pair,0,BREAK,E5_INLINE_DELIMITER,early|middle|late,0.403965,delimiter_break,2421,1,978,979,0,2421,28,249,4,0,0,0,0,0,0
edit_write,695f65783b7991135a185c8f0db220b4c6d38f2254f12830caeb5b2ffd96d143,H3,3384,3555,37246,49753,40616,53403,false,rp1:7a973758de073dc5a8b177f87edc8ef5,oci-image,oci-image/files/implementations.md,G0-CODESPAN-DELIM-BREAK|oci-image/files/implementations.md|code_span#0@978-996,break_restore_pair,0,BREAK,E5_INLINE_DELIMITER,early|middle|late,0.403965,delimiter_break,2421,1,978,979,0,2421,28,249,4,0,0,0,0,0,0
edit_write,695f65783b7991135a185c8f0db220b4c6d38f2254f12830caeb5b2ffd96d143,H4,401,494,33741,35677,34124,36113,false,rp1:7a973758de073dc5a8b177f87edc8ef5,oci-image,oci-image/files/implementations.md,G0-CODESPAN-DELIM-BREAK|oci-image/files/implementations.md|code_span#0@978-996,break_restore_pair,0,BREAK,E5_INLINE_DELIMITER,early|middle|late,0.403965,delimiter_break,2421,1,978,979,0,2421,28,249,4,0,0,0,0,0,0
edit_write,6af7d29f7b5a1372d5a2a374f82bf29f17c5ad8111ce15db9547361713105ab4,H1,57,76,26132,27861,26203,27918,false,rp1:e367d19452faa58527298c8d9b01cd43,owasp-cheatsheets,owasp-cheatsheets/files/cheatsheets/Email_Validation_and_Verification_Cheat_Sheet.md,G0-LOCAL-TEXT-REPLACE-EQ|owasp-cheatsheets/files/cheatsheets/Email_Validation_and_Verification_Cheat_Sheet.md|text#7@532-560,single_step,0,SINGLE,E1_LOCAL_TEXT,early,0.103724,replace_eq,5129,8,545,553,8,5129,98,247,4,0,0,0,0,0,0
edit_write,6af7d29f7b5a1372d5a2a374f82bf29f17c5ad8111ce15db9547361713105ab4,H2,108,148,18682,20013,18778,20133,false,rp1:e367d19452faa58527298c8d9b01cd43,owasp-cheatsheets,owasp-cheatsheets/files/cheatsheets/Email_Validation_and_Verification_Cheat_Sheet.md,G0-LOCAL-TEXT-REPLACE-EQ|owasp-cheatsheets/files/cheatsheets/Email_Validation_and_Verification_Cheat_Sheet.md|text#7@532-560,single_step,0,SINGLE,E1_LOCAL_TEXT,early,0.103724,replace_eq,5129,8,545,553,8,5129,98,247,4,0,0,0,0,0,0
edit_write,6af7d29f7b5a1372d5a2a374f82bf29f17c5ad8111ce15db9547361713105ab4,H0,38,51,54236,61326,54269,61359,false,rp1:e367d19452faa58527298c8d9b01cd43,owasp-cheatsheets,owasp-cheatsheets/files/cheatsheets/Email_Validation_and_Verification_Cheat_Sheet.md,G0-LOCAL-TEXT-REPLACE-EQ|owasp-cheatsheets/files/cheatsheets/Email_Validation_and_Verification_Cheat_Sheet.md|text#7@532-560,single_step,0,SINGLE,E1_LOCAL_TEXT,early,0.103724,replace_eq,5129,8,545,553,8,5129,98,247,4,0,0,0,0,0,0
edit_write,6af7d29f7b5a1372d5a2a374f82bf29f17c5ad8111ce15db9547361713105ab4,H3,3167,3338,14540,15198,17624,18350,false,rp1:e367d19452faa58527298c8d9b01cd43,owasp-cheatsheets,owasp-cheatsheets/files/cheatsheets/Email_Validation_and_Verification_Cheat_Sheet.md,G0-LOCAL-TEXT-REPLACE-EQ|owasp-cheatsheets/files/cheatsheets/Email_Validation_and_Verification_Cheat_Sheet.md|text#7@532-560,single_step,0,SINGLE,E1_LOCAL_TEXT,early,0.103724,replace_eq,5129,8,545,553,8,5129,98,247,4,0,0,0,0,0,0
edit_write,6af7d29f7b5a1372d5a2a374f82bf29f17c5ad8111ce15db9547361713105ab4,H4,488,579,11081,12137,11572,12639,false,rp1:e367d19452faa58527298c8d9b01cd43,owasp-cheatsheets,owasp-cheatsheets/files/cheatsheets/Email_Validation_and_Verification_Cheat_Sheet.md,G0-LOCAL-TEXT-REPLACE-EQ|owasp-cheatsheets/files/cheatsheets/Email_Validation_and_Verification_Cheat_Sheet.md|text#7@532-560,single_step,0,SINGLE,E1_LOCAL_TEXT,early,0.103724,replace_eq,5129,8,545,553,8,5129,98,247,4,0,0,0,0,0,0
edit_write,6b2427d04942f1ac12e37f2882960eb6e759aab67f60394af6882d3349db0370,H1,44,51,40610,47570,40657,47602,false,rp1:5840c1a6cc89716d9d622190cc512ca2,crafting-interpreters,crafting-interpreters/files/note/answers/chapter13_inheritance/1.md,G0-PARAGRAPH-MERGE|crafting-interpreters/files/note/answers/chapter13_inheritance/1.md|paragraph#19@5046-5115,single_step,0,SINGLE,E2_PARAGRAPH_SPLIT_MERGE,early|middle,0.539103,merge,9360,2,5044,5046,1,9360,49,759,2,0,0,5228,0.558547,2.188034,0
edit_write,6b2427d04942f1ac12e37f2882960eb6e759aab67f60394af6882d3349db0370,H2,75,94,12837,13706,12913,13785,false,rp1:5840c1a6cc89716d9d622190cc512ca2,crafting-interpreters,crafting-interpreters/files/note/answers/chapter13_inheritance/1.md,G0-PARAGRAPH-MERGE|crafting-interpreters/files/note/answers/chapter13_inheritance/1.md|paragraph#19@5046-5115,single_step,0,SINGLE,E2_PARAGRAPH_SPLIT_MERGE,early|middle,0.539103,merge,9360,2,5044,5046,1,9360,49,759,2,0,0,5228,0.558547,2.188034,0
edit_write,6b2427d04942f1ac12e37f2882960eb6e759aab67f60394af6882d3349db0370,H0,31,47,26969,28706,26996,28739,false,rp1:5840c1a6cc89716d9d622190cc512ca2,crafting-interpreters,crafting-interpreters/files/note/answers/chapter13_inheritance/1.md,G0-PARAGRAPH-MERGE|crafting-interpreters/files/note/answers/chapter13_inheritance/1.md|paragraph#19@5046-5115,single_step,0,SINGLE,E2_PARAGRAPH_SPLIT_MERGE,early|middle,0.539103,merge,9360,2,5044,5046,1,9360,49,759,2,0,0,5228,0.558547,2.188034,0
edit_write,6b2427d04942f1ac12e37f2882960eb6e759aab67f60394af6882d3349db0370,H3,1509,1649,9478,10223,10973,11824,false,rp1:5840c1a6cc89716d9d622190cc512ca2,crafting-interpreters,crafting-interpreters/files/note/answers/chapter13_inheritance/1.md,G0-PARAGRAPH-MERGE|crafting-interpreters/files/note/answers/chapter13_inheritance/1.md|paragraph#19@5046-5115,single_step,0,SINGLE,E2_PARAGRAPH_SPLIT_MERGE,early|middle,0.539103,merge,9360,2,5044,5046,1,9360,49,759,2,0,0,5228,0.558547,2.188034,0
edit_write,6b2427d04942f1ac12e37f2882960eb6e759aab67f60394af6882d3349db0370,H4,254,288,5479,6000,5793,6306,false,rp1:5840c1a6cc89716d9d622190cc512ca2,crafting-interpreters,crafting-interpreters/files/note/answers/chapter13_inheritance/1.md,G0-PARAGRAPH-MERGE|crafting-interpreters/files/note/answers/chapter13_inheritance/1.md|paragraph#19@5046-5115,single_step,0,SINGLE,E2_PARAGRAPH_SPLIT_MERGE,early|middle,0.539103,merge,9360,2,5044,5046,1,9360,49,759,2,0,0,5228,0.558547,2.188034,0
edit_write,6baab4b7c3e61ea7ef90050dc0479f839bc9179c49e3a25f91709a31685d07f3,H1,44,64,31462,49044,31504,49084,false,rp1:a3ec590d78176626c98dd26ded1fe192,oci-image,oci-image/files/HACKING.md,G0-PARAGRAPH-SPLIT|oci-image/files/HACKING.md|paragraph#11@912-998,single_step,0,SINGLE,E2_PARAGRAPH_SPLIT_MERGE,middle,0.491115,split,1857,2,954,955,2,1857,48,139,2,3,3,139,0.074852,4.411416,3.308562
edit_write,6baab4b7c3e61ea7ef90050dc0479f839bc9179c49e3a25f91709a31685d07f3,H2,90,108,13902,15265,13994,15379,false,rp1:a3ec590d78176626c98dd26ded1fe192,oci-image,oci-image/files/HACKING.md,G0-PARAGRAPH-SPLIT|oci-image/files/HACKING.md|paragraph#11@912-998,single_step,0,SINGLE,E2_PARAGRAPH_SPLIT_MERGE,middle,0.491115,split,1857,2,954,955,2,1857,48,139,2,3,3,139,0.074852,4.411416,3.308562
edit_write,6baab4b7c3e61ea7ef90050dc0479f839bc9179c49e3a25f91709a31685d07f3,H0,36,47,17944,19636,17977,19675,false,rp1:a3ec590d78176626c98dd26ded1fe192,oci-image,oci-image/files/HACKING.md,G0-PARAGRAPH-SPLIT|oci-image/files/HACKING.md|paragraph#11@912-998,single_step,0,SINGLE,E2_PARAGRAPH_SPLIT_MERGE,middle,0.491115,split,1857,2,954,955,2,1857,48,139,2,3,3,139,0.074852,4.411416,3.308562
edit_write,6baab4b7c3e61ea7ef90050dc0479f839bc9179c49e3a25f91709a31685d07f3,H3,1804,2003,10986,12030,12790,15027,false,rp1:a3ec590d78176626c98dd26ded1fe192,oci-image,oci-image/files/HACKING.md,G0-PARAGRAPH-SPLIT|oci-image/files/HACKING.md|paragraph#11@912-998,single_step,0,SINGLE,E2_PARAGRAPH_SPLIT_MERGE,middle,0.491115,split,1857,2,954,955,2,1857,48,139,2,3,3,139,0.074852,4.411416,3.308562
edit_write,6baab4b7c3e61ea7ef90050dc0479f839bc9179c49e3a25f91709a31685d07f3,H4,263,320,5851,6377,6115,6643,false,rp1:a3ec590d78176626c98dd26ded1fe192,oci-image,oci-image/files/HACKING.md,G0-PARAGRAPH-SPLIT|oci-image/files/HACKING.md|paragraph#11@912-998,single_step,0,SINGLE,E2_PARAGRAPH_SPLIT_MERGE,middle,0.491115,split,1857,2,954,955,2,1857,48,139,2,3,3,139,0.074852,4.411416,3.308562
edit_write,6c07587238f12dac426cf3b771cfff094be79773c3848c36ebcbde4e9f767826,H1,41,54,26068,28556,26134,28599,false,rp1:240fb863f4c41b16af870ae085376d25,myst-parser,myst-parser/files/docs/develop/contributing.md,G0-LOCAL-TEXT-REPLACE-EQ|myst-parser/files/docs/develop/contributing.md|text#10@240-262,single_step,0,SINGLE,E1_LOCAL_TEXT,early,0.088009,replace_eq,2727,8,246,254,8,2727,30,321,0,8,4,337,0.123579,2.628530,4.506051
edit_write,6c07587238f12dac426cf3b771cfff094be79773c3848c36ebcbde4e9f767826,H2,71,108,9866,10600,9937,10699,false,rp1:240fb863f4c41b16af870ae085376d25,myst-parser,myst-parser/files/docs/develop/contributing.md,G0-LOCAL-TEXT-REPLACE-EQ|myst-parser/files/docs/develop/contributing.md|text#10@240-262,single_step,0,SINGLE,E1_LOCAL_TEXT,early,0.088009,replace_eq,2727,8,246,254,8,2727,30,321,0,8,4,337,0.123579,2.628530,4.506051
edit_write,6c07587238f12dac426cf3b771cfff094be79773c3848c36ebcbde4e9f767826,H0,30,40,15770,21874,15799,21903,false,rp1:240fb863f4c41b16af870ae085376d25,myst-parser,myst-parser/files/docs/develop/contributing.md,G0-LOCAL-TEXT-REPLACE-EQ|myst-parser/files/docs/develop/contributing.md|text#10@240-262,single_step,0,SINGLE,E1_LOCAL_TEXT,early,0.088009,replace_eq,2727,8,246,254,8,2727,30,321,0,8,4,337,0.123579,2.628530,4.506051
edit_write,6c07587238f12dac426cf3b771cfff094be79773c3848c36ebcbde4e9f767826,H3,1312,1482,8065,8805,9406,10193,false,rp1:240fb863f4c41b16af870ae085376d25,myst-parser,myst-parser/files/docs/develop/contributing.md,G0-LOCAL-TEXT-REPLACE-EQ|myst-parser/files/docs/develop/contributing.md|text#10@240-262,single_step,0,SINGLE,E1_LOCAL_TEXT,early,0.088009,replace_eq,2727,8,246,254,8,2727,30,321,0,8,4,337,0.123579,2.628530,4.506051
edit_write,6c07587238f12dac426cf3b771cfff094be79773c3848c36ebcbde4e9f767826,H4,179,207,5177,5849,5330,6046,false,rp1:240fb863f4c41b16af870ae085376d25,myst-parser,myst-parser/files/docs/develop/contributing.md,G0-LOCAL-TEXT-REPLACE-EQ|myst-parser/files/docs/develop/contributing.md|text#10@240-262,single_step,0,SINGLE,E1_LOCAL_TEXT,early,0.088009,replace_eq,2727,8,246,254,8,2727,30,321,0,8,4,337,0.123579,2.628530,4.506051
edit_write,6c9483ebe49d32f630559fc1c98bd89d17981a86c86a41fe91e70e26cfeb7104,H1,40,50,4980,6066,5025,6111,false,rp1:169fbc930d9294f0c9ec4dfc6f7de24e,crafting-interpreters,crafting-interpreters/files/note/answers/chapter20_hash/1.md,G0-CODESPAN-DELIM-BREAK|crafting-interpreters/files/note/answers/chapter20_hash/1.md|code_span#5@443-448,break_restore_pair,1,RESTORE,E5_INLINE_DELIMITER,,,delimiter_restore,9633,1,443,443,1,9634,12,7498,0,0,0,8080,0.838696,0.318871,0
edit_write,6c9483ebe49d32f630559fc1c98bd89d17981a86c86a41fe91e70e26cfeb7104,H2,60,85,6294,6877,6386,6988,false,rp1:169fbc930d9294f0c9ec4dfc6f7de24e,crafting-interpreters,crafting-interpreters/files/note/answers/chapter20_hash/1.md,G0-CODESPAN-DELIM-BREAK|crafting-interpreters/files/note/answers/chapter20_hash/1.md|code_span#5@443-448,break_restore_pair,1,RESTORE,E5_INLINE_DELIMITER,,,delimiter_restore,9633,1,443,443,1,9634,12,7498,0,0,0,8080,0.838696,0.318871,0
edit_write,6c9483ebe49d32f630559fc1c98bd89d17981a86c86a41fe91e70e26cfeb7104,H0,32,49,16023,27056,16059,27084,false,rp1:169fbc930d9294f0c9ec4dfc6f7de24e,crafting-interpreters,crafting-interpreters/files/note/answers/chapter20_hash/1.md,G0-CODESPAN-DELIM-BREAK|crafting-interpreters/files/note/answers/chapter20_hash/1.md|code_span#5@443-448,break_restore_pair,1,RESTORE,E5_INLINE_DELIMITER,,,delimiter_restore,9633,1,443,443,1,9634,12,7498,0,0,0,8080,0.838696,0.318871,0
edit_write,6c9483ebe49d32f630559fc1c98bd89d17981a86c86a41fe91e70e26cfeb7104,H3,922,1041,5241,5642,6180,6612,false,rp1:169fbc930d9294f0c9ec4dfc6f7de24e,crafting-interpreters,crafting-interpreters/files/note/answers/chapter20_hash/1.md,G0-CODESPAN-DELIM-BREAK|crafting-interpreters/files/note/answers/chapter20_hash/1.md|code_span#5@443-448,break_restore_pair,1,RESTORE,E5_INLINE_DELIMITER,,,delimiter_restore,9633,1,443,443,1,9634,12,7498,0,0,0,8080,0.838696,0.318871,0
edit_write,6c9483ebe49d32f630559fc1c98bd89d17981a86c86a41fe91e70e26cfeb7104,H4,111,157,3297,3685,3409,3818,false,rp1:169fbc930d9294f0c9ec4dfc6f7de24e,crafting-interpreters,crafting-interpreters/files/note/answers/chapter20_hash/1.md,G0-CODESPAN-DELIM-BREAK|crafting-interpreters/files/note/answers/chapter20_hash/1.md|code_span#5@443-448,break_restore_pair,1,RESTORE,E5_INLINE_DELIMITER,,,delimiter_restore,9633,1,443,443,1,9634,12,7498,0,0,0,8080,0.838696,0.318871,0
edit_write,6ed4635ab549310f0a2e1a2db8208cea70067492191cec357f26b678b0b11a39,H1,45,48,73667,92376,73701,92408,false,rp1:62fe888d9ff1e68ca0d55f46b52c3bf9,rust-rfcs,rust-rfcs/files/text/3289-source_replacement_ambiguity.md,G0-LIST-ITEM-INDENT|rust-rfcs/files/text/3289-source_replacement_ambiguity.md|list_item#9@3581-3640,break_restore_pair,1,RESTORE,E3_CONTAINER_DEPTH,,,indent_restore,7211,2,3581,3583,0,7209,72,301,2,10,2,322,0.044666,0.426134,1.704536
edit_write,6ed4635ab549310f0a2e1a2db8208cea70067492191cec357f26b678b0b11a39,H2,112,159,23167,34658,23281,34814,false,rp1:62fe888d9ff1e68ca0d55f46b52c3bf9,rust-rfcs,rust-rfcs/files/text/3289-source_replacement_ambiguity.md,G0-LIST-ITEM-INDENT|rust-rfcs/files/text/3289-source_replacement_ambiguity.md|list_item#9@3581-3640,break_restore_pair,1,RESTORE,E3_CONTAINER_DEPTH,,,indent_restore,7211,2,3581,3583,0,7209,72,301,2,10,2,322,0.044666,0.426134,1.704536
edit_write,6ed4635ab549310f0a2e1a2db8208cea70067492191cec357f26b678b0b11a39,H0,35,51,48253,67212,48284,67287,false,rp1:62fe888d9ff1e68ca0d55f46b52c3bf9,rust-rfcs,rust-rfcs/files/text/3289-source_replacement_ambiguity.md,G0-LIST-ITEM-INDENT|rust-rfcs/files/text/3289-source_replacement_ambiguity.md|list_item#9@3581-3640,break_restore_pair,1,RESTORE,E3_CONTAINER_DEPTH,,,indent_restore,7211,2,3581,3583,0,7209,72,301,2,10,2,322,0.044666,0.426134,1.704536
edit_write,6ed4635ab549310f0a2e1a2db8208cea70067492191cec357f26b678b0b11a39,H3,2848,3113,19333,21095,22159,24104,false,rp1:62fe888d9ff1e68ca0d55f46b52c3bf9,rust-rfcs,rust-rfcs/files/text/3289-source_replacement_ambiguity.md,G0-LIST-ITEM-INDENT|rust-rfcs/files/text/3289-source_replacement_ambiguity.md|list_item#9@3581-3640,break_restore_pair,1,RESTORE,E3_CONTAINER_DEPTH,,,indent_restore,7211,2,3581,3583,0,7209,72,301,2,10,2,322,0.044666,0.426134,1.704536
edit_write,6ed4635ab549310f0a2e1a2db8208cea70067492191cec357f26b678b0b11a39,H4,663,742,13663,14822,14283,15528,false,rp1:62fe888d9ff1e68ca0d55f46b52c3bf9,rust-rfcs,rust-rfcs/files/text/3289-source_replacement_ambiguity.md,G0-LIST-ITEM-INDENT|rust-rfcs/files/text/3289-source_replacement_ambiguity.md|list_item#9@3581-3640,break_restore_pair,1,RESTORE,E3_CONTAINER_DEPTH,,,indent_restore,7211,2,3581,3583,0,7209,72,301,2,10,2,322,0.044666,0.426134,1.704536
edit_write,6fcda9d926538996d4548fc15bb24703d803e730a498835bdc85e0dd6989ae91,H1,42,48,8724,9176,8773,9213,false,rp1:13cc1b813eb338c6b6f5934475b2a70b,crafting-interpreters,crafting-interpreters/files/note/answers/chapter13_inheritance/1.md,G0-CODESPAN-DELIM-BREAK|crafting-interpreters/files/note/answers/chapter13_inheritance/1.md|code_span#4@4953-4961,break_restore_pair,0,BREAK,E5_INLINE_DELIMITER,middle,0.529167,delimiter_break,9360,1,4953,4954,0,9360,49,759,2,0,0,5228,0.558547,2.188034,0
edit_write,6fcda9d926538996d4548fc15bb24703d803e730a498835bdc85e0dd6989ae91,H2,74,128,12396,16972,12454,17108,false,rp1:13cc1b813eb338c6b6f5934475b2a70b,crafting-interpreters,crafting-interpreters/files/note/answers/chapter13_inheritance/1.md,G0-CODESPAN-DELIM-BREAK|crafting-interpreters/files/note/answers/chapter13_inheritance/1.md|code_span#4@4953-4961,break_restore_pair,0,BREAK,E5_INLINE_DELIMITER,middle,0.529167,delimiter_break,9360,1,4953,4954,0,9360,49,759,2,0,0,5228,0.558547,2.188034,0
edit_write,6fcda9d926538996d4548fc15bb24703d803e730a498835bdc85e0dd6989ae91,H0,33,39,27441,38782,27478,38813,false,rp1:13cc1b813eb338c6b6f5934475b2a70b,crafting-interpreters,crafting-interpreters/files/note/answers/chapter13_inheritance/1.md,G0-CODESPAN-DELIM-BREAK|crafting-interpreters/files/note/answers/chapter13_inheritance/1.md|code_span#4@4953-4961,break_restore_pair,0,BREAK,E5_INLINE_DELIMITER,middle,0.529167,delimiter_break,9360,1,4953,4954,0,9360,49,759,2,0,0,5228,0.558547,2.188034,0
edit_write,6fcda9d926538996d4548fc15bb24703d803e730a498835bdc85e0dd6989ae91,H3,1742,1873,8829,9913,10574,11826,false,rp1:13cc1b813eb338c6b6f5934475b2a70b,crafting-interpreters,crafting-interpreters/files/note/answers/chapter13_inheritance/1.md,G0-CODESPAN-DELIM-BREAK|crafting-interpreters/files/note/answers/chapter13_inheritance/1.md|code_span#4@4953-4961,break_restore_pair,0,BREAK,E5_INLINE_DELIMITER,middle,0.529167,delimiter_break,9360,1,4953,4954,0,9360,49,759,2,0,0,5228,0.558547,2.188034,0
edit_write,6fcda9d926538996d4548fc15bb24703d803e730a498835bdc85e0dd6989ae91,H4,248,311,5155,5673,5402,5955,false,rp1:13cc1b813eb338c6b6f5934475b2a70b,crafting-interpreters,crafting-interpreters/files/note/answers/chapter13_inheritance/1.md,G0-CODESPAN-DELIM-BREAK|crafting-interpreters/files/note/answers/chapter13_inheritance/1.md|code_span#4@4953-4961,break_restore_pair,0,BREAK,E5_INLINE_DELIMITER,middle,0.529167,delimiter_break,9360,1,4953,4954,0,9360,49,759,2,0,0,5228,0.558547,2.188034,0
edit_write,71140f2c88f2602f2699cc3b1fced40727ae094b4e9c51f793c814ac7b54a505,H1,44,50,48170,55240,48236,55276,false,rp1:44ddefcf8b9dd7782628286546628a65,rust-book,rust-book/files/src/appendix-06-translation.md,G0-PARAGRAPH-SPLIT|rust-book/files/src/appendix-06-translation.md|paragraph#6@702-869,single_step,0,SINGLE,E2_PARAGRAPH_SPLIT_MERGE,middle,0.352587,split,1991,2,799,800,2,1991,28,167,2,1,1,0,0,0,1.028629
edit_write,71140f2c88f2602f2699cc3b1fced40727ae094b4e9c51f793c814ac7b54a505,H2,84,134,39433,45622,39524,45697,false,rp1:44ddefcf8b9dd7782628286546628a65,rust-book,rust-book/files/src/appendix-06-translation.md,G0-PARAGRAPH-SPLIT|rust-book/files/src/appendix-06-translation.md|paragraph#6@702-869,single_step,0,SINGLE,E2_PARAGRAPH_SPLIT_MERGE,middle,0.352587,split,1991,2,799,800,2,1991,28,167,2,1,1,0,0,0,1.028629
edit_write,71140f2c88f2602f2699cc3b1fced40727ae094b4e9c51f793c814ac7b54a505,H0,44,56,23939,26022,23965,26068,false,rp1:44ddefcf8b9dd7782628286546628a65,rust-book,rust-book/files/src/appendix-06-translation.md,G0-PARAGRAPH-SPLIT|rust-book/files/src/appendix-06-translation.md|paragraph#6@702-869,single_step,0,SINGLE,E2_PARAGRAPH_SPLIT_MERGE,middle,0.352587,split,1991,2,799,800,2,1991,28,167,2,1,1,0,0,0,1.028629
edit_write,71140f2c88f2602f2699cc3b1fced40727ae094b4e9c51f793c814ac7b54a505,H3,2525,2762,38536,44679,41075,47171,false,rp1:44ddefcf8b9dd7782628286546628a65,rust-book,rust-book/files/src/appendix-06-translation.md,G0-PARAGRAPH-SPLIT|rust-book/files/src/appendix-06-translation.md|paragraph#6@702-869,single_step,0,SINGLE,E2_PARAGRAPH_SPLIT_MERGE,middle,0.352587,split,1991,2,799,800,2,1991,28,167,2,1,1,0,0,0,1.028629
edit_write,71140f2c88f2602f2699cc3b1fced40727ae094b4e9c51f793c814ac7b54a505,H4,360,399,35331,47902,35684,48218,false,rp1:44ddefcf8b9dd7782628286546628a65,rust-book,rust-book/files/src/appendix-06-translation.md,G0-PARAGRAPH-SPLIT|rust-book/files/src/appendix-06-translation.md|paragraph#6@702-869,single_step,0,SINGLE,E2_PARAGRAPH_SPLIT_MERGE,middle,0.352587,split,1991,2,799,800,2,1991,28,167,2,1,1,0,0,0,1.028629
edit_write,727f2b4fbd80338f19c517faab6aaaa816cf00de49477970b233d642cb1598ce,H1,49,66,32197,45223,32261,45266,false,rp1:4d850d58eef31c05dfe45624456a2c1d,oci-image,oci-image/files/HACKING.md,G0-LIST-ITEM-INDENT|oci-image/files/HACKING.md|list_item#1@378-384,break_restore_pair,1,RESTORE,E3_CONTAINER_DEPTH,,,indent_restore,1859,2,378,380,0,1857,48,139,2,3,3,139,0.074852,4.411416,3.308562
edit_write,727f2b4fbd80338f19c517faab6aaaa816cf00de49477970b233d642cb1598ce,H2,80,108,14706,25738,14805,25807,false,rp1:4d850d58eef31c05dfe45624456a2c1d,oci-image,oci-image/files/HACKING.md,G0-LIST-ITEM-INDENT|oci-image/files/HACKING.md|list_item#1@378-384,break_restore_pair,1,RESTORE,E3_CONTAINER_DEPTH,,,indent_restore,1859,2,378,380,0,1857,48,139,2,3,3,139,0.074852,4.411416,3.308562
edit_write,727f2b4fbd80338f19c517faab6aaaa816cf00de49477970b233d642cb1598ce,H0,33,54,17562,28809,17604,28836,false,rp1:4d850d58eef31c05dfe45624456a2c1d,oci-image,oci-image/files/HACKING.md,G0-LIST-ITEM-INDENT|oci-image/files/HACKING.md|list_item#1@378-384,break_restore_pair,1,RESTORE,E3_CONTAINER_DEPTH,,,indent_restore,1859,2,378,380,0,1857,48,139,2,3,3,139,0.074852,4.411416,3.308562
edit_write,727f2b4fbd80338f19c517faab6aaaa816cf00de49477970b233d642cb1598ce,H3,1802,1959,11326,12609,13100,14515,false,rp1:4d850d58eef31c05dfe45624456a2c1d,oci-image,oci-image/files/HACKING.md,G0-LIST-ITEM-INDENT|oci-image/files/HACKING.md|list_item#1@378-384,break_restore_pair,1,RESTORE,E3_CONTAINER_DEPTH,,,indent_restore,1859,2,378,380,0,1857,48,139,2,3,3,139,0.074852,4.411416,3.308562
edit_write,727f2b4fbd80338f19c517faab6aaaa816cf00de49477970b233d642cb1598ce,H4,328,390,7257,8024,7579,8400,false,rp1:4d850d58eef31c05dfe45624456a2c1d,oci-image,oci-image/files/HACKING.md,G0-LIST-ITEM-INDENT|oci-image/files/HACKING.md|list_item#1@378-384,break_restore_pair,1,RESTORE,E3_CONTAINER_DEPTH,,,indent_restore,1859,2,378,380,0,1857,48,139,2,3,3,139,0.074852,4.411416,3.308562
edit_write,72e99128d9a702e77b2c2a4d95cd7fdbfc20fba89d72b6f4dfd864b679c5f923,H1,43,56,34142,40229,34211,40295,false,rp1:27d3ed521850d9932edfecbf0c090bb6,rust-book,rust-book/files/src/appendix-06-translation.md,G0-REFDEF-REMOVE|rust-book/files/src/appendix-06-translation.md|reference_definition#0@201-294,break_restore_pair,0,BREAK,E6_REFERENCE_DEFINITION,early|middle|late,0.100954,definition_remove,1991,94,201,295,0,1991,28,167,2,1,1,0,0,0,1.028629
edit_write,72e99128d9a702e77b2c2a4d95cd7fdbfc20fba89d72b6f4dfd864b679c5f923,H2,91,123,36729,48906,36827,48978,false,rp1:27d3ed521850d9932edfecbf0c090bb6,rust-book,rust-book/files/src/appendix-06-translation.md,G0-REFDEF-REMOVE|rust-book/files/src/appendix-06-translation.md|reference_definition#0@201-294,break_restore_pair,0,BREAK,E6_REFERENCE_DEFINITION,early|middle|late,0.100954,definition_remove,1991,94,201,295,0,1991,28,167,2,1,1,0,0,0,1.028629
edit_write,72e99128d9a702e77b2c2a4d95cd7fdbfc20fba89d72b6f4dfd864b679c5f923,H0,36,51,23013,24683,23054,24726,false,rp1:27d3ed521850d9932edfecbf0c090bb6,rust-book,rust-book/files/src/appendix-06-translation.md,G0-REFDEF-REMOVE|rust-book/files/src/appendix-06-translation.md|reference_definition#0@201-294,break_restore_pair,0,BREAK,E6_REFERENCE_DEFINITION,early|middle|late,0.100954,definition_remove,1991,94,201,295,0,1991,28,167,2,1,1,0,0,0,1.028629
edit_write,72e99128d9a702e77b2c2a4d95cd7fdbfc20fba89d72b6f4dfd864b679c5f923,H3,1033,1137,37002,37329,38061,38335,false,rp1:27d3ed521850d9932edfecbf0c090bb6,rust-book,rust-book/files/src/appendix-06-translation.md,G0-REFDEF-REMOVE|rust-book/files/src/appendix-06-translation.md|reference_definition#0@201-294,break_restore_pair,0,BREAK,E6_REFERENCE_DEFINITION,early|middle|late,0.100954,definition_remove,1991,94,201,295,0,1991,28,167,2,1,1,0,0,0,1.028629
edit_write,72e99128d9a702e77b2c2a4d95cd7fdbfc20fba89d72b6f4dfd864b679c5f923,H4,131,176,34250,45474,34421,45652,false,rp1:27d3ed521850d9932edfecbf0c090bb6,rust-book,rust-book/files/src/appendix-06-translation.md,G0-REFDEF-REMOVE|rust-book/files/src/appendix-06-translation.md|reference_definition#0@201-294,break_restore_pair,0,BREAK,E6_REFERENCE_DEFINITION,early|middle|late,0.100954,definition_remove,1991,94,201,295,0,1991,28,167,2,1,1,0,0,0,1.028629
edit_write,73ddccb64ab70b42e7bd34b631e5614b427a14dd96c67b2581c604bce52f8110,H1,43,56,14238,15080,14290,15122,false,rp1:1b13ce959d762b6642e5f03d2076c81f,rust-book,rust-book/files/src/appendix-05-editions.md,G0-REFDEF-REMOVE|rust-book/files/src/appendix-05-editions.md|reference_definition#0@3011-3074,break_restore_pair,0,BREAK,E6_REFERENCE_DEFINITION,early|middle|late,0.979187,definition_remove,3075,64,3011,3075,0,3075,15,480,2,1,1,0,0,0,0.666016
edit_write,73ddccb64ab70b42e7bd34b631e5614b427a14dd96c67b2581c604bce52f8110,H2,68,109,4819,5291,4882,5392,false,rp1:1b13ce959d762b6642e5f03d2076c81f,rust-book,rust-book/files/src/appendix-05-editions.md,G0-REFDEF-REMOVE|rust-book/files/src/appendix-05-editions.md|reference_definition#0@3011-3074,break_restore_pair,0,BREAK,E6_REFERENCE_DEFINITION,early|middle|late,0.979187,definition_remove,3075,64,3011,3075,0,3075,15,480,2,1,1,0,0,0,0.666016
edit_write,73ddccb64ab70b42e7bd34b631e5614b427a14dd96c67b2581c604bce52f8110,H0,33,47,10820,10983,10856,11040,false,rp1:1b13ce959d762b6642e5f03d2076c81f,rust-book,rust-book/files/src/appendix-05-editions.md,G0-REFDEF-REMOVE|rust-book/files/src/appendix-05-editions.md|reference_definition#0@3011-3074,break_restore_pair,0,BREAK,E6_REFERENCE_DEFINITION,early|middle|late,0.979187,definition_remove,3075,64,3011,3075,0,3075,15,480,2,1,1,0,0,0,0.666016
edit_write,73ddccb64ab70b42e7bd34b631e5614b427a14dd96c67b2581c604bce52f8110,H3,625,745,4388,4819,4988,5590,false,rp1:1b13ce959d762b6642e5f03d2076c81f,rust-book,rust-book/files/src/appendix-05-editions.md,G0-REFDEF-REMOVE|rust-book/files/src/appendix-05-editions.md|reference_definition#0@3011-3074,break_restore_pair,0,BREAK,E6_REFERENCE_DEFINITION,early|middle|late,0.979187,definition_remove,3075,64,3011,3075,0,3075,15,480,2,1,1,0,0,0,0.666016
edit_write,73ddccb64ab70b42e7bd34b631e5614b427a14dd96c67b2581c604bce52f8110,H4,128,164,14202,14816,14343,14958,false,rp1:1b13ce959d762b6642e5f03d2076c81f,rust-book,rust-book/files/src/appendix-05-editions.md,G0-REFDEF-REMOVE|rust-book/files/src/appendix-05-editions.md|reference_definition#0@3011-3074,break_restore_pair,0,BREAK,E6_REFERENCE_DEFINITION,early|middle|late,0.979187,definition_remove,3075,64,3011,3075,0,3075,15,480,2,1,1,0,0,0,0.666016
edit_write,73fb1b73db354e144288626f81ea8a635dd9b482d932538002f210bc61affa6d,H1,44,50,44625,58752,44670,58796,true,rp1:38fd54983c59edbb9bff7584fe451377,d2l-en,d2l-en/files/chapter_installation/index.md,G0-PARAGRAPH-MERGE|d2l-en/files/chapter_installation/index.md|paragraph#3@455-868,single_step,0,SINGLE,E2_PARAGRAPH_SPLIT_MERGE,early,0.074664,merge,6094,2,453,455,1,6094,60,589,0,0,0,1227,0.201346,2.856580,0
edit_write,73fb1b73db354e144288626f81ea8a635dd9b482d932538002f210bc61affa6d,H2,86,120,15923,17559,16020,17675,true,rp1:38fd54983c59edbb9bff7584fe451377,d2l-en,d2l-en/files/chapter_installation/index.md,G0-PARAGRAPH-MERGE|d2l-en/files/chapter_installation/index.md|paragraph#3@455-868,single_step,0,SINGLE,E2_PARAGRAPH_SPLIT_MERGE,early,0.074664,merge,6094,2,453,455,1,6094,60,589,0,0,0,1227,0.201346,2.856580,0
edit_write,73fb1b73db354e144288626f81ea8a635dd9b482d932538002f210bc61affa6d,H0,46,60,31944,43255,32004,43305,false,rp1:38fd54983c59edbb9bff7584fe451377,d2l-en,d2l-en/files/chapter_installation/index.md,G0-PARAGRAPH-MERGE|d2l-en/files/chapter_installation/index.md|paragraph#3@455-868,single_step,0,SINGLE,E2_PARAGRAPH_SPLIT_MERGE,early,0.074664,merge,6094,2,453,455,1,6094,60,589,0,0,0,1227,0.201346,2.856580,0
edit_write,73fb1b73db354e144288626f81ea8a635dd9b482d932538002f210bc61affa6d,H3,1677,1851,12200,17221,13821,18885,true,rp1:38fd54983c59edbb9bff7584fe451377,d2l-en,d2l-en/files/chapter_installation/index.md,G0-PARAGRAPH-MERGE|d2l-en/files/chapter_installation/index.md|paragraph#3@455-868,single_step,0,SINGLE,E2_PARAGRAPH_SPLIT_MERGE,early,0.074664,merge,6094,2,453,455,1,6094,60,589,0,0,0,1227,0.201346,2.856580,0
edit_write,73fb1b73db354e144288626f81ea8a635dd9b482d932538002f210bc61affa6d,H4,316,360,7493,8168,7797,8490,true,rp1:38fd54983c59edbb9bff7584fe451377,d2l-en,d2l-en/files/chapter_installation/index.md,G0-PARAGRAPH-MERGE|d2l-en/files/chapter_installation/index.md|paragraph#3@455-868,single_step,0,SINGLE,E2_PARAGRAPH_SPLIT_MERGE,early,0.074664,merge,6094,2,453,455,1,6094,60,589,0,0,0,1227,0.201346,2.856580,0
edit_write,753316efbf9fa705dbe35b67c794d02275f27f4aa4b3272332b0a77692265f2c,H1,44,52,31559,42877,31608,42913,false,rp1:c72df7972db8ecfe1b6e3e92f71153f9,oci-image,oci-image/files/HACKING.md,G0-FENCE-CLOSER-REMOVE|oci-image/files/HACKING.md|code_block_fenced#2@837-882,break_restore_pair,1,RESTORE,E4_FENCE_OPEN_CLOSE,,,close_restore,1854,3,879,879,3,1857,48,139,2,3,3,139,0.074852,4.411416,3.308562
edit_write,753316efbf9fa705dbe35b67c794d02275f27f4aa4b3272332b0a77692265f2c,H2,82,119,20197,21504,20277,21639,false,rp1:c72df7972db8ecfe1b6e3e92f71153f9,oci-image,oci-image/files/HACKING.md,G0-FENCE-CLOSER-REMOVE|oci-image/files/HACKING.md|code_block_fenced#2@837-882,break_restore_pair,1,RESTORE,E4_FENCE_OPEN_CLOSE,,,close_restore,1854,3,879,879,3,1857,48,139,2,3,3,139,0.074852,4.411416,3.308562
edit_write,753316efbf9fa705dbe35b67c794d02275f27f4aa4b3272332b0a77692265f2c,H0,40,47,17389,19276,17423,19319,false,rp1:c72df7972db8ecfe1b6e3e92f71153f9,oci-image,oci-image/files/HACKING.md,G0-FENCE-CLOSER-REMOVE|oci-image/files/HACKING.md|code_block_fenced#2@837-882,break_restore_pair,1,RESTORE,E4_FENCE_OPEN_CLOSE,,,close_restore,1854,3,879,879,3,1857,48,139,2,3,3,139,0.074852,4.411416,3.308562
edit_write,753316efbf9fa705dbe35b67c794d02275f27f4aa4b3272332b0a77692265f2c,H3,1619,1833,17667,19324,19225,21278,false,rp1:c72df7972db8ecfe1b6e3e92f71153f9,oci-image,oci-image/files/HACKING.md,G0-FENCE-CLOSER-REMOVE|oci-image/files/HACKING.md|code_block_fenced#2@837-882,break_restore_pair,1,RESTORE,E4_FENCE_OPEN_CLOSE,,,close_restore,1854,3,879,879,3,1857,48,139,2,3,3,139,0.074852,4.411416,3.308562
edit_write,753316efbf9fa705dbe35b67c794d02275f27f4aa4b3272332b0a77692265f2c,H4,222,255,8795,9451,9017,9695,false,rp1:c72df7972db8ecfe1b6e3e92f71153f9,oci-image,oci-image/files/HACKING.md,G0-FENCE-CLOSER-REMOVE|oci-image/files/HACKING.md|code_block_fenced#2@837-882,break_restore_pair,1,RESTORE,E4_FENCE_OPEN_CLOSE,,,close_restore,1854,3,879,879,3,1857,48,139,2,3,3,139,0.074852,4.411416,3.308562
edit_write,75c2e90437d640e16632dd6d7e19fa7be9ec8dd720e2c85cdf49af68ff61f3cd,H1,45,48,10330,11186,10389,11223,false,rp1:ab4606e52b0167892dd53fbcb11fb4fd,opentelemetry-spec,opentelemetry-spec/files/specification/library-layout.md,G0-CODESPAN-DELIM-BREAK|opentelemetry-spec/files/specification/library-layout.md|code_span#0@698-712,break_restore_pair,1,RESTORE,E5_INLINE_DELIMITER,,,delimiter_restore,2943,1,698,698,1,2944,40,330,2,0,0,367,0.124660,0.695652,0
edit_write,75c2e90437d640e16632dd6d7e19fa7be9ec8dd720e2c85cdf49af68ff61f3cd,H2,93,116,9866,10979,9950,11079,false,rp1:ab4606e52b0167892dd53fbcb11fb4fd,opentelemetry-spec,opentelemetry-spec/files/specification/library-layout.md,G0-CODESPAN-DELIM-BREAK|opentelemetry-spec/files/specification/library-layout.md|code_span#0@698-712,break_restore_pair,1,RESTORE,E5_INLINE_DELIMITER,,,delimiter_restore,2943,1,698,698,1,2944,40,330,2,0,0,367,0.124660,0.695652,0
edit_write,75c2e90437d640e16632dd6d7e19fa7be9ec8dd720e2c85cdf49af68ff61f3cd,H0,35,51,18812,23366,18840,23403,false,rp1:ab4606e52b0167892dd53fbcb11fb4fd,opentelemetry-spec,opentelemetry-spec/files/specification/library-layout.md,G0-CODESPAN-DELIM-BREAK|opentelemetry-spec/files/specification/library-layout.md|code_span#0@698-712,break_restore_pair,1,RESTORE,E5_INLINE_DELIMITER,,,delimiter_restore,2943,1,698,698,1,2944,40,330,2,0,0,367,0.124660,0.695652,0
edit_write,75c2e90437d640e16632dd6d7e19fa7be9ec8dd720e2c85cdf49af68ff61f3cd,H3,1308,1489,7084,7735,8381,9224,true,rp1:ab4606e52b0167892dd53fbcb11fb4fd,opentelemetry-spec,opentelemetry-spec/files/specification/library-layout.md,G0-CODESPAN-DELIM-BREAK|opentelemetry-spec/files/specification/library-layout.md|code_span#0@698-712,break_restore_pair,1,RESTORE,E5_INLINE_DELIMITER,,,delimiter_restore,2943,1,698,698,1,2944,40,330,2,0,0,367,0.124660,0.695652,0
edit_write,75c2e90437d640e16632dd6d7e19fa7be9ec8dd720e2c85cdf49af68ff61f3cd,H4,206,256,3917,4535,4110,4746,false,rp1:ab4606e52b0167892dd53fbcb11fb4fd,opentelemetry-spec,opentelemetry-spec/files/specification/library-layout.md,G0-CODESPAN-DELIM-BREAK|opentelemetry-spec/files/specification/library-layout.md|code_span#0@698-712,break_restore_pair,1,RESTORE,E5_INLINE_DELIMITER,,,delimiter_restore,2943,1,698,698,1,2944,40,330,2,0,0,367,0.124660,0.695652,0
edit_write,75f9d88eade92ec417e69e6059e3ba91910d88d4e9b89c6bff1f38e99b01480b,H1,43,52,11434,17175,11496,17240,false,rp1:1dee304665f8c385003d5643e36dc45b,opentelemetry-spec,opentelemetry-spec/files/specification/library-layout.md,G0-FENCE-CLOSER-REMOVE|opentelemetry-spec/files/specification/library-layout.md|code_block_fenced#1@1786-1941,break_restore_pair,1,RESTORE,E4_FENCE_OPEN_CLOSE,,,close_restore,2941,3,1938,1938,3,2944,40,330,2,0,0,367,0.124660,0.695652,0
edit_write,75f9d88eade92ec417e69e6059e3ba91910d88d4e9b89c6bff1f38e99b01480b,H2,78,97,24653,27244,24778,27338,false,rp1:1dee304665f8c385003d5643e36dc45b,opentelemetry-spec,opentelemetry-spec/files/specification/library-layout.md,G0-FENCE-CLOSER-REMOVE|opentelemetry-spec/files/specification/library-layout.md|code_block_fenced#1@1786-1941,break_restore_pair,1,RESTORE,E4_FENCE_OPEN_CLOSE,,,close_restore,2941,3,1938,1938,3,2944,40,330,2,0,0,367,0.124660,0.695652,0
edit_write,75f9d88eade92ec417e69e6059e3ba91910d88d4e9b89c6bff1f38e99b01480b,H0,33,47,18155,20375,18199,20410,false,rp1:1dee304665f8c385003d5643e36dc45b,opentelemetry-spec,opentelemetry-spec/files/specification/library-layout.md,G0-FENCE-CLOSER-REMOVE|opentelemetry-spec/files/specification/library-layout.md|code_block_fenced#1@1786-1941,break_restore_pair,1,RESTORE,E4_FENCE_OPEN_CLOSE,,,close_restore,2941,3,1938,1938,3,2944,40,330,2,0,0,367,0.124660,0.695652,0
edit_write,75f9d88eade92ec417e69e6059e3ba91910d88d4e9b89c6bff1f38e99b01480b,H3,901,1004,22442,23667,23333,24695,false,rp1:1dee304665f8c385003d5643e36dc45b,opentelemetry-spec,opentelemetry-spec/files/specification/library-layout.md,G0-FENCE-CLOSER-REMOVE|opentelemetry-spec/files/specification/library-layout.md|code_block_fenced#1@1786-1941,break_restore_pair,1,RESTORE,E4_FENCE_OPEN_CLOSE,,,close_restore,2941,3,1938,1938,3,2944,40,330,2,0,0,367,0.124660,0.695652,0
edit_write,75f9d88eade92ec417e69e6059e3ba91910d88d4e9b89c6bff1f38e99b01480b,H4,167,210,12606,13878,12785,14084,false,rp1:1dee304665f8c385003d5643e36dc45b,opentelemetry-spec,opentelemetry-spec/files/specification/library-layout.md,G0-FENCE-CLOSER-REMOVE|opentelemetry-spec/files/specification/library-layout.md|code_block_fenced#1@1786-1941,break_restore_pair,1,RESTORE,E4_FENCE_OPEN_CLOSE,,,close_restore,2941,3,1938,1938,3,2944,40,330,2,0,0,367,0.124660,0.695652,0
edit_write,760557bd9c22d3407a47b891743a8cefc2d0bce91df3fa0b216cb2d9108d5c8f,H1,44,56,34492,45557,34549,45606,false,rp1:67f6eb72c5cc1336a28c76bd8660abbf,rust-rfcs,rust-rfcs/files/text/1123-str-split-at.md,G0-PARAGRAPH-SPLIT|rust-rfcs/files/text/1123-str-split-at.md|paragraph#5@379-481,single_step,0,SINGLE,E2_PARAGRAPH_SPLIT_MERGE,early,0.110463,split,3431,2,429,430,2,3431,31,877,2,2,2,866,0.252405,0.298455,1.193821
edit_write,760557bd9c22d3407a47b891743a8cefc2d0bce91df3fa0b216cb2d9108d5c8f,H2,92,112,10322,11860,10425,11971,false,rp1:67f6eb72c5cc1336a28c76bd8660abbf,rust-rfcs,rust-rfcs/files/text/1123-str-split-at.md,G0-PARAGRAPH-SPLIT|rust-rfcs/files/text/1123-str-split-at.md|paragraph#5@379-481,single_step,0,SINGLE,E2_PARAGRAPH_SPLIT_MERGE,early,0.110463,split,3431,2,429,430,2,3431,31,877,2,2,2,866,0.252405,0.298455,1.193821
edit_write,760557bd9c22d3407a47b891743a8cefc2d0bce91df3fa0b216cb2d9108d5c8f,H0,38,58,21547,33803,21599,33838,false,rp1:67f6eb72c5cc1336a28c76bd8660abbf,rust-rfcs,rust-rfcs/files/text/1123-str-split-at.md,G0-PARAGRAPH-SPLIT|rust-rfcs/files/text/1123-str-split-at.md|paragraph#5@379-481,single_step,0,SINGLE,E2_PARAGRAPH_SPLIT_MERGE,early,0.110463,split,3431,2,429,430,2,3431,31,877,2,2,2,866,0.252405,0.298455,1.193821
edit_write,760557bd9c22d3407a47b891743a8cefc2d0bce91df3fa0b216cb2d9108d5c8f,H3,1529,1732,8328,9160,9910,10930,false,rp1:67f6eb72c5cc1336a28c76bd8660abbf,rust-rfcs,rust-rfcs/files/text/1123-str-split-at.md,G0-PARAGRAPH-SPLIT|rust-rfcs/files/text/1123-str-split-at.md|paragraph#5@379-481,single_step,0,SINGLE,E2_PARAGRAPH_SPLIT_MERGE,early,0.110463,split,3431,2,429,430,2,3431,31,877,2,2,2,866,0.252405,0.298455,1.193821
edit_write,760557bd9c22d3407a47b891743a8cefc2d0bce91df3fa0b216cb2d9108d5c8f,H4,201,240,5172,5645,5362,5860,false,rp1:67f6eb72c5cc1336a28c76bd8660abbf,rust-rfcs,rust-rfcs/files/text/1123-str-split-at.md,G0-PARAGRAPH-SPLIT|rust-rfcs/files/text/1123-str-split-at.md|paragraph#5@379-481,single_step,0,SINGLE,E2_PARAGRAPH_SPLIT_MERGE,early,0.110463,split,3431,2,429,430,2,3431,31,877,2,2,2,866,0.252405,0.298455,1.193821
edit_write,762b3b4e918d58e39b5002a7642906e5658b38d06345ac7a18c84aefd60a4271,H1,44,48,69058,79157,69093,79199,false,rp1:9618e54121e0b22c0dad0de21c6e9e8b,oci-image,oci-image/files/considerations.md,G0-CODESPAN-DELIM-BREAK|oci-image/files/considerations.md|code_span#1@3073-3077,break_restore_pair,0,BREAK,E5_INLINE_DELIMITER,middle,0.488709,delimiter_break,6288,1,3073,3074,0,6288,64,530,2,8,8,284,0.045165,1.628499,2.605598
edit_write,762b3b4e918d58e39b5002a7642906e5658b38d06345ac7a18c84aefd60a4271,H2,92,133,16199,17482,16312,17581,false,rp1:9618e54121e0b22c0dad0de21c6e9e8b,oci-image,oci-image/files/considerations.md,G0-CODESPAN-DELIM-BREAK|oci-image/files/considerations.md|code_span#1@3073-3077,break_restore_pair,0,BREAK,E5_INLINE_DELIMITER,middle,0.488709,delimiter_break,6288,1,3073,3074,0,6288,64,530,2,8,8,284,0.045165,1.628499,2.605598
edit_write,762b3b4e918d58e39b5002a7642906e5658b38d06345ac7a18c84aefd60a4271,H0,32,41,43169,50950,43210,50977,false,rp1:9618e54121e0b22c0dad0de21c6e9e8b,oci-image,oci-image/files/considerations.md,G0-CODESPAN-DELIM-BREAK|oci-image/files/considerations.md|code_span#1@3073-3077,break_restore_pair,0,BREAK,E5_INLINE_DELIMITER,middle,0.488709,delimiter_break,6288,1,3073,3074,0,6288,64,530,2,8,8,284,0.045165,1.628499,2.605598
edit_write,762b3b4e918d58e39b5002a7642906e5658b38d06345ac7a18c84aefd60a4271,H3,2446,2594,12847,14076,15245,16652,false,rp1:9618e54121e0b22c0dad0de21c6e9e8b,oci-image,oci-image/files/considerations.md,G0-CODESPAN-DELIM-BREAK|oci-image/files/considerations.md|code_span#1@3073-3077,break_restore_pair,0,BREAK,E5_INLINE_DELIMITER,middle,0.488709,delimiter_break,6288,1,3073,3074,0,6288,64,530,2,8,8,284,0.045165,1.628499,2.605598
edit_write,762b3b4e918d58e39b5002a7642906e5658b38d06345ac7a18c84aefd60a4271,H4,411,462,8319,8886,8715,9323,false,rp1:9618e54121e0b22c0dad0de21c6e9e8b,oci-image,oci-image/files/considerations.md,G0-CODESPAN-DELIM-BREAK|oci-image/files/considerations.md|code_span#1@3073-3077,break_restore_pair,0,BREAK,E5_INLINE_DELIMITER,middle,0.488709,delimiter_break,6288,1,3073,3074,0,6288,64,530,2,8,8,284,0.045165,1.628499,2.605598
edit_write,7648b3992a70fce1a9858bcbf82343dd3caded40140cff070c19a1a76b22f52a,H1,44,50,72326,85478,72364,85539,false,rp1:fcdd451fd5c8c8e9bbd8c492db22c0b1,rust-rfcs,rust-rfcs/files/text/3289-source_replacement_ambiguity.md,G0-FENCE-CLOSER-REMOVE|rust-rfcs/files/text/3289-source_replacement_ambiguity.md|code_block_fenced#2@6321-6454,break_restore_pair,1,RESTORE,E4_FENCE_OPEN_CLOSE,,,close_restore,7206,3,6451,6451,3,7209,72,301,2,10,2,322,0.044666,0.426134,1.704536
edit_write,7648b3992a70fce1a9858bcbf82343dd3caded40140cff070c19a1a76b22f52a,H2,116,154,50004,56299,50122,56401,false,rp1:fcdd451fd5c8c8e9bbd8c492db22c0b1,rust-rfcs,rust-rfcs/files/text/3289-source_replacement_ambiguity.md,G0-FENCE-CLOSER-REMOVE|rust-rfcs/files/text/3289-source_replacement_ambiguity.md|code_block_fenced#2@6321-6454,break_restore_pair,1,RESTORE,E4_FENCE_OPEN_CLOSE,,,close_restore,7206,3,6451,6451,3,7209,72,301,2,10,2,322,0.044666,0.426134,1.704536
edit_write,7648b3992a70fce1a9858bcbf82343dd3caded40140cff070c19a1a76b22f52a,H0,43,50,48211,67333,48260,67375,false,rp1:fcdd451fd5c8c8e9bbd8c492db22c0b1,rust-rfcs,rust-rfcs/files/text/3289-source_replacement_ambiguity.md,G0-FENCE-CLOSER-REMOVE|rust-rfcs/files/text/3289-source_replacement_ambiguity.md|code_block_fenced#2@6321-6454,break_restore_pair,1,RESTORE,E4_FENCE_OPEN_CLOSE,,,close_restore,7206,3,6451,6451,3,7209,72,301,2,10,2,322,0.044666,0.426134,1.704536
edit_write,7648b3992a70fce1a9858bcbf82343dd3caded40140cff070c19a1a76b22f52a,H3,2000,2241,46616,52233,48624,54570,false,rp1:fcdd451fd5c8c8e9bbd8c492db22c0b1,rust-rfcs,rust-rfcs/files/text/3289-source_replacement_ambiguity.md,G0-FENCE-CLOSER-REMOVE|rust-rfcs/files/text/3289-source_replacement_ambiguity.md|code_block_fenced#2@6321-6454,break_restore_pair,1,RESTORE,E4_FENCE_OPEN_CLOSE,,,close_restore,7206,3,6451,6451,3,7209,72,301,2,10,2,322,0.044666,0.426134,1.704536
edit_write,7648b3992a70fce1a9858bcbf82343dd3caded40140cff070c19a1a76b22f52a,H4,313,357,82218,87304,82529,87664,false,rp1:fcdd451fd5c8c8e9bbd8c492db22c0b1,rust-rfcs,rust-rfcs/files/text/3289-source_replacement_ambiguity.md,G0-FENCE-CLOSER-REMOVE|rust-rfcs/files/text/3289-source_replacement_ambiguity.md|code_block_fenced#2@6321-6454,break_restore_pair,1,RESTORE,E4_FENCE_OPEN_CLOSE,,,close_restore,7206,3,6451,6451,3,7209,72,301,2,10,2,322,0.044666,0.426134,1.704536
edit_write,768d02de5e37124d78cc211644d0853fbe6279af971e5f2efabed69584ec0d68,H1,43,50,36506,48759,36549,48803,false,rp1:9edce22701160fcd73385d75f1d9bfe6,rust-book,rust-book/files/src/appendix-06-translation.md,G0-LOCAL-TEXT-REPLACE-EQ|rust-book/files/src/appendix-06-translation.md|text#3@151-199,single_step,0,SINGLE,E1_LOCAL_TEXT,early,0.075841,replace_eq,1991,8,188,196,8,1991,28,167,2,1,1,0,0,0,1.028629
edit_write,768d02de5e37124d78cc211644d0853fbe6279af971e5f2efabed69584ec0d68,H2,94,132,4721,5356,4819,5463,false,rp1:9edce22701160fcd73385d75f1d9bfe6,rust-book,rust-book/files/src/appendix-06-translation.md,G0-LOCAL-TEXT-REPLACE-EQ|rust-book/files/src/appendix-06-translation.md|text#3@151-199,single_step,0,SINGLE,E1_LOCAL_TEXT,early,0.075841,replace_eq,1991,8,188,196,8,1991,28,167,2,1,1,0,0,0,1.028629
edit_write,768d02de5e37124d78cc211644d0853fbe6279af971e5f2efabed69584ec0d68,H0,33,46,23329,28787,23363,28809,false,rp1:9edce22701160fcd73385d75f1d9bfe6,rust-book,rust-book/files/src/appendix-06-translation.md,G0-LOCAL-TEXT-REPLACE-EQ|rust-book/files/src/appendix-06-translation.md|text#3@151-199,single_step,0,SINGLE,E1_LOCAL_TEXT,early,0.075841,replace_eq,1991,8,188,196,8,1991,28,167,2,1,1,0,0,0,1.028629
edit_write,768d02de5e37124d78cc211644d0853fbe6279af971e5f2efabed69584ec0d68,H3,1142,1289,4162,4756,5313,5950,false,rp1:9edce22701160fcd73385d75f1d9bfe6,rust-book,rust-book/files/src/appendix-06-translation.md,G0-LOCAL-TEXT-REPLACE-EQ|rust-book/files/src/appendix-06-translation.md|text#3@151-199,single_step,0,SINGLE,E1_LOCAL_TEXT,early,0.075841,replace_eq,1991,8,188,196,8,1991,28,167,2,1,1,0,0,0,1.028629
edit_write,768d02de5e37124d78cc211644d0853fbe6279af971e5f2efabed69584ec0d68,H4,103,135,3272,3618,3403,3739,false,rp1:9edce22701160fcd73385d75f1d9bfe6,rust-book,rust-book/files/src/appendix-06-translation.md,G0-LOCAL-TEXT-REPLACE-EQ|rust-book/files/src/appendix-06-translation.md|text#3@151-199,single_step,0,SINGLE,E1_LOCAL_TEXT,early,0.075841,replace_eq,1991,8,188,196,8,1991,28,167,2,1,1,0,0,0,1.028629
edit_write,76a377de79bee74ecc0308a957ce4782b363d406c856e52ef09ef44ee185df87,H1,44,54,35639,37738,35683,37782,false,rp1:ee7885dd207d446603ad28520a783815,rust-rfcs,rust-rfcs/files/text/1123-str-split-at.md,G0-LINK-DEST-BREAK|rust-rfcs/files/text/1123-str-split-at.md|link_inline#1@147-215,single_step,0,SINGLE,E5_INLINE_DELIMITER,early|middle|late,0.042845,destination_break,3431,1,170,170,1,3431,31,877,2,2,2,866,0.252405,0.298455,1.193821
edit_write,76a377de79bee74ecc0308a957ce4782b363d406c856e52ef09ef44ee185df87,H2,93,115,11920,13162,12009,13278,false,rp1:ee7885dd207d446603ad28520a783815,rust-rfcs,rust-rfcs/files/text/1123-str-split-at.md,G0-LINK-DEST-BREAK|rust-rfcs/files/text/1123-str-split-at.md|link_inline#1@147-215,single_step,0,SINGLE,E5_INLINE_DELIMITER,early|middle|late,0.042845,destination_break,3431,1,170,170,1,3431,31,877,2,2,2,866,0.252405,0.298455,1.193821
edit_write,76a377de79bee74ecc0308a957ce4782b363d406c856e52ef09ef44ee185df87,H0,40,52,19692,20795,19735,20837,false,rp1:ee7885dd207d446603ad28520a783815,rust-rfcs,rust-rfcs/files/text/1123-str-split-at.md,G0-LINK-DEST-BREAK|rust-rfcs/files/text/1123-str-split-at.md|link_inline#1@147-215,single_step,0,SINGLE,E5_INLINE_DELIMITER,early|middle|late,0.042845,destination_break,3431,1,170,170,1,3431,31,877,2,2,2,866,0.252405,0.298455,1.193821
edit_write,76a377de79bee74ecc0308a957ce4782b363d406c856e52ef09ef44ee185df87,H3,1637,1731,9859,10380,11436,12013,false,rp1:ee7885dd207d446603ad28520a783815,rust-rfcs,rust-rfcs/files/text/1123-str-split-at.md,G0-LINK-DEST-BREAK|rust-rfcs/files/text/1123-str-split-at.md|link_inline#1@147-215,single_step,0,SINGLE,E5_INLINE_DELIMITER,early|middle|late,0.042845,destination_break,3431,1,170,170,1,3431,31,877,2,2,2,866,0.252405,0.298455,1.193821
edit_write,76a377de79bee74ecc0308a957ce4782b363d406c856e52ef09ef44ee185df87,H4,263,319,7285,8543,7521,8863,false,rp1:ee7885dd207d446603ad28520a783815,rust-rfcs,rust-rfcs/files/text/1123-str-split-at.md,G0-LINK-DEST-BREAK|rust-rfcs/files/text/1123-str-split-at.md|link_inline#1@147-215,single_step,0,SINGLE,E5_INLINE_DELIMITER,early|middle|late,0.042845,destination_break,3431,1,170,170,1,3431,31,877,2,2,2,866,0.252405,0.298455,1.193821
edit_write,76b92656c1420d28bd3a96204c95983ba4ebc7410b2baaafe97dcae89b0c54b6,H1,39,50,1695,1876,1722,1907,false,rp1:d25b86a93e8533c5ef0a31225a2f1507,crafting-interpreters,crafting-interpreters/files/note/answers/chapter01_introduction/1.md,G0-PARAGRAPH-SPLIT|crafting-interpreters/files/note/answers/chapter01_introduction/1.md|paragraph#0@0-144,single_step,0,SINGLE,E2_PARAGRAPH_SPLIT_MERGE,early,0,split,416,2,71,72,2,416,3,158,0,0,0,0,0,0,0
edit_write,76b92656c1420d28bd3a96204c95983ba4ebc7410b2baaafe97dcae89b0c54b6,H2,39,56,2189,2362,2231,2421,false,rp1:d25b86a93e8533c5ef0a31225a2f1507,crafting-interpreters,crafting-interpreters/files/note/answers/chapter01_introduction/1.md,G0-PARAGRAPH-SPLIT|crafting-interpreters/files/note/answers/chapter01_introduction/1.md|paragraph#0@0-144,single_step,0,SINGLE,E2_PARAGRAPH_SPLIT_MERGE,early,0,split,416,2,71,72,2,416,3,158,0,0,0,0,0,0,0
edit_write,76b92656c1420d28bd3a96204c95983ba4ebc7410b2baaafe97dcae89b0c54b6,H0,31,40,1704,1840,1736,1876,false,rp1:d25b86a93e8533c5ef0a31225a2f1507,crafting-interpreters,crafting-interpreters/files/note/answers/chapter01_introduction/1.md,G0-PARAGRAPH-SPLIT|crafting-interpreters/files/note/answers/chapter01_introduction/1.md|paragraph#0@0-144,single_step,0,SINGLE,E2_PARAGRAPH_SPLIT_MERGE,early,0,split,416,2,71,72,2,416,3,158,0,0,0,0,0,0,0
edit_write,76b92656c1420d28bd3a96204c95983ba4ebc7410b2baaafe97dcae89b0c54b6,H3,295,362,2014,2179,2356,2488,false,rp1:d25b86a93e8533c5ef0a31225a2f1507,crafting-interpreters,crafting-interpreters/files/note/answers/chapter01_introduction/1.md,G0-PARAGRAPH-SPLIT|crafting-interpreters/files/note/answers/chapter01_introduction/1.md|paragraph#0@0-144,single_step,0,SINGLE,E2_PARAGRAPH_SPLIT_MERGE,early,0,split,416,2,71,72,2,416,3,158,0,0,0,0,0,0,0
edit_write,76b92656c1420d28bd3a96204c95983ba4ebc7410b2baaafe97dcae89b0c54b6,H4,54,77,1293,1437,1332,1491,false,rp1:d25b86a93e8533c5ef0a31225a2f1507,crafting-interpreters,crafting-interpreters/files/note/answers/chapter01_introduction/1.md,G0-PARAGRAPH-SPLIT|crafting-interpreters/files/note/answers/chapter01_introduction/1.md|paragraph#0@0-144,single_step,0,SINGLE,E2_PARAGRAPH_SPLIT_MERGE,early,0,split,416,2,71,72,2,416,3,158,0,0,0,0,0,0,0
edit_write,76d7182424c088c668db71df1d0f37e720a41f14b6c85772adc103c35f754071,H1,43,62,10072,10731,10122,10770,false,rp1:47f93213cee2db5c5527b9c95984ddc8,kubernetes-keps,kubernetes-keps/files/keps/sig-cli/FAQ.md,G0-LIST-ITEM-INDENT|kubernetes-keps/files/keps/sig-cli/FAQ.md|list_item#6@1211-1264,break_restore_pair,0,BREAK,E3_CONTAINER_DEPTH,late,0.742034,indent_deepen,1632,2,1211,1211,2,1632,11,362,6,0,0,0,0,0,0
edit_write,76d7182424c088c668db71df1d0f37e720a41f14b6c85772adc103c35f754071,H2,67,99,14876,16535,14957,16652,false,rp1:47f93213cee2db5c5527b9c95984ddc8,kubernetes-keps,kubernetes-keps/files/keps/sig-cli/FAQ.md,G0-LIST-ITEM-INDENT|kubernetes-keps/files/keps/sig-cli/FAQ.md|list_item#6@1211-1264,break_restore_pair,0,BREAK,E3_CONTAINER_DEPTH,late,0.742034,indent_deepen,1632,2,1211,1211,2,1632,11,362,6,0,0,0,0,0,0
edit_write,76d7182424c088c668db71df1d0f37e720a41f14b6c85772adc103c35f754071,H0,32,52,9354,10000,9382,10045,false,rp1:47f93213cee2db5c5527b9c95984ddc8,kubernetes-keps,kubernetes-keps/files/keps/sig-cli/FAQ.md,G0-LIST-ITEM-INDENT|kubernetes-keps/files/keps/sig-cli/FAQ.md|list_item#6@1211-1264,break_restore_pair,0,BREAK,E3_CONTAINER_DEPTH,late,0.742034,indent_deepen,1632,2,1211,1211,2,1632,11,362,6,0,0,0,0,0,0
edit_write,76d7182424c088c668db71df1d0f37e720a41f14b6c85772adc103c35f754071,H3,1378,1509,13372,25013,14825,26464,false,rp1:47f93213cee2db5c5527b9c95984ddc8,kubernetes-keps,kubernetes-keps/files/keps/sig-cli/FAQ.md,G0-LIST-ITEM-INDENT|kubernetes-keps/files/keps/sig-cli/FAQ.md|list_item#6@1211-1264,break_restore_pair,0,BREAK,E3_CONTAINER_DEPTH,late,0.742034,indent_deepen,1632,2,1211,1211,2,1632,11,362,6,0,0,0,0,0,0
edit_write,76d7182424c088c668db71df1d0f37e720a41f14b6c85772adc103c35f754071,H4,256,316,11334,15864,11589,16092,false,rp1:47f93213cee2db5c5527b9c95984ddc8,kubernetes-keps,kubernetes-keps/files/keps/sig-cli/FAQ.md,G0-LIST-ITEM-INDENT|kubernetes-keps/files/keps/sig-cli/FAQ.md|list_item#6@1211-1264,break_restore_pair,0,BREAK,E3_CONTAINER_DEPTH,late,0.742034,indent_deepen,1632,2,1211,1211,2,1632,11,362,6,0,0,0,0,0,0
edit_write,77bf6a4855e233e4978bb3e894c5acd2c704953f2df603dc3d6534917bc70a8e,H1,44,53,35619,38249,35662,38286,false,rp1:74b93ad92138645354987f5d49671b5e,rust-rfcs,rust-rfcs/files/text/1123-str-split-at.md,G0-LIST-ITEM-INDENT|rust-rfcs/files/text/1123-str-split-at.md|list_item#3@133-215,break_restore_pair,1,RESTORE,E3_CONTAINER_DEPTH,,,indent_restore,3433,2,133,135,0,3431,31,877,2,2,2,866,0.252405,0.298455,1.193821
edit_write,77bf6a4855e233e4978bb3e894c5acd2c704953f2df603dc3d6534917bc70a8e,H2,90,139,12487,14181,12573,14306,false,rp1:74b93ad92138645354987f5d49671b5e,rust-rfcs,rust-rfcs/files/text/1123-str-split-at.md,G0-LIST-ITEM-INDENT|rust-rfcs/files/text/1123-str-split-at.md|list_item#3@133-215,break_restore_pair,1,RESTORE,E3_CONTAINER_DEPTH,,,indent_restore,3433,2,133,135,0,3431,31,877,2,2,2,866,0.252405,0.298455,1.193821
edit_write,77bf6a4855e233e4978bb3e894c5acd2c704953f2df603dc3d6534917bc70a8e,H0,33,45,21393,25921,21423,25975,false,rp1:74b93ad92138645354987f5d49671b5e,rust-rfcs,rust-rfcs/files/text/1123-str-split-at.md,G0-LIST-ITEM-INDENT|rust-rfcs/files/text/1123-str-split-at.md|list_item#3@133-215,break_restore_pair,1,RESTORE,E3_CONTAINER_DEPTH,,,indent_restore,3433,2,133,135,0,3431,31,877,2,2,2,866,0.252405,0.298455,1.193821
edit_write,77bf6a4855e233e4978bb3e894c5acd2c704953f2df603dc3d6534917bc70a8e,H3,1435,1602,10343,11590,11815,12924,false,rp1:74b93ad92138645354987f5d49671b5e,rust-rfcs,rust-rfcs/files/text/1123-str-split-at.md,G0-LIST-ITEM-INDENT|rust-rfcs/files/text/1123-str-split-at.md|list_item#3@133-215,break_restore_pair,1,RESTORE,E3_CONTAINER_DEPTH,,,indent_restore,3433,2,133,135,0,3431,31,877,2,2,2,866,0.252405,0.298455,1.193821
edit_write,77bf6a4855e233e4978bb3e894c5acd2c704953f2df603dc3d6534917bc70a8e,H4,284,332,7650,8404,7883,8692,false,rp1:74b93ad92138645354987f5d49671b5e,rust-rfcs,rust-rfcs/files/text/1123-str-split-at.md,G0-LIST-ITEM-INDENT|rust-rfcs/files/text/1123-str-split-at.md|list_item#3@133-215,break_restore_pair,1,RESTORE,E3_CONTAINER_DEPTH,,,indent_restore,3433,2,133,135,0,3431,31,877,2,2,2,866,0.252405,0.298455,1.193821
edit_write,79591834c5b6c29cebd2c6c2fdaa6c09ee1fe83606c2af405c7aa312e342e911,H1,44,56,30155,32096,30191,32169,false,rp1:3a2a10675c3d81e25e1e0aebb91a2a4c,oci-image,oci-image/files/HACKING.md,G0-LOCAL-TEXT-REPLACE-EQ|oci-image/files/HACKING.md|text#21@912-959,single_step,0,SINGLE,E1_LOCAL_TEXT,middle,0.491115,replace_eq,1857,7,929,936,7,1857,48,139,2,3,3,139,0.074852,4.411416,3.308562
edit_write,79591834c5b6c29cebd2c6c2fdaa6c09ee1fe83606c2af405c7aa312e342e911,H2,100,140,12615,14430,12702,14527,false,rp1:3a2a10675c3d81e25e1e0aebb91a2a4c,oci-image,oci-image/files/HACKING.md,G0-LOCAL-TEXT-REPLACE-EQ|oci-image/files/HACKING.md|text#21@912-959,single_step,0,SINGLE,E1_LOCAL_TEXT,middle,0.491115,replace_eq,1857,7,929,936,7,1857,48,139,2,3,3,139,0.074852,4.411416,3.308562
edit_write,79591834c5b6c29cebd2c6c2fdaa6c09ee1fe83606c2af405c7aa312e342e911,H0,37,53,17018,18464,17048,18519,false,rp1:3a2a10675c3d81e25e1e0aebb91a2a4c,oci-image,oci-image/files/HACKING.md,G0-LOCAL-TEXT-REPLACE-EQ|oci-image/files/HACKING.md|text#21@912-959,single_step,0,SINGLE,E1_LOCAL_TEXT,middle,0.491115,replace_eq,1857,7,929,936,7,1857,48,139,2,3,3,139,0.074852,4.411416,3.308562
edit_write,79591834c5b6c29cebd2c6c2fdaa6c09ee1fe83606c2af405c7aa312e342e911,H3,1806,1885,9536,14826,11329,16502,false,rp1:3a2a10675c3d81e25e1e0aebb91a2a4c,oci-image,oci-image/files/HACKING.md,G0-LOCAL-TEXT-REPLACE-EQ|oci-image/files/HACKING.md|text#21@912-959,single_step,0,SINGLE,E1_LOCAL_TEXT,middle,0.491115,replace_eq,1857,7,929,936,7,1857,48,139,2,3,3,139,0.074852,4.411416,3.308562
edit_write,79591834c5b6c29cebd2c6c2fdaa6c09ee1fe83606c2af405c7aa312e342e911,H4,257,312,5318,6028,5600,6352,false,rp1:3a2a10675c3d81e25e1e0aebb91a2a4c,oci-image,oci-image/files/HACKING.md,G0-LOCAL-TEXT-REPLACE-EQ|oci-image/files/HACKING.md|text#21@912-959,single_step,0,SINGLE,E1_LOCAL_TEXT,middle,0.491115,replace_eq,1857,7,929,936,7,1857,48,139,2,3,3,139,0.074852,4.411416,3.308562
edit_write,79c8f83fa3b3942b5aa39a94e143660d0dc056c79d5e5299bbfd6b8e16418a04,H1,46,62,32879,37548,32929,37583,false,rp1:e5f0f237605a3ceefa55f576854249f3,rust-rfcs,rust-rfcs/files/text/0404-change-prefer-dynamic.md,G0-PARAGRAPH-MERGE|rust-rfcs/files/text/0404-change-prefer-dynamic.md|paragraph#20@6025-6327,single_step,0,SINGLE,E2_PARAGRAPH_SPLIT_MERGE,late,0.878024,merge,6862,2,6023,6025,1,6862,34,901,2,1,1,889,0.129554,0.149228,0.298455
edit_write,79c8f83fa3b3942b5aa39a94e143660d0dc056c79d5e5299bbfd6b8e16418a04,H2,86,113,9725,10632,9810,10723,false,rp1:e5f0f237605a3ceefa55f576854249f3,rust-rfcs,rust-rfcs/files/text/0404-change-prefer-dynamic.md,G0-PARAGRAPH-MERGE|rust-rfcs/files/text/0404-change-prefer-dynamic.md|paragraph#20@6025-6327,single_step,0,SINGLE,E2_PARAGRAPH_SPLIT_MERGE,late,0.878024,merge,6862,2,6023,6025,1,6862,34,901,2,1,1,889,0.129554,0.149228,0.298455
edit_write,79c8f83fa3b3942b5aa39a94e143660d0dc056c79d5e5299bbfd6b8e16418a04,H0,33,57,24255,28444,24301,28480,false,rp1:e5f0f237605a3ceefa55f576854249f3,rust-rfcs,rust-rfcs/files/text/0404-change-prefer-dynamic.md,G0-PARAGRAPH-MERGE|rust-rfcs/files/text/0404-change-prefer-dynamic.md|paragraph#20@6025-6327,single_step,0,SINGLE,E2_PARAGRAPH_SPLIT_MERGE,late,0.878024,merge,6862,2,6023,6025,1,6862,34,901,2,1,1,889,0.129554,0.149228,0.298455
edit_write,79c8f83fa3b3942b5aa39a94e143660d0dc056c79d5e5299bbfd6b8e16418a04,H3,1156,1350,7430,8313,8647,9683,false,rp1:e5f0f237605a3ceefa55f576854249f3,rust-rfcs,rust-rfcs/files/text/0404-change-prefer-dynamic.md,G0-PARAGRAPH-MERGE|rust-rfcs/files/text/0404-change-prefer-dynamic.md|paragraph#20@6025-6327,single_step,0,SINGLE,E2_PARAGRAPH_SPLIT_MERGE,late,0.878024,merge,6862,2,6023,6025,1,6862,34,901,2,1,1,889,0.129554,0.149228,0.298455
edit_write,79c8f83fa3b3942b5aa39a94e143660d0dc056c79d5e5299bbfd6b8e16418a04,H4,173,190,4716,5299,4873,5478,false,rp1:e5f0f237605a3ceefa55f576854249f3,rust-rfcs,rust-rfcs/files/text/0404-change-prefer-dynamic.md,G0-PARAGRAPH-MERGE|rust-rfcs/files/text/0404-change-prefer-dynamic.md|paragraph#20@6025-6327,single_step,0,SINGLE,E2_PARAGRAPH_SPLIT_MERGE,late,0.878024,merge,6862,2,6023,6025,1,6862,34,901,2,1,1,889,0.129554,0.149228,0.298455
edit_write,79d201d06f0b6d7c609b0f4ad9ac6703d4ee79bd4cbacc5f8f7f4b9d5025bb0e,H1,43,62,34221,38133,34262,38185,false,rp1:cd708cd7190ce2a0eaff0eca0734fe63,rust-rfcs,rust-rfcs/files/text/0404-change-prefer-dynamic.md,G0-PARAGRAPH-SPLIT|rust-rfcs/files/text/0404-change-prefer-dynamic.md|paragraph#11@3501-3616,single_step,0,SINGLE,E2_PARAGRAPH_SPLIT_MERGE,middle,0.510201,split,6862,2,3559,3560,2,6862,34,901,2,1,1,889,0.129554,0.149228,0.298455
edit_write,79d201d06f0b6d7c609b0f4ad9ac6703d4ee79bd4cbacc5f8f7f4b9d5025bb0e,H2,93,110,9782,10327,9863,10423,false,rp1:cd708cd7190ce2a0eaff0eca0734fe63,rust-rfcs,rust-rfcs/files/text/0404-change-prefer-dynamic.md,G0-PARAGRAPH-SPLIT|rust-rfcs/files/text/0404-change-prefer-dynamic.md|paragraph#11@3501-3616,single_step,0,SINGLE,E2_PARAGRAPH_SPLIT_MERGE,middle,0.510201,split,6862,2,3559,3560,2,6862,34,901,2,1,1,889,0.129554,0.149228,0.298455
edit_write,79d201d06f0b6d7c609b0f4ad9ac6703d4ee79bd4cbacc5f8f7f4b9d5025bb0e,H0,33,49,25021,26651,25058,26697,false,rp1:cd708cd7190ce2a0eaff0eca0734fe63,rust-rfcs,rust-rfcs/files/text/0404-change-prefer-dynamic.md,G0-PARAGRAPH-SPLIT|rust-rfcs/files/text/0404-change-prefer-dynamic.md|paragraph#11@3501-3616,single_step,0,SINGLE,E2_PARAGRAPH_SPLIT_MERGE,middle,0.510201,split,6862,2,3559,3560,2,6862,34,901,2,1,1,889,0.129554,0.149228,0.298455
edit_write,79d201d06f0b6d7c609b0f4ad9ac6703d4ee79bd4cbacc5f8f7f4b9d5025bb0e,H3,1225,1430,7450,7924,8649,9354,false,rp1:cd708cd7190ce2a0eaff0eca0734fe63,rust-rfcs,rust-rfcs/files/text/0404-change-prefer-dynamic.md,G0-PARAGRAPH-SPLIT|rust-rfcs/files/text/0404-change-prefer-dynamic.md|paragraph#11@3501-3616,single_step,0,SINGLE,E2_PARAGRAPH_SPLIT_MERGE,middle,0.510201,split,6862,2,3559,3560,2,6862,34,901,2,1,1,889,0.129554,0.149228,0.298455
edit_write,79d201d06f0b6d7c609b0f4ad9ac6703d4ee79bd4cbacc5f8f7f4b9d5025bb0e,H4,219,260,4560,4792,4749,5088,false,rp1:cd708cd7190ce2a0eaff0eca0734fe63,rust-rfcs,rust-rfcs/files/text/0404-change-prefer-dynamic.md,G0-PARAGRAPH-SPLIT|rust-rfcs/files/text/0404-change-prefer-dynamic.md|paragraph#11@3501-3616,single_step,0,SINGLE,E2_PARAGRAPH_SPLIT_MERGE,middle,0.510201,split,6862,2,3559,3560,2,6862,34,901,2,1,1,889,0.129554,0.149228,0.298455
edit_write,7aef71638f2f719ed6c38c86506eee85737708b667e4bced462e66a6d2a5a12d,H1,39,47,1480,1591,1522,1635,false,rp1:cb61d6eeacf260dff5ab7b563d8250e9,crafting-interpreters,crafting-interpreters/files/note/answers/chapter01_introduction/1.md,G0-LOCAL-TEXT-REPLACE-EQ|crafting-interpreters/files/note/answers/chapter01_introduction/1.md|text#0@0-144,single_step,0,SINGLE,E1_LOCAL_TEXT,early,0,replace_eq,416,8,62,70,8,416,3,158,0,0,0,0,0,0,0
edit_write,7aef71638f2f719ed6c38c86506eee85737708b667e4bced462e66a6d2a5a12d,H2,45,57,1849,2017,1902,2066,false,rp1:cb61d6eeacf260dff5ab7b563d8250e9,crafting-interpreters,crafting-interpreters/files/note/answers/chapter01_introduction/1.md,G0-LOCAL-TEXT-REPLACE-EQ|crafting-interpreters/files/note/answers/chapter01_introduction/1.md|text#0@0-144,single_step,0,SINGLE,E1_LOCAL_TEXT,early,0,replace_eq,416,8,62,70,8,416,3,158,0,0,0,0,0,0,0
edit_write,7aef71638f2f719ed6c38c86506eee85737708b667e4bced462e66a6d2a5a12d,H0,27,34,1497,1556,1537,1598,false,rp1:cb61d6eeacf260dff5ab7b563d8250e9,crafting-interpreters,crafting-interpreters/files/note/answers/chapter01_introduction/1.md,G0-LOCAL-TEXT-REPLACE-EQ|crafting-interpreters/files/note/answers/chapter01_introduction/1.md|text#0@0-144,single_step,0,SINGLE,E1_LOCAL_TEXT,early,0,replace_eq,416,8,62,70,8,416,3,158,0,0,0,0,0,0,0
edit_write,7aef71638f2f719ed6c38c86506eee85737708b667e4bced462e66a6d2a5a12d,H3,304,365,1600,1837,1893,2241,false,rp1:cb61d6eeacf260dff5ab7b563d8250e9,crafting-interpreters,crafting-interpreters/files/note/answers/chapter01_introduction/1.md,G0-LOCAL-TEXT-REPLACE-EQ|crafting-interpreters/files/note/answers/chapter01_introduction/1.md|text#0@0-144,single_step,0,SINGLE,E1_LOCAL_TEXT,early,0,replace_eq,416,8,62,70,8,416,3,158,0,0,0,0,0,0,0
edit_write,7aef71638f2f719ed6c38c86506eee85737708b667e4bced462e66a6d2a5a12d,H4,51,77,1020,1210,1059,1270,false,rp1:cb61d6eeacf260dff5ab7b563d8250e9,crafting-interpreters,crafting-interpreters/files/note/answers/chapter01_introduction/1.md,G0-LOCAL-TEXT-REPLACE-EQ|crafting-interpreters/files/note/answers/chapter01_introduction/1.md|text#0@0-144,single_step,0,SINGLE,E1_LOCAL_TEXT,early,0,replace_eq,416,8,62,70,8,416,3,158,0,0,0,0,0,0,0
edit_write,7b4502db71fb9e6d46cdd5cb2df2cfa87c7acff03f4f11b38b7465ad2bcba8f2,H1,44,55,31031,42644,31075,42702,false,rp1:314c24f7462fb13be329964c3dfb7bec,oci-image,oci-image/files/HACKING.md,G0-CODESPAN-DELIM-BREAK|oci-image/files/HACKING.md|code_span#4@1638-1643,break_restore_pair,1,RESTORE,E5_INLINE_DELIMITER,,,delimiter_restore,1856,1,1638,1638,1,1857,48,139,2,3,3,139,0.074852,4.411416,3.308562
edit_write,7b4502db71fb9e6d46cdd5cb2df2cfa87c7acff03f4f11b38b7465ad2bcba8f2,H2,86,114,12439,14224,12540,14330,false,rp1:314c24f7462fb13be329964c3dfb7bec,oci-image,oci-image/files/HACKING.md,G0-CODESPAN-DELIM-BREAK|oci-image/files/HACKING.md|code_span#4@1638-1643,break_restore_pair,1,RESTORE,E5_INLINE_DELIMITER,,,delimiter_restore,1856,1,1638,1638,1,1857,48,139,2,3,3,139,0.074852,4.411416,3.308562
edit_write,7b4502db71fb9e6d46cdd5cb2df2cfa87c7acff03f4f11b38b7465ad2bcba8f2,H0,36,54,17185,18391,17216,18424,false,rp1:314c24f7462fb13be329964c3dfb7bec,oci-image,oci-image/files/HACKING.md,G0-CODESPAN-DELIM-BREAK|oci-image/files/HACKING.md|code_span#4@1638-1643,break_restore_pair,1,RESTORE,E5_INLINE_DELIMITER,,,delimiter_restore,1856,1,1638,1638,1,1857,48,139,2,3,3,139,0.074852,4.411416,3.308562
edit_write,7b4502db71fb9e6d46cdd5cb2df2cfa87c7acff03f4f11b38b7465ad2bcba8f2,H3,1744,1884,9165,9932,10871,11761,false,rp1:314c24f7462fb13be329964c3dfb7bec,oci-image,oci-image/files/HACKING.md,G0-CODESPAN-DELIM-BREAK|oci-image/files/HACKING.md|code_span#4@1638-1643,break_restore_pair,1,RESTORE,E5_INLINE_DELIMITER,,,delimiter_restore,1856,1,1638,1638,1,1857,48,139,2,3,3,139,0.074852,4.411416,3.308562
edit_write,7b4502db71fb9e6d46cdd5cb2df2cfa87c7acff03f4f11b38b7465ad2bcba8f2,H4,274,321,5313,5849,5531,6159,false,rp1:314c24f7462fb13be329964c3dfb7bec,oci-image,oci-image/files/HACKING.md,G0-CODESPAN-DELIM-BREAK|oci-image/files/HACKING.md|code_span#4@1638-1643,break_restore_pair,1,RESTORE,E5_INLINE_DELIMITER,,,delimiter_restore,1856,1,1638,1638,1,1857,48,139,2,3,3,139,0.074852,4.411416,3.308562
edit_write,7b70853f946d5f7d1e576c3384b501606a907461bb58999d1e1e2540e2b861cf,H1,43,47,25973,27549,26040,27592,false,rp1:88d92f4aa15a16ad388efd92eb632e71,myst-parser,myst-parser/files/docs/develop/contributing.md,G0-CODESPAN-DELIM-BREAK|myst-parser/files/docs/develop/contributing.md|code_span#0@430-443,break_restore_pair,1,RESTORE,E5_INLINE_DELIMITER,,,delimiter_restore,2726,1,430,430,1,2727,30,321,0,8,4,337,0.123579,2.628530,4.506051
edit_write,7b70853f946d5f7d1e576c3384b501606a907461bb58999d1e1e2540e2b861cf,H2,83,115,9040,9700,9104,9767,false,rp1:88d92f4aa15a16ad388efd92eb632e71,myst-parser,myst-parser/files/docs/develop/contributing.md,G0-CODESPAN-DELIM-BREAK|myst-parser/files/docs/develop/contributing.md|code_span#0@430-443,break_restore_pair,1,RESTORE,E5_INLINE_DELIMITER,,,delimiter_restore,2726,1,430,430,1,2727,30,321,0,8,4,337,0.123579,2.628530,4.506051
edit_write,7b70853f946d5f7d1e576c3384b501606a907461bb58999d1e1e2540e2b861cf,H0,32,41,16044,17254,16073,17289,false,rp1:88d92f4aa15a16ad388efd92eb632e71,myst-parser,myst-parser/files/docs/develop/contributing.md,G0-CODESPAN-DELIM-BREAK|myst-parser/files/docs/develop/contributing.md|code_span#0@430-443,break_restore_pair,1,RESTORE,E5_INLINE_DELIMITER,,,delimiter_restore,2726,1,430,430,1,2727,30,321,0,8,4,337,0.123579,2.628530,4.506051
edit_write,7b70853f946d5f7d1e576c3384b501606a907461bb58999d1e1e2540e2b861cf,H3,1145,1228,7082,7416,8140,8606,false,rp1:88d92f4aa15a16ad388efd92eb632e71,myst-parser,myst-parser/files/docs/develop/contributing.md,G0-CODESPAN-DELIM-BREAK|myst-parser/files/docs/develop/contributing.md|code_span#0@430-443,break_restore_pair,1,RESTORE,E5_INLINE_DELIMITER,,,delimiter_restore,2726,1,430,430,1,2727,30,321,0,8,4,337,0.123579,2.628530,4.506051
edit_write,7b70853f946d5f7d1e576c3384b501606a907461bb58999d1e1e2540e2b861cf,H4,177,227,4747,5491,4938,5780,false,rp1:88d92f4aa15a16ad388efd92eb632e71,myst-parser,myst-parser/files/docs/develop/contributing.md,G0-CODESPAN-DELIM-BREAK|myst-parser/files/docs/develop/contributing.md|code_span#0@430-443,break_restore_pair,1,RESTORE,E5_INLINE_DELIMITER,,,delimiter_restore,2726,1,430,430,1,2727,30,321,0,8,4,337,0.123579,2.628530,4.506051
edit_write,7b9cd2e241c7e76e74b0eb78f917ad692e11cf5912110fc0ba2ea177e923249f,H1,56,76,2646,2834,2705,2903,true,rp1:bf6479cb689ed98744fd8f814048b1d5,d2l-en,d2l-en/files/chapter_generative-adversarial-networks/index.md,G0-ATX-TO-PARAGRAPH|d2l-en/files/chapter_generative-adversarial-networks/index.md|heading_atx#0@0-33,break_restore_pair,1,RESTORE,ATX_HEADING_TOGGLE,,,marker_insert,87,2,0,0,2,89,3,34,0,0,0,24,0.269663,11.505618,0
edit_write,7b9cd2e241c7e76e74b0eb78f917ad692e11cf5912110fc0ba2ea177e923249f,H2,63,100,2749,3024,2806,3123,true,rp1:bf6479cb689ed98744fd8f814048b1d5,d2l-en,d2l-en/files/chapter_generative-adversarial-networks/index.md,G0-ATX-TO-PARAGRAPH|d2l-en/files/chapter_generative-adversarial-networks/index.md|heading_atx#0@0-33,break_restore_pair,1,RESTORE,ATX_HEADING_TOGGLE,,,marker_insert,87,2,0,0,2,89,3,34,0,0,0,24,0.269663,11.505618,0
edit_write,7b9cd2e241c7e76e74b0eb78f917ad692e11cf5912110fc0ba2ea177e923249f,H0,50,74,1594,1694,1652,1772,true,rp1:bf6479cb689ed98744fd8f814048b1d5,d2l-en,d2l-en/files/chapter_generative-adversarial-networks/index.md,G0-ATX-TO-PARAGRAPH|d2l-en/files/chapter_generative-adversarial-networks/index.md|heading_atx#0@0-33,break_restore_pair,1,RESTORE,ATX_HEADING_TOGGLE,,,marker_insert,87,2,0,0,2,89,3,34,0,0,0,24,0.269663,11.505618,0
edit_write,7b9cd2e241c7e76e74b0eb78f917ad692e11cf5912110fc0ba2ea177e923249f,H3,439,513,2575,2886,3001,3401,true,rp1:bf6479cb689ed98744fd8f814048b1d5,d2l-en,d2l-en/files/chapter_generative-adversarial-networks/index.md,G0-ATX-TO-PARAGRAPH|d2l-en/files/chapter_generative-adversarial-networks/index.md|heading_atx#0@0-33,break_restore_pair,1,RESTORE,ATX_HEADING_TOGGLE,,,marker_insert,87,2,0,0,2,89,3,34,0,0,0,24,0.269663,11.505618,0
edit_write,7b9cd2e241c7e76e74b0eb78f917ad692e11cf5912110fc0ba2ea177e923249f,H4,104,135,2124,2458,2227,2593,true,rp1:bf6479cb689ed98744fd8f814048b1d5,d2l-en,d2l-en/files/chapter_generative-adversarial-networks/index.md,G0-ATX-TO-PARAGRAPH|d2l-en/files/chapter_generative-adversarial-networks/index.md|heading_atx#0@0-33,break_restore_pair,1,RESTORE,ATX_HEADING_TOGGLE,,,marker_insert,87,2,0,0,2,89,3,34,0,0,0,24,0.269663,11.505618,0
edit_write,7bead3e0928cd4b0e3f5db78ec77368f869dc72f1b59956265ea56bdc390b87c,H1,44,56,9858,10860,9910,10903,false,rp1:d552ed55052da2fb18b0e49747dc6235,crafting-interpreters,crafting-interpreters/files/note/answers/chapter13_inheritance/1.md,G0-CODESPAN-DELIM-BREAK|crafting-interpreters/files/note/answers/chapter13_inheritance/1.md|code_span#0@2148-2163,break_restore_pair,1,RESTORE,E5_INLINE_DELIMITER,,,delimiter_restore,9359,1,2148,2148,1,9360,49,759,2,0,0,5228,0.558547,2.188034,0
edit_write,7bead3e0928cd4b0e3f5db78ec77368f869dc72f1b59956265ea56bdc390b87c,H2,80,116,11743,12692,11817,12812,false,rp1:d552ed55052da2fb18b0e49747dc6235,crafting-interpreters,crafting-interpreters/files/note/answers/chapter13_inheritance/1.md,G0-CODESPAN-DELIM-BREAK|crafting-interpreters/files/note/answers/chapter13_inheritance/1.md|code_span#0@2148-2163,break_restore_pair,1,RESTORE,E5_INLINE_DELIMITER,,,delimiter_restore,9359,1,2148,2148,1,9360,49,759,2,0,0,5228,0.558547,2.188034,0
edit_write,7bead3e0928cd4b0e3f5db78ec77368f869dc72f1b59956265ea56bdc390b87c,H0,32,47,27336,29613,27366,29636,false,rp1:d552ed55052da2fb18b0e49747dc6235,crafting-interpreters,crafting-interpreters/files/note/answers/chapter13_inheritance/1.md,G0-CODESPAN-DELIM-BREAK|crafting-interpreters/files/note/answers/chapter13_inheritance/1.md|code_span#0@2148-2163,break_restore_pair,1,RESTORE,E5_INLINE_DELIMITER,,,delimiter_restore,9359,1,2148,2148,1,9360,49,759,2,0,0,5228,0.558547,2.188034,0
edit_write,7bead3e0928cd4b0e3f5db78ec77368f869dc72f1b59956265ea56bdc390b87c,H3,1565,1732,8764,9907,10387,11675,false,rp1:d552ed55052da2fb18b0e49747dc6235,crafting-interpreters,crafting-interpreters/files/note/answers/chapter13_inheritance/1.md,G0-CODESPAN-DELIM-BREAK|crafting-interpreters/files/note/answers/chapter13_inheritance/1.md|code_span#0@2148-2163,break_restore_pair,1,RESTORE,E5_INLINE_DELIMITER,,,delimiter_restore,9359,1,2148,2148,1,9360,49,759,2,0,0,5228,0.558547,2.188034,0
edit_write,7bead3e0928cd4b0e3f5db78ec77368f869dc72f1b59956265ea56bdc390b87c,H4,281,316,5046,5707,5304,5996,false,rp1:d552ed55052da2fb18b0e49747dc6235,crafting-interpreters,crafting-interpreters/files/note/answers/chapter13_inheritance/1.md,G0-CODESPAN-DELIM-BREAK|crafting-interpreters/files/note/answers/chapter13_inheritance/1.md|code_span#0@2148-2163,break_restore_pair,1,RESTORE,E5_INLINE_DELIMITER,,,delimiter_restore,9359,1,2148,2148,1,9360,49,759,2,0,0,5228,0.558547,2.188034,0
edit_write,7d5c9e88c4b5e2dc31112982694389b38a4f0f71ff398a6105dbad45e00005ee,H1,41,50,18188,22220,18225,22265,false,rp1:4e81a59d1e94a642f5bc220aa9f9d29c,crafting-interpreters,crafting-interpreters/files/note/answers/chapter20_hash/1.md,G0-PARAGRAPH-MERGE|crafting-interpreters/files/note/answers/chapter20_hash/1.md|paragraph#4@742-1015,single_step,0,SINGLE,E2_PARAGRAPH_SPLIT_MERGE,early,0.077019,merge,9634,2,740,742,1,9634,12,7498,0,0,0,8080,0.838696,0.318871,0
edit_write,7d5c9e88c4b5e2dc31112982694389b38a4f0f71ff398a6105dbad45e00005ee,H2,67,97,5432,5924,5508,5999,false,rp1:4e81a59d1e94a642f5bc220aa9f9d29c,crafting-interpreters,crafting-interpreters/files/note/answers/chapter20_hash/1.md,G0-PARAGRAPH-MERGE|crafting-interpreters/files/note/answers/chapter20_hash/1.md|paragraph#4@742-1015,single_step,0,SINGLE,E2_PARAGRAPH_SPLIT_MERGE,early,0.077019,merge,9634,2,740,742,1,9634,12,7498,0,0,0,8080,0.838696,0.318871,0
edit_write,7d5c9e88c4b5e2dc31112982694389b38a4f0f71ff398a6105dbad45e00005ee,H0,33,40,15676,16802,15707,16853,false,rp1:4e81a59d1e94a642f5bc220aa9f9d29c,crafting-interpreters,crafting-interpreters/files/note/answers/chapter20_hash/1.md,G0-PARAGRAPH-MERGE|crafting-interpreters/files/note/answers/chapter20_hash/1.md|paragraph#4@742-1015,single_step,0,SINGLE,E2_PARAGRAPH_SPLIT_MERGE,early,0.077019,merge,9634,2,740,742,1,9634,12,7498,0,0,0,8080,0.838696,0.318871,0
edit_write,7d5c9e88c4b5e2dc31112982694389b38a4f0f71ff398a6105dbad45e00005ee,H3,511,591,4170,4709,4710,5373,false,rp1:4e81a59d1e94a642f5bc220aa9f9d29c,crafting-interpreters,crafting-interpreters/files/note/answers/chapter20_hash/1.md,G0-PARAGRAPH-MERGE|crafting-interpreters/files/note/answers/chapter20_hash/1.md|paragraph#4@742-1015,single_step,0,SINGLE,E2_PARAGRAPH_SPLIT_MERGE,early,0.077019,merge,9634,2,740,742,1,9634,12,7498,0,0,0,8080,0.838696,0.318871,0
edit_write,7d5c9e88c4b5e2dc31112982694389b38a4f0f71ff398a6105dbad45e00005ee,H4,110,155,2603,2803,2723,2958,false,rp1:4e81a59d1e94a642f5bc220aa9f9d29c,crafting-interpreters,crafting-interpreters/files/note/answers/chapter20_hash/1.md,G0-PARAGRAPH-MERGE|crafting-interpreters/files/note/answers/chapter20_hash/1.md|paragraph#4@742-1015,single_step,0,SINGLE,E2_PARAGRAPH_SPLIT_MERGE,early,0.077019,merge,9634,2,740,742,1,9634,12,7498,0,0,0,8080,0.838696,0.318871,0
edit_write,7e94ac02dde8d70eaaf5e8e61127c49acd493143f24236f8d7df688622327689,H1,44,51,48492,55177,48528,55222,false,rp1:ac6a7c32b65613b20d86fa66a0ef9245,rust-book,rust-book/files/src/appendix-06-translation.md,G0-PARAGRAPH-SPLIT|rust-book/files/src/appendix-06-translation.md|paragraph#1@298-359,single_step,0,SINGLE,E2_PARAGRAPH_SPLIT_MERGE,early,0.149674,split,1991,2,354,355,2,1991,28,167,2,1,1,0,0,0,1.028629
edit_write,7e94ac02dde8d70eaaf5e8e61127c49acd493143f24236f8d7df688622327689,H2,117,137,39117,50646,39263,50728,false,rp1:ac6a7c32b65613b20d86fa66a0ef9245,rust-book,rust-book/files/src/appendix-06-translation.md,G0-PARAGRAPH-SPLIT|rust-book/files/src/appendix-06-translation.md|paragraph#1@298-359,single_step,0,SINGLE,E2_PARAGRAPH_SPLIT_MERGE,early,0.149674,split,1991,2,354,355,2,1991,28,167,2,1,1,0,0,0,1.028629
edit_write,7e94ac02dde8d70eaaf5e8e61127c49acd493143f24236f8d7df688622327689,H0,34,46,23447,25882,23476,25924,false,rp1:ac6a7c32b65613b20d86fa66a0ef9245,rust-book,rust-book/files/src/appendix-06-translation.md,G0-PARAGRAPH-SPLIT|rust-book/files/src/appendix-06-translation.md|paragraph#1@298-359,single_step,0,SINGLE,E2_PARAGRAPH_SPLIT_MERGE,early,0.149674,split,1991,2,354,355,2,1991,28,167,2,1,1,0,0,0,1.028629
edit_write,7e94ac02dde8d70eaaf5e8e61127c49acd493143f24236f8d7df688622327689,H3,2059,2278,38989,41707,40991,44359,false,rp1:ac6a7c32b65613b20d86fa66a0ef9245,rust-book,rust-book/files/src/appendix-06-translation.md,G0-PARAGRAPH-SPLIT|rust-book/files/src/appendix-06-translation.md|paragraph#1@298-359,single_step,0,SINGLE,E2_PARAGRAPH_SPLIT_MERGE,early,0.149674,split,1991,2,354,355,2,1991,28,167,2,1,1,0,0,0,1.028629
edit_write,7e94ac02dde8d70eaaf5e8e61127c49acd493143f24236f8d7df688622327689,H4,344,391,35082,37136,35419,37522,false,rp1:ac6a7c32b65613b20d86fa66a0ef9245,rust-book,rust-book/files/src/appendix-06-translation.md,G0-PARAGRAPH-SPLIT|rust-book/files/src/appendix-06-translation.md|paragraph#1@298-359,single_step,0,SINGLE,E2_PARAGRAPH_SPLIT_MERGE,early,0.149674,split,1991,2,354,355,2,1991,28,167,2,1,1,0,0,0,1.028629
edit_write,7eaa6df2c96ac2dd353a86a9e74f3724559b94da70cb07b400a4e0ba86c57a4e,H1,44,57,35940,43173,35983,43222,false,rp1:45a8fb8637a67a3e3dacc15d9f0e7cfc,rust-rfcs,rust-rfcs/files/text/1123-str-split-at.md,G0-LIST-ITEM-INDENT|rust-rfcs/files/text/1123-str-split-at.md|list_item#6@3006-3211,break_restore_pair,0,BREAK,E3_CONTAINER_DEPTH,middle|late,0.876129,indent_deepen,3431,2,3006,3006,2,3431,31,877,2,2,2,866,0.252405,0.298455,1.193821
edit_write,7eaa6df2c96ac2dd353a86a9e74f3724559b94da70cb07b400a4e0ba86c57a4e,H2,83,107,14013,15714,14120,15805,false,rp1:45a8fb8637a67a3e3dacc15d9f0e7cfc,rust-rfcs,rust-rfcs/files/text/1123-str-split-at.md,G0-LIST-ITEM-INDENT|rust-rfcs/files/text/1123-str-split-at.md|list_item#6@3006-3211,break_restore_pair,0,BREAK,E3_CONTAINER_DEPTH,middle|late,0.876129,indent_deepen,3431,2,3006,3006,2,3431,31,877,2,2,2,866,0.252405,0.298455,1.193821
edit_write,7eaa6df2c96ac2dd353a86a9e74f3724559b94da70cb07b400a4e0ba86c57a4e,H0,37,55,21578,27178,21606,27217,false,rp1:45a8fb8637a67a3e3dacc15d9f0e7cfc,rust-rfcs,rust-rfcs/files/text/1123-str-split-at.md,G0-LIST-ITEM-INDENT|rust-rfcs/files/text/1123-str-split-at.md|list_item#6@3006-3211,break_restore_pair,0,BREAK,E3_CONTAINER_DEPTH,middle|late,0.876129,indent_deepen,3431,2,3006,3006,2,3431,31,877,2,2,2,866,0.252405,0.298455,1.193821
edit_write,7eaa6df2c96ac2dd353a86a9e74f3724559b94da70cb07b400a4e0ba86c57a4e,H3,1483,1668,12044,13359,13521,15048,false,rp1:45a8fb8637a67a3e3dacc15d9f0e7cfc,rust-rfcs,rust-rfcs/files/text/1123-str-split-at.md,G0-LIST-ITEM-INDENT|rust-rfcs/files/text/1123-str-split-at.md|list_item#6@3006-3211,break_restore_pair,0,BREAK,E3_CONTAINER_DEPTH,middle|late,0.876129,indent_deepen,3431,2,3006,3006,2,3431,31,877,2,2,2,866,0.252405,0.298455,1.193821
edit_write,7eaa6df2c96ac2dd353a86a9e74f3724559b94da70cb07b400a4e0ba86c57a4e,H4,263,320,8558,9300,8747,9537,false,rp1:45a8fb8637a67a3e3dacc15d9f0e7cfc,rust-rfcs,rust-rfcs/files/text/1123-str-split-at.md,G0-LIST-ITEM-INDENT|rust-rfcs/files/text/1123-str-split-at.md|list_item#6@3006-3211,break_restore_pair,0,BREAK,E3_CONTAINER_DEPTH,middle|late,0.876129,indent_deepen,3431,2,3006,3006,2,3431,31,877,2,2,2,866,0.252405,0.298455,1.193821
edit_write,7fdb3ed3e9c8d0284723f10bab37cc1e8227df4bcb19db973367f64678f93221,H1,43,50,46603,58050,46652,58097,false,rp1:c2faab1c816a37987b00b070102f9732,rust-book,rust-book/files/src/appendix-06-translation.md,G0-LOCAL-TEXT-REPLACE-EQ|rust-book/files/src/appendix-06-translation.md|text#36@1750-1756,single_step,0,SINGLE,E1_LOCAL_TEXT,late,0.878955,replace_eq,1991,4,1752,1756,4,1991,28,167,2,1,1,0,0,0,1.028629
edit_write,7fdb3ed3e9c8d0284723f10bab37cc1e8227df4bcb19db973367f64678f93221,H2,91,135,37729,57403,37809,57513,false,rp1:c2faab1c816a37987b00b070102f9732,rust-book,rust-book/files/src/appendix-06-translation.md,G0-LOCAL-TEXT-REPLACE-EQ|rust-book/files/src/appendix-06-translation.md|text#36@1750-1756,single_step,0,SINGLE,E1_LOCAL_TEXT,late,0.878955,replace_eq,1991,4,1752,1756,4,1991,28,167,2,1,1,0,0,0,1.028629
edit_write,7fdb3ed3e9c8d0284723f10bab37cc1e8227df4bcb19db973367f64678f93221,H0,34,52,23256,34649,23297,34693,false,rp1:c2faab1c816a37987b00b070102f9732,rust-book,rust-book/files/src/appendix-06-translation.md,G0-LOCAL-TEXT-REPLACE-EQ|rust-book/files/src/appendix-06-translation.md|text#36@1750-1756,single_step,0,SINGLE,E1_LOCAL_TEXT,late,0.878955,replace_eq,1991,4,1752,1756,4,1991,28,167,2,1,1,0,0,0,1.028629
edit_write,7fdb3ed3e9c8d0284723f10bab37cc1e8227df4bcb19db973367f64678f93221,H3,2862,3187,37397,50090,40274,53043,false,rp1:c2faab1c816a37987b00b070102f9732,rust-book,rust-book/files/src/appendix-06-translation.md,G0-LOCAL-TEXT-REPLACE-EQ|rust-book/files/src/appendix-06-translation.md|text#36@1750-1756,single_step,0,SINGLE,E1_LOCAL_TEXT,late,0.878955,replace_eq,1991,4,1752,1756,4,1991,28,167,2,1,1,0,0,0,1.028629
edit_write,7fdb3ed3e9c8d0284723f10bab37cc1e8227df4bcb19db973367f64678f93221,H4,345,407,34001,41084,34384,41416,false,rp1:c2faab1c816a37987b00b070102f9732,rust-book,rust-book/files/src/appendix-06-translation.md,G0-LOCAL-TEXT-REPLACE-EQ|rust-book/files/src/appendix-06-translation.md|text#36@1750-1756,single_step,0,SINGLE,E1_LOCAL_TEXT,late,0.878955,replace_eq,1991,4,1752,1756,4,1991,28,167,2,1,1,0,0,0,1.028629
edit_write,8066098647a37f0152c216f31ccbcae39de413f548b80f6a213b0782ac5f3512,H1,43,48,72229,92804,72270,92836,false,rp1:44206a6253810b9f7754f91789b68503,rust-rfcs,rust-rfcs/files/text/3289-source_replacement_ambiguity.md,G0-PARAGRAPH-SPLIT|rust-rfcs/files/text/3289-source_replacement_ambiguity.md|paragraph#37@6494-6565,single_step,0,SINGLE,E2_PARAGRAPH_SPLIT_MERGE,late,0.900818,split,7209,2,6530,6531,2,7209,72,301,2,10,2,322,0.044666,0.426134,1.704536
edit_write,8066098647a37f0152c216f31ccbcae39de413f548b80f6a213b0782ac5f3512,H2,116,155,19942,33221,20072,33351,false,rp1:44206a6253810b9f7754f91789b68503,rust-rfcs,rust-rfcs/files/text/3289-source_replacement_ambiguity.md,G0-PARAGRAPH-SPLIT|rust-rfcs/files/text/3289-source_replacement_ambiguity.md|paragraph#37@6494-6565,single_step,0,SINGLE,E2_PARAGRAPH_SPLIT_MERGE,late,0.900818,split,7209,2,6530,6531,2,7209,72,301,2,10,2,322,0.044666,0.426134,1.704536
edit_write,8066098647a37f0152c216f31ccbcae39de413f548b80f6a213b0782ac5f3512,H0,36,54,48450,62983,48499,63027,false,rp1:44206a6253810b9f7754f91789b68503,rust-rfcs,rust-rfcs/files/text/3289-source_replacement_ambiguity.md,G0-PARAGRAPH-SPLIT|rust-rfcs/files/text/3289-source_replacement_ambiguity.md|paragraph#37@6494-6565,single_step,0,SINGLE,E2_PARAGRAPH_SPLIT_MERGE,late,0.900818,split,7209,2,6530,6531,2,7209,72,301,2,10,2,322,0.044666,0.426134,1.704536
edit_write,8066098647a37f0152c216f31ccbcae39de413f548b80f6a213b0782ac5f3512,H3,2495,2691,16323,18030,18736,20911,false,rp1:44206a6253810b9f7754f91789b68503,rust-rfcs,rust-rfcs/files/text/3289-source_replacement_ambiguity.md,G0-PARAGRAPH-SPLIT|rust-rfcs/files/text/3289-source_replacement_ambiguity.md|paragraph#37@6494-6565,single_step,0,SINGLE,E2_PARAGRAPH_SPLIT_MERGE,late,0.900818,split,7209,2,6530,6531,2,7209,72,301,2,10,2,322,0.044666,0.426134,1.704536
edit_write,8066098647a37f0152c216f31ccbcae39de413f548b80f6a213b0782ac5f3512,H4,440,482,9456,10182,9869,10667,false,rp1:44206a6253810b9f7754f91789b68503,rust-rfcs,rust-rfcs/files/text/3289-source_replacement_ambiguity.md,G0-PARAGRAPH-SPLIT|rust-rfcs/files/text/3289-source_replacement_ambiguity.md|paragraph#37@6494-6565,single_step,0,SINGLE,E2_PARAGRAPH_SPLIT_MERGE,late,0.900818,split,7209,2,6530,6531,2,7209,72,301,2,10,2,322,0.044666,0.426134,1.704536
edit_write,808db073a4fb2b3b431241533696cc0aafbef7513bf72cdf11198287228a80b1,H1,29,39,1829,1980,1873,2019,false,rp1:1260a6919816cb34c09b617251c567bf,crafting-interpreters,crafting-interpreters/files/note/answers/chapter01_introduction/1.md,G0-PARAGRAPH-MERGE|crafting-interpreters/files/note/answers/chapter01_introduction/1.md|paragraph#2@306-415,single_step,0,SINGLE,E2_PARAGRAPH_SPLIT_MERGE,late,0.735577,merge,416,2,304,306,1,416,3,158,0,0,0,0,0,0,0
edit_write,808db073a4fb2b3b431241533696cc0aafbef7513bf72cdf11198287228a80b1,H2,53,82,2276,2560,2348,2630,false,rp1:1260a6919816cb34c09b617251c567bf,crafting-interpreters,crafting-interpreters/files/note/answers/chapter01_introduction/1.md,G0-PARAGRAPH-MERGE|crafting-interpreters/files/note/answers/chapter01_introduction/1.md|paragraph#2@306-415,single_step,0,SINGLE,E2_PARAGRAPH_SPLIT_MERGE,late,0.735577,merge,416,2,304,306,1,416,3,158,0,0,0,0,0,0,0
edit_write,808db073a4fb2b3b431241533696cc0aafbef7513bf72cdf11198287228a80b1,H0,28,34,1389,1477,1419,1511,false,rp1:1260a6919816cb34c09b617251c567bf,crafting-interpreters,crafting-interpreters/files/note/answers/chapter01_introduction/1.md,G0-PARAGRAPH-MERGE|crafting-interpreters/files/note/answers/chapter01_introduction/1.md|paragraph#2@306-415,single_step,0,SINGLE,E2_PARAGRAPH_SPLIT_MERGE,late,0.735577,merge,416,2,304,306,1,416,3,158,0,0,0,0,0,0,0
edit_write,808db073a4fb2b3b431241533696cc0aafbef7513bf72cdf11198287228a80b1,H3,317,388,1951,2314,2266,2619,false,rp1:1260a6919816cb34c09b617251c567bf,crafting-interpreters,crafting-interpreters/files/note/answers/chapter01_introduction/1.md,G0-PARAGRAPH-MERGE|crafting-interpreters/files/note/answers/chapter01_introduction/1.md|paragraph#2@306-415,single_step,0,SINGLE,E2_PARAGRAPH_SPLIT_MERGE,late,0.735577,merge,416,2,304,306,1,416,3,158,0,0,0,0,0,0,0
edit_write,808db073a4fb2b3b431241533696cc0aafbef7513bf72cdf11198287228a80b1,H4,53,66,1237,1372,1298,1428,false,rp1:1260a6919816cb34c09b617251c567bf,crafting-interpreters,crafting-interpreters/files/note/answers/chapter01_introduction/1.md,G0-PARAGRAPH-MERGE|crafting-interpreters/files/note/answers/chapter01_introduction/1.md|paragraph#2@306-415,single_step,0,SINGLE,E2_PARAGRAPH_SPLIT_MERGE,late,0.735577,merge,416,2,304,306,1,416,3,158,0,0,0,0,0,0,0
edit_write,81815860e8d1363939917aaae82838019da5c7eaa1dee341a77feb063c222b3e,H1,45,66,70578,84865,70636,84909,false,rp1:09a44080746047a8643f03719f8555a0,oci-image,oci-image/files/considerations.md,G0-LIST-ITEM-INDENT|oci-image/files/considerations.md|list_item#17@4994-5010,break_restore_pair,1,RESTORE,E3_CONTAINER_DEPTH,,,indent_restore,6290,2,4994,4996,0,6288,64,530,2,8,8,284,0.045165,1.628499,2.605598
edit_write,81815860e8d1363939917aaae82838019da5c7eaa1dee341a77feb063c222b3e,H2,103,122,20724,22259,20823,22356,false,rp1:09a44080746047a8643f03719f8555a0,oci-image,oci-image/files/considerations.md,G0-LIST-ITEM-INDENT|oci-image/files/considerations.md|list_item#17@4994-5010,break_restore_pair,1,RESTORE,E3_CONTAINER_DEPTH,,,indent_restore,6290,2,4994,4996,0,6288,64,530,2,8,8,284,0.045165,1.628499,2.605598
edit_write,81815860e8d1363939917aaae82838019da5c7eaa1dee341a77feb063c222b3e,H0,36,46,44729,57009,44766,57040,false,rp1:09a44080746047a8643f03719f8555a0,oci-image,oci-image/files/considerations.md,G0-LIST-ITEM-INDENT|oci-image/files/considerations.md|list_item#17@4994-5010,break_restore_pair,1,RESTORE,E3_CONTAINER_DEPTH,,,indent_restore,6290,2,4994,4996,0,6288,64,530,2,8,8,284,0.045165,1.628499,2.605598
edit_write,81815860e8d1363939917aaae82838019da5c7eaa1dee341a77feb063c222b3e,H3,2668,2822,17366,18989,20024,21738,false,rp1:09a44080746047a8643f03719f8555a0,oci-image,oci-image/files/considerations.md,G0-LIST-ITEM-INDENT|oci-image/files/considerations.md|list_item#17@4994-5010,break_restore_pair,1,RESTORE,E3_CONTAINER_DEPTH,,,indent_restore,6290,2,4994,4996,0,6288,64,530,2,8,8,284,0.045165,1.628499,2.605598
edit_write,81815860e8d1363939917aaae82838019da5c7eaa1dee341a77feb063c222b3e,H4,548,632,12369,13261,12947,13858,false,rp1:09a44080746047a8643f03719f8555a0,oci-image,oci-image/files/considerations.md,G0-LIST-ITEM-INDENT|oci-image/files/considerations.md|list_item#17@4994-5010,break_restore_pair,1,RESTORE,E3_CONTAINER_DEPTH,,,indent_restore,6290,2,4994,4996,0,6288,64,530,2,8,8,284,0.045165,1.628499,2.605598
edit_write,8196468a2a94316d1819ccdee437ec9f0d39c85bbdcada00faf8001f40f819b8,H1,45,57,10117,10746,10178,10795,false,rp1:b0aa7fe109cdea39be46b933b1eb6975,d2l-en,d2l-en/files/chapter_installation/index.md,G0-PARAGRAPH-SPLIT|d2l-en/files/chapter_installation/index.md|paragraph#34@5328-5791,single_step,0,SINGLE,E2_PARAGRAPH_SPLIT_MERGE,late,0.874303,split,6094,2,5558,5559,2,6094,60,589,0,0,0,1227,0.201346,2.856580,0
edit_write,8196468a2a94316d1819ccdee437ec9f0d39c85bbdcada00faf8001f40f819b8,H2,81,112,19163,20309,19269,20396,false,rp1:b0aa7fe109cdea39be46b933b1eb6975,d2l-en,d2l-en/files/chapter_installation/index.md,G0-PARAGRAPH-SPLIT|d2l-en/files/chapter_installation/index.md|paragraph#34@5328-5791,single_step,0,SINGLE,E2_PARAGRAPH_SPLIT_MERGE,late,0.874303,split,6094,2,5558,5559,2,6094,60,589,0,0,0,1227,0.201346,2.856580,0
edit_write,8196468a2a94316d1819ccdee437ec9f0d39c85bbdcada00faf8001f40f819b8,H0,36,40,31585,33275,31606,33311,false,rp1:b0aa7fe109cdea39be46b933b1eb6975,d2l-en,d2l-en/files/chapter_installation/index.md,G0-PARAGRAPH-SPLIT|d2l-en/files/chapter_installation/index.md|paragraph#34@5328-5791,single_step,0,SINGLE,E2_PARAGRAPH_SPLIT_MERGE,late,0.874303,split,6094,2,5558,5559,2,6094,60,589,0,0,0,1227,0.201346,2.856580,0
edit_write,8196468a2a94316d1819ccdee437ec9f0d39c85bbdcada00faf8001f40f819b8,H3,2163,2323,15691,16836,17927,19332,false,rp1:b0aa7fe109cdea39be46b933b1eb6975,d2l-en,d2l-en/files/chapter_installation/index.md,G0-PARAGRAPH-SPLIT|d2l-en/files/chapter_installation/index.md|paragraph#34@5328-5791,single_step,0,SINGLE,E2_PARAGRAPH_SPLIT_MERGE,late,0.874303,split,6094,2,5558,5559,2,6094,60,589,0,0,0,1227,0.201346,2.856580,0
edit_write,8196468a2a94316d1819ccdee437ec9f0d39c85bbdcada00faf8001f40f819b8,H4,290,327,7553,8129,7831,8397,false,rp1:b0aa7fe109cdea39be46b933b1eb6975,d2l-en,d2l-en/files/chapter_installation/index.md,G0-PARAGRAPH-SPLIT|d2l-en/files/chapter_installation/index.md|paragraph#34@5328-5791,single_step,0,SINGLE,E2_PARAGRAPH_SPLIT_MERGE,late,0.874303,split,6094,2,5558,5559,2,6094,60,589,0,0,0,1227,0.201346,2.856580,0
edit_write,81fdea3ccfb4e45255aba7bbea58f27d5b84fd18df33ff75a84b61a1c0352ebb,H1,45,54,17979,19934,18022,19981,true,rp1:434db086e7c2b31ed55bff9e7591565b,crafting-interpreters,crafting-interpreters/files/note/answers/chapter20_hash/1.md,G0-PARAGRAPH-MERGE|crafting-interpreters/files/note/answers/chapter20_hash/1.md|paragraph#8@2110-2133,single_step,0,SINGLE,E2_PARAGRAPH_SPLIT_MERGE,middle|late,0.219016,merge,9634,2,2108,2110,1,9634,12,7498,0,0,0,8080,0.838696,0.318871,0
edit_write,81fdea3ccfb4e45255aba7bbea58f27d5b84fd18df33ff75a84b61a1c0352ebb,H2,75,96,4904,5500,4989,5590,true,rp1:434db086e7c2b31ed55bff9e7591565b,crafting-interpreters,crafting-interpreters/files/note/answers/chapter20_hash/1.md,G0-PARAGRAPH-MERGE|crafting-interpreters/files/note/answers/chapter20_hash/1.md|paragraph#8@2110-2133,single_step,0,SINGLE,E2_PARAGRAPH_SPLIT_MERGE,middle|late,0.219016,merge,9634,2,2108,2110,1,9634,12,7498,0,0,0,8080,0.838696,0.318871,0
edit_write,81fdea3ccfb4e45255aba7bbea58f27d5b84fd18df33ff75a84b61a1c0352ebb,H0,42,53,15864,21981,15891,22004,true,rp1:434db086e7c2b31ed55bff9e7591565b,crafting-interpreters,crafting-interpreters/files/note/answers/chapter20_hash/1.md,G0-PARAGRAPH-MERGE|crafting-interpreters/files/note/answers/chapter20_hash/1.md|paragraph#8@2110-2133,single_step,0,SINGLE,E2_PARAGRAPH_SPLIT_MERGE,middle|late,0.219016,merge,9634,2,2108,2110,1,9634,12,7498,0,0,0,8080,0.838696,0.318871,0
edit_write,81fdea3ccfb4e45255aba7bbea58f27d5b84fd18df33ff75a84b61a1c0352ebb,H3,544,623,3776,4138,4347,4720,true,rp1:434db086e7c2b31ed55bff9e7591565b,crafting-interpreters,crafting-interpreters/files/note/answers/chapter20_hash/1.md,G0-PARAGRAPH-MERGE|crafting-interpreters/files/note/answers/chapter20_hash/1.md|paragraph#8@2110-2133,single_step,0,SINGLE,E2_PARAGRAPH_SPLIT_MERGE,middle|late,0.219016,merge,9634,2,2108,2110,1,9634,12,7498,0,0,0,8080,0.838696,0.318871,0
edit_write,81fdea3ccfb4e45255aba7bbea58f27d5b84fd18df33ff75a84b61a1c0352ebb,H4,116,150,2104,2534,2224,2704,true,rp1:434db086e7c2b31ed55bff9e7591565b,crafting-interpreters,crafting-interpreters/files/note/answers/chapter20_hash/1.md,G0-PARAGRAPH-MERGE|crafting-interpreters/files/note/answers/chapter20_hash/1.md|paragraph#8@2110-2133,single_step,0,SINGLE,E2_PARAGRAPH_SPLIT_MERGE,middle|late,0.219016,merge,9634,2,2108,2110,1,9634,12,7498,0,0,0,8080,0.838696,0.318871,0
edit_write,82c60937300de0b2bf3ef53fcdd12983e5dbfaef9490d320d5fff82b13d0dabb,H1,43,51,12289,13263,12340,13305,false,rp1:367a9b9c151ede717045183bccd9b5fd,d2l-en,d2l-en/files/chapter_installation/index.md,G0-FENCE-CLOSER-REMOVE|d2l-en/files/chapter_installation/index.md|code_block_fenced#16@5297-5325,break_restore_pair,1,RESTORE,E4_FENCE_OPEN_CLOSE,,,close_restore,6091,3,5322,5322,3,6094,60,589,0,0,0,1227,0.201346,2.856580,0
edit_write,82c60937300de0b2bf3ef53fcdd12983e5dbfaef9490d320d5fff82b13d0dabb,H2,82,99,28459,40474,28517,40537,true,rp1:367a9b9c151ede717045183bccd9b5fd,d2l-en,d2l-en/files/chapter_installation/index.md,G0-FENCE-CLOSER-REMOVE|d2l-en/files/chapter_installation/index.md|code_block_fenced#16@5297-5325,break_restore_pair,1,RESTORE,E4_FENCE_OPEN_CLOSE,,,close_restore,6091,3,5322,5322,3,6094,60,589,0,0,0,1227,0.201346,2.856580,0
edit_write,82c60937300de0b2bf3ef53fcdd12983e5dbfaef9490d320d5fff82b13d0dabb,H0,46,58,31013,43668,31057,43715,true,rp1:367a9b9c151ede717045183bccd9b5fd,d2l-en,d2l-en/files/chapter_installation/index.md,G0-FENCE-CLOSER-REMOVE|d2l-en/files/chapter_installation/index.md|code_block_fenced#16@5297-5325,break_restore_pair,1,RESTORE,E4_FENCE_OPEN_CLOSE,,,close_restore,6091,3,5322,5322,3,6094,60,589,0,0,0,1227,0.201346,2.856580,0
edit_write,82c60937300de0b2bf3ef53fcdd12983e5dbfaef9490d320d5fff82b13d0dabb,H3,1418,1524,22957,24534,24366,26058,false,rp1:367a9b9c151ede717045183bccd9b5fd,d2l-en,d2l-en/files/chapter_installation/index.md,G0-FENCE-CLOSER-REMOVE|d2l-en/files/chapter_installation/index.md|code_block_fenced#16@5297-5325,break_restore_pair,1,RESTORE,E4_FENCE_OPEN_CLOSE,,,close_restore,6091,3,5322,5322,3,6094,60,589,0,0,0,1227,0.201346,2.856580,0
edit_write,82c60937300de0b2bf3ef53fcdd12983e5dbfaef9490d320d5fff82b13d0dabb,H4,275,318,12119,13067,12376,13377,true,rp1:367a9b9c151ede717045183bccd9b5fd,d2l-en,d2l-en/files/chapter_installation/index.md,G0-FENCE-CLOSER-REMOVE|d2l-en/files/chapter_installation/index.md|code_block_fenced#16@5297-5325,break_restore_pair,1,RESTORE,E4_FENCE_OPEN_CLOSE,,,close_restore,6091,3,5322,5322,3,6094,60,589,0,0,0,1227,0.201346,2.856580,0
edit_write,82f4fca7f6b35beb7567e37839ed9166f5dda3effe1818cdef2980b56e32205c,H1,41,53,11723,12584,11768,12637,false,rp1:4053b113a1a4a731f2dbb292395b34c3,opentelemetry-spec,opentelemetry-spec/files/specification/library-layout.md,G0-LOCAL-TEXT-REPLACE-EQ|opentelemetry-spec/files/specification/library-layout.md|text#3@274-349,single_step,0,SINGLE,E1_LOCAL_TEXT,early,0.093071,replace_eq,2944,8,325,333,8,2944,40,330,2,0,0,367,0.124660,0.695652,0
edit_write,82f4fca7f6b35beb7567e37839ed9166f5dda3effe1818cdef2980b56e32205c,H2,76,118,9949,10711,10024,10763,false,rp1:4053b113a1a4a731f2dbb292395b34c3,opentelemetry-spec,opentelemetry-spec/files/specification/library-layout.md,G0-LOCAL-TEXT-REPLACE-EQ|opentelemetry-spec/files/specification/library-layout.md|text#3@274-349,single_step,0,SINGLE,E1_LOCAL_TEXT,early,0.093071,replace_eq,2944,8,325,333,8,2944,40,330,2,0,0,367,0.124660,0.695652,0
edit_write,82f4fca7f6b35beb7567e37839ed9166f5dda3effe1818cdef2980b56e32205c,H0,41,49,18409,19501,18451,19547,false,rp1:4053b113a1a4a731f2dbb292395b34c3,opentelemetry-spec,opentelemetry-spec/files/specification/library-layout.md,G0-LOCAL-TEXT-REPLACE-EQ|opentelemetry-spec/files/specification/library-layout.md|text#3@274-349,single_step,0,SINGLE,E1_LOCAL_TEXT,early,0.093071,replace_eq,2944,8,325,333,8,2944,40,330,2,0,0,367,0.124660,0.695652,0
edit_write,82f4fca7f6b35beb7567e37839ed9166f5dda3effe1818cdef2980b56e32205c,H3,1278,1400,7275,7766,8566,9126,false,rp1:4053b113a1a4a731f2dbb292395b34c3,opentelemetry-spec,opentelemetry-spec/files/specification/library-layout.md,G0-LOCAL-TEXT-REPLACE-EQ|opentelemetry-spec/files/specification/library-layout.md|text#3@274-349,single_step,0,SINGLE,E1_LOCAL_TEXT,early,0.093071,replace_eq,2944,8,325,333,8,2944,40,330,2,0,0,367,0.124660,0.695652,0
edit_write,82f4fca7f6b35beb7567e37839ed9166f5dda3effe1818cdef2980b56e32205c,H4,246,284,4117,4451,4359,4674,false,rp1:4053b113a1a4a731f2dbb292395b34c3,opentelemetry-spec,opentelemetry-spec/files/specification/library-layout.md,G0-LOCAL-TEXT-REPLACE-EQ|opentelemetry-spec/files/specification/library-layout.md|text#3@274-349,single_step,0,SINGLE,E1_LOCAL_TEXT,early,0.093071,replace_eq,2944,8,325,333,8,2944,40,330,2,0,0,367,0.124660,0.695652,0
edit_write,8306b1003f14faeed2726556e7c5f47ece2ffe4deee6e3f812c36979b66281f0,H1,49,71,27672,29776,27719,29822,false,rp1:998d33ebba53fe972ba553b71502e55d,owasp-cheatsheets,owasp-cheatsheets/files/cheatsheets/Email_Validation_and_Verification_Cheat_Sheet.md,G0-PARAGRAPH-SPLIT|owasp-cheatsheets/files/cheatsheets/Email_Validation_and_Verification_Cheat_Sheet.md|paragraph#4@532-560,single_step,0,SINGLE,E2_PARAGRAPH_SPLIT_MERGE,early,0.103724,split,5129,2,543,544,2,5129,98,247,4,0,0,0,0,0,0
edit_write,8306b1003f14faeed2726556e7c5f47ece2ffe4deee6e3f812c36979b66281f0,H2,108,140,20656,21975,20765,22052,false,rp1:998d33ebba53fe972ba553b71502e55d,owasp-cheatsheets,owasp-cheatsheets/files/cheatsheets/Email_Validation_and_Verification_Cheat_Sheet.md,G0-PARAGRAPH-SPLIT|owasp-cheatsheets/files/cheatsheets/Email_Validation_and_Verification_Cheat_Sheet.md|paragraph#4@532-560,single_step,0,SINGLE,E2_PARAGRAPH_SPLIT_MERGE,early,0.103724,split,5129,2,543,544,2,5129,98,247,4,0,0,0,0,0,0
edit_write,8306b1003f14faeed2726556e7c5f47ece2ffe4deee6e3f812c36979b66281f0,H0,36,39,55519,65109,55552,65151,false,rp1:998d33ebba53fe972ba553b71502e55d,owasp-cheatsheets,owasp-cheatsheets/files/cheatsheets/Email_Validation_and_Verification_Cheat_Sheet.md,G0-PARAGRAPH-SPLIT|owasp-cheatsheets/files/cheatsheets/Email_Validation_and_Verification_Cheat_Sheet.md|paragraph#4@532-560,single_step,0,SINGLE,E2_PARAGRAPH_SPLIT_MERGE,early,0.103724,split,5129,2,543,544,2,5129,98,247,4,0,0,0,0,0,0
edit_write,8306b1003f14faeed2726556e7c5f47ece2ffe4deee6e3f812c36979b66281f0,H3,3134,3345,16366,17622,19547,20859,false,rp1:998d33ebba53fe972ba553b71502e55d,owasp-cheatsheets,owasp-cheatsheets/files/cheatsheets/Email_Validation_and_Verification_Cheat_Sheet.md,G0-PARAGRAPH-SPLIT|owasp-cheatsheets/files/cheatsheets/Email_Validation_and_Verification_Cheat_Sheet.md|paragraph#4@532-560,single_step,0,SINGLE,E2_PARAGRAPH_SPLIT_MERGE,early,0.103724,split,5129,2,543,544,2,5129,98,247,4,0,0,0,0,0,0
edit_write,8306b1003f14faeed2726556e7c5f47ece2ffe4deee6e3f812c36979b66281f0,H4,509,559,12333,13265,12796,13726,false,rp1:998d33ebba53fe972ba553b71502e55d,owasp-cheatsheets,owasp-cheatsheets/files/cheatsheets/Email_Validation_and_Verification_Cheat_Sheet.md,G0-PARAGRAPH-SPLIT|owasp-cheatsheets/files/cheatsheets/Email_Validation_and_Verification_Cheat_Sheet.md|paragraph#4@532-560,single_step,0,SINGLE,E2_PARAGRAPH_SPLIT_MERGE,early,0.103724,split,5129,2,543,544,2,5129,98,247,4,0,0,0,0,0,0
edit_write,8513c625573e57cbe4f5a82969af1f52dc1728577c02b618387175bbdad735ca,H1,44,50,22639,24837,22680,24884,false,rp1:dd294205ab8a035fbb75808f86737fd5,myst-parser,myst-parser/files/docs/develop/contributing.md,G0-FENCE-CLOSER-REMOVE|myst-parser/files/docs/develop/contributing.md|code_block_fenced#0@488-640,break_restore_pair,0,BREAK,E4_FENCE_OPEN_CLOSE,early,0.178951,close_break,2727,3,637,640,0,2727,30,321,0,8,4,337,0.123579,2.628530,4.506051
edit_write,8513c625573e57cbe4f5a82969af1f52dc1728577c02b618387175bbdad735ca,H2,68,101,9555,10335,9626,10423,false,rp1:dd294205ab8a035fbb75808f86737fd5,myst-parser,myst-parser/files/docs/develop/contributing.md,G0-FENCE-CLOSER-REMOVE|myst-parser/files/docs/develop/contributing.md|code_block_fenced#0@488-640,break_restore_pair,0,BREAK,E4_FENCE_OPEN_CLOSE,early,0.178951,close_break,2727,3,637,640,0,2727,30,321,0,8,4,337,0.123579,2.628530,4.506051
edit_write,8513c625573e57cbe4f5a82969af1f52dc1728577c02b618387175bbdad735ca,H0,34,55,13350,14729,13385,14783,false,rp1:dd294205ab8a035fbb75808f86737fd5,myst-parser,myst-parser/files/docs/develop/contributing.md,G0-FENCE-CLOSER-REMOVE|myst-parser/files/docs/develop/contributing.md|code_block_fenced#0@488-640,break_restore_pair,0,BREAK,E4_FENCE_OPEN_CLOSE,early,0.178951,close_break,2727,3,637,640,0,2727,30,321,0,8,4,337,0.123579,2.628530,4.506051
edit_write,8513c625573e57cbe4f5a82969af1f52dc1728577c02b618387175bbdad735ca,H3,1142,1280,7419,8306,8550,9586,false,rp1:dd294205ab8a035fbb75808f86737fd5,myst-parser,myst-parser/files/docs/develop/contributing.md,G0-FENCE-CLOSER-REMOVE|myst-parser/files/docs/develop/contributing.md|code_block_fenced#0@488-640,break_restore_pair,0,BREAK,E4_FENCE_OPEN_CLOSE,early,0.178951,close_break,2727,3,637,640,0,2727,30,321,0,8,4,337,0.123579,2.628530,4.506051
edit_write,8513c625573e57cbe4f5a82969af1f52dc1728577c02b618387175bbdad735ca,H4,176,230,4892,5351,5091,5598,false,rp1:dd294205ab8a035fbb75808f86737fd5,myst-parser,myst-parser/files/docs/develop/contributing.md,G0-FENCE-CLOSER-REMOVE|myst-parser/files/docs/develop/contributing.md|code_block_fenced#0@488-640,break_restore_pair,0,BREAK,E4_FENCE_OPEN_CLOSE,early,0.178951,close_break,2727,3,637,640,0,2727,30,321,0,8,4,337,0.123579,2.628530,4.506051
edit_write,8751b5cd8453f60efd97861a4e26576d6fa7df53a7729a43311e0a1cbafd1600,H1,40,52,8326,8772,8370,8814,false,rp1:3da2ea598cf66aeb0e7d4c1fb6ae5b27,kubernetes-keps,kubernetes-keps/files/keps/sig-cli/FAQ.md,G0-PARAGRAPH-SPLIT|kubernetes-keps/files/keps/sig-cli/FAQ.md|paragraph#4@799-1082,single_step,0,SINGLE,E2_PARAGRAPH_SPLIT_MERGE,middle,0.489583,split,1632,2,939,940,2,1632,11,362,6,0,0,0,0,0,0
edit_write,8751b5cd8453f60efd97861a4e26576d6fa7df53a7729a43311e0a1cbafd1600,H2,56,90,12410,13397,12478,13496,false,rp1:3da2ea598cf66aeb0e7d4c1fb6ae5b27,kubernetes-keps,kubernetes-keps/files/keps/sig-cli/FAQ.md,G0-PARAGRAPH-SPLIT|kubernetes-keps/files/keps/sig-cli/FAQ.md|paragraph#4@799-1082,single_step,0,SINGLE,E2_PARAGRAPH_SPLIT_MERGE,middle,0.489583,split,1632,2,939,940,2,1632,11,362,6,0,0,0,0,0,0
edit_write,8751b5cd8453f60efd97861a4e26576d6fa7df53a7729a43311e0a1cbafd1600,H0,33,51,8136,8772,8165,8816,false,rp1:3da2ea598cf66aeb0e7d4c1fb6ae5b27,kubernetes-keps,kubernetes-keps/files/keps/sig-cli/FAQ.md,G0-PARAGRAPH-SPLIT|kubernetes-keps/files/keps/sig-cli/FAQ.md|paragraph#4@799-1082,single_step,0,SINGLE,E2_PARAGRAPH_SPLIT_MERGE,middle,0.489583,split,1632,2,939,940,2,1632,11,362,6,0,0,0,0,0,0
edit_write,8751b5cd8453f60efd97861a4e26576d6fa7df53a7729a43311e0a1cbafd1600,H3,1346,1486,11365,12310,12800,13796,false,rp1:3da2ea598cf66aeb0e7d4c1fb6ae5b27,kubernetes-keps,kubernetes-keps/files/keps/sig-cli/FAQ.md,G0-PARAGRAPH-SPLIT|kubernetes-keps/files/keps/sig-cli/FAQ.md|paragraph#4@799-1082,single_step,0,SINGLE,E2_PARAGRAPH_SPLIT_MERGE,middle,0.489583,split,1632,2,939,940,2,1632,11,362,6,0,0,0,0,0,0
edit_write,8751b5cd8453f60efd97861a4e26576d6fa7df53a7729a43311e0a1cbafd1600,H4,258,348,8646,9889,8900,10237,false,rp1:3da2ea598cf66aeb0e7d4c1fb6ae5b27,kubernetes-keps,kubernetes-keps/files/keps/sig-cli/FAQ.md,G0-PARAGRAPH-SPLIT|kubernetes-keps/files/keps/sig-cli/FAQ.md|paragraph#4@799-1082,single_step,0,SINGLE,E2_PARAGRAPH_SPLIT_MERGE,middle,0.489583,split,1632,2,939,940,2,1632,11,362,6,0,0,0,0,0,0
edit_write,888f42ac05f411e6c91e05f7b84fb37208f1af1ac324b050eb7542c16f7095f9,H1,44,56,40483,53329,40522,53374,false,rp1:2d3ef3e3d99301e3edbc05cfa86fdb73,crafting-interpreters,crafting-interpreters/files/note/answers/chapter13_inheritance/1.md,G0-PARAGRAPH-MERGE|crafting-interpreters/files/note/answers/chapter13_inheritance/1.md|paragraph#25@8577-8738,single_step,0,SINGLE,E2_PARAGRAPH_SPLIT_MERGE,late,0.916346,merge,9360,2,8575,8577,1,9360,49,759,2,0,0,5228,0.558547,2.188034,0
edit_write,888f42ac05f411e6c91e05f7b84fb37208f1af1ac324b050eb7542c16f7095f9,H2,79,116,13564,19698,13669,19777,false,rp1:2d3ef3e3d99301e3edbc05cfa86fdb73,crafting-interpreters,crafting-interpreters/files/note/answers/chapter13_inheritance/1.md,G0-PARAGRAPH-MERGE|crafting-interpreters/files/note/answers/chapter13_inheritance/1.md|paragraph#25@8577-8738,single_step,0,SINGLE,E2_PARAGRAPH_SPLIT_MERGE,late,0.916346,merge,9360,2,8575,8577,1,9360,49,759,2,0,0,5228,0.558547,2.188034,0
edit_write,888f42ac05f411e6c91e05f7b84fb37208f1af1ac324b050eb7542c16f7095f9,H0,34,48,27500,29516,27543,29548,false,rp1:2d3ef3e3d99301e3edbc05cfa86fdb73,crafting-interpreters,crafting-interpreters/files/note/answers/chapter13_inheritance/1.md,G0-PARAGRAPH-MERGE|crafting-interpreters/files/note/answers/chapter13_inheritance/1.md|paragraph#25@8577-8738,single_step,0,SINGLE,E2_PARAGRAPH_SPLIT_MERGE,late,0.916346,merge,9360,2,8575,8577,1,9360,49,759,2,0,0,5228,0.558547,2.188034,0
edit_write,888f42ac05f411e6c91e05f7b84fb37208f1af1ac324b050eb7542c16f7095f9,H3,1591,1764,9973,10786,11565,12518,false,rp1:2d3ef3e3d99301e3edbc05cfa86fdb73,crafting-interpreters,crafting-interpreters/files/note/answers/chapter13_inheritance/1.md,G0-PARAGRAPH-MERGE|crafting-interpreters/files/note/answers/chapter13_inheritance/1.md|paragraph#25@8577-8738,single_step,0,SINGLE,E2_PARAGRAPH_SPLIT_MERGE,late,0.916346,merge,9360,2,8575,8577,1,9360,49,759,2,0,0,5228,0.558547,2.188034,0
edit_write,888f42ac05f411e6c91e05f7b84fb37208f1af1ac324b050eb7542c16f7095f9,H4,250,284,5949,6620,6191,6876,false,rp1:2d3ef3e3d99301e3edbc05cfa86fdb73,crafting-interpreters,crafting-interpreters/files/note/answers/chapter13_inheritance/1.md,G0-PARAGRAPH-MERGE|crafting-interpreters/files/note/answers/chapter13_inheritance/1.md|paragraph#25@8577-8738,single_step,0,SINGLE,E2_PARAGRAPH_SPLIT_MERGE,late,0.916346,merge,9360,2,8575,8577,1,9360,49,759,2,0,0,5228,0.558547,2.188034,0
edit_write,889092e089ef1c28b9cbf60d4dc8cb1e2f7451b183c25b05d6514ffbf26a240d,H1,44,55,32226,34272,32278,34325,false,rp1:40ca5042915a34fbbcae6ce47d25f01e,oci-image,oci-image/files/HACKING.md,G0-FENCE-CLOSER-REMOVE|oci-image/files/HACKING.md|code_block_fenced#7@1709-1746,break_restore_pair,1,RESTORE,E4_FENCE_OPEN_CLOSE,,,close_restore,1854,3,1743,1743,3,1857,48,139,2,3,3,139,0.074852,4.411416,3.308562
edit_write,889092e089ef1c28b9cbf60d4dc8cb1e2f7451b183c25b05d6514ffbf26a240d,H2,93,134,18050,19642,18150,19750,false,rp1:40ca5042915a34fbbcae6ce47d25f01e,oci-image,oci-image/files/HACKING.md,G0-FENCE-CLOSER-REMOVE|oci-image/files/HACKING.md|code_block_fenced#7@1709-1746,break_restore_pair,1,RESTORE,E4_FENCE_OPEN_CLOSE,,,close_restore,1854,3,1743,1743,3,1857,48,139,2,3,3,139,0.074852,4.411416,3.308562
edit_write,889092e089ef1c28b9cbf60d4dc8cb1e2f7451b183c25b05d6514ffbf26a240d,H0,36,53,17461,19030,17508,19072,false,rp1:40ca5042915a34fbbcae6ce47d25f01e,oci-image,oci-image/files/HACKING.md,G0-FENCE-CLOSER-REMOVE|oci-image/files/HACKING.md|code_block_fenced#7@1709-1746,break_restore_pair,1,RESTORE,E4_FENCE_OPEN_CLOSE,,,close_restore,1854,3,1743,1743,3,1857,48,139,2,3,3,139,0.074852,4.411416,3.308562
edit_write,889092e089ef1c28b9cbf60d4dc8cb1e2f7451b183c25b05d6514ffbf26a240d,H3,1363,1512,15445,16721,16778,18264,false,rp1:40ca5042915a34fbbcae6ce47d25f01e,oci-image,oci-image/files/HACKING.md,G0-FENCE-CLOSER-REMOVE|oci-image/files/HACKING.md|code_block_fenced#7@1709-1746,break_restore_pair,1,RESTORE,E4_FENCE_OPEN_CLOSE,,,close_restore,1854,3,1743,1743,3,1857,48,139,2,3,3,139,0.074852,4.411416,3.308562
edit_write,889092e089ef1c28b9cbf60d4dc8cb1e2f7451b183c25b05d6514ffbf26a240d,H4,244,289,36448,51033,36716,51272,false,rp1:40ca5042915a34fbbcae6ce47d25f01e,oci-image,oci-image/files/HACKING.md,G0-FENCE-CLOSER-REMOVE|oci-image/files/HACKING.md|code_block_fenced#7@1709-1746,break_restore_pair,1,RESTORE,E4_FENCE_OPEN_CLOSE,,,close_restore,1854,3,1743,1743,3,1857,48,139,2,3,3,139,0.074852,4.411416,3.308562
edit_write,896d1b51839468e5f639198557ea8491b45e17bd0987835ed37903a0a4ac0dee,H1,38,51,9258,10232,9287,10268,false,rp1:df1210a1c3dcdd9352bf8f65ca92a139,crafting-interpreters,crafting-interpreters/files/note/answers/chapter13_inheritance/1.md,G0-PARAGRAPH-SPLIT|crafting-interpreters/files/note/answers/chapter13_inheritance/1.md|paragraph#18@4768-5044,single_step,0,SINGLE,E2_PARAGRAPH_SPLIT_MERGE,middle,0.509402,split,9360,2,4906,4907,2,9360,49,759,2,0,0,5228,0.558547,2.188034,0
edit_write,896d1b51839468e5f639198557ea8491b45e17bd0987835ed37903a0a4ac0dee,H2,76,101,13783,15022,13861,15142,false,rp1:df1210a1c3dcdd9352bf8f65ca92a139,crafting-interpreters,crafting-interpreters/files/note/answers/chapter13_inheritance/1.md,G0-PARAGRAPH-SPLIT|crafting-interpreters/files/note/answers/chapter13_inheritance/1.md|paragraph#18@4768-5044,single_step,0,SINGLE,E2_PARAGRAPH_SPLIT_MERGE,middle,0.509402,split,9360,2,4906,4907,2,9360,49,759,2,0,0,5228,0.558547,2.188034,0
edit_write,896d1b51839468e5f639198557ea8491b45e17bd0987835ed37903a0a4ac0dee,H0,31,47,28351,30066,28380,30096,false,rp1:df1210a1c3dcdd9352bf8f65ca92a139,crafting-interpreters,crafting-interpreters/files/note/answers/chapter13_inheritance/1.md,G0-PARAGRAPH-SPLIT|crafting-interpreters/files/note/answers/chapter13_inheritance/1.md|paragraph#18@4768-5044,single_step,0,SINGLE,E2_PARAGRAPH_SPLIT_MERGE,middle,0.509402,split,9360,2,4906,4907,2,9360,49,759,2,0,0,5228,0.558547,2.188034,0
edit_write,896d1b51839468e5f639198557ea8491b45e17bd0987835ed37903a0a4ac0dee,H3,1742,1913,10528,11628,12277,13541,false,rp1:df1210a1c3dcdd9352bf8f65ca92a139,crafting-interpreters,crafting-interpreters/files/note/answers/chapter13_inheritance/1.md,G0-PARAGRAPH-SPLIT|crafting-interpreters/files/note/answers/chapter13_inheritance/1.md|paragraph#18@4768-5044,single_step,0,SINGLE,E2_PARAGRAPH_SPLIT_MERGE,middle,0.509402,split,9360,2,4906,4907,2,9360,49,759,2,0,0,5228,0.558547,2.188034,0
edit_write,896d1b51839468e5f639198557ea8491b45e17bd0987835ed37903a0a4ac0dee,H4,263,316,6028,6674,6315,6910,false,rp1:df1210a1c3dcdd9352bf8f65ca92a139,crafting-interpreters,crafting-interpreters/files/note/answers/chapter13_inheritance/1.md,G0-PARAGRAPH-SPLIT|crafting-interpreters/files/note/answers/chapter13_inheritance/1.md|paragraph#18@4768-5044,single_step,0,SINGLE,E2_PARAGRAPH_SPLIT_MERGE,middle,0.509402,split,9360,2,4906,4907,2,9360,49,759,2,0,0,5228,0.558547,2.188034,0
edit_write,89cbbad8752c807200218f5d5f4ca3dcde6756e20335e1b783324a198dd0ac9a,H1,43,55,38204,49715,38250,49755,false,rp1:9ac6072195a3f6929411c217ddf4936e,rust-rfcs,rust-rfcs/files/text/0404-change-prefer-dynamic.md,G0-FENCE-CLOSER-REMOVE|rust-rfcs/files/text/0404-change-prefer-dynamic.md|code_block_fenced#0@2584-3485,break_restore_pair,1,RESTORE,E4_FENCE_OPEN_CLOSE,,,close_restore,6859,3,3482,3482,3,6862,34,901,2,1,1,889,0.129554,0.149228,0.298455
edit_write,89cbbad8752c807200218f5d5f4ca3dcde6756e20335e1b783324a198dd0ac9a,H2,77,105,28514,42654,28600,42752,false,rp1:9ac6072195a3f6929411c217ddf4936e,rust-rfcs,rust-rfcs/files/text/0404-change-prefer-dynamic.md,G0-FENCE-CLOSER-REMOVE|rust-rfcs/files/text/0404-change-prefer-dynamic.md|code_block_fenced#0@2584-3485,break_restore_pair,1,RESTORE,E4_FENCE_OPEN_CLOSE,,,close_restore,6859,3,3482,3482,3,6862,34,901,2,1,1,889,0.129554,0.149228,0.298455
edit_write,89cbbad8752c807200218f5d5f4ca3dcde6756e20335e1b783324a198dd0ac9a,H0,38,51,24491,26188,24521,26220,false,rp1:9ac6072195a3f6929411c217ddf4936e,rust-rfcs,rust-rfcs/files/text/0404-change-prefer-dynamic.md,G0-FENCE-CLOSER-REMOVE|rust-rfcs/files/text/0404-change-prefer-dynamic.md|code_block_fenced#0@2584-3485,break_restore_pair,1,RESTORE,E4_FENCE_OPEN_CLOSE,,,close_restore,6859,3,3482,3482,3,6862,34,901,2,1,1,889,0.129554,0.149228,0.298455
edit_write,89cbbad8752c807200218f5d5f4ca3dcde6756e20335e1b783324a198dd0ac9a,H3,1209,1344,27092,29140,28276,30494,false,rp1:9ac6072195a3f6929411c217ddf4936e,rust-rfcs,rust-rfcs/files/text/0404-change-prefer-dynamic.md,G0-FENCE-CLOSER-REMOVE|rust-rfcs/files/text/0404-change-prefer-dynamic.md|code_block_fenced#0@2584-3485,break_restore_pair,1,RESTORE,E4_FENCE_OPEN_CLOSE,,,close_restore,6859,3,3482,3482,3,6862,34,901,2,1,1,889,0.129554,0.149228,0.298455
edit_write,89cbbad8752c807200218f5d5f4ca3dcde6756e20335e1b783324a198dd0ac9a,H4,150,179,19013,20553,19171,20779,false,rp1:9ac6072195a3f6929411c217ddf4936e,rust-rfcs,rust-rfcs/files/text/0404-change-prefer-dynamic.md,G0-FENCE-CLOSER-REMOVE|rust-rfcs/files/text/0404-change-prefer-dynamic.md|code_block_fenced#0@2584-3485,break_restore_pair,1,RESTORE,E4_FENCE_OPEN_CLOSE,,,close_restore,6859,3,3482,3482,3,6862,34,901,2,1,1,889,0.129554,0.149228,0.298455
edit_write,89e3692a9b6ff141c809bcf4c0ba197fad85885d1cfca74b65273fde40757089,H1,40,50,6752,7488,6778,7534,false,rp1:a6c381c81de5bee4e35415eb65b5995e,crafting-interpreters,crafting-interpreters/files/note/answers/chapter13_inheritance/1.md,G0-CODESPAN-DELIM-BREAK|crafting-interpreters/files/note/answers/chapter13_inheritance/1.md|code_span#5@8810-8828,break_restore_pair,1,RESTORE,E5_INLINE_DELIMITER,,,delimiter_restore,9359,1,8810,8810,1,9360,49,759,2,0,0,5228,0.558547,2.188034,0
edit_write,89e3692a9b6ff141c809bcf4c0ba197fad85885d1cfca74b65273fde40757089,H2,73,119,12007,12871,12091,12925,false,rp1:a6c381c81de5bee4e35415eb65b5995e,crafting-interpreters,crafting-interpreters/files/note/answers/chapter13_inheritance/1.md,G0-CODESPAN-DELIM-BREAK|crafting-interpreters/files/note/answers/chapter13_inheritance/1.md|code_span#5@8810-8828,break_restore_pair,1,RESTORE,E5_INLINE_DELIMITER,,,delimiter_restore,9359,1,8810,8810,1,9360,49,759,2,0,0,5228,0.558547,2.188034,0
edit_write,89e3692a9b6ff141c809bcf4c0ba197fad85885d1cfca74b65273fde40757089,H0,32,45,27638,30309,27673,30343,false,rp1:a6c381c81de5bee4e35415eb65b5995e,crafting-interpreters,crafting-interpreters/files/note/answers/chapter13_inheritance/1.md,G0-CODESPAN-DELIM-BREAK|crafting-interpreters/files/note/answers/chapter13_inheritance/1.md|code_span#5@8810-8828,break_restore_pair,1,RESTORE,E5_INLINE_DELIMITER,,,delimiter_restore,9359,1,8810,8810,1,9360,49,759,2,0,0,5228,0.558547,2.188034,0
edit_write,89e3692a9b6ff141c809bcf4c0ba197fad85885d1cfca74b65273fde40757089,H3,1635,1759,8513,9238,10222,10991,false,rp1:a6c381c81de5bee4e35415eb65b5995e,crafting-interpreters,crafting-interpreters/files/note/answers/chapter13_inheritance/1.md,G0-CODESPAN-DELIM-BREAK|crafting-interpreters/files/note/answers/chapter13_inheritance/1.md|code_span#5@8810-8828,break_restore_pair,1,RESTORE,E5_INLINE_DELIMITER,,,delimiter_restore,9359,1,8810,8810,1,9360,49,759,2,0,0,5228,0.558547,2.188034,0
edit_write,89e3692a9b6ff141c809bcf4c0ba197fad85885d1cfca74b65273fde40757089,H4,243,283,4893,5600,5181,5879,false,rp1:a6c381c81de5bee4e35415eb65b5995e,crafting-interpreters,crafting-interpreters/files/note/answers/chapter13_inheritance/1.md,G0-CODESPAN-DELIM-BREAK|crafting-interpreters/files/note/answers/chapter13_inheritance/1.md|code_span#5@8810-8828,break_restore_pair,1,RESTORE,E5_INLINE_DELIMITER,,,delimiter_restore,9359,1,8810,8810,1,9360,49,759,2,0,0,5228,0.558547,2.188034,0
edit_write,89e6e1498a77d3cd583ad7fbdec41e4f8f5ef826113ab3d2b861baf01f310fe3,H1,30,47,3065,3311,3098,3335,false,rp1:cc0ae835ab449f1bf203450f787cdc00,crafting-interpreters,crafting-interpreters/files/note/answers/chapter20_hash/1.md,G0-CODESPAN-DELIM-BREAK|crafting-interpreters/files/note/answers/chapter20_hash/1.md|code_span#11@1930-1936,break_restore_pair,0,BREAK,E5_INLINE_DELIMITER,middle|late,0.200332,delimiter_break,9634,1,1930,1931,0,9634,12,7498,0,0,0,8080,0.838696,0.318871,0
edit_write,89e6e1498a77d3cd583ad7fbdec41e4f8f5ef826113ab3d2b861baf01f310fe3,H2,60,100,5612,5956,5703,6034,false,rp1:cc0ae835ab449f1bf203450f787cdc00,crafting-interpreters,crafting-interpreters/files/note/answers/chapter20_hash/1.md,G0-CODESPAN-DELIM-BREAK|crafting-interpreters/files/note/answers/chapter20_hash/1.md|code_span#11@1930-1936,break_restore_pair,0,BREAK,E5_INLINE_DELIMITER,middle|late,0.200332,delimiter_break,9634,1,1930,1931,0,9634,12,7498,0,0,0,8080,0.838696,0.318871,0
edit_write,89e6e1498a77d3cd583ad7fbdec41e4f8f5ef826113ab3d2b861baf01f310fe3,H0,30,49,15729,15958,15773,15986,false,rp1:cc0ae835ab449f1bf203450f787cdc00,crafting-interpreters,crafting-interpreters/files/note/answers/chapter20_hash/1.md,G0-CODESPAN-DELIM-BREAK|crafting-interpreters/files/note/answers/chapter20_hash/1.md|code_span#11@1930-1936,break_restore_pair,0,BREAK,E5_INLINE_DELIMITER,middle|late,0.200332,delimiter_break,9634,1,1930,1931,0,9634,12,7498,0,0,0,8080,0.838696,0.318871,0
edit_write,89e6e1498a77d3cd583ad7fbdec41e4f8f5ef826113ab3d2b861baf01f310fe3,H3,797,917,4372,4873,5150,5712,false,rp1:cc0ae835ab449f1bf203450f787cdc00,crafting-interpreters,crafting-interpreters/files/note/answers/chapter20_hash/1.md,G0-CODESPAN-DELIM-BREAK|crafting-interpreters/files/note/answers/chapter20_hash/1.md|code_span#11@1930-1936,break_restore_pair,0,BREAK,E5_INLINE_DELIMITER,middle|late,0.200332,delimiter_break,9634,1,1930,1931,0,9634,12,7498,0,0,0,8080,0.838696,0.318871,0
edit_write,89e6e1498a77d3cd583ad7fbdec41e4f8f5ef826113ab3d2b861baf01f310fe3,H4,110,141,2665,3055,2782,3193,false,rp1:cc0ae835ab449f1bf203450f787cdc00,crafting-interpreters,crafting-interpreters/files/note/answers/chapter20_hash/1.md,G0-CODESPAN-DELIM-BREAK|crafting-interpreters/files/note/answers/chapter20_hash/1.md|code_span#11@1930-1936,break_restore_pair,0,BREAK,E5_INLINE_DELIMITER,middle|late,0.200332,delimiter_break,9634,1,1930,1931,0,9634,12,7498,0,0,0,8080,0.838696,0.318871,0
edit_write,8acf0a7491fb60d89a82b3cca004b80706068802f6d5503cd7b5efd4e4f08559,H1,41,50,69079,74832,69121,74898,false,rp1:efa04aa5bb09014d402287ae42d7be1e,rust-rfcs,rust-rfcs/files/text/3289-source_replacement_ambiguity.md,G0-REFDEF-REMOVE|rust-rfcs/files/text/3289-source_replacement_ambiguity.md|reference_definition#9@7126-7208,break_restore_pair,0,BREAK,E6_REFERENCE_DEFINITION,early|middle|late,0.988487,definition_remove,7209,83,7126,7209,0,7209,72,301,2,10,2,322,0.044666,0.426134,1.704536
edit_write,8acf0a7491fb60d89a82b3cca004b80706068802f6d5503cd7b5efd4e4f08559,H2,128,156,44866,47417,45021,47569,false,rp1:efa04aa5bb09014d402287ae42d7be1e,rust-rfcs,rust-rfcs/files/text/3289-source_replacement_ambiguity.md,G0-REFDEF-REMOVE|rust-rfcs/files/text/3289-source_replacement_ambiguity.md|reference_definition#9@7126-7208,break_restore_pair,0,BREAK,E6_REFERENCE_DEFINITION,early|middle|late,0.988487,definition_remove,7209,83,7126,7209,0,7209,72,301,2,10,2,322,0.044666,0.426134,1.704536
edit_write,8acf0a7491fb60d89a82b3cca004b80706068802f6d5503cd7b5efd4e4f08559,H0,36,52,47867,56383,47920,56416,false,rp1:efa04aa5bb09014d402287ae42d7be1e,rust-rfcs,rust-rfcs/files/text/3289-source_replacement_ambiguity.md,G0-REFDEF-REMOVE|rust-rfcs/files/text/3289-source_replacement_ambiguity.md|reference_definition#9@7126-7208,break_restore_pair,0,BREAK,E6_REFERENCE_DEFINITION,early|middle|late,0.988487,definition_remove,7209,83,7126,7209,0,7209,72,301,2,10,2,322,0.044666,0.426134,1.704536
edit_write,8acf0a7491fb60d89a82b3cca004b80706068802f6d5503cd7b5efd4e4f08559,H3,2479,2611,41621,48385,44124,50891,false,rp1:efa04aa5bb09014d402287ae42d7be1e,rust-rfcs,rust-rfcs/files/text/3289-source_replacement_ambiguity.md,G0-REFDEF-REMOVE|rust-rfcs/files/text/3289-source_replacement_ambiguity.md|reference_definition#9@7126-7208,break_restore_pair,0,BREAK,E6_REFERENCE_DEFINITION,early|middle|late,0.988487,definition_remove,7209,83,7126,7209,0,7209,72,301,2,10,2,322,0.044666,0.426134,1.704536
edit_write,8acf0a7491fb60d89a82b3cca004b80706068802f6d5503cd7b5efd4e4f08559,H4,337,374,70025,78143,70400,78528,false,rp1:efa04aa5bb09014d402287ae42d7be1e,rust-rfcs,rust-rfcs/files/text/3289-source_replacement_ambiguity.md,G0-REFDEF-REMOVE|rust-rfcs/files/text/3289-source_replacement_ambiguity.md|reference_definition#9@7126-7208,break_restore_pair,0,BREAK,E6_REFERENCE_DEFINITION,early|middle|late,0.988487,definition_remove,7209,83,7126,7209,0,7209,72,301,2,10,2,322,0.044666,0.426134,1.704536
edit_write,8b8f43a89d351ae5f51f371bf89ec18dc438190e8b7fb099271ad201aadee946,H1,44,48,22288,23250,22320,23321,false,rp1:24851ed5916c979e5489c07f9e13af78,rust-rfcs,rust-rfcs/files/text/1123-str-split-at.md,G0-FENCE-CLOSER-REMOVE|rust-rfcs/files/text/1123-str-split-at.md|code_block_fenced#0@1589-2466,break_restore_pair,0,BREAK,E4_FENCE_OPEN_CLOSE,early|middle|late,0.463130,close_break,3431,3,2463,2466,0,3431,31,877,2,2,2,866,0.252405,0.298455,1.193821
edit_write,8b8f43a89d351ae5f51f371bf89ec18dc438190e8b7fb099271ad201aadee946,H2,85,126,17980,19850,18061,19978,false,rp1:24851ed5916c979e5489c07f9e13af78,rust-rfcs,rust-rfcs/files/text/1123-str-split-at.md,G0-FENCE-CLOSER-REMOVE|rust-rfcs/files/text/1123-str-split-at.md|code_block_fenced#0@1589-2466,break_restore_pair,0,BREAK,E4_FENCE_OPEN_CLOSE,early|middle|late,0.463130,close_break,3431,3,2463,2466,0,3431,31,877,2,2,2,866,0.252405,0.298455,1.193821
edit_write,8b8f43a89d351ae5f51f371bf89ec18dc438190e8b7fb099271ad201aadee946,H0,33,38,13250,14484,13291,14527,false,rp1:24851ed5916c979e5489c07f9e13af78,rust-rfcs,rust-rfcs/files/text/1123-str-split-at.md,G0-FENCE-CLOSER-REMOVE|rust-rfcs/files/text/1123-str-split-at.md|code_block_fenced#0@1589-2466,break_restore_pair,0,BREAK,E4_FENCE_OPEN_CLOSE,early|middle|late,0.463130,close_break,3431,3,2463,2466,0,3431,31,877,2,2,2,866,0.252405,0.298455,1.193821
edit_write,8b8f43a89d351ae5f51f371bf89ec18dc438190e8b7fb099271ad201aadee946,H3,1655,1816,15387,16933,17029,18793,false,rp1:24851ed5916c979e5489c07f9e13af78,rust-rfcs,rust-rfcs/files/text/1123-str-split-at.md,G0-FENCE-CLOSER-REMOVE|rust-rfcs/files/text/1123-str-split-at.md|code_block_fenced#0@1589-2466,break_restore_pair,0,BREAK,E4_FENCE_OPEN_CLOSE,early|middle|late,0.463130,close_break,3431,3,2463,2466,0,3431,31,877,2,2,2,866,0.252405,0.298455,1.193821
edit_write,8b8f43a89d351ae5f51f371bf89ec18dc438190e8b7fb099271ad201aadee946,H4,214,272,25606,27697,25870,27915,false,rp1:24851ed5916c979e5489c07f9e13af78,rust-rfcs,rust-rfcs/files/text/1123-str-split-at.md,G0-FENCE-CLOSER-REMOVE|rust-rfcs/files/text/1123-str-split-at.md|code_block_fenced#0@1589-2466,break_restore_pair,0,BREAK,E4_FENCE_OPEN_CLOSE,early|middle|late,0.463130,close_break,3431,3,2463,2466,0,3431,31,877,2,2,2,866,0.252405,0.298455,1.193821
edit_write,8c58d4b40f0803b8f26b2e108ccfa04987c765b4630584be880b888757309271,H1,43,46,33882,47375,33946,47417,false,rp1:488090bbd682252f08e9deb979920cd3,rust-rfcs,rust-rfcs/files/text/1123-str-split-at.md,G0-REFDEF-REMOVE|rust-rfcs/files/text/1123-str-split-at.md|reference_definition#1@3213-3266,break_restore_pair,1,RESTORE,E6_REFERENCE_DEFINITION,,,definition_restore,3377,54,3213,3213,54,3431,31,877,2,2,2,866,0.252405,0.298455,1.193821
edit_write,8c58d4b40f0803b8f26b2e108ccfa04987c765b4630584be880b888757309271,H2,100,126,26724,38870,26829,38954,false,rp1:488090bbd682252f08e9deb979920cd3,rust-rfcs,rust-rfcs/files/text/1123-str-split-at.md,G0-REFDEF-REMOVE|rust-rfcs/files/text/1123-str-split-at.md|reference_definition#1@3213-3266,break_restore_pair,1,RESTORE,E6_REFERENCE_DEFINITION,,,definition_restore,3377,54,3213,3213,54,3431,31,877,2,2,2,866,0.252405,0.298455,1.193821
edit_write,8c58d4b40f0803b8f26b2e108ccfa04987c765b4630584be880b888757309271,H0,47,53,20883,33257,20932,33283,false,rp1:488090bbd682252f08e9deb979920cd3,rust-rfcs,rust-rfcs/files/text/1123-str-split-at.md,G0-REFDEF-REMOVE|rust-rfcs/files/text/1123-str-split-at.md|reference_definition#1@3213-3266,break_restore_pair,1,RESTORE,E6_REFERENCE_DEFINITION,,,definition_restore,3377,54,3213,3213,54,3431,31,877,2,2,2,866,0.252405,0.298455,1.193821
edit_write,8c58d4b40f0803b8f26b2e108ccfa04987c765b4630584be880b888757309271,H3,1046,1202,21686,33269,22704,34352,false,rp1:488090bbd682252f08e9deb979920cd3,rust-rfcs,rust-rfcs/files/text/1123-str-split-at.md,G0-REFDEF-REMOVE|rust-rfcs/files/text/1123-str-split-at.md|reference_definition#1@3213-3266,break_restore_pair,1,RESTORE,E6_REFERENCE_DEFINITION,,,definition_restore,3377,54,3213,3213,54,3431,31,877,2,2,2,866,0.252405,0.298455,1.193821
edit_write,8c58d4b40f0803b8f26b2e108ccfa04987c765b4630584be880b888757309271,H4,216,255,33117,48201,33335,48469,false,rp1:488090bbd682252f08e9deb979920cd3,rust-rfcs,rust-rfcs/files/text/1123-str-split-at.md,G0-REFDEF-REMOVE|rust-rfcs/files/text/1123-str-split-at.md|reference_definition#1@3213-3266,break_restore_pair,1,RESTORE,E6_REFERENCE_DEFINITION,,,definition_restore,3377,54,3213,3213,54,3431,31,877,2,2,2,866,0.252405,0.298455,1.193821
edit_write,8c7a9109e2ed6c28c78b2d7f5b51c7dedb7d062b4990f640989799da5156089b,H1,44,57,9743,10516,9800,10546,false,rp1:cb61e22d4a09c3af09bd251ed66bbddf,kubernetes-keps,kubernetes-keps/files/keps/sig-cli/FAQ.md,G0-EMPH-DELIM-BREAK|kubernetes-keps/files/keps/sig-cli/FAQ.md|emphasis#1@1467-1472,break_restore_pair,1,RESTORE,E5_INLINE_DELIMITER,,,delimiter_restore,1631,1,1471,1471,1,1632,11,362,6,0,0,0,0,0,0
edit_write,8c7a9109e2ed6c28c78b2d7f5b51c7dedb7d062b4990f640989799da5156089b,H2,63,83,13628,26354,13685,26435,false,rp1:cb61e22d4a09c3af09bd251ed66bbddf,kubernetes-keps,kubernetes-keps/files/keps/sig-cli/FAQ.md,G0-EMPH-DELIM-BREAK|kubernetes-keps/files/keps/sig-cli/FAQ.md|emphasis#1@1467-1472,break_restore_pair,1,RESTORE,E5_INLINE_DELIMITER,,,delimiter_restore,1631,1,1471,1471,1,1632,11,362,6,0,0,0,0,0,0
edit_write,8c7a9109e2ed6c28c78b2d7f5b51c7dedb7d062b4990f640989799da5156089b,H0,36,53,9129,9935,9170,9973,false,rp1:cb61e22d4a09c3af09bd251ed66bbddf,kubernetes-keps,kubernetes-keps/files/keps/sig-cli/FAQ.md,G0-EMPH-DELIM-BREAK|kubernetes-keps/files/keps/sig-cli/FAQ.md|emphasis#1@1467-1472,break_restore_pair,1,RESTORE,E5_INLINE_DELIMITER,,,delimiter_restore,1631,1,1471,1471,1,1632,11,362,6,0,0,0,0,0,0
edit_write,8c7a9109e2ed6c28c78b2d7f5b51c7dedb7d062b4990f640989799da5156089b,H3,1545,1696,12910,14466,14451,16170,false,rp1:cb61e22d4a09c3af09bd251ed66bbddf,kubernetes-keps,kubernetes-keps/files/keps/sig-cli/FAQ.md,G0-EMPH-DELIM-BREAK|kubernetes-keps/files/keps/sig-cli/FAQ.md|emphasis#1@1467-1472,break_restore_pair,1,RESTORE,E5_INLINE_DELIMITER,,,delimiter_restore,1631,1,1471,1471,1,1632,11,362,6,0,0,0,0,0,0
edit_write,8c7a9109e2ed6c28c78b2d7f5b51c7dedb7d062b4990f640989799da5156089b,H4,244,317,10619,11267,10915,11491,false,rp1:cb61e22d4a09c3af09bd251ed66bbddf,kubernetes-keps,kubernetes-keps/files/keps/sig-cli/FAQ.md,G0-EMPH-DELIM-BREAK|kubernetes-keps/files/keps/sig-cli/FAQ.md|emphasis#1@1467-1472,break_restore_pair,1,RESTORE,E5_INLINE_DELIMITER,,,delimiter_restore,1631,1,1471,1471,1,1632,11,362,6,0,0,0,0,0,0
edit_write,8db3b5ae7d47000d4da1c1986d0905b01e85a199c24a19f95db3e756a94d76f9,H1,42,48,10177,10943,10225,10992,false,rp1:4042eb2a1c02760273fa7ecd0c4bef2f,crafting-interpreters,crafting-interpreters/files/note/answers/chapter13_inheritance/1.md,G0-FENCE-CLOSER-REMOVE|crafting-interpreters/files/note/answers/chapter13_inheritance/1.md|code_block_fenced#11@4256-4766,break_restore_pair,1,RESTORE,E4_FENCE_OPEN_CLOSE,,,close_restore,9357,3,4763,4763,3,9360,49,759,2,0,0,5228,0.558547,2.188034,0
edit_write,8db3b5ae7d47000d4da1c1986d0905b01e85a199c24a19f95db3e756a94d76f9,H2,78,103,16949,18068,17035,18145,false,rp1:4042eb2a1c02760273fa7ecd0c4bef2f,crafting-interpreters,crafting-interpreters/files/note/answers/chapter13_inheritance/1.md,G0-FENCE-CLOSER-REMOVE|crafting-interpreters/files/note/answers/chapter13_inheritance/1.md|code_block_fenced#11@4256-4766,break_restore_pair,1,RESTORE,E4_FENCE_OPEN_CLOSE,,,close_restore,9357,3,4763,4763,3,9360,49,759,2,0,0,5228,0.558547,2.188034,0
edit_write,8db3b5ae7d47000d4da1c1986d0905b01e85a199c24a19f95db3e756a94d76f9,H0,33,40,27761,29329,27804,29373,false,rp1:4042eb2a1c02760273fa7ecd0c4bef2f,crafting-interpreters,crafting-interpreters/files/note/answers/chapter13_inheritance/1.md,G0-FENCE-CLOSER-REMOVE|crafting-interpreters/files/note/answers/chapter13_inheritance/1.md|code_block_fenced#11@4256-4766,break_restore_pair,1,RESTORE,E4_FENCE_OPEN_CLOSE,,,close_restore,9357,3,4763,4763,3,9360,49,759,2,0,0,5228,0.558547,2.188034,0
edit_write,8db3b5ae7d47000d4da1c1986d0905b01e85a199c24a19f95db3e756a94d76f9,H3,1925,2089,13652,14535,15582,16657,false,rp1:4042eb2a1c02760273fa7ecd0c4bef2f,crafting-interpreters,crafting-interpreters/files/note/answers/chapter13_inheritance/1.md,G0-FENCE-CLOSER-REMOVE|crafting-interpreters/files/note/answers/chapter13_inheritance/1.md|code_block_fenced#11@4256-4766,break_restore_pair,1,RESTORE,E4_FENCE_OPEN_CLOSE,,,close_restore,9357,3,4763,4763,3,9360,49,759,2,0,0,5228,0.558547,2.188034,0
edit_write,8db3b5ae7d47000d4da1c1986d0905b01e85a199c24a19f95db3e756a94d76f9,H4,259,310,7369,8101,7651,8420,true,rp1:4042eb2a1c02760273fa7ecd0c4bef2f,crafting-interpreters,crafting-interpreters/files/note/answers/chapter13_inheritance/1.md,G0-FENCE-CLOSER-REMOVE|crafting-interpreters/files/note/answers/chapter13_inheritance/1.md|code_block_fenced#11@4256-4766,break_restore_pair,1,RESTORE,E4_FENCE_OPEN_CLOSE,,,close_restore,9357,3,4763,4763,3,9360,49,759,2,0,0,5228,0.558547,2.188034,0
edit_write,8f7c4df7c6776a41d2319873ce38cb0dc7622a5693017d783333d7565e52cc80,H1,44,52,25604,37536,25652,37582,false,rp1:6c8ad9463cdff38826ab9241408b8fed,myst-parser,myst-parser/files/docs/develop/contributing.md,G0-REFDEF-REMOVE|myst-parser/files/docs/develop/contributing.md|reference_definition#4@2458-2537,break_restore_pair,1,RESTORE,E6_REFERENCE_DEFINITION,,,definition_restore,2647,80,2458,2458,80,2727,30,321,0,8,4,337,0.123579,2.628530,4.506051
edit_write,8f7c4df7c6776a41d2319873ce38cb0dc7622a5693017d783333d7565e52cc80,H2,99,124,25619,26854,25750,26958,false,rp1:6c8ad9463cdff38826ab9241408b8fed,myst-parser,myst-parser/files/docs/develop/contributing.md,G0-REFDEF-REMOVE|myst-parser/files/docs/develop/contributing.md|reference_definition#4@2458-2537,break_restore_pair,1,RESTORE,E6_REFERENCE_DEFINITION,,,definition_restore,2647,80,2458,2458,80,2727,30,321,0,8,4,337,0.123579,2.628530,4.506051
edit_write,8f7c4df7c6776a41d2319873ce38cb0dc7622a5693017d783333d7565e52cc80,H0,37,53,15534,20846,15568,20884,false,rp1:6c8ad9463cdff38826ab9241408b8fed,myst-parser,myst-parser/files/docs/develop/contributing.md,G0-REFDEF-REMOVE|myst-parser/files/docs/develop/contributing.md|reference_definition#4@2458-2537,break_restore_pair,1,RESTORE,E6_REFERENCE_DEFINITION,,,definition_restore,2647,80,2458,2458,80,2727,30,321,0,8,4,337,0.123579,2.628530,4.506051
edit_write,8f7c4df7c6776a41d2319873ce38cb0dc7622a5693017d783333d7565e52cc80,H3,1258,1358,25241,27474,26534,28900,false,rp1:6c8ad9463cdff38826ab9241408b8fed,myst-parser,myst-parser/files/docs/develop/contributing.md,G0-REFDEF-REMOVE|myst-parser/files/docs/develop/contributing.md|reference_definition#4@2458-2537,break_restore_pair,1,RESTORE,E6_REFERENCE_DEFINITION,,,definition_restore,2647,80,2458,2458,80,2727,30,321,0,8,4,337,0.123579,2.628530,4.506051
edit_write,8f7c4df7c6776a41d2319873ce38cb0dc7622a5693017d783333d7565e52cc80,H4,299,355,26143,28557,26464,33353,false,rp1:6c8ad9463cdff38826ab9241408b8fed,myst-parser,myst-parser/files/docs/develop/contributing.md,G0-REFDEF-REMOVE|myst-parser/files/docs/develop/contributing.md|reference_definition#4@2458-2537,break_restore_pair,1,RESTORE,E6_REFERENCE_DEFINITION,,,definition_restore,2647,80,2458,2458,80,2727,30,321,0,8,4,337,0.123579,2.628530,4.506051
edit_write,905ef594fea9042f9c99b453152006593111da486b176aba9d1593bd8d7e1381,H1,43,49,73194,78456,73258,78516,false,rp1:c7bd623ae9b03dd9ae0877984e053438,rust-rfcs,rust-rfcs/files/text/3289-source_replacement_ambiguity.md,G0-LINK-DEST-BREAK|rust-rfcs/files/text/3289-source_replacement_ambiguity.md|link_inline#2@844-907,single_step,0,SINGLE,E5_INLINE_DELIMITER,early|middle|late,0.117076,destination_break,7209,1,860,860,1,7209,72,301,2,10,2,322,0.044666,0.426134,1.704536
edit_write,905ef594fea9042f9c99b453152006593111da486b176aba9d1593bd8d7e1381,H2,122,165,26153,27567,26292,27710,false,rp1:c7bd623ae9b03dd9ae0877984e053438,rust-rfcs,rust-rfcs/files/text/3289-source_replacement_ambiguity.md,G0-LINK-DEST-BREAK|rust-rfcs/files/text/3289-source_replacement_ambiguity.md|link_inline#2@844-907,single_step,0,SINGLE,E5_INLINE_DELIMITER,early|middle|late,0.117076,destination_break,7209,1,860,860,1,7209,72,301,2,10,2,322,0.044666,0.426134,1.704536
edit_write,905ef594fea9042f9c99b453152006593111da486b176aba9d1593bd8d7e1381,H0,36,44,48402,54562,48450,54608,false,rp1:c7bd623ae9b03dd9ae0877984e053438,rust-rfcs,rust-rfcs/files/text/3289-source_replacement_ambiguity.md,G0-LINK-DEST-BREAK|rust-rfcs/files/text/3289-source_replacement_ambiguity.md|link_inline#2@844-907,single_step,0,SINGLE,E5_INLINE_DELIMITER,early|middle|late,0.117076,destination_break,7209,1,860,860,1,7209,72,301,2,10,2,322,0.044666,0.426134,1.704536
edit_write,905ef594fea9042f9c99b453152006593111da486b176aba9d1593bd8d7e1381,H3,3558,3867,22599,24036,26222,27986,false,rp1:c7bd623ae9b03dd9ae0877984e053438,rust-rfcs,rust-rfcs/files/text/3289-source_replacement_ambiguity.md,G0-LINK-DEST-BREAK|rust-rfcs/files/text/3289-source_replacement_ambiguity.md|link_inline#2@844-907,single_step,0,SINGLE,E5_INLINE_DELIMITER,early|middle|late,0.117076,destination_break,7209,1,860,860,1,7209,72,301,2,10,2,322,0.044666,0.426134,1.704536
edit_write,905ef594fea9042f9c99b453152006593111da486b176aba9d1593bd8d7e1381,H4,561,646,15112,16347,15716,16989,false,rp1:c7bd623ae9b03dd9ae0877984e053438,rust-rfcs,rust-rfcs/files/text/3289-source_replacement_ambiguity.md,G0-LINK-DEST-BREAK|rust-rfcs/files/text/3289-source_replacement_ambiguity.md|link_inline#2@844-907,single_step,0,SINGLE,E5_INLINE_DELIMITER,early|middle|late,0.117076,destination_break,7209,1,860,860,1,7209,72,301,2,10,2,322,0.044666,0.426134,1.704536
edit_write,9149f5456233a48bc21188991c82d3730d2b9195b7b960396041c3393579c0a3,H1,43,47,15359,16721,15402,16783,false,rp1:b1911f5d697cc2ef2e0b062e42cce000,rust-book,rust-book/files/src/appendix-05-editions.md,G0-CODESPAN-DELIM-BREAK|rust-book/files/src/appendix-05-editions.md|code_span#2@1546-1552,break_restore_pair,0,BREAK,E5_INLINE_DELIMITER,middle,0.502764,delimiter_break,3075,1,1546,1547,0,3075,15,480,2,1,1,0,0,0,0.666016
edit_write,9149f5456233a48bc21188991c82d3730d2b9195b7b960396041c3393579c0a3,H2,65,104,5693,6301,5797,6416,false,rp1:b1911f5d697cc2ef2e0b062e42cce000,rust-book,rust-book/files/src/appendix-05-editions.md,G0-CODESPAN-DELIM-BREAK|rust-book/files/src/appendix-05-editions.md|code_span#2@1546-1552,break_restore_pair,0,BREAK,E5_INLINE_DELIMITER,middle,0.502764,delimiter_break,3075,1,1546,1547,0,3075,15,480,2,1,1,0,0,0,0.666016
edit_write,9149f5456233a48bc21188991c82d3730d2b9195b7b960396041c3393579c0a3,H0,32,50,11295,12005,11328,12069,false,rp1:b1911f5d697cc2ef2e0b062e42cce000,rust-book,rust-book/files/src/appendix-05-editions.md,G0-CODESPAN-DELIM-BREAK|rust-book/files/src/appendix-05-editions.md|code_span#2@1546-1552,break_restore_pair,0,BREAK,E5_INLINE_DELIMITER,middle,0.502764,delimiter_break,3075,1,1546,1547,0,3075,15,480,2,1,1,0,0,0,0.666016
edit_write,9149f5456233a48bc21188991c82d3730d2b9195b7b960396041c3393579c0a3,H3,884,1019,4454,4838,5331,5796,false,rp1:b1911f5d697cc2ef2e0b062e42cce000,rust-book,rust-book/files/src/appendix-05-editions.md,G0-CODESPAN-DELIM-BREAK|rust-book/files/src/appendix-05-editions.md|code_span#2@1546-1552,break_restore_pair,0,BREAK,E5_INLINE_DELIMITER,middle,0.502764,delimiter_break,3075,1,1546,1547,0,3075,15,480,2,1,1,0,0,0,0.666016
edit_write,9149f5456233a48bc21188991c82d3730d2b9195b7b960396041c3393579c0a3,H4,126,151,2545,2875,2623,3020,false,rp1:b1911f5d697cc2ef2e0b062e42cce000,rust-book,rust-book/files/src/appendix-05-editions.md,G0-CODESPAN-DELIM-BREAK|rust-book/files/src/appendix-05-editions.md|code_span#2@1546-1552,break_restore_pair,0,BREAK,E5_INLINE_DELIMITER,middle,0.502764,delimiter_break,3075,1,1546,1547,0,3075,15,480,2,1,1,0,0,0,0.666016
edit_write,91d2e536796799571237ced8e8266b404d33ee3077367a18a75a2ca3ca470b02,H1,45,60,32298,44078,32372,44132,false,rp1:96f7bd85a82fbf830c6d981f3d798136,rust-rfcs,rust-rfcs/files/text/0404-change-prefer-dynamic.md,G0-REFDEF-REMOVE|rust-rfcs/files/text/0404-change-prefer-dynamic.md|reference_definition#0@1338-1435,break_restore_pair,0,BREAK,E6_REFERENCE_DEFINITION,early|middle|late,0.194987,definition_remove,6862,98,1338,1436,0,6862,34,901,2,1,1,889,0.129554,0.149228,0.298455
edit_write,91d2e536796799571237ced8e8266b404d33ee3077367a18a75a2ca3ca470b02,H2,103,122,16806,18651,16921,18772,false,rp1:96f7bd85a82fbf830c6d981f3d798136,rust-rfcs,rust-rfcs/files/text/0404-change-prefer-dynamic.md,G0-REFDEF-REMOVE|rust-rfcs/files/text/0404-change-prefer-dynamic.md|reference_definition#0@1338-1435,break_restore_pair,0,BREAK,E6_REFERENCE_DEFINITION,early|middle|late,0.194987,definition_remove,6862,98,1338,1436,0,6862,34,901,2,1,1,889,0.129554,0.149228,0.298455
edit_write,91d2e536796799571237ced8e8266b404d33ee3077367a18a75a2ca3ca470b02,H0,33,52,23843,36340,23878,36390,false,rp1:96f7bd85a82fbf830c6d981f3d798136,rust-rfcs,rust-rfcs/files/text/0404-change-prefer-dynamic.md,G0-REFDEF-REMOVE|rust-rfcs/files/text/0404-change-prefer-dynamic.md|reference_definition#0@1338-1435,break_restore_pair,0,BREAK,E6_REFERENCE_DEFINITION,early|middle|late,0.194987,definition_remove,6862,98,1338,1436,0,6862,34,901,2,1,1,889,0.129554,0.149228,0.298455
edit_write,91d2e536796799571237ced8e8266b404d33ee3077367a18a75a2ca3ca470b02,H3,1618,1873,52349,68580,54002,72486,false,rp1:96f7bd85a82fbf830c6d981f3d798136,rust-rfcs,rust-rfcs/files/text/0404-change-prefer-dynamic.md,G0-REFDEF-REMOVE|rust-rfcs/files/text/0404-change-prefer-dynamic.md|reference_definition#0@1338-1435,break_restore_pair,0,BREAK,E6_REFERENCE_DEFINITION,early|middle|late,0.194987,definition_remove,6862,98,1338,1436,0,6862,34,901,2,1,1,889,0.129554,0.149228,0.298455
edit_write,91d2e536796799571237ced8e8266b404d33ee3077367a18a75a2ca3ca470b02,H4,209,288,31769,46351,31983,46608,false,rp1:96f7bd85a82fbf830c6d981f3d798136,rust-rfcs,rust-rfcs/files/text/0404-change-prefer-dynamic.md,G0-REFDEF-REMOVE|rust-rfcs/files/text/0404-change-prefer-dynamic.md|reference_definition#0@1338-1435,break_restore_pair,0,BREAK,E6_REFERENCE_DEFINITION,early|middle|late,0.194987,definition_remove,6862,98,1338,1436,0,6862,34,901,2,1,1,889,0.129554,0.149228,0.298455
edit_write,9200178eda46905a79636adeef213e4b99a3af62ce43d0ea62ccc7d89eb0059a,H1,43,51,33814,35934,33867,36010,false,rp1:528885c8ebcbd1524200a50cab1bc7c0,rust-rfcs,rust-rfcs/files/text/1123-str-split-at.md,G0-REFDEF-REMOVE|rust-rfcs/files/text/1123-str-split-at.md|reference_definition#0@999-1053,break_restore_pair,1,RESTORE,E6_REFERENCE_DEFINITION,,,definition_restore,3376,55,999,999,55,3431,31,877,2,2,2,866,0.252405,0.298455,1.193821
edit_write,9200178eda46905a79636adeef213e4b99a3af62ce43d0ea62ccc7d89eb0059a,H2,85,115,26864,28588,26930,28703,false,rp1:528885c8ebcbd1524200a50cab1bc7c0,rust-rfcs,rust-rfcs/files/text/1123-str-split-at.md,G0-REFDEF-REMOVE|rust-rfcs/files/text/1123-str-split-at.md|reference_definition#0@999-1053,break_restore_pair,1,RESTORE,E6_REFERENCE_DEFINITION,,,definition_restore,3376,55,999,999,55,3431,31,877,2,2,2,866,0.252405,0.298455,1.193821
edit_write,9200178eda46905a79636adeef213e4b99a3af62ce43d0ea62ccc7d89eb0059a,H0,33,53,20207,21748,20243,21780,false,rp1:528885c8ebcbd1524200a50cab1bc7c0,rust-rfcs,rust-rfcs/files/text/1123-str-split-at.md,G0-REFDEF-REMOVE|rust-rfcs/files/text/1123-str-split-at.md|reference_definition#0@999-1053,break_restore_pair,1,RESTORE,E6_REFERENCE_DEFINITION,,,definition_restore,3376,55,999,999,55,3431,31,877,2,2,2,866,0.252405,0.298455,1.193821
edit_write,9200178eda46905a79636adeef213e4b99a3af62ce43d0ea62ccc7d89eb0059a,H3,1028,1142,24835,32861,25842,34023,false,rp1:528885c8ebcbd1524200a50cab1bc7c0,rust-rfcs,rust-rfcs/files/text/1123-str-split-at.md,G0-REFDEF-REMOVE|rust-rfcs/files/text/1123-str-split-at.md|reference_definition#0@999-1053,break_restore_pair,1,RESTORE,E6_REFERENCE_DEFINITION,,,definition_restore,3376,55,999,999,55,3431,31,877,2,2,2,866,0.252405,0.298455,1.193821
edit_write,9200178eda46905a79636adeef213e4b99a3af62ce43d0ea62ccc7d89eb0059a,H4,231,285,33200,41007,33420,41254,false,rp1:528885c8ebcbd1524200a50cab1bc7c0,rust-rfcs,rust-rfcs/files/text/1123-str-split-at.md,G0-REFDEF-REMOVE|rust-rfcs/files/text/1123-str-split-at.md|reference_definition#0@999-1053,break_restore_pair,1,RESTORE,E6_REFERENCE_DEFINITION,,,definition_restore,3376,55,999,999,55,3431,31,877,2,2,2,866,0.252405,0.298455,1.193821
edit_write,931f8b25ebe8484f83b997d3b1acdd6e992d455d397b1b614c6bb3605094c070,H1,41,55,34034,45748,34070,45784,false,rp1:f7c6ce8e5feeb32b732726d115e96300,rust-rfcs,rust-rfcs/files/text/0404-change-prefer-dynamic.md,G0-CODESPAN-DELIM-BREAK|rust-rfcs/files/text/0404-change-prefer-dynamic.md|code_span#4@2373-2392,break_restore_pair,0,BREAK,E5_INLINE_DELIMITER,middle,0.345818,delimiter_break,6862,1,2373,2374,0,6862,34,901,2,1,1,889,0.129554,0.149228,0.298455
edit_write,931f8b25ebe8484f83b997d3b1acdd6e992d455d397b1b614c6bb3605094c070,H2,70,108,8736,9399,8798,9476,false,rp1:f7c6ce8e5feeb32b732726d115e96300,rust-rfcs,rust-rfcs/files/text/0404-change-prefer-dynamic.md,G0-CODESPAN-DELIM-BREAK|rust-rfcs/files/text/0404-change-prefer-dynamic.md|code_span#4@2373-2392,break_restore_pair,0,BREAK,E5_INLINE_DELIMITER,middle,0.345818,delimiter_break,6862,1,2373,2374,0,6862,34,901,2,1,1,889,0.129554,0.149228,0.298455
edit_write,931f8b25ebe8484f83b997d3b1acdd6e992d455d397b1b614c6bb3605094c070,H0,38,52,24322,28698,24362,28735,false,rp1:f7c6ce8e5feeb32b732726d115e96300,rust-rfcs,rust-rfcs/files/text/0404-change-prefer-dynamic.md,G0-CODESPAN-DELIM-BREAK|rust-rfcs/files/text/0404-change-prefer-dynamic.md|code_span#4@2373-2392,break_restore_pair,0,BREAK,E5_INLINE_DELIMITER,middle,0.345818,delimiter_break,6862,1,2373,2374,0,6862,34,901,2,1,1,889,0.129554,0.149228,0.298455
edit_write,931f8b25ebe8484f83b997d3b1acdd6e992d455d397b1b614c6bb3605094c070,H3,1288,1450,6474,7321,7785,8691,false,rp1:f7c6ce8e5feeb32b732726d115e96300,rust-rfcs,rust-rfcs/files/text/0404-change-prefer-dynamic.md,G0-CODESPAN-DELIM-BREAK|rust-rfcs/files/text/0404-change-prefer-dynamic.md|code_span#4@2373-2392,break_restore_pair,0,BREAK,E5_INLINE_DELIMITER,middle,0.345818,delimiter_break,6862,1,2373,2374,0,6862,34,901,2,1,1,889,0.129554,0.149228,0.298455
edit_write,931f8b25ebe8484f83b997d3b1acdd6e992d455d397b1b614c6bb3605094c070,H4,194,248,4215,4759,4401,5007,false,rp1:f7c6ce8e5feeb32b732726d115e96300,rust-rfcs,rust-rfcs/files/text/0404-change-prefer-dynamic.md,G0-CODESPAN-DELIM-BREAK|rust-rfcs/files/text/0404-change-prefer-dynamic.md|code_span#4@2373-2392,break_restore_pair,0,BREAK,E5_INLINE_DELIMITER,middle,0.345818,delimiter_break,6862,1,2373,2374,0,6862,34,901,2,1,1,889,0.129554,0.149228,0.298455
edit_write,97adac114ae26b9e33db5553a0766b27975003ee606de7d2b62f0d49947f960a,H1,37,49,9385,10575,9434,10625,false,rp1:83b5c0568567c7b95c48ae94fcf1eeb0,kubernetes-keps,kubernetes-keps/files/keps/sig-cli/FAQ.md,G0-PARAGRAPH-SPLIT|kubernetes-keps/files/keps/sig-cli/FAQ.md|paragraph#8@1267-1629,single_step,0,SINGLE,E2_PARAGRAPH_SPLIT_MERGE,late,0.776348,split,1632,2,1446,1447,2,1632,11,362,6,0,0,0,0,0,0
edit_write,97adac114ae26b9e33db5553a0766b27975003ee606de7d2b62f0d49947f960a,H2,59,81,13484,15121,13560,15197,false,rp1:83b5c0568567c7b95c48ae94fcf1eeb0,kubernetes-keps,kubernetes-keps/files/keps/sig-cli/FAQ.md,G0-PARAGRAPH-SPLIT|kubernetes-keps/files/keps/sig-cli/FAQ.md|paragraph#8@1267-1629,single_step,0,SINGLE,E2_PARAGRAPH_SPLIT_MERGE,late,0.776348,split,1632,2,1446,1447,2,1632,11,362,6,0,0,0,0,0,0
edit_write,97adac114ae26b9e33db5553a0766b27975003ee606de7d2b62f0d49947f960a,H0,36,49,9029,9537,9062,9565,false,rp1:83b5c0568567c7b95c48ae94fcf1eeb0,kubernetes-keps,kubernetes-keps/files/keps/sig-cli/FAQ.md,G0-PARAGRAPH-SPLIT|kubernetes-keps/files/keps/sig-cli/FAQ.md|paragraph#8@1267-1629,single_step,0,SINGLE,E2_PARAGRAPH_SPLIT_MERGE,late,0.776348,split,1632,2,1446,1447,2,1632,11,362,6,0,0,0,0,0,0
edit_write,97adac114ae26b9e33db5553a0766b27975003ee606de7d2b62f0d49947f960a,H3,1591,1747,12741,13715,14301,15422,false,rp1:83b5c0568567c7b95c48ae94fcf1eeb0,kubernetes-keps,kubernetes-keps/files/keps/sig-cli/FAQ.md,G0-PARAGRAPH-SPLIT|kubernetes-keps/files/keps/sig-cli/FAQ.md|paragraph#8@1267-1629,single_step,0,SINGLE,E2_PARAGRAPH_SPLIT_MERGE,late,0.776348,split,1632,2,1446,1447,2,1632,11,362,6,0,0,0,0,0,0
edit_write,97adac114ae26b9e33db5553a0766b27975003ee606de7d2b62f0d49947f960a,H4,253,329,10963,11822,11242,12068,false,rp1:83b5c0568567c7b95c48ae94fcf1eeb0,kubernetes-keps,kubernetes-keps/files/keps/sig-cli/FAQ.md,G0-PARAGRAPH-SPLIT|kubernetes-keps/files/keps/sig-cli/FAQ.md|paragraph#8@1267-1629,single_step,0,SINGLE,E2_PARAGRAPH_SPLIT_MERGE,late,0.776348,split,1632,2,1446,1447,2,1632,11,362,6,0,0,0,0,0,0
edit_write,98d7bfc5037afecbc7b9a6ab5b2d8f56cf0fe3fa30ce49a1694523ccb220ffeb,H1,43,52,46625,58846,46671,58890,false,rp1:6632d6ad01c93eac229ddba0c8588ebd,rust-book,rust-book/files/src/appendix-06-translation.md,G0-LINK-DEST-BREAK|rust-book/files/src/appendix-06-translation.md|link_inline#26@1798-1857,single_step,0,SINGLE,E5_INLINE_DELIMITER,late,0.903064,destination_break,1991,1,1815,1815,1,1991,28,167,2,1,1,0,0,0,1.028629
edit_write,98d7bfc5037afecbc7b9a6ab5b2d8f56cf0fe3fa30ce49a1694523ccb220ffeb,H2,108,130,38315,51427,38427,51550,false,rp1:6632d6ad01c93eac229ddba0c8588ebd,rust-book,rust-book/files/src/appendix-06-translation.md,G0-LINK-DEST-BREAK|rust-book/files/src/appendix-06-translation.md|link_inline#26@1798-1857,single_step,0,SINGLE,E5_INLINE_DELIMITER,late,0.903064,destination_break,1991,1,1815,1815,1,1991,28,167,2,1,1,0,0,0,1.028629
edit_write,98d7bfc5037afecbc7b9a6ab5b2d8f56cf0fe3fa30ce49a1694523ccb220ffeb,H0,34,45,22982,28959,23014,29003,false,rp1:6632d6ad01c93eac229ddba0c8588ebd,rust-book,rust-book/files/src/appendix-06-translation.md,G0-LINK-DEST-BREAK|rust-book/files/src/appendix-06-translation.md|link_inline#26@1798-1857,single_step,0,SINGLE,E5_INLINE_DELIMITER,late,0.903064,destination_break,1991,1,1815,1815,1,1991,28,167,2,1,1,0,0,0,1.028629
edit_write,98d7bfc5037afecbc7b9a6ab5b2d8f56cf0fe3fa30ce49a1694523ccb220ffeb,H3,2813,3156,37471,55189,40375,57913,false,rp1:6632d6ad01c93eac229ddba0c8588ebd,rust-book,rust-book/files/src/appendix-06-translation.md,G0-LINK-DEST-BREAK|rust-book/files/src/appendix-06-translation.md|link_inline#26@1798-1857,single_step,0,SINGLE,E5_INLINE_DELIMITER,late,0.903064,destination_break,1991,1,1815,1815,1,1991,28,167,2,1,1,0,0,0,1.028629
edit_write,98d7bfc5037afecbc7b9a6ab5b2d8f56cf0fe3fa30ce49a1694523ccb220ffeb,H4,355,420,34135,36443,34555,36807,false,rp1:6632d6ad01c93eac229ddba0c8588ebd,rust-book,rust-book/files/src/appendix-06-translation.md,G0-LINK-DEST-BREAK|rust-book/files/src/appendix-06-translation.md|link_inline#26@1798-1857,single_step,0,SINGLE,E5_INLINE_DELIMITER,late,0.903064,destination_break,1991,1,1815,1815,1,1991,28,167,2,1,1,0,0,0,1.028629
edit_write,9946b5d49a56529eebb9de39e11cf1b90fdce580569534ab54d782c00ba8b593,H1,49,72,21787,23566,21846,23628,false,rp1:278f11bbc40de5cfad35226f3e643a8f,owasp-cheatsheets,owasp-cheatsheets/files/cheatsheets/Email_Validation_and_Verification_Cheat_Sheet.md,G0-LIST-ITEM-INDENT|owasp-cheatsheets/files/cheatsheets/Email_Validation_and_Verification_Cheat_Sheet.md|list_item#26@2519-2675,break_restore_pair,0,BREAK,E3_CONTAINER_DEPTH,middle,0.491129,indent_deepen,5129,2,2519,2519,2,5129,98,247,4,0,0,0,0,0,0
edit_write,9946b5d49a56529eebb9de39e11cf1b90fdce580569534ab54d782c00ba8b593,H2,108,156,18807,28944,18909,29072,false,rp1:278f11bbc40de5cfad35226f3e643a8f,owasp-cheatsheets,owasp-cheatsheets/files/cheatsheets/Email_Validation_and_Verification_Cheat_Sheet.md,G0-LIST-ITEM-INDENT|owasp-cheatsheets/files/cheatsheets/Email_Validation_and_Verification_Cheat_Sheet.md|list_item#26@2519-2675,break_restore_pair,0,BREAK,E3_CONTAINER_DEPTH,middle,0.491129,indent_deepen,5129,2,2519,2519,2,5129,98,247,4,0,0,0,0,0,0
edit_write,9946b5d49a56529eebb9de39e11cf1b90fdce580569534ab54d782c00ba8b593,H0,38,52,56315,69012,56352,69045,false,rp1:278f11bbc40de5cfad35226f3e643a8f,owasp-cheatsheets,owasp-cheatsheets/files/cheatsheets/Email_Validation_and_Verification_Cheat_Sheet.md,G0-LIST-ITEM-INDENT|owasp-cheatsheets/files/cheatsheets/Email_Validation_and_Verification_Cheat_Sheet.md|list_item#26@2519-2675,break_restore_pair,0,BREAK,E3_CONTAINER_DEPTH,middle,0.491129,indent_deepen,5129,2,2519,2519,2,5129,98,247,4,0,0,0,0,0,0
edit_write,9946b5d49a56529eebb9de39e11cf1b90fdce580569534ab54d782c00ba8b593,H3,2812,3427,14574,15677,17252,22595,false,rp1:278f11bbc40de5cfad35226f3e643a8f,owasp-cheatsheets,owasp-cheatsheets/files/cheatsheets/Email_Validation_and_Verification_Cheat_Sheet.md,G0-LIST-ITEM-INDENT|owasp-cheatsheets/files/cheatsheets/Email_Validation_and_Verification_Cheat_Sheet.md|list_item#26@2519-2675,break_restore_pair,0,BREAK,E3_CONTAINER_DEPTH,middle,0.491129,indent_deepen,5129,2,2519,2519,2,5129,98,247,4,0,0,0,0,0,0
edit_write,9946b5d49a56529eebb9de39e11cf1b90fdce580569534ab54d782c00ba8b593,H4,510,589,11062,11975,11564,12556,false,rp1:278f11bbc40de5cfad35226f3e643a8f,owasp-cheatsheets,owasp-cheatsheets/files/cheatsheets/Email_Validation_and_Verification_Cheat_Sheet.md,G0-LIST-ITEM-INDENT|owasp-cheatsheets/files/cheatsheets/Email_Validation_and_Verification_Cheat_Sheet.md|list_item#26@2519-2675,break_restore_pair,0,BREAK,E3_CONTAINER_DEPTH,middle,0.491129,indent_deepen,5129,2,2519,2519,2,5129,98,247,4,0,0,0,0,0,0
edit_write,9afe9977181af953dfcc5dd24e1c5d67f16aae6bd3c85af8ac5e4704e8b3b7f7,H1,61,69,20863,23628,20905,23670,false,rp1:fee96d849909adadd8cf41d713c736a8,owasp-cheatsheets,owasp-cheatsheets/files/cheatsheets/Email_Validation_and_Verification_Cheat_Sheet.md,G0-LOCAL-TEXT-REPLACE-EQ|owasp-cheatsheets/files/cheatsheets/Email_Validation_and_Verification_Cheat_Sheet.md|text#44@2521-2675,single_step,0,SINGLE,E1_LOCAL_TEXT,middle,0.491519,replace_eq,5129,8,2641,2649,8,5129,98,247,4,0,0,0,0,0,0
edit_write,9afe9977181af953dfcc5dd24e1c5d67f16aae6bd3c85af8ac5e4704e8b3b7f7,H2,104,150,18308,24792,18434,24885,false,rp1:fee96d849909adadd8cf41d713c736a8,owasp-cheatsheets,owasp-cheatsheets/files/cheatsheets/Email_Validation_and_Verification_Cheat_Sheet.md,G0-LOCAL-TEXT-REPLACE-EQ|owasp-cheatsheets/files/cheatsheets/Email_Validation_and_Verification_Cheat_Sheet.md|text#44@2521-2675,single_step,0,SINGLE,E1_LOCAL_TEXT,middle,0.491519,replace_eq,5129,8,2641,2649,8,5129,98,247,4,0,0,0,0,0,0
edit_write,9afe9977181af953dfcc5dd24e1c5d67f16aae6bd3c85af8ac5e4704e8b3b7f7,H0,43,51,55023,62919,55087,62974,false,rp1:fee96d849909adadd8cf41d713c736a8,owasp-cheatsheets,owasp-cheatsheets/files/cheatsheets/Email_Validation_and_Verification_Cheat_Sheet.md,G0-LOCAL-TEXT-REPLACE-EQ|owasp-cheatsheets/files/cheatsheets/Email_Validation_and_Verification_Cheat_Sheet.md|text#44@2521-2675,single_step,0,SINGLE,E1_LOCAL_TEXT,middle,0.491519,replace_eq,5129,8,2641,2649,8,5129,98,247,4,0,0,0,0,0,0
edit_write,9afe9977181af953dfcc5dd24e1c5d67f16aae6bd3c85af8ac5e4704e8b3b7f7,H3,3191,3565,14121,14760,17357,18316,false,rp1:fee96d849909adadd8cf41d713c736a8,owasp-cheatsheets,owasp-cheatsheets/files/cheatsheets/Email_Validation_and_Verification_Cheat_Sheet.md,G0-LOCAL-TEXT-REPLACE-EQ|owasp-cheatsheets/files/cheatsheets/Email_Validation_and_Verification_Cheat_Sheet.md|text#44@2521-2675,single_step,0,SINGLE,E1_LOCAL_TEXT,middle,0.491519,replace_eq,5129,8,2641,2649,8,5129,98,247,4,0,0,0,0,0,0
edit_write,9afe9977181af953dfcc5dd24e1c5d67f16aae6bd3c85af8ac5e4704e8b3b7f7,H4,508,581,10593,11147,11129,11665,false,rp1:fee96d849909adadd8cf41d713c736a8,owasp-cheatsheets,owasp-cheatsheets/files/cheatsheets/Email_Validation_and_Verification_Cheat_Sheet.md,G0-LOCAL-TEXT-REPLACE-EQ|owasp-cheatsheets/files/cheatsheets/Email_Validation_and_Verification_Cheat_Sheet.md|text#44@2521-2675,single_step,0,SINGLE,E1_LOCAL_TEXT,middle,0.491519,replace_eq,5129,8,2641,2649,8,5129,98,247,4,0,0,0,0,0,0
edit_write,9ddf2ef64375a9ae0ca999d16b981d1dcaeff7ef4b56a14a947cd680aa60a1f8,H1,28,48,1064,1138,1095,1183,false,rp1:cbb8561221ee58f1d1ad569c184d5f37,crafting-interpreters,crafting-interpreters/files/note/answers/chapter01_introduction/1.md,G0-LOCAL-TEXT-REPLACE-EQ|crafting-interpreters/files/note/answers/chapter01_introduction/1.md|text#2@306-415,single_step,0,SINGLE,E1_LOCAL_TEXT,late,0.735577,replace_eq,416,8,360,368,8,416,3,158,0,0,0,0,0,0,0
edit_write,9ddf2ef64375a9ae0ca999d16b981d1dcaeff7ef4b56a14a947cd680aa60a1f8,H2,66,89,1843,2056,1904,2141,false,rp1:cbb8561221ee58f1d1ad569c184d5f37,crafting-interpreters,crafting-interpreters/files/note/answers/chapter01_introduction/1.md,G0-LOCAL-TEXT-REPLACE-EQ|crafting-interpreters/files/note/answers/chapter01_introduction/1.md|text#2@306-415,single_step,0,SINGLE,E1_LOCAL_TEXT,late,0.735577,replace_eq,416,8,360,368,8,416,3,158,0,0,0,0,0,0,0
edit_write,9ddf2ef64375a9ae0ca999d16b981d1dcaeff7ef4b56a14a947cd680aa60a1f8,H0,28,34,1508,1562,1540,1587,false,rp1:cbb8561221ee58f1d1ad569c184d5f37,crafting-interpreters,crafting-interpreters/files/note/answers/chapter01_introduction/1.md,G0-LOCAL-TEXT-REPLACE-EQ|crafting-interpreters/files/note/answers/chapter01_introduction/1.md|text#2@306-415,single_step,0,SINGLE,E1_LOCAL_TEXT,late,0.735577,replace_eq,416,8,360,368,8,416,3,158,0,0,0,0,0,0,0
edit_write,9ddf2ef64375a9ae0ca999d16b981d1dcaeff7ef4b56a14a947cd680aa60a1f8,H3,283,365,1376,1662,1651,2021,false,rp1:cbb8561221ee58f1d1ad569c184d5f37,crafting-interpreters,crafting-interpreters/files/note/answers/chapter01_introduction/1.md,G0-LOCAL-TEXT-REPLACE-EQ|crafting-interpreters/files/note/answers/chapter01_introduction/1.md|text#2@306-415,single_step,0,SINGLE,E1_LOCAL_TEXT,late,0.735577,replace_eq,416,8,360,368,8,416,3,158,0,0,0,0,0,0,0
edit_write,9ddf2ef64375a9ae0ca999d16b981d1dcaeff7ef4b56a14a947cd680aa60a1f8,H4,57,70,852,1052,895,1134,false,rp1:cbb8561221ee58f1d1ad569c184d5f37,crafting-interpreters,crafting-interpreters/files/note/answers/chapter01_introduction/1.md,G0-LOCAL-TEXT-REPLACE-EQ|crafting-interpreters/files/note/answers/chapter01_introduction/1.md|text#2@306-415,single_step,0,SINGLE,E1_LOCAL_TEXT,late,0.735577,replace_eq,416,8,360,368,8,416,3,158,0,0,0,0,0,0,0
edit_write,9e061dfa374ca2f87fad0e1384784fa366777679a980ad8478441686249f692c,H1,44,50,30709,42429,30747,42476,false,rp1:1e2df3210533740b3b2b440a334957d4,opentelemetry-spec,opentelemetry-spec/files/specification/library-layout.md,G0-FENCE-CLOSER-REMOVE|opentelemetry-spec/files/specification/library-layout.md|code_block_fenced#0@390-616,break_restore_pair,1,RESTORE,E4_FENCE_OPEN_CLOSE,,,close_restore,2941,3,613,613,3,2944,40,330,2,0,0,367,0.124660,0.695652,0
edit_write,9e061dfa374ca2f87fad0e1384784fa366777679a980ad8478441686249f692c,H2,79,118,35021,40278,35089,40352,false,rp1:1e2df3210533740b3b2b440a334957d4,opentelemetry-spec,opentelemetry-spec/files/specification/library-layout.md,G0-FENCE-CLOSER-REMOVE|opentelemetry-spec/files/specification/library-layout.md|code_block_fenced#0@390-616,break_restore_pair,1,RESTORE,E4_FENCE_OPEN_CLOSE,,,close_restore,2941,3,613,613,3,2944,40,330,2,0,0,367,0.124660,0.695652,0
edit_write,9e061dfa374ca2f87fad0e1384784fa366777679a980ad8478441686249f692c,H0,34,51,18804,20202,18841,20263,false,rp1:1e2df3210533740b3b2b440a334957d4,opentelemetry-spec,opentelemetry-spec/files/specification/library-layout.md,G0-FENCE-CLOSER-REMOVE|opentelemetry-spec/files/specification/library-layout.md|code_block_fenced#0@390-616,break_restore_pair,1,RESTORE,E4_FENCE_OPEN_CLOSE,,,close_restore,2941,3,613,613,3,2944,40,330,2,0,0,367,0.124660,0.695652,0
edit_write,9e061dfa374ca2f87fad0e1384784fa366777679a980ad8478441686249f692c,H3,1344,1436,34136,39175,35528,40439,false,rp1:1e2df3210533740b3b2b440a334957d4,opentelemetry-spec,opentelemetry-spec/files/specification/library-layout.md,G0-FENCE-CLOSER-REMOVE|opentelemetry-spec/files/specification/library-layout.md|code_block_fenced#0@390-616,break_restore_pair,1,RESTORE,E4_FENCE_OPEN_CLOSE,,,close_restore,2941,3,613,613,3,2944,40,330,2,0,0,367,0.124660,0.695652,0
edit_write,9e061dfa374ca2f87fad0e1384784fa366777679a980ad8478441686249f692c,H4,111,154,25496,29400,25594,29630,false,rp1:1e2df3210533740b3b2b440a334957d4,opentelemetry-spec,opentelemetry-spec/files/specification/library-layout.md,G0-FENCE-CLOSER-REMOVE|opentelemetry-spec/files/specification/library-layout.md|code_block_fenced#0@390-616,break_restore_pair,1,RESTORE,E4_FENCE_OPEN_CLOSE,,,close_restore,2941,3,613,613,3,2944,40,330,2,0,0,367,0.124660,0.695652,0
edit_write,9e15f35b62ab9a5813c884426433b5eef4b26d2f106b2b7bc654f4a60b612255,H1,43,49,69756,77184,69796,77238,false,rp1:a69af806416dca568cb7fac03452ca24,oci-image,oci-image/files/considerations.md,G0-LOCAL-TEXT-REPLACE-EQ|oci-image/files/considerations.md|text#92@5533-5757,single_step,0,SINGLE,E1_LOCAL_TEXT,late,0.879930,replace_eq,6288,8,5747,5755,8,6288,64,530,2,8,8,284,0.045165,1.628499,2.605598
edit_write,9e15f35b62ab9a5813c884426433b5eef4b26d2f106b2b7bc654f4a60b612255,H2,90,131,16203,17475,16302,17585,false,rp1:a69af806416dca568cb7fac03452ca24,oci-image,oci-image/files/considerations.md,G0-LOCAL-TEXT-REPLACE-EQ|oci-image/files/considerations.md|text#92@5533-5757,single_step,0,SINGLE,E1_LOCAL_TEXT,late,0.879930,replace_eq,6288,8,5747,5755,8,6288,64,530,2,8,8,284,0.045165,1.628499,2.605598
edit_write,9e15f35b62ab9a5813c884426433b5eef4b26d2f106b2b7bc654f4a60b612255,H0,37,42,42340,56622,42380,56669,false,rp1:a69af806416dca568cb7fac03452ca24,oci-image,oci-image/files/considerations.md,G0-LOCAL-TEXT-REPLACE-EQ|oci-image/files/considerations.md|text#92@5533-5757,single_step,0,SINGLE,E1_LOCAL_TEXT,late,0.879930,replace_eq,6288,8,5747,5755,8,6288,64,530,2,8,8,284,0.045165,1.628499,2.605598
edit_write,9e15f35b62ab9a5813c884426433b5eef4b26d2f106b2b7bc654f4a60b612255,H3,2315,2425,12663,13664,14935,16147,false,rp1:a69af806416dca568cb7fac03452ca24,oci-image,oci-image/files/considerations.md,G0-LOCAL-TEXT-REPLACE-EQ|oci-image/files/considerations.md|text#92@5533-5757,single_step,0,SINGLE,E1_LOCAL_TEXT,late,0.879930,replace_eq,6288,8,5747,5755,8,6288,64,530,2,8,8,284,0.045165,1.628499,2.605598
edit_write,9e15f35b62ab9a5813c884426433b5eef4b26d2f106b2b7bc654f4a60b612255,H4,388,446,8080,8844,8489,9286,false,rp1:a69af806416dca568cb7fac03452ca24,oci-image,oci-image/files/considerations.md,G0-LOCAL-TEXT-REPLACE-EQ|oci-image/files/considerations.md|text#92@5533-5757,single_step,0,SINGLE,E1_LOCAL_TEXT,late,0.879930,replace_eq,6288,8,5747,5755,8,6288,64,530,2,8,8,284,0.045165,1.628499,2.605598
edit_write,9e8929590c927eeea3b1fef4c47d8d04add7c04d72781204744d9cdbaa98c20e,H1,43,48,70028,90158,70070,90194,false,rp1:a91091f0eae302ca8c3096b5f71fedb0,rust-rfcs,rust-rfcs/files/text/3289-source_replacement_ambiguity.md,G0-ATX-TO-PARAGRAPH|rust-rfcs/files/text/3289-source_replacement_ambiguity.md|heading_atx#8@3393-3435,break_restore_pair,0,BREAK,ATX_HEADING_TOGGLE,middle,0.470662,marker_remove,7209,4,3393,3397,0,7209,72,301,2,10,2,322,0.044666,0.426134,1.704536
edit_write,9e8929590c927eeea3b1fef4c47d8d04add7c04d72781204744d9cdbaa98c20e,H2,121,160,26070,31269,26202,31388,false,rp1:a91091f0eae302ca8c3096b5f71fedb0,rust-rfcs,rust-rfcs/files/text/3289-source_replacement_ambiguity.md,G0-ATX-TO-PARAGRAPH|rust-rfcs/files/text/3289-source_replacement_ambiguity.md|heading_atx#8@3393-3435,break_restore_pair,0,BREAK,ATX_HEADING_TOGGLE,middle,0.470662,marker_remove,7209,4,3393,3397,0,7209,72,301,2,10,2,322,0.044666,0.426134,1.704536
edit_write,9e8929590c927eeea3b1fef4c47d8d04add7c04d72781204744d9cdbaa98c20e,H0,36,54,47762,59970,47793,60018,false,rp1:a91091f0eae302ca8c3096b5f71fedb0,rust-rfcs,rust-rfcs/files/text/3289-source_replacement_ambiguity.md,G0-ATX-TO-PARAGRAPH|rust-rfcs/files/text/3289-source_replacement_ambiguity.md|heading_atx#8@3393-3435,break_restore_pair,0,BREAK,ATX_HEADING_TOGGLE,middle,0.470662,marker_remove,7209,4,3393,3397,0,7209,72,301,2,10,2,322,0.044666,0.426134,1.704536
edit_write,9e8929590c927eeea3b1fef4c47d8d04add7c04d72781204744d9cdbaa98c20e,H3,2678,2928,20640,22648,23268,25677,false,rp1:a91091f0eae302ca8c3096b5f71fedb0,rust-rfcs,rust-rfcs/files/text/3289-source_replacement_ambiguity.md,G0-ATX-TO-PARAGRAPH|rust-rfcs/files/text/3289-source_replacement_ambiguity.md|heading_atx#8@3393-3435,break_restore_pair,0,BREAK,ATX_HEADING_TOGGLE,middle,0.470662,marker_remove,7209,4,3393,3397,0,7209,72,301,2,10,2,322,0.044666,0.426134,1.704536
edit_write,9e8929590c927eeea3b1fef4c47d8d04add7c04d72781204744d9cdbaa98c20e,H4,432,488,14223,20969,14610,21411,false,rp1:a91091f0eae302ca8c3096b5f71fedb0,rust-rfcs,rust-rfcs/files/text/3289-source_replacement_ambiguity.md,G0-ATX-TO-PARAGRAPH|rust-rfcs/files/text/3289-source_replacement_ambiguity.md|heading_atx#8@3393-3435,break_restore_pair,0,BREAK,ATX_HEADING_TOGGLE,middle,0.470662,marker_remove,7209,4,3393,3397,0,7209,72,301,2,10,2,322,0.044666,0.426134,1.704536
edit_write,9f4b9202dae1b93e687d879a9b18adbcd3fd6763f50b01eda801251bd155e4f0,H1,43,51,67319,81812,67361,81855,false,rp1:67d9a252ce841a6f9859a898d4bd63ef,oci-image,oci-image/files/considerations.md,G0-REFDEF-REMOVE|oci-image/files/considerations.md|reference_definition#0@5792-5882,break_restore_pair,1,RESTORE,E6_REFERENCE_DEFINITION,,,definition_restore,6197,91,5792,5792,91,6288,64,530,2,8,8,284,0.045165,1.628499,2.605598
edit_write,9f4b9202dae1b93e687d879a9b18adbcd3fd6763f50b01eda801251bd155e4f0,H2,116,151,54763,74429,54893,74556,false,rp1:67d9a252ce841a6f9859a898d4bd63ef,oci-image,oci-image/files/considerations.md,G0-REFDEF-REMOVE|oci-image/files/considerations.md|reference_definition#0@5792-5882,break_restore_pair,1,RESTORE,E6_REFERENCE_DEFINITION,,,definition_restore,6197,91,5792,5792,91,6288,64,530,2,8,8,284,0.045165,1.628499,2.605598
edit_write,9f4b9202dae1b93e687d879a9b18adbcd3fd6763f50b01eda801251bd155e4f0,H0,36,49,43713,56443,43749,56480,false,rp1:67d9a252ce841a6f9859a898d4bd63ef,oci-image,oci-image/files/considerations.md,G0-REFDEF-REMOVE|oci-image/files/considerations.md|reference_definition#0@5792-5882,break_restore_pair,1,RESTORE,E6_REFERENCE_DEFINITION,,,definition_restore,6197,91,5792,5792,91,6288,64,530,2,8,8,284,0.045165,1.628499,2.605598
edit_write,9f4b9202dae1b93e687d879a9b18adbcd3fd6763f50b01eda801251bd155e4f0,H3,1963,2146,52023,59594,54080,61668,false,rp1:67d9a252ce841a6f9859a898d4bd63ef,oci-image,oci-image/files/considerations.md,G0-REFDEF-REMOVE|oci-image/files/considerations.md|reference_definition#0@5792-5882,break_restore_pair,1,RESTORE,E6_REFERENCE_DEFINITION,,,definition_restore,6197,91,5792,5792,91,6288,64,530,2,8,8,284,0.045165,1.628499,2.605598
edit_write,9f4b9202dae1b93e687d879a9b18adbcd3fd6763f50b01eda801251bd155e4f0,H4,365,407,67539,88584,67894,88909,false,rp1:67d9a252ce841a6f9859a898d4bd63ef,oci-image,oci-image/files/considerations.md,G0-REFDEF-REMOVE|oci-image/files/considerations.md|reference_definition#0@5792-5882,break_restore_pair,1,RESTORE,E6_REFERENCE_DEFINITION,,,definition_restore,6197,91,5792,5792,91,6288,64,530,2,8,8,284,0.045165,1.628499,2.605598
edit_write,9f785d1857618263802bfcdc6b3336495cf00cafb4b430e3c928f3cc2a47d038,H1,43,52,69752,82395,69800,82440,false,rp1:eff576be5c68f8d6e285b1d204beb3fa,oci-image,oci-image/files/considerations.md,G0-FENCE-CLOSER-REMOVE|oci-image/files/considerations.md|code_block_fenced#0@2627-2660,break_restore_pair,1,RESTORE,E4_FENCE_OPEN_CLOSE,,,close_restore,6285,3,2657,2657,3,6288,64,530,2,8,8,284,0.045165,1.628499,2.605598
edit_write,9f785d1857618263802bfcdc6b3336495cf00cafb4b430e3c928f3cc2a47d038,H2,95,136,20809,22582,20900,22698,false,rp1:eff576be5c68f8d6e285b1d204beb3fa,oci-image,oci-image/files/considerations.md,G0-FENCE-CLOSER-REMOVE|oci-image/files/considerations.md|code_block_fenced#0@2627-2660,break_restore_pair,1,RESTORE,E4_FENCE_OPEN_CLOSE,,,close_restore,6285,3,2657,2657,3,6288,64,530,2,8,8,284,0.045165,1.628499,2.605598
edit_write,9f785d1857618263802bfcdc6b3336495cf00cafb4b430e3c928f3cc2a47d038,H0,42,59,44068,55138,44101,55182,false,rp1:eff576be5c68f8d6e285b1d204beb3fa,oci-image,oci-image/files/considerations.md,G0-FENCE-CLOSER-REMOVE|oci-image/files/considerations.md|code_block_fenced#0@2627-2660,break_restore_pair,1,RESTORE,E4_FENCE_OPEN_CLOSE,,,close_restore,6285,3,2657,2657,3,6288,64,530,2,8,8,284,0.045165,1.628499,2.605598
edit_write,9f785d1857618263802bfcdc6b3336495cf00cafb4b430e3c928f3cc2a47d038,H3,2241,2433,17939,19723,20178,22194,false,rp1:eff576be5c68f8d6e285b1d204beb3fa,oci-image,oci-image/files/considerations.md,G0-FENCE-CLOSER-REMOVE|oci-image/files/considerations.md|code_block_fenced#0@2627-2660,break_restore_pair,1,RESTORE,E4_FENCE_OPEN_CLOSE,,,close_restore,6285,3,2657,2657,3,6288,64,530,2,8,8,284,0.045165,1.628499,2.605598
edit_write,9f785d1857618263802bfcdc6b3336495cf00cafb4b430e3c928f3cc2a47d038,H4,402,439,9881,10838,10258,11242,false,rp1:eff576be5c68f8d6e285b1d204beb3fa,oci-image,oci-image/files/considerations.md,G0-FENCE-CLOSER-REMOVE|oci-image/files/considerations.md|code_block_fenced#0@2627-2660,break_restore_pair,1,RESTORE,E4_FENCE_OPEN_CLOSE,,,close_restore,6285,3,2657,2657,3,6288,64,530,2,8,8,284,0.045165,1.628499,2.605598
edit_write,9fed435dc97c76f382eaf29ebea8394f0e483eef6fc8720e90e8dbaa73793bf9,H1,45,67,31521,43415,31568,43481,false,rp1:e7d83bda1435cde06f132e078799a912,oci-image,oci-image/files/HACKING.md,G0-LOCAL-TEXT-REPLACE-EQ|oci-image/files/HACKING.md|text#43@1675-1683,single_step,0,SINGLE,E1_LOCAL_TEXT,late,0.901992,replace_eq,1857,8,1675,1683,8,1857,48,139,2,3,3,139,0.074852,4.411416,3.308562
edit_write,9fed435dc97c76f382eaf29ebea8394f0e483eef6fc8720e90e8dbaa73793bf9,H2,91,135,13519,18858,13591,18953,false,rp1:e7d83bda1435cde06f132e078799a912,oci-image,oci-image/files/HACKING.md,G0-LOCAL-TEXT-REPLACE-EQ|oci-image/files/HACKING.md|text#43@1675-1683,single_step,0,SINGLE,E1_LOCAL_TEXT,late,0.901992,replace_eq,1857,8,1675,1683,8,1857,48,139,2,3,3,139,0.074852,4.411416,3.308562
edit_write,9fed435dc97c76f382eaf29ebea8394f0e483eef6fc8720e90e8dbaa73793bf9,H0,36,53,17136,22020,17168,22064,false,rp1:e7d83bda1435cde06f132e078799a912,oci-image,oci-image/files/HACKING.md,G0-LOCAL-TEXT-REPLACE-EQ|oci-image/files/HACKING.md|text#43@1675-1683,single_step,0,SINGLE,E1_LOCAL_TEXT,late,0.901992,replace_eq,1857,8,1675,1683,8,1857,48,139,2,3,3,139,0.074852,4.411416,3.308562
edit_write,9fed435dc97c76f382eaf29ebea8394f0e483eef6fc8720e90e8dbaa73793bf9,H3,2100,2247,10428,11766,12518,14013,false,rp1:e7d83bda1435cde06f132e078799a912,oci-image,oci-image/files/HACKING.md,G0-LOCAL-TEXT-REPLACE-EQ|oci-image/files/HACKING.md|text#43@1675-1683,single_step,0,SINGLE,E1_LOCAL_TEXT,late,0.901992,replace_eq,1857,8,1675,1683,8,1857,48,139,2,3,3,139,0.074852,4.411416,3.308562
edit_write,9fed435dc97c76f382eaf29ebea8394f0e483eef6fc8720e90e8dbaa73793bf9,H4,320,405,6012,6576,6290,6980,false,rp1:e7d83bda1435cde06f132e078799a912,oci-image,oci-image/files/HACKING.md,G0-LOCAL-TEXT-REPLACE-EQ|oci-image/files/HACKING.md|text#43@1675-1683,single_step,0,SINGLE,E1_LOCAL_TEXT,late,0.901992,replace_eq,1857,8,1675,1683,8,1857,48,139,2,3,3,139,0.074852,4.411416,3.308562
edit_write,a01bb6d33a280b86965cf155f630385fa89fb41819db7f55e39d86251ed18d6a,H1,55,67,14874,15579,14916,15624,false,rp1:50be562c005dd2a2bd5a6bc8b5bda8f2,owasp-cheatsheets,owasp-cheatsheets/files/cheatsheets/Email_Validation_and_Verification_Cheat_Sheet.md,G0-LIST-ITEM-INDENT|owasp-cheatsheets/files/cheatsheets/Email_Validation_and_Verification_Cheat_Sheet.md|list_item#52@4589-4706,break_restore_pair,0,BREAK,E3_CONTAINER_DEPTH,late,0.894716,indent_deepen,5129,2,4589,4589,2,5129,98,247,4,0,0,0,0,0,0
edit_write,a01bb6d33a280b86965cf155f630385fa89fb41819db7f55e39d86251ed18d6a,H2,107,138,21535,23500,21638,23662,false,rp1:50be562c005dd2a2bd5a6bc8b5bda8f2,owasp-cheatsheets,owasp-cheatsheets/files/cheatsheets/Email_Validation_and_Verification_Cheat_Sheet.md,G0-LIST-ITEM-INDENT|owasp-cheatsheets/files/cheatsheets/Email_Validation_and_Verification_Cheat_Sheet.md|list_item#52@4589-4706,break_restore_pair,0,BREAK,E3_CONTAINER_DEPTH,late,0.894716,indent_deepen,5129,2,4589,4589,2,5129,98,247,4,0,0,0,0,0,0
edit_write,a01bb6d33a280b86965cf155f630385fa89fb41819db7f55e39d86251ed18d6a,H0,36,49,56023,63544,56056,63576,false,rp1:50be562c005dd2a2bd5a6bc8b5bda8f2,owasp-cheatsheets,owasp-cheatsheets/files/cheatsheets/Email_Validation_and_Verification_Cheat_Sheet.md,G0-LIST-ITEM-INDENT|owasp-cheatsheets/files/cheatsheets/Email_Validation_and_Verification_Cheat_Sheet.md|list_item#52@4589-4706,break_restore_pair,0,BREAK,E3_CONTAINER_DEPTH,late,0.894716,indent_deepen,5129,2,4589,4589,2,5129,98,247,4,0,0,0,0,0,0
edit_write,a01bb6d33a280b86965cf155f630385fa89fb41819db7f55e39d86251ed18d6a,H3,2943,3069,17555,18923,20490,21990,false,rp1:50be562c005dd2a2bd5a6bc8b5bda8f2,owasp-cheatsheets,owasp-cheatsheets/files/cheatsheets/Email_Validation_and_Verification_Cheat_Sheet.md,G0-LIST-ITEM-INDENT|owasp-cheatsheets/files/cheatsheets/Email_Validation_and_Verification_Cheat_Sheet.md|list_item#52@4589-4706,break_restore_pair,0,BREAK,E3_CONTAINER_DEPTH,late,0.894716,indent_deepen,5129,2,4589,4589,2,5129,98,247,4,0,0,0,0,0,0
edit_write,a01bb6d33a280b86965cf155f630385fa89fb41819db7f55e39d86251ed18d6a,H4,490,553,13683,14151,14201,14654,false,rp1:50be562c005dd2a2bd5a6bc8b5bda8f2,owasp-cheatsheets,owasp-cheatsheets/files/cheatsheets/Email_Validation_and_Verification_Cheat_Sheet.md,G0-LIST-ITEM-INDENT|owasp-cheatsheets/files/cheatsheets/Email_Validation_and_Verification_Cheat_Sheet.md|list_item#52@4589-4706,break_restore_pair,0,BREAK,E3_CONTAINER_DEPTH,late,0.894716,indent_deepen,5129,2,4589,4589,2,5129,98,247,4,0,0,0,0,0,0
edit_write,a055eaeac3fc2eb2d7bf7a21b5f636890d4411f5c8f8d3e3ac7b81d9faadb06e,H1,44,52,67735,73004,67774,73046,false,rp1:9139e61de182eee32aecc3fc8964d9df,oci-image,oci-image/files/considerations.md,G0-LINK-DEST-BREAK|oci-image/files/considerations.md|link_inline#4@1552-1612,single_step,0,SINGLE,E5_INLINE_DELIMITER,middle|late,0.246819,destination_break,6288,1,1597,1597,1,6288,64,530,2,8,8,284,0.045165,1.628499,2.605598
edit_write,a055eaeac3fc2eb2d7bf7a21b5f636890d4411f5c8f8d3e3ac7b81d9faadb06e,H2,100,133,17754,19023,17874,19130,false,rp1:9139e61de182eee32aecc3fc8964d9df,oci-image,oci-image/files/considerations.md,G0-LINK-DEST-BREAK|oci-image/files/considerations.md|link_inline#4@1552-1612,single_step,0,SINGLE,E5_INLINE_DELIMITER,middle|late,0.246819,destination_break,6288,1,1597,1597,1,6288,64,530,2,8,8,284,0.045165,1.628499,2.605598
edit_write,a055eaeac3fc2eb2d7bf7a21b5f636890d4411f5c8f8d3e3ac7b81d9faadb06e,H0,37,44,43209,49194,43240,49225,false,rp1:9139e61de182eee32aecc3fc8964d9df,oci-image,oci-image/files/considerations.md,G0-LINK-DEST-BREAK|oci-image/files/considerations.md|link_inline#4@1552-1612,single_step,0,SINGLE,E5_INLINE_DELIMITER,middle|late,0.246819,destination_break,6288,1,1597,1597,1,6288,64,530,2,8,8,284,0.045165,1.628499,2.605598
edit_write,a055eaeac3fc2eb2d7bf7a21b5f636890d4411f5c8f8d3e3ac7b81d9faadb06e,H3,2871,2998,14892,15821,17768,18681,false,rp1:9139e61de182eee32aecc3fc8964d9df,oci-image,oci-image/files/considerations.md,G0-LINK-DEST-BREAK|oci-image/files/considerations.md|link_inline#4@1552-1612,single_step,0,SINGLE,E5_INLINE_DELIMITER,middle|late,0.246819,destination_break,6288,1,1597,1597,1,6288,64,530,2,8,8,284,0.045165,1.628499,2.605598
edit_write,a055eaeac3fc2eb2d7bf7a21b5f636890d4411f5c8f8d3e3ac7b81d9faadb06e,H4,403,456,10058,10396,10470,10782,false,rp1:9139e61de182eee32aecc3fc8964d9df,oci-image,oci-image/files/considerations.md,G0-LINK-DEST-BREAK|oci-image/files/considerations.md|link_inline#4@1552-1612,single_step,0,SINGLE,E5_INLINE_DELIMITER,middle|late,0.246819,destination_break,6288,1,1597,1597,1,6288,64,530,2,8,8,284,0.045165,1.628499,2.605598
edit_write,a05d55898c098ae66aedbe75a628b964fb97d268be8b54385626d4fbf5143bf9,H1,41,54,8799,9447,8844,9492,false,rp1:67d2a08dd3e772ac9a9f443e5af44a3b,d2l-en,d2l-en/files/chapter_appendix-tools-for-deep-learning/utils.md,G0-CODESPAN-DELIM-BREAK|d2l-en/files/chapter_appendix-tools-for-deep-learning/utils.md|code_span#0@149-160,break_restore_pair,1,RESTORE,E5_INLINE_DELIMITER,,,delimiter_restore,44913,1,149,149,1,44914,39,4363,0,0,0,43880,0.976978,0.615576,0
edit_write,a05d55898c098ae66aedbe75a628b964fb97d268be8b54385626d4fbf5143bf9,H2,82,107,9459,10384,9542,10466,false,rp1:67d2a08dd3e772ac9a9f443e5af44a3b,d2l-en,d2l-en/files/chapter_appendix-tools-for-deep-learning/utils.md,G0-CODESPAN-DELIM-BREAK|d2l-en/files/chapter_appendix-tools-for-deep-learning/utils.md|code_span#0@149-160,break_restore_pair,1,RESTORE,E5_INLINE_DELIMITER,,,delimiter_restore,44913,1,149,149,1,44914,39,4363,0,0,0,43880,0.976978,0.615576,0
edit_write,a05d55898c098ae66aedbe75a628b964fb97d268be8b54385626d4fbf5143bf9,H0,35,57,52872,65957,52909,65996,false,rp1:67d2a08dd3e772ac9a9f443e5af44a3b,d2l-en,d2l-en/files/chapter_appendix-tools-for-deep-learning/utils.md,G0-CODESPAN-DELIM-BREAK|d2l-en/files/chapter_appendix-tools-for-deep-learning/utils.md|code_span#0@149-160,break_restore_pair,1,RESTORE,E5_INLINE_DELIMITER,,,delimiter_restore,44913,1,149,149,1,44914,39,4363,0,0,0,43880,0.976978,0.615576,0
edit_write,a05d55898c098ae66aedbe75a628b964fb97d268be8b54385626d4fbf5143bf9,H3,1225,1355,7764,8146,9009,9487,false,rp1:67d2a08dd3e772ac9a9f443e5af44a3b,d2l-en,d2l-en/files/chapter_appendix-tools-for-deep-learning/utils.md,G0-CODESPAN-DELIM-BREAK|d2l-en/files/chapter_appendix-tools-for-deep-learning/utils.md|code_span#0@149-160,break_restore_pair,1,RESTORE,E5_INLINE_DELIMITER,,,delimiter_restore,44913,1,149,149,1,44914,39,4363,0,0,0,43880,0.976978,0.615576,0
edit_write,a05d55898c098ae66aedbe75a628b964fb97d268be8b54385626d4fbf5143bf9,H4,243,286,4410,4792,4681,5056,false,rp1:67d2a08dd3e772ac9a9f443e5af44a3b,d2l-en,d2l-en/files/chapter_appendix-tools-for-deep-learning/utils.md,G0-CODESPAN-DELIM-BREAK|d2l-en/files/chapter_appendix-tools-for-deep-learning/utils.md|code_span#0@149-160,break_restore_pair,1,RESTORE,E5_INLINE_DELIMITER,,,delimiter_restore,44913,1,149,149,1,44914,39,4363,0,0,0,43880,0.976978,0.615576,0
edit_write,a10d7b838a421a3cc1e49d0fbccf4fe51a640090158c99d528ed421b8202645b,H1,46,58,70349,89779,70390,89823,false,rp1:70efc8406a053890508e1e25cfee844b,rust-rfcs,rust-rfcs/files/text/3289-source_replacement_ambiguity.md,G0-ATX-TO-PARAGRAPH|rust-rfcs/files/text/3289-source_replacement_ambiguity.md|heading_atx#13@5353-5414,break_restore_pair,1,RESTORE,ATX_HEADING_TOGGLE,,,marker_insert,7205,4,5353,5353,4,7209,72,301,2,10,2,322,0.044666,0.426134,1.704536
edit_write,a10d7b838a421a3cc1e49d0fbccf4fe51a640090158c99d528ed421b8202645b,H2,111,149,19458,21416,19572,21526,false,rp1:70efc8406a053890508e1e25cfee844b,rust-rfcs,rust-rfcs/files/text/3289-source_replacement_ambiguity.md,G0-ATX-TO-PARAGRAPH|rust-rfcs/files/text/3289-source_replacement_ambiguity.md|heading_atx#13@5353-5414,break_restore_pair,1,RESTORE,ATX_HEADING_TOGGLE,,,marker_insert,7205,4,5353,5353,4,7209,72,301,2,10,2,322,0.044666,0.426134,1.704536
edit_write,a10d7b838a421a3cc1e49d0fbccf4fe51a640090158c99d528ed421b8202645b,H0,37,49,48078,54515,48117,54544,false,rp1:70efc8406a053890508e1e25cfee844b,rust-rfcs,rust-rfcs/files/text/3289-source_replacement_ambiguity.md,G0-ATX-TO-PARAGRAPH|rust-rfcs/files/text/3289-source_replacement_ambiguity.md|heading_atx#13@5353-5414,break_restore_pair,1,RESTORE,ATX_HEADING_TOGGLE,,,marker_insert,7205,4,5353,5353,4,7209,72,301,2,10,2,322,0.044666,0.426134,1.704536
edit_write,a10d7b838a421a3cc1e49d0fbccf4fe51a640090158c99d528ed421b8202645b,H3,2240,2449,16655,17974,18909,20542,false,rp1:70efc8406a053890508e1e25cfee844b,rust-rfcs,rust-rfcs/files/text/3289-source_replacement_ambiguity.md,G0-ATX-TO-PARAGRAPH|rust-rfcs/files/text/3289-source_replacement_ambiguity.md|heading_atx#13@5353-5414,break_restore_pair,1,RESTORE,ATX_HEADING_TOGGLE,,,marker_insert,7205,4,5353,5353,4,7209,72,301,2,10,2,322,0.044666,0.426134,1.704536
edit_write,a10d7b838a421a3cc1e49d0fbccf4fe51a640090158c99d528ed421b8202645b,H4,405,439,10154,11459,10568,11897,false,rp1:70efc8406a053890508e1e25cfee844b,rust-rfcs,rust-rfcs/files/text/3289-source_replacement_ambiguity.md,G0-ATX-TO-PARAGRAPH|rust-rfcs/files/text/3289-source_replacement_ambiguity.md|heading_atx#13@5353-5414,break_restore_pair,1,RESTORE,ATX_HEADING_TOGGLE,,,marker_insert,7205,4,5353,5353,4,7209,72,301,2,10,2,322,0.044666,0.426134,1.704536
edit_write,a3d4da7ba3d5b5dc18b530f3f465498db4aa464e7087e5dce79a0d4828fc1f3f,H1,43,58,71808,91867,71850,91910,false,rp1:3b6302386b8bb854bcb4dac1e8d7e8d2,rust-rfcs,rust-rfcs/files/text/3289-source_replacement_ambiguity.md,G0-CODESPAN-DELIM-BREAK|rust-rfcs/files/text/3289-source_replacement_ambiguity.md|code_span#6@775-786,break_restore_pair,1,RESTORE,E5_INLINE_DELIMITER,,,delimiter_restore,7208,1,775,775,1,7209,72,301,2,10,2,322,0.044666,0.426134,1.704536
edit_write,a3d4da7ba3d5b5dc18b530f3f465498db4aa464e7087e5dce79a0d4828fc1f3f,H2,119,153,26396,29010,26499,29215,false,rp1:3b6302386b8bb854bcb4dac1e8d7e8d2,rust-rfcs,rust-rfcs/files/text/3289-source_replacement_ambiguity.md,G0-CODESPAN-DELIM-BREAK|rust-rfcs/files/text/3289-source_replacement_ambiguity.md|code_span#6@775-786,break_restore_pair,1,RESTORE,E5_INLINE_DELIMITER,,,delimiter_restore,7208,1,775,775,1,7209,72,301,2,10,2,322,0.044666,0.426134,1.704536
edit_write,a3d4da7ba3d5b5dc18b530f3f465498db4aa464e7087e5dce79a0d4828fc1f3f,H0,37,56,47728,66010,47765,66045,false,rp1:3b6302386b8bb854bcb4dac1e8d7e8d2,rust-rfcs,rust-rfcs/files/text/3289-source_replacement_ambiguity.md,G0-CODESPAN-DELIM-BREAK|rust-rfcs/files/text/3289-source_replacement_ambiguity.md|code_span#6@775-786,break_restore_pair,1,RESTORE,E5_INLINE_DELIMITER,,,delimiter_restore,7208,1,775,775,1,7209,72,301,2,10,2,322,0.044666,0.426134,1.704536
edit_write,a3d4da7ba3d5b5dc18b530f3f465498db4aa464e7087e5dce79a0d4828fc1f3f,H3,3419,3618,23011,24884,26484,28470,false,rp1:3b6302386b8bb854bcb4dac1e8d7e8d2,rust-rfcs,rust-rfcs/files/text/3289-source_replacement_ambiguity.md,G0-CODESPAN-DELIM-BREAK|rust-rfcs/files/text/3289-source_replacement_ambiguity.md|code_span#6@775-786,break_restore_pair,1,RESTORE,E5_INLINE_DELIMITER,,,delimiter_restore,7208,1,775,775,1,7209,72,301,2,10,2,322,0.044666,0.426134,1.704536
edit_write,a3d4da7ba3d5b5dc18b530f3f465498db4aa464e7087e5dce79a0d4828fc1f3f,H4,546,607,15462,16599,16006,17172,false,rp1:3b6302386b8bb854bcb4dac1e8d7e8d2,rust-rfcs,rust-rfcs/files/text/3289-source_replacement_ambiguity.md,G0-CODESPAN-DELIM-BREAK|rust-rfcs/files/text/3289-source_replacement_ambiguity.md|code_span#6@775-786,break_restore_pair,1,RESTORE,E5_INLINE_DELIMITER,,,delimiter_restore,7208,1,775,775,1,7209,72,301,2,10,2,322,0.044666,0.426134,1.704536
edit_write,a51ad8cdee689426de2e8ebcc0b7dca384008351a599e89286b6fee0de144e92,H1,41,60,15600,16966,15638,16998,false,rp1:929124a0344fea0cdbf392fd34466ae3,rust-book,rust-book/files/src/appendix-05-editions.md,G0-LOCAL-TEXT-REPLACE-EQ|rust-book/files/src/appendix-05-editions.md|text#3@175-587,single_step,0,SINGLE,E1_LOCAL_TEXT,early,0.056911,replace_eq,3075,8,297,305,8,3075,15,480,2,1,1,0,0,0,0.666016
edit_write,a51ad8cdee689426de2e8ebcc0b7dca384008351a599e89286b6fee0de144e92,H2,85,113,5854,6331,5962,6441,false,rp1:929124a0344fea0cdbf392fd34466ae3,rust-book,rust-book/files/src/appendix-05-editions.md,G0-LOCAL-TEXT-REPLACE-EQ|rust-book/files/src/appendix-05-editions.md|text#3@175-587,single_step,0,SINGLE,E1_LOCAL_TEXT,early,0.056911,replace_eq,3075,8,297,305,8,3075,15,480,2,1,1,0,0,0,0.666016
edit_write,a51ad8cdee689426de2e8ebcc0b7dca384008351a599e89286b6fee0de144e92,H0,34,50,11305,12090,11354,12140,false,rp1:929124a0344fea0cdbf392fd34466ae3,rust-book,rust-book/files/src/appendix-05-editions.md,G0-LOCAL-TEXT-REPLACE-EQ|rust-book/files/src/appendix-05-editions.md|text#3@175-587,single_step,0,SINGLE,E1_LOCAL_TEXT,early,0.056911,replace_eq,3075,8,297,305,8,3075,15,480,2,1,1,0,0,0,0.666016
edit_write,a51ad8cdee689426de2e8ebcc0b7dca384008351a599e89286b6fee0de144e92,H3,885,1064,4772,5538,5713,6660,false,rp1:929124a0344fea0cdbf392fd34466ae3,rust-book,rust-book/files/src/appendix-05-editions.md,G0-LOCAL-TEXT-REPLACE-EQ|rust-book/files/src/appendix-05-editions.md|text#3@175-587,single_step,0,SINGLE,E1_LOCAL_TEXT,early,0.056911,replace_eq,3075,8,297,305,8,3075,15,480,2,1,1,0,0,0,0.666016
edit_write,a51ad8cdee689426de2e8ebcc0b7dca384008351a599e89286b6fee0de144e92,H4,133,162,2851,3303,2966,3474,false,rp1:929124a0344fea0cdbf392fd34466ae3,rust-book,rust-book/files/src/appendix-05-editions.md,G0-LOCAL-TEXT-REPLACE-EQ|rust-book/files/src/appendix-05-editions.md|text#3@175-587,single_step,0,SINGLE,E1_LOCAL_TEXT,early,0.056911,replace_eq,3075,8,297,305,8,3075,15,480,2,1,1,0,0,0,0.666016
edit_write,a86e2dac4512bec45c1d90372bbdfdcf0b4c495e400c4ef4fa637cd1263e1208,H1,43,56,30354,32365,30395,32407,false,rp1:dc451d64e02f92c538955c152ff3a0e8,oci-image,oci-image/files/HACKING.md,G0-CODESPAN-DELIM-BREAK|oci-image/files/HACKING.md|code_span#2@959-967,break_restore_pair,0,BREAK,E5_INLINE_DELIMITER,middle,0.516424,delimiter_break,1857,1,959,960,0,1857,48,139,2,3,3,139,0.074852,4.411416,3.308562
edit_write,a86e2dac4512bec45c1d90372bbdfdcf0b4c495e400c4ef4fa637cd1263e1208,H2,102,131,12062,13051,12148,13174,false,rp1:dc451d64e02f92c538955c152ff3a0e8,oci-image,oci-image/files/HACKING.md,G0-CODESPAN-DELIM-BREAK|oci-image/files/HACKING.md|code_span#2@959-967,break_restore_pair,0,BREAK,E5_INLINE_DELIMITER,middle,0.516424,delimiter_break,1857,1,959,960,0,1857,48,139,2,3,3,139,0.074852,4.411416,3.308562
edit_write,a86e2dac4512bec45c1d90372bbdfdcf0b4c495e400c4ef4fa637cd1263e1208,H0,42,56,16835,18245,16887,18272,false,rp1:dc451d64e02f92c538955c152ff3a0e8,oci-image,oci-image/files/HACKING.md,G0-CODESPAN-DELIM-BREAK|oci-image/files/HACKING.md|code_span#2@959-967,break_restore_pair,0,BREAK,E5_INLINE_DELIMITER,middle,0.516424,delimiter_break,1857,1,959,960,0,1857,48,139,2,3,3,139,0.074852,4.411416,3.308562
edit_write,a86e2dac4512bec45c1d90372bbdfdcf0b4c495e400c4ef4fa637cd1263e1208,H3,1776,1953,9335,10391,11171,12316,false,rp1:dc451d64e02f92c538955c152ff3a0e8,oci-image,oci-image/files/HACKING.md,G0-CODESPAN-DELIM-BREAK|oci-image/files/HACKING.md|code_span#2@959-967,break_restore_pair,0,BREAK,E5_INLINE_DELIMITER,middle,0.516424,delimiter_break,1857,1,959,960,0,1857,48,139,2,3,3,139,0.074852,4.411416,3.308562
edit_write,a86e2dac4512bec45c1d90372bbdfdcf0b4c495e400c4ef4fa637cd1263e1208,H4,244,311,5454,6046,5740,6369,false,rp1:dc451d64e02f92c538955c152ff3a0e8,oci-image,oci-image/files/HACKING.md,G0-CODESPAN-DELIM-BREAK|oci-image/files/HACKING.md|code_span#2@959-967,break_restore_pair,0,BREAK,E5_INLINE_DELIMITER,middle,0.516424,delimiter_break,1857,1,959,960,0,1857,48,139,2,3,3,139,0.074852,4.411416,3.308562
edit_write,a886ef1bfe9df29d6e1138d2ea2eb294326554e04c2b7542fa1f53ebc494287c,H1,44,48,70696,81573,70739,81618,false,rp1:5a0d3b27ef398c3f9f9b30e23903ba66,rust-rfcs,rust-rfcs/files/text/3289-source_replacement_ambiguity.md,G0-ATX-TO-PARAGRAPH|rust-rfcs/files/text/3289-source_replacement_ambiguity.md|heading_atx#13@5353-5414,break_restore_pair,0,BREAK,ATX_HEADING_TOGGLE,late,0.742544,marker_remove,7209,4,5353,5357,0,7209,72,301,2,10,2,322,0.044666,0.426134,1.704536
edit_write,a886ef1bfe9df29d6e1138d2ea2eb294326554e04c2b7542fa1f53ebc494287c,H2,109,156,19585,25739,19724,25864,false,rp1:5a0d3b27ef398c3f9f9b30e23903ba66,rust-rfcs,rust-rfcs/files/text/3289-source_replacement_ambiguity.md,G0-ATX-TO-PARAGRAPH|rust-rfcs/files/text/3289-source_replacement_ambiguity.md|heading_atx#13@5353-5414,break_restore_pair,0,BREAK,ATX_HEADING_TOGGLE,late,0.742544,marker_remove,7209,4,5353,5357,0,7209,72,301,2,10,2,322,0.044666,0.426134,1.704536
edit_write,a886ef1bfe9df29d6e1138d2ea2eb294326554e04c2b7542fa1f53ebc494287c,H0,36,54,48066,61092,48101,61123,false,rp1:5a0d3b27ef398c3f9f9b30e23903ba66,rust-rfcs,rust-rfcs/files/text/3289-source_replacement_ambiguity.md,G0-ATX-TO-PARAGRAPH|rust-rfcs/files/text/3289-source_replacement_ambiguity.md|heading_atx#13@5353-5414,break_restore_pair,0,BREAK,ATX_HEADING_TOGGLE,late,0.742544,marker_remove,7209,4,5353,5357,0,7209,72,301,2,10,2,322,0.044666,0.426134,1.704536
edit_write,a886ef1bfe9df29d6e1138d2ea2eb294326554e04c2b7542fa1f53ebc494287c,H3,2871,3148,15967,17107,18780,20138,false,rp1:5a0d3b27ef398c3f9f9b30e23903ba66,rust-rfcs,rust-rfcs/files/text/3289-source_replacement_ambiguity.md,G0-ATX-TO-PARAGRAPH|rust-rfcs/files/text/3289-source_replacement_ambiguity.md|heading_atx#13@5353-5414,break_restore_pair,0,BREAK,ATX_HEADING_TOGGLE,late,0.742544,marker_remove,7209,4,5353,5357,0,7209,72,301,2,10,2,322,0.044666,0.426134,1.704536
edit_write,a886ef1bfe9df29d6e1138d2ea2eb294326554e04c2b7542fa1f53ebc494287c,H4,422,465,9648,10556,10054,11021,false,rp1:5a0d3b27ef398c3f9f9b30e23903ba66,rust-rfcs,rust-rfcs/files/text/3289-source_replacement_ambiguity.md,G0-ATX-TO-PARAGRAPH|rust-rfcs/files/text/3289-source_replacement_ambiguity.md|heading_atx#13@5353-5414,break_restore_pair,0,BREAK,ATX_HEADING_TOGGLE,late,0.742544,marker_remove,7209,4,5353,5357,0,7209,72,301,2,10,2,322,0.044666,0.426134,1.704536
edit_write,a9063a44e5c190c3c1e04fc392654c2aabe4314c0b528e69a69ad4acad5e853c,H1,36,51,14677,15864,14719,15908,false,rp1:e326b4a98c1cdad2f0af92483bdb1a34,rust-book,rust-book/files/src/appendix-05-editions.md,G0-PARAGRAPH-MERGE|rust-book/files/src/appendix-05-editions.md|paragraph#1@175-587,single_step,0,SINGLE,E2_PARAGRAPH_SPLIT_MERGE,early,0.056911,merge,3075,2,173,175,1,3075,15,480,2,1,1,0,0,0,0.666016
edit_write,a9063a44e5c190c3c1e04fc392654c2aabe4314c0b528e69a69ad4acad5e853c,H2,69,105,6468,7259,6571,7336,false,rp1:e326b4a98c1cdad2f0af92483bdb1a34,rust-book,rust-book/files/src/appendix-05-editions.md,G0-PARAGRAPH-MERGE|rust-book/files/src/appendix-05-editions.md|paragraph#1@175-587,single_step,0,SINGLE,E2_PARAGRAPH_SPLIT_MERGE,early,0.056911,merge,3075,2,173,175,1,3075,15,480,2,1,1,0,0,0,0.666016
edit_write,a9063a44e5c190c3c1e04fc392654c2aabe4314c0b528e69a69ad4acad5e853c,H0,34,41,11301,12082,11330,12116,false,rp1:e326b4a98c1cdad2f0af92483bdb1a34,rust-book,rust-book/files/src/appendix-05-editions.md,G0-PARAGRAPH-MERGE|rust-book/files/src/appendix-05-editions.md|paragraph#1@175-587,single_step,0,SINGLE,E2_PARAGRAPH_SPLIT_MERGE,early,0.056911,merge,3075,2,173,175,1,3075,15,480,2,1,1,0,0,0,0.666016
edit_write,a9063a44e5c190c3c1e04fc392654c2aabe4314c0b528e69a69ad4acad5e853c,H3,683,785,5287,5774,5986,6540,false,rp1:e326b4a98c1cdad2f0af92483bdb1a34,rust-book,rust-book/files/src/appendix-05-editions.md,G0-PARAGRAPH-MERGE|rust-book/files/src/appendix-05-editions.md|paragraph#1@175-587,single_step,0,SINGLE,E2_PARAGRAPH_SPLIT_MERGE,early,0.056911,merge,3075,2,173,175,1,3075,15,480,2,1,1,0,0,0,0.666016
edit_write,a9063a44e5c190c3c1e04fc392654c2aabe4314c0b528e69a69ad4acad5e853c,H4,132,155,3314,3625,3407,3760,false,rp1:e326b4a98c1cdad2f0af92483bdb1a34,rust-book,rust-book/files/src/appendix-05-editions.md,G0-PARAGRAPH-MERGE|rust-book/files/src/appendix-05-editions.md|paragraph#1@175-587,single_step,0,SINGLE,E2_PARAGRAPH_SPLIT_MERGE,early,0.056911,merge,3075,2,173,175,1,3075,15,480,2,1,1,0,0,0,0.666016
edit_write,aa0dfaae223446ef4b936f598a233d70b7f31458f953ca33a3bea748d1755dc8,H1,44,62,11983,13022,12024,13075,false,rp1:192719f8696cab461fde612695dc0f77,opentelemetry-spec,opentelemetry-spec/files/specification/library-layout.md,G0-LIST-ITEM-INDENT|opentelemetry-spec/files/specification/library-layout.md|list_item#1@1242-1371,break_restore_pair,0,BREAK,E3_CONTAINER_DEPTH,early|middle|late,0.421875,indent_deepen,2944,2,1242,1242,2,2944,40,330,2,0,0,367,0.124660,0.695652,0
edit_write,aa0dfaae223446ef4b936f598a233d70b7f31458f953ca33a3bea748d1755dc8,H2,83,113,14003,19448,14098,19519,false,rp1:192719f8696cab461fde612695dc0f77,opentelemetry-spec,opentelemetry-spec/files/specification/library-layout.md,G0-LIST-ITEM-INDENT|opentelemetry-spec/files/specification/library-layout.md|list_item#1@1242-1371,break_restore_pair,0,BREAK,E3_CONTAINER_DEPTH,early|middle|late,0.421875,indent_deepen,2944,2,1242,1242,2,2944,40,330,2,0,0,367,0.124660,0.695652,0
edit_write,aa0dfaae223446ef4b936f598a233d70b7f31458f953ca33a3bea748d1755dc8,H0,36,52,18832,21326,18875,21360,false,rp1:192719f8696cab461fde612695dc0f77,opentelemetry-spec,opentelemetry-spec/files/specification/library-layout.md,G0-LIST-ITEM-INDENT|opentelemetry-spec/files/specification/library-layout.md|list_item#1@1242-1371,break_restore_pair,0,BREAK,E3_CONTAINER_DEPTH,early|middle|late,0.421875,indent_deepen,2944,2,1242,1242,2,2944,40,330,2,0,0,367,0.124660,0.695652,0
edit_write,aa0dfaae223446ef4b936f598a233d70b7f31458f953ca33a3bea748d1755dc8,H3,1476,1618,10846,12455,12357,17739,false,rp1:192719f8696cab461fde612695dc0f77,opentelemetry-spec,opentelemetry-spec/files/specification/library-layout.md,G0-LIST-ITEM-INDENT|opentelemetry-spec/files/specification/library-layout.md|list_item#1@1242-1371,break_restore_pair,0,BREAK,E3_CONTAINER_DEPTH,early|middle|late,0.421875,indent_deepen,2944,2,1242,1242,2,2944,40,330,2,0,0,367,0.124660,0.695652,0
edit_write,aa0dfaae223446ef4b936f598a233d70b7f31458f953ca33a3bea748d1755dc8,H4,255,344,7444,8272,7725,8581,false,rp1:192719f8696cab461fde612695dc0f77,opentelemetry-spec,opentelemetry-spec/files/specification/library-layout.md,G0-LIST-ITEM-INDENT|opentelemetry-spec/files/specification/library-layout.md|list_item#1@1242-1371,break_restore_pair,0,BREAK,E3_CONTAINER_DEPTH,early|middle|late,0.421875,indent_deepen,2944,2,1242,1242,2,2944,40,330,2,0,0,367,0.124660,0.695652,0
edit_write,aa304dab9542aae56430a3ad80ebb7a4ea14c092811902608679e477f0159bbe,H1,38,55,15915,17127,15970,17164,false,rp1:5b0f167d117d6ccf759f8c9c45bb0c16,rust-book,rust-book/files/src/appendix-05-editions.md,G0-PARAGRAPH-SPLIT|rust-book/files/src/appendix-05-editions.md|paragraph#9@1611-1936,single_step,0,SINGLE,E2_PARAGRAPH_SPLIT_MERGE,middle,0.523902,split,3075,2,1775,1776,2,3075,15,480,2,1,1,0,0,0,0.666016
edit_write,aa304dab9542aae56430a3ad80ebb7a4ea14c092811902608679e477f0159bbe,H2,78,112,6198,6905,6285,6982,true,rp1:5b0f167d117d6ccf759f8c9c45bb0c16,rust-book,rust-book/files/src/appendix-05-editions.md,G0-PARAGRAPH-SPLIT|rust-book/files/src/appendix-05-editions.md|paragraph#9@1611-1936,single_step,0,SINGLE,E2_PARAGRAPH_SPLIT_MERGE,middle,0.523902,split,3075,2,1775,1776,2,3075,15,480,2,1,1,0,0,0,0.666016
edit_write,aa304dab9542aae56430a3ad80ebb7a4ea14c092811902608679e477f0159bbe,H0,33,54,11786,12594,11831,12650,false,rp1:5b0f167d117d6ccf759f8c9c45bb0c16,rust-book,rust-book/files/src/appendix-05-editions.md,G0-PARAGRAPH-SPLIT|rust-book/files/src/appendix-05-editions.md|paragraph#9@1611-1936,single_step,0,SINGLE,E2_PARAGRAPH_SPLIT_MERGE,middle,0.523902,split,3075,2,1775,1776,2,3075,15,480,2,1,1,0,0,0,0.666016
edit_write,aa304dab9542aae56430a3ad80ebb7a4ea14c092811902608679e477f0159bbe,H3,846,980,5070,5553,5962,6533,false,rp1:5b0f167d117d6ccf759f8c9c45bb0c16,rust-book,rust-book/files/src/appendix-05-editions.md,G0-PARAGRAPH-SPLIT|rust-book/files/src/appendix-05-editions.md|paragraph#9@1611-1936,single_step,0,SINGLE,E2_PARAGRAPH_SPLIT_MERGE,middle,0.523902,split,3075,2,1775,1776,2,3075,15,480,2,1,1,0,0,0,0.666016
edit_write,aa304dab9542aae56430a3ad80ebb7a4ea14c092811902608679e477f0159bbe,H4,116,167,3045,3681,3158,6709,true,rp1:5b0f167d117d6ccf759f8c9c45bb0c16,rust-book,rust-book/files/src/appendix-05-editions.md,G0-PARAGRAPH-SPLIT|rust-book/files/src/appendix-05-editions.md|paragraph#9@1611-1936,single_step,0,SINGLE,E2_PARAGRAPH_SPLIT_MERGE,middle,0.523902,split,3075,2,1775,1776,2,3075,15,480,2,1,1,0,0,0,0.666016
edit_write,aaa3319de212ce57fd6f629978b65e80ee2798a7b76257874e88855b1270276e,H1,44,54,31775,37831,31844,37865,false,rp1:7701dac6720abde7af3b4ec759b3702f,oci-image,oci-image/files/implementations.md,G0-PARAGRAPH-SPLIT|oci-image/files/implementations.md|paragraph#8@1052-1149,single_step,0,SINGLE,E2_PARAGRAPH_SPLIT_MERGE,middle,0.434531,split,2421,2,1088,1089,2,2421,28,249,4,0,0,0,0,0,0
edit_write,aaa3319de212ce57fd6f629978b65e80ee2798a7b76257874e88855b1270276e,H2,97,117,39981,57468,40091,57553,false,rp1:7701dac6720abde7af3b4ec759b3702f,oci-image,oci-image/files/implementations.md,G0-PARAGRAPH-SPLIT|oci-image/files/implementations.md|paragraph#8@1052-1149,single_step,0,SINGLE,E2_PARAGRAPH_SPLIT_MERGE,middle,0.434531,split,2421,2,1088,1089,2,2421,28,249,4,0,0,0,0,0,0
edit_write,aaa3319de212ce57fd6f629978b65e80ee2798a7b76257874e88855b1270276e,H0,45,60,25348,26587,25404,26651,false,rp1:7701dac6720abde7af3b4ec759b3702f,oci-image,oci-image/files/implementations.md,G0-PARAGRAPH-SPLIT|oci-image/files/implementations.md|paragraph#8@1052-1149,single_step,0,SINGLE,E2_PARAGRAPH_SPLIT_MERGE,middle,0.434531,split,2421,2,1088,1089,2,2421,28,249,4,0,0,0,0,0,0
edit_write,aaa3319de212ce57fd6f629978b65e80ee2798a7b76257874e88855b1270276e,H3,3348,3637,38629,51277,41997,54672,false,rp1:7701dac6720abde7af3b4ec759b3702f,oci-image,oci-image/files/implementations.md,G0-PARAGRAPH-SPLIT|oci-image/files/implementations.md|paragraph#8@1052-1149,single_step,0,SINGLE,E2_PARAGRAPH_SPLIT_MERGE,middle,0.434531,split,2421,2,1088,1089,2,2421,28,249,4,0,0,0,0,0,0
edit_write,aaa3319de212ce57fd6f629978b65e80ee2798a7b76257874e88855b1270276e,H4,430,510,32794,39634,33185,40029,false,rp1:7701dac6720abde7af3b4ec759b3702f,oci-image,oci-image/files/implementations.md,G0-PARAGRAPH-SPLIT|oci-image/files/implementations.md|paragraph#8@1052-1149,single_step,0,SINGLE,E2_PARAGRAPH_SPLIT_MERGE,middle,0.434531,split,2421,2,1088,1089,2,2421,28,249,4,0,0,0,0,0,0
edit_write,abf0d9be96b4f1ee1cc656f1d4760bb7b208201baef57c703ddaf7ddf84c6fb2,H1,45,56,14842,15316,14893,15355,false,rp1:59ef46fe84677b28de13b4751d9b8c12,d2l-en,d2l-en/files/chapter_installation/index.md,G0-CODESPAN-DELIM-BREAK|d2l-en/files/chapter_installation/index.md|code_span#9@2974-2980,break_restore_pair,1,RESTORE,E5_INLINE_DELIMITER,,,delimiter_restore,6093,1,2974,2974,1,6094,60,589,0,0,0,1227,0.201346,2.856580,0
edit_write,abf0d9be96b4f1ee1cc656f1d4760bb7b208201baef57c703ddaf7ddf84c6fb2,H2,82,117,16461,17653,16554,17808,false,rp1:59ef46fe84677b28de13b4751d9b8c12,d2l-en,d2l-en/files/chapter_installation/index.md,G0-CODESPAN-DELIM-BREAK|d2l-en/files/chapter_installation/index.md|code_span#9@2974-2980,break_restore_pair,1,RESTORE,E5_INLINE_DELIMITER,,,delimiter_restore,6093,1,2974,2974,1,6094,60,589,0,0,0,1227,0.201346,2.856580,0
edit_write,abf0d9be96b4f1ee1cc656f1d4760bb7b208201baef57c703ddaf7ddf84c6fb2,H0,46,52,31472,33666,31518,33711,false,rp1:59ef46fe84677b28de13b4751d9b8c12,d2l-en,d2l-en/files/chapter_installation/index.md,G0-CODESPAN-DELIM-BREAK|d2l-en/files/chapter_installation/index.md|code_span#9@2974-2980,break_restore_pair,1,RESTORE,E5_INLINE_DELIMITER,,,delimiter_restore,6093,1,2974,2974,1,6094,60,589,0,0,0,1227,0.201346,2.856580,0
edit_write,abf0d9be96b4f1ee1cc656f1d4760bb7b208201baef57c703ddaf7ddf84c6fb2,H3,1793,1929,12521,18219,14181,20054,false,rp1:59ef46fe84677b28de13b4751d9b8c12,d2l-en,d2l-en/files/chapter_installation/index.md,G0-CODESPAN-DELIM-BREAK|d2l-en/files/chapter_installation/index.md|code_span#9@2974-2980,break_restore_pair,1,RESTORE,E5_INLINE_DELIMITER,,,delimiter_restore,6093,1,2974,2974,1,6094,60,589,0,0,0,1227,0.201346,2.856580,0
edit_write,abf0d9be96b4f1ee1cc656f1d4760bb7b208201baef57c703ddaf7ddf84c6fb2,H4,321,379,5974,6520,6322,6899,false,rp1:59ef46fe84677b28de13b4751d9b8c12,d2l-en,d2l-en/files/chapter_installation/index.md,G0-CODESPAN-DELIM-BREAK|d2l-en/files/chapter_installation/index.md|code_span#9@2974-2980,break_restore_pair,1,RESTORE,E5_INLINE_DELIMITER,,,delimiter_restore,6093,1,2974,2974,1,6094,60,589,0,0,0,1227,0.201346,2.856580,0
edit_write,ac1fb780b0d48ca9f592921413ef52016e45df309f2ab6dc9a11b494bc549d5f,H1,44,54,24984,26053,25027,26125,false,rp1:35e7d04ba1a496e7317dd1d8b0980eb6,myst-parser,myst-parser/files/docs/develop/contributing.md,G0-REFDEF-REMOVE|myst-parser/files/docs/develop/contributing.md|reference_definition#0@2116-2232,break_restore_pair,0,BREAK,E6_REFERENCE_DEFINITION,early|middle,0.775944,definition_remove,2727,117,2116,2233,0,2727,30,321,0,8,4,337,0.123579,2.628530,4.506051
edit_write,ac1fb780b0d48ca9f592921413ef52016e45df309f2ab6dc9a11b494bc549d5f,H2,104,130,27694,28938,27778,29068,false,rp1:35e7d04ba1a496e7317dd1d8b0980eb6,myst-parser,myst-parser/files/docs/develop/contributing.md,G0-REFDEF-REMOVE|myst-parser/files/docs/develop/contributing.md|reference_definition#0@2116-2232,break_restore_pair,0,BREAK,E6_REFERENCE_DEFINITION,early|middle,0.775944,definition_remove,2727,117,2116,2233,0,2727,30,321,0,8,4,337,0.123579,2.628530,4.506051
edit_write,ac1fb780b0d48ca9f592921413ef52016e45df309f2ab6dc9a11b494bc549d5f,H0,33,37,15564,16092,15598,16120,false,rp1:35e7d04ba1a496e7317dd1d8b0980eb6,myst-parser,myst-parser/files/docs/develop/contributing.md,G0-REFDEF-REMOVE|myst-parser/files/docs/develop/contributing.md|reference_definition#0@2116-2232,break_restore_pair,0,BREAK,E6_REFERENCE_DEFINITION,early|middle,0.775944,definition_remove,2727,117,2116,2233,0,2727,30,321,0,8,4,337,0.123579,2.628530,4.506051
edit_write,ac1fb780b0d48ca9f592921413ef52016e45df309f2ab6dc9a11b494bc549d5f,H3,1461,1681,26999,32693,28537,34238,false,rp1:35e7d04ba1a496e7317dd1d8b0980eb6,myst-parser,myst-parser/files/docs/develop/contributing.md,G0-REFDEF-REMOVE|myst-parser/files/docs/develop/contributing.md|reference_definition#0@2116-2232,break_restore_pair,0,BREAK,E6_REFERENCE_DEFINITION,early|middle,0.775944,definition_remove,2727,117,2116,2233,0,2727,30,321,0,8,4,337,0.123579,2.628530,4.506051
edit_write,ac1fb780b0d48ca9f592921413ef52016e45df309f2ab6dc9a11b494bc549d5f,H4,218,276,25615,27075,25858,27337,false,rp1:35e7d04ba1a496e7317dd1d8b0980eb6,myst-parser,myst-parser/files/docs/develop/contributing.md,G0-REFDEF-REMOVE|myst-parser/files/docs/develop/contributing.md|reference_definition#0@2116-2232,break_restore_pair,0,BREAK,E6_REFERENCE_DEFINITION,early|middle,0.775944,definition_remove,2727,117,2116,2233,0,2727,30,321,0,8,4,337,0.123579,2.628530,4.506051
edit_write,aca48617e4afbadd93b79c41769cd75d4c5b1cdf8a3fede5d19fd65378f5c830,H1,41,52,14904,15602,14937,15646,false,rp1:521d2792fab7b4e71182afb2dd95c260,rust-book,rust-book/files/src/appendix-05-editions.md,G0-PARAGRAPH-MERGE|rust-book/files/src/appendix-05-editions.md|paragraph#12@2786-3009,single_step,0,SINGLE,E2_PARAGRAPH_SPLIT_MERGE,late,0.906016,merge,3075,2,2784,2786,1,3075,15,480,2,1,1,0,0,0,0.666016
edit_write,aca48617e4afbadd93b79c41769cd75d4c5b1cdf8a3fede5d19fd65378f5c830,H2,67,105,7052,7548,7133,7631,false,rp1:521d2792fab7b4e71182afb2dd95c260,rust-book,rust-book/files/src/appendix-05-editions.md,G0-PARAGRAPH-MERGE|rust-book/files/src/appendix-05-editions.md|paragraph#12@2786-3009,single_step,0,SINGLE,E2_PARAGRAPH_SPLIT_MERGE,late,0.906016,merge,3075,2,2784,2786,1,3075,15,480,2,1,1,0,0,0,0.666016
edit_write,aca48617e4afbadd93b79c41769cd75d4c5b1cdf8a3fede5d19fd65378f5c830,H0,33,49,11221,12432,11266,12466,false,rp1:521d2792fab7b4e71182afb2dd95c260,rust-book,rust-book/files/src/appendix-05-editions.md,G0-PARAGRAPH-MERGE|rust-book/files/src/appendix-05-editions.md|paragraph#12@2786-3009,single_step,0,SINGLE,E2_PARAGRAPH_SPLIT_MERGE,late,0.906016,merge,3075,2,2784,2786,1,3075,15,480,2,1,1,0,0,0,0.666016
edit_write,aca48617e4afbadd93b79c41769cd75d4c5b1cdf8a3fede5d19fd65378f5c830,H3,803,925,5838,6300,6602,7110,false,rp1:521d2792fab7b4e71182afb2dd95c260,rust-book,rust-book/files/src/appendix-05-editions.md,G0-PARAGRAPH-MERGE|rust-book/files/src/appendix-05-editions.md|paragraph#12@2786-3009,single_step,0,SINGLE,E2_PARAGRAPH_SPLIT_MERGE,late,0.906016,merge,3075,2,2784,2786,1,3075,15,480,2,1,1,0,0,0,0.666016
edit_write,aca48617e4afbadd93b79c41769cd75d4c5b1cdf8a3fede5d19fd65378f5c830,H4,102,149,3779,4134,3890,4244,false,rp1:521d2792fab7b4e71182afb2dd95c260,rust-book,rust-book/files/src/appendix-05-editions.md,G0-PARAGRAPH-MERGE|rust-book/files/src/appendix-05-editions.md|paragraph#12@2786-3009,single_step,0,SINGLE,E2_PARAGRAPH_SPLIT_MERGE,late,0.906016,merge,3075,2,2784,2786,1,3075,15,480,2,1,1,0,0,0,0.666016
edit_write,af4e7bafa17c682a447a00f92d994afe9049f3c76b2949717d5c92fe8c9ba3bf,H1,44,52,74409,89791,74451,89862,false,rp1:82ce57d8e6b063939e891988e7adee3b,rust-rfcs,rust-rfcs/files/text/3289-source_replacement_ambiguity.md,G0-LIST-ITEM-INDENT|rust-rfcs/files/text/3289-source_replacement_ambiguity.md|list_item#9@3581-3640,break_restore_pair,0,BREAK,E3_CONTAINER_DEPTH,middle,0.496740,indent_deepen,7209,2,3581,3581,2,7209,72,301,2,10,2,322,0.044666,0.426134,1.704536
edit_write,af4e7bafa17c682a447a00f92d994afe9049f3c76b2949717d5c92fe8c9ba3bf,H2,121,155,23446,34926,23580,35053,false,rp1:82ce57d8e6b063939e891988e7adee3b,rust-rfcs,rust-rfcs/files/text/3289-source_replacement_ambiguity.md,G0-LIST-ITEM-INDENT|rust-rfcs/files/text/3289-source_replacement_ambiguity.md|list_item#9@3581-3640,break_restore_pair,0,BREAK,E3_CONTAINER_DEPTH,middle,0.496740,indent_deepen,7209,2,3581,3581,2,7209,72,301,2,10,2,322,0.044666,0.426134,1.704536
edit_write,af4e7bafa17c682a447a00f92d994afe9049f3c76b2949717d5c92fe8c9ba3bf,H0,38,55,48843,61217,48887,61262,false,rp1:82ce57d8e6b063939e891988e7adee3b,rust-rfcs,rust-rfcs/files/text/3289-source_replacement_ambiguity.md,G0-LIST-ITEM-INDENT|rust-rfcs/files/text/3289-source_replacement_ambiguity.md|list_item#9@3581-3640,break_restore_pair,0,BREAK,E3_CONTAINER_DEPTH,middle,0.496740,indent_deepen,7209,2,3581,3581,2,7209,72,301,2,10,2,322,0.044666,0.426134,1.704536
edit_write,af4e7bafa17c682a447a00f92d994afe9049f3c76b2949717d5c92fe8c9ba3bf,H3,2617,2725,19538,21098,22167,23985,false,rp1:82ce57d8e6b063939e891988e7adee3b,rust-rfcs,rust-rfcs/files/text/3289-source_replacement_ambiguity.md,G0-LIST-ITEM-INDENT|rust-rfcs/files/text/3289-source_replacement_ambiguity.md|list_item#9@3581-3640,break_restore_pair,0,BREAK,E3_CONTAINER_DEPTH,middle,0.496740,indent_deepen,7209,2,3581,3581,2,7209,72,301,2,10,2,322,0.044666,0.426134,1.704536
edit_write,af4e7bafa17c682a447a00f92d994afe9049f3c76b2949717d5c92fe8c9ba3bf,H4,619,683,14280,15485,14897,16160,false,rp1:82ce57d8e6b063939e891988e7adee3b,rust-rfcs,rust-rfcs/files/text/3289-source_replacement_ambiguity.md,G0-LIST-ITEM-INDENT|rust-rfcs/files/text/3289-source_replacement_ambiguity.md|list_item#9@3581-3640,break_restore_pair,0,BREAK,E3_CONTAINER_DEPTH,middle,0.496740,indent_deepen,7209,2,3581,3581,2,7209,72,301,2,10,2,322,0.044666,0.426134,1.704536
edit_write,b03992b89a221bded3662b3ceb14f91bc15dd1a2a2fea1b4d481eb1866138cc1,H1,43,57,70237,75801,70274,75882,false,rp1:7420a4271ce99091807d2e7832599ab0,rust-rfcs,rust-rfcs/files/text/3289-source_replacement_ambiguity.md,G0-CODESPAN-DELIM-BREAK|rust-rfcs/files/text/3289-source_replacement_ambiguity.md|code_span#56@6253-6275,break_restore_pair,0,BREAK,E5_INLINE_DELIMITER,late,0.867388,delimiter_break,7209,1,6253,6254,0,7209,72,301,2,10,2,322,0.044666,0.426134,1.704536
edit_write,b03992b89a221bded3662b3ceb14f91bc15dd1a2a2fea1b4d481eb1866138cc1,H2,121,159,19127,21308,19235,21452,false,rp1:7420a4271ce99091807d2e7832599ab0,rust-rfcs,rust-rfcs/files/text/3289-source_replacement_ambiguity.md,G0-CODESPAN-DELIM-BREAK|rust-rfcs/files/text/3289-source_replacement_ambiguity.md|code_span#56@6253-6275,break_restore_pair,0,BREAK,E5_INLINE_DELIMITER,late,0.867388,delimiter_break,7209,1,6253,6254,0,7209,72,301,2,10,2,322,0.044666,0.426134,1.704536
edit_write,b03992b89a221bded3662b3ceb14f91bc15dd1a2a2fea1b4d481eb1866138cc1,H0,34,48,47735,51315,47767,51348,false,rp1:7420a4271ce99091807d2e7832599ab0,rust-rfcs,rust-rfcs/files/text/3289-source_replacement_ambiguity.md,G0-CODESPAN-DELIM-BREAK|rust-rfcs/files/text/3289-source_replacement_ambiguity.md|code_span#56@6253-6275,break_restore_pair,0,BREAK,E5_INLINE_DELIMITER,late,0.867388,delimiter_break,7209,1,6253,6254,0,7209,72,301,2,10,2,322,0.044666,0.426134,1.704536
edit_write,b03992b89a221bded3662b3ceb14f91bc15dd1a2a2fea1b4d481eb1866138cc1,H3,2809,3011,15603,16911,18395,23893,false,rp1:7420a4271ce99091807d2e7832599ab0,rust-rfcs,rust-rfcs/files/text/3289-source_replacement_ambiguity.md,G0-CODESPAN-DELIM-BREAK|rust-rfcs/files/text/3289-source_replacement_ambiguity.md|code_span#56@6253-6275,break_restore_pair,0,BREAK,E5_INLINE_DELIMITER,late,0.867388,delimiter_break,7209,1,6253,6254,0,7209,72,301,2,10,2,322,0.044666,0.426134,1.704536
edit_write,b03992b89a221bded3662b3ceb14f91bc15dd1a2a2fea1b4d481eb1866138cc1,H4,433,485,9560,10296,10003,10778,false,rp1:7420a4271ce99091807d2e7832599ab0,rust-rfcs,rust-rfcs/files/text/3289-source_replacement_ambiguity.md,G0-CODESPAN-DELIM-BREAK|rust-rfcs/files/text/3289-source_replacement_ambiguity.md|code_span#56@6253-6275,break_restore_pair,0,BREAK,E5_INLINE_DELIMITER,late,0.867388,delimiter_break,7209,1,6253,6254,0,7209,72,301,2,10,2,322,0.044666,0.426134,1.704536
edit_write,b05cdc92f4c1a451c7f394ad1c349b0f419f23544850c61441bbc2a4f0522613,H1,55,65,71364,84521,71417,84581,false,rp1:1ef2a9a4f5c3486d539b7b72be0ddcd7,rust-rfcs,rust-rfcs/files/text/3289-source_replacement_ambiguity.md,G0-PARAGRAPH-MERGE|rust-rfcs/files/text/3289-source_replacement_ambiguity.md|paragraph#39@6848-7027,single_step,0,SINGLE,E2_PARAGRAPH_SPLIT_MERGE,late,0.949924,merge,7209,2,6846,6848,1,7209,72,301,2,10,2,322,0.044666,0.426134,1.704536
edit_write,b05cdc92f4c1a451c7f394ad1c349b0f419f23544850c61441bbc2a4f0522613,H2,124,164,20156,21918,20276,22045,false,rp1:1ef2a9a4f5c3486d539b7b72be0ddcd7,rust-rfcs,rust-rfcs/files/text/3289-source_replacement_ambiguity.md,G0-PARAGRAPH-MERGE|rust-rfcs/files/text/3289-source_replacement_ambiguity.md|paragraph#39@6848-7027,single_step,0,SINGLE,E2_PARAGRAPH_SPLIT_MERGE,late,0.949924,merge,7209,2,6846,6848,1,7209,72,301,2,10,2,322,0.044666,0.426134,1.704536
edit_write,b05cdc92f4c1a451c7f394ad1c349b0f419f23544850c61441bbc2a4f0522613,H0,36,51,48313,67013,48352,67053,false,rp1:1ef2a9a4f5c3486d539b7b72be0ddcd7,rust-rfcs,rust-rfcs/files/text/3289-source_replacement_ambiguity.md,G0-PARAGRAPH-MERGE|rust-rfcs/files/text/3289-source_replacement_ambiguity.md|paragraph#39@6848-7027,single_step,0,SINGLE,E2_PARAGRAPH_SPLIT_MERGE,late,0.949924,merge,7209,2,6846,6848,1,7209,72,301,2,10,2,322,0.044666,0.426134,1.704536
edit_write,b05cdc92f4c1a451c7f394ad1c349b0f419f23544850c61441bbc2a4f0522613,H3,2653,3007,16528,17832,19173,21131,false,rp1:1ef2a9a4f5c3486d539b7b72be0ddcd7,rust-rfcs,rust-rfcs/files/text/3289-source_replacement_ambiguity.md,G0-PARAGRAPH-MERGE|rust-rfcs/files/text/3289-source_replacement_ambiguity.md|paragraph#39@6848-7027,single_step,0,SINGLE,E2_PARAGRAPH_SPLIT_MERGE,late,0.949924,merge,7209,2,6846,6848,1,7209,72,301,2,10,2,322,0.044666,0.426134,1.704536
edit_write,b05cdc92f4c1a451c7f394ad1c349b0f419f23544850c61441bbc2a4f0522613,H4,393,450,10014,10941,10393,11336,false,rp1:1ef2a9a4f5c3486d539b7b72be0ddcd7,rust-rfcs,rust-rfcs/files/text/3289-source_replacement_ambiguity.md,G0-PARAGRAPH-MERGE|rust-rfcs/files/text/3289-source_replacement_ambiguity.md|paragraph#39@6848-7027,single_step,0,SINGLE,E2_PARAGRAPH_SPLIT_MERGE,late,0.949924,merge,7209,2,6846,6848,1,7209,72,301,2,10,2,322,0.044666,0.426134,1.704536
edit_write,b1b4bba780b9c892e32669fe5993ce2f356114cd443cf0fa4a7d3285310597a8,H1,43,48,30419,41526,30461,41564,false,rp1:5de4fadb29bfd191ff633832b1af1355,oci-image,oci-image/files/HACKING.md,G0-REFDEF-REMOVE|oci-image/files/HACKING.md|reference_definition#0@1748-1781,break_restore_pair,0,BREAK,E6_REFERENCE_DEFINITION,early|middle|late,0.941303,definition_remove,1857,34,1748,1782,0,1857,48,139,2,3,3,139,0.074852,4.411416,3.308562
edit_write,b1b4bba780b9c892e32669fe5993ce2f356114cd443cf0fa4a7d3285310597a8,H2,99,129,24462,26500,24535,26607,false,rp1:5de4fadb29bfd191ff633832b1af1355,oci-image,oci-image/files/HACKING.md,G0-REFDEF-REMOVE|oci-image/files/HACKING.md|reference_definition#0@1748-1781,break_restore_pair,0,BREAK,E6_REFERENCE_DEFINITION,early|middle|late,0.941303,definition_remove,1857,34,1748,1782,0,1857,48,139,2,3,3,139,0.074852,4.411416,3.308562
edit_write,b1b4bba780b9c892e32669fe5993ce2f356114cd443cf0fa4a7d3285310597a8,H0,32,51,16795,18783,16834,18829,false,rp1:5de4fadb29bfd191ff633832b1af1355,oci-image,oci-image/files/HACKING.md,G0-REFDEF-REMOVE|oci-image/files/HACKING.md|reference_definition#0@1748-1781,break_restore_pair,0,BREAK,E6_REFERENCE_DEFINITION,early|middle|late,0.941303,definition_remove,1857,34,1748,1782,0,1857,48,139,2,3,3,139,0.074852,4.411416,3.308562
edit_write,b1b4bba780b9c892e32669fe5993ce2f356114cd443cf0fa4a7d3285310597a8,H3,1939,2160,22934,34348,24936,36252,false,rp1:5de4fadb29bfd191ff633832b1af1355,oci-image,oci-image/files/HACKING.md,G0-REFDEF-REMOVE|oci-image/files/HACKING.md|reference_definition#0@1748-1781,break_restore_pair,0,BREAK,E6_REFERENCE_DEFINITION,early|middle|late,0.941303,definition_remove,1857,34,1748,1782,0,1857,48,139,2,3,3,139,0.074852,4.411416,3.308562
edit_write,b1b4bba780b9c892e32669fe5993ce2f356114cd443cf0fa4a7d3285310597a8,H4,250,305,29328,41619,29576,41868,false,rp1:5de4fadb29bfd191ff633832b1af1355,oci-image,oci-image/files/HACKING.md,G0-REFDEF-REMOVE|oci-image/files/HACKING.md|reference_definition#0@1748-1781,break_restore_pair,0,BREAK,E6_REFERENCE_DEFINITION,early|middle|late,0.941303,definition_remove,1857,34,1748,1782,0,1857,48,139,2,3,3,139,0.074852,4.411416,3.308562
edit_write,b31289b84ff6c472c8e5b438920fb4f7d3c2ccb0f690f299cabae40a1a24d7b5,H1,43,51,8285,8726,8326,8780,false,rp1:d3f0720c3aa0d266b8e6244e99b261f6,opentelemetry-spec,opentelemetry-spec/files/specification/library-layout.md,G0-CODESPAN-DELIM-BREAK|opentelemetry-spec/files/specification/library-layout.md|code_span#6@1377-1392,break_restore_pair,0,BREAK,E5_INLINE_DELIMITER,middle,0.467731,delimiter_break,2944,1,1377,1378,0,2944,40,330,2,0,0,367,0.124660,0.695652,0
edit_write,b31289b84ff6c472c8e5b438920fb4f7d3c2ccb0f690f299cabae40a1a24d7b5,H2,67,102,10136,11641,10208,11743,false,rp1:d3f0720c3aa0d266b8e6244e99b261f6,opentelemetry-spec,opentelemetry-spec/files/specification/library-layout.md,G0-CODESPAN-DELIM-BREAK|opentelemetry-spec/files/specification/library-layout.md|code_span#6@1377-1392,break_restore_pair,0,BREAK,E5_INLINE_DELIMITER,middle,0.467731,delimiter_break,2944,1,1377,1378,0,2944,40,330,2,0,0,367,0.124660,0.695652,0
edit_write,b31289b84ff6c472c8e5b438920fb4f7d3c2ccb0f690f299cabae40a1a24d7b5,H0,38,49,18293,29709,18340,29751,false,rp1:d3f0720c3aa0d266b8e6244e99b261f6,opentelemetry-spec,opentelemetry-spec/files/specification/library-layout.md,G0-CODESPAN-DELIM-BREAK|opentelemetry-spec/files/specification/library-layout.md|code_span#6@1377-1392,break_restore_pair,0,BREAK,E5_INLINE_DELIMITER,middle,0.467731,delimiter_break,2944,1,1377,1378,0,2944,40,330,2,0,0,367,0.124660,0.695652,0
edit_write,b31289b84ff6c472c8e5b438920fb4f7d3c2ccb0f690f299cabae40a1a24d7b5,H3,1325,1468,6880,7757,8216,9186,false,rp1:d3f0720c3aa0d266b8e6244e99b261f6,opentelemetry-spec,opentelemetry-spec/files/specification/library-layout.md,G0-CODESPAN-DELIM-BREAK|opentelemetry-spec/files/specification/library-layout.md|code_span#6@1377-1392,break_restore_pair,0,BREAK,E5_INLINE_DELIMITER,middle,0.467731,delimiter_break,2944,1,1377,1378,0,2944,40,330,2,0,0,367,0.124660,0.695652,0
edit_write,b31289b84ff6c472c8e5b438920fb4f7d3c2ccb0f690f299cabae40a1a24d7b5,H4,240,299,4070,4684,4278,4935,false,rp1:d3f0720c3aa0d266b8e6244e99b261f6,opentelemetry-spec,opentelemetry-spec/files/specification/library-layout.md,G0-CODESPAN-DELIM-BREAK|opentelemetry-spec/files/specification/library-layout.md|code_span#6@1377-1392,break_restore_pair,0,BREAK,E5_INLINE_DELIMITER,middle,0.467731,delimiter_break,2944,1,1377,1378,0,2944,40,330,2,0,0,367,0.124660,0.695652,0
edit_write,b37b90dde6f7ffe876567d657f23917a0254d5e59056e44b139fa619938bc42c,H1,43,50,46242,65695,46311,65738,false,rp1:f97f9cef9f18f1402e0513167fc3eb2d,rust-book,rust-book/files/src/appendix-06-translation.md,G0-LIST-ITEM-INDENT|rust-book/files/src/appendix-06-translation.md|list_item#1@360-425,break_restore_pair,1,RESTORE,E3_CONTAINER_DEPTH,,,indent_restore,1993,2,360,362,0,1991,28,167,2,1,1,0,0,0,1.028629
edit_write,b37b90dde6f7ffe876567d657f23917a0254d5e59056e44b139fa619938bc42c,H2,109,128,37650,50630,37741,50712,false,rp1:f97f9cef9f18f1402e0513167fc3eb2d,rust-book,rust-book/files/src/appendix-06-translation.md,G0-LIST-ITEM-INDENT|rust-book/files/src/appendix-06-translation.md|list_item#1@360-425,break_restore_pair,1,RESTORE,E3_CONTAINER_DEPTH,,,indent_restore,1993,2,360,362,0,1991,28,167,2,1,1,0,0,0,1.028629
edit_write,b37b90dde6f7ffe876567d657f23917a0254d5e59056e44b139fa619938bc42c,H0,35,49,23402,25375,23443,25412,false,rp1:f97f9cef9f18f1402e0513167fc3eb2d,rust-book,rust-book/files/src/appendix-06-translation.md,G0-LIST-ITEM-INDENT|rust-book/files/src/appendix-06-translation.md|list_item#1@360-425,break_restore_pair,1,RESTORE,E3_CONTAINER_DEPTH,,,indent_restore,1993,2,360,362,0,1991,28,167,2,1,1,0,0,0,1.028629
edit_write,b37b90dde6f7ffe876567d657f23917a0254d5e59056e44b139fa619938bc42c,H3,1719,1891,37361,39974,39006,41855,false,rp1:f97f9cef9f18f1402e0513167fc3eb2d,rust-book,rust-book/files/src/appendix-06-translation.md,G0-LIST-ITEM-INDENT|rust-book/files/src/appendix-06-translation.md|list_item#1@360-425,break_restore_pair,1,RESTORE,E3_CONTAINER_DEPTH,,,indent_restore,1993,2,360,362,0,1991,28,167,2,1,1,0,0,0,1.028629
edit_write,b37b90dde6f7ffe876567d657f23917a0254d5e59056e44b139fa619938bc42c,H4,363,409,34397,45525,34771,45926,false,rp1:f97f9cef9f18f1402e0513167fc3eb2d,rust-book,rust-book/files/src/appendix-06-translation.md,G0-LIST-ITEM-INDENT|rust-book/files/src/appendix-06-translation.md|list_item#1@360-425,break_restore_pair,1,RESTORE,E3_CONTAINER_DEPTH,,,indent_restore,1993,2,360,362,0,1991,28,167,2,1,1,0,0,0,1.028629
edit_write,b3ae49cbccbfdcab71653f7db40291ad6c43e1f5feb9ae3766f7cc48b08bb8b9,H1,44,50,61452,74701,61497,74746,false,rp1:40ca557a74dfbed4e8b9c126f0905471,d2l-en,d2l-en/files/chapter_appendix-tools-for-deep-learning/utils.md,G0-ATX-TO-PARAGRAPH|d2l-en/files/chapter_appendix-tools-for-deep-learning/utils.md|heading_atx#0@110-141,break_restore_pair,1,RESTORE,ATX_HEADING_TOGGLE,,,marker_insert,44912,2,110,110,2,44914,39,4363,0,0,0,43880,0.976978,0.615576,0
edit_write,b3ae49cbccbfdcab71653f7db40291ad6c43e1f5feb9ae3766f7cc48b08bb8b9,H2,59,77,8438,9458,8504,9537,false,rp1:40ca557a74dfbed4e8b9c126f0905471,d2l-en,d2l-en/files/chapter_appendix-tools-for-deep-learning/utils.md,G0-ATX-TO-PARAGRAPH|d2l-en/files/chapter_appendix-tools-for-deep-learning/utils.md|heading_atx#0@110-141,break_restore_pair,1,RESTORE,ATX_HEADING_TOGGLE,,,marker_insert,44912,2,110,110,2,44914,39,4363,0,0,0,43880,0.976978,0.615576,0
edit_write,b3ae49cbccbfdcab71653f7db40291ad6c43e1f5feb9ae3766f7cc48b08bb8b9,H0,33,45,52743,58031,52769,58055,false,rp1:40ca557a74dfbed4e8b9c126f0905471,d2l-en,d2l-en/files/chapter_appendix-tools-for-deep-learning/utils.md,G0-ATX-TO-PARAGRAPH|d2l-en/files/chapter_appendix-tools-for-deep-learning/utils.md|heading_atx#0@110-141,break_restore_pair,1,RESTORE,ATX_HEADING_TOGGLE,,,marker_insert,44912,2,110,110,2,44914,39,4363,0,0,0,43880,0.976978,0.615576,0
edit_write,b3ae49cbccbfdcab71653f7db40291ad6c43e1f5feb9ae3766f7cc48b08bb8b9,H3,955,1029,7523,8166,8439,9180,false,rp1:40ca557a74dfbed4e8b9c126f0905471,d2l-en,d2l-en/files/chapter_appendix-tools-for-deep-learning/utils.md,G0-ATX-TO-PARAGRAPH|d2l-en/files/chapter_appendix-tools-for-deep-learning/utils.md|heading_atx#0@110-141,break_restore_pair,1,RESTORE,ATX_HEADING_TOGGLE,,,marker_insert,44912,2,110,110,2,44914,39,4363,0,0,0,43880,0.976978,0.615576,0
edit_write,b3ae49cbccbfdcab71653f7db40291ad6c43e1f5feb9ae3766f7cc48b08bb8b9,H4,219,254,4591,4974,4811,5232,false,rp1:40ca557a74dfbed4e8b9c126f0905471,d2l-en,d2l-en/files/chapter_appendix-tools-for-deep-learning/utils.md,G0-ATX-TO-PARAGRAPH|d2l-en/files/chapter_appendix-tools-for-deep-learning/utils.md|heading_atx#0@110-141,break_restore_pair,1,RESTORE,ATX_HEADING_TOGGLE,,,marker_insert,44912,2,110,110,2,44914,39,4363,0,0,0,43880,0.976978,0.615576,0
edit_write,b3c2a185505556987500d3119899680450fbec51ed1102b2940b6cbcc6950fcb,H1,44,49,44653,51281,44697,51317,false,rp1:9fa1d4e1db56df924012e6b842b3e924,d2l-en,d2l-en/files/chapter_installation/index.md,G0-ATX-TO-PARAGRAPH|d2l-en/files/chapter_installation/index.md|heading_atx#0@0-14,break_restore_pair,1,RESTORE,ATX_HEADING_TOGGLE,,,marker_insert,6092,2,0,0,2,6094,60,589,0,0,0,1227,0.201346,2.856580,0
edit_write,b3c2a185505556987500d3119899680450fbec51ed1102b2940b6cbcc6950fcb,H2,57,91,9345,10441,9408,10520,false,rp1:9fa1d4e1db56df924012e6b842b3e924,d2l-en,d2l-en/files/chapter_installation/index.md,G0-ATX-TO-PARAGRAPH|d2l-en/files/chapter_installation/index.md|heading_atx#0@0-14,break_restore_pair,1,RESTORE,ATX_HEADING_TOGGLE,,,marker_insert,6092,2,0,0,2,6094,60,589,0,0,0,1227,0.201346,2.856580,0
edit_write,b3c2a185505556987500d3119899680450fbec51ed1102b2940b6cbcc6950fcb,H0,35,46,31835,43217,31868,43251,false,rp1:9fa1d4e1db56df924012e6b842b3e924,d2l-en,d2l-en/files/chapter_installation/index.md,G0-ATX-TO-PARAGRAPH|d2l-en/files/chapter_installation/index.md|heading_atx#0@0-14,break_restore_pair,1,RESTORE,ATX_HEADING_TOGGLE,,,marker_insert,6092,2,0,0,2,6094,60,589,0,0,0,1227,0.201346,2.856580,0
edit_write,b3c2a185505556987500d3119899680450fbec51ed1102b2940b6cbcc6950fcb,H3,1315,1441,8603,9399,9915,10827,false,rp1:9fa1d4e1db56df924012e6b842b3e924,d2l-en,d2l-en/files/chapter_installation/index.md,G0-ATX-TO-PARAGRAPH|d2l-en/files/chapter_installation/index.md|heading_atx#0@0-14,break_restore_pair,1,RESTORE,ATX_HEADING_TOGGLE,,,marker_insert,6092,2,0,0,2,6094,60,589,0,0,0,1227,0.201346,2.856580,0
edit_write,b3c2a185505556987500d3119899680450fbec51ed1102b2940b6cbcc6950fcb,H4,281,318,5860,6412,6165,6716,false,rp1:9fa1d4e1db56df924012e6b842b3e924,d2l-en,d2l-en/files/chapter_installation/index.md,G0-ATX-TO-PARAGRAPH|d2l-en/files/chapter_installation/index.md|heading_atx#0@0-14,break_restore_pair,1,RESTORE,ATX_HEADING_TOGGLE,,,marker_insert,6092,2,0,0,2,6094,60,589,0,0,0,1227,0.201346,2.856580,0
edit_write,b4e256b869bc26477213328374c2d60d427948e2ae734758aadf598867cce652,H1,45,52,30273,33971,30316,34022,false,rp1:7b19b331880e47d45c172891c980465c,oci-image,oci-image/files/implementations.md,G0-LINK-DEST-BREAK|oci-image/files/implementations.md|link_inline#12@1220-1264,single_step,0,SINGLE,E5_INLINE_DELIMITER,middle,0.503924,destination_break,2421,1,1233,1233,1,2421,28,249,4,0,0,0,0,0,0
edit_write,b4e256b869bc26477213328374c2d60d427948e2ae734758aadf598867cce652,H2,89,113,38167,42804,38248,42896,false,rp1:7b19b331880e47d45c172891c980465c,oci-image,oci-image/files/implementations.md,G0-LINK-DEST-BREAK|oci-image/files/implementations.md|link_inline#12@1220-1264,single_step,0,SINGLE,E5_INLINE_DELIMITER,middle,0.503924,destination_break,2421,1,1233,1233,1,2421,28,249,4,0,0,0,0,0,0
edit_write,b4e256b869bc26477213328374c2d60d427948e2ae734758aadf598867cce652,H0,47,62,24465,26060,24526,26114,false,rp1:7b19b331880e47d45c172891c980465c,oci-image,oci-image/files/implementations.md,G0-LINK-DEST-BREAK|oci-image/files/implementations.md|link_inline#12@1220-1264,single_step,0,SINGLE,E5_INLINE_DELIMITER,middle,0.503924,destination_break,2421,1,1233,1233,1,2421,28,249,4,0,0,0,0,0,0
edit_write,b4e256b869bc26477213328374c2d60d427948e2ae734758aadf598867cce652,H3,2946,3160,36543,48525,39485,51596,false,rp1:7b19b331880e47d45c172891c980465c,oci-image,oci-image/files/implementations.md,G0-LINK-DEST-BREAK|oci-image/files/implementations.md|link_inline#12@1220-1264,single_step,0,SINGLE,E5_INLINE_DELIMITER,middle,0.503924,destination_break,2421,1,1233,1233,1,2421,28,249,4,0,0,0,0,0,0
edit_write,b4e256b869bc26477213328374c2d60d427948e2ae734758aadf598867cce652,H4,434,499,33317,48440,33762,48870,false,rp1:7b19b331880e47d45c172891c980465c,oci-image,oci-image/files/implementations.md,G0-LINK-DEST-BREAK|oci-image/files/implementations.md|link_inline#12@1220-1264,single_step,0,SINGLE,E5_INLINE_DELIMITER,middle,0.503924,destination_break,2421,1,1233,1233,1,2421,28,249,4,0,0,0,0,0,0
edit_write,b611ef4898361d44f393abf3aa498dce9f5f746da2ad0b31491f5864a5fc9be8,H1,46,57,32736,44658,32777,44701,false,rp1:0b8bf91e952157fe9a02babbed8a45d8,oci-image,oci-image/files/HACKING.md,G0-LIST-ITEM-INDENT|oci-image/files/HACKING.md|list_item#1@378-384,break_restore_pair,0,BREAK,E3_CONTAINER_DEPTH,early|middle|late,0.203554,indent_deepen,1857,2,378,378,2,1857,48,139,2,3,3,139,0.074852,4.411416,3.308562
edit_write,b611ef4898361d44f393abf3aa498dce9f5f746da2ad0b31491f5864a5fc9be8,H2,82,111,14576,15935,14681,16017,false,rp1:0b8bf91e952157fe9a02babbed8a45d8,oci-image,oci-image/files/HACKING.md,G0-LIST-ITEM-INDENT|oci-image/files/HACKING.md|list_item#1@378-384,break_restore_pair,0,BREAK,E3_CONTAINER_DEPTH,early|middle|late,0.203554,indent_deepen,1857,2,378,378,2,1857,48,139,2,3,3,139,0.074852,4.411416,3.308562
edit_write,b611ef4898361d44f393abf3aa498dce9f5f746da2ad0b31491f5864a5fc9be8,H0,33,47,17432,18513,17465,18546,false,rp1:0b8bf91e952157fe9a02babbed8a45d8,oci-image,oci-image/files/HACKING.md,G0-LIST-ITEM-INDENT|oci-image/files/HACKING.md|list_item#1@378-384,break_restore_pair,0,BREAK,E3_CONTAINER_DEPTH,early|middle|late,0.203554,indent_deepen,1857,2,378,378,2,1857,48,139,2,3,3,139,0.074852,4.411416,3.308562
edit_write,b611ef4898361d44f393abf3aa498dce9f5f746da2ad0b31491f5864a5fc9be8,H3,1654,1750,11586,12943,13208,14774,false,rp1:0b8bf91e952157fe9a02babbed8a45d8,oci-image,oci-image/files/HACKING.md,G0-LIST-ITEM-INDENT|oci-image/files/HACKING.md|list_item#1@378-384,break_restore_pair,0,BREAK,E3_CONTAINER_DEPTH,early|middle|late,0.203554,indent_deepen,1857,2,378,378,2,1857,48,139,2,3,3,139,0.074852,4.411416,3.308562
edit_write,b611ef4898361d44f393abf3aa498dce9f5f746da2ad0b31491f5864a5fc9be8,H4,326,389,7231,7931,7511,8291,false,rp1:0b8bf91e952157fe9a02babbed8a45d8,oci-image,oci-image/files/HACKING.md,G0-LIST-ITEM-INDENT|oci-image/files/HACKING.md|list_item#1@378-384,break_restore_pair,0,BREAK,E3_CONTAINER_DEPTH,early|middle|late,0.203554,indent_deepen,1857,2,378,378,2,1857,48,139,2,3,3,139,0.074852,4.411416,3.308562
edit_write,b7ca50041000576dad8c28de1bf9a1cdfb8a63445015f1435f3c95ec7f25f332,H1,43,52,16378,17936,16424,17978,false,rp1:7768323f8cba13c235e6171a1471e81a,d2l-en,d2l-en/files/chapter_installation/index.md,G0-LOCAL-TEXT-REPLACE-EQ|d2l-en/files/chapter_installation/index.md|text#7@455-868,single_step,0,SINGLE,E1_LOCAL_TEXT,early,0.074664,replace_eq,6094,8,812,820,8,6094,60,589,0,0,0,1227,0.201346,2.856580,0
edit_write,b7ca50041000576dad8c28de1bf9a1cdfb8a63445015f1435f3c95ec7f25f332,H2,97,113,14990,16112,15103,16211,false,rp1:7768323f8cba13c235e6171a1471e81a,d2l-en,d2l-en/files/chapter_installation/index.md,G0-LOCAL-TEXT-REPLACE-EQ|d2l-en/files/chapter_installation/index.md|text#7@455-868,single_step,0,SINGLE,E1_LOCAL_TEXT,early,0.074664,replace_eq,6094,8,812,820,8,6094,60,589,0,0,0,1227,0.201346,2.856580,0
edit_write,b7ca50041000576dad8c28de1bf9a1cdfb8a63445015f1435f3c95ec7f25f332,H0,44,55,31023,34427,31064,34465,false,rp1:7768323f8cba13c235e6171a1471e81a,d2l-en,d2l-en/files/chapter_installation/index.md,G0-LOCAL-TEXT-REPLACE-EQ|d2l-en/files/chapter_installation/index.md|text#7@455-868,single_step,0,SINGLE,E1_LOCAL_TEXT,early,0.074664,replace_eq,6094,8,812,820,8,6094,60,589,0,0,0,1227,0.201346,2.856580,0
edit_write,b7ca50041000576dad8c28de1bf9a1cdfb8a63445015f1435f3c95ec7f25f332,H3,1847,2045,11003,12082,12860,14366,false,rp1:7768323f8cba13c235e6171a1471e81a,d2l-en,d2l-en/files/chapter_installation/index.md,G0-LOCAL-TEXT-REPLACE-EQ|d2l-en/files/chapter_installation/index.md|text#7@455-868,single_step,0,SINGLE,E1_LOCAL_TEXT,early,0.074664,replace_eq,6094,8,812,820,8,6094,60,589,0,0,0,1227,0.201346,2.856580,0
edit_write,b7ca50041000576dad8c28de1bf9a1cdfb8a63445015f1435f3c95ec7f25f332,H4,320,365,6397,7019,6731,7356,false,rp1:7768323f8cba13c235e6171a1471e81a,d2l-en,d2l-en/files/chapter_installation/index.md,G0-LOCAL-TEXT-REPLACE-EQ|d2l-en/files/chapter_installation/index.md|text#7@455-868,single_step,0,SINGLE,E1_LOCAL_TEXT,early,0.074664,replace_eq,6094,8,812,820,8,6094,60,589,0,0,0,1227,0.201346,2.856580,0
edit_write,b8d4935b3f0010b5be1629ca4b9bede85972113c4b9ad7580b004f368ca73194,H1,29,47,1281,1492,1307,1523,false,rp1:63ba0b8db0c4fac3b3a120dbed63942e,crafting-interpreters,crafting-interpreters/files/note/answers/chapter01_introduction/1.md,G0-PARAGRAPH-SPLIT|crafting-interpreters/files/note/answers/chapter01_introduction/1.md|paragraph#2@306-415,single_step,0,SINGLE,E2_PARAGRAPH_SPLIT_MERGE,late,0.735577,split,416,2,358,359,2,416,3,158,0,0,0,0,0,0,0
edit_write,b8d4935b3f0010b5be1629ca4b9bede85972113c4b9ad7580b004f368ca73194,H2,53,73,2029,2175,2080,2246,false,rp1:63ba0b8db0c4fac3b3a120dbed63942e,crafting-interpreters,crafting-interpreters/files/note/answers/chapter01_introduction/1.md,G0-PARAGRAPH-SPLIT|crafting-interpreters/files/note/answers/chapter01_introduction/1.md|paragraph#2@306-415,single_step,0,SINGLE,E2_PARAGRAPH_SPLIT_MERGE,late,0.735577,split,416,2,358,359,2,416,3,158,0,0,0,0,0,0,0
edit_write,b8d4935b3f0010b5be1629ca4b9bede85972113c4b9ad7580b004f368ca73194,H0,30,35,1716,1779,1738,1813,false,rp1:63ba0b8db0c4fac3b3a120dbed63942e,crafting-interpreters,crafting-interpreters/files/note/answers/chapter01_introduction/1.md,G0-PARAGRAPH-SPLIT|crafting-interpreters/files/note/answers/chapter01_introduction/1.md|paragraph#2@306-415,single_step,0,SINGLE,E2_PARAGRAPH_SPLIT_MERGE,late,0.735577,split,416,2,358,359,2,416,3,158,0,0,0,0,0,0,0
edit_write,b8d4935b3f0010b5be1629ca4b9bede85972113c4b9ad7580b004f368ca73194,H3,282,354,1895,2110,2249,2449,false,rp1:63ba0b8db0c4fac3b3a120dbed63942e,crafting-interpreters,crafting-interpreters/files/note/answers/chapter01_introduction/1.md,G0-PARAGRAPH-SPLIT|crafting-interpreters/files/note/answers/chapter01_introduction/1.md|paragraph#2@306-415,single_step,0,SINGLE,E2_PARAGRAPH_SPLIT_MERGE,late,0.735577,split,416,2,358,359,2,416,3,158,0,0,0,0,0,0,0
edit_write,b8d4935b3f0010b5be1629ca4b9bede85972113c4b9ad7580b004f368ca73194,H4,59,98,1170,1353,1224,1412,false,rp1:63ba0b8db0c4fac3b3a120dbed63942e,crafting-interpreters,crafting-interpreters/files/note/answers/chapter01_introduction/1.md,G0-PARAGRAPH-SPLIT|crafting-interpreters/files/note/answers/chapter01_introduction/1.md|paragraph#2@306-415,single_step,0,SINGLE,E2_PARAGRAPH_SPLIT_MERGE,late,0.735577,split,416,2,358,359,2,416,3,158,0,0,0,0,0,0,0
edit_write,b9bafd91b40d8bdb1d66c8e90eeafe0f591e7747ae4392d01b48db59f95c4a63,H1,44,50,29141,35949,29185,35985,false,rp1:d4c2bf99463d9503a51fb6465d2470f4,oci-image,oci-image/files/HACKING.md,G0-FENCE-CLOSER-REMOVE|oci-image/files/HACKING.md|code_block_fenced#0@501-535,break_restore_pair,0,BREAK,E4_FENCE_OPEN_CLOSE,early,0.269790,close_break,1857,3,532,535,0,1857,48,139,2,3,3,139,0.074852,4.411416,3.308562
edit_write,b9bafd91b40d8bdb1d66c8e90eeafe0f591e7747ae4392d01b48db59f95c4a63,H2,78,118,12152,12576,12223,12676,false,rp1:d4c2bf99463d9503a51fb6465d2470f4,oci-image,oci-image/files/HACKING.md,G0-FENCE-CLOSER-REMOVE|oci-image/files/HACKING.md|code_block_fenced#0@501-535,break_restore_pair,0,BREAK,E4_FENCE_OPEN_CLOSE,early,0.269790,close_break,1857,3,532,535,0,1857,48,139,2,3,3,139,0.074852,4.411416,3.308562
edit_write,b9bafd91b40d8bdb1d66c8e90eeafe0f591e7747ae4392d01b48db59f95c4a63,H0,33,46,15959,16487,15997,16514,false,rp1:d4c2bf99463d9503a51fb6465d2470f4,oci-image,oci-image/files/HACKING.md,G0-FENCE-CLOSER-REMOVE|oci-image/files/HACKING.md|code_block_fenced#0@501-535,break_restore_pair,0,BREAK,E4_FENCE_OPEN_CLOSE,early,0.269790,close_break,1857,3,532,535,0,1857,48,139,2,3,3,139,0.074852,4.411416,3.308562
edit_write,b9bafd91b40d8bdb1d66c8e90eeafe0f591e7747ae4392d01b48db59f95c4a63,H3,1486,1646,8755,9542,10256,11083,false,rp1:d4c2bf99463d9503a51fb6465d2470f4,oci-image,oci-image/files/HACKING.md,G0-FENCE-CLOSER-REMOVE|oci-image/files/HACKING.md|code_block_fenced#0@501-535,break_restore_pair,0,BREAK,E4_FENCE_OPEN_CLOSE,early,0.269790,close_break,1857,3,532,535,0,1857,48,139,2,3,3,139,0.074852,4.411416,3.308562
edit_write,b9bafd91b40d8bdb1d66c8e90eeafe0f591e7747ae4392d01b48db59f95c4a63,H4,253,295,5062,5410,5368,5716,false,rp1:d4c2bf99463d9503a51fb6465d2470f4,oci-image,oci-image/files/HACKING.md,G0-FENCE-CLOSER-REMOVE|oci-image/files/HACKING.md|code_block_fenced#0@501-535,break_restore_pair,0,BREAK,E4_FENCE_OPEN_CLOSE,early,0.269790,close_break,1857,3,532,535,0,1857,48,139,2,3,3,139,0.074852,4.411416,3.308562
edit_write,bad78dc378ee85dad1cd400b71c05fca5f8c1d208c0c2a5793baab442a28e84d,H1,43,49,69167,75913,69212,75952,false,rp1:6f758da9f30bb51ead7724eedd46dd84,oci-image,oci-image/files/considerations.md,G0-LOCAL-TEXT-REPLACE-EQ|oci-image/files/considerations.md|text#10@644-727,single_step,0,SINGLE,E1_LOCAL_TEXT,early,0.102417,replace_eq,6288,8,650,658,8,6288,64,530,2,8,8,284,0.045165,1.628499,2.605598
edit_write,bad78dc378ee85dad1cd400b71c05fca5f8c1d208c0c2a5793baab442a28e84d,H2,98,132,18651,20553,18753,20646,false,rp1:6f758da9f30bb51ead7724eedd46dd84,oci-image,oci-image/files/considerations.md,G0-LOCAL-TEXT-REPLACE-EQ|oci-image/files/considerations.md|text#10@644-727,single_step,0,SINGLE,E1_LOCAL_TEXT,early,0.102417,replace_eq,6288,8,650,658,8,6288,64,530,2,8,8,284,0.045165,1.628499,2.605598
edit_write,bad78dc378ee85dad1cd400b71c05fca5f8c1d208c0c2a5793baab442a28e84d,H0,36,45,42971,49748,43006,49779,false,rp1:6f758da9f30bb51ead7724eedd46dd84,oci-image,oci-image/files/considerations.md,G0-LOCAL-TEXT-REPLACE-EQ|oci-image/files/considerations.md|text#10@644-727,single_step,0,SINGLE,E1_LOCAL_TEXT,early,0.102417,replace_eq,6288,8,650,658,8,6288,64,530,2,8,8,284,0.045165,1.628499,2.605598
edit_write,bad78dc378ee85dad1cd400b71c05fca5f8c1d208c0c2a5793baab442a28e84d,H3,2704,2876,15215,15824,17971,18528,false,rp1:6f758da9f30bb51ead7724eedd46dd84,oci-image,oci-image/files/considerations.md,G0-LOCAL-TEXT-REPLACE-EQ|oci-image/files/considerations.md|text#10@644-727,single_step,0,SINGLE,E1_LOCAL_TEXT,early,0.102417,replace_eq,6288,8,650,658,8,6288,64,530,2,8,8,284,0.045165,1.628499,2.605598
edit_write,bad78dc378ee85dad1cd400b71c05fca5f8c1d208c0c2a5793baab442a28e84d,H4,500,560,10097,10647,10593,11151,false,rp1:6f758da9f30bb51ead7724eedd46dd84,oci-image,oci-image/files/considerations.md,G0-LOCAL-TEXT-REPLACE-EQ|oci-image/files/considerations.md|text#10@644-727,single_step,0,SINGLE,E1_LOCAL_TEXT,early,0.102417,replace_eq,6288,8,650,658,8,6288,64,530,2,8,8,284,0.045165,1.628499,2.605598
edit_write,bce797a9c215ce0ddcdb5b2f489e572332bcaf860b47d167841bf1acf79a4de6,H1,39,47,6453,7531,6501,7602,false,rp1:fb00bf03e98820113124e6f03929aa15,crafting-interpreters,crafting-interpreters/files/note/answers/chapter13_inheritance/1.md,G0-CODESPAN-DELIM-BREAK|crafting-interpreters/files/note/answers/chapter13_inheritance/1.md|code_span#5@8810-8828,break_restore_pair,0,BREAK,E5_INLINE_DELIMITER,late,0.941239,delimiter_break,9360,1,8810,8811,0,9360,49,759,2,0,0,5228,0.558547,2.188034,0
edit_write,bce797a9c215ce0ddcdb5b2f489e572332bcaf860b47d167841bf1acf79a4de6,H2,72,111,11916,12895,11990,12993,false,rp1:fb00bf03e98820113124e6f03929aa15,crafting-interpreters,crafting-interpreters/files/note/answers/chapter13_inheritance/1.md,G0-CODESPAN-DELIM-BREAK|crafting-interpreters/files/note/answers/chapter13_inheritance/1.md|code_span#5@8810-8828,break_restore_pair,0,BREAK,E5_INLINE_DELIMITER,late,0.941239,delimiter_break,9360,1,8810,8811,0,9360,49,759,2,0,0,5228,0.558547,2.188034,0
edit_write,bce797a9c215ce0ddcdb5b2f489e572332bcaf860b47d167841bf1acf79a4de6,H0,36,42,27654,33162,27695,33204,false,rp1:fb00bf03e98820113124e6f03929aa15,crafting-interpreters,crafting-interpreters/files/note/answers/chapter13_inheritance/1.md,G0-CODESPAN-DELIM-BREAK|crafting-interpreters/files/note/answers/chapter13_inheritance/1.md|code_span#5@8810-8828,break_restore_pair,0,BREAK,E5_INLINE_DELIMITER,late,0.941239,delimiter_break,9360,1,8810,8811,0,9360,49,759,2,0,0,5228,0.558547,2.188034,0
edit_write,bce797a9c215ce0ddcdb5b2f489e572332bcaf860b47d167841bf1acf79a4de6,H3,1623,1768,8032,8685,9688,10387,false,rp1:fb00bf03e98820113124e6f03929aa15,crafting-interpreters,crafting-interpreters/files/note/answers/chapter13_inheritance/1.md,G0-CODESPAN-DELIM-BREAK|crafting-interpreters/files/note/answers/chapter13_inheritance/1.md|code_span#5@8810-8828,break_restore_pair,0,BREAK,E5_INLINE_DELIMITER,late,0.941239,delimiter_break,9360,1,8810,8811,0,9360,49,759,2,0,0,5228,0.558547,2.188034,0
edit_write,bce797a9c215ce0ddcdb5b2f489e572332bcaf860b47d167841bf1acf79a4de6,H4,244,293,4737,5212,5011,5483,false,rp1:fb00bf03e98820113124e6f03929aa15,crafting-interpreters,crafting-interpreters/files/note/answers/chapter13_inheritance/1.md,G0-CODESPAN-DELIM-BREAK|crafting-interpreters/files/note/answers/chapter13_inheritance/1.md|code_span#5@8810-8828,break_restore_pair,0,BREAK,E5_INLINE_DELIMITER,late,0.941239,delimiter_break,9360,1,8810,8811,0,9360,49,759,2,0,0,5228,0.558547,2.188034,0
edit_write,bd3e8b8d5f697cdcc16a550de113c7e14708d05ad550afbe996ac67259aab542,H1,44,56,12944,13546,12992,13591,false,rp1:bface408a4ad09db6a970f1856eb3ee5,crafting-interpreters,crafting-interpreters/files/note/answers/chapter13_inheritance/1.md,G0-EMPH-DELIM-BREAK|crafting-interpreters/files/note/answers/chapter13_inheritance/1.md|emphasis#0@355-360,break_restore_pair,0,BREAK,E5_INLINE_DELIMITER,early,0.037927,delimiter_break,9360,1,359,360,0,9360,49,759,2,0,0,5228,0.558547,2.188034,0
edit_write,bd3e8b8d5f697cdcc16a550de113c7e14708d05ad550afbe996ac67259aab542,H2,81,127,12921,14150,12992,14277,false,rp1:bface408a4ad09db6a970f1856eb3ee5,crafting-interpreters,crafting-interpreters/files/note/answers/chapter13_inheritance/1.md,G0-EMPH-DELIM-BREAK|crafting-interpreters/files/note/answers/chapter13_inheritance/1.md|emphasis#0@355-360,break_restore_pair,0,BREAK,E5_INLINE_DELIMITER,early,0.037927,delimiter_break,9360,1,359,360,0,9360,49,759,2,0,0,5228,0.558547,2.188034,0
edit_write,bd3e8b8d5f697cdcc16a550de113c7e14708d05ad550afbe996ac67259aab542,H0,33,48,27269,28906,27292,28953,false,rp1:bface408a4ad09db6a970f1856eb3ee5,crafting-interpreters,crafting-interpreters/files/note/answers/chapter13_inheritance/1.md,G0-EMPH-DELIM-BREAK|crafting-interpreters/files/note/answers/chapter13_inheritance/1.md|emphasis#0@355-360,break_restore_pair,0,BREAK,E5_INLINE_DELIMITER,early,0.037927,delimiter_break,9360,1,359,360,0,9360,49,759,2,0,0,5228,0.558547,2.188034,0
edit_write,bd3e8b8d5f697cdcc16a550de113c7e14708d05ad550afbe996ac67259aab542,H3,1947,2234,9636,10675,11622,12930,false,rp1:bface408a4ad09db6a970f1856eb3ee5,crafting-interpreters,crafting-interpreters/files/note/answers/chapter13_inheritance/1.md,G0-EMPH-DELIM-BREAK|crafting-interpreters/files/note/answers/chapter13_inheritance/1.md|emphasis#0@355-360,break_restore_pair,0,BREAK,E5_INLINE_DELIMITER,early,0.037927,delimiter_break,9360,1,359,360,0,9360,49,759,2,0,0,5228,0.558547,2.188034,0
edit_write,bd3e8b8d5f697cdcc16a550de113c7e14708d05ad550afbe996ac67259aab542,H4,314,401,5645,6104,5966,6469,false,rp1:bface408a4ad09db6a970f1856eb3ee5,crafting-interpreters,crafting-interpreters/files/note/answers/chapter13_inheritance/1.md,G0-EMPH-DELIM-BREAK|crafting-interpreters/files/note/answers/chapter13_inheritance/1.md|emphasis#0@355-360,break_restore_pair,0,BREAK,E5_INLINE_DELIMITER,early,0.037927,delimiter_break,9360,1,359,360,0,9360,49,759,2,0,0,5228,0.558547,2.188034,0
edit_write,bdd901d8192bdaccd4c6eb4eca9902643307ae62396814151a1de112756f548c,H1,42,48,9252,9940,9293,9984,false,rp1:9f7f5c429d23e938d005178ed2c8a422,d2l-en,d2l-en/files/chapter_installation/index.md,G0-CODESPAN-DELIM-BREAK|d2l-en/files/chapter_installation/index.md|code_span#20@5567-5587,break_restore_pair,1,RESTORE,E5_INLINE_DELIMITER,,,delimiter_restore,6093,1,5567,5567,1,6094,60,589,0,0,0,1227,0.201346,2.856580,0
edit_write,bdd901d8192bdaccd4c6eb4eca9902643307ae62396814151a1de112756f548c,H2,80,110,17831,19154,17904,19276,false,rp1:9f7f5c429d23e938d005178ed2c8a422,d2l-en,d2l-en/files/chapter_installation/index.md,G0-CODESPAN-DELIM-BREAK|d2l-en/files/chapter_installation/index.md|code_span#20@5567-5587,break_restore_pair,1,RESTORE,E5_INLINE_DELIMITER,,,delimiter_restore,6093,1,5567,5567,1,6094,60,589,0,0,0,1227,0.201346,2.856580,0
edit_write,bdd901d8192bdaccd4c6eb4eca9902643307ae62396814151a1de112756f548c,H0,33,51,30829,42927,30856,42958,false,rp1:9f7f5c429d23e938d005178ed2c8a422,d2l-en,d2l-en/files/chapter_installation/index.md,G0-CODESPAN-DELIM-BREAK|d2l-en/files/chapter_installation/index.md|code_span#20@5567-5587,break_restore_pair,1,RESTORE,E5_INLINE_DELIMITER,,,delimiter_restore,6093,1,5567,5567,1,6094,60,589,0,0,0,1227,0.201346,2.856580,0
edit_write,bdd901d8192bdaccd4c6eb4eca9902643307ae62396814151a1de112756f548c,H3,2081,2223,14109,15124,16136,17336,false,rp1:9f7f5c429d23e938d005178ed2c8a422,d2l-en,d2l-en/files/chapter_installation/index.md,G0-CODESPAN-DELIM-BREAK|d2l-en/files/chapter_installation/index.md|code_span#20@5567-5587,break_restore_pair,1,RESTORE,E5_INLINE_DELIMITER,,,delimiter_restore,6093,1,5567,5567,1,6094,60,589,0,0,0,1227,0.201346,2.856580,0
edit_write,bdd901d8192bdaccd4c6eb4eca9902643307ae62396814151a1de112756f548c,H4,292,336,7040,7820,7347,8130,false,rp1:9f7f5c429d23e938d005178ed2c8a422,d2l-en,d2l-en/files/chapter_installation/index.md,G0-CODESPAN-DELIM-BREAK|d2l-en/files/chapter_installation/index.md|code_span#20@5567-5587,break_restore_pair,1,RESTORE,E5_INLINE_DELIMITER,,,delimiter_restore,6093,1,5567,5567,1,6094,60,589,0,0,0,1227,0.201346,2.856580,0
edit_write,bdf617a1a1f320dc82e00edb8c7418cb86f8c05e4dc4d653673e2838f50d8462,H1,41,53,9417,10329,9455,10386,false,rp1:5998b216cc980db480c8e62550b66282,kubernetes-keps,kubernetes-keps/files/keps/sig-cli/FAQ.md,G0-EMPH-DELIM-BREAK|kubernetes-keps/files/keps/sig-cli/FAQ.md|emphasis#1@1467-1472,break_restore_pair,0,BREAK,E5_INLINE_DELIMITER,late,0.898897,delimiter_break,1632,1,1471,1472,0,1632,11,362,6,0,0,0,0,0,0
edit_write,bdf617a1a1f320dc82e00edb8c7418cb86f8c05e4dc4d653673e2838f50d8462,H2,62,102,12890,14086,12962,14158,false,rp1:5998b216cc980db480c8e62550b66282,kubernetes-keps,kubernetes-keps/files/keps/sig-cli/FAQ.md,G0-EMPH-DELIM-BREAK|kubernetes-keps/files/keps/sig-cli/FAQ.md|emphasis#1@1467-1472,break_restore_pair,0,BREAK,E5_INLINE_DELIMITER,late,0.898897,delimiter_break,1632,1,1471,1472,0,1632,11,362,6,0,0,0,0,0,0
edit_write,bdf617a1a1f320dc82e00edb8c7418cb86f8c05e4dc4d653673e2838f50d8462,H0,34,56,9029,9583,9086,9639,false,rp1:5998b216cc980db480c8e62550b66282,kubernetes-keps,kubernetes-keps/files/keps/sig-cli/FAQ.md,G0-EMPH-DELIM-BREAK|kubernetes-keps/files/keps/sig-cli/FAQ.md|emphasis#1@1467-1472,break_restore_pair,0,BREAK,E5_INLINE_DELIMITER,late,0.898897,delimiter_break,1632,1,1471,1472,0,1632,11,362,6,0,0,0,0,0,0
edit_write,bdf617a1a1f320dc82e00edb8c7418cb86f8c05e4dc4d653673e2838f50d8462,H3,1581,1741,12332,13213,13895,14982,false,rp1:5998b216cc980db480c8e62550b66282,kubernetes-keps,kubernetes-keps/files/keps/sig-cli/FAQ.md,G0-EMPH-DELIM-BREAK|kubernetes-keps/files/keps/sig-cli/FAQ.md|emphasis#1@1467-1472,break_restore_pair,0,BREAK,E5_INLINE_DELIMITER,late,0.898897,delimiter_break,1632,1,1471,1472,0,1632,11,362,6,0,0,0,0,0,0
edit_write,bdf617a1a1f320dc82e00edb8c7418cb86f8c05e4dc4d653673e2838f50d8462,H4,255,331,10321,11177,10623,11533,false,rp1:5998b216cc980db480c8e62550b66282,kubernetes-keps,kubernetes-keps/files/keps/sig-cli/FAQ.md,G0-EMPH-DELIM-BREAK|kubernetes-keps/files/keps/sig-cli/FAQ.md|emphasis#1@1467-1472,break_restore_pair,0,BREAK,E5_INLINE_DELIMITER,late,0.898897,delimiter_break,1632,1,1471,1472,0,1632,11,362,6,0,0,0,0,0,0
edit_write,bf131fcaad9deb6c3279a7fea16be7aafca9c31ef9700dd6a7da9284da7abffa,H1,43,46,8599,9275,8655,9318,false,rp1:f89c0d72f58f4cb156befe062e6b212c,opentelemetry-spec,opentelemetry-spec/files/specification/library-layout.md,G0-BQ-NEST-LINE|opentelemetry-spec/files/specification/library-layout.md|block_quote#1@1629-1652,break_restore_pair,1,RESTORE,E3_CONTAINER_DEPTH,,,nest_restore,2945,1,1629,1630,0,2944,40,330,2,0,0,367,0.124660,0.695652,0
edit_write,bf131fcaad9deb6c3279a7fea16be7aafca9c31ef9700dd6a7da9284da7abffa,H2,66,106,11288,12068,11371,12167,false,rp1:f89c0d72f58f4cb156befe062e6b212c,opentelemetry-spec,opentelemetry-spec/files/specification/library-layout.md,G0-BQ-NEST-LINE|opentelemetry-spec/files/specification/library-layout.md|block_quote#1@1629-1652,break_restore_pair,1,RESTORE,E3_CONTAINER_DEPTH,,,nest_restore,2945,1,1629,1630,0,2944,40,330,2,0,0,367,0.124660,0.695652,0
edit_write,bf131fcaad9deb6c3279a7fea16be7aafca9c31ef9700dd6a7da9284da7abffa,H0,33,48,18677,20324,18716,20370,false,rp1:f89c0d72f58f4cb156befe062e6b212c,opentelemetry-spec,opentelemetry-spec/files/specification/library-layout.md,G0-BQ-NEST-LINE|opentelemetry-spec/files/specification/library-layout.md|block_quote#1@1629-1652,break_restore_pair,1,RESTORE,E3_CONTAINER_DEPTH,,,nest_restore,2945,1,1629,1630,0,2944,40,330,2,0,0,367,0.124660,0.695652,0
edit_write,bf131fcaad9deb6c3279a7fea16be7aafca9c31ef9700dd6a7da9284da7abffa,H3,1262,1406,7336,8019,8556,9389,false,rp1:f89c0d72f58f4cb156befe062e6b212c,opentelemetry-spec,opentelemetry-spec/files/specification/library-layout.md,G0-BQ-NEST-LINE|opentelemetry-spec/files/specification/library-layout.md|block_quote#1@1629-1652,break_restore_pair,1,RESTORE,E3_CONTAINER_DEPTH,,,nest_restore,2945,1,1629,1630,0,2944,40,330,2,0,0,367,0.124660,0.695652,0
edit_write,bf131fcaad9deb6c3279a7fea16be7aafca9c31ef9700dd6a7da9284da7abffa,H4,268,321,4183,4806,4513,5121,false,rp1:f89c0d72f58f4cb156befe062e6b212c,opentelemetry-spec,opentelemetry-spec/files/specification/library-layout.md,G0-BQ-NEST-LINE|opentelemetry-spec/files/specification/library-layout.md|block_quote#1@1629-1652,break_restore_pair,1,RESTORE,E3_CONTAINER_DEPTH,,,nest_restore,2945,1,1629,1630,0,2944,40,330,2,0,0,367,0.124660,0.695652,0
edit_write,bfb9b73c07eef068f3f34543e08a9b0bdb489c566e225afc15c9ea5065a20cc9,H1,43,48,26183,27899,26224,27944,false,rp1:46b9586865b2e43dda0ffd0fc86c1950,myst-parser,myst-parser/files/docs/develop/contributing.md,G0-CODESPAN-DELIM-BREAK|myst-parser/files/docs/develop/contributing.md|code_span#6@1883-1892,break_restore_pair,1,RESTORE,E5_INLINE_DELIMITER,,,delimiter_restore,2726,1,1883,1883,1,2727,30,321,0,8,4,337,0.123579,2.628530,4.506051
edit_write,bfb9b73c07eef068f3f34543e08a9b0bdb489c566e225afc15c9ea5065a20cc9,H2,76,115,9949,10609,10014,10671,false,rp1:46b9586865b2e43dda0ffd0fc86c1950,myst-parser,myst-parser/files/docs/develop/contributing.md,G0-CODESPAN-DELIM-BREAK|myst-parser/files/docs/develop/contributing.md|code_span#6@1883-1892,break_restore_pair,1,RESTORE,E5_INLINE_DELIMITER,,,delimiter_restore,2726,1,1883,1883,1,2727,30,321,0,8,4,337,0.123579,2.628530,4.506051
edit_write,bfb9b73c07eef068f3f34543e08a9b0bdb489c566e225afc15c9ea5065a20cc9,H0,31,48,15751,16563,15781,16609,false,rp1:46b9586865b2e43dda0ffd0fc86c1950,myst-parser,myst-parser/files/docs/develop/contributing.md,G0-CODESPAN-DELIM-BREAK|myst-parser/files/docs/develop/contributing.md|code_span#6@1883-1892,break_restore_pair,1,RESTORE,E5_INLINE_DELIMITER,,,delimiter_restore,2726,1,1883,1883,1,2727,30,321,0,8,4,337,0.123579,2.628530,4.506051
edit_write,bfb9b73c07eef068f3f34543e08a9b0bdb489c566e225afc15c9ea5065a20cc9,H3,1343,1482,7916,8387,9229,9880,false,rp1:46b9586865b2e43dda0ffd0fc86c1950,myst-parser,myst-parser/files/docs/develop/contributing.md,G0-CODESPAN-DELIM-BREAK|myst-parser/files/docs/develop/contributing.md|code_span#6@1883-1892,break_restore_pair,1,RESTORE,E5_INLINE_DELIMITER,,,delimiter_restore,2726,1,1883,1883,1,2727,30,321,0,8,4,337,0.123579,2.628530,4.506051
edit_write,bfb9b73c07eef068f3f34543e08a9b0bdb489c566e225afc15c9ea5065a20cc9,H4,184,240,5274,5804,5446,6015,false,rp1:46b9586865b2e43dda0ffd0fc86c1950,myst-parser,myst-parser/files/docs/develop/contributing.md,G0-CODESPAN-DELIM-BREAK|myst-parser/files/docs/develop/contributing.md|code_span#6@1883-1892,break_restore_pair,1,RESTORE,E5_INLINE_DELIMITER,,,delimiter_restore,2726,1,1883,1883,1,2727,30,321,0,8,4,337,0.123579,2.628530,4.506051
edit_write,c0ab46174da72bac78ece781582b750d6b7bf3f4b054d9481ebd599932d0889a,H1,43,53,35275,39332,35318,39361,false,rp1:3da6c125b3361e308ec72aaef970e9a8,rust-rfcs,rust-rfcs/files/text/0404-change-prefer-dynamic.md,G0-LIST-ITEM-INDENT|rust-rfcs/files/text/0404-change-prefer-dynamic.md|list_item#2@86-156,break_restore_pair,0,BREAK,E3_CONTAINER_DEPTH,early|middle|late,0.012533,indent_deepen,6862,2,86,86,2,6862,34,901,2,1,1,889,0.129554,0.149228,0.298455
edit_write,c0ab46174da72bac78ece781582b750d6b7bf3f4b054d9481ebd599932d0889a,H2,50,75,9821,10892,9867,10967,false,rp1:3da6c125b3361e308ec72aaef970e9a8,rust-rfcs,rust-rfcs/files/text/0404-change-prefer-dynamic.md,G0-LIST-ITEM-INDENT|rust-rfcs/files/text/0404-change-prefer-dynamic.md|list_item#2@86-156,break_restore_pair,0,BREAK,E3_CONTAINER_DEPTH,early|middle|late,0.012533,indent_deepen,6862,2,86,86,2,6862,34,901,2,1,1,889,0.129554,0.149228,0.298455
edit_write,c0ab46174da72bac78ece781582b750d6b7bf3f4b054d9481ebd599932d0889a,H0,33,38,24118,27276,24147,27326,false,rp1:3da6c125b3361e308ec72aaef970e9a8,rust-rfcs,rust-rfcs/files/text/0404-change-prefer-dynamic.md,G0-LIST-ITEM-INDENT|rust-rfcs/files/text/0404-change-prefer-dynamic.md|list_item#2@86-156,break_restore_pair,0,BREAK,E3_CONTAINER_DEPTH,early|middle|late,0.012533,indent_deepen,6862,2,86,86,2,6862,34,901,2,1,1,889,0.129554,0.149228,0.298455
edit_write,c0ab46174da72bac78ece781582b750d6b7bf3f4b054d9481ebd599932d0889a,H3,1099,1233,8704,9706,9791,10903,false,rp1:3da6c125b3361e308ec72aaef970e9a8,rust-rfcs,rust-rfcs/files/text/0404-change-prefer-dynamic.md,G0-LIST-ITEM-INDENT|rust-rfcs/files/text/0404-change-prefer-dynamic.md|list_item#2@86-156,break_restore_pair,0,BREAK,E3_CONTAINER_DEPTH,early|middle|late,0.012533,indent_deepen,6862,2,86,86,2,6862,34,901,2,1,1,889,0.129554,0.149228,0.298455
edit_write,c0ab46174da72bac78ece781582b750d6b7bf3f4b054d9481ebd599932d0889a,H4,270,322,6823,7528,7091,7811,false,rp1:3da6c125b3361e308ec72aaef970e9a8,rust-rfcs,rust-rfcs/files/text/0404-change-prefer-dynamic.md,G0-LIST-ITEM-INDENT|rust-rfcs/files/text/0404-change-prefer-dynamic.md|list_item#2@86-156,break_restore_pair,0,BREAK,E3_CONTAINER_DEPTH,early|middle|late,0.012533,indent_deepen,6862,2,86,86,2,6862,34,901,2,1,1,889,0.129554,0.149228,0.298455
edit_write,c0dfb39d2e78566340a19be72f627d1d1cb5b3d8d1a0658f0bab7a96c4d011e5,H1,45,68,12897,17058,12945,17131,false,rp1:f0fa0ad8c42770ae23c9dcd6c122f636,owasp-cheatsheets,owasp-cheatsheets/files/cheatsheets/Email_Validation_and_Verification_Cheat_Sheet.md,G0-LIST-ITEM-INDENT|owasp-cheatsheets/files/cheatsheets/Email_Validation_and_Verification_Cheat_Sheet.md|list_item#52@4589-4706,break_restore_pair,1,RESTORE,E3_CONTAINER_DEPTH,,,indent_restore,5131,2,4589,4591,0,5129,98,247,4,0,0,0,0,0,0
edit_write,c0dfb39d2e78566340a19be72f627d1d1cb5b3d8d1a0658f0bab7a96c4d011e5,H2,99,148,21490,23406,21548,23554,false,rp1:f0fa0ad8c42770ae23c9dcd6c122f636,owasp-cheatsheets,owasp-cheatsheets/files/cheatsheets/Email_Validation_and_Verification_Cheat_Sheet.md,G0-LIST-ITEM-INDENT|owasp-cheatsheets/files/cheatsheets/Email_Validation_and_Verification_Cheat_Sheet.md|list_item#52@4589-4706,break_restore_pair,1,RESTORE,E3_CONTAINER_DEPTH,,,indent_restore,5131,2,4589,4591,0,5129,98,247,4,0,0,0,0,0,0
edit_write,c0dfb39d2e78566340a19be72f627d1d1cb5b3d8d1a0658f0bab7a96c4d011e5,H0,36,48,55419,74009,55446,74052,false,rp1:f0fa0ad8c42770ae23c9dcd6c122f636,owasp-cheatsheets,owasp-cheatsheets/files/cheatsheets/Email_Validation_and_Verification_Cheat_Sheet.md,G0-LIST-ITEM-INDENT|owasp-cheatsheets/files/cheatsheets/Email_Validation_and_Verification_Cheat_Sheet.md|list_item#52@4589-4706,break_restore_pair,1,RESTORE,E3_CONTAINER_DEPTH,,,indent_restore,5131,2,4589,4591,0,5129,98,247,4,0,0,0,0,0,0
edit_write,c0dfb39d2e78566340a19be72f627d1d1cb5b3d8d1a0658f0bab7a96c4d011e5,H3,3310,3487,17160,21145,20337,25777,false,rp1:f0fa0ad8c42770ae23c9dcd6c122f636,owasp-cheatsheets,owasp-cheatsheets/files/cheatsheets/Email_Validation_and_Verification_Cheat_Sheet.md,G0-LIST-ITEM-INDENT|owasp-cheatsheets/files/cheatsheets/Email_Validation_and_Verification_Cheat_Sheet.md|list_item#52@4589-4706,break_restore_pair,1,RESTORE,E3_CONTAINER_DEPTH,,,indent_restore,5131,2,4589,4591,0,5129,98,247,4,0,0,0,0,0,0
edit_write,c0dfb39d2e78566340a19be72f627d1d1cb5b3d8d1a0658f0bab7a96c4d011e5,H4,498,553,13381,14680,13873,15243,false,rp1:f0fa0ad8c42770ae23c9dcd6c122f636,owasp-cheatsheets,owasp-cheatsheets/files/cheatsheets/Email_Validation_and_Verification_Cheat_Sheet.md,G0-LIST-ITEM-INDENT|owasp-cheatsheets/files/cheatsheets/Email_Validation_and_Verification_Cheat_Sheet.md|list_item#52@4589-4706,break_restore_pair,1,RESTORE,E3_CONTAINER_DEPTH,,,indent_restore,5131,2,4589,4591,0,5129,98,247,4,0,0,0,0,0,0
edit_write,c107f96cf2743e89b11b986e01908e6c6fc5107417e667d5dfd08f4bc516aec2,H1,43,48,58943,72765,58983,72819,false,rp1:7deb2e6a6a3a34e214c0be96de57b842,oci-image,oci-image/files/considerations.md,G0-FENCE-CLOSER-REMOVE|oci-image/files/considerations.md|code_block_fenced#9@5759-5790,break_restore_pair,0,BREAK,E4_FENCE_OPEN_CLOSE,late,0.915872,close_break,6288,3,5787,5790,0,6288,64,530,2,8,8,284,0.045165,1.628499,2.605598
edit_write,c107f96cf2743e89b11b986e01908e6c6fc5107417e667d5dfd08f4bc516aec2,H2,115,135,30321,32744,30432,32855,false,rp1:7deb2e6a6a3a34e214c0be96de57b842,oci-image,oci-image/files/considerations.md,G0-FENCE-CLOSER-REMOVE|oci-image/files/considerations.md|code_block_fenced#9@5759-5790,break_restore_pair,0,BREAK,E4_FENCE_OPEN_CLOSE,late,0.915872,close_break,6288,3,5787,5790,0,6288,64,530,2,8,8,284,0.045165,1.628499,2.605598
edit_write,c107f96cf2743e89b11b986e01908e6c6fc5107417e667d5dfd08f4bc516aec2,H0,35,50,39405,51776,39445,51803,false,rp1:7deb2e6a6a3a34e214c0be96de57b842,oci-image,oci-image/files/considerations.md,G0-FENCE-CLOSER-REMOVE|oci-image/files/considerations.md|code_block_fenced#9@5759-5790,break_restore_pair,0,BREAK,E4_FENCE_OPEN_CLOSE,late,0.915872,close_break,6288,3,5787,5790,0,6288,64,530,2,8,8,284,0.045165,1.628499,2.605598
edit_write,c107f96cf2743e89b11b986e01908e6c6fc5107417e667d5dfd08f4bc516aec2,H3,2190,2535,26625,28942,28733,31339,false,rp1:7deb2e6a6a3a34e214c0be96de57b842,oci-image,oci-image/files/considerations.md,G0-FENCE-CLOSER-REMOVE|oci-image/files/considerations.md|code_block_fenced#9@5759-5790,break_restore_pair,0,BREAK,E4_FENCE_OPEN_CLOSE,late,0.915872,close_break,6288,3,5787,5790,0,6288,64,530,2,8,8,284,0.045165,1.628499,2.605598
edit_write,c107f96cf2743e89b11b986e01908e6c6fc5107417e667d5dfd08f4bc516aec2,H4,398,461,61798,77728,62217,78172,false,rp1:7deb2e6a6a3a34e214c0be96de57b842,oci-image,oci-image/files/considerations.md,G0-FENCE-CLOSER-REMOVE|oci-image/files/considerations.md|code_block_fenced#9@5759-5790,break_restore_pair,0,BREAK,E4_FENCE_OPEN_CLOSE,late,0.915872,close_break,6288,3,5787,5790,0,6288,64,530,2,8,8,284,0.045165,1.628499,2.605598
edit_write,c10f963186c7615c1fbbaa43095181d91f1910f2178b29e5dea371626604f8c6,H1,43,52,67850,80855,67893,80900,false,rp1:fdfb79de4ea4d77a5215aa9b73ae67d8,oci-image,oci-image/files/considerations.md,G0-PARAGRAPH-MERGE|oci-image/files/considerations.md|paragraph#18@2573-2625,single_step,0,SINGLE,E2_PARAGRAPH_SPLIT_MERGE,early|middle,0.409192,merge,6288,2,2571,2573,1,6288,64,530,2,8,8,284,0.045165,1.628499,2.605598
edit_write,c10f963186c7615c1fbbaa43095181d91f1910f2178b29e5dea371626604f8c6,H2,97,130,18541,29556,18655,29675,false,rp1:fdfb79de4ea4d77a5215aa9b73ae67d8,oci-image,oci-image/files/considerations.md,G0-PARAGRAPH-MERGE|oci-image/files/considerations.md|paragraph#18@2573-2625,single_step,0,SINGLE,E2_PARAGRAPH_SPLIT_MERGE,early|middle,0.409192,merge,6288,2,2571,2573,1,6288,64,530,2,8,8,284,0.045165,1.628499,2.605598
edit_write,c10f963186c7615c1fbbaa43095181d91f1910f2178b29e5dea371626604f8c6,H0,36,53,42917,59642,42952,59676,false,rp1:fdfb79de4ea4d77a5215aa9b73ae67d8,oci-image,oci-image/files/considerations.md,G0-PARAGRAPH-MERGE|oci-image/files/considerations.md|paragraph#18@2573-2625,single_step,0,SINGLE,E2_PARAGRAPH_SPLIT_MERGE,early|middle,0.409192,merge,6288,2,2571,2573,1,6288,64,530,2,8,8,284,0.045165,1.628499,2.605598
edit_write,c10f963186c7615c1fbbaa43095181d91f1910f2178b29e5dea371626604f8c6,H3,2283,2520,15594,17185,17922,19844,false,rp1:fdfb79de4ea4d77a5215aa9b73ae67d8,oci-image,oci-image/files/considerations.md,G0-PARAGRAPH-MERGE|oci-image/files/considerations.md|paragraph#18@2573-2625,single_step,0,SINGLE,E2_PARAGRAPH_SPLIT_MERGE,early|middle,0.409192,merge,6288,2,2571,2573,1,6288,64,530,2,8,8,284,0.045165,1.628499,2.605598
edit_write,c10f963186c7615c1fbbaa43095181d91f1910f2178b29e5dea371626604f8c6,H4,375,440,9962,11132,10326,11572,false,rp1:fdfb79de4ea4d77a5215aa9b73ae67d8,oci-image,oci-image/files/considerations.md,G0-PARAGRAPH-MERGE|oci-image/files/considerations.md|paragraph#18@2573-2625,single_step,0,SINGLE,E2_PARAGRAPH_SPLIT_MERGE,early|middle,0.409192,merge,6288,2,2571,2573,1,6288,64,530,2,8,8,284,0.045165,1.628499,2.605598
edit_write,c198f4ef4ce3c201f26ab651597a9c468309cc7c7c913cdcb69317f9e7fa92a3,H1,55,85,26268,37669,26327,37750,false,rp1:a17551bd426602b1e1ba093cc7b0d04a,owasp-cheatsheets,owasp-cheatsheets/files/cheatsheets/Email_Validation_and_Verification_Cheat_Sheet.md,G0-LIST-ITEM-INDENT|owasp-cheatsheets/files/cheatsheets/Email_Validation_and_Verification_Cheat_Sheet.md|list_item#2@530-560,break_restore_pair,0,BREAK,E3_CONTAINER_DEPTH,early,0.103334,indent_deepen,5129,2,530,530,2,5129,98,247,4,0,0,0,0,0,0
edit_write,c198f4ef4ce3c201f26ab651597a9c468309cc7c7c913cdcb69317f9e7fa92a3,H2,103,125,18821,30595,18939,30677,false,rp1:a17551bd426602b1e1ba093cc7b0d04a,owasp-cheatsheets,owasp-cheatsheets/files/cheatsheets/Email_Validation_and_Verification_Cheat_Sheet.md,G0-LIST-ITEM-INDENT|owasp-cheatsheets/files/cheatsheets/Email_Validation_and_Verification_Cheat_Sheet.md|list_item#2@530-560,break_restore_pair,0,BREAK,E3_CONTAINER_DEPTH,early,0.103334,indent_deepen,5129,2,530,530,2,5129,98,247,4,0,0,0,0,0,0
edit_write,c198f4ef4ce3c201f26ab651597a9c468309cc7c7c913cdcb69317f9e7fa92a3,H0,36,61,55091,72077,55122,72128,false,rp1:a17551bd426602b1e1ba093cc7b0d04a,owasp-cheatsheets,owasp-cheatsheets/files/cheatsheets/Email_Validation_and_Verification_Cheat_Sheet.md,G0-LIST-ITEM-INDENT|owasp-cheatsheets/files/cheatsheets/Email_Validation_and_Verification_Cheat_Sheet.md|list_item#2@530-560,break_restore_pair,0,BREAK,E3_CONTAINER_DEPTH,early,0.103334,indent_deepen,5129,2,530,530,2,5129,98,247,4,0,0,0,0,0,0
edit_write,c198f4ef4ce3c201f26ab651597a9c468309cc7c7c913cdcb69317f9e7fa92a3,H3,2688,3120,14606,16259,17332,28750,false,rp1:a17551bd426602b1e1ba093cc7b0d04a,owasp-cheatsheets,owasp-cheatsheets/files/cheatsheets/Email_Validation_and_Verification_Cheat_Sheet.md,G0-LIST-ITEM-INDENT|owasp-cheatsheets/files/cheatsheets/Email_Validation_and_Verification_Cheat_Sheet.md|list_item#2@530-560,break_restore_pair,0,BREAK,E3_CONTAINER_DEPTH,early,0.103334,indent_deepen,5129,2,530,530,2,5129,98,247,4,0,0,0,0,0,0
edit_write,c198f4ef4ce3c201f26ab651597a9c468309cc7c7c913cdcb69317f9e7fa92a3,H4,515,623,11843,12751,12446,13315,false,rp1:a17551bd426602b1e1ba093cc7b0d04a,owasp-cheatsheets,owasp-cheatsheets/files/cheatsheets/Email_Validation_and_Verification_Cheat_Sheet.md,G0-LIST-ITEM-INDENT|owasp-cheatsheets/files/cheatsheets/Email_Validation_and_Verification_Cheat_Sheet.md|list_item#2@530-560,break_restore_pair,0,BREAK,E3_CONTAINER_DEPTH,early,0.103334,indent_deepen,5129,2,530,530,2,5129,98,247,4,0,0,0,0,0,0
edit_write,c20431ee65a06fdd179d8ddd242fe42cafb96176afafcae6a935a1168d22eda0,H1,45,64,47826,65161,47885,65205,false,rp1:ff31f8a04090cd24cd4a8b8530c06521,rust-book,rust-book/files/src/appendix-06-translation.md,G0-LIST-ITEM-INDENT|rust-book/files/src/appendix-06-translation.md|list_item#8@985-1039,break_restore_pair,0,BREAK,E3_CONTAINER_DEPTH,middle,0.494726,indent_deepen,1991,2,985,985,2,1991,28,167,2,1,1,0,0,0,1.028629
edit_write,c20431ee65a06fdd179d8ddd242fe42cafb96176afafcae6a935a1168d22eda0,H2,89,132,37183,40118,37293,40276,false,rp1:ff31f8a04090cd24cd4a8b8530c06521,rust-book,rust-book/files/src/appendix-06-translation.md,G0-LIST-ITEM-INDENT|rust-book/files/src/appendix-06-translation.md|list_item#8@985-1039,break_restore_pair,0,BREAK,E3_CONTAINER_DEPTH,middle,0.494726,indent_deepen,1991,2,985,985,2,1991,28,167,2,1,1,0,0,0,1.028629
edit_write,c20431ee65a06fdd179d8ddd242fe42cafb96176afafcae6a935a1168d22eda0,H0,33,47,24139,25891,24181,25930,false,rp1:ff31f8a04090cd24cd4a8b8530c06521,rust-book,rust-book/files/src/appendix-06-translation.md,G0-LIST-ITEM-INDENT|rust-book/files/src/appendix-06-translation.md|list_item#8@985-1039,break_restore_pair,0,BREAK,E3_CONTAINER_DEPTH,middle,0.494726,indent_deepen,1991,2,985,985,2,1991,28,167,2,1,1,0,0,0,1.028629
edit_write,c20431ee65a06fdd179d8ddd242fe42cafb96176afafcae6a935a1168d22eda0,H3,1872,2004,37791,55935,39612,57739,false,rp1:ff31f8a04090cd24cd4a8b8530c06521,rust-book,rust-book/files/src/appendix-06-translation.md,G0-LIST-ITEM-INDENT|rust-book/files/src/appendix-06-translation.md|list_item#8@985-1039,break_restore_pair,0,BREAK,E3_CONTAINER_DEPTH,middle,0.494726,indent_deepen,1991,2,985,985,2,1991,28,167,2,1,1,0,0,0,1.028629
edit_write,c20431ee65a06fdd179d8ddd242fe42cafb96176afafcae6a935a1168d22eda0,H4,331,394,35482,48182,35786,48553,false,rp1:ff31f8a04090cd24cd4a8b8530c06521,rust-book,rust-book/files/src/appendix-06-translation.md,G0-LIST-ITEM-INDENT|rust-book/files/src/appendix-06-translation.md|list_item#8@985-1039,break_restore_pair,0,BREAK,E3_CONTAINER_DEPTH,middle,0.494726,indent_deepen,1991,2,985,985,2,1991,28,167,2,1,1,0,0,0,1.028629
edit_write,c2929dd26fb7d4ad4004a5767bd2a88a8f90d9e9c31b5afef093d1fc19911e53,H1,44,52,29906,36087,29967,36131,false,rp1:8607de04a4a3052b67934d576d8149f7,opentelemetry-spec,opentelemetry-spec/files/specification/library-layout.md,G0-BQ-NEST-LINE|opentelemetry-spec/files/specification/library-layout.md|block_quote#1@1629-1652,break_restore_pair,0,BREAK,E3_CONTAINER_DEPTH,middle,0.553329,nest_deepen,2944,1,1629,1629,1,2944,40,330,2,0,0,367,0.124660,0.695652,0
edit_write,c2929dd26fb7d4ad4004a5767bd2a88a8f90d9e9c31b5afef093d1fc19911e53,H2,60,99,10597,11580,10671,11665,false,rp1:8607de04a4a3052b67934d576d8149f7,opentelemetry-spec,opentelemetry-spec/files/specification/library-layout.md,G0-BQ-NEST-LINE|opentelemetry-spec/files/specification/library-layout.md|block_quote#1@1629-1652,break_restore_pair,0,BREAK,E3_CONTAINER_DEPTH,middle,0.553329,nest_deepen,2944,1,1629,1629,1,2944,40,330,2,0,0,367,0.124660,0.695652,0
edit_write,c2929dd26fb7d4ad4004a5767bd2a88a8f90d9e9c31b5afef093d1fc19911e53,H0,35,55,18745,20533,18786,20614,false,rp1:8607de04a4a3052b67934d576d8149f7,opentelemetry-spec,opentelemetry-spec/files/specification/library-layout.md,G0-BQ-NEST-LINE|opentelemetry-spec/files/specification/library-layout.md|block_quote#1@1629-1652,break_restore_pair,0,BREAK,E3_CONTAINER_DEPTH,middle,0.553329,nest_deepen,2944,1,1629,1629,1,2944,40,330,2,0,0,367,0.124660,0.695652,0
edit_write,c2929dd26fb7d4ad4004a5767bd2a88a8f90d9e9c31b5afef093d1fc19911e53,H3,1036,1157,7476,8132,8573,9343,false,rp1:8607de04a4a3052b67934d576d8149f7,opentelemetry-spec,opentelemetry-spec/files/specification/library-layout.md,G0-BQ-NEST-LINE|opentelemetry-spec/files/specification/library-layout.md|block_quote#1@1629-1652,break_restore_pair,0,BREAK,E3_CONTAINER_DEPTH,middle,0.553329,nest_deepen,2944,1,1629,1629,1,2944,40,330,2,0,0,367,0.124660,0.695652,0
edit_write,c2929dd26fb7d4ad4004a5767bd2a88a8f90d9e9c31b5afef093d1fc19911e53,H4,222,256,4450,4908,4680,5109,false,rp1:8607de04a4a3052b67934d576d8149f7,opentelemetry-spec,opentelemetry-spec/files/specification/library-layout.md,G0-BQ-NEST-LINE|opentelemetry-spec/files/specification/library-layout.md|block_quote#1@1629-1652,break_restore_pair,0,BREAK,E3_CONTAINER_DEPTH,middle,0.553329,nest_deepen,2944,1,1629,1629,1,2944,40,330,2,0,0,367,0.124660,0.695652,0
edit_write,c2ca783cb0b98e5eb7935803dc4ee6314cbcf8304bf0428b4e75e40799c70a63,H1,39,45,1090,1405,1123,1441,false,rp1:ff4ca2940a11eb516764720e185cad55,d2l-en,d2l-en/files/chapter_generative-adversarial-networks/index.md,G0-CODESPAN-DELIM-BREAK|d2l-en/files/chapter_generative-adversarial-networks/index.md|code_span#0@41-52,break_restore_pair,1,RESTORE,E5_INLINE_DELIMITER,,,delimiter_restore,88,1,41,41,1,89,3,34,0,0,0,24,0.269663,11.505618,0
edit_write,c2ca783cb0b98e5eb7935803dc4ee6314cbcf8304bf0428b4e75e40799c70a63,H2,41,63,1684,1945,1717,1997,false,rp1:ff4ca2940a11eb516764720e185cad55,d2l-en,d2l-en/files/chapter_generative-adversarial-networks/index.md,G0-CODESPAN-DELIM-BREAK|d2l-en/files/chapter_generative-adversarial-networks/index.md|code_span#0@41-52,break_restore_pair,1,RESTORE,E5_INLINE_DELIMITER,,,delimiter_restore,88,1,41,41,1,89,3,34,0,0,0,24,0.269663,11.505618,0
edit_write,c2ca783cb0b98e5eb7935803dc4ee6314cbcf8304bf0428b4e75e40799c70a63,H0,34,46,749,795,790,835,false,rp1:ff4ca2940a11eb516764720e185cad55,d2l-en,d2l-en/files/chapter_generative-adversarial-networks/index.md,G0-CODESPAN-DELIM-BREAK|d2l-en/files/chapter_generative-adversarial-networks/index.md|code_span#0@41-52,break_restore_pair,1,RESTORE,E5_INLINE_DELIMITER,,,delimiter_restore,88,1,41,41,1,89,3,34,0,0,0,24,0.269663,11.505618,0
edit_write,c2ca783cb0b98e5eb7935803dc4ee6314cbcf8304bf0428b4e75e40799c70a63,H3,376,460,1360,1616,1705,2061,false,rp1:ff4ca2940a11eb516764720e185cad55,d2l-en,d2l-en/files/chapter_generative-adversarial-networks/index.md,G0-CODESPAN-DELIM-BREAK|d2l-en/files/chapter_generative-adversarial-networks/index.md|code_span#0@41-52,break_restore_pair,1,RESTORE,E5_INLINE_DELIMITER,,,delimiter_restore,88,1,41,41,1,89,3,34,0,0,0,24,0.269663,11.505618,0
edit_write,c2ca783cb0b98e5eb7935803dc4ee6314cbcf8304bf0428b4e75e40799c70a63,H4,82,147,1147,1329,1229,1459,true,rp1:ff4ca2940a11eb516764720e185cad55,d2l-en,d2l-en/files/chapter_generative-adversarial-networks/index.md,G0-CODESPAN-DELIM-BREAK|d2l-en/files/chapter_generative-adversarial-networks/index.md|code_span#0@41-52,break_restore_pair,1,RESTORE,E5_INLINE_DELIMITER,,,delimiter_restore,88,1,41,41,1,89,3,34,0,0,0,24,0.269663,11.505618,0
edit_write,c3979ed70b046b3ec9a3e9633d597f83530a2b809aec31c46998f9621d0554a2,H1,43,49,25596,40950,25635,41010,false,rp1:bd18c0dffbfe964daf6d8b4d7ec880cc,myst-parser,myst-parser/files/docs/develop/contributing.md,G0-PARAGRAPH-MERGE|myst-parser/files/docs/develop/contributing.md|paragraph#1@201-389,single_step,0,SINGLE,E2_PARAGRAPH_SPLIT_MERGE,early,0.073707,merge,2727,2,199,201,1,2727,30,321,0,8,4,337,0.123579,2.628530,4.506051
edit_write,c3979ed70b046b3ec9a3e9633d597f83530a2b809aec31c46998f9621d0554a2,H2,82,122,12863,13989,12946,14057,false,rp1:bd18c0dffbfe964daf6d8b4d7ec880cc,myst-parser,myst-parser/files/docs/develop/contributing.md,G0-PARAGRAPH-MERGE|myst-parser/files/docs/develop/contributing.md|paragraph#1@201-389,single_step,0,SINGLE,E2_PARAGRAPH_SPLIT_MERGE,early,0.073707,merge,2727,2,199,201,1,2727,30,321,0,8,4,337,0.123579,2.628530,4.506051
edit_write,c3979ed70b046b3ec9a3e9633d597f83530a2b809aec31c46998f9621d0554a2,H0,32,39,16209,21764,16252,21795,false,rp1:bd18c0dffbfe964daf6d8b4d7ec880cc,myst-parser,myst-parser/files/docs/develop/contributing.md,G0-PARAGRAPH-MERGE|myst-parser/files/docs/develop/contributing.md|paragraph#1@201-389,single_step,0,SINGLE,E2_PARAGRAPH_SPLIT_MERGE,early,0.073707,merge,2727,2,199,201,1,2727,30,321,0,8,4,337,0.123579,2.628530,4.506051
edit_write,c3979ed70b046b3ec9a3e9633d597f83530a2b809aec31c46998f9621d0554a2,H3,1647,1803,11716,12772,13382,14899,false,rp1:bd18c0dffbfe964daf6d8b4d7ec880cc,myst-parser,myst-parser/files/docs/develop/contributing.md,G0-PARAGRAPH-MERGE|myst-parser/files/docs/develop/contributing.md|paragraph#1@201-389,single_step,0,SINGLE,E2_PARAGRAPH_SPLIT_MERGE,early,0.073707,merge,2727,2,199,201,1,2727,30,321,0,8,4,337,0.123579,2.628530,4.506051
edit_write,c3979ed70b046b3ec9a3e9633d597f83530a2b809aec31c46998f9621d0554a2,H4,159,218,7716,8238,7869,8477,false,rp1:bd18c0dffbfe964daf6d8b4d7ec880cc,myst-parser,myst-parser/files/docs/develop/contributing.md,G0-PARAGRAPH-MERGE|myst-parser/files/docs/develop/contributing.md|paragraph#1@201-389,single_step,0,SINGLE,E2_PARAGRAPH_SPLIT_MERGE,early,0.073707,merge,2727,2,199,201,1,2727,30,321,0,8,4,337,0.123579,2.628530,4.506051
edit_write,c3b8c4a0b365538ab16ba737ce76f78f63fbfc54c902813bdc60d75d13f67f28,H1,42,52,11036,11790,11090,11861,false,rp1:09b3c60c8c2056f308f693c7b3278314,opentelemetry-spec,opentelemetry-spec/files/specification/library-layout.md,G0-LINK-DEST-BREAK|opentelemetry-spec/files/specification/library-layout.md|link_inline#4@1337-1362,single_step,0,SINGLE,E5_INLINE_DELIMITER,middle,0.454144,destination_break,2944,1,1344,1344,1,2944,40,330,2,0,0,367,0.124660,0.695652,0
edit_write,c3b8c4a0b365538ab16ba737ce76f78f63fbfc54c902813bdc60d75d13f67f28,H2,80,121,12705,13878,12791,14000,false,rp1:09b3c60c8c2056f308f693c7b3278314,opentelemetry-spec,opentelemetry-spec/files/specification/library-layout.md,G0-LINK-DEST-BREAK|opentelemetry-spec/files/specification/library-layout.md|link_inline#4@1337-1362,single_step,0,SINGLE,E5_INLINE_DELIMITER,middle,0.454144,destination_break,2944,1,1344,1344,1,2944,40,330,2,0,0,367,0.124660,0.695652,0
edit_write,c3b8c4a0b365538ab16ba737ce76f78f63fbfc54c902813bdc60d75d13f67f28,H0,32,49,18159,29236,18193,29267,false,rp1:09b3c60c8c2056f308f693c7b3278314,opentelemetry-spec,opentelemetry-spec/files/specification/library-layout.md,G0-LINK-DEST-BREAK|opentelemetry-spec/files/specification/library-layout.md|link_inline#4@1337-1362,single_step,0,SINGLE,E5_INLINE_DELIMITER,middle,0.454144,destination_break,2944,1,1344,1344,1,2944,40,330,2,0,0,367,0.124660,0.695652,0
edit_write,c3b8c4a0b365538ab16ba737ce76f78f63fbfc54c902813bdc60d75d13f67f28,H3,2011,2196,10090,10877,12165,12936,false,rp1:09b3c60c8c2056f308f693c7b3278314,opentelemetry-spec,opentelemetry-spec/files/specification/library-layout.md,G0-LINK-DEST-BREAK|opentelemetry-spec/files/specification/library-layout.md|link_inline#4@1337-1362,single_step,0,SINGLE,E5_INLINE_DELIMITER,middle,0.454144,destination_break,2944,1,1344,1344,1,2944,40,330,2,0,0,367,0.124660,0.695652,0
edit_write,c3b8c4a0b365538ab16ba737ce76f78f63fbfc54c902813bdc60d75d13f67f28,H4,263,333,6481,6852,6792,7168,false,rp1:09b3c60c8c2056f308f693c7b3278314,opentelemetry-spec,opentelemetry-spec/files/specification/library-layout.md,G0-LINK-DEST-BREAK|opentelemetry-spec/files/specification/library-layout.md|link_inline#4@1337-1362,single_step,0,SINGLE,E5_INLINE_DELIMITER,middle,0.454144,destination_break,2944,1,1344,1344,1,2944,40,330,2,0,0,367,0.124660,0.695652,0
edit_write,c43a54fba190c87bebcbd0952352d9749afb85d53d26b77d444ecef0ab811842,H1,43,48,71600,78918,71641,78992,false,rp1:e77a30f29959fbcf77704210a76bad56,rust-rfcs,rust-rfcs/files/text/3289-source_replacement_ambiguity.md,G0-CODESPAN-DELIM-BREAK|rust-rfcs/files/text/3289-source_replacement_ambiguity.md|code_span#32@3522-3533,break_restore_pair,1,RESTORE,E5_INLINE_DELIMITER,,,delimiter_restore,7208,1,3522,3522,1,7209,72,301,2,10,2,322,0.044666,0.426134,1.704536
edit_write,c43a54fba190c87bebcbd0952352d9749afb85d53d26b77d444ecef0ab811842,H2,108,152,83841,91502,83944,91658,false,rp1:e77a30f29959fbcf77704210a76bad56,rust-rfcs,rust-rfcs/files/text/3289-source_replacement_ambiguity.md,G0-CODESPAN-DELIM-BREAK|rust-rfcs/files/text/3289-source_replacement_ambiguity.md|code_span#32@3522-3533,break_restore_pair,1,RESTORE,E5_INLINE_DELIMITER,,,delimiter_restore,7208,1,3522,3522,1,7209,72,301,2,10,2,322,0.044666,0.426134,1.704536
edit_write,c43a54fba190c87bebcbd0952352d9749afb85d53d26b77d444ecef0ab811842,H0,37,50,48008,55148,48043,55182,false,rp1:e77a30f29959fbcf77704210a76bad56,rust-rfcs,rust-rfcs/files/text/3289-source_replacement_ambiguity.md,G0-CODESPAN-DELIM-BREAK|rust-rfcs/files/text/3289-source_replacement_ambiguity.md|code_span#32@3522-3533,break_restore_pair,1,RESTORE,E5_INLINE_DELIMITER,,,delimiter_restore,7208,1,3522,3522,1,7209,72,301,2,10,2,322,0.044666,0.426134,1.704536
edit_write,c43a54fba190c87bebcbd0952352d9749afb85d53d26b77d444ecef0ab811842,H3,3094,3300,19629,21114,22827,24341,false,rp1:e77a30f29959fbcf77704210a76bad56,rust-rfcs,rust-rfcs/files/text/3289-source_replacement_ambiguity.md,G0-CODESPAN-DELIM-BREAK|rust-rfcs/files/text/3289-source_replacement_ambiguity.md|code_span#32@3522-3533,break_restore_pair,1,RESTORE,E5_INLINE_DELIMITER,,,delimiter_restore,7208,1,3522,3522,1,7209,72,301,2,10,2,322,0.044666,0.426134,1.704536
edit_write,c43a54fba190c87bebcbd0952352d9749afb85d53d26b77d444ecef0ab811842,H4,673,731,13967,15681,14704,16466,false,rp1:e77a30f29959fbcf77704210a76bad56,rust-rfcs,rust-rfcs/files/text/3289-source_replacement_ambiguity.md,G0-CODESPAN-DELIM-BREAK|rust-rfcs/files/text/3289-source_replacement_ambiguity.md|code_span#32@3522-3533,break_restore_pair,1,RESTORE,E5_INLINE_DELIMITER,,,delimiter_restore,7208,1,3522,3522,1,7209,72,301,2,10,2,322,0.044666,0.426134,1.704536
edit_write,c443417ceefcb54e9b311cdf1904506278a4db7e66b3443390180a13413e93c9,H1,79,99,62893,74512,62980,74594,true,rp1:20097ff715e06020706ff9473204514c,rust-rfcs,rust-rfcs/files/text/0404-change-prefer-dynamic.md,G0-PARAGRAPH-MERGE|rust-rfcs/files/text/0404-change-prefer-dynamic.md|paragraph#5@843-1336,single_step,0,SINGLE,E2_PARAGRAPH_SPLIT_MERGE,early,0.122850,merge,6862,2,841,843,1,6862,34,901,2,1,1,889,0.129554,0.149228,0.298455
edit_write,c443417ceefcb54e9b311cdf1904506278a4db7e66b3443390180a13413e93c9,H2,151,210,21186,22577,21372,22830,true,rp1:20097ff715e06020706ff9473204514c,rust-rfcs,rust-rfcs/files/text/0404-change-prefer-dynamic.md,G0-PARAGRAPH-MERGE|rust-rfcs/files/text/0404-change-prefer-dynamic.md|paragraph#5@843-1336,single_step,0,SINGLE,E2_PARAGRAPH_SPLIT_MERGE,early,0.122850,merge,6862,2,841,843,1,6862,34,901,2,1,1,889,0.129554,0.149228,0.298455
edit_write,c443417ceefcb54e9b311cdf1904506278a4db7e66b3443390180a13413e93c9,H0,47,54,26414,37531,26460,37577,true,rp1:20097ff715e06020706ff9473204514c,rust-rfcs,rust-rfcs/files/text/0404-change-prefer-dynamic.md,G0-PARAGRAPH-MERGE|rust-rfcs/files/text/0404-change-prefer-dynamic.md|paragraph#5@843-1336,single_step,0,SINGLE,E2_PARAGRAPH_SPLIT_MERGE,early,0.122850,merge,6862,2,841,843,1,6862,34,901,2,1,1,889,0.129554,0.149228,0.298455
edit_write,c443417ceefcb54e9b311cdf1904506278a4db7e66b3443390180a13413e93c9,H3,1371,1774,9920,10640,11241,12468,true,rp1:20097ff715e06020706ff9473204514c,rust-rfcs,rust-rfcs/files/text/0404-change-prefer-dynamic.md,G0-PARAGRAPH-MERGE|rust-rfcs/files/text/0404-change-prefer-dynamic.md|paragraph#5@843-1336,single_step,0,SINGLE,E2_PARAGRAPH_SPLIT_MERGE,early,0.122850,merge,6862,2,841,843,1,6862,34,901,2,1,1,889,0.129554,0.149228,0.298455
edit_write,c443417ceefcb54e9b311cdf1904506278a4db7e66b3443390180a13413e93c9,H4,220,326,6826,13277,7054,13713,true,rp1:20097ff715e06020706ff9473204514c,rust-rfcs,rust-rfcs/files/text/0404-change-prefer-dynamic.md,G0-PARAGRAPH-MERGE|rust-rfcs/files/text/0404-change-prefer-dynamic.md|paragraph#5@843-1336,single_step,0,SINGLE,E2_PARAGRAPH_SPLIT_MERGE,early,0.122850,merge,6862,2,841,843,1,6862,34,901,2,1,1,889,0.129554,0.149228,0.298455
edit_write,c53531433c385a66eaab17b690b48141deb7e16eaac44cfc76bd0e9375bde031,H1,42,55,15833,17121,15877,17158,false,rp1:bcc8ee076bd80579f1c35ca4a36cf686,d2l-en,d2l-en/files/chapter_installation/index.md,G0-CODESPAN-DELIM-BREAK|d2l-en/files/chapter_installation/index.md|code_span#0@22-41,break_restore_pair,1,RESTORE,E5_INLINE_DELIMITER,,,delimiter_restore,6093,1,22,22,1,6094,60,589,0,0,0,1227,0.201346,2.856580,0
edit_write,c53531433c385a66eaab17b690b48141deb7e16eaac44cfc76bd0e9375bde031,H2,59,73,11542,12604,11579,12680,false,rp1:bcc8ee076bd80579f1c35ca4a36cf686,d2l-en,d2l-en/files/chapter_installation/index.md,G0-CODESPAN-DELIM-BREAK|d2l-en/files/chapter_installation/index.md|code_span#0@22-41,break_restore_pair,1,RESTORE,E5_INLINE_DELIMITER,,,delimiter_restore,6093,1,22,22,1,6094,60,589,0,0,0,1227,0.201346,2.856580,0
edit_write,c53531433c385a66eaab17b690b48141deb7e16eaac44cfc76bd0e9375bde031,H0,35,48,31122,43610,31164,43640,false,rp1:bcc8ee076bd80579f1c35ca4a36cf686,d2l-en,d2l-en/files/chapter_installation/index.md,G0-CODESPAN-DELIM-BREAK|d2l-en/files/chapter_installation/index.md|code_span#0@22-41,break_restore_pair,1,RESTORE,E5_INLINE_DELIMITER,,,delimiter_restore,6093,1,22,22,1,6094,60,589,0,0,0,1227,0.201346,2.856580,0
edit_write,c53531433c385a66eaab17b690b48141deb7e16eaac44cfc76bd0e9375bde031,H3,1710,1844,8500,9407,10141,11408,false,rp1:bcc8ee076bd80579f1c35ca4a36cf686,d2l-en,d2l-en/files/chapter_installation/index.md,G0-CODESPAN-DELIM-BREAK|d2l-en/files/chapter_installation/index.md|code_span#0@22-41,break_restore_pair,1,RESTORE,E5_INLINE_DELIMITER,,,delimiter_restore,6093,1,22,22,1,6094,60,589,0,0,0,1227,0.201346,2.856580,0
edit_write,c53531433c385a66eaab17b690b48141deb7e16eaac44cfc76bd0e9375bde031,H4,366,413,5776,6347,6151,6752,false,rp1:bcc8ee076bd80579f1c35ca4a36cf686,d2l-en,d2l-en/files/chapter_installation/index.md,G0-CODESPAN-DELIM-BREAK|d2l-en/files/chapter_installation/index.md|code_span#0@22-41,break_restore_pair,1,RESTORE,E5_INLINE_DELIMITER,,,delimiter_restore,6093,1,22,22,1,6094,60,589,0,0,0,1227,0.201346,2.856580,0
edit_write,c7331c9fdd0c01929aaefee829b525943236c89100c0614b66b5003f555dcb57,H1,43,48,30263,41297,30333,41335,false,rp1:9ebc33fd7ebd62dec4067ef6547ad333,oci-image,oci-image/files/HACKING.md,G0-CODESPAN-DELIM-BREAK|oci-image/files/HACKING.md|code_span#0@421-431,break_restore_pair,0,BREAK,E5_INLINE_DELIMITER,early,0.226710,delimiter_break,1857,1,421,422,0,1857,48,139,2,3,3,139,0.074852,4.411416,3.308562
edit_write,c7331c9fdd0c01929aaefee829b525943236c89100c0614b66b5003f555dcb57,H2,92,146,12387,13668,12493,13814,false,rp1:9ebc33fd7ebd62dec4067ef6547ad333,oci-image,oci-image/files/HACKING.md,G0-CODESPAN-DELIM-BREAK|oci-image/files/HACKING.md|code_span#0@421-431,break_restore_pair,0,BREAK,E5_INLINE_DELIMITER,early,0.226710,delimiter_break,1857,1,421,422,0,1857,48,139,2,3,3,139,0.074852,4.411416,3.308562
edit_write,c7331c9fdd0c01929aaefee829b525943236c89100c0614b66b5003f555dcb57,H0,37,51,17191,18587,17242,18635,false,rp1:9ebc33fd7ebd62dec4067ef6547ad333,oci-image,oci-image/files/HACKING.md,G0-CODESPAN-DELIM-BREAK|oci-image/files/HACKING.md|code_span#0@421-431,break_restore_pair,0,BREAK,E5_INLINE_DELIMITER,early,0.226710,delimiter_break,1857,1,421,422,0,1857,48,139,2,3,3,139,0.074852,4.411416,3.308562
edit_write,c7331c9fdd0c01929aaefee829b525943236c89100c0614b66b5003f555dcb57,H3,1796,1969,9386,10191,11142,12163,false,rp1:9ebc33fd7ebd62dec4067ef6547ad333,oci-image,oci-image/files/HACKING.md,G0-CODESPAN-DELIM-BREAK|oci-image/files/HACKING.md|code_span#0@421-431,break_restore_pair,0,BREAK,E5_INLINE_DELIMITER,early,0.226710,delimiter_break,1857,1,421,422,0,1857,48,139,2,3,3,139,0.074852,4.411416,3.308562
edit_write,c7331c9fdd0c01929aaefee829b525943236c89100c0614b66b5003f555dcb57,H4,260,299,5404,5859,5705,6208,false,rp1:9ebc33fd7ebd62dec4067ef6547ad333,oci-image,oci-image/files/HACKING.md,G0-CODESPAN-DELIM-BREAK|oci-image/files/HACKING.md|code_span#0@421-431,break_restore_pair,0,BREAK,E5_INLINE_DELIMITER,early,0.226710,delimiter_break,1857,1,421,422,0,1857,48,139,2,3,3,139,0.074852,4.411416,3.308562
edit_write,c74430f44252cd26a514efa4712f636d2c8903edfd55dab8f5190f12081ce71a,H1,44,52,61524,75907,61577,75948,false,rp1:32de5102bc885cfd0d4935f91ae00a18,d2l-en,d2l-en/files/chapter_appendix-tools-for-deep-learning/utils.md,G0-FENCE-CLOSER-REMOVE|d2l-en/files/chapter_appendix-tools-for-deep-learning/utils.md|code_block_fenced#8@4531-4879,break_restore_pair,0,BREAK,E4_FENCE_OPEN_CLOSE,early,0.100882,close_break,44914,3,4876,4879,0,44914,39,4363,0,0,0,43880,0.976978,0.615576,0
edit_write,c74430f44252cd26a514efa4712f636d2c8903edfd55dab8f5190f12081ce71a,H2,75,120,14646,15923,14756,16044,false,rp1:32de5102bc885cfd0d4935f91ae00a18,d2l-en,d2l-en/files/chapter_appendix-tools-for-deep-learning/utils.md,G0-FENCE-CLOSER-REMOVE|d2l-en/files/chapter_appendix-tools-for-deep-learning/utils.md|code_block_fenced#8@4531-4879,break_restore_pair,0,BREAK,E4_FENCE_OPEN_CLOSE,early,0.100882,close_break,44914,3,4876,4879,0,44914,39,4363,0,0,0,43880,0.976978,0.615576,0
edit_write,c74430f44252cd26a514efa4712f636d2c8903edfd55dab8f5190f12081ce71a,H0,40,50,52712,57925,52743,57970,false,rp1:32de5102bc885cfd0d4935f91ae00a18,d2l-en,d2l-en/files/chapter_appendix-tools-for-deep-learning/utils.md,G0-FENCE-CLOSER-REMOVE|d2l-en/files/chapter_appendix-tools-for-deep-learning/utils.md|code_block_fenced#8@4531-4879,break_restore_pair,0,BREAK,E4_FENCE_OPEN_CLOSE,early,0.100882,close_break,44914,3,4876,4879,0,44914,39,4363,0,0,0,43880,0.976978,0.615576,0
edit_write,c74430f44252cd26a514efa4712f636d2c8903edfd55dab8f5190f12081ce71a,H3,1285,1436,11654,12797,12929,14313,false,rp1:32de5102bc885cfd0d4935f91ae00a18,d2l-en,d2l-en/files/chapter_appendix-tools-for-deep-learning/utils.md,G0-FENCE-CLOSER-REMOVE|d2l-en/files/chapter_appendix-tools-for-deep-learning/utils.md|code_block_fenced#8@4531-4879,break_restore_pair,0,BREAK,E4_FENCE_OPEN_CLOSE,early,0.100882,close_break,44914,3,4876,4879,0,44914,39,4363,0,0,0,43880,0.976978,0.615576,0
edit_write,c74430f44252cd26a514efa4712f636d2c8903edfd55dab8f5190f12081ce71a,H4,244,308,9964,11031,10213,11300,false,rp1:32de5102bc885cfd0d4935f91ae00a18,d2l-en,d2l-en/files/chapter_appendix-tools-for-deep-learning/utils.md,G0-FENCE-CLOSER-REMOVE|d2l-en/files/chapter_appendix-tools-for-deep-learning/utils.md|code_block_fenced#8@4531-4879,break_restore_pair,0,BREAK,E4_FENCE_OPEN_CLOSE,early,0.100882,close_break,44914,3,4876,4879,0,44914,39,4363,0,0,0,43880,0.976978,0.615576,0
edit_write,c75bb9bc4599ce17200404835799fbf077d8c469195db9a76bab4c77afc839d2,H1,42,59,4902,5896,4933,5931,true,rp1:c673b68e79e2cd464dde5963c1e98dee,openmlsys,openmlsys/files/v1/zh_chapters/chapter_recommender_system/index.md,G0-PARAGRAPH-SPLIT|openmlsys/files/v1/zh_chapters/chapter_recommender_system/index.md|paragraph#0@28-857,single_step,0,SINGLE,E2_PARAGRAPH_SPLIT_MERGE,early|middle|late,0.026242,split,1067,2,361,362,2,1067,5,829,0,2,0,97,0.090909,0.959700,1.919400
edit_write,c75bb9bc4599ce17200404835799fbf077d8c469195db9a76bab4c77afc839d2,H2,75,93,6174,6794,6245,6876,true,rp1:c673b68e79e2cd464dde5963c1e98dee,openmlsys,openmlsys/files/v1/zh_chapters/chapter_recommender_system/index.md,G0-PARAGRAPH-SPLIT|openmlsys/files/v1/zh_chapters/chapter_recommender_system/index.md|paragraph#0@28-857,single_step,0,SINGLE,E2_PARAGRAPH_SPLIT_MERGE,early|middle|late,0.026242,split,1067,2,361,362,2,1067,5,829,0,2,0,97,0.090909,0.959700,1.919400
edit_write,c75bb9bc4599ce17200404835799fbf077d8c469195db9a76bab4c77afc839d2,H0,42,55,3145,3369,3187,3415,true,rp1:c673b68e79e2cd464dde5963c1e98dee,openmlsys,openmlsys/files/v1/zh_chapters/chapter_recommender_system/index.md,G0-PARAGRAPH-SPLIT|openmlsys/files/v1/zh_chapters/chapter_recommender_system/index.md|paragraph#0@28-857,single_step,0,SINGLE,E2_PARAGRAPH_SPLIT_MERGE,early|middle|late,0.026242,split,1067,2,361,362,2,1067,5,829,0,2,0,97,0.090909,0.959700,1.919400
edit_write,c75bb9bc4599ce17200404835799fbf077d8c469195db9a76bab4c77afc839d2,H3,917,1020,5145,5897,6080,6917,true,rp1:c673b68e79e2cd464dde5963c1e98dee,openmlsys,openmlsys/files/v1/zh_chapters/chapter_recommender_system/index.md,G0-PARAGRAPH-SPLIT|openmlsys/files/v1/zh_chapters/chapter_recommender_system/index.md|paragraph#0@28-857,single_step,0,SINGLE,E2_PARAGRAPH_SPLIT_MERGE,early|middle|late,0.026242,split,1067,2,361,362,2,1067,5,829,0,2,0,97,0.090909,0.959700,1.919400
edit_write,c75bb9bc4599ce17200404835799fbf077d8c469195db9a76bab4c77afc839d2,H4,95,148,3203,3678,3314,3826,true,rp1:c673b68e79e2cd464dde5963c1e98dee,openmlsys,openmlsys/files/v1/zh_chapters/chapter_recommender_system/index.md,G0-PARAGRAPH-SPLIT|openmlsys/files/v1/zh_chapters/chapter_recommender_system/index.md|paragraph#0@28-857,single_step,0,SINGLE,E2_PARAGRAPH_SPLIT_MERGE,early|middle|late,0.026242,split,1067,2,361,362,2,1067,5,829,0,2,0,97,0.090909,0.959700,1.919400
edit_write,c77f89afadd2f001ee762f1cbd116e5f028217edf320a5b84518375f8bff1961,H1,45,58,31307,37528,31375,37580,false,rp1:660f155d9b1369ac054db82308adac65,oci-image,oci-image/files/HACKING.md,G0-CODESPAN-DELIM-BREAK|oci-image/files/HACKING.md|code_span#4@1638-1643,break_restore_pair,0,BREAK,E5_INLINE_DELIMITER,late,0.882068,delimiter_break,1857,1,1638,1639,0,1857,48,139,2,3,3,139,0.074852,4.411416,3.308562
edit_write,c77f89afadd2f001ee762f1cbd116e5f028217edf320a5b84518375f8bff1961,H2,80,128,12366,13174,12445,13292,false,rp1:660f155d9b1369ac054db82308adac65,oci-image,oci-image/files/HACKING.md,G0-CODESPAN-DELIM-BREAK|oci-image/files/HACKING.md|code_span#4@1638-1643,break_restore_pair,0,BREAK,E5_INLINE_DELIMITER,late,0.882068,delimiter_break,1857,1,1638,1639,0,1857,48,139,2,3,3,139,0.074852,4.411416,3.308562
edit_write,c77f89afadd2f001ee762f1cbd116e5f028217edf320a5b84518375f8bff1961,H0,33,48,17192,18332,17221,18373,false,rp1:660f155d9b1369ac054db82308adac65,oci-image,oci-image/files/HACKING.md,G0-CODESPAN-DELIM-BREAK|oci-image/files/HACKING.md|code_span#4@1638-1643,break_restore_pair,0,BREAK,E5_INLINE_DELIMITER,late,0.882068,delimiter_break,1857,1,1638,1639,0,1857,48,139,2,3,3,139,0.074852,4.411416,3.308562
edit_write,c77f89afadd2f001ee762f1cbd116e5f028217edf320a5b84518375f8bff1961,H3,1767,1928,8976,9621,10711,11553,false,rp1:660f155d9b1369ac054db82308adac65,oci-image,oci-image/files/HACKING.md,G0-CODESPAN-DELIM-BREAK|oci-image/files/HACKING.md|code_span#4@1638-1643,break_restore_pair,0,BREAK,E5_INLINE_DELIMITER,late,0.882068,delimiter_break,1857,1,1638,1639,0,1857,48,139,2,3,3,139,0.074852,4.411416,3.308562
edit_write,c77f89afadd2f001ee762f1cbd116e5f028217edf320a5b84518375f8bff1961,H4,260,308,5269,5940,5538,6230,false,rp1:660f155d9b1369ac054db82308adac65,oci-image,oci-image/files/HACKING.md,G0-CODESPAN-DELIM-BREAK|oci-image/files/HACKING.md|code_span#4@1638-1643,break_restore_pair,0,BREAK,E5_INLINE_DELIMITER,late,0.882068,delimiter_break,1857,1,1638,1639,0,1857,48,139,2,3,3,139,0.074852,4.411416,3.308562
edit_write,c7ae0d73f5d0f7db1b7583822e43558395466cca3e225ce4584d93daf65130a7,H1,45,57,46155,51905,46205,51944,false,rp1:c837a06667977ded214910f030f2e805,rust-book,rust-book/files/src/appendix-06-translation.md,G0-LINK-DEST-BREAK|rust-book/files/src/appendix-06-translation.md|link_inline#0@298-354,single_step,0,SINGLE,E5_INLINE_DELIMITER,early,0.149674,destination_break,1991,1,311,311,1,1991,28,167,2,1,1,0,0,0,1.028629
edit_write,c7ae0d73f5d0f7db1b7583822e43558395466cca3e225ce4584d93daf65130a7,H2,93,126,38150,45055,38252,45160,false,rp1:c837a06667977ded214910f030f2e805,rust-book,rust-book/files/src/appendix-06-translation.md,G0-LINK-DEST-BREAK|rust-book/files/src/appendix-06-translation.md|link_inline#0@298-354,single_step,0,SINGLE,E5_INLINE_DELIMITER,early,0.149674,destination_break,1991,1,311,311,1,1991,28,167,2,1,1,0,0,0,1.028629
edit_write,c7ae0d73f5d0f7db1b7583822e43558395466cca3e225ce4584d93daf65130a7,H0,35,48,23136,24652,23162,24694,false,rp1:c837a06667977ded214910f030f2e805,rust-book,rust-book/files/src/appendix-06-translation.md,G0-LINK-DEST-BREAK|rust-book/files/src/appendix-06-translation.md|link_inline#0@298-354,single_step,0,SINGLE,E5_INLINE_DELIMITER,early,0.149674,destination_break,1991,1,311,311,1,1991,28,167,2,1,1,0,0,0,1.028629
edit_write,c7ae0d73f5d0f7db1b7583822e43558395466cca3e225ce4584d93daf65130a7,H3,1912,2128,37004,39981,38938,44699,false,rp1:c837a06667977ded214910f030f2e805,rust-book,rust-book/files/src/appendix-06-translation.md,G0-LINK-DEST-BREAK|rust-book/files/src/appendix-06-translation.md|link_inline#0@298-354,single_step,0,SINGLE,E5_INLINE_DELIMITER,early,0.149674,destination_break,1991,1,311,311,1,1991,28,167,2,1,1,0,0,0,1.028629
edit_write,c7ae0d73f5d0f7db1b7583822e43558395466cca3e225ce4584d93daf65130a7,H4,338,402,33965,36366,34334,36772,false,rp1:c837a06667977ded214910f030f2e805,rust-book,rust-book/files/src/appendix-06-translation.md,G0-LINK-DEST-BREAK|rust-book/files/src/appendix-06-translation.md|link_inline#0@298-354,single_step,0,SINGLE,E5_INLINE_DELIMITER,early,0.149674,destination_break,1991,1,311,311,1,1991,28,167,2,1,1,0,0,0,1.028629
edit_write,c7b110ef9b870d6b93f4fd413c4ac7d473ece4797ab51496bef785a1c9262ea5,H1,44,48,33881,36394,33922,36439,false,rp1:46fc5de85fe381a26ce812736d42ec5c,rust-rfcs,rust-rfcs/files/text/1123-str-split-at.md,G0-CODESPAN-DELIM-BREAK|rust-rfcs/files/text/1123-str-split-at.md|code_span#17@1375-1380,break_restore_pair,0,BREAK,E5_INLINE_DELIMITER,middle,0.400758,delimiter_break,3431,1,1375,1376,0,3431,31,877,2,2,2,866,0.252405,0.298455,1.193821
edit_write,c7b110ef9b870d6b93f4fd413c4ac7d473ece4797ab51496bef785a1c9262ea5,H2,94,145,8663,9608,8789,9706,false,rp1:46fc5de85fe381a26ce812736d42ec5c,rust-rfcs,rust-rfcs/files/text/1123-str-split-at.md,G0-CODESPAN-DELIM-BREAK|rust-rfcs/files/text/1123-str-split-at.md|code_span#17@1375-1380,break_restore_pair,0,BREAK,E5_INLINE_DELIMITER,middle,0.400758,delimiter_break,3431,1,1375,1376,0,3431,31,877,2,2,2,866,0.252405,0.298455,1.193821
edit_write,c7b110ef9b870d6b93f4fd413c4ac7d473ece4797ab51496bef785a1c9262ea5,H0,32,48,20471,22056,20504,22092,false,rp1:46fc5de85fe381a26ce812736d42ec5c,rust-rfcs,rust-rfcs/files/text/1123-str-split-at.md,G0-CODESPAN-DELIM-BREAK|rust-rfcs/files/text/1123-str-split-at.md|code_span#17@1375-1380,break_restore_pair,0,BREAK,E5_INLINE_DELIMITER,middle,0.400758,delimiter_break,3431,1,1375,1376,0,3431,31,877,2,2,2,866,0.252405,0.298455,1.193821
edit_write,c7b110ef9b870d6b93f4fd413c4ac7d473ece4797ab51496bef785a1c9262ea5,H3,1368,1484,6789,7456,8223,9030,false,rp1:46fc5de85fe381a26ce812736d42ec5c,rust-rfcs,rust-rfcs/files/text/1123-str-split-at.md,G0-CODESPAN-DELIM-BREAK|rust-rfcs/files/text/1123-str-split-at.md|code_span#17@1375-1380,break_restore_pair,0,BREAK,E5_INLINE_DELIMITER,middle,0.400758,delimiter_break,3431,1,1375,1376,0,3431,31,877,2,2,2,866,0.252405,0.298455,1.193821
edit_write,c7b110ef9b870d6b93f4fd413c4ac7d473ece4797ab51496bef785a1c9262ea5,H4,199,239,4373,4849,4544,5057,false,rp1:46fc5de85fe381a26ce812736d42ec5c,rust-rfcs,rust-rfcs/files/text/1123-str-split-at.md,G0-CODESPAN-DELIM-BREAK|rust-rfcs/files/text/1123-str-split-at.md|code_span#17@1375-1380,break_restore_pair,0,BREAK,E5_INLINE_DELIMITER,middle,0.400758,delimiter_break,3431,1,1375,1376,0,3431,31,877,2,2,2,866,0.252405,0.298455,1.193821
edit_write,c7cedef1c92870d78fa38fa1e359d098b09cacff05cf527abbf840b65c9d5163,H1,40,49,9585,10469,9645,10529,false,rp1:28d0e7309da8314e94b543ed32403ceb,kubernetes-keps,kubernetes-keps/files/keps/sig-cli/FAQ.md,G0-LOCAL-TEXT-REPLACE-EQ|kubernetes-keps/files/keps/sig-cli/FAQ.md|text#8@799-890,single_step,0,SINGLE,E1_LOCAL_TEXT,middle,0.489583,replace_eq,1632,8,807,815,8,1632,11,362,6,0,0,0,0,0,0
edit_write,c7cedef1c92870d78fa38fa1e359d098b09cacff05cf527abbf840b65c9d5163,H2,57,85,13954,14900,14017,14976,false,rp1:28d0e7309da8314e94b543ed32403ceb,kubernetes-keps,kubernetes-keps/files/keps/sig-cli/FAQ.md,G0-LOCAL-TEXT-REPLACE-EQ|kubernetes-keps/files/keps/sig-cli/FAQ.md|text#8@799-890,single_step,0,SINGLE,E1_LOCAL_TEXT,middle,0.489583,replace_eq,1632,8,807,815,8,1632,11,362,6,0,0,0,0,0,0
edit_write,c7cedef1c92870d78fa38fa1e359d098b09cacff05cf527abbf840b65c9d5163,H0,36,49,9280,9791,9326,9816,false,rp1:28d0e7309da8314e94b543ed32403ceb,kubernetes-keps,kubernetes-keps/files/keps/sig-cli/FAQ.md,G0-LOCAL-TEXT-REPLACE-EQ|kubernetes-keps/files/keps/sig-cli/FAQ.md|text#8@799-890,single_step,0,SINGLE,E1_LOCAL_TEXT,middle,0.489583,replace_eq,1632,8,807,815,8,1632,11,362,6,0,0,0,0,0,0
edit_write,c7cedef1c92870d78fa38fa1e359d098b09cacff05cf527abbf840b65c9d5163,H3,1244,1419,12676,13527,13954,15008,false,rp1:28d0e7309da8314e94b543ed32403ceb,kubernetes-keps,kubernetes-keps/files/keps/sig-cli/FAQ.md,G0-LOCAL-TEXT-REPLACE-EQ|kubernetes-keps/files/keps/sig-cli/FAQ.md|text#8@799-890,single_step,0,SINGLE,E1_LOCAL_TEXT,middle,0.489583,replace_eq,1632,8,807,815,8,1632,11,362,6,0,0,0,0,0,0
edit_write,c7cedef1c92870d78fa38fa1e359d098b09cacff05cf527abbf840b65c9d5163,H4,254,343,10866,11781,11130,12083,false,rp1:28d0e7309da8314e94b543ed32403ceb,kubernetes-keps,kubernetes-keps/files/keps/sig-cli/FAQ.md,G0-LOCAL-TEXT-REPLACE-EQ|kubernetes-keps/files/keps/sig-cli/FAQ.md|text#8@799-890,single_step,0,SINGLE,E1_LOCAL_TEXT,middle,0.489583,replace_eq,1632,8,807,815,8,1632,11,362,6,0,0,0,0,0,0
edit_write,c83dd2cc32964702b573928fdba9841ef7bab9465fb0b4898bf925fd6df6d773,H1,44,50,29241,29891,29278,29950,false,rp1:01aac97bb89b49baf4ae36427e6d444c,opentelemetry-spec,opentelemetry-spec/files/specification/library-layout.md,G0-PARAGRAPH-MERGE|opentelemetry-spec/files/specification/library-layout.md|paragraph#13@1747-1784,single_step,0,SINGLE,E2_PARAGRAPH_SPLIT_MERGE,middle|late,0.593410,merge,2944,2,1745,1747,1,2944,40,330,2,0,0,367,0.124660,0.695652,0
edit_write,c83dd2cc32964702b573928fdba9841ef7bab9465fb0b4898bf925fd6df6d773,H2,78,109,10189,10970,10296,11084,false,rp1:01aac97bb89b49baf4ae36427e6d444c,opentelemetry-spec,opentelemetry-spec/files/specification/library-layout.md,G0-PARAGRAPH-MERGE|opentelemetry-spec/files/specification/library-layout.md|paragraph#13@1747-1784,single_step,0,SINGLE,E2_PARAGRAPH_SPLIT_MERGE,middle|late,0.593410,merge,2944,2,1745,1747,1,2944,40,330,2,0,0,367,0.124660,0.695652,0
edit_write,c83dd2cc32964702b573928fdba9841ef7bab9465fb0b4898bf925fd6df6d773,H0,33,46,18385,23635,18431,23667,false,rp1:01aac97bb89b49baf4ae36427e6d444c,opentelemetry-spec,opentelemetry-spec/files/specification/library-layout.md,G0-PARAGRAPH-MERGE|opentelemetry-spec/files/specification/library-layout.md|paragraph#13@1747-1784,single_step,0,SINGLE,E2_PARAGRAPH_SPLIT_MERGE,middle|late,0.593410,merge,2944,2,1745,1747,1,2944,40,330,2,0,0,367,0.124660,0.695652,0
edit_write,c83dd2cc32964702b573928fdba9841ef7bab9465fb0b4898bf925fd6df6d773,H3,1278,1397,7513,8090,8796,9487,false,rp1:01aac97bb89b49baf4ae36427e6d444c,opentelemetry-spec,opentelemetry-spec/files/specification/library-layout.md,G0-PARAGRAPH-MERGE|opentelemetry-spec/files/specification/library-layout.md|paragraph#13@1747-1784,single_step,0,SINGLE,E2_PARAGRAPH_SPLIT_MERGE,middle|late,0.593410,merge,2944,2,1745,1747,1,2944,40,330,2,0,0,367,0.124660,0.695652,0
edit_write,c83dd2cc32964702b573928fdba9841ef7bab9465fb0b4898bf925fd6df6d773,H4,218,258,4182,4514,4407,4737,false,rp1:01aac97bb89b49baf4ae36427e6d444c,opentelemetry-spec,opentelemetry-spec/files/specification/library-layout.md,G0-PARAGRAPH-MERGE|opentelemetry-spec/files/specification/library-layout.md|paragraph#13@1747-1784,single_step,0,SINGLE,E2_PARAGRAPH_SPLIT_MERGE,middle|late,0.593410,merge,2944,2,1745,1747,1,2944,40,330,2,0,0,367,0.124660,0.695652,0
edit_write,c85e6502b8eea651614b10dd4c2c622bcdfdfca5ebc9331e767435427e51328a,H1,45,60,34525,36834,34573,36879,false,rp1:4857faef82fd79cfbb79070e67c837a3,rust-rfcs,rust-rfcs/files/text/0404-change-prefer-dynamic.md,G0-PARAGRAPH-SPLIT|rust-rfcs/files/text/0404-change-prefer-dynamic.md|paragraph#20@6025-6327,single_step,0,SINGLE,E2_PARAGRAPH_SPLIT_MERGE,late,0.878024,split,6862,2,6175,6176,2,6862,34,901,2,1,1,889,0.129554,0.149228,0.298455
edit_write,c85e6502b8eea651614b10dd4c2c622bcdfdfca5ebc9331e767435427e51328a,H2,78,115,10372,10776,10438,10852,false,rp1:4857faef82fd79cfbb79070e67c837a3,rust-rfcs,rust-rfcs/files/text/0404-change-prefer-dynamic.md,G0-PARAGRAPH-SPLIT|rust-rfcs/files/text/0404-change-prefer-dynamic.md|paragraph#20@6025-6327,single_step,0,SINGLE,E2_PARAGRAPH_SPLIT_MERGE,late,0.878024,split,6862,2,6175,6176,2,6862,34,901,2,1,1,889,0.129554,0.149228,0.298455
edit_write,c85e6502b8eea651614b10dd4c2c622bcdfdfca5ebc9331e767435427e51328a,H0,33,48,24684,27251,24725,27297,false,rp1:4857faef82fd79cfbb79070e67c837a3,rust-rfcs,rust-rfcs/files/text/0404-change-prefer-dynamic.md,G0-PARAGRAPH-SPLIT|rust-rfcs/files/text/0404-change-prefer-dynamic.md|paragraph#20@6025-6327,single_step,0,SINGLE,E2_PARAGRAPH_SPLIT_MERGE,late,0.878024,split,6862,2,6175,6176,2,6862,34,901,2,1,1,889,0.129554,0.149228,0.298455
edit_write,c85e6502b8eea651614b10dd4c2c622bcdfdfca5ebc9331e767435427e51328a,H3,1404,1572,7741,8398,9184,10018,false,rp1:4857faef82fd79cfbb79070e67c837a3,rust-rfcs,rust-rfcs/files/text/0404-change-prefer-dynamic.md,G0-PARAGRAPH-SPLIT|rust-rfcs/files/text/0404-change-prefer-dynamic.md|paragraph#20@6025-6327,single_step,0,SINGLE,E2_PARAGRAPH_SPLIT_MERGE,late,0.878024,split,6862,2,6175,6176,2,6862,34,901,2,1,1,889,0.129554,0.149228,0.298455
edit_write,c85e6502b8eea651614b10dd4c2c622bcdfdfca5ebc9331e767435427e51328a,H4,200,234,4891,5562,5103,5756,false,rp1:4857faef82fd79cfbb79070e67c837a3,rust-rfcs,rust-rfcs/files/text/0404-change-prefer-dynamic.md,G0-PARAGRAPH-SPLIT|rust-rfcs/files/text/0404-change-prefer-dynamic.md|paragraph#20@6025-6327,single_step,0,SINGLE,E2_PARAGRAPH_SPLIT_MERGE,late,0.878024,split,6862,2,6175,6176,2,6862,34,901,2,1,1,889,0.129554,0.149228,0.298455
edit_write,c8aed004f4a21287147ad31f24b942b980b4c33907a6aa0f0aabec8b3da77273,H1,43,50,44394,58226,44436,58268,false,rp1:86fce80aab917618bb4272d73af08692,d2l-en,d2l-en/files/chapter_installation/index.md,G0-ATX-TO-PARAGRAPH|d2l-en/files/chapter_installation/index.md|heading_atx#0@0-14,break_restore_pair,0,BREAK,ATX_HEADING_TOGGLE,early|middle|late,0,marker_remove,6094,2,0,2,0,6094,60,589,0,0,0,1227,0.201346,2.856580,0
edit_write,c8aed004f4a21287147ad31f24b942b980b4c33907a6aa0f0aabec8b3da77273,H2,67,87,10125,10720,10200,10764,false,rp1:86fce80aab917618bb4272d73af08692,d2l-en,d2l-en/files/chapter_installation/index.md,G0-ATX-TO-PARAGRAPH|d2l-en/files/chapter_installation/index.md|heading_atx#0@0-14,break_restore_pair,0,BREAK,ATX_HEADING_TOGGLE,early|middle|late,0,marker_remove,6094,2,0,2,0,6094,60,589,0,0,0,1227,0.201346,2.856580,0
edit_write,c8aed004f4a21287147ad31f24b942b980b4c33907a6aa0f0aabec8b3da77273,H0,38,48,31354,33766,31401,33814,false,rp1:86fce80aab917618bb4272d73af08692,d2l-en,d2l-en/files/chapter_installation/index.md,G0-ATX-TO-PARAGRAPH|d2l-en/files/chapter_installation/index.md|heading_atx#0@0-14,break_restore_pair,0,BREAK,ATX_HEADING_TOGGLE,early|middle|late,0,marker_remove,6094,2,0,2,0,6094,60,589,0,0,0,1227,0.201346,2.856580,0
edit_write,c8aed004f4a21287147ad31f24b942b980b4c33907a6aa0f0aabec8b3da77273,H3,1672,1817,8192,8657,9890,10581,false,rp1:86fce80aab917618bb4272d73af08692,d2l-en,d2l-en/files/chapter_installation/index.md,G0-ATX-TO-PARAGRAPH|d2l-en/files/chapter_installation/index.md|heading_atx#0@0-14,break_restore_pair,0,BREAK,ATX_HEADING_TOGGLE,early|middle|late,0,marker_remove,6094,2,0,2,0,6094,60,589,0,0,0,1227,0.201346,2.856580,0
edit_write,c8aed004f4a21287147ad31f24b942b980b4c33907a6aa0f0aabec8b3da77273,H4,310,348,5590,6118,5897,6430,false,rp1:86fce80aab917618bb4272d73af08692,d2l-en,d2l-en/files/chapter_installation/index.md,G0-ATX-TO-PARAGRAPH|d2l-en/files/chapter_installation/index.md|heading_atx#0@0-14,break_restore_pair,0,BREAK,ATX_HEADING_TOGGLE,early|middle|late,0,marker_remove,6094,2,0,2,0,6094,60,589,0,0,0,1227,0.201346,2.856580,0
edit_write,c9679e07f4cd4512b612d84dcd38a6aa9480d623935a437836830509d81095b6,H1,36,51,9592,10018,9627,10065,false,rp1:33cfca5eae42011e849f7743161b95ae,kubernetes-keps,kubernetes-keps/files/keps/sig-cli/FAQ.md,G0-EMPH-DELIM-BREAK|kubernetes-keps/files/keps/sig-cli/FAQ.md|emphasis#0@1433-1438,break_restore_pair,1,RESTORE,E5_INLINE_DELIMITER,,,delimiter_restore,1631,1,1437,1437,1,1632,11,362,6,0,0,0,0,0,0
edit_write,c9679e07f4cd4512b612d84dcd38a6aa9480d623935a437836830509d81095b6,H2,57,110,13635,15836,13731,15899,false,rp1:33cfca5eae42011e849f7743161b95ae,kubernetes-keps,kubernetes-keps/files/keps/sig-cli/FAQ.md,G0-EMPH-DELIM-BREAK|kubernetes-keps/files/keps/sig-cli/FAQ.md|emphasis#0@1433-1438,break_restore_pair,1,RESTORE,E5_INLINE_DELIMITER,,,delimiter_restore,1631,1,1437,1437,1,1632,11,362,6,0,0,0,0,0,0
edit_write,c9679e07f4cd4512b612d84dcd38a6aa9480d623935a437836830509d81095b6,H0,30,48,9203,20745,9246,20780,false,rp1:33cfca5eae42011e849f7743161b95ae,kubernetes-keps,kubernetes-keps/files/keps/sig-cli/FAQ.md,G0-EMPH-DELIM-BREAK|kubernetes-keps/files/keps/sig-cli/FAQ.md|emphasis#0@1433-1438,break_restore_pair,1,RESTORE,E5_INLINE_DELIMITER,,,delimiter_restore,1631,1,1437,1437,1,1632,11,362,6,0,0,0,0,0,0
edit_write,c9679e07f4cd4512b612d84dcd38a6aa9480d623935a437836830509d81095b6,H3,1511,1755,12766,14325,14293,16026,false,rp1:33cfca5eae42011e849f7743161b95ae,kubernetes-keps,kubernetes-keps/files/keps/sig-cli/FAQ.md,G0-EMPH-DELIM-BREAK|kubernetes-keps/files/keps/sig-cli/FAQ.md|emphasis#0@1433-1438,break_restore_pair,1,RESTORE,E5_INLINE_DELIMITER,,,delimiter_restore,1631,1,1437,1437,1,1632,11,362,6,0,0,0,0,0,0
edit_write,c9679e07f4cd4512b612d84dcd38a6aa9480d623935a437836830509d81095b6,H4,276,343,11043,22944,11321,23230,false,rp1:33cfca5eae42011e849f7743161b95ae,kubernetes-keps,kubernetes-keps/files/keps/sig-cli/FAQ.md,G0-EMPH-DELIM-BREAK|kubernetes-keps/files/keps/sig-cli/FAQ.md|emphasis#0@1433-1438,break_restore_pair,1,RESTORE,E5_INLINE_DELIMITER,,,delimiter_restore,1631,1,1437,1437,1,1632,11,362,6,0,0,0,0,0,0
edit_write,c9998294249710e88934b381a25b7f66b58d082503f35798baa5a88dfcf80d25,H1,45,66,61651,79919,61702,79981,true,rp1:e8c41aad47ae0b7a4a90af5a81e533ed,d2l-en,d2l-en/files/chapter_appendix-tools-for-deep-learning/utils.md,G0-FENCE-CLOSER-REMOVE|d2l-en/files/chapter_appendix-tools-for-deep-learning/utils.md|code_block_fenced#22@29174-29852,break_restore_pair,0,BREAK,E4_FENCE_OPEN_CLOSE,middle|late,0.649552,close_break,44914,3,29849,29852,0,44914,39,4363,0,0,0,43880,0.976978,0.615576,0
edit_write,c9998294249710e88934b381a25b7f66b58d082503f35798baa5a88dfcf80d25,H2,77,121,13084,23613,13155,23794,true,rp1:e8c41aad47ae0b7a4a90af5a81e533ed,d2l-en,d2l-en/files/chapter_appendix-tools-for-deep-learning/utils.md,G0-FENCE-CLOSER-REMOVE|d2l-en/files/chapter_appendix-tools-for-deep-learning/utils.md|code_block_fenced#22@29174-29852,break_restore_pair,0,BREAK,E4_FENCE_OPEN_CLOSE,middle|late,0.649552,close_break,44914,3,29849,29852,0,44914,39,4363,0,0,0,43880,0.976978,0.615576,0
edit_write,c9998294249710e88934b381a25b7f66b58d082503f35798baa5a88dfcf80d25,H0,43,55,52646,70721,52689,70762,true,rp1:e8c41aad47ae0b7a4a90af5a81e533ed,d2l-en,d2l-en/files/chapter_appendix-tools-for-deep-learning/utils.md,G0-FENCE-CLOSER-REMOVE|d2l-en/files/chapter_appendix-tools-for-deep-learning/utils.md|code_block_fenced#22@29174-29852,break_restore_pair,0,BREAK,E4_FENCE_OPEN_CLOSE,middle|late,0.649552,close_break,44914,3,29849,29852,0,44914,39,4363,0,0,0,43880,0.976978,0.615576,0
edit_write,c9998294249710e88934b381a25b7f66b58d082503f35798baa5a88dfcf80d25,H3,1498,1661,10305,21544,11828,23173,true,rp1:e8c41aad47ae0b7a4a90af5a81e533ed,d2l-en,d2l-en/files/chapter_appendix-tools-for-deep-learning/utils.md,G0-FENCE-CLOSER-REMOVE|d2l-en/files/chapter_appendix-tools-for-deep-learning/utils.md|code_block_fenced#22@29174-29852,break_restore_pair,0,BREAK,E4_FENCE_OPEN_CLOSE,middle|late,0.649552,close_break,44914,3,29849,29852,0,44914,39,4363,0,0,0,43880,0.976978,0.615576,0
edit_write,c9998294249710e88934b381a25b7f66b58d082503f35798baa5a88dfcf80d25,H4,221,241,7627,8222,7849,8463,true,rp1:e8c41aad47ae0b7a4a90af5a81e533ed,d2l-en,d2l-en/files/chapter_appendix-tools-for-deep-learning/utils.md,G0-FENCE-CLOSER-REMOVE|d2l-en/files/chapter_appendix-tools-for-deep-learning/utils.md|code_block_fenced#22@29174-29852,break_restore_pair,0,BREAK,E4_FENCE_OPEN_CLOSE,middle|late,0.649552,close_break,44914,3,29849,29852,0,44914,39,4363,0,0,0,43880,0.976978,0.615576,0
edit_write,ca1ec7dd18dd14437d76f8330475954a1ed0a65a55ca40e782296b725aa3bcc9,H1,43,49,45996,51924,46036,51961,false,rp1:5afd0cd8e17c16c986e3ff81168107f2,rust-book,rust-book/files/src/appendix-06-translation.md,G0-LOCAL-TEXT-REPLACE-EQ|rust-book/files/src/appendix-06-translation.md|text#22@1043-1052,single_step,0,SINGLE,E1_LOCAL_TEXT,middle,0.523857,replace_eq,1991,4,1043,1047,4,1991,28,167,2,1,1,0,0,0,1.028629
edit_write,ca1ec7dd18dd14437d76f8330475954a1ed0a65a55ca40e782296b725aa3bcc9,H2,95,128,37361,40546,37442,40702,false,rp1:5afd0cd8e17c16c986e3ff81168107f2,rust-book,rust-book/files/src/appendix-06-translation.md,G0-LOCAL-TEXT-REPLACE-EQ|rust-book/files/src/appendix-06-translation.md|text#22@1043-1052,single_step,0,SINGLE,E1_LOCAL_TEXT,middle,0.523857,replace_eq,1991,4,1043,1047,4,1991,28,167,2,1,1,0,0,0,1.028629
edit_write,ca1ec7dd18dd14437d76f8330475954a1ed0a65a55ca40e782296b725aa3bcc9,H0,46,53,23280,29512,23328,29550,false,rp1:5afd0cd8e17c16c986e3ff81168107f2,rust-book,rust-book/files/src/appendix-06-translation.md,G0-LOCAL-TEXT-REPLACE-EQ|rust-book/files/src/appendix-06-translation.md|text#22@1043-1052,single_step,0,SINGLE,E1_LOCAL_TEXT,middle,0.523857,replace_eq,1991,4,1043,1047,4,1991,28,167,2,1,1,0,0,0,1.028629
edit_write,ca1ec7dd18dd14437d76f8330475954a1ed0a65a55ca40e782296b725aa3bcc9,H3,2377,2686,36982,39527,39137,43230,false,rp1:5afd0cd8e17c16c986e3ff81168107f2,rust-book,rust-book/files/src/appendix-06-translation.md,G0-LOCAL-TEXT-REPLACE-EQ|rust-book/files/src/appendix-06-translation.md|text#22@1043-1052,single_step,0,SINGLE,E1_LOCAL_TEXT,middle,0.523857,replace_eq,1991,4,1043,1047,4,1991,28,167,2,1,1,0,0,0,1.028629
edit_write,ca1ec7dd18dd14437d76f8330475954a1ed0a65a55ca40e782296b725aa3bcc9,H4,355,404,34330,38063,34670,38467,false,rp1:5afd0cd8e17c16c986e3ff81168107f2,rust-book,rust-book/files/src/appendix-06-translation.md,G0-LOCAL-TEXT-REPLACE-EQ|rust-book/files/src/appendix-06-translation.md|text#22@1043-1052,single_step,0,SINGLE,E1_LOCAL_TEXT,middle,0.523857,replace_eq,1991,4,1043,1047,4,1991,28,167,2,1,1,0,0,0,1.028629
edit_write,cab3e9e757a9fff962ffd957dc518218273cf9864a98178becb18d8a42d9655b,H1,62,79,10909,11463,10942,11538,false,rp1:f929275ec6352821e07f90ded6e27605,owasp-cheatsheets,owasp-cheatsheets/files/cheatsheets/Email_Validation_and_Verification_Cheat_Sheet.md,G0-LINK-DEST-BREAK|owasp-cheatsheets/files/cheatsheets/Email_Validation_and_Verification_Cheat_Sheet.md|link_inline#0@4933-4990,single_step,0,SINGLE,E5_INLINE_DELIMITER,early|middle|late,0.961786,destination_break,5129,1,4944,4944,1,5129,98,247,4,0,0,0,0,0,0
edit_write,cab3e9e757a9fff962ffd957dc518218273cf9864a98178becb18d8a42d9655b,H2,105,134,17137,17652,17254,17758,false,rp1:f929275ec6352821e07f90ded6e27605,owasp-cheatsheets,owasp-cheatsheets/files/cheatsheets/Email_Validation_and_Verification_Cheat_Sheet.md,G0-LINK-DEST-BREAK|owasp-cheatsheets/files/cheatsheets/Email_Validation_and_Verification_Cheat_Sheet.md|link_inline#0@4933-4990,single_step,0,SINGLE,E5_INLINE_DELIMITER,early|middle|late,0.961786,destination_break,5129,1,4944,4944,1,5129,98,247,4,0,0,0,0,0,0
edit_write,cab3e9e757a9fff962ffd957dc518218273cf9864a98178becb18d8a42d9655b,H0,35,50,55103,59514,55138,59549,false,rp1:f929275ec6352821e07f90ded6e27605,owasp-cheatsheets,owasp-cheatsheets/files/cheatsheets/Email_Validation_and_Verification_Cheat_Sheet.md,G0-LINK-DEST-BREAK|owasp-cheatsheets/files/cheatsheets/Email_Validation_and_Verification_Cheat_Sheet.md|link_inline#0@4933-4990,single_step,0,SINGLE,E5_INLINE_DELIMITER,early|middle|late,0.961786,destination_break,5129,1,4944,4944,1,5129,98,247,4,0,0,0,0,0,0
edit_write,cab3e9e757a9fff962ffd957dc518218273cf9864a98178becb18d8a42d9655b,H3,3021,3315,12931,15048,15961,20322,false,rp1:f929275ec6352821e07f90ded6e27605,owasp-cheatsheets,owasp-cheatsheets/files/cheatsheets/Email_Validation_and_Verification_Cheat_Sheet.md,G0-LINK-DEST-BREAK|owasp-cheatsheets/files/cheatsheets/Email_Validation_and_Verification_Cheat_Sheet.md|link_inline#0@4933-4990,single_step,0,SINGLE,E5_INLINE_DELIMITER,early|middle|late,0.961786,destination_break,5129,1,4944,4944,1,5129,98,247,4,0,0,0,0,0,0
edit_write,cab3e9e757a9fff962ffd957dc518218273cf9864a98178becb18d8a42d9655b,H4,427,468,10492,11221,10935,11655,false,rp1:f929275ec6352821e07f90ded6e27605,owasp-cheatsheets,owasp-cheatsheets/files/cheatsheets/Email_Validation_and_Verification_Cheat_Sheet.md,G0-LINK-DEST-BREAK|owasp-cheatsheets/files/cheatsheets/Email_Validation_and_Verification_Cheat_Sheet.md|link_inline#0@4933-4990,single_step,0,SINGLE,E5_INLINE_DELIMITER,early|middle|late,0.961786,destination_break,5129,1,4944,4944,1,5129,98,247,4,0,0,0,0,0,0
edit_write,cada35f8a7ed2b2c18f357de8e562d411f5b1c65cdd3912246d23376d1a24dec,H1,43,47,25244,29346,25289,29388,false,rp1:1b7c7c0b5b09e14dda6b9820ce83f52f,myst-parser,myst-parser/files/docs/develop/contributing.md,G0-REFDEF-REMOVE|myst-parser/files/docs/develop/contributing.md|reference_definition#4@2458-2537,break_restore_pair,0,BREAK,E6_REFERENCE_DEFINITION,late,0.901357,definition_remove,2727,80,2458,2538,0,2727,30,321,0,8,4,337,0.123579,2.628530,4.506051
edit_write,cada35f8a7ed2b2c18f357de8e562d411f5b1c65cdd3912246d23376d1a24dec,H2,90,122,24219,30643,24280,30705,false,rp1:1b7c7c0b5b09e14dda6b9820ce83f52f,myst-parser,myst-parser/files/docs/develop/contributing.md,G0-REFDEF-REMOVE|myst-parser/files/docs/develop/contributing.md|reference_definition#4@2458-2537,break_restore_pair,0,BREAK,E6_REFERENCE_DEFINITION,late,0.901357,definition_remove,2727,80,2458,2538,0,2727,30,321,0,8,4,337,0.123579,2.628530,4.506051
edit_write,cada35f8a7ed2b2c18f357de8e562d411f5b1c65cdd3912246d23376d1a24dec,H0,33,51,15366,16987,15397,17036,false,rp1:1b7c7c0b5b09e14dda6b9820ce83f52f,myst-parser,myst-parser/files/docs/develop/contributing.md,G0-REFDEF-REMOVE|myst-parser/files/docs/develop/contributing.md|reference_definition#4@2458-2537,break_restore_pair,0,BREAK,E6_REFERENCE_DEFINITION,late,0.901357,definition_remove,2727,80,2458,2538,0,2727,30,321,0,8,4,337,0.123579,2.628530,4.506051
edit_write,cada35f8a7ed2b2c18f357de8e562d411f5b1c65cdd3912246d23376d1a24dec,H3,1621,1851,24448,37378,26042,39113,false,rp1:1b7c7c0b5b09e14dda6b9820ce83f52f,myst-parser,myst-parser/files/docs/develop/contributing.md,G0-REFDEF-REMOVE|myst-parser/files/docs/develop/contributing.md|reference_definition#4@2458-2537,break_restore_pair,0,BREAK,E6_REFERENCE_DEFINITION,late,0.901357,definition_remove,2727,80,2458,2538,0,2727,30,321,0,8,4,337,0.123579,2.628530,4.506051
edit_write,cada35f8a7ed2b2c18f357de8e562d411f5b1c65cdd3912246d23376d1a24dec,H4,311,358,24621,35709,24940,36062,false,rp1:1b7c7c0b5b09e14dda6b9820ce83f52f,myst-parser,myst-parser/files/docs/develop/contributing.md,G0-REFDEF-REMOVE|myst-parser/files/docs/develop/contributing.md|reference_definition#4@2458-2537,break_restore_pair,0,BREAK,E6_REFERENCE_DEFINITION,late,0.901357,definition_remove,2727,80,2458,2538,0,2727,30,321,0,8,4,337,0.123579,2.628530,4.506051
edit_write,caed28a0f1f75a39fc323ba021c99eaef59b0b000fc1b5d7d1581ff0405c2983,H1,43,51,9177,9623,9222,9657,false,rp1:c7d9c3a18894d559646187049896236f,d2l-en,d2l-en/files/chapter_appendix-tools-for-deep-learning/utils.md,G0-CODESPAN-DELIM-BREAK|d2l-en/files/chapter_appendix-tools-for-deep-learning/utils.md|code_span#0@149-160,break_restore_pair,0,BREAK,E5_INLINE_DELIMITER,early|middle|late,0.003317,delimiter_break,44914,1,149,150,0,44914,39,4363,0,0,0,43880,0.976978,0.615576,0
edit_write,caed28a0f1f75a39fc323ba021c99eaef59b0b000fc1b5d7d1581ff0405c2983,H2,74,115,9352,9872,9409,9983,false,rp1:c7d9c3a18894d559646187049896236f,d2l-en,d2l-en/files/chapter_appendix-tools-for-deep-learning/utils.md,G0-CODESPAN-DELIM-BREAK|d2l-en/files/chapter_appendix-tools-for-deep-learning/utils.md|code_span#0@149-160,break_restore_pair,0,BREAK,E5_INLINE_DELIMITER,early|middle|late,0.003317,delimiter_break,44914,1,149,150,0,44914,39,4363,0,0,0,43880,0.976978,0.615576,0
edit_write,caed28a0f1f75a39fc323ba021c99eaef59b0b000fc1b5d7d1581ff0405c2983,H0,40,51,52919,61077,52967,61119,false,rp1:c7d9c3a18894d559646187049896236f,d2l-en,d2l-en/files/chapter_appendix-tools-for-deep-learning/utils.md,G0-CODESPAN-DELIM-BREAK|d2l-en/files/chapter_appendix-tools-for-deep-learning/utils.md|code_span#0@149-160,break_restore_pair,0,BREAK,E5_INLINE_DELIMITER,early|middle|late,0.003317,delimiter_break,44914,1,149,150,0,44914,39,4363,0,0,0,43880,0.976978,0.615576,0
edit_write,caed28a0f1f75a39fc323ba021c99eaef59b0b000fc1b5d7d1581ff0405c2983,H3,1243,1418,7860,8451,9182,9835,false,rp1:c7d9c3a18894d559646187049896236f,d2l-en,d2l-en/files/chapter_appendix-tools-for-deep-learning/utils.md,G0-CODESPAN-DELIM-BREAK|d2l-en/files/chapter_appendix-tools-for-deep-learning/utils.md|code_span#0@149-160,break_restore_pair,0,BREAK,E5_INLINE_DELIMITER,early|middle|late,0.003317,delimiter_break,44914,1,149,150,0,44914,39,4363,0,0,0,43880,0.976978,0.615576,0
edit_write,caed28a0f1f75a39fc323ba021c99eaef59b0b000fc1b5d7d1581ff0405c2983,H4,272,305,4427,4932,4717,5161,false,rp1:c7d9c3a18894d559646187049896236f,d2l-en,d2l-en/files/chapter_appendix-tools-for-deep-learning/utils.md,G0-CODESPAN-DELIM-BREAK|d2l-en/files/chapter_appendix-tools-for-deep-learning/utils.md|code_span#0@149-160,break_restore_pair,0,BREAK,E5_INLINE_DELIMITER,early|middle|late,0.003317,delimiter_break,44914,1,149,150,0,44914,39,4363,0,0,0,43880,0.976978,0.615576,0
edit_write,caf839f03565e3628f29f96868c449c0240d514d8825df919c171790c9ac44bb,H1,43,50,48328,60543,48399,60586,false,rp1:348ee90ba0bbd192618bf24483713b9a,rust-book,rust-book/files/src/appendix-06-translation.md,G0-PARAGRAPH-SPLIT|rust-book/files/src/appendix-06-translation.md|paragraph#23@1798-1857,single_step,0,SINGLE,E2_PARAGRAPH_SPLIT_MERGE,late,0.903064,split,1991,2,1806,1807,2,1991,28,167,2,1,1,0,0,0,1.028629
edit_write,caf839f03565e3628f29f96868c449c0240d514d8825df919c171790c9ac44bb,H2,106,126,40035,52114,40144,52202,false,rp1:348ee90ba0bbd192618bf24483713b9a,rust-book,rust-book/files/src/appendix-06-translation.md,G0-PARAGRAPH-SPLIT|rust-book/files/src/appendix-06-translation.md|paragraph#23@1798-1857,single_step,0,SINGLE,E2_PARAGRAPH_SPLIT_MERGE,late,0.903064,split,1991,2,1806,1807,2,1991,28,167,2,1,1,0,0,0,1.028629
edit_write,caf839f03565e3628f29f96868c449c0240d514d8825df919c171790c9ac44bb,H0,37,41,23882,25456,23908,25499,false,rp1:348ee90ba0bbd192618bf24483713b9a,rust-book,rust-book/files/src/appendix-06-translation.md,G0-PARAGRAPH-SPLIT|rust-book/files/src/appendix-06-translation.md|paragraph#23@1798-1857,single_step,0,SINGLE,E2_PARAGRAPH_SPLIT_MERGE,late,0.903064,split,1991,2,1806,1807,2,1991,28,167,2,1,1,0,0,0,1.028629
edit_write,caf839f03565e3628f29f96868c449c0240d514d8825df919c171790c9ac44bb,H3,2939,3175,40120,51451,43213,54327,false,rp1:348ee90ba0bbd192618bf24483713b9a,rust-book,rust-book/files/src/appendix-06-translation.md,G0-PARAGRAPH-SPLIT|rust-book/files/src/appendix-06-translation.md|paragraph#23@1798-1857,single_step,0,SINGLE,E2_PARAGRAPH_SPLIT_MERGE,late,0.903064,split,1991,2,1806,1807,2,1991,28,167,2,1,1,0,0,0,1.028629
edit_write,caf839f03565e3628f29f96868c449c0240d514d8825df919c171790c9ac44bb,H4,337,393,34779,38103,35131,38456,false,rp1:348ee90ba0bbd192618bf24483713b9a,rust-book,rust-book/files/src/appendix-06-translation.md,G0-PARAGRAPH-SPLIT|rust-book/files/src/appendix-06-translation.md|paragraph#23@1798-1857,single_step,0,SINGLE,E2_PARAGRAPH_SPLIT_MERGE,late,0.903064,split,1991,2,1806,1807,2,1991,28,167,2,1,1,0,0,0,1.028629
edit_write,cb96e25707d3eb023ef99d1349be41fa73faee04e7e449d49518c1aa824e9ef1,H1,44,52,30596,32385,30649,32425,false,rp1:a9ebfa5400b8be44059c466b9122ba01,oci-image,oci-image/files/HACKING.md,G0-PARAGRAPH-MERGE|oci-image/files/HACKING.md|paragraph#2@266-280,single_step,0,SINGLE,E2_PARAGRAPH_SPLIT_MERGE,early,0.143242,merge,1857,2,264,266,1,1857,48,139,2,3,3,139,0.074852,4.411416,3.308562
edit_write,cb96e25707d3eb023ef99d1349be41fa73faee04e7e449d49518c1aa824e9ef1,H2,83,112,12129,12879,12202,12985,false,rp1:a9ebfa5400b8be44059c466b9122ba01,oci-image,oci-image/files/HACKING.md,G0-PARAGRAPH-MERGE|oci-image/files/HACKING.md|paragraph#2@266-280,single_step,0,SINGLE,E2_PARAGRAPH_SPLIT_MERGE,early,0.143242,merge,1857,2,264,266,1,1857,48,139,2,3,3,139,0.074852,4.411416,3.308562
edit_write,cb96e25707d3eb023ef99d1349be41fa73faee04e7e449d49518c1aa824e9ef1,H0,36,48,17049,22334,17086,22369,false,rp1:a9ebfa5400b8be44059c466b9122ba01,oci-image,oci-image/files/HACKING.md,G0-PARAGRAPH-MERGE|oci-image/files/HACKING.md|paragraph#2@266-280,single_step,0,SINGLE,E2_PARAGRAPH_SPLIT_MERGE,early,0.143242,merge,1857,2,264,266,1,1857,48,139,2,3,3,139,0.074852,4.411416,3.308562
edit_write,cb96e25707d3eb023ef99d1349be41fa73faee04e7e449d49518c1aa824e9ef1,H3,1555,1721,9253,9883,10765,11526,false,rp1:a9ebfa5400b8be44059c466b9122ba01,oci-image,oci-image/files/HACKING.md,G0-PARAGRAPH-MERGE|oci-image/files/HACKING.md|paragraph#2@266-280,single_step,0,SINGLE,E2_PARAGRAPH_SPLIT_MERGE,early,0.143242,merge,1857,2,264,266,1,1857,48,139,2,3,3,139,0.074852,4.411416,3.308562
edit_write,cb96e25707d3eb023ef99d1349be41fa73faee04e7e449d49518c1aa824e9ef1,H4,252,300,5185,5808,5451,6085,false,rp1:a9ebfa5400b8be44059c466b9122ba01,oci-image,oci-image/files/HACKING.md,G0-PARAGRAPH-MERGE|oci-image/files/HACKING.md|paragraph#2@266-280,single_step,0,SINGLE,E2_PARAGRAPH_SPLIT_MERGE,early,0.143242,merge,1857,2,264,266,1,1857,48,139,2,3,3,139,0.074852,4.411416,3.308562
edit_write,cc0b66344680a24a0af14933bc7d76d1a4ba2ffded520f4bb706650498e06625,H1,40,55,7680,8339,7727,8406,false,rp1:45ff48737598e0b7c12565b6625713af,d2l-en,d2l-en/files/chapter_appendix-tools-for-deep-learning/utils.md,G0-LOCAL-TEXT-REPLACE-EQ|d2l-en/files/chapter_appendix-tools-for-deep-learning/utils.md|text#6@4513-4530,single_step,0,SINGLE,E1_LOCAL_TEXT,early,0.100481,replace_eq,44914,8,4521,4529,8,44914,39,4363,0,0,0,43880,0.976978,0.615576,0
edit_write,cc0b66344680a24a0af14933bc7d76d1a4ba2ffded520f4bb706650498e06625,H2,87,125,10065,10689,10148,10761,false,rp1:45ff48737598e0b7c12565b6625713af,d2l-en,d2l-en/files/chapter_appendix-tools-for-deep-learning/utils.md,G0-LOCAL-TEXT-REPLACE-EQ|d2l-en/files/chapter_appendix-tools-for-deep-learning/utils.md|text#6@4513-4530,single_step,0,SINGLE,E1_LOCAL_TEXT,early,0.100481,replace_eq,44914,8,4521,4529,8,44914,39,4363,0,0,0,43880,0.976978,0.615576,0
edit_write,cc0b66344680a24a0af14933bc7d76d1a4ba2ffded520f4bb706650498e06625,H0,38,55,52803,64686,52835,64728,false,rp1:45ff48737598e0b7c12565b6625713af,d2l-en,d2l-en/files/chapter_appendix-tools-for-deep-learning/utils.md,G0-LOCAL-TEXT-REPLACE-EQ|d2l-en/files/chapter_appendix-tools-for-deep-learning/utils.md|text#6@4513-4530,single_step,0,SINGLE,E1_LOCAL_TEXT,early,0.100481,replace_eq,44914,8,4521,4529,8,44914,39,4363,0,0,0,43880,0.976978,0.615576,0
edit_write,cc0b66344680a24a0af14933bc7d76d1a4ba2ffded520f4bb706650498e06625,H3,1265,1441,7369,8265,8661,9607,false,rp1:45ff48737598e0b7c12565b6625713af,d2l-en,d2l-en/files/chapter_appendix-tools-for-deep-learning/utils.md,G0-LOCAL-TEXT-REPLACE-EQ|d2l-en/files/chapter_appendix-tools-for-deep-learning/utils.md|text#6@4513-4530,single_step,0,SINGLE,E1_LOCAL_TEXT,early,0.100481,replace_eq,44914,8,4521,4529,8,44914,39,4363,0,0,0,43880,0.976978,0.615576,0
edit_write,cc0b66344680a24a0af14933bc7d76d1a4ba2ffded520f4bb706650498e06625,H4,207,252,4566,5161,4804,5371,false,rp1:45ff48737598e0b7c12565b6625713af,d2l-en,d2l-en/files/chapter_appendix-tools-for-deep-learning/utils.md,G0-LOCAL-TEXT-REPLACE-EQ|d2l-en/files/chapter_appendix-tools-for-deep-learning/utils.md|text#6@4513-4530,single_step,0,SINGLE,E1_LOCAL_TEXT,early,0.100481,replace_eq,44914,8,4521,4529,8,44914,39,4363,0,0,0,43880,0.976978,0.615576,0
edit_write,cc346a5d361368cc28a56734a9ba91e2ba38b8a0468d5d4f51ecbd09703aa5b4,H1,44,52,15318,16306,15364,16368,false,rp1:1682d43d24e636f28362333b70e8bf0c,d2l-en,d2l-en/files/chapter_installation/index.md,G0-CODESPAN-DELIM-BREAK|d2l-en/files/chapter_installation/index.md|code_span#0@22-41,break_restore_pair,0,BREAK,E5_INLINE_DELIMITER,early,0.003610,delimiter_break,6094,1,22,23,0,6094,60,589,0,0,0,1227,0.201346,2.856580,0
edit_write,cc346a5d361368cc28a56734a9ba91e2ba38b8a0468d5d4f51ecbd09703aa5b4,H2,63,72,11503,12535,11570,12600,false,rp1:1682d43d24e636f28362333b70e8bf0c,d2l-en,d2l-en/files/chapter_installation/index.md,G0-CODESPAN-DELIM-BREAK|d2l-en/files/chapter_installation/index.md|code_span#0@22-41,break_restore_pair,0,BREAK,E5_INLINE_DELIMITER,early,0.003610,delimiter_break,6094,1,22,23,0,6094,60,589,0,0,0,1227,0.201346,2.856580,0
edit_write,cc346a5d361368cc28a56734a9ba91e2ba38b8a0468d5d4f51ecbd09703aa5b4,H0,36,50,31236,44867,31267,44904,false,rp1:1682d43d24e636f28362333b70e8bf0c,d2l-en,d2l-en/files/chapter_installation/index.md,G0-CODESPAN-DELIM-BREAK|d2l-en/files/chapter_installation/index.md|code_span#0@22-41,break_restore_pair,0,BREAK,E5_INLINE_DELIMITER,early,0.003610,delimiter_break,6094,1,22,23,0,6094,60,589,0,0,0,1227,0.201346,2.856580,0
edit_write,cc346a5d361368cc28a56734a9ba91e2ba38b8a0468d5d4f51ecbd09703aa5b4,H3,1687,1877,8447,9117,10083,10940,false,rp1:1682d43d24e636f28362333b70e8bf0c,d2l-en,d2l-en/files/chapter_installation/index.md,G0-CODESPAN-DELIM-BREAK|d2l-en/files/chapter_installation/index.md|code_span#0@22-41,break_restore_pair,0,BREAK,E5_INLINE_DELIMITER,early,0.003610,delimiter_break,6094,1,22,23,0,6094,60,589,0,0,0,1227,0.201346,2.856580,0
edit_write,cc346a5d361368cc28a56734a9ba91e2ba38b8a0468d5d4f51ecbd09703aa5b4,H4,372,432,5814,6330,6175,6758,false,rp1:1682d43d24e636f28362333b70e8bf0c,d2l-en,d2l-en/files/chapter_installation/index.md,G0-CODESPAN-DELIM-BREAK|d2l-en/files/chapter_installation/index.md|code_span#0@22-41,break_restore_pair,0,BREAK,E5_INLINE_DELIMITER,early,0.003610,delimiter_break,6094,1,22,23,0,6094,60,589,0,0,0,1227,0.201346,2.856580,0
edit_write,cc429df8592f99d0e08c50855b32dae2202cf269096a2632a20775f8c99c0e91,H1,46,53,30935,42023,30974,42070,false,rp1:00cade463ec356bb17b4f635b61309ca,oci-image,oci-image/files/HACKING.md,G0-PARAGRAPH-MERGE|oci-image/files/HACKING.md|paragraph#24@1656-1670,single_step,0,SINGLE,E2_PARAGRAPH_SPLIT_MERGE,late,0.891761,merge,1857,2,1654,1656,1,1857,48,139,2,3,3,139,0.074852,4.411416,3.308562
edit_write,cc429df8592f99d0e08c50855b32dae2202cf269096a2632a20775f8c99c0e91,H2,82,115,12566,13800,12650,13878,false,rp1:00cade463ec356bb17b4f635b61309ca,oci-image,oci-image/files/HACKING.md,G0-PARAGRAPH-MERGE|oci-image/files/HACKING.md|paragraph#24@1656-1670,single_step,0,SINGLE,E2_PARAGRAPH_SPLIT_MERGE,late,0.891761,merge,1857,2,1654,1656,1,1857,48,139,2,3,3,139,0.074852,4.411416,3.308562
edit_write,cc429df8592f99d0e08c50855b32dae2202cf269096a2632a20775f8c99c0e91,H0,34,39,17008,18052,17042,18091,false,rp1:00cade463ec356bb17b4f635b61309ca,oci-image,oci-image/files/HACKING.md,G0-PARAGRAPH-MERGE|oci-image/files/HACKING.md|paragraph#24@1656-1670,single_step,0,SINGLE,E2_PARAGRAPH_SPLIT_MERGE,late,0.891761,merge,1857,2,1654,1656,1,1857,48,139,2,3,3,139,0.074852,4.411416,3.308562
edit_write,cc429df8592f99d0e08c50855b32dae2202cf269096a2632a20775f8c99c0e91,H3,1631,1837,9613,10459,11284,12274,false,rp1:00cade463ec356bb17b4f635b61309ca,oci-image,oci-image/files/HACKING.md,G0-PARAGRAPH-MERGE|oci-image/files/HACKING.md|paragraph#24@1656-1670,single_step,0,SINGLE,E2_PARAGRAPH_SPLIT_MERGE,late,0.891761,merge,1857,2,1654,1656,1,1857,48,139,2,3,3,139,0.074852,4.411416,3.308562
edit_write,cc429df8592f99d0e08c50855b32dae2202cf269096a2632a20775f8c99c0e91,H4,229,272,5354,5940,5586,6188,false,rp1:00cade463ec356bb17b4f635b61309ca,oci-image,oci-image/files/HACKING.md,G0-PARAGRAPH-MERGE|oci-image/files/HACKING.md|paragraph#24@1656-1670,single_step,0,SINGLE,E2_PARAGRAPH_SPLIT_MERGE,late,0.891761,merge,1857,2,1654,1656,1,1857,48,139,2,3,3,139,0.074852,4.411416,3.308562
edit_write,cc591e901cba133c8eb261033b0d4ac02569e19e76cd97a0033586af2fa0e82a,H1,42,48,1108,1411,1152,1437,true,rp1:32e906ee103522a8d647f4d5b66ab143,d2l-en,d2l-en/files/chapter_generative-adversarial-networks/index.md,G0-ATX-TO-PARAGRAPH|d2l-en/files/chapter_generative-adversarial-networks/index.md|heading_atx#0@0-33,break_restore_pair,0,BREAK,ATX_HEADING_TOGGLE,early|middle|late,0,marker_remove,89,2,0,2,0,89,3,34,0,0,0,24,0.269663,11.505618,0
edit_write,cc591e901cba133c8eb261033b0d4ac02569e19e76cd97a0033586af2fa0e82a,H2,32,54,1314,1458,1357,1502,false,rp1:32e906ee103522a8d647f4d5b66ab143,d2l-en,d2l-en/files/chapter_generative-adversarial-networks/index.md,G0-ATX-TO-PARAGRAPH|d2l-en/files/chapter_generative-adversarial-networks/index.md|heading_atx#0@0-33,break_restore_pair,0,BREAK,ATX_HEADING_TOGGLE,early|middle|late,0,marker_remove,89,2,0,2,0,89,3,34,0,0,0,24,0.269663,11.505618,0
edit_write,cc591e901cba133c8eb261033b0d4ac02569e19e76cd97a0033586af2fa0e82a,H0,27,34,629,689,656,735,false,rp1:32e906ee103522a8d647f4d5b66ab143,d2l-en,d2l-en/files/chapter_generative-adversarial-networks/index.md,G0-ATX-TO-PARAGRAPH|d2l-en/files/chapter_generative-adversarial-networks/index.md|heading_atx#0@0-33,break_restore_pair,0,BREAK,ATX_HEADING_TOGGLE,early|middle|late,0,marker_remove,89,2,0,2,0,89,3,34,0,0,0,24,0.269663,11.505618,0
edit_write,cc591e901cba133c8eb261033b0d4ac02569e19e76cd97a0033586af2fa0e82a,H3,398,519,1177,1414,1565,1887,false,rp1:32e906ee103522a8d647f4d5b66ab143,d2l-en,d2l-en/files/chapter_generative-adversarial-networks/index.md,G0-ATX-TO-PARAGRAPH|d2l-en/files/chapter_generative-adversarial-networks/index.md|heading_atx#0@0-33,break_restore_pair,0,BREAK,ATX_HEADING_TOGGLE,early|middle|late,0,marker_remove,89,2,0,2,0,89,3,34,0,0,0,24,0.269663,11.505618,0
edit_write,cc591e901cba133c8eb261033b0d4ac02569e19e76cd97a0033586af2fa0e82a,H4,52,77,877,1096,931,1173,false,rp1:32e906ee103522a8d647f4d5b66ab143,d2l-en,d2l-en/files/chapter_generative-adversarial-networks/index.md,G0-ATX-TO-PARAGRAPH|d2l-en/files/chapter_generative-adversarial-networks/index.md|heading_atx#0@0-33,break_restore_pair,0,BREAK,ATX_HEADING_TOGGLE,early|middle|late,0,marker_remove,89,2,0,2,0,89,3,34,0,0,0,24,0.269663,11.505618,0
edit_write,ccbe49adcdc45496737402524812f4189c6d13ce1539af741a6324b023e4309b,H1,43,50,15417,16630,15451,16693,false,rp1:652356bafe974d2ca0c36314ff89f177,rust-book,rust-book/files/src/appendix-05-editions.md,G0-CODESPAN-DELIM-BREAK|rust-book/files/src/appendix-05-editions.md|code_span#3@2997-3008,break_restore_pair,0,BREAK,E5_INLINE_DELIMITER,late,0.974634,delimiter_break,3075,1,2997,2998,0,3075,15,480,2,1,1,0,0,0,0.666016
edit_write,ccbe49adcdc45496737402524812f4189c6d13ce1539af741a6324b023e4309b,H2,75,99,6002,6513,6070,6609,false,rp1:652356bafe974d2ca0c36314ff89f177,rust-book,rust-book/files/src/appendix-05-editions.md,G0-CODESPAN-DELIM-BREAK|rust-book/files/src/appendix-05-editions.md|code_span#3@2997-3008,break_restore_pair,0,BREAK,E5_INLINE_DELIMITER,late,0.974634,delimiter_break,3075,1,2997,2998,0,3075,15,480,2,1,1,0,0,0,0.666016
edit_write,ccbe49adcdc45496737402524812f4189c6d13ce1539af741a6324b023e4309b,H0,38,54,11263,12089,11308,12139,false,rp1:652356bafe974d2ca0c36314ff89f177,rust-book,rust-book/files/src/appendix-05-editions.md,G0-CODESPAN-DELIM-BREAK|rust-book/files/src/appendix-05-editions.md|code_span#3@2997-3008,break_restore_pair,0,BREAK,E5_INLINE_DELIMITER,late,0.974634,delimiter_break,3075,1,2997,2998,0,3075,15,480,2,1,1,0,0,0,0.666016
edit_write,ccbe49adcdc45496737402524812f4189c6d13ce1539af741a6324b023e4309b,H3,935,1132,4677,5097,5611,6259,false,rp1:652356bafe974d2ca0c36314ff89f177,rust-book,rust-book/files/src/appendix-05-editions.md,G0-CODESPAN-DELIM-BREAK|rust-book/files/src/appendix-05-editions.md|code_span#3@2997-3008,break_restore_pair,0,BREAK,E5_INLINE_DELIMITER,late,0.974634,delimiter_break,3075,1,2997,2998,0,3075,15,480,2,1,1,0,0,0,0.666016
edit_write,ccbe49adcdc45496737402524812f4189c6d13ce1539af741a6324b023e4309b,H4,105,142,2826,3286,2960,3416,false,rp1:652356bafe974d2ca0c36314ff89f177,rust-book,rust-book/files/src/appendix-05-editions.md,G0-CODESPAN-DELIM-BREAK|rust-book/files/src/appendix-05-editions.md|code_span#3@2997-3008,break_restore_pair,0,BREAK,E5_INLINE_DELIMITER,late,0.974634,delimiter_break,3075,1,2997,2998,0,3075,15,480,2,1,1,0,0,0,0.666016
edit_write,cd2ecbd46a4c8e03eddcd41e89e404ce533b664282b0fcedd9d6d9cda89de2c6,H1,45,56,30744,32977,30823,33027,false,rp1:7b8d76a55418a7cab4c4d3247365b02c,oci-image,oci-image/files/implementations.md,G0-LIST-ITEM-INDENT|oci-image/files/implementations.md|list_item#1@351-482,break_restore_pair,0,BREAK,E3_CONTAINER_DEPTH,early,0.144981,indent_deepen,2421,2,351,351,2,2421,28,249,4,0,0,0,0,0,0
edit_write,cd2ecbd46a4c8e03eddcd41e89e404ce533b664282b0fcedd9d6d9cda89de2c6,H2,82,117,37828,49346,37887,49406,false,rp1:7b8d76a55418a7cab4c4d3247365b02c,oci-image,oci-image/files/implementations.md,G0-LIST-ITEM-INDENT|oci-image/files/implementations.md|list_item#1@351-482,break_restore_pair,0,BREAK,E3_CONTAINER_DEPTH,early,0.144981,indent_deepen,2421,2,351,351,2,2421,28,249,4,0,0,0,0,0,0
edit_write,cd2ecbd46a4c8e03eddcd41e89e404ce533b664282b0fcedd9d6d9cda89de2c6,H0,45,55,24915,26916,24972,26951,false,rp1:7b8d76a55418a7cab4c4d3247365b02c,oci-image,oci-image/files/implementations.md,G0-LIST-ITEM-INDENT|oci-image/files/implementations.md|list_item#1@351-482,break_restore_pair,0,BREAK,E3_CONTAINER_DEPTH,early,0.144981,indent_deepen,2421,2,351,351,2,2421,28,249,4,0,0,0,0,0,0
edit_write,cd2ecbd46a4c8e03eddcd41e89e404ce533b664282b0fcedd9d6d9cda89de2c6,H3,2409,2584,36776,39075,39170,43481,false,rp1:7b8d76a55418a7cab4c4d3247365b02c,oci-image,oci-image/files/implementations.md,G0-LIST-ITEM-INDENT|oci-image/files/implementations.md|list_item#1@351-482,break_restore_pair,0,BREAK,E3_CONTAINER_DEPTH,early,0.144981,indent_deepen,2421,2,351,351,2,2421,28,249,4,0,0,0,0,0,0
edit_write,cd2ecbd46a4c8e03eddcd41e89e404ce533b664282b0fcedd9d6d9cda89de2c6,H4,407,519,33771,39995,34194,40485,false,rp1:7b8d76a55418a7cab4c4d3247365b02c,oci-image,oci-image/files/implementations.md,G0-LIST-ITEM-INDENT|oci-image/files/implementations.md|list_item#1@351-482,break_restore_pair,0,BREAK,E3_CONTAINER_DEPTH,early,0.144981,indent_deepen,2421,2,351,351,2,2421,28,249,4,0,0,0,0,0,0
edit_write,ce515e1f1c8d2ca39a03fb5b61d497fa2289a528941eb209b240f1391b0a2a79,H1,42,48,15323,16191,15366,16235,false,rp1:d37c33af9f81c46c49badc0dc3c0400d,rust-book,rust-book/files/src/appendix-05-editions.md,G0-CODESPAN-DELIM-BREAK|rust-book/files/src/appendix-05-editions.md|code_span#0@52-63,break_restore_pair,1,RESTORE,E5_INLINE_DELIMITER,,,delimiter_restore,3074,1,52,52,1,3075,15,480,2,1,1,0,0,0,0.666016
edit_write,ce515e1f1c8d2ca39a03fb5b61d497fa2289a528941eb209b240f1391b0a2a79,H2,46,66,4901,5691,4959,5942,false,rp1:d37c33af9f81c46c49badc0dc3c0400d,rust-book,rust-book/files/src/appendix-05-editions.md,G0-CODESPAN-DELIM-BREAK|rust-book/files/src/appendix-05-editions.md|code_span#0@52-63,break_restore_pair,1,RESTORE,E5_INLINE_DELIMITER,,,delimiter_restore,3074,1,52,52,1,3075,15,480,2,1,1,0,0,0,0.666016
edit_write,ce515e1f1c8d2ca39a03fb5b61d497fa2289a528941eb209b240f1391b0a2a79,H0,34,54,11396,12184,11445,12231,false,rp1:d37c33af9f81c46c49badc0dc3c0400d,rust-book,rust-book/files/src/appendix-05-editions.md,G0-CODESPAN-DELIM-BREAK|rust-book/files/src/appendix-05-editions.md|code_span#0@52-63,break_restore_pair,1,RESTORE,E5_INLINE_DELIMITER,,,delimiter_restore,3074,1,52,52,1,3075,15,480,2,1,1,0,0,0,0.666016
edit_write,ce515e1f1c8d2ca39a03fb5b61d497fa2289a528941eb209b240f1391b0a2a79,H3,706,808,3979,4416,4689,5210,false,rp1:d37c33af9f81c46c49badc0dc3c0400d,rust-book,rust-book/files/src/appendix-05-editions.md,G0-CODESPAN-DELIM-BREAK|rust-book/files/src/appendix-05-editions.md|code_span#0@52-63,break_restore_pair,1,RESTORE,E5_INLINE_DELIMITER,,,delimiter_restore,3074,1,52,52,1,3075,15,480,2,1,1,0,0,0,0.666016
edit_write,ce515e1f1c8d2ca39a03fb5b61d497fa2289a528941eb209b240f1391b0a2a79,H4,108,160,2518,2793,2608,2945,false,rp1:d37c33af9f81c46c49badc0dc3c0400d,rust-book,rust-book/files/src/appendix-05-editions.md,G0-CODESPAN-DELIM-BREAK|rust-book/files/src/appendix-05-editions.md|code_span#0@52-63,break_restore_pair,1,RESTORE,E5_INLINE_DELIMITER,,,delimiter_restore,3074,1,52,52,1,3075,15,480,2,1,1,0,0,0,0.666016
edit_write,d0a2203aa2451c26f9c1f910511bd35f908ddec5cd61bcfd575d67400cfec5f5,H1,43,64,9658,10247,9685,10294,false,rp1:207644f29910f120f2c9f681e457dd5d,kubernetes-keps,kubernetes-keps/files/keps/sig-cli/FAQ.md,G0-LOCAL-TEXT-REPLACE-EQ|kubernetes-keps/files/keps/sig-cli/FAQ.md|text#19@1472-1490,single_step,0,SINGLE,E1_LOCAL_TEXT,late,0.901961,replace_eq,1632,8,1477,1485,8,1632,11,362,6,0,0,0,0,0,0
edit_write,d0a2203aa2451c26f9c1f910511bd35f908ddec5cd61bcfd575d67400cfec5f5,H2,63,85,13616,14863,13662,14945,false,rp1:207644f29910f120f2c9f681e457dd5d,kubernetes-keps,kubernetes-keps/files/keps/sig-cli/FAQ.md,G0-LOCAL-TEXT-REPLACE-EQ|kubernetes-keps/files/keps/sig-cli/FAQ.md|text#19@1472-1490,single_step,0,SINGLE,E1_LOCAL_TEXT,late,0.901961,replace_eq,1632,8,1477,1485,8,1632,11,362,6,0,0,0,0,0,0
edit_write,d0a2203aa2451c26f9c1f910511bd35f908ddec5cd61bcfd575d67400cfec5f5,H0,28,44,9076,9722,9102,9746,false,rp1:207644f29910f120f2c9f681e457dd5d,kubernetes-keps,kubernetes-keps/files/keps/sig-cli/FAQ.md,G0-LOCAL-TEXT-REPLACE-EQ|kubernetes-keps/files/keps/sig-cli/FAQ.md|text#19@1472-1490,single_step,0,SINGLE,E1_LOCAL_TEXT,late,0.901961,replace_eq,1632,8,1477,1485,8,1632,11,362,6,0,0,0,0,0,0
edit_write,d0a2203aa2451c26f9c1f910511bd35f908ddec5cd61bcfd575d67400cfec5f5,H3,1574,1788,12880,14061,14454,15671,false,rp1:207644f29910f120f2c9f681e457dd5d,kubernetes-keps,kubernetes-keps/files/keps/sig-cli/FAQ.md,G0-LOCAL-TEXT-REPLACE-EQ|kubernetes-keps/files/keps/sig-cli/FAQ.md|text#19@1472-1490,single_step,0,SINGLE,E1_LOCAL_TEXT,late,0.901961,replace_eq,1632,8,1477,1485,8,1632,11,362,6,0,0,0,0,0,0
edit_write,d0a2203aa2451c26f9c1f910511bd35f908ddec5cd61bcfd575d67400cfec5f5,H4,272,321,10681,11500,10940,11821,false,rp1:207644f29910f120f2c9f681e457dd5d,kubernetes-keps,kubernetes-keps/files/keps/sig-cli/FAQ.md,G0-LOCAL-TEXT-REPLACE-EQ|kubernetes-keps/files/keps/sig-cli/FAQ.md|text#19@1472-1490,single_step,0,SINGLE,E1_LOCAL_TEXT,late,0.901961,replace_eq,1632,8,1477,1485,8,1632,11,362,6,0,0,0,0,0,0
edit_write,d28f2392b87fbb710c62448bd3a886c26915651135eb15cb5737995f62a30b64,H1,41,48,4640,5058,4695,5097,false,rp1:133c7a1f60874a0a322a4fce3e6ebff2,kubernetes-keps,kubernetes-keps/files/keps/sig-cli/FAQ.md,G0-PARAGRAPH-SPLIT|kubernetes-keps/files/keps/sig-cli/FAQ.md|paragraph#1@195-458,single_step,0,SINGLE,E2_PARAGRAPH_SPLIT_MERGE,early,0.119485,split,1632,2,325,326,2,1632,11,362,6,0,0,0,0,0,0
edit_write,d28f2392b87fbb710c62448bd3a886c26915651135eb15cb5737995f62a30b64,H2,58,84,14697,15972,14753,16056,false,rp1:133c7a1f60874a0a322a4fce3e6ebff2,kubernetes-keps,kubernetes-keps/files/keps/sig-cli/FAQ.md,G0-PARAGRAPH-SPLIT|kubernetes-keps/files/keps/sig-cli/FAQ.md|paragraph#1@195-458,single_step,0,SINGLE,E2_PARAGRAPH_SPLIT_MERGE,early,0.119485,split,1632,2,325,326,2,1632,11,362,6,0,0,0,0,0,0
edit_write,d28f2392b87fbb710c62448bd3a886c26915651135eb15cb5737995f62a30b64,H0,32,49,9257,9876,9284,9910,false,rp1:133c7a1f60874a0a322a4fce3e6ebff2,kubernetes-keps,kubernetes-keps/files/keps/sig-cli/FAQ.md,G0-PARAGRAPH-SPLIT|kubernetes-keps/files/keps/sig-cli/FAQ.md|paragraph#1@195-458,single_step,0,SINGLE,E2_PARAGRAPH_SPLIT_MERGE,early,0.119485,split,1632,2,325,326,2,1632,11,362,6,0,0,0,0,0,0
edit_write,d28f2392b87fbb710c62448bd3a886c26915651135eb15cb5737995f62a30b64,H3,712,841,15035,15915,15781,16680,false,rp1:133c7a1f60874a0a322a4fce3e6ebff2,kubernetes-keps,kubernetes-keps/files/keps/sig-cli/FAQ.md,G0-PARAGRAPH-SPLIT|kubernetes-keps/files/keps/sig-cli/FAQ.md|paragraph#1@195-458,single_step,0,SINGLE,E2_PARAGRAPH_SPLIT_MERGE,early,0.119485,split,1632,2,325,326,2,1632,11,362,6,0,0,0,0,0,0
edit_write,d28f2392b87fbb710c62448bd3a886c26915651135eb15cb5737995f62a30b64,H4,198,246,12267,13282,12516,13549,false,rp1:133c7a1f60874a0a322a4fce3e6ebff2,kubernetes-keps,kubernetes-keps/files/keps/sig-cli/FAQ.md,G0-PARAGRAPH-SPLIT|kubernetes-keps/files/keps/sig-cli/FAQ.md|paragraph#1@195-458,single_step,0,SINGLE,E2_PARAGRAPH_SPLIT_MERGE,early,0.119485,split,1632,2,325,326,2,1632,11,362,6,0,0,0,0,0,0
edit_write,d378f080a8c160379b01810e95ff44b867d292c405c44f7c16163c13668947a3,H1,47,57,70008,90081,70049,90122,false,rp1:96459a914b1c6e169fa5e70776098fc1,rust-rfcs,rust-rfcs/files/text/3289-source_replacement_ambiguity.md,G0-REFDEF-REMOVE|rust-rfcs/files/text/3289-source_replacement_ambiguity.md|reference_definition#9@7126-7208,break_restore_pair,1,RESTORE,E6_REFERENCE_DEFINITION,,,definition_restore,7126,83,7126,7126,83,7209,72,301,2,10,2,322,0.044666,0.426134,1.704536
edit_write,d378f080a8c160379b01810e95ff44b867d292c405c44f7c16163c13668947a3,H2,118,156,37043,51103,37154,51217,false,rp1:96459a914b1c6e169fa5e70776098fc1,rust-rfcs,rust-rfcs/files/text/3289-source_replacement_ambiguity.md,G0-REFDEF-REMOVE|rust-rfcs/files/text/3289-source_replacement_ambiguity.md|reference_definition#9@7126-7208,break_restore_pair,1,RESTORE,E6_REFERENCE_DEFINITION,,,definition_restore,7126,83,7126,7126,83,7209,72,301,2,10,2,322,0.044666,0.426134,1.704536
edit_write,d378f080a8c160379b01810e95ff44b867d292c405c44f7c16163c13668947a3,H0,36,50,47873,58865,47909,58902,false,rp1:96459a914b1c6e169fa5e70776098fc1,rust-rfcs,rust-rfcs/files/text/3289-source_replacement_ambiguity.md,G0-REFDEF-REMOVE|rust-rfcs/files/text/3289-source_replacement_ambiguity.md|reference_definition#9@7126-7208,break_restore_pair,1,RESTORE,E6_REFERENCE_DEFINITION,,,definition_restore,7126,83,7126,7126,83,7209,72,301,2,10,2,322,0.044666,0.426134,1.704536
edit_write,d378f080a8c160379b01810e95ff44b867d292c405c44f7c16163c13668947a3,H3,1673,1804,34942,47326,36646,49038,false,rp1:96459a914b1c6e169fa5e70776098fc1,rust-rfcs,rust-rfcs/files/text/3289-source_replacement_ambiguity.md,G0-REFDEF-REMOVE|rust-rfcs/files/text/3289-source_replacement_ambiguity.md|reference_definition#9@7126-7208,break_restore_pair,1,RESTORE,E6_REFERENCE_DEFINITION,,,definition_restore,7126,83,7126,7126,83,7209,72,301,2,10,2,322,0.044666,0.426134,1.704536
edit_write,d378f080a8c160379b01810e95ff44b867d292c405c44f7c16163c13668947a3,H4,324,365,70948,84590,71257,84933,false,rp1:96459a914b1c6e169fa5e70776098fc1,rust-rfcs,rust-rfcs/files/text/3289-source_replacement_ambiguity.md,G0-REFDEF-REMOVE|rust-rfcs/files/text/3289-source_replacement_ambiguity.md|reference_definition#9@7126-7208,break_restore_pair,1,RESTORE,E6_REFERENCE_DEFINITION,,,definition_restore,7126,83,7126,7126,83,7209,72,301,2,10,2,322,0.044666,0.426134,1.704536
edit_write,d3e571f6eb0d9d9818f5aabeafe211bad134f1447b7aac2c68389a3d5638e2b2,H1,44,52,30076,32109,30118,32154,false,rp1:27896ee92cd842950ad757d27485fafb,oci-image,oci-image/files/implementations.md,G0-CODESPAN-DELIM-BREAK|oci-image/files/implementations.md|code_span#0@978-996,break_restore_pair,1,RESTORE,E5_INLINE_DELIMITER,,,delimiter_restore,2420,1,978,978,1,2421,28,249,4,0,0,0,0,0,0
edit_write,d3e571f6eb0d9d9818f5aabeafe211bad134f1447b7aac2c68389a3d5638e2b2,H2,96,129,38479,40774,38563,40863,false,rp1:27896ee92cd842950ad757d27485fafb,oci-image,oci-image/files/implementations.md,G0-CODESPAN-DELIM-BREAK|oci-image/files/implementations.md|code_span#0@978-996,break_restore_pair,1,RESTORE,E5_INLINE_DELIMITER,,,delimiter_restore,2420,1,978,978,1,2421,28,249,4,0,0,0,0,0,0
edit_write,d3e571f6eb0d9d9818f5aabeafe211bad134f1447b7aac2c68389a3d5638e2b2,H0,43,54,24742,36692,24784,36737,false,rp1:27896ee92cd842950ad757d27485fafb,oci-image,oci-image/files/implementations.md,G0-CODESPAN-DELIM-BREAK|oci-image/files/implementations.md|code_span#0@978-996,break_restore_pair,1,RESTORE,E5_INLINE_DELIMITER,,,delimiter_restore,2420,1,978,978,1,2421,28,249,4,0,0,0,0,0,0
edit_write,d3e571f6eb0d9d9818f5aabeafe211bad134f1447b7aac2c68389a3d5638e2b2,H3,3326,3538,37134,39532,40500,43041,false,rp1:27896ee92cd842950ad757d27485fafb,oci-image,oci-image/files/implementations.md,G0-CODESPAN-DELIM-BREAK|oci-image/files/implementations.md|code_span#0@978-996,break_restore_pair,1,RESTORE,E5_INLINE_DELIMITER,,,delimiter_restore,2420,1,978,978,1,2421,28,249,4,0,0,0,0,0,0
edit_write,d3e571f6eb0d9d9818f5aabeafe211bad134f1447b7aac2c68389a3d5638e2b2,H4,434,521,32753,35558,33205,36110,false,rp1:27896ee92cd842950ad757d27485fafb,oci-image,oci-image/files/implementations.md,G0-CODESPAN-DELIM-BREAK|oci-image/files/implementations.md|code_span#0@978-996,break_restore_pair,1,RESTORE,E5_INLINE_DELIMITER,,,delimiter_restore,2420,1,978,978,1,2421,28,249,4,0,0,0,0,0,0
edit_write,d446060d3a406aa10a6fe347c6f905902cc7baef74ff8cfac2eec8ace1284a54,H1,38,49,61427,75157,61464,75200,false,rp1:32dad173c6591e506212e74da5a90caf,d2l-en,d2l-en/files/chapter_appendix-tools-for-deep-learning/utils.md,G0-ATX-TO-PARAGRAPH|d2l-en/files/chapter_appendix-tools-for-deep-learning/utils.md|heading_atx#0@110-141,break_restore_pair,0,BREAK,ATX_HEADING_TOGGLE,early|middle|late,0.002449,marker_remove,44914,2,110,112,0,44914,39,4363,0,0,0,43880,0.976978,0.615576,0
edit_write,d446060d3a406aa10a6fe347c6f905902cc7baef74ff8cfac2eec8ace1284a54,H2,59,78,8932,9585,9001,9657,false,rp1:32dad173c6591e506212e74da5a90caf,d2l-en,d2l-en/files/chapter_appendix-tools-for-deep-learning/utils.md,G0-ATX-TO-PARAGRAPH|d2l-en/files/chapter_appendix-tools-for-deep-learning/utils.md|heading_atx#0@110-141,break_restore_pair,0,BREAK,ATX_HEADING_TOGGLE,early|middle|late,0.002449,marker_remove,44914,2,110,112,0,44914,39,4363,0,0,0,43880,0.976978,0.615576,0
edit_write,d446060d3a406aa10a6fe347c6f905902cc7baef74ff8cfac2eec8ace1284a54,H0,32,60,52601,64046,52633,64070,false,rp1:32dad173c6591e506212e74da5a90caf,d2l-en,d2l-en/files/chapter_appendix-tools-for-deep-learning/utils.md,G0-ATX-TO-PARAGRAPH|d2l-en/files/chapter_appendix-tools-for-deep-learning/utils.md|heading_atx#0@110-141,break_restore_pair,0,BREAK,ATX_HEADING_TOGGLE,early|middle|late,0.002449,marker_remove,44914,2,110,112,0,44914,39,4363,0,0,0,43880,0.976978,0.615576,0
edit_write,d446060d3a406aa10a6fe347c6f905902cc7baef74ff8cfac2eec8ace1284a54,H3,1247,1440,7336,7870,8638,9251,false,rp1:32dad173c6591e506212e74da5a90caf,d2l-en,d2l-en/files/chapter_appendix-tools-for-deep-learning/utils.md,G0-ATX-TO-PARAGRAPH|d2l-en/files/chapter_appendix-tools-for-deep-learning/utils.md|heading_atx#0@110-141,break_restore_pair,0,BREAK,ATX_HEADING_TOGGLE,early|middle|late,0.002449,marker_remove,44914,2,110,112,0,44914,39,4363,0,0,0,43880,0.976978,0.615576,0
edit_write,d446060d3a406aa10a6fe347c6f905902cc7baef74ff8cfac2eec8ace1284a54,H4,213,258,4021,4549,4213,4789,false,rp1:32dad173c6591e506212e74da5a90caf,d2l-en,d2l-en/files/chapter_appendix-tools-for-deep-learning/utils.md,G0-ATX-TO-PARAGRAPH|d2l-en/files/chapter_appendix-tools-for-deep-learning/utils.md|heading_atx#0@110-141,break_restore_pair,0,BREAK,ATX_HEADING_TOGGLE,early|middle|late,0.002449,marker_remove,44914,2,110,112,0,44914,39,4363,0,0,0,43880,0.976978,0.615576,0
edit_write,d4646d4d64ea92bfb6bec92906b20e45b5a13678ed10b71d20339db109189017,H1,45,69,26669,30352,26711,30391,false,rp1:226c256bbb23ac7efdb07c59aa8a0d4f,myst-parser,myst-parser/files/docs/develop/contributing.md,G0-LOCAL-TEXT-REPLACE-EQ|myst-parser/files/docs/develop/contributing.md|text#30@1325-1459,single_step,0,SINGLE,E1_LOCAL_TEXT,middle,0.485882,replace_eq,2727,8,1427,1435,8,2727,30,321,0,8,4,337,0.123579,2.628530,4.506051
edit_write,d4646d4d64ea92bfb6bec92906b20e45b5a13678ed10b71d20339db109189017,H2,79,132,11579,12126,11643,12230,false,rp1:226c256bbb23ac7efdb07c59aa8a0d4f,myst-parser,myst-parser/files/docs/develop/contributing.md,G0-LOCAL-TEXT-REPLACE-EQ|myst-parser/files/docs/develop/contributing.md|text#30@1325-1459,single_step,0,SINGLE,E1_LOCAL_TEXT,middle,0.485882,replace_eq,2727,8,1427,1435,8,2727,30,321,0,8,4,337,0.123579,2.628530,4.506051
edit_write,d4646d4d64ea92bfb6bec92906b20e45b5a13678ed10b71d20339db109189017,H0,36,52,16324,19238,16371,19271,false,rp1:226c256bbb23ac7efdb07c59aa8a0d4f,myst-parser,myst-parser/files/docs/develop/contributing.md,G0-LOCAL-TEXT-REPLACE-EQ|myst-parser/files/docs/develop/contributing.md|text#30@1325-1459,single_step,0,SINGLE,E1_LOCAL_TEXT,middle,0.485882,replace_eq,2727,8,1427,1435,8,2727,30,321,0,8,4,337,0.123579,2.628530,4.506051
edit_write,d4646d4d64ea92bfb6bec92906b20e45b5a13678ed10b71d20339db109189017,H3,1568,1748,8691,10021,10320,11909,false,rp1:226c256bbb23ac7efdb07c59aa8a0d4f,myst-parser,myst-parser/files/docs/develop/contributing.md,G0-LOCAL-TEXT-REPLACE-EQ|myst-parser/files/docs/develop/contributing.md|text#30@1325-1459,single_step,0,SINGLE,E1_LOCAL_TEXT,middle,0.485882,replace_eq,2727,8,1427,1435,8,2727,30,321,0,8,4,337,0.123579,2.628530,4.506051
edit_write,d4646d4d64ea92bfb6bec92906b20e45b5a13678ed10b71d20339db109189017,H4,225,281,6214,6987,6430,7264,false,rp1:226c256bbb23ac7efdb07c59aa8a0d4f,myst-parser,myst-parser/files/docs/develop/contributing.md,G0-LOCAL-TEXT-REPLACE-EQ|myst-parser/files/docs/develop/contributing.md|text#30@1325-1459,single_step,0,SINGLE,E1_LOCAL_TEXT,middle,0.485882,replace_eq,2727,8,1427,1435,8,2727,30,321,0,8,4,337,0.123579,2.628530,4.506051
edit_write,d4c505eff55e5d69bc44a9b3d186bd7e816e1a2f38b14551a5ef64ec24ea3d47,H1,45,69,30502,46062,30554,46119,false,rp1:8b9c1bbf2737ee0fb2cc960cb8bb7a88,oci-image,oci-image/files/HACKING.md,G0-CODESPAN-DELIM-BREAK|oci-image/files/HACKING.md|code_span#0@421-431,break_restore_pair,1,RESTORE,E5_INLINE_DELIMITER,,,delimiter_restore,1856,1,421,421,1,1857,48,139,2,3,3,139,0.074852,4.411416,3.308562
edit_write,d4c505eff55e5d69bc44a9b3d186bd7e816e1a2f38b14551a5ef64ec24ea3d47,H2,83,117,12414,23725,12482,23794,false,rp1:8b9c1bbf2737ee0fb2cc960cb8bb7a88,oci-image,oci-image/files/HACKING.md,G0-CODESPAN-DELIM-BREAK|oci-image/files/HACKING.md|code_span#0@421-431,break_restore_pair,1,RESTORE,E5_INLINE_DELIMITER,,,delimiter_restore,1856,1,421,421,1,1857,48,139,2,3,3,139,0.074852,4.411416,3.308562
edit_write,d4c505eff55e5d69bc44a9b3d186bd7e816e1a2f38b14551a5ef64ec24ea3d47,H0,36,47,17249,18737,17287,18774,false,rp1:8b9c1bbf2737ee0fb2cc960cb8bb7a88,oci-image,oci-image/files/HACKING.md,G0-CODESPAN-DELIM-BREAK|oci-image/files/HACKING.md|code_span#0@421-431,break_restore_pair,1,RESTORE,E5_INLINE_DELIMITER,,,delimiter_restore,1856,1,421,421,1,1857,48,139,2,3,3,139,0.074852,4.411416,3.308562
edit_write,d4c505eff55e5d69bc44a9b3d186bd7e816e1a2f38b14551a5ef64ec24ea3d47,H3,1664,1872,9366,10277,10979,12167,false,rp1:8b9c1bbf2737ee0fb2cc960cb8bb7a88,oci-image,oci-image/files/HACKING.md,G0-CODESPAN-DELIM-BREAK|oci-image/files/HACKING.md|code_span#0@421-431,break_restore_pair,1,RESTORE,E5_INLINE_DELIMITER,,,delimiter_restore,1856,1,421,421,1,1857,48,139,2,3,3,139,0.074852,4.411416,3.308562
edit_write,d4c505eff55e5d69bc44a9b3d186bd7e816e1a2f38b14551a5ef64ec24ea3d47,H4,265,307,5315,5862,5592,6129,false,rp1:8b9c1bbf2737ee0fb2cc960cb8bb7a88,oci-image,oci-image/files/HACKING.md,G0-CODESPAN-DELIM-BREAK|oci-image/files/HACKING.md|code_span#0@421-431,break_restore_pair,1,RESTORE,E5_INLINE_DELIMITER,,,delimiter_restore,1856,1,421,421,1,1857,48,139,2,3,3,139,0.074852,4.411416,3.308562
edit_write,d50a9b74fb38f6574eaf08014abc23d3371c1df61f9be2e68c776b3c1d35d83d,H1,45,57,39851,52804,39901,52858,false,rp1:53957fa687786e1fedf307af6d523ffb,d2l-en,d2l-en/files/chapter_installation/index.md,G0-FENCE-CLOSER-REMOVE|d2l-en/files/chapter_installation/index.md|code_block_fenced#16@5297-5325,break_restore_pair,0,BREAK,E4_FENCE_OPEN_CLOSE,late,0.869216,close_break,6094,3,5322,5325,0,6094,60,589,0,0,0,1227,0.201346,2.856580,0
edit_write,d50a9b74fb38f6574eaf08014abc23d3371c1df61f9be2e68c776b3c1d35d83d,H2,87,116,12680,13511,12764,13591,false,rp1:53957fa687786e1fedf307af6d523ffb,d2l-en,d2l-en/files/chapter_installation/index.md,G0-FENCE-CLOSER-REMOVE|d2l-en/files/chapter_installation/index.md|code_block_fenced#16@5297-5325,break_restore_pair,0,BREAK,E4_FENCE_OPEN_CLOSE,late,0.869216,close_break,6094,3,5322,5325,0,6094,60,589,0,0,0,1227,0.201346,2.856580,0
edit_write,d50a9b74fb38f6574eaf08014abc23d3371c1df61f9be2e68c776b3c1d35d83d,H0,35,44,26472,39140,26508,39187,false,rp1:53957fa687786e1fedf307af6d523ffb,d2l-en,d2l-en/files/chapter_installation/index.md,G0-FENCE-CLOSER-REMOVE|d2l-en/files/chapter_installation/index.md|code_block_fenced#16@5297-5325,break_restore_pair,0,BREAK,E4_FENCE_OPEN_CLOSE,late,0.869216,close_break,6094,3,5322,5325,0,6094,60,589,0,0,0,1227,0.201346,2.856580,0
edit_write,d50a9b74fb38f6574eaf08014abc23d3371c1df61f9be2e68c776b3c1d35d83d,H3,1584,1757,8827,9577,10429,11297,false,rp1:53957fa687786e1fedf307af6d523ffb,d2l-en,d2l-en/files/chapter_installation/index.md,G0-FENCE-CLOSER-REMOVE|d2l-en/files/chapter_installation/index.md|code_block_fenced#16@5297-5325,break_restore_pair,0,BREAK,E4_FENCE_OPEN_CLOSE,late,0.869216,close_break,6094,3,5322,5325,0,6094,60,589,0,0,0,1227,0.201346,2.856580,0
edit_write,d50a9b74fb38f6574eaf08014abc23d3371c1df61f9be2e68c776b3c1d35d83d,H4,284,318,6133,6619,6462,6937,false,rp1:53957fa687786e1fedf307af6d523ffb,d2l-en,d2l-en/files/chapter_installation/index.md,G0-FENCE-CLOSER-REMOVE|d2l-en/files/chapter_installation/index.md|code_block_fenced#16@5297-5325,break_restore_pair,0,BREAK,E4_FENCE_OPEN_CLOSE,late,0.869216,close_break,6094,3,5322,5325,0,6094,60,589,0,0,0,1227,0.201346,2.856580,0
edit_write,d5502cc52c2173802f4aa342217f7333ea54ca238086c96a253ff4568a0a2828,H1,44,48,33737,36133,33771,36176,false,rp1:82c10edd33f803264e72546890724ade,rust-rfcs,rust-rfcs/files/text/1123-str-split-at.md,G0-CODESPAN-DELIM-BREAK|rust-rfcs/files/text/1123-str-split-at.md|code_span#3@356-361,break_restore_pair,0,BREAK,E5_INLINE_DELIMITER,early,0.103760,delimiter_break,3431,1,356,357,0,3431,31,877,2,2,2,866,0.252405,0.298455,1.193821
edit_write,d5502cc52c2173802f4aa342217f7333ea54ca238086c96a253ff4568a0a2828,H2,80,118,8847,9766,8973,9882,false,rp1:82c10edd33f803264e72546890724ade,rust-rfcs,rust-rfcs/files/text/1123-str-split-at.md,G0-CODESPAN-DELIM-BREAK|rust-rfcs/files/text/1123-str-split-at.md|code_span#3@356-361,break_restore_pair,0,BREAK,E5_INLINE_DELIMITER,early,0.103760,delimiter_break,3431,1,356,357,0,3431,31,877,2,2,2,866,0.252405,0.298455,1.193821
edit_write,d5502cc52c2173802f4aa342217f7333ea54ca238086c96a253ff4568a0a2828,H0,32,50,19779,21158,19822,21200,false,rp1:82c10edd33f803264e72546890724ade,rust-rfcs,rust-rfcs/files/text/1123-str-split-at.md,G0-CODESPAN-DELIM-BREAK|rust-rfcs/files/text/1123-str-split-at.md|code_span#3@356-361,break_restore_pair,0,BREAK,E5_INLINE_DELIMITER,early,0.103760,delimiter_break,3431,1,356,357,0,3431,31,877,2,2,2,866,0.252405,0.298455,1.193821
edit_write,d5502cc52c2173802f4aa342217f7333ea54ca238086c96a253ff4568a0a2828,H3,1479,1639,7027,8009,8477,9661,false,rp1:82c10edd33f803264e72546890724ade,rust-rfcs,rust-rfcs/files/text/1123-str-split-at.md,G0-CODESPAN-DELIM-BREAK|rust-rfcs/files/text/1123-str-split-at.md|code_span#3@356-361,break_restore_pair,0,BREAK,E5_INLINE_DELIMITER,early,0.103760,delimiter_break,3431,1,356,357,0,3431,31,877,2,2,2,866,0.252405,0.298455,1.193821
edit_write,d5502cc52c2173802f4aa342217f7333ea54ca238086c96a253ff4568a0a2828,H4,180,207,4692,5086,4865,5271,false,rp1:82c10edd33f803264e72546890724ade,rust-rfcs,rust-rfcs/files/text/1123-str-split-at.md,G0-CODESPAN-DELIM-BREAK|rust-rfcs/files/text/1123-str-split-at.md|code_span#3@356-361,break_restore_pair,0,BREAK,E5_INLINE_DELIMITER,early,0.103760,delimiter_break,3431,1,356,357,0,3431,31,877,2,2,2,866,0.252405,0.298455,1.193821
edit_write,d57572272c305031dc25d72be17c7082fae40f2091bd40fcbd8e2f5022231818,H1,42,57,29335,31413,29373,31472,false,rp1:2bfb595924ebc83f8fb307d91e280237,myst-parser,myst-parser/files/docs/develop/contributing.md,G0-FENCE-CLOSER-REMOVE|myst-parser/files/docs/develop/contributing.md|code_block_fenced#6@2075-2114,break_restore_pair,1,RESTORE,E4_FENCE_OPEN_CLOSE,,,close_restore,2724,3,2111,2111,3,2727,30,321,0,8,4,337,0.123579,2.628530,4.506051
edit_write,d57572272c305031dc25d72be17c7082fae40f2091bd40fcbd8e2f5022231818,H2,73,114,24534,37044,24648,37125,false,rp1:2bfb595924ebc83f8fb307d91e280237,myst-parser,myst-parser/files/docs/develop/contributing.md,G0-FENCE-CLOSER-REMOVE|myst-parser/files/docs/develop/contributing.md|code_block_fenced#6@2075-2114,break_restore_pair,1,RESTORE,E4_FENCE_OPEN_CLOSE,,,close_restore,2724,3,2111,2111,3,2727,30,321,0,8,4,337,0.123579,2.628530,4.506051
edit_write,d57572272c305031dc25d72be17c7082fae40f2091bd40fcbd8e2f5022231818,H0,33,46,16070,17438,16108,17481,false,rp1:2bfb595924ebc83f8fb307d91e280237,myst-parser,myst-parser/files/docs/develop/contributing.md,G0-FENCE-CLOSER-REMOVE|myst-parser/files/docs/develop/contributing.md|code_block_fenced#6@2075-2114,break_restore_pair,1,RESTORE,E4_FENCE_OPEN_CLOSE,,,close_restore,2724,3,2111,2111,3,2727,30,321,0,8,4,337,0.123579,2.628530,4.506051
edit_write,d57572272c305031dc25d72be17c7082fae40f2091bd40fcbd8e2f5022231818,H3,761,871,22920,29455,23671,30232,false,rp1:2bfb595924ebc83f8fb307d91e280237,myst-parser,myst-parser/files/docs/develop/contributing.md,G0-FENCE-CLOSER-REMOVE|myst-parser/files/docs/develop/contributing.md|code_block_fenced#6@2075-2114,break_restore_pair,1,RESTORE,E4_FENCE_OPEN_CLOSE,,,close_restore,2724,3,2111,2111,3,2727,30,321,0,8,4,337,0.123579,2.628530,4.506051
edit_write,d57572272c305031dc25d72be17c7082fae40f2091bd40fcbd8e2f5022231818,H4,169,223,33325,38069,33507,38222,false,rp1:2bfb595924ebc83f8fb307d91e280237,myst-parser,myst-parser/files/docs/develop/contributing.md,G0-FENCE-CLOSER-REMOVE|myst-parser/files/docs/develop/contributing.md|code_block_fenced#6@2075-2114,break_restore_pair,1,RESTORE,E4_FENCE_OPEN_CLOSE,,,close_restore,2724,3,2111,2111,3,2727,30,321,0,8,4,337,0.123579,2.628530,4.506051
edit_write,d6077ad362388f522da55189dd08271cc7e14ce18ec3454f5d3a2ac6f173eba0,H1,43,55,70836,86807,70910,86851,false,rp1:1aa5b633c874e7d457be1d5cbb901e15,rust-rfcs,rust-rfcs/files/text/3289-source_replacement_ambiguity.md,G0-ATX-TO-PARAGRAPH|rust-rfcs/files/text/3289-source_replacement_ambiguity.md|heading_atx#8@3393-3435,break_restore_pair,1,RESTORE,ATX_HEADING_TOGGLE,,,marker_insert,7205,4,3393,3393,4,7209,72,301,2,10,2,322,0.044666,0.426134,1.704536
edit_write,d6077ad362388f522da55189dd08271cc7e14ce18ec3454f5d3a2ac6f173eba0,H2,118,145,25176,31008,25307,31070,false,rp1:1aa5b633c874e7d457be1d5cbb901e15,rust-rfcs,rust-rfcs/files/text/3289-source_replacement_ambiguity.md,G0-ATX-TO-PARAGRAPH|rust-rfcs/files/text/3289-source_replacement_ambiguity.md|heading_atx#8@3393-3435,break_restore_pair,1,RESTORE,ATX_HEADING_TOGGLE,,,marker_insert,7205,4,3393,3393,4,7209,72,301,2,10,2,322,0.044666,0.426134,1.704536
edit_write,d6077ad362388f522da55189dd08271cc7e14ce18ec3454f5d3a2ac6f173eba0,H0,43,56,48700,53182,48729,53218,false,rp1:1aa5b633c874e7d457be1d5cbb901e15,rust-rfcs,rust-rfcs/files/text/3289-source_replacement_ambiguity.md,G0-ATX-TO-PARAGRAPH|rust-rfcs/files/text/3289-source_replacement_ambiguity.md|heading_atx#8@3393-3435,break_restore_pair,1,RESTORE,ATX_HEADING_TOGGLE,,,marker_insert,7205,4,3393,3393,4,7209,72,301,2,10,2,322,0.044666,0.426134,1.704536
edit_write,d6077ad362388f522da55189dd08271cc7e14ce18ec3454f5d3a2ac6f173eba0,H3,2071,2177,21570,33398,23765,36438,false,rp1:1aa5b633c874e7d457be1d5cbb901e15,rust-rfcs,rust-rfcs/files/text/3289-source_replacement_ambiguity.md,G0-ATX-TO-PARAGRAPH|rust-rfcs/files/text/3289-source_replacement_ambiguity.md|heading_atx#8@3393-3435,break_restore_pair,1,RESTORE,ATX_HEADING_TOGGLE,,,marker_insert,7205,4,3393,3393,4,7209,72,301,2,10,2,322,0.044666,0.426134,1.704536
edit_write,d6077ad362388f522da55189dd08271cc7e14ce18ec3454f5d3a2ac6f173eba0,H4,410,457,14582,15676,14992,16109,false,rp1:1aa5b633c874e7d457be1d5cbb901e15,rust-rfcs,rust-rfcs/files/text/3289-source_replacement_ambiguity.md,G0-ATX-TO-PARAGRAPH|rust-rfcs/files/text/3289-source_replacement_ambiguity.md|heading_atx#8@3393-3435,break_restore_pair,1,RESTORE,ATX_HEADING_TOGGLE,,,marker_insert,7205,4,3393,3393,4,7209,72,301,2,10,2,322,0.044666,0.426134,1.704536
edit_write,d6ae01bb10be9373be3537aa84e19572059730a328de85cb276a1a4fbea772a1,H1,45,62,5153,5443,5215,5490,false,rp1:12491a2346bf93733b6c67fe55ae37db,oci-image,oci-image/files/implementations.md,G0-LIST-ITEM-INDENT|oci-image/files/implementations.md|list_item#22@2214-2314,break_restore_pair,0,BREAK,E3_CONTAINER_DEPTH,late,0.914498,indent_deepen,2421,2,2214,2214,2,2421,28,249,4,0,0,0,0,0,0
edit_write,d6ae01bb10be9373be3537aa84e19572059730a328de85cb276a1a4fbea772a1,H2,87,109,7976,18759,8057,18811,false,rp1:12491a2346bf93733b6c67fe55ae37db,oci-image,oci-image/files/implementations.md,G0-LIST-ITEM-INDENT|oci-image/files/implementations.md|list_item#22@2214-2314,break_restore_pair,0,BREAK,E3_CONTAINER_DEPTH,late,0.914498,indent_deepen,2421,2,2214,2214,2,2421,28,249,4,0,0,0,0,0,0
edit_write,d6ae01bb10be9373be3537aa84e19572059730a328de85cb276a1a4fbea772a1,H0,46,60,24875,27422,24926,27478,false,rp1:12491a2346bf93733b6c67fe55ae37db,oci-image,oci-image/files/implementations.md,G0-LIST-ITEM-INDENT|oci-image/files/implementations.md|list_item#22@2214-2314,break_restore_pair,0,BREAK,E3_CONTAINER_DEPTH,late,0.914498,indent_deepen,2421,2,2214,2214,2,2421,28,249,4,0,0,0,0,0,0
edit_write,d6ae01bb10be9373be3537aa84e19572059730a328de85cb276a1a4fbea772a1,H3,1056,1161,6545,6938,7622,8030,false,rp1:12491a2346bf93733b6c67fe55ae37db,oci-image,oci-image/files/implementations.md,G0-LIST-ITEM-INDENT|oci-image/files/implementations.md|list_item#22@2214-2314,break_restore_pair,0,BREAK,E3_CONTAINER_DEPTH,late,0.914498,indent_deepen,2421,2,2214,2214,2,2421,28,249,4,0,0,0,0,0,0
edit_write,d6ae01bb10be9373be3537aa84e19572059730a328de85cb276a1a4fbea772a1,H4,188,258,5266,5871,5524,6182,false,rp1:12491a2346bf93733b6c67fe55ae37db,oci-image,oci-image/files/implementations.md,G0-LIST-ITEM-INDENT|oci-image/files/implementations.md|list_item#22@2214-2314,break_restore_pair,0,BREAK,E3_CONTAINER_DEPTH,late,0.914498,indent_deepen,2421,2,2214,2214,2,2421,28,249,4,0,0,0,0,0,0
edit_write,d7fa8a9d0620b241515ceeebf6c2d2190acdb0da0db529665cbc27d44f676ef5,H1,43,52,69924,87625,69979,87721,false,rp1:3a62ca7908224b9f6993182eee8712e4,oci-image,oci-image/files/considerations.md,G0-LIST-ITEM-INDENT|oci-image/files/considerations.md|list_item#3@642-727,break_restore_pair,1,RESTORE,E3_CONTAINER_DEPTH,,,indent_restore,6290,2,642,644,0,6288,64,530,2,8,8,284,0.045165,1.628499,2.605598
edit_write,d7fa8a9d0620b241515ceeebf6c2d2190acdb0da0db529665cbc27d44f676ef5,H2,102,138,18852,30090,18938,30187,false,rp1:3a62ca7908224b9f6993182eee8712e4,oci-image,oci-image/files/considerations.md,G0-LIST-ITEM-INDENT|oci-image/files/considerations.md|list_item#3@642-727,break_restore_pair,1,RESTORE,E3_CONTAINER_DEPTH,,,indent_restore,6290,2,642,644,0,6288,64,530,2,8,8,284,0.045165,1.628499,2.605598
edit_write,d7fa8a9d0620b241515ceeebf6c2d2190acdb0da0db529665cbc27d44f676ef5,H0,35,52,42282,47964,42345,48014,false,rp1:3a62ca7908224b9f6993182eee8712e4,oci-image,oci-image/files/considerations.md,G0-LIST-ITEM-INDENT|oci-image/files/considerations.md|list_item#3@642-727,break_restore_pair,1,RESTORE,E3_CONTAINER_DEPTH,,,indent_restore,6290,2,642,644,0,6288,64,530,2,8,8,284,0.045165,1.628499,2.605598
edit_write,d7fa8a9d0620b241515ceeebf6c2d2190acdb0da0db529665cbc27d44f676ef5,H3,2524,2747,15294,16933,17773,19557,false,rp1:3a62ca7908224b9f6993182eee8712e4,oci-image,oci-image/files/considerations.md,G0-LIST-ITEM-INDENT|oci-image/files/considerations.md|list_item#3@642-727,break_restore_pair,1,RESTORE,E3_CONTAINER_DEPTH,,,indent_restore,6290,2,642,644,0,6288,64,530,2,8,8,284,0.045165,1.628499,2.605598
edit_write,d7fa8a9d0620b241515ceeebf6c2d2190acdb0da0db529665cbc27d44f676ef5,H4,502,602,10429,10909,10933,11441,false,rp1:3a62ca7908224b9f6993182eee8712e4,oci-image,oci-image/files/considerations.md,G0-LIST-ITEM-INDENT|oci-image/files/considerations.md|list_item#3@642-727,break_restore_pair,1,RESTORE,E3_CONTAINER_DEPTH,,,indent_restore,6290,2,642,644,0,6288,64,530,2,8,8,284,0.045165,1.628499,2.605598
edit_write,d928d2fc2c8c027c3fc004d772f51aa2d56698ac0b338c1c090ca87f7eaa2b4c,H1,43,47,73098,95386,73134,95420,false,rp1:e72af18f13067ef377e065d20b1ea6d6,rust-rfcs,rust-rfcs/files/text/3289-source_replacement_ambiguity.md,G0-CODESPAN-DELIM-BREAK|rust-rfcs/files/text/3289-source_replacement_ambiguity.md|code_span#6@775-786,break_restore_pair,0,BREAK,E5_INLINE_DELIMITER,early,0.107505,delimiter_break,7209,1,775,776,0,7209,72,301,2,10,2,322,0.044666,0.426134,1.704536
edit_write,d928d2fc2c8c027c3fc004d772f51aa2d56698ac0b338c1c090ca87f7eaa2b4c,H2,105,162,26211,27724,26336,27854,false,rp1:e72af18f13067ef377e065d20b1ea6d6,rust-rfcs,rust-rfcs/files/text/3289-source_replacement_ambiguity.md,G0-CODESPAN-DELIM-BREAK|rust-rfcs/files/text/3289-source_replacement_ambiguity.md|code_span#6@775-786,break_restore_pair,0,BREAK,E5_INLINE_DELIMITER,early,0.107505,delimiter_break,7209,1,775,776,0,7209,72,301,2,10,2,322,0.044666,0.426134,1.704536
edit_write,d928d2fc2c8c027c3fc004d772f51aa2d56698ac0b338c1c090ca87f7eaa2b4c,H0,37,45,48140,60458,48184,60495,false,rp1:e72af18f13067ef377e065d20b1ea6d6,rust-rfcs,rust-rfcs/files/text/3289-source_replacement_ambiguity.md,G0-CODESPAN-DELIM-BREAK|rust-rfcs/files/text/3289-source_replacement_ambiguity.md|code_span#6@775-786,break_restore_pair,0,BREAK,E5_INLINE_DELIMITER,early,0.107505,delimiter_break,7209,1,775,776,0,7209,72,301,2,10,2,322,0.044666,0.426134,1.704536
edit_write,d928d2fc2c8c027c3fc004d772f51aa2d56698ac0b338c1c090ca87f7eaa2b4c,H3,3468,3803,22968,29362,26405,32788,false,rp1:e72af18f13067ef377e065d20b1ea6d6,rust-rfcs,rust-rfcs/files/text/3289-source_replacement_ambiguity.md,G0-CODESPAN-DELIM-BREAK|rust-rfcs/files/text/3289-source_replacement_ambiguity.md|code_span#6@775-786,break_restore_pair,0,BREAK,E5_INLINE_DELIMITER,early,0.107505,delimiter_break,7209,1,775,776,0,7209,72,301,2,10,2,322,0.044666,0.426134,1.704536
edit_write,d928d2fc2c8c027c3fc004d772f51aa2d56698ac0b338c1c090ca87f7eaa2b4c,H4,544,612,15415,17055,15952,17619,false,rp1:e72af18f13067ef377e065d20b1ea6d6,rust-rfcs,rust-rfcs/files/text/3289-source_replacement_ambiguity.md,G0-CODESPAN-DELIM-BREAK|rust-rfcs/files/text/3289-source_replacement_ambiguity.md|code_span#6@775-786,break_restore_pair,0,BREAK,E5_INLINE_DELIMITER,early,0.107505,delimiter_break,7209,1,775,776,0,7209,72,301,2,10,2,322,0.044666,0.426134,1.704536
edit_write,da0f382d9ae2d1c638afc64fbf55ff9bf1f2d45e99a0838bb4ea2508e901f095,H1,43,49,4792,5342,4827,5384,false,rp1:47173d8d4ce9c587b612866370e4c311,d2l-en,d2l-en/files/chapter_appendix-tools-for-deep-learning/utils.md,G0-LOCAL-TEXT-REPLACE-EQ|d2l-en/files/chapter_appendix-tools-for-deep-learning/utils.md|text#11@29854-29885,single_step,0,SINGLE,E1_LOCAL_TEXT,middle|late,0.664693,replace_eq,44914,8,29867,29875,8,44914,39,4363,0,0,0,43880,0.976978,0.615576,0
edit_write,da0f382d9ae2d1c638afc64fbf55ff9bf1f2d45e99a0838bb4ea2508e901f095,H2,78,115,9362,10239,9477,10361,false,rp1:47173d8d4ce9c587b612866370e4c311,d2l-en,d2l-en/files/chapter_appendix-tools-for-deep-learning/utils.md,G0-LOCAL-TEXT-REPLACE-EQ|d2l-en/files/chapter_appendix-tools-for-deep-learning/utils.md|text#11@29854-29885,single_step,0,SINGLE,E1_LOCAL_TEXT,middle|late,0.664693,replace_eq,44914,8,29867,29875,8,44914,39,4363,0,0,0,43880,0.976978,0.615576,0
edit_write,da0f382d9ae2d1c638afc64fbf55ff9bf1f2d45e99a0838bb4ea2508e901f095,H0,31,52,52740,56164,52767,56188,false,rp1:47173d8d4ce9c587b612866370e4c311,d2l-en,d2l-en/files/chapter_appendix-tools-for-deep-learning/utils.md,G0-LOCAL-TEXT-REPLACE-EQ|d2l-en/files/chapter_appendix-tools-for-deep-learning/utils.md|text#11@29854-29885,single_step,0,SINGLE,E1_LOCAL_TEXT,middle|late,0.664693,replace_eq,44914,8,29867,29875,8,44914,39,4363,0,0,0,43880,0.976978,0.615576,0
edit_write,da0f382d9ae2d1c638afc64fbf55ff9bf1f2d45e99a0838bb4ea2508e901f095,H3,1194,1333,6483,7001,7649,8277,false,rp1:47173d8d4ce9c587b612866370e4c311,d2l-en,d2l-en/files/chapter_appendix-tools-for-deep-learning/utils.md,G0-LOCAL-TEXT-REPLACE-EQ|d2l-en/files/chapter_appendix-tools-for-deep-learning/utils.md|text#11@29854-29885,single_step,0,SINGLE,E1_LOCAL_TEXT,middle|late,0.664693,replace_eq,44914,8,29867,29875,8,44914,39,4363,0,0,0,43880,0.976978,0.615576,0
edit_write,da0f382d9ae2d1c638afc64fbf55ff9bf1f2d45e99a0838bb4ea2508e901f095,H4,212,229,3926,4369,4167,4601,false,rp1:47173d8d4ce9c587b612866370e4c311,d2l-en,d2l-en/files/chapter_appendix-tools-for-deep-learning/utils.md,G0-LOCAL-TEXT-REPLACE-EQ|d2l-en/files/chapter_appendix-tools-for-deep-learning/utils.md|text#11@29854-29885,single_step,0,SINGLE,E1_LOCAL_TEXT,middle|late,0.664693,replace_eq,44914,8,29867,29875,8,44914,39,4363,0,0,0,43880,0.976978,0.615576,0
edit_write,db98a6ab43bc30f1129ee2d1455564e6fe33274fd8248d8363c4f828f81f6ddb,H1,27,33,1765,1857,1806,1884,false,rp1:4175ed20d92bda3168330ccf465f9de4,crafting-interpreters,crafting-interpreters/files/note/answers/chapter01_introduction/1.md,G0-PARAGRAPH-MERGE|crafting-interpreters/files/note/answers/chapter01_introduction/1.md|paragraph#1@146-304,single_step,0,SINGLE,E2_PARAGRAPH_SPLIT_MERGE,early|middle,0.350962,merge,416,2,144,146,1,416,3,158,0,0,0,0,0,0,0
edit_write,db98a6ab43bc30f1129ee2d1455564e6fe33274fd8248d8363c4f828f81f6ddb,H2,52,76,2158,2323,2210,2370,false,rp1:4175ed20d92bda3168330ccf465f9de4,crafting-interpreters,crafting-interpreters/files/note/answers/chapter01_introduction/1.md,G0-PARAGRAPH-MERGE|crafting-interpreters/files/note/answers/chapter01_introduction/1.md|paragraph#1@146-304,single_step,0,SINGLE,E2_PARAGRAPH_SPLIT_MERGE,early|middle,0.350962,merge,416,2,144,146,1,416,3,158,0,0,0,0,0,0,0
edit_write,db98a6ab43bc30f1129ee2d1455564e6fe33274fd8248d8363c4f828f81f6ddb,H0,27,34,1357,1419,1390,1452,false,rp1:4175ed20d92bda3168330ccf465f9de4,crafting-interpreters,crafting-interpreters/files/note/answers/chapter01_introduction/1.md,G0-PARAGRAPH-MERGE|crafting-interpreters/files/note/answers/chapter01_introduction/1.md|paragraph#1@146-304,single_step,0,SINGLE,E2_PARAGRAPH_SPLIT_MERGE,early|middle,0.350962,merge,416,2,144,146,1,416,3,158,0,0,0,0,0,0,0
edit_write,db98a6ab43bc30f1129ee2d1455564e6fe33274fd8248d8363c4f828f81f6ddb,H3,327,414,1911,2176,2215,2526,false,rp1:4175ed20d92bda3168330ccf465f9de4,crafting-interpreters,crafting-interpreters/files/note/answers/chapter01_introduction/1.md,G0-PARAGRAPH-MERGE|crafting-interpreters/files/note/answers/chapter01_introduction/1.md|paragraph#1@146-304,single_step,0,SINGLE,E2_PARAGRAPH_SPLIT_MERGE,early|middle,0.350962,merge,416,2,144,146,1,416,3,158,0,0,0,0,0,0,0
edit_write,db98a6ab43bc30f1129ee2d1455564e6fe33274fd8248d8363c4f828f81f6ddb,H4,52,83,1397,1538,1435,1615,false,rp1:4175ed20d92bda3168330ccf465f9de4,crafting-interpreters,crafting-interpreters/files/note/answers/chapter01_introduction/1.md,G0-PARAGRAPH-MERGE|crafting-interpreters/files/note/answers/chapter01_introduction/1.md|paragraph#1@146-304,single_step,0,SINGLE,E2_PARAGRAPH_SPLIT_MERGE,early|middle,0.350962,merge,416,2,144,146,1,416,3,158,0,0,0,0,0,0,0
edit_write,dc56b851c8950aaa6444f8b6429387c50081329722f25791475ea8b7b52d0e55,H1,44,51,10342,11266,10386,11314,false,rp1:aa89ed83343a88b66eca0230e5fdfd2b,opentelemetry-spec,opentelemetry-spec/files/specification/library-layout.md,G0-LINK-DEST-BREAK|opentelemetry-spec/files/specification/library-layout.md|link_inline#0@843-874,single_step,0,SINGLE,E5_INLINE_DELIMITER,early,0.286345,destination_break,2944,1,857,857,1,2944,40,330,2,0,0,367,0.124660,0.695652,0
edit_write,dc56b851c8950aaa6444f8b6429387c50081329722f25791475ea8b7b52d0e55,H2,82,109,10311,11381,10403,11473,false,rp1:aa89ed83343a88b66eca0230e5fdfd2b,opentelemetry-spec,opentelemetry-spec/files/specification/library-layout.md,G0-LINK-DEST-BREAK|opentelemetry-spec/files/specification/library-layout.md|link_inline#0@843-874,single_step,0,SINGLE,E5_INLINE_DELIMITER,early,0.286345,destination_break,2944,1,857,857,1,2944,40,330,2,0,0,367,0.124660,0.695652,0
edit_write,dc56b851c8950aaa6444f8b6429387c50081329722f25791475ea8b7b52d0e55,H0,41,49,18007,19815,18049,19858,false,rp1:aa89ed83343a88b66eca0230e5fdfd2b,opentelemetry-spec,opentelemetry-spec/files/specification/library-layout.md,G0-LINK-DEST-BREAK|opentelemetry-spec/files/specification/library-layout.md|link_inline#0@843-874,single_step,0,SINGLE,E5_INLINE_DELIMITER,early,0.286345,destination_break,2944,1,857,857,1,2944,40,330,2,0,0,367,0.124660,0.695652,0
edit_write,dc56b851c8950aaa6444f8b6429387c50081329722f25791475ea8b7b52d0e55,H3,1445,1569,7281,8077,8732,9634,false,rp1:aa89ed83343a88b66eca0230e5fdfd2b,opentelemetry-spec,opentelemetry-spec/files/specification/library-layout.md,G0-LINK-DEST-BREAK|opentelemetry-spec/files/specification/library-layout.md|link_inline#0@843-874,single_step,0,SINGLE,E5_INLINE_DELIMITER,early,0.286345,destination_break,2944,1,857,857,1,2944,40,330,2,0,0,367,0.124660,0.695652,0
edit_write,dc56b851c8950aaa6444f8b6429387c50081329722f25791475ea8b7b52d0e55,H4,210,250,4328,4848,4536,5056,false,rp1:aa89ed83343a88b66eca0230e5fdfd2b,opentelemetry-spec,opentelemetry-spec/files/specification/library-layout.md,G0-LINK-DEST-BREAK|opentelemetry-spec/files/specification/library-layout.md|link_inline#0@843-874,single_step,0,SINGLE,E5_INLINE_DELIMITER,early,0.286345,destination_break,2944,1,857,857,1,2944,40,330,2,0,0,367,0.124660,0.695652,0
edit_write,dcc057acf138328dd32faa61e709ed690dbe222049aaab59437db74e2c467e6f,H1,42,47,15888,17259,15931,17309,false,rp1:2d093bfec34f0b5a40bdcf238f4da708,d2l-en,d2l-en/files/chapter_installation/index.md,G0-LINK-DEST-BREAK|d2l-en/files/chapter_installation/index.md|link_inline#0@274-328,single_step,0,SINGLE,E5_INLINE_DELIMITER,early,0.044962,destination_break,6094,1,286,286,1,6094,60,589,0,0,0,1227,0.201346,2.856580,0
edit_write,dcc057acf138328dd32faa61e709ed690dbe222049aaab59437db74e2c467e6f,H2,82,117,14022,15094,14126,15167,false,rp1:2d093bfec34f0b5a40bdcf238f4da708,d2l-en,d2l-en/files/chapter_installation/index.md,G0-LINK-DEST-BREAK|d2l-en/files/chapter_installation/index.md|link_inline#0@274-328,single_step,0,SINGLE,E5_INLINE_DELIMITER,early,0.044962,destination_break,6094,1,286,286,1,6094,60,589,0,0,0,1227,0.201346,2.856580,0
edit_write,dcc057acf138328dd32faa61e709ed690dbe222049aaab59437db74e2c467e6f,H0,45,54,31914,43822,31960,43866,false,rp1:2d093bfec34f0b5a40bdcf238f4da708,d2l-en,d2l-en/files/chapter_installation/index.md,G0-LINK-DEST-BREAK|d2l-en/files/chapter_installation/index.md|link_inline#0@274-328,single_step,0,SINGLE,E5_INLINE_DELIMITER,early,0.044962,destination_break,6094,1,286,286,1,6094,60,589,0,0,0,1227,0.201346,2.856580,0
edit_write,dcc057acf138328dd32faa61e709ed690dbe222049aaab59437db74e2c467e6f,H3,1813,1985,10183,11229,11953,13353,false,rp1:2d093bfec34f0b5a40bdcf238f4da708,d2l-en,d2l-en/files/chapter_installation/index.md,G0-LINK-DEST-BREAK|d2l-en/files/chapter_installation/index.md|link_inline#0@274-328,single_step,0,SINGLE,E5_INLINE_DELIMITER,early,0.044962,destination_break,6094,1,286,286,1,6094,60,589,0,0,0,1227,0.201346,2.856580,0
edit_write,dcc057acf138328dd32faa61e709ed690dbe222049aaab59437db74e2c467e6f,H4,323,363,5979,6361,6321,6702,false,rp1:2d093bfec34f0b5a40bdcf238f4da708,d2l-en,d2l-en/files/chapter_installation/index.md,G0-LINK-DEST-BREAK|d2l-en/files/chapter_installation/index.md|link_inline#0@274-328,single_step,0,SINGLE,E5_INLINE_DELIMITER,early,0.044962,destination_break,6094,1,286,286,1,6094,60,589,0,0,0,1227,0.201346,2.856580,0
edit_write,dccbfb960df0592b7f962980c2b563a92a269c298e9bbb6e353a131e09bf8b2f,H1,28,42,1183,1344,1208,1380,false,rp1:d93f4f800d3ff4672fccbf7278d8acdf,d2l-en,d2l-en/files/chapter_generative-adversarial-networks/index.md,G0-LOCAL-TEXT-REPLACE-EQ|d2l-en/files/chapter_generative-adversarial-networks/index.md|text#0@2-33,single_step,0,SINGLE,E1_LOCAL_TEXT,early,0.022472,replace_eq,89,8,14,22,8,89,3,34,0,0,0,24,0.269663,11.505618,0
edit_write,dccbfb960df0592b7f962980c2b563a92a269c298e9bbb6e353a131e09bf8b2f,H2,34,52,1507,1634,1552,1679,false,rp1:d93f4f800d3ff4672fccbf7278d8acdf,d2l-en,d2l-en/files/chapter_generative-adversarial-networks/index.md,G0-LOCAL-TEXT-REPLACE-EQ|d2l-en/files/chapter_generative-adversarial-networks/index.md|text#0@2-33,single_step,0,SINGLE,E1_LOCAL_TEXT,early,0.022472,replace_eq,89,8,14,22,8,89,3,34,0,0,0,24,0.269663,11.505618,0
edit_write,dccbfb960df0592b7f962980c2b563a92a269c298e9bbb6e353a131e09bf8b2f,H0,27,47,741,782,771,827,false,rp1:d93f4f800d3ff4672fccbf7278d8acdf,d2l-en,d2l-en/files/chapter_generative-adversarial-networks/index.md,G0-LOCAL-TEXT-REPLACE-EQ|d2l-en/files/chapter_generative-adversarial-networks/index.md|text#0@2-33,single_step,0,SINGLE,E1_LOCAL_TEXT,early,0.022472,replace_eq,89,8,14,22,8,89,3,34,0,0,0,24,0.269663,11.505618,0
edit_write,dccbfb960df0592b7f962980c2b563a92a269c298e9bbb6e353a131e09bf8b2f,H3,389,461,1406,1624,1780,2100,false,rp1:d93f4f800d3ff4672fccbf7278d8acdf,d2l-en,d2l-en/files/chapter_generative-adversarial-networks/index.md,G0-LOCAL-TEXT-REPLACE-EQ|d2l-en/files/chapter_generative-adversarial-networks/index.md|text#0@2-33,single_step,0,SINGLE,E1_LOCAL_TEXT,early,0.022472,replace_eq,89,8,14,22,8,89,3,34,0,0,0,24,0.269663,11.505618,0
edit_write,dccbfb960df0592b7f962980c2b563a92a269c298e9bbb6e353a131e09bf8b2f,H4,60,103,1123,1312,1183,1415,false,rp1:d93f4f800d3ff4672fccbf7278d8acdf,d2l-en,d2l-en/files/chapter_generative-adversarial-networks/index.md,G0-LOCAL-TEXT-REPLACE-EQ|d2l-en/files/chapter_generative-adversarial-networks/index.md|text#0@2-33,single_step,0,SINGLE,E1_LOCAL_TEXT,early,0.022472,replace_eq,89,8,14,22,8,89,3,34,0,0,0,24,0.269663,11.505618,0
edit_write,dddaa6f247bca48e0d302c30e2051c60e9ba33a0b8232e1babe19ad0a9a67a5b,H1,62,72,69683,92000,69754,92048,true,rp1:b0c2a7dae9aebc3a16d4137b92fc715d,oci-image,oci-image/files/considerations.md,G0-FENCE-CLOSER-REMOVE|oci-image/files/considerations.md|code_block_fenced#2@3145-3184,break_restore_pair,1,RESTORE,E4_FENCE_OPEN_CLOSE,,,close_restore,6285,3,3181,3181,3,6288,64,530,2,8,8,284,0.045165,1.628499,2.605598
edit_write,dddaa6f247bca48e0d302c30e2051c60e9ba33a0b8232e1babe19ad0a9a67a5b,H2,105,162,19378,26092,19469,26226,false,rp1:b0c2a7dae9aebc3a16d4137b92fc715d,oci-image,oci-image/files/considerations.md,G0-FENCE-CLOSER-REMOVE|oci-image/files/considerations.md|code_block_fenced#2@3145-3184,break_restore_pair,1,RESTORE,E4_FENCE_OPEN_CLOSE,,,close_restore,6285,3,3181,3181,3,6288,64,530,2,8,8,284,0.045165,1.628499,2.605598
edit_write,dddaa6f247bca48e0d302c30e2051c60e9ba33a0b8232e1babe19ad0a9a67a5b,H0,44,49,43748,58749,43781,58789,true,rp1:b0c2a7dae9aebc3a16d4137b92fc715d,oci-image,oci-image/files/considerations.md,G0-FENCE-CLOSER-REMOVE|oci-image/files/considerations.md|code_block_fenced#2@3145-3184,break_restore_pair,1,RESTORE,E4_FENCE_OPEN_CLOSE,,,close_restore,6285,3,3181,3181,3,6288,64,530,2,8,8,284,0.045165,1.628499,2.605598
edit_write,dddaa6f247bca48e0d302c30e2051c60e9ba33a0b8232e1babe19ad0a9a67a5b,H3,2447,2604,16072,17298,18477,19884,true,rp1:b0c2a7dae9aebc3a16d4137b92fc715d,oci-image,oci-image/files/considerations.md,G0-FENCE-CLOSER-REMOVE|oci-image/files/considerations.md|code_block_fenced#2@3145-3184,break_restore_pair,1,RESTORE,E4_FENCE_OPEN_CLOSE,,,close_restore,6285,3,3181,3181,3,6288,64,530,2,8,8,284,0.045165,1.628499,2.605598
edit_write,dddaa6f247bca48e0d302c30e2051c60e9ba33a0b8232e1babe19ad0a9a67a5b,H4,456,520,9729,15027,10191,15436,true,rp1:b0c2a7dae9aebc3a16d4137b92fc715d,oci-image,oci-image/files/considerations.md,G0-FENCE-CLOSER-REMOVE|oci-image/files/considerations.md|code_block_fenced#2@3145-3184,break_restore_pair,1,RESTORE,E4_FENCE_OPEN_CLOSE,,,close_restore,6285,3,3181,3181,3,6288,64,530,2,8,8,284,0.045165,1.628499,2.605598
edit_write,ddfddcd220e9837f01d6fc88ef5133ccdc5a1af536522ca797a76d4796cf9c9f,H1,44,49,9290,9900,9348,9978,false,rp1:7bee45c95afad2a786841b15cbe48a9b,opentelemetry-spec,opentelemetry-spec/files/specification/library-layout.md,G0-PARAGRAPH-SPLIT|opentelemetry-spec/files/specification/library-layout.md|paragraph#10@1407-1592,single_step,0,SINGLE,E2_PARAGRAPH_SPLIT_MERGE,middle,0.477921,split,2944,2,1499,1500,2,2944,40,330,2,0,0,367,0.124660,0.695652,0
edit_write,ddfddcd220e9837f01d6fc88ef5133ccdc5a1af536522ca797a76d4796cf9c9f,H2,79,111,11528,12458,11618,12547,false,rp1:7bee45c95afad2a786841b15cbe48a9b,opentelemetry-spec,opentelemetry-spec/files/specification/library-layout.md,G0-PARAGRAPH-SPLIT|opentelemetry-spec/files/specification/library-layout.md|paragraph#10@1407-1592,single_step,0,SINGLE,E2_PARAGRAPH_SPLIT_MERGE,middle,0.477921,split,2944,2,1499,1500,2,2944,40,330,2,0,0,367,0.124660,0.695652,0
edit_write,ddfddcd220e9837f01d6fc88ef5133ccdc5a1af536522ca797a76d4796cf9c9f,H0,42,47,18991,20805,19024,20848,false,rp1:7bee45c95afad2a786841b15cbe48a9b,opentelemetry-spec,opentelemetry-spec/files/specification/library-layout.md,G0-PARAGRAPH-SPLIT|opentelemetry-spec/files/specification/library-layout.md|paragraph#10@1407-1592,single_step,0,SINGLE,E2_PARAGRAPH_SPLIT_MERGE,middle,0.477921,split,2944,2,1499,1500,2,2944,40,330,2,0,0,367,0.124660,0.695652,0
edit_write,ddfddcd220e9837f01d6fc88ef5133ccdc5a1af536522ca797a76d4796cf9c9f,H3,1439,1536,8712,9647,10309,11168,false,rp1:7bee45c95afad2a786841b15cbe48a9b,opentelemetry-spec,opentelemetry-spec/files/specification/library-layout.md,G0-PARAGRAPH-SPLIT|opentelemetry-spec/files/specification/library-layout.md|paragraph#10@1407-1592,single_step,0,SINGLE,E2_PARAGRAPH_SPLIT_MERGE,middle,0.477921,split,2944,2,1499,1500,2,2944,40,330,2,0,0,367,0.124660,0.695652,0
edit_write,ddfddcd220e9837f01d6fc88ef5133ccdc5a1af536522ca797a76d4796cf9c9f,H4,209,241,4751,5106,4988,5317,false,rp1:7bee45c95afad2a786841b15cbe48a9b,opentelemetry-spec,opentelemetry-spec/files/specification/library-layout.md,G0-PARAGRAPH-SPLIT|opentelemetry-spec/files/specification/library-layout.md|paragraph#10@1407-1592,single_step,0,SINGLE,E2_PARAGRAPH_SPLIT_MERGE,middle,0.477921,split,2944,2,1499,1500,2,2944,40,330,2,0,0,367,0.124660,0.695652,0
edit_write,deec120ccaf855ffb72678a86f70fb4fa05da76419d8bbb52a4141ffcaa9d45d,H1,42,54,16027,17259,16072,17311,false,rp1:65c52eab221683f7e27e4dfefbdf9ed8,rust-book,rust-book/files/src/appendix-05-editions.md,G0-PARAGRAPH-SPLIT|rust-book/files/src/appendix-05-editions.md|paragraph#12@2786-3009,single_step,0,SINGLE,E2_PARAGRAPH_SPLIT_MERGE,late,0.906016,split,3075,2,2894,2895,2,3075,15,480,2,1,1,0,0,0,0.666016
edit_write,deec120ccaf855ffb72678a86f70fb4fa05da76419d8bbb52a4141ffcaa9d45d,H2,72,97,6441,7376,6531,7463,false,rp1:65c52eab221683f7e27e4dfefbdf9ed8,rust-book,rust-book/files/src/appendix-05-editions.md,G0-PARAGRAPH-SPLIT|rust-book/files/src/appendix-05-editions.md|paragraph#12@2786-3009,single_step,0,SINGLE,E2_PARAGRAPH_SPLIT_MERGE,late,0.906016,split,3075,2,2894,2895,2,3075,15,480,2,1,1,0,0,0,0.666016
edit_write,deec120ccaf855ffb72678a86f70fb4fa05da76419d8bbb52a4141ffcaa9d45d,H0,32,49,11623,12498,11663,12533,false,rp1:65c52eab221683f7e27e4dfefbdf9ed8,rust-book,rust-book/files/src/appendix-05-editions.md,G0-PARAGRAPH-SPLIT|rust-book/files/src/appendix-05-editions.md|paragraph#12@2786-3009,single_step,0,SINGLE,E2_PARAGRAPH_SPLIT_MERGE,late,0.906016,split,3075,2,2894,2895,2,3075,15,480,2,1,1,0,0,0,0.666016
edit_write,deec120ccaf855ffb72678a86f70fb4fa05da76419d8bbb52a4141ffcaa9d45d,H3,926,1088,5433,5898,6291,7005,false,rp1:65c52eab221683f7e27e4dfefbdf9ed8,rust-book,rust-book/files/src/appendix-05-editions.md,G0-PARAGRAPH-SPLIT|rust-book/files/src/appendix-05-editions.md|paragraph#12@2786-3009,single_step,0,SINGLE,E2_PARAGRAPH_SPLIT_MERGE,late,0.906016,split,3075,2,2894,2895,2,3075,15,480,2,1,1,0,0,0,0.666016
edit_write,deec120ccaf855ffb72678a86f70fb4fa05da76419d8bbb52a4141ffcaa9d45d,H4,135,159,3223,3672,3334,3834,false,rp1:65c52eab221683f7e27e4dfefbdf9ed8,rust-book,rust-book/files/src/appendix-05-editions.md,G0-PARAGRAPH-SPLIT|rust-book/files/src/appendix-05-editions.md|paragraph#12@2786-3009,single_step,0,SINGLE,E2_PARAGRAPH_SPLIT_MERGE,late,0.906016,split,3075,2,2894,2895,2,3075,15,480,2,1,1,0,0,0,0.666016
edit_write,def93c41f1733ca232755061103edd2623fd7ec39fb9d995b005d82d0e9ed15e,H1,44,51,71146,90858,71208,90900,false,rp1:dc5c6ccba715031533217eaefcf6ee70,oci-image,oci-image/files/considerations.md,G0-FENCE-CLOSER-REMOVE|oci-image/files/considerations.md|code_block_fenced#9@5759-5790,break_restore_pair,1,RESTORE,E4_FENCE_OPEN_CLOSE,,,close_restore,6285,3,5787,5787,3,6288,64,530,2,8,8,284,0.045165,1.628499,2.605598
edit_write,def93c41f1733ca232755061103edd2623fd7ec39fb9d995b005d82d0e9ed15e,H2,105,146,38944,42822,39063,42943,false,rp1:dc5c6ccba715031533217eaefcf6ee70,oci-image,oci-image/files/considerations.md,G0-FENCE-CLOSER-REMOVE|oci-image/files/considerations.md|code_block_fenced#9@5759-5790,break_restore_pair,1,RESTORE,E4_FENCE_OPEN_CLOSE,,,close_restore,6285,3,5787,5787,3,6288,64,530,2,8,8,284,0.045165,1.628499,2.605598
edit_write,def93c41f1733ca232755061103edd2623fd7ec39fb9d995b005d82d0e9ed15e,H0,37,48,43543,46915,43588,46963,false,rp1:dc5c6ccba715031533217eaefcf6ee70,oci-image,oci-image/files/considerations.md,G0-FENCE-CLOSER-REMOVE|oci-image/files/considerations.md|code_block_fenced#9@5759-5790,break_restore_pair,1,RESTORE,E4_FENCE_OPEN_CLOSE,,,close_restore,6285,3,5787,5787,3,6288,64,530,2,8,8,284,0.045165,1.628499,2.605598
edit_write,def93c41f1733ca232755061103edd2623fd7ec39fb9d995b005d82d0e9ed15e,H3,1564,1733,35416,39961,37045,41649,false,rp1:dc5c6ccba715031533217eaefcf6ee70,oci-image,oci-image/files/considerations.md,G0-FENCE-CLOSER-REMOVE|oci-image/files/considerations.md|code_block_fenced#9@5759-5790,break_restore_pair,1,RESTORE,E4_FENCE_OPEN_CLOSE,,,close_restore,6285,3,5787,5787,3,6288,64,530,2,8,8,284,0.045165,1.628499,2.605598
edit_write,def93c41f1733ca232755061103edd2623fd7ec39fb9d995b005d82d0e9ed15e,H4,260,298,77630,97179,77863,97436,false,rp1:dc5c6ccba715031533217eaefcf6ee70,oci-image,oci-image/files/considerations.md,G0-FENCE-CLOSER-REMOVE|oci-image/files/considerations.md|code_block_fenced#9@5759-5790,break_restore_pair,1,RESTORE,E4_FENCE_OPEN_CLOSE,,,close_restore,6285,3,5787,5787,3,6288,64,530,2,8,8,284,0.045165,1.628499,2.605598
edit_write,df3653bddca59e9295c25e92d246b4be2cc17efecc3d19511fdf3165c6ee5360,H1,43,49,33806,39410,33854,39453,false,rp1:3a3fe6902c1eea01ddc49c1c78cab60a,rust-rfcs,rust-rfcs/files/text/1123-str-split-at.md,G0-EMPH-DELIM-BREAK|rust-rfcs/files/text/1123-str-split-at.md|emphasis#0@3424-3430,break_restore_pair,0,BREAK,E5_INLINE_DELIMITER,early|middle|late,0.997960,delimiter_break,3431,1,3429,3430,0,3431,31,877,2,2,2,866,0.252405,0.298455,1.193821
edit_write,df3653bddca59e9295c25e92d246b4be2cc17efecc3d19511fdf3165c6ee5360,H2,78,101,8195,8893,8294,9014,false,rp1:3a3fe6902c1eea01ddc49c1c78cab60a,rust-rfcs,rust-rfcs/files/text/1123-str-split-at.md,G0-EMPH-DELIM-BREAK|rust-rfcs/files/text/1123-str-split-at.md|emphasis#0@3424-3430,break_restore_pair,0,BREAK,E5_INLINE_DELIMITER,early|middle|late,0.997960,delimiter_break,3431,1,3429,3430,0,3431,31,877,2,2,2,866,0.252405,0.298455,1.193821
edit_write,df3653bddca59e9295c25e92d246b4be2cc17efecc3d19511fdf3165c6ee5360,H0,36,53,20453,21925,20498,21975,false,rp1:3a3fe6902c1eea01ddc49c1c78cab60a,rust-rfcs,rust-rfcs/files/text/1123-str-split-at.md,G0-EMPH-DELIM-BREAK|rust-rfcs/files/text/1123-str-split-at.md|emphasis#0@3424-3430,break_restore_pair,0,BREAK,E5_INLINE_DELIMITER,early|middle|late,0.997960,delimiter_break,3431,1,3429,3430,0,3431,31,877,2,2,2,866,0.252405,0.298455,1.193821
edit_write,df3653bddca59e9295c25e92d246b4be2cc17efecc3d19511fdf3165c6ee5360,H3,1540,1697,5992,6663,7512,8348,false,rp1:3a3fe6902c1eea01ddc49c1c78cab60a,rust-rfcs,rust-rfcs/files/text/1123-str-split-at.md,G0-EMPH-DELIM-BREAK|rust-rfcs/files/text/1123-str-split-at.md|emphasis#0@3424-3430,break_restore_pair,0,BREAK,E5_INLINE_DELIMITER,early|middle|late,0.997960,delimiter_break,3431,1,3429,3430,0,3431,31,877,2,2,2,866,0.252405,0.298455,1.193821
edit_write,df3653bddca59e9295c25e92d246b4be2cc17efecc3d19511fdf3165c6ee5360,H4,228,257,4340,4750,4518,4987,false,rp1:3a3fe6902c1eea01ddc49c1c78cab60a,rust-rfcs,rust-rfcs/files/text/1123-str-split-at.md,G0-EMPH-DELIM-BREAK|rust-rfcs/files/text/1123-str-split-at.md|emphasis#0@3424-3430,break_restore_pair,0,BREAK,E5_INLINE_DELIMITER,early|middle|late,0.997960,delimiter_break,3431,1,3429,3430,0,3431,31,877,2,2,2,866,0.252405,0.298455,1.193821
edit_write,dffec48502f2116a822f56bebe3352afedc3e7da29661b772d06f600e975e67c,H1,45,51,33708,36435,33750,36477,false,rp1:99e675a790c016cfe171e315011bff62,rust-rfcs,rust-rfcs/files/text/1123-str-split-at.md,G0-CODESPAN-DELIM-BREAK|rust-rfcs/files/text/1123-str-split-at.md|code_span#3@356-361,break_restore_pair,1,RESTORE,E5_INLINE_DELIMITER,,,delimiter_restore,3430,1,356,356,1,3431,31,877,2,2,2,866,0.252405,0.298455,1.193821
edit_write,dffec48502f2116a822f56bebe3352afedc3e7da29661b772d06f600e975e67c,H2,87,122,9415,10355,9504,10493,false,rp1:99e675a790c016cfe171e315011bff62,rust-rfcs,rust-rfcs/files/text/1123-str-split-at.md,G0-CODESPAN-DELIM-BREAK|rust-rfcs/files/text/1123-str-split-at.md|code_span#3@356-361,break_restore_pair,1,RESTORE,E5_INLINE_DELIMITER,,,delimiter_restore,3430,1,356,356,1,3431,31,877,2,2,2,866,0.252405,0.298455,1.193821
edit_write,dffec48502f2116a822f56bebe3352afedc3e7da29661b772d06f600e975e67c,H0,35,55,20738,22183,20770,22212,false,rp1:99e675a790c016cfe171e315011bff62,rust-rfcs,rust-rfcs/files/text/1123-str-split-at.md,G0-CODESPAN-DELIM-BREAK|rust-rfcs/files/text/1123-str-split-at.md|code_span#3@356-361,break_restore_pair,1,RESTORE,E5_INLINE_DELIMITER,,,delimiter_restore,3430,1,356,356,1,3431,31,877,2,2,2,866,0.252405,0.298455,1.193821
edit_write,dffec48502f2116a822f56bebe3352afedc3e7da29661b772d06f600e975e67c,H3,1427,1611,7256,8050,8672,9517,false,rp1:99e675a790c016cfe171e315011bff62,rust-rfcs,rust-rfcs/files/text/1123-str-split-at.md,G0-CODESPAN-DELIM-BREAK|rust-rfcs/files/text/1123-str-split-at.md|code_span#3@356-361,break_restore_pair,1,RESTORE,E5_INLINE_DELIMITER,,,delimiter_restore,3430,1,356,356,1,3431,31,877,2,2,2,866,0.252405,0.298455,1.193821
edit_write,dffec48502f2116a822f56bebe3352afedc3e7da29661b772d06f600e975e67c,H4,194,225,4690,5174,4879,5389,false,rp1:99e675a790c016cfe171e315011bff62,rust-rfcs,rust-rfcs/files/text/1123-str-split-at.md,G0-CODESPAN-DELIM-BREAK|rust-rfcs/files/text/1123-str-split-at.md|code_span#3@356-361,break_restore_pair,1,RESTORE,E5_INLINE_DELIMITER,,,delimiter_restore,3430,1,356,356,1,3431,31,877,2,2,2,866,0.252405,0.298455,1.193821
edit_write,e085ec33bfbf9d19ba1eba4b57f144467e8adc566a2b901b3bc6e35c7c2e6294,H1,44,68,26296,36603,26365,36642,false,rp1:327c149f7683ae0169da25544fe5e5aa,myst-parser,myst-parser/files/docs/develop/contributing.md,G0-CODESPAN-DELIM-BREAK|myst-parser/files/docs/develop/contributing.md|code_span#5@1459-1495,break_restore_pair,1,RESTORE,E5_INLINE_DELIMITER,,,delimiter_restore,2726,1,1459,1459,1,2727,30,321,0,8,4,337,0.123579,2.628530,4.506051
edit_write,e085ec33bfbf9d19ba1eba4b57f144467e8adc566a2b901b3bc6e35c7c2e6294,H2,73,123,10716,11553,10817,11676,false,rp1:327c149f7683ae0169da25544fe5e5aa,myst-parser,myst-parser/files/docs/develop/contributing.md,G0-CODESPAN-DELIM-BREAK|myst-parser/files/docs/develop/contributing.md|code_span#5@1459-1495,break_restore_pair,1,RESTORE,E5_INLINE_DELIMITER,,,delimiter_restore,2726,1,1459,1459,1,2727,30,321,0,8,4,337,0.123579,2.628530,4.506051
edit_write,e085ec33bfbf9d19ba1eba4b57f144467e8adc566a2b901b3bc6e35c7c2e6294,H0,37,39,16339,20726,16377,20761,false,rp1:327c149f7683ae0169da25544fe5e5aa,myst-parser,myst-parser/files/docs/develop/contributing.md,G0-CODESPAN-DELIM-BREAK|myst-parser/files/docs/develop/contributing.md|code_span#5@1459-1495,break_restore_pair,1,RESTORE,E5_INLINE_DELIMITER,,,delimiter_restore,2726,1,1459,1459,1,2727,30,321,0,8,4,337,0.123579,2.628530,4.506051
edit_write,e085ec33bfbf9d19ba1eba4b57f144467e8adc566a2b901b3bc6e35c7c2e6294,H3,1646,1746,8801,10225,10428,11911,false,rp1:327c149f7683ae0169da25544fe5e5aa,myst-parser,myst-parser/files/docs/develop/contributing.md,G0-CODESPAN-DELIM-BREAK|myst-parser/files/docs/develop/contributing.md|code_span#5@1459-1495,break_restore_pair,1,RESTORE,E5_INLINE_DELIMITER,,,delimiter_restore,2726,1,1459,1459,1,2727,30,321,0,8,4,337,0.123579,2.628530,4.506051
edit_write,e085ec33bfbf9d19ba1eba4b57f144467e8adc566a2b901b3bc6e35c7c2e6294,H4,177,249,5783,6334,5965,6616,false,rp1:327c149f7683ae0169da25544fe5e5aa,myst-parser,myst-parser/files/docs/develop/contributing.md,G0-CODESPAN-DELIM-BREAK|myst-parser/files/docs/develop/contributing.md|code_span#5@1459-1495,break_restore_pair,1,RESTORE,E5_INLINE_DELIMITER,,,delimiter_restore,2726,1,1459,1459,1,2727,30,321,0,8,4,337,0.123579,2.628530,4.506051
edit_write,e14135e852ac642a0ef48af0180732798427e21b4f49092e1beb05551dc3e546,H1,37,55,4789,5328,4845,5374,false,rp1:246a2fee69278ae870b379a5bca7c078,crafting-interpreters,crafting-interpreters/files/note/answers/chapter20_hash/1.md,G0-CODESPAN-DELIM-BREAK|crafting-interpreters/files/note/answers/chapter20_hash/1.md|code_span#5@443-448,break_restore_pair,0,BREAK,E5_INLINE_DELIMITER,early,0.045983,delimiter_break,9634,1,443,444,0,9634,12,7498,0,0,0,8080,0.838696,0.318871,0
edit_write,e14135e852ac642a0ef48af0180732798427e21b4f49092e1beb05551dc3e546,H2,65,96,5924,6350,5979,6408,false,rp1:246a2fee69278ae870b379a5bca7c078,crafting-interpreters,crafting-interpreters/files/note/answers/chapter20_hash/1.md,G0-CODESPAN-DELIM-BREAK|crafting-interpreters/files/note/answers/chapter20_hash/1.md|code_span#5@443-448,break_restore_pair,0,BREAK,E5_INLINE_DELIMITER,early,0.045983,delimiter_break,9634,1,443,444,0,9634,12,7498,0,0,0,8080,0.838696,0.318871,0
edit_write,e14135e852ac642a0ef48af0180732798427e21b4f49092e1beb05551dc3e546,H0,34,48,15720,16952,15751,16995,false,rp1:246a2fee69278ae870b379a5bca7c078,crafting-interpreters,crafting-interpreters/files/note/answers/chapter20_hash/1.md,G0-CODESPAN-DELIM-BREAK|crafting-interpreters/files/note/answers/chapter20_hash/1.md|code_span#5@443-448,break_restore_pair,0,BREAK,E5_INLINE_DELIMITER,early,0.045983,delimiter_break,9634,1,443,444,0,9634,12,7498,0,0,0,8080,0.838696,0.318871,0
edit_write,e14135e852ac642a0ef48af0180732798427e21b4f49092e1beb05551dc3e546,H3,883,1027,4739,5393,5649,6357,false,rp1:246a2fee69278ae870b379a5bca7c078,crafting-interpreters,crafting-interpreters/files/note/answers/chapter20_hash/1.md,G0-CODESPAN-DELIM-BREAK|crafting-interpreters/files/note/answers/chapter20_hash/1.md|code_span#5@443-448,break_restore_pair,0,BREAK,E5_INLINE_DELIMITER,early,0.045983,delimiter_break,9634,1,443,444,0,9634,12,7498,0,0,0,8080,0.838696,0.318871,0
edit_write,e14135e852ac642a0ef48af0180732798427e21b4f49092e1beb05551dc3e546,H4,115,159,2924,3624,3030,3771,false,rp1:246a2fee69278ae870b379a5bca7c078,crafting-interpreters,crafting-interpreters/files/note/answers/chapter20_hash/1.md,G0-CODESPAN-DELIM-BREAK|crafting-interpreters/files/note/answers/chapter20_hash/1.md|code_span#5@443-448,break_restore_pair,0,BREAK,E5_INLINE_DELIMITER,early,0.045983,delimiter_break,9634,1,443,444,0,9634,12,7498,0,0,0,8080,0.838696,0.318871,0
edit_write,e2481a67e3a6898bdc021d732c6879ebdd4fa170f59aba348b1760416fe552e0,H1,42,50,14419,15984,14456,16034,false,rp1:63e348bd8475fc48dc8ef36ea3fee821,d2l-en,d2l-en/files/chapter_installation/index.md,G0-CODESPAN-DELIM-BREAK|d2l-en/files/chapter_installation/index.md|code_span#9@2974-2980,break_restore_pair,0,BREAK,E5_INLINE_DELIMITER,middle,0.488021,delimiter_break,6094,1,2974,2975,0,6094,60,589,0,0,0,1227,0.201346,2.856580,0
edit_write,e2481a67e3a6898bdc021d732c6879ebdd4fa170f59aba348b1760416fe552e0,H2,76,116,16062,16987,16197,17101,false,rp1:63e348bd8475fc48dc8ef36ea3fee821,d2l-en,d2l-en/files/chapter_installation/index.md,G0-CODESPAN-DELIM-BREAK|d2l-en/files/chapter_installation/index.md|code_span#9@2974-2980,break_restore_pair,0,BREAK,E5_INLINE_DELIMITER,middle,0.488021,delimiter_break,6094,1,2974,2975,0,6094,60,589,0,0,0,1227,0.201346,2.856580,0
edit_write,e2481a67e3a6898bdc021d732c6879ebdd4fa170f59aba348b1760416fe552e0,H0,36,50,31015,36264,31058,36307,false,rp1:63e348bd8475fc48dc8ef36ea3fee821,d2l-en,d2l-en/files/chapter_installation/index.md,G0-CODESPAN-DELIM-BREAK|d2l-en/files/chapter_installation/index.md|code_span#9@2974-2980,break_restore_pair,0,BREAK,E5_INLINE_DELIMITER,middle,0.488021,delimiter_break,6094,1,2974,2975,0,6094,60,589,0,0,0,1227,0.201346,2.856580,0
edit_write,e2481a67e3a6898bdc021d732c6879ebdd4fa170f59aba348b1760416fe552e0,H3,1794,1964,12299,12819,14102,14744,false,rp1:63e348bd8475fc48dc8ef36ea3fee821,d2l-en,d2l-en/files/chapter_installation/index.md,G0-CODESPAN-DELIM-BREAK|d2l-en/files/chapter_installation/index.md|code_span#9@2974-2980,break_restore_pair,0,BREAK,E5_INLINE_DELIMITER,middle,0.488021,delimiter_break,6094,1,2974,2975,0,6094,60,589,0,0,0,1227,0.201346,2.856580,0
edit_write,e2481a67e3a6898bdc021d732c6879ebdd4fa170f59aba348b1760416fe552e0,H4,342,407,5836,6595,6187,6978,false,rp1:63e348bd8475fc48dc8ef36ea3fee821,d2l-en,d2l-en/files/chapter_installation/index.md,G0-CODESPAN-DELIM-BREAK|d2l-en/files/chapter_installation/index.md|code_span#9@2974-2980,break_restore_pair,0,BREAK,E5_INLINE_DELIMITER,middle,0.488021,delimiter_break,6094,1,2974,2975,0,6094,60,589,0,0,0,1227,0.201346,2.856580,0
edit_write,e33d056486e9ad3e327a3b2e745761221b2d50ff860ba2024c6bb7b1514a539e,H1,44,50,35466,46772,35507,46816,false,rp1:88f9375f7b1a4b08f5e9813adcf4b769,rust-rfcs,rust-rfcs/files/text/1123-str-split-at.md,G0-PARAGRAPH-SPLIT|rust-rfcs/files/text/1123-str-split-at.md|paragraph#18@3008-3211,single_step,0,SINGLE,E2_PARAGRAPH_SPLIT_MERGE,late,0.876712,split,3431,2,3112,3113,2,3431,31,877,2,2,2,866,0.252405,0.298455,1.193821
edit_write,e33d056486e9ad3e327a3b2e745761221b2d50ff860ba2024c6bb7b1514a539e,H2,83,119,14589,25925,14676,26024,false,rp1:88f9375f7b1a4b08f5e9813adcf4b769,rust-rfcs,rust-rfcs/files/text/1123-str-split-at.md,G0-PARAGRAPH-SPLIT|rust-rfcs/files/text/1123-str-split-at.md|paragraph#18@3008-3211,single_step,0,SINGLE,E2_PARAGRAPH_SPLIT_MERGE,late,0.876712,split,3431,2,3112,3113,2,3431,31,877,2,2,2,866,0.252405,0.298455,1.193821
edit_write,e33d056486e9ad3e327a3b2e745761221b2d50ff860ba2024c6bb7b1514a539e,H0,38,57,21298,23135,21357,23170,false,rp1:88f9375f7b1a4b08f5e9813adcf4b769,rust-rfcs,rust-rfcs/files/text/1123-str-split-at.md,G0-PARAGRAPH-SPLIT|rust-rfcs/files/text/1123-str-split-at.md|paragraph#18@3008-3211,single_step,0,SINGLE,E2_PARAGRAPH_SPLIT_MERGE,late,0.876712,split,3431,2,3112,3113,2,3431,31,877,2,2,2,866,0.252405,0.298455,1.193821
edit_write,e33d056486e9ad3e327a3b2e745761221b2d50ff860ba2024c6bb7b1514a539e,H3,2116,2286,12358,13386,14554,15640,false,rp1:88f9375f7b1a4b08f5e9813adcf4b769,rust-rfcs,rust-rfcs/files/text/1123-str-split-at.md,G0-PARAGRAPH-SPLIT|rust-rfcs/files/text/1123-str-split-at.md|paragraph#18@3008-3211,single_step,0,SINGLE,E2_PARAGRAPH_SPLIT_MERGE,late,0.876712,split,3431,2,3112,3113,2,3431,31,877,2,2,2,866,0.252405,0.298455,1.193821
edit_write,e33d056486e9ad3e327a3b2e745761221b2d50ff860ba2024c6bb7b1514a539e,H4,269,319,8158,9371,8385,9733,false,rp1:88f9375f7b1a4b08f5e9813adcf4b769,rust-rfcs,rust-rfcs/files/text/1123-str-split-at.md,G0-PARAGRAPH-SPLIT|rust-rfcs/files/text/1123-str-split-at.md|paragraph#18@3008-3211,single_step,0,SINGLE,E2_PARAGRAPH_SPLIT_MERGE,late,0.876712,split,3431,2,3112,3113,2,3431,31,877,2,2,2,866,0.252405,0.298455,1.193821
edit_write,e35afeecd6c593f0e1d6bc9d348cdfe5988aa9b28e44f2f1e496df57f64ac65e,H1,43,51,33899,45379,33933,45430,false,rp1:487d6caf6e3c1adc6c0f1fd3899db042,rust-rfcs,rust-rfcs/files/text/0404-change-prefer-dynamic.md,G0-CODESPAN-DELIM-BREAK|rust-rfcs/files/text/0404-change-prefer-dynamic.md|code_span#4@2373-2392,break_restore_pair,1,RESTORE,E5_INLINE_DELIMITER,,,delimiter_restore,6861,1,2373,2373,1,6862,34,901,2,1,1,889,0.129554,0.149228,0.298455
edit_write,e35afeecd6c593f0e1d6bc9d348cdfe5988aa9b28e44f2f1e496df57f64ac65e,H2,82,110,9096,9801,9176,9939,false,rp1:487d6caf6e3c1adc6c0f1fd3899db042,rust-rfcs,rust-rfcs/files/text/0404-change-prefer-dynamic.md,G0-CODESPAN-DELIM-BREAK|rust-rfcs/files/text/0404-change-prefer-dynamic.md|code_span#4@2373-2392,break_restore_pair,1,RESTORE,E5_INLINE_DELIMITER,,,delimiter_restore,6861,1,2373,2373,1,6862,34,901,2,1,1,889,0.129554,0.149228,0.298455
edit_write,e35afeecd6c593f0e1d6bc9d348cdfe5988aa9b28e44f2f1e496df57f64ac65e,H0,42,52,24421,31555,24453,31595,false,rp1:487d6caf6e3c1adc6c0f1fd3899db042,rust-rfcs,rust-rfcs/files/text/0404-change-prefer-dynamic.md,G0-CODESPAN-DELIM-BREAK|rust-rfcs/files/text/0404-change-prefer-dynamic.md|code_span#4@2373-2392,break_restore_pair,1,RESTORE,E5_INLINE_DELIMITER,,,delimiter_restore,6861,1,2373,2373,1,6862,34,901,2,1,1,889,0.129554,0.149228,0.298455
edit_write,e35afeecd6c593f0e1d6bc9d348cdfe5988aa9b28e44f2f1e496df57f64ac65e,H3,1288,1435,6715,7324,8014,8703,false,rp1:487d6caf6e3c1adc6c0f1fd3899db042,rust-rfcs,rust-rfcs/files/text/0404-change-prefer-dynamic.md,G0-CODESPAN-DELIM-BREAK|rust-rfcs/files/text/0404-change-prefer-dynamic.md|code_span#4@2373-2392,break_restore_pair,1,RESTORE,E5_INLINE_DELIMITER,,,delimiter_restore,6861,1,2373,2373,1,6862,34,901,2,1,1,889,0.129554,0.149228,0.298455
edit_write,e35afeecd6c593f0e1d6bc9d348cdfe5988aa9b28e44f2f1e496df57f64ac65e,H4,200,236,4282,4675,4478,4865,false,rp1:487d6caf6e3c1adc6c0f1fd3899db042,rust-rfcs,rust-rfcs/files/text/0404-change-prefer-dynamic.md,G0-CODESPAN-DELIM-BREAK|rust-rfcs/files/text/0404-change-prefer-dynamic.md|code_span#4@2373-2392,break_restore_pair,1,RESTORE,E5_INLINE_DELIMITER,,,delimiter_restore,6861,1,2373,2373,1,6862,34,901,2,1,1,889,0.129554,0.149228,0.298455
edit_write,e3fa0aba7389e3ce36094559998df525d3eca3f91a17de6a407779eb041f20e2,H1,44,50,71085,82344,71127,82387,false,rp1:e72b000b6e2e7ffd269a66873e56f05d,oci-image,oci-image/files/considerations.md,G0-LIST-ITEM-INDENT|oci-image/files/considerations.md|list_item#3@642-727,break_restore_pair,0,BREAK,E3_CONTAINER_DEPTH,early,0.102099,indent_deepen,6288,2,642,642,2,6288,64,530,2,8,8,284,0.045165,1.628499,2.605598
edit_write,e3fa0aba7389e3ce36094559998df525d3eca3f91a17de6a407779eb041f20e2,H2,98,138,19265,20808,19362,20937,false,rp1:e72b000b6e2e7ffd269a66873e56f05d,oci-image,oci-image/files/considerations.md,G0-LIST-ITEM-INDENT|oci-image/files/considerations.md|list_item#3@642-727,break_restore_pair,0,BREAK,E3_CONTAINER_DEPTH,early,0.102099,indent_deepen,6288,2,642,642,2,6288,64,530,2,8,8,284,0.045165,1.628499,2.605598
edit_write,e3fa0aba7389e3ce36094559998df525d3eca3f91a17de6a407779eb041f20e2,H0,37,49,43475,56681,43512,56712,false,rp1:e72b000b6e2e7ffd269a66873e56f05d,oci-image,oci-image/files/considerations.md,G0-LIST-ITEM-INDENT|oci-image/files/considerations.md|list_item#3@642-727,break_restore_pair,0,BREAK,E3_CONTAINER_DEPTH,early,0.102099,indent_deepen,6288,2,642,642,2,6288,64,530,2,8,8,284,0.045165,1.628499,2.605598
edit_write,e3fa0aba7389e3ce36094559998df525d3eca3f91a17de6a407779eb041f20e2,H3,2247,2420,15740,16580,17946,18962,false,rp1:e72b000b6e2e7ffd269a66873e56f05d,oci-image,oci-image/files/considerations.md,G0-LIST-ITEM-INDENT|oci-image/files/considerations.md|list_item#3@642-727,break_restore_pair,0,BREAK,E3_CONTAINER_DEPTH,early,0.102099,indent_deepen,6288,2,642,642,2,6288,64,530,2,8,8,284,0.045165,1.628499,2.605598
edit_write,e3fa0aba7389e3ce36094559998df525d3eca3f91a17de6a407779eb041f20e2,H4,499,548,11097,12062,11596,12581,false,rp1:e72b000b6e2e7ffd269a66873e56f05d,oci-image,oci-image/files/considerations.md,G0-LIST-ITEM-INDENT|oci-image/files/considerations.md|list_item#3@642-727,break_restore_pair,0,BREAK,E3_CONTAINER_DEPTH,early,0.102099,indent_deepen,6288,2,642,642,2,6288,64,530,2,8,8,284,0.045165,1.628499,2.605598
edit_write,e46709f6e4c8f8150c0a193e0f0185d0669b6736e15f7af0c4e989a1b4cdf0af,H1,43,50,15954,17276,16003,17303,false,rp1:ccb125f0e25aa7c12dff113a340fd697,rust-book,rust-book/files/src/appendix-05-editions.md,G0-CODESPAN-DELIM-BREAK|rust-book/files/src/appendix-05-editions.md|code_span#2@1546-1552,break_restore_pair,1,RESTORE,E5_INLINE_DELIMITER,,,delimiter_restore,3074,1,1546,1546,1,3075,15,480,2,1,1,0,0,0,0.666016
edit_write,e46709f6e4c8f8150c0a193e0f0185d0669b6736e15f7af0c4e989a1b4cdf0af,H2,68,111,5869,6318,5936,6390,false,rp1:ccb125f0e25aa7c12dff113a340fd697,rust-book,rust-book/files/src/appendix-05-editions.md,G0-CODESPAN-DELIM-BREAK|rust-book/files/src/appendix-05-editions.md|code_span#2@1546-1552,break_restore_pair,1,RESTORE,E5_INLINE_DELIMITER,,,delimiter_restore,3074,1,1546,1546,1,3075,15,480,2,1,1,0,0,0,0.666016
edit_write,e46709f6e4c8f8150c0a193e0f0185d0669b6736e15f7af0c4e989a1b4cdf0af,H0,31,50,11576,12454,11620,12485,false,rp1:ccb125f0e25aa7c12dff113a340fd697,rust-book,rust-book/files/src/appendix-05-editions.md,G0-CODESPAN-DELIM-BREAK|rust-book/files/src/appendix-05-editions.md|code_span#2@1546-1552,break_restore_pair,1,RESTORE,E5_INLINE_DELIMITER,,,delimiter_restore,3074,1,1546,1546,1,3075,15,480,2,1,1,0,0,0,0.666016
edit_write,e46709f6e4c8f8150c0a193e0f0185d0669b6736e15f7af0c4e989a1b4cdf0af,H3,805,976,4618,5297,5534,6351,false,rp1:ccb125f0e25aa7c12dff113a340fd697,rust-book,rust-book/files/src/appendix-05-editions.md,G0-CODESPAN-DELIM-BREAK|rust-book/files/src/appendix-05-editions.md|code_span#2@1546-1552,break_restore_pair,1,RESTORE,E5_INLINE_DELIMITER,,,delimiter_restore,3074,1,1546,1546,1,3075,15,480,2,1,1,0,0,0,0.666016
edit_write,e46709f6e4c8f8150c0a193e0f0185d0669b6736e15f7af0c4e989a1b4cdf0af,H4,111,188,2973,3498,3089,3639,false,rp1:ccb125f0e25aa7c12dff113a340fd697,rust-book,rust-book/files/src/appendix-05-editions.md,G0-CODESPAN-DELIM-BREAK|rust-book/files/src/appendix-05-editions.md|code_span#2@1546-1552,break_restore_pair,1,RESTORE,E5_INLINE_DELIMITER,,,delimiter_restore,3074,1,1546,1546,1,3075,15,480,2,1,1,0,0,0,0.666016
edit_write,e52482b490ffa6f110fef0462767e13ec236040da0152277b8dc741b36946264,H1,44,52,72121,89718,72182,89769,false,rp1:b0b6ac31b280c6ac26f9359e34baa44d,rust-rfcs,rust-rfcs/files/text/3289-source_replacement_ambiguity.md,G0-LOCAL-TEXT-REPLACE-EQ|rust-rfcs/files/text/3289-source_replacement_ambiguity.md|text#69@3624-3640,single_step,0,SINGLE,E1_LOCAL_TEXT,middle,0.502705,replace_eq,7209,7,3632,3639,7,7209,72,301,2,10,2,322,0.044666,0.426134,1.704536
edit_write,e52482b490ffa6f110fef0462767e13ec236040da0152277b8dc741b36946264,H2,107,145,22936,28719,23045,28829,false,rp1:b0b6ac31b280c6ac26f9359e34baa44d,rust-rfcs,rust-rfcs/files/text/3289-source_replacement_ambiguity.md,G0-LOCAL-TEXT-REPLACE-EQ|rust-rfcs/files/text/3289-source_replacement_ambiguity.md|text#69@3624-3640,single_step,0,SINGLE,E1_LOCAL_TEXT,middle,0.502705,replace_eq,7209,7,3632,3639,7,7209,72,301,2,10,2,322,0.044666,0.426134,1.704536
edit_write,e52482b490ffa6f110fef0462767e13ec236040da0152277b8dc741b36946264,H0,36,52,47991,54171,48027,54193,false,rp1:b0b6ac31b280c6ac26f9359e34baa44d,rust-rfcs,rust-rfcs/files/text/3289-source_replacement_ambiguity.md,G0-LOCAL-TEXT-REPLACE-EQ|rust-rfcs/files/text/3289-source_replacement_ambiguity.md|text#69@3624-3640,single_step,0,SINGLE,E1_LOCAL_TEXT,middle,0.502705,replace_eq,7209,7,3632,3639,7,7209,72,301,2,10,2,322,0.044666,0.426134,1.704536
edit_write,e52482b490ffa6f110fef0462767e13ec236040da0152277b8dc741b36946264,H3,3295,3478,19498,20939,22893,28506,false,rp1:b0b6ac31b280c6ac26f9359e34baa44d,rust-rfcs,rust-rfcs/files/text/3289-source_replacement_ambiguity.md,G0-LOCAL-TEXT-REPLACE-EQ|rust-rfcs/files/text/3289-source_replacement_ambiguity.md|text#69@3624-3640,single_step,0,SINGLE,E1_LOCAL_TEXT,middle,0.502705,replace_eq,7209,7,3632,3639,7,7209,72,301,2,10,2,322,0.044666,0.426134,1.704536
edit_write,e52482b490ffa6f110fef0462767e13ec236040da0152277b8dc741b36946264,H4,602,660,13389,14637,13982,15299,false,rp1:b0b6ac31b280c6ac26f9359e34baa44d,rust-rfcs,rust-rfcs/files/text/3289-source_replacement_ambiguity.md,G0-LOCAL-TEXT-REPLACE-EQ|rust-rfcs/files/text/3289-source_replacement_ambiguity.md|text#69@3624-3640,single_step,0,SINGLE,E1_LOCAL_TEXT,middle,0.502705,replace_eq,7209,7,3632,3639,7,7209,72,301,2,10,2,322,0.044666,0.426134,1.704536
edit_write,e56d62a77dba18eae80e137fa93b491150bc071d70c387c71ffeb7b1144e9ce9,H1,42,50,6109,6546,6152,6596,false,rp1:975e5c4947f846ca7f380789a1e74032,opentelemetry-spec,opentelemetry-spec/files/specification/library-layout.md,G0-LOCAL-TEXT-REPLACE-EQ|opentelemetry-spec/files/specification/library-layout.md|text#41@2646-2662,single_step,0,SINGLE,E1_LOCAL_TEXT,late,0.898777,replace_eq,2944,8,2650,2658,8,2944,40,330,2,0,0,367,0.124660,0.695652,0
edit_write,e56d62a77dba18eae80e137fa93b491150bc071d70c387c71ffeb7b1144e9ce9,H2,79,124,11029,11840,11091,11964,false,rp1:975e5c4947f846ca7f380789a1e74032,opentelemetry-spec,opentelemetry-spec/files/specification/library-layout.md,G0-LOCAL-TEXT-REPLACE-EQ|opentelemetry-spec/files/specification/library-layout.md|text#41@2646-2662,single_step,0,SINGLE,E1_LOCAL_TEXT,late,0.898777,replace_eq,2944,8,2650,2658,8,2944,40,330,2,0,0,367,0.124660,0.695652,0
edit_write,e56d62a77dba18eae80e137fa93b491150bc071d70c387c71ffeb7b1144e9ce9,H0,44,49,18802,20431,18853,20477,false,rp1:975e5c4947f846ca7f380789a1e74032,opentelemetry-spec,opentelemetry-spec/files/specification/library-layout.md,G0-LOCAL-TEXT-REPLACE-EQ|opentelemetry-spec/files/specification/library-layout.md|text#41@2646-2662,single_step,0,SINGLE,E1_LOCAL_TEXT,late,0.898777,replace_eq,2944,8,2650,2658,8,2944,40,330,2,0,0,367,0.124660,0.695652,0
edit_write,e56d62a77dba18eae80e137fa93b491150bc071d70c387c71ffeb7b1144e9ce9,H3,1518,1667,7696,8416,9220,10085,false,rp1:975e5c4947f846ca7f380789a1e74032,opentelemetry-spec,opentelemetry-spec/files/specification/library-layout.md,G0-LOCAL-TEXT-REPLACE-EQ|opentelemetry-spec/files/specification/library-layout.md|text#41@2646-2662,single_step,0,SINGLE,E1_LOCAL_TEXT,late,0.898777,replace_eq,2944,8,2650,2658,8,2944,40,330,2,0,0,367,0.124660,0.695652,0
edit_write,e56d62a77dba18eae80e137fa93b491150bc071d70c387c71ffeb7b1144e9ce9,H4,211,273,4525,4851,4758,5111,false,rp1:975e5c4947f846ca7f380789a1e74032,opentelemetry-spec,opentelemetry-spec/files/specification/library-layout.md,G0-LOCAL-TEXT-REPLACE-EQ|opentelemetry-spec/files/specification/library-layout.md|text#41@2646-2662,single_step,0,SINGLE,E1_LOCAL_TEXT,late,0.898777,replace_eq,2944,8,2650,2658,8,2944,40,330,2,0,0,367,0.124660,0.695652,0
edit_write,e5feaf72a5564ee9e88ab2df002883d6f6afc96280e4b3ef6294d64d1167452f,H1,41,56,40551,50763,40610,50801,false,rp1:1e9790654949249f5d77fd7a03eda644,crafting-interpreters,crafting-interpreters/files/note/answers/chapter13_inheritance/1.md,G0-FENCE-CLOSER-REMOVE|crafting-interpreters/files/note/answers/chapter13_inheritance/1.md|code_block_fenced#0@984-1091,break_restore_pair,0,BREAK,E4_FENCE_OPEN_CLOSE,early,0.105128,close_break,9360,3,1088,1091,0,9360,49,759,2,0,0,5228,0.558547,2.188034,0
edit_write,e5feaf72a5564ee9e88ab2df002883d6f6afc96280e4b3ef6294d64d1167452f,H2,71,95,11479,12708,11599,12783,false,rp1:1e9790654949249f5d77fd7a03eda644,crafting-interpreters,crafting-interpreters/files/note/answers/chapter13_inheritance/1.md,G0-FENCE-CLOSER-REMOVE|crafting-interpreters/files/note/answers/chapter13_inheritance/1.md|code_block_fenced#0@984-1091,break_restore_pair,0,BREAK,E4_FENCE_OPEN_CLOSE,early,0.105128,close_break,9360,3,1088,1091,0,9360,49,759,2,0,0,5228,0.558547,2.188034,0
edit_write,e5feaf72a5564ee9e88ab2df002883d6f6afc96280e4b3ef6294d64d1167452f,H0,32,43,27144,32542,27176,32586,false,rp1:1e9790654949249f5d77fd7a03eda644,crafting-interpreters,crafting-interpreters/files/note/answers/chapter13_inheritance/1.md,G0-FENCE-CLOSER-REMOVE|crafting-interpreters/files/note/answers/chapter13_inheritance/1.md|code_block_fenced#0@984-1091,break_restore_pair,0,BREAK,E4_FENCE_OPEN_CLOSE,early,0.105128,close_break,9360,3,1088,1091,0,9360,49,759,2,0,0,5228,0.558547,2.188034,0
edit_write,e5feaf72a5564ee9e88ab2df002883d6f6afc96280e4b3ef6294d64d1167452f,H3,1405,1519,7960,8759,9396,10183,false,rp1:1e9790654949249f5d77fd7a03eda644,crafting-interpreters,crafting-interpreters/files/note/answers/chapter13_inheritance/1.md,G0-FENCE-CLOSER-REMOVE|crafting-interpreters/files/note/answers/chapter13_inheritance/1.md|code_block_fenced#0@984-1091,break_restore_pair,0,BREAK,E4_FENCE_OPEN_CLOSE,early,0.105128,close_break,9360,3,1088,1091,0,9360,49,759,2,0,0,5228,0.558547,2.188034,0
edit_write,e5feaf72a5564ee9e88ab2df002883d6f6afc96280e4b3ef6294d64d1167452f,H4,272,310,4882,5262,5134,5597,false,rp1:1e9790654949249f5d77fd7a03eda644,crafting-interpreters,crafting-interpreters/files/note/answers/chapter13_inheritance/1.md,G0-FENCE-CLOSER-REMOVE|crafting-interpreters/files/note/answers/chapter13_inheritance/1.md|code_block_fenced#0@984-1091,break_restore_pair,0,BREAK,E4_FENCE_OPEN_CLOSE,early,0.105128,close_break,9360,3,1088,1091,0,9360,49,759,2,0,0,5228,0.558547,2.188034,0
edit_write,e640032fcb4b41cabefdda40065e68885bee492b6898b5507867044f4955ac77,H1,38,51,39582,52248,39626,52318,false,rp1:69d0c687c6f129f07a0b84d28b203454,crafting-interpreters,crafting-interpreters/files/note/answers/chapter13_inheritance/1.md,G0-FENCE-CLOSER-REMOVE|crafting-interpreters/files/note/answers/chapter13_inheritance/1.md|code_block_fenced#11@4256-4766,break_restore_pair,0,BREAK,E4_FENCE_OPEN_CLOSE,middle,0.454701,close_break,9360,3,4763,4766,0,9360,49,759,2,0,0,5228,0.558547,2.188034,0
edit_write,e640032fcb4b41cabefdda40065e68885bee492b6898b5507867044f4955ac77,H2,79,117,12487,13407,12556,13543,false,rp1:69d0c687c6f129f07a0b84d28b203454,crafting-interpreters,crafting-interpreters/files/note/answers/chapter13_inheritance/1.md,G0-FENCE-CLOSER-REMOVE|crafting-interpreters/files/note/answers/chapter13_inheritance/1.md|code_block_fenced#11@4256-4766,break_restore_pair,0,BREAK,E4_FENCE_OPEN_CLOSE,middle,0.454701,close_break,9360,3,4763,4766,0,9360,49,759,2,0,0,5228,0.558547,2.188034,0
edit_write,e640032fcb4b41cabefdda40065e68885bee492b6898b5507867044f4955ac77,H0,32,47,26562,31138,26606,31167,false,rp1:69d0c687c6f129f07a0b84d28b203454,crafting-interpreters,crafting-interpreters/files/note/answers/chapter13_inheritance/1.md,G0-FENCE-CLOSER-REMOVE|crafting-interpreters/files/note/answers/chapter13_inheritance/1.md|code_block_fenced#11@4256-4766,break_restore_pair,0,BREAK,E4_FENCE_OPEN_CLOSE,middle,0.454701,close_break,9360,3,4763,4766,0,9360,49,759,2,0,0,5228,0.558547,2.188034,0
edit_write,e640032fcb4b41cabefdda40065e68885bee492b6898b5507867044f4955ac77,H3,1761,1960,9116,9833,10878,11738,false,rp1:69d0c687c6f129f07a0b84d28b203454,crafting-interpreters,crafting-interpreters/files/note/answers/chapter13_inheritance/1.md,G0-FENCE-CLOSER-REMOVE|crafting-interpreters/files/note/answers/chapter13_inheritance/1.md|code_block_fenced#11@4256-4766,break_restore_pair,0,BREAK,E4_FENCE_OPEN_CLOSE,middle,0.454701,close_break,9360,3,4763,4766,0,9360,49,759,2,0,0,5228,0.558547,2.188034,0
edit_write,e640032fcb4b41cabefdda40065e68885bee492b6898b5507867044f4955ac77,H4,269,313,5572,6454,5840,6726,false,rp1:69d0c687c6f129f07a0b84d28b203454,crafting-interpreters,crafting-interpreters/files/note/answers/chapter13_inheritance/1.md,G0-FENCE-CLOSER-REMOVE|crafting-interpreters/files/note/answers/chapter13_inheritance/1.md|code_block_fenced#11@4256-4766,break_restore_pair,0,BREAK,E4_FENCE_OPEN_CLOSE,middle,0.454701,close_break,9360,3,4763,4766,0,9360,49,759,2,0,0,5228,0.558547,2.188034,0
edit_write,e650830d8dfdf9ba117cae8186a3a497fef863f83c0ac1b3c9c87ecd795d3fe4,H1,52,60,78165,88579,78208,88639,false,rp1:d4c6b50cbc29697ac644beb22c64f05d,rust-rfcs,rust-rfcs/files/text/3289-source_replacement_ambiguity.md,G0-PARAGRAPH-SPLIT|rust-rfcs/files/text/3289-source_replacement_ambiguity.md|paragraph#6@691-837,single_step,0,SINGLE,E2_PARAGRAPH_SPLIT_MERGE,early,0.095852,split,7209,2,760,761,2,7209,72,301,2,10,2,322,0.044666,0.426134,1.704536
edit_write,e650830d8dfdf9ba117cae8186a3a497fef863f83c0ac1b3c9c87ecd795d3fe4,H2,114,162,28909,31333,29009,31487,false,rp1:d4c6b50cbc29697ac644beb22c64f05d,rust-rfcs,rust-rfcs/files/text/3289-source_replacement_ambiguity.md,G0-PARAGRAPH-SPLIT|rust-rfcs/files/text/3289-source_replacement_ambiguity.md|paragraph#6@691-837,single_step,0,SINGLE,E2_PARAGRAPH_SPLIT_MERGE,early,0.095852,split,7209,2,760,761,2,7209,72,301,2,10,2,322,0.044666,0.426134,1.704536
edit_write,e650830d8dfdf9ba117cae8186a3a497fef863f83c0ac1b3c9c87ecd795d3fe4,H0,37,55,49271,63042,49308,63090,false,rp1:d4c6b50cbc29697ac644beb22c64f05d,rust-rfcs,rust-rfcs/files/text/3289-source_replacement_ambiguity.md,G0-PARAGRAPH-SPLIT|rust-rfcs/files/text/3289-source_replacement_ambiguity.md|paragraph#6@691-837,single_step,0,SINGLE,E2_PARAGRAPH_SPLIT_MERGE,early,0.095852,split,7209,2,760,761,2,7209,72,301,2,10,2,322,0.044666,0.426134,1.704536
edit_write,e650830d8dfdf9ba117cae8186a3a497fef863f83c0ac1b3c9c87ecd795d3fe4,H3,3476,3656,25456,27343,28900,31002,false,rp1:d4c6b50cbc29697ac644beb22c64f05d,rust-rfcs,rust-rfcs/files/text/3289-source_replacement_ambiguity.md,G0-PARAGRAPH-SPLIT|rust-rfcs/files/text/3289-source_replacement_ambiguity.md|paragraph#6@691-837,single_step,0,SINGLE,E2_PARAGRAPH_SPLIT_MERGE,early,0.095852,split,7209,2,760,761,2,7209,72,301,2,10,2,322,0.044666,0.426134,1.704536
edit_write,e650830d8dfdf9ba117cae8186a3a497fef863f83c0ac1b3c9c87ecd795d3fe4,H4,536,601,17079,18752,17595,19353,false,rp1:d4c6b50cbc29697ac644beb22c64f05d,rust-rfcs,rust-rfcs/files/text/3289-source_replacement_ambiguity.md,G0-PARAGRAPH-SPLIT|rust-rfcs/files/text/3289-source_replacement_ambiguity.md|paragraph#6@691-837,single_step,0,SINGLE,E2_PARAGRAPH_SPLIT_MERGE,early,0.095852,split,7209,2,760,761,2,7209,72,301,2,10,2,322,0.044666,0.426134,1.704536
edit_write,e68cd754c3dac6c5c22c04510cdf4a6e94ab2156c9c8dee1092ac354741ac651,H1,43,51,67756,80121,67794,80168,false,rp1:3669d7f16be198cb2eb2cd51b6929f03,oci-image,oci-image/files/considerations.md,G0-FENCE-CLOSER-REMOVE|oci-image/files/considerations.md|code_block_fenced#0@2627-2660,break_restore_pair,0,BREAK,E4_FENCE_OPEN_CLOSE,early,0.417780,close_break,6288,3,2657,2660,0,6288,64,530,2,8,8,284,0.045165,1.628499,2.605598
edit_write,e68cd754c3dac6c5c22c04510cdf4a6e94ab2156c9c8dee1092ac354741ac651,H2,90,135,15685,17152,15791,17290,false,rp1:3669d7f16be198cb2eb2cd51b6929f03,oci-image,oci-image/files/considerations.md,G0-FENCE-CLOSER-REMOVE|oci-image/files/considerations.md|code_block_fenced#0@2627-2660,break_restore_pair,0,BREAK,E4_FENCE_OPEN_CLOSE,early,0.417780,close_break,6288,3,2657,2660,0,6288,64,530,2,8,8,284,0.045165,1.628499,2.605598
edit_write,e68cd754c3dac6c5c22c04510cdf4a6e94ab2156c9c8dee1092ac354741ac651,H0,36,42,42097,55357,42130,55398,false,rp1:3669d7f16be198cb2eb2cd51b6929f03,oci-image,oci-image/files/considerations.md,G0-FENCE-CLOSER-REMOVE|oci-image/files/considerations.md|code_block_fenced#0@2627-2660,break_restore_pair,0,BREAK,E4_FENCE_OPEN_CLOSE,early,0.417780,close_break,6288,3,2657,2660,0,6288,64,530,2,8,8,284,0.045165,1.628499,2.605598
edit_write,e68cd754c3dac6c5c22c04510cdf4a6e94ab2156c9c8dee1092ac354741ac651,H3,2053,2239,12267,13341,14316,15525,false,rp1:3669d7f16be198cb2eb2cd51b6929f03,oci-image,oci-image/files/considerations.md,G0-FENCE-CLOSER-REMOVE|oci-image/files/considerations.md|code_block_fenced#0@2627-2660,break_restore_pair,0,BREAK,E4_FENCE_OPEN_CLOSE,early,0.417780,close_break,6288,3,2657,2660,0,6288,64,530,2,8,8,284,0.045165,1.628499,2.605598
edit_write,e68cd754c3dac6c5c22c04510cdf4a6e94ab2156c9c8dee1092ac354741ac651,H4,413,466,8211,9968,8588,20188,false,rp1:3669d7f16be198cb2eb2cd51b6929f03,oci-image,oci-image/files/considerations.md,G0-FENCE-CLOSER-REMOVE|oci-image/files/considerations.md|code_block_fenced#0@2627-2660,break_restore_pair,0,BREAK,E4_FENCE_OPEN_CLOSE,early,0.417780,close_break,6288,3,2657,2660,0,6288,64,530,2,8,8,284,0.045165,1.628499,2.605598
edit_write,e9cac494e2a3b9d05dc05c8eeffb7d84337317220ec3075084bacbfb9ae3155f,H1,44,57,40576,53019,40626,53083,false,rp1:49bc4ed36d14311d54b32d0bd5e431be,crafting-interpreters,crafting-interpreters/files/note/answers/chapter13_inheritance/1.md,G0-FENCE-CLOSER-REMOVE|crafting-interpreters/files/note/answers/chapter13_inheritance/1.md|code_block_fenced#17@8831-8894,break_restore_pair,0,BREAK,E4_FENCE_OPEN_CLOSE,late,0.943483,close_break,9360,3,8891,8894,0,9360,49,759,2,0,0,5228,0.558547,2.188034,0
edit_write,e9cac494e2a3b9d05dc05c8eeffb7d84337317220ec3075084bacbfb9ae3155f,H2,63,109,11598,12273,11671,12319,false,rp1:49bc4ed36d14311d54b32d0bd5e431be,crafting-interpreters,crafting-interpreters/files/note/answers/chapter13_inheritance/1.md,G0-FENCE-CLOSER-REMOVE|crafting-interpreters/files/note/answers/chapter13_inheritance/1.md|code_block_fenced#17@8831-8894,break_restore_pair,0,BREAK,E4_FENCE_OPEN_CLOSE,late,0.943483,close_break,9360,3,8891,8894,0,9360,49,759,2,0,0,5228,0.558547,2.188034,0
edit_write,e9cac494e2a3b9d05dc05c8eeffb7d84337317220ec3075084bacbfb9ae3155f,H0,33,51,27342,30039,27374,30069,false,rp1:49bc4ed36d14311d54b32d0bd5e431be,crafting-interpreters,crafting-interpreters/files/note/answers/chapter13_inheritance/1.md,G0-FENCE-CLOSER-REMOVE|crafting-interpreters/files/note/answers/chapter13_inheritance/1.md|code_block_fenced#17@8831-8894,break_restore_pair,0,BREAK,E4_FENCE_OPEN_CLOSE,late,0.943483,close_break,9360,3,8891,8894,0,9360,49,759,2,0,0,5228,0.558547,2.188034,0
edit_write,e9cac494e2a3b9d05dc05c8eeffb7d84337317220ec3075084bacbfb9ae3155f,H3,1483,1567,7846,8552,9336,10045,false,rp1:49bc4ed36d14311d54b32d0bd5e431be,crafting-interpreters,crafting-interpreters/files/note/answers/chapter13_inheritance/1.md,G0-FENCE-CLOSER-REMOVE|crafting-interpreters/files/note/answers/chapter13_inheritance/1.md|code_block_fenced#17@8831-8894,break_restore_pair,0,BREAK,E4_FENCE_OPEN_CLOSE,late,0.943483,close_break,9360,3,8891,8894,0,9360,49,759,2,0,0,5228,0.558547,2.188034,0
edit_write,e9cac494e2a3b9d05dc05c8eeffb7d84337317220ec3075084bacbfb9ae3155f,H4,242,292,4699,5354,4944,5646,false,rp1:49bc4ed36d14311d54b32d0bd5e431be,crafting-interpreters,crafting-interpreters/files/note/answers/chapter13_inheritance/1.md,G0-FENCE-CLOSER-REMOVE|crafting-interpreters/files/note/answers/chapter13_inheritance/1.md|code_block_fenced#17@8831-8894,break_restore_pair,0,BREAK,E4_FENCE_OPEN_CLOSE,late,0.943483,close_break,9360,3,8891,8894,0,9360,49,759,2,0,0,5228,0.558547,2.188034,0
edit_write,ea21bb524195d67cb8bd7e44d83f9b06b41e4674b76beefe64e748dc9dcb09d5,H1,45,55,72585,93248,72619,93318,false,rp1:dea552e083f385483ff3c592337326f2,rust-rfcs,rust-rfcs/files/text/3289-source_replacement_ambiguity.md,G0-LOCAL-TEXT-REPLACE-EQ|rust-rfcs/files/text/3289-source_replacement_ambiguity.md|text#16@691-775,single_step,0,SINGLE,E1_LOCAL_TEXT,early,0.095852,replace_eq,7209,8,742,750,8,7209,72,301,2,10,2,322,0.044666,0.426134,1.704536
edit_write,ea21bb524195d67cb8bd7e44d83f9b06b41e4674b76beefe64e748dc9dcb09d5,H2,114,200,26527,44940,26640,45396,false,rp1:dea552e083f385483ff3c592337326f2,rust-rfcs,rust-rfcs/files/text/3289-source_replacement_ambiguity.md,G0-LOCAL-TEXT-REPLACE-EQ|rust-rfcs/files/text/3289-source_replacement_ambiguity.md|text#16@691-775,single_step,0,SINGLE,E1_LOCAL_TEXT,early,0.095852,replace_eq,7209,8,742,750,8,7209,72,301,2,10,2,322,0.044666,0.426134,1.704536
edit_write,ea21bb524195d67cb8bd7e44d83f9b06b41e4674b76beefe64e748dc9dcb09d5,H0,37,50,47810,60944,47841,60988,false,rp1:dea552e083f385483ff3c592337326f2,rust-rfcs,rust-rfcs/files/text/3289-source_replacement_ambiguity.md,G0-LOCAL-TEXT-REPLACE-EQ|rust-rfcs/files/text/3289-source_replacement_ambiguity.md|text#16@691-775,single_step,0,SINGLE,E1_LOCAL_TEXT,early,0.095852,replace_eq,7209,8,742,750,8,7209,72,301,2,10,2,322,0.044666,0.426134,1.704536
edit_write,ea21bb524195d67cb8bd7e44d83f9b06b41e4674b76beefe64e748dc9dcb09d5,H3,3534,3905,23121,41462,26646,45025,false,rp1:dea552e083f385483ff3c592337326f2,rust-rfcs,rust-rfcs/files/text/3289-source_replacement_ambiguity.md,G0-LOCAL-TEXT-REPLACE-EQ|rust-rfcs/files/text/3289-source_replacement_ambiguity.md|text#16@691-775,single_step,0,SINGLE,E1_LOCAL_TEXT,early,0.095852,replace_eq,7209,8,742,750,8,7209,72,301,2,10,2,322,0.044666,0.426134,1.704536
edit_write,ea21bb524195d67cb8bd7e44d83f9b06b41e4674b76beefe64e748dc9dcb09d5,H4,525,581,15258,16670,15778,17205,false,rp1:dea552e083f385483ff3c592337326f2,rust-rfcs,rust-rfcs/files/text/3289-source_replacement_ambiguity.md,G0-LOCAL-TEXT-REPLACE-EQ|rust-rfcs/files/text/3289-source_replacement_ambiguity.md|text#16@691-775,single_step,0,SINGLE,E1_LOCAL_TEXT,early,0.095852,replace_eq,7209,8,742,750,8,7209,72,301,2,10,2,322,0.044666,0.426134,1.704536
edit_write,eaada7a97bf42c495f0e4a30c807aab4230e1c800c17df3e814742137b46ac65,H1,44,55,33936,36071,34011,36115,false,rp1:51e9e1964fa1f7be9b7d9d06c74fdf99,rust-rfcs,rust-rfcs/files/text/0404-change-prefer-dynamic.md,G0-CODESPAN-DELIM-BREAK|rust-rfcs/files/text/0404-change-prefer-dynamic.md|code_span#7@6496-6506,break_restore_pair,0,BREAK,E5_INLINE_DELIMITER,late,0.946663,delimiter_break,6862,1,6496,6497,0,6862,34,901,2,1,1,889,0.129554,0.149228,0.298455
edit_write,eaada7a97bf42c495f0e4a30c807aab4230e1c800c17df3e814742137b46ac65,H2,78,118,9492,10383,9555,10449,false,rp1:51e9e1964fa1f7be9b7d9d06c74fdf99,rust-rfcs,rust-rfcs/files/text/0404-change-prefer-dynamic.md,G0-CODESPAN-DELIM-BREAK|rust-rfcs/files/text/0404-change-prefer-dynamic.md|code_span#7@6496-6506,break_restore_pair,0,BREAK,E5_INLINE_DELIMITER,late,0.946663,delimiter_break,6862,1,6496,6497,0,6862,34,901,2,1,1,889,0.129554,0.149228,0.298455
edit_write,eaada7a97bf42c495f0e4a30c807aab4230e1c800c17df3e814742137b46ac65,H0,34,53,24093,25526,24131,25567,false,rp1:51e9e1964fa1f7be9b7d9d06c74fdf99,rust-rfcs,rust-rfcs/files/text/0404-change-prefer-dynamic.md,G0-CODESPAN-DELIM-BREAK|rust-rfcs/files/text/0404-change-prefer-dynamic.md|code_span#7@6496-6506,break_restore_pair,0,BREAK,E5_INLINE_DELIMITER,late,0.946663,delimiter_break,6862,1,6496,6497,0,6862,34,901,2,1,1,889,0.129554,0.149228,0.298455
edit_write,eaada7a97bf42c495f0e4a30c807aab4230e1c800c17df3e814742137b46ac65,H3,1449,1597,7017,7579,8446,9168,false,rp1:51e9e1964fa1f7be9b7d9d06c74fdf99,rust-rfcs,rust-rfcs/files/text/0404-change-prefer-dynamic.md,G0-CODESPAN-DELIM-BREAK|rust-rfcs/files/text/0404-change-prefer-dynamic.md|code_span#7@6496-6506,break_restore_pair,0,BREAK,E5_INLINE_DELIMITER,late,0.946663,delimiter_break,6862,1,6496,6497,0,6862,34,901,2,1,1,889,0.129554,0.149228,0.298455
edit_write,eaada7a97bf42c495f0e4a30c807aab4230e1c800c17df3e814742137b46ac65,H4,170,200,4509,5033,4682,5228,false,rp1:51e9e1964fa1f7be9b7d9d06c74fdf99,rust-rfcs,rust-rfcs/files/text/0404-change-prefer-dynamic.md,G0-CODESPAN-DELIM-BREAK|rust-rfcs/files/text/0404-change-prefer-dynamic.md|code_span#7@6496-6506,break_restore_pair,0,BREAK,E5_INLINE_DELIMITER,late,0.946663,delimiter_break,6862,1,6496,6497,0,6862,34,901,2,1,1,889,0.129554,0.149228,0.298455
edit_write,ecdec5e939c073acfbc351d68258389a216c2463007458b61e13705fe5f37f2e,H1,46,61,33770,36065,33834,36109,false,rp1:3a77415bd4caa03cfc046b7d046c40ec,rust-rfcs,rust-rfcs/files/text/0404-change-prefer-dynamic.md,G0-CODESPAN-DELIM-BREAK|rust-rfcs/files/text/0404-change-prefer-dynamic.md|code_span#7@6496-6506,break_restore_pair,1,RESTORE,E5_INLINE_DELIMITER,,,delimiter_restore,6861,1,6496,6496,1,6862,34,901,2,1,1,889,0.129554,0.149228,0.298455
edit_write,ecdec5e939c073acfbc351d68258389a216c2463007458b61e13705fe5f37f2e,H2,71,108,9409,10285,9496,10388,false,rp1:3a77415bd4caa03cfc046b7d046c40ec,rust-rfcs,rust-rfcs/files/text/0404-change-prefer-dynamic.md,G0-CODESPAN-DELIM-BREAK|rust-rfcs/files/text/0404-change-prefer-dynamic.md|code_span#7@6496-6506,break_restore_pair,1,RESTORE,E5_INLINE_DELIMITER,,,delimiter_restore,6861,1,6496,6496,1,6862,34,901,2,1,1,889,0.129554,0.149228,0.298455
edit_write,ecdec5e939c073acfbc351d68258389a216c2463007458b61e13705fe5f37f2e,H0,44,53,24222,29194,24274,29247,false,rp1:3a77415bd4caa03cfc046b7d046c40ec,rust-rfcs,rust-rfcs/files/text/0404-change-prefer-dynamic.md,G0-CODESPAN-DELIM-BREAK|rust-rfcs/files/text/0404-change-prefer-dynamic.md|code_span#7@6496-6506,break_restore_pair,1,RESTORE,E5_INLINE_DELIMITER,,,delimiter_restore,6861,1,6496,6496,1,6862,34,901,2,1,1,889,0.129554,0.149228,0.298455
edit_write,ecdec5e939c073acfbc351d68258389a216c2463007458b61e13705fe5f37f2e,H3,1438,1563,7175,7778,8524,9363,false,rp1:3a77415bd4caa03cfc046b7d046c40ec,rust-rfcs,rust-rfcs/files/text/0404-change-prefer-dynamic.md,G0-CODESPAN-DELIM-BREAK|rust-rfcs/files/text/0404-change-prefer-dynamic.md|code_span#7@6496-6506,break_restore_pair,1,RESTORE,E5_INLINE_DELIMITER,,,delimiter_restore,6861,1,6496,6496,1,6862,34,901,2,1,1,889,0.129554,0.149228,0.298455
edit_write,ecdec5e939c073acfbc351d68258389a216c2463007458b61e13705fe5f37f2e,H4,171,205,4431,5138,4597,5337,false,rp1:3a77415bd4caa03cfc046b7d046c40ec,rust-rfcs,rust-rfcs/files/text/0404-change-prefer-dynamic.md,G0-CODESPAN-DELIM-BREAK|rust-rfcs/files/text/0404-change-prefer-dynamic.md|code_span#7@6496-6506,break_restore_pair,1,RESTORE,E5_INLINE_DELIMITER,,,delimiter_restore,6861,1,6496,6496,1,6862,34,901,2,1,1,889,0.129554,0.149228,0.298455
edit_write,ed06094607cb4185d6f5db2ecf7d05957677881858b80727b1800d83b894e324,H1,41,52,10500,11161,10550,11206,false,rp1:dc5654e9e8c1a1bd173007523ac2a46e,d2l-en,d2l-en/files/chapter_appendix-tools-for-deep-learning/utils.md,G0-FENCE-CLOSER-REMOVE|d2l-en/files/chapter_appendix-tools-for-deep-learning/utils.md|code_block_fenced#8@4531-4879,break_restore_pair,1,RESTORE,E4_FENCE_OPEN_CLOSE,,,close_restore,44911,3,4876,4876,3,44914,39,4363,0,0,0,43880,0.976978,0.615576,0
edit_write,ed06094607cb4185d6f5db2ecf7d05957677881858b80727b1800d83b894e324,H2,92,108,15791,20953,15883,21033,false,rp1:dc5654e9e8c1a1bd173007523ac2a46e,d2l-en,d2l-en/files/chapter_appendix-tools-for-deep-learning/utils.md,G0-FENCE-CLOSER-REMOVE|d2l-en/files/chapter_appendix-tools-for-deep-learning/utils.md|code_block_fenced#8@4531-4879,break_restore_pair,1,RESTORE,E4_FENCE_OPEN_CLOSE,,,close_restore,44911,3,4876,4876,3,44914,39,4363,0,0,0,43880,0.976978,0.615576,0
edit_write,ed06094607cb4185d6f5db2ecf7d05957677881858b80727b1800d83b894e324,H0,44,51,53131,69077,53176,69114,false,rp1:dc5654e9e8c1a1bd173007523ac2a46e,d2l-en,d2l-en/files/chapter_appendix-tools-for-deep-learning/utils.md,G0-FENCE-CLOSER-REMOVE|d2l-en/files/chapter_appendix-tools-for-deep-learning/utils.md|code_block_fenced#8@4531-4879,break_restore_pair,1,RESTORE,E4_FENCE_OPEN_CLOSE,,,close_restore,44911,3,4876,4876,3,44914,39,4363,0,0,0,43880,0.976978,0.615576,0
edit_write,ed06094607cb4185d6f5db2ecf7d05957677881858b80727b1800d83b894e324,H3,2614,2830,12982,17683,15550,27326,false,rp1:dc5654e9e8c1a1bd173007523ac2a46e,d2l-en,d2l-en/files/chapter_appendix-tools-for-deep-learning/utils.md,G0-FENCE-CLOSER-REMOVE|d2l-en/files/chapter_appendix-tools-for-deep-learning/utils.md|code_block_fenced#8@4531-4879,break_restore_pair,1,RESTORE,E4_FENCE_OPEN_CLOSE,,,close_restore,44911,3,4876,4876,3,44914,39,4363,0,0,0,43880,0.976978,0.615576,0
edit_write,ed06094607cb4185d6f5db2ecf7d05957677881858b80727b1800d83b894e324,H4,240,277,10454,11544,10725,11809,false,rp1:dc5654e9e8c1a1bd173007523ac2a46e,d2l-en,d2l-en/files/chapter_appendix-tools-for-deep-learning/utils.md,G0-FENCE-CLOSER-REMOVE|d2l-en/files/chapter_appendix-tools-for-deep-learning/utils.md|code_block_fenced#8@4531-4879,break_restore_pair,1,RESTORE,E4_FENCE_OPEN_CLOSE,,,close_restore,44911,3,4876,4876,3,44914,39,4363,0,0,0,43880,0.976978,0.615576,0
edit_write,eea2d13af08d21f480e48d99d66b662ea0ade4cab0824f11b9d295994355b76b,H1,44,59,9343,9809,9393,9877,false,rp1:2b493f7033ea0b019589a7cf0b102aa5,opentelemetry-spec,opentelemetry-spec/files/specification/library-layout.md,G0-FENCE-CLOSER-REMOVE|opentelemetry-spec/files/specification/library-layout.md|code_block_fenced#0@390-616,break_restore_pair,0,BREAK,E4_FENCE_OPEN_CLOSE,early,0.132473,close_break,2944,3,613,616,0,2944,40,330,2,0,0,367,0.124660,0.695652,0
edit_write,eea2d13af08d21f480e48d99d66b662ea0ade4cab0824f11b9d295994355b76b,H2,81,114,12453,13185,12552,13288,false,rp1:2b493f7033ea0b019589a7cf0b102aa5,opentelemetry-spec,opentelemetry-spec/files/specification/library-layout.md,G0-FENCE-CLOSER-REMOVE|opentelemetry-spec/files/specification/library-layout.md|code_block_fenced#0@390-616,break_restore_pair,0,BREAK,E4_FENCE_OPEN_CLOSE,early,0.132473,close_break,2944,3,613,616,0,2944,40,330,2,0,0,367,0.124660,0.695652,0
edit_write,eea2d13af08d21f480e48d99d66b662ea0ade4cab0824f11b9d295994355b76b,H0,34,64,6114,6756,6157,6790,false,rp1:2b493f7033ea0b019589a7cf0b102aa5,opentelemetry-spec,opentelemetry-spec/files/specification/library-layout.md,G0-FENCE-CLOSER-REMOVE|opentelemetry-spec/files/specification/library-layout.md|code_block_fenced#0@390-616,break_restore_pair,0,BREAK,E4_FENCE_OPEN_CLOSE,early,0.132473,close_break,2944,3,613,616,0,2944,40,330,2,0,0,367,0.124660,0.695652,0
edit_write,eea2d13af08d21f480e48d99d66b662ea0ade4cab0824f11b9d295994355b76b,H3,1160,1318,9335,10025,10532,11332,false,rp1:2b493f7033ea0b019589a7cf0b102aa5,opentelemetry-spec,opentelemetry-spec/files/specification/library-layout.md,G0-FENCE-CLOSER-REMOVE|opentelemetry-spec/files/specification/library-layout.md|code_block_fenced#0@390-616,break_restore_pair,0,BREAK,E4_FENCE_OPEN_CLOSE,early,0.132473,close_break,2944,3,613,616,0,2944,40,330,2,0,0,367,0.124660,0.695652,0
edit_write,eea2d13af08d21f480e48d99d66b662ea0ade4cab0824f11b9d295994355b76b,H4,227,263,7098,7545,7313,7810,false,rp1:2b493f7033ea0b019589a7cf0b102aa5,opentelemetry-spec,opentelemetry-spec/files/specification/library-layout.md,G0-FENCE-CLOSER-REMOVE|opentelemetry-spec/files/specification/library-layout.md|code_block_fenced#0@390-616,break_restore_pair,0,BREAK,E4_FENCE_OPEN_CLOSE,early,0.132473,close_break,2944,3,613,616,0,2944,40,330,2,0,0,367,0.124660,0.695652,0
edit_write,efa53e1dd58dda0beb91a1de8b32601841c003215d06acf68ccdfd32ebae72b2,H1,44,50,17014,23498,17050,23528,false,rp1:59f8f2737342bad674868d06c8a1a99b,d2l-en,d2l-en/files/chapter_installation/index.md,G0-PARAGRAPH-SPLIT|d2l-en/files/chapter_installation/index.md|paragraph#3@455-868,single_step,0,SINGLE,E2_PARAGRAPH_SPLIT_MERGE,early,0.074664,split,6094,2,660,661,2,6094,60,589,0,0,0,1227,0.201346,2.856580,0
edit_write,efa53e1dd58dda0beb91a1de8b32601841c003215d06acf68ccdfd32ebae72b2,H2,79,108,16488,17846,16551,17925,false,rp1:59f8f2737342bad674868d06c8a1a99b,d2l-en,d2l-en/files/chapter_installation/index.md,G0-PARAGRAPH-SPLIT|d2l-en/files/chapter_installation/index.md|paragraph#3@455-868,single_step,0,SINGLE,E2_PARAGRAPH_SPLIT_MERGE,early,0.074664,split,6094,2,660,661,2,6094,60,589,0,0,0,1227,0.201346,2.856580,0
edit_write,efa53e1dd58dda0beb91a1de8b32601841c003215d06acf68ccdfd32ebae72b2,H0,37,57,32257,43636,32284,43687,false,rp1:59f8f2737342bad674868d06c8a1a99b,d2l-en,d2l-en/files/chapter_installation/index.md,G0-PARAGRAPH-SPLIT|d2l-en/files/chapter_installation/index.md|paragraph#3@455-868,single_step,0,SINGLE,E2_PARAGRAPH_SPLIT_MERGE,early,0.074664,split,6094,2,660,661,2,6094,60,589,0,0,0,1227,0.201346,2.856580,0
edit_write,efa53e1dd58dda0beb91a1de8b32601841c003215d06acf68ccdfd32ebae72b2,H3,1811,1968,12584,14015,14363,15858,false,rp1:59f8f2737342bad674868d06c8a1a99b,d2l-en,d2l-en/files/chapter_installation/index.md,G0-PARAGRAPH-SPLIT|d2l-en/files/chapter_installation/index.md|paragraph#3@455-868,single_step,0,SINGLE,E2_PARAGRAPH_SPLIT_MERGE,early,0.074664,split,6094,2,660,661,2,6094,60,589,0,0,0,1227,0.201346,2.856580,0
edit_write,efa53e1dd58dda0beb91a1de8b32601841c003215d06acf68ccdfd32ebae72b2,H4,326,360,7015,7458,7350,7798,false,rp1:59f8f2737342bad674868d06c8a1a99b,d2l-en,d2l-en/files/chapter_installation/index.md,G0-PARAGRAPH-SPLIT|d2l-en/files/chapter_installation/index.md|paragraph#3@455-868,single_step,0,SINGLE,E2_PARAGRAPH_SPLIT_MERGE,early,0.074664,split,6094,2,660,661,2,6094,60,589,0,0,0,1227,0.201346,2.856580,0
edit_write,f0169860a0c6b378bb91f1a12cd5e204c6dc5b560ca705883adea0ddaa96eb3b,H1,44,48,33971,44979,34018,45024,false,rp1:3dccbb27cb03285a0fa8fd2797b66f30,rust-rfcs,rust-rfcs/files/text/1123-str-split-at.md,G0-LOCAL-TEXT-REPLACE-EQ|rust-rfcs/files/text/1123-str-split-at.md|text#34@1458-1587,single_step,0,SINGLE,E1_LOCAL_TEXT,middle,0.424949,replace_eq,3431,8,1488,1496,8,3431,31,877,2,2,2,866,0.252405,0.298455,1.193821
edit_write,f0169860a0c6b378bb91f1a12cd5e204c6dc5b560ca705883adea0ddaa96eb3b,H2,87,126,8672,9543,8741,9635,false,rp1:3dccbb27cb03285a0fa8fd2797b66f30,rust-rfcs,rust-rfcs/files/text/1123-str-split-at.md,G0-LOCAL-TEXT-REPLACE-EQ|rust-rfcs/files/text/1123-str-split-at.md|text#34@1458-1587,single_step,0,SINGLE,E1_LOCAL_TEXT,middle,0.424949,replace_eq,3431,8,1488,1496,8,3431,31,877,2,2,2,866,0.252405,0.298455,1.193821
edit_write,f0169860a0c6b378bb91f1a12cd5e204c6dc5b560ca705883adea0ddaa96eb3b,H0,36,55,21164,22548,21209,22600,false,rp1:3dccbb27cb03285a0fa8fd2797b66f30,rust-rfcs,rust-rfcs/files/text/1123-str-split-at.md,G0-LOCAL-TEXT-REPLACE-EQ|rust-rfcs/files/text/1123-str-split-at.md|text#34@1458-1587,single_step,0,SINGLE,E1_LOCAL_TEXT,middle,0.424949,replace_eq,3431,8,1488,1496,8,3431,31,877,2,2,2,866,0.252405,0.298455,1.193821
edit_write,f0169860a0c6b378bb91f1a12cd5e204c6dc5b560ca705883adea0ddaa96eb3b,H3,1289,1425,6598,7020,7891,8358,false,rp1:3dccbb27cb03285a0fa8fd2797b66f30,rust-rfcs,rust-rfcs/files/text/1123-str-split-at.md,G0-LOCAL-TEXT-REPLACE-EQ|rust-rfcs/files/text/1123-str-split-at.md|text#34@1458-1587,single_step,0,SINGLE,E1_LOCAL_TEXT,middle,0.424949,replace_eq,3431,8,1488,1496,8,3431,31,877,2,2,2,866,0.252405,0.298455,1.193821
edit_write,f0169860a0c6b378bb91f1a12cd5e204c6dc5b560ca705883adea0ddaa96eb3b,H4,175,199,4086,4691,4264,4960,false,rp1:3dccbb27cb03285a0fa8fd2797b66f30,rust-rfcs,rust-rfcs/files/text/1123-str-split-at.md,G0-LOCAL-TEXT-REPLACE-EQ|rust-rfcs/files/text/1123-str-split-at.md|text#34@1458-1587,single_step,0,SINGLE,E1_LOCAL_TEXT,middle,0.424949,replace_eq,3431,8,1488,1496,8,3431,31,877,2,2,2,866,0.252405,0.298455,1.193821
edit_write,f04d74d299bbbd0534aece43e862eb7221ca297f507f3c33be935acf5c5b2a69,H1,43,52,67810,80597,67860,80640,false,rp1:b45a7923a2dd0f53f1685fb53252ae28,oci-image,oci-image/files/considerations.md,G0-CODESPAN-DELIM-BREAK|oci-image/files/considerations.md|code_span#0@1638-1645,break_restore_pair,0,BREAK,E5_INLINE_DELIMITER,early,0.260496,delimiter_break,6288,1,1638,1639,0,6288,64,530,2,8,8,284,0.045165,1.628499,2.605598
edit_write,f04d74d299bbbd0534aece43e862eb7221ca297f507f3c33be935acf5c5b2a69,H2,94,138,18142,19687,18251,19778,false,rp1:b45a7923a2dd0f53f1685fb53252ae28,oci-image,oci-image/files/considerations.md,G0-CODESPAN-DELIM-BREAK|oci-image/files/considerations.md|code_span#0@1638-1645,break_restore_pair,0,BREAK,E5_INLINE_DELIMITER,early,0.260496,delimiter_break,6288,1,1638,1639,0,6288,64,530,2,8,8,284,0.045165,1.628499,2.605598
edit_write,f04d74d299bbbd0534aece43e862eb7221ca297f507f3c33be935acf5c5b2a69,H0,33,45,43090,55804,43123,55854,false,rp1:b45a7923a2dd0f53f1685fb53252ae28,oci-image,oci-image/files/considerations.md,G0-CODESPAN-DELIM-BREAK|oci-image/files/considerations.md|code_span#0@1638-1645,break_restore_pair,0,BREAK,E5_INLINE_DELIMITER,early,0.260496,delimiter_break,6288,1,1638,1639,0,6288,64,530,2,8,8,284,0.045165,1.628499,2.605598
edit_write,f04d74d299bbbd0534aece43e862eb7221ca297f507f3c33be935acf5c5b2a69,H3,2929,3132,15253,16306,18135,19428,false,rp1:b45a7923a2dd0f53f1685fb53252ae28,oci-image,oci-image/files/considerations.md,G0-CODESPAN-DELIM-BREAK|oci-image/files/considerations.md|code_span#0@1638-1645,break_restore_pair,0,BREAK,E5_INLINE_DELIMITER,early,0.260496,delimiter_break,6288,1,1638,1639,0,6288,64,530,2,8,8,284,0.045165,1.628499,2.605598
edit_write,f04d74d299bbbd0534aece43e862eb7221ca297f507f3c33be935acf5c5b2a69,H4,412,443,9998,11151,10366,11577,false,rp1:b45a7923a2dd0f53f1685fb53252ae28,oci-image,oci-image/files/considerations.md,G0-CODESPAN-DELIM-BREAK|oci-image/files/considerations.md|code_span#0@1638-1645,break_restore_pair,0,BREAK,E5_INLINE_DELIMITER,early,0.260496,delimiter_break,6288,1,1638,1639,0,6288,64,530,2,8,8,284,0.045165,1.628499,2.605598
edit_write,f0831dd6b564b80e4230d3b4f546ff93b7c65d37018a3b627385ef6a6b90d282,H1,45,66,27104,29459,27137,29496,false,rp1:265af0f7483c13f09984d1ad05839fcd,myst-parser,myst-parser/files/docs/develop/contributing.md,G0-REFDEF-REMOVE|myst-parser/files/docs/develop/contributing.md|reference_definition#0@2116-2232,break_restore_pair,1,RESTORE,E6_REFERENCE_DEFINITION,,,definition_restore,2610,117,2116,2116,117,2727,30,321,0,8,4,337,0.123579,2.628530,4.506051
edit_write,f0831dd6b564b80e4230d3b4f546ff93b7c65d37018a3b627385ef6a6b90d282,H2,98,117,28820,39627,28935,39714,false,rp1:265af0f7483c13f09984d1ad05839fcd,myst-parser,myst-parser/files/docs/develop/contributing.md,G0-REFDEF-REMOVE|myst-parser/files/docs/develop/contributing.md|reference_definition#0@2116-2232,break_restore_pair,1,RESTORE,E6_REFERENCE_DEFINITION,,,definition_restore,2610,117,2116,2116,117,2727,30,321,0,8,4,337,0.123579,2.628530,4.506051
edit_write,f0831dd6b564b80e4230d3b4f546ff93b7c65d37018a3b627385ef6a6b90d282,H0,32,41,16009,17248,16041,17297,false,rp1:265af0f7483c13f09984d1ad05839fcd,myst-parser,myst-parser/files/docs/develop/contributing.md,G0-REFDEF-REMOVE|myst-parser/files/docs/develop/contributing.md|reference_definition#0@2116-2232,break_restore_pair,1,RESTORE,E6_REFERENCE_DEFINITION,,,definition_restore,2610,117,2116,2116,117,2727,30,321,0,8,4,337,0.123579,2.628530,4.506051
edit_write,f0831dd6b564b80e4230d3b4f546ff93b7c65d37018a3b627385ef6a6b90d282,H3,1084,1183,26833,38342,27935,39446,false,rp1:265af0f7483c13f09984d1ad05839fcd,myst-parser,myst-parser/files/docs/develop/contributing.md,G0-REFDEF-REMOVE|myst-parser/files/docs/develop/contributing.md|reference_definition#0@2116-2232,break_restore_pair,1,RESTORE,E6_REFERENCE_DEFINITION,,,definition_restore,2610,117,2116,2116,117,2727,30,321,0,8,4,337,0.123579,2.628530,4.506051
edit_write,f0831dd6b564b80e4230d3b4f546ff93b7c65d37018a3b627385ef6a6b90d282,H4,197,269,27005,38890,27211,39120,false,rp1:265af0f7483c13f09984d1ad05839fcd,myst-parser,myst-parser/files/docs/develop/contributing.md,G0-REFDEF-REMOVE|myst-parser/files/docs/develop/contributing.md|reference_definition#0@2116-2232,break_restore_pair,1,RESTORE,E6_REFERENCE_DEFINITION,,,definition_restore,2610,117,2116,2116,117,2727,30,321,0,8,4,337,0.123579,2.628530,4.506051
edit_write,f0d5cc7a6c9b30f6f232856b70010a25dadae1686c1f0a146a179f2209d24641,H1,43,49,68944,89591,68986,89627,false,rp1:6d93bb15dba2b73373b5c3ab56145e08,oci-image,oci-image/files/considerations.md,G0-CODESPAN-DELIM-BREAK|oci-image/files/considerations.md|code_span#25@5302-5315,break_restore_pair,1,RESTORE,E5_INLINE_DELIMITER,,,delimiter_restore,6287,1,5302,5302,1,6288,64,530,2,8,8,284,0.045165,1.628499,2.605598
edit_write,f0d5cc7a6c9b30f6f232856b70010a25dadae1686c1f0a146a179f2209d24641,H2,118,136,17546,19192,17628,19292,false,rp1:6d93bb15dba2b73373b5c3ab56145e08,oci-image,oci-image/files/considerations.md,G0-CODESPAN-DELIM-BREAK|oci-image/files/considerations.md|code_span#25@5302-5315,break_restore_pair,1,RESTORE,E5_INLINE_DELIMITER,,,delimiter_restore,6287,1,5302,5302,1,6288,64,530,2,8,8,284,0.045165,1.628499,2.605598
edit_write,f0d5cc7a6c9b30f6f232856b70010a25dadae1686c1f0a146a179f2209d24641,H0,36,58,42920,56397,42968,56429,false,rp1:6d93bb15dba2b73373b5c3ab56145e08,oci-image,oci-image/files/considerations.md,G0-CODESPAN-DELIM-BREAK|oci-image/files/considerations.md|code_span#25@5302-5315,break_restore_pair,1,RESTORE,E5_INLINE_DELIMITER,,,delimiter_restore,6287,1,5302,5302,1,6288,64,530,2,8,8,284,0.045165,1.628499,2.605598
edit_write,f0d5cc7a6c9b30f6f232856b70010a25dadae1686c1f0a146a179f2209d24641,H3,2739,3009,14106,15805,16847,28543,false,rp1:6d93bb15dba2b73373b5c3ab56145e08,oci-image,oci-image/files/considerations.md,G0-CODESPAN-DELIM-BREAK|oci-image/files/considerations.md|code_span#25@5302-5315,break_restore_pair,1,RESTORE,E5_INLINE_DELIMITER,,,delimiter_restore,6287,1,5302,5302,1,6288,64,530,2,8,8,284,0.045165,1.628499,2.605598
edit_write,f0d5cc7a6c9b30f6f232856b70010a25dadae1686c1f0a146a179f2209d24641,H4,403,446,9247,20621,9598,21027,false,rp1:6d93bb15dba2b73373b5c3ab56145e08,oci-image,oci-image/files/considerations.md,G0-CODESPAN-DELIM-BREAK|oci-image/files/considerations.md|code_span#25@5302-5315,break_restore_pair,1,RESTORE,E5_INLINE_DELIMITER,,,delimiter_restore,6287,1,5302,5302,1,6288,64,530,2,8,8,284,0.045165,1.628499,2.605598
edit_write,f1fcb363f1117d7452505ae334f87fe70b6acee470a6f796c6441aabda4db061,H1,43,52,25303,31862,25343,31908,false,rp1:b7815c3023b846944103caa3b7a4534c,myst-parser,myst-parser/files/docs/develop/contributing.md,G0-CODESPAN-DELIM-BREAK|myst-parser/files/docs/develop/contributing.md|code_span#6@1883-1892,break_restore_pair,0,BREAK,E5_INLINE_DELIMITER,late,0.690502,delimiter_break,2727,1,1883,1884,0,2727,30,321,0,8,4,337,0.123579,2.628530,4.506051
edit_write,f1fcb363f1117d7452505ae334f87fe70b6acee470a6f796c6441aabda4db061,H2,83,111,10007,11091,10087,11189,false,rp1:b7815c3023b846944103caa3b7a4534c,myst-parser,myst-parser/files/docs/develop/contributing.md,G0-CODESPAN-DELIM-BREAK|myst-parser/files/docs/develop/contributing.md|code_span#6@1883-1892,break_restore_pair,0,BREAK,E5_INLINE_DELIMITER,late,0.690502,delimiter_break,2727,1,1883,1884,0,2727,30,321,0,8,4,337,0.123579,2.628530,4.506051
edit_write,f1fcb363f1117d7452505ae334f87fe70b6acee470a6f796c6441aabda4db061,H0,35,51,15656,16812,15704,16861,false,rp1:b7815c3023b846944103caa3b7a4534c,myst-parser,myst-parser/files/docs/develop/contributing.md,G0-CODESPAN-DELIM-BREAK|myst-parser/files/docs/develop/contributing.md|code_span#6@1883-1892,break_restore_pair,0,BREAK,E5_INLINE_DELIMITER,late,0.690502,delimiter_break,2727,1,1883,1884,0,2727,30,321,0,8,4,337,0.123579,2.628530,4.506051
edit_write,f1fcb363f1117d7452505ae334f87fe70b6acee470a6f796c6441aabda4db061,H3,1452,1633,7771,8570,9159,10203,false,rp1:b7815c3023b846944103caa3b7a4534c,myst-parser,myst-parser/files/docs/develop/contributing.md,G0-CODESPAN-DELIM-BREAK|myst-parser/files/docs/develop/contributing.md|code_span#6@1883-1892,break_restore_pair,0,BREAK,E5_INLINE_DELIMITER,late,0.690502,delimiter_break,2727,1,1883,1884,0,2727,30,321,0,8,4,337,0.123579,2.628530,4.506051
edit_write,f1fcb363f1117d7452505ae334f87fe70b6acee470a6f796c6441aabda4db061,H4,194,241,5218,5696,5404,5926,false,rp1:b7815c3023b846944103caa3b7a4534c,myst-parser,myst-parser/files/docs/develop/contributing.md,G0-CODESPAN-DELIM-BREAK|myst-parser/files/docs/develop/contributing.md|code_span#6@1883-1892,break_restore_pair,0,BREAK,E5_INLINE_DELIMITER,late,0.690502,delimiter_break,2727,1,1883,1884,0,2727,30,321,0,8,4,337,0.123579,2.628530,4.506051
edit_write,f2a00553931d7e619d072d03abfb651dca5066cb32356f2d8aa4b45588138914,H1,44,58,15515,17664,15542,17718,false,rp1:00b8fea3fc5111032362a5b1d35f1fc1,rust-book,rust-book/files/src/appendix-05-editions.md,G0-CODESPAN-DELIM-BREAK|rust-book/files/src/appendix-05-editions.md|code_span#3@2997-3008,break_restore_pair,1,RESTORE,E5_INLINE_DELIMITER,,,delimiter_restore,3074,1,2997,2997,1,3075,15,480,2,1,1,0,0,0,0.666016
edit_write,f2a00553931d7e619d072d03abfb651dca5066cb32356f2d8aa4b45588138914,H2,64,97,5951,6445,6015,6533,false,rp1:00b8fea3fc5111032362a5b1d35f1fc1,rust-book,rust-book/files/src/appendix-05-editions.md,G0-CODESPAN-DELIM-BREAK|rust-book/files/src/appendix-05-editions.md|code_span#3@2997-3008,break_restore_pair,1,RESTORE,E5_INLINE_DELIMITER,,,delimiter_restore,3074,1,2997,2997,1,3075,15,480,2,1,1,0,0,0,0.666016
edit_write,f2a00553931d7e619d072d03abfb651dca5066cb32356f2d8aa4b45588138914,H0,33,46,11527,23211,11572,23243,false,rp1:00b8fea3fc5111032362a5b1d35f1fc1,rust-book,rust-book/files/src/appendix-05-editions.md,G0-CODESPAN-DELIM-BREAK|rust-book/files/src/appendix-05-editions.md|code_span#3@2997-3008,break_restore_pair,1,RESTORE,E5_INLINE_DELIMITER,,,delimiter_restore,3074,1,2997,2997,1,3075,15,480,2,1,1,0,0,0,0.666016
edit_write,f2a00553931d7e619d072d03abfb651dca5066cb32356f2d8aa4b45588138914,H3,886,1034,4850,5291,5777,6390,false,rp1:00b8fea3fc5111032362a5b1d35f1fc1,rust-book,rust-book/files/src/appendix-05-editions.md,G0-CODESPAN-DELIM-BREAK|rust-book/files/src/appendix-05-editions.md|code_span#3@2997-3008,break_restore_pair,1,RESTORE,E5_INLINE_DELIMITER,,,delimiter_restore,3074,1,2997,2997,1,3075,15,480,2,1,1,0,0,0,0.666016
edit_write,f2a00553931d7e619d072d03abfb651dca5066cb32356f2d8aa4b45588138914,H4,121,183,3034,3361,3157,3522,false,rp1:00b8fea3fc5111032362a5b1d35f1fc1,rust-book,rust-book/files/src/appendix-05-editions.md,G0-CODESPAN-DELIM-BREAK|rust-book/files/src/appendix-05-editions.md|code_span#3@2997-3008,break_restore_pair,1,RESTORE,E5_INLINE_DELIMITER,,,delimiter_restore,3074,1,2997,2997,1,3075,15,480,2,1,1,0,0,0,0.666016
edit_write,f35697d63e9e81b6db079b5f049375cde501fba71cac49b2e7e0655d6820b828,H1,45,54,29197,30958,29232,31006,false,rp1:e9b2880fef8249e1522aaa1e90f460a4,opentelemetry-spec,opentelemetry-spec/files/specification/library-layout.md,G0-PARAGRAPH-MERGE|opentelemetry-spec/files/specification/library-layout.md|paragraph#2@351-388,single_step,0,SINGLE,E2_PARAGRAPH_SPLIT_MERGE,early,0.119226,merge,2944,2,349,351,1,2944,40,330,2,0,0,367,0.124660,0.695652,0
edit_write,f35697d63e9e81b6db079b5f049375cde501fba71cac49b2e7e0655d6820b828,H2,66,115,9823,10496,9909,10596,false,rp1:e9b2880fef8249e1522aaa1e90f460a4,opentelemetry-spec,opentelemetry-spec/files/specification/library-layout.md,G0-PARAGRAPH-MERGE|opentelemetry-spec/files/specification/library-layout.md|paragraph#2@351-388,single_step,0,SINGLE,E2_PARAGRAPH_SPLIT_MERGE,early,0.119226,merge,2944,2,349,351,1,2944,40,330,2,0,0,367,0.124660,0.695652,0
edit_write,f35697d63e9e81b6db079b5f049375cde501fba71cac49b2e7e0655d6820b828,H0,43,48,18518,20112,18564,20154,false,rp1:e9b2880fef8249e1522aaa1e90f460a4,opentelemetry-spec,opentelemetry-spec/files/specification/library-layout.md,G0-PARAGRAPH-MERGE|opentelemetry-spec/files/specification/library-layout.md|paragraph#2@351-388,single_step,0,SINGLE,E2_PARAGRAPH_SPLIT_MERGE,early,0.119226,merge,2944,2,349,351,1,2944,40,330,2,0,0,367,0.124660,0.695652,0
edit_write,f35697d63e9e81b6db079b5f049375cde501fba71cac49b2e7e0655d6820b828,H3,1284,1398,7325,8084,8635,9410,false,rp1:e9b2880fef8249e1522aaa1e90f460a4,opentelemetry-spec,opentelemetry-spec/files/specification/library-layout.md,G0-PARAGRAPH-MERGE|opentelemetry-spec/files/specification/library-layout.md|paragraph#2@351-388,single_step,0,SINGLE,E2_PARAGRAPH_SPLIT_MERGE,early,0.119226,merge,2944,2,349,351,1,2944,40,330,2,0,0,367,0.124660,0.695652,0
edit_write,f35697d63e9e81b6db079b5f049375cde501fba71cac49b2e7e0655d6820b828,H4,229,253,4236,4558,4483,4788,false,rp1:e9b2880fef8249e1522aaa1e90f460a4,opentelemetry-spec,opentelemetry-spec/files/specification/library-layout.md,G0-PARAGRAPH-MERGE|opentelemetry-spec/files/specification/library-layout.md|paragraph#2@351-388,single_step,0,SINGLE,E2_PARAGRAPH_SPLIT_MERGE,early,0.119226,merge,2944,2,349,351,1,2944,40,330,2,0,0,367,0.124660,0.695652,0
edit_write,f42d70c0faaec9d7d28fe545cd6be15a1093f3f326a3404b5900c7a6228a1bc1,H1,44,48,31371,44937,31414,44979,false,rp1:c388f25b4e328309b0877dc1bb994663,oci-image,oci-image/files/HACKING.md,G0-PARAGRAPH-SPLIT|oci-image/files/HACKING.md|paragraph#1@125-264,single_step,0,SINGLE,E2_PARAGRAPH_SPLIT_MERGE,early,0.067313,split,1857,2,199,200,2,1857,48,139,2,3,3,139,0.074852,4.411416,3.308562
edit_write,f42d70c0faaec9d7d28fe545cd6be15a1093f3f326a3404b5900c7a6228a1bc1,H2,81,118,13563,14851,13629,14969,false,rp1:c388f25b4e328309b0877dc1bb994663,oci-image,oci-image/files/HACKING.md,G0-PARAGRAPH-SPLIT|oci-image/files/HACKING.md|paragraph#1@125-264,single_step,0,SINGLE,E2_PARAGRAPH_SPLIT_MERGE,early,0.067313,split,1857,2,199,200,2,1857,48,139,2,3,3,139,0.074852,4.411416,3.308562
edit_write,f42d70c0faaec9d7d28fe545cd6be15a1093f3f326a3404b5900c7a6228a1bc1,H0,34,52,17320,18761,17350,18782,false,rp1:c388f25b4e328309b0877dc1bb994663,oci-image,oci-image/files/HACKING.md,G0-PARAGRAPH-SPLIT|oci-image/files/HACKING.md|paragraph#1@125-264,single_step,0,SINGLE,E2_PARAGRAPH_SPLIT_MERGE,early,0.067313,split,1857,2,199,200,2,1857,48,139,2,3,3,139,0.074852,4.411416,3.308562
edit_write,f42d70c0faaec9d7d28fe545cd6be15a1093f3f326a3404b5900c7a6228a1bc1,H3,1613,1737,10426,11068,12049,12799,false,rp1:c388f25b4e328309b0877dc1bb994663,oci-image,oci-image/files/HACKING.md,G0-PARAGRAPH-SPLIT|oci-image/files/HACKING.md|paragraph#1@125-264,single_step,0,SINGLE,E2_PARAGRAPH_SPLIT_MERGE,early,0.067313,split,1857,2,199,200,2,1857,48,139,2,3,3,139,0.074852,4.411416,3.308562
edit_write,f42d70c0faaec9d7d28fe545cd6be15a1093f3f326a3404b5900c7a6228a1bc1,H4,281,364,5714,6384,5955,6768,false,rp1:c388f25b4e328309b0877dc1bb994663,oci-image,oci-image/files/HACKING.md,G0-PARAGRAPH-SPLIT|oci-image/files/HACKING.md|paragraph#1@125-264,single_step,0,SINGLE,E2_PARAGRAPH_SPLIT_MERGE,early,0.067313,split,1857,2,199,200,2,1857,48,139,2,3,3,139,0.074852,4.411416,3.308562
edit_write,f4c37ff99f209df6496dfe5b3ea465531421dddd2d74ebb719ccf370b4030bd4,H1,57,75,26485,37474,26560,37546,true,rp1:676ee6cf61c9849d91fbf17767f0a2cd,owasp-cheatsheets,owasp-cheatsheets/files/cheatsheets/Email_Validation_and_Verification_Cheat_Sheet.md,G0-LIST-ITEM-INDENT|owasp-cheatsheets/files/cheatsheets/Email_Validation_and_Verification_Cheat_Sheet.md|list_item#2@530-560,break_restore_pair,1,RESTORE,E3_CONTAINER_DEPTH,,,indent_restore,5131,2,530,532,0,5129,98,247,4,0,0,0,0,0,0
edit_write,f4c37ff99f209df6496dfe5b3ea465531421dddd2d74ebb719ccf370b4030bd4,H2,98,142,19180,31162,19269,31287,false,rp1:676ee6cf61c9849d91fbf17767f0a2cd,owasp-cheatsheets,owasp-cheatsheets/files/cheatsheets/Email_Validation_and_Verification_Cheat_Sheet.md,G0-LIST-ITEM-INDENT|owasp-cheatsheets/files/cheatsheets/Email_Validation_and_Verification_Cheat_Sheet.md|list_item#2@530-560,break_restore_pair,1,RESTORE,E3_CONTAINER_DEPTH,,,indent_restore,5131,2,530,532,0,5129,98,247,4,0,0,0,0,0,0
edit_write,f4c37ff99f209df6496dfe5b3ea465531421dddd2d74ebb719ccf370b4030bd4,H0,36,57,54022,72469,54058,72516,false,rp1:676ee6cf61c9849d91fbf17767f0a2cd,owasp-cheatsheets,owasp-cheatsheets/files/cheatsheets/Email_Validation_and_Verification_Cheat_Sheet.md,G0-LIST-ITEM-INDENT|owasp-cheatsheets/files/cheatsheets/Email_Validation_and_Verification_Cheat_Sheet.md|list_item#2@530-560,break_restore_pair,1,RESTORE,E3_CONTAINER_DEPTH,,,indent_restore,5131,2,530,532,0,5129,98,247,4,0,0,0,0,0,0
edit_write,f4c37ff99f209df6496dfe5b3ea465531421dddd2d74ebb719ccf370b4030bd4,H3,2987,3204,14492,20933,17445,23927,true,rp1:676ee6cf61c9849d91fbf17767f0a2cd,owasp-cheatsheets,owasp-cheatsheets/files/cheatsheets/Email_Validation_and_Verification_Cheat_Sheet.md,G0-LIST-ITEM-INDENT|owasp-cheatsheets/files/cheatsheets/Email_Validation_and_Verification_Cheat_Sheet.md|list_item#2@530-560,break_restore_pair,1,RESTORE,E3_CONTAINER_DEPTH,,,indent_restore,5131,2,530,532,0,5129,98,247,4,0,0,0,0,0,0
edit_write,f4c37ff99f209df6496dfe5b3ea465531421dddd2d74ebb719ccf370b4030bd4,H4,557,651,11477,12208,12009,12786,false,rp1:676ee6cf61c9849d91fbf17767f0a2cd,owasp-cheatsheets,owasp-cheatsheets/files/cheatsheets/Email_Validation_and_Verification_Cheat_Sheet.md,G0-LIST-ITEM-INDENT|owasp-cheatsheets/files/cheatsheets/Email_Validation_and_Verification_Cheat_Sheet.md|list_item#2@530-560,break_restore_pair,1,RESTORE,E3_CONTAINER_DEPTH,,,indent_restore,5131,2,530,532,0,5129,98,247,4,0,0,0,0,0,0
edit_write,f5f292a1f9a76c68c51cdedc2639a84f1be63cd22f557203a9363e0fd00d0913,H1,43,46,26061,37261,26125,37306,false,rp1:ccc06fbbc17556662e1df587f5327e83,myst-parser,myst-parser/files/docs/develop/contributing.md,G0-CODESPAN-DELIM-BREAK|myst-parser/files/docs/develop/contributing.md|code_span#0@430-443,break_restore_pair,0,BREAK,E5_INLINE_DELIMITER,early,0.157682,delimiter_break,2727,1,430,431,0,2727,30,321,0,8,4,337,0.123579,2.628530,4.506051
edit_write,f5f292a1f9a76c68c51cdedc2639a84f1be63cd22f557203a9363e0fd00d0913,H2,82,116,9392,10038,9482,10128,false,rp1:ccc06fbbc17556662e1df587f5327e83,myst-parser,myst-parser/files/docs/develop/contributing.md,G0-CODESPAN-DELIM-BREAK|myst-parser/files/docs/develop/contributing.md|code_span#0@430-443,break_restore_pair,0,BREAK,E5_INLINE_DELIMITER,early,0.157682,delimiter_break,2727,1,430,431,0,2727,30,321,0,8,4,337,0.123579,2.628530,4.506051
edit_write,f5f292a1f9a76c68c51cdedc2639a84f1be63cd22f557203a9363e0fd00d0913,H0,31,48,15855,17199,15900,17241,false,rp1:ccc06fbbc17556662e1df587f5327e83,myst-parser,myst-parser/files/docs/develop/contributing.md,G0-CODESPAN-DELIM-BREAK|myst-parser/files/docs/develop/contributing.md|code_span#0@430-443,break_restore_pair,0,BREAK,E5_INLINE_DELIMITER,early,0.157682,delimiter_break,2727,1,430,431,0,2727,30,321,0,8,4,337,0.123579,2.628530,4.506051
edit_write,f5f292a1f9a76c68c51cdedc2639a84f1be63cd22f557203a9363e0fd00d0913,H3,1197,1308,7126,7888,8349,9215,false,rp1:ccc06fbbc17556662e1df587f5327e83,myst-parser,myst-parser/files/docs/develop/contributing.md,G0-CODESPAN-DELIM-BREAK|myst-parser/files/docs/develop/contributing.md|code_span#0@430-443,break_restore_pair,0,BREAK,E5_INLINE_DELIMITER,early,0.157682,delimiter_break,2727,1,430,431,0,2727,30,321,0,8,4,337,0.123579,2.628530,4.506051
edit_write,f5f292a1f9a76c68c51cdedc2639a84f1be63cd22f557203a9363e0fd00d0913,H4,199,236,4660,5217,4858,5421,false,rp1:ccc06fbbc17556662e1df587f5327e83,myst-parser,myst-parser/files/docs/develop/contributing.md,G0-CODESPAN-DELIM-BREAK|myst-parser/files/docs/develop/contributing.md|code_span#0@430-443,break_restore_pair,0,BREAK,E5_INLINE_DELIMITER,early,0.157682,delimiter_break,2727,1,430,431,0,2727,30,321,0,8,4,337,0.123579,2.628530,4.506051
edit_write,f61bfc495b6b4fb15fa7c8e4b239846ad8b1bdd28eed516ad6b3fd70ba992869,H1,44,50,11472,12231,11544,12265,false,rp1:f2a77790baa4a4d6055117144912e64a,opentelemetry-spec,opentelemetry-spec/files/specification/library-layout.md,G0-LIST-ITEM-INDENT|opentelemetry-spec/files/specification/library-layout.md|list_item#1@1242-1371,break_restore_pair,1,RESTORE,E3_CONTAINER_DEPTH,,,indent_restore,2946,2,1242,1244,0,2944,40,330,2,0,0,367,0.124660,0.695652,0
edit_write,f61bfc495b6b4fb15fa7c8e4b239846ad8b1bdd28eed516ad6b3fd70ba992869,H2,64,89,13761,14924,13835,15013,false,rp1:f2a77790baa4a4d6055117144912e64a,opentelemetry-spec,opentelemetry-spec/files/specification/library-layout.md,G0-LIST-ITEM-INDENT|opentelemetry-spec/files/specification/library-layout.md|list_item#1@1242-1371,break_restore_pair,1,RESTORE,E3_CONTAINER_DEPTH,,,indent_restore,2946,2,1242,1244,0,2944,40,330,2,0,0,367,0.124660,0.695652,0
edit_write,f61bfc495b6b4fb15fa7c8e4b239846ad8b1bdd28eed516ad6b3fd70ba992869,H0,38,52,18392,19506,18434,19561,false,rp1:f2a77790baa4a4d6055117144912e64a,opentelemetry-spec,opentelemetry-spec/files/specification/library-layout.md,G0-LIST-ITEM-INDENT|opentelemetry-spec/files/specification/library-layout.md|list_item#1@1242-1371,break_restore_pair,1,RESTORE,E3_CONTAINER_DEPTH,,,indent_restore,2946,2,1242,1244,0,2944,40,330,2,0,0,367,0.124660,0.695652,0
edit_write,f61bfc495b6b4fb15fa7c8e4b239846ad8b1bdd28eed516ad6b3fd70ba992869,H3,1639,1827,10707,11515,12351,13303,false,rp1:f2a77790baa4a4d6055117144912e64a,opentelemetry-spec,opentelemetry-spec/files/specification/library-layout.md,G0-LIST-ITEM-INDENT|opentelemetry-spec/files/specification/library-layout.md|list_item#1@1242-1371,break_restore_pair,1,RESTORE,E3_CONTAINER_DEPTH,,,indent_restore,2946,2,1242,1244,0,2944,40,330,2,0,0,367,0.124660,0.695652,0
edit_write,f61bfc495b6b4fb15fa7c8e4b239846ad8b1bdd28eed516ad6b3fd70ba992869,H4,247,312,7040,7614,7323,7926,false,rp1:f2a77790baa4a4d6055117144912e64a,opentelemetry-spec,opentelemetry-spec/files/specification/library-layout.md,G0-LIST-ITEM-INDENT|opentelemetry-spec/files/specification/library-layout.md|list_item#1@1242-1371,break_restore_pair,1,RESTORE,E3_CONTAINER_DEPTH,,,indent_restore,2946,2,1242,1244,0,2944,40,330,2,0,0,367,0.124660,0.695652,0
edit_write,f6b7ad8fdd3ca0cc04fc726f7145dec7a841e96ec70a46b83ac199e0ae171bca,H1,44,49,68536,88751,68581,88796,false,rp1:7542a28032e0491244605964b73e8c71,oci-image,oci-image/files/considerations.md,G0-CODESPAN-DELIM-BREAK|oci-image/files/considerations.md|code_span#0@1638-1645,break_restore_pair,1,RESTORE,E5_INLINE_DELIMITER,,,delimiter_restore,6287,1,1638,1638,1,6288,64,530,2,8,8,284,0.045165,1.628499,2.605598
edit_write,f6b7ad8fdd3ca0cc04fc726f7145dec7a841e96ec70a46b83ac199e0ae171bca,H2,98,142,18197,24986,18275,25071,false,rp1:7542a28032e0491244605964b73e8c71,oci-image,oci-image/files/considerations.md,G0-CODESPAN-DELIM-BREAK|oci-image/files/considerations.md|code_span#0@1638-1645,break_restore_pair,1,RESTORE,E5_INLINE_DELIMITER,,,delimiter_restore,6287,1,1638,1638,1,6288,64,530,2,8,8,284,0.045165,1.628499,2.605598
edit_write,f6b7ad8fdd3ca0cc04fc726f7145dec7a841e96ec70a46b83ac199e0ae171bca,H0,36,54,42791,48576,42840,48625,false,rp1:7542a28032e0491244605964b73e8c71,oci-image,oci-image/files/considerations.md,G0-CODESPAN-DELIM-BREAK|oci-image/files/considerations.md|code_span#0@1638-1645,break_restore_pair,1,RESTORE,E5_INLINE_DELIMITER,,,delimiter_restore,6287,1,1638,1638,1,6288,64,530,2,8,8,284,0.045165,1.628499,2.605598
edit_write,f6b7ad8fdd3ca0cc04fc726f7145dec7a841e96ec70a46b83ac199e0ae171bca,H3,2886,3099,15593,16900,18442,20200,false,rp1:7542a28032e0491244605964b73e8c71,oci-image,oci-image/files/considerations.md,G0-CODESPAN-DELIM-BREAK|oci-image/files/considerations.md|code_span#0@1638-1645,break_restore_pair,1,RESTORE,E5_INLINE_DELIMITER,,,delimiter_restore,6287,1,1638,1638,1,6288,64,530,2,8,8,284,0.045165,1.628499,2.605598
edit_write,f6b7ad8fdd3ca0cc04fc726f7145dec7a841e96ec70a46b83ac199e0ae171bca,H4,402,437,10252,11254,10685,11702,false,rp1:7542a28032e0491244605964b73e8c71,oci-image,oci-image/files/considerations.md,G0-CODESPAN-DELIM-BREAK|oci-image/files/considerations.md|code_span#0@1638-1645,break_restore_pair,1,RESTORE,E5_INLINE_DELIMITER,,,delimiter_restore,6287,1,1638,1638,1,6288,64,530,2,8,8,284,0.045165,1.628499,2.605598
edit_write,f7cd16240695e8403d969ea60241e214bf24a935c1f3784e1b6151ee17dc2754,H1,43,51,26394,28612,26434,28672,false,rp1:cf74a71fa4bb0c73de03d4166317a8f4,oci-image,oci-image/files/HACKING.md,G0-FENCE-CLOSER-REMOVE|oci-image/files/HACKING.md|code_block_fenced#2@837-882,break_restore_pair,0,BREAK,E4_FENCE_OPEN_CLOSE,middle,0.450727,close_break,1857,3,879,882,0,1857,48,139,2,3,3,139,0.074852,4.411416,3.308562
edit_write,f7cd16240695e8403d969ea60241e214bf24a935c1f3784e1b6151ee17dc2754,H2,71,109,12496,13724,12580,13812,false,rp1:cf74a71fa4bb0c73de03d4166317a8f4,oci-image,oci-image/files/HACKING.md,G0-FENCE-CLOSER-REMOVE|oci-image/files/HACKING.md|code_block_fenced#2@837-882,break_restore_pair,0,BREAK,E4_FENCE_OPEN_CLOSE,middle,0.450727,close_break,1857,3,879,882,0,1857,48,139,2,3,3,139,0.074852,4.411416,3.308562
edit_write,f7cd16240695e8403d969ea60241e214bf24a935c1f3784e1b6151ee17dc2754,H0,37,53,15187,16604,15222,16644,false,rp1:cf74a71fa4bb0c73de03d4166317a8f4,oci-image,oci-image/files/HACKING.md,G0-FENCE-CLOSER-REMOVE|oci-image/files/HACKING.md|code_block_fenced#2@837-882,break_restore_pair,0,BREAK,E4_FENCE_OPEN_CLOSE,middle,0.450727,close_break,1857,3,879,882,0,1857,48,139,2,3,3,139,0.074852,4.411416,3.308562
edit_write,f7cd16240695e8403d969ea60241e214bf24a935c1f3784e1b6151ee17dc2754,H3,1557,1758,9217,10123,10820,11960,false,rp1:cf74a71fa4bb0c73de03d4166317a8f4,oci-image,oci-image/files/HACKING.md,G0-FENCE-CLOSER-REMOVE|oci-image/files/HACKING.md|code_block_fenced#2@837-882,break_restore_pair,0,BREAK,E4_FENCE_OPEN_CLOSE,middle,0.450727,close_break,1857,3,879,882,0,1857,48,139,2,3,3,139,0.074852,4.411416,3.308562
edit_write,f7cd16240695e8403d969ea60241e214bf24a935c1f3784e1b6151ee17dc2754,H4,252,295,5335,5892,5585,6163,false,rp1:cf74a71fa4bb0c73de03d4166317a8f4,oci-image,oci-image/files/HACKING.md,G0-FENCE-CLOSER-REMOVE|oci-image/files/HACKING.md|code_block_fenced#2@837-882,break_restore_pair,0,BREAK,E4_FENCE_OPEN_CLOSE,middle,0.450727,close_break,1857,3,879,882,0,1857,48,139,2,3,3,139,0.074852,4.411416,3.308562
edit_write,f8fec1d2fddf3830f2f6c9049be9a50487418fe217e6a872dc38727c29aa9b15,H1,44,51,26754,31223,26802,31284,false,rp1:6813593600d6a539a633db39e597c364,myst-parser,myst-parser/files/docs/develop/contributing.md,G0-PARAGRAPH-SPLIT|myst-parser/files/docs/develop/contributing.md|paragraph#1@201-389,single_step,0,SINGLE,E2_PARAGRAPH_SPLIT_MERGE,early,0.073707,split,2727,2,320,321,2,2727,30,321,0,8,4,337,0.123579,2.628530,4.506051
edit_write,f8fec1d2fddf3830f2f6c9049be9a50487418fe217e6a872dc38727c29aa9b15,H2,79,113,10891,11428,10992,11513,false,rp1:6813593600d6a539a633db39e597c364,myst-parser,myst-parser/files/docs/develop/contributing.md,G0-PARAGRAPH-SPLIT|myst-parser/files/docs/develop/contributing.md|paragraph#1@201-389,single_step,0,SINGLE,E2_PARAGRAPH_SPLIT_MERGE,early,0.073707,split,2727,2,320,321,2,2727,30,321,0,8,4,337,0.123579,2.628530,4.506051
edit_write,f8fec1d2fddf3830f2f6c9049be9a50487418fe217e6a872dc38727c29aa9b15,H0,30,51,16073,17153,16111,17209,false,rp1:6813593600d6a539a633db39e597c364,myst-parser,myst-parser/files/docs/develop/contributing.md,G0-PARAGRAPH-SPLIT|myst-parser/files/docs/develop/contributing.md|paragraph#1@201-389,single_step,0,SINGLE,E2_PARAGRAPH_SPLIT_MERGE,early,0.073707,split,2727,2,320,321,2,2727,30,321,0,8,4,337,0.123579,2.628530,4.506051
edit_write,f8fec1d2fddf3830f2f6c9049be9a50487418fe217e6a872dc38727c29aa9b15,H3,1299,1426,8981,9536,10321,10938,false,rp1:6813593600d6a539a633db39e597c364,myst-parser,myst-parser/files/docs/develop/contributing.md,G0-PARAGRAPH-SPLIT|myst-parser/files/docs/develop/contributing.md|paragraph#1@201-389,single_step,0,SINGLE,E2_PARAGRAPH_SPLIT_MERGE,early,0.073707,split,2727,2,320,321,2,2727,30,321,0,8,4,337,0.123579,2.628530,4.506051
edit_write,f8fec1d2fddf3830f2f6c9049be9a50487418fe217e6a872dc38727c29aa9b15,H4,192,233,5775,6229,5983,6415,false,rp1:6813593600d6a539a633db39e597c364,myst-parser,myst-parser/files/docs/develop/contributing.md,G0-PARAGRAPH-SPLIT|myst-parser/files/docs/develop/contributing.md|paragraph#1@201-389,single_step,0,SINGLE,E2_PARAGRAPH_SPLIT_MERGE,early,0.073707,split,2727,2,320,321,2,2727,30,321,0,8,4,337,0.123579,2.628530,4.506051
edit_write,f94643fb6b680558517d775cc28fd2a02d3bf654111425b839bbf95a08d7f29f,H1,47,61,14248,14800,14298,14840,false,rp1:75bfb3d63a90271f68e0fc1aa5dd9a16,d2l-en,d2l-en/files/chapter_installation/index.md,G0-LOCAL-TEXT-REPLACE-EQ|d2l-en/files/chapter_installation/index.md|text#30@2997-3084,single_step,0,SINGLE,E1_LOCAL_TEXT,middle,0.491795,replace_eq,6094,7,3076,3083,7,6094,60,589,0,0,0,1227,0.201346,2.856580,0
edit_write,f94643fb6b680558517d775cc28fd2a02d3bf654111425b839bbf95a08d7f29f,H2,90,118,14818,16021,14908,16098,false,rp1:75bfb3d63a90271f68e0fc1aa5dd9a16,d2l-en,d2l-en/files/chapter_installation/index.md,G0-LOCAL-TEXT-REPLACE-EQ|d2l-en/files/chapter_installation/index.md|text#30@2997-3084,single_step,0,SINGLE,E1_LOCAL_TEXT,middle,0.491795,replace_eq,6094,7,3076,3083,7,6094,60,589,0,0,0,1227,0.201346,2.856580,0
edit_write,f94643fb6b680558517d775cc28fd2a02d3bf654111425b839bbf95a08d7f29f,H0,48,65,30957,42591,31008,42683,false,rp1:75bfb3d63a90271f68e0fc1aa5dd9a16,d2l-en,d2l-en/files/chapter_installation/index.md,G0-LOCAL-TEXT-REPLACE-EQ|d2l-en/files/chapter_installation/index.md|text#30@2997-3084,single_step,0,SINGLE,E1_LOCAL_TEXT,middle,0.491795,replace_eq,6094,7,3076,3083,7,6094,60,589,0,0,0,1227,0.201346,2.856580,0
edit_write,f94643fb6b680558517d775cc28fd2a02d3bf654111425b839bbf95a08d7f29f,H3,1684,1858,11060,11778,12699,13642,false,rp1:75bfb3d63a90271f68e0fc1aa5dd9a16,d2l-en,d2l-en/files/chapter_installation/index.md,G0-LOCAL-TEXT-REPLACE-EQ|d2l-en/files/chapter_installation/index.md|text#30@2997-3084,single_step,0,SINGLE,E1_LOCAL_TEXT,middle,0.491795,replace_eq,6094,7,3076,3083,7,6094,60,589,0,0,0,1227,0.201346,2.856580,0
edit_write,f94643fb6b680558517d775cc28fd2a02d3bf654111425b839bbf95a08d7f29f,H4,346,383,5543,6121,5891,6498,false,rp1:75bfb3d63a90271f68e0fc1aa5dd9a16,d2l-en,d2l-en/files/chapter_installation/index.md,G0-LOCAL-TEXT-REPLACE-EQ|d2l-en/files/chapter_installation/index.md|text#30@2997-3084,single_step,0,SINGLE,E1_LOCAL_TEXT,middle,0.491795,replace_eq,6094,7,3076,3083,7,6094,60,589,0,0,0,1227,0.201346,2.856580,0
edit_write,f9d9853e5d1a86bd3f5789e51df999bcd31b2ca5d74e70a72c4b106ba06725a7,H1,44,55,26924,31696,26978,31743,false,rp1:7b9a678dd021d4b6e3a6fa6b0b4ad469,myst-parser,myst-parser/files/docs/develop/contributing.md,G0-FENCE-CLOSER-REMOVE|myst-parser/files/docs/develop/contributing.md|code_block_fenced#0@488-640,break_restore_pair,1,RESTORE,E4_FENCE_OPEN_CLOSE,,,close_restore,2724,3,637,637,3,2727,30,321,0,8,4,337,0.123579,2.628530,4.506051
edit_write,f9d9853e5d1a86bd3f5789e51df999bcd31b2ca5d74e70a72c4b106ba06725a7,H2,73,101,15400,20536,15481,20623,false,rp1:7b9a678dd021d4b6e3a6fa6b0b4ad469,myst-parser,myst-parser/files/docs/develop/contributing.md,G0-FENCE-CLOSER-REMOVE|myst-parser/files/docs/develop/contributing.md|code_block_fenced#0@488-640,break_restore_pair,1,RESTORE,E4_FENCE_OPEN_CLOSE,,,close_restore,2724,3,637,637,3,2727,30,321,0,8,4,337,0.123579,2.628530,4.506051
edit_write,f9d9853e5d1a86bd3f5789e51df999bcd31b2ca5d74e70a72c4b106ba06725a7,H0,33,38,15923,17509,15958,17538,false,rp1:7b9a678dd021d4b6e3a6fa6b0b4ad469,myst-parser,myst-parser/files/docs/develop/contributing.md,G0-FENCE-CLOSER-REMOVE|myst-parser/files/docs/develop/contributing.md|code_block_fenced#0@488-640,break_restore_pair,1,RESTORE,E4_FENCE_OPEN_CLOSE,,,close_restore,2724,3,637,637,3,2727,30,321,0,8,4,337,0.123579,2.628530,4.506051
edit_write,f9d9853e5d1a86bd3f5789e51df999bcd31b2ca5d74e70a72c4b106ba06725a7,H3,1418,1677,13866,14940,15267,16677,false,rp1:7b9a678dd021d4b6e3a6fa6b0b4ad469,myst-parser,myst-parser/files/docs/develop/contributing.md,G0-FENCE-CLOSER-REMOVE|myst-parser/files/docs/develop/contributing.md|code_block_fenced#0@488-640,break_restore_pair,1,RESTORE,E4_FENCE_OPEN_CLOSE,,,close_restore,2724,3,637,637,3,2727,30,321,0,8,4,337,0.123579,2.628530,4.506051
edit_write,f9d9853e5d1a86bd3f5789e51df999bcd31b2ca5d74e70a72c4b106ba06725a7,H4,183,224,8266,8914,8473,9128,false,rp1:7b9a678dd021d4b6e3a6fa6b0b4ad469,myst-parser,myst-parser/files/docs/develop/contributing.md,G0-FENCE-CLOSER-REMOVE|myst-parser/files/docs/develop/contributing.md|code_block_fenced#0@488-640,break_restore_pair,1,RESTORE,E4_FENCE_OPEN_CLOSE,,,close_restore,2724,3,637,637,3,2727,30,321,0,8,4,337,0.123579,2.628530,4.506051
edit_write,f9e1f690f48c3253326fce967a3f7d87361266afd3942d96d5d78dd2b3c25ad4,H1,44,52,36436,47952,36474,47992,false,rp1:1d0bee83089efa2934d295adc5610999,rust-rfcs,rust-rfcs/files/text/1123-str-split-at.md,G0-LIST-ITEM-INDENT|rust-rfcs/files/text/1123-str-split-at.md|list_item#3@133-215,break_restore_pair,0,BREAK,E3_CONTAINER_DEPTH,early,0.038764,indent_deepen,3431,2,133,133,2,3431,31,877,2,2,2,866,0.252405,0.298455,1.193821
edit_write,f9e1f690f48c3253326fce967a3f7d87361266afd3942d96d5d78dd2b3c25ad4,H2,81,114,11993,13351,12100,13420,false,rp1:1d0bee83089efa2934d295adc5610999,rust-rfcs,rust-rfcs/files/text/1123-str-split-at.md,G0-LIST-ITEM-INDENT|rust-rfcs/files/text/1123-str-split-at.md|list_item#3@133-215,break_restore_pair,0,BREAK,E3_CONTAINER_DEPTH,early,0.038764,indent_deepen,3431,2,133,133,2,3431,31,877,2,2,2,866,0.252405,0.298455,1.193821
edit_write,f9e1f690f48c3253326fce967a3f7d87361266afd3942d96d5d78dd2b3c25ad4,H0,38,52,20049,21410,20091,21449,false,rp1:1d0bee83089efa2934d295adc5610999,rust-rfcs,rust-rfcs/files/text/1123-str-split-at.md,G0-LIST-ITEM-INDENT|rust-rfcs/files/text/1123-str-split-at.md|list_item#3@133-215,break_restore_pair,0,BREAK,E3_CONTAINER_DEPTH,early,0.038764,indent_deepen,3431,2,133,133,2,3431,31,877,2,2,2,866,0.252405,0.298455,1.193821
edit_write,f9e1f690f48c3253326fce967a3f7d87361266afd3942d96d5d78dd2b3c25ad4,H3,1109,1259,10801,12359,11958,13854,false,rp1:1d0bee83089efa2934d295adc5610999,rust-rfcs,rust-rfcs/files/text/1123-str-split-at.md,G0-LIST-ITEM-INDENT|rust-rfcs/files/text/1123-str-split-at.md|list_item#3@133-215,break_restore_pair,0,BREAK,E3_CONTAINER_DEPTH,early,0.038764,indent_deepen,3431,2,133,133,2,3431,31,877,2,2,2,866,0.252405,0.298455,1.193821
edit_write,f9e1f690f48c3253326fce967a3f7d87361266afd3942d96d5d78dd2b3c25ad4,H4,266,316,7924,8649,8170,8870,false,rp1:1d0bee83089efa2934d295adc5610999,rust-rfcs,rust-rfcs/files/text/1123-str-split-at.md,G0-LIST-ITEM-INDENT|rust-rfcs/files/text/1123-str-split-at.md|list_item#3@133-215,break_restore_pair,0,BREAK,E3_CONTAINER_DEPTH,early,0.038764,indent_deepen,3431,2,133,133,2,3431,31,877,2,2,2,866,0.252405,0.298455,1.193821
edit_write,f9f9788384837350748b55e9fdf2f0827975bb37f45b75ffab7fa0ff4e86486b,H1,45,57,34009,47069,34083,47110,false,rp1:66969b89cdd996b82f0b34aa241ab03c,rust-rfcs,rust-rfcs/files/text/0404-change-prefer-dynamic.md,G0-LOCAL-TEXT-REPLACE-EQ|rust-rfcs/files/text/0404-change-prefer-dynamic.md|text#10@843-880,single_step,0,SINGLE,E1_LOCAL_TEXT,early,0.122850,replace_eq,6862,8,852,860,8,6862,34,901,2,1,1,889,0.129554,0.149228,0.298455
edit_write,f9f9788384837350748b55e9fdf2f0827975bb37f45b75ffab7fa0ff4e86486b,H2,80,114,10500,11314,10589,11418,false,rp1:66969b89cdd996b82f0b34aa241ab03c,rust-rfcs,rust-rfcs/files/text/0404-change-prefer-dynamic.md,G0-LOCAL-TEXT-REPLACE-EQ|rust-rfcs/files/text/0404-change-prefer-dynamic.md|text#10@843-880,single_step,0,SINGLE,E1_LOCAL_TEXT,early,0.122850,replace_eq,6862,8,852,860,8,6862,34,901,2,1,1,889,0.129554,0.149228,0.298455
edit_write,f9f9788384837350748b55e9fdf2f0827975bb37f45b75ffab7fa0ff4e86486b,H0,35,49,24021,26285,24074,26324,false,rp1:66969b89cdd996b82f0b34aa241ab03c,rust-rfcs,rust-rfcs/files/text/0404-change-prefer-dynamic.md,G0-LOCAL-TEXT-REPLACE-EQ|rust-rfcs/files/text/0404-change-prefer-dynamic.md|text#10@843-880,single_step,0,SINGLE,E1_LOCAL_TEXT,early,0.122850,replace_eq,6862,8,852,860,8,6862,34,901,2,1,1,889,0.129554,0.149228,0.298455
edit_write,f9f9788384837350748b55e9fdf2f0827975bb37f45b75ffab7fa0ff4e86486b,H3,1611,1794,8429,9019,10093,10745,false,rp1:66969b89cdd996b82f0b34aa241ab03c,rust-rfcs,rust-rfcs/files/text/0404-change-prefer-dynamic.md,G0-LOCAL-TEXT-REPLACE-EQ|rust-rfcs/files/text/0404-change-prefer-dynamic.md|text#10@843-880,single_step,0,SINGLE,E1_LOCAL_TEXT,early,0.122850,replace_eq,6862,8,852,860,8,6862,34,901,2,1,1,889,0.129554,0.149228,0.298455
edit_write,f9f9788384837350748b55e9fdf2f0827975bb37f45b75ffab7fa0ff4e86486b,H4,187,226,5423,5970,5632,6206,false,rp1:66969b89cdd996b82f0b34aa241ab03c,rust-rfcs,rust-rfcs/files/text/0404-change-prefer-dynamic.md,G0-LOCAL-TEXT-REPLACE-EQ|rust-rfcs/files/text/0404-change-prefer-dynamic.md|text#10@843-880,single_step,0,SINGLE,E1_LOCAL_TEXT,early,0.122850,replace_eq,6862,8,852,860,8,6862,34,901,2,1,1,889,0.129554,0.149228,0.298455
edit_write,fbf54e62646d4a938dfe09bfa1e7afb91cb32873f150d37c68bcb9e6b1187127,H1,44,50,73746,87775,73795,87821,false,rp1:2baea3e7bdc0e0e100a2e946c88a35af,rust-rfcs,rust-rfcs/files/text/3289-source_replacement_ambiguity.md,G0-LIST-ITEM-INDENT|rust-rfcs/files/text/3289-source_replacement_ambiguity.md|list_item#5@838-1068,break_restore_pair,1,RESTORE,E3_CONTAINER_DEPTH,,,indent_restore,7211,2,838,840,0,7209,72,301,2,10,2,322,0.044666,0.426134,1.704536
edit_write,fbf54e62646d4a938dfe09bfa1e7afb91cb32873f150d37c68bcb9e6b1187127,H2,119,161,26757,28771,26852,28939,false,rp1:2baea3e7bdc0e0e100a2e946c88a35af,rust-rfcs,rust-rfcs/files/text/3289-source_replacement_ambiguity.md,G0-LIST-ITEM-INDENT|rust-rfcs/files/text/3289-source_replacement_ambiguity.md|list_item#5@838-1068,break_restore_pair,1,RESTORE,E3_CONTAINER_DEPTH,,,indent_restore,7211,2,838,840,0,7209,72,301,2,10,2,322,0.044666,0.426134,1.704536
edit_write,fbf54e62646d4a938dfe09bfa1e7afb91cb32873f150d37c68bcb9e6b1187127,H0,36,43,47799,60749,47832,60797,false,rp1:2baea3e7bdc0e0e100a2e946c88a35af,rust-rfcs,rust-rfcs/files/text/3289-source_replacement_ambiguity.md,G0-LIST-ITEM-INDENT|rust-rfcs/files/text/3289-source_replacement_ambiguity.md|list_item#5@838-1068,break_restore_pair,1,RESTORE,E3_CONTAINER_DEPTH,,,indent_restore,7211,2,838,840,0,7209,72,301,2,10,2,322,0.044666,0.426134,1.704536
edit_write,fbf54e62646d4a938dfe09bfa1e7afb91cb32873f150d37c68bcb9e6b1187127,H3,3077,3352,22987,24884,26039,28274,false,rp1:2baea3e7bdc0e0e100a2e946c88a35af,rust-rfcs,rust-rfcs/files/text/3289-source_replacement_ambiguity.md,G0-LIST-ITEM-INDENT|rust-rfcs/files/text/3289-source_replacement_ambiguity.md|list_item#5@838-1068,break_restore_pair,1,RESTORE,E3_CONTAINER_DEPTH,,,indent_restore,7211,2,838,840,0,7209,72,301,2,10,2,322,0.044666,0.426134,1.704536
edit_write,fbf54e62646d4a938dfe09bfa1e7afb91cb32873f150d37c68bcb9e6b1187127,H4,607,678,15650,16948,16284,17607,false,rp1:2baea3e7bdc0e0e100a2e946c88a35af,rust-rfcs,rust-rfcs/files/text/3289-source_replacement_ambiguity.md,G0-LIST-ITEM-INDENT|rust-rfcs/files/text/3289-source_replacement_ambiguity.md|list_item#5@838-1068,break_restore_pair,1,RESTORE,E3_CONTAINER_DEPTH,,,indent_restore,7211,2,838,840,0,7209,72,301,2,10,2,322,0.044666,0.426134,1.704536
edit_write,fdf78a5668533a2b09c7c6e670e8f260bc76ada0943d921ec6078a76363c562e,H1,52,72,87469,107670,87522,107719,false,rp1:0bfa51b34ef288c8d03edbf8773bebfe,owasp-cheatsheets,owasp-cheatsheets/files/cheatsheets/Email_Validation_and_Verification_Cheat_Sheet.md,G0-PARAGRAPH-MERGE|owasp-cheatsheets/files/cheatsheets/Email_Validation_and_Verification_Cheat_Sheet.md|paragraph#1@335-431,single_step,0,SINGLE,E2_PARAGRAPH_SPLIT_MERGE,early|middle|late,0.065315,merge,5129,2,333,335,1,5129,98,247,4,0,0,0,0,0,0
edit_write,fdf78a5668533a2b09c7c6e670e8f260bc76ada0943d921ec6078a76363c562e,H2,104,153,15131,16236,15229,16321,false,rp1:0bfa51b34ef288c8d03edbf8773bebfe,owasp-cheatsheets,owasp-cheatsheets/files/cheatsheets/Email_Validation_and_Verification_Cheat_Sheet.md,G0-PARAGRAPH-MERGE|owasp-cheatsheets/files/cheatsheets/Email_Validation_and_Verification_Cheat_Sheet.md|paragraph#1@335-431,single_step,0,SINGLE,E2_PARAGRAPH_SPLIT_MERGE,early|middle|late,0.065315,merge,5129,2,333,335,1,5129,98,247,4,0,0,0,0,0,0
edit_write,fdf78a5668533a2b09c7c6e670e8f260bc76ada0943d921ec6078a76363c562e,H0,39,53,54580,68609,54615,68654,false,rp1:0bfa51b34ef288c8d03edbf8773bebfe,owasp-cheatsheets,owasp-cheatsheets/files/cheatsheets/Email_Validation_and_Verification_Cheat_Sheet.md,G0-PARAGRAPH-MERGE|owasp-cheatsheets/files/cheatsheets/Email_Validation_and_Verification_Cheat_Sheet.md|paragraph#1@335-431,single_step,0,SINGLE,E2_PARAGRAPH_SPLIT_MERGE,early|middle|late,0.065315,merge,5129,2,333,335,1,5129,98,247,4,0,0,0,0,0,0
edit_write,fdf78a5668533a2b09c7c6e670e8f260bc76ada0943d921ec6078a76363c562e,H3,2379,2602,11243,12310,13601,14885,false,rp1:0bfa51b34ef288c8d03edbf8773bebfe,owasp-cheatsheets,owasp-cheatsheets/files/cheatsheets/Email_Validation_and_Verification_Cheat_Sheet.md,G0-PARAGRAPH-MERGE|owasp-cheatsheets/files/cheatsheets/Email_Validation_and_Verification_Cheat_Sheet.md|paragraph#1@335-431,single_step,0,SINGLE,E2_PARAGRAPH_SPLIT_MERGE,early|middle|late,0.065315,merge,5129,2,333,335,1,5129,98,247,4,0,0,0,0,0,0
edit_write,fdf78a5668533a2b09c7c6e670e8f260bc76ada0943d921ec6078a76363c562e,H4,367,412,8078,8864,8453,9258,false,rp1:0bfa51b34ef288c8d03edbf8773bebfe,owasp-cheatsheets,owasp-cheatsheets/files/cheatsheets/Email_Validation_and_Verification_Cheat_Sheet.md,G0-PARAGRAPH-MERGE|owasp-cheatsheets/files/cheatsheets/Email_Validation_and_Verification_Cheat_Sheet.md|paragraph#1@335-431,single_step,0,SINGLE,E2_PARAGRAPH_SPLIT_MERGE,early|middle|late,0.065315,merge,5129,2,333,335,1,5129,98,247,4,0,0,0,0,0,0
edit_write,fe26ea0f547ee5341ee2a774c4626d40cff403f978f0eecd4885426a95dd9e4f,H1,44,61,32096,41662,32142,41699,false,rp1:acb7aca1606ca9a056114beb7665a0d4,oci-image,oci-image/files/HACKING.md,G0-LOCAL-TEXT-REPLACE-EQ|oci-image/files/HACKING.md|text#4@125-264,single_step,0,SINGLE,E1_LOCAL_TEXT,early,0.067313,replace_eq,1857,8,221,229,8,1857,48,139,2,3,3,139,0.074852,4.411416,3.308562
edit_write,fe26ea0f547ee5341ee2a774c4626d40cff403f978f0eecd4885426a95dd9e4f,H2,85,120,12132,13346,12215,13443,false,rp1:acb7aca1606ca9a056114beb7665a0d4,oci-image,oci-image/files/HACKING.md,G0-LOCAL-TEXT-REPLACE-EQ|oci-image/files/HACKING.md|text#4@125-264,single_step,0,SINGLE,E1_LOCAL_TEXT,early,0.067313,replace_eq,1857,8,221,229,8,1857,48,139,2,3,3,139,0.074852,4.411416,3.308562
edit_write,fe26ea0f547ee5341ee2a774c4626d40cff403f978f0eecd4885426a95dd9e4f,H0,35,53,17581,18277,17625,18304,false,rp1:acb7aca1606ca9a056114beb7665a0d4,oci-image,oci-image/files/HACKING.md,G0-LOCAL-TEXT-REPLACE-EQ|oci-image/files/HACKING.md|text#4@125-264,single_step,0,SINGLE,E1_LOCAL_TEXT,early,0.067313,replace_eq,1857,8,221,229,8,1857,48,139,2,3,3,139,0.074852,4.411416,3.308562
edit_write,fe26ea0f547ee5341ee2a774c4626d40cff403f978f0eecd4885426a95dd9e4f,H3,1669,1831,9332,9969,10966,11789,false,rp1:acb7aca1606ca9a056114beb7665a0d4,oci-image,oci-image/files/HACKING.md,G0-LOCAL-TEXT-REPLACE-EQ|oci-image/files/HACKING.md|text#4@125-264,single_step,0,SINGLE,E1_LOCAL_TEXT,early,0.067313,replace_eq,1857,8,221,229,8,1857,48,139,2,3,3,139,0.074852,4.411416,3.308562
edit_write,fe26ea0f547ee5341ee2a774c4626d40cff403f978f0eecd4885426a95dd9e4f,H4,266,309,5183,5666,5451,5956,false,rp1:acb7aca1606ca9a056114beb7665a0d4,oci-image,oci-image/files/HACKING.md,G0-LOCAL-TEXT-REPLACE-EQ|oci-image/files/HACKING.md|text#4@125-264,single_step,0,SINGLE,E1_LOCAL_TEXT,early,0.067313,replace_eq,1857,8,221,229,8,1857,48,139,2,3,3,139,0.074852,4.411416,3.308562
edit_write,fea305d72dbbeee48fdea65ea9893a4889602407d2c96d9baf476141ba785ac3,H1,43,48,67381,84310,67444,84352,false,rp1:00d95e1d09d36983a0fd445a225f3a83,oci-image,oci-image/files/considerations.md,G0-REFDEF-REMOVE|oci-image/files/considerations.md|reference_definition#0@5792-5882,break_restore_pair,0,BREAK,E6_REFERENCE_DEFINITION,early|middle|late,0.921120,definition_remove,6288,91,5792,5883,0,6288,64,530,2,8,8,284,0.045165,1.628499,2.605598
edit_write,fea305d72dbbeee48fdea65ea9893a4889602407d2c96d9baf476141ba785ac3,H2,119,142,57831,71042,57955,71171,false,rp1:00d95e1d09d36983a0fd445a225f3a83,oci-image,oci-image/files/considerations.md,G0-REFDEF-REMOVE|oci-image/files/considerations.md|reference_definition#0@5792-5882,break_restore_pair,0,BREAK,E6_REFERENCE_DEFINITION,early|middle|late,0.921120,definition_remove,6288,91,5792,5883,0,6288,64,530,2,8,8,284,0.045165,1.628499,2.605598
edit_write,fea305d72dbbeee48fdea65ea9893a4889602407d2c96d9baf476141ba785ac3,H0,40,60,43613,58104,43668,58161,false,rp1:00d95e1d09d36983a0fd445a225f3a83,oci-image,oci-image/files/considerations.md,G0-REFDEF-REMOVE|oci-image/files/considerations.md|reference_definition#0@5792-5882,break_restore_pair,0,BREAK,E6_REFERENCE_DEFINITION,early|middle|late,0.921120,definition_remove,6288,91,5792,5883,0,6288,64,530,2,8,8,284,0.045165,1.628499,2.605598
edit_write,fea305d72dbbeee48fdea65ea9893a4889602407d2c96d9baf476141ba785ac3,H3,2603,2727,57408,71926,60055,77012,false,rp1:00d95e1d09d36983a0fd445a225f3a83,oci-image,oci-image/files/considerations.md,G0-REFDEF-REMOVE|oci-image/files/considerations.md|reference_definition#0@5792-5882,break_restore_pair,0,BREAK,E6_REFERENCE_DEFINITION,early|middle|late,0.921120,definition_remove,6288,91,5792,5883,0,6288,64,530,2,8,8,284,0.045165,1.628499,2.605598
edit_write,fea305d72dbbeee48fdea65ea9893a4889602407d2c96d9baf476141ba785ac3,H4,390,435,66633,85890,66990,86293,false,rp1:00d95e1d09d36983a0fd445a225f3a83,oci-image,oci-image/files/considerations.md,G0-REFDEF-REMOVE|oci-image/files/considerations.md|reference_definition#0@5792-5882,break_restore_pair,0,BREAK,E6_REFERENCE_DEFINITION,early|middle|late,0.921120,definition_remove,6288,91,5792,5883,0,6288,64,530,2,8,8,284,0.045165,1.628499,2.605598
edit_write,ff3e4698ee092736a6520cc9f85bfd5e49a7552f008673c7abaad578d7054728,H1,43,48,30473,32553,30502,32604,false,rp1:7ea967a7a70483526fc2e9a0e26a9ad1,opentelemetry-spec,opentelemetry-spec/files/specification/library-layout.md,G0-BQ-NEST-LINE|opentelemetry-spec/files/specification/library-layout.md|block_quote#3@2564-2570,break_restore_pair,0,BREAK,E3_CONTAINER_DEPTH,late,0.870924,nest_deepen,2944,1,2564,2564,1,2944,40,330,2,0,0,367,0.124660,0.695652,0
edit_write,ff3e4698ee092736a6520cc9f85bfd5e49a7552f008673c7abaad578d7054728,H2,69,119,10413,11752,10496,11808,false,rp1:7ea967a7a70483526fc2e9a0e26a9ad1,opentelemetry-spec,opentelemetry-spec/files/specification/library-layout.md,G0-BQ-NEST-LINE|opentelemetry-spec/files/specification/library-layout.md|block_quote#3@2564-2570,break_restore_pair,0,BREAK,E3_CONTAINER_DEPTH,late,0.870924,nest_deepen,2944,1,2564,2564,1,2944,40,330,2,0,0,367,0.124660,0.695652,0
edit_write,ff3e4698ee092736a6520cc9f85bfd5e49a7552f008673c7abaad578d7054728,H0,46,61,18813,19942,18890,19996,false,rp1:7ea967a7a70483526fc2e9a0e26a9ad1,opentelemetry-spec,opentelemetry-spec/files/specification/library-layout.md,G0-BQ-NEST-LINE|opentelemetry-spec/files/specification/library-layout.md|block_quote#3@2564-2570,break_restore_pair,0,BREAK,E3_CONTAINER_DEPTH,late,0.870924,nest_deepen,2944,1,2564,2564,1,2944,40,330,2,0,0,367,0.124660,0.695652,0
edit_write,ff3e4698ee092736a6520cc9f85bfd5e49a7552f008673c7abaad578d7054728,H3,1108,1350,7771,13392,8858,14560,false,rp1:7ea967a7a70483526fc2e9a0e26a9ad1,opentelemetry-spec,opentelemetry-spec/files/specification/library-layout.md,G0-BQ-NEST-LINE|opentelemetry-spec/files/specification/library-layout.md|block_quote#3@2564-2570,break_restore_pair,0,BREAK,E3_CONTAINER_DEPTH,late,0.870924,nest_deepen,2944,1,2564,2564,1,2944,40,330,2,0,0,367,0.124660,0.695652,0
edit_write,ff3e4698ee092736a6520cc9f85bfd5e49a7552f008673c7abaad578d7054728,H4,235,275,4416,5136,4610,5477,false,rp1:7ea967a7a70483526fc2e9a0e26a9ad1,opentelemetry-spec,opentelemetry-spec/files/specification/library-layout.md,G0-BQ-NEST-LINE|opentelemetry-spec/files/specification/library-layout.md|block_quote#3@2564-2570,break_restore_pair,0,BREAK,E3_CONTAINER_DEPTH,late,0.870924,nest_deepen,2944,1,2564,2564,1,2944,40,330,2,0,0,367,0.124660,0.695652,0
