surface,case_id,horse,session0_p50,session1_p50,session2_p50,max_min_ratio,unstable
clean_state,02820e239967c59a597ea5eed1392bc8754e1c5965b91983227aecc95581a013,H1,5783,5999,5635,1.064596,false
clean_state,02820e239967c59a597ea5eed1392bc8754e1c5965b91983227aecc95581a013,H2,5191,5523,5177,1.066834,false
clean_state,02820e239967c59a597ea5eed1392bc8754e1c5965b91983227aecc95581a013,H0,4322,4356,4287,1.016095,false
clean_state,02820e239967c59a597ea5eed1392bc8754e1c5965b91983227aecc95581a013,H3,5181,5524,5187,1.066203,false
clean_state,02820e239967c59a597ea5eed1392bc8754e1c5965b91983227aecc95581a013,H4,5590,5780,5303,1.089949,false
clean_state,080879eaa8dc782753861e308f75faa2737d566753e4c791cacdc3a11e399df6,H1,27003,25318,27006,1.066672,false
clean_state,080879eaa8dc782753861e308f75faa2737d566753e4c791cacdc3a11e399df6,H2,23488,24213,23952,1.030867,false
clean_state,080879eaa8dc782753861e308f75faa2737d566753e4c791cacdc3a11e399df6,H0,18784,18972,18318,1.035703,false
clean_state,080879eaa8dc782753861e308f75faa2737d566753e4c791cacdc3a11e399df6,H3,24733,23830,24711,1.037893,false
clean_state,080879eaa8dc782753861e308f75faa2737d566753e4c791cacdc3a11e399df6,H4,24429,25084,23548,1.065228,false
clean_state,21484c1f54cc26eafc9d66024b22bbe60d951187e2b1bb0dd494b9d92df06147,H1,34634,32158,32757,1.076995,false
clean_state,21484c1f54cc26eafc9d66024b22bbe60d951187e2b1bb0dd494b9d92df06147,H2,32510,32836,32457,1.011677,false
clean_state,21484c1f54cc26eafc9d66024b22bbe60d951187e2b1bb0dd494b9d92df06147,H0,23842,23840,24073,1.009773,false
clean_state,21484c1f54cc26eafc9d66024b22bbe60d951187e2b1bb0dd494b9d92df06147,H3,32111,31273,31837,1.026796,false
clean_state,21484c1f54cc26eafc9d66024b22bbe60d951187e2b1bb0dd494b9d92df06147,H4,32160,32042,32429,1.012078,false
clean_state,2f225eb2e1aa77104e2e5b1ab0993f545fb5b7e5e35f2e33e8fea5a48f3adb1d,H1,487,497,466,1.066524,false
clean_state,2f225eb2e1aa77104e2e5b1ab0993f545fb5b7e5e35f2e33e8fea5a48f3adb1d,H2,451,416,442,1.084135,false
clean_state,2f225eb2e1aa77104e2e5b1ab0993f545fb5b7e5e35f2e33e8fea5a48f3adb1d,H0,366,402,396,1.098361,false
clean_state,2f225eb2e1aa77104e2e5b1ab0993f545fb5b7e5e35f2e33e8fea5a48f3adb1d,H3,434,405,385,1.127273,false
clean_state,2f225eb2e1aa77104e2e5b1ab0993f545fb5b7e5e35f2e33e8fea5a48f3adb1d,H4,521,486,466,1.118026,false
clean_state,46473bc31137bd9a6e7be9242327718912dacc419653793f9fc5afddbb871932,H1,22890,22908,23056,1.007252,false
clean_state,46473bc31137bd9a6e7be9242327718912dacc419653793f9fc5afddbb871932,H2,22692,23365,22721,1.029658,false
clean_state,46473bc31137bd9a6e7be9242327718912dacc419653793f9fc5afddbb871932,H0,17729,15751,16603,1.125579,false
clean_state,46473bc31137bd9a6e7be9242327718912dacc419653793f9fc5afddbb871932,H3,22218,23112,22638,1.040238,false
clean_state,46473bc31137bd9a6e7be9242327718912dacc419653793f9fc5afddbb871932,H4,23055,22439,22252,1.036087,false
clean_state,51bbbfadb5f526fd0b1edb4b7c33330a8b120a44bde13b1a30e19bcc597d05c4,H1,31133,31682,31493,1.017634,false
clean_state,51bbbfadb5f526fd0b1edb4b7c33330a8b120a44bde13b1a30e19bcc597d05c4,H2,30797,31435,31544,1.024256,false
clean_state,51bbbfadb5f526fd0b1edb4b7c33330a8b120a44bde13b1a30e19bcc597d05c4,H0,22577,22853,22578,1.012225,false
clean_state,51bbbfadb5f526fd0b1edb4b7c33330a8b120a44bde13b1a30e19bcc597d05c4,H3,30831,31460,30920,1.020402,false
clean_state,51bbbfadb5f526fd0b1edb4b7c33330a8b120a44bde13b1a30e19bcc597d05c4,H4,31815,31401,32051,1.020700,false
clean_state,5ff47d1475056d610b38bc86ad4daba479679923b9b0abe3c0ee488ac6b42689,H1,2064,2063,1890,1.092063,false
clean_state,5ff47d1475056d610b38bc86ad4daba479679923b9b0abe3c0ee488ac6b42689,H2,1804,1787,1748,1.032037,false
clean_state,5ff47d1475056d610b38bc86ad4daba479679923b9b0abe3c0ee488ac6b42689,H0,1616,1558,1556,1.038560,false
clean_state,5ff47d1475056d610b38bc86ad4daba479679923b9b0abe3c0ee488ac6b42689,H3,1894,1755,1844,1.079202,false
clean_state,5ff47d1475056d610b38bc86ad4daba479679923b9b0abe3c0ee488ac6b42689,H4,1995,1889,1855,1.075472,false
clean_state,6fc99e6cb2c777bca9894f43080a7efc29903b772b89b0b3755a7cbab9366324,H1,17987,17907,17811,1.009882,false
clean_state,6fc99e6cb2c777bca9894f43080a7efc29903b772b89b0b3755a7cbab9366324,H2,18116,17860,17996,1.014334,false
clean_state,6fc99e6cb2c777bca9894f43080a7efc29903b772b89b0b3755a7cbab9366324,H0,16797,15972,16210,1.051653,false
clean_state,6fc99e6cb2c777bca9894f43080a7efc29903b772b89b0b3755a7cbab9366324,H3,17977,17822,19127,1.073224,false
clean_state,6fc99e6cb2c777bca9894f43080a7efc29903b772b89b0b3755a7cbab9366324,H4,17846,17277,17404,1.032934,false
clean_state,73039631b4e45389797f5ef0bb26cc57ac1f3da406ae556a70236a194049d66a,H1,59567,60118,59543,1.009657,false
clean_state,73039631b4e45389797f5ef0bb26cc57ac1f3da406ae556a70236a194049d66a,H2,56839,56844,57051,1.003730,false
clean_state,73039631b4e45389797f5ef0bb26cc57ac1f3da406ae556a70236a194049d66a,H0,53189,53202,53083,1.002242,false
clean_state,73039631b4e45389797f5ef0bb26cc57ac1f3da406ae556a70236a194049d66a,H3,56807,57104,57195,1.006830,false
clean_state,73039631b4e45389797f5ef0bb26cc57ac1f3da406ae556a70236a194049d66a,H4,58494,60976,57916,1.052835,false
clean_state,879a0f03d0b686e5fd9fff1550d560cdf5686f04c19a85c004977676f6af6c6e,H1,28318,28215,28366,1.005352,false
clean_state,879a0f03d0b686e5fd9fff1550d560cdf5686f04c19a85c004977676f6af6c6e,H2,24765,25839,25658,1.043368,false
clean_state,879a0f03d0b686e5fd9fff1550d560cdf5686f04c19a85c004977676f6af6c6e,H0,18192,17487,17570,1.040316,false
clean_state,879a0f03d0b686e5fd9fff1550d560cdf5686f04c19a85c004977676f6af6c6e,H3,25850,26589,25553,1.040543,false
clean_state,879a0f03d0b686e5fd9fff1550d560cdf5686f04c19a85c004977676f6af6c6e,H4,26693,27355,26670,1.025684,false
clean_state,87ab6f49c3edfed596075eafb6a0133c6fddff25df05bbade3eff53902be09a2,H1,75320,76712,75332,1.018481,false
clean_state,87ab6f49c3edfed596075eafb6a0133c6fddff25df05bbade3eff53902be09a2,H2,66521,65662,67108,1.022022,false
clean_state,87ab6f49c3edfed596075eafb6a0133c6fddff25df05bbade3eff53902be09a2,H0,53783,52642,52315,1.028061,false
clean_state,87ab6f49c3edfed596075eafb6a0133c6fddff25df05bbade3eff53902be09a2,H3,70125,68432,65921,1.063773,false
clean_state,87ab6f49c3edfed596075eafb6a0133c6fddff25df05bbade3eff53902be09a2,H4,73310,72287,73403,1.015438,false
clean_state,8cac5a00f3a2eb4fb54a876d5f7aa219b8ee1ebd7ed76145e5f44611414725aa,H1,31426,31428,31629,1.006460,false
clean_state,8cac5a00f3a2eb4fb54a876d5f7aa219b8ee1ebd7ed76145e5f44611414725aa,H2,30101,30672,30197,1.018969,false
clean_state,8cac5a00f3a2eb4fb54a876d5f7aa219b8ee1ebd7ed76145e5f44611414725aa,H0,25968,24568,25254,1.056985,false
clean_state,8cac5a00f3a2eb4fb54a876d5f7aa219b8ee1ebd7ed76145e5f44611414725aa,H3,30691,29734,29888,1.032185,false
clean_state,8cac5a00f3a2eb4fb54a876d5f7aa219b8ee1ebd7ed76145e5f44611414725aa,H4,30932,30879,30540,1.012836,false
clean_state,94c57cd2d6f40b46599c4aa5e48d1f018bf1f13c6cd301180454f49cd0a01207,H1,37830,37840,37588,1.006704,false
clean_state,94c57cd2d6f40b46599c4aa5e48d1f018bf1f13c6cd301180454f49cd0a01207,H2,35087,35344,34910,1.012432,false
clean_state,94c57cd2d6f40b46599c4aa5e48d1f018bf1f13c6cd301180454f49cd0a01207,H0,28084,27692,28774,1.039073,false
clean_state,94c57cd2d6f40b46599c4aa5e48d1f018bf1f13c6cd301180454f49cd0a01207,H3,35343,35489,35393,1.004131,false
clean_state,94c57cd2d6f40b46599c4aa5e48d1f018bf1f13c6cd301180454f49cd0a01207,H4,36733,36813,36673,1.003818,false
clean_state,96357ea197e919bd66692e993dcb85b0527ed23fdc923c9d28646111145741be,H1,29446,29666,29677,1.007845,false
clean_state,96357ea197e919bd66692e993dcb85b0527ed23fdc923c9d28646111145741be,H2,29434,30610,30053,1.039954,false
clean_state,96357ea197e919bd66692e993dcb85b0527ed23fdc923c9d28646111145741be,H0,23429,21602,22341,1.084576,false
clean_state,96357ea197e919bd66692e993dcb85b0527ed23fdc923c9d28646111145741be,H3,29920,29100,30067,1.033230,false
clean_state,96357ea197e919bd66692e993dcb85b0527ed23fdc923c9d28646111145741be,H4,28822,29013,29528,1.024495,false
clean_state,a525bd8f153230dfacace9642d48a91c7cb0d9b3620ee6061040637e16b8db6d,H1,3991,3852,3743,1.066257,false
clean_state,a525bd8f153230dfacace9642d48a91c7cb0d9b3620ee6061040637e16b8db6d,H2,3696,3592,3684,1.028953,false
clean_state,a525bd8f153230dfacace9642d48a91c7cb0d9b3620ee6061040637e16b8db6d,H0,2932,2913,3037,1.042568,false
clean_state,a525bd8f153230dfacace9642d48a91c7cb0d9b3620ee6061040637e16b8db6d,H3,3768,3630,3715,1.038017,false
clean_state,a525bd8f153230dfacace9642d48a91c7cb0d9b3620ee6061040637e16b8db6d,H4,3787,3628,3471,1.091040,false
clean_state,a67b28652c65b39dbdf75681aa007d3dd9a9770fc9068923377ee91224de209c,H1,39555,40010,40641,1.027455,false
clean_state,a67b28652c65b39dbdf75681aa007d3dd9a9770fc9068923377ee91224de209c,H2,39324,40152,39587,1.021056,false
clean_state,a67b28652c65b39dbdf75681aa007d3dd9a9770fc9068923377ee91224de209c,H0,32333,31100,31423,1.039646,false
clean_state,a67b28652c65b39dbdf75681aa007d3dd9a9770fc9068923377ee91224de209c,H3,39994,39927,39547,1.011303,false
clean_state,a67b28652c65b39dbdf75681aa007d3dd9a9770fc9068923377ee91224de209c,H4,38739,41429,39615,1.069439,false
clean_state,a97a63e7b47c9d13529a5560f9a65a42fa2e221fc4cd1ff8781918e9a4669fdd,H1,1303,1306,1242,1.051530,false
clean_state,a97a63e7b47c9d13529a5560f9a65a42fa2e221fc4cd1ff8781918e9a4669fdd,H2,1026,1123,1004,1.118526,false
clean_state,a97a63e7b47c9d13529a5560f9a65a42fa2e221fc4cd1ff8781918e9a4669fdd,H0,901,914,825,1.107879,false
clean_state,a97a63e7b47c9d13529a5560f9a65a42fa2e221fc4cd1ff8781918e9a4669fdd,H3,1157,1092,1051,1.100856,false
clean_state,a97a63e7b47c9d13529a5560f9a65a42fa2e221fc4cd1ff8781918e9a4669fdd,H4,1189,1119,1032,1.152132,false
clean_state,b474fe0f45380000e80ee1a3931b09e5165a73c7702e3ae7bf5d057f5f1817d9,H1,12105,12160,12371,1.021974,false
clean_state,b474fe0f45380000e80ee1a3931b09e5165a73c7702e3ae7bf5d057f5f1817d9,H2,11572,11530,11735,1.017780,false
clean_state,b474fe0f45380000e80ee1a3931b09e5165a73c7702e3ae7bf5d057f5f1817d9,H0,9485,9435,9622,1.019820,false
clean_state,b474fe0f45380000e80ee1a3931b09e5165a73c7702e3ae7bf5d057f5f1817d9,H3,11750,11599,11835,1.020347,false
clean_state,b474fe0f45380000e80ee1a3931b09e5165a73c7702e3ae7bf5d057f5f1817d9,H4,11557,11570,11808,1.021718,false
clean_state,bb6c06ba589f05646161fdcb12f7dc942554b85b1274af38038433855096f65a,H1,1694,1665,1779,1.068468,false
clean_state,bb6c06ba589f05646161fdcb12f7dc942554b85b1274af38038433855096f65a,H2,1762,1832,1660,1.103614,false
clean_state,bb6c06ba589f05646161fdcb12f7dc942554b85b1274af38038433855096f65a,H0,1538,1638,1540,1.065020,false
clean_state,bb6c06ba589f05646161fdcb12f7dc942554b85b1274af38038433855096f65a,H3,1804,1704,1751,1.058685,false
clean_state,bb6c06ba589f05646161fdcb12f7dc942554b85b1274af38038433855096f65a,H4,1862,1702,1744,1.094007,false
clean_state,c82d1aefab1d91d83560bcc6d8d72e1dffb7b8ed08dc2a0c45307e26724db37a,H1,15108,15494,15549,1.029190,false
clean_state,c82d1aefab1d91d83560bcc6d8d72e1dffb7b8ed08dc2a0c45307e26724db37a,H2,14404,14454,14374,1.005566,false
clean_state,c82d1aefab1d91d83560bcc6d8d72e1dffb7b8ed08dc2a0c45307e26724db37a,H0,12480,12753,11717,1.088419,false
clean_state,c82d1aefab1d91d83560bcc6d8d72e1dffb7b8ed08dc2a0c45307e26724db37a,H3,14562,15200,14752,1.043813,false
clean_state,c82d1aefab1d91d83560bcc6d8d72e1dffb7b8ed08dc2a0c45307e26724db37a,H4,14531,14366,14226,1.021440,false
clean_state,cafa65c8d63e6ae9aa37ff6caba58199e731b75b8e75cf7bc319e6fbed250162,H1,65377,65875,67957,1.039463,false
clean_state,cafa65c8d63e6ae9aa37ff6caba58199e731b75b8e75cf7bc319e6fbed250162,H2,66353,66356,68527,1.032764,false
clean_state,cafa65c8d63e6ae9aa37ff6caba58199e731b75b8e75cf7bc319e6fbed250162,H0,49342,47675,47400,1.040970,false
clean_state,cafa65c8d63e6ae9aa37ff6caba58199e731b75b8e75cf7bc319e6fbed250162,H3,66323,66237,66389,1.002295,false
clean_state,cafa65c8d63e6ae9aa37ff6caba58199e731b75b8e75cf7bc319e6fbed250162,H4,64445,64367,63624,1.012904,false
clean_state,d860ba409366765ed41d225d0d502810779e7dafc3b317cc6d9af043d3712198,H1,60686,61246,61556,1.014336,false
clean_state,d860ba409366765ed41d225d0d502810779e7dafc3b317cc6d9af043d3712198,H2,59936,58866,59767,1.018177,false
clean_state,d860ba409366765ed41d225d0d502810779e7dafc3b317cc6d9af043d3712198,H0,42846,42407,43026,1.014597,false
clean_state,d860ba409366765ed41d225d0d502810779e7dafc3b317cc6d9af043d3712198,H3,59508,59226,58251,1.021579,false
clean_state,d860ba409366765ed41d225d0d502810779e7dafc3b317cc6d9af043d3712198,H4,59449,60134,59523,1.011522,false
edit_write,00325fdc3e96c867447d0bfa2eb4777e0aa798dea247677a4c957251e5e12b40,H1,8719,8912,8255,1.079588,false
edit_write,00325fdc3e96c867447d0bfa2eb4777e0aa798dea247677a4c957251e5e12b40,H2,12406,12681,12620,1.022167,false
edit_write,00325fdc3e96c867447d0bfa2eb4777e0aa798dea247677a4c957251e5e12b40,H0,28264,27420,27060,1.044494,false
edit_write,00325fdc3e96c867447d0bfa2eb4777e0aa798dea247677a4c957251e5e12b40,H3,10617,10859,10733,1.022794,false
edit_write,00325fdc3e96c867447d0bfa2eb4777e0aa798dea247677a4c957251e5e12b40,H4,5921,5549,5680,1.067039,false
edit_write,004c93223d1a1ec38d037745dd691f9e0b9269a75c37f8c08a3faac7a5b2fd3f,H1,34166,34140,34104,1.001818,false
edit_write,004c93223d1a1ec38d037745dd691f9e0b9269a75c37f8c08a3faac7a5b2fd3f,H2,8958,9216,9541,1.065081,false
edit_write,004c93223d1a1ec38d037745dd691f9e0b9269a75c37f8c08a3faac7a5b2fd3f,H0,21705,21732,20923,1.038666,false
edit_write,004c93223d1a1ec38d037745dd691f9e0b9269a75c37f8c08a3faac7a5b2fd3f,H3,8185,8397,8293,1.025901,false
edit_write,004c93223d1a1ec38d037745dd691f9e0b9269a75c37f8c08a3faac7a5b2fd3f,H4,4683,4803,4663,1.030024,false
edit_write,0050888633c2c9116ff46d4de81522620c3bf3d8eb0215c88d6d7ffb64c75e70,H1,13416,14266,13326,1.070539,false
edit_write,0050888633c2c9116ff46d4de81522620c3bf3d8eb0215c88d6d7ffb64c75e70,H2,13149,13718,14057,1.069055,false
edit_write,0050888633c2c9116ff46d4de81522620c3bf3d8eb0215c88d6d7ffb64c75e70,H0,27949,27713,27374,1.021005,false
edit_write,0050888633c2c9116ff46d4de81522620c3bf3d8eb0215c88d6d7ffb64c75e70,H3,11484,12237,11218,1.090836,false
edit_write,0050888633c2c9116ff46d4de81522620c3bf3d8eb0215c88d6d7ffb64c75e70,H4,6106,6483,6380,1.061743,false
edit_write,00c46bccddf623dc7420f8d4b69831eea4f76d2c7373d00f11578e89c6731032,H1,37807,37192,37767,1.016536,false
edit_write,00c46bccddf623dc7420f8d4b69831eea4f76d2c7373d00f11578e89c6731032,H2,32462,32797,32136,1.020569,false
edit_write,00c46bccddf623dc7420f8d4b69831eea4f76d2c7373d00f11578e89c6731032,H0,21923,22196,22628,1.032158,false
edit_write,00c46bccddf623dc7420f8d4b69831eea4f76d2c7373d00f11578e89c6731032,H3,32458,32371,32227,1.007168,false
edit_write,00c46bccddf623dc7420f8d4b69831eea4f76d2c7373d00f11578e89c6731032,H4,40592,40600,40384,1.005349,false
edit_write,01402ba2e8697500c9a05c8370182d8fdd28a1c6950769eeb3a3ea95e2ca3785,H1,14742,14771,14928,1.012617,false
edit_write,01402ba2e8697500c9a05c8370182d8fdd28a1c6950769eeb3a3ea95e2ca3785,H2,6565,7016,6450,1.087752,false
edit_write,01402ba2e8697500c9a05c8370182d8fdd28a1c6950769eeb3a3ea95e2ca3785,H0,11318,11243,11237,1.007208,false
edit_write,01402ba2e8697500c9a05c8370182d8fdd28a1c6950769eeb3a3ea95e2ca3785,H3,6303,6135,6082,1.036337,false
edit_write,01402ba2e8697500c9a05c8370182d8fdd28a1c6950769eeb3a3ea95e2ca3785,H4,3435,3621,3741,1.089083,false
edit_write,016d58d6b8a69c4c4cb235b24e3abd606df2bd38204ec1fa9e68a4c8ccad8ce4,H1,4240,4407,7131,1.681840,true
edit_write,016d58d6b8a69c4c4cb235b24e3abd606df2bd38204ec1fa9e68a4c8ccad8ce4,H2,15419,14462,27023,1.868552,true
edit_write,016d58d6b8a69c4c4cb235b24e3abd606df2bd38204ec1fa9e68a4c8ccad8ce4,H0,9178,8918,9969,1.117852,false
edit_write,016d58d6b8a69c4c4cb235b24e3abd606df2bd38204ec1fa9e68a4c8ccad8ce4,H3,16850,16344,18013,1.102117,false
edit_write,016d58d6b8a69c4c4cb235b24e3abd606df2bd38204ec1fa9e68a4c8ccad8ce4,H4,13283,13274,15637,1.178017,false
edit_write,0375d416ea13245f1132f23fb2537edb3160fd6a2af4ba3dd5a16c47e988cb55,H1,9714,8434,9766,1.157932,false
edit_write,0375d416ea13245f1132f23fb2537edb3160fd6a2af4ba3dd5a16c47e988cb55,H2,17854,18543,17599,1.053639,false
edit_write,0375d416ea13245f1132f23fb2537edb3160fd6a2af4ba3dd5a16c47e988cb55,H0,31059,31201,30564,1.020842,false
edit_write,0375d416ea13245f1132f23fb2537edb3160fd6a2af4ba3dd5a16c47e988cb55,H3,16192,15837,15627,1.036155,false
edit_write,0375d416ea13245f1132f23fb2537edb3160fd6a2af4ba3dd5a16c47e988cb55,H4,7397,7342,7265,1.018169,false
edit_write,042549418bc280fad86b4dad28b115704f986f17763e7054b0b172626abcdbbb,H1,10341,9353,9928,1.105635,false
edit_write,042549418bc280fad86b4dad28b115704f986f17763e7054b0b172626abcdbbb,H2,12532,11804,12166,1.061674,false
edit_write,042549418bc280fad86b4dad28b115704f986f17763e7054b0b172626abcdbbb,H0,27400,27305,27737,1.015821,false
edit_write,042549418bc280fad86b4dad28b115704f986f17763e7054b0b172626abcdbbb,H3,10704,9594,10331,1.115697,false
edit_write,042549418bc280fad86b4dad28b115704f986f17763e7054b0b172626abcdbbb,H4,5252,5177,5271,1.018157,false
edit_write,048ecdaa1b70ba1ab13183276f9f9326a4ba513183babc2965450179a183b81e,H1,26203,26081,26758,1.025958,false
edit_write,048ecdaa1b70ba1ab13183276f9f9326a4ba513183babc2965450179a183b81e,H2,15146,15031,15462,1.028674,false
edit_write,048ecdaa1b70ba1ab13183276f9f9326a4ba513183babc2965450179a183b81e,H0,16235,16830,15933,1.056298,false
edit_write,048ecdaa1b70ba1ab13183276f9f9326a4ba513183babc2965450179a183b81e,H3,15212,15223,14882,1.022914,false
edit_write,048ecdaa1b70ba1ab13183276f9f9326a4ba513183babc2965450179a183b81e,H4,7939,8245,7958,1.038544,false
edit_write,057a203b624cc378b24fa379357d305e93acbdc5d83bbb00a6c2044297a91d7a,H1,19869,20459,19878,1.029694,false
edit_write,057a203b624cc378b24fa379357d305e93acbdc5d83bbb00a6c2044297a91d7a,H2,10140,10232,10018,1.021362,false
edit_write,057a203b624cc378b24fa379357d305e93acbdc5d83bbb00a6c2044297a91d7a,H0,12870,13026,12699,1.025750,false
edit_write,057a203b624cc378b24fa379357d305e93acbdc5d83bbb00a6c2044297a91d7a,H3,8083,8170,8011,1.019848,false
edit_write,057a203b624cc378b24fa379357d305e93acbdc5d83bbb00a6c2044297a91d7a,H4,4994,5090,4859,1.047541,false
edit_write,05bea54eaa7fc32f8be73d01494e8a8ead6843eece95d5c0332831a1638c8bff,H1,32684,33424,33261,1.022641,false
edit_write,05bea54eaa7fc32f8be73d01494e8a8ead6843eece95d5c0332831a1638c8bff,H2,9411,9660,9449,1.026458,false
edit_write,05bea54eaa7fc32f8be73d01494e8a8ead6843eece95d5c0332831a1638c8bff,H0,20887,20530,20973,1.021578,false
edit_write,05bea54eaa7fc32f8be73d01494e8a8ead6843eece95d5c0332831a1638c8bff,H3,8685,8833,8783,1.017041,false
edit_write,05bea54eaa7fc32f8be73d01494e8a8ead6843eece95d5c0332831a1638c8bff,H4,4705,4678,4696,1.005772,false
edit_write,078bbcefc4436fbf5ca4948e94d66e0b510e79250c7b15e0a8658579d7b2f73b,H1,70674,71115,70609,1.007166,false
edit_write,078bbcefc4436fbf5ca4948e94d66e0b510e79250c7b15e0a8658579d7b2f73b,H2,18641,18953,18328,1.034101,false
edit_write,078bbcefc4436fbf5ca4948e94d66e0b510e79250c7b15e0a8658579d7b2f73b,H0,48921,48190,47508,1.029742,false
edit_write,078bbcefc4436fbf5ca4948e94d66e0b510e79250c7b15e0a8658579d7b2f73b,H3,17247,17338,17058,1.016415,false
edit_write,078bbcefc4436fbf5ca4948e94d66e0b510e79250c7b15e0a8658579d7b2f73b,H4,9330,9377,9143,1.025593,false
edit_write,0845b5903a7774cddde134658230b5b206f0206a3c7a131c6c0b1d7aee111afe,H1,34054,30980,31239,1.099225,false
edit_write,0845b5903a7774cddde134658230b5b206f0206a3c7a131c6c0b1d7aee111afe,H2,38323,38965,38402,1.016752,false
edit_write,0845b5903a7774cddde134658230b5b206f0206a3c7a131c6c0b1d7aee111afe,H0,24972,25242,24957,1.011420,false
edit_write,0845b5903a7774cddde134658230b5b206f0206a3c7a131c6c0b1d7aee111afe,H3,43228,39128,40258,1.104784,false
edit_write,0845b5903a7774cddde134658230b5b206f0206a3c7a131c6c0b1d7aee111afe,H4,34722,34468,34529,1.007369,false
edit_write,0910afe359412b025b578bae1eba2153281a8ffec29add84e528fd4115eb5b1a,H1,4898,4765,4696,1.043015,false
edit_write,0910afe359412b025b578bae1eba2153281a8ffec29add84e528fd4115eb5b1a,H2,7550,7605,7332,1.037234,false
edit_write,0910afe359412b025b578bae1eba2153281a8ffec29add84e528fd4115eb5b1a,H0,24707,26265,24323,1.079842,false
edit_write,0910afe359412b025b578bae1eba2153281a8ffec29add84e528fd4115eb5b1a,H3,7600,7832,7431,1.053963,false
edit_write,0910afe359412b025b578bae1eba2153281a8ffec29add84e528fd4115eb5b1a,H4,5080,5189,4985,1.040923,false
edit_write,0b92f873cadf1b4ea3ec333f3e42105df5781228a422f2f4dd8d8f5767a5e6e3,H1,5869,4972,5493,1.180410,false
edit_write,0b92f873cadf1b4ea3ec333f3e42105df5781228a422f2f4dd8d8f5767a5e6e3,H2,10862,10607,10381,1.046335,false
edit_write,0b92f873cadf1b4ea3ec333f3e42105df5781228a422f2f4dd8d8f5767a5e6e3,H0,18297,18363,18052,1.017228,false
edit_write,0b92f873cadf1b4ea3ec333f3e42105df5781228a422f2f4dd8d8f5767a5e6e3,H3,9020,8914,8887,1.014966,false
edit_write,0b92f873cadf1b4ea3ec333f3e42105df5781228a422f2f4dd8d8f5767a5e6e3,H4,4483,4521,4527,1.009815,false
edit_write,0f47ccec007b2a6f0df63731e1f7b2f46d8cc086e57842a04ceaae594d386daa,H1,5377,5570,5725,1.064720,false
edit_write,0f47ccec007b2a6f0df63731e1f7b2f46d8cc086e57842a04ceaae594d386daa,H2,8861,8759,8538,1.037831,false
edit_write,0f47ccec007b2a6f0df63731e1f7b2f46d8cc086e57842a04ceaae594d386daa,H0,25549,25746,25140,1.024105,false
edit_write,0f47ccec007b2a6f0df63731e1f7b2f46d8cc086e57842a04ceaae594d386daa,H3,8945,9165,8895,1.030354,false
edit_write,0f47ccec007b2a6f0df63731e1f7b2f46d8cc086e57842a04ceaae594d386daa,H4,5769,5995,5956,1.039175,false
edit_write,0f49a711d933b29d07d141a166a70a4d477345685bb2546275d8ec99fed0ccae,H1,31456,31560,31413,1.004680,false
edit_write,0f49a711d933b29d07d141a166a70a4d477345685bb2546275d8ec99fed0ccae,H2,13876,13723,13482,1.029224,false
edit_write,0f49a711d933b29d07d141a166a70a4d477345685bb2546275d8ec99fed0ccae,H0,17965,17671,17211,1.043809,false
edit_write,0f49a711d933b29d07d141a166a70a4d477345685bb2546275d8ec99fed0ccae,H3,12136,12024,12197,1.014388,false
edit_write,0f49a711d933b29d07d141a166a70a4d477345685bb2546275d8ec99fed0ccae,H4,6050,6018,5902,1.025076,false
edit_write,0f92f50eca88300ca573b9c131e8e5371ee7adcfc8d139b3800f7d87b50814c8,H1,15524,15690,15329,1.023550,false
edit_write,0f92f50eca88300ca573b9c131e8e5371ee7adcfc8d139b3800f7d87b50814c8,H2,4723,5421,4744,1.147787,false
edit_write,0f92f50eca88300ca573b9c131e8e5371ee7adcfc8d139b3800f7d87b50814c8,H0,11465,11357,11267,1.017573,false
edit_write,0f92f50eca88300ca573b9c131e8e5371ee7adcfc8d139b3800f7d87b50814c8,H3,4480,4902,4624,1.094196,false
edit_write,0f92f50eca88300ca573b9c131e8e5371ee7adcfc8d139b3800f7d87b50814c8,H4,2514,2627,2436,1.078407,false
edit_write,1071aa73a39382493fc834d207c40f8a61d767f1bf9d62ab5f57b1efbccf751d,H1,76232,71336,73363,1.068633,false
edit_write,1071aa73a39382493fc834d207c40f8a61d767f1bf9d62ab5f57b1efbccf751d,H2,23112,23625,23123,1.022196,false
edit_write,1071aa73a39382493fc834d207c40f8a61d767f1bf9d62ab5f57b1efbccf751d,H0,48972,48501,48356,1.012739,false
edit_write,1071aa73a39382493fc834d207c40f8a61d767f1bf9d62ab5f57b1efbccf751d,H3,22015,22448,22086,1.019668,false
edit_write,1071aa73a39382493fc834d207c40f8a61d767f1bf9d62ab5f57b1efbccf751d,H4,14035,14438,14180,1.028714,false
edit_write,11023cd3b503f9e53e640408dc508ec7f13eaeb27bdbe0fa59582bc6d4c6f66e,H1,1728,1621,1597,1.082029,false
edit_write,11023cd3b503f9e53e640408dc508ec7f13eaeb27bdbe0fa59582bc6d4c6f66e,H2,2516,2662,2439,1.091431,false
edit_write,11023cd3b503f9e53e640408dc508ec7f13eaeb27bdbe0fa59582bc6d4c6f66e,H0,1708,1796,1715,1.051522,false
edit_write,11023cd3b503f9e53e640408dc508ec7f13eaeb27bdbe0fa59582bc6d4c6f66e,H3,2349,2592,2634,1.121328,false
edit_write,11023cd3b503f9e53e640408dc508ec7f13eaeb27bdbe0fa59582bc6d4c6f66e,H4,1350,1382,1432,1.060741,false
edit_write,1109ce98159395e58e64bfe20923af97f2870ad0dd279a7dc21e27cf2e927195,H1,75117,73409,75862,1.033416,false
edit_write,1109ce98159395e58e64bfe20923af97f2870ad0dd279a7dc21e27cf2e927195,H2,25100,25426,25640,1.021514,false
edit_write,1109ce98159395e58e64bfe20923af97f2870ad0dd279a7dc21e27cf2e927195,H0,98831,49090,49129,2.013261,true
edit_write,1109ce98159395e58e64bfe20923af97f2870ad0dd279a7dc21e27cf2e927195,H3,42778,25920,25906,1.651278,true
edit_write,1109ce98159395e58e64bfe20923af97f2870ad0dd279a7dc21e27cf2e927195,H4,16809,16143,17390,1.077247,false
edit_write,117c2ea60e643beb6d64abcaba2451bb9252535d919f288f92bb5a2c529924bb,H1,29480,27449,28165,1.073992,false
edit_write,117c2ea60e643beb6d64abcaba2451bb9252535d919f288f92bb5a2c529924bb,H2,15794,16373,15726,1.041142,false
edit_write,117c2ea60e643beb6d64abcaba2451bb9252535d919f288f92bb5a2c529924bb,H0,16007,16605,15983,1.038916,false
edit_write,117c2ea60e643beb6d64abcaba2451bb9252535d919f288f92bb5a2c529924bb,H3,13865,14133,13843,1.020949,false
edit_write,117c2ea60e643beb6d64abcaba2451bb9252535d919f288f92bb5a2c529924bb,H4,31222,31299,31323,1.003235,false
edit_write,11f4f64827b3c489a3b96cb82bb580dcb8b37723e3e0980cdb34e1b7980d7ef5,H1,6566,6686,6196,1.079083,false
edit_write,11f4f64827b3c489a3b96cb82bb580dcb8b37723e3e0980cdb34e1b7980d7ef5,H2,15128,15447,14918,1.035461,false
edit_write,11f4f64827b3c489a3b96cb82bb580dcb8b37723e3e0980cdb34e1b7980d7ef5,H0,31370,30332,30910,1.034221,false
edit_write,11f4f64827b3c489a3b96cb82bb580dcb8b37723e3e0980cdb34e1b7980d7ef5,H3,12902,12907,12884,1.001785,false
edit_write,11f4f64827b3c489a3b96cb82bb580dcb8b37723e3e0980cdb34e1b7980d7ef5,H4,6277,6201,6226,1.012256,false
edit_write,12b76ae925961b64ec448245900e09f8ab87c79819bf49ef0689e8037a9dd94d,H1,30312,32194,30066,1.070778,false
edit_write,12b76ae925961b64ec448245900e09f8ab87c79819bf49ef0689e8037a9dd94d,H2,37604,41409,38305,1.101186,false
edit_write,12b76ae925961b64ec448245900e09f8ab87c79819bf49ef0689e8037a9dd94d,H0,25032,24646,24148,1.036608,false
edit_write,12b76ae925961b64ec448245900e09f8ab87c79819bf49ef0689e8037a9dd94d,H3,39136,39291,39455,1.008151,false
edit_write,12b76ae925961b64ec448245900e09f8ab87c79819bf49ef0689e8037a9dd94d,H4,33560,33099,33252,1.013928,false
edit_write,1381a53732e6c601fa3b6a5d8f3c426081b19163a09b1c438c0ec2533b9a9638,H1,5611,5093,5613,1.102101,false
edit_write,1381a53732e6c601fa3b6a5d8f3c426081b19163a09b1c438c0ec2533b9a9638,H2,11861,11929,11474,1.039655,false
edit_write,1381a53732e6c601fa3b6a5d8f3c426081b19163a09b1c438c0ec2533b9a9638,H0,18828,19018,18621,1.021320,false
edit_write,1381a53732e6c601fa3b6a5d8f3c426081b19163a09b1c438c0ec2533b9a9638,H3,10298,10093,10199,1.020311,false
edit_write,1381a53732e6c601fa3b6a5d8f3c426081b19163a09b1c438c0ec2533b9a9638,H4,5154,4988,4848,1.063119,false
edit_write,13b349bed3cfb03e45bfea079ea477e6188780cb7941dc6cb64e24370c5cc55d,H1,25575,26081,25897,1.019785,false
edit_write,13b349bed3cfb03e45bfea079ea477e6188780cb7941dc6cb64e24370c5cc55d,H2,9584,9610,9481,1.013606,false
edit_write,13b349bed3cfb03e45bfea079ea477e6188780cb7941dc6cb64e24370c5cc55d,H0,15995,15608,15601,1.025255,false
edit_write,13b349bed3cfb03e45bfea079ea477e6188780cb7941dc6cb64e24370c5cc55d,H3,8868,8965,8883,1.010938,false
edit_write,13b349bed3cfb03e45bfea079ea477e6188780cb7941dc6cb64e24370c5cc55d,H4,5251,5203,5190,1.011753,false
edit_write,14be6e7fe4a57286c8717f875562507e4a2c06ff737236d0a3704debc5502285,H1,5020,4843,4805,1.044745,false
edit_write,14be6e7fe4a57286c8717f875562507e4a2c06ff737236d0a3704debc5502285,H2,8117,7758,7475,1.085886,false
edit_write,14be6e7fe4a57286c8717f875562507e4a2c06ff737236d0a3704debc5502285,H0,26507,24614,24238,1.093613,false
edit_write,14be6e7fe4a57286c8717f875562507e4a2c06ff737236d0a3704debc5502285,H3,8388,8109,7827,1.071675,false
edit_write,14be6e7fe4a57286c8717f875562507e4a2c06ff737236d0a3704debc5502285,H4,5406,5085,4885,1.106653,false
edit_write,1649ad95f27933c25916ecf7a3176a620bc59f7266bde7de6f3222ca068e5774,H1,68716,67531,68169,1.017547,false
edit_write,1649ad95f27933c25916ecf7a3176a620bc59f7266bde7de6f3222ca068e5774,H2,17023,17085,17011,1.004350,false
edit_write,1649ad95f27933c25916ecf7a3176a620bc59f7266bde7de6f3222ca068e5774,H0,43901,42546,43414,1.031848,false
edit_write,1649ad95f27933c25916ecf7a3176a620bc59f7266bde7de6f3222ca068e5774,H3,15776,15506,15467,1.019978,false
edit_write,1649ad95f27933c25916ecf7a3176a620bc59f7266bde7de6f3222ca068e5774,H4,8806,9066,9034,1.029525,false
edit_write,165e1434f64eafc72ce16523cff097caa69f0362de363cfdb9a146ac2f96eaa4,H1,34815,34433,38027,1.104377,false
edit_write,165e1434f64eafc72ce16523cff097caa69f0362de363cfdb9a146ac2f96eaa4,H2,10458,10469,11131,1.064353,false
edit_write,165e1434f64eafc72ce16523cff097caa69f0362de363cfdb9a146ac2f96eaa4,H0,25432,24487,46721,1.907992,true
edit_write,165e1434f64eafc72ce16523cff097caa69f0362de363cfdb9a146ac2f96eaa4,H3,9846,9571,10860,1.134678,false
edit_write,165e1434f64eafc72ce16523cff097caa69f0362de363cfdb9a146ac2f96eaa4,H4,6706,6846,7820,1.166120,false
edit_write,166a72f03def616914dc3c35e64692cceb36559442feba8e52aa646122f5871a,H1,75242,72382,74500,1.039513,false
edit_write,166a72f03def616914dc3c35e64692cceb36559442feba8e52aa646122f5871a,H2,23620,23633,23766,1.006181,false
edit_write,166a72f03def616914dc3c35e64692cceb36559442feba8e52aa646122f5871a,H0,49294,48755,48268,1.021256,false
edit_write,166a72f03def616914dc3c35e64692cceb36559442feba8e52aa646122f5871a,H3,22176,22188,21962,1.010291,false
edit_write,166a72f03def616914dc3c35e64692cceb36559442feba8e52aa646122f5871a,H4,15073,14909,14941,1.011000,false
edit_write,176afe7a530d52660383635e26bd6299e9ec56f4528cafaba8d20cf00884db27,H1,71139,70284,71770,1.021143,false
edit_write,176afe7a530d52660383635e26bd6299e9ec56f4528cafaba8d20cf00884db27,H2,19454,19695,20578,1.057777,false
edit_write,176afe7a530d52660383635e26bd6299e9ec56f4528cafaba8d20cf00884db27,H0,48156,47663,48574,1.019113,false
edit_write,176afe7a530d52660383635e26bd6299e9ec56f4528cafaba8d20cf00884db27,H3,18570,18633,19222,1.035110,false
edit_write,176afe7a530d52660383635e26bd6299e9ec56f4528cafaba8d20cf00884db27,H4,9939,10097,10048,1.015897,false
edit_write,18eb7519362f7cbdf411c981390fdde14412d0348ad0743939339ba2f575ac44,H1,68420,67821,69178,1.020009,false
edit_write,18eb7519362f7cbdf411c981390fdde14412d0348ad0743939339ba2f575ac44,H2,16065,16592,16403,1.032804,false
edit_write,18eb7519362f7cbdf411c981390fdde14412d0348ad0743939339ba2f575ac44,H0,43796,42268,42570,1.036150,false
edit_write,18eb7519362f7cbdf411c981390fdde14412d0348ad0743939339ba2f575ac44,H3,15320,15294,14975,1.023038,false
edit_write,18eb7519362f7cbdf411c981390fdde14412d0348ad0743939339ba2f575ac44,H4,8806,8988,8681,1.035365,false
edit_write,18f10770716804753d52967faf40a15681aecaa6e2d964d644082be9f035bbff,H1,70499,68703,76240,1.109704,false
edit_write,18f10770716804753d52967faf40a15681aecaa6e2d964d644082be9f035bbff,H2,19762,19978,20422,1.033397,false
edit_write,18f10770716804753d52967faf40a15681aecaa6e2d964d644082be9f035bbff,H0,48365,47640,51822,1.087783,false
edit_write,18f10770716804753d52967faf40a15681aecaa6e2d964d644082be9f035bbff,H3,18100,18360,19427,1.073315,false
edit_write,18f10770716804753d52967faf40a15681aecaa6e2d964d644082be9f035bbff,H4,9863,9891,10531,1.067728,false
edit_write,1a0deadd0f109c2a22aacdb0046eabc2a7a4ee1666b254455b1a07e548e44369,H1,32178,32288,31921,1.011497,false
edit_write,1a0deadd0f109c2a22aacdb0046eabc2a7a4ee1666b254455b1a07e548e44369,H2,25394,26492,25728,1.043239,false
edit_write,1a0deadd0f109c2a22aacdb0046eabc2a7a4ee1666b254455b1a07e548e44369,H0,19834,20375,19232,1.059432,false
edit_write,1a0deadd0f109c2a22aacdb0046eabc2a7a4ee1666b254455b1a07e548e44369,H3,46002,46463,44955,1.033545,false
edit_write,1a0deadd0f109c2a22aacdb0046eabc2a7a4ee1666b254455b1a07e548e44369,H4,32223,32868,32426,1.020017,false
edit_write,1bd781ed4daa79cdf17d16c83e9eaa61bc913b5400cc633443fabf3c18b555db,H1,1255,1150,1099,1.141947,false
edit_write,1bd781ed4daa79cdf17d16c83e9eaa61bc913b5400cc633443fabf3c18b555db,H2,1656,1870,1595,1.172414,false
edit_write,1bd781ed4daa79cdf17d16c83e9eaa61bc913b5400cc633443fabf3c18b555db,H0,779,1266,779,1.625160,true
edit_write,1bd781ed4daa79cdf17d16c83e9eaa61bc913b5400cc633443fabf3c18b555db,H3,1721,1857,1732,1.079024,false
edit_write,1bd781ed4daa79cdf17d16c83e9eaa61bc913b5400cc633443fabf3c18b555db,H4,1158,2014,1207,1.739206,true
edit_write,1c38500d66cb01c942d7c7a355dff4299076f63cf3f6a6f6a296aa8675819557,H1,34127,34630,34188,1.014739,false
edit_write,1c38500d66cb01c942d7c7a355dff4299076f63cf3f6a6f6a296aa8675819557,H2,17170,17683,16570,1.067170,false
edit_write,1c38500d66cb01c942d7c7a355dff4299076f63cf3f6a6f6a296aa8675819557,H0,24466,24785,23911,1.036552,false
edit_write,1c38500d66cb01c942d7c7a355dff4299076f63cf3f6a6f6a296aa8675819557,H3,15647,16089,15348,1.048280,false
edit_write,1c38500d66cb01c942d7c7a355dff4299076f63cf3f6a6f6a296aa8675819557,H4,32952,34827,33101,1.056901,false
edit_write,1cf8f8234dce187d8640ff2e9caf26335f3eba1334d15d238ef7e765cf365140,H1,11230,11609,22351,1.990294,true
edit_write,1cf8f8234dce187d8640ff2e9caf26335f3eba1334d15d238ef7e765cf365140,H2,13040,13191,12628,1.044583,false
edit_write,1cf8f8234dce187d8640ff2e9caf26335f3eba1334d15d238ef7e765cf365140,H0,28756,28429,52336,1.840937,true
edit_write,1cf8f8234dce187d8640ff2e9caf26335f3eba1334d15d238ef7e765cf365140,H3,11055,11117,21666,1.959837,true
edit_write,1cf8f8234dce187d8640ff2e9caf26335f3eba1334d15d238ef7e765cf365140,H4,5656,5731,5540,1.034477,false
edit_write,1d50519afbb6938993e7c6f1a564dc60d6103c701cdec12f171cf15f01b1b3cf,H1,73871,75673,74101,1.024394,false
edit_write,1d50519afbb6938993e7c6f1a564dc60d6103c701cdec12f171cf15f01b1b3cf,H2,19862,19756,19283,1.030026,false
edit_write,1d50519afbb6938993e7c6f1a564dc60d6103c701cdec12f171cf15f01b1b3cf,H0,48700,48148,47628,1.022508,false
edit_write,1d50519afbb6938993e7c6f1a564dc60d6103c701cdec12f171cf15f01b1b3cf,H3,18267,19098,18597,1.045492,false
edit_write,1d50519afbb6938993e7c6f1a564dc60d6103c701cdec12f171cf15f01b1b3cf,H4,10171,10447,10064,1.038056,false
edit_write,1e0012c1e7e5b0dfe1b3f29d65b53b974e4ce6488795b27dada67b6beed0e324,H1,14495,14325,14523,1.013822,false
edit_write,1e0012c1e7e5b0dfe1b3f29d65b53b974e4ce6488795b27dada67b6beed0e324,H2,22142,21795,21345,1.037339,false
edit_write,1e0012c1e7e5b0dfe1b3f29d65b53b974e4ce6488795b27dada67b6beed0e324,H0,56780,55489,54520,1.041453,false
edit_write,1e0012c1e7e5b0dfe1b3f29d65b53b974e4ce6488795b27dada67b6beed0e324,H3,20390,20354,20074,1.015742,false
edit_write,1e0012c1e7e5b0dfe1b3f29d65b53b974e4ce6488795b27dada67b6beed0e324,H4,13854,13603,13692,1.018452,false
edit_write,1f1bac3e58b541984e1ac457d72c21dd955351bd50257a97bb22ec4fe3b5bf6b,H1,30049,30073,30510,1.015342,false
edit_write,1f1bac3e58b541984e1ac457d72c21dd955351bd50257a97bb22ec4fe3b5bf6b,H2,38268,38938,37983,1.025143,false
edit_write,1f1bac3e58b541984e1ac457d72c21dd955351bd50257a97bb22ec4fe3b5bf6b,H0,24756,24626,24533,1.009090,false
edit_write,1f1bac3e58b541984e1ac457d72c21dd955351bd50257a97bb22ec4fe3b5bf6b,H3,40107,40017,39475,1.016010,false
edit_write,1f1bac3e58b541984e1ac457d72c21dd955351bd50257a97bb22ec4fe3b5bf6b,H4,33875,33894,32768,1.034363,false
edit_write,216771277ba13a67d5962c40a912df56ecb17d13ef46c780ea780b1001075777,H1,30019,30363,30958,1.031280,false
edit_write,216771277ba13a67d5962c40a912df56ecb17d13ef46c780ea780b1001075777,H2,38351,38408,38055,1.009276,false
edit_write,216771277ba13a67d5962c40a912df56ecb17d13ef46c780ea780b1001075777,H0,24836,24472,24891,1.017122,false
edit_write,216771277ba13a67d5962c40a912df56ecb17d13ef46c780ea780b1001075777,H3,39013,38608,40091,1.038412,false
edit_write,216771277ba13a67d5962c40a912df56ecb17d13ef46c780ea780b1001075777,H4,34361,33862,34327,1.014736,false
edit_write,217607d217812433776526219f7f790f47b94c2a9aaa6f61659fa1aca5288cc5,H1,9764,8372,9518,1.166269,false
edit_write,217607d217812433776526219f7f790f47b94c2a9aaa6f61659fa1aca5288cc5,H2,18075,18364,17883,1.026897,false
edit_write,217607d217812433776526219f7f790f47b94c2a9aaa6f61659fa1aca5288cc5,H0,31862,31427,33250,1.058007,false
edit_write,217607d217812433776526219f7f790f47b94c2a9aaa6f61659fa1aca5288cc5,H3,16085,16508,16372,1.026298,false
edit_write,217607d217812433776526219f7f790f47b94c2a9aaa6f61659fa1aca5288cc5,H4,7345,7572,7535,1.030905,false
edit_write,219a170cd01676535bd43915997bc9818a8e3b0a204a84f3ce9a0497609f667e,H1,33583,32740,33323,1.025748,false
edit_write,219a170cd01676535bd43915997bc9818a8e3b0a204a84f3ce9a0497609f667e,H2,9032,9121,8784,1.038365,false
edit_write,219a170cd01676535bd43915997bc9818a8e3b0a204a84f3ce9a0497609f667e,H0,23936,24457,25393,1.060871,false
edit_write,219a170cd01676535bd43915997bc9818a8e3b0a204a84f3ce9a0497609f667e,H3,8317,7969,7731,1.075799,false
edit_write,219a170cd01676535bd43915997bc9818a8e3b0a204a84f3ce9a0497609f667e,H4,4381,4417,4370,1.010755,false
edit_write,21baf164aecd1b644a841d6f5aeb7471fe0b52112d86bfb98c3562919ec02576,H1,33418,34678,34308,1.037704,false
edit_write,21baf164aecd1b644a841d6f5aeb7471fe0b52112d86bfb98c3562919ec02576,H2,10028,10385,9816,1.057967,false
edit_write,21baf164aecd1b644a841d6f5aeb7471fe0b52112d86bfb98c3562919ec02576,H0,24058,24407,23923,1.020232,false
edit_write,21baf164aecd1b644a841d6f5aeb7471fe0b52112d86bfb98c3562919ec02576,H3,10005,9966,9931,1.007451,false
edit_write,21baf164aecd1b644a841d6f5aeb7471fe0b52112d86bfb98c3562919ec02576,H4,6391,6516,6261,1.040728,false
edit_write,22f6b794277d21100dafd90ea271a1097d20ccb3ec3d671ca30e7eda63581c28,H1,4090,4098,4053,1.011103,false
edit_write,22f6b794277d21100dafd90ea271a1097d20ccb3ec3d671ca30e7eda63581c28,H2,5996,6318,5776,1.093837,false
edit_write,22f6b794277d21100dafd90ea271a1097d20ccb3ec3d671ca30e7eda63581c28,H0,16364,16195,16064,1.018675,false
edit_write,22f6b794277d21100dafd90ea271a1097d20ccb3ec3d671ca30e7eda63581c28,H3,5523,5592,5498,1.017097,false
edit_write,22f6b794277d21100dafd90ea271a1097d20ccb3ec3d671ca30e7eda63581c28,H4,2803,2859,2896,1.033179,false
edit_write,241d9c081d182bceb2260ef1e124976428b8f5689ba6385fbde0f685b0d1ac87,H1,34041,33755,33701,1.010089,false
edit_write,241d9c081d182bceb2260ef1e124976428b8f5689ba6385fbde0f685b0d1ac87,H2,9431,9388,8750,1.077829,false
edit_write,241d9c081d182bceb2260ef1e124976428b8f5689ba6385fbde0f685b0d1ac87,H0,24644,24007,23856,1.033032,false
edit_write,241d9c081d182bceb2260ef1e124976428b8f5689ba6385fbde0f685b0d1ac87,H3,8232,8142,7728,1.065217,false
edit_write,241d9c081d182bceb2260ef1e124976428b8f5689ba6385fbde0f685b0d1ac87,H4,4539,4685,4528,1.034673,false
edit_write,246e379beddba4bbb8a032d33b78e9abcce4d808f24e54e3b5d77e04433a5425,H1,125159,67442,68113,1.855802,true
edit_write,246e379beddba4bbb8a032d33b78e9abcce4d808f24e54e3b5d77e04433a5425,H2,16379,16142,16026,1.022027,false
edit_write,246e379beddba4bbb8a032d33b78e9abcce4d808f24e54e3b5d77e04433a5425,H0,42206,42835,42149,1.016276,false
edit_write,246e379beddba4bbb8a032d33b78e9abcce4d808f24e54e3b5d77e04433a5425,H3,14833,15557,14234,1.092946,false
edit_write,246e379beddba4bbb8a032d33b78e9abcce4d808f24e54e3b5d77e04433a5425,H4,8484,8747,8588,1.031000,false
edit_write,252ef600f9f1e57f83f3faebc29db4c8821c66cc8c2260c73a523e3b302d2fcf,H1,12120,11973,12613,1.053454,false
edit_write,252ef600f9f1e57f83f3faebc29db4c8821c66cc8c2260c73a523e3b302d2fcf,H2,14429,14429,13870,1.040303,false
edit_write,252ef600f9f1e57f83f3faebc29db4c8821c66cc8c2260c73a523e3b302d2fcf,H0,27795,27284,28094,1.029688,false
edit_write,252ef600f9f1e57f83f3faebc29db4c8821c66cc8c2260c73a523e3b302d2fcf,H3,12203,12288,12141,1.012108,false
edit_write,252ef600f9f1e57f83f3faebc29db4c8821c66cc8c2260c73a523e3b302d2fcf,H4,5962,6046,5857,1.032269,false
edit_write,25fac74c7b99dd05e3bc287e19d7e2c7aa2857bac35b7ff20027138237936c8d,H1,9886,9992,10602,1.072426,false
edit_write,25fac74c7b99dd05e3bc287e19d7e2c7aa2857bac35b7ff20027138237936c8d,H2,10233,10087,9876,1.036148,false
edit_write,25fac74c7b99dd05e3bc287e19d7e2c7aa2857bac35b7ff20027138237936c8d,H0,18585,19386,18284,1.060271,false
edit_write,25fac74c7b99dd05e3bc287e19d7e2c7aa2857bac35b7ff20027138237936c8d,H3,8489,8575,8190,1.047009,false
edit_write,25fac74c7b99dd05e3bc287e19d7e2c7aa2857bac35b7ff20027138237936c8d,H4,4068,4197,4026,1.042474,false
edit_write,260378feae0c21e3f658d0a90def2d91baa555ec24d512d1f67f87f96323ddab,H1,15633,15975,15543,1.027794,false
edit_write,260378feae0c21e3f658d0a90def2d91baa555ec24d512d1f67f87f96323ddab,H2,5918,5944,5675,1.047401,false
edit_write,260378feae0c21e3f658d0a90def2d91baa555ec24d512d1f67f87f96323ddab,H0,11396,11683,11893,1.043612,false
edit_write,260378feae0c21e3f658d0a90def2d91baa555ec24d512d1f67f87f96323ddab,H3,5597,5404,5355,1.045191,false
edit_write,260378feae0c21e3f658d0a90def2d91baa555ec24d512d1f67f87f96323ddab,H4,2836,3155,3006,1.112482,false
edit_write,26610fe69d5a94dc3dc68ea52c32a904e7b0bc8819f97eca79be0ebedb27ab6a,H1,33058,32920,33679,1.023056,false
edit_write,26610fe69d5a94dc3dc68ea52c32a904e7b0bc8819f97eca79be0ebedb27ab6a,H2,10134,10585,10470,1.044504,false
edit_write,26610fe69d5a94dc3dc68ea52c32a904e7b0bc8819f97eca79be0ebedb27ab6a,H0,20809,21109,21294,1.023307,false
edit_write,26610fe69d5a94dc3dc68ea52c32a904e7b0bc8819f97eca79be0ebedb27ab6a,H3,9779,10145,10136,1.037427,false
edit_write,26610fe69d5a94dc3dc68ea52c32a904e7b0bc8819f97eca79be0ebedb27ab6a,H4,5342,5607,5633,1.054474,false
edit_write,26ef546c961fd47e44ba63069f98c08f2c44c6f867cc1351ff8eab74449d3694,H1,119914,70310,70577,1.705504,true
edit_write,26ef546c961fd47e44ba63069f98c08f2c44c6f867cc1351ff8eab74449d3694,H2,19787,19892,19869,1.005307,false
edit_write,26ef546c961fd47e44ba63069f98c08f2c44c6f867cc1351ff8eab74449d3694,H0,43952,42320,41908,1.048774,false
edit_write,26ef546c961fd47e44ba63069f98c08f2c44c6f867cc1351ff8eab74449d3694,H3,31643,18562,18925,1.704719,true
edit_write,26ef546c961fd47e44ba63069f98c08f2c44c6f867cc1351ff8eab74449d3694,H4,11392,11574,11744,1.030899,false
edit_write,2718f8e7e9566fb7e83409259c9f365030f18991f4dfd010dcf1670196495b62,H1,2357,2228,2258,1.057899,false
edit_write,2718f8e7e9566fb7e83409259c9f365030f18991f4dfd010dcf1670196495b62,H2,5081,5078,4886,1.039910,false
edit_write,2718f8e7e9566fb7e83409259c9f365030f18991f4dfd010dcf1670196495b62,H0,16088,16188,16058,1.008096,false
edit_write,2718f8e7e9566fb7e83409259c9f365030f18991f4dfd010dcf1670196495b62,H3,4209,4195,4125,1.020364,false
edit_write,2718f8e7e9566fb7e83409259c9f365030f18991f4dfd010dcf1670196495b62,H4,2171,2137,1989,1.091503,false
edit_write,273fa8cb17228573bab33fed4e0e69f9cc361c86d516fc788ce578678fb80293,H1,6014,6295,6015,1.046724,false
edit_write,273fa8cb17228573bab33fed4e0e69f9cc361c86d516fc788ce578678fb80293,H2,4323,4645,4212,1.102802,false
edit_write,273fa8cb17228573bab33fed4e0e69f9cc361c86d516fc788ce578678fb80293,H0,3927,3923,3795,1.034783,false
edit_write,273fa8cb17228573bab33fed4e0e69f9cc361c86d516fc788ce578678fb80293,H3,4071,3972,3976,1.024924,false
edit_write,273fa8cb17228573bab33fed4e0e69f9cc361c86d516fc788ce578678fb80293,H4,1711,1818,1733,1.062537,false
edit_write,279864387d6761eec0db710f2df2a97740138b567c2c83dcccb164630c9ae2d1,H1,7427,6627,6130,1.211582,false
edit_write,279864387d6761eec0db710f2df2a97740138b567c2c83dcccb164630c9ae2d1,H2,13727,14851,14124,1.081882,false
edit_write,279864387d6761eec0db710f2df2a97740138b567c2c83dcccb164630c9ae2d1,H0,30380,56497,28233,2.001098,true
edit_write,279864387d6761eec0db710f2df2a97740138b567c2c83dcccb164630c9ae2d1,H3,11803,12304,12197,1.042447,false
edit_write,279864387d6761eec0db710f2df2a97740138b567c2c83dcccb164630c9ae2d1,H4,6399,10769,6130,1.756770,true
edit_write,28a1acf90b38df679a58bf587c158e7b7a97095308f7efc057237cab5f68e3e9,H1,3209,3198,3113,1.030838,false
edit_write,28a1acf90b38df679a58bf587c158e7b7a97095308f7efc057237cab5f68e3e9,H2,5867,5911,5477,1.079240,false
edit_write,28a1acf90b38df679a58bf587c158e7b7a97095308f7efc057237cab5f68e3e9,H0,15811,15646,15723,1.010546,false
edit_write,28a1acf90b38df679a58bf587c158e7b7a97095308f7efc057237cab5f68e3e9,H3,5406,5273,5085,1.063127,false
edit_write,28a1acf90b38df679a58bf587c158e7b7a97095308f7efc057237cab5f68e3e9,H4,2829,2751,2885,1.048710,false
edit_write,28d504bae47605bbffc9527edfa75df3e1d91094a3b0ba5637ce9390eadac374,H1,6946,6365,5043,1.377355,false
edit_write,28d504bae47605bbffc9527edfa75df3e1d91094a3b0ba5637ce9390eadac374,H2,13734,14730,13832,1.072521,false
edit_write,28d504bae47605bbffc9527edfa75df3e1d91094a3b0ba5637ce9390eadac374,H0,27850,57135,27807,2.054698,true
edit_write,28d504bae47605bbffc9527edfa75df3e1d91094a3b0ba5637ce9390eadac374,H3,12404,12225,12021,1.031861,false
edit_write,28d504bae47605bbffc9527edfa75df3e1d91094a3b0ba5637ce9390eadac374,H4,5186,9878,5211,1.904744,true
edit_write,2904613ba6435ee558ed3d245d9e38820d67316f8316fa96e8a17ba5ded9d27b,H1,28671,26861,25701,1.115560,false
edit_write,2904613ba6435ee558ed3d245d9e38820d67316f8316fa96e8a17ba5ded9d27b,H2,10706,10214,9376,1.141852,false
edit_write,2904613ba6435ee558ed3d245d9e38820d67316f8316fa96e8a17ba5ded9d27b,H0,15726,16390,15282,1.072504,false
edit_write,2904613ba6435ee558ed3d245d9e38820d67316f8316fa96e8a17ba5ded9d27b,H3,9445,9513,8616,1.104109,false
edit_write,2904613ba6435ee558ed3d245d9e38820d67316f8316fa96e8a17ba5ded9d27b,H4,5034,5384,5105,1.069527,false
edit_write,2a2b60261297aeb6979831a4ecb88cb780699e65e29feb38b0378c832df99740,H1,12179,10998,12307,1.119022,false
edit_write,2a2b60261297aeb6979831a4ecb88cb780699e65e29feb38b0378c832df99740,H2,11326,11608,11315,1.025895,false
edit_write,2a2b60261297aeb6979831a4ecb88cb780699e65e29feb38b0378c832df99740,H0,20778,19054,18896,1.099598,false
edit_write,2a2b60261297aeb6979831a4ecb88cb780699e65e29feb38b0378c832df99740,H3,9667,9554,9676,1.012770,false
edit_write,2a2b60261297aeb6979831a4ecb88cb780699e65e29feb38b0378c832df99740,H4,4780,4645,4729,1.029064,false
edit_write,2b0e5a48116bf2be5f6a0c9e574505818b6af3c45fb1c901743c508990df940b,H1,1113,1122,1070,1.048598,false
edit_write,2b0e5a48116bf2be5f6a0c9e574505818b6af3c45fb1c901743c508990df940b,H2,1643,1804,1588,1.136020,false
edit_write,2b0e5a48116bf2be5f6a0c9e574505818b6af3c45fb1c901743c508990df940b,H0,784,818,764,1.070681,false
edit_write,2b0e5a48116bf2be5f6a0c9e574505818b6af3c45fb1c901743c508990df940b,H3,1676,1841,1726,1.098449,false
edit_write,2b0e5a48116bf2be5f6a0c9e574505818b6af3c45fb1c901743c508990df940b,H4,1092,1255,1214,1.149267,false
edit_write,2c5b85b771b54fba5afafce775b0c8eadfead92b78bbf3ef6c75d433c6d4ad18,H1,15212,15254,14468,1.054327,false
edit_write,2c5b85b771b54fba5afafce775b0c8eadfead92b78bbf3ef6c75d433c6d4ad18,H2,22247,22218,22225,1.001305,false
edit_write,2c5b85b771b54fba5afafce775b0c8eadfead92b78bbf3ef6c75d433c6d4ad18,H0,31614,31450,30974,1.020662,false
edit_write,2c5b85b771b54fba5afafce775b0c8eadfead92b78bbf3ef6c75d433c6d4ad18,H3,20453,20909,19906,1.050387,false
edit_write,2c5b85b771b54fba5afafce775b0c8eadfead92b78bbf3ef6c75d433c6d4ad18,H4,7669,7700,7444,1.034390,false
edit_write,2d4c15fae5a33931c3f2fc94670f8bcc671664084b8421f50aa8c8d919b72730,H1,44425,44021,44636,1.013971,false
edit_write,2d4c15fae5a33931c3f2fc94670f8bcc671664084b8421f50aa8c8d919b72730,H2,14501,14642,14235,1.028591,false
edit_write,2d4c15fae5a33931c3f2fc94670f8bcc671664084b8421f50aa8c8d919b72730,H0,32190,30852,31437,1.043368,false
edit_write,2d4c15fae5a33931c3f2fc94670f8bcc671664084b8421f50aa8c8d919b72730,H3,11923,12078,11842,1.019929,false
edit_write,2d4c15fae5a33931c3f2fc94670f8bcc671664084b8421f50aa8c8d919b72730,H4,5563,6097,5960,1.095991,false
edit_write,2edd653b610f67c24d664df54668f4014d18496e02a6a9b4acf808ed2cb05a1c,H1,8053,7754,8437,1.088084,false
edit_write,2edd653b610f67c24d664df54668f4014d18496e02a6a9b4acf808ed2cb05a1c,H2,11266,11994,11172,1.073577,false
edit_write,2edd653b610f67c24d664df54668f4014d18496e02a6a9b4acf808ed2cb05a1c,H0,53452,53205,53095,1.006724,false
edit_write,2edd653b610f67c24d664df54668f4014d18496e02a6a9b4acf808ed2cb05a1c,H3,9754,9954,9822,1.020504,false
edit_write,2edd653b610f67c24d664df54668f4014d18496e02a6a9b4acf808ed2cb05a1c,H4,5100,5155,5106,1.010784,false
edit_write,2f060a48158608a4c224db927de925824718ea939bc14edddec8dc63e8fcfb33,H1,70864,72082,104406,1.473329,false
edit_write,2f060a48158608a4c224db927de925824718ea939bc14edddec8dc63e8fcfb33,H2,19644,21412,21633,1.101252,false
edit_write,2f060a48158608a4c224db927de925824718ea939bc14edddec8dc63e8fcfb33,H0,43138,43602,57569,1.334531,false
edit_write,2f060a48158608a4c224db927de925824718ea939bc14edddec8dc63e8fcfb33,H3,18915,18904,20643,1.091991,false
edit_write,2f060a48158608a4c224db927de925824718ea939bc14edddec8dc63e8fcfb33,H4,12085,12226,22868,1.892263,true
edit_write,2fb29c474b52c1c8256698db4b2f0fc61caebcc383a97268b3c8c41d9f525bd3,H1,3884,3867,3745,1.037116,false
edit_write,2fb29c474b52c1c8256698db4b2f0fc61caebcc383a97268b3c8c41d9f525bd3,H2,5306,5571,5266,1.057919,false
edit_write,2fb29c474b52c1c8256698db4b2f0fc61caebcc383a97268b3c8c41d9f525bd3,H0,16713,15899,15656,1.067514,false
edit_write,2fb29c474b52c1c8256698db4b2f0fc61caebcc383a97268b3c8c41d9f525bd3,H3,4763,4822,4751,1.014944,false
edit_write,2fb29c474b52c1c8256698db4b2f0fc61caebcc383a97268b3c8c41d9f525bd3,H4,2407,2487,2424,1.033236,false
edit_write,2ff4ae358e199e534d0a91c130b37cc063b3735932d6edd0149ee239cb95468c,H1,8914,9014,9623,1.079538,false
edit_write,2ff4ae358e199e534d0a91c130b37cc063b3735932d6edd0149ee239cb95468c,H2,10824,10819,10254,1.055588,false
edit_write,2ff4ae358e199e534d0a91c130b37cc063b3735932d6edd0149ee239cb95468c,H0,18704,18528,18495,1.011300,false
edit_write,2ff4ae358e199e534d0a91c130b37cc063b3735932d6edd0149ee239cb95468c,H3,8947,8933,8434,1.060825,false
edit_write,2ff4ae358e199e534d0a91c130b37cc063b3735932d6edd0149ee239cb95468c,H4,4643,4715,4522,1.042680,false
edit_write,30dffcdd162cd3466afe07c1c0d86533fa15a5e9ad7d35fc38a469a57acb436c,H1,5306,5762,5035,1.144389,false
edit_write,30dffcdd162cd3466afe07c1c0d86533fa15a5e9ad7d35fc38a469a57acb436c,H2,11148,11158,11217,1.006189,false
edit_write,30dffcdd162cd3466afe07c1c0d86533fa15a5e9ad7d35fc38a469a57acb436c,H0,18602,18700,18580,1.006459,false
edit_write,30dffcdd162cd3466afe07c1c0d86533fa15a5e9ad7d35fc38a469a57acb436c,H3,8498,8726,8631,1.026830,false
edit_write,30dffcdd162cd3466afe07c1c0d86533fa15a5e9ad7d35fc38a469a57acb436c,H4,4550,4721,4567,1.037582,false
edit_write,318adda97a093d8c6098e3b8cc412a93eb7a62e9627cb6e12c8e90150c91dc01,H1,61235,61141,61100,1.002209,false
edit_write,318adda97a093d8c6098e3b8cc412a93eb7a62e9627cb6e12c8e90150c91dc01,H2,10156,9854,9248,1.098183,false
edit_write,318adda97a093d8c6098e3b8cc412a93eb7a62e9627cb6e12c8e90150c91dc01,H0,52964,52369,52357,1.011593,false
edit_write,318adda97a093d8c6098e3b8cc412a93eb7a62e9627cb6e12c8e90150c91dc01,H3,7952,7910,7954,1.005563,false
edit_write,318adda97a093d8c6098e3b8cc412a93eb7a62e9627cb6e12c8e90150c91dc01,H4,4249,4212,4196,1.012631,false
edit_write,3300a2d9022e8a1c79a98e0121dd19e73c4438ebf22a5d520ce8347dfd90b99a,H1,26130,26355,26754,1.023881,false
edit_write,3300a2d9022e8a1c79a98e0121dd19e73c4438ebf22a5d520ce8347dfd90b99a,H2,10465,10206,10153,1.030730,false
edit_write,3300a2d9022e8a1c79a98e0121dd19e73c4438ebf22a5d520ce8347dfd90b99a,H0,16401,16965,16080,1.055037,false
edit_write,3300a2d9022e8a1c79a98e0121dd19e73c4438ebf22a5d520ce8347dfd90b99a,H3,9477,9467,9102,1.041200,false
edit_write,3300a2d9022e8a1c79a98e0121dd19e73c4438ebf22a5d520ce8347dfd90b99a,H4,4656,4924,4930,1.058849,false
edit_write,330dcfc43e116d2aa79da4d68100c4dd314cb1e271975f62f645a08fc5810cc1,H1,69825,70423,71362,1.022012,false
edit_write,330dcfc43e116d2aa79da4d68100c4dd314cb1e271975f62f645a08fc5810cc1,H2,19001,19151,18750,1.021387,false
edit_write,330dcfc43e116d2aa79da4d68100c4dd314cb1e271975f62f645a08fc5810cc1,H0,48714,47830,48436,1.018482,false
edit_write,330dcfc43e116d2aa79da4d68100c4dd314cb1e271975f62f645a08fc5810cc1,H3,18115,18408,18111,1.016399,false
edit_write,330dcfc43e116d2aa79da4d68100c4dd314cb1e271975f62f645a08fc5810cc1,H4,10067,10306,10325,1.025628,false
edit_write,331d1ef073894d6ae4442ec399445a21b59aef142ccbfabccebce9111083efba,H1,30243,30780,30726,1.017756,false
edit_write,331d1ef073894d6ae4442ec399445a21b59aef142ccbfabccebce9111083efba,H2,38414,39077,38856,1.017259,false
edit_write,331d1ef073894d6ae4442ec399445a21b59aef142ccbfabccebce9111083efba,H0,25138,24950,24574,1.022951,false
edit_write,331d1ef073894d6ae4442ec399445a21b59aef142ccbfabccebce9111083efba,H3,40342,41228,40114,1.027771,false
edit_write,331d1ef073894d6ae4442ec399445a21b59aef142ccbfabccebce9111083efba,H4,33444,34855,33949,1.042190,false
edit_write,35404eaab3f15956b8e8a5cae1ac43f06a928c2202b336f47fff5a55923401cf,H1,8599,7880,8537,1.091244,false
edit_write,35404eaab3f15956b8e8a5cae1ac43f06a928c2202b336f47fff5a55923401cf,H2,15567,15137,15102,1.030791,false
edit_write,35404eaab3f15956b8e8a5cae1ac43f06a928c2202b336f47fff5a55923401cf,H0,53055,52895,52601,1.008631,false
edit_write,35404eaab3f15956b8e8a5cae1ac43f06a928c2202b336f47fff5a55923401cf,H3,15543,15552,15523,1.001868,false
edit_write,35404eaab3f15956b8e8a5cae1ac43f06a928c2202b336f47fff5a55923401cf,H4,8271,8707,8480,1.052714,false
edit_write,35d27df02a7ba96db3fb70d8748a04eb10050e407a5f086ee3002b1bc22ead4a,H1,8739,8912,8594,1.037003,false
edit_write,35d27df02a7ba96db3fb70d8748a04eb10050e407a5f086ee3002b1bc22ead4a,H2,12476,12568,12371,1.015924,false
edit_write,35d27df02a7ba96db3fb70d8748a04eb10050e407a5f086ee3002b1bc22ead4a,H0,27983,28081,27672,1.014780,false
edit_write,35d27df02a7ba96db3fb70d8748a04eb10050e407a5f086ee3002b1bc22ead4a,H3,10790,10795,11074,1.026321,false
edit_write,35d27df02a7ba96db3fb70d8748a04eb10050e407a5f086ee3002b1bc22ead4a,H4,5613,5627,5836,1.039729,false
edit_write,375082fae6af307a7d906ce9cde1190998e219931ca5be9412f98ec53b17d813,H1,1346,1364,1420,1.054978,false
edit_write,375082fae6af307a7d906ce9cde1190998e219931ca5be9412f98ec53b17d813,H2,2134,2248,2141,1.053421,false
edit_write,375082fae6af307a7d906ce9cde1190998e219931ca5be9412f98ec53b17d813,H0,1611,1525,1517,1.061964,false
edit_write,375082fae6af307a7d906ce9cde1190998e219931ca5be9412f98ec53b17d813,H3,2064,2236,2103,1.083333,false
edit_write,375082fae6af307a7d906ce9cde1190998e219931ca5be9412f98ec53b17d813,H4,1103,1213,1248,1.131460,false
edit_write,37a4edb9e0cb1ce796b798a7da0301ee195c488c4fa14da6982e9961f5f290ff,H1,46148,46444,46821,1.014584,false
edit_write,37a4edb9e0cb1ce796b798a7da0301ee195c488c4fa14da6982e9961f5f290ff,H2,38031,38207,38335,1.007993,false
edit_write,37a4edb9e0cb1ce796b798a7da0301ee195c488c4fa14da6982e9961f5f290ff,H0,23266,23366,23028,1.014678,false
edit_write,37a4edb9e0cb1ce796b798a7da0301ee195c488c4fa14da6982e9961f5f290ff,H3,40010,38737,39572,1.032863,false
edit_write,37a4edb9e0cb1ce796b798a7da0301ee195c488c4fa14da6982e9961f5f290ff,H4,34862,34675,34936,1.007527,false
edit_write,3894853a240d3e0f321516d0da715d2a4bd817df342bf7a38cae58202bfdc2a4,H1,19127,20141,19176,1.053014,false
edit_write,3894853a240d3e0f321516d0da715d2a4bd817df342bf7a38cae58202bfdc2a4,H2,19133,20639,18819,1.096711,false
edit_write,3894853a240d3e0f321516d0da715d2a4bd817df342bf7a38cae58202bfdc2a4,H0,13333,13835,13523,1.037651,false
edit_write,3894853a240d3e0f321516d0da715d2a4bd817df342bf7a38cae58202bfdc2a4,H3,18159,19806,18548,1.090699,false
edit_write,3894853a240d3e0f321516d0da715d2a4bd817df342bf7a38cae58202bfdc2a4,H4,21824,22858,21915,1.047379,false
edit_write,392342df8f31cb6f71b75e32d72721664a6e556873039ac8529b9bf5b088ea19,H1,13786,14892,15273,1.107863,false
edit_write,392342df8f31cb6f71b75e32d72721664a6e556873039ac8529b9bf5b088ea19,H2,16899,16206,16157,1.045924,false
edit_write,392342df8f31cb6f71b75e32d72721664a6e556873039ac8529b9bf5b088ea19,H0,31696,31591,31918,1.010351,false
edit_write,392342df8f31cb6f71b75e32d72721664a6e556873039ac8529b9bf5b088ea19,H3,14091,14122,14636,1.038677,false
edit_write,392342df8f31cb6f71b75e32d72721664a6e556873039ac8529b9bf5b088ea19,H4,6776,6387,6464,1.060905,false
edit_write,392e7203a9839581a2b1b4954bfe9e9ba87841104dea822327cce471c6212ddf,H1,33351,33674,33748,1.011904,false
edit_write,392e7203a9839581a2b1b4954bfe9e9ba87841104dea822327cce471c6212ddf,H2,10408,11050,10558,1.061683,false
edit_write,392e7203a9839581a2b1b4954bfe9e9ba87841104dea822327cce471c6212ddf,H0,19664,21938,20398,1.115643,false
edit_write,392e7203a9839581a2b1b4954bfe9e9ba87841104dea822327cce471c6212ddf,H3,10282,9988,10427,1.043953,false
edit_write,392e7203a9839581a2b1b4954bfe9e9ba87841104dea822327cce471c6212ddf,H4,5696,6025,5772,1.057760,false
edit_write,3992c2e33c56a016a4e7e1a1358558a95d40efb739398888149cf0c5481e3af2,H1,25229,25660,25971,1.029411,false
edit_write,3992c2e33c56a016a4e7e1a1358558a95d40efb739398888149cf0c5481e3af2,H2,9355,9461,8916,1.061126,false
edit_write,3992c2e33c56a016a4e7e1a1358558a95d40efb739398888149cf0c5481e3af2,H0,16218,15697,15565,1.041953,false
edit_write,3992c2e33c56a016a4e7e1a1358558a95d40efb739398888149cf0c5481e3af2,H3,8106,8333,8113,1.028004,false
edit_write,3992c2e33c56a016a4e7e1a1358558a95d40efb739398888149cf0c5481e3af2,H4,4548,4852,4544,1.067782,false
edit_write,3c133915b696d78d1d44662584541d3f5679d24eeb1e105977c759e14b86eb1d,H1,14701,15854,16491,1.121760,false
edit_write,3c133915b696d78d1d44662584541d3f5679d24eeb1e105977c759e14b86eb1d,H2,18433,18870,18632,1.023707,false
edit_write,3c133915b696d78d1d44662584541d3f5679d24eeb1e105977c759e14b86eb1d,H0,31469,33905,32138,1.077410,false
edit_write,3c133915b696d78d1d44662584541d3f5679d24eeb1e105977c759e14b86eb1d,H3,16545,16842,16614,1.017951,false
edit_write,3c133915b696d78d1d44662584541d3f5679d24eeb1e105977c759e14b86eb1d,H4,6753,6988,6854,1.034799,false
edit_write,3c25e444b14e48b386f862a4259b02b0b1fd9924405470d313ebd346a0dd151e,H1,2036,2020,4080,2.019802,true
edit_write,3c25e444b14e48b386f862a4259b02b0b1fd9924405470d313ebd346a0dd151e,H2,4607,4574,5577,1.219283,false
edit_write,3c25e444b14e48b386f862a4259b02b0b1fd9924405470d313ebd346a0dd151e,H0,15774,15840,27969,1.773108,true
edit_write,3c25e444b14e48b386f862a4259b02b0b1fd9924405470d313ebd346a0dd151e,H3,3825,3732,7685,2.059218,true
edit_write,3c25e444b14e48b386f862a4259b02b0b1fd9924405470d313ebd346a0dd151e,H4,1764,1903,4470,2.534014,true
edit_write,3c88ae2f78a2c23f144079aa0fe066090113cdead865398c496406680efc361d,H1,9949,10024,10716,1.077093,false
edit_write,3c88ae2f78a2c23f144079aa0fe066090113cdead865398c496406680efc361d,H2,15113,14890,15388,1.033445,false
edit_write,3c88ae2f78a2c23f144079aa0fe066090113cdead865398c496406680efc361d,H0,9405,9454,9841,1.046358,false
edit_write,3c88ae2f78a2c23f144079aa0fe066090113cdead865398c496406680efc361d,H3,14763,14894,15762,1.067669,false
edit_write,3c88ae2f78a2c23f144079aa0fe066090113cdead865398c496406680efc361d,H4,11725,11684,11888,1.017460,false
edit_write,3c8b0539a72ecc3e1b7fb15a422daa21b098dbb73dc417b9482244d357371093,H1,70037,69440,71403,1.028269,false
edit_write,3c8b0539a72ecc3e1b7fb15a422daa21b098dbb73dc417b9482244d357371093,H2,24409,25175,25234,1.033799,false
edit_write,3c8b0539a72ecc3e1b7fb15a422daa21b098dbb73dc417b9482244d357371093,H0,43576,43130,42126,1.034421,false
edit_write,3c8b0539a72ecc3e1b7fb15a422daa21b098dbb73dc417b9482244d357371093,H3,24851,24723,25569,1.034219,false
edit_write,3c8b0539a72ecc3e1b7fb15a422daa21b098dbb73dc417b9482244d357371093,H4,15923,16116,16239,1.019846,false
edit_write,3ec882463f43c8055c3d941986dc7838337a52d911629c0b8590307d5975a0b8,H1,31110,29911,53491,1.788339,true
edit_write,3ec882463f43c8055c3d941986dc7838337a52d911629c0b8590307d5975a0b8,H2,14204,14535,24983,1.758871,true
edit_write,3ec882463f43c8055c3d941986dc7838337a52d911629c0b8590307d5975a0b8,H0,17570,16740,30621,1.829211,true
edit_write,3ec882463f43c8055c3d941986dc7838337a52d911629c0b8590307d5975a0b8,H3,12871,13453,22482,1.746717,true
edit_write,3ec882463f43c8055c3d941986dc7838337a52d911629c0b8590307d5975a0b8,H4,7029,7226,13596,1.934272,true
edit_write,3ef0fa59822abeed39ef4a351ed36822746749903995994c4eed394b51ea2987,H1,35864,35451,35445,1.011821,false
edit_write,3ef0fa59822abeed39ef4a351ed36822746749903995994c4eed394b51ea2987,H2,13474,14219,13649,1.055292,false
edit_write,3ef0fa59822abeed39ef4a351ed36822746749903995994c4eed394b51ea2987,H0,20985,21366,20045,1.065902,false
edit_write,3ef0fa59822abeed39ef4a351ed36822746749903995994c4eed394b51ea2987,H3,13355,13765,13281,1.036443,false
edit_write,3ef0fa59822abeed39ef4a351ed36822746749903995994c4eed394b51ea2987,H4,7958,8565,8322,1.076275,false
edit_write,3f8a73a4641f3f0976ef651684df44932aa557eb0691bc2d4a7ade6067241abd,H1,5839,7003,7149,1.224353,false
edit_write,3f8a73a4641f3f0976ef651684df44932aa557eb0691bc2d4a7ade6067241abd,H2,12100,12221,12086,1.011170,false
edit_write,3f8a73a4641f3f0976ef651684df44932aa557eb0691bc2d4a7ade6067241abd,H0,27981,27575,27147,1.030722,false
edit_write,3f8a73a4641f3f0976ef651684df44932aa557eb0691bc2d4a7ade6067241abd,H3,10348,10156,10323,1.018905,false
edit_write,3f8a73a4641f3f0976ef651684df44932aa557eb0691bc2d4a7ade6067241abd,H4,5442,5128,5256,1.061232,false
edit_write,4067160e3a7b55a3422b1237d7604d6b3571b8b8126ac654c7be36c0ea20e51f,H1,34583,34026,34482,1.016370,false
edit_write,4067160e3a7b55a3422b1237d7604d6b3571b8b8126ac654c7be36c0ea20e51f,H2,9511,9935,9737,1.044580,false
edit_write,4067160e3a7b55a3422b1237d7604d6b3571b8b8126ac654c7be36c0ea20e51f,H0,20598,21838,21043,1.060200,false
edit_write,4067160e3a7b55a3422b1237d7604d6b3571b8b8126ac654c7be36c0ea20e51f,H3,8781,9012,8797,1.026307,false
edit_write,4067160e3a7b55a3422b1237d7604d6b3571b8b8126ac654c7be36c0ea20e51f,H4,4730,4833,4929,1.042072,false
edit_write,42070cacc5632f1af9183251973e8f18015f378dfdc9ad3d8e36c3558922262a,H1,33941,33389,33827,1.016532,false
edit_write,42070cacc5632f1af9183251973e8f18015f378dfdc9ad3d8e36c3558922262a,H2,8386,8696,7974,1.090544,false
edit_write,42070cacc5632f1af9183251973e8f18015f378dfdc9ad3d8e36c3558922262a,H0,24405,24363,24410,1.001929,false
edit_write,42070cacc5632f1af9183251973e8f18015f378dfdc9ad3d8e36c3558922262a,H3,6929,7190,7006,1.037668,false
edit_write,42070cacc5632f1af9183251973e8f18015f378dfdc9ad3d8e36c3558922262a,H4,3762,3954,3840,1.051037,false
edit_write,4248050af4a7608e80b042417b7b9b3cc07049ae407ad6591f39769a60be2792,H1,29711,29230,30414,1.040506,false
edit_write,4248050af4a7608e80b042417b7b9b3cc07049ae407ad6591f39769a60be2792,H2,37422,37263,37414,1.004267,false
edit_write,4248050af4a7608e80b042417b7b9b3cc07049ae407ad6591f39769a60be2792,H0,24865,24387,24148,1.029692,false
edit_write,4248050af4a7608e80b042417b7b9b3cc07049ae407ad6591f39769a60be2792,H3,38479,38611,39961,1.038515,false
edit_write,4248050af4a7608e80b042417b7b9b3cc07049ae407ad6591f39769a60be2792,H4,33021,33430,34059,1.031435,false
edit_write,4339bccd9a6b5dac1d20c0d9ed2f681b9a59b3e563deab301205444fa2ec42f8,H1,29496,30324,30401,1.030682,false
edit_write,4339bccd9a6b5dac1d20c0d9ed2f681b9a59b3e563deab301205444fa2ec42f8,H2,10129,10633,10098,1.052981,false
edit_write,4339bccd9a6b5dac1d20c0d9ed2f681b9a59b3e563deab301205444fa2ec42f8,H0,18644,18864,18165,1.038481,false
edit_write,4339bccd9a6b5dac1d20c0d9ed2f681b9a59b3e563deab301205444fa2ec42f8,H3,8489,8813,8443,1.043823,false
edit_write,4339bccd9a6b5dac1d20c0d9ed2f681b9a59b3e563deab301205444fa2ec42f8,H4,4742,4819,4693,1.026848,false
edit_write,439e4c23fee03e3ed8606f26adc0ac5f3b91ecc85f6d1182a67dc905dd861a7c,H1,45154,46699,46663,1.034216,false
edit_write,439e4c23fee03e3ed8606f26adc0ac5f3b91ecc85f6d1182a67dc905dd861a7c,H2,38089,38708,38032,1.017775,false
edit_write,439e4c23fee03e3ed8606f26adc0ac5f3b91ecc85f6d1182a67dc905dd861a7c,H0,23276,23041,23130,1.010199,false
edit_write,439e4c23fee03e3ed8606f26adc0ac5f3b91ecc85f6d1182a67dc905dd861a7c,H3,40071,40187,39934,1.006335,false
edit_write,439e4c23fee03e3ed8606f26adc0ac5f3b91ecc85f6d1182a67dc905dd861a7c,H4,34438,34389,34593,1.005932,false
edit_write,4449a1441fa517de5827e3bcb0fc140702aba156f45e9c9252c648492621bc88,H1,73119,71813,72761,1.018186,false
edit_write,4449a1441fa517de5827e3bcb0fc140702aba156f45e9c9252c648492621bc88,H2,21782,22001,21449,1.025735,false
edit_write,4449a1441fa517de5827e3bcb0fc140702aba156f45e9c9252c648492621bc88,H0,45183,43970,43405,1.040963,false
edit_write,4449a1441fa517de5827e3bcb0fc140702aba156f45e9c9252c648492621bc88,H3,20057,19843,19680,1.019157,false
edit_write,4449a1441fa517de5827e3bcb0fc140702aba156f45e9c9252c648492621bc88,H4,13646,13512,13647,1.009991,false
edit_write,447fe959be09eada5f491ea310a2855addd5163085cb8b347726977f01e8bfd0,H1,16046,15959,16490,1.033273,false
edit_write,447fe959be09eada5f491ea310a2855addd5163085cb8b347726977f01e8bfd0,H2,6520,7181,6785,1.101380,false
edit_write,447fe959be09eada5f491ea310a2855addd5163085cb8b347726977f01e8bfd0,H0,11683,11866,11699,1.015664,false
edit_write,447fe959be09eada5f491ea310a2855addd5163085cb8b347726977f01e8bfd0,H3,6385,6321,6290,1.015103,false
edit_write,447fe959be09eada5f491ea310a2855addd5163085cb8b347726977f01e8bfd0,H4,3331,3375,3393,1.018613,false
edit_write,463151484c0fa7d8b7168aa0fdee85e2015a2d87f0bf4199c5b7a1a8b16544c8,H1,44951,44085,44391,1.019644,false
edit_write,463151484c0fa7d8b7168aa0fdee85e2015a2d87f0bf4199c5b7a1a8b16544c8,H2,15596,15732,15409,1.020962,false
edit_write,463151484c0fa7d8b7168aa0fdee85e2015a2d87f0bf4199c5b7a1a8b16544c8,H0,31080,30414,31059,1.021898,false
edit_write,463151484c0fa7d8b7168aa0fdee85e2015a2d87f0bf4199c5b7a1a8b16544c8,H3,13395,13389,13071,1.024788,false
edit_write,463151484c0fa7d8b7168aa0fdee85e2015a2d87f0bf4199c5b7a1a8b16544c8,H4,6393,6451,6405,1.009072,false
edit_write,470220da9fcb369d8a68ba498122c9fbc4762313beb5f15508a62d83f8c606a0,H1,26415,26853,26521,1.016581,false
edit_write,470220da9fcb369d8a68ba498122c9fbc4762313beb5f15508a62d83f8c606a0,H2,11430,11825,11657,1.034558,false
edit_write,470220da9fcb369d8a68ba498122c9fbc4762313beb5f15508a62d83f8c606a0,H0,16435,16135,15907,1.033193,false
edit_write,470220da9fcb369d8a68ba498122c9fbc4762313beb5f15508a62d83f8c606a0,H3,11179,11323,11042,1.025448,false
edit_write,470220da9fcb369d8a68ba498122c9fbc4762313beb5f15508a62d83f8c606a0,H4,6137,6016,6456,1.073138,false
edit_write,476e6ad80b60ad455b50273ee4763f97fd0ad78370abd2748be5f767457dd173,H1,31223,33657,31539,1.077955,false
edit_write,476e6ad80b60ad455b50273ee4763f97fd0ad78370abd2748be5f767457dd173,H2,39064,40307,39618,1.031820,false
edit_write,476e6ad80b60ad455b50273ee4763f97fd0ad78370abd2748be5f767457dd173,H0,25811,26818,25034,1.071263,false
edit_write,476e6ad80b60ad455b50273ee4763f97fd0ad78370abd2748be5f767457dd173,H3,41138,44228,42816,1.075113,false
edit_write,476e6ad80b60ad455b50273ee4763f97fd0ad78370abd2748be5f767457dd173,H4,33627,33173,33884,1.021433,false
edit_write,477d4193e5cf48d24ce63c619434301d107094e60be151353dea406ea0886abe,H1,35435,35224,35327,1.005990,false
edit_write,477d4193e5cf48d24ce63c619434301d107094e60be151353dea406ea0886abe,H2,13674,13704,13668,1.002634,false
edit_write,477d4193e5cf48d24ce63c619434301d107094e60be151353dea406ea0886abe,H0,21407,20984,22098,1.053088,false
edit_write,477d4193e5cf48d24ce63c619434301d107094e60be151353dea406ea0886abe,H3,14222,13958,14296,1.024216,false
edit_write,477d4193e5cf48d24ce63c619434301d107094e60be151353dea406ea0886abe,H4,8221,8686,8203,1.058881,false
edit_write,47aaac57137cfeaa51f2f3d6a932f174843a5320ba779d60fcf8d1effcc0a5f9,H1,34754,33794,62930,1.862165,true
edit_write,47aaac57137cfeaa51f2f3d6a932f174843a5320ba779d60fcf8d1effcc0a5f9,H2,11412,11456,22392,1.962145,true
edit_write,47aaac57137cfeaa51f2f3d6a932f174843a5320ba779d60fcf8d1effcc0a5f9,H0,25248,24557,44314,1.804536,true
edit_write,47aaac57137cfeaa51f2f3d6a932f174843a5320ba779d60fcf8d1effcc0a5f9,H3,10946,10636,20013,1.881628,true
edit_write,47aaac57137cfeaa51f2f3d6a932f174843a5320ba779d60fcf8d1effcc0a5f9,H4,5970,6087,11821,1.980067,true
edit_write,47aeefe99d8121f893aac8db461e662747ab17c6d4213956976a31629d706ea8,H1,12064,11850,12353,1.042447,false
edit_write,47aeefe99d8121f893aac8db461e662747ab17c6d4213956976a31629d706ea8,H2,11457,11270,11006,1.040978,false
edit_write,47aeefe99d8121f893aac8db461e662747ab17c6d4213956976a31629d706ea8,H0,18694,18591,18315,1.020693,false
edit_write,47aeefe99d8121f893aac8db461e662747ab17c6d4213956976a31629d706ea8,H3,8776,8631,8639,1.016800,false
edit_write,47aeefe99d8121f893aac8db461e662747ab17c6d4213956976a31629d706ea8,H4,4633,5006,4870,1.080509,false
edit_write,485e0b719aa9ef63171fa5a9da2b2bbc34eeba2c4968d8847723113a6f97d752,H1,31210,30398,29864,1.045071,false
edit_write,485e0b719aa9ef63171fa5a9da2b2bbc34eeba2c4968d8847723113a6f97d752,H2,12801,13301,12500,1.064080,false
edit_write,485e0b719aa9ef63171fa5a9da2b2bbc34eeba2c4968d8847723113a6f97d752,H0,17537,17251,17230,1.017818,false
edit_write,485e0b719aa9ef63171fa5a9da2b2bbc34eeba2c4968d8847723113a6f97d752,H3,10982,11106,11607,1.056911,false
edit_write,485e0b719aa9ef63171fa5a9da2b2bbc34eeba2c4968d8847723113a6f97d752,H4,5773,6054,5829,1.048675,false
edit_write,499049a46957f333b0a907e73909b010b9d9dfcc2fbbb8797a36c6da040d0746,H1,4507,4522,4863,1.078988,false
edit_write,499049a46957f333b0a907e73909b010b9d9dfcc2fbbb8797a36c6da040d0746,H2,7124,7607,7360,1.067799,false
edit_write,499049a46957f333b0a907e73909b010b9d9dfcc2fbbb8797a36c6da040d0746,H0,24445,24360,24151,1.012173,false
edit_write,499049a46957f333b0a907e73909b010b9d9dfcc2fbbb8797a36c6da040d0746,H3,7568,7563,7467,1.013526,false
edit_write,499049a46957f333b0a907e73909b010b9d9dfcc2fbbb8797a36c6da040d0746,H4,4884,4911,5004,1.024570,false
edit_write,49b6aadbd35328890b54131f7674e5aeba636eba3bc8c30d3ab95b2abf12830c,H1,21571,22323,22991,1.065829,false
edit_write,49b6aadbd35328890b54131f7674e5aeba636eba3bc8c30d3ab95b2abf12830c,H2,9228,9862,9765,1.068704,false
edit_write,49b6aadbd35328890b54131f7674e5aeba636eba3bc8c30d3ab95b2abf12830c,H0,13449,13485,13165,1.024307,false
edit_write,49b6aadbd35328890b54131f7674e5aeba636eba3bc8c30d3ab95b2abf12830c,H3,8522,8576,8448,1.015152,false
edit_write,49b6aadbd35328890b54131f7674e5aeba636eba3bc8c30d3ab95b2abf12830c,H4,4639,5379,5090,1.159517,false
edit_write,4b62a0a92aba2f1d09268b10e729ab9350a8b8ac426adc9a78376b7ec4c51d95,H1,25800,24991,25752,1.032372,false
edit_write,4b62a0a92aba2f1d09268b10e729ab9350a8b8ac426adc9a78376b7ec4c51d95,H2,10196,10465,9855,1.061898,false
edit_write,4b62a0a92aba2f1d09268b10e729ab9350a8b8ac426adc9a78376b7ec4c51d95,H0,15587,15212,15110,1.031568,false
edit_write,4b62a0a92aba2f1d09268b10e729ab9350a8b8ac426adc9a78376b7ec4c51d95,H3,9914,9754,9485,1.045229,false
edit_write,4b62a0a92aba2f1d09268b10e729ab9350a8b8ac426adc9a78376b7ec4c51d95,H4,5431,5647,5550,1.039772,false
edit_write,4b826a44f455648d2f69ebcf0dc3643c118db5bf3217084be50ed4657dd54b9d,H1,5104,5547,4329,1.281358,false
edit_write,4b826a44f455648d2f69ebcf0dc3643c118db5bf3217084be50ed4657dd54b9d,H2,9953,10403,10252,1.045212,false
edit_write,4b826a44f455648d2f69ebcf0dc3643c118db5bf3217084be50ed4657dd54b9d,H0,19729,18771,18152,1.086877,false
edit_write,4b826a44f455648d2f69ebcf0dc3643c118db5bf3217084be50ed4657dd54b9d,H3,8313,8584,8496,1.032600,false
edit_write,4b826a44f455648d2f69ebcf0dc3643c118db5bf3217084be50ed4657dd54b9d,H4,4389,4410,3921,1.124713,false
edit_write,4c5a7e15f7f8feccd7204330a9683df015160df2d4aebd9867bce8138b6857b4,H1,45159,44013,43879,1.029171,false
edit_write,4c5a7e15f7f8feccd7204330a9683df015160df2d4aebd9867bce8138b6857b4,H2,15539,15214,15331,1.021362,false
edit_write,4c5a7e15f7f8feccd7204330a9683df015160df2d4aebd9867bce8138b6857b4,H0,31498,31865,32018,1.016509,false
edit_write,4c5a7e15f7f8feccd7204330a9683df015160df2d4aebd9867bce8138b6857b4,H3,13323,12913,13318,1.031751,false
edit_write,4c5a7e15f7f8feccd7204330a9683df015160df2d4aebd9867bce8138b6857b4,H4,6383,6461,6116,1.056409,false
edit_write,4d7cc1e0abffb84e63a7dd815adec78629f6fbb9186bf77681c46a756eafa8b7,H1,46062,43235,43890,1.065387,false
edit_write,4d7cc1e0abffb84e63a7dd815adec78629f6fbb9186bf77681c46a756eafa8b7,H2,15775,14727,14665,1.075690,false
edit_write,4d7cc1e0abffb84e63a7dd815adec78629f6fbb9186bf77681c46a756eafa8b7,H0,30409,30453,29806,1.021707,false
edit_write,4d7cc1e0abffb84e63a7dd815adec78629f6fbb9186bf77681c46a756eafa8b7,H3,12203,12565,12303,1.029665,false
edit_write,4d7cc1e0abffb84e63a7dd815adec78629f6fbb9186bf77681c46a756eafa8b7,H4,5988,6145,5657,1.086265,false
edit_write,4dfad23125c9827e87678c5e6c79986b9c66c422ec8547a3f94cb1ae28ab212b,H1,68708,69697,70135,1.020769,false
edit_write,4dfad23125c9827e87678c5e6c79986b9c66c422ec8547a3f94cb1ae28ab212b,H2,18303,18461,17984,1.026524,false
edit_write,4dfad23125c9827e87678c5e6c79986b9c66c422ec8547a3f94cb1ae28ab212b,H0,43407,43621,47527,1.094916,false
edit_write,4dfad23125c9827e87678c5e6c79986b9c66c422ec8547a3f94cb1ae28ab212b,H3,17068,17384,17293,1.018514,false
edit_write,4dfad23125c9827e87678c5e6c79986b9c66c422ec8547a3f94cb1ae28ab212b,H4,9357,9842,9343,1.053409,false
edit_write,4e4b1e9fec00174dde8ee5f1632865fbe48e57e02b09ef206eb0b84054399d71,H1,25572,25194,25774,1.023021,false
edit_write,4e4b1e9fec00174dde8ee5f1632865fbe48e57e02b09ef206eb0b84054399d71,H2,10656,10863,10866,1.019707,false
edit_write,4e4b1e9fec00174dde8ee5f1632865fbe48e57e02b09ef206eb0b84054399d71,H0,15745,15753,15930,1.011750,false
edit_write,4e4b1e9fec00174dde8ee5f1632865fbe48e57e02b09ef206eb0b84054399d71,H3,10104,10155,10192,1.008709,false
edit_write,4e4b1e9fec00174dde8ee5f1632865fbe48e57e02b09ef206eb0b84054399d71,H4,6275,6251,6061,1.035308,false
edit_write,4e9e64ce93c96dabe8c92dc99e576811469c2a5b27f7346b1653e682573531b9,H1,36122,35569,35573,1.015547,false
edit_write,4e9e64ce93c96dabe8c92dc99e576811469c2a5b27f7346b1653e682573531b9,H2,14227,14356,13793,1.040818,false
edit_write,4e9e64ce93c96dabe8c92dc99e576811469c2a5b27f7346b1653e682573531b9,H0,21089,21375,21050,1.015439,false
edit_write,4e9e64ce93c96dabe8c92dc99e576811469c2a5b27f7346b1653e682573531b9,H3,14011,13691,13139,1.066367,false
edit_write,4e9e64ce93c96dabe8c92dc99e576811469c2a5b27f7346b1653e682573531b9,H4,8233,8624,8578,1.047492,false
edit_write,4e9f0007964bf4cf45c05402a1ec40066f154635c8fbc5983b3f6d2ae09657bb,H1,70978,69293,70341,1.024317,false
edit_write,4e9f0007964bf4cf45c05402a1ec40066f154635c8fbc5983b3f6d2ae09657bb,H2,20709,20124,20016,1.034622,false
edit_write,4e9f0007964bf4cf45c05402a1ec40066f154635c8fbc5983b3f6d2ae09657bb,H0,43418,44074,42907,1.027198,false
edit_write,4e9f0007964bf4cf45c05402a1ec40066f154635c8fbc5983b3f6d2ae09657bb,H3,19563,20118,19527,1.030266,false
edit_write,4e9f0007964bf4cf45c05402a1ec40066f154635c8fbc5983b3f6d2ae09657bb,H4,11206,11332,11136,1.017601,false
edit_write,4ea88ea74c31dfb4705eabd58b1f8fa6c0f19b7c7e93fd74eaed18d654bfeff5,H1,5227,5708,4329,1.318549,false
edit_write,4ea88ea74c31dfb4705eabd58b1f8fa6c0f19b7c7e93fd74eaed18d654bfeff5,H2,10731,11452,18892,1.760507,true
edit_write,4ea88ea74c31dfb4705eabd58b1f8fa6c0f19b7c7e93fd74eaed18d654bfeff5,H0,53139,53269,97569,1.836109,true
edit_write,4ea88ea74c31dfb4705eabd58b1f8fa6c0f19b7c7e93fd74eaed18d654bfeff5,H3,8974,9652,9313,1.075552,false
edit_write,4ea88ea74c31dfb4705eabd58b1f8fa6c0f19b7c7e93fd74eaed18d654bfeff5,H4,4096,4683,7484,1.827148,true
edit_write,4f6818ef7f601be48949040636a77b681ac39e8b976f3f6c7f29861ccc7fc609,H1,21505,21211,22225,1.047805,false
edit_write,4f6818ef7f601be48949040636a77b681ac39e8b976f3f6c7f29861ccc7fc609,H2,19689,19972,19924,1.014374,false
edit_write,4f6818ef7f601be48949040636a77b681ac39e8b976f3f6c7f29861ccc7fc609,H0,56001,55035,54566,1.026298,false
edit_write,4f6818ef7f601be48949040636a77b681ac39e8b976f3f6c7f29861ccc7fc609,H3,19130,19352,19349,1.011605,false
edit_write,4f6818ef7f601be48949040636a77b681ac39e8b976f3f6c7f29861ccc7fc609,H4,11694,11439,11613,1.022292,false
edit_write,508e05b37bdb9812e0ddf1f0113538b0d684de7fcc78901175e60121154504cd,H1,37579,37490,37644,1.004108,false
edit_write,508e05b37bdb9812e0ddf1f0113538b0d684de7fcc78901175e60121154504cd,H2,39595,39410,39309,1.007276,false
edit_write,508e05b37bdb9812e0ddf1f0113538b0d684de7fcc78901175e60121154504cd,H0,23618,24079,23354,1.031044,false
edit_write,508e05b37bdb9812e0ddf1f0113538b0d684de7fcc78901175e60121154504cd,H3,39811,39640,40439,1.020156,false
edit_write,508e05b37bdb9812e0ddf1f0113538b0d684de7fcc78901175e60121154504cd,H4,36714,37048,36415,1.017383,false
edit_write,512a786ff7c82deb2faea2103d96aaec6f1c40ec667fb89e46ea2056a4ec3976,H1,7020,7159,7232,1.030199,false
edit_write,512a786ff7c82deb2faea2103d96aaec6f1c40ec667fb89e46ea2056a4ec3976,H2,12626,12357,12489,1.021769,false
edit_write,512a786ff7c82deb2faea2103d96aaec6f1c40ec667fb89e46ea2056a4ec3976,H0,27527,27417,27245,1.010351,false
edit_write,512a786ff7c82deb2faea2103d96aaec6f1c40ec667fb89e46ea2056a4ec3976,H3,10585,10770,10386,1.036973,false
edit_write,512a786ff7c82deb2faea2103d96aaec6f1c40ec667fb89e46ea2056a4ec3976,H4,5703,5478,5454,1.045655,false
edit_write,51cfe4c222a1c2163de7729f438081a13a7daeec2cdfcade67c54c8a61666a7a,H1,15341,15597,15456,1.016687,false
edit_write,51cfe4c222a1c2163de7729f438081a13a7daeec2cdfcade67c54c8a61666a7a,H2,6026,6676,5873,1.136727,false
edit_write,51cfe4c222a1c2163de7729f438081a13a7daeec2cdfcade67c54c8a61666a7a,H0,11509,11346,11413,1.014366,false
edit_write,51cfe4c222a1c2163de7729f438081a13a7daeec2cdfcade67c54c8a61666a7a,H3,5768,5914,5606,1.054941,false
edit_write,51cfe4c222a1c2163de7729f438081a13a7daeec2cdfcade67c54c8a61666a7a,H4,3178,3350,2980,1.124161,false
edit_write,53672ac14c6d1f8f3477fe2f3066246dffa3c4d4bd6e227bd2118d7d705ababa,H1,13425,15049,13546,1.120968,false
edit_write,53672ac14c6d1f8f3477fe2f3066246dffa3c4d4bd6e227bd2118d7d705ababa,H2,22866,23234,22989,1.016094,false
edit_write,53672ac14c6d1f8f3477fe2f3066246dffa3c4d4bd6e227bd2118d7d705ababa,H0,56904,56403,54938,1.035786,false
edit_write,53672ac14c6d1f8f3477fe2f3066246dffa3c4d4bd6e227bd2118d7d705ababa,H3,22096,21994,21989,1.004866,false
edit_write,53672ac14c6d1f8f3477fe2f3066246dffa3c4d4bd6e227bd2118d7d705ababa,H4,14412,14687,15234,1.057036,false
edit_write,53d066a1f7ca062e95a52e26ac70cc6fbeaf0f627be1fe7eef7800d9cd50cc25,H1,33880,33576,33453,1.012764,false
edit_write,53d066a1f7ca062e95a52e26ac70cc6fbeaf0f627be1fe7eef7800d9cd50cc25,H2,9029,9242,8957,1.031819,false
edit_write,53d066a1f7ca062e95a52e26ac70cc6fbeaf0f627be1fe7eef7800d9cd50cc25,H0,24227,24314,23870,1.018601,false
edit_write,53d066a1f7ca062e95a52e26ac70cc6fbeaf0f627be1fe7eef7800d9cd50cc25,H3,7973,8251,7891,1.045622,false
edit_write,53d066a1f7ca062e95a52e26ac70cc6fbeaf0f627be1fe7eef7800d9cd50cc25,H4,4259,4588,4526,1.077248,false
edit_write,5613d6b9bcd76a454999eb6b55b2c980c7d80a31899117c92a6d15c54e955851,H1,33567,31427,32494,1.068094,false
edit_write,5613d6b9bcd76a454999eb6b55b2c980c7d80a31899117c92a6d15c54e955851,H2,24674,26462,25668,1.072465,false
edit_write,5613d6b9bcd76a454999eb6b55b2c980c7d80a31899117c92a6d15c54e955851,H0,20058,20982,20771,1.046066,false
edit_write,5613d6b9bcd76a454999eb6b55b2c980c7d80a31899117c92a6d15c54e955851,H3,31003,30275,29709,1.043556,false
edit_write,5613d6b9bcd76a454999eb6b55b2c980c7d80a31899117c92a6d15c54e955851,H4,31485,31949,32030,1.017310,false
edit_write,5615175154648d607de146c144558fe18afed0df81d9416e6466c388928da40e,H1,8820,8928,8915,1.012245,false
edit_write,5615175154648d607de146c144558fe18afed0df81d9416e6466c388928da40e,H2,10355,10696,10093,1.059744,false
edit_write,5615175154648d607de146c144558fe18afed0df81d9416e6466c388928da40e,H0,18271,18254,17850,1.023585,false
edit_write,5615175154648d607de146c144558fe18afed0df81d9416e6466c388928da40e,H3,8474,8586,8315,1.032592,false
edit_write,5615175154648d607de146c144558fe18afed0df81d9416e6466c388928da40e,H4,3955,4504,4058,1.138812,false
edit_write,579341567a9113e064712c8c9fb834b4093e98057c46754a21f674e3d68acfbb,H1,47477,49547,48162,1.043600,false
edit_write,579341567a9113e064712c8c9fb834b4093e98057c46754a21f674e3d68acfbb,H2,39036,38362,38455,1.017569,false
edit_write,579341567a9113e064712c8c9fb834b4093e98057c46754a21f674e3d68acfbb,H0,24113,23846,23081,1.044712,false
edit_write,579341567a9113e064712c8c9fb834b4093e98057c46754a21f674e3d68acfbb,H3,39892,39725,40339,1.015456,false
edit_write,579341567a9113e064712c8c9fb834b4093e98057c46754a21f674e3d68acfbb,H4,35589,37580,35689,1.055944,false
edit_write,580c3b870b7d2d7c4a0ebc67cbfc85bb4225b36db7b66d712fd5dd8f4f90df2e,H1,31543,31835,31394,1.014047,false
edit_write,580c3b870b7d2d7c4a0ebc67cbfc85bb4225b36db7b66d712fd5dd8f4f90df2e,H2,18198,18399,18024,1.020806,false
edit_write,580c3b870b7d2d7c4a0ebc67cbfc85bb4225b36db7b66d712fd5dd8f4f90df2e,H0,17257,17762,17127,1.037076,false
edit_write,580c3b870b7d2d7c4a0ebc67cbfc85bb4225b36db7b66d712fd5dd8f4f90df2e,H3,16598,16664,16385,1.017028,false
edit_write,580c3b870b7d2d7c4a0ebc67cbfc85bb4225b36db7b66d712fd5dd8f4f90df2e,H4,7518,7501,7570,1.009199,false
edit_write,583f29836fd5fb7090276f9fa7482ee3734b90ae597b87795eaf7804c6fd87f8,H1,46236,46491,46897,1.014296,false
edit_write,583f29836fd5fb7090276f9fa7482ee3734b90ae597b87795eaf7804c6fd87f8,H2,38142,41631,37692,1.104505,false
edit_write,583f29836fd5fb7090276f9fa7482ee3734b90ae597b87795eaf7804c6fd87f8,H0,23728,23285,23628,1.019025,false
edit_write,583f29836fd5fb7090276f9fa7482ee3734b90ae597b87795eaf7804c6fd87f8,H3,39557,39819,40673,1.028212,false
edit_write,583f29836fd5fb7090276f9fa7482ee3734b90ae597b87795eaf7804c6fd87f8,H4,34628,34473,34627,1.004496,false
edit_write,584b17a2f57def2ab855eced7dce4428fdd9a5da5754943b2c5cd8098dc1cc85,H1,47591,47577,48253,1.014209,false
edit_write,584b17a2f57def2ab855eced7dce4428fdd9a5da5754943b2c5cd8098dc1cc85,H2,38159,38119,38641,1.013694,false
edit_write,584b17a2f57def2ab855eced7dce4428fdd9a5da5754943b2c5cd8098dc1cc85,H0,24100,24191,23809,1.016044,false
edit_write,584b17a2f57def2ab855eced7dce4428fdd9a5da5754943b2c5cd8098dc1cc85,H3,40132,38554,39463,1.040930,false
edit_write,584b17a2f57def2ab855eced7dce4428fdd9a5da5754943b2c5cd8098dc1cc85,H4,36042,36026,35228,1.023107,false
edit_write,5a303ac56d50375b6911b4cf1ead530bf2072d690027968ea3c9dac6475f9abb,H1,21346,20824,21551,1.034912,false
edit_write,5a303ac56d50375b6911b4cf1ead530bf2072d690027968ea3c9dac6475f9abb,H2,11025,11018,10684,1.031917,false
edit_write,5a303ac56d50375b6911b4cf1ead530bf2072d690027968ea3c9dac6475f9abb,H0,14743,14833,15094,1.023808,false
edit_write,5a303ac56d50375b6911b4cf1ead530bf2072d690027968ea3c9dac6475f9abb,H3,10398,10149,10098,1.029709,false
edit_write,5a303ac56d50375b6911b4cf1ead530bf2072d690027968ea3c9dac6475f9abb,H4,7059,7198,6949,1.035832,false
edit_write,5b05299e355bbfdf92aa5eae52be885441b47f284a5d3f13334ec1e9c3df0f65,H1,16523,15972,15714,1.051483,false
edit_write,5b05299e355bbfdf92aa5eae52be885441b47f284a5d3f13334ec1e9c3df0f65,H2,5993,6272,5596,1.120801,false
edit_write,5b05299e355bbfdf92aa5eae52be885441b47f284a5d3f13334ec1e9c3df0f65,H0,11670,11783,11442,1.029802,false
edit_write,5b05299e355bbfdf92aa5eae52be885441b47f284a5d3f13334ec1e9c3df0f65,H3,5281,5505,5086,1.082383,false
edit_write,5b05299e355bbfdf92aa5eae52be885441b47f284a5d3f13334ec1e9c3df0f65,H4,15239,16242,15980,1.065818,false
edit_write,5bd9543f5c374437ddcedc441aecbbc63ed2f2fbba5ca16ef8289ce56bee7bce,H1,73323,74420,74566,1.016952,false
edit_write,5bd9543f5c374437ddcedc441aecbbc63ed2f2fbba5ca16ef8289ce56bee7bce,H2,26957,27591,27462,1.023519,false
edit_write,5bd9543f5c374437ddcedc441aecbbc63ed2f2fbba5ca16ef8289ce56bee7bce,H0,49670,48552,52882,1.089183,false
edit_write,5bd9543f5c374437ddcedc441aecbbc63ed2f2fbba5ca16ef8289ce56bee7bce,H3,26341,26530,27861,1.057705,false
edit_write,5bd9543f5c374437ddcedc441aecbbc63ed2f2fbba5ca16ef8289ce56bee7bce,H4,16667,17082,17471,1.048239,false
edit_write,5cab100a6ab59e3059347bc8dfed9b73cc11c902d163987c90eadd03d93c85ee,H1,21837,21630,21777,1.009570,false
edit_write,5cab100a6ab59e3059347bc8dfed9b73cc11c902d163987c90eadd03d93c85ee,H2,18329,19005,18554,1.036881,false
edit_write,5cab100a6ab59e3059347bc8dfed9b73cc11c902d163987c90eadd03d93c85ee,H0,54816,55051,54639,1.007540,false
edit_write,5cab100a6ab59e3059347bc8dfed9b73cc11c902d163987c90eadd03d93c85ee,H3,17379,17660,17093,1.033171,false
edit_write,5cab100a6ab59e3059347bc8dfed9b73cc11c902d163987c90eadd03d93c85ee,H4,11242,10941,11186,1.027511,false
edit_write,5f4c7b6d1b416196a0815ca0905075b219979284455f16f9e406985f1ce68558,H1,25852,26166,26574,1.027928,false
edit_write,5f4c7b6d1b416196a0815ca0905075b219979284455f16f9e406985f1ce68558,H2,10338,10826,10840,1.048559,false
edit_write,5f4c7b6d1b416196a0815ca0905075b219979284455f16f9e406985f1ce68558,H0,16330,15720,15724,1.038804,false
edit_write,5f4c7b6d1b416196a0815ca0905075b219979284455f16f9e406985f1ce68558,H3,9975,9985,10031,1.005614,false
edit_write,5f4c7b6d1b416196a0815ca0905075b219979284455f16f9e406985f1ce68558,H4,5950,6116,5775,1.059048,false
edit_write,5f69796091fe680c271f80d3b9a4e33a9b6584cfc99da1ba1b6168dd83e3dc39,H1,31597,31507,31511,1.002857,false
edit_write,5f69796091fe680c271f80d3b9a4e33a9b6584cfc99da1ba1b6168dd83e3dc39,H2,24134,23613,23110,1.044310,false
edit_write,5f69796091fe680c271f80d3b9a4e33a9b6584cfc99da1ba1b6168dd83e3dc39,H0,17502,17305,17186,1.018387,false
edit_write,5f69796091fe680c271f80d3b9a4e33a9b6584cfc99da1ba1b6168dd83e3dc39,H3,22519,21933,21976,1.026718,false
edit_write,5f69796091fe680c271f80d3b9a4e33a9b6584cfc99da1ba1b6168dd83e3dc39,H4,29620,30133,30227,1.020493,false
edit_write,5f750cd7a1a5f535007c59df30e48040a4a895282a9b39e635a6ea4292f2a763,H1,35514,35084,35135,1.012256,false
edit_write,5f750cd7a1a5f535007c59df30e48040a4a895282a9b39e635a6ea4292f2a763,H2,13756,13858,13552,1.022580,false
edit_write,5f750cd7a1a5f535007c59df30e48040a4a895282a9b39e635a6ea4292f2a763,H0,21076,20155,20299,1.045696,false
edit_write,5f750cd7a1a5f535007c59df30e48040a4a895282a9b39e635a6ea4292f2a763,H3,13749,13729,13705,1.003211,false
edit_write,5f750cd7a1a5f535007c59df30e48040a4a895282a9b39e635a6ea4292f2a763,H4,8279,8464,8205,1.031566,false
edit_write,6031ce0e4f2981f905fa714fda6e2c5dd94d5079949760c4d461d691c0e139d3,H1,9286,10056,9681,1.082921,false
edit_write,6031ce0e4f2981f905fa714fda6e2c5dd94d5079949760c4d461d691c0e139d3,H2,13723,14386,13359,1.076877,false
edit_write,6031ce0e4f2981f905fa714fda6e2c5dd94d5079949760c4d461d691c0e139d3,H0,9052,9481,8822,1.074700,false
edit_write,6031ce0e4f2981f905fa714fda6e2c5dd94d5079949760c4d461d691c0e139d3,H3,14319,15262,13796,1.106263,false
edit_write,6031ce0e4f2981f905fa714fda6e2c5dd94d5079949760c4d461d691c0e139d3,H4,11183,11305,10761,1.050553,false
edit_write,60aeb4e4f9f6a5895c50ebb36812e1cb68b0767678751a44384c8c069953dce2,H1,33074,33185,33142,1.003356,false
edit_write,60aeb4e4f9f6a5895c50ebb36812e1cb68b0767678751a44384c8c069953dce2,H2,11170,11369,10980,1.035428,false
edit_write,60aeb4e4f9f6a5895c50ebb36812e1cb68b0767678751a44384c8c069953dce2,H0,24075,24619,23404,1.051914,false
edit_write,60aeb4e4f9f6a5895c50ebb36812e1cb68b0767678751a44384c8c069953dce2,H3,9909,10146,10058,1.023918,false
edit_write,60aeb4e4f9f6a5895c50ebb36812e1cb68b0767678751a44384c8c069953dce2,H4,6022,6159,5920,1.040372,false
edit_write,6220286951831ba11626d7791c773655593684441ab6e2992f7a29610883b455,H1,7188,6353,6616,1.131434,false
edit_write,6220286951831ba11626d7791c773655593684441ab6e2992f7a29610883b455,H2,12659,12721,11967,1.063007,false
edit_write,6220286951831ba11626d7791c773655593684441ab6e2992f7a29610883b455,H0,27771,27665,27248,1.019194,false
edit_write,6220286951831ba11626d7791c773655593684441ab6e2992f7a29610883b455,H3,10480,10640,10498,1.015267,false
edit_write,6220286951831ba11626d7791c773655593684441ab6e2992f7a29610883b455,H4,5689,5576,5790,1.038379,false
edit_write,63c725eb9bad92c078c11773ebc5017c08dba00bef2e38e4ac498ac1d8d9dc39,H1,5152,5183,5250,1.019022,false
edit_write,63c725eb9bad92c078c11773ebc5017c08dba00bef2e38e4ac498ac1d8d9dc39,H2,10267,10079,9969,1.029893,false
edit_write,63c725eb9bad92c078c11773ebc5017c08dba00bef2e38e4ac498ac1d8d9dc39,H0,18437,17969,18227,1.026045,false
edit_write,63c725eb9bad92c078c11773ebc5017c08dba00bef2e38e4ac498ac1d8d9dc39,H3,8569,8236,8513,1.040432,false
edit_write,63c725eb9bad92c078c11773ebc5017c08dba00bef2e38e4ac498ac1d8d9dc39,H4,4092,4368,4152,1.067449,false
edit_write,63cc760f40b73419d55081c3fdbbf86f29a30837ac8726b63b66a821eadbe553,H1,68959,65848,66345,1.047245,false
edit_write,63cc760f40b73419d55081c3fdbbf86f29a30837ac8726b63b66a821eadbe553,H2,18448,18731,18740,1.015828,false
edit_write,63cc760f40b73419d55081c3fdbbf86f29a30837ac8726b63b66a821eadbe553,H0,43468,43527,43609,1.003244,false
edit_write,63cc760f40b73419d55081c3fdbbf86f29a30837ac8726b63b66a821eadbe553,H3,18016,18054,18618,1.033415,false
edit_write,63cc760f40b73419d55081c3fdbbf86f29a30837ac8726b63b66a821eadbe553,H4,10315,10609,10391,1.028502,false
edit_write,63e3335fd9f5b6a49b8eb970e6265a8f5190aa187fcc4f1c708fa66363060e61,H1,33479,33842,33650,1.010843,false
edit_write,63e3335fd9f5b6a49b8eb970e6265a8f5190aa187fcc4f1c708fa66363060e61,H2,8318,8283,7856,1.058809,false
edit_write,63e3335fd9f5b6a49b8eb970e6265a8f5190aa187fcc4f1c708fa66363060e61,H0,20542,20013,21046,1.051616,false
edit_write,63e3335fd9f5b6a49b8eb970e6265a8f5190aa187fcc4f1c708fa66363060e61,H3,7346,7499,7899,1.075279,false
edit_write,63e3335fd9f5b6a49b8eb970e6265a8f5190aa187fcc4f1c708fa66363060e61,H4,3939,4105,4084,1.042143,false
edit_write,63f316f5b5c2c922acad61013afb0acff8820824f03a3bf58168f0367b2824a8,H1,11695,11949,11827,1.021719,false
edit_write,63f316f5b5c2c922acad61013afb0acff8820824f03a3bf58168f0367b2824a8,H2,11508,11982,11550,1.041189,false
edit_write,63f316f5b5c2c922acad61013afb0acff8820824f03a3bf58168f0367b2824a8,H0,28239,27873,27578,1.023968,false
edit_write,63f316f5b5c2c922acad61013afb0acff8820824f03a3bf58168f0367b2824a8,H3,9475,9626,9493,1.015937,false
edit_write,63f316f5b5c2c922acad61013afb0acff8820824f03a3bf58168f0367b2824a8,H4,4743,4987,5048,1.064305,false
edit_write,650b0c26f400fdeb33b4262bed1f728ddec195fd4e9d95572402f84c63635510,H1,64752,63668,65015,1.021157,false
edit_write,650b0c26f400fdeb33b4262bed1f728ddec195fd4e9d95572402f84c63635510,H2,36132,33769,33637,1.074174,false
edit_write,650b0c26f400fdeb33b4262bed1f728ddec195fd4e9d95572402f84c63635510,H0,44060,43958,42435,1.038294,false
edit_write,650b0c26f400fdeb33b4262bed1f728ddec195fd4e9d95572402f84c63635510,H3,32265,31910,32121,1.011125,false
edit_write,650b0c26f400fdeb33b4262bed1f728ddec195fd4e9d95572402f84c63635510,H4,72935,72616,77485,1.067051,false
edit_write,663bcb3ac40e8c9ff27695874d9dbe6fe49c85ee1f254e43b5a0311ff70f80d7,H1,68942,69394,69269,1.006556,false
edit_write,663bcb3ac40e8c9ff27695874d9dbe6fe49c85ee1f254e43b5a0311ff70f80d7,H2,17573,17878,17763,1.017356,false
edit_write,663bcb3ac40e8c9ff27695874d9dbe6fe49c85ee1f254e43b5a0311ff70f80d7,H0,43440,42068,42069,1.032614,false
edit_write,663bcb3ac40e8c9ff27695874d9dbe6fe49c85ee1f254e43b5a0311ff70f80d7,H3,16528,16523,16659,1.008231,false
edit_write,663bcb3ac40e8c9ff27695874d9dbe6fe49c85ee1f254e43b5a0311ff70f80d7,H4,8794,9094,8883,1.034114,false
edit_write,6718546b0c95f3475e7e8a14a322c83ad7d344fbf454abfced315cf664671f67,H1,14573,15943,16306,1.118919,false
edit_write,6718546b0c95f3475e7e8a14a322c83ad7d344fbf454abfced315cf664671f67,H2,17019,17070,16970,1.005893,false
edit_write,6718546b0c95f3475e7e8a14a322c83ad7d344fbf454abfced315cf664671f67,H0,31470,31373,31303,1.005335,false
edit_write,6718546b0c95f3475e7e8a14a322c83ad7d344fbf454abfced315cf664671f67,H3,15344,15320,15321,1.001567,false
edit_write,6718546b0c95f3475e7e8a14a322c83ad7d344fbf454abfced315cf664671f67,H4,7825,7711,7561,1.034916,false
edit_write,674d697d1df41dfb1ef4ca1fe595cd958a1bb90326b619801226ef864d013ad7,H1,9881,10061,9802,1.026423,false
edit_write,674d697d1df41dfb1ef4ca1fe595cd958a1bb90326b619801226ef864d013ad7,H2,14297,14651,14070,1.041294,false
edit_write,674d697d1df41dfb1ef4ca1fe595cd958a1bb90326b619801226ef864d013ad7,H0,9119,9307,9117,1.020840,false
edit_write,674d697d1df41dfb1ef4ca1fe595cd958a1bb90326b619801226ef864d013ad7,H3,14529,14693,14438,1.017662,false
edit_write,674d697d1df41dfb1ef4ca1fe595cd958a1bb90326b619801226ef864d013ad7,H4,11282,11190,10720,1.052425,false
edit_write,677d73a2e29705f6d2669fb9e12b5c975cb18f21407bd94f2f269d0b3a9d1566,H1,31733,29830,31045,1.063795,false
edit_write,677d73a2e29705f6d2669fb9e12b5c975cb18f21407bd94f2f269d0b3a9d1566,H2,12185,12661,12762,1.047353,false
edit_write,677d73a2e29705f6d2669fb9e12b5c975cb18f21407bd94f2f269d0b3a9d1566,H0,18790,17143,17122,1.097419,false
edit_write,677d73a2e29705f6d2669fb9e12b5c975cb18f21407bd94f2f269d0b3a9d1566,H3,11337,11404,10969,1.039657,false
edit_write,677d73a2e29705f6d2669fb9e12b5c975cb18f21407bd94f2f269d0b3a9d1566,H4,5763,5873,5707,1.029087,false
edit_write,67de44c0d548c0402393e34e2201b364f9558d0f696fd1b14d559361b9434153,H1,9628,9595,9808,1.022199,false
edit_write,67de44c0d548c0402393e34e2201b364f9558d0f696fd1b14d559361b9434153,H2,14732,14105,15178,1.076072,false
edit_write,67de44c0d548c0402393e34e2201b364f9558d0f696fd1b14d559361b9434153,H0,9172,9006,9089,1.018432,false
edit_write,67de44c0d548c0402393e34e2201b364f9558d0f696fd1b14d559361b9434153,H3,14452,14875,14422,1.031410,false
edit_write,67de44c0d548c0402393e34e2201b364f9558d0f696fd1b14d559361b9434153,H4,11085,11329,11146,1.022012,false
edit_write,688e238ccf4e0741c348b3597c68ee223c8bf8f4eb0ddc59a3f3a519960e63b5,H1,72610,72746,71225,1.021355,false
edit_write,688e238ccf4e0741c348b3597c68ee223c8bf8f4eb0ddc59a3f3a519960e63b5,H2,82917,85298,84966,1.028715,false
edit_write,688e238ccf4e0741c348b3597c68ee223c8bf8f4eb0ddc59a3f3a519960e63b5,H0,48257,48914,47992,1.019212,false
edit_write,688e238ccf4e0741c348b3597c68ee223c8bf8f4eb0ddc59a3f3a519960e63b5,H3,23201,23447,24003,1.034567,false
edit_write,688e238ccf4e0741c348b3597c68ee223c8bf8f4eb0ddc59a3f3a519960e63b5,H4,15058,14812,15027,1.016608,false
edit_write,68bb037136682dacb6150f6f88cafad3830d225456abc460e02c15ef8bba9fd8,H1,34601,65191,34579,1.885277,true
edit_write,68bb037136682dacb6150f6f88cafad3830d225456abc460e02c15ef8bba9fd8,H2,8414,15721,8535,1.868434,true
edit_write,68bb037136682dacb6150f6f88cafad3830d225456abc460e02c15ef8bba9fd8,H0,20181,21003,20408,1.040731,false
edit_write,68bb037136682dacb6150f6f88cafad3830d225456abc460e02c15ef8bba9fd8,H3,7648,12740,7300,1.745205,true
edit_write,68bb037136682dacb6150f6f88cafad3830d225456abc460e02c15ef8bba9fd8,H4,4500,4895,4533,1.087778,false
edit_write,68d42e6d61df20bd2312aed24d24c372ab96bddbb76bd3fa56b54fef820b72c3,H1,70412,70358,71103,1.010589,false
edit_write,68d42e6d61df20bd2312aed24d24c372ab96bddbb76bd3fa56b54fef820b72c3,H2,20271,20256,19800,1.023788,false
edit_write,68d42e6d61df20bd2312aed24d24c372ab96bddbb76bd3fa56b54fef820b72c3,H0,48542,47924,47782,1.015906,false
edit_write,68d42e6d61df20bd2312aed24d24c372ab96bddbb76bd3fa56b54fef820b72c3,H3,19988,19540,19397,1.030469,false
edit_write,68d42e6d61df20bd2312aed24d24c372ab96bddbb76bd3fa56b54fef820b72c3,H4,10715,10794,10583,1.019938,false
edit_write,69336ca0612fddc2954bca409e1b2639d32d623bbc152e0bfd7e6d7194cef664,H1,68666,71874,69051,1.046719,false
edit_write,69336ca0612fddc2954bca409e1b2639d32d623bbc152e0bfd7e6d7194cef664,H2,17357,17420,17238,1.010558,false
edit_write,69336ca0612fddc2954bca409e1b2639d32d623bbc152e0bfd7e6d7194cef664,H0,41991,47112,46818,1.121955,false
edit_write,69336ca0612fddc2954bca409e1b2639d32d623bbc152e0bfd7e6d7194cef664,H3,16235,16501,17070,1.051432,false
edit_write,69336ca0612fddc2954bca409e1b2639d32d623bbc152e0bfd7e6d7194cef664,H4,9428,9793,9485,1.038714,false
edit_write,695f65783b7991135a185c8f0db220b4c6d38f2254f12830caeb5b2ffd96d143,H1,30061,30009,30500,1.016362,false
edit_write,695f65783b7991135a185c8f0db220b4c6d38f2254f12830caeb5b2ffd96d143,H2,38422,39271,37727,1.040926,false
edit_write,695f65783b7991135a185c8f0db220b4c6d38f2254f12830caeb5b2ffd96d143,H0,24752,24703,24245,1.020912,false
edit_write,695f65783b7991135a185c8f0db220b4c6d38f2254f12830caeb5b2ffd96d143,H3,40616,40764,40378,1.009560,false
edit_write,695f65783b7991135a185c8f0db220b4c6d38f2254f12830caeb5b2ffd96d143,H4,34124,34400,32977,1.043151,false
edit_write,6af7d29f7b5a1372d5a2a374f82bf29f17c5ad8111ce15db9547361713105ab4,H1,26050,26203,27394,1.051593,false
edit_write,6af7d29f7b5a1372d5a2a374f82bf29f17c5ad8111ce15db9547361713105ab4,H2,18601,18812,18778,1.011343,false
edit_write,6af7d29f7b5a1372d5a2a374f82bf29f17c5ad8111ce15db9547361713105ab4,H0,55259,54170,54269,1.020103,false
edit_write,6af7d29f7b5a1372d5a2a374f82bf29f17c5ad8111ce15db9547361713105ab4,H3,17624,17567,17920,1.020094,false
edit_write,6af7d29f7b5a1372d5a2a374f82bf29f17c5ad8111ce15db9547361713105ab4,H4,11572,11531,12259,1.063134,false
edit_write,6b2427d04942f1ac12e37f2882960eb6e759aab67f60394af6882d3349db0370,H1,40657,40900,40639,1.006422,false
edit_write,6b2427d04942f1ac12e37f2882960eb6e759aab67f60394af6882d3349db0370,H2,12601,12969,12913,1.029204,false
edit_write,6b2427d04942f1ac12e37f2882960eb6e759aab67f60394af6882d3349db0370,H0,27534,26996,26913,1.023074,false
edit_write,6b2427d04942f1ac12e37f2882960eb6e759aab67f60394af6882d3349db0370,H3,11188,10973,10579,1.057567,false
edit_write,6b2427d04942f1ac12e37f2882960eb6e759aab67f60394af6882d3349db0370,H4,6025,5793,5692,1.058503,false
edit_write,6baab4b7c3e61ea7ef90050dc0479f839bc9179c49e3a25f91709a31685d07f3,H1,32256,30308,31504,1.064273,false
edit_write,6baab4b7c3e61ea7ef90050dc0479f839bc9179c49e3a25f91709a31685d07f3,H2,13837,14387,13994,1.039749,false
edit_write,6baab4b7c3e61ea7ef90050dc0479f839bc9179c49e3a25f91709a31685d07f3,H0,18106,17977,17971,1.007512,false
edit_write,6baab4b7c3e61ea7ef90050dc0479f839bc9179c49e3a25f91709a31685d07f3,H3,12790,13284,12586,1.055458,false
edit_write,6baab4b7c3e61ea7ef90050dc0479f839bc9179c49e3a25f91709a31685d07f3,H4,6066,6183,6115,1.019288,false
edit_write,6c07587238f12dac426cf3b771cfff094be79773c3848c36ebcbde4e9f767826,H1,26134,25167,26692,1.060595,false
edit_write,6c07587238f12dac426cf3b771cfff094be79773c3848c36ebcbde4e9f767826,H2,9937,10025,9892,1.013445,false
edit_write,6c07587238f12dac426cf3b771cfff094be79773c3848c36ebcbde4e9f767826,H0,16199,15702,15799,1.031652,false
edit_write,6c07587238f12dac426cf3b771cfff094be79773c3848c36ebcbde4e9f767826,H3,9113,9406,9456,1.037639,false
edit_write,6c07587238f12dac426cf3b771cfff094be79773c3848c36ebcbde4e9f767826,H4,5328,5330,5477,1.027965,false
edit_write,6c9483ebe49d32f630559fc1c98bd89d17981a86c86a41fe91e70e26cfeb7104,H1,5025,5075,4980,1.019076,false
edit_write,6c9483ebe49d32f630559fc1c98bd89d17981a86c86a41fe91e70e26cfeb7104,H2,6386,6627,6147,1.078087,false
edit_write,6c9483ebe49d32f630559fc1c98bd89d17981a86c86a41fe91e70e26cfeb7104,H0,16100,16059,15699,1.025543,false
edit_write,6c9483ebe49d32f630559fc1c98bd89d17981a86c86a41fe91e70e26cfeb7104,H3,6269,6180,5897,1.063083,false
edit_write,6c9483ebe49d32f630559fc1c98bd89d17981a86c86a41fe91e70e26cfeb7104,H4,3227,3499,3409,1.084289,false
edit_write,6ed4635ab549310f0a2e1a2db8208cea70067492191cec357f26b678b0b11a39,H1,74408,72254,73701,1.029811,false
edit_write,6ed4635ab549310f0a2e1a2db8208cea70067492191cec357f26b678b0b11a39,H2,24335,23281,22846,1.065176,false
edit_write,6ed4635ab549310f0a2e1a2db8208cea70067492191cec357f26b678b0b11a39,H0,48645,47770,48284,1.018317,false
edit_write,6ed4635ab549310f0a2e1a2db8208cea70067492191cec357f26b678b0b11a39,H3,22159,22169,21960,1.009517,false
edit_write,6ed4635ab549310f0a2e1a2db8208cea70067492191cec357f26b678b0b11a39,H4,14400,14283,14224,1.012373,false
edit_write,6fcda9d926538996d4548fc15bb24703d803e730a498835bdc85e0dd6989ae91,H1,8224,8773,8774,1.066877,false
edit_write,6fcda9d926538996d4548fc15bb24703d803e730a498835bdc85e0dd6989ae91,H2,12454,12256,13171,1.074657,false
edit_write,6fcda9d926538996d4548fc15bb24703d803e730a498835bdc85e0dd6989ae91,H0,28309,27240,27478,1.039244,false
edit_write,6fcda9d926538996d4548fc15bb24703d803e730a498835bdc85e0dd6989ae91,H3,10574,10268,10838,1.055512,false
edit_write,6fcda9d926538996d4548fc15bb24703d803e730a498835bdc85e0dd6989ae91,H4,5283,5402,5508,1.042589,false
edit_write,71140f2c88f2602f2699cc3b1fced40727ae094b4e9c51f793c814ac7b54a505,H1,47386,48236,48247,1.018170,false
edit_write,71140f2c88f2602f2699cc3b1fced40727ae094b4e9c51f793c814ac7b54a505,H2,39524,39987,38935,1.027019,false
edit_write,71140f2c88f2602f2699cc3b1fced40727ae094b4e9c51f793c814ac7b54a505,H0,24507,23923,23965,1.024412,false
edit_write,71140f2c88f2602f2699cc3b1fced40727ae094b4e9c51f793c814ac7b54a505,H3,41075,41657,40806,1.020855,false
edit_write,71140f2c88f2602f2699cc3b1fced40727ae094b4e9c51f793c814ac7b54a505,H4,35684,35806,35593,1.005984,false
edit_write,727f2b4fbd80338f19c517faab6aaaa816cf00de49477970b233d642cb1598ce,H1,33671,32261,31869,1.056544,false
edit_write,727f2b4fbd80338f19c517faab6aaaa816cf00de49477970b233d642cb1598ce,H2,14805,14936,14571,1.025050,false
edit_write,727f2b4fbd80338f19c517faab6aaaa816cf00de49477970b233d642cb1598ce,H0,17604,17107,18322,1.071024,false
edit_write,727f2b4fbd80338f19c517faab6aaaa816cf00de49477970b233d642cb1598ce,H3,13509,13100,13082,1.032640,false
edit_write,727f2b4fbd80338f19c517faab6aaaa816cf00de49477970b233d642cb1598ce,H4,7579,7581,7571,1.001321,false
edit_write,72e99128d9a702e77b2c2a4d95cd7fdbfc20fba89d72b6f4dfd864b679c5f923,H1,34408,34211,33644,1.022708,false
edit_write,72e99128d9a702e77b2c2a4d95cd7fdbfc20fba89d72b6f4dfd864b679c5f923,H2,36827,37822,36140,1.046541,false
edit_write,72e99128d9a702e77b2c2a4d95cd7fdbfc20fba89d72b6f4dfd864b679c5f923,H0,23054,23093,22639,1.020054,false
edit_write,72e99128d9a702e77b2c2a4d95cd7fdbfc20fba89d72b6f4dfd864b679c5f923,H3,38737,36568,38061,1.059314,false
edit_write,72e99128d9a702e77b2c2a4d95cd7fdbfc20fba89d72b6f4dfd864b679c5f923,H4,34681,34421,34259,1.012318,false
edit_write,73ddccb64ab70b42e7bd34b631e5614b427a14dd96c67b2581c604bce52f8110,H1,14033,14290,14311,1.019810,false
edit_write,73ddccb64ab70b42e7bd34b631e5614b427a14dd96c67b2581c604bce52f8110,H2,4882,5141,4843,1.061532,false
edit_write,73ddccb64ab70b42e7bd34b631e5614b427a14dd96c67b2581c604bce52f8110,H0,11066,10856,10742,1.030162,false
edit_write,73ddccb64ab70b42e7bd34b631e5614b427a14dd96c67b2581c604bce52f8110,H3,4827,4988,5032,1.042469,false
edit_write,73ddccb64ab70b42e7bd34b631e5614b427a14dd96c67b2581c604bce52f8110,H4,13897,14551,14343,1.047061,false
edit_write,73fb1b73db354e144288626f81ea8a635dd9b482d932538002f210bc61affa6d,H1,44308,44670,81259,1.833958,true
edit_write,73fb1b73db354e144288626f81ea8a635dd9b482d932538002f210bc61affa6d,H2,15990,16020,26868,1.680300,true
edit_write,73fb1b73db354e144288626f81ea8a635dd9b482d932538002f210bc61affa6d,H0,32004,30914,34411,1.113120,false
edit_write,73fb1b73db354e144288626f81ea8a635dd9b482d932538002f210bc61affa6d,H3,13722,13821,24150,1.759948,true
edit_write,73fb1b73db354e144288626f81ea8a635dd9b482d932538002f210bc61affa6d,H4,7797,7795,15309,1.963951,true
edit_write,753316efbf9fa705dbe35b67c794d02275f27f4aa4b3272332b0a77692265f2c,H1,31608,31986,31269,1.022930,false
edit_write,753316efbf9fa705dbe35b67c794d02275f27f4aa4b3272332b0a77692265f2c,H2,20296,20277,20002,1.014699,false
edit_write,753316efbf9fa705dbe35b67c794d02275f27f4aa4b3272332b0a77692265f2c,H0,17662,17423,16810,1.050684,false
edit_write,753316efbf9fa705dbe35b67c794d02275f27f4aa4b3272332b0a77692265f2c,H3,19225,19293,19144,1.007783,false
edit_write,753316efbf9fa705dbe35b67c794d02275f27f4aa4b3272332b0a77692265f2c,H4,9017,9147,8934,1.023842,false
edit_write,75c2e90437d640e16632dd6d7e19fa7be9ec8dd720e2c85cdf49af68ff61f3cd,H1,10096,10389,10423,1.032389,false
edit_write,75c2e90437d640e16632dd6d7e19fa7be9ec8dd720e2c85cdf49af68ff61f3cd,H2,9950,10179,9883,1.029950,false
edit_write,75c2e90437d640e16632dd6d7e19fa7be9ec8dd720e2c85cdf49af68ff61f3cd,H0,18385,18892,18840,1.027577,false
edit_write,75c2e90437d640e16632dd6d7e19fa7be9ec8dd720e2c85cdf49af68ff61f3cd,H3,8381,8329,14372,1.725537,true
edit_write,75c2e90437d640e16632dd6d7e19fa7be9ec8dd720e2c85cdf49af68ff61f3cd,H4,4110,4376,4044,1.082097,false
edit_write,75f9d88eade92ec417e69e6059e3ba91910d88d4e9b89c6bff1f38e99b01480b,H1,11822,11496,11389,1.038019,false
edit_write,75f9d88eade92ec417e69e6059e3ba91910d88d4e9b89c6bff1f38e99b01480b,H2,24432,25239,24778,1.033030,false
edit_write,75f9d88eade92ec417e69e6059e3ba91910d88d4e9b89c6bff1f38e99b01480b,H0,18199,18626,17991,1.035295,false
edit_write,75f9d88eade92ec417e69e6059e3ba91910d88d4e9b89c6bff1f38e99b01480b,H3,23431,23333,23278,1.006573,false
edit_write,75f9d88eade92ec417e69e6059e3ba91910d88d4e9b89c6bff1f38e99b01480b,H4,12969,12785,12470,1.040016,false
edit_write,760557bd9c22d3407a47b891743a8cefc2d0bce91df3fa0b216cb2d9108d5c8f,H1,34602,34299,34549,1.008834,false
edit_write,760557bd9c22d3407a47b891743a8cefc2d0bce91df3fa0b216cb2d9108d5c8f,H2,10479,10226,10425,1.024741,false
edit_write,760557bd9c22d3407a47b891743a8cefc2d0bce91df3fa0b216cb2d9108d5c8f,H0,21599,21779,20287,1.073545,false
edit_write,760557bd9c22d3407a47b891743a8cefc2d0bce91df3fa0b216cb2d9108d5c8f,H3,10334,9910,9667,1.068998,false
edit_write,760557bd9c22d3407a47b891743a8cefc2d0bce91df3fa0b216cb2d9108d5c8f,H4,5362,5500,5295,1.038716,false
edit_write,762b3b4e918d58e39b5002a7642906e5658b38d06345ac7a18c84aefd60a4271,H1,73942,68585,69093,1.078107,false
edit_write,762b3b4e918d58e39b5002a7642906e5658b38d06345ac7a18c84aefd60a4271,H2,16199,16571,16312,1.022964,false
edit_write,762b3b4e918d58e39b5002a7642906e5658b38d06345ac7a18c84aefd60a4271,H0,43210,42414,44187,1.041802,false
edit_write,762b3b4e918d58e39b5002a7642906e5658b38d06345ac7a18c84aefd60a4271,H3,15229,15245,15343,1.007486,false
edit_write,762b3b4e918d58e39b5002a7642906e5658b38d06345ac7a18c84aefd60a4271,H4,8715,8865,8461,1.047748,false
edit_write,7648b3992a70fce1a9858bcbf82343dd3caded40140cff070c19a1a76b22f52a,H1,74155,71501,72364,1.037118,false
edit_write,7648b3992a70fce1a9858bcbf82343dd3caded40140cff070c19a1a76b22f52a,H2,50122,51292,49449,1.037271,false
edit_write,7648b3992a70fce1a9858bcbf82343dd3caded40140cff070c19a1a76b22f52a,H0,48731,48260,47619,1.023352,false
edit_write,7648b3992a70fce1a9858bcbf82343dd3caded40140cff070c19a1a76b22f52a,H3,48624,49863,48399,1.030249,false
edit_write,7648b3992a70fce1a9858bcbf82343dd3caded40140cff070c19a1a76b22f52a,H4,82529,83017,82293,1.008798,false
edit_write,768d02de5e37124d78cc211644d0853fbe6279af971e5f2efabed69584ec0d68,H1,37268,36549,36210,1.029218,false
edit_write,768d02de5e37124d78cc211644d0853fbe6279af971e5f2efabed69584ec0d68,H2,4937,4819,4554,1.084102,false
edit_write,768d02de5e37124d78cc211644d0853fbe6279af971e5f2efabed69584ec0d68,H0,23869,23363,23040,1.035981,false
edit_write,768d02de5e37124d78cc211644d0853fbe6279af971e5f2efabed69584ec0d68,H3,5414,5313,5084,1.064910,false
edit_write,768d02de5e37124d78cc211644d0853fbe6279af971e5f2efabed69584ec0d68,H4,3472,3403,3223,1.077257,false
edit_write,76a377de79bee74ecc0308a957ce4782b363d406c856e52ef09ef44ee185df87,H1,35755,35683,35365,1.011028,false
edit_write,76a377de79bee74ecc0308a957ce4782b363d406c856e52ef09ef44ee185df87,H2,12009,12081,11915,1.013932,false
edit_write,76a377de79bee74ecc0308a957ce4782b363d406c856e52ef09ef44ee185df87,H0,19735,20196,19702,1.025074,false
edit_write,76a377de79bee74ecc0308a957ce4782b363d406c856e52ef09ef44ee185df87,H3,11436,11696,11399,1.026055,false
edit_write,76a377de79bee74ecc0308a957ce4782b363d406c856e52ef09ef44ee185df87,H4,7386,7952,7521,1.076631,false
edit_write,76b92656c1420d28bd3a96204c95983ba4ebc7410b2baaafe97dcae89b0c54b6,H1,1702,1752,1722,1.029377,false
edit_write,76b92656c1420d28bd3a96204c95983ba4ebc7410b2baaafe97dcae89b0c54b6,H2,2231,2330,2130,1.093897,false
edit_write,76b92656c1420d28bd3a96204c95983ba4ebc7410b2baaafe97dcae89b0c54b6,H0,1787,1736,1707,1.046866,false
edit_write,76b92656c1420d28bd3a96204c95983ba4ebc7410b2baaafe97dcae89b0c54b6,H3,2398,2356,2276,1.053603,false
edit_write,76b92656c1420d28bd3a96204c95983ba4ebc7410b2baaafe97dcae89b0c54b6,H4,1313,1431,1332,1.089871,false
edit_write,76d7182424c088c668db71df1d0f37e720a41f14b6c85772adc103c35f754071,H1,10041,10122,10157,1.011553,false
edit_write,76d7182424c088c668db71df1d0f37e720a41f14b6c85772adc103c35f754071,H2,15124,14957,14265,1.060217,false
edit_write,76d7182424c088c668db71df1d0f37e720a41f14b6c85772adc103c35f754071,H0,9565,9381,9382,1.019614,false
edit_write,76d7182424c088c668db71df1d0f37e720a41f14b6c85772adc103c35f754071,H3,14825,15146,14664,1.032870,false
edit_write,76d7182424c088c668db71df1d0f37e720a41f14b6c85772adc103c35f754071,H4,11742,11396,11589,1.030362,false
edit_write,77bf6a4855e233e4978bb3e894c5acd2c704953f2df603dc3d6534917bc70a8e,H1,38534,35662,35587,1.082811,false
edit_write,77bf6a4855e233e4978bb3e894c5acd2c704953f2df603dc3d6534917bc70a8e,H2,12573,12968,12550,1.033307,false
edit_write,77bf6a4855e233e4978bb3e894c5acd2c704953f2df603dc3d6534917bc70a8e,H0,21950,21423,20271,1.082828,false
edit_write,77bf6a4855e233e4978bb3e894c5acd2c704953f2df603dc3d6534917bc70a8e,H3,12310,11815,11306,1.088802,false
edit_write,77bf6a4855e233e4978bb3e894c5acd2c704953f2df603dc3d6534917bc70a8e,H4,7832,8084,7883,1.032176,false
edit_write,79591834c5b6c29cebd2c6c2fdaa6c09ee1fe83606c2af405c7aa312e342e911,H1,31191,30112,30191,1.035833,false
edit_write,79591834c5b6c29cebd2c6c2fdaa6c09ee1fe83606c2af405c7aa312e342e911,H2,12702,13100,12432,1.053732,false
edit_write,79591834c5b6c29cebd2c6c2fdaa6c09ee1fe83606c2af405c7aa312e342e911,H0,17517,17048,16718,1.047793,false
edit_write,79591834c5b6c29cebd2c6c2fdaa6c09ee1fe83606c2af405c7aa312e342e911,H3,11329,11404,11252,1.013509,false
edit_write,79591834c5b6c29cebd2c6c2fdaa6c09ee1fe83606c2af405c7aa312e342e911,H4,5571,5600,5690,1.021361,false
edit_write,79c8f83fa3b3942b5aa39a94e143660d0dc056c79d5e5299bbfd6b8e16418a04,H1,32929,36043,32407,1.112198,false
edit_write,79c8f83fa3b3942b5aa39a94e143660d0dc056c79d5e5299bbfd6b8e16418a04,H2,9810,10701,9590,1.115850,false
edit_write,79c8f83fa3b3942b5aa39a94e143660d0dc056c79d5e5299bbfd6b8e16418a04,H0,24301,26986,23864,1.130825,false
edit_write,79c8f83fa3b3942b5aa39a94e143660d0dc056c79d5e5299bbfd6b8e16418a04,H3,8647,9358,8468,1.105102,false
edit_write,79c8f83fa3b3942b5aa39a94e143660d0dc056c79d5e5299bbfd6b8e16418a04,H4,4818,5424,4873,1.125778,false
edit_write,79d201d06f0b6d7c609b0f4ad9ac6703d4ee79bd4cbacc5f8f7f4b9d5025bb0e,H1,34012,34655,34262,1.018905,false
edit_write,79d201d06f0b6d7c609b0f4ad9ac6703d4ee79bd4cbacc5f8f7f4b9d5025bb0e,H2,9826,10296,9863,1.047832,false
edit_write,79d201d06f0b6d7c609b0f4ad9ac6703d4ee79bd4cbacc5f8f7f4b9d5025bb0e,H0,25162,25058,24530,1.025764,false
edit_write,79d201d06f0b6d7c609b0f4ad9ac6703d4ee79bd4cbacc5f8f7f4b9d5025bb0e,H3,8769,8618,8649,1.017521,false
edit_write,79d201d06f0b6d7c609b0f4ad9ac6703d4ee79bd4cbacc5f8f7f4b9d5025bb0e,H4,4396,4800,4749,1.091902,false
edit_write,7aef71638f2f719ed6c38c86506eee85737708b667e4bced462e66a6d2a5a12d,H1,1522,1614,1436,1.123955,false
edit_write,7aef71638f2f719ed6c38c86506eee85737708b667e4bced462e66a6d2a5a12d,H2,1902,2049,1796,1.140869,false
edit_write,7aef71638f2f719ed6c38c86506eee85737708b667e4bced462e66a6d2a5a12d,H0,1537,1653,1515,1.091089,false
edit_write,7aef71638f2f719ed6c38c86506eee85737708b667e4bced462e66a6d2a5a12d,H3,1914,1893,1790,1.069274,false
edit_write,7aef71638f2f719ed6c38c86506eee85737708b667e4bced462e66a6d2a5a12d,H4,1050,1111,1059,1.058095,false
edit_write,7b4502db71fb9e6d46cdd5cb2df2cfa87c7acff03f4f11b38b7465ad2bcba8f2,H1,30804,31136,31075,1.010778,false
edit_write,7b4502db71fb9e6d46cdd5cb2df2cfa87c7acff03f4f11b38b7465ad2bcba8f2,H2,12540,13007,12281,1.059116,false
edit_write,7b4502db71fb9e6d46cdd5cb2df2cfa87c7acff03f4f11b38b7465ad2bcba8f2,H0,16841,17522,17216,1.040437,false
edit_write,7b4502db71fb9e6d46cdd5cb2df2cfa87c7acff03f4f11b38b7465ad2bcba8f2,H3,10852,10871,11025,1.015942,false
edit_write,7b4502db71fb9e6d46cdd5cb2df2cfa87c7acff03f4f11b38b7465ad2bcba8f2,H4,5531,5777,5526,1.045422,false
edit_write,7b70853f946d5f7d1e576c3384b501606a907461bb58999d1e1e2540e2b861cf,H1,26139,26040,25962,1.006818,false
edit_write,7b70853f946d5f7d1e576c3384b501606a907461bb58999d1e1e2540e2b861cf,H2,9104,9324,8939,1.043070,false
edit_write,7b70853f946d5f7d1e576c3384b501606a907461bb58999d1e1e2540e2b861cf,H0,16241,16073,15321,1.060048,false
edit_write,7b70853f946d5f7d1e576c3384b501606a907461bb58999d1e1e2540e2b861cf,H3,8027,8291,8140,1.032889,false
edit_write,7b70853f946d5f7d1e576c3384b501606a907461bb58999d1e1e2540e2b861cf,H4,4863,5059,4938,1.040304,false
edit_write,7b9cd2e241c7e76e74b0eb78f917ad692e11cf5912110fc0ba2ea177e923249f,H1,2705,2707,1318,2.053869,true
edit_write,7b9cd2e241c7e76e74b0eb78f917ad692e11cf5912110fc0ba2ea177e923249f,H2,2806,2995,1361,2.200588,true
edit_write,7b9cd2e241c7e76e74b0eb78f917ad692e11cf5912110fc0ba2ea177e923249f,H0,1656,1652,798,2.075188,true
edit_write,7b9cd2e241c7e76e74b0eb78f917ad692e11cf5912110fc0ba2ea177e923249f,H3,3001,3061,1493,2.050234,true
edit_write,7b9cd2e241c7e76e74b0eb78f917ad692e11cf5912110fc0ba2ea177e923249f,H4,2227,2354,1078,2.183673,true
edit_write,7bead3e0928cd4b0e3f5db78ec77368f869dc72f1b59956265ea56bdc390b87c,H1,9910,10328,9699,1.064852,false
edit_write,7bead3e0928cd4b0e3f5db78ec77368f869dc72f1b59956265ea56bdc390b87c,H2,11817,12271,11734,1.045764,false
edit_write,7bead3e0928cd4b0e3f5db78ec77368f869dc72f1b59956265ea56bdc390b87c,H0,27971,27366,26871,1.040936,false
edit_write,7bead3e0928cd4b0e3f5db78ec77368f869dc72f1b59956265ea56bdc390b87c,H3,10387,10682,10198,1.047460,false
edit_write,7bead3e0928cd4b0e3f5db78ec77368f869dc72f1b59956265ea56bdc390b87c,H4,4965,5534,5304,1.114602,false
edit_write,7d5c9e88c4b5e2dc31112982694389b38a4f0f71ff398a6105dbad45e00005ee,H1,18264,18225,17621,1.036491,false
edit_write,7d5c9e88c4b5e2dc31112982694389b38a4f0f71ff398a6105dbad45e00005ee,H2,5508,6058,5431,1.115448,false
edit_write,7d5c9e88c4b5e2dc31112982694389b38a4f0f71ff398a6105dbad45e00005ee,H0,15653,17080,15707,1.091165,false
edit_write,7d5c9e88c4b5e2dc31112982694389b38a4f0f71ff398a6105dbad45e00005ee,H3,4710,4893,4682,1.045066,false
edit_write,7d5c9e88c4b5e2dc31112982694389b38a4f0f71ff398a6105dbad45e00005ee,H4,2723,2754,2589,1.063731,false
edit_write,7e94ac02dde8d70eaaf5e8e61127c49acd493143f24236f8d7df688622327689,H1,47949,48663,48528,1.014891,false
edit_write,7e94ac02dde8d70eaaf5e8e61127c49acd493143f24236f8d7df688622327689,H2,38807,39705,39263,1.023140,false
edit_write,7e94ac02dde8d70eaaf5e8e61127c49acd493143f24236f8d7df688622327689,H0,24113,23476,23460,1.027835,false
edit_write,7e94ac02dde8d70eaaf5e8e61127c49acd493143f24236f8d7df688622327689,H3,42196,39613,40991,1.065206,false
edit_write,7e94ac02dde8d70eaaf5e8e61127c49acd493143f24236f8d7df688622327689,H4,35419,36173,35257,1.025981,false
edit_write,7eaa6df2c96ac2dd353a86a9e74f3724559b94da70cb07b400a4e0ba86c57a4e,H1,35983,35924,36570,1.017982,false
edit_write,7eaa6df2c96ac2dd353a86a9e74f3724559b94da70cb07b400a4e0ba86c57a4e,H2,14120,14128,14004,1.008855,false
edit_write,7eaa6df2c96ac2dd353a86a9e74f3724559b94da70cb07b400a4e0ba86c57a4e,H0,21606,21938,20941,1.047610,false
edit_write,7eaa6df2c96ac2dd353a86a9e74f3724559b94da70cb07b400a4e0ba86c57a4e,H3,13251,13710,13521,1.034639,false
edit_write,7eaa6df2c96ac2dd353a86a9e74f3724559b94da70cb07b400a4e0ba86c57a4e,H4,8737,9203,8747,1.053336,false
edit_write,7fdb3ed3e9c8d0284723f10bab37cc1e8227df4bcb19db973367f64678f93221,H1,45565,46652,46703,1.024975,false
edit_write,7fdb3ed3e9c8d0284723f10bab37cc1e8227df4bcb19db973367f64678f93221,H2,37656,37809,38193,1.014261,false
edit_write,7fdb3ed3e9c8d0284723f10bab37cc1e8227df4bcb19db973367f64678f93221,H0,23297,23079,24774,1.073443,false
edit_write,7fdb3ed3e9c8d0284723f10bab37cc1e8227df4bcb19db973367f64678f93221,H3,39824,40274,40740,1.023001,false
edit_write,7fdb3ed3e9c8d0284723f10bab37cc1e8227df4bcb19db973367f64678f93221,H4,34748,34384,34037,1.020889,false
edit_write,8066098647a37f0152c216f31ccbcae39de413f548b80f6a213b0782ac5f3512,H1,72270,74567,71795,1.038610,false
edit_write,8066098647a37f0152c216f31ccbcae39de413f548b80f6a213b0782ac5f3512,H2,20072,20197,20056,1.007030,false
edit_write,8066098647a37f0152c216f31ccbcae39de413f548b80f6a213b0782ac5f3512,H0,48499,48659,48186,1.009816,false
edit_write,8066098647a37f0152c216f31ccbcae39de413f548b80f6a213b0782ac5f3512,H3,18736,18718,18745,1.001442,false
edit_write,8066098647a37f0152c216f31ccbcae39de413f548b80f6a213b0782ac5f3512,H4,9973,9863,9869,1.011153,false
edit_write,808db073a4fb2b3b431241533696cc0aafbef7513bf72cdf11198287228a80b1,H1,1873,1881,1795,1.047911,false
edit_write,808db073a4fb2b3b431241533696cc0aafbef7513bf72cdf11198287228a80b1,H2,2410,2348,2292,1.051483,false
edit_write,808db073a4fb2b3b431241533696cc0aafbef7513bf72cdf11198287228a80b1,H0,1466,1419,1404,1.044160,false
edit_write,808db073a4fb2b3b431241533696cc0aafbef7513bf72cdf11198287228a80b1,H3,2266,2317,2218,1.044635,false
edit_write,808db073a4fb2b3b431241533696cc0aafbef7513bf72cdf11198287228a80b1,H4,1298,1313,1222,1.074468,false
edit_write,81815860e8d1363939917aaae82838019da5c7eaa1dee341a77feb063c222b3e,H1,70636,71545,69993,1.022174,false
edit_write,81815860e8d1363939917aaae82838019da5c7eaa1dee341a77feb063c222b3e,H2,20811,21585,20823,1.037192,false
edit_write,81815860e8d1363939917aaae82838019da5c7eaa1dee341a77feb063c222b3e,H0,45177,44766,43119,1.047728,false
edit_write,81815860e8d1363939917aaae82838019da5c7eaa1dee341a77feb063c222b3e,H3,20068,20024,19981,1.004354,false
edit_write,81815860e8d1363939917aaae82838019da5c7eaa1dee341a77feb063c222b3e,H4,12947,13002,12602,1.031741,false
edit_write,8196468a2a94316d1819ccdee437ec9f0d39c85bbdcada00faf8001f40f819b8,H1,10254,10178,9973,1.028176,false
edit_write,8196468a2a94316d1819ccdee437ec9f0d39c85bbdcada00faf8001f40f819b8,H2,19577,19269,19147,1.022458,false
edit_write,8196468a2a94316d1819ccdee437ec9f0d39c85bbdcada00faf8001f40f819b8,H0,31859,31167,31606,1.022203,false
edit_write,8196468a2a94316d1819ccdee437ec9f0d39c85bbdcada00faf8001f40f819b8,H3,17964,17927,17131,1.048625,false
edit_write,8196468a2a94316d1819ccdee437ec9f0d39c85bbdcada00faf8001f40f819b8,H4,7831,7772,7855,1.010679,false
edit_write,81fdea3ccfb4e45255aba7bbea58f27d5b84fd18df33ff75a84b61a1c0352ebb,H1,17770,18022,33417,1.880529,true
edit_write,81fdea3ccfb4e45255aba7bbea58f27d5b84fd18df33ff75a84b61a1c0352ebb,H2,4989,4978,10061,2.021093,true
edit_write,81fdea3ccfb4e45255aba7bbea58f27d5b84fd18df33ff75a84b61a1c0352ebb,H0,15766,15891,30239,1.917988,true
edit_write,81fdea3ccfb4e45255aba7bbea58f27d5b84fd18df33ff75a84b61a1c0352ebb,H3,4347,4273,8085,1.892113,true
edit_write,81fdea3ccfb4e45255aba7bbea58f27d5b84fd18df33ff75a84b61a1c0352ebb,H4,2129,2224,4783,2.246595,true
edit_write,82c60937300de0b2bf3ef53fcdd12983e5dbfaef9490d320d5fff82b13d0dabb,H1,12413,12340,12317,1.007794,false
edit_write,82c60937300de0b2bf3ef53fcdd12983e5dbfaef9490d320d5fff82b13d0dabb,H2,28517,26867,47315,1.761082,true
edit_write,82c60937300de0b2bf3ef53fcdd12983e5dbfaef9490d320d5fff82b13d0dabb,H0,31057,30925,62295,2.014390,true
edit_write,82c60937300de0b2bf3ef53fcdd12983e5dbfaef9490d320d5fff82b13d0dabb,H3,24375,24287,24366,1.003623,false
edit_write,82c60937300de0b2bf3ef53fcdd12983e5dbfaef9490d320d5fff82b13d0dabb,H4,12376,12329,22760,1.846054,true
edit_write,82f4fca7f6b35beb7567e37839ed9166f5dda3effe1818cdef2980b56e32205c,H1,11551,11768,11878,1.028309,false
edit_write,82f4fca7f6b35beb7567e37839ed9166f5dda3effe1818cdef2980b56e32205c,H2,10024,10288,9695,1.061166,false
edit_write,82f4fca7f6b35beb7567e37839ed9166f5dda3effe1818cdef2980b56e32205c,H0,18451,19562,17944,1.090169,false
edit_write,82f4fca7f6b35beb7567e37839ed9166f5dda3effe1818cdef2980b56e32205c,H3,8566,8678,8033,1.080294,false
edit_write,82f4fca7f6b35beb7567e37839ed9166f5dda3effe1818cdef2980b56e32205c,H4,4384,4359,4300,1.019535,false
edit_write,8306b1003f14faeed2726556e7c5f47ece2ffe4deee6e3f812c36979b66281f0,H1,26447,27719,28742,1.086777,false
edit_write,8306b1003f14faeed2726556e7c5f47ece2ffe4deee6e3f812c36979b66281f0,H2,20145,20765,21344,1.059518,false
edit_write,8306b1003f14faeed2726556e7c5f47ece2ffe4deee6e3f812c36979b66281f0,H0,55695,55552,54843,1.015535,false
edit_write,8306b1003f14faeed2726556e7c5f47ece2ffe4deee6e3f812c36979b66281f0,H3,19540,19599,19547,1.003019,false
edit_write,8306b1003f14faeed2726556e7c5f47ece2ffe4deee6e3f812c36979b66281f0,H4,12796,12667,12915,1.019578,false
edit_write,8513c625573e57cbe4f5a82969af1f52dc1728577c02b618387175bbdad735ca,H1,22592,22817,22680,1.009959,false
edit_write,8513c625573e57cbe4f5a82969af1f52dc1728577c02b618387175bbdad735ca,H2,9916,9626,9552,1.038107,false
edit_write,8513c625573e57cbe4f5a82969af1f52dc1728577c02b618387175bbdad735ca,H0,13631,13385,13026,1.046446,false
edit_write,8513c625573e57cbe4f5a82969af1f52dc1728577c02b618387175bbdad735ca,H3,8574,8404,8550,1.020228,false
edit_write,8513c625573e57cbe4f5a82969af1f52dc1728577c02b618387175bbdad735ca,H4,5091,5221,5020,1.040040,false
edit_write,8751b5cd8453f60efd97861a4e26576d6fa7df53a7729a43311e0a1cbafd1600,H1,8370,8271,8412,1.017048,false
edit_write,8751b5cd8453f60efd97861a4e26576d6fa7df53a7729a43311e0a1cbafd1600,H2,12478,12579,12097,1.039845,false
edit_write,8751b5cd8453f60efd97861a4e26576d6fa7df53a7729a43311e0a1cbafd1600,H0,8240,8165,8012,1.028457,false
edit_write,8751b5cd8453f60efd97861a4e26576d6fa7df53a7729a43311e0a1cbafd1600,H3,12844,12800,12216,1.051408,false
edit_write,8751b5cd8453f60efd97861a4e26576d6fa7df53a7729a43311e0a1cbafd1600,H4,8900,9226,8873,1.039784,false
edit_write,888f42ac05f411e6c91e05f7b84fb37208f1af1ac324b050eb7542c16f7095f9,H1,40161,40665,40522,1.012549,false
edit_write,888f42ac05f411e6c91e05f7b84fb37208f1af1ac324b050eb7542c16f7095f9,H2,13505,13723,13669,1.016142,false
edit_write,888f42ac05f411e6c91e05f7b84fb37208f1af1ac324b050eb7542c16f7095f9,H0,27543,27486,29398,1.069563,false
edit_write,888f42ac05f411e6c91e05f7b84fb37208f1af1ac324b050eb7542c16f7095f9,H3,11449,11565,12191,1.064809,false
edit_write,888f42ac05f411e6c91e05f7b84fb37208f1af1ac324b050eb7542c16f7095f9,H4,6191,6387,6145,1.039382,false
edit_write,889092e089ef1c28b9cbf60d4dc8cb1e2f7451b183c25b05d6514ffbf26a240d,H1,32428,32278,31877,1.017285,false
edit_write,889092e089ef1c28b9cbf60d4dc8cb1e2f7451b183c25b05d6514ffbf26a240d,H2,18150,18415,17572,1.047974,false
edit_write,889092e089ef1c28b9cbf60d4dc8cb1e2f7451b183c25b05d6514ffbf26a240d,H0,17508,17519,17165,1.020623,false
edit_write,889092e089ef1c28b9cbf60d4dc8cb1e2f7451b183c25b05d6514ffbf26a240d,H3,16778,16881,16261,1.038128,false
edit_write,889092e089ef1c28b9cbf60d4dc8cb1e2f7451b183c25b05d6514ffbf26a240d,H4,35889,36716,37154,1.035248,false
edit_write,896d1b51839468e5f639198557ea8491b45e17bd0987835ed37903a0a4ac0dee,H1,9393,9099,9287,1.032311,false
edit_write,896d1b51839468e5f639198557ea8491b45e17bd0987835ed37903a0a4ac0dee,H2,13677,14314,13861,1.046575,false
edit_write,896d1b51839468e5f639198557ea8491b45e17bd0987835ed37903a0a4ac0dee,H0,28578,28315,28380,1.009288,false
edit_write,896d1b51839468e5f639198557ea8491b45e17bd0987835ed37903a0a4ac0dee,H3,12277,12583,11924,1.055267,false
edit_write,896d1b51839468e5f639198557ea8491b45e17bd0987835ed37903a0a4ac0dee,H4,6315,6345,6233,1.017969,false
edit_write,89cbbad8752c807200218f5d5f4ca3dcde6756e20335e1b783324a198dd0ac9a,H1,38250,38390,37653,1.019573,false
edit_write,89cbbad8752c807200218f5d5f4ca3dcde6756e20335e1b783324a198dd0ac9a,H2,28600,28810,28398,1.014508,false
edit_write,89cbbad8752c807200218f5d5f4ca3dcde6756e20335e1b783324a198dd0ac9a,H0,26380,23865,24521,1.105384,false
edit_write,89cbbad8752c807200218f5d5f4ca3dcde6756e20335e1b783324a198dd0ac9a,H3,28276,29037,28066,1.034597,false
edit_write,89cbbad8752c807200218f5d5f4ca3dcde6756e20335e1b783324a198dd0ac9a,H4,19151,19171,19302,1.007885,false
edit_write,89e3692a9b6ff141c809bcf4c0ba197fad85885d1cfca74b65273fde40757089,H1,6815,5602,6778,1.216530,false
edit_write,89e3692a9b6ff141c809bcf4c0ba197fad85885d1cfca74b65273fde40757089,H2,12091,12421,11847,1.048451,false
edit_write,89e3692a9b6ff141c809bcf4c0ba197fad85885d1cfca74b65273fde40757089,H0,27907,27673,27418,1.017835,false
edit_write,89e3692a9b6ff141c809bcf4c0ba197fad85885d1cfca74b65273fde40757089,H3,10100,10284,10222,1.018218,false
edit_write,89e3692a9b6ff141c809bcf4c0ba197fad85885d1cfca74b65273fde40757089,H4,5240,5181,5131,1.021243,false
edit_write,89e6e1498a77d3cd583ad7fbdec41e4f8f5ef826113ab3d2b861baf01f310fe3,H1,3054,3107,3098,1.017354,false
edit_write,89e6e1498a77d3cd583ad7fbdec41e4f8f5ef826113ab3d2b861baf01f310fe3,H2,5703,5775,5677,1.017263,false
edit_write,89e6e1498a77d3cd583ad7fbdec41e4f8f5ef826113ab3d2b861baf01f310fe3,H0,15773,15802,15666,1.008681,false
edit_write,89e6e1498a77d3cd583ad7fbdec41e4f8f5ef826113ab3d2b861baf01f310fe3,H3,5304,5110,5150,1.037965,false
edit_write,89e6e1498a77d3cd583ad7fbdec41e4f8f5ef826113ab3d2b861baf01f310fe3,H4,2782,2707,2794,1.032139,false
edit_write,8acf0a7491fb60d89a82b3cca004b80706068802f6d5503cd7b5efd4e4f08559,H1,69121,68204,69683,1.021685,false
edit_write,8acf0a7491fb60d89a82b3cca004b80706068802f6d5503cd7b5efd4e4f08559,H2,44816,45021,45154,1.007542,false
edit_write,8acf0a7491fb60d89a82b3cca004b80706068802f6d5503cd7b5efd4e4f08559,H0,47920,50792,46583,1.090355,false
edit_write,8acf0a7491fb60d89a82b3cca004b80706068802f6d5503cd7b5efd4e4f08559,H3,44121,44124,45486,1.030938,false
edit_write,8acf0a7491fb60d89a82b3cca004b80706068802f6d5503cd7b5efd4e4f08559,H4,69849,70400,70624,1.011095,false
edit_write,8b8f43a89d351ae5f51f371bf89ec18dc438190e8b7fb099271ad201aadee946,H1,22505,21712,22320,1.036524,false
edit_write,8b8f43a89d351ae5f51f371bf89ec18dc438190e8b7fb099271ad201aadee946,H2,18092,18061,17871,1.012366,false
edit_write,8b8f43a89d351ae5f51f371bf89ec18dc438190e8b7fb099271ad201aadee946,H0,13291,13720,12956,1.058969,false
edit_write,8b8f43a89d351ae5f51f371bf89ec18dc438190e8b7fb099271ad201aadee946,H3,16890,17068,17029,1.010539,false
edit_write,8b8f43a89d351ae5f51f371bf89ec18dc438190e8b7fb099271ad201aadee946,H4,25894,25870,25405,1.019248,false
edit_write,8c58d4b40f0803b8f26b2e108ccfa04987c765b4630584be880b888757309271,H1,34191,33946,33688,1.014931,false
edit_write,8c58d4b40f0803b8f26b2e108ccfa04987c765b4630584be880b888757309271,H2,26829,28096,26604,1.056082,false
edit_write,8c58d4b40f0803b8f26b2e108ccfa04987c765b4630584be880b888757309271,H0,20932,22080,20888,1.057066,false
edit_write,8c58d4b40f0803b8f26b2e108ccfa04987c765b4630584be880b888757309271,H3,22704,23108,22602,1.022387,false
edit_write,8c58d4b40f0803b8f26b2e108ccfa04987c765b4630584be880b888757309271,H4,32903,34053,33335,1.034951,false
edit_write,8c7a9109e2ed6c28c78b2d7f5b51c7dedb7d062b4990f640989799da5156089b,H1,9800,9899,9767,1.013515,false
edit_write,8c7a9109e2ed6c28c78b2d7f5b51c7dedb7d062b4990f640989799da5156089b,H2,13685,13934,13435,1.037142,false
edit_write,8c7a9109e2ed6c28c78b2d7f5b51c7dedb7d062b4990f640989799da5156089b,H0,9274,9068,9170,1.022717,false
edit_write,8c7a9109e2ed6c28c78b2d7f5b51c7dedb7d062b4990f640989799da5156089b,H3,14615,14451,14155,1.032497,false
edit_write,8c7a9109e2ed6c28c78b2d7f5b51c7dedb7d062b4990f640989799da5156089b,H4,10850,11342,10915,1.045346,false
edit_write,8db3b5ae7d47000d4da1c1986d0905b01e85a199c24a19f95db3e756a94d76f9,H1,10225,10323,9621,1.072965,false
edit_write,8db3b5ae7d47000d4da1c1986d0905b01e85a199c24a19f95db3e756a94d76f9,H2,17035,17319,16990,1.019364,false
edit_write,8db3b5ae7d47000d4da1c1986d0905b01e85a199c24a19f95db3e756a94d76f9,H0,27804,28274,27568,1.025609,false
edit_write,8db3b5ae7d47000d4da1c1986d0905b01e85a199c24a19f95db3e756a94d76f9,H3,15582,15585,15520,1.004188,false
edit_write,8db3b5ae7d47000d4da1c1986d0905b01e85a199c24a19f95db3e756a94d76f9,H4,13225,7651,7447,1.775883,true
edit_write,8f7c4df7c6776a41d2319873ce38cb0dc7622a5693017d783333d7565e52cc80,H1,25357,25652,26357,1.039437,false
edit_write,8f7c4df7c6776a41d2319873ce38cb0dc7622a5693017d783333d7565e52cc80,H2,25553,25921,25750,1.014401,false
edit_write,8f7c4df7c6776a41d2319873ce38cb0dc7622a5693017d783333d7565e52cc80,H0,16301,15568,15517,1.050525,false
edit_write,8f7c4df7c6776a41d2319873ce38cb0dc7622a5693017d783333d7565e52cc80,H3,26534,27055,25964,1.042020,false
edit_write,8f7c4df7c6776a41d2319873ce38cb0dc7622a5693017d783333d7565e52cc80,H4,25681,26464,26833,1.044858,false
edit_write,905ef594fea9042f9c99b453152006593111da486b176aba9d1593bd8d7e1381,H1,71545,73258,73290,1.024390,false
edit_write,905ef594fea9042f9c99b453152006593111da486b176aba9d1593bd8d7e1381,H2,25831,26292,26305,1.018350,false
edit_write,905ef594fea9042f9c99b453152006593111da486b176aba9d1593bd8d7e1381,H0,48450,47872,51435,1.074428,false
edit_write,905ef594fea9042f9c99b453152006593111da486b176aba9d1593bd8d7e1381,H3,26325,26222,26106,1.008389,false
edit_write,905ef594fea9042f9c99b453152006593111da486b176aba9d1593bd8d7e1381,H4,15555,15716,15956,1.025779,false
edit_write,9149f5456233a48bc21188991c82d3730d2b9195b7b960396041c3393579c0a3,H1,15402,15776,15155,1.040977,false
edit_write,9149f5456233a48bc21188991c82d3730d2b9195b7b960396041c3393579c0a3,H2,5797,5896,5553,1.061768,false
edit_write,9149f5456233a48bc21188991c82d3730d2b9195b7b960396041c3393579c0a3,H0,11662,11328,11227,1.038746,false
edit_write,9149f5456233a48bc21188991c82d3730d2b9195b7b960396041c3393579c0a3,H3,5331,5396,5015,1.075972,false
edit_write,9149f5456233a48bc21188991c82d3730d2b9195b7b960396041c3393579c0a3,H4,2623,2864,2608,1.098160,false
edit_write,91d2e536796799571237ced8e8266b404d33ee3077367a18a75a2ca3ca470b02,H1,32332,32372,32455,1.003804,false
edit_write,91d2e536796799571237ced8e8266b404d33ee3077367a18a75a2ca3ca470b02,H2,16921,16899,17640,1.043849,false
edit_write,91d2e536796799571237ced8e8266b404d33ee3077367a18a75a2ca3ca470b02,H0,25927,23878,23274,1.113990,false
edit_write,91d2e536796799571237ced8e8266b404d33ee3077367a18a75a2ca3ca470b02,H3,58759,54002,53825,1.091667,false
edit_write,91d2e536796799571237ced8e8266b404d33ee3077367a18a75a2ca3ca470b02,H4,31579,32514,31983,1.029608,false
edit_write,9200178eda46905a79636adeef213e4b99a3af62ce43d0ea62ccc7d89eb0059a,H1,33760,33867,34234,1.014040,false
edit_write,9200178eda46905a79636adeef213e4b99a3af62ce43d0ea62ccc7d89eb0059a,H2,25908,26930,28247,1.090281,false
edit_write,9200178eda46905a79636adeef213e4b99a3af62ce43d0ea62ccc7d89eb0059a,H0,20429,20018,20243,1.020532,false
edit_write,9200178eda46905a79636adeef213e4b99a3af62ce43d0ea62ccc7d89eb0059a,H3,25842,26555,25710,1.032867,false
edit_write,9200178eda46905a79636adeef213e4b99a3af62ce43d0ea62ccc7d89eb0059a,H4,33420,34282,32980,1.039478,false
edit_write,931f8b25ebe8484f83b997d3b1acdd6e992d455d397b1b614c6bb3605094c070,H1,34776,33382,34070,1.041759,false
edit_write,931f8b25ebe8484f83b997d3b1acdd6e992d455d397b1b614c6bb3605094c070,H2,8798,9067,8696,1.042663,false
edit_write,931f8b25ebe8484f83b997d3b1acdd6e992d455d397b1b614c6bb3605094c070,H0,24362,24463,23980,1.020142,false
edit_write,931f8b25ebe8484f83b997d3b1acdd6e992d455d397b1b614c6bb3605094c070,H3,7785,7870,7719,1.019562,false
edit_write,931f8b25ebe8484f83b997d3b1acdd6e992d455d397b1b614c6bb3605094c070,H4,4272,4583,4401,1.072800,false
edit_write,97adac114ae26b9e33db5553a0766b27975003ee606de7d2b62f0d49947f960a,H1,9345,9434,9543,1.021188,false
edit_write,97adac114ae26b9e33db5553a0766b27975003ee606de7d2b62f0d49947f960a,H2,13560,13957,13519,1.032399,false
edit_write,97adac114ae26b9e33db5553a0766b27975003ee606de7d2b62f0d49947f960a,H0,9142,9062,8920,1.024888,false
edit_write,97adac114ae26b9e33db5553a0766b27975003ee606de7d2b62f0d49947f960a,H3,14488,14280,14301,1.014566,false
edit_write,97adac114ae26b9e33db5553a0766b27975003ee606de7d2b62f0d49947f960a,H4,11451,11036,11242,1.037604,false
edit_write,98d7bfc5037afecbc7b9a6ab5b2d8f56cf0fe3fa30ce49a1694523ccb220ffeb,H1,45760,46671,46793,1.022574,false
edit_write,98d7bfc5037afecbc7b9a6ab5b2d8f56cf0fe3fa30ce49a1694523ccb220ffeb,H2,37885,38427,38653,1.020272,false
edit_write,98d7bfc5037afecbc7b9a6ab5b2d8f56cf0fe3fa30ce49a1694523ccb220ffeb,H0,23454,22975,23014,1.020849,false
edit_write,98d7bfc5037afecbc7b9a6ab5b2d8f56cf0fe3fa30ce49a1694523ccb220ffeb,H3,40375,39835,41033,1.030074,false
edit_write,98d7bfc5037afecbc7b9a6ab5b2d8f56cf0fe3fa30ce49a1694523ccb220ffeb,H4,34555,34091,34795,1.020651,false
edit_write,9946b5d49a56529eebb9de39e11cf1b90fdce580569534ab54d782c00ba8b593,H1,21846,21481,22457,1.045436,false
edit_write,9946b5d49a56529eebb9de39e11cf1b90fdce580569534ab54d782c00ba8b593,H2,19671,18909,18148,1.083921,false
edit_write,9946b5d49a56529eebb9de39e11cf1b90fdce580569534ab54d782c00ba8b593,H0,56860,56352,55657,1.021615,false
edit_write,9946b5d49a56529eebb9de39e11cf1b90fdce580569534ab54d782c00ba8b593,H3,17571,17107,17252,1.027123,false
edit_write,9946b5d49a56529eebb9de39e11cf1b90fdce580569534ab54d782c00ba8b593,H4,11699,11429,11564,1.023624,false
edit_write,9afe9977181af953dfcc5dd24e1c5d67f16aae6bd3c85af8ac5e4704e8b3b7f7,H1,20905,20795,22151,1.065208,false
edit_write,9afe9977181af953dfcc5dd24e1c5d67f16aae6bd3c85af8ac5e4704e8b3b7f7,H2,18592,18434,18024,1.031514,false
edit_write,9afe9977181af953dfcc5dd24e1c5d67f16aae6bd3c85af8ac5e4704e8b3b7f7,H0,55592,55087,54186,1.025948,false
edit_write,9afe9977181af953dfcc5dd24e1c5d67f16aae6bd3c85af8ac5e4704e8b3b7f7,H3,17322,17536,17357,1.012354,false
edit_write,9afe9977181af953dfcc5dd24e1c5d67f16aae6bd3c85af8ac5e4704e8b3b7f7,H4,11146,10862,11129,1.026146,false
edit_write,9ddf2ef64375a9ae0ca999d16b981d1dcaeff7ef4b56a14a947cd680aa60a1f8,H1,1113,970,1095,1.147423,false
edit_write,9ddf2ef64375a9ae0ca999d16b981d1dcaeff7ef4b56a14a947cd680aa60a1f8,H2,1961,1904,1834,1.069248,false
edit_write,9ddf2ef64375a9ae0ca999d16b981d1dcaeff7ef4b56a14a947cd680aa60a1f8,H0,1600,1540,1529,1.046436,false
edit_write,9ddf2ef64375a9ae0ca999d16b981d1dcaeff7ef4b56a14a947cd680aa60a1f8,H3,1651,1758,1649,1.066101,false
edit_write,9ddf2ef64375a9ae0ca999d16b981d1dcaeff7ef4b56a14a947cd680aa60a1f8,H4,888,965,895,1.086712,false
edit_write,9e061dfa374ca2f87fad0e1384784fa366777679a980ad8478441686249f692c,H1,31137,30329,30747,1.026641,false
edit_write,9e061dfa374ca2f87fad0e1384784fa366777679a980ad8478441686249f692c,H2,35089,35266,34430,1.024281,false
edit_write,9e061dfa374ca2f87fad0e1384784fa366777679a980ad8478441686249f692c,H0,18855,18841,18269,1.032076,false
edit_write,9e061dfa374ca2f87fad0e1384784fa366777679a980ad8478441686249f692c,H3,35528,35723,34752,1.027941,false
edit_write,9e061dfa374ca2f87fad0e1384784fa366777679a980ad8478441686249f692c,H4,25351,26747,25594,1.055067,false
edit_write,9e15f35b62ab9a5813c884426433b5eef4b26d2f106b2b7bc654f4a60b612255,H1,67097,72739,69796,1.084087,false
edit_write,9e15f35b62ab9a5813c884426433b5eef4b26d2f106b2b7bc654f4a60b612255,H2,16302,16472,16193,1.017230,false
edit_write,9e15f35b62ab9a5813c884426433b5eef4b26d2f106b2b7bc654f4a60b612255,H0,43457,42380,41867,1.037977,false
edit_write,9e15f35b62ab9a5813c884426433b5eef4b26d2f106b2b7bc654f4a60b612255,H3,14935,14791,15011,1.014874,false
edit_write,9e15f35b62ab9a5813c884426433b5eef4b26d2f106b2b7bc654f4a60b612255,H4,8489,8640,8428,1.025154,false
edit_write,9e8929590c927eeea3b1fef4c47d8d04add7c04d72781204744d9cdbaa98c20e,H1,70070,68890,70696,1.026216,false
edit_write,9e8929590c927eeea3b1fef4c47d8d04add7c04d72781204744d9cdbaa98c20e,H2,25926,26348,26202,1.016277,false
edit_write,9e8929590c927eeea3b1fef4c47d8d04add7c04d72781204744d9cdbaa98c20e,H0,48481,47321,47793,1.024513,false
edit_write,9e8929590c927eeea3b1fef4c47d8d04add7c04d72781204744d9cdbaa98c20e,H3,23153,23719,23268,1.024446,false
edit_write,9e8929590c927eeea3b1fef4c47d8d04add7c04d72781204744d9cdbaa98c20e,H4,14551,14920,14610,1.025359,false
edit_write,9f4b9202dae1b93e687d879a9b18adbcd3fd6763f50b01eda801251bd155e4f0,H1,67361,66874,70291,1.051096,false
edit_write,9f4b9202dae1b93e687d879a9b18adbcd3fd6763f50b01eda801251bd155e4f0,H2,55182,54752,54893,1.007854,false
edit_write,9f4b9202dae1b93e687d879a9b18adbcd3fd6763f50b01eda801251bd155e4f0,H0,44046,43749,43387,1.015189,false
edit_write,9f4b9202dae1b93e687d879a9b18adbcd3fd6763f50b01eda801251bd155e4f0,H3,53640,54080,54814,1.021887,false
edit_write,9f4b9202dae1b93e687d879a9b18adbcd3fd6763f50b01eda801251bd155e4f0,H4,67448,68159,67894,1.010541,false
edit_write,9f785d1857618263802bfcdc6b3336495cf00cafb4b430e3c928f3cc2a47d038,H1,70177,68968,69800,1.017530,false
edit_write,9f785d1857618263802bfcdc6b3336495cf00cafb4b430e3c928f3cc2a47d038,H2,21124,20900,20843,1.013482,false
edit_write,9f785d1857618263802bfcdc6b3336495cf00cafb4b430e3c928f3cc2a47d038,H0,44101,45731,43507,1.051118,false
edit_write,9f785d1857618263802bfcdc6b3336495cf00cafb4b430e3c928f3cc2a47d038,H3,20178,20671,20088,1.029022,false
edit_write,9f785d1857618263802bfcdc6b3336495cf00cafb4b430e3c928f3cc2a47d038,H4,10155,10475,10258,1.031512,false
edit_write,9fed435dc97c76f382eaf29ebea8394f0e483eef6fc8720e90e8dbaa73793bf9,H1,31483,31858,31568,1.011911,false
edit_write,9fed435dc97c76f382eaf29ebea8394f0e483eef6fc8720e90e8dbaa73793bf9,H2,13591,13745,13289,1.034314,false
edit_write,9fed435dc97c76f382eaf29ebea8394f0e483eef6fc8720e90e8dbaa73793bf9,H0,17237,17168,17144,1.005425,false
edit_write,9fed435dc97c76f382eaf29ebea8394f0e483eef6fc8720e90e8dbaa73793bf9,H3,13059,12518,12388,1.054165,false
edit_write,9fed435dc97c76f382eaf29ebea8394f0e483eef6fc8720e90e8dbaa73793bf9,H4,6249,6384,6290,1.021603,false
edit_write,a01bb6d33a280b86965cf155f630385fa89fb41819db7f55e39d86251ed18d6a,H1,14563,14916,15204,1.044016,false
edit_write,a01bb6d33a280b86965cf155f630385fa89fb41819db7f55e39d86251ed18d6a,H2,21609,22328,21638,1.033273,false
edit_write,a01bb6d33a280b86965cf155f630385fa89fb41819db7f55e39d86251ed18d6a,H0,57846,55885,56056,1.035090,false
edit_write,a01bb6d33a280b86965cf155f630385fa89fb41819db7f55e39d86251ed18d6a,H3,20490,20294,20705,1.020252,false
edit_write,a01bb6d33a280b86965cf155f630385fa89fb41819db7f55e39d86251ed18d6a,H4,14353,14201,14109,1.017294,false
edit_write,a055eaeac3fc2eb2d7bf7a21b5f636890d4411f5c8f8d3e3ac7b81d9faadb06e,H1,68671,67254,67774,1.021069,false
edit_write,a055eaeac3fc2eb2d7bf7a21b5f636890d4411f5c8f8d3e3ac7b81d9faadb06e,H2,17573,17938,17874,1.020771,false
edit_write,a055eaeac3fc2eb2d7bf7a21b5f636890d4411f5c8f8d3e3ac7b81d9faadb06e,H0,44420,43041,43240,1.032039,false
edit_write,a055eaeac3fc2eb2d7bf7a21b5f636890d4411f5c8f8d3e3ac7b81d9faadb06e,H3,17788,17768,17600,1.010682,false
edit_write,a055eaeac3fc2eb2d7bf7a21b5f636890d4411f5c8f8d3e3ac7b81d9faadb06e,H4,10585,10470,10123,1.045639,false
edit_write,a05d55898c098ae66aedbe75a628b964fb97d268be8b54385626d4fbf5143bf9,H1,8844,8710,9268,1.064064,false
edit_write,a05d55898c098ae66aedbe75a628b964fb97d268be8b54385626d4fbf5143bf9,H2,9542,9649,9326,1.034634,false
edit_write,a05d55898c098ae66aedbe75a628b964fb97d268be8b54385626d4fbf5143bf9,H0,53218,52909,52709,1.009657,false
edit_write,a05d55898c098ae66aedbe75a628b964fb97d268be8b54385626d4fbf5143bf9,H3,9009,9011,8945,1.007378,false
edit_write,a05d55898c098ae66aedbe75a628b964fb97d268be8b54385626d4fbf5143bf9,H4,4709,4681,4611,1.021254,false
edit_write,a10d7b838a421a3cc1e49d0fbccf4fe51a640090158c99d528ed421b8202645b,H1,70390,68722,76322,1.110590,false
edit_write,a10d7b838a421a3cc1e49d0fbccf4fe51a640090158c99d528ed421b8202645b,H2,19572,19679,18986,1.036501,false
edit_write,a10d7b838a421a3cc1e49d0fbccf4fe51a640090158c99d528ed421b8202645b,H0,48656,48117,47240,1.029975,false
edit_write,a10d7b838a421a3cc1e49d0fbccf4fe51a640090158c99d528ed421b8202645b,H3,18909,19131,18418,1.038712,false
edit_write,a10d7b838a421a3cc1e49d0fbccf4fe51a640090158c99d528ed421b8202645b,H4,10508,10568,10648,1.013323,false
edit_write,a3d4da7ba3d5b5dc18b530f3f465498db4aa464e7087e5dce79a0d4828fc1f3f,H1,71850,73043,71717,1.018489,false
edit_write,a3d4da7ba3d5b5dc18b530f3f465498db4aa464e7087e5dce79a0d4828fc1f3f,H2,26438,26499,26523,1.003215,false
edit_write,a3d4da7ba3d5b5dc18b530f3f465498db4aa464e7087e5dce79a0d4828fc1f3f,H0,49106,47765,47594,1.031769,false
edit_write,a3d4da7ba3d5b5dc18b530f3f465498db4aa464e7087e5dce79a0d4828fc1f3f,H3,26484,26670,26311,1.013644,false
edit_write,a3d4da7ba3d5b5dc18b530f3f465498db4aa464e7087e5dce79a0d4828fc1f3f,H4,15890,16219,16006,1.020705,false
edit_write,a51ad8cdee689426de2e8ebcc0b7dca384008351a599e89286b6fee0de144e92,H1,15460,15688,15638,1.014748,false
edit_write,a51ad8cdee689426de2e8ebcc0b7dca384008351a599e89286b6fee0de144e92,H2,5883,5975,5962,1.015638,false
edit_write,a51ad8cdee689426de2e8ebcc0b7dca384008351a599e89286b6fee0de144e92,H0,11354,11373,11229,1.012824,false
edit_write,a51ad8cdee689426de2e8ebcc0b7dca384008351a599e89286b6fee0de144e92,H3,5713,5714,5659,1.009719,false
edit_write,a51ad8cdee689426de2e8ebcc0b7dca384008351a599e89286b6fee0de144e92,H4,2892,3087,2966,1.067427,false
edit_write,a86e2dac4512bec45c1d90372bbdfdcf0b4c495e400c4ef4fa637cd1263e1208,H1,30986,30107,30395,1.029196,false
edit_write,a86e2dac4512bec45c1d90372bbdfdcf0b4c495e400c4ef4fa637cd1263e1208,H2,12148,12396,12081,1.026074,false
edit_write,a86e2dac4512bec45c1d90372bbdfdcf0b4c495e400c4ef4fa637cd1263e1208,H0,17350,16887,16720,1.037679,false
edit_write,a86e2dac4512bec45c1d90372bbdfdcf0b4c495e400c4ef4fa637cd1263e1208,H3,10902,11285,11171,1.035131,false
edit_write,a86e2dac4512bec45c1d90372bbdfdcf0b4c495e400c4ef4fa637cd1263e1208,H4,5677,5740,5771,1.016558,false
edit_write,a886ef1bfe9df29d6e1138d2ea2eb294326554e04c2b7542fa1f53ebc494287c,H1,70739,70063,71171,1.015814,false
edit_write,a886ef1bfe9df29d6e1138d2ea2eb294326554e04c2b7542fa1f53ebc494287c,H2,19724,19861,19589,1.013885,false
edit_write,a886ef1bfe9df29d6e1138d2ea2eb294326554e04c2b7542fa1f53ebc494287c,H0,48942,48101,47763,1.024684,false
edit_write,a886ef1bfe9df29d6e1138d2ea2eb294326554e04c2b7542fa1f53ebc494287c,H3,18752,19010,18780,1.013759,false
edit_write,a886ef1bfe9df29d6e1138d2ea2eb294326554e04c2b7542fa1f53ebc494287c,H4,10013,10311,10054,1.029761,false
edit_write,a9063a44e5c190c3c1e04fc392654c2aabe4314c0b528e69a69ad4acad5e853c,H1,14719,15003,14676,1.022281,false
edit_write,a9063a44e5c190c3c1e04fc392654c2aabe4314c0b528e69a69ad4acad5e853c,H2,6571,6777,6242,1.085710,false
edit_write,a9063a44e5c190c3c1e04fc392654c2aabe4314c0b528e69a69ad4acad5e853c,H0,11374,11330,11151,1.019998,false
edit_write,a9063a44e5c190c3c1e04fc392654c2aabe4314c0b528e69a69ad4acad5e853c,H3,5986,6025,5766,1.044918,false
edit_write,a9063a44e5c190c3c1e04fc392654c2aabe4314c0b528e69a69ad4acad5e853c,H4,3407,3578,3362,1.064247,false
edit_write,aa0dfaae223446ef4b936f598a233d70b7f31458f953ca33a3bea748d1755dc8,H1,12024,11932,12637,1.059085,false
edit_write,aa0dfaae223446ef4b936f598a233d70b7f31458f953ca33a3bea748d1755dc8,H2,14324,14098,13395,1.069354,false
edit_write,aa0dfaae223446ef4b936f598a233d70b7f31458f953ca33a3bea748d1755dc8,H0,18875,20168,18291,1.102619,false
edit_write,aa0dfaae223446ef4b936f598a233d70b7f31458f953ca33a3bea748d1755dc8,H3,12370,12103,12357,1.022061,false
edit_write,aa0dfaae223446ef4b936f598a233d70b7f31458f953ca33a3bea748d1755dc8,H4,7725,7939,7492,1.059664,false
edit_write,aa304dab9542aae56430a3ad80ebb7a4ea14c092811902608679e477f0159bbe,H1,15970,16132,15879,1.015933,false
edit_write,aa304dab9542aae56430a3ad80ebb7a4ea14c092811902608679e477f0159bbe,H2,6285,12514,6195,2.020016,true
edit_write,aa304dab9542aae56430a3ad80ebb7a4ea14c092811902608679e477f0159bbe,H0,11831,12753,11455,1.113313,false
edit_write,aa304dab9542aae56430a3ad80ebb7a4ea14c092811902608679e477f0159bbe,H3,5962,6192,5745,1.077807,false
edit_write,aa304dab9542aae56430a3ad80ebb7a4ea14c092811902608679e477f0159bbe,H4,3158,6263,3100,2.020323,true
edit_write,aaa3319de212ce57fd6f629978b65e80ee2798a7b76257874e88855b1270276e,H1,31361,31844,32048,1.021906,false
edit_write,aaa3319de212ce57fd6f629978b65e80ee2798a7b76257874e88855b1270276e,H2,39962,40126,40091,1.004104,false
edit_write,aaa3319de212ce57fd6f629978b65e80ee2798a7b76257874e88855b1270276e,H0,25738,25404,25168,1.022648,false
edit_write,aaa3319de212ce57fd6f629978b65e80ee2798a7b76257874e88855b1270276e,H3,41836,42445,41997,1.014557,false
edit_write,aaa3319de212ce57fd6f629978b65e80ee2798a7b76257874e88855b1270276e,H4,33185,33307,32830,1.014529,false
edit_write,abf0d9be96b4f1ee1cc656f1d4760bb7b208201baef57c703ddaf7ddf84c6fb2,H1,14893,13880,14946,1.076801,false
edit_write,abf0d9be96b4f1ee1cc656f1d4760bb7b208201baef57c703ddaf7ddf84c6fb2,H2,16593,16554,16322,1.016603,false
edit_write,abf0d9be96b4f1ee1cc656f1d4760bb7b208201baef57c703ddaf7ddf84c6fb2,H0,31824,31518,31251,1.018335,false
edit_write,abf0d9be96b4f1ee1cc656f1d4760bb7b208201baef57c703ddaf7ddf84c6fb2,H3,14097,14372,14181,1.019508,false
edit_write,abf0d9be96b4f1ee1cc656f1d4760bb7b208201baef57c703ddaf7ddf84c6fb2,H4,6268,6336,6322,1.010849,false
edit_write,ac1fb780b0d48ca9f592921413ef52016e45df309f2ab6dc9a11b494bc549d5f,H1,25027,24595,25032,1.017768,false
edit_write,ac1fb780b0d48ca9f592921413ef52016e45df309f2ab6dc9a11b494bc549d5f,H2,27778,28198,27183,1.037340,false
edit_write,ac1fb780b0d48ca9f592921413ef52016e45df309f2ab6dc9a11b494bc549d5f,H0,16891,15598,15443,1.093764,false
edit_write,ac1fb780b0d48ca9f592921413ef52016e45df309f2ab6dc9a11b494bc549d5f,H3,29921,28537,28507,1.049602,false
edit_write,ac1fb780b0d48ca9f592921413ef52016e45df309f2ab6dc9a11b494bc549d5f,H4,25858,25869,25232,1.025246,false
edit_write,aca48617e4afbadd93b79c41769cd75d4c5b1cdf8a3fede5d19fd65378f5c830,H1,14801,15155,14937,1.023917,false
edit_write,aca48617e4afbadd93b79c41769cd75d4c5b1cdf8a3fede5d19fd65378f5c830,H2,7043,7137,7133,1.013347,false
edit_write,aca48617e4afbadd93b79c41769cd75d4c5b1cdf8a3fede5d19fd65378f5c830,H0,11266,11450,11043,1.036856,false
edit_write,aca48617e4afbadd93b79c41769cd75d4c5b1cdf8a3fede5d19fd65378f5c830,H3,6815,6539,6602,1.042208,false
edit_write,aca48617e4afbadd93b79c41769cd75d4c5b1cdf8a3fede5d19fd65378f5c830,H4,3890,3994,3842,1.039563,false
edit_write,af4e7bafa17c682a447a00f92d994afe9049f3c76b2949717d5c92fe8c9ba3bf,H1,74451,76461,74236,1.029972,false
edit_write,af4e7bafa17c682a447a00f92d994afe9049f3c76b2949717d5c92fe8c9ba3bf,H2,23580,23470,23807,1.014359,false
edit_write,af4e7bafa17c682a447a00f92d994afe9049f3c76b2949717d5c92fe8c9ba3bf,H0,48887,51208,48618,1.053272,false
edit_write,af4e7bafa17c682a447a00f92d994afe9049f3c76b2949717d5c92fe8c9ba3bf,H3,21949,22167,23080,1.051529,false
edit_write,af4e7bafa17c682a447a00f92d994afe9049f3c76b2949717d5c92fe8c9ba3bf,H4,15126,14897,14789,1.022787,false
edit_write,b03992b89a221bded3662b3ceb14f91bc15dd1a2a2fea1b4d481eb1866138cc1,H1,71876,69303,70274,1.037127,false
edit_write,b03992b89a221bded3662b3ceb14f91bc15dd1a2a2fea1b4d481eb1866138cc1,H2,19235,19433,18985,1.023598,false
edit_write,b03992b89a221bded3662b3ceb14f91bc15dd1a2a2fea1b4d481eb1866138cc1,H0,48261,47767,47114,1.024345,false
edit_write,b03992b89a221bded3662b3ceb14f91bc15dd1a2a2fea1b4d481eb1866138cc1,H3,18237,18609,18395,1.020398,false
edit_write,b03992b89a221bded3662b3ceb14f91bc15dd1a2a2fea1b4d481eb1866138cc1,H4,10003,10231,9872,1.036365,false
edit_write,b05cdc92f4c1a451c7f394ad1c349b0f419f23544850c61441bbc2a4f0522613,H1,73221,70192,71417,1.043153,false
edit_write,b05cdc92f4c1a451c7f394ad1c349b0f419f23544850c61441bbc2a4f0522613,H2,20347,20276,20004,1.017147,false
edit_write,b05cdc92f4c1a451c7f394ad1c349b0f419f23544850c61441bbc2a4f0522613,H0,48644,48352,47652,1.020818,false
edit_write,b05cdc92f4c1a451c7f394ad1c349b0f419f23544850c61441bbc2a4f0522613,H3,19154,19211,19173,1.002976,false
edit_write,b05cdc92f4c1a451c7f394ad1c349b0f419f23544850c61441bbc2a4f0522613,H4,10393,10345,10555,1.020300,false
edit_write,b1b4bba780b9c892e32669fe5993ce2f356114cd443cf0fa4a7d3285310597a8,H1,30052,30461,30733,1.022661,false
edit_write,b1b4bba780b9c892e32669fe5993ce2f356114cd443cf0fa4a7d3285310597a8,H2,24535,24757,24336,1.017299,false
edit_write,b1b4bba780b9c892e32669fe5993ce2f356114cd443cf0fa4a7d3285310597a8,H0,17132,16834,16716,1.024886,false
edit_write,b1b4bba780b9c892e32669fe5993ce2f356114cd443cf0fa4a7d3285310597a8,H3,24583,24936,24959,1.015295,false
edit_write,b1b4bba780b9c892e32669fe5993ce2f356114cd443cf0fa4a7d3285310597a8,H4,29104,31080,29576,1.067894,false
edit_write,b31289b84ff6c472c8e5b438920fb4f7d3c2ccb0f690f299cabae40a1a24d7b5,H1,8861,8231,8326,1.076540,false
edit_write,b31289b84ff6c472c8e5b438920fb4f7d3c2ccb0f690f299cabae40a1a24d7b5,H2,10239,10208,9652,1.060816,false
edit_write,b31289b84ff6c472c8e5b438920fb4f7d3c2ccb0f690f299cabae40a1a24d7b5,H0,18908,18340,17855,1.058975,false
edit_write,b31289b84ff6c472c8e5b438920fb4f7d3c2ccb0f690f299cabae40a1a24d7b5,H3,8216,8471,8096,1.046319,false
edit_write,b31289b84ff6c472c8e5b438920fb4f7d3c2ccb0f690f299cabae40a1a24d7b5,H4,4231,4278,4790,1.132120,false
edit_write,b37b90dde6f7ffe876567d657f23917a0254d5e59056e44b139fa619938bc42c,H1,45989,46311,50351,1.094849,false
edit_write,b37b90dde6f7ffe876567d657f23917a0254d5e59056e44b139fa619938bc42c,H2,37741,37843,37022,1.022176,false
edit_write,b37b90dde6f7ffe876567d657f23917a0254d5e59056e44b139fa619938bc42c,H0,23443,23699,23012,1.029854,false
edit_write,b37b90dde6f7ffe876567d657f23917a0254d5e59056e44b139fa619938bc42c,H3,39264,38744,39006,1.013421,false
edit_write,b37b90dde6f7ffe876567d657f23917a0254d5e59056e44b139fa619938bc42c,H4,34933,34268,34771,1.019406,false
edit_write,b3ae49cbccbfdcab71653f7db40291ad6c43e1f5feb9ae3766f7cc48b08bb8b9,H1,61497,61278,61776,1.008127,false
edit_write,b3ae49cbccbfdcab71653f7db40291ad6c43e1f5feb9ae3766f7cc48b08bb8b9,H2,8504,8749,8249,1.060613,false
edit_write,b3ae49cbccbfdcab71653f7db40291ad6c43e1f5feb9ae3766f7cc48b08bb8b9,H0,53350,52732,52769,1.011720,false
edit_write,b3ae49cbccbfdcab71653f7db40291ad6c43e1f5feb9ae3766f7cc48b08bb8b9,H3,8439,8362,8689,1.039105,false
edit_write,b3ae49cbccbfdcab71653f7db40291ad6c43e1f5feb9ae3766f7cc48b08bb8b9,H4,4380,4885,4811,1.115297,false
edit_write,b3c2a185505556987500d3119899680450fbec51ed1102b2940b6cbcc6950fcb,H1,44697,44532,44785,1.005681,false
edit_write,b3c2a185505556987500d3119899680450fbec51ed1102b2940b6cbcc6950fcb,H2,9383,9643,9408,1.027710,false
edit_write,b3c2a185505556987500d3119899680450fbec51ed1102b2940b6cbcc6950fcb,H0,31616,32577,31868,1.030396,false
edit_write,b3c2a185505556987500d3119899680450fbec51ed1102b2940b6cbcc6950fcb,H3,9896,9957,9915,1.006164,false
edit_write,b3c2a185505556987500d3119899680450fbec51ed1102b2940b6cbcc6950fcb,H4,6165,6127,6492,1.059572,false
edit_write,b4e256b869bc26477213328374c2d60d427948e2ae734758aadf598867cce652,H1,30316,30135,30886,1.024921,false
edit_write,b4e256b869bc26477213328374c2d60d427948e2ae734758aadf598867cce652,H2,38210,38757,38248,1.014316,false
edit_write,b4e256b869bc26477213328374c2d60d427948e2ae734758aadf598867cce652,H0,25936,24526,24228,1.070497,false
edit_write,b4e256b869bc26477213328374c2d60d427948e2ae734758aadf598867cce652,H3,41762,39485,39320,1.062106,false
edit_write,b4e256b869bc26477213328374c2d60d427948e2ae734758aadf598867cce652,H4,33894,33762,33286,1.018266,false
edit_write,b611ef4898361d44f393abf3aa498dce9f5f746da2ad0b31491f5864a5fc9be8,H1,32275,32777,32818,1.016824,false
edit_write,b611ef4898361d44f393abf3aa498dce9f5f746da2ad0b31491f5864a5fc9be8,H2,14614,14944,14681,1.022581,false
edit_write,b611ef4898361d44f393abf3aa498dce9f5f746da2ad0b31491f5864a5fc9be8,H0,17924,17465,17165,1.044218,false
edit_write,b611ef4898361d44f393abf3aa498dce9f5f746da2ad0b31491f5864a5fc9be8,H3,13126,13208,13802,1.051501,false
edit_write,b611ef4898361d44f393abf3aa498dce9f5f746da2ad0b31491f5864a5fc9be8,H4,7509,7573,7511,1.008523,false
edit_write,b7ca50041000576dad8c28de1bf9a1cdfb8a63445015f1435f3c95ec7f25f332,H1,16424,16160,16469,1.019121,false
edit_write,b7ca50041000576dad8c28de1bf9a1cdfb8a63445015f1435f3c95ec7f25f332,H2,14848,15172,15103,1.021821,false
edit_write,b7ca50041000576dad8c28de1bf9a1cdfb8a63445015f1435f3c95ec7f25f332,H0,31064,31126,30582,1.017788,false
edit_write,b7ca50041000576dad8c28de1bf9a1cdfb8a63445015f1435f3c95ec7f25f332,H3,12862,12776,12860,1.006731,false
edit_write,b7ca50041000576dad8c28de1bf9a1cdfb8a63445015f1435f3c95ec7f25f332,H4,6731,6799,6667,1.019799,false
edit_write,b8d4935b3f0010b5be1629ca4b9bede85972113c4b9ad7580b004f368ca73194,H1,1367,1216,1307,1.124178,false
edit_write,b8d4935b3f0010b5be1629ca4b9bede85972113c4b9ad7580b004f368ca73194,H2,2080,2255,2052,1.098928,false
edit_write,b8d4935b3f0010b5be1629ca4b9bede85972113c4b9ad7580b004f368ca73194,H0,1804,1738,1719,1.049447,false
edit_write,b8d4935b3f0010b5be1629ca4b9bede85972113c4b9ad7580b004f368ca73194,H3,2249,2274,2143,1.061129,false
edit_write,b8d4935b3f0010b5be1629ca4b9bede85972113c4b9ad7580b004f368ca73194,H4,1224,1280,1180,1.084746,false
edit_write,b9bafd91b40d8bdb1d66c8e90eeafe0f591e7747ae4392d01b48db59f95c4a63,H1,29172,29185,29639,1.016009,false
edit_write,b9bafd91b40d8bdb1d66c8e90eeafe0f591e7747ae4392d01b48db59f95c4a63,H2,12280,12223,11994,1.023845,false
edit_write,b9bafd91b40d8bdb1d66c8e90eeafe0f591e7747ae4392d01b48db59f95c4a63,H0,16827,15997,15974,1.053399,false
edit_write,b9bafd91b40d8bdb1d66c8e90eeafe0f591e7747ae4392d01b48db59f95c4a63,H3,10256,10677,10215,1.045228,false
edit_write,b9bafd91b40d8bdb1d66c8e90eeafe0f591e7747ae4392d01b48db59f95c4a63,H4,5179,5368,5412,1.044989,false
edit_write,bad78dc378ee85dad1cd400b71c05fca5f8c1d208c0c2a5793baab442a28e84d,H1,69212,68354,69395,1.015230,false
edit_write,bad78dc378ee85dad1cd400b71c05fca5f8c1d208c0c2a5793baab442a28e84d,H2,18725,18753,18935,1.011215,false
edit_write,bad78dc378ee85dad1cd400b71c05fca5f8c1d208c0c2a5793baab442a28e84d,H0,41939,43249,43006,1.031236,false
edit_write,bad78dc378ee85dad1cd400b71c05fca5f8c1d208c0c2a5793baab442a28e84d,H3,17971,18071,17771,1.016881,false
edit_write,bad78dc378ee85dad1cd400b71c05fca5f8c1d208c0c2a5793baab442a28e84d,H4,10414,10593,10700,1.027463,false
edit_write,bce797a9c215ce0ddcdb5b2f489e572332bcaf860b47d167841bf1acf79a4de6,H1,6501,5421,6575,1.212876,false
edit_write,bce797a9c215ce0ddcdb5b2f489e572332bcaf860b47d167841bf1acf79a4de6,H2,11990,12091,11646,1.038211,false
edit_write,bce797a9c215ce0ddcdb5b2f489e572332bcaf860b47d167841bf1acf79a4de6,H0,27695,28212,27520,1.025145,false
edit_write,bce797a9c215ce0ddcdb5b2f489e572332bcaf860b47d167841bf1acf79a4de6,H3,9688,9989,9436,1.058605,false
edit_write,bce797a9c215ce0ddcdb5b2f489e572332bcaf860b47d167841bf1acf79a4de6,H4,4980,5011,5146,1.033333,false
edit_write,bd3e8b8d5f697cdcc16a550de113c7e14708d05ad550afbe996ac67259aab542,H1,12843,12992,14297,1.113213,false
edit_write,bd3e8b8d5f697cdcc16a550de113c7e14708d05ad550afbe996ac67259aab542,H2,12992,13019,12827,1.014968,false
edit_write,bd3e8b8d5f697cdcc16a550de113c7e14708d05ad550afbe996ac67259aab542,H0,27670,27292,26999,1.024853,false
edit_write,bd3e8b8d5f697cdcc16a550de113c7e14708d05ad550afbe996ac67259aab542,H3,11622,11326,11952,1.055271,false
edit_write,bd3e8b8d5f697cdcc16a550de113c7e14708d05ad550afbe996ac67259aab542,H4,5966,5931,6124,1.032541,false
edit_write,bdd901d8192bdaccd4c6eb4eca9902643307ae62396814151a1de112756f548c,H1,9293,9751,7960,1.225000,false
edit_write,bdd901d8192bdaccd4c6eb4eca9902643307ae62396814151a1de112756f548c,H2,17904,18394,17705,1.038916,false
edit_write,bdd901d8192bdaccd4c6eb4eca9902643307ae62396814151a1de112756f548c,H0,31005,30504,30856,1.016424,false
edit_write,bdd901d8192bdaccd4c6eb4eca9902643307ae62396814151a1de112756f548c,H3,16136,16437,16086,1.021820,false
edit_write,bdd901d8192bdaccd4c6eb4eca9902643307ae62396814151a1de112756f548c,H4,7347,7268,7570,1.041552,false
edit_write,bdf617a1a1f320dc82e00edb8c7418cb86f8c05e4dc4d653673e2838f50d8462,H1,9494,9455,9350,1.015401,false
edit_write,bdf617a1a1f320dc82e00edb8c7418cb86f8c05e4dc4d653673e2838f50d8462,H2,12962,13205,12956,1.019219,false
edit_write,bdf617a1a1f320dc82e00edb8c7418cb86f8c05e4dc4d653673e2838f50d8462,H0,9086,9160,8804,1.040436,false
edit_write,bdf617a1a1f320dc82e00edb8c7418cb86f8c05e4dc4d653673e2838f50d8462,H3,13895,13702,14385,1.049847,false
edit_write,bdf617a1a1f320dc82e00edb8c7418cb86f8c05e4dc4d653673e2838f50d8462,H4,10281,10623,10843,1.054664,false
edit_write,bf131fcaad9deb6c3279a7fea16be7aafca9c31ef9700dd6a7da9284da7abffa,H1,8758,8655,8291,1.056326,false
edit_write,bf131fcaad9deb6c3279a7fea16be7aafca9c31ef9700dd6a7da9284da7abffa,H2,11371,11377,11108,1.024217,false
edit_write,bf131fcaad9deb6c3279a7fea16be7aafca9c31ef9700dd6a7da9284da7abffa,H0,18925,18716,18362,1.030661,false
edit_write,bf131fcaad9deb6c3279a7fea16be7aafca9c31ef9700dd6a7da9284da7abffa,H3,8550,8724,8556,1.020351,false
edit_write,bf131fcaad9deb6c3279a7fea16be7aafca9c31ef9700dd6a7da9284da7abffa,H4,4709,4513,4453,1.057489,false
edit_write,bfb9b73c07eef068f3f34543e08a9b0bdb489c566e225afc15c9ea5065a20cc9,H1,26224,26234,25742,1.019113,false
edit_write,bfb9b73c07eef068f3f34543e08a9b0bdb489c566e225afc15c9ea5065a20cc9,H2,9917,10230,10014,1.031562,false
edit_write,bfb9b73c07eef068f3f34543e08a9b0bdb489c566e225afc15c9ea5065a20cc9,H0,16142,15733,15781,1.025996,false
edit_write,bfb9b73c07eef068f3f34543e08a9b0bdb489c566e225afc15c9ea5065a20cc9,H3,9229,9396,9150,1.026885,false
edit_write,bfb9b73c07eef068f3f34543e08a9b0bdb489c566e225afc15c9ea5065a20cc9,H4,5320,5574,5446,1.047744,false
edit_write,c0ab46174da72bac78ece781582b750d6b7bf3f4b054d9481ebd599932d0889a,H1,36401,35318,34569,1.052995,false
edit_write,c0ab46174da72bac78ece781582b750d6b7bf3f4b054d9481ebd599932d0889a,H2,9867,10339,9853,1.049325,false
edit_write,c0ab46174da72bac78ece781582b750d6b7bf3f4b054d9481ebd599932d0889a,H0,25681,24147,23942,1.072634,false
edit_write,c0ab46174da72bac78ece781582b750d6b7bf3f4b054d9481ebd599932d0889a,H3,9752,9791,9901,1.015279,false
edit_write,c0ab46174da72bac78ece781582b750d6b7bf3f4b054d9481ebd599932d0889a,H4,6937,7150,7091,1.030705,false
edit_write,c0dfb39d2e78566340a19be72f627d1d1cb5b3d8d1a0658f0bab7a96c4d011e5,H1,12945,12668,14672,1.158194,false
edit_write,c0dfb39d2e78566340a19be72f627d1d1cb5b3d8d1a0658f0bab7a96c4d011e5,H2,21548,21806,21544,1.012161,false
edit_write,c0dfb39d2e78566340a19be72f627d1d1cb5b3d8d1a0658f0bab7a96c4d011e5,H0,56196,55417,55446,1.014057,false
edit_write,c0dfb39d2e78566340a19be72f627d1d1cb5b3d8d1a0658f0bab7a96c4d011e5,H3,21485,20337,19913,1.078943,false
edit_write,c0dfb39d2e78566340a19be72f627d1d1cb5b3d8d1a0658f0bab7a96c4d011e5,H4,13852,13980,13873,1.009241,false
edit_write,c107f96cf2743e89b11b986e01908e6c6fc5107417e667d5dfd08f4bc516aec2,H1,58976,59422,58983,1.007562,false
edit_write,c107f96cf2743e89b11b986e01908e6c6fc5107417e667d5dfd08f4bc516aec2,H2,30432,31180,30051,1.037569,false
edit_write,c107f96cf2743e89b11b986e01908e6c6fc5107417e667d5dfd08f4bc516aec2,H0,39492,39445,39001,1.012589,false
edit_write,c107f96cf2743e89b11b986e01908e6c6fc5107417e667d5dfd08f4bc516aec2,H3,28733,29087,28303,1.027700,false
edit_write,c107f96cf2743e89b11b986e01908e6c6fc5107417e667d5dfd08f4bc516aec2,H4,62052,62695,62217,1.010362,false
edit_write,c10f963186c7615c1fbbaa43095181d91f1910f2178b29e5dea371626604f8c6,H1,67893,66427,68417,1.029958,false
edit_write,c10f963186c7615c1fbbaa43095181d91f1910f2178b29e5dea371626604f8c6,H2,18655,18914,18347,1.030904,false
edit_write,c10f963186c7615c1fbbaa43095181d91f1910f2178b29e5dea371626604f8c6,H0,43872,42952,42579,1.030367,false
edit_write,c10f963186c7615c1fbbaa43095181d91f1910f2178b29e5dea371626604f8c6,H3,17922,18075,17620,1.025823,false
edit_write,c10f963186c7615c1fbbaa43095181d91f1910f2178b29e5dea371626604f8c6,H4,10326,10655,10253,1.039208,false
edit_write,c198f4ef4ce3c201f26ab651597a9c468309cc7c7c913cdcb69317f9e7fa92a3,H1,26327,25993,28304,1.088909,false
edit_write,c198f4ef4ce3c201f26ab651597a9c468309cc7c7c913cdcb69317f9e7fa92a3,H2,18676,19516,18939,1.044978,false
edit_write,c198f4ef4ce3c201f26ab651597a9c468309cc7c7c913cdcb69317f9e7fa92a3,H0,57116,54232,55122,1.053179,false
edit_write,c198f4ef4ce3c201f26ab651597a9c468309cc7c7c913cdcb69317f9e7fa92a3,H3,17215,17332,17406,1.011095,false
edit_write,c198f4ef4ce3c201f26ab651597a9c468309cc7c7c913cdcb69317f9e7fa92a3,H4,12446,12241,12460,1.017891,false
edit_write,c20431ee65a06fdd179d8ddd242fe42cafb96176afafcae6a935a1168d22eda0,H1,46925,47885,48065,1.024294,false
edit_write,c20431ee65a06fdd179d8ddd242fe42cafb96176afafcae6a935a1168d22eda0,H2,37005,39579,37293,1.069558,false
edit_write,c20431ee65a06fdd179d8ddd242fe42cafb96176afafcae6a935a1168d22eda0,H0,24181,24255,23441,1.034725,false
edit_write,c20431ee65a06fdd179d8ddd242fe42cafb96176afafcae6a935a1168d22eda0,H3,37922,39688,39612,1.046569,false
edit_write,c20431ee65a06fdd179d8ddd242fe42cafb96176afafcae6a935a1168d22eda0,H4,35341,35995,35786,1.018505,false
edit_write,c2929dd26fb7d4ad4004a5767bd2a88a8f90d9e9c31b5afef093d1fc19911e53,H1,30200,29967,29947,1.008448,false
edit_write,c2929dd26fb7d4ad4004a5767bd2a88a8f90d9e9c31b5afef093d1fc19911e53,H2,10671,10713,10500,1.020286,false
edit_write,c2929dd26fb7d4ad4004a5767bd2a88a8f90d9e9c31b5afef093d1fc19911e53,H0,18786,18952,18054,1.049740,false
edit_write,c2929dd26fb7d4ad4004a5767bd2a88a8f90d9e9c31b5afef093d1fc19911e53,H3,8154,8573,8891,1.090385,false
edit_write,c2929dd26fb7d4ad4004a5767bd2a88a8f90d9e9c31b5afef093d1fc19911e53,H4,4544,4833,4680,1.063600,false
edit_write,c2ca783cb0b98e5eb7935803dc4ee6314cbcf8304bf0428b4e75e40799c70a63,H1,1191,1119,1123,1.064343,false
edit_write,c2ca783cb0b98e5eb7935803dc4ee6314cbcf8304bf0428b4e75e40799c70a63,H2,1798,1717,1589,1.131529,false
edit_write,c2ca783cb0b98e5eb7935803dc4ee6314cbcf8304bf0428b4e75e40799c70a63,H0,790,768,801,1.042969,false
edit_write,c2ca783cb0b98e5eb7935803dc4ee6314cbcf8304bf0428b4e75e40799c70a63,H3,1704,1760,1705,1.032864,false
edit_write,c2ca783cb0b98e5eb7935803dc4ee6314cbcf8304bf0428b4e75e40799c70a63,H4,2330,1229,1195,1.949791,true
edit_write,c3979ed70b046b3ec9a3e9633d597f83530a2b809aec31c46998f9621d0554a2,H1,25551,26018,25635,1.018277,false
edit_write,c3979ed70b046b3ec9a3e9633d597f83530a2b809aec31c46998f9621d0554a2,H2,12946,13473,12552,1.073375,false
edit_write,c3979ed70b046b3ec9a3e9633d597f83530a2b809aec31c46998f9621d0554a2,H0,16252,16294,15853,1.027818,false
edit_write,c3979ed70b046b3ec9a3e9633d597f83530a2b809aec31c46998f9621d0554a2,H3,13526,13382,12579,1.075284,false
edit_write,c3979ed70b046b3ec9a3e9633d597f83530a2b809aec31c46998f9621d0554a2,H4,7869,7950,7567,1.050615,false
edit_write,c3b8c4a0b365538ab16ba737ce76f78f63fbfc54c902813bdc60d75d13f67f28,H1,11558,11090,10848,1.065450,false
edit_write,c3b8c4a0b365538ab16ba737ce76f78f63fbfc54c902813bdc60d75d13f67f28,H2,12791,13079,12586,1.039171,false
edit_write,c3b8c4a0b365538ab16ba737ce76f78f63fbfc54c902813bdc60d75d13f67f28,H0,18260,18010,18193,1.013881,false
edit_write,c3b8c4a0b365538ab16ba737ce76f78f63fbfc54c902813bdc60d75d13f67f28,H3,12165,12270,11587,1.058945,false
edit_write,c3b8c4a0b365538ab16ba737ce76f78f63fbfc54c902813bdc60d75d13f67f28,H4,6501,6804,6792,1.046608,false
edit_write,c43a54fba190c87bebcbd0952352d9749afb85d53d26b77d444ecef0ab811842,H1,71641,72353,71357,1.013958,false
edit_write,c43a54fba190c87bebcbd0952352d9749afb85d53d26b77d444ecef0ab811842,H2,83944,83791,84601,1.009667,false
edit_write,c43a54fba190c87bebcbd0952352d9749afb85d53d26b77d444ecef0ab811842,H0,48082,47951,48043,1.002732,false
edit_write,c43a54fba190c87bebcbd0952352d9749afb85d53d26b77d444ecef0ab811842,H3,22565,22827,22850,1.012630,false
edit_write,c43a54fba190c87bebcbd0952352d9749afb85d53d26b77d444ecef0ab811842,H4,14383,14704,14800,1.028993,false
edit_write,c443417ceefcb54e9b311cdf1904506278a4db7e66b3443390180a13413e93c9,H1,33218,66070,62980,1.988982,true
edit_write,c443417ceefcb54e9b311cdf1904506278a4db7e66b3443390180a13413e93c9,H2,12562,21969,21372,1.748846,true
edit_write,c443417ceefcb54e9b311cdf1904506278a4db7e66b3443390180a13413e93c9,H0,26460,24320,45970,1.890214,true
edit_write,c443417ceefcb54e9b311cdf1904506278a4db7e66b3443390180a13413e93c9,H3,11241,10582,20365,1.924494,true
edit_write,c443417ceefcb54e9b311cdf1904506278a4db7e66b3443390180a13413e93c9,H4,7054,6827,12565,1.840486,true
edit_write,c53531433c385a66eaab17b690b48141deb7e16eaac44cfc76bd0e9375bde031,H1,15877,15727,15993,1.016914,false
edit_write,c53531433c385a66eaab17b690b48141deb7e16eaac44cfc76bd0e9375bde031,H2,11355,11854,11579,1.043945,false
edit_write,c53531433c385a66eaab17b690b48141deb7e16eaac44cfc76bd0e9375bde031,H0,31164,31224,31155,1.002215,false
edit_write,c53531433c385a66eaab17b690b48141deb7e16eaac44cfc76bd0e9375bde031,H3,10103,10334,10141,1.022864,false
edit_write,c53531433c385a66eaab17b690b48141deb7e16eaac44cfc76bd0e9375bde031,H4,6151,6339,6059,1.046212,false
edit_write,c7331c9fdd0c01929aaefee829b525943236c89100c0614b66b5003f555dcb57,H1,30703,30333,29396,1.044462,false
edit_write,c7331c9fdd0c01929aaefee829b525943236c89100c0614b66b5003f555dcb57,H2,12393,13119,12493,1.058581,false
edit_write,c7331c9fdd0c01929aaefee829b525943236c89100c0614b66b5003f555dcb57,H0,17410,17242,17038,1.021834,false
edit_write,c7331c9fdd0c01929aaefee829b525943236c89100c0614b66b5003f555dcb57,H3,11142,11306,11002,1.027631,false
edit_write,c7331c9fdd0c01929aaefee829b525943236c89100c0614b66b5003f555dcb57,H4,5808,5705,5520,1.052174,false
edit_write,c74430f44252cd26a514efa4712f636d2c8903edfd55dab8f5190f12081ce71a,H1,61577,61560,61758,1.003216,false
edit_write,c74430f44252cd26a514efa4712f636d2c8903edfd55dab8f5190f12081ce71a,H2,14756,14862,14682,1.012260,false
edit_write,c74430f44252cd26a514efa4712f636d2c8903edfd55dab8f5190f12081ce71a,H0,52639,52743,55439,1.053192,false
edit_write,c74430f44252cd26a514efa4712f636d2c8903edfd55dab8f5190f12081ce71a,H3,12929,13143,12697,1.035126,false
edit_write,c74430f44252cd26a514efa4712f636d2c8903edfd55dab8f5190f12081ce71a,H4,10377,10213,10091,1.028342,false
edit_write,c75bb9bc4599ce17200404835799fbf077d8c469195db9a76bab4c77afc839d2,H1,4800,4933,8792,1.831667,true
edit_write,c75bb9bc4599ce17200404835799fbf077d8c469195db9a76bab4c77afc839d2,H2,5323,6245,10057,1.889348,true
edit_write,c75bb9bc4599ce17200404835799fbf077d8c469195db9a76bab4c77afc839d2,H0,3122,3187,5731,1.835682,true
edit_write,c75bb9bc4599ce17200404835799fbf077d8c469195db9a76bab4c77afc839d2,H3,5729,6080,10266,1.791936,true
edit_write,c75bb9bc4599ce17200404835799fbf077d8c469195db9a76bab4c77afc839d2,H4,3088,3314,5719,1.852008,true
edit_write,c77f89afadd2f001ee762f1cbd116e5f028217edf320a5b84518375f8bff1961,H1,32627,31375,30687,1.063219,false
edit_write,c77f89afadd2f001ee762f1cbd116e5f028217edf320a5b84518375f8bff1961,H2,12958,12445,12071,1.073482,false
edit_write,c77f89afadd2f001ee762f1cbd116e5f028217edf320a5b84518375f8bff1961,H0,17343,17221,16635,1.042561,false
edit_write,c77f89afadd2f001ee762f1cbd116e5f028217edf320a5b84518375f8bff1961,H3,11629,10711,10552,1.102066,false
edit_write,c77f89afadd2f001ee762f1cbd116e5f028217edf320a5b84518375f8bff1961,H4,5609,5538,5324,1.053531,false
edit_write,c7ae0d73f5d0f7db1b7583822e43558395466cca3e225ce4584d93daf65130a7,H1,46205,46235,45754,1.010513,false
edit_write,c7ae0d73f5d0f7db1b7583822e43558395466cca3e225ce4584d93daf65130a7,H2,37478,38252,38403,1.024681,false
edit_write,c7ae0d73f5d0f7db1b7583822e43558395466cca3e225ce4584d93daf65130a7,H0,23356,23138,23162,1.009422,false
edit_write,c7ae0d73f5d0f7db1b7583822e43558395466cca3e225ce4584d93daf65130a7,H3,39329,38938,38921,1.010483,false
edit_write,c7ae0d73f5d0f7db1b7583822e43558395466cca3e225ce4584d93daf65130a7,H4,34334,34547,34283,1.007701,false
edit_write,c7b110ef9b870d6b93f4fd413c4ac7d473ece4797ab51496bef785a1c9262ea5,H1,33922,33055,34013,1.028982,false
edit_write,c7b110ef9b870d6b93f4fd413c4ac7d473ece4797ab51496bef785a1c9262ea5,H2,9583,8707,8789,1.100609,false
edit_write,c7b110ef9b870d6b93f4fd413c4ac7d473ece4797ab51496bef785a1c9262ea5,H0,20572,20364,20504,1.010214,false
edit_write,c7b110ef9b870d6b93f4fd413c4ac7d473ece4797ab51496bef785a1c9262ea5,H3,8314,8149,8223,1.020248,false
edit_write,c7b110ef9b870d6b93f4fd413c4ac7d473ece4797ab51496bef785a1c9262ea5,H4,4480,4611,4544,1.029241,false
edit_write,c7cedef1c92870d78fa38fa1e359d098b09cacff05cf527abbf840b65c9d5163,H1,9637,9645,9647,1.001038,false
edit_write,c7cedef1c92870d78fa38fa1e359d098b09cacff05cf527abbf840b65c9d5163,H2,14049,14017,13862,1.013490,false
edit_write,c7cedef1c92870d78fa38fa1e359d098b09cacff05cf527abbf840b65c9d5163,H0,9326,9434,9246,1.020333,false
edit_write,c7cedef1c92870d78fa38fa1e359d098b09cacff05cf527abbf840b65c9d5163,H3,13872,13954,14303,1.031070,false
edit_write,c7cedef1c92870d78fa38fa1e359d098b09cacff05cf527abbf840b65c9d5163,H4,10890,11173,11130,1.025987,false
edit_write,c83dd2cc32964702b573928fdba9841ef7bab9465fb0b4898bf925fd6df6d773,H1,30200,29203,29278,1.034140,false
edit_write,c83dd2cc32964702b573928fdba9841ef7bab9465fb0b4898bf925fd6df6d773,H2,10296,10585,10014,1.057020,false
edit_write,c83dd2cc32964702b573928fdba9841ef7bab9465fb0b4898bf925fd6df6d773,H0,18833,18431,18015,1.045407,false
edit_write,c83dd2cc32964702b573928fdba9841ef7bab9465fb0b4898bf925fd6df6d773,H3,8796,8955,8427,1.062656,false
edit_write,c83dd2cc32964702b573928fdba9841ef7bab9465fb0b4898bf925fd6df6d773,H4,4407,4466,4323,1.033079,false
edit_write,c85e6502b8eea651614b10dd4c2c622bcdfdfca5ebc9331e767435427e51328a,H1,34573,34816,34354,1.013448,false
edit_write,c85e6502b8eea651614b10dd4c2c622bcdfdfca5ebc9331e767435427e51328a,H2,9893,10714,10438,1.082988,false
edit_write,c85e6502b8eea651614b10dd4c2c622bcdfdfca5ebc9331e767435427e51328a,H0,24725,24898,24466,1.017657,false
edit_write,c85e6502b8eea651614b10dd4c2c622bcdfdfca5ebc9331e767435427e51328a,H3,9114,9184,9346,1.025455,false
edit_write,c85e6502b8eea651614b10dd4c2c622bcdfdfca5ebc9331e767435427e51328a,H4,4896,5203,5103,1.062704,false
edit_write,c8aed004f4a21287147ad31f24b942b980b4c33907a6aa0f0aabec8b3da77273,H1,44436,43809,44612,1.018330,false
edit_write,c8aed004f4a21287147ad31f24b942b980b4c33907a6aa0f0aabec8b3da77273,H2,9996,10200,10539,1.054322,false
edit_write,c8aed004f4a21287147ad31f24b942b980b4c33907a6aa0f0aabec8b3da77273,H0,31401,31221,32907,1.054002,false
edit_write,c8aed004f4a21287147ad31f24b942b980b4c33907a6aa0f0aabec8b3da77273,H3,9805,9910,9890,1.010709,false
edit_write,c8aed004f4a21287147ad31f24b942b980b4c33907a6aa0f0aabec8b3da77273,H4,5897,5763,5944,1.031407,false
edit_write,c9679e07f4cd4512b612d84dcd38a6aa9480d623935a437836830509d81095b6,H1,9503,9627,9753,1.026307,false
edit_write,c9679e07f4cd4512b612d84dcd38a6aa9480d623935a437836830509d81095b6,H2,13731,14075,13533,1.040050,false
edit_write,c9679e07f4cd4512b612d84dcd38a6aa9480d623935a437836830509d81095b6,H0,9246,9324,9191,1.014471,false
edit_write,c9679e07f4cd4512b612d84dcd38a6aa9480d623935a437836830509d81095b6,H3,14293,14699,14099,1.042556,false
edit_write,c9679e07f4cd4512b612d84dcd38a6aa9480d623935a437836830509d81095b6,H4,11052,11392,11321,1.030764,false
edit_write,c9998294249710e88934b381a25b7f66b58d082503f35798baa5a88dfcf80d25,H1,61702,61455,110707,1.801432,true
edit_write,c9998294249710e88934b381a25b7f66b58d082503f35798baa5a88dfcf80d25,H2,13020,13155,22287,1.711751,true
edit_write,c9998294249710e88934b381a25b7f66b58d082503f35798baa5a88dfcf80d25,H0,52689,52386,91134,1.739663,true
edit_write,c9998294249710e88934b381a25b7f66b58d082503f35798baa5a88dfcf80d25,H3,11828,11618,20635,1.776123,true
edit_write,c9998294249710e88934b381a25b7f66b58d082503f35798baa5a88dfcf80d25,H4,7573,7849,12673,1.673445,true
edit_write,ca1ec7dd18dd14437d76f8330475954a1ed0a65a55ca40e782296b725aa3bcc9,H1,46036,46257,45961,1.006440,false
edit_write,ca1ec7dd18dd14437d76f8330475954a1ed0a65a55ca40e782296b725aa3bcc9,H2,37204,37442,37658,1.012203,false
edit_write,ca1ec7dd18dd14437d76f8330475954a1ed0a65a55ca40e782296b725aa3bcc9,H0,25085,23328,23309,1.076194,false
edit_write,ca1ec7dd18dd14437d76f8330475954a1ed0a65a55ca40e782296b725aa3bcc9,H3,40192,39114,39137,1.027560,false
edit_write,ca1ec7dd18dd14437d76f8330475954a1ed0a65a55ca40e782296b725aa3bcc9,H4,35160,34670,34092,1.031327,false
edit_write,cab3e9e757a9fff962ffd957dc518218273cf9864a98178becb18d8a42d9655b,H1,9499,10996,10942,1.157596,false
edit_write,cab3e9e757a9fff962ffd957dc518218273cf9864a98178becb18d8a42d9655b,H2,17427,17254,16819,1.036150,false
edit_write,cab3e9e757a9fff962ffd957dc518218273cf9864a98178becb18d8a42d9655b,H0,55391,55138,54245,1.021126,false
edit_write,cab3e9e757a9fff962ffd957dc518218273cf9864a98178becb18d8a42d9655b,H3,15961,15883,17028,1.072090,false
edit_write,cab3e9e757a9fff962ffd957dc518218273cf9864a98178becb18d8a42d9655b,H4,10793,10935,10962,1.015658,false
edit_write,cada35f8a7ed2b2c18f357de8e562d411f5b1c65cdd3912246d23376d1a24dec,H1,24056,25289,26409,1.097813,false
edit_write,cada35f8a7ed2b2c18f357de8e562d411f5b1c65cdd3912246d23376d1a24dec,H2,24221,24914,24280,1.028612,false
edit_write,cada35f8a7ed2b2c18f357de8e562d411f5b1c65cdd3912246d23376d1a24dec,H0,15294,15455,15397,1.010527,false
edit_write,cada35f8a7ed2b2c18f357de8e562d411f5b1c65cdd3912246d23376d1a24dec,H3,25577,26547,26042,1.037925,false
edit_write,cada35f8a7ed2b2c18f357de8e562d411f5b1c65cdd3912246d23376d1a24dec,H4,24940,24421,25414,1.040662,false
edit_write,caed28a0f1f75a39fc323ba021c99eaef59b0b000fc1b5d7d1581ff0405c2983,H1,8642,9222,9987,1.155635,false
edit_write,caed28a0f1f75a39fc323ba021c99eaef59b0b000fc1b5d7d1581ff0405c2983,H2,9206,9409,9569,1.039431,false
edit_write,caed28a0f1f75a39fc323ba021c99eaef59b0b000fc1b5d7d1581ff0405c2983,H0,52967,52530,55740,1.061108,false
edit_write,caed28a0f1f75a39fc323ba021c99eaef59b0b000fc1b5d7d1581ff0405c2983,H3,9182,9112,9305,1.021181,false
edit_write,caed28a0f1f75a39fc323ba021c99eaef59b0b000fc1b5d7d1581ff0405c2983,H4,4645,4790,4717,1.031216,false
edit_write,caf839f03565e3628f29f96868c449c0240d514d8825df919c171790c9ac44bb,H1,47876,48399,52214,1.090609,false
edit_write,caf839f03565e3628f29f96868c449c0240d514d8825df919c171790c9ac44bb,H2,39752,40383,40144,1.015873,false
edit_write,caf839f03565e3628f29f96868c449c0240d514d8825df919c171790c9ac44bb,H0,23835,24478,23908,1.026977,false
edit_write,caf839f03565e3628f29f96868c449c0240d514d8825df919c171790c9ac44bb,H3,41374,43213,44412,1.073428,false
edit_write,caf839f03565e3628f29f96868c449c0240d514d8825df919c171790c9ac44bb,H4,36041,35131,35026,1.028978,false
edit_write,cb96e25707d3eb023ef99d1349be41fa73faee04e7e449d49518c1aa824e9ef1,H1,30690,30649,30355,1.011036,false
edit_write,cb96e25707d3eb023ef99d1349be41fa73faee04e7e449d49518c1aa824e9ef1,H2,12202,12351,11651,1.060081,false
edit_write,cb96e25707d3eb023ef99d1349be41fa73faee04e7e449d49518c1aa824e9ef1,H0,17707,17086,16536,1.070815,false
edit_write,cb96e25707d3eb023ef99d1349be41fa73faee04e7e449d49518c1aa824e9ef1,H3,10954,10737,10765,1.020210,false
edit_write,cb96e25707d3eb023ef99d1349be41fa73faee04e7e449d49518c1aa824e9ef1,H4,5427,5636,5451,1.038511,false
edit_write,cc0b66344680a24a0af14933bc7d76d1a4ba2ffded520f4bb706650498e06625,H1,7157,7727,7946,1.110242,false
edit_write,cc0b66344680a24a0af14933bc7d76d1a4ba2ffded520f4bb706650498e06625,H2,10148,11249,9871,1.139601,false
edit_write,cc0b66344680a24a0af14933bc7d76d1a4ba2ffded520f4bb706650498e06625,H0,52979,52835,52646,1.006325,false
edit_write,cc0b66344680a24a0af14933bc7d76d1a4ba2ffded520f4bb706650498e06625,H3,8661,9227,8555,1.078551,false
edit_write,cc0b66344680a24a0af14933bc7d76d1a4ba2ffded520f4bb706650498e06625,H4,4675,4804,4931,1.054759,false
edit_write,cc346a5d361368cc28a56734a9ba91e2ba38b8a0468d5d4f51ecbd09703aa5b4,H1,16085,15364,15134,1.062839,false
edit_write,cc346a5d361368cc28a56734a9ba91e2ba38b8a0468d5d4f51ecbd09703aa5b4,H2,11397,11684,11570,1.025182,false
edit_write,cc346a5d361368cc28a56734a9ba91e2ba38b8a0468d5d4f51ecbd09703aa5b4,H0,31011,31653,31267,1.020702,false
edit_write,cc346a5d361368cc28a56734a9ba91e2ba38b8a0468d5d4f51ecbd09703aa5b4,H3,10058,10303,10083,1.024359,false
edit_write,cc346a5d361368cc28a56734a9ba91e2ba38b8a0468d5d4f51ecbd09703aa5b4,H4,6066,6175,6389,1.053248,false
edit_write,cc429df8592f99d0e08c50855b32dae2202cf269096a2632a20775f8c99c0e91,H1,30795,30997,30974,1.006560,false
edit_write,cc429df8592f99d0e08c50855b32dae2202cf269096a2632a20775f8c99c0e91,H2,12646,12950,12650,1.024039,false
edit_write,cc429df8592f99d0e08c50855b32dae2202cf269096a2632a20775f8c99c0e91,H0,17449,17042,16973,1.028045,false
edit_write,cc429df8592f99d0e08c50855b32dae2202cf269096a2632a20775f8c99c0e91,H3,11284,11298,10941,1.032630,false
edit_write,cc429df8592f99d0e08c50855b32dae2202cf269096a2632a20775f8c99c0e91,H4,5565,5777,5586,1.038095,false
edit_write,cc591e901cba133c8eb261033b0d4ac02569e19e76cd97a0033586af2fa0e82a,H1,1152,2287,1134,2.016755,true
edit_write,cc591e901cba133c8eb261033b0d4ac02569e19e76cd97a0033586af2fa0e82a,H2,1359,1357,1217,1.116680,false
edit_write,cc591e901cba133c8eb261033b0d4ac02569e19e76cd97a0033586af2fa0e82a,H0,681,656,652,1.044479,false
edit_write,cc591e901cba133c8eb261033b0d4ac02569e19e76cd97a0033586af2fa0e82a,H3,1565,1645,1552,1.059923,false
edit_write,cc591e901cba133c8eb261033b0d4ac02569e19e76cd97a0033586af2fa0e82a,H4,931,961,921,1.043431,false
edit_write,ccbe49adcdc45496737402524812f4189c6d13ce1539af741a6324b023e4309b,H1,15314,16214,15451,1.058770,false
edit_write,ccbe49adcdc45496737402524812f4189c6d13ce1539af741a6324b023e4309b,H2,6131,6070,5736,1.068863,false
edit_write,ccbe49adcdc45496737402524812f4189c6d13ce1539af741a6324b023e4309b,H0,11555,11308,10996,1.050837,false
edit_write,ccbe49adcdc45496737402524812f4189c6d13ce1539af741a6324b023e4309b,H3,5611,5910,5609,1.053664,false
edit_write,ccbe49adcdc45496737402524812f4189c6d13ce1539af741a6324b023e4309b,H4,2884,2960,2998,1.039528,false
edit_write,cd2ecbd46a4c8e03eddcd41e89e404ce533b664282b0fcedd9d6d9cda89de2c6,H1,30684,30823,31233,1.017892,false
edit_write,cd2ecbd46a4c8e03eddcd41e89e404ce533b664282b0fcedd9d6d9cda89de2c6,H2,37887,38845,37261,1.042511,false
edit_write,cd2ecbd46a4c8e03eddcd41e89e404ce533b664282b0fcedd9d6d9cda89de2c6,H0,25149,24972,24940,1.008380,false
edit_write,cd2ecbd46a4c8e03eddcd41e89e404ce533b664282b0fcedd9d6d9cda89de2c6,H3,39170,41724,38654,1.079423,false
edit_write,cd2ecbd46a4c8e03eddcd41e89e404ce533b664282b0fcedd9d6d9cda89de2c6,H4,33726,34597,34194,1.025826,false
edit_write,ce515e1f1c8d2ca39a03fb5b61d497fa2289a528941eb209b240f1391b0a2a79,H1,15366,15546,15167,1.024988,false
edit_write,ce515e1f1c8d2ca39a03fb5b61d497fa2289a528941eb209b240f1391b0a2a79,H2,4777,5311,4959,1.111786,false
edit_write,ce515e1f1c8d2ca39a03fb5b61d497fa2289a528941eb209b240f1391b0a2a79,H0,11462,11445,11331,1.011561,false
edit_write,ce515e1f1c8d2ca39a03fb5b61d497fa2289a528941eb209b240f1391b0a2a79,H3,4689,4824,4639,1.039879,false
edit_write,ce515e1f1c8d2ca39a03fb5b61d497fa2289a528941eb209b240f1391b0a2a79,H4,2608,2819,2419,1.165358,false
edit_write,d0a2203aa2451c26f9c1f910511bd35f908ddec5cd61bcfd575d67400cfec5f5,H1,10297,9683,9685,1.063410,false
edit_write,d0a2203aa2451c26f9c1f910511bd35f908ddec5cd61bcfd575d67400cfec5f5,H2,13484,13912,13662,1.031741,false
edit_write,d0a2203aa2451c26f9c1f910511bd35f908ddec5cd61bcfd575d67400cfec5f5,H0,9052,9292,9102,1.026513,false
edit_write,d0a2203aa2451c26f9c1f910511bd35f908ddec5cd61bcfd575d67400cfec5f5,H3,14105,14469,14454,1.025806,false
edit_write,d0a2203aa2451c26f9c1f910511bd35f908ddec5cd61bcfd575d67400cfec5f5,H4,10940,11099,10862,1.021819,false
edit_write,d28f2392b87fbb710c62448bd3a886c26915651135eb15cb5737995f62a30b64,H1,4905,4695,4657,1.053253,false
edit_write,d28f2392b87fbb710c62448bd3a886c26915651135eb15cb5737995f62a30b64,H2,15796,14665,14753,1.077122,false
edit_write,d28f2392b87fbb710c62448bd3a886c26915651135eb15cb5737995f62a30b64,H0,10215,9284,9282,1.100517,false
edit_write,d28f2392b87fbb710c62448bd3a886c26915651135eb15cb5737995f62a30b64,H3,15937,15781,15001,1.062396,false
edit_write,d28f2392b87fbb710c62448bd3a886c26915651135eb15cb5737995f62a30b64,H4,13356,12516,12431,1.074411,false
edit_write,d378f080a8c160379b01810e95ff44b867d292c405c44f7c16163c13668947a3,H1,70049,73444,69707,1.053610,false
edit_write,d378f080a8c160379b01810e95ff44b867d292c405c44f7c16163c13668947a3,H2,37045,38014,37154,1.026157,false
edit_write,d378f080a8c160379b01810e95ff44b867d292c405c44f7c16163c13668947a3,H0,48919,47909,47546,1.028877,false
edit_write,d378f080a8c160379b01810e95ff44b867d292c405c44f7c16163c13668947a3,H3,36646,36792,36044,1.020752,false
edit_write,d378f080a8c160379b01810e95ff44b867d292c405c44f7c16163c13668947a3,H4,71257,71037,72092,1.014851,false
edit_write,d3e571f6eb0d9d9818f5aabeafe211bad134f1447b7aac2c68389a3d5638e2b2,H1,30118,29914,30550,1.021261,false
edit_write,d3e571f6eb0d9d9818f5aabeafe211bad134f1447b7aac2c68389a3d5638e2b2,H2,38504,38571,38563,1.001740,false
edit_write,d3e571f6eb0d9d9818f5aabeafe211bad134f1447b7aac2c68389a3d5638e2b2,H0,24784,25171,24392,1.031937,false
edit_write,d3e571f6eb0d9d9818f5aabeafe211bad134f1447b7aac2c68389a3d5638e2b2,H3,40500,40108,40852,1.018550,false
edit_write,d3e571f6eb0d9d9818f5aabeafe211bad134f1447b7aac2c68389a3d5638e2b2,H4,33205,34827,32865,1.059699,false
edit_write,d446060d3a406aa10a6fe347c6f905902cc7baef74ff8cfac2eec8ace1284a54,H1,61245,61464,61655,1.006694,false
edit_write,d446060d3a406aa10a6fe347c6f905902cc7baef74ff8cfac2eec8ace1284a54,H2,9282,9001,8917,1.040933,false
edit_write,d446060d3a406aa10a6fe347c6f905902cc7baef74ff8cfac2eec8ace1284a54,H0,52970,52511,52633,1.008741,false
edit_write,d446060d3a406aa10a6fe347c6f905902cc7baef74ff8cfac2eec8ace1284a54,H3,8951,8265,8638,1.083001,false
edit_write,d446060d3a406aa10a6fe347c6f905902cc7baef74ff8cfac2eec8ace1284a54,H4,4191,4311,4213,1.028633,false
edit_write,d4646d4d64ea92bfb6bec92906b20e45b5a13678ed10b71d20339db109189017,H1,26157,26711,29963,1.145506,false
edit_write,d4646d4d64ea92bfb6bec92906b20e45b5a13678ed10b71d20339db109189017,H2,11283,11643,11793,1.045201,false
edit_write,d4646d4d64ea92bfb6bec92906b20e45b5a13678ed10b71d20339db109189017,H0,16371,15738,18891,1.200343,false
edit_write,d4646d4d64ea92bfb6bec92906b20e45b5a13678ed10b71d20339db109189017,H3,10320,10168,11384,1.119591,false
edit_write,d4646d4d64ea92bfb6bec92906b20e45b5a13678ed10b71d20339db109189017,H4,5989,6430,6650,1.110369,false
edit_write,d4c505eff55e5d69bc44a9b3d186bd7e816e1a2f38b14551a5ef64ec24ea3d47,H1,30682,30554,30530,1.004979,false
edit_write,d4c505eff55e5d69bc44a9b3d186bd7e816e1a2f38b14551a5ef64ec24ea3d47,H2,12482,12903,12451,1.036302,false
edit_write,d4c505eff55e5d69bc44a9b3d186bd7e816e1a2f38b14551a5ef64ec24ea3d47,H0,17796,17287,17047,1.043937,false
edit_write,d4c505eff55e5d69bc44a9b3d186bd7e816e1a2f38b14551a5ef64ec24ea3d47,H3,10923,11096,10979,1.015838,false
edit_write,d4c505eff55e5d69bc44a9b3d186bd7e816e1a2f38b14551a5ef64ec24ea3d47,H4,5592,5658,5547,1.020011,false
edit_write,d50a9b74fb38f6574eaf08014abc23d3371c1df61f9be2e68c776b3c1d35d83d,H1,39901,40379,38849,1.039383,false
edit_write,d50a9b74fb38f6574eaf08014abc23d3371c1df61f9be2e68c776b3c1d35d83d,H2,12764,13634,12744,1.069837,false
edit_write,d50a9b74fb38f6574eaf08014abc23d3371c1df61f9be2e68c776b3c1d35d83d,H0,27245,26508,26289,1.036365,false
edit_write,d50a9b74fb38f6574eaf08014abc23d3371c1df61f9be2e68c776b3c1d35d83d,H3,10364,10455,10429,1.008780,false
edit_write,d50a9b74fb38f6574eaf08014abc23d3371c1df61f9be2e68c776b3c1d35d83d,H4,6498,6462,6193,1.049249,false
edit_write,d5502cc52c2173802f4aa342217f7333ea54ca238086c96a253ff4568a0a2828,H1,33792,33626,33771,1.004937,false
edit_write,d5502cc52c2173802f4aa342217f7333ea54ca238086c96a253ff4568a0a2828,H2,8720,9234,8973,1.058945,false
edit_write,d5502cc52c2173802f4aa342217f7333ea54ca238086c96a253ff4568a0a2828,H0,19822,21806,19796,1.101536,false
edit_write,d5502cc52c2173802f4aa342217f7333ea54ca238086c96a253ff4568a0a2828,H3,8227,8477,8584,1.043394,false
edit_write,d5502cc52c2173802f4aa342217f7333ea54ca238086c96a253ff4568a0a2828,H4,4702,4886,4865,1.039132,false
edit_write,d57572272c305031dc25d72be17c7082fae40f2091bd40fcbd8e2f5022231818,H1,28605,29373,29733,1.039434,false
edit_write,d57572272c305031dc25d72be17c7082fae40f2091bd40fcbd8e2f5022231818,H2,24568,25372,24648,1.032725,false
edit_write,d57572272c305031dc25d72be17c7082fae40f2091bd40fcbd8e2f5022231818,H0,16303,16108,15755,1.034783,false
edit_write,d57572272c305031dc25d72be17c7082fae40f2091bd40fcbd8e2f5022231818,H3,23719,23346,23671,1.015977,false
edit_write,d57572272c305031dc25d72be17c7082fae40f2091bd40fcbd8e2f5022231818,H4,33507,33408,33540,1.003951,false
edit_write,d6077ad362388f522da55189dd08271cc7e14ce18ec3454f5d3a2ac6f173eba0,H1,68660,70910,71590,1.042674,false
edit_write,d6077ad362388f522da55189dd08271cc7e14ce18ec3454f5d3a2ac6f173eba0,H2,25307,25656,25129,1.020972,false
edit_write,d6077ad362388f522da55189dd08271cc7e14ce18ec3454f5d3a2ac6f173eba0,H0,49000,48729,47351,1.034825,false
edit_write,d6077ad362388f522da55189dd08271cc7e14ce18ec3454f5d3a2ac6f173eba0,H3,23381,23792,23765,1.017578,false
edit_write,d6077ad362388f522da55189dd08271cc7e14ce18ec3454f5d3a2ac6f173eba0,H4,14804,15497,14992,1.046812,false
edit_write,d6ae01bb10be9373be3537aa84e19572059730a328de85cb276a1a4fbea772a1,H1,5215,5242,5066,1.034741,false
edit_write,d6ae01bb10be9373be3537aa84e19572059730a328de85cb276a1a4fbea772a1,H2,7764,8057,8274,1.065688,false
edit_write,d6ae01bb10be9373be3537aa84e19572059730a328de85cb276a1a4fbea772a1,H0,24926,24785,24999,1.008634,false
edit_write,d6ae01bb10be9373be3537aa84e19572059730a328de85cb276a1a4fbea772a1,H3,7631,7601,7622,1.003947,false
edit_write,d6ae01bb10be9373be3537aa84e19572059730a328de85cb276a1a4fbea772a1,H4,5347,5524,5547,1.037404,false
edit_write,d7fa8a9d0620b241515ceeebf6c2d2190acdb0da0db529665cbc27d44f676ef5,H1,69152,69979,70066,1.013217,false
edit_write,d7fa8a9d0620b241515ceeebf6c2d2190acdb0da0db529665cbc27d44f676ef5,H2,18938,19204,18667,1.028767,false
edit_write,d7fa8a9d0620b241515ceeebf6c2d2190acdb0da0db529665cbc27d44f676ef5,H0,42345,41945,47408,1.130242,false
edit_write,d7fa8a9d0620b241515ceeebf6c2d2190acdb0da0db529665cbc27d44f676ef5,H3,17754,17870,17773,1.006534,false
edit_write,d7fa8a9d0620b241515ceeebf6c2d2190acdb0da0db529665cbc27d44f676ef5,H4,10930,11116,10933,1.017017,false
edit_write,d928d2fc2c8c027c3fc004d772f51aa2d56698ac0b338c1c090ca87f7eaa2b4c,H1,71775,76079,73134,1.059965,false
edit_write,d928d2fc2c8c027c3fc004d772f51aa2d56698ac0b338c1c090ca87f7eaa2b4c,H2,25952,26759,26336,1.031096,false
edit_write,d928d2fc2c8c027c3fc004d772f51aa2d56698ac0b338c1c090ca87f7eaa2b4c,H0,48184,51088,47764,1.069592,false
edit_write,d928d2fc2c8c027c3fc004d772f51aa2d56698ac0b338c1c090ca87f7eaa2b4c,H3,26138,28490,26405,1.089984,false
edit_write,d928d2fc2c8c027c3fc004d772f51aa2d56698ac0b338c1c090ca87f7eaa2b4c,H4,15819,16863,15952,1.065997,false
edit_write,da0f382d9ae2d1c638afc64fbf55ff9bf1f2d45e99a0838bb4ea2508e901f095,H1,5059,4117,4827,1.228807,false
edit_write,da0f382d9ae2d1c638afc64fbf55ff9bf1f2d45e99a0838bb4ea2508e901f095,H2,9477,9415,9682,1.028359,false
edit_write,da0f382d9ae2d1c638afc64fbf55ff9bf1f2d45e99a0838bb4ea2508e901f095,H0,53047,52767,52709,1.006413,false
edit_write,da0f382d9ae2d1c638afc64fbf55ff9bf1f2d45e99a0838bb4ea2508e901f095,H3,7737,7584,7649,1.020174,false
edit_write,da0f382d9ae2d1c638afc64fbf55ff9bf1f2d45e99a0838bb4ea2508e901f095,H4,4180,4167,3968,1.053427,false
edit_write,db98a6ab43bc30f1129ee2d1455564e6fe33274fd8248d8363c4f828f81f6ddb,H1,1806,1817,1760,1.032386,false
edit_write,db98a6ab43bc30f1129ee2d1455564e6fe33274fd8248d8363c4f828f81f6ddb,H2,2210,2278,2184,1.043040,false
edit_write,db98a6ab43bc30f1129ee2d1455564e6fe33274fd8248d8363c4f828f81f6ddb,H0,1399,1390,1379,1.014503,false
edit_write,db98a6ab43bc30f1129ee2d1455564e6fe33274fd8248d8363c4f828f81f6ddb,H3,2401,2215,2208,1.087409,false
edit_write,db98a6ab43bc30f1129ee2d1455564e6fe33274fd8248d8363c4f828f81f6ddb,H4,1483,1423,1435,1.042164,false
edit_write,dc56b851c8950aaa6444f8b6429387c50081329722f25791475ea8b7b52d0e55,H1,10220,10689,10386,1.045890,false
edit_write,dc56b851c8950aaa6444f8b6429387c50081329722f25791475ea8b7b52d0e55,H2,10403,10552,10250,1.029463,false
edit_write,dc56b851c8950aaa6444f8b6429387c50081329722f25791475ea8b7b52d0e55,H0,18049,18193,17885,1.017221,false
edit_write,dc56b851c8950aaa6444f8b6429387c50081329722f25791475ea8b7b52d0e55,H3,9126,8595,8732,1.061780,false
edit_write,dc56b851c8950aaa6444f8b6429387c50081329722f25791475ea8b7b52d0e55,H4,4461,4547,4536,1.019278,false
edit_write,dcc057acf138328dd32faa61e709ed690dbe222049aaab59437db74e2c467e6f,H1,15931,15678,16151,1.030170,false
edit_write,dcc057acf138328dd32faa61e709ed690dbe222049aaab59437db74e2c467e6f,H2,14253,14126,13617,1.046706,false
edit_write,dcc057acf138328dd32faa61e709ed690dbe222049aaab59437db74e2c467e6f,H0,31960,34936,31220,1.119026,false
edit_write,dcc057acf138328dd32faa61e709ed690dbe222049aaab59437db74e2c467e6f,H3,11953,12113,11898,1.018070,false
edit_write,dcc057acf138328dd32faa61e709ed690dbe222049aaab59437db74e2c467e6f,H4,6507,6113,6321,1.064453,false
edit_write,dccbfb960df0592b7f962980c2b563a92a269c298e9bbb6e353a131e09bf8b2f,H1,1200,1208,1223,1.019167,false
edit_write,dccbfb960df0592b7f962980c2b563a92a269c298e9bbb6e353a131e09bf8b2f,H2,1552,1728,1506,1.147410,false
edit_write,dccbfb960df0592b7f962980c2b563a92a269c298e9bbb6e353a131e09bf8b2f,H0,806,771,758,1.063325,false
edit_write,dccbfb960df0592b7f962980c2b563a92a269c298e9bbb6e353a131e09bf8b2f,H3,1780,1832,1758,1.042093,false
edit_write,dccbfb960df0592b7f962980c2b563a92a269c298e9bbb6e353a131e09bf8b2f,H4,1183,1254,1124,1.115658,false
edit_write,dddaa6f247bca48e0d302c30e2051c60e9ba33a0b8232e1babe19ad0a9a67a5b,H1,67348,69754,146932,2.181683,true
edit_write,dddaa6f247bca48e0d302c30e2051c60e9ba33a0b8232e1babe19ad0a9a67a5b,H2,19243,19469,20100,1.044536,false
edit_write,dddaa6f247bca48e0d302c30e2051c60e9ba33a0b8232e1babe19ad0a9a67a5b,H0,42964,43781,85123,1.981263,true
edit_write,dddaa6f247bca48e0d302c30e2051c60e9ba33a0b8232e1babe19ad0a9a67a5b,H3,18477,18423,31206,1.693861,true
edit_write,dddaa6f247bca48e0d302c30e2051c60e9ba33a0b8232e1babe19ad0a9a67a5b,H4,9724,10191,16710,1.718429,true
edit_write,ddfddcd220e9837f01d6fc88ef5133ccdc5a1af536522ca797a76d4796cf9c9f,H1,9569,9348,9140,1.046937,false
edit_write,ddfddcd220e9837f01d6fc88ef5133ccdc5a1af536522ca797a76d4796cf9c9f,H2,11400,11618,11890,1.042982,false
edit_write,ddfddcd220e9837f01d6fc88ef5133ccdc5a1af536522ca797a76d4796cf9c9f,H0,19102,19024,18870,1.012295,false
edit_write,ddfddcd220e9837f01d6fc88ef5133ccdc5a1af536522ca797a76d4796cf9c9f,H3,9962,10309,10476,1.051596,false
edit_write,ddfddcd220e9837f01d6fc88ef5133ccdc5a1af536522ca797a76d4796cf9c9f,H4,4988,4997,4851,1.030097,false
edit_write,deec120ccaf855ffb72678a86f70fb4fa05da76419d8bbb52a4141ffcaa9d45d,H1,16072,17002,15945,1.066290,false
edit_write,deec120ccaf855ffb72678a86f70fb4fa05da76419d8bbb52a4141ffcaa9d45d,H2,6531,7055,6473,1.089912,false
edit_write,deec120ccaf855ffb72678a86f70fb4fa05da76419d8bbb52a4141ffcaa9d45d,H0,11663,12237,11266,1.086189,false
edit_write,deec120ccaf855ffb72678a86f70fb4fa05da76419d8bbb52a4141ffcaa9d45d,H3,6199,6649,6291,1.072592,false
edit_write,deec120ccaf855ffb72678a86f70fb4fa05da76419d8bbb52a4141ffcaa9d45d,H4,3334,3580,3251,1.101200,false
edit_write,def93c41f1733ca232755061103edd2623fd7ec39fb9d995b005d82d0e9ed15e,H1,72088,71208,70511,1.022365,false
edit_write,def93c41f1733ca232755061103edd2623fd7ec39fb9d995b005d82d0e9ed15e,H2,38977,39591,39063,1.015753,false
edit_write,def93c41f1733ca232755061103edd2623fd7ec39fb9d995b005d82d0e9ed15e,H0,43588,43934,42960,1.022672,false
edit_write,def93c41f1733ca232755061103edd2623fd7ec39fb9d995b005d82d0e9ed15e,H3,37610,37045,36936,1.018248,false
edit_write,def93c41f1733ca232755061103edd2623fd7ec39fb9d995b005d82d0e9ed15e,H4,77469,78492,77863,1.013205,false
edit_write,df3653bddca59e9295c25e92d246b4be2cc17efecc3d19511fdf3165c6ee5360,H1,33578,33854,34027,1.013372,false
edit_write,df3653bddca59e9295c25e92d246b4be2cc17efecc3d19511fdf3165c6ee5360,H2,8156,8342,8294,1.022805,false
edit_write,df3653bddca59e9295c25e92d246b4be2cc17efecc3d19511fdf3165c6ee5360,H0,20498,19573,20630,1.054003,false
edit_write,df3653bddca59e9295c25e92d246b4be2cc17efecc3d19511fdf3165c6ee5360,H3,7359,7512,8508,1.156135,false
edit_write,df3653bddca59e9295c25e92d246b4be2cc17efecc3d19511fdf3165c6ee5360,H4,4511,4633,4518,1.027045,false
edit_write,dffec48502f2116a822f56bebe3352afedc3e7da29661b772d06f600e975e67c,H1,33750,33634,36611,1.088512,false
edit_write,dffec48502f2116a822f56bebe3352afedc3e7da29661b772d06f600e975e67c,H2,9090,10238,9504,1.126293,false
edit_write,dffec48502f2116a822f56bebe3352afedc3e7da29661b772d06f600e975e67c,H0,20249,22665,20770,1.119315,false
edit_write,dffec48502f2116a822f56bebe3352afedc3e7da29661b772d06f600e975e67c,H3,9140,8664,8672,1.054940,false
edit_write,dffec48502f2116a822f56bebe3352afedc3e7da29661b772d06f600e975e67c,H4,4879,5281,4803,1.099521,false
edit_write,e085ec33bfbf9d19ba1eba4b57f144467e8adc566a2b901b3bc6e35c7c2e6294,H1,26340,26365,26955,1.023349,false
edit_write,e085ec33bfbf9d19ba1eba4b57f144467e8adc566a2b901b3bc6e35c7c2e6294,H2,10817,10940,10739,1.018717,false
edit_write,e085ec33bfbf9d19ba1eba4b57f144467e8adc566a2b901b3bc6e35c7c2e6294,H0,16269,16377,18104,1.112791,false
edit_write,e085ec33bfbf9d19ba1eba4b57f144467e8adc566a2b901b3bc6e35c7c2e6294,H3,9729,10428,11518,1.183883,false
edit_write,e085ec33bfbf9d19ba1eba4b57f144467e8adc566a2b901b3bc6e35c7c2e6294,H4,5838,6238,5965,1.068517,false
edit_write,e14135e852ac642a0ef48af0180732798427e21b4f49092e1beb05551dc3e546,H1,4845,4870,4747,1.025911,false
edit_write,e14135e852ac642a0ef48af0180732798427e21b4f49092e1beb05551dc3e546,H2,5979,6348,5812,1.092223,false
edit_write,e14135e852ac642a0ef48af0180732798427e21b4f49092e1beb05551dc3e546,H0,15789,15751,15513,1.017792,false
edit_write,e14135e852ac642a0ef48af0180732798427e21b4f49092e1beb05551dc3e546,H3,5649,5843,5483,1.065657,false
edit_write,e14135e852ac642a0ef48af0180732798427e21b4f49092e1beb05551dc3e546,H4,2992,3297,3030,1.101939,false
edit_write,e2481a67e3a6898bdc021d732c6879ebdd4fa170f59aba348b1760416fe552e0,H1,14176,14832,14456,1.046275,false
edit_write,e2481a67e3a6898bdc021d732c6879ebdd4fa170f59aba348b1760416fe552e0,H2,15794,17363,16197,1.099342,false
edit_write,e2481a67e3a6898bdc021d732c6879ebdd4fa170f59aba348b1760416fe552e0,H0,31058,31007,31770,1.024607,false
edit_write,e2481a67e3a6898bdc021d732c6879ebdd4fa170f59aba348b1760416fe552e0,H3,13729,14362,14102,1.046107,false
edit_write,e2481a67e3a6898bdc021d732c6879ebdd4fa170f59aba348b1760416fe552e0,H4,6187,6220,6067,1.025218,false
edit_write,e33d056486e9ad3e327a3b2e745761221b2d50ff860ba2024c6bb7b1514a539e,H1,35507,35471,35552,1.002284,false
edit_write,e33d056486e9ad3e327a3b2e745761221b2d50ff860ba2024c6bb7b1514a539e,H2,14956,14676,14134,1.058158,false
edit_write,e33d056486e9ad3e327a3b2e745761221b2d50ff860ba2024c6bb7b1514a539e,H0,21454,21357,20660,1.038432,false
edit_write,e33d056486e9ad3e327a3b2e745761221b2d50ff860ba2024c6bb7b1514a539e,H3,14603,14554,14237,1.025708,false
edit_write,e33d056486e9ad3e327a3b2e745761221b2d50ff860ba2024c6bb7b1514a539e,H4,8305,8730,8385,1.051174,false
edit_write,e35afeecd6c593f0e1d6bc9d348cdfe5988aa9b28e44f2f1e496df57f64ac65e,H1,33326,34106,33933,1.023405,false
edit_write,e35afeecd6c593f0e1d6bc9d348cdfe5988aa9b28e44f2f1e496df57f64ac65e,H2,9308,9176,8780,1.060137,false
edit_write,e35afeecd6c593f0e1d6bc9d348cdfe5988aa9b28e44f2f1e496df57f64ac65e,H0,24431,24566,24453,1.005526,false
edit_write,e35afeecd6c593f0e1d6bc9d348cdfe5988aa9b28e44f2f1e496df57f64ac65e,H3,7761,8014,8034,1.035176,false
edit_write,e35afeecd6c593f0e1d6bc9d348cdfe5988aa9b28e44f2f1e496df57f64ac65e,H4,4478,4645,4453,1.043117,false
edit_write,e3fa0aba7389e3ce36094559998df525d3eca3f91a17de6a407779eb041f20e2,H1,69166,74250,71127,1.073504,false
edit_write,e3fa0aba7389e3ce36094559998df525d3eca3f91a17de6a407779eb041f20e2,H2,19362,19380,18862,1.027463,false
edit_write,e3fa0aba7389e3ce36094559998df525d3eca3f91a17de6a407779eb041f20e2,H0,44145,43512,43322,1.018997,false
edit_write,e3fa0aba7389e3ce36094559998df525d3eca3f91a17de6a407779eb041f20e2,H3,17791,18040,17946,1.013996,false
edit_write,e3fa0aba7389e3ce36094559998df525d3eca3f91a17de6a407779eb041f20e2,H4,11596,11716,11215,1.044672,false
edit_write,e46709f6e4c8f8150c0a193e0f0185d0669b6736e15f7af0c4e989a1b4cdf0af,H1,15496,16003,16060,1.036396,false
edit_write,e46709f6e4c8f8150c0a193e0f0185d0669b6736e15f7af0c4e989a1b4cdf0af,H2,5936,6258,5709,1.096164,false
edit_write,e46709f6e4c8f8150c0a193e0f0185d0669b6736e15f7af0c4e989a1b4cdf0af,H0,11737,11620,11449,1.025155,false
edit_write,e46709f6e4c8f8150c0a193e0f0185d0669b6736e15f7af0c4e989a1b4cdf0af,H3,5738,5534,5403,1.062003,false
edit_write,e46709f6e4c8f8150c0a193e0f0185d0669b6736e15f7af0c4e989a1b4cdf0af,H4,3089,3154,3016,1.045756,false
edit_write,e52482b490ffa6f110fef0462767e13ec236040da0152277b8dc741b36946264,H1,72789,72182,71565,1.017103,false
edit_write,e52482b490ffa6f110fef0462767e13ec236040da0152277b8dc741b36946264,H2,23053,23045,22842,1.009237,false
edit_write,e52482b490ffa6f110fef0462767e13ec236040da0152277b8dc741b36946264,H0,49240,47821,48027,1.029673,false
edit_write,e52482b490ffa6f110fef0462767e13ec236040da0152277b8dc741b36946264,H3,22893,22955,22746,1.009188,false
edit_write,e52482b490ffa6f110fef0462767e13ec236040da0152277b8dc741b36946264,H4,14201,13892,13982,1.022243,false
edit_write,e56d62a77dba18eae80e137fa93b491150bc071d70c387c71ffeb7b1144e9ce9,H1,6152,6139,6154,1.002443,false
edit_write,e56d62a77dba18eae80e137fa93b491150bc071d70c387c71ffeb7b1144e9ce9,H2,10879,11091,11380,1.046052,false
edit_write,e56d62a77dba18eae80e137fa93b491150bc071d70c387c71ffeb7b1144e9ce9,H0,19894,18853,18081,1.100271,false
edit_write,e56d62a77dba18eae80e137fa93b491150bc071d70c387c71ffeb7b1144e9ce9,H3,9220,9353,9212,1.015306,false
edit_write,e56d62a77dba18eae80e137fa93b491150bc071d70c387c71ffeb7b1144e9ce9,H4,4927,4758,4720,1.043856,false
edit_write,e5feaf72a5564ee9e88ab2df002883d6f6afc96280e4b3ef6294d64d1167452f,H1,40983,39375,40610,1.040838,false
edit_write,e5feaf72a5564ee9e88ab2df002883d6f6afc96280e4b3ef6294d64d1167452f,H2,11661,11521,11599,1.012152,false
edit_write,e5feaf72a5564ee9e88ab2df002883d6f6afc96280e4b3ef6294d64d1167452f,H0,28027,27176,26979,1.038845,false
edit_write,e5feaf72a5564ee9e88ab2df002883d6f6afc96280e4b3ef6294d64d1167452f,H3,9396,9427,9268,1.017156,false
edit_write,e5feaf72a5564ee9e88ab2df002883d6f6afc96280e4b3ef6294d64d1167452f,H4,5012,5215,5134,1.040503,false
edit_write,e640032fcb4b41cabefdda40065e68885bee492b6898b5507867044f4955ac77,H1,39234,40031,39626,1.020314,false
edit_write,e640032fcb4b41cabefdda40065e68885bee492b6898b5507867044f4955ac77,H2,12617,12556,12476,1.011302,false
edit_write,e640032fcb4b41cabefdda40065e68885bee492b6898b5507867044f4955ac77,H0,26606,27258,26254,1.038242,false
edit_write,e640032fcb4b41cabefdda40065e68885bee492b6898b5507867044f4955ac77,H3,10911,10878,10603,1.029048,false
edit_write,e640032fcb4b41cabefdda40065e68885bee492b6898b5507867044f4955ac77,H4,5765,5840,5970,1.035559,false
edit_write,e650830d8dfdf9ba117cae8186a3a497fef863f83c0ac1b3c9c87ecd795d3fe4,H1,78208,78486,75231,1.043267,false
edit_write,e650830d8dfdf9ba117cae8186a3a497fef863f83c0ac1b3c9c87ecd795d3fe4,H2,28928,29009,29048,1.004148,false
edit_write,e650830d8dfdf9ba117cae8186a3a497fef863f83c0ac1b3c9c87ecd795d3fe4,H0,49869,49308,48938,1.019024,false
edit_write,e650830d8dfdf9ba117cae8186a3a497fef863f83c0ac1b3c9c87ecd795d3fe4,H3,28649,29025,28900,1.013124,false
edit_write,e650830d8dfdf9ba117cae8186a3a497fef863f83c0ac1b3c9c87ecd795d3fe4,H4,18001,17448,17595,1.031694,false
edit_write,e68cd754c3dac6c5c22c04510cdf4a6e94ab2156c9c8dee1092ac354741ac651,H1,68082,67794,67781,1.004441,false
edit_write,e68cd754c3dac6c5c22c04510cdf4a6e94ab2156c9c8dee1092ac354741ac651,H2,15852,15791,15744,1.006860,false
edit_write,e68cd754c3dac6c5c22c04510cdf4a6e94ab2156c9c8dee1092ac354741ac651,H0,42914,42130,42030,1.021033,false
edit_write,e68cd754c3dac6c5c22c04510cdf4a6e94ab2156c9c8dee1092ac354741ac651,H3,14316,14377,13939,1.031423,false
edit_write,e68cd754c3dac6c5c22c04510cdf4a6e94ab2156c9c8dee1092ac354741ac651,H4,8588,9377,8415,1.114320,false
edit_write,e9cac494e2a3b9d05dc05c8eeffb7d84337317220ec3075084bacbfb9ae3155f,H1,40626,40880,40477,1.009956,false
edit_write,e9cac494e2a3b9d05dc05c8eeffb7d84337317220ec3075084bacbfb9ae3155f,H2,11671,11753,11373,1.033412,false
edit_write,e9cac494e2a3b9d05dc05c8eeffb7d84337317220ec3075084bacbfb9ae3155f,H0,27657,27374,27032,1.023121,false
edit_write,e9cac494e2a3b9d05dc05c8eeffb7d84337317220ec3075084bacbfb9ae3155f,H3,9336,9360,9296,1.006885,false
edit_write,e9cac494e2a3b9d05dc05c8eeffb7d84337317220ec3075084bacbfb9ae3155f,H4,4782,5282,4944,1.104559,false
edit_write,ea21bb524195d67cb8bd7e44d83f9b06b41e4674b76beefe64e748dc9dcb09d5,H1,72152,72992,72619,1.011642,false
edit_write,ea21bb524195d67cb8bd7e44d83f9b06b41e4674b76beefe64e748dc9dcb09d5,H2,26556,26640,28140,1.059648,false
edit_write,ea21bb524195d67cb8bd7e44d83f9b06b41e4674b76beefe64e748dc9dcb09d5,H0,48932,47841,47521,1.029692,false
edit_write,ea21bb524195d67cb8bd7e44d83f9b06b41e4674b76beefe64e748dc9dcb09d5,H3,26157,26746,26646,1.022518,false
edit_write,ea21bb524195d67cb8bd7e44d83f9b06b41e4674b76beefe64e748dc9dcb09d5,H4,15441,15778,16120,1.043974,false
edit_write,eaada7a97bf42c495f0e4a30c807aab4230e1c800c17df3e814742137b46ac65,H1,34034,34011,33642,1.011652,false
edit_write,eaada7a97bf42c495f0e4a30c807aab4230e1c800c17df3e814742137b46ac65,H2,9587,9555,9050,1.059337,false
edit_write,eaada7a97bf42c495f0e4a30c807aab4230e1c800c17df3e814742137b46ac65,H0,27812,24131,23759,1.170588,false
edit_write,eaada7a97bf42c495f0e4a30c807aab4230e1c800c17df3e814742137b46ac65,H3,8894,8446,8436,1.054291,false
edit_write,eaada7a97bf42c495f0e4a30c807aab4230e1c800c17df3e814742137b46ac65,H4,4667,4731,4682,1.013713,false
edit_write,ecdec5e939c073acfbc351d68258389a216c2463007458b61e13705fe5f37f2e,H1,34079,33834,33682,1.011787,false
edit_write,ecdec5e939c073acfbc351d68258389a216c2463007458b61e13705fe5f37f2e,H2,9327,9815,9496,1.052321,false
edit_write,ecdec5e939c073acfbc351d68258389a216c2463007458b61e13705fe5f37f2e,H0,24487,24274,23762,1.030511,false
edit_write,ecdec5e939c073acfbc351d68258389a216c2463007458b61e13705fe5f37f2e,H3,8490,8665,8524,1.020612,false
edit_write,ecdec5e939c073acfbc351d68258389a216c2463007458b61e13705fe5f37f2e,H4,4597,4805,4525,1.061878,false
edit_write,ed06094607cb4185d6f5db2ecf7d05957677881858b80727b1800d83b894e324,H1,10563,10550,10127,1.043053,false
edit_write,ed06094607cb4185d6f5db2ecf7d05957677881858b80727b1800d83b894e324,H2,15883,16105,15756,1.022150,false
edit_write,ed06094607cb4185d6f5db2ecf7d05957677881858b80727b1800d83b894e324,H0,53176,53347,52662,1.013007,false
edit_write,ed06094607cb4185d6f5db2ecf7d05957677881858b80727b1800d83b894e324,H3,15550,15490,15707,1.014009,false
edit_write,ed06094607cb4185d6f5db2ecf7d05957677881858b80727b1800d83b894e324,H4,10725,10935,10664,1.025413,false
edit_write,eea2d13af08d21f480e48d99d66b662ea0ade4cab0824f11b9d295994355b76b,H1,9428,9393,9343,1.009098,false
edit_write,eea2d13af08d21f480e48d99d66b662ea0ade4cab0824f11b9d295994355b76b,H2,12414,12606,12552,1.015466,false
edit_write,eea2d13af08d21f480e48d99d66b662ea0ade4cab0824f11b9d295994355b76b,H0,6157,6297,6055,1.039967,false
edit_write,eea2d13af08d21f480e48d99d66b662ea0ade4cab0824f11b9d295994355b76b,H3,10893,10349,10532,1.052565,false
edit_write,eea2d13af08d21f480e48d99d66b662ea0ade4cab0824f11b9d295994355b76b,H4,7288,7313,7408,1.016465,false
edit_write,efa53e1dd58dda0beb91a1de8b32601841c003215d06acf68ccdfd32ebae72b2,H1,16733,17075,17050,1.020439,false
edit_write,efa53e1dd58dda0beb91a1de8b32601841c003215d06acf68ccdfd32ebae72b2,H2,16551,16688,16236,1.027839,false
edit_write,efa53e1dd58dda0beb91a1de8b32601841c003215d06acf68ccdfd32ebae72b2,H0,31732,32366,32284,1.019980,false
edit_write,efa53e1dd58dda0beb91a1de8b32601841c003215d06acf68ccdfd32ebae72b2,H3,14605,14363,14330,1.019191,false
edit_write,efa53e1dd58dda0beb91a1de8b32601841c003215d06acf68ccdfd32ebae72b2,H4,7140,7350,7421,1.039356,false
edit_write,f0169860a0c6b378bb91f1a12cd5e204c6dc5b560ca705883adea0ddaa96eb3b,H1,34018,33615,34019,1.012018,false
edit_write,f0169860a0c6b378bb91f1a12cd5e204c6dc5b560ca705883adea0ddaa96eb3b,H2,8741,9003,8556,1.052244,false
edit_write,f0169860a0c6b378bb91f1a12cd5e204c6dc5b560ca705883adea0ddaa96eb3b,H0,21209,22728,19577,1.160954,false
edit_write,f0169860a0c6b378bb91f1a12cd5e204c6dc5b560ca705883adea0ddaa96eb3b,H3,7792,7929,7891,1.017582,false
edit_write,f0169860a0c6b378bb91f1a12cd5e204c6dc5b560ca705883adea0ddaa96eb3b,H4,4255,4480,4264,1.052879,false
edit_write,f04d74d299bbbd0534aece43e862eb7221ca297f507f3c33be935acf5c5b2a69,H1,67986,67860,67794,1.002832,false
edit_write,f04d74d299bbbd0534aece43e862eb7221ca297f507f3c33be935acf5c5b2a69,H2,18251,18452,18071,1.021084,false
edit_write,f04d74d299bbbd0534aece43e862eb7221ca297f507f3c33be935acf5c5b2a69,H0,43185,41432,43123,1.042310,false
edit_write,f04d74d299bbbd0534aece43e862eb7221ca297f507f3c33be935acf5c5b2a69,H3,18135,17923,18446,1.029180,false
edit_write,f04d74d299bbbd0534aece43e862eb7221ca297f507f3c33be935acf5c5b2a69,H4,10321,10479,10366,1.015309,false
edit_write,f0831dd6b564b80e4230d3b4f546ff93b7c65d37018a3b627385ef6a6b90d282,H1,28396,26394,27137,1.075851,false
edit_write,f0831dd6b564b80e4230d3b4f546ff93b7c65d37018a3b627385ef6a6b90d282,H2,30205,28935,28063,1.076328,false
edit_write,f0831dd6b564b80e4230d3b4f546ff93b7c65d37018a3b627385ef6a6b90d282,H0,16549,15707,16041,1.053607,false
edit_write,f0831dd6b564b80e4230d3b4f546ff93b7c65d37018a3b627385ef6a6b90d282,H3,27935,28615,27696,1.033182,false
edit_write,f0831dd6b564b80e4230d3b4f546ff93b7c65d37018a3b627385ef6a6b90d282,H4,28410,27211,26771,1.061223,false
edit_write,f0d5cc7a6c9b30f6f232856b70010a25dadae1686c1f0a146a179f2209d24641,H1,68986,67445,69048,1.023768,false
edit_write,f0d5cc7a6c9b30f6f232856b70010a25dadae1686c1f0a146a179f2209d24641,H2,17628,17922,17624,1.016909,false
edit_write,f0d5cc7a6c9b30f6f232856b70010a25dadae1686c1f0a146a179f2209d24641,H0,42968,42813,43564,1.017541,false
edit_write,f0d5cc7a6c9b30f6f232856b70010a25dadae1686c1f0a146a179f2209d24641,H3,16518,16847,17427,1.055031,false
edit_write,f0d5cc7a6c9b30f6f232856b70010a25dadae1686c1f0a146a179f2209d24641,H4,9598,9793,9568,1.023516,false
edit_write,f1fcb363f1117d7452505ae334f87fe70b6acee470a6f796c6441aabda4db061,H1,25343,26377,25095,1.051086,false
edit_write,f1fcb363f1117d7452505ae334f87fe70b6acee470a6f796c6441aabda4db061,H2,10087,11005,9691,1.135590,false
edit_write,f1fcb363f1117d7452505ae334f87fe70b6acee470a6f796c6441aabda4db061,H0,15704,15760,15385,1.024374,false
edit_write,f1fcb363f1117d7452505ae334f87fe70b6acee470a6f796c6441aabda4db061,H3,9159,9702,8825,1.099377,false
edit_write,f1fcb363f1117d7452505ae334f87fe70b6acee470a6f796c6441aabda4db061,H4,5352,5443,5404,1.017003,false
edit_write,f2a00553931d7e619d072d03abfb651dca5066cb32356f2d8aa4b45588138914,H1,15471,15764,15542,1.018939,false
edit_write,f2a00553931d7e619d072d03abfb651dca5066cb32356f2d8aa4b45588138914,H2,6015,6627,5846,1.133596,false
edit_write,f2a00553931d7e619d072d03abfb651dca5066cb32356f2d8aa4b45588138914,H0,11572,11459,11713,1.022166,false
edit_write,f2a00553931d7e619d072d03abfb651dca5066cb32356f2d8aa4b45588138914,H3,5777,5843,5322,1.097896,false
edit_write,f2a00553931d7e619d072d03abfb651dca5066cb32356f2d8aa4b45588138914,H4,3011,3313,3157,1.100299,false
edit_write,f35697d63e9e81b6db079b5f049375cde501fba71cac49b2e7e0655d6820b828,H1,29629,28839,29232,1.027393,false
edit_write,f35697d63e9e81b6db079b5f049375cde501fba71cac49b2e7e0655d6820b828,H2,9791,10229,9909,1.044735,false
edit_write,f35697d63e9e81b6db079b5f049375cde501fba71cac49b2e7e0655d6820b828,H0,18564,18716,18522,1.010474,false
edit_write,f35697d63e9e81b6db079b5f049375cde501fba71cac49b2e7e0655d6820b828,H3,8635,8661,8469,1.022671,false
edit_write,f35697d63e9e81b6db079b5f049375cde501fba71cac49b2e7e0655d6820b828,H4,4528,4483,4430,1.022122,false
edit_write,f42d70c0faaec9d7d28fe545cd6be15a1093f3f326a3404b5900c7a6228a1bc1,H1,31414,31275,33063,1.057170,false
edit_write,f42d70c0faaec9d7d28fe545cd6be15a1093f3f326a3404b5900c7a6228a1bc1,H2,13629,13766,13413,1.026318,false
edit_write,f42d70c0faaec9d7d28fe545cd6be15a1093f3f326a3404b5900c7a6228a1bc1,H0,17843,17325,17350,1.029899,false
edit_write,f42d70c0faaec9d7d28fe545cd6be15a1093f3f326a3404b5900c7a6228a1bc1,H3,12004,12100,12049,1.007997,false
edit_write,f42d70c0faaec9d7d28fe545cd6be15a1093f3f326a3404b5900c7a6228a1bc1,H4,5818,6104,5955,1.049158,false
edit_write,f4c37ff99f209df6496dfe5b3ea465531421dddd2d74ebb719ccf370b4030bd4,H1,26560,26530,47322,1.783717,true
edit_write,f4c37ff99f209df6496dfe5b3ea465531421dddd2d74ebb719ccf370b4030bd4,H2,19181,19269,19630,1.023409,false
edit_write,f4c37ff99f209df6496dfe5b3ea465531421dddd2d74ebb719ccf370b4030bd4,H0,54160,54058,53891,1.004992,false
edit_write,f4c37ff99f209df6496dfe5b3ea465531421dddd2d74ebb719ccf370b4030bd4,H3,17296,17445,29822,1.724214,true
edit_write,f4c37ff99f209df6496dfe5b3ea465531421dddd2d74ebb719ccf370b4030bd4,H4,12009,12155,11844,1.026258,false
edit_write,f5f292a1f9a76c68c51cdedc2639a84f1be63cd22f557203a9363e0fd00d0913,H1,26105,26125,29954,1.147443,false
edit_write,f5f292a1f9a76c68c51cdedc2639a84f1be63cd22f557203a9363e0fd00d0913,H2,9131,9482,9916,1.085971,false
edit_write,f5f292a1f9a76c68c51cdedc2639a84f1be63cd22f557203a9363e0fd00d0913,H0,15900,15666,18924,1.207966,false
edit_write,f5f292a1f9a76c68c51cdedc2639a84f1be63cd22f557203a9363e0fd00d0913,H3,8045,8349,9233,1.147669,false
edit_write,f5f292a1f9a76c68c51cdedc2639a84f1be63cd22f557203a9363e0fd00d0913,H4,4615,4858,5272,1.142362,false
edit_write,f61bfc495b6b4fb15fa7c8e4b239846ad8b1bdd28eed516ad6b3fd70ba992869,H1,10882,11544,11928,1.096122,false
edit_write,f61bfc495b6b4fb15fa7c8e4b239846ad8b1bdd28eed516ad6b3fd70ba992869,H2,13835,14111,13805,1.022166,false
edit_write,f61bfc495b6b4fb15fa7c8e4b239846ad8b1bdd28eed516ad6b3fd70ba992869,H0,18888,18434,18005,1.049042,false
edit_write,f61bfc495b6b4fb15fa7c8e4b239846ad8b1bdd28eed516ad6b3fd70ba992869,H3,12415,12351,12070,1.028583,false
edit_write,f61bfc495b6b4fb15fa7c8e4b239846ad8b1bdd28eed516ad6b3fd70ba992869,H4,7260,7345,7323,1.011708,false
edit_write,f6b7ad8fdd3ca0cc04fc726f7145dec7a841e96ec70a46b83ac199e0ae171bca,H1,68581,68445,68960,1.007524,false
edit_write,f6b7ad8fdd3ca0cc04fc726f7145dec7a841e96ec70a46b83ac199e0ae171bca,H2,18275,18775,18245,1.029049,false
edit_write,f6b7ad8fdd3ca0cc04fc726f7145dec7a841e96ec70a46b83ac199e0ae171bca,H0,43640,42840,42515,1.026461,false
edit_write,f6b7ad8fdd3ca0cc04fc726f7145dec7a841e96ec70a46b83ac199e0ae171bca,H3,18514,18442,18008,1.028099,false
edit_write,f6b7ad8fdd3ca0cc04fc726f7145dec7a841e96ec70a46b83ac199e0ae171bca,H4,10549,10700,10685,1.014314,false
edit_write,f7cd16240695e8403d969ea60241e214bf24a935c1f3784e1b6151ee17dc2754,H1,27635,26341,26434,1.049125,false
edit_write,f7cd16240695e8403d969ea60241e214bf24a935c1f3784e1b6151ee17dc2754,H2,12580,13195,12195,1.082001,false
edit_write,f7cd16240695e8403d969ea60241e214bf24a935c1f3784e1b6151ee17dc2754,H0,15614,15222,15110,1.033355,false
edit_write,f7cd16240695e8403d969ea60241e214bf24a935c1f3784e1b6151ee17dc2754,H3,10820,11129,10586,1.051294,false
edit_write,f7cd16240695e8403d969ea60241e214bf24a935c1f3784e1b6151ee17dc2754,H4,5585,5585,5780,1.034915,false
edit_write,f8fec1d2fddf3830f2f6c9049be9a50487418fe217e6a872dc38727c29aa9b15,H1,26374,26802,27213,1.031812,false
edit_write,f8fec1d2fddf3830f2f6c9049be9a50487418fe217e6a872dc38727c29aa9b15,H2,10992,11096,10528,1.053951,false
edit_write,f8fec1d2fddf3830f2f6c9049be9a50487418fe217e6a872dc38727c29aa9b15,H0,16348,16111,15999,1.021814,false
edit_write,f8fec1d2fddf3830f2f6c9049be9a50487418fe217e6a872dc38727c29aa9b15,H3,10240,10321,10395,1.015137,false
edit_write,f8fec1d2fddf3830f2f6c9049be9a50487418fe217e6a872dc38727c29aa9b15,H4,5800,5983,6172,1.064138,false
edit_write,f94643fb6b680558517d775cc28fd2a02d3bf654111425b839bbf95a08d7f29f,H1,14298,14131,14490,1.025405,false
edit_write,f94643fb6b680558517d775cc28fd2a02d3bf654111425b839bbf95a08d7f29f,H2,14908,14856,15131,1.018511,false
edit_write,f94643fb6b680558517d775cc28fd2a02d3bf654111425b839bbf95a08d7f29f,H0,31008,30484,32923,1.080009,false
edit_write,f94643fb6b680558517d775cc28fd2a02d3bf654111425b839bbf95a08d7f29f,H3,12097,12756,12699,1.054476,false
edit_write,f94643fb6b680558517d775cc28fd2a02d3bf654111425b839bbf95a08d7f29f,H4,5891,6068,5887,1.030746,false
edit_write,f9d9853e5d1a86bd3f5789e51df999bcd31b2ca5d74e70a72c4b106ba06725a7,H1,26978,25336,27014,1.066230,false
edit_write,f9d9853e5d1a86bd3f5789e51df999bcd31b2ca5d74e70a72c4b106ba06725a7,H2,15481,15848,15048,1.053163,false
edit_write,f9d9853e5d1a86bd3f5789e51df999bcd31b2ca5d74e70a72c4b106ba06725a7,H0,16471,15852,15958,1.039049,false
edit_write,f9d9853e5d1a86bd3f5789e51df999bcd31b2ca5d74e70a72c4b106ba06725a7,H3,15267,15898,15223,1.044341,false
edit_write,f9d9853e5d1a86bd3f5789e51df999bcd31b2ca5d74e70a72c4b106ba06725a7,H4,8502,8473,8334,1.020158,false
edit_write,f9e1f690f48c3253326fce967a3f7d87361266afd3942d96d5d78dd2b3c25ad4,H1,36379,36474,36516,1.003766,false
edit_write,f9e1f690f48c3253326fce967a3f7d87361266afd3942d96d5d78dd2b3c25ad4,H2,12069,12464,12100,1.032728,false
edit_write,f9e1f690f48c3253326fce967a3f7d87361266afd3942d96d5d78dd2b3c25ad4,H0,20091,21384,19660,1.087691,false
edit_write,f9e1f690f48c3253326fce967a3f7d87361266afd3942d96d5d78dd2b3c25ad4,H3,11958,12128,11593,1.046149,false
edit_write,f9e1f690f48c3253326fce967a3f7d87361266afd3942d96d5d78dd2b3c25ad4,H4,8023,8398,8170,1.046741,false
edit_write,f9f9788384837350748b55e9fdf2f0827975bb37f45b75ffab7fa0ff4e86486b,H1,35902,34083,33935,1.057964,false
edit_write,f9f9788384837350748b55e9fdf2f0827975bb37f45b75ffab7fa0ff4e86486b,H2,10235,10891,10589,1.064094,false
edit_write,f9f9788384837350748b55e9fdf2f0827975bb37f45b75ffab7fa0ff4e86486b,H0,24074,24388,23701,1.028986,false
edit_write,f9f9788384837350748b55e9fdf2f0827975bb37f45b75ffab7fa0ff4e86486b,H3,9705,10093,10142,1.045028,false
edit_write,f9f9788384837350748b55e9fdf2f0827975bb37f45b75ffab7fa0ff4e86486b,H4,5535,5632,5750,1.038844,false
edit_write,fbf54e62646d4a938dfe09bfa1e7afb91cb32873f150d37c68bcb9e6b1187127,H1,73795,71842,74562,1.037861,false
edit_write,fbf54e62646d4a938dfe09bfa1e7afb91cb32873f150d37c68bcb9e6b1187127,H2,26852,26987,26244,1.028311,false
edit_write,fbf54e62646d4a938dfe09bfa1e7afb91cb32873f150d37c68bcb9e6b1187127,H0,49103,47785,47832,1.027582,false
edit_write,fbf54e62646d4a938dfe09bfa1e7afb91cb32873f150d37c68bcb9e6b1187127,H3,25822,26265,26039,1.017156,false
edit_write,fbf54e62646d4a938dfe09bfa1e7afb91cb32873f150d37c68bcb9e6b1187127,H4,16248,16317,16284,1.004247,false
edit_write,fdf78a5668533a2b09c7c6e670e8f260bc76ada0943d921ec6078a76363c562e,H1,86246,87522,88245,1.023178,false
edit_write,fdf78a5668533a2b09c7c6e670e8f260bc76ada0943d921ec6078a76363c562e,H2,15354,15229,15057,1.019725,false
edit_write,fdf78a5668533a2b09c7c6e670e8f260bc76ada0943d921ec6078a76363c562e,H0,55054,54615,53460,1.029817,false
edit_write,fdf78a5668533a2b09c7c6e670e8f260bc76ada0943d921ec6078a76363c562e,H3,13579,13632,13601,1.003903,false
edit_write,fdf78a5668533a2b09c7c6e670e8f260bc76ada0943d921ec6078a76363c562e,H4,8400,8462,8453,1.007381,false
edit_write,fe26ea0f547ee5341ee2a774c4626d40cff403f978f0eecd4885426a95dd9e4f,H1,32142,30804,33269,1.080022,false
edit_write,fe26ea0f547ee5341ee2a774c4626d40cff403f978f0eecd4885426a95dd9e4f,H2,12121,12341,12215,1.018150,false
edit_write,fe26ea0f547ee5341ee2a774c4626d40cff403f978f0eecd4885426a95dd9e4f,H0,18014,17071,17625,1.055240,false
edit_write,fe26ea0f547ee5341ee2a774c4626d40cff403f978f0eecd4885426a95dd9e4f,H3,10966,10577,11102,1.049636,false
edit_write,fe26ea0f547ee5341ee2a774c4626d40cff403f978f0eecd4885426a95dd9e4f,H4,5486,5451,5396,1.016679,false
edit_write,fea305d72dbbeee48fdea65ea9893a4889602407d2c96d9baf476141ba785ac3,H1,67792,67444,67118,1.010042,false
edit_write,fea305d72dbbeee48fdea65ea9893a4889602407d2c96d9baf476141ba785ac3,H2,57728,58201,57955,1.008194,false
edit_write,fea305d72dbbeee48fdea65ea9893a4889602407d2c96d9baf476141ba785ac3,H0,43668,45666,42931,1.063707,false
edit_write,fea305d72dbbeee48fdea65ea9893a4889602407d2c96d9baf476141ba785ac3,H3,60055,61155,58061,1.053289,false
edit_write,fea305d72dbbeee48fdea65ea9893a4889602407d2c96d9baf476141ba785ac3,H4,66349,67336,66990,1.014876,false
edit_write,ff3e4698ee092736a6520cc9f85bfd5e49a7552f008673c7abaad578d7054728,H1,30554,29970,30502,1.019486,false
edit_write,ff3e4698ee092736a6520cc9f85bfd5e49a7552f008673c7abaad578d7054728,H2,10496,10849,10156,1.068236,false
edit_write,ff3e4698ee092736a6520cc9f85bfd5e49a7552f008673c7abaad578d7054728,H0,19022,18890,18621,1.021535,false
edit_write,ff3e4698ee092736a6520cc9f85bfd5e49a7552f008673c7abaad578d7054728,H3,8725,8858,9398,1.077135,false
edit_write,ff3e4698ee092736a6520cc9f85bfd5e49a7552f008673c7abaad578d7054728,H4,4610,4751,4609,1.030809,false
