surface,case_id,horse,session,prepare_p50_ns,prepare_p95_ns,native_p50_ns,native_p95_ns,total_p50_ns,total_p95_ns
clean_state,02820e239967c59a597ea5eed1392bc8754e1c5965b91983227aecc95581a013,H1,0,,,5783,6534,5783,6534
clean_state,02820e239967c59a597ea5eed1392bc8754e1c5965b91983227aecc95581a013,H1,1,,,5999,6729,5999,6729
clean_state,02820e239967c59a597ea5eed1392bc8754e1c5965b91983227aecc95581a013,H1,2,,,5635,6406,5635,6406
clean_state,02820e239967c59a597ea5eed1392bc8754e1c5965b91983227aecc95581a013,H2,0,,,5191,5750,5191,5750
clean_state,02820e239967c59a597ea5eed1392bc8754e1c5965b91983227aecc95581a013,H2,1,,,5523,6125,5523,6125
clean_state,02820e239967c59a597ea5eed1392bc8754e1c5965b91983227aecc95581a013,H2,2,,,5177,5801,5177,5801
clean_state,02820e239967c59a597ea5eed1392bc8754e1c5965b91983227aecc95581a013,H0,0,,,4322,5202,4322,5202
clean_state,02820e239967c59a597ea5eed1392bc8754e1c5965b91983227aecc95581a013,H0,1,,,4356,4894,4356,4894
clean_state,02820e239967c59a597ea5eed1392bc8754e1c5965b91983227aecc95581a013,H0,2,,,4287,5442,4287,5442
clean_state,02820e239967c59a597ea5eed1392bc8754e1c5965b91983227aecc95581a013,H3,0,,,5181,5905,5181,5905
clean_state,02820e239967c59a597ea5eed1392bc8754e1c5965b91983227aecc95581a013,H3,1,,,5524,16702,5524,16702
clean_state,02820e239967c59a597ea5eed1392bc8754e1c5965b91983227aecc95581a013,H3,2,,,5187,5911,5187,5911
clean_state,02820e239967c59a597ea5eed1392bc8754e1c5965b91983227aecc95581a013,H4,0,,,5590,6396,5590,6396
clean_state,02820e239967c59a597ea5eed1392bc8754e1c5965b91983227aecc95581a013,H4,1,,,5780,6792,5780,6792
clean_state,02820e239967c59a597ea5eed1392bc8754e1c5965b91983227aecc95581a013,H4,2,,,5303,5711,5303,5711
clean_state,080879eaa8dc782753861e308f75faa2737d566753e4c791cacdc3a11e399df6,H1,0,,,27003,37652,27003,37652
clean_state,080879eaa8dc782753861e308f75faa2737d566753e4c791cacdc3a11e399df6,H1,1,,,25318,31196,25318,31196
clean_state,080879eaa8dc782753861e308f75faa2737d566753e4c791cacdc3a11e399df6,H1,2,,,27006,38268,27006,38268
clean_state,080879eaa8dc782753861e308f75faa2737d566753e4c791cacdc3a11e399df6,H2,0,,,23488,24880,23488,24880
clean_state,080879eaa8dc782753861e308f75faa2737d566753e4c791cacdc3a11e399df6,H2,1,,,24213,36512,24213,36512
clean_state,080879eaa8dc782753861e308f75faa2737d566753e4c791cacdc3a11e399df6,H2,2,,,23952,36789,23952,36789
clean_state,080879eaa8dc782753861e308f75faa2737d566753e4c791cacdc3a11e399df6,H0,0,,,18784,20286,18784,20286
clean_state,080879eaa8dc782753861e308f75faa2737d566753e4c791cacdc3a11e399df6,H0,1,,,18972,20567,18972,20567
clean_state,080879eaa8dc782753861e308f75faa2737d566753e4c791cacdc3a11e399df6,H0,2,,,18318,20514,18318,20514
clean_state,080879eaa8dc782753861e308f75faa2737d566753e4c791cacdc3a11e399df6,H3,0,,,24733,35908,24733,35908
clean_state,080879eaa8dc782753861e308f75faa2737d566753e4c791cacdc3a11e399df6,H3,1,,,23830,35716,23830,35716
clean_state,080879eaa8dc782753861e308f75faa2737d566753e4c791cacdc3a11e399df6,H3,2,,,24711,37507,24711,37507
clean_state,080879eaa8dc782753861e308f75faa2737d566753e4c791cacdc3a11e399df6,H4,0,,,24429,36944,24429,36944
clean_state,080879eaa8dc782753861e308f75faa2737d566753e4c791cacdc3a11e399df6,H4,1,,,25084,36101,25084,36101
clean_state,080879eaa8dc782753861e308f75faa2737d566753e4c791cacdc3a11e399df6,H4,2,,,23548,36526,23548,36526
clean_state,21484c1f54cc26eafc9d66024b22bbe60d951187e2b1bb0dd494b9d92df06147,H1,0,,,34634,46404,34634,46404
clean_state,21484c1f54cc26eafc9d66024b22bbe60d951187e2b1bb0dd494b9d92df06147,H1,1,,,32158,34987,32158,34987
clean_state,21484c1f54cc26eafc9d66024b22bbe60d951187e2b1bb0dd494b9d92df06147,H1,2,,,32757,34368,32757,34368
clean_state,21484c1f54cc26eafc9d66024b22bbe60d951187e2b1bb0dd494b9d92df06147,H2,0,,,32510,43442,32510,43442
clean_state,21484c1f54cc26eafc9d66024b22bbe60d951187e2b1bb0dd494b9d92df06147,H2,1,,,32836,44665,32836,44665
clean_state,21484c1f54cc26eafc9d66024b22bbe60d951187e2b1bb0dd494b9d92df06147,H2,2,,,32457,44159,32457,44159
clean_state,21484c1f54cc26eafc9d66024b22bbe60d951187e2b1bb0dd494b9d92df06147,H0,0,,,23842,36392,23842,36392
clean_state,21484c1f54cc26eafc9d66024b22bbe60d951187e2b1bb0dd494b9d92df06147,H0,1,,,23840,25167,23840,25167
clean_state,21484c1f54cc26eafc9d66024b22bbe60d951187e2b1bb0dd494b9d92df06147,H0,2,,,24073,35457,24073,35457
clean_state,21484c1f54cc26eafc9d66024b22bbe60d951187e2b1bb0dd494b9d92df06147,H3,0,,,32111,45079,32111,45079
clean_state,21484c1f54cc26eafc9d66024b22bbe60d951187e2b1bb0dd494b9d92df06147,H3,1,,,31273,33473,31273,33473
clean_state,21484c1f54cc26eafc9d66024b22bbe60d951187e2b1bb0dd494b9d92df06147,H3,2,,,31837,42911,31837,42911
clean_state,21484c1f54cc26eafc9d66024b22bbe60d951187e2b1bb0dd494b9d92df06147,H4,0,,,32160,35641,32160,35641
clean_state,21484c1f54cc26eafc9d66024b22bbe60d951187e2b1bb0dd494b9d92df06147,H4,1,,,32042,34060,32042,34060
clean_state,21484c1f54cc26eafc9d66024b22bbe60d951187e2b1bb0dd494b9d92df06147,H4,2,,,32429,43955,32429,43955
clean_state,2f225eb2e1aa77104e2e5b1ab0993f545fb5b7e5e35f2e33e8fea5a48f3adb1d,H1,0,,,487,705,487,705
clean_state,2f225eb2e1aa77104e2e5b1ab0993f545fb5b7e5e35f2e33e8fea5a48f3adb1d,H1,1,,,497,713,497,713
clean_state,2f225eb2e1aa77104e2e5b1ab0993f545fb5b7e5e35f2e33e8fea5a48f3adb1d,H1,2,,,466,737,466,737
clean_state,2f225eb2e1aa77104e2e5b1ab0993f545fb5b7e5e35f2e33e8fea5a48f3adb1d,H2,0,,,451,598,451,598
clean_state,2f225eb2e1aa77104e2e5b1ab0993f545fb5b7e5e35f2e33e8fea5a48f3adb1d,H2,1,,,416,642,416,642
clean_state,2f225eb2e1aa77104e2e5b1ab0993f545fb5b7e5e35f2e33e8fea5a48f3adb1d,H2,2,,,442,685,442,685
clean_state,2f225eb2e1aa77104e2e5b1ab0993f545fb5b7e5e35f2e33e8fea5a48f3adb1d,H0,0,,,366,492,366,492
clean_state,2f225eb2e1aa77104e2e5b1ab0993f545fb5b7e5e35f2e33e8fea5a48f3adb1d,H0,1,,,402,520,402,520
clean_state,2f225eb2e1aa77104e2e5b1ab0993f545fb5b7e5e35f2e33e8fea5a48f3adb1d,H0,2,,,396,540,396,540
clean_state,2f225eb2e1aa77104e2e5b1ab0993f545fb5b7e5e35f2e33e8fea5a48f3adb1d,H3,0,,,434,603,434,603
clean_state,2f225eb2e1aa77104e2e5b1ab0993f545fb5b7e5e35f2e33e8fea5a48f3adb1d,H3,1,,,405,516,405,516
clean_state,2f225eb2e1aa77104e2e5b1ab0993f545fb5b7e5e35f2e33e8fea5a48f3adb1d,H3,2,,,385,590,385,590
clean_state,2f225eb2e1aa77104e2e5b1ab0993f545fb5b7e5e35f2e33e8fea5a48f3adb1d,H4,0,,,521,714,521,714
clean_state,2f225eb2e1aa77104e2e5b1ab0993f545fb5b7e5e35f2e33e8fea5a48f3adb1d,H4,1,,,486,721,486,721
clean_state,2f225eb2e1aa77104e2e5b1ab0993f545fb5b7e5e35f2e33e8fea5a48f3adb1d,H4,2,,,466,702,466,702
clean_state,46473bc31137bd9a6e7be9242327718912dacc419653793f9fc5afddbb871932,H1,0,,,22890,24630,22890,24630
clean_state,46473bc31137bd9a6e7be9242327718912dacc419653793f9fc5afddbb871932,H1,1,,,22908,39936,22908,39936
clean_state,46473bc31137bd9a6e7be9242327718912dacc419653793f9fc5afddbb871932,H1,2,,,23056,24343,23056,24343
clean_state,46473bc31137bd9a6e7be9242327718912dacc419653793f9fc5afddbb871932,H2,0,,,22692,24076,22692,24076
clean_state,46473bc31137bd9a6e7be9242327718912dacc419653793f9fc5afddbb871932,H2,1,,,23365,25175,23365,25175
clean_state,46473bc31137bd9a6e7be9242327718912dacc419653793f9fc5afddbb871932,H2,2,,,22721,34706,22721,34706
clean_state,46473bc31137bd9a6e7be9242327718912dacc419653793f9fc5afddbb871932,H0,0,,,17729,28981,17729,28981
clean_state,46473bc31137bd9a6e7be9242327718912dacc419653793f9fc5afddbb871932,H0,1,,,15751,16885,15751,16885
clean_state,46473bc31137bd9a6e7be9242327718912dacc419653793f9fc5afddbb871932,H0,2,,,16603,17719,16603,17719
clean_state,46473bc31137bd9a6e7be9242327718912dacc419653793f9fc5afddbb871932,H3,0,,,22218,23902,22218,23902
clean_state,46473bc31137bd9a6e7be9242327718912dacc419653793f9fc5afddbb871932,H3,1,,,23112,36146,23112,36146
clean_state,46473bc31137bd9a6e7be9242327718912dacc419653793f9fc5afddbb871932,H3,2,,,22638,34376,22638,34376
clean_state,46473bc31137bd9a6e7be9242327718912dacc419653793f9fc5afddbb871932,H4,0,,,23055,25102,23055,25102
clean_state,46473bc31137bd9a6e7be9242327718912dacc419653793f9fc5afddbb871932,H4,1,,,22439,29028,22439,29028
clean_state,46473bc31137bd9a6e7be9242327718912dacc419653793f9fc5afddbb871932,H4,2,,,22252,24190,22252,24190
clean_state,51bbbfadb5f526fd0b1edb4b7c33330a8b120a44bde13b1a30e19bcc597d05c4,H1,0,,,31133,42660,31133,42660
clean_state,51bbbfadb5f526fd0b1edb4b7c33330a8b120a44bde13b1a30e19bcc597d05c4,H1,1,,,31682,33959,31682,33959
clean_state,51bbbfadb5f526fd0b1edb4b7c33330a8b120a44bde13b1a30e19bcc597d05c4,H1,2,,,31493,43740,31493,43740
clean_state,51bbbfadb5f526fd0b1edb4b7c33330a8b120a44bde13b1a30e19bcc597d05c4,H2,0,,,30797,33762,30797,33762
clean_state,51bbbfadb5f526fd0b1edb4b7c33330a8b120a44bde13b1a30e19bcc597d05c4,H2,1,,,31435,33916,31435,33916
clean_state,51bbbfadb5f526fd0b1edb4b7c33330a8b120a44bde13b1a30e19bcc597d05c4,H2,2,,,31544,35940,31544,35940
clean_state,51bbbfadb5f526fd0b1edb4b7c33330a8b120a44bde13b1a30e19bcc597d05c4,H0,0,,,22577,33355,22577,33355
clean_state,51bbbfadb5f526fd0b1edb4b7c33330a8b120a44bde13b1a30e19bcc597d05c4,H0,1,,,22853,34835,22853,34835
clean_state,51bbbfadb5f526fd0b1edb4b7c33330a8b120a44bde13b1a30e19bcc597d05c4,H0,2,,,22578,24216,22578,24216
clean_state,51bbbfadb5f526fd0b1edb4b7c33330a8b120a44bde13b1a30e19bcc597d05c4,H3,0,,,30831,32730,30831,32730
clean_state,51bbbfadb5f526fd0b1edb4b7c33330a8b120a44bde13b1a30e19bcc597d05c4,H3,1,,,31460,42758,31460,42758
clean_state,51bbbfadb5f526fd0b1edb4b7c33330a8b120a44bde13b1a30e19bcc597d05c4,H3,2,,,30920,34211,30920,34211
clean_state,51bbbfadb5f526fd0b1edb4b7c33330a8b120a44bde13b1a30e19bcc597d05c4,H4,0,,,31815,44511,31815,44511
clean_state,51bbbfadb5f526fd0b1edb4b7c33330a8b120a44bde13b1a30e19bcc597d05c4,H4,1,,,31401,46515,31401,46515
clean_state,51bbbfadb5f526fd0b1edb4b7c33330a8b120a44bde13b1a30e19bcc597d05c4,H4,2,,,32051,44576,32051,44576
clean_state,5ff47d1475056d610b38bc86ad4daba479679923b9b0abe3c0ee488ac6b42689,H1,0,,,2064,2338,2064,2338
clean_state,5ff47d1475056d610b38bc86ad4daba479679923b9b0abe3c0ee488ac6b42689,H1,1,,,2063,2379,2063,2379
clean_state,5ff47d1475056d610b38bc86ad4daba479679923b9b0abe3c0ee488ac6b42689,H1,2,,,1890,2156,1890,2156
clean_state,5ff47d1475056d610b38bc86ad4daba479679923b9b0abe3c0ee488ac6b42689,H2,0,,,1804,1977,1804,1977
clean_state,5ff47d1475056d610b38bc86ad4daba479679923b9b0abe3c0ee488ac6b42689,H2,1,,,1787,2012,1787,2012
clean_state,5ff47d1475056d610b38bc86ad4daba479679923b9b0abe3c0ee488ac6b42689,H2,2,,,1748,1949,1748,1949
clean_state,5ff47d1475056d610b38bc86ad4daba479679923b9b0abe3c0ee488ac6b42689,H0,0,,,1616,1739,1616,1739
clean_state,5ff47d1475056d610b38bc86ad4daba479679923b9b0abe3c0ee488ac6b42689,H0,1,,,1558,1658,1558,1658
clean_state,5ff47d1475056d610b38bc86ad4daba479679923b9b0abe3c0ee488ac6b42689,H0,2,,,1556,1670,1556,1670
clean_state,5ff47d1475056d610b38bc86ad4daba479679923b9b0abe3c0ee488ac6b42689,H3,0,,,1894,2140,1894,2140
clean_state,5ff47d1475056d610b38bc86ad4daba479679923b9b0abe3c0ee488ac6b42689,H3,1,,,1755,2012,1755,2012
clean_state,5ff47d1475056d610b38bc86ad4daba479679923b9b0abe3c0ee488ac6b42689,H3,2,,,1844,2132,1844,2132
clean_state,5ff47d1475056d610b38bc86ad4daba479679923b9b0abe3c0ee488ac6b42689,H4,0,,,1995,2255,1995,2255
clean_state,5ff47d1475056d610b38bc86ad4daba479679923b9b0abe3c0ee488ac6b42689,H4,1,,,1889,2158,1889,2158
clean_state,5ff47d1475056d610b38bc86ad4daba479679923b9b0abe3c0ee488ac6b42689,H4,2,,,1855,2352,1855,2352
clean_state,6fc99e6cb2c777bca9894f43080a7efc29903b772b89b0b3755a7cbab9366324,H1,0,,,17987,19202,17987,19202
clean_state,6fc99e6cb2c777bca9894f43080a7efc29903b772b89b0b3755a7cbab9366324,H1,1,,,17907,19003,17907,19003
clean_state,6fc99e6cb2c777bca9894f43080a7efc29903b772b89b0b3755a7cbab9366324,H1,2,,,17811,30592,17811,30592
clean_state,6fc99e6cb2c777bca9894f43080a7efc29903b772b89b0b3755a7cbab9366324,H2,0,,,18116,30504,18116,30504
clean_state,6fc99e6cb2c777bca9894f43080a7efc29903b772b89b0b3755a7cbab9366324,H2,1,,,17860,19370,17860,19370
clean_state,6fc99e6cb2c777bca9894f43080a7efc29903b772b89b0b3755a7cbab9366324,H2,2,,,17996,30858,17996,30858
clean_state,6fc99e6cb2c777bca9894f43080a7efc29903b772b89b0b3755a7cbab9366324,H0,0,,,16797,17830,16797,17830
clean_state,6fc99e6cb2c777bca9894f43080a7efc29903b772b89b0b3755a7cbab9366324,H0,1,,,15972,17545,15972,17545
clean_state,6fc99e6cb2c777bca9894f43080a7efc29903b772b89b0b3755a7cbab9366324,H0,2,,,16210,28285,16210,28285
clean_state,6fc99e6cb2c777bca9894f43080a7efc29903b772b89b0b3755a7cbab9366324,H3,0,,,17977,19561,17977,19561
clean_state,6fc99e6cb2c777bca9894f43080a7efc29903b772b89b0b3755a7cbab9366324,H3,1,,,17822,19612,17822,19612
clean_state,6fc99e6cb2c777bca9894f43080a7efc29903b772b89b0b3755a7cbab9366324,H3,2,,,19127,20172,19127,20172
clean_state,6fc99e6cb2c777bca9894f43080a7efc29903b772b89b0b3755a7cbab9366324,H4,0,,,17846,19291,17846,19291
clean_state,6fc99e6cb2c777bca9894f43080a7efc29903b772b89b0b3755a7cbab9366324,H4,1,,,17277,18755,17277,18755
clean_state,6fc99e6cb2c777bca9894f43080a7efc29903b772b89b0b3755a7cbab9366324,H4,2,,,17404,18996,17404,18996
clean_state,73039631b4e45389797f5ef0bb26cc57ac1f3da406ae556a70236a194049d66a,H1,0,,,59567,78342,59567,78342
clean_state,73039631b4e45389797f5ef0bb26cc57ac1f3da406ae556a70236a194049d66a,H1,1,,,60118,77181,60118,77181
clean_state,73039631b4e45389797f5ef0bb26cc57ac1f3da406ae556a70236a194049d66a,H1,2,,,59543,76927,59543,76927
clean_state,73039631b4e45389797f5ef0bb26cc57ac1f3da406ae556a70236a194049d66a,H2,0,,,56839,71434,56839,71434
clean_state,73039631b4e45389797f5ef0bb26cc57ac1f3da406ae556a70236a194049d66a,H2,1,,,56844,70807,56844,70807
clean_state,73039631b4e45389797f5ef0bb26cc57ac1f3da406ae556a70236a194049d66a,H2,2,,,57051,76146,57051,76146
clean_state,73039631b4e45389797f5ef0bb26cc57ac1f3da406ae556a70236a194049d66a,H0,0,,,53189,65242,53189,65242
clean_state,73039631b4e45389797f5ef0bb26cc57ac1f3da406ae556a70236a194049d66a,H0,1,,,53202,66468,53202,66468
clean_state,73039631b4e45389797f5ef0bb26cc57ac1f3da406ae556a70236a194049d66a,H0,2,,,53083,70954,53083,70954
clean_state,73039631b4e45389797f5ef0bb26cc57ac1f3da406ae556a70236a194049d66a,H3,0,,,56807,71741,56807,71741
clean_state,73039631b4e45389797f5ef0bb26cc57ac1f3da406ae556a70236a194049d66a,H3,1,,,57104,72069,57104,72069
clean_state,73039631b4e45389797f5ef0bb26cc57ac1f3da406ae556a70236a194049d66a,H3,2,,,57195,75459,57195,75459
clean_state,73039631b4e45389797f5ef0bb26cc57ac1f3da406ae556a70236a194049d66a,H4,0,,,58494,75876,58494,75876
clean_state,73039631b4e45389797f5ef0bb26cc57ac1f3da406ae556a70236a194049d66a,H4,1,,,60976,75164,60976,75164
clean_state,73039631b4e45389797f5ef0bb26cc57ac1f3da406ae556a70236a194049d66a,H4,2,,,57916,70171,57916,70171
clean_state,879a0f03d0b686e5fd9fff1550d560cdf5686f04c19a85c004977676f6af6c6e,H1,0,,,28318,38604,28318,38604
clean_state,879a0f03d0b686e5fd9fff1550d560cdf5686f04c19a85c004977676f6af6c6e,H1,1,,,28215,44748,28215,44748
clean_state,879a0f03d0b686e5fd9fff1550d560cdf5686f04c19a85c004977676f6af6c6e,H1,2,,,28366,38696,28366,38696
clean_state,879a0f03d0b686e5fd9fff1550d560cdf5686f04c19a85c004977676f6af6c6e,H2,0,,,24765,26833,24765,26833
clean_state,879a0f03d0b686e5fd9fff1550d560cdf5686f04c19a85c004977676f6af6c6e,H2,1,,,25839,40376,25839,40376
clean_state,879a0f03d0b686e5fd9fff1550d560cdf5686f04c19a85c004977676f6af6c6e,H2,2,,,25658,30045,25658,30045
clean_state,879a0f03d0b686e5fd9fff1550d560cdf5686f04c19a85c004977676f6af6c6e,H0,0,,,18192,19334,18192,19334
clean_state,879a0f03d0b686e5fd9fff1550d560cdf5686f04c19a85c004977676f6af6c6e,H0,1,,,17487,19854,17487,19854
clean_state,879a0f03d0b686e5fd9fff1550d560cdf5686f04c19a85c004977676f6af6c6e,H0,2,,,17570,28597,17570,28597
clean_state,879a0f03d0b686e5fd9fff1550d560cdf5686f04c19a85c004977676f6af6c6e,H3,0,,,25850,39414,25850,39414
clean_state,879a0f03d0b686e5fd9fff1550d560cdf5686f04c19a85c004977676f6af6c6e,H3,1,,,26589,37607,26589,37607
clean_state,879a0f03d0b686e5fd9fff1550d560cdf5686f04c19a85c004977676f6af6c6e,H3,2,,,25553,37011,25553,37011
clean_state,879a0f03d0b686e5fd9fff1550d560cdf5686f04c19a85c004977676f6af6c6e,H4,0,,,26693,43810,26693,43810
clean_state,879a0f03d0b686e5fd9fff1550d560cdf5686f04c19a85c004977676f6af6c6e,H4,1,,,27355,46469,27355,46469
clean_state,879a0f03d0b686e5fd9fff1550d560cdf5686f04c19a85c004977676f6af6c6e,H4,2,,,26670,31978,26670,31978
clean_state,87ab6f49c3edfed596075eafb6a0133c6fddff25df05bbade3eff53902be09a2,H1,0,,,75320,91525,75320,91525
clean_state,87ab6f49c3edfed596075eafb6a0133c6fddff25df05bbade3eff53902be09a2,H1,1,,,76712,94671,76712,94671
clean_state,87ab6f49c3edfed596075eafb6a0133c6fddff25df05bbade3eff53902be09a2,H1,2,,,75332,81310,75332,81310
clean_state,87ab6f49c3edfed596075eafb6a0133c6fddff25df05bbade3eff53902be09a2,H2,0,,,66521,83344,66521,83344
clean_state,87ab6f49c3edfed596075eafb6a0133c6fddff25df05bbade3eff53902be09a2,H2,1,,,65662,85160,65662,85160
clean_state,87ab6f49c3edfed596075eafb6a0133c6fddff25df05bbade3eff53902be09a2,H2,2,,,67108,81918,67108,81918
clean_state,87ab6f49c3edfed596075eafb6a0133c6fddff25df05bbade3eff53902be09a2,H0,0,,,53783,64552,53783,64552
clean_state,87ab6f49c3edfed596075eafb6a0133c6fddff25df05bbade3eff53902be09a2,H0,1,,,52642,56445,52642,56445
clean_state,87ab6f49c3edfed596075eafb6a0133c6fddff25df05bbade3eff53902be09a2,H0,2,,,52315,65995,52315,65995
clean_state,87ab6f49c3edfed596075eafb6a0133c6fddff25df05bbade3eff53902be09a2,H3,0,,,70125,83696,70125,83696
clean_state,87ab6f49c3edfed596075eafb6a0133c6fddff25df05bbade3eff53902be09a2,H3,1,,,68432,82680,68432,82680
clean_state,87ab6f49c3edfed596075eafb6a0133c6fddff25df05bbade3eff53902be09a2,H3,2,,,65921,79534,65921,79534
clean_state,87ab6f49c3edfed596075eafb6a0133c6fddff25df05bbade3eff53902be09a2,H4,0,,,73310,85796,73310,85796
clean_state,87ab6f49c3edfed596075eafb6a0133c6fddff25df05bbade3eff53902be09a2,H4,1,,,72287,90408,72287,90408
clean_state,87ab6f49c3edfed596075eafb6a0133c6fddff25df05bbade3eff53902be09a2,H4,2,,,73403,88020,73403,88020
clean_state,8cac5a00f3a2eb4fb54a876d5f7aa219b8ee1ebd7ed76145e5f44611414725aa,H1,0,,,31426,42275,31426,42275
clean_state,8cac5a00f3a2eb4fb54a876d5f7aa219b8ee1ebd7ed76145e5f44611414725aa,H1,1,,,31428,33608,31428,33608
clean_state,8cac5a00f3a2eb4fb54a876d5f7aa219b8ee1ebd7ed76145e5f44611414725aa,H1,2,,,31629,34263,31629,34263
clean_state,8cac5a00f3a2eb4fb54a876d5f7aa219b8ee1ebd7ed76145e5f44611414725aa,H2,0,,,30101,32209,30101,32209
clean_state,8cac5a00f3a2eb4fb54a876d5f7aa219b8ee1ebd7ed76145e5f44611414725aa,H2,1,,,30672,42211,30672,42211
clean_state,8cac5a00f3a2eb4fb54a876d5f7aa219b8ee1ebd7ed76145e5f44611414725aa,H2,2,,,30197,47906,30197,47906
clean_state,8cac5a00f3a2eb4fb54a876d5f7aa219b8ee1ebd7ed76145e5f44611414725aa,H0,0,,,25968,31010,25968,31010
clean_state,8cac5a00f3a2eb4fb54a876d5f7aa219b8ee1ebd7ed76145e5f44611414725aa,H0,1,,,24568,29738,24568,29738
clean_state,8cac5a00f3a2eb4fb54a876d5f7aa219b8ee1ebd7ed76145e5f44611414725aa,H0,2,,,25254,39052,25254,39052
clean_state,8cac5a00f3a2eb4fb54a876d5f7aa219b8ee1ebd7ed76145e5f44611414725aa,H3,0,,,30691,32569,30691,32569
clean_state,8cac5a00f3a2eb4fb54a876d5f7aa219b8ee1ebd7ed76145e5f44611414725aa,H3,1,,,29734,42293,29734,42293
clean_state,8cac5a00f3a2eb4fb54a876d5f7aa219b8ee1ebd7ed76145e5f44611414725aa,H3,2,,,29888,32320,29888,32320
clean_state,8cac5a00f3a2eb4fb54a876d5f7aa219b8ee1ebd7ed76145e5f44611414725aa,H4,0,,,30932,34318,30932,34318
clean_state,8cac5a00f3a2eb4fb54a876d5f7aa219b8ee1ebd7ed76145e5f44611414725aa,H4,1,,,30879,44467,30879,44467
clean_state,8cac5a00f3a2eb4fb54a876d5f7aa219b8ee1ebd7ed76145e5f44611414725aa,H4,2,,,30540,48321,30540,48321
clean_state,94c57cd2d6f40b46599c4aa5e48d1f018bf1f13c6cd301180454f49cd0a01207,H1,0,,,37830,54414,37830,54414
clean_state,94c57cd2d6f40b46599c4aa5e48d1f018bf1f13c6cd301180454f49cd0a01207,H1,1,,,37840,53615,37840,53615
clean_state,94c57cd2d6f40b46599c4aa5e48d1f018bf1f13c6cd301180454f49cd0a01207,H1,2,,,37588,49909,37588,49909
clean_state,94c57cd2d6f40b46599c4aa5e48d1f018bf1f13c6cd301180454f49cd0a01207,H2,0,,,35087,47144,35087,47144
clean_state,94c57cd2d6f40b46599c4aa5e48d1f018bf1f13c6cd301180454f49cd0a01207,H2,1,,,35344,48272,35344,48272
clean_state,94c57cd2d6f40b46599c4aa5e48d1f018bf1f13c6cd301180454f49cd0a01207,H2,2,,,34910,47546,34910,47546
clean_state,94c57cd2d6f40b46599c4aa5e48d1f018bf1f13c6cd301180454f49cd0a01207,H0,0,,,28084,32750,28084,32750
clean_state,94c57cd2d6f40b46599c4aa5e48d1f018bf1f13c6cd301180454f49cd0a01207,H0,1,,,27692,29888,27692,29888
clean_state,94c57cd2d6f40b46599c4aa5e48d1f018bf1f13c6cd301180454f49cd0a01207,H0,2,,,28774,60770,28774,60770
clean_state,94c57cd2d6f40b46599c4aa5e48d1f018bf1f13c6cd301180454f49cd0a01207,H3,0,,,35343,47912,35343,47912
clean_state,94c57cd2d6f40b46599c4aa5e48d1f018bf1f13c6cd301180454f49cd0a01207,H3,1,,,35489,48436,35489,48436
clean_state,94c57cd2d6f40b46599c4aa5e48d1f018bf1f13c6cd301180454f49cd0a01207,H3,2,,,35393,47282,35393,47282
clean_state,94c57cd2d6f40b46599c4aa5e48d1f018bf1f13c6cd301180454f49cd0a01207,H4,0,,,36733,55843,36733,55843
clean_state,94c57cd2d6f40b46599c4aa5e48d1f018bf1f13c6cd301180454f49cd0a01207,H4,1,,,36813,49255,36813,49255
clean_state,94c57cd2d6f40b46599c4aa5e48d1f018bf1f13c6cd301180454f49cd0a01207,H4,2,,,36673,53838,36673,53838
clean_state,96357ea197e919bd66692e993dcb85b0527ed23fdc923c9d28646111145741be,H1,0,,,29446,32333,29446,32333
clean_state,96357ea197e919bd66692e993dcb85b0527ed23fdc923c9d28646111145741be,H1,1,,,29666,46706,29666,46706
clean_state,96357ea197e919bd66692e993dcb85b0527ed23fdc923c9d28646111145741be,H1,2,,,29677,35520,29677,35520
clean_state,96357ea197e919bd66692e993dcb85b0527ed23fdc923c9d28646111145741be,H2,0,,,29434,44897,29434,44897
clean_state,96357ea197e919bd66692e993dcb85b0527ed23fdc923c9d28646111145741be,H2,1,,,30610,43933,30610,43933
clean_state,96357ea197e919bd66692e993dcb85b0527ed23fdc923c9d28646111145741be,H2,2,,,30053,48628,30053,48628
clean_state,96357ea197e919bd66692e993dcb85b0527ed23fdc923c9d28646111145741be,H0,0,,,23429,24750,23429,24750
clean_state,96357ea197e919bd66692e993dcb85b0527ed23fdc923c9d28646111145741be,H0,1,,,21602,26864,21602,26864
clean_state,96357ea197e919bd66692e993dcb85b0527ed23fdc923c9d28646111145741be,H0,2,,,22341,24649,22341,24649
clean_state,96357ea197e919bd66692e993dcb85b0527ed23fdc923c9d28646111145741be,H3,0,,,29920,31974,29920,31974
clean_state,96357ea197e919bd66692e993dcb85b0527ed23fdc923c9d28646111145741be,H3,1,,,29100,31921,29100,31921
clean_state,96357ea197e919bd66692e993dcb85b0527ed23fdc923c9d28646111145741be,H3,2,,,30067,43106,30067,43106
clean_state,96357ea197e919bd66692e993dcb85b0527ed23fdc923c9d28646111145741be,H4,0,,,28822,31222,28822,31222
clean_state,96357ea197e919bd66692e993dcb85b0527ed23fdc923c9d28646111145741be,H4,1,,,29013,31298,29013,31298
clean_state,96357ea197e919bd66692e993dcb85b0527ed23fdc923c9d28646111145741be,H4,2,,,29528,40326,29528,40326
clean_state,a525bd8f153230dfacace9642d48a91c7cb0d9b3620ee6061040637e16b8db6d,H1,0,,,3991,4324,3991,4324
clean_state,a525bd8f153230dfacace9642d48a91c7cb0d9b3620ee6061040637e16b8db6d,H1,1,,,3852,4777,3852,4777
clean_state,a525bd8f153230dfacace9642d48a91c7cb0d9b3620ee6061040637e16b8db6d,H1,2,,,3743,4320,3743,4320
clean_state,a525bd8f153230dfacace9642d48a91c7cb0d9b3620ee6061040637e16b8db6d,H2,0,,,3696,4317,3696,4317
clean_state,a525bd8f153230dfacace9642d48a91c7cb0d9b3620ee6061040637e16b8db6d,H2,1,,,3592,3957,3592,3957
clean_state,a525bd8f153230dfacace9642d48a91c7cb0d9b3620ee6061040637e16b8db6d,H2,2,,,3684,4192,3684,4192
clean_state,a525bd8f153230dfacace9642d48a91c7cb0d9b3620ee6061040637e16b8db6d,H0,0,,,2932,3729,2932,3729
clean_state,a525bd8f153230dfacace9642d48a91c7cb0d9b3620ee6061040637e16b8db6d,H0,1,,,2913,3449,2913,3449
clean_state,a525bd8f153230dfacace9642d48a91c7cb0d9b3620ee6061040637e16b8db6d,H0,2,,,3037,3340,3037,3340
clean_state,a525bd8f153230dfacace9642d48a91c7cb0d9b3620ee6061040637e16b8db6d,H3,0,,,3768,4046,3768,4046
clean_state,a525bd8f153230dfacace9642d48a91c7cb0d9b3620ee6061040637e16b8db6d,H3,1,,,3630,4020,3630,4020
clean_state,a525bd8f153230dfacace9642d48a91c7cb0d9b3620ee6061040637e16b8db6d,H3,2,,,3715,4236,3715,4236
clean_state,a525bd8f153230dfacace9642d48a91c7cb0d9b3620ee6061040637e16b8db6d,H4,0,,,3787,4305,3787,4305
clean_state,a525bd8f153230dfacace9642d48a91c7cb0d9b3620ee6061040637e16b8db6d,H4,1,,,3628,4064,3628,4064
clean_state,a525bd8f153230dfacace9642d48a91c7cb0d9b3620ee6061040637e16b8db6d,H4,2,,,3471,3889,3471,3889
clean_state,a67b28652c65b39dbdf75681aa007d3dd9a9770fc9068923377ee91224de209c,H1,0,,,39555,42375,39555,42375
clean_state,a67b28652c65b39dbdf75681aa007d3dd9a9770fc9068923377ee91224de209c,H1,1,,,40010,42169,40010,42169
clean_state,a67b28652c65b39dbdf75681aa007d3dd9a9770fc9068923377ee91224de209c,H1,2,,,40641,57744,40641,57744
clean_state,a67b28652c65b39dbdf75681aa007d3dd9a9770fc9068923377ee91224de209c,H2,0,,,39324,44051,39324,44051
clean_state,a67b28652c65b39dbdf75681aa007d3dd9a9770fc9068923377ee91224de209c,H2,1,,,40152,56602,40152,56602
clean_state,a67b28652c65b39dbdf75681aa007d3dd9a9770fc9068923377ee91224de209c,H2,2,,,39587,42553,39587,42553
clean_state,a67b28652c65b39dbdf75681aa007d3dd9a9770fc9068923377ee91224de209c,H0,0,,,32333,34921,32333,34921
clean_state,a67b28652c65b39dbdf75681aa007d3dd9a9770fc9068923377ee91224de209c,H0,1,,,31100,48405,31100,48405
clean_state,a67b28652c65b39dbdf75681aa007d3dd9a9770fc9068923377ee91224de209c,H0,2,,,31423,36113,31423,36113
clean_state,a67b28652c65b39dbdf75681aa007d3dd9a9770fc9068923377ee91224de209c,H3,0,,,39994,52761,39994,52761
clean_state,a67b28652c65b39dbdf75681aa007d3dd9a9770fc9068923377ee91224de209c,H3,1,,,39927,51600,39927,51600
clean_state,a67b28652c65b39dbdf75681aa007d3dd9a9770fc9068923377ee91224de209c,H3,2,,,39547,51481,39547,51481
clean_state,a67b28652c65b39dbdf75681aa007d3dd9a9770fc9068923377ee91224de209c,H4,0,,,38739,52737,38739,52737
clean_state,a67b28652c65b39dbdf75681aa007d3dd9a9770fc9068923377ee91224de209c,H4,1,,,41429,56045,41429,56045
clean_state,a67b28652c65b39dbdf75681aa007d3dd9a9770fc9068923377ee91224de209c,H4,2,,,39615,56203,39615,56203
clean_state,a97a63e7b47c9d13529a5560f9a65a42fa2e221fc4cd1ff8781918e9a4669fdd,H1,0,,,1303,2170,1303,2170
clean_state,a97a63e7b47c9d13529a5560f9a65a42fa2e221fc4cd1ff8781918e9a4669fdd,H1,1,,,1306,1669,1306,1669
clean_state,a97a63e7b47c9d13529a5560f9a65a42fa2e221fc4cd1ff8781918e9a4669fdd,H1,2,,,1242,1588,1242,1588
clean_state,a97a63e7b47c9d13529a5560f9a65a42fa2e221fc4cd1ff8781918e9a4669fdd,H2,0,,,1026,1317,1026,1317
clean_state,a97a63e7b47c9d13529a5560f9a65a42fa2e221fc4cd1ff8781918e9a4669fdd,H2,1,,,1123,1464,1123,1464
clean_state,a97a63e7b47c9d13529a5560f9a65a42fa2e221fc4cd1ff8781918e9a4669fdd,H2,2,,,1004,1317,1004,1317
clean_state,a97a63e7b47c9d13529a5560f9a65a42fa2e221fc4cd1ff8781918e9a4669fdd,H0,0,,,901,1164,901,1164
clean_state,a97a63e7b47c9d13529a5560f9a65a42fa2e221fc4cd1ff8781918e9a4669fdd,H0,1,,,914,1123,914,1123
clean_state,a97a63e7b47c9d13529a5560f9a65a42fa2e221fc4cd1ff8781918e9a4669fdd,H0,2,,,825,1027,825,1027
clean_state,a97a63e7b47c9d13529a5560f9a65a42fa2e221fc4cd1ff8781918e9a4669fdd,H3,0,,,1157,1499,1157,1499
clean_state,a97a63e7b47c9d13529a5560f9a65a42fa2e221fc4cd1ff8781918e9a4669fdd,H3,1,,,1092,1422,1092,1422
clean_state,a97a63e7b47c9d13529a5560f9a65a42fa2e221fc4cd1ff8781918e9a4669fdd,H3,2,,,1051,1518,1051,1518
clean_state,a97a63e7b47c9d13529a5560f9a65a42fa2e221fc4cd1ff8781918e9a4669fdd,H4,0,,,1189,1514,1189,1514
clean_state,a97a63e7b47c9d13529a5560f9a65a42fa2e221fc4cd1ff8781918e9a4669fdd,H4,1,,,1119,1438,1119,1438
clean_state,a97a63e7b47c9d13529a5560f9a65a42fa2e221fc4cd1ff8781918e9a4669fdd,H4,2,,,1032,1346,1032,1346
clean_state,b474fe0f45380000e80ee1a3931b09e5165a73c7702e3ae7bf5d057f5f1817d9,H1,0,,,12105,12970,12105,12970
clean_state,b474fe0f45380000e80ee1a3931b09e5165a73c7702e3ae7bf5d057f5f1817d9,H1,1,,,12160,23141,12160,23141
clean_state,b474fe0f45380000e80ee1a3931b09e5165a73c7702e3ae7bf5d057f5f1817d9,H1,2,,,12371,13858,12371,13858
clean_state,b474fe0f45380000e80ee1a3931b09e5165a73c7702e3ae7bf5d057f5f1817d9,H2,0,,,11572,22849,11572,22849
clean_state,b474fe0f45380000e80ee1a3931b09e5165a73c7702e3ae7bf5d057f5f1817d9,H2,1,,,11530,12455,11530,12455
clean_state,b474fe0f45380000e80ee1a3931b09e5165a73c7702e3ae7bf5d057f5f1817d9,H2,2,,,11735,12872,11735,12872
clean_state,b474fe0f45380000e80ee1a3931b09e5165a73c7702e3ae7bf5d057f5f1817d9,H0,0,,,9485,10281,9485,10281
clean_state,b474fe0f45380000e80ee1a3931b09e5165a73c7702e3ae7bf5d057f5f1817d9,H0,1,,,9435,10677,9435,10677
clean_state,b474fe0f45380000e80ee1a3931b09e5165a73c7702e3ae7bf5d057f5f1817d9,H0,2,,,9622,10300,9622,10300
clean_state,b474fe0f45380000e80ee1a3931b09e5165a73c7702e3ae7bf5d057f5f1817d9,H3,0,,,11750,12738,11750,12738
clean_state,b474fe0f45380000e80ee1a3931b09e5165a73c7702e3ae7bf5d057f5f1817d9,H3,1,,,11599,12479,11599,12479
clean_state,b474fe0f45380000e80ee1a3931b09e5165a73c7702e3ae7bf5d057f5f1817d9,H3,2,,,11835,13142,11835,13142
clean_state,b474fe0f45380000e80ee1a3931b09e5165a73c7702e3ae7bf5d057f5f1817d9,H4,0,,,11557,15397,11557,15397
clean_state,b474fe0f45380000e80ee1a3931b09e5165a73c7702e3ae7bf5d057f5f1817d9,H4,1,,,11570,12686,11570,12686
clean_state,b474fe0f45380000e80ee1a3931b09e5165a73c7702e3ae7bf5d057f5f1817d9,H4,2,,,11808,12974,11808,12974
clean_state,bb6c06ba589f05646161fdcb12f7dc942554b85b1274af38038433855096f65a,H1,0,,,1694,2003,1694,2003
clean_state,bb6c06ba589f05646161fdcb12f7dc942554b85b1274af38038433855096f65a,H1,1,,,1665,1918,1665,1918
clean_state,bb6c06ba589f05646161fdcb12f7dc942554b85b1274af38038433855096f65a,H1,2,,,1779,1979,1779,1979
clean_state,bb6c06ba589f05646161fdcb12f7dc942554b85b1274af38038433855096f65a,H2,0,,,1762,1993,1762,1993
clean_state,bb6c06ba589f05646161fdcb12f7dc942554b85b1274af38038433855096f65a,H2,1,,,1832,2348,1832,2348
clean_state,bb6c06ba589f05646161fdcb12f7dc942554b85b1274af38038433855096f65a,H2,2,,,1660,1947,1660,1947
clean_state,bb6c06ba589f05646161fdcb12f7dc942554b85b1274af38038433855096f65a,H0,0,,,1538,1691,1538,1691
clean_state,bb6c06ba589f05646161fdcb12f7dc942554b85b1274af38038433855096f65a,H0,1,,,1638,1884,1638,1884
clean_state,bb6c06ba589f05646161fdcb12f7dc942554b85b1274af38038433855096f65a,H0,2,,,1540,1728,1540,1728
clean_state,bb6c06ba589f05646161fdcb12f7dc942554b85b1274af38038433855096f65a,H3,0,,,1804,2155,1804,2155
clean_state,bb6c06ba589f05646161fdcb12f7dc942554b85b1274af38038433855096f65a,H3,1,,,1704,1913,1704,1913
clean_state,bb6c06ba589f05646161fdcb12f7dc942554b85b1274af38038433855096f65a,H3,2,,,1751,1961,1751,1961
clean_state,bb6c06ba589f05646161fdcb12f7dc942554b85b1274af38038433855096f65a,H4,0,,,1862,2100,1862,2100
clean_state,bb6c06ba589f05646161fdcb12f7dc942554b85b1274af38038433855096f65a,H4,1,,,1702,1907,1702,1907
clean_state,bb6c06ba589f05646161fdcb12f7dc942554b85b1274af38038433855096f65a,H4,2,,,1744,1920,1744,1920
clean_state,c82d1aefab1d91d83560bcc6d8d72e1dffb7b8ed08dc2a0c45307e26724db37a,H1,0,,,15108,27184,15108,27184
clean_state,c82d1aefab1d91d83560bcc6d8d72e1dffb7b8ed08dc2a0c45307e26724db37a,H1,1,,,15494,17140,15494,17140
clean_state,c82d1aefab1d91d83560bcc6d8d72e1dffb7b8ed08dc2a0c45307e26724db37a,H1,2,,,15549,16892,15549,16892
clean_state,c82d1aefab1d91d83560bcc6d8d72e1dffb7b8ed08dc2a0c45307e26724db37a,H2,0,,,14404,14764,14404,14764
clean_state,c82d1aefab1d91d83560bcc6d8d72e1dffb7b8ed08dc2a0c45307e26724db37a,H2,1,,,14454,26189,14454,26189
clean_state,c82d1aefab1d91d83560bcc6d8d72e1dffb7b8ed08dc2a0c45307e26724db37a,H2,2,,,14374,15416,14374,15416
clean_state,c82d1aefab1d91d83560bcc6d8d72e1dffb7b8ed08dc2a0c45307e26724db37a,H0,0,,,12480,13720,12480,13720
clean_state,c82d1aefab1d91d83560bcc6d8d72e1dffb7b8ed08dc2a0c45307e26724db37a,H0,1,,,12753,13460,12753,13460
clean_state,c82d1aefab1d91d83560bcc6d8d72e1dffb7b8ed08dc2a0c45307e26724db37a,H0,2,,,11717,12255,11717,12255
clean_state,c82d1aefab1d91d83560bcc6d8d72e1dffb7b8ed08dc2a0c45307e26724db37a,H3,0,,,14562,15978,14562,15978
clean_state,c82d1aefab1d91d83560bcc6d8d72e1dffb7b8ed08dc2a0c45307e26724db37a,H3,1,,,15200,16291,15200,16291
clean_state,c82d1aefab1d91d83560bcc6d8d72e1dffb7b8ed08dc2a0c45307e26724db37a,H3,2,,,14752,17137,14752,17137
clean_state,c82d1aefab1d91d83560bcc6d8d72e1dffb7b8ed08dc2a0c45307e26724db37a,H4,0,,,14531,15700,14531,15700
clean_state,c82d1aefab1d91d83560bcc6d8d72e1dffb7b8ed08dc2a0c45307e26724db37a,H4,1,,,14366,15417,14366,15417
clean_state,c82d1aefab1d91d83560bcc6d8d72e1dffb7b8ed08dc2a0c45307e26724db37a,H4,2,,,14226,16237,14226,16237
clean_state,cafa65c8d63e6ae9aa37ff6caba58199e731b75b8e75cf7bc319e6fbed250162,H1,0,,,65377,83749,65377,83749
clean_state,cafa65c8d63e6ae9aa37ff6caba58199e731b75b8e75cf7bc319e6fbed250162,H1,1,,,65875,82922,65875,82922
clean_state,cafa65c8d63e6ae9aa37ff6caba58199e731b75b8e75cf7bc319e6fbed250162,H1,2,,,67957,109087,67957,109087
clean_state,cafa65c8d63e6ae9aa37ff6caba58199e731b75b8e75cf7bc319e6fbed250162,H2,0,,,66353,89285,66353,89285
clean_state,cafa65c8d63e6ae9aa37ff6caba58199e731b75b8e75cf7bc319e6fbed250162,H2,1,,,66356,83046,66356,83046
clean_state,cafa65c8d63e6ae9aa37ff6caba58199e731b75b8e75cf7bc319e6fbed250162,H2,2,,,68527,84845,68527,84845
clean_state,cafa65c8d63e6ae9aa37ff6caba58199e731b75b8e75cf7bc319e6fbed250162,H0,0,,,49342,66476,49342,66476
clean_state,cafa65c8d63e6ae9aa37ff6caba58199e731b75b8e75cf7bc319e6fbed250162,H0,1,,,47675,66458,47675,66458
clean_state,cafa65c8d63e6ae9aa37ff6caba58199e731b75b8e75cf7bc319e6fbed250162,H0,2,,,47400,67421,47400,67421
clean_state,cafa65c8d63e6ae9aa37ff6caba58199e731b75b8e75cf7bc319e6fbed250162,H3,0,,,66323,84723,66323,84723
clean_state,cafa65c8d63e6ae9aa37ff6caba58199e731b75b8e75cf7bc319e6fbed250162,H3,1,,,66237,86009,66237,86009
clean_state,cafa65c8d63e6ae9aa37ff6caba58199e731b75b8e75cf7bc319e6fbed250162,H3,2,,,66389,78932,66389,78932
clean_state,cafa65c8d63e6ae9aa37ff6caba58199e731b75b8e75cf7bc319e6fbed250162,H4,0,,,64445,81475,64445,81475
clean_state,cafa65c8d63e6ae9aa37ff6caba58199e731b75b8e75cf7bc319e6fbed250162,H4,1,,,64367,81606,64367,81606
clean_state,cafa65c8d63e6ae9aa37ff6caba58199e731b75b8e75cf7bc319e6fbed250162,H4,2,,,63624,79334,63624,79334
clean_state,d860ba409366765ed41d225d0d502810779e7dafc3b317cc6d9af043d3712198,H1,0,,,60686,73720,60686,73720
clean_state,d860ba409366765ed41d225d0d502810779e7dafc3b317cc6d9af043d3712198,H1,1,,,61246,80050,61246,80050
clean_state,d860ba409366765ed41d225d0d502810779e7dafc3b317cc6d9af043d3712198,H1,2,,,61556,81251,61556,81251
clean_state,d860ba409366765ed41d225d0d502810779e7dafc3b317cc6d9af043d3712198,H2,0,,,59936,76297,59936,76297
clean_state,d860ba409366765ed41d225d0d502810779e7dafc3b317cc6d9af043d3712198,H2,1,,,58866,73904,58866,73904
clean_state,d860ba409366765ed41d225d0d502810779e7dafc3b317cc6d9af043d3712198,H2,2,,,59767,74010,59767,74010
clean_state,d860ba409366765ed41d225d0d502810779e7dafc3b317cc6d9af043d3712198,H0,0,,,42846,55448,42846,55448
clean_state,d860ba409366765ed41d225d0d502810779e7dafc3b317cc6d9af043d3712198,H0,1,,,42407,48987,42407,48987
clean_state,d860ba409366765ed41d225d0d502810779e7dafc3b317cc6d9af043d3712198,H0,2,,,43026,56271,43026,56271
clean_state,d860ba409366765ed41d225d0d502810779e7dafc3b317cc6d9af043d3712198,H3,0,,,59508,72581,59508,72581
clean_state,d860ba409366765ed41d225d0d502810779e7dafc3b317cc6d9af043d3712198,H3,1,,,59226,72761,59226,72761
clean_state,d860ba409366765ed41d225d0d502810779e7dafc3b317cc6d9af043d3712198,H3,2,,,58251,77789,58251,77789
clean_state,d860ba409366765ed41d225d0d502810779e7dafc3b317cc6d9af043d3712198,H4,0,,,59449,63647,59449,63647
clean_state,d860ba409366765ed41d225d0d502810779e7dafc3b317cc6d9af043d3712198,H4,1,,,60134,77464,60134,77464
clean_state,d860ba409366765ed41d225d0d502810779e7dafc3b317cc6d9af043d3712198,H4,2,,,59523,77435,59523,77435
edit_write,00325fdc3e96c867447d0bfa2eb4777e0aa798dea247677a4c957251e5e12b40,H1,0,43,48,8673,9226,8719,9269
edit_write,00325fdc3e96c867447d0bfa2eb4777e0aa798dea247677a4c957251e5e12b40,H1,1,37,44,8876,9349,8912,9390
edit_write,00325fdc3e96c867447d0bfa2eb4777e0aa798dea247677a4c957251e5e12b40,H1,2,34,37,8221,8364,8255,8401
edit_write,00325fdc3e96c867447d0bfa2eb4777e0aa798dea247677a4c957251e5e12b40,H2,0,59,92,12333,13974,12406,14066
edit_write,00325fdc3e96c867447d0bfa2eb4777e0aa798dea247677a4c957251e5e12b40,H2,1,51,75,12631,13649,12681,13739
edit_write,00325fdc3e96c867447d0bfa2eb4777e0aa798dea247677a4c957251e5e12b40,H2,2,96,112,12541,12981,12620,13067
edit_write,00325fdc3e96c867447d0bfa2eb4777e0aa798dea247677a4c957251e5e12b40,H0,0,43,46,28221,29986,28264,30029
edit_write,00325fdc3e96c867447d0bfa2eb4777e0aa798dea247677a4c957251e5e12b40,H0,1,32,39,27389,29352,27420,29389
edit_write,00325fdc3e96c867447d0bfa2eb4777e0aa798dea247677a4c957251e5e12b40,H0,2,33,40,27022,32343,27060,32364
edit_write,00325fdc3e96c867447d0bfa2eb4777e0aa798dea247677a4c957251e5e12b40,H3,0,1734,1861,8904,9756,10617,11610
edit_write,00325fdc3e96c867447d0bfa2eb4777e0aa798dea247677a4c957251e5e12b40,H3,1,1703,1937,9156,10283,10859,12174
edit_write,00325fdc3e96c867447d0bfa2eb4777e0aa798dea247677a4c957251e5e12b40,H3,2,1709,1792,9037,9412,10733,11225
edit_write,00325fdc3e96c867447d0bfa2eb4777e0aa798dea247677a4c957251e5e12b40,H4,0,262,317,5661,6397,5921,6701
edit_write,00325fdc3e96c867447d0bfa2eb4777e0aa798dea247677a4c957251e5e12b40,H4,1,281,362,5245,6032,5549,6394
edit_write,00325fdc3e96c867447d0bfa2eb4777e0aa798dea247677a4c957251e5e12b40,H4,2,250,274,5410,5703,5680,5971
edit_write,004c93223d1a1ec38d037745dd691f9e0b9269a75c37f8c08a3faac7a5b2fd3f,H1,0,44,60,34122,52063,34166,52106
edit_write,004c93223d1a1ec38d037745dd691f9e0b9269a75c37f8c08a3faac7a5b2fd3f,H1,1,46,67,34083,47152,34140,47197
edit_write,004c93223d1a1ec38d037745dd691f9e0b9269a75c37f8c08a3faac7a5b2fd3f,H1,2,37,44,34073,36782,34104,36823
edit_write,004c93223d1a1ec38d037745dd691f9e0b9269a75c37f8c08a3faac7a5b2fd3f,H2,0,75,102,8886,9706,8958,9791
edit_write,004c93223d1a1ec38d037745dd691f9e0b9269a75c37f8c08a3faac7a5b2fd3f,H2,1,77,110,9132,14594,9216,14770
edit_write,004c93223d1a1ec38d037745dd691f9e0b9269a75c37f8c08a3faac7a5b2fd3f,H2,2,107,183,9444,10098,9541,10250
edit_write,004c93223d1a1ec38d037745dd691f9e0b9269a75c37f8c08a3faac7a5b2fd3f,H0,0,44,57,21660,23231,21705,23274
edit_write,004c93223d1a1ec38d037745dd691f9e0b9269a75c37f8c08a3faac7a5b2fd3f,H0,1,38,50,21694,23467,21732,23504
edit_write,004c93223d1a1ec38d037745dd691f9e0b9269a75c37f8c08a3faac7a5b2fd3f,H0,2,27,47,20892,38093,20923,38119
edit_write,004c93223d1a1ec38d037745dd691f9e0b9269a75c37f8c08a3faac7a5b2fd3f,H3,0,1391,1518,6788,7361,8185,8877
edit_write,004c93223d1a1ec38d037745dd691f9e0b9269a75c37f8c08a3faac7a5b2fd3f,H3,1,1357,1552,6991,7703,8397,9255
edit_write,004c93223d1a1ec38d037745dd691f9e0b9269a75c37f8c08a3faac7a5b2fd3f,H3,2,1307,1485,6987,7597,8293,9030
edit_write,004c93223d1a1ec38d037745dd691f9e0b9269a75c37f8c08a3faac7a5b2fd3f,H4,0,201,239,4512,5108,4683,5353
edit_write,004c93223d1a1ec38d037745dd691f9e0b9269a75c37f8c08a3faac7a5b2fd3f,H4,1,203,261,4588,4932,4803,5179
edit_write,004c93223d1a1ec38d037745dd691f9e0b9269a75c37f8c08a3faac7a5b2fd3f,H4,2,165,230,4509,5093,4663,5271
edit_write,0050888633c2c9116ff46d4de81522620c3bf3d8eb0215c88d6d7ffb64c75e70,H1,0,43,52,13373,24984,13416,25032
edit_write,0050888633c2c9116ff46d4de81522620c3bf3d8eb0215c88d6d7ffb64c75e70,H1,1,53,77,14215,14505,14266,14551
edit_write,0050888633c2c9116ff46d4de81522620c3bf3d8eb0215c88d6d7ffb64c75e70,H1,2,34,37,13292,14387,13326,14424
edit_write,0050888633c2c9116ff46d4de81522620c3bf3d8eb0215c88d6d7ffb64c75e70,H2,0,65,122,13086,26280,13149,26365
edit_write,0050888633c2c9116ff46d4de81522620c3bf3d8eb0215c88d6d7ffb64c75e70,H2,1,79,110,13626,27653,13718,27757
edit_write,0050888633c2c9116ff46d4de81522620c3bf3d8eb0215c88d6d7ffb64c75e70,H2,2,85,125,13979,14453,14057,14556
edit_write,0050888633c2c9116ff46d4de81522620c3bf3d8eb0215c88d6d7ffb64c75e70,H0,0,42,45,27910,45022,27949,45064
edit_write,0050888633c2c9116ff46d4de81522620c3bf3d8eb0215c88d6d7ffb64c75e70,H0,1,31,36,27678,46153,27713,46177
edit_write,0050888633c2c9116ff46d4de81522620c3bf3d8eb0215c88d6d7ffb64c75e70,H0,2,31,43,27339,46492,27374,46523
edit_write,0050888633c2c9116ff46d4de81522620c3bf3d8eb0215c88d6d7ffb64c75e70,H3,0,1903,2054,9568,10500,11484,12645
edit_write,0050888633c2c9116ff46d4de81522620c3bf3d8eb0215c88d6d7ffb64c75e70,H3,1,1862,1996,10382,11195,12237,13162
edit_write,0050888633c2c9116ff46d4de81522620c3bf3d8eb0215c88d6d7ffb64c75e70,H3,2,1790,1937,9479,10382,11218,12258
edit_write,0050888633c2c9116ff46d4de81522620c3bf3d8eb0215c88d6d7ffb64c75e70,H4,0,327,354,5804,6219,6106,6560
edit_write,0050888633c2c9116ff46d4de81522620c3bf3d8eb0215c88d6d7ffb64c75e70,H4,1,303,453,6148,6726,6483,7168
edit_write,0050888633c2c9116ff46d4de81522620c3bf3d8eb0215c88d6d7ffb64c75e70,H4,2,327,393,6034,7454,6380,7908
edit_write,00c46bccddf623dc7420f8d4b69831eea4f76d2c7373d00f11578e89c6731032,H1,0,44,54,37762,50850,37807,50899
edit_write,00c46bccddf623dc7420f8d4b69831eea4f76d2c7373d00f11578e89c6731032,H1,1,59,75,37131,40180,37192,40255
edit_write,00c46bccddf623dc7420f8d4b69831eea4f76d2c7373d00f11578e89c6731032,H1,2,35,49,37727,51138,37767,51179
edit_write,00c46bccddf623dc7420f8d4b69831eea4f76d2c7373d00f11578e89c6731032,H2,0,77,101,32392,38921,32462,39007
edit_write,00c46bccddf623dc7420f8d4b69831eea4f76d2c7373d00f11578e89c6731032,H2,1,79,130,32739,38522,32797,38601
edit_write,00c46bccddf623dc7420f8d4b69831eea4f76d2c7373d00f11578e89c6731032,H2,2,121,145,32030,43723,32136,43818
edit_write,00c46bccddf623dc7420f8d4b69831eea4f76d2c7373d00f11578e89c6731032,H0,0,45,55,21879,26448,21923,26497
edit_write,00c46bccddf623dc7420f8d4b69831eea4f76d2c7373d00f11578e89c6731032,H0,1,36,60,22163,22885,22196,22924
edit_write,00c46bccddf623dc7420f8d4b69831eea4f76d2c7373d00f11578e89c6731032,H0,2,38,48,22588,33515,22628,33560
edit_write,00c46bccddf623dc7420f8d4b69831eea4f76d2c7373d00f11578e89c6731032,H3,0,1350,1460,30951,42356,32458,43664
edit_write,00c46bccddf623dc7420f8d4b69831eea4f76d2c7373d00f11578e89c6731032,H3,1,1379,1486,31021,33255,32371,34694
edit_write,00c46bccddf623dc7420f8d4b69831eea4f76d2c7373d00f11578e89c6731032,H3,2,1332,1471,30939,48930,32227,50262
edit_write,00c46bccddf623dc7420f8d4b69831eea4f76d2c7373d00f11578e89c6731032,H4,0,168,196,40412,52384,40592,52566
edit_write,00c46bccddf623dc7420f8d4b69831eea4f76d2c7373d00f11578e89c6731032,H4,1,184,211,40418,47051,40600,47237
edit_write,00c46bccddf623dc7420f8d4b69831eea4f76d2c7373d00f11578e89c6731032,H4,2,201,236,40177,53664,40384,53838
edit_write,01402ba2e8697500c9a05c8370182d8fdd28a1c6950769eeb3a3ea95e2ca3785,H1,0,43,57,14700,15751,14742,15774
edit_write,01402ba2e8697500c9a05c8370182d8fdd28a1c6950769eeb3a3ea95e2ca3785,H1,1,36,59,14722,16096,14771,16141
edit_write,01402ba2e8697500c9a05c8370182d8fdd28a1c6950769eeb3a3ea95e2ca3785,H1,2,35,42,14893,16002,14928,16037
edit_write,01402ba2e8697500c9a05c8370182d8fdd28a1c6950769eeb3a3ea95e2ca3785,H2,0,79,111,6498,7006,6565,7095
edit_write,01402ba2e8697500c9a05c8370182d8fdd28a1c6950769eeb3a3ea95e2ca3785,H2,1,88,108,6915,7461,7016,7556
edit_write,01402ba2e8697500c9a05c8370182d8fdd28a1c6950769eeb3a3ea95e2ca3785,H2,2,78,105,6378,7310,6450,7445
edit_write,01402ba2e8697500c9a05c8370182d8fdd28a1c6950769eeb3a3ea95e2ca3785,H0,0,43,53,11278,12100,11318,12144
edit_write,01402ba2e8697500c9a05c8370182d8fdd28a1c6950769eeb3a3ea95e2ca3785,H0,1,33,55,11211,16707,11243,16747
edit_write,01402ba2e8697500c9a05c8370182d8fdd28a1c6950769eeb3a3ea95e2ca3785,H0,2,27,35,11208,15902,11237,15935
edit_write,01402ba2e8697500c9a05c8370182d8fdd28a1c6950769eeb3a3ea95e2ca3785,H3,0,786,921,5467,5965,6303,6936
edit_write,01402ba2e8697500c9a05c8370182d8fdd28a1c6950769eeb3a3ea95e2ca3785,H3,1,753,867,5394,5768,6135,6575
edit_write,01402ba2e8697500c9a05c8370182d8fdd28a1c6950769eeb3a3ea95e2ca3785,H3,2,696,822,5378,5832,6082,6654
edit_write,01402ba2e8697500c9a05c8370182d8fdd28a1c6950769eeb3a3ea95e2ca3785,H4,0,98,140,3327,3626,3435,3749
edit_write,01402ba2e8697500c9a05c8370182d8fdd28a1c6950769eeb3a3ea95e2ca3785,H4,1,136,200,3489,3936,3621,4133
edit_write,01402ba2e8697500c9a05c8370182d8fdd28a1c6950769eeb3a3ea95e2ca3785,H4,2,110,135,3632,4056,3741,4191
edit_write,016d58d6b8a69c4c4cb235b24e3abd606df2bd38204ec1fa9e68a4c8ccad8ce4,H1,0,44,51,4195,4542,4240,4587
edit_write,016d58d6b8a69c4c4cb235b24e3abd606df2bd38204ec1fa9e68a4c8ccad8ce4,H1,1,47,72,4340,4655,4407,4731
edit_write,016d58d6b8a69c4c4cb235b24e3abd606df2bd38204ec1fa9e68a4c8ccad8ce4,H1,2,80,120,7051,8996,7131,9083
edit_write,016d58d6b8a69c4c4cb235b24e3abd606df2bd38204ec1fa9e68a4c8ccad8ce4,H2,0,55,75,15363,16451,15419,16528
edit_write,016d58d6b8a69c4c4cb235b24e3abd606df2bd38204ec1fa9e68a4c8ccad8ce4,H2,1,61,79,14407,15561,14462,15625
edit_write,016d58d6b8a69c4c4cb235b24e3abd606df2bd38204ec1fa9e68a4c8ccad8ce4,H2,2,146,208,26877,38423,27023,38611
edit_write,016d58d6b8a69c4c4cb235b24e3abd606df2bd38204ec1fa9e68a4c8ccad8ce4,H0,0,45,63,9131,9778,9178,9822
edit_write,016d58d6b8a69c4c4cb235b24e3abd606df2bd38204ec1fa9e68a4c8ccad8ce4,H0,1,31,39,8892,9497,8918,9536
edit_write,016d58d6b8a69c4c4cb235b24e3abd606df2bd38204ec1fa9e68a4c8ccad8ce4,H0,2,46,90,9944,18245,9969,18327
edit_write,016d58d6b8a69c4c4cb235b24e3abd606df2bd38204ec1fa9e68a4c8ccad8ce4,H3,0,809,971,16025,18006,16850,19048
edit_write,016d58d6b8a69c4c4cb235b24e3abd606df2bd38204ec1fa9e68a4c8ccad8ce4,H3,1,741,853,15564,21625,16344,22398
edit_write,016d58d6b8a69c4c4cb235b24e3abd606df2bd38204ec1fa9e68a4c8ccad8ce4,H3,2,856,1737,17135,32181,18013,33943
edit_write,016d58d6b8a69c4c4cb235b24e3abd606df2bd38204ec1fa9e68a4c8ccad8ce4,H4,0,184,215,13094,13801,13283,14008
edit_write,016d58d6b8a69c4c4cb235b24e3abd606df2bd38204ec1fa9e68a4c8ccad8ce4,H4,1,218,284,13058,26632,13274,26910
edit_write,016d58d6b8a69c4c4cb235b24e3abd606df2bd38204ec1fa9e68a4c8ccad8ce4,H4,2,236,460,15323,27895,15637,28355
edit_write,0375d416ea13245f1132f23fb2537edb3160fd6a2af4ba3dd5a16c47e988cb55,H1,0,44,52,9661,10372,9714,10416
edit_write,0375d416ea13245f1132f23fb2537edb3160fd6a2af4ba3dd5a16c47e988cb55,H1,1,50,63,8388,8910,8434,8962
edit_write,0375d416ea13245f1132f23fb2537edb3160fd6a2af4ba3dd5a16c47e988cb55,H1,2,41,45,9726,10514,9766,10557
edit_write,0375d416ea13245f1132f23fb2537edb3160fd6a2af4ba3dd5a16c47e988cb55,H2,0,73,116,17798,18903,17854,18979
edit_write,0375d416ea13245f1132f23fb2537edb3160fd6a2af4ba3dd5a16c47e988cb55,H2,1,89,111,18454,26244,18543,26331
edit_write,0375d416ea13245f1132f23fb2537edb3160fd6a2af4ba3dd5a16c47e988cb55,H2,2,95,107,17511,17807,17599,17885
edit_write,0375d416ea13245f1132f23fb2537edb3160fd6a2af4ba3dd5a16c47e988cb55,H0,0,45,54,31015,42449,31059,42491
edit_write,0375d416ea13245f1132f23fb2537edb3160fd6a2af4ba3dd5a16c47e988cb55,H0,1,46,53,31155,43162,31201,43196
edit_write,0375d416ea13245f1132f23fb2537edb3160fd6a2af4ba3dd5a16c47e988cb55,H0,2,32,45,30529,31067,30564,31112
edit_write,0375d416ea13245f1132f23fb2537edb3160fd6a2af4ba3dd5a16c47e988cb55,H3,0,2120,2251,14064,15301,16192,17513
edit_write,0375d416ea13245f1132f23fb2537edb3160fd6a2af4ba3dd5a16c47e988cb55,H3,1,2103,2239,13761,14801,15837,16990
edit_write,0375d416ea13245f1132f23fb2537edb3160fd6a2af4ba3dd5a16c47e988cb55,H3,2,2009,2074,13600,14151,15627,16176
edit_write,0375d416ea13245f1132f23fb2537edb3160fd6a2af4ba3dd5a16c47e988cb55,H4,0,290,346,7108,7769,7397,8059
edit_write,0375d416ea13245f1132f23fb2537edb3160fd6a2af4ba3dd5a16c47e988cb55,H4,1,304,339,7019,7993,7342,8307
edit_write,0375d416ea13245f1132f23fb2537edb3160fd6a2af4ba3dd5a16c47e988cb55,H4,2,264,309,6962,12060,7265,12315
edit_write,042549418bc280fad86b4dad28b115704f986f17763e7054b0b172626abcdbbb,H1,0,44,50,10293,10950,10341,10993
edit_write,042549418bc280fad86b4dad28b115704f986f17763e7054b0b172626abcdbbb,H1,1,39,44,9317,9430,9353,9471
edit_write,042549418bc280fad86b4dad28b115704f986f17763e7054b0b172626abcdbbb,H1,2,42,45,9885,22336,9928,22380
edit_write,042549418bc280fad86b4dad28b115704f986f17763e7054b0b172626abcdbbb,H2,0,62,89,12462,13399,12532,13480
edit_write,042549418bc280fad86b4dad28b115704f986f17763e7054b0b172626abcdbbb,H2,1,58,79,11742,12091,11804,12148
edit_write,042549418bc280fad86b4dad28b115704f986f17763e7054b0b172626abcdbbb,H2,2,102,136,12048,13890,12166,14008
edit_write,042549418bc280fad86b4dad28b115704f986f17763e7054b0b172626abcdbbb,H0,0,41,46,27359,30013,27400,30056
edit_write,042549418bc280fad86b4dad28b115704f986f17763e7054b0b172626abcdbbb,H0,1,31,34,27278,27837,27305,27868
edit_write,042549418bc280fad86b4dad28b115704f986f17763e7054b0b172626abcdbbb,H0,2,31,46,27696,51938,27737,51969
edit_write,042549418bc280fad86b4dad28b115704f986f17763e7054b0b172626abcdbbb,H3,0,1678,1856,9090,9788,10704,11549
edit_write,042549418bc280fad86b4dad28b115704f986f17763e7054b0b172626abcdbbb,H3,1,1591,1711,8041,8254,9594,9955
edit_write,042549418bc280fad86b4dad28b115704f986f17763e7054b0b172626abcdbbb,H3,2,1651,1826,8752,9565,10331,11417
edit_write,042549418bc280fad86b4dad28b115704f986f17763e7054b0b172626abcdbbb,H4,0,239,297,5013,5363,5252,5638
edit_write,042549418bc280fad86b4dad28b115704f986f17763e7054b0b172626abcdbbb,H4,1,271,323,4890,5709,5177,6032
edit_write,042549418bc280fad86b4dad28b115704f986f17763e7054b0b172626abcdbbb,H4,2,291,315,5006,5374,5271,5687
edit_write,048ecdaa1b70ba1ab13183276f9f9326a4ba513183babc2965450179a183b81e,H1,0,43,51,26160,27573,26203,27616
edit_write,048ecdaa1b70ba1ab13183276f9f9326a4ba513183babc2965450179a183b81e,H1,1,48,63,26035,37963,26081,38026
edit_write,048ecdaa1b70ba1ab13183276f9f9326a4ba513183babc2965450179a183b81e,H1,2,42,48,26716,45367,26758,45394
edit_write,048ecdaa1b70ba1ab13183276f9f9326a4ba513183babc2965450179a183b81e,H2,0,83,113,15072,23602,15146,23674
edit_write,048ecdaa1b70ba1ab13183276f9f9326a4ba513183babc2965450179a183b81e,H2,1,77,109,14947,16119,15031,16235
edit_write,048ecdaa1b70ba1ab13183276f9f9326a4ba513183babc2965450179a183b81e,H2,2,81,120,15391,16628,15462,16733
edit_write,048ecdaa1b70ba1ab13183276f9f9326a4ba513183babc2965450179a183b81e,H0,0,49,61,16189,28572,16235,28624
edit_write,048ecdaa1b70ba1ab13183276f9f9326a4ba513183babc2965450179a183b81e,H0,1,35,52,16796,21137,16830,21176
edit_write,048ecdaa1b70ba1ab13183276f9f9326a4ba513183babc2965450179a183b81e,H0,2,30,49,15884,17153,15933,17188
edit_write,048ecdaa1b70ba1ab13183276f9f9326a4ba513183babc2965450179a183b81e,H3,0,1357,1472,13829,14618,15212,16108
edit_write,048ecdaa1b70ba1ab13183276f9f9326a4ba513183babc2965450179a183b81e,H3,1,1391,1487,13836,14984,15223,16455
edit_write,048ecdaa1b70ba1ab13183276f9f9326a4ba513183babc2965450179a183b81e,H3,2,1331,1511,13522,14580,14882,16091
edit_write,048ecdaa1b70ba1ab13183276f9f9326a4ba513183babc2965450179a183b81e,H4,0,156,188,7771,8128,7939,8300
edit_write,048ecdaa1b70ba1ab13183276f9f9326a4ba513183babc2965450179a183b81e,H4,1,208,274,8062,8854,8245,9074
edit_write,048ecdaa1b70ba1ab13183276f9f9326a4ba513183babc2965450179a183b81e,H4,2,177,242,7810,8708,7958,8972
edit_write,057a203b624cc378b24fa379357d305e93acbdc5d83bbb00a6c2044297a91d7a,H1,0,44,51,19825,21281,19869,21331
edit_write,057a203b624cc378b24fa379357d305e93acbdc5d83bbb00a6c2044297a91d7a,H1,1,51,68,20390,21673,20459,21733
edit_write,057a203b624cc378b24fa379357d305e93acbdc5d83bbb00a6c2044297a91d7a,H1,2,41,45,19837,20481,19878,20523
edit_write,057a203b624cc378b24fa379357d305e93acbdc5d83bbb00a6c2044297a91d7a,H2,0,58,110,10083,10604,10140,10709
edit_write,057a203b624cc378b24fa379357d305e93acbdc5d83bbb00a6c2044297a91d7a,H2,1,79,104,10128,11217,10232,11316
edit_write,057a203b624cc378b24fa379357d305e93acbdc5d83bbb00a6c2044297a91d7a,H2,2,106,230,9909,17760,10018,17992
edit_write,057a203b624cc378b24fa379357d305e93acbdc5d83bbb00a6c2044297a91d7a,H0,0,42,49,12843,13673,12870,13720
edit_write,057a203b624cc378b24fa379357d305e93acbdc5d83bbb00a6c2044297a91d7a,H0,1,41,62,12974,13857,13026,13898
edit_write,057a203b624cc378b24fa379357d305e93acbdc5d83bbb00a6c2044297a91d7a,H0,2,45,58,12654,12820,12699,12864
edit_write,057a203b624cc378b24fa379357d305e93acbdc5d83bbb00a6c2044297a91d7a,H3,0,1271,1397,6824,7474,8083,8915
edit_write,057a203b624cc378b24fa379357d305e93acbdc5d83bbb00a6c2044297a91d7a,H3,1,1291,1448,6836,7404,8170,8786
edit_write,057a203b624cc378b24fa379357d305e93acbdc5d83bbb00a6c2044297a91d7a,H3,2,1232,1372,6745,7083,8011,8460
edit_write,057a203b624cc378b24fa379357d305e93acbdc5d83bbb00a6c2044297a91d7a,H4,0,186,228,4823,5207,4994,5424
edit_write,057a203b624cc378b24fa379357d305e93acbdc5d83bbb00a6c2044297a91d7a,H4,1,234,269,4864,5318,5090,5559
edit_write,057a203b624cc378b24fa379357d305e93acbdc5d83bbb00a6c2044297a91d7a,H4,2,176,250,4703,5057,4859,5290
edit_write,05bea54eaa7fc32f8be73d01494e8a8ead6843eece95d5c0332831a1638c8bff,H1,0,43,46,32643,35238,32684,35283
edit_write,05bea54eaa7fc32f8be73d01494e8a8ead6843eece95d5c0332831a1638c8bff,H1,1,51,73,33364,45301,33424,45350
edit_write,05bea54eaa7fc32f8be73d01494e8a8ead6843eece95d5c0332831a1638c8bff,H1,2,41,45,33221,33639,33261,33681
edit_write,05bea54eaa7fc32f8be73d01494e8a8ead6843eece95d5c0332831a1638c8bff,H2,0,76,97,9322,9934,9411,10022
edit_write,05bea54eaa7fc32f8be73d01494e8a8ead6843eece95d5c0332831a1638c8bff,H2,1,69,113,9597,10301,9660,10392
edit_write,05bea54eaa7fc32f8be73d01494e8a8ead6843eece95d5c0332831a1638c8bff,H2,2,82,135,9343,9737,9449,9816
edit_write,05bea54eaa7fc32f8be73d01494e8a8ead6843eece95d5c0332831a1638c8bff,H0,0,44,49,20847,32810,20887,32856
edit_write,05bea54eaa7fc32f8be73d01494e8a8ead6843eece95d5c0332831a1638c8bff,H0,1,33,46,20492,27129,20530,27162
edit_write,05bea54eaa7fc32f8be73d01494e8a8ead6843eece95d5c0332831a1638c8bff,H0,2,33,52,20930,22502,20973,22558
edit_write,05bea54eaa7fc32f8be73d01494e8a8ead6843eece95d5c0332831a1638c8bff,H3,0,1249,1427,7391,8191,8685,9642
edit_write,05bea54eaa7fc32f8be73d01494e8a8ead6843eece95d5c0332831a1638c8bff,H3,1,1243,1361,7598,8265,8833,9626
edit_write,05bea54eaa7fc32f8be73d01494e8a8ead6843eece95d5c0332831a1638c8bff,H3,2,1224,1384,7511,7920,8783,9175
edit_write,05bea54eaa7fc32f8be73d01494e8a8ead6843eece95d5c0332831a1638c8bff,H4,0,157,180,4547,5084,4705,5258
edit_write,05bea54eaa7fc32f8be73d01494e8a8ead6843eece95d5c0332831a1638c8bff,H4,1,203,290,4499,4794,4678,5084
edit_write,05bea54eaa7fc32f8be73d01494e8a8ead6843eece95d5c0332831a1638c8bff,H4,2,168,227,4523,4890,4696,5116
edit_write,078bbcefc4436fbf5ca4948e94d66e0b510e79250c7b15e0a8658579d7b2f73b,H1,0,42,46,70631,91424,70674,91466
edit_write,078bbcefc4436fbf5ca4948e94d66e0b510e79250c7b15e0a8658579d7b2f73b,H1,1,68,76,71044,91835,71115,91885
edit_write,078bbcefc4436fbf5ca4948e94d66e0b510e79250c7b15e0a8658579d7b2f73b,H1,2,43,46,70567,75313,70609,75357
edit_write,078bbcefc4436fbf5ca4948e94d66e0b510e79250c7b15e0a8658579d7b2f73b,H2,0,113,138,18551,20228,18641,20341
edit_write,078bbcefc4436fbf5ca4948e94d66e0b510e79250c7b15e0a8658579d7b2f73b,H2,1,125,159,18845,20407,18953,20566
edit_write,078bbcefc4436fbf5ca4948e94d66e0b510e79250c7b15e0a8658579d7b2f73b,H2,2,132,154,18192,24819,18328,24946
edit_write,078bbcefc4436fbf5ca4948e94d66e0b510e79250c7b15e0a8658579d7b2f73b,H0,0,43,48,48880,66986,48921,67028
edit_write,078bbcefc4436fbf5ca4948e94d66e0b510e79250c7b15e0a8658579d7b2f73b,H0,1,38,53,48155,62502,48190,62541
edit_write,078bbcefc4436fbf5ca4948e94d66e0b510e79250c7b15e0a8658579d7b2f73b,H0,2,32,56,47476,48249,47508,48305
edit_write,078bbcefc4436fbf5ca4948e94d66e0b510e79250c7b15e0a8658579d7b2f73b,H3,0,2453,2892,14811,27142,17247,29783
edit_write,078bbcefc4436fbf5ca4948e94d66e0b510e79250c7b15e0a8658579d7b2f73b,H3,1,2580,2808,14744,26235,17338,28844
edit_write,078bbcefc4436fbf5ca4948e94d66e0b510e79250c7b15e0a8658579d7b2f73b,H3,2,2442,2575,14567,15481,17058,18136
edit_write,078bbcefc4436fbf5ca4948e94d66e0b510e79250c7b15e0a8658579d7b2f73b,H4,0,411,453,8895,9708,9330,10124
edit_write,078bbcefc4436fbf5ca4948e94d66e0b510e79250c7b15e0a8658579d7b2f73b,H4,1,431,515,8992,10003,9377,10478
edit_write,078bbcefc4436fbf5ca4948e94d66e0b510e79250c7b15e0a8658579d7b2f73b,H4,2,440,470,8701,8920,9143,9389
edit_write,0845b5903a7774cddde134658230b5b206f0206a3c7a131c6c0b1d7aee111afe,H1,0,46,52,34007,45873,34054,45917
edit_write,0845b5903a7774cddde134658230b5b206f0206a3c7a131c6c0b1d7aee111afe,H1,1,70,86,30915,32157,30980,32221
edit_write,0845b5903a7774cddde134658230b5b206f0206a3c7a131c6c0b1d7aee111afe,H1,2,39,46,31200,31801,31239,31841
edit_write,0845b5903a7774cddde134658230b5b206f0206a3c7a131c6c0b1d7aee111afe,H2,0,61,89,38234,54958,38323,55037
edit_write,0845b5903a7774cddde134658230b5b206f0206a3c7a131c6c0b1d7aee111afe,H2,1,85,114,38892,40074,38965,40189
edit_write,0845b5903a7774cddde134658230b5b206f0206a3c7a131c6c0b1d7aee111afe,H2,2,84,132,38301,54471,38402,54569
edit_write,0845b5903a7774cddde134658230b5b206f0206a3c7a131c6c0b1d7aee111afe,H0,0,44,65,24928,30692,24972,30733
edit_write,0845b5903a7774cddde134658230b5b206f0206a3c7a131c6c0b1d7aee111afe,H0,1,53,70,25183,25573,25242,25635
edit_write,0845b5903a7774cddde134658230b5b206f0206a3c7a131c6c0b1d7aee111afe,H0,2,31,42,24924,25473,24957,25515
edit_write,0845b5903a7774cddde134658230b5b206f0206a3c7a131c6c0b1d7aee111afe,H3,0,3086,3369,40106,50561,43228,54066
edit_write,0845b5903a7774cddde134658230b5b206f0206a3c7a131c6c0b1d7aee111afe,H3,1,2896,3109,36231,39356,39128,42717
edit_write,0845b5903a7774cddde134658230b5b206f0206a3c7a131c6c0b1d7aee111afe,H3,2,2913,3034,37318,38358,40258,41333
edit_write,0845b5903a7774cddde134658230b5b206f0206a3c7a131c6c0b1d7aee111afe,H4,0,449,554,34273,40898,34722,41328
edit_write,0845b5903a7774cddde134658230b5b206f0206a3c7a131c6c0b1d7aee111afe,H4,1,441,506,34026,34571,34468,35048
edit_write,0845b5903a7774cddde134658230b5b206f0206a3c7a131c6c0b1d7aee111afe,H4,2,402,532,34085,35890,34529,36414
edit_write,0910afe359412b025b578bae1eba2153281a8ffec29add84e528fd4115eb5b1a,H1,0,45,58,4855,17501,4898,17566
edit_write,0910afe359412b025b578bae1eba2153281a8ffec29add84e528fd4115eb5b1a,H1,1,69,78,4703,5055,4765,5127
edit_write,0910afe359412b025b578bae1eba2153281a8ffec29add84e528fd4115eb5b1a,H1,2,33,40,4662,4824,4696,4858
edit_write,0910afe359412b025b578bae1eba2153281a8ffec29add84e528fd4115eb5b1a,H2,0,65,117,7468,8169,7550,8257
edit_write,0910afe359412b025b578bae1eba2153281a8ffec29add84e528fd4115eb5b1a,H2,1,86,110,7524,8450,7605,8565
edit_write,0910afe359412b025b578bae1eba2153281a8ffec29add84e528fd4115eb5b1a,H2,2,99,130,7261,7609,7332,7739
edit_write,0910afe359412b025b578bae1eba2153281a8ffec29add84e528fd4115eb5b1a,H0,0,43,61,24663,27020,24707,27063
edit_write,0910afe359412b025b578bae1eba2153281a8ffec29add84e528fd4115eb5b1a,H0,1,56,61,26213,27131,26265,27188
edit_write,0910afe359412b025b578bae1eba2153281a8ffec29add84e528fd4115eb5b1a,H0,2,31,50,24292,24671,24323,24721
edit_write,0910afe359412b025b578bae1eba2153281a8ffec29add84e528fd4115eb5b1a,H3,0,1286,1430,6332,6935,7600,8385
edit_write,0910afe359412b025b578bae1eba2153281a8ffec29add84e528fd4115eb5b1a,H3,1,1266,1439,6527,17779,7832,18988
edit_write,0910afe359412b025b578bae1eba2153281a8ffec29add84e528fd4115eb5b1a,H3,2,1238,1406,6207,6560,7431,7966
edit_write,0910afe359412b025b578bae1eba2153281a8ffec29add84e528fd4115eb5b1a,H4,0,186,239,4878,5166,5080,5383
edit_write,0910afe359412b025b578bae1eba2153281a8ffec29add84e528fd4115eb5b1a,H4,1,265,324,4967,5659,5189,5935
edit_write,0910afe359412b025b578bae1eba2153281a8ffec29add84e528fd4115eb5b1a,H4,2,180,233,4802,5080,4985,5273
edit_write,0b92f873cadf1b4ea3ec333f3e42105df5781228a422f2f4dd8d8f5767a5e6e3,H1,0,43,50,5825,6158,5869,6208
edit_write,0b92f873cadf1b4ea3ec333f3e42105df5781228a422f2f4dd8d8f5767a5e6e3,H1,1,50,63,4931,5408,4972,5474
edit_write,0b92f873cadf1b4ea3ec333f3e42105df5781228a422f2f4dd8d8f5767a5e6e3,H1,2,35,43,5464,5877,5493,5912
edit_write,0b92f873cadf1b4ea3ec333f3e42105df5781228a422f2f4dd8d8f5767a5e6e3,H2,0,68,109,10770,11842,10862,11945
edit_write,0b92f873cadf1b4ea3ec333f3e42105df5781228a422f2f4dd8d8f5767a5e6e3,H2,1,86,111,10538,11511,10607,11616
edit_write,0b92f873cadf1b4ea3ec333f3e42105df5781228a422f2f4dd8d8f5767a5e6e3,H2,2,102,199,10245,11424,10381,11639
edit_write,0b92f873cadf1b4ea3ec333f3e42105df5781228a422f2f4dd8d8f5767a5e6e3,H0,0,44,54,18257,23980,18297,24024
edit_write,0b92f873cadf1b4ea3ec333f3e42105df5781228a422f2f4dd8d8f5767a5e6e3,H0,1,46,53,18332,19581,18363,19629
edit_write,0b92f873cadf1b4ea3ec333f3e42105df5781228a422f2f4dd8d8f5767a5e6e3,H0,2,30,34,18027,29419,18052,29451
edit_write,0b92f873cadf1b4ea3ec333f3e42105df5781228a422f2f4dd8d8f5767a5e6e3,H3,0,1508,1610,7465,8062,9020,9672
edit_write,0b92f873cadf1b4ea3ec333f3e42105df5781228a422f2f4dd8d8f5767a5e6e3,H3,1,1532,1624,7370,7794,8914,9499
edit_write,0b92f873cadf1b4ea3ec333f3e42105df5781228a422f2f4dd8d8f5767a5e6e3,H3,2,1472,1627,7431,8299,8887,9935
edit_write,0b92f873cadf1b4ea3ec333f3e42105df5781228a422f2f4dd8d8f5767a5e6e3,H4,0,192,234,4293,4532,4483,4766
edit_write,0b92f873cadf1b4ea3ec333f3e42105df5781228a422f2f4dd8d8f5767a5e6e3,H4,1,243,281,4276,4827,4521,5076
edit_write,0b92f873cadf1b4ea3ec333f3e42105df5781228a422f2f4dd8d8f5767a5e6e3,H4,2,184,224,4366,4885,4527,5130
edit_write,0f47ccec007b2a6f0df63731e1f7b2f46d8cc086e57842a04ceaae594d386daa,H1,0,44,51,5334,5901,5377,5935
edit_write,0f47ccec007b2a6f0df63731e1f7b2f46d8cc086e57842a04ceaae594d386daa,H1,1,76,91,5496,6193,5570,6270
edit_write,0f47ccec007b2a6f0df63731e1f7b2f46d8cc086e57842a04ceaae594d386daa,H1,2,47,66,5679,6093,5725,6136
edit_write,0f47ccec007b2a6f0df63731e1f7b2f46d8cc086e57842a04ceaae594d386daa,H2,0,72,111,8789,9443,8861,9541
edit_write,0f47ccec007b2a6f0df63731e1f7b2f46d8cc086e57842a04ceaae594d386daa,H2,1,108,122,8677,9392,8759,9514
edit_write,0f47ccec007b2a6f0df63731e1f7b2f46d8cc086e57842a04ceaae594d386daa,H2,2,109,137,8444,9348,8538,9475
edit_write,0f47ccec007b2a6f0df63731e1f7b2f46d8cc086e57842a04ceaae594d386daa,H0,0,45,54,25496,27265,25549,27313
edit_write,0f47ccec007b2a6f0df63731e1f7b2f46d8cc086e57842a04ceaae594d386daa,H0,1,51,66,25714,45052,25746,45081
edit_write,0f47ccec007b2a6f0df63731e1f7b2f46d8cc086e57842a04ceaae594d386daa,H0,2,31,37,25112,27495,25140,27532
edit_write,0f47ccec007b2a6f0df63731e1f7b2f46d8cc086e57842a04ceaae594d386daa,H3,0,1623,1744,7299,8181,8945,9854
edit_write,0f47ccec007b2a6f0df63731e1f7b2f46d8cc086e57842a04ceaae594d386daa,H3,1,1612,1824,7522,8090,9165,9914
edit_write,0f47ccec007b2a6f0df63731e1f7b2f46d8cc086e57842a04ceaae594d386daa,H3,2,1545,1715,7404,8162,8895,10003
edit_write,0f47ccec007b2a6f0df63731e1f7b2f46d8cc086e57842a04ceaae594d386daa,H4,0,175,229,5592,5981,5769,6185
edit_write,0f47ccec007b2a6f0df63731e1f7b2f46d8cc086e57842a04ceaae594d386daa,H4,1,263,299,5732,6329,5995,6624
edit_write,0f47ccec007b2a6f0df63731e1f7b2f46d8cc086e57842a04ceaae594d386daa,H4,2,164,209,5791,6250,5956,6472
edit_write,0f49a711d933b29d07d141a166a70a4d477345685bb2546275d8ec99fed0ccae,H1,0,45,63,31402,33635,31456,33678
edit_write,0f49a711d933b29d07d141a166a70a4d477345685bb2546275d8ec99fed0ccae,H1,1,45,68,31519,32408,31560,32453
edit_write,0f49a711d933b29d07d141a166a70a4d477345685bb2546275d8ec99fed0ccae,H1,2,45,56,31369,32173,31413,32229
edit_write,0f49a711d933b29d07d141a166a70a4d477345685bb2546275d8ec99fed0ccae,H2,0,78,112,13776,20046,13876,20152
edit_write,0f49a711d933b29d07d141a166a70a4d477345685bb2546275d8ec99fed0ccae,H2,1,91,127,13632,19378,13723,19469
edit_write,0f49a711d933b29d07d141a166a70a4d477345685bb2546275d8ec99fed0ccae,H2,2,91,126,13394,13858,13482,13953
edit_write,0f49a711d933b29d07d141a166a70a4d477345685bb2546275d8ec99fed0ccae,H0,0,43,46,17922,19435,17965,19478
edit_write,0f49a711d933b29d07d141a166a70a4d477345685bb2546275d8ec99fed0ccae,H0,1,35,40,17634,18099,17671,18131
edit_write,0f49a711d933b29d07d141a166a70a4d477345685bb2546275d8ec99fed0ccae,H0,2,34,51,17182,18096,17211,18130
edit_write,0f49a711d933b29d07d141a166a70a4d477345685bb2546275d8ec99fed0ccae,H3,0,1771,1866,10401,11138,12136,12959
edit_write,0f49a711d933b29d07d141a166a70a4d477345685bb2546275d8ec99fed0ccae,H3,1,1782,2076,10222,11580,12024,13555
edit_write,0f49a711d933b29d07d141a166a70a4d477345685bb2546275d8ec99fed0ccae,H3,2,1721,1869,10481,10897,12197,12792
edit_write,0f49a711d933b29d07d141a166a70a4d477345685bb2546275d8ec99fed0ccae,H4,0,243,269,5814,6234,6050,6492
edit_write,0f49a711d933b29d07d141a166a70a4d477345685bb2546275d8ec99fed0ccae,H4,1,272,348,5727,6090,6018,6424
edit_write,0f49a711d933b29d07d141a166a70a4d477345685bb2546275d8ec99fed0ccae,H4,2,236,301,5659,6451,5902,6738
edit_write,0f92f50eca88300ca573b9c131e8e5371ee7adcfc8d139b3800f7d87b50814c8,H1,0,44,51,15482,16650,15524,16695
edit_write,0f92f50eca88300ca573b9c131e8e5371ee7adcfc8d139b3800f7d87b50814c8,H1,1,45,77,15648,17269,15690,17321
edit_write,0f92f50eca88300ca573b9c131e8e5371ee7adcfc8d139b3800f7d87b50814c8,H1,2,33,41,15298,15672,15329,15708
edit_write,0f92f50eca88300ca573b9c131e8e5371ee7adcfc8d139b3800f7d87b50814c8,H2,0,45,61,4679,5153,4723,5201
edit_write,0f92f50eca88300ca573b9c131e8e5371ee7adcfc8d139b3800f7d87b50814c8,H2,1,52,86,5368,5939,5421,5986
edit_write,0f92f50eca88300ca573b9c131e8e5371ee7adcfc8d139b3800f7d87b50814c8,H2,2,50,61,4710,5081,4744,5136
edit_write,0f92f50eca88300ca573b9c131e8e5371ee7adcfc8d139b3800f7d87b50814c8,H0,0,42,55,11424,12229,11465,12275
edit_write,0f92f50eca88300ca573b9c131e8e5371ee7adcfc8d139b3800f7d87b50814c8,H0,1,31,41,11320,12013,11357,12045
edit_write,0f92f50eca88300ca573b9c131e8e5371ee7adcfc8d139b3800f7d87b50814c8,H0,2,31,55,11228,11555,11267,11591
edit_write,0f92f50eca88300ca573b9c131e8e5371ee7adcfc8d139b3800f7d87b50814c8,H3,0,731,883,3784,4191,4480,5060
edit_write,0f92f50eca88300ca573b9c131e8e5371ee7adcfc8d139b3800f7d87b50814c8,H3,1,783,895,4131,4562,4902,5492
edit_write,0f92f50eca88300ca573b9c131e8e5371ee7adcfc8d139b3800f7d87b50814c8,H3,2,671,818,3967,4267,4624,5062
edit_write,0f92f50eca88300ca573b9c131e8e5371ee7adcfc8d139b3800f7d87b50814c8,H4,0,99,155,2406,2580,2514,2735
edit_write,0f92f50eca88300ca573b9c131e8e5371ee7adcfc8d139b3800f7d87b50814c8,H4,1,134,193,2501,2931,2627,3122
edit_write,0f92f50eca88300ca573b9c131e8e5371ee7adcfc8d139b3800f7d87b50814c8,H4,2,99,139,2316,2570,2436,2700
edit_write,1071aa73a39382493fc834d207c40f8a61d767f1bf9d62ab5f57b1efbccf751d,H1,0,44,50,76188,100324,76232,100367
edit_write,1071aa73a39382493fc834d207c40f8a61d767f1bf9d62ab5f57b1efbccf751d,H1,1,65,70,71272,92589,71336,92648
edit_write,1071aa73a39382493fc834d207c40f8a61d767f1bf9d62ab5f57b1efbccf751d,H1,2,41,46,73322,81665,73363,81707
edit_write,1071aa73a39382493fc834d207c40f8a61d767f1bf9d62ab5f57b1efbccf751d,H2,0,110,150,23004,25180,23112,25330
edit_write,1071aa73a39382493fc834d207c40f8a61d767f1bf9d62ab5f57b1efbccf751d,H2,1,130,162,23508,34281,23625,34416
edit_write,1071aa73a39382493fc834d207c40f8a61d767f1bf9d62ab5f57b1efbccf751d,H2,2,136,151,22993,25058,23123,25206
edit_write,1071aa73a39382493fc834d207c40f8a61d767f1bf9d62ab5f57b1efbccf751d,H0,0,43,54,48932,70240,48972,70285
edit_write,1071aa73a39382493fc834d207c40f8a61d767f1bf9d62ab5f57b1efbccf751d,H0,1,37,49,48468,60000,48501,60049
edit_write,1071aa73a39382493fc834d207c40f8a61d767f1bf9d62ab5f57b1efbccf751d,H0,2,32,38,48320,75359,48356,75392
edit_write,1071aa73a39382493fc834d207c40f8a61d767f1bf9d62ab5f57b1efbccf751d,H3,0,2852,3197,19160,20695,22015,23891
edit_write,1071aa73a39382493fc834d207c40f8a61d767f1bf9d62ab5f57b1efbccf751d,H3,1,2910,3227,19546,30943,22448,33866
edit_write,1071aa73a39382493fc834d207c40f8a61d767f1bf9d62ab5f57b1efbccf751d,H3,2,2823,2952,19216,19957,22086,22939
edit_write,1071aa73a39382493fc834d207c40f8a61d767f1bf9d62ab5f57b1efbccf751d,H4,0,672,730,13345,14685,14035,15415
edit_write,1071aa73a39382493fc834d207c40f8a61d767f1bf9d62ab5f57b1efbccf751d,H4,1,676,748,13741,15013,14438,15733
edit_write,1071aa73a39382493fc834d207c40f8a61d767f1bf9d62ab5f57b1efbccf751d,H4,2,635,689,13542,14384,14180,15009
edit_write,11023cd3b503f9e53e640408dc508ec7f13eaeb27bdbe0fa59582bc6d4c6f66e,H1,0,42,45,1686,1960,1728,2004
edit_write,11023cd3b503f9e53e640408dc508ec7f13eaeb27bdbe0fa59582bc6d4c6f66e,H1,1,29,45,1597,1923,1621,1951
edit_write,11023cd3b503f9e53e640408dc508ec7f13eaeb27bdbe0fa59582bc6d4c6f66e,H1,2,25,33,1575,1823,1597,1851
edit_write,11023cd3b503f9e53e640408dc508ec7f13eaeb27bdbe0fa59582bc6d4c6f66e,H2,0,55,74,2457,2834,2516,2896
edit_write,11023cd3b503f9e53e640408dc508ec7f13eaeb27bdbe0fa59582bc6d4c6f66e,H2,1,59,76,2609,2985,2662,3044
edit_write,11023cd3b503f9e53e640408dc508ec7f13eaeb27bdbe0fa59582bc6d4c6f66e,H2,2,67,106,2378,2718,2439,2790
edit_write,11023cd3b503f9e53e640408dc508ec7f13eaeb27bdbe0fa59582bc6d4c6f66e,H0,0,42,47,1678,1716,1708,1753
edit_write,11023cd3b503f9e53e640408dc508ec7f13eaeb27bdbe0fa59582bc6d4c6f66e,H0,1,29,36,1765,1841,1796,1877
edit_write,11023cd3b503f9e53e640408dc508ec7f13eaeb27bdbe0fa59582bc6d4c6f66e,H0,2,30,40,1687,1741,1715,1778
edit_write,11023cd3b503f9e53e640408dc508ec7f13eaeb27bdbe0fa59582bc6d4c6f66e,H3,0,331,426,2028,2596,2349,2996
edit_write,11023cd3b503f9e53e640408dc508ec7f13eaeb27bdbe0fa59582bc6d4c6f66e,H3,1,374,463,2241,2495,2592,2911
edit_write,11023cd3b503f9e53e640408dc508ec7f13eaeb27bdbe0fa59582bc6d4c6f66e,H3,2,346,449,2243,2429,2634,2876
edit_write,11023cd3b503f9e53e640408dc508ec7f13eaeb27bdbe0fa59582bc6d4c6f66e,H4,0,60,110,1293,1447,1350,1546
edit_write,11023cd3b503f9e53e640408dc508ec7f13eaeb27bdbe0fa59582bc6d4c6f66e,H4,1,54,99,1331,1523,1382,1608
edit_write,11023cd3b503f9e53e640408dc508ec7f13eaeb27bdbe0fa59582bc6d4c6f66e,H4,2,54,78,1367,1572,1432,1639
edit_write,1109ce98159395e58e64bfe20923af97f2870ad0dd279a7dc21e27cf2e927195,H1,0,43,47,75076,91937,75117,91983
edit_write,1109ce98159395e58e64bfe20923af97f2870ad0dd279a7dc21e27cf2e927195,H1,1,68,76,73366,75255,73409,75328
edit_write,1109ce98159395e58e64bfe20923af97f2870ad0dd279a7dc21e27cf2e927195,H1,2,35,40,75825,98062,75862,98092
edit_write,1109ce98159395e58e64bfe20923af97f2870ad0dd279a7dc21e27cf2e927195,H2,0,116,155,24985,27044,25100,27199
edit_write,1109ce98159395e58e64bfe20923af97f2870ad0dd279a7dc21e27cf2e927195,H2,1,107,136,25328,26574,25426,26705
edit_write,1109ce98159395e58e64bfe20923af97f2870ad0dd279a7dc21e27cf2e927195,H2,2,136,159,25504,27385,25640,27517
edit_write,1109ce98159395e58e64bfe20923af97f2870ad0dd279a7dc21e27cf2e927195,H0,0,77,96,98767,107271,98831,107345
edit_write,1109ce98159395e58e64bfe20923af97f2870ad0dd279a7dc21e27cf2e927195,H0,1,35,60,49059,49870,49090,49924
edit_write,1109ce98159395e58e64bfe20923af97f2870ad0dd279a7dc21e27cf2e927195,H0,2,33,47,49094,62634,49129,62667
edit_write,1109ce98159395e58e64bfe20923af97f2870ad0dd279a7dc21e27cf2e927195,H3,0,5466,5993,37328,40286,42778,46943
edit_write,1109ce98159395e58e64bfe20923af97f2870ad0dd279a7dc21e27cf2e927195,H3,1,3593,3775,22349,23131,25920,26864
edit_write,1109ce98159395e58e64bfe20923af97f2870ad0dd279a7dc21e27cf2e927195,H3,2,3532,3721,22513,24003,25906,27630
edit_write,1109ce98159395e58e64bfe20923af97f2870ad0dd279a7dc21e27cf2e927195,H4,0,709,1087,16028,27783,16809,28848
edit_write,1109ce98159395e58e64bfe20923af97f2870ad0dd279a7dc21e27cf2e927195,H4,1,685,776,15420,15937,16143,16676
edit_write,1109ce98159395e58e64bfe20923af97f2870ad0dd279a7dc21e27cf2e927195,H4,2,682,731,16772,18070,17390,18788
edit_write,117c2ea60e643beb6d64abcaba2451bb9252535d919f288f92bb5a2c529924bb,H1,0,44,51,29429,46247,29480,46290
edit_write,117c2ea60e643beb6d64abcaba2451bb9252535d919f288f92bb5a2c529924bb,H1,1,42,76,27408,39625,27449,39695
edit_write,117c2ea60e643beb6d64abcaba2451bb9252535d919f288f92bb5a2c529924bb,H1,2,36,42,28123,40046,28165,40081
edit_write,117c2ea60e643beb6d64abcaba2451bb9252535d919f288f92bb5a2c529924bb,H2,0,98,113,15711,17378,15794,17475
edit_write,117c2ea60e643beb6d64abcaba2451bb9252535d919f288f92bb5a2c529924bb,H2,1,87,130,16271,27963,16373,28089
edit_write,117c2ea60e643beb6d64abcaba2451bb9252535d919f288f92bb5a2c529924bb,H2,2,100,149,15601,16681,15726,16826
edit_write,117c2ea60e643beb6d64abcaba2451bb9252535d919f288f92bb5a2c529924bb,H0,0,43,47,15961,18059,16007,18105
edit_write,117c2ea60e643beb6d64abcaba2451bb9252535d919f288f92bb5a2c529924bb,H0,1,34,51,16566,21561,16605,21599
edit_write,117c2ea60e643beb6d64abcaba2451bb9252535d919f288f92bb5a2c529924bb,H0,2,31,40,15948,17301,15983,17341
edit_write,117c2ea60e643beb6d64abcaba2451bb9252535d919f288f92bb5a2c529924bb,H3,0,1540,1760,12300,23722,13865,25320
edit_write,117c2ea60e643beb6d64abcaba2451bb9252535d919f288f92bb5a2c529924bb,H3,1,1701,1869,12432,13550,14133,15341
edit_write,117c2ea60e643beb6d64abcaba2451bb9252535d919f288f92bb5a2c529924bb,H3,2,1575,1721,12255,12807,13843,14469
edit_write,117c2ea60e643beb6d64abcaba2451bb9252535d919f288f92bb5a2c529924bb,H4,0,280,315,30970,32992,31222,33246
edit_write,117c2ea60e643beb6d64abcaba2451bb9252535d919f288f92bb5a2c529924bb,H4,1,328,376,30975,43673,31299,43972
edit_write,117c2ea60e643beb6d64abcaba2451bb9252535d919f288f92bb5a2c529924bb,H4,2,260,309,31086,32154,31323,32439
edit_write,11f4f64827b3c489a3b96cb82bb580dcb8b37723e3e0980cdb34e1b7980d7ef5,H1,0,44,49,6522,7005,6566,7052
edit_write,11f4f64827b3c489a3b96cb82bb580dcb8b37723e3e0980cdb34e1b7980d7ef5,H1,1,45,63,6643,7194,6686,7248
edit_write,11f4f64827b3c489a3b96cb82bb580dcb8b37723e3e0980cdb34e1b7980d7ef5,H1,2,34,37,6161,6448,6196,6481
edit_write,11f4f64827b3c489a3b96cb82bb580dcb8b37723e3e0980cdb34e1b7980d7ef5,H2,0,64,101,15047,20635,15128,20722
edit_write,11f4f64827b3c489a3b96cb82bb580dcb8b37723e3e0980cdb34e1b7980d7ef5,H2,1,82,108,15370,26602,15447,26684
edit_write,11f4f64827b3c489a3b96cb82bb580dcb8b37723e3e0980cdb34e1b7980d7ef5,H2,2,103,110,14819,15240,14918,15350
edit_write,11f4f64827b3c489a3b96cb82bb580dcb8b37723e3e0980cdb34e1b7980d7ef5,H0,0,43,56,31329,36073,31370,36097
edit_write,11f4f64827b3c489a3b96cb82bb580dcb8b37723e3e0980cdb34e1b7980d7ef5,H0,1,36,40,30298,44417,30332,44453
edit_write,11f4f64827b3c489a3b96cb82bb580dcb8b37723e3e0980cdb34e1b7980d7ef5,H0,2,30,36,30880,31903,30910,31932
edit_write,11f4f64827b3c489a3b96cb82bb580dcb8b37723e3e0980cdb34e1b7980d7ef5,H3,0,1840,2014,11105,12123,12902,14181
edit_write,11f4f64827b3c489a3b96cb82bb580dcb8b37723e3e0980cdb34e1b7980d7ef5,H3,1,1864,2096,11060,12023,12907,14119
edit_write,11f4f64827b3c489a3b96cb82bb580dcb8b37723e3e0980cdb34e1b7980d7ef5,H3,2,1819,1947,11093,11616,12884,13554
edit_write,11f4f64827b3c489a3b96cb82bb580dcb8b37723e3e0980cdb34e1b7980d7ef5,H4,0,273,306,6008,6467,6277,6771
edit_write,11f4f64827b3c489a3b96cb82bb580dcb8b37723e3e0980cdb34e1b7980d7ef5,H4,1,303,340,5900,6386,6201,6691
edit_write,11f4f64827b3c489a3b96cb82bb580dcb8b37723e3e0980cdb34e1b7980d7ef5,H4,2,272,340,5948,6506,6226,6839
edit_write,12b76ae925961b64ec448245900e09f8ab87c79819bf49ef0689e8037a9dd94d,H1,0,44,51,30266,36625,30312,36669
edit_write,12b76ae925961b64ec448245900e09f8ab87c79819bf49ef0689e8037a9dd94d,H1,1,67,83,32133,53401,32194,53448
edit_write,12b76ae925961b64ec448245900e09f8ab87c79819bf49ef0689e8037a9dd94d,H1,2,38,41,30030,35517,30066,35555
edit_write,12b76ae925961b64ec448245900e09f8ab87c79819bf49ef0689e8037a9dd94d,H2,0,58,114,37532,40418,37604,40499
edit_write,12b76ae925961b64ec448245900e09f8ab87c79819bf49ef0689e8037a9dd94d,H2,1,101,139,41259,52099,41409,52669
edit_write,12b76ae925961b64ec448245900e09f8ab87c79819bf49ef0689e8037a9dd94d,H2,2,96,151,38212,44700,38305,44792
edit_write,12b76ae925961b64ec448245900e09f8ab87c79819bf49ef0689e8037a9dd94d,H0,0,44,51,24981,37151,25032,37194
edit_write,12b76ae925961b64ec448245900e09f8ab87c79819bf49ef0689e8037a9dd94d,H0,1,55,73,24592,26152,24646,26200
edit_write,12b76ae925961b64ec448245900e09f8ab87c79819bf49ef0689e8037a9dd94d,H0,2,29,52,24117,24824,24148,24851
edit_write,12b76ae925961b64ec448245900e09f8ab87c79819bf49ef0689e8037a9dd94d,H3,0,3001,3326,36187,51319,39136,59077
edit_write,12b76ae925961b64ec448245900e09f8ab87c79819bf49ef0689e8037a9dd94d,H3,1,2958,3222,36343,58624,39291,61452
edit_write,12b76ae925961b64ec448245900e09f8ab87c79819bf49ef0689e8037a9dd94d,H3,2,2855,2942,36461,42803,39455,45663
edit_write,12b76ae925961b64ec448245900e09f8ab87c79819bf49ef0689e8037a9dd94d,H4,0,447,519,33141,51793,33560,52215
edit_write,12b76ae925961b64ec448245900e09f8ab87c79819bf49ef0689e8037a9dd94d,H4,1,463,505,32619,52539,33099,52965
edit_write,12b76ae925961b64ec448245900e09f8ab87c79819bf49ef0689e8037a9dd94d,H4,2,402,497,32877,33926,33252,34404
edit_write,1381a53732e6c601fa3b6a5d8f3c426081b19163a09b1c438c0ec2533b9a9638,H1,0,44,55,5562,5842,5611,5887
edit_write,1381a53732e6c601fa3b6a5d8f3c426081b19163a09b1c438c0ec2533b9a9638,H1,1,50,64,5029,5415,5093,5491
edit_write,1381a53732e6c601fa3b6a5d8f3c426081b19163a09b1c438c0ec2533b9a9638,H1,2,33,40,5584,5671,5613,5706
edit_write,1381a53732e6c601fa3b6a5d8f3c426081b19163a09b1c438c0ec2533b9a9638,H2,0,58,119,11762,13003,11861,13122
edit_write,1381a53732e6c601fa3b6a5d8f3c426081b19163a09b1c438c0ec2533b9a9638,H2,1,75,95,11850,12451,11929,12541
edit_write,1381a53732e6c601fa3b6a5d8f3c426081b19163a09b1c438c0ec2533b9a9638,H2,2,89,132,11364,11769,11474,11871
edit_write,1381a53732e6c601fa3b6a5d8f3c426081b19163a09b1c438c0ec2533b9a9638,H0,0,42,46,18785,23655,18828,23698
edit_write,1381a53732e6c601fa3b6a5d8f3c426081b19163a09b1c438c0ec2533b9a9638,H0,1,41,67,18985,24148,19018,24176
edit_write,1381a53732e6c601fa3b6a5d8f3c426081b19163a09b1c438c0ec2533b9a9638,H0,2,33,51,18590,24412,18621,24442
edit_write,1381a53732e6c601fa3b6a5d8f3c426081b19163a09b1c438c0ec2533b9a9638,H3,0,1469,1621,8791,9326,10298,10956
edit_write,1381a53732e6c601fa3b6a5d8f3c426081b19163a09b1c438c0ec2533b9a9638,H3,1,1473,1581,8641,9321,10093,10902
edit_write,1381a53732e6c601fa3b6a5d8f3c426081b19163a09b1c438c0ec2533b9a9638,H3,2,1439,1531,8726,9084,10199,10577
edit_write,1381a53732e6c601fa3b6a5d8f3c426081b19163a09b1c438c0ec2533b9a9638,H4,0,223,259,4920,5231,5154,5486
edit_write,1381a53732e6c601fa3b6a5d8f3c426081b19163a09b1c438c0ec2533b9a9638,H4,1,248,309,4710,5313,4988,5622
edit_write,1381a53732e6c601fa3b6a5d8f3c426081b19163a09b1c438c0ec2533b9a9638,H4,2,204,246,4646,4907,4848,5094
edit_write,13b349bed3cfb03e45bfea079ea477e6188780cb7941dc6cb64e24370c5cc55d,H1,0,43,46,25537,27718,25575,27762
edit_write,13b349bed3cfb03e45bfea079ea477e6188780cb7941dc6cb64e24370c5cc55d,H1,1,46,79,26010,27729,26081,27781
edit_write,13b349bed3cfb03e45bfea079ea477e6188780cb7941dc6cb64e24370c5cc55d,H1,2,41,47,25856,26643,25897,26686
edit_write,13b349bed3cfb03e45bfea079ea477e6188780cb7941dc6cb64e24370c5cc55d,H2,0,77,106,9497,10461,9584,10554
edit_write,13b349bed3cfb03e45bfea079ea477e6188780cb7941dc6cb64e24370c5cc55d,H2,1,77,95,9529,10165,9610,10256
edit_write,13b349bed3cfb03e45bfea079ea477e6188780cb7941dc6cb64e24370c5cc55d,H2,2,93,161,9386,14962,9481,15039
edit_write,13b349bed3cfb03e45bfea079ea477e6188780cb7941dc6cb64e24370c5cc55d,H0,0,43,50,15952,17431,15995,17481
edit_write,13b349bed3cfb03e45bfea079ea477e6188780cb7941dc6cb64e24370c5cc55d,H0,1,35,54,15559,17367,15608,17405
edit_write,13b349bed3cfb03e45bfea079ea477e6188780cb7941dc6cb64e24370c5cc55d,H0,2,30,46,15571,15879,15601,15914
edit_write,13b349bed3cfb03e45bfea079ea477e6188780cb7941dc6cb64e24370c5cc55d,H3,0,1365,1482,7503,8263,8868,9701
edit_write,13b349bed3cfb03e45bfea079ea477e6188780cb7941dc6cb64e24370c5cc55d,H3,1,1365,1486,7572,8810,8965,10408
edit_write,13b349bed3cfb03e45bfea079ea477e6188780cb7941dc6cb64e24370c5cc55d,H3,2,1350,1506,7564,7904,8883,9295
edit_write,13b349bed3cfb03e45bfea079ea477e6188780cb7941dc6cb64e24370c5cc55d,H4,0,171,222,5061,5646,5251,5860
edit_write,13b349bed3cfb03e45bfea079ea477e6188780cb7941dc6cb64e24370c5cc55d,H4,1,202,236,4971,5729,5203,5931
edit_write,13b349bed3cfb03e45bfea079ea477e6188780cb7941dc6cb64e24370c5cc55d,H4,2,170,215,5000,5320,5190,5524
edit_write,14be6e7fe4a57286c8717f875562507e4a2c06ff737236d0a3704debc5502285,H1,0,46,63,4970,5251,5020,5297
edit_write,14be6e7fe4a57286c8717f875562507e4a2c06ff737236d0a3704debc5502285,H1,1,67,84,4779,5131,4843,5205
edit_write,14be6e7fe4a57286c8717f875562507e4a2c06ff737236d0a3704debc5502285,H1,2,40,48,4765,5378,4805,5418
edit_write,14be6e7fe4a57286c8717f875562507e4a2c06ff737236d0a3704debc5502285,H2,0,58,102,8059,8848,8117,8960
edit_write,14be6e7fe4a57286c8717f875562507e4a2c06ff737236d0a3704debc5502285,H2,1,83,108,7676,8178,7758,8255
edit_write,14be6e7fe4a57286c8717f875562507e4a2c06ff737236d0a3704debc5502285,H2,2,91,133,7414,7978,7475,8087
edit_write,14be6e7fe4a57286c8717f875562507e4a2c06ff737236d0a3704debc5502285,H0,0,48,56,26464,32835,26507,32884
edit_write,14be6e7fe4a57286c8717f875562507e4a2c06ff737236d0a3704debc5502285,H0,1,52,66,24571,25087,24614,25143
edit_write,14be6e7fe4a57286c8717f875562507e4a2c06ff737236d0a3704debc5502285,H0,2,31,46,24212,36991,24238,37018
edit_write,14be6e7fe4a57286c8717f875562507e4a2c06ff737236d0a3704debc5502285,H3,0,1686,1872,6694,7544,8388,9416
edit_write,14be6e7fe4a57286c8717f875562507e4a2c06ff737236d0a3704debc5502285,H3,1,1556,1694,6540,11382,8109,12899
edit_write,14be6e7fe4a57286c8717f875562507e4a2c06ff737236d0a3704debc5502285,H3,2,1527,1721,6300,6895,7827,8599
edit_write,14be6e7fe4a57286c8717f875562507e4a2c06ff737236d0a3704debc5502285,H4,0,197,243,5213,5440,5406,5670
edit_write,14be6e7fe4a57286c8717f875562507e4a2c06ff737236d0a3704debc5502285,H4,1,258,298,4834,5115,5085,5419
edit_write,14be6e7fe4a57286c8717f875562507e4a2c06ff737236d0a3704debc5502285,H4,2,149,220,4725,5577,4885,5753
edit_write,1649ad95f27933c25916ecf7a3176a620bc59f7266bde7de6f3222ca068e5774,H1,0,44,54,68674,89338,68716,89381
edit_write,1649ad95f27933c25916ecf7a3176a620bc59f7266bde7de6f3222ca068e5774,H1,1,46,63,67486,73904,67531,73958
edit_write,1649ad95f27933c25916ecf7a3176a620bc59f7266bde7de6f3222ca068e5774,H1,2,43,49,68126,87966,68169,88009
edit_write,1649ad95f27933c25916ecf7a3176a620bc59f7266bde7de6f3222ca068e5774,H2,0,82,113,16943,18162,17023,18238
edit_write,1649ad95f27933c25916ecf7a3176a620bc59f7266bde7de6f3222ca068e5774,H2,1,93,127,17016,23500,17085,23609
edit_write,1649ad95f27933c25916ecf7a3176a620bc59f7266bde7de6f3222ca068e5774,H2,2,120,136,16891,18405,17011,18539
edit_write,1649ad95f27933c25916ecf7a3176a620bc59f7266bde7de6f3222ca068e5774,H0,0,44,69,43860,58316,43901,58365
edit_write,1649ad95f27933c25916ecf7a3176a620bc59f7266bde7de6f3222ca068e5774,H0,1,38,60,42511,57296,42546,57348
edit_write,1649ad95f27933c25916ecf7a3176a620bc59f7266bde7de6f3222ca068e5774,H0,2,29,59,43382,54975,43414,55020
edit_write,1649ad95f27933c25916ecf7a3176a620bc59f7266bde7de6f3222ca068e5774,H3,0,2407,2690,13377,14928,15776,17507
edit_write,1649ad95f27933c25916ecf7a3176a620bc59f7266bde7de6f3222ca068e5774,H3,1,2429,2615,13076,13978,15506,16588
edit_write,1649ad95f27933c25916ecf7a3176a620bc59f7266bde7de6f3222ca068e5774,H3,2,2348,2553,13140,14068,15467,16610
edit_write,1649ad95f27933c25916ecf7a3176a620bc59f7266bde7de6f3222ca068e5774,H4,0,396,434,8424,9021,8806,9406
edit_write,1649ad95f27933c25916ecf7a3176a620bc59f7266bde7de6f3222ca068e5774,H4,1,434,492,8643,9459,9066,9850
edit_write,1649ad95f27933c25916ecf7a3176a620bc59f7266bde7de6f3222ca068e5774,H4,2,415,447,8616,9641,9034,10090
edit_write,165e1434f64eafc72ce16523cff097caa69f0362de363cfdb9a146ac2f96eaa4,H1,0,43,49,34772,36988,34815,37031
edit_write,165e1434f64eafc72ce16523cff097caa69f0362de363cfdb9a146ac2f96eaa4,H1,1,54,74,34377,36114,34433,36171
edit_write,165e1434f64eafc72ce16523cff097caa69f0362de363cfdb9a146ac2f96eaa4,H1,2,43,115,37986,72053,38027,72168
edit_write,165e1434f64eafc72ce16523cff097caa69f0362de363cfdb9a146ac2f96eaa4,H2,0,48,71,10408,11318,10458,11366
edit_write,165e1434f64eafc72ce16523cff097caa69f0362de363cfdb9a146ac2f96eaa4,H2,1,60,100,10417,10900,10469,10958
edit_write,165e1434f64eafc72ce16523cff097caa69f0362de363cfdb9a146ac2f96eaa4,H2,2,66,125,11064,22893,11131,22943
edit_write,165e1434f64eafc72ce16523cff097caa69f0362de363cfdb9a146ac2f96eaa4,H0,0,47,67,25386,32069,25432,32135
edit_write,165e1434f64eafc72ce16523cff097caa69f0362de363cfdb9a146ac2f96eaa4,H0,1,33,53,24446,29157,24487,29188
edit_write,165e1434f64eafc72ce16523cff097caa69f0362de363cfdb9a146ac2f96eaa4,H0,2,75,127,46668,63675,46721,63754
edit_write,165e1434f64eafc72ce16523cff097caa69f0362de363cfdb9a146ac2f96eaa4,H3,0,1231,1487,8595,20473,9846,21706
edit_write,165e1434f64eafc72ce16523cff097caa69f0362de363cfdb9a146ac2f96eaa4,H3,1,1219,1362,8354,8710,9571,10011
edit_write,165e1434f64eafc72ce16523cff097caa69f0362de363cfdb9a146ac2f96eaa4,H3,2,1428,2967,9471,18654,10860,21597
edit_write,165e1434f64eafc72ce16523cff097caa69f0362de363cfdb9a146ac2f96eaa4,H4,0,263,325,6398,7089,6706,7427
edit_write,165e1434f64eafc72ce16523cff097caa69f0362de363cfdb9a146ac2f96eaa4,H4,1,277,330,6569,7251,6846,7560
edit_write,165e1434f64eafc72ce16523cff097caa69f0362de363cfdb9a146ac2f96eaa4,H4,2,298,624,7496,14881,7820,15458
edit_write,166a72f03def616914dc3c35e64692cceb36559442feba8e52aa646122f5871a,H1,0,43,53,75199,96150,75242,96193
edit_write,166a72f03def616914dc3c35e64692cceb36559442feba8e52aa646122f5871a,H1,1,61,74,72323,77030,72382,77099
edit_write,166a72f03def616914dc3c35e64692cceb36559442feba8e52aa646122f5871a,H1,2,39,58,74464,82956,74500,82991
edit_write,166a72f03def616914dc3c35e64692cceb36559442feba8e52aa646122f5871a,H2,0,116,148,23482,25228,23620,25344
edit_write,166a72f03def616914dc3c35e64692cceb36559442feba8e52aa646122f5871a,H2,1,122,168,23511,25472,23633,25590
edit_write,166a72f03def616914dc3c35e64692cceb36559442feba8e52aa646122f5871a,H2,2,148,168,23623,24163,23766,24326
edit_write,166a72f03def616914dc3c35e64692cceb36559442feba8e52aa646122f5871a,H0,0,45,57,49251,54756,49294,54798
edit_write,166a72f03def616914dc3c35e64692cceb36559442feba8e52aa646122f5871a,H0,1,37,41,48718,61095,48755,61132
edit_write,166a72f03def616914dc3c35e64692cceb36559442feba8e52aa646122f5871a,H0,2,31,55,48241,54665,48268,54691
edit_write,166a72f03def616914dc3c35e64692cceb36559442feba8e52aa646122f5871a,H3,0,2518,2710,19695,21074,22176,23686
edit_write,166a72f03def616914dc3c35e64692cceb36559442feba8e52aa646122f5871a,H3,1,2633,2915,19561,31266,22188,35489
edit_write,166a72f03def616914dc3c35e64692cceb36559442feba8e52aa646122f5871a,H3,2,2521,2680,19452,20111,21962,22791
edit_write,166a72f03def616914dc3c35e64692cceb36559442feba8e52aa646122f5871a,H4,0,598,654,14501,15109,15073,15698
edit_write,166a72f03def616914dc3c35e64692cceb36559442feba8e52aa646122f5871a,H4,1,627,691,14302,15350,14909,16091
edit_write,166a72f03def616914dc3c35e64692cceb36559442feba8e52aa646122f5871a,H4,2,566,625,14379,16401,14941,16978
edit_write,176afe7a530d52660383635e26bd6299e9ec56f4528cafaba8d20cf00884db27,H1,0,43,47,71096,78363,71139,78408
edit_write,176afe7a530d52660383635e26bd6299e9ec56f4528cafaba8d20cf00884db27,H1,1,66,79,70235,83224,70284,83303
edit_write,176afe7a530d52660383635e26bd6299e9ec56f4528cafaba8d20cf00884db27,H1,2,39,56,71729,96236,71770,96268
edit_write,176afe7a530d52660383635e26bd6299e9ec56f4528cafaba8d20cf00884db27,H2,0,112,142,19359,20711,19454,20815
edit_write,176afe7a530d52660383635e26bd6299e9ec56f4528cafaba8d20cf00884db27,H2,1,102,139,19618,20337,19695,20439
edit_write,176afe7a530d52660383635e26bd6299e9ec56f4528cafaba8d20cf00884db27,H2,2,134,154,20435,31985,20578,32112
edit_write,176afe7a530d52660383635e26bd6299e9ec56f4528cafaba8d20cf00884db27,H0,0,42,51,48112,63452,48156,63493
edit_write,176afe7a530d52660383635e26bd6299e9ec56f4528cafaba8d20cf00884db27,H0,1,36,47,47628,49175,47663,49211
edit_write,176afe7a530d52660383635e26bd6299e9ec56f4528cafaba8d20cf00884db27,H0,2,44,72,48526,54260,48574,54301
edit_write,176afe7a530d52660383635e26bd6299e9ec56f4528cafaba8d20cf00884db27,H3,0,2765,3067,15756,17304,18570,20563
edit_write,176afe7a530d52660383635e26bd6299e9ec56f4528cafaba8d20cf00884db27,H3,1,2837,3022,15831,16281,18633,19182
edit_write,176afe7a530d52660383635e26bd6299e9ec56f4528cafaba8d20cf00884db27,H3,2,2767,3008,16431,17467,19222,20293
edit_write,176afe7a530d52660383635e26bd6299e9ec56f4528cafaba8d20cf00884db27,H4,0,433,485,9493,15876,9939,16310
edit_write,176afe7a530d52660383635e26bd6299e9ec56f4528cafaba8d20cf00884db27,H4,1,436,470,9656,10552,10097,10940
edit_write,176afe7a530d52660383635e26bd6299e9ec56f4528cafaba8d20cf00884db27,H4,2,444,501,9617,10570,10048,11082
edit_write,18eb7519362f7cbdf411c981390fdde14412d0348ad0743939339ba2f575ac44,H1,0,44,51,68379,89053,68420,89096
edit_write,18eb7519362f7cbdf411c981390fdde14412d0348ad0743939339ba2f575ac44,H1,1,52,74,67764,80286,67821,80359
edit_write,18eb7519362f7cbdf411c981390fdde14412d0348ad0743939339ba2f575ac44,H1,2,43,54,69130,87980,69178,88023
edit_write,18eb7519362f7cbdf411c981390fdde14412d0348ad0743939339ba2f575ac44,H2,0,89,116,15983,17344,16065,17439
edit_write,18eb7519362f7cbdf411c981390fdde14412d0348ad0743939339ba2f575ac44,H2,1,111,166,16482,18016,16592,18182
edit_write,18eb7519362f7cbdf411c981390fdde14412d0348ad0743939339ba2f575ac44,H2,2,118,133,16283,21300,16403,21386
edit_write,18eb7519362f7cbdf411c981390fdde14412d0348ad0743939339ba2f575ac44,H0,0,43,54,43754,57695,43796,57737
edit_write,18eb7519362f7cbdf411c981390fdde14412d0348ad0743939339ba2f575ac44,H0,1,35,53,42237,44797,42268,44834
edit_write,18eb7519362f7cbdf411c981390fdde14412d0348ad0743939339ba2f575ac44,H0,2,31,53,42544,45599,42570,45630
edit_write,18eb7519362f7cbdf411c981390fdde14412d0348ad0743939339ba2f575ac44,H3,0,2345,2522,13017,13745,15320,16317
edit_write,18eb7519362f7cbdf411c981390fdde14412d0348ad0743939339ba2f575ac44,H3,1,2365,2662,12936,24030,15294,26600
edit_write,18eb7519362f7cbdf411c981390fdde14412d0348ad0743939339ba2f575ac44,H3,2,2268,2435,12707,13834,14975,16210
edit_write,18eb7519362f7cbdf411c981390fdde14412d0348ad0743939339ba2f575ac44,H4,0,398,445,8441,8920,8806,9371
edit_write,18eb7519362f7cbdf411c981390fdde14412d0348ad0743939339ba2f575ac44,H4,1,408,469,8590,9551,8988,9997
edit_write,18eb7519362f7cbdf411c981390fdde14412d0348ad0743939339ba2f575ac44,H4,2,421,450,8235,8886,8681,9293
edit_write,18f10770716804753d52967faf40a15681aecaa6e2d964d644082be9f035bbff,H1,0,43,48,70455,83622,70499,83666
edit_write,18f10770716804753d52967faf40a15681aecaa6e2d964d644082be9f035bbff,H1,1,43,70,68641,82707,68703,82767
edit_write,18f10770716804753d52967faf40a15681aecaa6e2d964d644082be9f035bbff,H1,2,45,103,76196,124155,76240,124258
edit_write,18f10770716804753d52967faf40a15681aecaa6e2d964d644082be9f035bbff,H2,0,114,151,19662,25259,19762,25374
edit_write,18f10770716804753d52967faf40a15681aecaa6e2d964d644082be9f035bbff,H2,1,114,150,19858,21529,19978,21699
edit_write,18f10770716804753d52967faf40a15681aecaa6e2d964d644082be9f035bbff,H2,2,134,158,20293,21759,20422,21947
edit_write,18f10770716804753d52967faf40a15681aecaa6e2d964d644082be9f035bbff,H0,0,44,55,48319,63777,48365,63817
edit_write,18f10770716804753d52967faf40a15681aecaa6e2d964d644082be9f035bbff,H0,1,36,42,47607,60489,47640,60526
edit_write,18f10770716804753d52967faf40a15681aecaa6e2d964d644082be9f035bbff,H0,2,37,54,51789,58084,51822,58122
edit_write,18f10770716804753d52967faf40a15681aecaa6e2d964d644082be9f035bbff,H3,0,2635,2906,15550,16847,18100,19686
edit_write,18f10770716804753d52967faf40a15681aecaa6e2d964d644082be9f035bbff,H3,1,2729,3010,15664,16817,18360,19740
edit_write,18f10770716804753d52967faf40a15681aecaa6e2d964d644082be9f035bbff,H3,2,2768,2871,16660,20064,19427,22898
edit_write,18f10770716804753d52967faf40a15681aecaa6e2d964d644082be9f035bbff,H4,0,447,505,9402,15206,9863,15616
edit_write,18f10770716804753d52967faf40a15681aecaa6e2d964d644082be9f035bbff,H4,1,439,497,9475,10765,9891,11256
edit_write,18f10770716804753d52967faf40a15681aecaa6e2d964d644082be9f035bbff,H4,2,475,505,10038,10617,10531,11092
edit_write,1a0deadd0f109c2a22aacdb0046eabc2a7a4ee1666b254455b1a07e548e44369,H1,0,43,49,32134,51195,32178,51238
edit_write,1a0deadd0f109c2a22aacdb0046eabc2a7a4ee1666b254455b1a07e548e44369,H1,1,51,59,32234,34806,32288,34870
edit_write,1a0deadd0f109c2a22aacdb0046eabc2a7a4ee1666b254455b1a07e548e44369,H1,2,38,49,31884,43485,31921,43525
edit_write,1a0deadd0f109c2a22aacdb0046eabc2a7a4ee1666b254455b1a07e548e44369,H2,0,100,120,25318,37683,25394,37800
edit_write,1a0deadd0f109c2a22aacdb0046eabc2a7a4ee1666b254455b1a07e548e44369,H2,1,98,129,26409,28683,26492,28798
edit_write,1a0deadd0f109c2a22aacdb0046eabc2a7a4ee1666b254455b1a07e548e44369,H2,2,105,152,25619,27143,25728,27242
edit_write,1a0deadd0f109c2a22aacdb0046eabc2a7a4ee1666b254455b1a07e548e44369,H0,0,45,50,19791,24486,19834,24536
edit_write,1a0deadd0f109c2a22aacdb0046eabc2a7a4ee1666b254455b1a07e548e44369,H0,1,40,71,20327,22002,20375,22039
edit_write,1a0deadd0f109c2a22aacdb0046eabc2a7a4ee1666b254455b1a07e548e44369,H0,2,30,42,19202,31025,19232,31058
edit_write,1a0deadd0f109c2a22aacdb0046eabc2a7a4ee1666b254455b1a07e548e44369,H3,0,1541,1680,44530,57003,46002,58544
edit_write,1a0deadd0f109c2a22aacdb0046eabc2a7a4ee1666b254455b1a07e548e44369,H3,1,1645,1828,44826,64172,46463,65848
edit_write,1a0deadd0f109c2a22aacdb0046eabc2a7a4ee1666b254455b1a07e548e44369,H3,2,1518,1737,43396,62156,44955,63581
edit_write,1a0deadd0f109c2a22aacdb0046eabc2a7a4ee1666b254455b1a07e548e44369,H4,0,258,333,31917,37639,32223,37872
edit_write,1a0deadd0f109c2a22aacdb0046eabc2a7a4ee1666b254455b1a07e548e44369,H4,1,276,367,32595,50514,32868,50836
edit_write,1a0deadd0f109c2a22aacdb0046eabc2a7a4ee1666b254455b1a07e548e44369,H4,2,246,321,32179,44728,32426,45006
edit_write,1bd781ed4daa79cdf17d16c83e9eaa61bc913b5400cc633443fabf3c18b555db,H1,0,42,45,1213,1624,1255,1668
edit_write,1bd781ed4daa79cdf17d16c83e9eaa61bc913b5400cc633443fabf3c18b555db,H1,1,30,44,1120,1871,1150,1909
edit_write,1bd781ed4daa79cdf17d16c83e9eaa61bc913b5400cc633443fabf3c18b555db,H1,2,26,41,1067,1307,1099,1335
edit_write,1bd781ed4daa79cdf17d16c83e9eaa61bc913b5400cc633443fabf3c18b555db,H2,0,44,57,1609,1723,1656,1777
edit_write,1bd781ed4daa79cdf17d16c83e9eaa61bc913b5400cc633443fabf3c18b555db,H2,1,35,57,1835,2050,1870,2100
edit_write,1bd781ed4daa79cdf17d16c83e9eaa61bc913b5400cc633443fabf3c18b555db,H2,2,28,43,1571,1638,1595,1677
edit_write,1bd781ed4daa79cdf17d16c83e9eaa61bc913b5400cc633443fabf3c18b555db,H0,0,41,50,743,793,779,837
edit_write,1bd781ed4daa79cdf17d16c83e9eaa61bc913b5400cc633443fabf3c18b555db,H0,1,44,69,1198,1575,1266,1636
edit_write,1bd781ed4daa79cdf17d16c83e9eaa61bc913b5400cc633443fabf3c18b555db,H0,2,26,37,752,802,779,839
edit_write,1bd781ed4daa79cdf17d16c83e9eaa61bc913b5400cc633443fabf3c18b555db,H3,0,361,451,1366,1558,1721,1991
edit_write,1bd781ed4daa79cdf17d16c83e9eaa61bc913b5400cc633443fabf3c18b555db,H3,1,379,440,1462,1759,1857,2182
edit_write,1bd781ed4daa79cdf17d16c83e9eaa61bc913b5400cc633443fabf3c18b555db,H3,2,379,452,1365,1590,1732,2059
edit_write,1bd781ed4daa79cdf17d16c83e9eaa61bc913b5400cc633443fabf3c18b555db,H4,0,86,102,1064,1216,1158,1312
edit_write,1bd781ed4daa79cdf17d16c83e9eaa61bc913b5400cc633443fabf3c18b555db,H4,1,183,274,1817,2830,2014,3104
edit_write,1bd781ed4daa79cdf17d16c83e9eaa61bc913b5400cc633443fabf3c18b555db,H4,2,70,95,1133,1331,1207,1405
edit_write,1c38500d66cb01c942d7c7a355dff4299076f63cf3f6a6f6a296aa8675819557,H1,0,48,61,34079,47275,34127,47334
edit_write,1c38500d66cb01c942d7c7a355dff4299076f63cf3f6a6f6a296aa8675819557,H1,1,47,52,34579,47810,34630,47856
edit_write,1c38500d66cb01c942d7c7a355dff4299076f63cf3f6a6f6a296aa8675819557,H1,2,34,47,34154,34671,34188,34710
edit_write,1c38500d66cb01c942d7c7a355dff4299076f63cf3f6a6f6a296aa8675819557,H2,0,87,109,17090,18855,17170,18964
edit_write,1c38500d66cb01c942d7c7a355dff4299076f63cf3f6a6f6a296aa8675819557,H2,1,72,134,17602,28994,17683,29062
edit_write,1c38500d66cb01c942d7c7a355dff4299076f63cf3f6a6f6a296aa8675819557,H2,2,100,147,16478,17092,16570,17216
edit_write,1c38500d66cb01c942d7c7a355dff4299076f63cf3f6a6f6a296aa8675819557,H0,0,44,69,24421,26704,24466,26751
edit_write,1c38500d66cb01c942d7c7a355dff4299076f63cf3f6a6f6a296aa8675819557,H0,1,33,51,24756,30832,24785,30870
edit_write,1c38500d66cb01c942d7c7a355dff4299076f63cf3f6a6f6a296aa8675819557,H0,2,33,41,23880,24234,23911,24269
edit_write,1c38500d66cb01c942d7c7a355dff4299076f63cf3f6a6f6a296aa8675819557,H3,0,1063,1134,14572,15906,15647,17036
edit_write,1c38500d66cb01c942d7c7a355dff4299076f63cf3f6a6f6a296aa8675819557,H3,1,1065,1294,14966,17351,16089,28751
edit_write,1c38500d66cb01c942d7c7a355dff4299076f63cf3f6a6f6a296aa8675819557,H3,2,1057,1184,14278,15206,15348,16406
edit_write,1c38500d66cb01c942d7c7a355dff4299076f63cf3f6a6f6a296aa8675819557,H4,0,216,282,32713,35062,32952,35294
edit_write,1c38500d66cb01c942d7c7a355dff4299076f63cf3f6a6f6a296aa8675819557,H4,1,218,274,34553,52389,34827,52617
edit_write,1c38500d66cb01c942d7c7a355dff4299076f63cf3f6a6f6a296aa8675819557,H4,2,213,229,32894,39756,33101,39934
edit_write,1cf8f8234dce187d8640ff2e9caf26335f3eba1334d15d238ef7e765cf365140,H1,0,44,49,11186,15951,11230,15994
edit_write,1cf8f8234dce187d8640ff2e9caf26335f3eba1334d15d238ef7e765cf365140,H1,1,43,49,11567,12290,11609,12339
edit_write,1cf8f8234dce187d8640ff2e9caf26335f3eba1334d15d238ef7e765cf365140,H1,2,100,128,22258,35384,22351,35485
edit_write,1cf8f8234dce187d8640ff2e9caf26335f3eba1334d15d238ef7e765cf365140,H2,0,56,111,12967,13836,13040,13928
edit_write,1cf8f8234dce187d8640ff2e9caf26335f3eba1334d15d238ef7e765cf365140,H2,1,75,94,13091,13951,13191,14045
edit_write,1cf8f8234dce187d8640ff2e9caf26335f3eba1334d15d238ef7e765cf365140,H2,2,91,116,12546,13821,12628,13924
edit_write,1cf8f8234dce187d8640ff2e9caf26335f3eba1334d15d238ef7e765cf365140,H0,0,43,75,28730,30999,28756,31040
edit_write,1cf8f8234dce187d8640ff2e9caf26335f3eba1334d15d238ef7e765cf365140,H0,1,28,37,28392,45760,28429,45784
edit_write,1cf8f8234dce187d8640ff2e9caf26335f3eba1334d15d238ef7e765cf365140,H0,2,88,105,52263,76045,52336,76136
edit_write,1cf8f8234dce187d8640ff2e9caf26335f3eba1334d15d238ef7e765cf365140,H3,0,1507,1658,9586,10114,11055,11734
edit_write,1cf8f8234dce187d8640ff2e9caf26335f3eba1334d15d238ef7e765cf365140,H3,1,1458,1595,9641,10503,11117,12146
edit_write,1cf8f8234dce187d8640ff2e9caf26335f3eba1334d15d238ef7e765cf365140,H3,2,3192,3423,18496,27692,21666,30470
edit_write,1cf8f8234dce187d8640ff2e9caf26335f3eba1334d15d238ef7e765cf365140,H4,0,272,312,5371,5780,5656,6081
edit_write,1cf8f8234dce187d8640ff2e9caf26335f3eba1334d15d238ef7e765cf365140,H4,1,284,384,5379,16546,5731,16830
edit_write,1cf8f8234dce187d8640ff2e9caf26335f3eba1334d15d238ef7e765cf365140,H4,2,250,288,5291,5689,5540,5936
edit_write,1d50519afbb6938993e7c6f1a564dc60d6103c701cdec12f171cf15f01b1b3cf,H1,0,44,47,73820,92186,73871,92229
edit_write,1d50519afbb6938993e7c6f1a564dc60d6103c701cdec12f171cf15f01b1b3cf,H1,1,69,79,75597,97694,75673,97770
edit_write,1d50519afbb6938993e7c6f1a564dc60d6103c701cdec12f171cf15f01b1b3cf,H1,2,45,62,74039,75644,74101,75689
edit_write,1d50519afbb6938993e7c6f1a564dc60d6103c701cdec12f171cf15f01b1b3cf,H2,0,102,146,19727,31980,19862,32116
edit_write,1d50519afbb6938993e7c6f1a564dc60d6103c701cdec12f171cf15f01b1b3cf,H2,1,102,153,19679,21073,19756,21217
edit_write,1d50519afbb6938993e7c6f1a564dc60d6103c701cdec12f171cf15f01b1b3cf,H2,2,136,159,19158,20363,19283,20501
edit_write,1d50519afbb6938993e7c6f1a564dc60d6103c701cdec12f171cf15f01b1b3cf,H0,0,43,48,48658,62006,48700,62051
edit_write,1d50519afbb6938993e7c6f1a564dc60d6103c701cdec12f171cf15f01b1b3cf,H0,1,37,41,48118,55085,48148,55121
edit_write,1d50519afbb6938993e7c6f1a564dc60d6103c701cdec12f171cf15f01b1b3cf,H0,2,33,48,47598,49154,47628,49185
edit_write,1d50519afbb6938993e7c6f1a564dc60d6103c701cdec12f171cf15f01b1b3cf,H3,0,2527,2754,15741,16951,18267,19605
edit_write,1d50519afbb6938993e7c6f1a564dc60d6103c701cdec12f171cf15f01b1b3cf,H3,1,2643,3044,16480,28837,19098,32100
edit_write,1d50519afbb6938993e7c6f1a564dc60d6103c701cdec12f171cf15f01b1b3cf,H3,2,2449,2557,16140,16610,18597,19050
edit_write,1d50519afbb6938993e7c6f1a564dc60d6103c701cdec12f171cf15f01b1b3cf,H4,0,421,479,9774,10384,10171,10814
edit_write,1d50519afbb6938993e7c6f1a564dc60d6103c701cdec12f171cf15f01b1b3cf,H4,1,442,496,10010,10432,10447,10926
edit_write,1d50519afbb6938993e7c6f1a564dc60d6103c701cdec12f171cf15f01b1b3cf,H4,2,397,429,9666,10089,10064,10476
edit_write,1e0012c1e7e5b0dfe1b3f29d65b53b974e4ce6488795b27dada67b6beed0e324,H1,0,45,69,14426,16032,14495,16099
edit_write,1e0012c1e7e5b0dfe1b3f29d65b53b974e4ce6488795b27dada67b6beed0e324,H1,1,63,74,14281,14940,14325,15012
edit_write,1e0012c1e7e5b0dfe1b3f29d65b53b974e4ce6488795b27dada67b6beed0e324,H1,2,41,67,14460,15502,14523,15544
edit_write,1e0012c1e7e5b0dfe1b3f29d65b53b974e4ce6488795b27dada67b6beed0e324,H2,0,103,147,22062,33180,22142,33326
edit_write,1e0012c1e7e5b0dfe1b3f29d65b53b974e4ce6488795b27dada67b6beed0e324,H2,1,98,122,21698,22751,21795,22872
edit_write,1e0012c1e7e5b0dfe1b3f29d65b53b974e4ce6488795b27dada67b6beed0e324,H2,2,119,150,21232,22020,21345,22107
edit_write,1e0012c1e7e5b0dfe1b3f29d65b53b974e4ce6488795b27dada67b6beed0e324,H0,0,45,52,56732,75758,56780,75800
edit_write,1e0012c1e7e5b0dfe1b3f29d65b53b974e4ce6488795b27dada67b6beed0e324,H0,1,35,39,55452,56018,55489,56054
edit_write,1e0012c1e7e5b0dfe1b3f29d65b53b974e4ce6488795b27dada67b6beed0e324,H0,2,32,41,54493,63732,54520,63767
edit_write,1e0012c1e7e5b0dfe1b3f29d65b53b974e4ce6488795b27dada67b6beed0e324,H3,0,3457,3959,16860,18528,20390,31369
edit_write,1e0012c1e7e5b0dfe1b3f29d65b53b974e4ce6488795b27dada67b6beed0e324,H3,1,3426,3542,16887,22847,20354,26376
edit_write,1e0012c1e7e5b0dfe1b3f29d65b53b974e4ce6488795b27dada67b6beed0e324,H3,2,3387,3578,16715,17181,20074,20753
edit_write,1e0012c1e7e5b0dfe1b3f29d65b53b974e4ce6488795b27dada67b6beed0e324,H4,0,453,530,13380,14389,13854,14919
edit_write,1e0012c1e7e5b0dfe1b3f29d65b53b974e4ce6488795b27dada67b6beed0e324,H4,1,475,540,13100,13713,13603,14228
edit_write,1e0012c1e7e5b0dfe1b3f29d65b53b974e4ce6488795b27dada67b6beed0e324,H4,2,466,539,13199,14196,13692,14737
edit_write,1f1bac3e58b541984e1ac457d72c21dd955351bd50257a97bb22ec4fe3b5bf6b,H1,0,44,54,30007,44967,30049,45010
edit_write,1f1bac3e58b541984e1ac457d72c21dd955351bd50257a97bb22ec4fe3b5bf6b,H1,1,75,90,29987,30789,30073,30863
edit_write,1f1bac3e58b541984e1ac457d72c21dd955351bd50257a97bb22ec4fe3b5bf6b,H1,2,34,38,30473,37303,30510,37340
edit_write,1f1bac3e58b541984e1ac457d72c21dd955351bd50257a97bb22ec4fe3b5bf6b,H2,0,63,94,38219,57911,38268,57997
edit_write,1f1bac3e58b541984e1ac457d72c21dd955351bd50257a97bb22ec4fe3b5bf6b,H2,1,96,118,38862,39600,38938,39714
edit_write,1f1bac3e58b541984e1ac457d72c21dd955351bd50257a97bb22ec4fe3b5bf6b,H2,2,113,152,37860,44424,37983,44519
edit_write,1f1bac3e58b541984e1ac457d72c21dd955351bd50257a97bb22ec4fe3b5bf6b,H0,0,43,61,24701,26566,24756,26613
edit_write,1f1bac3e58b541984e1ac457d72c21dd955351bd50257a97bb22ec4fe3b5bf6b,H0,1,51,67,24570,25255,24626,25297
edit_write,1f1bac3e58b541984e1ac457d72c21dd955351bd50257a97bb22ec4fe3b5bf6b,H0,2,31,46,24493,24926,24533,24964
edit_write,1f1bac3e58b541984e1ac457d72c21dd955351bd50257a97bb22ec4fe3b5bf6b,H3,0,3080,3354,37031,39580,40107,42832
edit_write,1f1bac3e58b541984e1ac457d72c21dd955351bd50257a97bb22ec4fe3b5bf6b,H3,1,3120,3307,36860,38619,40017,41905
edit_write,1f1bac3e58b541984e1ac457d72c21dd955351bd50257a97bb22ec4fe3b5bf6b,H3,2,3046,3217,36464,37822,39475,41001
edit_write,1f1bac3e58b541984e1ac457d72c21dd955351bd50257a97bb22ec4fe3b5bf6b,H4,0,449,515,33397,35400,33875,35892
edit_write,1f1bac3e58b541984e1ac457d72c21dd955351bd50257a97bb22ec4fe3b5bf6b,H4,1,513,562,33446,36097,33894,36617
edit_write,1f1bac3e58b541984e1ac457d72c21dd955351bd50257a97bb22ec4fe3b5bf6b,H4,2,401,469,32344,33534,32768,33941
edit_write,216771277ba13a67d5962c40a912df56ecb17d13ef46c780ea780b1001075777,H1,0,45,55,29974,43285,30019,43340
edit_write,216771277ba13a67d5962c40a912df56ecb17d13ef46c780ea780b1001075777,H1,1,72,82,30294,36514,30363,36583
edit_write,216771277ba13a67d5962c40a912df56ecb17d13ef46c780ea780b1001075777,H1,2,42,47,30919,48879,30958,48918
edit_write,216771277ba13a67d5962c40a912df56ecb17d13ef46c780ea780b1001075777,H2,0,59,94,38286,56002,38351,56058
edit_write,216771277ba13a67d5962c40a912df56ecb17d13ef46c780ea780b1001075777,H2,1,91,119,38306,40084,38408,40203
edit_write,216771277ba13a67d5962c40a912df56ecb17d13ef46c780ea780b1001075777,H2,2,111,152,37964,49755,38055,49871
edit_write,216771277ba13a67d5962c40a912df56ecb17d13ef46c780ea780b1001075777,H0,0,44,61,24793,26538,24836,26585
edit_write,216771277ba13a67d5962c40a912df56ecb17d13ef46c780ea780b1001075777,H0,1,57,67,24419,25254,24472,25313
edit_write,216771277ba13a67d5962c40a912df56ecb17d13ef46c780ea780b1001075777,H0,2,31,42,24858,26504,24891,26531
edit_write,216771277ba13a67d5962c40a912df56ecb17d13ef46c780ea780b1001075777,H3,0,2568,2777,36549,49499,39013,52249
edit_write,216771277ba13a67d5962c40a912df56ecb17d13ef46c780ea780b1001075777,H3,1,2512,2646,36107,37133,38608,39717
edit_write,216771277ba13a67d5962c40a912df56ecb17d13ef46c780ea780b1001075777,H3,2,2525,2726,37502,40920,40091,43595
edit_write,216771277ba13a67d5962c40a912df56ecb17d13ef46c780ea780b1001075777,H4,0,452,591,33909,47621,34361,48096
edit_write,216771277ba13a67d5962c40a912df56ecb17d13ef46c780ea780b1001075777,H4,1,455,525,33425,40619,33862,41134
edit_write,216771277ba13a67d5962c40a912df56ecb17d13ef46c780ea780b1001075777,H4,2,440,517,33915,36092,34327,36553
edit_write,217607d217812433776526219f7f790f47b94c2a9aaa6f61659fa1aca5288cc5,H1,0,43,50,9722,18279,9764,18322
edit_write,217607d217812433776526219f7f790f47b94c2a9aaa6f61659fa1aca5288cc5,H1,1,45,68,8331,9028,8372,9092
edit_write,217607d217812433776526219f7f790f47b94c2a9aaa6f61659fa1aca5288cc5,H1,2,40,44,9477,9953,9518,9994
edit_write,217607d217812433776526219f7f790f47b94c2a9aaa6f61659fa1aca5288cc5,H2,0,54,98,17987,23502,18075,23555
edit_write,217607d217812433776526219f7f790f47b94c2a9aaa6f61659fa1aca5288cc5,H2,1,98,129,18277,29869,18364,29977
edit_write,217607d217812433776526219f7f790f47b94c2a9aaa6f61659fa1aca5288cc5,H2,2,107,147,17747,18217,17883,18291
edit_write,217607d217812433776526219f7f790f47b94c2a9aaa6f61659fa1aca5288cc5,H0,0,45,51,31818,44991,31862,45038
edit_write,217607d217812433776526219f7f790f47b94c2a9aaa6f61659fa1aca5288cc5,H0,1,36,51,31395,34234,31427,34281
edit_write,217607d217812433776526219f7f790f47b94c2a9aaa6f61659fa1aca5288cc5,H0,2,36,45,33213,43178,33250,43212
edit_write,217607d217812433776526219f7f790f47b94c2a9aaa6f61659fa1aca5288cc5,H3,0,2149,2297,13965,15252,16085,17549
edit_write,217607d217812433776526219f7f790f47b94c2a9aaa6f61659fa1aca5288cc5,H3,1,2245,2472,14257,26650,16508,28942
edit_write,217607d217812433776526219f7f790f47b94c2a9aaa6f61659fa1aca5288cc5,H3,2,2179,2370,14210,31746,16372,33834
edit_write,217607d217812433776526219f7f790f47b94c2a9aaa6f61659fa1aca5288cc5,H4,0,289,323,7048,7717,7345,8019
edit_write,217607d217812433776526219f7f790f47b94c2a9aaa6f61659fa1aca5288cc5,H4,1,325,360,7231,7935,7572,8293
edit_write,217607d217812433776526219f7f790f47b94c2a9aaa6f61659fa1aca5288cc5,H4,2,311,356,7233,7798,7535,8118
edit_write,219a170cd01676535bd43915997bc9818a8e3b0a204a84f3ce9a0497609f667e,H1,0,43,48,33539,40477,33583,40520
edit_write,219a170cd01676535bd43915997bc9818a8e3b0a204a84f3ce9a0497609f667e,H1,1,43,64,32698,35655,32740,35711
edit_write,219a170cd01676535bd43915997bc9818a8e3b0a204a84f3ce9a0497609f667e,H1,2,37,42,33283,35883,33323,35924
edit_write,219a170cd01676535bd43915997bc9818a8e3b0a204a84f3ce9a0497609f667e,H2,0,69,107,8965,9699,9032,9820
edit_write,219a170cd01676535bd43915997bc9818a8e3b0a204a84f3ce9a0497609f667e,H2,1,68,102,9038,9938,9121,10024
edit_write,219a170cd01676535bd43915997bc9818a8e3b0a204a84f3ce9a0497609f667e,H2,2,87,122,8669,9458,8784,9573
edit_write,219a170cd01676535bd43915997bc9818a8e3b0a204a84f3ce9a0497609f667e,H0,0,45,52,23892,25530,23936,25577
edit_write,219a170cd01676535bd43915997bc9818a8e3b0a204a84f3ce9a0497609f667e,H0,1,32,54,24394,26346,24457,26378
edit_write,219a170cd01676535bd43915997bc9818a8e3b0a204a84f3ce9a0497609f667e,H0,2,33,46,25365,43040,25393,43085
edit_write,219a170cd01676535bd43915997bc9818a8e3b0a204a84f3ce9a0497609f667e,H3,0,1351,1474,6886,7589,8317,9036
edit_write,219a170cd01676535bd43915997bc9818a8e3b0a204a84f3ce9a0497609f667e,H3,1,1332,1416,6657,7086,7969,8464
edit_write,219a170cd01676535bd43915997bc9818a8e3b0a204a84f3ce9a0497609f667e,H3,2,1264,1425,6453,7272,7731,8697
edit_write,219a170cd01676535bd43915997bc9818a8e3b0a204a84f3ce9a0497609f667e,H4,0,188,223,4173,4644,4381,4863
edit_write,219a170cd01676535bd43915997bc9818a8e3b0a204a84f3ce9a0497609f667e,H4,1,192,235,4182,4638,4417,4847
edit_write,219a170cd01676535bd43915997bc9818a8e3b0a204a84f3ce9a0497609f667e,H4,2,193,228,4175,4633,4370,4855
edit_write,21baf164aecd1b644a841d6f5aeb7471fe0b52112d86bfb98c3562919ec02576,H1,0,44,49,33372,50796,33418,50839
edit_write,21baf164aecd1b644a841d6f5aeb7471fe0b52112d86bfb98c3562919ec02576,H1,1,45,65,34633,48189,34678,48237
edit_write,21baf164aecd1b644a841d6f5aeb7471fe0b52112d86bfb98c3562919ec02576,H1,2,41,45,34260,34667,34308,34709
edit_write,21baf164aecd1b644a841d6f5aeb7471fe0b52112d86bfb98c3562919ec02576,H2,0,49,67,9964,11182,10028,11248
edit_write,21baf164aecd1b644a841d6f5aeb7471fe0b52112d86bfb98c3562919ec02576,H2,1,84,100,10314,11430,10385,11523
edit_write,21baf164aecd1b644a841d6f5aeb7471fe0b52112d86bfb98c3562919ec02576,H2,2,44,79,9770,10209,9816,10269
edit_write,21baf164aecd1b644a841d6f5aeb7471fe0b52112d86bfb98c3562919ec02576,H0,0,45,52,24015,25572,24058,25617
edit_write,21baf164aecd1b644a841d6f5aeb7471fe0b52112d86bfb98c3562919ec02576,H0,1,34,54,24373,26618,24407,26657
edit_write,21baf164aecd1b644a841d6f5aeb7471fe0b52112d86bfb98c3562919ec02576,H0,2,31,34,23891,24682,23923,24714
edit_write,21baf164aecd1b644a841d6f5aeb7471fe0b52112d86bfb98c3562919ec02576,H3,0,1605,1769,8424,9024,10005,10781
edit_write,21baf164aecd1b644a841d6f5aeb7471fe0b52112d86bfb98c3562919ec02576,H3,1,1596,1728,8336,9010,9966,10736
edit_write,21baf164aecd1b644a841d6f5aeb7471fe0b52112d86bfb98c3562919ec02576,H3,2,1438,1552,8513,9057,9931,10585
edit_write,21baf164aecd1b644a841d6f5aeb7471fe0b52112d86bfb98c3562919ec02576,H4,0,280,318,6096,6532,6391,6833
edit_write,21baf164aecd1b644a841d6f5aeb7471fe0b52112d86bfb98c3562919ec02576,H4,1,268,326,6256,7037,6516,7357
edit_write,21baf164aecd1b644a841d6f5aeb7471fe0b52112d86bfb98c3562919ec02576,H4,2,227,287,5993,6391,6261,6671
edit_write,22f6b794277d21100dafd90ea271a1097d20ccb3ec3d671ca30e7eda63581c28,H1,0,42,52,4048,4369,4090,4411
edit_write,22f6b794277d21100dafd90ea271a1097d20ccb3ec3d671ca30e7eda63581c28,H1,1,44,53,4057,4610,4098,4652
edit_write,22f6b794277d21100dafd90ea271a1097d20ccb3ec3d671ca30e7eda63581c28,H1,2,27,40,4029,4218,4053,4250
edit_write,22f6b794277d21100dafd90ea271a1097d20ccb3ec3d671ca30e7eda63581c28,H2,0,55,98,5909,6222,5996,6329
edit_write,22f6b794277d21100dafd90ea271a1097d20ccb3ec3d671ca30e7eda63581c28,H2,1,63,85,6253,6614,6318,6699
edit_write,22f6b794277d21100dafd90ea271a1097d20ccb3ec3d671ca30e7eda63581c28,H2,2,60,104,5686,6347,5776,6438
edit_write,22f6b794277d21100dafd90ea271a1097d20ccb3ec3d671ca30e7eda63581c28,H0,0,45,52,16321,27751,16364,27802
edit_write,22f6b794277d21100dafd90ea271a1097d20ccb3ec3d671ca30e7eda63581c28,H0,1,29,50,16172,17730,16195,17759
edit_write,22f6b794277d21100dafd90ea271a1097d20ccb3ec3d671ca30e7eda63581c28,H0,2,32,44,16031,16751,16064,16773
edit_write,22f6b794277d21100dafd90ea271a1097d20ccb3ec3d671ca30e7eda63581c28,H3,0,722,896,4754,5191,5523,6063
edit_write,22f6b794277d21100dafd90ea271a1097d20ccb3ec3d671ca30e7eda63581c28,H3,1,682,748,4885,5234,5592,5981
edit_write,22f6b794277d21100dafd90ea271a1097d20ccb3ec3d671ca30e7eda63581c28,H3,2,698,822,4774,5266,5498,6117
edit_write,22f6b794277d21100dafd90ea271a1097d20ccb3ec3d671ca30e7eda63581c28,H4,0,97,151,2700,3023,2803,3168
edit_write,22f6b794277d21100dafd90ea271a1097d20ccb3ec3d671ca30e7eda63581c28,H4,1,125,171,2734,3027,2859,3199
edit_write,22f6b794277d21100dafd90ea271a1097d20ccb3ec3d671ca30e7eda63581c28,H4,2,93,141,2795,3182,2896,3276
edit_write,241d9c081d182bceb2260ef1e124976428b8f5689ba6385fbde0f685b0d1ac87,H1,0,44,55,33999,37404,34041,37459
edit_write,241d9c081d182bceb2260ef1e124976428b8f5689ba6385fbde0f685b0d1ac87,H1,1,44,74,33714,46486,33755,46533
edit_write,241d9c081d182bceb2260ef1e124976428b8f5689ba6385fbde0f685b0d1ac87,H1,2,38,42,33663,40169,33701,40208
edit_write,241d9c081d182bceb2260ef1e124976428b8f5689ba6385fbde0f685b0d1ac87,H2,0,77,118,9367,10207,9431,10306
edit_write,241d9c081d182bceb2260ef1e124976428b8f5689ba6385fbde0f685b0d1ac87,H2,1,78,122,9304,10126,9388,10223
edit_write,241d9c081d182bceb2260ef1e124976428b8f5689ba6385fbde0f685b0d1ac87,H2,2,87,108,8669,9071,8750,9160
edit_write,241d9c081d182bceb2260ef1e124976428b8f5689ba6385fbde0f685b0d1ac87,H0,0,45,52,24599,27009,24644,27060
edit_write,241d9c081d182bceb2260ef1e124976428b8f5689ba6385fbde0f685b0d1ac87,H0,1,33,59,23968,25823,24007,25885
edit_write,241d9c081d182bceb2260ef1e124976428b8f5689ba6385fbde0f685b0d1ac87,H0,2,36,49,23818,24374,23856,24399
edit_write,241d9c081d182bceb2260ef1e124976428b8f5689ba6385fbde0f685b0d1ac87,H3,0,1353,1519,6853,7356,8232,8799
edit_write,241d9c081d182bceb2260ef1e124976428b8f5689ba6385fbde0f685b0d1ac87,H3,1,1407,1571,6735,7639,8142,9210
edit_write,241d9c081d182bceb2260ef1e124976428b8f5689ba6385fbde0f685b0d1ac87,H3,2,1258,1379,6456,6748,7728,8111
edit_write,241d9c081d182bceb2260ef1e124976428b8f5689ba6385fbde0f685b0d1ac87,H4,0,164,197,4369,4815,4539,5002
edit_write,241d9c081d182bceb2260ef1e124976428b8f5689ba6385fbde0f685b0d1ac87,H4,1,223,275,4471,5419,4685,5693
edit_write,241d9c081d182bceb2260ef1e124976428b8f5689ba6385fbde0f685b0d1ac87,H4,2,155,187,4378,4768,4528,4934
edit_write,246e379beddba4bbb8a032d33b78e9abcce4d808f24e54e3b5d77e04433a5425,H1,0,95,122,125067,134527,125159,134632
edit_write,246e379beddba4bbb8a032d33b78e9abcce4d808f24e54e3b5d77e04433a5425,H1,1,58,75,67389,88137,67442,88211
edit_write,246e379beddba4bbb8a032d33b78e9abcce4d808f24e54e3b5d77e04433a5425,H1,2,36,38,68075,73158,68113,73194
edit_write,246e379beddba4bbb8a032d33b78e9abcce4d808f24e54e3b5d77e04433a5425,H2,0,96,194,16289,27879,16379,28041
edit_write,246e379beddba4bbb8a032d33b78e9abcce4d808f24e54e3b5d77e04433a5425,H2,1,105,150,16037,17253,16142,17421
edit_write,246e379beddba4bbb8a032d33b78e9abcce4d808f24e54e3b5d77e04433a5425,H2,2,102,119,15909,16461,16026,16579
edit_write,246e379beddba4bbb8a032d33b78e9abcce4d808f24e54e3b5d77e04433a5425,H0,0,45,56,42163,57217,42206,57274
edit_write,246e379beddba4bbb8a032d33b78e9abcce4d808f24e54e3b5d77e04433a5425,H0,1,51,64,42787,64105,42835,64156
edit_write,246e379beddba4bbb8a032d33b78e9abcce4d808f24e54e3b5d77e04433a5425,H0,2,30,51,42106,47626,42149,47662
edit_write,246e379beddba4bbb8a032d33b78e9abcce4d808f24e54e3b5d77e04433a5425,H3,0,2172,2364,12643,13582,14833,15957
edit_write,246e379beddba4bbb8a032d33b78e9abcce4d808f24e54e3b5d77e04433a5425,H3,1,2252,3801,13280,26197,15557,28329
edit_write,246e379beddba4bbb8a032d33b78e9abcce4d808f24e54e3b5d77e04433a5425,H3,2,2031,2161,12236,12589,14234,14652
edit_write,246e379beddba4bbb8a032d33b78e9abcce4d808f24e54e3b5d77e04433a5425,H4,0,401,450,8076,8874,8484,9269
edit_write,246e379beddba4bbb8a032d33b78e9abcce4d808f24e54e3b5d77e04433a5425,H4,1,418,472,8345,19794,8747,22445
edit_write,246e379beddba4bbb8a032d33b78e9abcce4d808f24e54e3b5d77e04433a5425,H4,2,400,431,8178,8491,8588,8889
edit_write,252ef600f9f1e57f83f3faebc29db4c8821c66cc8c2260c73a523e3b302d2fcf,H1,0,45,57,12072,12712,12120,12756
edit_write,252ef600f9f1e57f83f3faebc29db4c8821c66cc8c2260c73a523e3b302d2fcf,H1,1,37,51,11935,12504,11973,12540
edit_write,252ef600f9f1e57f83f3faebc29db4c8821c66cc8c2260c73a523e3b302d2fcf,H1,2,43,52,12570,12813,12613,12853
edit_write,252ef600f9f1e57f83f3faebc29db4c8821c66cc8c2260c73a523e3b302d2fcf,H2,0,55,78,14362,15152,14429,15222
edit_write,252ef600f9f1e57f83f3faebc29db4c8821c66cc8c2260c73a523e3b302d2fcf,H2,1,75,103,14326,15478,14429,15557
edit_write,252ef600f9f1e57f83f3faebc29db4c8821c66cc8c2260c73a523e3b302d2fcf,H2,2,86,120,13780,14120,13870,14205
edit_write,252ef600f9f1e57f83f3faebc29db4c8821c66cc8c2260c73a523e3b302d2fcf,H0,0,42,47,27754,29471,27795,29495
edit_write,252ef600f9f1e57f83f3faebc29db4c8821c66cc8c2260c73a523e3b302d2fcf,H0,1,31,38,27248,33076,27284,33109
edit_write,252ef600f9f1e57f83f3faebc29db4c8821c66cc8c2260c73a523e3b302d2fcf,H0,2,31,45,28049,28478,28094,28523
edit_write,252ef600f9f1e57f83f3faebc29db4c8821c66cc8c2260c73a523e3b302d2fcf,H3,0,1536,1713,10617,11346,12203,13120
edit_write,252ef600f9f1e57f83f3faebc29db4c8821c66cc8c2260c73a523e3b302d2fcf,H3,1,1559,1649,10744,11814,12288,13554
edit_write,252ef600f9f1e57f83f3faebc29db4c8821c66cc8c2260c73a523e3b302d2fcf,H3,2,1523,1594,10606,10896,12141,12457
edit_write,252ef600f9f1e57f83f3faebc29db4c8821c66cc8c2260c73a523e3b302d2fcf,H4,0,262,305,5710,6146,5962,6417
edit_write,252ef600f9f1e57f83f3faebc29db4c8821c66cc8c2260c73a523e3b302d2fcf,H4,1,278,342,5739,6260,6046,6601
edit_write,252ef600f9f1e57f83f3faebc29db4c8821c66cc8c2260c73a523e3b302d2fcf,H4,2,257,274,5614,5952,5857,6220
edit_write,25fac74c7b99dd05e3bc287e19d7e2c7aa2857bac35b7ff20027138237936c8d,H1,0,43,47,9843,10767,9886,10813
edit_write,25fac74c7b99dd05e3bc287e19d7e2c7aa2857bac35b7ff20027138237936c8d,H1,1,46,60,9936,10642,9992,10701
edit_write,25fac74c7b99dd05e3bc287e19d7e2c7aa2857bac35b7ff20027138237936c8d,H1,2,41,52,10559,11509,10602,11543
edit_write,25fac74c7b99dd05e3bc287e19d7e2c7aa2857bac35b7ff20027138237936c8d,H2,0,71,118,10154,11281,10233,11399
edit_write,25fac74c7b99dd05e3bc287e19d7e2c7aa2857bac35b7ff20027138237936c8d,H2,1,64,145,10000,11081,10087,11155
edit_write,25fac74c7b99dd05e3bc287e19d7e2c7aa2857bac35b7ff20027138237936c8d,H2,2,82,115,9775,10709,9876,10807
edit_write,25fac74c7b99dd05e3bc287e19d7e2c7aa2857bac35b7ff20027138237936c8d,H0,0,45,49,18543,19886,18585,19933
edit_write,25fac74c7b99dd05e3bc287e19d7e2c7aa2857bac35b7ff20027138237936c8d,H0,1,47,55,19336,20188,19386,20242
edit_write,25fac74c7b99dd05e3bc287e19d7e2c7aa2857bac35b7ff20027138237936c8d,H0,2,34,53,18250,19521,18284,19578
edit_write,25fac74c7b99dd05e3bc287e19d7e2c7aa2857bac35b7ff20027138237936c8d,H3,0,1262,1410,7205,7733,8489,9248
edit_write,25fac74c7b99dd05e3bc287e19d7e2c7aa2857bac35b7ff20027138237936c8d,H3,1,1300,1408,7261,7689,8575,9088
edit_write,25fac74c7b99dd05e3bc287e19d7e2c7aa2857bac35b7ff20027138237936c8d,H3,2,1257,1388,6967,11428,8190,12720
edit_write,25fac74c7b99dd05e3bc287e19d7e2c7aa2857bac35b7ff20027138237936c8d,H4,0,190,222,3887,4296,4068,4518
edit_write,25fac74c7b99dd05e3bc287e19d7e2c7aa2857bac35b7ff20027138237936c8d,H4,1,246,303,3965,4383,4197,4691
edit_write,25fac74c7b99dd05e3bc287e19d7e2c7aa2857bac35b7ff20027138237936c8d,H4,2,221,263,3804,4420,4026,4683
edit_write,260378feae0c21e3f658d0a90def2d91baa555ec24d512d1f67f87f96323ddab,H1,0,45,65,15587,16878,15633,16924
edit_write,260378feae0c21e3f658d0a90def2d91baa555ec24d512d1f67f87f96323ddab,H1,1,47,71,15905,17117,15975,17165
edit_write,260378feae0c21e3f658d0a90def2d91baa555ec24d512d1f67f87f96323ddab,H1,2,43,50,15501,16631,15543,16660
edit_write,260378feae0c21e3f658d0a90def2d91baa555ec24d512d1f67f87f96323ddab,H2,0,70,96,5831,6340,5918,6423
edit_write,260378feae0c21e3f658d0a90def2d91baa555ec24d512d1f67f87f96323ddab,H2,1,77,102,5875,6292,5944,6380
edit_write,260378feae0c21e3f658d0a90def2d91baa555ec24d512d1f67f87f96323ddab,H2,2,65,91,5584,6103,5675,6192
edit_write,260378feae0c21e3f658d0a90def2d91baa555ec24d512d1f67f87f96323ddab,H0,0,42,49,11351,12190,11396,12234
edit_write,260378feae0c21e3f658d0a90def2d91baa555ec24d512d1f67f87f96323ddab,H0,1,32,41,11649,12990,11683,13025
edit_write,260378feae0c21e3f658d0a90def2d91baa555ec24d512d1f67f87f96323ddab,H0,2,27,45,11866,23818,11893,23843
edit_write,260378feae0c21e3f658d0a90def2d91baa555ec24d512d1f67f87f96323ddab,H3,0,872,972,4658,5164,5597,6127
edit_write,260378feae0c21e3f658d0a90def2d91baa555ec24d512d1f67f87f96323ddab,H3,1,890,1061,4534,5009,5404,6044
edit_write,260378feae0c21e3f658d0a90def2d91baa555ec24d512d1f67f87f96323ddab,H3,2,859,1044,4503,5112,5355,6173
edit_write,260378feae0c21e3f658d0a90def2d91baa555ec24d512d1f67f87f96323ddab,H4,0,107,133,2735,3188,2836,3302
edit_write,260378feae0c21e3f658d0a90def2d91baa555ec24d512d1f67f87f96323ddab,H4,1,143,203,3005,14272,3155,14475
edit_write,260378feae0c21e3f658d0a90def2d91baa555ec24d512d1f67f87f96323ddab,H4,2,107,153,2876,3132,3006,3254
edit_write,26610fe69d5a94dc3dc68ea52c32a904e7b0bc8819f97eca79be0ebedb27ab6a,H1,0,46,58,33008,47991,33058,48043
edit_write,26610fe69d5a94dc3dc68ea52c32a904e7b0bc8819f97eca79be0ebedb27ab6a,H1,1,45,68,32873,33656,32920,33702
edit_write,26610fe69d5a94dc3dc68ea52c32a904e7b0bc8819f97eca79be0ebedb27ab6a,H1,2,37,47,33637,34522,33679,34552
edit_write,26610fe69d5a94dc3dc68ea52c32a904e7b0bc8819f97eca79be0ebedb27ab6a,H2,0,93,125,10060,11024,10134,11120
edit_write,26610fe69d5a94dc3dc68ea52c32a904e7b0bc8819f97eca79be0ebedb27ab6a,H2,1,71,116,10514,10895,10585,10996
edit_write,26610fe69d5a94dc3dc68ea52c32a904e7b0bc8819f97eca79be0ebedb27ab6a,H2,2,96,147,10402,10861,10470,10968
edit_write,26610fe69d5a94dc3dc68ea52c32a904e7b0bc8819f97eca79be0ebedb27ab6a,H0,0,45,56,20764,26245,20809,26295
edit_write,26610fe69d5a94dc3dc68ea52c32a904e7b0bc8819f97eca79be0ebedb27ab6a,H0,1,35,61,21063,22366,21109,22420
edit_write,26610fe69d5a94dc3dc68ea52c32a904e7b0bc8819f97eca79be0ebedb27ab6a,H0,2,32,44,21260,26780,21294,26806
edit_write,26610fe69d5a94dc3dc68ea52c32a904e7b0bc8819f97eca79be0ebedb27ab6a,H3,0,1563,1737,8224,8750,9779,10456
edit_write,26610fe69d5a94dc3dc68ea52c32a904e7b0bc8819f97eca79be0ebedb27ab6a,H3,1,1631,1741,8476,8994,10145,10633
edit_write,26610fe69d5a94dc3dc68ea52c32a904e7b0bc8819f97eca79be0ebedb27ab6a,H3,2,1585,1733,8578,9379,10136,11112
edit_write,26610fe69d5a94dc3dc68ea52c32a904e7b0bc8819f97eca79be0ebedb27ab6a,H4,0,187,226,5164,5568,5342,5758
edit_write,26610fe69d5a94dc3dc68ea52c32a904e7b0bc8819f97eca79be0ebedb27ab6a,H4,1,213,250,5444,6101,5607,6349
edit_write,26610fe69d5a94dc3dc68ea52c32a904e7b0bc8819f97eca79be0ebedb27ab6a,H4,2,177,220,5429,5951,5633,6121
edit_write,26ef546c961fd47e44ba63069f98c08f2c44c6f867cc1351ff8eab74449d3694,H1,0,77,118,119837,138700,119914,138788
edit_write,26ef546c961fd47e44ba63069f98c08f2c44c6f867cc1351ff8eab74449d3694,H1,1,46,72,70267,84205,70310,84256
edit_write,26ef546c961fd47e44ba63069f98c08f2c44c6f867cc1351ff8eab74449d3694,H1,2,34,38,70542,82606,70577,82641
edit_write,26ef546c961fd47e44ba63069f98c08f2c44c6f867cc1351ff8eab74449d3694,H2,0,95,129,19706,21342,19787,21437
edit_write,26ef546c961fd47e44ba63069f98c08f2c44c6f867cc1351ff8eab74449d3694,H2,1,104,135,19797,37478,19892,37597
edit_write,26ef546c961fd47e44ba63069f98c08f2c44c6f867cc1351ff8eab74449d3694,H2,2,130,158,19746,21772,19869,21922
edit_write,26ef546c961fd47e44ba63069f98c08f2c44c6f867cc1351ff8eab74449d3694,H0,0,46,59,43907,48266,43952,48314
edit_write,26ef546c961fd47e44ba63069f98c08f2c44c6f867cc1351ff8eab74449d3694,H0,1,37,64,42280,46534,42320,46572
edit_write,26ef546c961fd47e44ba63069f98c08f2c44c6f867cc1351ff8eab74449d3694,H0,2,30,48,41872,44531,41908,44564
edit_write,26ef546c961fd47e44ba63069f98c08f2c44c6f867cc1351ff8eab74449d3694,H3,0,3993,4289,27636,28114,31643,32244
edit_write,26ef546c961fd47e44ba63069f98c08f2c44c6f867cc1351ff8eab74449d3694,H3,1,2525,2695,16091,27909,18562,30650
edit_write,26ef546c961fd47e44ba63069f98c08f2c44c6f867cc1351ff8eab74449d3694,H3,2,2567,2721,16336,17778,18925,20438
edit_write,26ef546c961fd47e44ba63069f98c08f2c44c6f867cc1351ff8eab74449d3694,H4,0,550,604,10832,11786,11392,12368
edit_write,26ef546c961fd47e44ba63069f98c08f2c44c6f867cc1351ff8eab74449d3694,H4,1,537,636,11044,12097,11574,12685
edit_write,26ef546c961fd47e44ba63069f98c08f2c44c6f867cc1351ff8eab74449d3694,H4,2,546,617,11154,12490,11744,13078
edit_write,2718f8e7e9566fb7e83409259c9f365030f18991f4dfd010dcf1670196495b62,H1,0,44,51,2307,2612,2357,2657
edit_write,2718f8e7e9566fb7e83409259c9f365030f18991f4dfd010dcf1670196495b62,H1,1,33,49,2190,2454,2228,2498
edit_write,2718f8e7e9566fb7e83409259c9f365030f18991f4dfd010dcf1670196495b62,H1,2,31,35,2224,2404,2258,2437
edit_write,2718f8e7e9566fb7e83409259c9f365030f18991f4dfd010dcf1670196495b62,H2,0,57,110,4985,5344,5081,5450
edit_write,2718f8e7e9566fb7e83409259c9f365030f18991f4dfd010dcf1670196495b62,H2,1,56,86,5020,5460,5078,5556
edit_write,2718f8e7e9566fb7e83409259c9f365030f18991f4dfd010dcf1670196495b62,H2,2,65,116,4785,5378,4886,5429
edit_write,2718f8e7e9566fb7e83409259c9f365030f18991f4dfd010dcf1670196495b62,H0,0,43,47,16048,20932,16088,20972
edit_write,2718f8e7e9566fb7e83409259c9f365030f18991f4dfd010dcf1670196495b62,H0,1,31,35,16152,17207,16188,17237
edit_write,2718f8e7e9566fb7e83409259c9f365030f18991f4dfd010dcf1670196495b62,H0,2,26,54,16022,16495,16058,16539
edit_write,2718f8e7e9566fb7e83409259c9f365030f18991f4dfd010dcf1670196495b62,H3,0,567,671,3652,4063,4209,4712
edit_write,2718f8e7e9566fb7e83409259c9f365030f18991f4dfd010dcf1670196495b62,H3,1,539,649,3664,4109,4195,4694
edit_write,2718f8e7e9566fb7e83409259c9f365030f18991f4dfd010dcf1670196495b62,H3,2,489,557,3636,3939,4125,4468
edit_write,2718f8e7e9566fb7e83409259c9f365030f18991f4dfd010dcf1670196495b62,H4,0,79,104,2075,2459,2171,2563
edit_write,2718f8e7e9566fb7e83409259c9f365030f18991f4dfd010dcf1670196495b62,H4,1,107,151,2022,2534,2137,2666
edit_write,2718f8e7e9566fb7e83409259c9f365030f18991f4dfd010dcf1670196495b62,H4,2,96,119,1897,2435,1989,2540
edit_write,273fa8cb17228573bab33fed4e0e69f9cc361c86d516fc788ce578678fb80293,H1,0,43,49,5970,6466,6014,6513
edit_write,273fa8cb17228573bab33fed4e0e69f9cc361c86d516fc788ce578678fb80293,H1,1,30,60,6258,6608,6295,6662
edit_write,273fa8cb17228573bab33fed4e0e69f9cc361c86d516fc788ce578678fb80293,H1,2,40,45,5974,6258,6015,6299
edit_write,273fa8cb17228573bab33fed4e0e69f9cc361c86d516fc788ce578678fb80293,H2,0,53,88,4273,4636,4323,4691
edit_write,273fa8cb17228573bab33fed4e0e69f9cc361c86d516fc788ce578678fb80293,H2,1,68,100,4583,5096,4645,5186
edit_write,273fa8cb17228573bab33fed4e0e69f9cc361c86d516fc788ce578678fb80293,H2,2,66,98,4120,4939,4212,5053
edit_write,273fa8cb17228573bab33fed4e0e69f9cc361c86d516fc788ce578678fb80293,H0,0,44,50,3883,4210,3927,4253
edit_write,273fa8cb17228573bab33fed4e0e69f9cc361c86d516fc788ce578678fb80293,H0,1,30,37,3891,4324,3923,4348
edit_write,273fa8cb17228573bab33fed4e0e69f9cc361c86d516fc788ce578678fb80293,H0,2,31,40,3767,4065,3795,4097
edit_write,273fa8cb17228573bab33fed4e0e69f9cc361c86d516fc788ce578678fb80293,H3,0,466,577,3629,3951,4071,4528
edit_write,273fa8cb17228573bab33fed4e0e69f9cc361c86d516fc788ce578678fb80293,H3,1,462,523,3521,4109,3972,4611
edit_write,273fa8cb17228573bab33fed4e0e69f9cc361c86d516fc788ce578678fb80293,H3,2,442,539,3573,3785,3976,4273
edit_write,273fa8cb17228573bab33fed4e0e69f9cc361c86d516fc788ce578678fb80293,H4,0,82,150,1630,1834,1711,1967
edit_write,273fa8cb17228573bab33fed4e0e69f9cc361c86d516fc788ce578678fb80293,H4,1,89,156,1702,1988,1818,2136
edit_write,273fa8cb17228573bab33fed4e0e69f9cc361c86d516fc788ce578678fb80293,H4,2,67,100,1675,1921,1733,2006
edit_write,279864387d6761eec0db710f2df2a97740138b567c2c83dcccb164630c9ae2d1,H1,0,45,53,7382,7914,7427,7959
edit_write,279864387d6761eec0db710f2df2a97740138b567c2c83dcccb164630c9ae2d1,H1,1,37,42,6590,7287,6627,7324
edit_write,279864387d6761eec0db710f2df2a97740138b567c2c83dcccb164630c9ae2d1,H1,2,43,50,6084,6726,6130,6774
edit_write,279864387d6761eec0db710f2df2a97740138b567c2c83dcccb164630c9ae2d1,H2,0,60,100,13663,24902,13727,24958
edit_write,279864387d6761eec0db710f2df2a97740138b567c2c83dcccb164630c9ae2d1,H2,1,73,94,14775,26139,14851,26215
edit_write,279864387d6761eec0db710f2df2a97740138b567c2c83dcccb164630c9ae2d1,H2,2,79,120,14036,24956,14124,25051
edit_write,279864387d6761eec0db710f2df2a97740138b567c2c83dcccb164630c9ae2d1,H0,0,43,49,30335,31685,30380,31729
edit_write,279864387d6761eec0db710f2df2a97740138b567c2c83dcccb164630c9ae2d1,H0,1,60,77,56438,63978,56497,64040
edit_write,279864387d6761eec0db710f2df2a97740138b567c2c83dcccb164630c9ae2d1,H0,2,33,47,28200,40026,28233,40060
edit_write,279864387d6761eec0db710f2df2a97740138b567c2c83dcccb164630c9ae2d1,H3,0,1703,1876,10073,11100,11803,13100
edit_write,279864387d6761eec0db710f2df2a97740138b567c2c83dcccb164630c9ae2d1,H3,1,1749,1912,10576,22186,12304,24098
edit_write,279864387d6761eec0db710f2df2a97740138b567c2c83dcccb164630c9ae2d1,H3,2,1710,1851,10431,21933,12197,23695
edit_write,279864387d6761eec0db710f2df2a97740138b567c2c83dcccb164630c9ae2d1,H4,0,260,287,6140,6620,6399,6903
edit_write,279864387d6761eec0db710f2df2a97740138b567c2c83dcccb164630c9ae2d1,H4,1,483,544,10287,10961,10769,11447
edit_write,279864387d6761eec0db710f2df2a97740138b567c2c83dcccb164630c9ae2d1,H4,2,270,287,5855,6428,6130,6700
edit_write,28a1acf90b38df679a58bf587c158e7b7a97095308f7efc057237cab5f68e3e9,H1,0,44,54,3165,3354,3209,3403
edit_write,28a1acf90b38df679a58bf587c158e7b7a97095308f7efc057237cab5f68e3e9,H1,1,47,61,3142,3291,3198,3338
edit_write,28a1acf90b38df679a58bf587c158e7b7a97095308f7efc057237cab5f68e3e9,H1,2,27,35,3086,3325,3113,3352
edit_write,28a1acf90b38df679a58bf587c158e7b7a97095308f7efc057237cab5f68e3e9,H2,0,58,85,5802,6430,5867,6510
edit_write,28a1acf90b38df679a58bf587c158e7b7a97095308f7efc057237cab5f68e3e9,H2,1,60,84,5834,6107,5911,6171
edit_write,28a1acf90b38df679a58bf587c158e7b7a97095308f7efc057237cab5f68e3e9,H2,2,56,112,5424,5689,5477,5759
edit_write,28a1acf90b38df679a58bf587c158e7b7a97095308f7efc057237cab5f68e3e9,H0,0,42,46,15771,16632,15811,16674
edit_write,28a1acf90b38df679a58bf587c158e7b7a97095308f7efc057237cab5f68e3e9,H0,1,32,47,15619,15954,15646,16001
edit_write,28a1acf90b38df679a58bf587c158e7b7a97095308f7efc057237cab5f68e3e9,H0,2,30,42,15689,16109,15723,16144
edit_write,28a1acf90b38df679a58bf587c158e7b7a97095308f7efc057237cab5f68e3e9,H3,0,797,939,4586,4996,5406,5878
edit_write,28a1acf90b38df679a58bf587c158e7b7a97095308f7efc057237cab5f68e3e9,H3,1,747,825,4534,4971,5273,5763
edit_write,28a1acf90b38df679a58bf587c158e7b7a97095308f7efc057237cab5f68e3e9,H3,2,688,748,4397,4837,5085,5581
edit_write,28a1acf90b38df679a58bf587c158e7b7a97095308f7efc057237cab5f68e3e9,H4,0,110,150,2721,3074,2829,3224
edit_write,28a1acf90b38df679a58bf587c158e7b7a97095308f7efc057237cab5f68e3e9,H4,1,114,167,2634,3518,2751,3716
edit_write,28a1acf90b38df679a58bf587c158e7b7a97095308f7efc057237cab5f68e3e9,H4,2,85,124,2801,3136,2885,3235
edit_write,28d504bae47605bbffc9527edfa75df3e1d91094a3b0ba5637ce9390eadac374,H1,0,44,51,6903,13068,6946,13113
edit_write,28d504bae47605bbffc9527edfa75df3e1d91094a3b0ba5637ce9390eadac374,H1,1,44,61,6317,6863,6365,6923
edit_write,28d504bae47605bbffc9527edfa75df3e1d91094a3b0ba5637ce9390eadac374,H1,2,35,49,5007,5260,5043,5294
edit_write,28d504bae47605bbffc9527edfa75df3e1d91094a3b0ba5637ce9390eadac374,H2,0,56,93,13673,14424,13734,14512
edit_write,28d504bae47605bbffc9527edfa75df3e1d91094a3b0ba5637ce9390eadac374,H2,1,74,117,14640,25843,14730,25916
edit_write,28d504bae47605bbffc9527edfa75df3e1d91094a3b0ba5637ce9390eadac374,H2,2,88,110,13722,14005,13832,14096
edit_write,28d504bae47605bbffc9527edfa75df3e1d91094a3b0ba5637ce9390eadac374,H0,0,43,53,27797,29470,27850,29511
edit_write,28d504bae47605bbffc9527edfa75df3e1d91094a3b0ba5637ce9390eadac374,H0,1,73,90,57057,64469,57135,64545
edit_write,28d504bae47605bbffc9527edfa75df3e1d91094a3b0ba5637ce9390eadac374,H0,2,36,47,27772,28381,27807,28417
edit_write,28d504bae47605bbffc9527edfa75df3e1d91094a3b0ba5637ce9390eadac374,H3,0,1554,1729,10882,23285,12404,24790
edit_write,28d504bae47605bbffc9527edfa75df3e1d91094a3b0ba5637ce9390eadac374,H3,1,1573,1674,10662,22365,12225,24019
edit_write,28d504bae47605bbffc9527edfa75df3e1d91094a3b0ba5637ce9390eadac374,H3,2,1501,1576,10508,10891,12021,12423
edit_write,28d504bae47605bbffc9527edfa75df3e1d91094a3b0ba5637ce9390eadac374,H4,0,235,273,4950,5279,5186,5519
edit_write,28d504bae47605bbffc9527edfa75df3e1d91094a3b0ba5637ce9390eadac374,H4,1,483,531,9392,9775,9878,10255
edit_write,28d504bae47605bbffc9527edfa75df3e1d91094a3b0ba5637ce9390eadac374,H4,2,202,241,5004,5251,5211,5494
edit_write,2904613ba6435ee558ed3d245d9e38820d67316f8316fa96e8a17ba5ded9d27b,H1,0,47,105,28608,50730,28671,50835
edit_write,2904613ba6435ee558ed3d245d9e38820d67316f8316fa96e8a17ba5ded9d27b,H1,1,51,61,26811,27947,26861,28003
edit_write,2904613ba6435ee558ed3d245d9e38820d67316f8316fa96e8a17ba5ded9d27b,H1,2,41,47,25660,27326,25701,27367
edit_write,2904613ba6435ee558ed3d245d9e38820d67316f8316fa96e8a17ba5ded9d27b,H2,0,86,106,10605,11357,10706,11427
edit_write,2904613ba6435ee558ed3d245d9e38820d67316f8316fa96e8a17ba5ded9d27b,H2,1,78,122,10136,10695,10214,10767
edit_write,2904613ba6435ee558ed3d245d9e38820d67316f8316fa96e8a17ba5ded9d27b,H2,2,82,115,9281,9622,9376,9719
edit_write,2904613ba6435ee558ed3d245d9e38820d67316f8316fa96e8a17ba5ded9d27b,H0,0,43,53,15682,16562,15726,16605
edit_write,2904613ba6435ee558ed3d245d9e38820d67316f8316fa96e8a17ba5ded9d27b,H0,1,34,39,16361,17251,16390,17290
edit_write,2904613ba6435ee558ed3d245d9e38820d67316f8316fa96e8a17ba5ded9d27b,H0,2,30,44,15249,15623,15282,15649
edit_write,2904613ba6435ee558ed3d245d9e38820d67316f8316fa96e8a17ba5ded9d27b,H3,0,1430,1642,8013,8531,9445,10184
edit_write,2904613ba6435ee558ed3d245d9e38820d67316f8316fa96e8a17ba5ded9d27b,H3,1,1577,1716,7927,8432,9513,10106
edit_write,2904613ba6435ee558ed3d245d9e38820d67316f8316fa96e8a17ba5ded9d27b,H3,2,1360,1506,7259,7615,8616,9133
edit_write,2904613ba6435ee558ed3d245d9e38820d67316f8316fa96e8a17ba5ded9d27b,H4,0,199,263,4813,5526,5034,5857
edit_write,2904613ba6435ee558ed3d245d9e38820d67316f8316fa96e8a17ba5ded9d27b,H4,1,226,266,5169,5654,5384,5893
edit_write,2904613ba6435ee558ed3d245d9e38820d67316f8316fa96e8a17ba5ded9d27b,H4,2,180,233,4948,5574,5105,5779
edit_write,2a2b60261297aeb6979831a4ecb88cb780699e65e29feb38b0378c832df99740,H1,0,46,55,12125,13267,12179,13317
edit_write,2a2b60261297aeb6979831a4ecb88cb780699e65e29feb38b0378c832df99740,H1,1,47,57,10937,11926,10998,11976
edit_write,2a2b60261297aeb6979831a4ecb88cb780699e65e29feb38b0378c832df99740,H1,2,42,47,12266,13044,12307,13086
edit_write,2a2b60261297aeb6979831a4ecb88cb780699e65e29feb38b0378c832df99740,H2,0,60,105,11270,12487,11326,12559
edit_write,2a2b60261297aeb6979831a4ecb88cb780699e65e29feb38b0378c832df99740,H2,1,78,104,11529,12480,11608,12583
edit_write,2a2b60261297aeb6979831a4ecb88cb780699e65e29feb38b0378c832df99740,H2,2,84,127,11191,12026,11315,12160
edit_write,2a2b60261297aeb6979831a4ecb88cb780699e65e29feb38b0378c832df99740,H0,0,45,49,20733,30832,20778,30880
edit_write,2a2b60261297aeb6979831a4ecb88cb780699e65e29feb38b0378c832df99740,H0,1,50,62,19007,20377,19054,20449
edit_write,2a2b60261297aeb6979831a4ecb88cb780699e65e29feb38b0378c832df99740,H0,2,33,58,18863,20716,18896,20744
edit_write,2a2b60261297aeb6979831a4ecb88cb780699e65e29feb38b0378c832df99740,H3,0,1315,1410,8357,9103,9667,10453
edit_write,2a2b60261297aeb6979831a4ecb88cb780699e65e29feb38b0378c832df99740,H3,1,1298,1376,8240,14036,9554,15294
edit_write,2a2b60261297aeb6979831a4ecb88cb780699e65e29feb38b0378c832df99740,H3,2,1295,1431,8406,8861,9676,10259
edit_write,2a2b60261297aeb6979831a4ecb88cb780699e65e29feb38b0378c832df99740,H4,0,216,268,4557,5227,4780,5454
edit_write,2a2b60261297aeb6979831a4ecb88cb780699e65e29feb38b0378c832df99740,H4,1,247,277,4404,4810,4645,5053
edit_write,2a2b60261297aeb6979831a4ecb88cb780699e65e29feb38b0378c832df99740,H4,2,247,282,4478,4856,4729,5146
edit_write,2b0e5a48116bf2be5f6a0c9e574505818b6af3c45fb1c901743c508990df940b,H1,0,42,47,1070,1232,1113,1274
edit_write,2b0e5a48116bf2be5f6a0c9e574505818b6af3c45fb1c901743c508990df940b,H1,1,30,55,1094,1397,1122,1435
edit_write,2b0e5a48116bf2be5f6a0c9e574505818b6af3c45fb1c901743c508990df940b,H1,2,27,30,1047,1405,1070,1455
edit_write,2b0e5a48116bf2be5f6a0c9e574505818b6af3c45fb1c901743c508990df940b,H2,0,45,62,1593,1770,1643,1819
edit_write,2b0e5a48116bf2be5f6a0c9e574505818b6af3c45fb1c901743c508990df940b,H2,1,36,60,1768,2022,1804,2082
edit_write,2b0e5a48116bf2be5f6a0c9e574505818b6af3c45fb1c901743c508990df940b,H2,2,34,46,1544,1678,1588,1709
edit_write,2b0e5a48116bf2be5f6a0c9e574505818b6af3c45fb1c901743c508990df940b,H0,0,43,49,743,791,784,837
edit_write,2b0e5a48116bf2be5f6a0c9e574505818b6af3c45fb1c901743c508990df940b,H0,1,30,36,787,818,818,844
edit_write,2b0e5a48116bf2be5f6a0c9e574505818b6af3c45fb1c901743c508990df940b,H0,2,30,34,732,881,764,909
edit_write,2b0e5a48116bf2be5f6a0c9e574505818b6af3c45fb1c901743c508990df940b,H3,0,378,509,1296,1562,1676,2069
edit_write,2b0e5a48116bf2be5f6a0c9e574505818b6af3c45fb1c901743c508990df940b,H3,1,409,529,1451,1687,1841,2206
edit_write,2b0e5a48116bf2be5f6a0c9e574505818b6af3c45fb1c901743c508990df940b,H3,2,363,489,1363,1587,1726,2069
edit_write,2b0e5a48116bf2be5f6a0c9e574505818b6af3c45fb1c901743c508990df940b,H4,0,87,122,1001,1154,1092,1277
edit_write,2b0e5a48116bf2be5f6a0c9e574505818b6af3c45fb1c901743c508990df940b,H4,1,75,117,1180,1313,1255,1438
edit_write,2b0e5a48116bf2be5f6a0c9e574505818b6af3c45fb1c901743c508990df940b,H4,2,81,104,1132,1359,1214,1466
edit_write,2c5b85b771b54fba5afafce775b0c8eadfead92b78bbf3ef6c75d433c6d4ad18,H1,0,43,50,15170,16507,15212,16552
edit_write,2c5b85b771b54fba5afafce775b0c8eadfead92b78bbf3ef6c75d433c6d4ad18,H1,1,49,74,15206,27582,15254,27646
edit_write,2c5b85b771b54fba5afafce775b0c8eadfead92b78bbf3ef6c75d433c6d4ad18,H1,2,35,40,14435,14824,14468,14858
edit_write,2c5b85b771b54fba5afafce775b0c8eadfead92b78bbf3ef6c75d433c6d4ad18,H2,0,64,108,22181,24456,22247,24552
edit_write,2c5b85b771b54fba5afafce775b0c8eadfead92b78bbf3ef6c75d433c6d4ad18,H2,1,99,156,22121,34407,22218,34511
edit_write,2c5b85b771b54fba5afafce775b0c8eadfead92b78bbf3ef6c75d433c6d4ad18,H2,2,98,140,22143,22406,22225,22521
edit_write,2c5b85b771b54fba5afafce775b0c8eadfead92b78bbf3ef6c75d433c6d4ad18,H0,0,45,55,31573,48951,31614,48995
edit_write,2c5b85b771b54fba5afafce775b0c8eadfead92b78bbf3ef6c75d433c6d4ad18,H0,1,37,44,31414,33573,31450,33611
edit_write,2c5b85b771b54fba5afafce775b0c8eadfead92b78bbf3ef6c75d433c6d4ad18,H0,2,32,46,30942,31399,30974,31455
edit_write,2c5b85b771b54fba5afafce775b0c8eadfead92b78bbf3ef6c75d433c6d4ad18,H3,0,1745,1922,18724,20608,20453,22385
edit_write,2c5b85b771b54fba5afafce775b0c8eadfead92b78bbf3ef6c75d433c6d4ad18,H3,1,1816,1964,19192,20006,20909,32054
edit_write,2c5b85b771b54fba5afafce775b0c8eadfead92b78bbf3ef6c75d433c6d4ad18,H3,2,1639,1727,18283,18690,19906,20428
edit_write,2c5b85b771b54fba5afafce775b0c8eadfead92b78bbf3ef6c75d433c6d4ad18,H4,0,334,374,7315,8298,7669,8652
edit_write,2c5b85b771b54fba5afafce775b0c8eadfead92b78bbf3ef6c75d433c6d4ad18,H4,1,336,392,7388,18859,7700,19239
edit_write,2c5b85b771b54fba5afafce775b0c8eadfead92b78bbf3ef6c75d433c6d4ad18,H4,2,298,348,7135,7445,7444,7783
edit_write,2d4c15fae5a33931c3f2fc94670f8bcc671664084b8421f50aa8c8d919b72730,H1,0,44,47,44385,47903,44425,47948
edit_write,2d4c15fae5a33931c3f2fc94670f8bcc671664084b8421f50aa8c8d919b72730,H1,1,49,59,43969,57430,44021,57478
edit_write,2d4c15fae5a33931c3f2fc94670f8bcc671664084b8421f50aa8c8d919b72730,H1,2,41,48,44597,56726,44636,56769
edit_write,2d4c15fae5a33931c3f2fc94670f8bcc671664084b8421f50aa8c8d919b72730,H2,0,56,104,14436,16132,14501,16232
edit_write,2d4c15fae5a33931c3f2fc94670f8bcc671664084b8421f50aa8c8d919b72730,H2,1,80,98,14561,15954,14642,16043
edit_write,2d4c15fae5a33931c3f2fc94670f8bcc671664084b8421f50aa8c8d919b72730,H2,2,98,114,14134,25858,14235,25952
edit_write,2d4c15fae5a33931c3f2fc94670f8bcc671664084b8421f50aa8c8d919b72730,H0,0,47,70,32142,60524,32190,60612
edit_write,2d4c15fae5a33931c3f2fc94670f8bcc671664084b8421f50aa8c8d919b72730,H0,1,36,41,30808,44435,30852,44467
edit_write,2d4c15fae5a33931c3f2fc94670f8bcc671664084b8421f50aa8c8d919b72730,H0,2,33,37,31402,48660,31437,48696
edit_write,2d4c15fae5a33931c3f2fc94670f8bcc671664084b8421f50aa8c8d919b72730,H3,0,1546,1659,10468,11141,11923,12757
edit_write,2d4c15fae5a33931c3f2fc94670f8bcc671664084b8421f50aa8c8d919b72730,H3,1,1429,1563,10690,11452,12078,13015
edit_write,2d4c15fae5a33931c3f2fc94670f8bcc671664084b8421f50aa8c8d919b72730,H3,2,1494,1648,10328,11391,11842,13074
edit_write,2d4c15fae5a33931c3f2fc94670f8bcc671664084b8421f50aa8c8d919b72730,H4,0,317,350,5236,5588,5563,5926
edit_write,2d4c15fae5a33931c3f2fc94670f8bcc671664084b8421f50aa8c8d919b72730,H4,1,321,368,5747,6279,6097,6647
edit_write,2d4c15fae5a33931c3f2fc94670f8bcc671664084b8421f50aa8c8d919b72730,H4,2,326,380,5634,6438,5960,6818
edit_write,2edd653b610f67c24d664df54668f4014d18496e02a6a9b4acf808ed2cb05a1c,H1,0,43,51,8010,8548,8053,8591
edit_write,2edd653b610f67c24d664df54668f4014d18496e02a6a9b4acf808ed2cb05a1c,H1,1,39,51,7709,8314,7754,8359
edit_write,2edd653b610f67c24d664df54668f4014d18496e02a6a9b4acf808ed2cb05a1c,H1,2,35,39,8404,9286,8437,9320
edit_write,2edd653b610f67c24d664df54668f4014d18496e02a6a9b4acf808ed2cb05a1c,H2,0,73,100,11195,12146,11266,12240
edit_write,2edd653b610f67c24d664df54668f4014d18496e02a6a9b4acf808ed2cb05a1c,H2,1,117,141,11879,13105,11994,13230
edit_write,2edd653b610f67c24d664df54668f4014d18496e02a6a9b4acf808ed2cb05a1c,H2,2,112,124,11057,22661,11172,22773
edit_write,2edd653b610f67c24d664df54668f4014d18496e02a6a9b4acf808ed2cb05a1c,H0,0,45,61,53411,56467,53452,56528
edit_write,2edd653b610f67c24d664df54668f4014d18496e02a6a9b4acf808ed2cb05a1c,H0,1,31,53,53173,70267,53205,70297
edit_write,2edd653b610f67c24d664df54668f4014d18496e02a6a9b4acf808ed2cb05a1c,H0,2,34,52,53069,73161,53095,73186
edit_write,2edd653b610f67c24d664df54668f4014d18496e02a6a9b4acf808ed2cb05a1c,H3,0,1260,1432,8482,9206,9754,10637
edit_write,2edd653b610f67c24d664df54668f4014d18496e02a6a9b4acf808ed2cb05a1c,H3,1,1193,1309,8751,9281,9954,10631
edit_write,2edd653b610f67c24d664df54668f4014d18496e02a6a9b4acf808ed2cb05a1c,H3,2,1253,1445,8576,9276,9822,10721
edit_write,2edd653b610f67c24d664df54668f4014d18496e02a6a9b4acf808ed2cb05a1c,H4,0,183,220,4907,5597,5100,5816
edit_write,2edd653b610f67c24d664df54668f4014d18496e02a6a9b4acf808ed2cb05a1c,H4,1,222,275,4909,5489,5155,5771
edit_write,2edd653b610f67c24d664df54668f4014d18496e02a6a9b4acf808ed2cb05a1c,H4,2,206,229,4902,5371,5106,5583
edit_write,2f060a48158608a4c224db927de925824718ea939bc14edddec8dc63e8fcfb33,H1,0,44,53,70817,77752,70864,77799
edit_write,2f060a48158608a4c224db927de925824718ea939bc14edddec8dc63e8fcfb33,H1,1,64,75,72018,95114,72082,95163
edit_write,2f060a48158608a4c224db927de925824718ea939bc14edddec8dc63e8fcfb33,H1,2,73,109,104337,139853,104406,139943
edit_write,2f060a48158608a4c224db927de925824718ea939bc14edddec8dc63e8fcfb33,H2,0,96,120,19564,31109,19644,31223
edit_write,2f060a48158608a4c224db927de925824718ea939bc14edddec8dc63e8fcfb33,H2,1,102,143,21301,32284,21412,32383
edit_write,2f060a48158608a4c224db927de925824718ea939bc14edddec8dc63e8fcfb33,H2,2,133,179,21487,26585,21633,26764
edit_write,2f060a48158608a4c224db927de925824718ea939bc14edddec8dc63e8fcfb33,H0,0,43,53,43096,54183,43138,54228
edit_write,2f060a48158608a4c224db927de925824718ea939bc14edddec8dc63e8fcfb33,H0,1,32,51,43570,47042,43602,47074
edit_write,2f060a48158608a4c224db927de925824718ea939bc14edddec8dc63e8fcfb33,H0,2,54,95,57518,69986,57569,70081
edit_write,2f060a48158608a4c224db927de925824718ea939bc14edddec8dc63e8fcfb33,H3,0,2283,2485,16629,18221,18915,20694
edit_write,2f060a48158608a4c224db927de925824718ea939bc14edddec8dc63e8fcfb33,H3,1,2263,2440,16656,22089,18904,24329
edit_write,2f060a48158608a4c224db927de925824718ea939bc14edddec8dc63e8fcfb33,H3,2,2442,3602,18156,21639,20643,25560
edit_write,2f060a48158608a4c224db927de925824718ea939bc14edddec8dc63e8fcfb33,H4,0,528,582,11552,12423,12085,12974
edit_write,2f060a48158608a4c224db927de925824718ea939bc14edddec8dc63e8fcfb33,H4,1,518,596,11696,13545,12226,14145
edit_write,2f060a48158608a4c224db927de925824718ea939bc14edddec8dc63e8fcfb33,H4,2,799,1067,22071,24749,22868,25525
edit_write,2fb29c474b52c1c8256698db4b2f0fc61caebcc383a97268b3c8c41d9f525bd3,H1,0,44,59,3837,4206,3884,4243
edit_write,2fb29c474b52c1c8256698db4b2f0fc61caebcc383a97268b3c8c41d9f525bd3,H1,1,45,64,3822,4205,3867,4251
edit_write,2fb29c474b52c1c8256698db4b2f0fc61caebcc383a97268b3c8c41d9f525bd3,H1,2,35,39,3711,4129,3745,4164
edit_write,2fb29c474b52c1c8256698db4b2f0fc61caebcc383a97268b3c8c41d9f525bd3,H2,0,67,115,5241,5647,5306,5742
edit_write,2fb29c474b52c1c8256698db4b2f0fc61caebcc383a97268b3c8c41d9f525bd3,H2,1,76,109,5491,5870,5571,5943
edit_write,2fb29c474b52c1c8256698db4b2f0fc61caebcc383a97268b3c8c41d9f525bd3,H2,2,65,104,5197,5580,5266,5683
edit_write,2fb29c474b52c1c8256698db4b2f0fc61caebcc383a97268b3c8c41d9f525bd3,H0,0,44,60,16659,16962,16713,17004
edit_write,2fb29c474b52c1c8256698db4b2f0fc61caebcc383a97268b3c8c41d9f525bd3,H0,1,28,40,15871,16842,15899,16872
edit_write,2fb29c474b52c1c8256698db4b2f0fc61caebcc383a97268b3c8c41d9f525bd3,H0,2,31,45,15623,15961,15656,15984
edit_write,2fb29c474b52c1c8256698db4b2f0fc61caebcc383a97268b3c8c41d9f525bd3,H3,0,739,916,3989,4497,4763,10064
edit_write,2fb29c474b52c1c8256698db4b2f0fc61caebcc383a97268b3c8c41d9f525bd3,H3,1,664,734,4135,4527,4822,5216
edit_write,2fb29c474b52c1c8256698db4b2f0fc61caebcc383a97268b3c8c41d9f525bd3,H3,2,660,766,4117,4551,4751,5312
edit_write,2fb29c474b52c1c8256698db4b2f0fc61caebcc383a97268b3c8c41d9f525bd3,H4,0,97,135,2315,2810,2407,2928
edit_write,2fb29c474b52c1c8256698db4b2f0fc61caebcc383a97268b3c8c41d9f525bd3,H4,1,121,158,2353,2887,2487,3040
edit_write,2fb29c474b52c1c8256698db4b2f0fc61caebcc383a97268b3c8c41d9f525bd3,H4,2,95,136,2322,2662,2424,2746
edit_write,2ff4ae358e199e534d0a91c130b37cc063b3735932d6edd0149ee239cb95468c,H1,0,43,48,8870,9423,8914,9472
edit_write,2ff4ae358e199e534d0a91c130b37cc063b3735932d6edd0149ee239cb95468c,H1,1,53,65,8950,9516,9014,9582
edit_write,2ff4ae358e199e534d0a91c130b37cc063b3735932d6edd0149ee239cb95468c,H1,2,41,45,9578,9869,9623,9909
edit_write,2ff4ae358e199e534d0a91c130b37cc063b3735932d6edd0149ee239cb95468c,H2,0,57,112,10726,11317,10824,11374
edit_write,2ff4ae358e199e534d0a91c130b37cc063b3735932d6edd0149ee239cb95468c,H2,1,82,99,10737,11959,10819,12059
edit_write,2ff4ae358e199e534d0a91c130b37cc063b3735932d6edd0149ee239cb95468c,H2,2,82,123,10150,10825,10254,10945
edit_write,2ff4ae358e199e534d0a91c130b37cc063b3735932d6edd0149ee239cb95468c,H0,0,42,51,18663,20119,18704,20161
edit_write,2ff4ae358e199e534d0a91c130b37cc063b3735932d6edd0149ee239cb95468c,H0,1,46,65,18479,29942,18528,29977
edit_write,2ff4ae358e199e534d0a91c130b37cc063b3735932d6edd0149ee239cb95468c,H0,2,30,39,18466,24510,18495,24537
edit_write,2ff4ae358e199e534d0a91c130b37cc063b3735932d6edd0149ee239cb95468c,H3,0,1459,1689,7444,8218,8947,9907
edit_write,2ff4ae358e199e534d0a91c130b37cc063b3735932d6edd0149ee239cb95468c,H3,1,1396,1639,7519,8021,8933,9543
edit_write,2ff4ae358e199e534d0a91c130b37cc063b3735932d6edd0149ee239cb95468c,H3,2,1343,1419,7084,7280,8434,8657
edit_write,2ff4ae358e199e534d0a91c130b37cc063b3735932d6edd0149ee239cb95468c,H4,0,231,295,4398,4748,4643,5019
edit_write,2ff4ae358e199e534d0a91c130b37cc063b3735932d6edd0149ee239cb95468c,H4,1,249,315,4459,4797,4715,5064
edit_write,2ff4ae358e199e534d0a91c130b37cc063b3735932d6edd0149ee239cb95468c,H4,2,196,254,4313,4624,4522,4878
edit_write,30dffcdd162cd3466afe07c1c0d86533fa15a5e9ad7d35fc38a469a57acb436c,H1,0,43,48,5268,5499,5306,5546
edit_write,30dffcdd162cd3466afe07c1c0d86533fa15a5e9ad7d35fc38a469a57acb436c,H1,1,43,57,5705,16809,5762,16850
edit_write,30dffcdd162cd3466afe07c1c0d86533fa15a5e9ad7d35fc38a469a57acb436c,H1,2,39,48,4996,5512,5035,5549
edit_write,30dffcdd162cd3466afe07c1c0d86533fa15a5e9ad7d35fc38a469a57acb436c,H2,0,73,123,11075,22783,11148,22861
edit_write,30dffcdd162cd3466afe07c1c0d86533fa15a5e9ad7d35fc38a469a57acb436c,H2,1,78,121,11083,11848,11158,11921
edit_write,30dffcdd162cd3466afe07c1c0d86533fa15a5e9ad7d35fc38a469a57acb436c,H2,2,97,130,11101,12054,11217,12184
edit_write,30dffcdd162cd3466afe07c1c0d86533fa15a5e9ad7d35fc38a469a57acb436c,H0,0,44,52,18556,19996,18602,20046
edit_write,30dffcdd162cd3466afe07c1c0d86533fa15a5e9ad7d35fc38a469a57acb436c,H0,1,47,58,18657,20134,18700,20183
edit_write,30dffcdd162cd3466afe07c1c0d86533fa15a5e9ad7d35fc38a469a57acb436c,H0,2,27,36,18553,23837,18580,23864
edit_write,30dffcdd162cd3466afe07c1c0d86533fa15a5e9ad7d35fc38a469a57acb436c,H3,0,1282,1389,7212,7898,8498,9212
edit_write,30dffcdd162cd3466afe07c1c0d86533fa15a5e9ad7d35fc38a469a57acb436c,H3,1,1303,1397,7416,7896,8726,9303
edit_write,30dffcdd162cd3466afe07c1c0d86533fa15a5e9ad7d35fc38a469a57acb436c,H3,2,1246,1398,7369,7835,8631,9253
edit_write,30dffcdd162cd3466afe07c1c0d86533fa15a5e9ad7d35fc38a469a57acb436c,H4,0,259,317,4304,4645,4550,4926
edit_write,30dffcdd162cd3466afe07c1c0d86533fa15a5e9ad7d35fc38a469a57acb436c,H4,1,315,369,4395,4766,4721,5113
edit_write,30dffcdd162cd3466afe07c1c0d86533fa15a5e9ad7d35fc38a469a57acb436c,H4,2,235,354,4280,4650,4567,5004
edit_write,318adda97a093d8c6098e3b8cc412a93eb7a62e9627cb6e12c8e90150c91dc01,H1,0,44,49,61192,80535,61235,80581
edit_write,318adda97a093d8c6098e3b8cc412a93eb7a62e9627cb6e12c8e90150c91dc01,H1,1,42,55,61098,61983,61141,62024
edit_write,318adda97a093d8c6098e3b8cc412a93eb7a62e9627cb6e12c8e90150c91dc01,H1,2,38,41,61062,67049,61100,67088
edit_write,318adda97a093d8c6098e3b8cc412a93eb7a62e9627cb6e12c8e90150c91dc01,H2,0,75,115,10052,10786,10156,10882
edit_write,318adda97a093d8c6098e3b8cc412a93eb7a62e9627cb6e12c8e90150c91dc01,H2,1,78,99,9794,10163,9854,10259
edit_write,318adda97a093d8c6098e3b8cc412a93eb7a62e9627cb6e12c8e90150c91dc01,H2,2,94,117,9141,9453,9248,9536
edit_write,318adda97a093d8c6098e3b8cc412a93eb7a62e9627cb6e12c8e90150c91dc01,H0,0,46,50,52917,72563,52964,72608
edit_write,318adda97a093d8c6098e3b8cc412a93eb7a62e9627cb6e12c8e90150c91dc01,H0,1,31,53,52329,56567,52369,56598
edit_write,318adda97a093d8c6098e3b8cc412a93eb7a62e9627cb6e12c8e90150c91dc01,H0,2,35,66,52322,52683,52357,52729
edit_write,318adda97a093d8c6098e3b8cc412a93eb7a62e9627cb6e12c8e90150c91dc01,H3,0,1144,1338,6800,7831,7952,9205
edit_write,318adda97a093d8c6098e3b8cc412a93eb7a62e9627cb6e12c8e90150c91dc01,H3,1,1068,1205,6829,7326,7910,8565
edit_write,318adda97a093d8c6098e3b8cc412a93eb7a62e9627cb6e12c8e90150c91dc01,H3,2,1046,1191,6911,7319,7954,8400
edit_write,318adda97a093d8c6098e3b8cc412a93eb7a62e9627cb6e12c8e90150c91dc01,H4,0,194,397,4057,5589,4249,5986
edit_write,318adda97a093d8c6098e3b8cc412a93eb7a62e9627cb6e12c8e90150c91dc01,H4,1,223,284,3989,4346,4212,4672
edit_write,318adda97a093d8c6098e3b8cc412a93eb7a62e9627cb6e12c8e90150c91dc01,H4,2,177,212,4032,4350,4196,4544
edit_write,3300a2d9022e8a1c79a98e0121dd19e73c4438ebf22a5d520ce8347dfd90b99a,H1,0,44,48,26087,38015,26130,38060
edit_write,3300a2d9022e8a1c79a98e0121dd19e73c4438ebf22a5d520ce8347dfd90b99a,H1,1,47,74,26310,28144,26355,28214
edit_write,3300a2d9022e8a1c79a98e0121dd19e73c4438ebf22a5d520ce8347dfd90b99a,H1,2,34,45,26719,28051,26754,28092
edit_write,3300a2d9022e8a1c79a98e0121dd19e73c4438ebf22a5d520ce8347dfd90b99a,H2,0,143,190,10308,10944,10465,11059
edit_write,3300a2d9022e8a1c79a98e0121dd19e73c4438ebf22a5d520ce8347dfd90b99a,H2,1,69,80,10142,10410,10206,10482
edit_write,3300a2d9022e8a1c79a98e0121dd19e73c4438ebf22a5d520ce8347dfd90b99a,H2,2,128,172,10027,10701,10153,10859
edit_write,3300a2d9022e8a1c79a98e0121dd19e73c4438ebf22a5d520ce8347dfd90b99a,H0,0,46,58,16361,21490,16401,21536
edit_write,3300a2d9022e8a1c79a98e0121dd19e73c4438ebf22a5d520ce8347dfd90b99a,H0,1,35,38,16930,17764,16965,17802
edit_write,3300a2d9022e8a1c79a98e0121dd19e73c4438ebf22a5d520ce8347dfd90b99a,H0,2,26,41,16056,17375,16080,17404
edit_write,3300a2d9022e8a1c79a98e0121dd19e73c4438ebf22a5d520ce8347dfd90b99a,H3,0,1214,1320,8237,13934,9477,15106
edit_write,3300a2d9022e8a1c79a98e0121dd19e73c4438ebf22a5d520ce8347dfd90b99a,H3,1,1267,1510,8169,19642,9467,20924
edit_write,3300a2d9022e8a1c79a98e0121dd19e73c4438ebf22a5d520ce8347dfd90b99a,H3,2,1167,1281,7942,8399,9102,9663
edit_write,3300a2d9022e8a1c79a98e0121dd19e73c4438ebf22a5d520ce8347dfd90b99a,H4,0,165,201,4492,5159,4656,5337
edit_write,3300a2d9022e8a1c79a98e0121dd19e73c4438ebf22a5d520ce8347dfd90b99a,H4,1,195,234,4717,5289,4924,5496
edit_write,3300a2d9022e8a1c79a98e0121dd19e73c4438ebf22a5d520ce8347dfd90b99a,H4,2,170,216,4755,4951,4930,5146
edit_write,330dcfc43e116d2aa79da4d68100c4dd314cb1e271975f62f645a08fc5810cc1,H1,0,44,49,69783,76618,69825,76665
edit_write,330dcfc43e116d2aa79da4d68100c4dd314cb1e271975f62f645a08fc5810cc1,H1,1,68,76,70375,83157,70423,83209
edit_write,330dcfc43e116d2aa79da4d68100c4dd314cb1e271975f62f645a08fc5810cc1,H1,2,41,54,71312,93265,71362,93300
edit_write,330dcfc43e116d2aa79da4d68100c4dd314cb1e271975f62f645a08fc5810cc1,H2,0,114,151,18902,20518,19001,20619
edit_write,330dcfc43e116d2aa79da4d68100c4dd314cb1e271975f62f645a08fc5810cc1,H2,1,102,141,19081,20987,19151,21160
edit_write,330dcfc43e116d2aa79da4d68100c4dd314cb1e271975f62f645a08fc5810cc1,H2,2,134,159,18603,20246,18750,20380
edit_write,330dcfc43e116d2aa79da4d68100c4dd314cb1e271975f62f645a08fc5810cc1,H0,0,43,54,48670,67304,48714,67347
edit_write,330dcfc43e116d2aa79da4d68100c4dd314cb1e271975f62f645a08fc5810cc1,H0,1,35,39,47801,67109,47830,67145
edit_write,330dcfc43e116d2aa79da4d68100c4dd314cb1e271975f62f645a08fc5810cc1,H0,2,32,57,48409,52571,48436,52636
edit_write,330dcfc43e116d2aa79da4d68100c4dd314cb1e271975f62f645a08fc5810cc1,H3,0,2121,2439,16039,29273,18115,31712
edit_write,330dcfc43e116d2aa79da4d68100c4dd314cb1e271975f62f645a08fc5810cc1,H3,1,2240,2417,16136,18870,18408,32143
edit_write,330dcfc43e116d2aa79da4d68100c4dd314cb1e271975f62f645a08fc5810cc1,H3,2,2131,2399,15997,17271,18111,19697
edit_write,330dcfc43e116d2aa79da4d68100c4dd314cb1e271975f62f645a08fc5810cc1,H4,0,402,455,9659,10341,10067,10723
edit_write,330dcfc43e116d2aa79da4d68100c4dd314cb1e271975f62f645a08fc5810cc1,H4,1,416,482,9894,11088,10306,11531
edit_write,330dcfc43e116d2aa79da4d68100c4dd314cb1e271975f62f645a08fc5810cc1,H4,2,394,463,9932,10716,10325,11153
edit_write,331d1ef073894d6ae4442ec399445a21b59aef142ccbfabccebce9111083efba,H1,0,43,49,30207,32874,30243,32920
edit_write,331d1ef073894d6ae4442ec399445a21b59aef142ccbfabccebce9111083efba,H1,1,70,78,30714,50837,30780,50907
edit_write,331d1ef073894d6ae4442ec399445a21b59aef142ccbfabccebce9111083efba,H1,2,37,43,30685,32880,30726,32940
edit_write,331d1ef073894d6ae4442ec399445a21b59aef142ccbfabccebce9111083efba,H2,0,67,108,38337,41378,38414,41466
edit_write,331d1ef073894d6ae4442ec399445a21b59aef142ccbfabccebce9111083efba,H2,1,94,128,39013,55053,39077,59723
edit_write,331d1ef073894d6ae4442ec399445a21b59aef142ccbfabccebce9111083efba,H2,2,101,139,38743,51363,38856,51488
edit_write,331d1ef073894d6ae4442ec399445a21b59aef142ccbfabccebce9111083efba,H0,0,43,49,25095,36688,25138,36731
edit_write,331d1ef073894d6ae4442ec399445a21b59aef142ccbfabccebce9111083efba,H0,1,58,82,24879,26500,24950,26580
edit_write,331d1ef073894d6ae4442ec399445a21b59aef142ccbfabccebce9111083efba,H0,2,32,41,24539,26178,24574,26210
edit_write,331d1ef073894d6ae4442ec399445a21b59aef142ccbfabccebce9111083efba,H3,0,3011,8260,37357,40290,40342,55488
edit_write,331d1ef073894d6ae4442ec399445a21b59aef142ccbfabccebce9111083efba,H3,1,3147,3576,38147,50238,41228,53523
edit_write,331d1ef073894d6ae4442ec399445a21b59aef142ccbfabccebce9111083efba,H3,2,3039,3342,37097,48906,40114,52040
edit_write,331d1ef073894d6ae4442ec399445a21b59aef142ccbfabccebce9111083efba,H4,0,458,600,32973,34964,33444,35601
edit_write,331d1ef073894d6ae4442ec399445a21b59aef142ccbfabccebce9111083efba,H4,1,500,623,34345,45844,34855,46343
edit_write,331d1ef073894d6ae4442ec399445a21b59aef142ccbfabccebce9111083efba,H4,2,426,521,33543,35891,33949,36432
edit_write,35404eaab3f15956b8e8a5cae1ac43f06a928c2202b336f47fff5a55923401cf,H1,0,46,56,8545,9113,8599,9159
edit_write,35404eaab3f15956b8e8a5cae1ac43f06a928c2202b336f47fff5a55923401cf,H1,1,40,57,7845,8846,7880,8912
edit_write,35404eaab3f15956b8e8a5cae1ac43f06a928c2202b336f47fff5a55923401cf,H1,2,34,43,8504,8999,8537,9034
edit_write,35404eaab3f15956b8e8a5cae1ac43f06a928c2202b336f47fff5a55923401cf,H2,0,89,128,15452,16553,15567,16653
edit_write,35404eaab3f15956b8e8a5cae1ac43f06a928c2202b336f47fff5a55923401cf,H2,1,77,121,15079,16618,15137,16739
edit_write,35404eaab3f15956b8e8a5cae1ac43f06a928c2202b336f47fff5a55923401cf,H2,2,109,118,14986,15557,15102,15669
edit_write,35404eaab3f15956b8e8a5cae1ac43f06a928c2202b336f47fff5a55923401cf,H0,0,45,53,53010,57771,53055,57815
edit_write,35404eaab3f15956b8e8a5cae1ac43f06a928c2202b336f47fff5a55923401cf,H0,1,31,35,52864,71840,52895,71868
edit_write,35404eaab3f15956b8e8a5cae1ac43f06a928c2202b336f47fff5a55923401cf,H0,2,33,78,52569,57037,52601,57068
edit_write,35404eaab3f15956b8e8a5cae1ac43f06a928c2202b336f47fff5a55923401cf,H3,0,3111,3477,12377,13405,15543,16889
edit_write,35404eaab3f15956b8e8a5cae1ac43f06a928c2202b336f47fff5a55923401cf,H3,1,3147,3452,12380,13369,15552,20147
edit_write,35404eaab3f15956b8e8a5cae1ac43f06a928c2202b336f47fff5a55923401cf,H3,2,3134,3245,12325,12584,15523,15762
edit_write,35404eaab3f15956b8e8a5cae1ac43f06a928c2202b336f47fff5a55923401cf,H4,0,192,241,8073,9241,8271,9452
edit_write,35404eaab3f15956b8e8a5cae1ac43f06a928c2202b336f47fff5a55923401cf,H4,1,219,264,8506,8961,8707,9198
edit_write,35404eaab3f15956b8e8a5cae1ac43f06a928c2202b336f47fff5a55923401cf,H4,2,180,212,8309,8700,8480,8912
edit_write,35d27df02a7ba96db3fb70d8748a04eb10050e407a5f086ee3002b1bc22ead4a,H1,0,43,49,8705,9338,8739,9375
edit_write,35d27df02a7ba96db3fb70d8748a04eb10050e407a5f086ee3002b1bc22ead4a,H1,1,39,42,8874,13742,8912,13782
edit_write,35d27df02a7ba96db3fb70d8748a04eb10050e407a5f086ee3002b1bc22ead4a,H1,2,37,42,8551,8691,8594,8728
edit_write,35d27df02a7ba96db3fb70d8748a04eb10050e407a5f086ee3002b1bc22ead4a,H2,0,60,112,12385,13307,12476,13412
edit_write,35d27df02a7ba96db3fb70d8748a04eb10050e407a5f086ee3002b1bc22ead4a,H2,1,72,107,12496,13647,12568,13742
edit_write,35d27df02a7ba96db3fb70d8748a04eb10050e407a5f086ee3002b1bc22ead4a,H2,2,92,107,12298,12628,12371,12731
edit_write,35d27df02a7ba96db3fb70d8748a04eb10050e407a5f086ee3002b1bc22ead4a,H0,0,42,46,27953,32795,27983,32823
edit_write,35d27df02a7ba96db3fb70d8748a04eb10050e407a5f086ee3002b1bc22ead4a,H0,1,32,48,28054,29988,28081,30017
edit_write,35d27df02a7ba96db3fb70d8748a04eb10050e407a5f086ee3002b1bc22ead4a,H0,2,31,61,27643,32632,27672,32659
edit_write,35d27df02a7ba96db3fb70d8748a04eb10050e407a5f086ee3002b1bc22ead4a,H3,0,1702,1971,9105,20333,10790,22035
edit_write,35d27df02a7ba96db3fb70d8748a04eb10050e407a5f086ee3002b1bc22ead4a,H3,1,1728,1889,9116,16201,10795,17860
edit_write,35d27df02a7ba96db3fb70d8748a04eb10050e407a5f086ee3002b1bc22ead4a,H3,2,1699,1782,9359,9904,11074,11672
edit_write,35d27df02a7ba96db3fb70d8748a04eb10050e407a5f086ee3002b1bc22ead4a,H4,0,236,277,5384,5872,5613,6108
edit_write,35d27df02a7ba96db3fb70d8748a04eb10050e407a5f086ee3002b1bc22ead4a,H4,1,273,309,5345,5799,5627,6080
edit_write,35d27df02a7ba96db3fb70d8748a04eb10050e407a5f086ee3002b1bc22ead4a,H4,2,273,311,5543,5900,5836,6173
edit_write,375082fae6af307a7d906ce9cde1190998e219931ca5be9412f98ec53b17d813,H1,0,42,54,1304,1472,1346,1514
edit_write,375082fae6af307a7d906ce9cde1190998e219931ca5be9412f98ec53b17d813,H1,1,34,45,1329,1539,1364,1573
edit_write,375082fae6af307a7d906ce9cde1190998e219931ca5be9412f98ec53b17d813,H1,2,28,37,1396,1624,1420,1659
edit_write,375082fae6af307a7d906ce9cde1190998e219931ca5be9412f98ec53b17d813,H2,0,53,93,2085,2236,2134,2292
edit_write,375082fae6af307a7d906ce9cde1190998e219931ca5be9412f98ec53b17d813,H2,1,64,83,2190,2403,2248,2479
edit_write,375082fae6af307a7d906ce9cde1190998e219931ca5be9412f98ec53b17d813,H2,2,48,74,2085,2243,2141,2309
edit_write,375082fae6af307a7d906ce9cde1190998e219931ca5be9412f98ec53b17d813,H0,0,42,50,1566,1628,1611,1684
edit_write,375082fae6af307a7d906ce9cde1190998e219931ca5be9412f98ec53b17d813,H0,1,27,34,1497,1545,1525,1572
edit_write,375082fae6af307a7d906ce9cde1190998e219931ca5be9412f98ec53b17d813,H0,2,26,31,1490,1519,1517,1550
edit_write,375082fae6af307a7d906ce9cde1190998e219931ca5be9412f98ec53b17d813,H3,0,354,448,1710,2223,2064,2665
edit_write,375082fae6af307a7d906ce9cde1190998e219931ca5be9412f98ec53b17d813,H3,1,370,491,1879,2245,2236,2660
edit_write,375082fae6af307a7d906ce9cde1190998e219931ca5be9412f98ec53b17d813,H3,2,344,481,1759,2272,2103,2673
edit_write,375082fae6af307a7d906ce9cde1190998e219931ca5be9412f98ec53b17d813,H4,0,54,65,1044,1211,1103,1270
edit_write,375082fae6af307a7d906ce9cde1190998e219931ca5be9412f98ec53b17d813,H4,1,67,95,1146,1337,1213,1427
edit_write,375082fae6af307a7d906ce9cde1190998e219931ca5be9412f98ec53b17d813,H4,2,53,94,1187,1328,1248,1572
edit_write,37a4edb9e0cb1ce796b798a7da0301ee195c488c4fa14da6982e9961f5f290ff,H1,0,43,48,46106,58505,46148,58555
edit_write,37a4edb9e0cb1ce796b798a7da0301ee195c488c4fa14da6982e9961f5f290ff,H1,1,50,68,46401,58872,46444,58940
edit_write,37a4edb9e0cb1ce796b798a7da0301ee195c488c4fa14da6982e9961f5f290ff,H1,2,43,67,46788,60012,46821,60056
edit_write,37a4edb9e0cb1ce796b798a7da0301ee195c488c4fa14da6982e9961f5f290ff,H2,0,85,113,37932,50471,38031,50584
edit_write,37a4edb9e0cb1ce796b798a7da0301ee195c488c4fa14da6982e9961f5f290ff,H2,1,101,147,38101,49479,38207,49572
edit_write,37a4edb9e0cb1ce796b798a7da0301ee195c488c4fa14da6982e9961f5f290ff,H2,2,111,153,38226,51090,38335,51219
edit_write,37a4edb9e0cb1ce796b798a7da0301ee195c488c4fa14da6982e9961f5f290ff,H0,0,42,48,23225,37157,23266,37199
edit_write,37a4edb9e0cb1ce796b798a7da0301ee195c488c4fa14da6982e9961f5f290ff,H0,1,47,54,23319,24641,23366,24675
edit_write,37a4edb9e0cb1ce796b798a7da0301ee195c488c4fa14da6982e9961f5f290ff,H0,2,31,35,22997,34436,23028,34463
edit_write,37a4edb9e0cb1ce796b798a7da0301ee195c488c4fa14da6982e9961f5f290ff,H3,0,2116,2326,37919,43538,40010,45593
edit_write,37a4edb9e0cb1ce796b798a7da0301ee195c488c4fa14da6982e9961f5f290ff,H3,1,2159,2305,36518,43323,38737,45553
edit_write,37a4edb9e0cb1ce796b798a7da0301ee195c488c4fa14da6982e9961f5f290ff,H3,2,2018,2521,37601,52714,39572,59488
edit_write,37a4edb9e0cb1ce796b798a7da0301ee195c488c4fa14da6982e9961f5f290ff,H4,0,381,441,34497,46371,34862,46763
edit_write,37a4edb9e0cb1ce796b798a7da0301ee195c488c4fa14da6982e9961f5f290ff,H4,1,386,456,34277,36627,34675,37123
edit_write,37a4edb9e0cb1ce796b798a7da0301ee195c488c4fa14da6982e9961f5f290ff,H4,2,344,424,34599,36832,34936,37254
edit_write,3894853a240d3e0f321516d0da715d2a4bd817df342bf7a38cae58202bfdc2a4,H1,0,44,54,19082,30315,19127,30369
edit_write,3894853a240d3e0f321516d0da715d2a4bd817df342bf7a38cae58202bfdc2a4,H1,1,56,77,20088,21001,20141,21069
edit_write,3894853a240d3e0f321516d0da715d2a4bd817df342bf7a38cae58202bfdc2a4,H1,2,37,40,19137,19423,19176,19458
edit_write,3894853a240d3e0f321516d0da715d2a4bd817df342bf7a38cae58202bfdc2a4,H2,0,89,115,19032,20967,19133,21059
edit_write,3894853a240d3e0f321516d0da715d2a4bd817df342bf7a38cae58202bfdc2a4,H2,1,96,118,20553,21242,20639,21356
edit_write,3894853a240d3e0f321516d0da715d2a4bd817df342bf7a38cae58202bfdc2a4,H2,2,102,135,18717,19454,18819,19564
edit_write,3894853a240d3e0f321516d0da715d2a4bd817df342bf7a38cae58202bfdc2a4,H0,0,46,54,13280,14301,13333,14353
edit_write,3894853a240d3e0f321516d0da715d2a4bd817df342bf7a38cae58202bfdc2a4,H0,1,37,50,13803,14136,13835,14186
edit_write,3894853a240d3e0f321516d0da715d2a4bd817df342bf7a38cae58202bfdc2a4,H0,2,31,36,13489,13832,13523,13864
edit_write,3894853a240d3e0f321516d0da715d2a4bd817df342bf7a38cae58202bfdc2a4,H3,0,1247,1379,16950,18720,18159,20099
edit_write,3894853a240d3e0f321516d0da715d2a4bd817df342bf7a38cae58202bfdc2a4,H3,1,1303,1406,18523,30139,19806,31529
edit_write,3894853a240d3e0f321516d0da715d2a4bd817df342bf7a38cae58202bfdc2a4,H3,2,1157,1223,17371,23572,18548,24687
edit_write,3894853a240d3e0f321516d0da715d2a4bd817df342bf7a38cae58202bfdc2a4,H4,0,171,233,21659,35955,21824,36140
edit_write,3894853a240d3e0f321516d0da715d2a4bd817df342bf7a38cae58202bfdc2a4,H4,1,200,231,22626,23700,22858,23926
edit_write,3894853a240d3e0f321516d0da715d2a4bd817df342bf7a38cae58202bfdc2a4,H4,2,199,290,21706,22242,21915,22460
edit_write,392342df8f31cb6f71b75e32d72721664a6e556873039ac8529b9bf5b088ea19,H1,0,43,49,13740,25422,13786,25476
edit_write,392342df8f31cb6f71b75e32d72721664a6e556873039ac8529b9bf5b088ea19,H1,1,42,57,14845,15767,14892,15807
edit_write,392342df8f31cb6f71b75e32d72721664a6e556873039ac8529b9bf5b088ea19,H1,2,42,47,15232,20387,15273,20433
edit_write,392342df8f31cb6f71b75e32d72721664a6e556873039ac8529b9bf5b088ea19,H2,0,65,112,16829,17933,16899,18025
edit_write,392342df8f31cb6f71b75e32d72721664a6e556873039ac8529b9bf5b088ea19,H2,1,78,111,16113,28215,16206,28299
edit_write,392342df8f31cb6f71b75e32d72721664a6e556873039ac8529b9bf5b088ea19,H2,2,87,102,16079,27746,16157,27829
edit_write,392342df8f31cb6f71b75e32d72721664a6e556873039ac8529b9bf5b088ea19,H0,0,46,57,31655,34322,31696,34368
edit_write,392342df8f31cb6f71b75e32d72721664a6e556873039ac8529b9bf5b088ea19,H0,1,33,53,31554,33837,31591,33874
edit_write,392342df8f31cb6f71b75e32d72721664a6e556873039ac8529b9bf5b088ea19,H0,2,31,47,31886,34103,31918,34125
edit_write,392342df8f31cb6f71b75e32d72721664a6e556873039ac8529b9bf5b088ea19,H3,0,1747,1885,12374,13453,14091,15260
edit_write,392342df8f31cb6f71b75e32d72721664a6e556873039ac8529b9bf5b088ea19,H3,1,1681,1793,12430,17632,14122,19217
edit_write,392342df8f31cb6f71b75e32d72721664a6e556873039ac8529b9bf5b088ea19,H3,2,1708,1930,12865,30283,14636,32028
edit_write,392342df8f31cb6f71b75e32d72721664a6e556873039ac8529b9bf5b088ea19,H4,0,362,426,6439,6864,6776,7232
edit_write,392342df8f31cb6f71b75e32d72721664a6e556873039ac8529b9bf5b088ea19,H4,1,331,376,6063,6617,6387,6993
edit_write,392342df8f31cb6f71b75e32d72721664a6e556873039ac8529b9bf5b088ea19,H4,2,323,369,6138,6860,6464,7229
edit_write,392e7203a9839581a2b1b4954bfe9e9ba87841104dea822327cce471c6212ddf,H1,0,44,46,33307,45014,33351,45059
edit_write,392e7203a9839581a2b1b4954bfe9e9ba87841104dea822327cce471c6212ddf,H1,1,43,70,33633,48029,33674,48075
edit_write,392e7203a9839581a2b1b4954bfe9e9ba87841104dea822327cce471c6212ddf,H1,2,33,37,33718,35488,33748,35524
edit_write,392e7203a9839581a2b1b4954bfe9e9ba87841104dea822327cce471c6212ddf,H2,0,68,93,10334,11217,10408,11285
edit_write,392e7203a9839581a2b1b4954bfe9e9ba87841104dea822327cce471c6212ddf,H2,1,96,132,10957,11898,11050,11992
edit_write,392e7203a9839581a2b1b4954bfe9e9ba87841104dea822327cce471c6212ddf,H2,2,95,133,10456,11436,10558,11570
edit_write,392e7203a9839581a2b1b4954bfe9e9ba87841104dea822327cce471c6212ddf,H0,0,43,50,19624,20695,19664,20747
edit_write,392e7203a9839581a2b1b4954bfe9e9ba87841104dea822327cce471c6212ddf,H0,1,36,55,21904,33188,21938,33224
edit_write,392e7203a9839581a2b1b4954bfe9e9ba87841104dea822327cce471c6212ddf,H0,2,33,49,20370,21720,20398,21761
edit_write,392e7203a9839581a2b1b4954bfe9e9ba87841104dea822327cce471c6212ddf,H3,0,1552,1713,8663,9187,10282,10877
edit_write,392e7203a9839581a2b1b4954bfe9e9ba87841104dea822327cce471c6212ddf,H3,1,1542,1728,8460,20256,9988,21933
edit_write,392e7203a9839581a2b1b4954bfe9e9ba87841104dea822327cce471c6212ddf,H3,2,1506,1652,8932,9546,10427,11171
edit_write,392e7203a9839581a2b1b4954bfe9e9ba87841104dea822327cce471c6212ddf,H4,0,179,216,5523,6095,5696,6301
edit_write,392e7203a9839581a2b1b4954bfe9e9ba87841104dea822327cce471c6212ddf,H4,1,231,279,5770,6214,6025,6468
edit_write,392e7203a9839581a2b1b4954bfe9e9ba87841104dea822327cce471c6212ddf,H4,2,146,251,5599,6260,5772,6532
edit_write,3992c2e33c56a016a4e7e1a1358558a95d40efb739398888149cf0c5481e3af2,H1,0,44,55,25185,36465,25229,36523
edit_write,3992c2e33c56a016a4e7e1a1358558a95d40efb739398888149cf0c5481e3af2,H1,1,42,68,25608,28018,25660,28086
edit_write,3992c2e33c56a016a4e7e1a1358558a95d40efb739398888149cf0c5481e3af2,H1,2,35,40,25929,32096,25971,32127
edit_write,3992c2e33c56a016a4e7e1a1358558a95d40efb739398888149cf0c5481e3af2,H2,0,128,163,9211,9663,9355,9832
edit_write,3992c2e33c56a016a4e7e1a1358558a95d40efb739398888149cf0c5481e3af2,H2,1,79,101,9360,20988,9461,21065
edit_write,3992c2e33c56a016a4e7e1a1358558a95d40efb739398888149cf0c5481e3af2,H2,2,82,113,8833,9111,8916,9194
edit_write,3992c2e33c56a016a4e7e1a1358558a95d40efb739398888149cf0c5481e3af2,H0,0,44,55,16172,28243,16218,28288
edit_write,3992c2e33c56a016a4e7e1a1358558a95d40efb739398888149cf0c5481e3af2,H0,1,32,38,15665,16721,15697,16752
edit_write,3992c2e33c56a016a4e7e1a1358558a95d40efb739398888149cf0c5481e3af2,H0,2,30,43,15542,16294,15565,16326
edit_write,3992c2e33c56a016a4e7e1a1358558a95d40efb739398888149cf0c5481e3af2,H3,0,1140,1257,6933,7398,8106,8674
edit_write,3992c2e33c56a016a4e7e1a1358558a95d40efb739398888149cf0c5481e3af2,H3,1,1177,1445,7157,8224,8333,9585
edit_write,3992c2e33c56a016a4e7e1a1358558a95d40efb739398888149cf0c5481e3af2,H3,2,1139,1249,6916,7382,8113,8608
edit_write,3992c2e33c56a016a4e7e1a1358558a95d40efb739398888149cf0c5481e3af2,H4,0,163,206,4356,4801,4548,4986
edit_write,3992c2e33c56a016a4e7e1a1358558a95d40efb739398888149cf0c5481e3af2,H4,1,217,264,4649,5041,4852,5271
edit_write,3992c2e33c56a016a4e7e1a1358558a95d40efb739398888149cf0c5481e3af2,H4,2,174,230,4388,4775,4544,4938
edit_write,3c133915b696d78d1d44662584541d3f5679d24eeb1e105977c759e14b86eb1d,H1,0,42,49,14663,15549,14701,15595
edit_write,3c133915b696d78d1d44662584541d3f5679d24eeb1e105977c759e14b86eb1d,H1,1,48,69,15803,25682,15854,25729
edit_write,3c133915b696d78d1d44662584541d3f5679d24eeb1e105977c759e14b86eb1d,H1,2,38,63,16454,16798,16491,16837
edit_write,3c133915b696d78d1d44662584541d3f5679d24eeb1e105977c759e14b86eb1d,H2,0,57,98,18380,19936,18433,20041
edit_write,3c133915b696d78d1d44662584541d3f5679d24eeb1e105977c759e14b86eb1d,H2,1,81,98,18772,19772,18870,19862
edit_write,3c133915b696d78d1d44662584541d3f5679d24eeb1e105977c759e14b86eb1d,H2,2,105,149,18516,18958,18632,19032
edit_write,3c133915b696d78d1d44662584541d3f5679d24eeb1e105977c759e14b86eb1d,H0,0,50,57,31418,33871,31469,33923
edit_write,3c133915b696d78d1d44662584541d3f5679d24eeb1e105977c759e14b86eb1d,H0,1,49,58,33851,45810,33905,45847
edit_write,3c133915b696d78d1d44662584541d3f5679d24eeb1e105977c759e14b86eb1d,H0,2,26,44,32115,37558,32138,37583
edit_write,3c133915b696d78d1d44662584541d3f5679d24eeb1e105977c759e14b86eb1d,H3,0,1670,1798,14851,15706,16545,17504
edit_write,3c133915b696d78d1d44662584541d3f5679d24eeb1e105977c759e14b86eb1d,H3,1,1740,1896,15102,16579,16842,18465
edit_write,3c133915b696d78d1d44662584541d3f5679d24eeb1e105977c759e14b86eb1d,H3,2,1662,2864,15028,25090,16614,27947
edit_write,3c133915b696d78d1d44662584541d3f5679d24eeb1e105977c759e14b86eb1d,H4,0,306,349,6464,7187,6753,7520
edit_write,3c133915b696d78d1d44662584541d3f5679d24eeb1e105977c759e14b86eb1d,H4,1,327,389,6652,7165,6988,7520
edit_write,3c133915b696d78d1d44662584541d3f5679d24eeb1e105977c759e14b86eb1d,H4,2,300,332,6540,6870,6854,7167
edit_write,3c25e444b14e48b386f862a4259b02b0b1fd9924405470d313ebd346a0dd151e,H1,0,43,46,1994,2418,2036,2461
edit_write,3c25e444b14e48b386f862a4259b02b0b1fd9924405470d313ebd346a0dd151e,H1,1,36,47,1985,2278,2020,2315
edit_write,3c25e444b14e48b386f862a4259b02b0b1fd9924405470d313ebd346a0dd151e,H1,2,74,101,3998,4617,4080,4701
edit_write,3c25e444b14e48b386f862a4259b02b0b1fd9924405470d313ebd346a0dd151e,H2,0,74,104,4553,5070,4607,5174
edit_write,3c25e444b14e48b386f862a4259b02b0b1fd9924405470d313ebd346a0dd151e,H2,1,63,83,4523,4929,4574,4993
edit_write,3c25e444b14e48b386f862a4259b02b0b1fd9924405470d313ebd346a0dd151e,H2,2,113,212,5447,9087,5577,9250
edit_write,3c25e444b14e48b386f862a4259b02b0b1fd9924405470d313ebd346a0dd151e,H0,0,43,48,15733,16972,15774,17014
edit_write,3c25e444b14e48b386f862a4259b02b0b1fd9924405470d313ebd346a0dd151e,H0,1,30,35,15810,16951,15840,16985
edit_write,3c25e444b14e48b386f862a4259b02b0b1fd9924405470d313ebd346a0dd151e,H0,2,77,103,27886,47482,27969,47558
edit_write,3c25e444b14e48b386f862a4259b02b0b1fd9924405470d313ebd346a0dd151e,H3,0,578,663,3248,3743,3825,4406
edit_write,3c25e444b14e48b386f862a4259b02b0b1fd9924405470d313ebd346a0dd151e,H3,1,549,611,3184,3501,3732,4108
edit_write,3c25e444b14e48b386f862a4259b02b0b1fd9924405470d313ebd346a0dd151e,H3,2,1193,1386,6422,17017,7685,18057
edit_write,3c25e444b14e48b386f862a4259b02b0b1fd9924405470d313ebd346a0dd151e,H4,0,110,127,1650,2031,1764,2155
edit_write,3c25e444b14e48b386f862a4259b02b0b1fd9924405470d313ebd346a0dd151e,H4,1,116,150,1777,2026,1903,2147
edit_write,3c25e444b14e48b386f862a4259b02b0b1fd9924405470d313ebd346a0dd151e,H4,2,290,324,4179,4975,4470,5296
edit_write,3c88ae2f78a2c23f144079aa0fe066090113cdead865398c496406680efc361d,H1,0,44,51,9905,23010,9949,23058
edit_write,3c88ae2f78a2c23f144079aa0fe066090113cdead865398c496406680efc361d,H1,1,40,69,9985,21353,10024,21420
edit_write,3c88ae2f78a2c23f144079aa0fe066090113cdead865398c496406680efc361d,H1,2,35,43,10685,11162,10716,11206
edit_write,3c88ae2f78a2c23f144079aa0fe066090113cdead865398c496406680efc361d,H2,0,58,91,15044,16440,15113,16516
edit_write,3c88ae2f78a2c23f144079aa0fe066090113cdead865398c496406680efc361d,H2,1,60,87,14828,16401,14890,16490
edit_write,3c88ae2f78a2c23f144079aa0fe066090113cdead865398c496406680efc361d,H2,2,74,106,15312,16882,15388,17000
edit_write,3c88ae2f78a2c23f144079aa0fe066090113cdead865398c496406680efc361d,H0,0,43,54,9364,9940,9405,9983
edit_write,3c88ae2f78a2c23f144079aa0fe066090113cdead865398c496406680efc361d,H0,1,31,37,9427,10348,9454,10374
edit_write,3c88ae2f78a2c23f144079aa0fe066090113cdead865398c496406680efc361d,H0,2,32,55,9804,10128,9841,10157
edit_write,3c88ae2f78a2c23f144079aa0fe066090113cdead865398c496406680efc361d,H3,0,1360,1503,13388,14516,14763,16097
edit_write,3c88ae2f78a2c23f144079aa0fe066090113cdead865398c496406680efc361d,H3,1,1355,1490,13529,14496,14894,15937
edit_write,3c88ae2f78a2c23f144079aa0fe066090113cdead865398c496406680efc361d,H3,2,1482,1644,14225,15212,15762,16725
edit_write,3c88ae2f78a2c23f144079aa0fe066090113cdead865398c496406680efc361d,H4,0,252,319,11442,12400,11725,12792
edit_write,3c88ae2f78a2c23f144079aa0fe066090113cdead865398c496406680efc361d,H4,1,281,348,11374,12261,11684,12601
edit_write,3c88ae2f78a2c23f144079aa0fe066090113cdead865398c496406680efc361d,H4,2,248,312,11655,12022,11888,12368
edit_write,3c8b0539a72ecc3e1b7fb15a422daa21b098dbb73dc417b9482244d357371093,H1,0,45,51,69989,84924,70037,84970
edit_write,3c8b0539a72ecc3e1b7fb15a422daa21b098dbb73dc417b9482244d357371093,H1,1,53,71,69394,90745,69440,90791
edit_write,3c8b0539a72ecc3e1b7fb15a422daa21b098dbb73dc417b9482244d357371093,H1,2,35,42,71369,91169,71403,91203
edit_write,3c8b0539a72ecc3e1b7fb15a422daa21b098dbb73dc417b9482244d357371093,H2,0,83,119,24325,26483,24409,26557
edit_write,3c8b0539a72ecc3e1b7fb15a422daa21b098dbb73dc417b9482244d357371093,H2,1,99,148,25082,36101,25175,36200
edit_write,3c8b0539a72ecc3e1b7fb15a422daa21b098dbb73dc417b9482244d357371093,H2,2,115,137,25111,27363,25234,27499
edit_write,3c8b0539a72ecc3e1b7fb15a422daa21b098dbb73dc417b9482244d357371093,H0,0,42,53,43529,46668,43576,46712
edit_write,3c8b0539a72ecc3e1b7fb15a422daa21b098dbb73dc417b9482244d357371093,H0,1,36,38,43095,62179,43130,62216
edit_write,3c8b0539a72ecc3e1b7fb15a422daa21b098dbb73dc417b9482244d357371093,H0,2,31,47,42096,45025,42126,45073
edit_write,3c8b0539a72ecc3e1b7fb15a422daa21b098dbb73dc417b9482244d357371093,H3,0,3498,3875,21394,27384,24851,32011
edit_write,3c8b0539a72ecc3e1b7fb15a422daa21b098dbb73dc417b9482244d357371093,H3,1,3456,3828,21250,33179,24723,36813
edit_write,3c8b0539a72ecc3e1b7fb15a422daa21b098dbb73dc417b9482244d357371093,H3,2,3542,3746,21954,23592,25569,27327
edit_write,3c8b0539a72ecc3e1b7fb15a422daa21b098dbb73dc417b9482244d357371093,H4,0,534,613,15428,34377,15923,35954
edit_write,3c8b0539a72ecc3e1b7fb15a422daa21b098dbb73dc417b9482244d357371093,H4,1,533,619,15548,16930,16116,17515
edit_write,3c8b0539a72ecc3e1b7fb15a422daa21b098dbb73dc417b9482244d357371093,H4,2,520,584,15705,20638,16239,21170
edit_write,3ec882463f43c8055c3d941986dc7838337a52d911629c0b8590307d5975a0b8,H1,0,44,59,31065,33600,31110,33646
edit_write,3ec882463f43c8055c3d941986dc7838337a52d911629c0b8590307d5975a0b8,H1,1,42,75,29870,41367,29911,41438
edit_write,3ec882463f43c8055c3d941986dc7838337a52d911629c0b8590307d5975a0b8,H1,2,79,120,53418,59513,53491,59582
edit_write,3ec882463f43c8055c3d941986dc7838337a52d911629c0b8590307d5975a0b8,H2,0,76,92,14137,14963,14204,15039
edit_write,3ec882463f43c8055c3d941986dc7838337a52d911629c0b8590307d5975a0b8,H2,1,86,130,14453,15863,14535,15961
edit_write,3ec882463f43c8055c3d941986dc7838337a52d911629c0b8590307d5975a0b8,H2,2,193,230,24781,32695,24983,32898
edit_write,3ec882463f43c8055c3d941986dc7838337a52d911629c0b8590307d5975a0b8,H0,0,45,52,17527,19044,17570,19094
edit_write,3ec882463f43c8055c3d941986dc7838337a52d911629c0b8590307d5975a0b8,H0,1,33,45,16705,28077,16740,28108
edit_write,3ec882463f43c8055c3d941986dc7838337a52d911629c0b8590307d5975a0b8,H0,2,71,88,30552,37695,30621,37777
edit_write,3ec882463f43c8055c3d941986dc7838337a52d911629c0b8590307d5975a0b8,H3,0,2202,2371,10711,11961,12871,14332
edit_write,3ec882463f43c8055c3d941986dc7838337a52d911629c0b8590307d5975a0b8,H3,1,2208,2464,11275,12071,13453,14537
edit_write,3ec882463f43c8055c3d941986dc7838337a52d911629c0b8590307d5975a0b8,H3,2,3651,3872,18884,20727,22482,24630
edit_write,3ec882463f43c8055c3d941986dc7838337a52d911629c0b8590307d5975a0b8,H4,0,304,385,6696,7389,7029,7751
edit_write,3ec882463f43c8055c3d941986dc7838337a52d911629c0b8590307d5975a0b8,H4,1,355,407,6837,7374,7226,7770
edit_write,3ec882463f43c8055c3d941986dc7838337a52d911629c0b8590307d5975a0b8,H4,2,692,749,12887,21249,13596,21907
edit_write,3ef0fa59822abeed39ef4a351ed36822746749903995994c4eed394b51ea2987,H1,0,43,58,35806,47868,35864,47911
edit_write,3ef0fa59822abeed39ef4a351ed36822746749903995994c4eed394b51ea2987,H1,1,52,73,35396,48240,35451,48294
edit_write,3ef0fa59822abeed39ef4a351ed36822746749903995994c4eed394b51ea2987,H1,2,37,40,35407,36076,35445,36109
edit_write,3ef0fa59822abeed39ef4a351ed36822746749903995994c4eed394b51ea2987,H2,0,77,107,13384,14660,13474,14723
edit_write,3ef0fa59822abeed39ef4a351ed36822746749903995994c4eed394b51ea2987,H2,1,83,116,14137,18907,14219,18986
edit_write,3ef0fa59822abeed39ef4a351ed36822746749903995994c4eed394b51ea2987,H2,2,90,118,13559,13968,13649,14069
edit_write,3ef0fa59822abeed39ef4a351ed36822746749903995994c4eed394b51ea2987,H0,0,44,56,20945,22563,20985,22608
edit_write,3ef0fa59822abeed39ef4a351ed36822746749903995994c4eed394b51ea2987,H0,1,34,40,21337,23324,21366,23365
edit_write,3ef0fa59822abeed39ef4a351ed36822746749903995994c4eed394b51ea2987,H0,2,32,39,20009,20479,20045,20511
edit_write,3ef0fa59822abeed39ef4a351ed36822746749903995994c4eed394b51ea2987,H3,0,1976,2156,11365,12479,13355,24449
edit_write,3ef0fa59822abeed39ef4a351ed36822746749903995994c4eed394b51ea2987,H3,1,1986,2130,11761,12507,13765,14605
edit_write,3ef0fa59822abeed39ef4a351ed36822746749903995994c4eed394b51ea2987,H3,2,1881,2060,11455,11947,13281,14007
edit_write,3ef0fa59822abeed39ef4a351ed36822746749903995994c4eed394b51ea2987,H4,0,253,314,7694,8533,7958,8848
edit_write,3ef0fa59822abeed39ef4a351ed36822746749903995994c4eed394b51ea2987,H4,1,276,392,8234,19559,8565,19880
edit_write,3ef0fa59822abeed39ef4a351ed36822746749903995994c4eed394b51ea2987,H4,2,225,271,8096,8685,8322,8947
edit_write,3f8a73a4641f3f0976ef651684df44932aa557eb0691bc2d4a7ade6067241abd,H1,0,46,62,5779,6108,5839,6160
edit_write,3f8a73a4641f3f0976ef651684df44932aa557eb0691bc2d4a7ade6067241abd,H1,1,37,50,6960,7476,7003,7516
edit_write,3f8a73a4641f3f0976ef651684df44932aa557eb0691bc2d4a7ade6067241abd,H1,2,37,61,7110,10804,7149,10880
edit_write,3f8a73a4641f3f0976ef651684df44932aa557eb0691bc2d4a7ade6067241abd,H2,0,59,110,11997,12969,12100,13033
edit_write,3f8a73a4641f3f0976ef651684df44932aa557eb0691bc2d4a7ade6067241abd,H2,1,75,105,12132,12890,12221,12983
edit_write,3f8a73a4641f3f0976ef651684df44932aa557eb0691bc2d4a7ade6067241abd,H2,2,96,142,11990,12368,12086,12473
edit_write,3f8a73a4641f3f0976ef651684df44932aa557eb0691bc2d4a7ade6067241abd,H0,0,42,45,27941,29801,27981,29844
edit_write,3f8a73a4641f3f0976ef651684df44932aa557eb0691bc2d4a7ade6067241abd,H0,1,34,48,27540,31575,27575,31603
edit_write,3f8a73a4641f3f0976ef651684df44932aa557eb0691bc2d4a7ade6067241abd,H0,2,42,51,27115,27517,27147,27561
edit_write,3f8a73a4641f3f0976ef651684df44932aa557eb0691bc2d4a7ade6067241abd,H3,0,1746,1872,8602,9696,10348,11568
edit_write,3f8a73a4641f3f0976ef651684df44932aa557eb0691bc2d4a7ade6067241abd,H3,1,1706,1823,8475,9000,10156,10867
edit_write,3f8a73a4641f3f0976ef651684df44932aa557eb0691bc2d4a7ade6067241abd,H3,2,1704,1798,8625,9093,10323,10882
edit_write,3f8a73a4641f3f0976ef651684df44932aa557eb0691bc2d4a7ade6067241abd,H4,0,245,287,5182,5644,5442,5900
edit_write,3f8a73a4641f3f0976ef651684df44932aa557eb0691bc2d4a7ade6067241abd,H4,1,259,336,4844,5387,5128,5708
edit_write,3f8a73a4641f3f0976ef651684df44932aa557eb0691bc2d4a7ade6067241abd,H4,2,250,271,5019,5416,5256,5688
edit_write,4067160e3a7b55a3422b1237d7604d6b3571b8b8126ac654c7be36c0ea20e51f,H1,0,53,61,34525,47784,34583,47850
edit_write,4067160e3a7b55a3422b1237d7604d6b3571b8b8126ac654c7be36c0ea20e51f,H1,1,50,71,33961,45912,34026,45962
edit_write,4067160e3a7b55a3422b1237d7604d6b3571b8b8126ac654c7be36c0ea20e51f,H1,2,37,43,34448,40128,34482,40163
edit_write,4067160e3a7b55a3422b1237d7604d6b3571b8b8126ac654c7be36c0ea20e51f,H2,0,75,101,9424,10335,9511,10410
edit_write,4067160e3a7b55a3422b1237d7604d6b3571b8b8126ac654c7be36c0ea20e51f,H2,1,82,124,9847,10417,9935,10505
edit_write,4067160e3a7b55a3422b1237d7604d6b3571b8b8126ac654c7be36c0ea20e51f,H2,2,93,113,9625,10086,9737,10205
edit_write,4067160e3a7b55a3422b1237d7604d6b3571b8b8126ac654c7be36c0ea20e51f,H0,0,46,55,20553,31651,20598,31698
edit_write,4067160e3a7b55a3422b1237d7604d6b3571b8b8126ac654c7be36c0ea20e51f,H0,1,35,43,21803,33258,21838,33299
edit_write,4067160e3a7b55a3422b1237d7604d6b3571b8b8126ac654c7be36c0ea20e51f,H0,2,31,46,21017,21668,21043,21700
edit_write,4067160e3a7b55a3422b1237d7604d6b3571b8b8126ac654c7be36c0ea20e51f,H3,0,1324,1534,7434,8207,8781,19914
edit_write,4067160e3a7b55a3422b1237d7604d6b3571b8b8126ac654c7be36c0ea20e51f,H3,1,1355,1534,7660,8491,9012,9890
edit_write,4067160e3a7b55a3422b1237d7604d6b3571b8b8126ac654c7be36c0ea20e51f,H3,2,1250,1398,7584,7991,8797,9420
edit_write,4067160e3a7b55a3422b1237d7604d6b3571b8b8126ac654c7be36c0ea20e51f,H4,0,157,194,4575,4976,4730,5139
edit_write,4067160e3a7b55a3422b1237d7604d6b3571b8b8126ac654c7be36c0ea20e51f,H4,1,207,252,4626,5413,4833,5657
edit_write,4067160e3a7b55a3422b1237d7604d6b3571b8b8126ac654c7be36c0ea20e51f,H4,2,167,237,4750,5129,4929,5326
edit_write,42070cacc5632f1af9183251973e8f18015f378dfdc9ad3d8e36c3558922262a,H1,0,45,53,33900,47075,33941,47121
edit_write,42070cacc5632f1af9183251973e8f18015f378dfdc9ad3d8e36c3558922262a,H1,1,51,72,33343,35443,33389,35501
edit_write,42070cacc5632f1af9183251973e8f18015f378dfdc9ad3d8e36c3558922262a,H1,2,35,41,33794,36310,33827,36346
edit_write,42070cacc5632f1af9183251973e8f18015f378dfdc9ad3d8e36c3558922262a,H2,0,66,99,8322,9607,8386,9693
edit_write,42070cacc5632f1af9183251973e8f18015f378dfdc9ad3d8e36c3558922262a,H2,1,76,103,8616,9485,8696,9577
edit_write,42070cacc5632f1af9183251973e8f18015f378dfdc9ad3d8e36c3558922262a,H2,2,99,113,7865,8920,7974,9063
edit_write,42070cacc5632f1af9183251973e8f18015f378dfdc9ad3d8e36c3558922262a,H0,0,45,66,24362,25850,24405,25895
edit_write,42070cacc5632f1af9183251973e8f18015f378dfdc9ad3d8e36c3558922262a,H0,1,33,39,24330,30112,24363,30149
edit_write,42070cacc5632f1af9183251973e8f18015f378dfdc9ad3d8e36c3558922262a,H0,2,28,37,24388,41754,24410,41785
edit_write,42070cacc5632f1af9183251973e8f18015f378dfdc9ad3d8e36c3558922262a,H3,0,1139,1287,5753,6435,6929,7722
edit_write,42070cacc5632f1af9183251973e8f18015f378dfdc9ad3d8e36c3558922262a,H3,1,1167,1259,6044,6509,7190,7747
edit_write,42070cacc5632f1af9183251973e8f18015f378dfdc9ad3d8e36c3558922262a,H3,2,1093,1250,5866,23621,7006,24690
edit_write,42070cacc5632f1af9183251973e8f18015f378dfdc9ad3d8e36c3558922262a,H4,0,161,261,3601,4032,3762,4226
edit_write,42070cacc5632f1af9183251973e8f18015f378dfdc9ad3d8e36c3558922262a,H4,1,210,242,3744,4209,3954,4464
edit_write,42070cacc5632f1af9183251973e8f18015f378dfdc9ad3d8e36c3558922262a,H4,2,186,231,3659,4197,3840,4422
edit_write,4248050af4a7608e80b042417b7b9b3cc07049ae407ad6591f39769a60be2792,H1,0,45,57,29659,41843,29711,41895
edit_write,4248050af4a7608e80b042417b7b9b3cc07049ae407ad6591f39769a60be2792,H1,1,71,83,29153,41170,29230,41244
edit_write,4248050af4a7608e80b042417b7b9b3cc07049ae407ad6591f39769a60be2792,H1,2,43,49,30372,42191,30414,42225
edit_write,4248050af4a7608e80b042417b7b9b3cc07049ae407ad6591f39769a60be2792,H2,0,60,95,37331,49413,37422,49473
edit_write,4248050af4a7608e80b042417b7b9b3cc07049ae407ad6591f39769a60be2792,H2,1,90,117,37165,58971,37263,59078
edit_write,4248050af4a7608e80b042417b7b9b3cc07049ae407ad6591f39769a60be2792,H2,2,102,147,37331,50106,37414,50184
edit_write,4248050af4a7608e80b042417b7b9b3cc07049ae407ad6591f39769a60be2792,H0,0,45,58,24820,26635,24865,26689
edit_write,4248050af4a7608e80b042417b7b9b3cc07049ae407ad6591f39769a60be2792,H0,1,52,71,24337,26698,24387,26758
edit_write,4248050af4a7608e80b042417b7b9b3cc07049ae407ad6591f39769a60be2792,H0,2,32,43,24117,26029,24148,26062
edit_write,4248050af4a7608e80b042417b7b9b3cc07049ae407ad6591f39769a60be2792,H3,0,3189,3485,35309,47586,38479,50775
edit_write,4248050af4a7608e80b042417b7b9b3cc07049ae407ad6591f39769a60be2792,H3,1,3074,3244,35537,55849,38611,58956
edit_write,4248050af4a7608e80b042417b7b9b3cc07049ae407ad6591f39769a60be2792,H3,2,3088,3296,36908,48108,39961,51318
edit_write,4248050af4a7608e80b042417b7b9b3cc07049ae407ad6591f39769a60be2792,H4,0,398,480,32627,34681,33021,35128
edit_write,4248050af4a7608e80b042417b7b9b3cc07049ae407ad6591f39769a60be2792,H4,1,456,503,32977,44120,33430,44553
edit_write,4248050af4a7608e80b042417b7b9b3cc07049ae407ad6591f39769a60be2792,H4,2,394,492,33696,44513,34059,44907
edit_write,4339bccd9a6b5dac1d20c0d9ed2f681b9a59b3e563deab301205444fa2ec42f8,H1,0,44,49,29452,41736,29496,41787
edit_write,4339bccd9a6b5dac1d20c0d9ed2f681b9a59b3e563deab301205444fa2ec42f8,H1,1,49,71,30283,47572,30324,47669
edit_write,4339bccd9a6b5dac1d20c0d9ed2f681b9a59b3e563deab301205444fa2ec42f8,H1,2,34,41,30363,32181,30401,32215
edit_write,4339bccd9a6b5dac1d20c0d9ed2f681b9a59b3e563deab301205444fa2ec42f8,H2,0,70,112,10034,11036,10129,11107
edit_write,4339bccd9a6b5dac1d20c0d9ed2f681b9a59b3e563deab301205444fa2ec42f8,H2,1,77,99,10536,11276,10633,11359
edit_write,4339bccd9a6b5dac1d20c0d9ed2f681b9a59b3e563deab301205444fa2ec42f8,H2,2,97,156,9997,10631,10098,10762
edit_write,4339bccd9a6b5dac1d20c0d9ed2f681b9a59b3e563deab301205444fa2ec42f8,H0,0,45,63,18600,19974,18644,20025
edit_write,4339bccd9a6b5dac1d20c0d9ed2f681b9a59b3e563deab301205444fa2ec42f8,H0,1,47,59,18823,20330,18864,20409
edit_write,4339bccd9a6b5dac1d20c0d9ed2f681b9a59b3e563deab301205444fa2ec42f8,H0,2,32,46,18124,18523,18165,18557
edit_write,4339bccd9a6b5dac1d20c0d9ed2f681b9a59b3e563deab301205444fa2ec42f8,H3,0,1004,1111,7468,8063,8489,9186
edit_write,4339bccd9a6b5dac1d20c0d9ed2f681b9a59b3e563deab301205444fa2ec42f8,H3,1,1023,1140,7805,8599,8813,9731
edit_write,4339bccd9a6b5dac1d20c0d9ed2f681b9a59b3e563deab301205444fa2ec42f8,H3,2,991,1047,7491,7690,8443,8717
edit_write,4339bccd9a6b5dac1d20c0d9ed2f681b9a59b3e563deab301205444fa2ec42f8,H4,0,201,229,4524,4977,4742,5232
edit_write,4339bccd9a6b5dac1d20c0d9ed2f681b9a59b3e563deab301205444fa2ec42f8,H4,1,230,286,4581,5146,4819,5424
edit_write,4339bccd9a6b5dac1d20c0d9ed2f681b9a59b3e563deab301205444fa2ec42f8,H4,2,199,245,4490,4794,4693,5033
edit_write,439e4c23fee03e3ed8606f26adc0ac5f3b91ecc85f6d1182a67dc905dd861a7c,H1,0,44,48,45112,57580,45154,57626
edit_write,439e4c23fee03e3ed8606f26adc0ac5f3b91ecc85f6d1182a67dc905dd861a7c,H1,1,61,76,46640,53284,46699,53353
edit_write,439e4c23fee03e3ed8606f26adc0ac5f3b91ecc85f6d1182a67dc905dd861a7c,H1,2,41,47,46622,52872,46663,52913
edit_write,439e4c23fee03e3ed8606f26adc0ac5f3b91ecc85f6d1182a67dc905dd861a7c,H2,0,87,121,37994,56733,38089,56831
edit_write,439e4c23fee03e3ed8606f26adc0ac5f3b91ecc85f6d1182a67dc905dd861a7c,H2,1,93,128,38622,46651,38708,46757
edit_write,439e4c23fee03e3ed8606f26adc0ac5f3b91ecc85f6d1182a67dc905dd861a7c,H2,2,109,130,37910,51571,38032,51641
edit_write,439e4c23fee03e3ed8606f26adc0ac5f3b91ecc85f6d1182a67dc905dd861a7c,H0,0,43,46,23235,41515,23276,41556
edit_write,439e4c23fee03e3ed8606f26adc0ac5f3b91ecc85f6d1182a67dc905dd861a7c,H0,1,35,43,23008,28019,23041,28058
edit_write,439e4c23fee03e3ed8606f26adc0ac5f3b91ecc85f6d1182a67dc905dd861a7c,H0,2,31,37,23109,24358,23130,24380
edit_write,439e4c23fee03e3ed8606f26adc0ac5f3b91ecc85f6d1182a67dc905dd861a7c,H3,0,2542,2827,37541,39765,40071,42558
edit_write,439e4c23fee03e3ed8606f26adc0ac5f3b91ecc85f6d1182a67dc905dd861a7c,H3,1,2459,2571,37670,38807,40187,41337
edit_write,439e4c23fee03e3ed8606f26adc0ac5f3b91ecc85f6d1182a67dc905dd861a7c,H3,2,2247,2404,37732,38885,39934,41273
edit_write,439e4c23fee03e3ed8606f26adc0ac5f3b91ecc85f6d1182a67dc905dd861a7c,H4,0,339,399,34140,36376,34438,36798
edit_write,439e4c23fee03e3ed8606f26adc0ac5f3b91ecc85f6d1182a67dc905dd861a7c,H4,1,358,398,34042,41482,34389,41842
edit_write,439e4c23fee03e3ed8606f26adc0ac5f3b91ecc85f6d1182a67dc905dd861a7c,H4,2,333,419,34300,35036,34593,35456
edit_write,4449a1441fa517de5827e3bcb0fc140702aba156f45e9c9252c648492621bc88,H1,0,44,50,73074,93072,73119,93114
edit_write,4449a1441fa517de5827e3bcb0fc140702aba156f45e9c9252c648492621bc88,H1,1,58,74,71770,75918,71813,75992
edit_write,4449a1441fa517de5827e3bcb0fc140702aba156f45e9c9252c648492621bc88,H1,2,52,57,72704,80111,72761,80156
edit_write,4449a1441fa517de5827e3bcb0fc140702aba156f45e9c9252c648492621bc88,H2,0,104,116,21686,23697,21782,23808
edit_write,4449a1441fa517de5827e3bcb0fc140702aba156f45e9c9252c648492621bc88,H2,1,103,152,21880,33475,22001,33584
edit_write,4449a1441fa517de5827e3bcb0fc140702aba156f45e9c9252c648492621bc88,H2,2,119,141,21323,27622,21449,27738
edit_write,4449a1441fa517de5827e3bcb0fc140702aba156f45e9c9252c648492621bc88,H0,0,46,52,45140,61778,45183,61824
edit_write,4449a1441fa517de5827e3bcb0fc140702aba156f45e9c9252c648492621bc88,H0,1,35,39,43935,55427,43970,55464
edit_write,4449a1441fa517de5827e3bcb0fc140702aba156f45e9c9252c648492621bc88,H0,2,32,39,43369,49935,43405,49962
edit_write,4449a1441fa517de5827e3bcb0fc140702aba156f45e9c9252c648492621bc88,H3,0,2418,2529,17602,18791,20057,21315
edit_write,4449a1441fa517de5827e3bcb0fc140702aba156f45e9c9252c648492621bc88,H3,1,2357,2474,17503,22255,19843,25563
edit_write,4449a1441fa517de5827e3bcb0fc140702aba156f45e9c9252c648492621bc88,H3,2,2331,2424,17380,18228,19680,20571
edit_write,4449a1441fa517de5827e3bcb0fc140702aba156f45e9c9252c648492621bc88,H4,0,551,597,13083,14314,13646,14899
edit_write,4449a1441fa517de5827e3bcb0fc140702aba156f45e9c9252c648492621bc88,H4,1,509,582,13017,13869,13512,14392
edit_write,4449a1441fa517de5827e3bcb0fc140702aba156f45e9c9252c648492621bc88,H4,2,529,574,13095,13662,13647,14145
edit_write,447fe959be09eada5f491ea310a2855addd5163085cb8b347726977f01e8bfd0,H1,0,44,48,16003,17224,16046,17269
edit_write,447fe959be09eada5f491ea310a2855addd5163085cb8b347726977f01e8bfd0,H1,1,39,68,15907,17323,15959,17396
edit_write,447fe959be09eada5f491ea310a2855addd5163085cb8b347726977f01e8bfd0,H1,2,41,48,16457,28006,16490,28033
edit_write,447fe959be09eada5f491ea310a2855addd5163085cb8b347726977f01e8bfd0,H2,0,57,82,6463,6921,6520,7001
edit_write,447fe959be09eada5f491ea310a2855addd5163085cb8b347726977f01e8bfd0,H2,1,100,133,7064,10450,7181,10649
edit_write,447fe959be09eada5f491ea310a2855addd5163085cb8b347726977f01e8bfd0,H2,2,85,115,6697,7304,6785,7396
edit_write,447fe959be09eada5f491ea310a2855addd5163085cb8b347726977f01e8bfd0,H0,0,42,51,11639,12512,11683,12558
edit_write,447fe959be09eada5f491ea310a2855addd5163085cb8b347726977f01e8bfd0,H0,1,32,52,11825,12567,11866,12618
edit_write,447fe959be09eada5f491ea310a2855addd5163085cb8b347726977f01e8bfd0,H0,2,36,50,11665,13020,11699,13077
edit_write,447fe959be09eada5f491ea310a2855addd5163085cb8b347726977f01e8bfd0,H3,0,858,1048,5391,6153,6385,7297
edit_write,447fe959be09eada5f491ea310a2855addd5163085cb8b347726977f01e8bfd0,H3,1,925,1034,5397,5716,6321,6733
edit_write,447fe959be09eada5f491ea310a2855addd5163085cb8b347726977f01e8bfd0,H3,2,892,1130,5392,6204,6290,7334
edit_write,447fe959be09eada5f491ea310a2855addd5163085cb8b347726977f01e8bfd0,H4,0,114,159,3208,3704,3331,3863
edit_write,447fe959be09eada5f491ea310a2855addd5163085cb8b347726977f01e8bfd0,H4,1,140,188,3246,3725,3375,3909
edit_write,447fe959be09eada5f491ea310a2855addd5163085cb8b347726977f01e8bfd0,H4,2,122,199,3256,4518,3393,4718
edit_write,463151484c0fa7d8b7168aa0fdee85e2015a2d87f0bf4199c5b7a1a8b16544c8,H1,0,46,62,44891,57287,44951,57329
edit_write,463151484c0fa7d8b7168aa0fdee85e2015a2d87f0bf4199c5b7a1a8b16544c8,H1,1,45,54,44039,47340,44085,47391
edit_write,463151484c0fa7d8b7168aa0fdee85e2015a2d87f0bf4199c5b7a1a8b16544c8,H1,2,33,38,44357,44878,44391,44914
edit_write,463151484c0fa7d8b7168aa0fdee85e2015a2d87f0bf4199c5b7a1a8b16544c8,H2,0,76,113,15536,26990,15596,27070
edit_write,463151484c0fa7d8b7168aa0fdee85e2015a2d87f0bf4199c5b7a1a8b16544c8,H2,1,87,113,15619,17813,15732,17920
edit_write,463151484c0fa7d8b7168aa0fdee85e2015a2d87f0bf4199c5b7a1a8b16544c8,H2,2,132,166,15289,15697,15409,15836
edit_write,463151484c0fa7d8b7168aa0fdee85e2015a2d87f0bf4199c5b7a1a8b16544c8,H0,0,45,50,31039,48486,31080,48531
edit_write,463151484c0fa7d8b7168aa0fdee85e2015a2d87f0bf4199c5b7a1a8b16544c8,H0,1,35,50,30364,35293,30414,35341
edit_write,463151484c0fa7d8b7168aa0fdee85e2015a2d87f0bf4199c5b7a1a8b16544c8,H0,2,32,44,31034,31617,31059,31643
edit_write,463151484c0fa7d8b7168aa0fdee85e2015a2d87f0bf4199c5b7a1a8b16544c8,H3,0,1792,2008,11658,13610,13395,15690
edit_write,463151484c0fa7d8b7168aa0fdee85e2015a2d87f0bf4199c5b7a1a8b16544c8,H3,1,1701,1811,11637,12235,13389,13997
edit_write,463151484c0fa7d8b7168aa0fdee85e2015a2d87f0bf4199c5b7a1a8b16544c8,H3,2,1674,1762,11425,11914,13071,13528
edit_write,463151484c0fa7d8b7168aa0fdee85e2015a2d87f0bf4199c5b7a1a8b16544c8,H4,0,286,341,6105,6604,6393,6952
edit_write,463151484c0fa7d8b7168aa0fdee85e2015a2d87f0bf4199c5b7a1a8b16544c8,H4,1,306,334,6135,6587,6451,6923
edit_write,463151484c0fa7d8b7168aa0fdee85e2015a2d87f0bf4199c5b7a1a8b16544c8,H4,2,265,292,6139,6660,6405,6968
edit_write,470220da9fcb369d8a68ba498122c9fbc4762313beb5f15508a62d83f8c606a0,H1,0,44,51,26361,27972,26415,28016
edit_write,470220da9fcb369d8a68ba498122c9fbc4762313beb5f15508a62d83f8c606a0,H1,1,43,65,26799,38695,26853,38738
edit_write,470220da9fcb369d8a68ba498122c9fbc4762313beb5f15508a62d83f8c606a0,H1,2,38,42,26483,32347,26521,32384
edit_write,470220da9fcb369d8a68ba498122c9fbc4762313beb5f15508a62d83f8c606a0,H2,0,81,107,11330,12296,11430,12368
edit_write,470220da9fcb369d8a68ba498122c9fbc4762313beb5f15508a62d83f8c606a0,H2,1,73,109,11733,12807,11825,12908
edit_write,470220da9fcb369d8a68ba498122c9fbc4762313beb5f15508a62d83f8c606a0,H2,2,135,175,11532,12071,11657,12260
edit_write,470220da9fcb369d8a68ba498122c9fbc4762313beb5f15508a62d83f8c606a0,H0,0,43,58,16390,17464,16435,17506
edit_write,470220da9fcb369d8a68ba498122c9fbc4762313beb5f15508a62d83f8c606a0,H0,1,32,49,16101,17274,16135,17308
edit_write,470220da9fcb369d8a68ba498122c9fbc4762313beb5f15508a62d83f8c606a0,H0,2,30,34,15876,16233,15907,16264
edit_write,470220da9fcb369d8a68ba498122c9fbc4762313beb5f15508a62d83f8c606a0,H3,0,1550,1677,9644,10518,11179,12336
edit_write,470220da9fcb369d8a68ba498122c9fbc4762313beb5f15508a62d83f8c606a0,H3,1,1561,1751,9755,10620,11323,12301
edit_write,470220da9fcb369d8a68ba498122c9fbc4762313beb5f15508a62d83f8c606a0,H3,2,1503,1634,9527,10231,11042,11813
edit_write,470220da9fcb369d8a68ba498122c9fbc4762313beb5f15508a62d83f8c606a0,H4,0,170,231,5948,6553,6137,6784
edit_write,470220da9fcb369d8a68ba498122c9fbc4762313beb5f15508a62d83f8c606a0,H4,1,204,287,5789,6368,6016,6578
edit_write,470220da9fcb369d8a68ba498122c9fbc4762313beb5f15508a62d83f8c606a0,H4,2,176,228,6269,6803,6456,7056
edit_write,476e6ad80b60ad455b50273ee4763f97fd0ad78370abd2748be5f767457dd173,H1,0,44,47,31180,38336,31223,38379
edit_write,476e6ad80b60ad455b50273ee4763f97fd0ad78370abd2748be5f767457dd173,H1,1,76,85,33576,34438,33657,34509
edit_write,476e6ad80b60ad455b50273ee4763f97fd0ad78370abd2748be5f767457dd173,H1,2,38,43,31502,45549,31539,45589
edit_write,476e6ad80b60ad455b50273ee4763f97fd0ad78370abd2748be5f767457dd173,H2,0,55,99,39011,42162,39064,42239
edit_write,476e6ad80b60ad455b50273ee4763f97fd0ad78370abd2748be5f767457dd173,H2,1,94,128,40195,59750,40307,59852
edit_write,476e6ad80b60ad455b50273ee4763f97fd0ad78370abd2748be5f767457dd173,H2,2,89,128,39520,44987,39618,45084
edit_write,476e6ad80b60ad455b50273ee4763f97fd0ad78370abd2748be5f767457dd173,H0,0,43,52,25766,27359,25811,27403
edit_write,476e6ad80b60ad455b50273ee4763f97fd0ad78370abd2748be5f767457dd173,H0,1,58,78,26752,28193,26818,28248
edit_write,476e6ad80b60ad455b50273ee4763f97fd0ad78370abd2748be5f767457dd173,H0,2,31,41,25002,26610,25034,26651
edit_write,476e6ad80b60ad455b50273ee4763f97fd0ad78370abd2748be5f767457dd173,H3,0,2963,3109,38231,44049,41138,47048
edit_write,476e6ad80b60ad455b50273ee4763f97fd0ad78370abd2748be5f767457dd173,H3,1,3095,3276,40986,52441,44228,55710
edit_write,476e6ad80b60ad455b50273ee4763f97fd0ad78370abd2748be5f767457dd173,H3,2,3020,3250,39825,53256,42816,56263
edit_write,476e6ad80b60ad455b50273ee4763f97fd0ad78370abd2748be5f767457dd173,H4,0,422,537,33195,52128,33627,52492
edit_write,476e6ad80b60ad455b50273ee4763f97fd0ad78370abd2748be5f767457dd173,H4,1,459,517,32736,35307,33173,35802
edit_write,476e6ad80b60ad455b50273ee4763f97fd0ad78370abd2748be5f767457dd173,H4,2,415,501,33449,44204,33884,44650
edit_write,477d4193e5cf48d24ce63c619434301d107094e60be151353dea406ea0886abe,H1,0,44,53,35392,54193,35435,54238
edit_write,477d4193e5cf48d24ce63c619434301d107094e60be151353dea406ea0886abe,H1,1,49,70,35178,41855,35224,41900
edit_write,477d4193e5cf48d24ce63c619434301d107094e60be151353dea406ea0886abe,H1,2,40,43,35288,46386,35327,46428
edit_write,477d4193e5cf48d24ce63c619434301d107094e60be151353dea406ea0886abe,H2,0,83,111,13584,31739,13674,31802
edit_write,477d4193e5cf48d24ce63c619434301d107094e60be151353dea406ea0886abe,H2,1,95,128,13611,14593,13704,14720
edit_write,477d4193e5cf48d24ce63c619434301d107094e60be151353dea406ea0886abe,H2,2,98,146,13534,14702,13668,14845
edit_write,477d4193e5cf48d24ce63c619434301d107094e60be151353dea406ea0886abe,H0,0,44,52,21365,22747,21407,22799
edit_write,477d4193e5cf48d24ce63c619434301d107094e60be151353dea406ea0886abe,H0,1,36,50,20936,38608,20984,38641
edit_write,477d4193e5cf48d24ce63c619434301d107094e60be151353dea406ea0886abe,H0,2,28,62,22070,34341,22098,34405
edit_write,477d4193e5cf48d24ce63c619434301d107094e60be151353dea406ea0886abe,H3,0,2181,2297,12027,13013,14222,15310
edit_write,477d4193e5cf48d24ce63c619434301d107094e60be151353dea406ea0886abe,H3,1,2111,2290,11866,12855,13958,15113
edit_write,477d4193e5cf48d24ce63c619434301d107094e60be151353dea406ea0886abe,H3,2,2055,2219,12224,23083,14296,25086
edit_write,477d4193e5cf48d24ce63c619434301d107094e60be151353dea406ea0886abe,H4,0,278,359,7953,8462,8221,8810
edit_write,477d4193e5cf48d24ce63c619434301d107094e60be151353dea406ea0886abe,H4,1,296,358,8365,19696,8686,20068
edit_write,477d4193e5cf48d24ce63c619434301d107094e60be151353dea406ea0886abe,H4,2,222,272,7976,8607,8203,8829
edit_write,47aaac57137cfeaa51f2f3d6a932f174843a5320ba779d60fcf8d1effcc0a5f9,H1,0,44,50,34715,50382,34754,50426
edit_write,47aaac57137cfeaa51f2f3d6a932f174843a5320ba779d60fcf8d1effcc0a5f9,H1,1,47,73,33745,40628,33794,40696
edit_write,47aaac57137cfeaa51f2f3d6a932f174843a5320ba779d60fcf8d1effcc0a5f9,H1,2,101,128,62821,74571,62930,74695
edit_write,47aaac57137cfeaa51f2f3d6a932f174843a5320ba779d60fcf8d1effcc0a5f9,H2,0,69,105,11308,12163,11412,12230
edit_write,47aaac57137cfeaa51f2f3d6a932f174843a5320ba779d60fcf8d1effcc0a5f9,H2,1,74,122,11377,12269,11456,12391
edit_write,47aaac57137cfeaa51f2f3d6a932f174843a5320ba779d60fcf8d1effcc0a5f9,H2,2,207,257,22127,30617,22392,30834
edit_write,47aaac57137cfeaa51f2f3d6a932f174843a5320ba779d60fcf8d1effcc0a5f9,H0,0,44,62,25208,29534,25248,29588
edit_write,47aaac57137cfeaa51f2f3d6a932f174843a5320ba779d60fcf8d1effcc0a5f9,H0,1,35,48,24524,42426,24557,42472
edit_write,47aaac57137cfeaa51f2f3d6a932f174843a5320ba779d60fcf8d1effcc0a5f9,H0,2,70,91,44268,47733,44314,47802
edit_write,47aaac57137cfeaa51f2f3d6a932f174843a5320ba779d60fcf8d1effcc0a5f9,H3,0,1667,1832,9268,10187,10946,12033
edit_write,47aaac57137cfeaa51f2f3d6a932f174843a5320ba779d60fcf8d1effcc0a5f9,H3,1,1630,1748,9033,10143,10636,12017
edit_write,47aaac57137cfeaa51f2f3d6a932f174843a5320ba779d60fcf8d1effcc0a5f9,H3,2,2870,3321,17311,27368,20013,30199
edit_write,47aaac57137cfeaa51f2f3d6a932f174843a5320ba779d60fcf8d1effcc0a5f9,H4,0,183,217,5777,6361,5970,6551
edit_write,47aaac57137cfeaa51f2f3d6a932f174843a5320ba779d60fcf8d1effcc0a5f9,H4,1,224,276,5863,11121,6087,11319
edit_write,47aaac57137cfeaa51f2f3d6a932f174843a5320ba779d60fcf8d1effcc0a5f9,H4,2,501,1090,11278,15505,11821,16595
edit_write,47aeefe99d8121f893aac8db461e662747ab17c6d4213956976a31629d706ea8,H1,0,44,53,12020,13068,12064,13121
edit_write,47aeefe99d8121f893aac8db461e662747ab17c6d4213956976a31629d706ea8,H1,1,52,69,11789,23243,11850,23307
edit_write,47aeefe99d8121f893aac8db461e662747ab17c6d4213956976a31629d706ea8,H1,2,33,38,12328,12607,12353,12640
edit_write,47aeefe99d8121f893aac8db461e662747ab17c6d4213956976a31629d706ea8,H2,0,63,98,11402,22740,11457,22793
edit_write,47aeefe99d8121f893aac8db461e662747ab17c6d4213956976a31629d706ea8,H2,1,68,104,11204,12449,11270,12538
edit_write,47aeefe99d8121f893aac8db461e662747ab17c6d4213956976a31629d706ea8,H2,2,82,115,10931,11385,11006,11484
edit_write,47aeefe99d8121f893aac8db461e662747ab17c6d4213956976a31629d706ea8,H0,0,43,50,18651,20120,18694,20163
edit_write,47aeefe99d8121f893aac8db461e662747ab17c6d4213956976a31629d706ea8,H0,1,35,55,18556,30527,18591,30562
edit_write,47aeefe99d8121f893aac8db461e662747ab17c6d4213956976a31629d706ea8,H0,2,32,48,18284,19242,18315,19274
edit_write,47aeefe99d8121f893aac8db461e662747ab17c6d4213956976a31629d706ea8,H3,0,1270,1367,7490,8652,8776,10078
edit_write,47aeefe99d8121f893aac8db461e662747ab17c6d4213956976a31629d706ea8,H3,1,1280,1417,7359,8028,8631,9481
edit_write,47aeefe99d8121f893aac8db461e662747ab17c6d4213956976a31629d706ea8,H3,2,1240,1360,7407,7773,8639,8916
edit_write,47aeefe99d8121f893aac8db461e662747ab17c6d4213956976a31629d706ea8,H4,0,271,352,4379,4759,4633,5079
edit_write,47aeefe99d8121f893aac8db461e662747ab17c6d4213956976a31629d706ea8,H4,1,291,352,4714,5313,5006,5637
edit_write,47aeefe99d8121f893aac8db461e662747ab17c6d4213956976a31629d706ea8,H4,2,247,315,4587,4909,4870,5223
edit_write,485e0b719aa9ef63171fa5a9da2b2bbc34eeba2c4968d8847723113a6f97d752,H1,0,45,62,31166,32809,31210,32871
edit_write,485e0b719aa9ef63171fa5a9da2b2bbc34eeba2c4968d8847723113a6f97d752,H1,1,55,76,30350,43082,30398,43153
edit_write,485e0b719aa9ef63171fa5a9da2b2bbc34eeba2c4968d8847723113a6f97d752,H1,2,42,54,29818,41037,29864,41079
edit_write,485e0b719aa9ef63171fa5a9da2b2bbc34eeba2c4968d8847723113a6f97d752,H2,0,78,119,12706,13817,12801,13935
edit_write,485e0b719aa9ef63171fa5a9da2b2bbc34eeba2c4968d8847723113a6f97d752,H2,1,88,126,13203,14117,13301,14196
edit_write,485e0b719aa9ef63171fa5a9da2b2bbc34eeba2c4968d8847723113a6f97d752,H2,2,104,130,12378,13512,12500,13642
edit_write,485e0b719aa9ef63171fa5a9da2b2bbc34eeba2c4968d8847723113a6f97d752,H0,0,43,51,17492,18850,17537,18893
edit_write,485e0b719aa9ef63171fa5a9da2b2bbc34eeba2c4968d8847723113a6f97d752,H0,1,51,59,17200,18417,17251,18468
edit_write,485e0b719aa9ef63171fa5a9da2b2bbc34eeba2c4968d8847723113a6f97d752,H0,2,31,49,17196,19109,17230,19158
edit_write,485e0b719aa9ef63171fa5a9da2b2bbc34eeba2c4968d8847723113a6f97d752,H3,0,1632,1805,9354,10237,10982,11940
edit_write,485e0b719aa9ef63171fa5a9da2b2bbc34eeba2c4968d8847723113a6f97d752,H3,1,1678,1937,9413,10358,11106,12226
edit_write,485e0b719aa9ef63171fa5a9da2b2bbc34eeba2c4968d8847723113a6f97d752,H3,2,1637,1878,9885,10624,11607,12485
edit_write,485e0b719aa9ef63171fa5a9da2b2bbc34eeba2c4968d8847723113a6f97d752,H4,0,283,336,5492,18147,5773,18463
edit_write,485e0b719aa9ef63171fa5a9da2b2bbc34eeba2c4968d8847723113a6f97d752,H4,1,258,328,5773,6236,6054,6586
edit_write,485e0b719aa9ef63171fa5a9da2b2bbc34eeba2c4968d8847723113a6f97d752,H4,2,211,251,5618,6170,5829,6421
edit_write,499049a46957f333b0a907e73909b010b9d9dfcc2fbbb8797a36c6da040d0746,H1,0,44,67,4455,5000,4507,5044
edit_write,499049a46957f333b0a907e73909b010b9d9dfcc2fbbb8797a36c6da040d0746,H1,1,68,83,4449,4852,4522,4929
edit_write,499049a46957f333b0a907e73909b010b9d9dfcc2fbbb8797a36c6da040d0746,H1,2,42,59,4822,5005,4863,5048
edit_write,499049a46957f333b0a907e73909b010b9d9dfcc2fbbb8797a36c6da040d0746,H2,0,55,95,7069,7655,7124,7727
edit_write,499049a46957f333b0a907e73909b010b9d9dfcc2fbbb8797a36c6da040d0746,H2,1,88,112,7531,8444,7607,8556
edit_write,499049a46957f333b0a907e73909b010b9d9dfcc2fbbb8797a36c6da040d0746,H2,2,88,129,7277,7981,7360,8058
edit_write,499049a46957f333b0a907e73909b010b9d9dfcc2fbbb8797a36c6da040d0746,H0,0,43,53,24403,25935,24445,25984
edit_write,499049a46957f333b0a907e73909b010b9d9dfcc2fbbb8797a36c6da040d0746,H0,1,55,75,24299,25932,24360,26002
edit_write,499049a46957f333b0a907e73909b010b9d9dfcc2fbbb8797a36c6da040d0746,H0,2,31,35,24119,24749,24151,24784
edit_write,499049a46957f333b0a907e73909b010b9d9dfcc2fbbb8797a36c6da040d0746,H3,0,1627,1980,5904,7156,7568,9136
edit_write,499049a46957f333b0a907e73909b010b9d9dfcc2fbbb8797a36c6da040d0746,H3,1,1507,1693,6034,6672,7563,8375
edit_write,499049a46957f333b0a907e73909b010b9d9dfcc2fbbb8797a36c6da040d0746,H3,2,1523,1782,5919,6870,7467,8652
edit_write,499049a46957f333b0a907e73909b010b9d9dfcc2fbbb8797a36c6da040d0746,H4,0,191,235,4676,5187,4884,5381
edit_write,499049a46957f333b0a907e73909b010b9d9dfcc2fbbb8797a36c6da040d0746,H4,1,251,282,4667,5130,4911,5400
edit_write,499049a46957f333b0a907e73909b010b9d9dfcc2fbbb8797a36c6da040d0746,H4,2,160,237,4812,5439,5004,5633
edit_write,49b6aadbd35328890b54131f7674e5aeba636eba3bc8c30d3ab95b2abf12830c,H1,0,44,49,21528,22730,21571,22776
edit_write,49b6aadbd35328890b54131f7674e5aeba636eba3bc8c30d3ab95b2abf12830c,H1,1,41,51,22289,25178,22323,25220
edit_write,49b6aadbd35328890b54131f7674e5aeba636eba3bc8c30d3ab95b2abf12830c,H1,2,36,39,22955,35160,22991,35198
edit_write,49b6aadbd35328890b54131f7674e5aeba636eba3bc8c30d3ab95b2abf12830c,H2,0,79,96,9171,9976,9228,10068
edit_write,49b6aadbd35328890b54131f7674e5aeba636eba3bc8c30d3ab95b2abf12830c,H2,1,67,141,9792,10900,9862,11050
edit_write,49b6aadbd35328890b54131f7674e5aeba636eba3bc8c30d3ab95b2abf12830c,H2,2,90,120,9668,10737,9765,10841
edit_write,49b6aadbd35328890b54131f7674e5aeba636eba3bc8c30d3ab95b2abf12830c,H0,0,43,53,13394,14216,13449,14258
edit_write,49b6aadbd35328890b54131f7674e5aeba636eba3bc8c30d3ab95b2abf12830c,H0,1,35,39,13459,15309,13485,15346
edit_write,49b6aadbd35328890b54131f7674e5aeba636eba3bc8c30d3ab95b2abf12830c,H0,2,28,41,13143,14134,13165,14161
edit_write,49b6aadbd35328890b54131f7674e5aeba636eba3bc8c30d3ab95b2abf12830c,H3,0,1075,1206,7425,7830,8522,9008
edit_write,49b6aadbd35328890b54131f7674e5aeba636eba3bc8c30d3ab95b2abf12830c,H3,1,1174,1254,7467,8539,8576,9863
edit_write,49b6aadbd35328890b54131f7674e5aeba636eba3bc8c30d3ab95b2abf12830c,H3,2,1042,1318,7399,18713,8448,19787
edit_write,49b6aadbd35328890b54131f7674e5aeba636eba3bc8c30d3ab95b2abf12830c,H4,0,178,229,4463,4969,4639,5197
edit_write,49b6aadbd35328890b54131f7674e5aeba636eba3bc8c30d3ab95b2abf12830c,H4,1,221,251,5145,5770,5379,6001
edit_write,49b6aadbd35328890b54131f7674e5aeba636eba3bc8c30d3ab95b2abf12830c,H4,2,175,221,4930,5430,5090,5650
edit_write,4b62a0a92aba2f1d09268b10e729ab9350a8b8ac426adc9a78376b7ec4c51d95,H1,0,43,50,25755,31609,25800,31652
edit_write,4b62a0a92aba2f1d09268b10e729ab9350a8b8ac426adc9a78376b7ec4c51d95,H1,1,46,72,24924,36504,24991,36549
edit_write,4b62a0a92aba2f1d09268b10e729ab9350a8b8ac426adc9a78376b7ec4c51d95,H1,2,36,43,25716,27395,25752,27443
edit_write,4b62a0a92aba2f1d09268b10e729ab9350a8b8ac426adc9a78376b7ec4c51d95,H2,0,87,115,10084,11128,10196,11222
edit_write,4b62a0a92aba2f1d09268b10e729ab9350a8b8ac426adc9a78376b7ec4c51d95,H2,1,71,102,10364,21132,10465,21215
edit_write,4b62a0a92aba2f1d09268b10e729ab9350a8b8ac426adc9a78376b7ec4c51d95,H2,2,66,100,9790,11423,9855,11532
edit_write,4b62a0a92aba2f1d09268b10e729ab9350a8b8ac426adc9a78376b7ec4c51d95,H0,0,44,54,15540,27457,15587,27505
edit_write,4b62a0a92aba2f1d09268b10e729ab9350a8b8ac426adc9a78376b7ec4c51d95,H0,1,37,42,15177,23222,15212,23264
edit_write,4b62a0a92aba2f1d09268b10e729ab9350a8b8ac426adc9a78376b7ec4c51d95,H0,2,27,35,15089,16067,15110,16102
edit_write,4b62a0a92aba2f1d09268b10e729ab9350a8b8ac426adc9a78376b7ec4c51d95,H3,0,1596,1756,8277,9037,9914,10661
edit_write,4b62a0a92aba2f1d09268b10e729ab9350a8b8ac426adc9a78376b7ec4c51d95,H3,1,1561,1667,8182,19350,9754,20933
edit_write,4b62a0a92aba2f1d09268b10e729ab9350a8b8ac426adc9a78376b7ec4c51d95,H3,2,1488,1606,7977,8602,9485,10208
edit_write,4b62a0a92aba2f1d09268b10e729ab9350a8b8ac426adc9a78376b7ec4c51d95,H4,0,189,251,5242,5992,5431,6192
edit_write,4b62a0a92aba2f1d09268b10e729ab9350a8b8ac426adc9a78376b7ec4c51d95,H4,1,214,328,5409,6063,5647,6273
edit_write,4b62a0a92aba2f1d09268b10e729ab9350a8b8ac426adc9a78376b7ec4c51d95,H4,2,183,262,5379,5956,5550,6144
edit_write,4b826a44f455648d2f69ebcf0dc3643c118db5bf3217084be50ed4657dd54b9d,H1,0,43,50,5062,5484,5104,5528
edit_write,4b826a44f455648d2f69ebcf0dc3643c118db5bf3217084be50ed4657dd54b9d,H1,1,44,63,5508,5912,5547,5956
edit_write,4b826a44f455648d2f69ebcf0dc3643c118db5bf3217084be50ed4657dd54b9d,H1,2,42,45,4286,4693,4329,4733
edit_write,4b826a44f455648d2f69ebcf0dc3643c118db5bf3217084be50ed4657dd54b9d,H2,0,57,97,9899,15238,9953,15294
edit_write,4b826a44f455648d2f69ebcf0dc3643c118db5bf3217084be50ed4657dd54b9d,H2,1,81,110,10336,11216,10403,11303
edit_write,4b826a44f455648d2f69ebcf0dc3643c118db5bf3217084be50ed4657dd54b9d,H2,2,98,129,10177,15399,10252,15504
edit_write,4b826a44f455648d2f69ebcf0dc3643c118db5bf3217084be50ed4657dd54b9d,H0,0,46,67,19685,31198,19729,31244
edit_write,4b826a44f455648d2f69ebcf0dc3643c118db5bf3217084be50ed4657dd54b9d,H0,1,41,56,18740,19949,18771,20008
edit_write,4b826a44f455648d2f69ebcf0dc3643c118db5bf3217084be50ed4657dd54b9d,H0,2,34,50,18118,19631,18152,19681
edit_write,4b826a44f455648d2f69ebcf0dc3643c118db5bf3217084be50ed4657dd54b9d,H3,0,1376,1537,6958,7719,8313,9256
edit_write,4b826a44f455648d2f69ebcf0dc3643c118db5bf3217084be50ed4657dd54b9d,H3,1,1400,1533,7196,18336,8584,19643
edit_write,4b826a44f455648d2f69ebcf0dc3643c118db5bf3217084be50ed4657dd54b9d,H3,2,1395,1490,7109,7783,8496,9219
edit_write,4b826a44f455648d2f69ebcf0dc3643c118db5bf3217084be50ed4657dd54b9d,H4,0,200,238,4177,4469,4389,4694
edit_write,4b826a44f455648d2f69ebcf0dc3643c118db5bf3217084be50ed4657dd54b9d,H4,1,245,290,4160,4457,4410,4751
edit_write,4b826a44f455648d2f69ebcf0dc3643c118db5bf3217084be50ed4657dd54b9d,H4,2,205,258,3717,4187,3921,4451
edit_write,4c5a7e15f7f8feccd7204330a9683df015160df2d4aebd9867bce8138b6857b4,H1,0,43,49,45126,55711,45159,55753
edit_write,4c5a7e15f7f8feccd7204330a9683df015160df2d4aebd9867bce8138b6857b4,H1,1,50,66,43951,55238,44013,55304
edit_write,4c5a7e15f7f8feccd7204330a9683df015160df2d4aebd9867bce8138b6857b4,H1,2,51,65,43831,62442,43879,62498
edit_write,4c5a7e15f7f8feccd7204330a9683df015160df2d4aebd9867bce8138b6857b4,H2,0,60,90,15489,16681,15539,16768
edit_write,4c5a7e15f7f8feccd7204330a9683df015160df2d4aebd9867bce8138b6857b4,H2,1,90,108,15117,16529,15214,16618
edit_write,4c5a7e15f7f8feccd7204330a9683df015160df2d4aebd9867bce8138b6857b4,H2,2,91,132,15241,26994,15331,27085
edit_write,4c5a7e15f7f8feccd7204330a9683df015160df2d4aebd9867bce8138b6857b4,H0,0,46,61,31439,37088,31498,37136
edit_write,4c5a7e15f7f8feccd7204330a9683df015160df2d4aebd9867bce8138b6857b4,H0,1,36,48,31839,46259,31865,46296
edit_write,4c5a7e15f7f8feccd7204330a9683df015160df2d4aebd9867bce8138b6857b4,H0,2,32,40,31986,50225,32018,50253
edit_write,4c5a7e15f7f8feccd7204330a9683df015160df2d4aebd9867bce8138b6857b4,H3,0,1616,1765,11703,17990,13323,19646
edit_write,4c5a7e15f7f8feccd7204330a9683df015160df2d4aebd9867bce8138b6857b4,H3,1,1573,1713,11357,12311,12913,14096
edit_write,4c5a7e15f7f8feccd7204330a9683df015160df2d4aebd9867bce8138b6857b4,H3,2,1564,1676,11771,16748,13318,18230
edit_write,4c5a7e15f7f8feccd7204330a9683df015160df2d4aebd9867bce8138b6857b4,H4,0,327,365,6050,6577,6383,6935
edit_write,4c5a7e15f7f8feccd7204330a9683df015160df2d4aebd9867bce8138b6857b4,H4,1,351,439,6117,6943,6461,7298
edit_write,4c5a7e15f7f8feccd7204330a9683df015160df2d4aebd9867bce8138b6857b4,H4,2,330,398,5778,6252,6116,6645
edit_write,4d7cc1e0abffb84e63a7dd815adec78629f6fbb9186bf77681c46a756eafa8b7,H1,0,45,57,46005,67349,46062,67387
edit_write,4d7cc1e0abffb84e63a7dd815adec78629f6fbb9186bf77681c46a756eafa8b7,H1,1,42,58,43194,45799,43235,45842
edit_write,4d7cc1e0abffb84e63a7dd815adec78629f6fbb9186bf77681c46a756eafa8b7,H1,2,41,44,43849,45436,43890,45476
edit_write,4d7cc1e0abffb84e63a7dd815adec78629f6fbb9186bf77681c46a756eafa8b7,H2,0,59,111,15688,16807,15775,16911
edit_write,4d7cc1e0abffb84e63a7dd815adec78629f6fbb9186bf77681c46a756eafa8b7,H2,1,95,129,14648,16356,14727,16470
edit_write,4d7cc1e0abffb84e63a7dd815adec78629f6fbb9186bf77681c46a756eafa8b7,H2,2,101,126,14606,15262,14665,15345
edit_write,4d7cc1e0abffb84e63a7dd815adec78629f6fbb9186bf77681c46a756eafa8b7,H0,0,45,56,30364,44490,30409,44540
edit_write,4d7cc1e0abffb84e63a7dd815adec78629f6fbb9186bf77681c46a756eafa8b7,H0,1,36,53,30423,32553,30453,32603
edit_write,4d7cc1e0abffb84e63a7dd815adec78629f6fbb9186bf77681c46a756eafa8b7,H0,2,31,50,29772,30113,29806,30163
edit_write,4d7cc1e0abffb84e63a7dd815adec78629f6fbb9186bf77681c46a756eafa8b7,H3,0,1587,1812,10537,11513,12203,13303
edit_write,4d7cc1e0abffb84e63a7dd815adec78629f6fbb9186bf77681c46a756eafa8b7,H3,1,1604,1697,10960,11799,12565,13479
edit_write,4d7cc1e0abffb84e63a7dd815adec78629f6fbb9186bf77681c46a756eafa8b7,H3,2,1524,1650,10684,16172,12303,17646
edit_write,4d7cc1e0abffb84e63a7dd815adec78629f6fbb9186bf77681c46a756eafa8b7,H4,0,330,387,5653,22630,5988,22974
edit_write,4d7cc1e0abffb84e63a7dd815adec78629f6fbb9186bf77681c46a756eafa8b7,H4,1,341,371,5764,6295,6145,6652
edit_write,4d7cc1e0abffb84e63a7dd815adec78629f6fbb9186bf77681c46a756eafa8b7,H4,2,327,386,5349,5743,5657,6045
edit_write,4dfad23125c9827e87678c5e6c79986b9c66c422ec8547a3f94cb1ae28ab212b,H1,0,44,54,68663,89321,68708,89365
edit_write,4dfad23125c9827e87678c5e6c79986b9c66c422ec8547a3f94cb1ae28ab212b,H1,1,54,85,69625,86868,69697,86953
edit_write,4dfad23125c9827e87678c5e6c79986b9c66c422ec8547a3f94cb1ae28ab212b,H1,2,37,52,70096,75016,70135,75051
edit_write,4dfad23125c9827e87678c5e6c79986b9c66c422ec8547a3f94cb1ae28ab212b,H2,0,93,122,18207,19733,18303,19837
edit_write,4dfad23125c9827e87678c5e6c79986b9c66c422ec8547a3f94cb1ae28ab212b,H2,1,102,159,18360,25547,18461,25703
edit_write,4dfad23125c9827e87678c5e6c79986b9c66c422ec8547a3f94cb1ae28ab212b,H2,2,113,142,17865,18403,17984,18535
edit_write,4dfad23125c9827e87678c5e6c79986b9c66c422ec8547a3f94cb1ae28ab212b,H0,0,46,51,43362,48003,43407,48048
edit_write,4dfad23125c9827e87678c5e6c79986b9c66c422ec8547a3f94cb1ae28ab212b,H0,1,37,49,43576,46382,43621,46418
edit_write,4dfad23125c9827e87678c5e6c79986b9c66c422ec8547a3f94cb1ae28ab212b,H0,2,31,52,47496,48005,47527,48030
edit_write,4dfad23125c9827e87678c5e6c79986b9c66c422ec8547a3f94cb1ae28ab212b,H3,0,2416,2738,14666,16138,17068,18846
edit_write,4dfad23125c9827e87678c5e6c79986b9c66c422ec8547a3f94cb1ae28ab212b,H3,1,2504,2690,14875,26528,17384,29178
edit_write,4dfad23125c9827e87678c5e6c79986b9c66c422ec8547a3f94cb1ae28ab212b,H3,2,2361,2467,14928,15359,17293,17791
edit_write,4dfad23125c9827e87678c5e6c79986b9c66c422ec8547a3f94cb1ae28ab212b,H4,0,407,468,8958,9707,9357,10183
edit_write,4dfad23125c9827e87678c5e6c79986b9c66c422ec8547a3f94cb1ae28ab212b,H4,1,450,507,9364,10585,9842,15460
edit_write,4dfad23125c9827e87678c5e6c79986b9c66c422ec8547a3f94cb1ae28ab212b,H4,2,405,451,8925,9658,9343,10141
edit_write,4e4b1e9fec00174dde8ee5f1632865fbe48e57e02b09ef206eb0b84054399d71,H1,0,43,50,25530,27500,25572,27546
edit_write,4e4b1e9fec00174dde8ee5f1632865fbe48e57e02b09ef206eb0b84054399d71,H1,1,45,72,25153,26325,25194,26387
edit_write,4e4b1e9fec00174dde8ee5f1632865fbe48e57e02b09ef206eb0b84054399d71,H1,2,41,44,25730,37168,25774,37209
edit_write,4e4b1e9fec00174dde8ee5f1632865fbe48e57e02b09ef206eb0b84054399d71,H2,0,74,113,10582,11303,10656,11401
edit_write,4e4b1e9fec00174dde8ee5f1632865fbe48e57e02b09ef206eb0b84054399d71,H2,1,87,117,10759,11347,10863,11462
edit_write,4e4b1e9fec00174dde8ee5f1632865fbe48e57e02b09ef206eb0b84054399d71,H2,2,80,105,10789,21958,10866,22041
edit_write,4e4b1e9fec00174dde8ee5f1632865fbe48e57e02b09ef206eb0b84054399d71,H0,0,44,56,15696,17143,15745,17203
edit_write,4e4b1e9fec00174dde8ee5f1632865fbe48e57e02b09ef206eb0b84054399d71,H0,1,32,41,15718,16970,15753,17005
edit_write,4e4b1e9fec00174dde8ee5f1632865fbe48e57e02b09ef206eb0b84054399d71,H0,2,30,35,15901,16680,15930,16702
edit_write,4e4b1e9fec00174dde8ee5f1632865fbe48e57e02b09ef206eb0b84054399d71,H3,0,1295,1417,8812,9516,10104,10969
edit_write,4e4b1e9fec00174dde8ee5f1632865fbe48e57e02b09ef206eb0b84054399d71,H3,1,1253,1338,8879,19665,10155,20902
edit_write,4e4b1e9fec00174dde8ee5f1632865fbe48e57e02b09ef206eb0b84054399d71,H3,2,1320,1478,8834,9577,10192,11078
edit_write,4e4b1e9fec00174dde8ee5f1632865fbe48e57e02b09ef206eb0b84054399d71,H4,0,180,225,6095,6601,6275,6801
edit_write,4e4b1e9fec00174dde8ee5f1632865fbe48e57e02b09ef206eb0b84054399d71,H4,1,200,239,6049,6714,6251,6919
edit_write,4e4b1e9fec00174dde8ee5f1632865fbe48e57e02b09ef206eb0b84054399d71,H4,2,187,232,5870,6350,6061,6559
edit_write,4e9e64ce93c96dabe8c92dc99e576811469c2a5b27f7346b1653e682573531b9,H1,0,44,53,36080,43241,36122,43283
edit_write,4e9e64ce93c96dabe8c92dc99e576811469c2a5b27f7346b1653e682573531b9,H1,1,50,74,35516,47572,35569,47639
edit_write,4e9e64ce93c96dabe8c92dc99e576811469c2a5b27f7346b1653e682573531b9,H1,2,36,58,35540,41903,35573,41944
edit_write,4e9e64ce93c96dabe8c92dc99e576811469c2a5b27f7346b1653e682573531b9,H2,0,82,120,14130,19906,14227,20008
edit_write,4e9e64ce93c96dabe8c92dc99e576811469c2a5b27f7346b1653e682573531b9,H2,1,78,131,14283,15655,14356,15773
edit_write,4e9e64ce93c96dabe8c92dc99e576811469c2a5b27f7346b1653e682573531b9,H2,2,106,134,13678,14756,13793,14899
edit_write,4e9e64ce93c96dabe8c92dc99e576811469c2a5b27f7346b1653e682573531b9,H0,0,45,60,21043,23028,21089,23073
edit_write,4e9e64ce93c96dabe8c92dc99e576811469c2a5b27f7346b1653e682573531b9,H0,1,33,40,21348,22760,21375,22800
edit_write,4e9e64ce93c96dabe8c92dc99e576811469c2a5b27f7346b1653e682573531b9,H0,2,33,46,21022,21640,21050,21675
edit_write,4e9e64ce93c96dabe8c92dc99e576811469c2a5b27f7346b1653e682573531b9,H3,0,1786,1928,12225,30642,14011,32482
edit_write,4e9e64ce93c96dabe8c92dc99e576811469c2a5b27f7346b1653e682573531b9,H3,1,1746,1918,11996,23254,13691,26375
edit_write,4e9e64ce93c96dabe8c92dc99e576811469c2a5b27f7346b1653e682573531b9,H3,2,1689,1819,11506,12151,13139,13901
edit_write,4e9e64ce93c96dabe8c92dc99e576811469c2a5b27f7346b1653e682573531b9,H4,0,257,319,7965,8705,8233,9002
edit_write,4e9e64ce93c96dabe8c92dc99e576811469c2a5b27f7346b1653e682573531b9,H4,1,267,352,8312,9203,8624,9555
edit_write,4e9e64ce93c96dabe8c92dc99e576811469c2a5b27f7346b1653e682573531b9,H4,2,231,301,8356,9012,8578,9338
edit_write,4e9f0007964bf4cf45c05402a1ec40066f154635c8fbc5983b3f6d2ae09657bb,H1,0,43,51,70936,89449,70978,89494
edit_write,4e9f0007964bf4cf45c05402a1ec40066f154635c8fbc5983b3f6d2ae09657bb,H1,1,62,73,69247,80264,69293,80308
edit_write,4e9f0007964bf4cf45c05402a1ec40066f154635c8fbc5983b3f6d2ae09657bb,H1,2,42,48,70298,77999,70341,78043
edit_write,4e9f0007964bf4cf45c05402a1ec40066f154635c8fbc5983b3f6d2ae09657bb,H2,0,91,125,20630,21960,20709,22046
edit_write,4e9f0007964bf4cf45c05402a1ec40066f154635c8fbc5983b3f6d2ae09657bb,H2,1,95,123,20034,21737,20124,21853
edit_write,4e9f0007964bf4cf45c05402a1ec40066f154635c8fbc5983b3f6d2ae09657bb,H2,2,112,134,19910,20585,20016,20697
edit_write,4e9f0007964bf4cf45c05402a1ec40066f154635c8fbc5983b3f6d2ae09657bb,H0,0,43,56,43389,62563,43418,62607
edit_write,4e9f0007964bf4cf45c05402a1ec40066f154635c8fbc5983b3f6d2ae09657bb,H0,1,48,62,44011,60020,44074,60061
edit_write,4e9f0007964bf4cf45c05402a1ec40066f154635c8fbc5983b3f6d2ae09657bb,H0,2,32,48,42885,50147,42907,50173
edit_write,4e9f0007964bf4cf45c05402a1ec40066f154635c8fbc5983b3f6d2ae09657bb,H3,0,2748,3007,16889,28697,19563,31595
edit_write,4e9f0007964bf4cf45c05402a1ec40066f154635c8fbc5983b3f6d2ae09657bb,H3,1,2812,3006,17303,28772,20118,31742
edit_write,4e9f0007964bf4cf45c05402a1ec40066f154635c8fbc5983b3f6d2ae09657bb,H3,2,2689,2787,16793,17224,19527,19894
edit_write,4e9f0007964bf4cf45c05402a1ec40066f154635c8fbc5983b3f6d2ae09657bb,H4,0,494,572,10708,11694,11206,12216
edit_write,4e9f0007964bf4cf45c05402a1ec40066f154635c8fbc5983b3f6d2ae09657bb,H4,1,480,554,10863,11872,11332,12426
edit_write,4e9f0007964bf4cf45c05402a1ec40066f154635c8fbc5983b3f6d2ae09657bb,H4,2,496,537,10623,11323,11136,11846
edit_write,4ea88ea74c31dfb4705eabd58b1f8fa6c0f19b7c7e93fd74eaed18d654bfeff5,H1,0,44,48,5182,5979,5227,6022
edit_write,4ea88ea74c31dfb4705eabd58b1f8fa6c0f19b7c7e93fd74eaed18d654bfeff5,H1,1,44,58,5659,6001,5708,6044
edit_write,4ea88ea74c31dfb4705eabd58b1f8fa6c0f19b7c7e93fd74eaed18d654bfeff5,H1,2,37,39,4294,4794,4329,4832
edit_write,4ea88ea74c31dfb4705eabd58b1f8fa6c0f19b7c7e93fd74eaed18d654bfeff5,H2,0,99,138,10612,11485,10731,11648
edit_write,4ea88ea74c31dfb4705eabd58b1f8fa6c0f19b7c7e93fd74eaed18d654bfeff5,H2,1,92,120,11357,12015,11452,12118
edit_write,4ea88ea74c31dfb4705eabd58b1f8fa6c0f19b7c7e93fd74eaed18d654bfeff5,H2,2,187,219,18712,20533,18892,20785
edit_write,4ea88ea74c31dfb4705eabd58b1f8fa6c0f19b7c7e93fd74eaed18d654bfeff5,H0,0,43,55,53096,57888,53139,57930
edit_write,4ea88ea74c31dfb4705eabd58b1f8fa6c0f19b7c7e93fd74eaed18d654bfeff5,H0,1,32,48,53242,78764,53269,78802
edit_write,4ea88ea74c31dfb4705eabd58b1f8fa6c0f19b7c7e93fd74eaed18d654bfeff5,H0,2,70,98,97497,99854,97569,99931
edit_write,4ea88ea74c31dfb4705eabd58b1f8fa6c0f19b7c7e93fd74eaed18d654bfeff5,H3,0,1189,1264,7795,8411,8974,9642
edit_write,4ea88ea74c31dfb4705eabd58b1f8fa6c0f19b7c7e93fd74eaed18d654bfeff5,H3,1,1235,1317,8455,8731,9652,10065
edit_write,4ea88ea74c31dfb4705eabd58b1f8fa6c0f19b7c7e93fd74eaed18d654bfeff5,H3,2,1189,1313,8119,9044,9313,10251
edit_write,4ea88ea74c31dfb4705eabd58b1f8fa6c0f19b7c7e93fd74eaed18d654bfeff5,H4,0,212,246,3908,9168,4096,9414
edit_write,4ea88ea74c31dfb4705eabd58b1f8fa6c0f19b7c7e93fd74eaed18d654bfeff5,H4,1,221,253,4469,4839,4683,5087
edit_write,4ea88ea74c31dfb4705eabd58b1f8fa6c0f19b7c7e93fd74eaed18d654bfeff5,H4,2,401,430,7079,7707,7484,8090
edit_write,4f6818ef7f601be48949040636a77b681ac39e8b976f3f6c7f29861ccc7fc609,H1,0,51,84,21436,23379,21505,23440
edit_write,4f6818ef7f601be48949040636a77b681ac39e8b976f3f6c7f29861ccc7fc609,H1,1,61,74,21152,22569,21211,22630
edit_write,4f6818ef7f601be48949040636a77b681ac39e8b976f3f6c7f29861ccc7fc609,H1,2,39,65,22161,24758,22225,24797
edit_write,4f6818ef7f601be48949040636a77b681ac39e8b976f3f6c7f29861ccc7fc609,H2,0,92,122,19598,30537,19689,30599
edit_write,4f6818ef7f601be48949040636a77b681ac39e8b976f3f6c7f29861ccc7fc609,H2,1,104,135,19873,21163,19972,21294
edit_write,4f6818ef7f601be48949040636a77b681ac39e8b976f3f6c7f29861ccc7fc609,H2,2,120,145,19806,21295,19924,21432
edit_write,4f6818ef7f601be48949040636a77b681ac39e8b976f3f6c7f29861ccc7fc609,H0,0,43,61,55949,67969,56001,68013
edit_write,4f6818ef7f601be48949040636a77b681ac39e8b976f3f6c7f29861ccc7fc609,H0,1,35,37,55000,70769,55035,70806
edit_write,4f6818ef7f601be48949040636a77b681ac39e8b976f3f6c7f29861ccc7fc609,H0,2,32,54,54538,67761,54566,67797
edit_write,4f6818ef7f601be48949040636a77b681ac39e8b976f3f6c7f29861ccc7fc609,H3,0,3216,3579,15938,17862,19130,21141
edit_write,4f6818ef7f601be48949040636a77b681ac39e8b976f3f6c7f29861ccc7fc609,H3,1,3263,3598,16056,17467,19352,21283
edit_write,4f6818ef7f601be48949040636a77b681ac39e8b976f3f6c7f29861ccc7fc609,H3,2,3220,3620,16140,32812,19349,35934
edit_write,4f6818ef7f601be48949040636a77b681ac39e8b976f3f6c7f29861ccc7fc609,H4,0,512,587,11168,16873,11694,17394
edit_write,4f6818ef7f601be48949040636a77b681ac39e8b976f3f6c7f29861ccc7fc609,H4,1,515,606,10960,12002,11439,12530
edit_write,4f6818ef7f601be48949040636a77b681ac39e8b976f3f6c7f29861ccc7fc609,H4,2,521,608,11089,11784,11613,12360
edit_write,508e05b37bdb9812e0ddf1f0113538b0d684de7fcc78901175e60121154504cd,H1,0,44,50,37535,39838,37579,39886
edit_write,508e05b37bdb9812e0ddf1f0113538b0d684de7fcc78901175e60121154504cd,H1,1,51,62,37437,56811,37490,56862
edit_write,508e05b37bdb9812e0ddf1f0113538b0d684de7fcc78901175e60121154504cd,H1,2,43,48,37591,51553,37644,51600
edit_write,508e05b37bdb9812e0ddf1f0113538b0d684de7fcc78901175e60121154504cd,H2,0,80,113,39495,42061,39595,42170
edit_write,508e05b37bdb9812e0ddf1f0113538b0d684de7fcc78901175e60121154504cd,H2,1,89,109,39299,52765,39410,52874
edit_write,508e05b37bdb9812e0ddf1f0113538b0d684de7fcc78901175e60121154504cd,H2,2,100,138,39219,53926,39309,54022
edit_write,508e05b37bdb9812e0ddf1f0113538b0d684de7fcc78901175e60121154504cd,H0,0,45,55,23578,25300,23618,25345
edit_write,508e05b37bdb9812e0ddf1f0113538b0d684de7fcc78901175e60121154504cd,H0,1,46,56,24047,36411,24079,36447
edit_write,508e05b37bdb9812e0ddf1f0113538b0d684de7fcc78901175e60121154504cd,H0,2,32,48,23328,28744,23354,28775
edit_write,508e05b37bdb9812e0ddf1f0113538b0d684de7fcc78901175e60121154504cd,H3,0,832,923,38938,52109,39811,52955
edit_write,508e05b37bdb9812e0ddf1f0113538b0d684de7fcc78901175e60121154504cd,H3,1,914,994,38763,51656,39640,52622
edit_write,508e05b37bdb9812e0ddf1f0113538b0d684de7fcc78901175e60121154504cd,H3,2,849,933,39576,51570,40439,52418
edit_write,508e05b37bdb9812e0ddf1f0113538b0d684de7fcc78901175e60121154504cd,H4,0,107,148,36619,55813,36714,55907
edit_write,508e05b37bdb9812e0ddf1f0113538b0d684de7fcc78901175e60121154504cd,H4,1,154,194,36849,39354,37048,39543
edit_write,508e05b37bdb9812e0ddf1f0113538b0d684de7fcc78901175e60121154504cd,H4,2,113,156,36302,50173,36415,50277
edit_write,512a786ff7c82deb2faea2103d96aaec6f1c40ec667fb89e46ea2056a4ec3976,H1,0,44,57,6970,7618,7020,7675
edit_write,512a786ff7c82deb2faea2103d96aaec6f1c40ec667fb89e46ea2056a4ec3976,H1,1,40,54,7120,7595,7159,7634
edit_write,512a786ff7c82deb2faea2103d96aaec6f1c40ec667fb89e46ea2056a4ec3976,H1,2,37,41,7192,7263,7232,7299
edit_write,512a786ff7c82deb2faea2103d96aaec6f1c40ec667fb89e46ea2056a4ec3976,H2,0,59,100,12563,13556,12626,13623
edit_write,512a786ff7c82deb2faea2103d96aaec6f1c40ec667fb89e46ea2056a4ec3976,H2,1,76,142,12289,13664,12357,13779
edit_write,512a786ff7c82deb2faea2103d96aaec6f1c40ec667fb89e46ea2056a4ec3976,H2,2,91,125,12380,12754,12489,12856
edit_write,512a786ff7c82deb2faea2103d96aaec6f1c40ec667fb89e46ea2056a4ec3976,H0,0,41,50,27499,29339,27527,29389
edit_write,512a786ff7c82deb2faea2103d96aaec6f1c40ec667fb89e46ea2056a4ec3976,H0,1,29,38,27383,33403,27417,33430
edit_write,512a786ff7c82deb2faea2103d96aaec6f1c40ec667fb89e46ea2056a4ec3976,H0,2,35,52,27206,28148,27245,28182
edit_write,512a786ff7c82deb2faea2103d96aaec6f1c40ec667fb89e46ea2056a4ec3976,H3,0,1679,1805,8898,9460,10585,11272
edit_write,512a786ff7c82deb2faea2103d96aaec6f1c40ec667fb89e46ea2056a4ec3976,H3,1,1742,1850,9040,9594,10770,15333
edit_write,512a786ff7c82deb2faea2103d96aaec6f1c40ec667fb89e46ea2056a4ec3976,H3,2,1684,1776,8657,8937,10386,10705
edit_write,512a786ff7c82deb2faea2103d96aaec6f1c40ec667fb89e46ea2056a4ec3976,H4,0,260,298,5441,5943,5703,6221
edit_write,512a786ff7c82deb2faea2103d96aaec6f1c40ec667fb89e46ea2056a4ec3976,H4,1,267,331,5167,5619,5478,5943
edit_write,512a786ff7c82deb2faea2103d96aaec6f1c40ec667fb89e46ea2056a4ec3976,H4,2,263,296,5192,5544,5454,5822
edit_write,51cfe4c222a1c2163de7729f438081a13a7daeec2cdfcade67c54c8a61666a7a,H1,0,43,48,15296,16394,15341,16425
edit_write,51cfe4c222a1c2163de7729f438081a13a7daeec2cdfcade67c54c8a61666a7a,H1,1,40,61,15553,16518,15597,16553
edit_write,51cfe4c222a1c2163de7729f438081a13a7daeec2cdfcade67c54c8a61666a7a,H1,2,31,38,15429,20816,15456,20850
edit_write,51cfe4c222a1c2163de7729f438081a13a7daeec2cdfcade67c54c8a61666a7a,H2,0,74,108,5919,6336,6026,6442
edit_write,51cfe4c222a1c2163de7729f438081a13a7daeec2cdfcade67c54c8a61666a7a,H2,1,86,133,6596,7313,6676,7473
edit_write,51cfe4c222a1c2163de7729f438081a13a7daeec2cdfcade67c54c8a61666a7a,H2,2,73,114,5798,6140,5873,6225
edit_write,51cfe4c222a1c2163de7729f438081a13a7daeec2cdfcade67c54c8a61666a7a,H0,0,44,50,11459,34430,11509,34477
edit_write,51cfe4c222a1c2163de7729f438081a13a7daeec2cdfcade67c54c8a61666a7a,H0,1,30,56,11306,23161,11346,23217
edit_write,51cfe4c222a1c2163de7729f438081a13a7daeec2cdfcade67c54c8a61666a7a,H0,2,27,33,11386,11598,11413,11629
edit_write,51cfe4c222a1c2163de7729f438081a13a7daeec2cdfcade67c54c8a61666a7a,H3,0,936,1142,4834,5554,5768,6710
edit_write,51cfe4c222a1c2163de7729f438081a13a7daeec2cdfcade67c54c8a61666a7a,H3,1,953,1077,4987,5417,5914,6487
edit_write,51cfe4c222a1c2163de7729f438081a13a7daeec2cdfcade67c54c8a61666a7a,H3,2,835,1012,4782,5062,5606,6086
edit_write,51cfe4c222a1c2163de7729f438081a13a7daeec2cdfcade67c54c8a61666a7a,H4,0,112,146,3079,3455,3178,3594
edit_write,51cfe4c222a1c2163de7729f438081a13a7daeec2cdfcade67c54c8a61666a7a,H4,1,141,207,3172,3704,3350,3914
edit_write,51cfe4c222a1c2163de7729f438081a13a7daeec2cdfcade67c54c8a61666a7a,H4,2,94,109,2886,3225,2980,3416
edit_write,53672ac14c6d1f8f3477fe2f3066246dffa3c4d4bd6e227bd2118d7d705ababa,H1,0,63,71,13383,14429,13425,14493
edit_write,53672ac14c6d1f8f3477fe2f3066246dffa3c4d4bd6e227bd2118d7d705ababa,H1,1,47,64,14991,16158,15049,16206
edit_write,53672ac14c6d1f8f3477fe2f3066246dffa3c4d4bd6e227bd2118d7d705ababa,H1,2,40,65,13482,14284,13546,14344
edit_write,53672ac14c6d1f8f3477fe2f3066246dffa3c4d4bd6e227bd2118d7d705ababa,H2,0,86,110,22789,24182,22866,24275
edit_write,53672ac14c6d1f8f3477fe2f3066246dffa3c4d4bd6e227bd2118d7d705ababa,H2,1,101,130,23120,24901,23234,25023
edit_write,53672ac14c6d1f8f3477fe2f3066246dffa3c4d4bd6e227bd2118d7d705ababa,H2,2,121,160,22879,35390,22989,35527
edit_write,53672ac14c6d1f8f3477fe2f3066246dffa3c4d4bd6e227bd2118d7d705ababa,H0,0,45,53,56858,71004,56904,71051
edit_write,53672ac14c6d1f8f3477fe2f3066246dffa3c4d4bd6e227bd2118d7d705ababa,H0,1,36,48,56368,74602,56403,74637
edit_write,53672ac14c6d1f8f3477fe2f3066246dffa3c4d4bd6e227bd2118d7d705ababa,H0,2,32,50,54910,66759,54938,66786
edit_write,53672ac14c6d1f8f3477fe2f3066246dffa3c4d4bd6e227bd2118d7d705ababa,H3,0,3523,3783,18512,20121,22096,23904
edit_write,53672ac14c6d1f8f3477fe2f3066246dffa3c4d4bd6e227bd2118d7d705ababa,H3,1,3532,3831,18499,36419,21994,39721
edit_write,53672ac14c6d1f8f3477fe2f3066246dffa3c4d4bd6e227bd2118d7d705ababa,H3,2,3533,3847,18456,30163,21989,33824
edit_write,53672ac14c6d1f8f3477fe2f3066246dffa3c4d4bd6e227bd2118d7d705ababa,H4,0,489,587,13975,15191,14412,15815
edit_write,53672ac14c6d1f8f3477fe2f3066246dffa3c4d4bd6e227bd2118d7d705ababa,H4,1,475,546,14177,25601,14687,26039
edit_write,53672ac14c6d1f8f3477fe2f3066246dffa3c4d4bd6e227bd2118d7d705ababa,H4,2,450,515,14765,15973,15234,16410
edit_write,53d066a1f7ca062e95a52e26ac70cc6fbeaf0f627be1fe7eef7800d9cd50cc25,H1,0,44,49,33837,45695,33880,45739
edit_write,53d066a1f7ca062e95a52e26ac70cc6fbeaf0f627be1fe7eef7800d9cd50cc25,H1,1,46,62,33530,39409,33576,39454
edit_write,53d066a1f7ca062e95a52e26ac70cc6fbeaf0f627be1fe7eef7800d9cd50cc25,H1,2,39,53,33408,34364,33453,34408
edit_write,53d066a1f7ca062e95a52e26ac70cc6fbeaf0f627be1fe7eef7800d9cd50cc25,H2,0,67,90,8952,9914,9029,10002
edit_write,53d066a1f7ca062e95a52e26ac70cc6fbeaf0f627be1fe7eef7800d9cd50cc25,H2,1,70,115,9163,10015,9242,10139
edit_write,53d066a1f7ca062e95a52e26ac70cc6fbeaf0f627be1fe7eef7800d9cd50cc25,H2,2,96,130,8843,9237,8957,9358
edit_write,53d066a1f7ca062e95a52e26ac70cc6fbeaf0f627be1fe7eef7800d9cd50cc25,H0,0,43,50,24182,25749,24227,25796
edit_write,53d066a1f7ca062e95a52e26ac70cc6fbeaf0f627be1fe7eef7800d9cd50cc25,H0,1,37,51,24274,24720,24314,24771
edit_write,53d066a1f7ca062e95a52e26ac70cc6fbeaf0f627be1fe7eef7800d9cd50cc25,H0,2,28,47,23847,24654,23870,24682
edit_write,53d066a1f7ca062e95a52e26ac70cc6fbeaf0f627be1fe7eef7800d9cd50cc25,H3,0,1247,1370,6701,7356,7973,8787
edit_write,53d066a1f7ca062e95a52e26ac70cc6fbeaf0f627be1fe7eef7800d9cd50cc25,H3,1,1302,1366,6964,7246,8251,8597
edit_write,53d066a1f7ca062e95a52e26ac70cc6fbeaf0f627be1fe7eef7800d9cd50cc25,H3,2,1181,1294,6708,6978,7891,8186
edit_write,53d066a1f7ca062e95a52e26ac70cc6fbeaf0f627be1fe7eef7800d9cd50cc25,H4,0,181,227,4081,4505,4259,4717
edit_write,53d066a1f7ca062e95a52e26ac70cc6fbeaf0f627be1fe7eef7800d9cd50cc25,H4,1,196,237,4397,4689,4588,4906
edit_write,53d066a1f7ca062e95a52e26ac70cc6fbeaf0f627be1fe7eef7800d9cd50cc25,H4,2,200,237,4333,4722,4526,4928
edit_write,5613d6b9bcd76a454999eb6b55b2c980c7d80a31899117c92a6d15c54e955851,H1,0,44,48,33523,54854,33567,54898
edit_write,5613d6b9bcd76a454999eb6b55b2c980c7d80a31899117c92a6d15c54e955851,H1,1,50,70,31380,40173,31427,40221
edit_write,5613d6b9bcd76a454999eb6b55b2c980c7d80a31899117c92a6d15c54e955851,H1,2,36,40,32457,44321,32494,44356
edit_write,5613d6b9bcd76a454999eb6b55b2c980c7d80a31899117c92a6d15c54e955851,H2,0,97,110,24567,47723,24674,47827
edit_write,5613d6b9bcd76a454999eb6b55b2c980c7d80a31899117c92a6d15c54e955851,H2,1,115,142,26351,27654,26462,27775
edit_write,5613d6b9bcd76a454999eb6b55b2c980c7d80a31899117c92a6d15c54e955851,H2,2,111,143,25560,26529,25668,26647
edit_write,5613d6b9bcd76a454999eb6b55b2c980c7d80a31899117c92a6d15c54e955851,H0,0,42,49,20010,22237,20058,22268
edit_write,5613d6b9bcd76a454999eb6b55b2c980c7d80a31899117c92a6d15c54e955851,H0,1,33,55,20937,25877,20982,25923
edit_write,5613d6b9bcd76a454999eb6b55b2c980c7d80a31899117c92a6d15c54e955851,H0,2,30,49,20733,22266,20771,22321
edit_write,5613d6b9bcd76a454999eb6b55b2c980c7d80a31899117c92a6d15c54e955851,H3,0,1623,1922,29397,42350,31003,44049
edit_write,5613d6b9bcd76a454999eb6b55b2c980c7d80a31899117c92a6d15c54e955851,H3,1,1583,1694,28608,29604,30275,31198
edit_write,5613d6b9bcd76a454999eb6b55b2c980c7d80a31899117c92a6d15c54e955851,H3,2,1481,1595,28224,29516,29709,31107
edit_write,5613d6b9bcd76a454999eb6b55b2c980c7d80a31899117c92a6d15c54e955851,H4,0,209,259,31258,46563,31485,50744
edit_write,5613d6b9bcd76a454999eb6b55b2c980c7d80a31899117c92a6d15c54e955851,H4,1,259,294,31730,32805,31949,33046
edit_write,5613d6b9bcd76a454999eb6b55b2c980c7d80a31899117c92a6d15c54e955851,H4,2,227,272,31816,45465,32030,45685
edit_write,5615175154648d607de146c144558fe18afed0df81d9416e6466c388928da40e,H1,0,43,50,8778,9528,8820,9571
edit_write,5615175154648d607de146c144558fe18afed0df81d9416e6466c388928da40e,H1,1,45,65,8886,9412,8928,9470
edit_write,5615175154648d607de146c144558fe18afed0df81d9416e6466c388928da40e,H1,2,40,42,8875,9069,8915,9110
edit_write,5615175154648d607de146c144558fe18afed0df81d9416e6466c388928da40e,H2,0,66,114,10297,11014,10355,11106
edit_write,5615175154648d607de146c144558fe18afed0df81d9416e6466c388928da40e,H2,1,118,159,10570,11504,10696,11584
edit_write,5615175154648d607de146c144558fe18afed0df81d9416e6466c388928da40e,H2,2,102,140,9985,10261,10093,10369
edit_write,5615175154648d607de146c144558fe18afed0df81d9416e6466c388928da40e,H0,0,45,56,18229,19306,18271,19358
edit_write,5615175154648d607de146c144558fe18afed0df81d9416e6466c388928da40e,H0,1,47,55,18205,19596,18254,19644
edit_write,5615175154648d607de146c144558fe18afed0df81d9416e6466c388928da40e,H0,2,38,54,17814,17997,17850,18044
edit_write,5615175154648d607de146c144558fe18afed0df81d9416e6466c388928da40e,H3,0,1307,1404,7207,7765,8474,9102
edit_write,5615175154648d607de146c144558fe18afed0df81d9416e6466c388928da40e,H3,1,1336,1462,7242,7750,8586,9200
edit_write,5615175154648d607de146c144558fe18afed0df81d9416e6466c388928da40e,H3,2,1258,1348,7032,7512,8315,8838
edit_write,5615175154648d607de146c144558fe18afed0df81d9416e6466c388928da40e,H4,0,182,236,3774,4086,3955,4297
edit_write,5615175154648d607de146c144558fe18afed0df81d9416e6466c388928da40e,H4,1,237,270,4272,4726,4504,4987
edit_write,5615175154648d607de146c144558fe18afed0df81d9416e6466c388928da40e,H4,2,190,219,3875,4290,4058,4518
edit_write,579341567a9113e064712c8c9fb834b4093e98057c46754a21f674e3d68acfbb,H1,0,45,62,47434,67537,47477,67582
edit_write,579341567a9113e064712c8c9fb834b4093e98057c46754a21f674e3d68acfbb,H1,1,45,68,49503,52156,49547,52202
edit_write,579341567a9113e064712c8c9fb834b4093e98057c46754a21f674e3d68acfbb,H1,2,46,59,48106,55333,48162,55383
edit_write,579341567a9113e064712c8c9fb834b4093e98057c46754a21f674e3d68acfbb,H2,0,86,113,38929,58162,39036,58242
edit_write,579341567a9113e064712c8c9fb834b4093e98057c46754a21f674e3d68acfbb,H2,1,106,137,38270,61477,38362,61592
edit_write,579341567a9113e064712c8c9fb834b4093e98057c46754a21f674e3d68acfbb,H2,2,111,123,38339,55794,38455,55890
edit_write,579341567a9113e064712c8c9fb834b4093e98057c46754a21f674e3d68acfbb,H0,0,45,62,24069,25522,24113,25570
edit_write,579341567a9113e064712c8c9fb834b4093e98057c46754a21f674e3d68acfbb,H0,1,36,51,23808,35120,23846,35157
edit_write,579341567a9113e064712c8c9fb834b4093e98057c46754a21f674e3d68acfbb,H0,2,33,45,23036,41582,23081,41615
edit_write,579341567a9113e064712c8c9fb834b4093e98057c46754a21f674e3d68acfbb,H3,0,2345,2571,37574,56777,39892,59098
edit_write,579341567a9113e064712c8c9fb834b4093e98057c46754a21f674e3d68acfbb,H3,1,2359,2548,37403,46470,39725,48881
edit_write,579341567a9113e064712c8c9fb834b4093e98057c46754a21f674e3d68acfbb,H3,2,2289,2425,38070,50519,40339,52925
edit_write,579341567a9113e064712c8c9fb834b4093e98057c46754a21f674e3d68acfbb,H4,0,339,406,35242,47175,35589,47555
edit_write,579341567a9113e064712c8c9fb834b4093e98057c46754a21f674e3d68acfbb,H4,1,381,413,37178,57996,37580,58392
edit_write,579341567a9113e064712c8c9fb834b4093e98057c46754a21f674e3d68acfbb,H4,2,308,380,35381,37354,35689,37703
edit_write,580c3b870b7d2d7c4a0ebc67cbfc85bb4225b36db7b66d712fd5dd8f4f90df2e,H1,0,43,51,31500,43671,31543,43722
edit_write,580c3b870b7d2d7c4a0ebc67cbfc85bb4225b36db7b66d712fd5dd8f4f90df2e,H1,1,50,75,31770,37023,31835,37070
edit_write,580c3b870b7d2d7c4a0ebc67cbfc85bb4225b36db7b66d712fd5dd8f4f90df2e,H1,2,37,51,31347,40225,31394,40262
edit_write,580c3b870b7d2d7c4a0ebc67cbfc85bb4225b36db7b66d712fd5dd8f4f90df2e,H2,0,75,110,18124,19526,18198,19640
edit_write,580c3b870b7d2d7c4a0ebc67cbfc85bb4225b36db7b66d712fd5dd8f4f90df2e,H2,1,78,115,18316,18888,18399,19005
edit_write,580c3b870b7d2d7c4a0ebc67cbfc85bb4225b36db7b66d712fd5dd8f4f90df2e,H2,2,109,125,17917,18344,18024,18458
edit_write,580c3b870b7d2d7c4a0ebc67cbfc85bb4225b36db7b66d712fd5dd8f4f90df2e,H0,0,41,52,17216,18092,17257,18134
edit_write,580c3b870b7d2d7c4a0ebc67cbfc85bb4225b36db7b66d712fd5dd8f4f90df2e,H0,1,46,55,17729,18257,17762,18294
edit_write,580c3b870b7d2d7c4a0ebc67cbfc85bb4225b36db7b66d712fd5dd8f4f90df2e,H0,2,33,48,17083,17821,17127,17851
edit_write,580c3b870b7d2d7c4a0ebc67cbfc85bb4225b36db7b66d712fd5dd8f4f90df2e,H3,0,1543,1698,15064,26745,16598,28379
edit_write,580c3b870b7d2d7c4a0ebc67cbfc85bb4225b36db7b66d712fd5dd8f4f90df2e,H3,1,1581,1714,15109,15797,16664,17409
edit_write,580c3b870b7d2d7c4a0ebc67cbfc85bb4225b36db7b66d712fd5dd8f4f90df2e,H3,2,1524,1676,14880,15344,16385,17018
edit_write,580c3b870b7d2d7c4a0ebc67cbfc85bb4225b36db7b66d712fd5dd8f4f90df2e,H4,0,239,288,7280,7715,7518,8037
edit_write,580c3b870b7d2d7c4a0ebc67cbfc85bb4225b36db7b66d712fd5dd8f4f90df2e,H4,1,263,306,7255,7646,7501,7952
edit_write,580c3b870b7d2d7c4a0ebc67cbfc85bb4225b36db7b66d712fd5dd8f4f90df2e,H4,2,244,272,7298,7727,7570,7971
edit_write,583f29836fd5fb7090276f9fa7482ee3734b90ae597b87795eaf7804c6fd87f8,H1,0,44,52,46192,57683,46236,57727
edit_write,583f29836fd5fb7090276f9fa7482ee3734b90ae597b87795eaf7804c6fd87f8,H1,1,52,74,46439,47623,46491,47677
edit_write,583f29836fd5fb7090276f9fa7482ee3734b90ae597b87795eaf7804c6fd87f8,H1,2,37,41,46858,49389,46897,49429
edit_write,583f29836fd5fb7090276f9fa7482ee3734b90ae597b87795eaf7804c6fd87f8,H2,0,84,106,38054,40513,38142,40587
edit_write,583f29836fd5fb7090276f9fa7482ee3734b90ae597b87795eaf7804c6fd87f8,H2,1,101,142,41546,51619,41631,51703
edit_write,583f29836fd5fb7090276f9fa7482ee3734b90ae597b87795eaf7804c6fd87f8,H2,2,98,114,37593,38240,37692,38344
edit_write,583f29836fd5fb7090276f9fa7482ee3734b90ae597b87795eaf7804c6fd87f8,H0,0,43,58,23685,25736,23728,25778
edit_write,583f29836fd5fb7090276f9fa7482ee3734b90ae597b87795eaf7804c6fd87f8,H0,1,34,42,23252,30076,23285,30104
edit_write,583f29836fd5fb7090276f9fa7482ee3734b90ae597b87795eaf7804c6fd87f8,H0,2,31,43,23597,24615,23628,24646
edit_write,583f29836fd5fb7090276f9fa7482ee3734b90ae597b87795eaf7804c6fd87f8,H3,0,2594,2793,36963,39090,39557,41852
edit_write,583f29836fd5fb7090276f9fa7482ee3734b90ae597b87795eaf7804c6fd87f8,H3,1,2588,2692,37158,43808,39819,46396
edit_write,583f29836fd5fb7090276f9fa7482ee3734b90ae597b87795eaf7804c6fd87f8,H3,2,2556,2641,38090,38759,40673,41299
edit_write,583f29836fd5fb7090276f9fa7482ee3734b90ae597b87795eaf7804c6fd87f8,H4,0,364,410,34289,36037,34628,36452
edit_write,583f29836fd5fb7090276f9fa7482ee3734b90ae597b87795eaf7804c6fd87f8,H4,1,402,516,34023,49133,34473,49533
edit_write,583f29836fd5fb7090276f9fa7482ee3734b90ae597b87795eaf7804c6fd87f8,H4,2,342,432,34325,35358,34627,35789
edit_write,584b17a2f57def2ab855eced7dce4428fdd9a5da5754943b2c5cd8098dc1cc85,H1,0,44,53,47538,60872,47591,60917
edit_write,584b17a2f57def2ab855eced7dce4428fdd9a5da5754943b2c5cd8098dc1cc85,H1,1,49,68,47537,54073,47577,54117
edit_write,584b17a2f57def2ab855eced7dce4428fdd9a5da5754943b2c5cd8098dc1cc85,H1,2,41,53,48212,60366,48253,60407
edit_write,584b17a2f57def2ab855eced7dce4428fdd9a5da5754943b2c5cd8098dc1cc85,H2,0,82,108,38087,56429,38159,56500
edit_write,584b17a2f57def2ab855eced7dce4428fdd9a5da5754943b2c5cd8098dc1cc85,H2,1,105,132,37994,39064,38119,39235
edit_write,584b17a2f57def2ab855eced7dce4428fdd9a5da5754943b2c5cd8098dc1cc85,H2,2,109,144,38509,40949,38641,41104
edit_write,584b17a2f57def2ab855eced7dce4428fdd9a5da5754943b2c5cd8098dc1cc85,H0,0,43,53,24049,36453,24100,36498
edit_write,584b17a2f57def2ab855eced7dce4428fdd9a5da5754943b2c5cd8098dc1cc85,H0,1,33,39,24157,24721,24191,24751
edit_write,584b17a2f57def2ab855eced7dce4428fdd9a5da5754943b2c5cd8098dc1cc85,H0,2,35,42,23773,25204,23809,25259
edit_write,584b17a2f57def2ab855eced7dce4428fdd9a5da5754943b2c5cd8098dc1cc85,H3,0,1587,1733,38564,50194,40132,51766
edit_write,584b17a2f57def2ab855eced7dce4428fdd9a5da5754943b2c5cd8098dc1cc85,H3,1,1512,1614,37060,37442,38554,38984
edit_write,584b17a2f57def2ab855eced7dce4428fdd9a5da5754943b2c5cd8098dc1cc85,H3,2,1427,1643,38054,52831,39463,54386
edit_write,584b17a2f57def2ab855eced7dce4428fdd9a5da5754943b2c5cd8098dc1cc85,H4,0,352,409,35680,55005,36042,55384
edit_write,584b17a2f57def2ab855eced7dce4428fdd9a5da5754943b2c5cd8098dc1cc85,H4,1,368,420,35653,42954,36026,43329
edit_write,584b17a2f57def2ab855eced7dce4428fdd9a5da5754943b2c5cd8098dc1cc85,H4,2,337,402,34857,47492,35228,47799
edit_write,5a303ac56d50375b6911b4cf1ead530bf2072d690027968ea3c9dac6475f9abb,H1,0,44,63,21302,38855,21346,38900
edit_write,5a303ac56d50375b6911b4cf1ead530bf2072d690027968ea3c9dac6475f9abb,H1,1,52,76,20790,21171,20824,21237
edit_write,5a303ac56d50375b6911b4cf1ead530bf2072d690027968ea3c9dac6475f9abb,H1,2,35,38,21515,28213,21551,28249
edit_write,5a303ac56d50375b6911b4cf1ead530bf2072d690027968ea3c9dac6475f9abb,H2,0,74,109,10947,11749,11025,11836
edit_write,5a303ac56d50375b6911b4cf1ead530bf2072d690027968ea3c9dac6475f9abb,H2,1,65,94,10953,11440,11018,11505
edit_write,5a303ac56d50375b6911b4cf1ead530bf2072d690027968ea3c9dac6475f9abb,H2,2,106,147,10583,11145,10684,11272
edit_write,5a303ac56d50375b6911b4cf1ead530bf2072d690027968ea3c9dac6475f9abb,H0,0,44,51,14699,16264,14743,16308
edit_write,5a303ac56d50375b6911b4cf1ead530bf2072d690027968ea3c9dac6475f9abb,H0,1,32,50,14807,15137,14833,15189
edit_write,5a303ac56d50375b6911b4cf1ead530bf2072d690027968ea3c9dac6475f9abb,H0,2,34,49,15043,16110,15094,16143
edit_write,5a303ac56d50375b6911b4cf1ead530bf2072d690027968ea3c9dac6475f9abb,H3,0,1572,1797,8853,9899,10398,11699
edit_write,5a303ac56d50375b6911b4cf1ead530bf2072d690027968ea3c9dac6475f9abb,H3,1,1632,1753,8563,8953,10149,10671
edit_write,5a303ac56d50375b6911b4cf1ead530bf2072d690027968ea3c9dac6475f9abb,H3,2,1545,1644,8561,8937,10098,10581
edit_write,5a303ac56d50375b6911b4cf1ead530bf2072d690027968ea3c9dac6475f9abb,H4,0,166,237,6869,7527,7059,7764
edit_write,5a303ac56d50375b6911b4cf1ead530bf2072d690027968ea3c9dac6475f9abb,H4,1,206,248,6971,7404,7198,7629
edit_write,5a303ac56d50375b6911b4cf1ead530bf2072d690027968ea3c9dac6475f9abb,H4,2,175,201,6774,6974,6949,7134
edit_write,5b05299e355bbfdf92aa5eae52be885441b47f284a5d3f13334ec1e9c3df0f65,H1,0,44,46,16480,18098,16523,18144
edit_write,5b05299e355bbfdf92aa5eae52be885441b47f284a5d3f13334ec1e9c3df0f65,H1,1,44,54,15937,17281,15972,17336
edit_write,5b05299e355bbfdf92aa5eae52be885441b47f284a5d3f13334ec1e9c3df0f65,H1,2,39,46,15675,16312,15714,16352
edit_write,5b05299e355bbfdf92aa5eae52be885441b47f284a5d3f13334ec1e9c3df0f65,H2,0,55,96,5922,6318,5993,6410
edit_write,5b05299e355bbfdf92aa5eae52be885441b47f284a5d3f13334ec1e9c3df0f65,H2,1,62,78,6208,6828,6272,6901
edit_write,5b05299e355bbfdf92aa5eae52be885441b47f284a5d3f13334ec1e9c3df0f65,H2,2,59,97,5546,6090,5596,6196
edit_write,5b05299e355bbfdf92aa5eae52be885441b47f284a5d3f13334ec1e9c3df0f65,H0,0,43,53,11625,12522,11670,12565
edit_write,5b05299e355bbfdf92aa5eae52be885441b47f284a5d3f13334ec1e9c3df0f65,H0,1,34,48,11751,12551,11783,12588
edit_write,5b05299e355bbfdf92aa5eae52be885441b47f284a5d3f13334ec1e9c3df0f65,H0,2,30,34,11416,11671,11442,11719
edit_write,5b05299e355bbfdf92aa5eae52be885441b47f284a5d3f13334ec1e9c3df0f65,H3,0,367,442,4910,5802,5281,6244
edit_write,5b05299e355bbfdf92aa5eae52be885441b47f284a5d3f13334ec1e9c3df0f65,H3,1,345,391,5133,5518,5505,5903
edit_write,5b05299e355bbfdf92aa5eae52be885441b47f284a5d3f13334ec1e9c3df0f65,H3,2,341,401,4715,5445,5086,5846
edit_write,5b05299e355bbfdf92aa5eae52be885441b47f284a5d3f13334ec1e9c3df0f65,H4,0,105,134,15113,16410,15239,16541
edit_write,5b05299e355bbfdf92aa5eae52be885441b47f284a5d3f13334ec1e9c3df0f65,H4,1,124,154,16125,22313,16242,22445
edit_write,5b05299e355bbfdf92aa5eae52be885441b47f284a5d3f13334ec1e9c3df0f65,H4,2,112,147,15888,21792,15980,21904
edit_write,5bd9543f5c374437ddcedc441aecbbc63ed2f2fbba5ca16ef8289ce56bee7bce,H1,0,45,64,73280,85722,73323,85768
edit_write,5bd9543f5c374437ddcedc441aecbbc63ed2f2fbba5ca16ef8289ce56bee7bce,H1,1,66,78,74375,81867,74420,81929
edit_write,5bd9543f5c374437ddcedc441aecbbc63ed2f2fbba5ca16ef8289ce56bee7bce,H1,2,38,39,74527,80367,74566,80405
edit_write,5bd9543f5c374437ddcedc441aecbbc63ed2f2fbba5ca16ef8289ce56bee7bce,H2,0,127,159,26823,33839,26957,33989
edit_write,5bd9543f5c374437ddcedc441aecbbc63ed2f2fbba5ca16ef8289ce56bee7bce,H2,1,104,125,27493,34292,27591,34400
edit_write,5bd9543f5c374437ddcedc441aecbbc63ed2f2fbba5ca16ef8289ce56bee7bce,H2,2,130,154,27367,27967,27462,28113
edit_write,5bd9543f5c374437ddcedc441aecbbc63ed2f2fbba5ca16ef8289ce56bee7bce,H0,0,45,51,49620,55610,49670,55653
edit_write,5bd9543f5c374437ddcedc441aecbbc63ed2f2fbba5ca16ef8289ce56bee7bce,H0,1,36,40,48519,49873,48552,49912
edit_write,5bd9543f5c374437ddcedc441aecbbc63ed2f2fbba5ca16ef8289ce56bee7bce,H0,2,33,56,52851,54833,52882,54866
edit_write,5bd9543f5c374437ddcedc441aecbbc63ed2f2fbba5ca16ef8289ce56bee7bce,H3,0,2769,3015,23542,25509,26341,28413
edit_write,5bd9543f5c374437ddcedc441aecbbc63ed2f2fbba5ca16ef8289ce56bee7bce,H3,1,2902,3110,23639,25456,26530,28566
edit_write,5bd9543f5c374437ddcedc441aecbbc63ed2f2fbba5ca16ef8289ce56bee7bce,H3,2,2910,3116,24956,25970,27861,28985
edit_write,5bd9543f5c374437ddcedc441aecbbc63ed2f2fbba5ca16ef8289ce56bee7bce,H4,0,556,660,16104,17122,16667,17699
edit_write,5bd9543f5c374437ddcedc441aecbbc63ed2f2fbba5ca16ef8289ce56bee7bce,H4,1,543,617,16534,23714,17082,24358
edit_write,5bd9543f5c374437ddcedc441aecbbc63ed2f2fbba5ca16ef8289ce56bee7bce,H4,2,567,651,16912,28856,17471,29469
edit_write,5cab100a6ab59e3059347bc8dfed9b73cc11c902d163987c90eadd03d93c85ee,H1,0,55,67,21779,23848,21837,23894
edit_write,5cab100a6ab59e3059347bc8dfed9b73cc11c902d163987c90eadd03d93c85ee,H1,1,59,75,21553,33448,21630,33523
edit_write,5cab100a6ab59e3059347bc8dfed9b73cc11c902d163987c90eadd03d93c85ee,H1,2,42,73,21731,23424,21777,23501
edit_write,5cab100a6ab59e3059347bc8dfed9b73cc11c902d163987c90eadd03d93c85ee,H2,0,94,143,18225,19933,18329,20070
edit_write,5cab100a6ab59e3059347bc8dfed9b73cc11c902d163987c90eadd03d93c85ee,H2,1,105,134,18898,20816,19005,20950
edit_write,5cab100a6ab59e3059347bc8dfed9b73cc11c902d163987c90eadd03d93c85ee,H2,2,110,158,18444,19837,18554,19971
edit_write,5cab100a6ab59e3059347bc8dfed9b73cc11c902d163987c90eadd03d93c85ee,H0,0,44,52,54776,71081,54816,71125
edit_write,5cab100a6ab59e3059347bc8dfed9b73cc11c902d163987c90eadd03d93c85ee,H0,1,37,43,55016,73335,55051,73372
edit_write,5cab100a6ab59e3059347bc8dfed9b73cc11c902d163987c90eadd03d93c85ee,H0,2,33,49,54612,72854,54639,72888
edit_write,5cab100a6ab59e3059347bc8dfed9b73cc11c902d163987c90eadd03d93c85ee,H3,0,3084,3506,14324,26235,17379,32259
edit_write,5cab100a6ab59e3059347bc8dfed9b73cc11c902d163987c90eadd03d93c85ee,H3,1,3154,5942,14584,23613,17660,29555
edit_write,5cab100a6ab59e3059347bc8dfed9b73cc11c902d163987c90eadd03d93c85ee,H3,2,2944,3121,14168,18803,17093,21699
edit_write,5cab100a6ab59e3059347bc8dfed9b73cc11c902d163987c90eadd03d93c85ee,H4,0,546,616,10670,11380,11242,12240
edit_write,5cab100a6ab59e3059347bc8dfed9b73cc11c902d163987c90eadd03d93c85ee,H4,1,554,624,10412,11840,10941,12398
edit_write,5cab100a6ab59e3059347bc8dfed9b73cc11c902d163987c90eadd03d93c85ee,H4,2,547,614,10663,11331,11186,11906
edit_write,5f4c7b6d1b416196a0815ca0905075b219979284455f16f9e406985f1ce68558,H1,0,44,54,25809,27112,25852,27157
edit_write,5f4c7b6d1b416196a0815ca0905075b219979284455f16f9e406985f1ce68558,H1,1,52,76,26094,38650,26166,38721
edit_write,5f4c7b6d1b416196a0815ca0905075b219979284455f16f9e406985f1ce68558,H1,2,42,45,26532,34240,26574,34281
edit_write,5f4c7b6d1b416196a0815ca0905075b219979284455f16f9e406985f1ce68558,H2,0,61,108,10266,10849,10338,10929
edit_write,5f4c7b6d1b416196a0815ca0905075b219979284455f16f9e406985f1ce68558,H2,1,81,118,10740,23355,10826,23446
edit_write,5f4c7b6d1b416196a0815ca0905075b219979284455f16f9e406985f1ce68558,H2,2,85,107,10753,11151,10840,11245
edit_write,5f4c7b6d1b416196a0815ca0905075b219979284455f16f9e406985f1ce68558,H0,0,46,68,16268,17474,16330,17524
edit_write,5f4c7b6d1b416196a0815ca0905075b219979284455f16f9e406985f1ce68558,H0,1,35,39,15684,17033,15720,17070
edit_write,5f4c7b6d1b416196a0815ca0905075b219979284455f16f9e406985f1ce68558,H0,2,30,46,15698,16076,15724,16109
edit_write,5f4c7b6d1b416196a0815ca0905075b219979284455f16f9e406985f1ce68558,H3,0,1495,1681,8502,9455,9975,11165
edit_write,5f4c7b6d1b416196a0815ca0905075b219979284455f16f9e406985f1ce68558,H3,1,1563,1745,8458,8985,9985,10687
edit_write,5f4c7b6d1b416196a0815ca0905075b219979284455f16f9e406985f1ce68558,H3,2,1543,1726,8484,8741,10031,10418
edit_write,5f4c7b6d1b416196a0815ca0905075b219979284455f16f9e406985f1ce68558,H4,0,177,246,5790,6464,5950,6713
edit_write,5f4c7b6d1b416196a0815ca0905075b219979284455f16f9e406985f1ce68558,H4,1,225,292,5844,6482,6116,6744
edit_write,5f4c7b6d1b416196a0815ca0905075b219979284455f16f9e406985f1ce68558,H4,2,177,246,5592,6016,5775,6262
edit_write,5f69796091fe680c271f80d3b9a4e33a9b6584cfc99da1ba1b6168dd83e3dc39,H1,0,46,57,31553,44465,31597,44510
edit_write,5f69796091fe680c271f80d3b9a4e33a9b6584cfc99da1ba1b6168dd83e3dc39,H1,1,54,71,31432,33739,31507,33792
edit_write,5f69796091fe680c271f80d3b9a4e33a9b6584cfc99da1ba1b6168dd83e3dc39,H1,2,39,55,31455,32183,31511,32237
edit_write,5f69796091fe680c271f80d3b9a4e33a9b6584cfc99da1ba1b6168dd83e3dc39,H2,0,84,114,24042,36245,24134,36330
edit_write,5f69796091fe680c271f80d3b9a4e33a9b6584cfc99da1ba1b6168dd83e3dc39,H2,1,123,141,23507,29868,23613,29987
edit_write,5f69796091fe680c271f80d3b9a4e33a9b6584cfc99da1ba1b6168dd83e3dc39,H2,2,111,134,23018,31751,23110,31857
edit_write,5f69796091fe680c271f80d3b9a4e33a9b6584cfc99da1ba1b6168dd83e3dc39,H0,0,42,52,17461,35486,17502,35532
edit_write,5f69796091fe680c271f80d3b9a4e33a9b6584cfc99da1ba1b6168dd83e3dc39,H0,1,32,41,17273,29037,17305,29071
edit_write,5f69796091fe680c271f80d3b9a4e33a9b6584cfc99da1ba1b6168dd83e3dc39,H0,2,32,45,17144,17685,17186,17714
edit_write,5f69796091fe680c271f80d3b9a4e33a9b6584cfc99da1ba1b6168dd83e3dc39,H3,0,1410,1550,21117,33321,22519,34635
edit_write,5f69796091fe680c271f80d3b9a4e33a9b6584cfc99da1ba1b6168dd83e3dc39,H3,1,1473,1631,20428,21761,21933,23336
edit_write,5f69796091fe680c271f80d3b9a4e33a9b6584cfc99da1ba1b6168dd83e3dc39,H3,2,1491,1663,20477,21251,21976,22914
edit_write,5f69796091fe680c271f80d3b9a4e33a9b6584cfc99da1ba1b6168dd83e3dc39,H4,0,236,254,29388,49176,29620,49399
edit_write,5f69796091fe680c271f80d3b9a4e33a9b6584cfc99da1ba1b6168dd83e3dc39,H4,1,256,286,29865,31962,30133,32254
edit_write,5f69796091fe680c271f80d3b9a4e33a9b6584cfc99da1ba1b6168dd83e3dc39,H4,2,217,247,30000,31201,30227,31430
edit_write,5f750cd7a1a5f535007c59df30e48040a4a895282a9b39e635a6ea4292f2a763,H1,0,43,50,35471,50469,35514,50514
edit_write,5f750cd7a1a5f535007c59df30e48040a4a895282a9b39e635a6ea4292f2a763,H1,1,45,66,35040,37664,35084,37714
edit_write,5f750cd7a1a5f535007c59df30e48040a4a895282a9b39e635a6ea4292f2a763,H1,2,40,102,35096,64617,35135,64711
edit_write,5f750cd7a1a5f535007c59df30e48040a4a895282a9b39e635a6ea4292f2a763,H2,0,82,121,13682,14682,13756,14761
edit_write,5f750cd7a1a5f535007c59df30e48040a4a895282a9b39e635a6ea4292f2a763,H2,1,87,108,13780,14697,13858,14791
edit_write,5f750cd7a1a5f535007c59df30e48040a4a895282a9b39e635a6ea4292f2a763,H2,2,99,142,13464,14019,13552,14140
edit_write,5f750cd7a1a5f535007c59df30e48040a4a895282a9b39e635a6ea4292f2a763,H0,0,41,50,21038,22865,21076,22908
edit_write,5f750cd7a1a5f535007c59df30e48040a4a895282a9b39e635a6ea4292f2a763,H0,1,33,45,20119,21310,20155,21343
edit_write,5f750cd7a1a5f535007c59df30e48040a4a895282a9b39e635a6ea4292f2a763,H0,2,31,48,20272,21234,20299,21262
edit_write,5f750cd7a1a5f535007c59df30e48040a4a895282a9b39e635a6ea4292f2a763,H3,0,1999,2128,11735,22826,13749,24954
edit_write,5f750cd7a1a5f535007c59df30e48040a4a895282a9b39e635a6ea4292f2a763,H3,1,1989,2181,11758,12618,13729,14763
edit_write,5f750cd7a1a5f535007c59df30e48040a4a895282a9b39e635a6ea4292f2a763,H3,2,1908,2106,11769,12229,13705,14286
edit_write,5f750cd7a1a5f535007c59df30e48040a4a895282a9b39e635a6ea4292f2a763,H4,0,283,314,8004,8624,8279,8930
edit_write,5f750cd7a1a5f535007c59df30e48040a4a895282a9b39e635a6ea4292f2a763,H4,1,272,344,8210,9003,8464,9343
edit_write,5f750cd7a1a5f535007c59df30e48040a4a895282a9b39e635a6ea4292f2a763,H4,2,193,237,8011,8419,8205,8628
edit_write,6031ce0e4f2981f905fa714fda6e2c5dd94d5079949760c4d461d691c0e139d3,H1,0,44,50,9243,10142,9286,10191
edit_write,6031ce0e4f2981f905fa714fda6e2c5dd94d5079949760c4d461d691c0e139d3,H1,1,30,62,10027,10575,10056,10630
edit_write,6031ce0e4f2981f905fa714fda6e2c5dd94d5079949760c4d461d691c0e139d3,H1,2,33,36,9647,26954,9681,26981
edit_write,6031ce0e4f2981f905fa714fda6e2c5dd94d5079949760c4d461d691c0e139d3,H2,0,69,101,13671,14716,13723,14783
edit_write,6031ce0e4f2981f905fa714fda6e2c5dd94d5079949760c4d461d691c0e139d3,H2,1,65,92,14333,15197,14386,15289
edit_write,6031ce0e4f2981f905fa714fda6e2c5dd94d5079949760c4d461d691c0e139d3,H2,2,67,120,13245,14141,13359,14213
edit_write,6031ce0e4f2981f905fa714fda6e2c5dd94d5079949760c4d461d691c0e139d3,H0,0,44,55,9011,9648,9052,9701
edit_write,6031ce0e4f2981f905fa714fda6e2c5dd94d5079949760c4d461d691c0e139d3,H0,1,29,42,9453,10122,9481,10163
edit_write,6031ce0e4f2981f905fa714fda6e2c5dd94d5079949760c4d461d691c0e139d3,H0,2,29,48,8793,9417,8822,9479
edit_write,6031ce0e4f2981f905fa714fda6e2c5dd94d5079949760c4d461d691c0e139d3,H3,0,1569,1805,12721,13713,14319,15412
edit_write,6031ce0e4f2981f905fa714fda6e2c5dd94d5079949760c4d461d691c0e139d3,H3,1,1676,2079,13575,14693,15262,16772
edit_write,6031ce0e4f2981f905fa714fda6e2c5dd94d5079949760c4d461d691c0e139d3,H3,2,1506,1710,12290,13651,13796,15376
edit_write,6031ce0e4f2981f905fa714fda6e2c5dd94d5079949760c4d461d691c0e139d3,H4,0,250,316,10920,11719,11183,12017
edit_write,6031ce0e4f2981f905fa714fda6e2c5dd94d5079949760c4d461d691c0e139d3,H4,1,285,354,10967,11759,11305,12113
edit_write,6031ce0e4f2981f905fa714fda6e2c5dd94d5079949760c4d461d691c0e139d3,H4,2,240,317,10515,11462,10761,11745
edit_write,60aeb4e4f9f6a5895c50ebb36812e1cb68b0767678751a44384c8c069953dce2,H1,0,44,56,33029,35611,33074,35649
edit_write,60aeb4e4f9f6a5895c50ebb36812e1cb68b0767678751a44384c8c069953dce2,H1,1,46,71,33130,35422,33185,35463
edit_write,60aeb4e4f9f6a5895c50ebb36812e1cb68b0767678751a44384c8c069953dce2,H1,2,41,45,33101,45479,33142,45521
edit_write,60aeb4e4f9f6a5895c50ebb36812e1cb68b0767678751a44384c8c069953dce2,H2,0,67,102,11102,12219,11170,12291
edit_write,60aeb4e4f9f6a5895c50ebb36812e1cb68b0767678751a44384c8c069953dce2,H2,1,58,95,11314,12472,11369,12586
edit_write,60aeb4e4f9f6a5895c50ebb36812e1cb68b0767678751a44384c8c069953dce2,H2,2,87,113,10883,11721,10980,11814
edit_write,60aeb4e4f9f6a5895c50ebb36812e1cb68b0767678751a44384c8c069953dce2,H0,0,44,54,24024,26730,24075,26773
edit_write,60aeb4e4f9f6a5895c50ebb36812e1cb68b0767678751a44384c8c069953dce2,H0,1,32,39,24588,26336,24619,26373
edit_write,60aeb4e4f9f6a5895c50ebb36812e1cb68b0767678751a44384c8c069953dce2,H0,2,31,35,23374,24809,23404,24841
edit_write,60aeb4e4f9f6a5895c50ebb36812e1cb68b0767678751a44384c8c069953dce2,H3,0,1098,1255,8823,9552,9909,10716
edit_write,60aeb4e4f9f6a5895c50ebb36812e1cb68b0767678751a44384c8c069953dce2,H3,1,1176,1289,8982,9883,10146,11130
edit_write,60aeb4e4f9f6a5895c50ebb36812e1cb68b0767678751a44384c8c069953dce2,H3,2,1085,1221,8992,9628,10058,10800
edit_write,60aeb4e4f9f6a5895c50ebb36812e1cb68b0767678751a44384c8c069953dce2,H4,0,175,207,5865,6301,6022,6480
edit_write,60aeb4e4f9f6a5895c50ebb36812e1cb68b0767678751a44384c8c069953dce2,H4,1,201,288,5908,6653,6159,6849
edit_write,60aeb4e4f9f6a5895c50ebb36812e1cb68b0767678751a44384c8c069953dce2,H4,2,181,226,5735,6103,5920,6329
edit_write,6220286951831ba11626d7791c773655593684441ab6e2992f7a29610883b455,H1,0,44,54,7143,18498,7188,18552
edit_write,6220286951831ba11626d7791c773655593684441ab6e2992f7a29610883b455,H1,1,43,64,6310,6615,6353,6660
edit_write,6220286951831ba11626d7791c773655593684441ab6e2992f7a29610883b455,H1,2,35,40,6579,7271,6616,7311
edit_write,6220286951831ba11626d7791c773655593684441ab6e2992f7a29610883b455,H2,0,55,111,12574,13592,12659,13661
edit_write,6220286951831ba11626d7791c773655593684441ab6e2992f7a29610883b455,H2,1,79,107,12647,13274,12721,13369
edit_write,6220286951831ba11626d7791c773655593684441ab6e2992f7a29610883b455,H2,2,111,123,11874,12798,11967,12916
edit_write,6220286951831ba11626d7791c773655593684441ab6e2992f7a29610883b455,H0,0,43,47,27747,30407,27771,30450
edit_write,6220286951831ba11626d7791c773655593684441ab6e2992f7a29610883b455,H0,1,31,37,27630,30437,27665,30474
edit_write,6220286951831ba11626d7791c773655593684441ab6e2992f7a29610883b455,H0,2,31,49,27218,32760,27248,32782
edit_write,6220286951831ba11626d7791c773655593684441ab6e2992f7a29610883b455,H3,0,1633,1751,8831,9523,10480,11274
edit_write,6220286951831ba11626d7791c773655593684441ab6e2992f7a29610883b455,H3,1,1612,1760,9019,9757,10640,11524
edit_write,6220286951831ba11626d7791c773655593684441ab6e2992f7a29610883b455,H3,2,1612,1784,8898,9667,10498,11483
edit_write,6220286951831ba11626d7791c773655593684441ab6e2992f7a29610883b455,H4,0,233,279,5469,6225,5689,6567
edit_write,6220286951831ba11626d7791c773655593684441ab6e2992f7a29610883b455,H4,1,270,338,5298,5875,5576,6210
edit_write,6220286951831ba11626d7791c773655593684441ab6e2992f7a29610883b455,H4,2,266,304,5522,6168,5790,6474
edit_write,63c725eb9bad92c078c11773ebc5017c08dba00bef2e38e4ac498ac1d8d9dc39,H1,0,43,53,5109,5425,5152,5466
edit_write,63c725eb9bad92c078c11773ebc5017c08dba00bef2e38e4ac498ac1d8d9dc39,H1,1,67,82,5117,5369,5183,5439
edit_write,63c725eb9bad92c078c11773ebc5017c08dba00bef2e38e4ac498ac1d8d9dc39,H1,2,37,42,5213,5585,5250,5627
edit_write,63c725eb9bad92c078c11773ebc5017c08dba00bef2e38e4ac498ac1d8d9dc39,H2,0,68,112,10170,11010,10267,11119
edit_write,63c725eb9bad92c078c11773ebc5017c08dba00bef2e38e4ac498ac1d8d9dc39,H2,1,59,75,10026,10420,10079,10483
edit_write,63c725eb9bad92c078c11773ebc5017c08dba00bef2e38e4ac498ac1d8d9dc39,H2,2,81,119,9885,15624,9969,15750
edit_write,63c725eb9bad92c078c11773ebc5017c08dba00bef2e38e4ac498ac1d8d9dc39,H0,0,44,63,18393,22506,18437,22567
edit_write,63c725eb9bad92c078c11773ebc5017c08dba00bef2e38e4ac498ac1d8d9dc39,H0,1,48,75,17926,18184,17969,18234
edit_write,63c725eb9bad92c078c11773ebc5017c08dba00bef2e38e4ac498ac1d8d9dc39,H0,2,31,48,18195,29770,18227,29803
edit_write,63c725eb9bad92c078c11773ebc5017c08dba00bef2e38e4ac498ac1d8d9dc39,H3,0,1316,1498,7207,8022,8569,9520
edit_write,63c725eb9bad92c078c11773ebc5017c08dba00bef2e38e4ac498ac1d8d9dc39,H3,1,1322,1403,6930,7451,8236,8854
edit_write,63c725eb9bad92c078c11773ebc5017c08dba00bef2e38e4ac498ac1d8d9dc39,H3,2,1329,1484,7165,7740,8513,9520
edit_write,63c725eb9bad92c078c11773ebc5017c08dba00bef2e38e4ac498ac1d8d9dc39,H4,0,200,233,3890,4354,4092,4587
edit_write,63c725eb9bad92c078c11773ebc5017c08dba00bef2e38e4ac498ac1d8d9dc39,H4,1,259,297,4089,4304,4368,4589
edit_write,63c725eb9bad92c078c11773ebc5017c08dba00bef2e38e4ac498ac1d8d9dc39,H4,2,194,234,3964,4440,4152,4649
edit_write,63cc760f40b73419d55081c3fdbbf86f29a30837ac8726b63b66a821eadbe553,H1,0,44,64,68917,87858,68959,87905
edit_write,63cc760f40b73419d55081c3fdbbf86f29a30837ac8726b63b66a821eadbe553,H1,1,64,73,65783,74708,65848,74773
edit_write,63cc760f40b73419d55081c3fdbbf86f29a30837ac8726b63b66a821eadbe553,H1,2,35,37,66310,71107,66345,71143
edit_write,63cc760f40b73419d55081c3fdbbf86f29a30837ac8726b63b66a821eadbe553,H2,0,91,120,18335,20026,18448,20111
edit_write,63cc760f40b73419d55081c3fdbbf86f29a30837ac8726b63b66a821eadbe553,H2,1,98,134,18641,20256,18731,20416
edit_write,63cc760f40b73419d55081c3fdbbf86f29a30837ac8726b63b66a821eadbe553,H2,2,117,138,18618,19218,18740,19347
edit_write,63cc760f40b73419d55081c3fdbbf86f29a30837ac8726b63b66a821eadbe553,H0,0,45,56,43426,57392,43468,57436
edit_write,63cc760f40b73419d55081c3fdbbf86f29a30837ac8726b63b66a821eadbe553,H0,1,36,59,43497,55954,43527,56018
edit_write,63cc760f40b73419d55081c3fdbbf86f29a30837ac8726b63b66a821eadbe553,H0,2,32,41,43578,53854,43609,53887
edit_write,63cc760f40b73419d55081c3fdbbf86f29a30837ac8726b63b66a821eadbe553,H3,0,2559,2846,15471,16422,18016,19172
edit_write,63cc760f40b73419d55081c3fdbbf86f29a30837ac8726b63b66a821eadbe553,H3,1,2669,2904,15377,27659,18054,30563
edit_write,63cc760f40b73419d55081c3fdbbf86f29a30837ac8726b63b66a821eadbe553,H3,2,2666,3147,15964,17169,18618,20316
edit_write,63cc760f40b73419d55081c3fdbbf86f29a30837ac8726b63b66a821eadbe553,H4,0,360,432,9962,10899,10315,11298
edit_write,63cc760f40b73419d55081c3fdbbf86f29a30837ac8726b63b66a821eadbe553,H4,1,370,442,10223,11191,10609,11635
edit_write,63cc760f40b73419d55081c3fdbbf86f29a30837ac8726b63b66a821eadbe553,H4,2,361,397,10059,10608,10391,11003
edit_write,63e3335fd9f5b6a49b8eb970e6265a8f5190aa187fcc4f1c708fa66363060e61,H1,0,43,49,33437,44785,33479,44834
edit_write,63e3335fd9f5b6a49b8eb970e6265a8f5190aa187fcc4f1c708fa66363060e61,H1,1,49,74,33796,39785,33842,39833
edit_write,63e3335fd9f5b6a49b8eb970e6265a8f5190aa187fcc4f1c708fa66363060e61,H1,2,38,49,33613,34717,33650,34756
edit_write,63e3335fd9f5b6a49b8eb970e6265a8f5190aa187fcc4f1c708fa66363060e61,H2,0,73,108,8224,8968,8318,9076
edit_write,63e3335fd9f5b6a49b8eb970e6265a8f5190aa187fcc4f1c708fa66363060e61,H2,1,63,86,8223,9024,8283,9090
edit_write,63e3335fd9f5b6a49b8eb970e6265a8f5190aa187fcc4f1c708fa66363060e61,H2,2,80,97,7778,8229,7856,8331
edit_write,63e3335fd9f5b6a49b8eb970e6265a8f5190aa187fcc4f1c708fa66363060e61,H0,0,47,59,20497,32428,20542,32473
edit_write,63e3335fd9f5b6a49b8eb970e6265a8f5190aa187fcc4f1c708fa66363060e61,H0,1,32,38,19981,21100,20013,21138
edit_write,63e3335fd9f5b6a49b8eb970e6265a8f5190aa187fcc4f1c708fa66363060e61,H0,2,36,51,21003,24596,21046,24629
edit_write,63e3335fd9f5b6a49b8eb970e6265a8f5190aa187fcc4f1c708fa66363060e61,H3,0,1143,1252,6176,6713,7346,7963
edit_write,63e3335fd9f5b6a49b8eb970e6265a8f5190aa187fcc4f1c708fa66363060e61,H3,1,1212,1332,6305,6984,7499,8325
edit_write,63e3335fd9f5b6a49b8eb970e6265a8f5190aa187fcc4f1c708fa66363060e61,H3,2,1207,1270,6644,7042,7899,8329
edit_write,63e3335fd9f5b6a49b8eb970e6265a8f5190aa187fcc4f1c708fa66363060e61,H4,0,168,196,3769,4091,3939,4286
edit_write,63e3335fd9f5b6a49b8eb970e6265a8f5190aa187fcc4f1c708fa66363060e61,H4,1,201,246,3910,4507,4105,4755
edit_write,63e3335fd9f5b6a49b8eb970e6265a8f5190aa187fcc4f1c708fa66363060e61,H4,2,148,187,3924,4175,4084,4362
edit_write,63f316f5b5c2c922acad61013afb0acff8820824f03a3bf58168f0367b2824a8,H1,0,43,47,11653,12441,11695,12487
edit_write,63f316f5b5c2c922acad61013afb0acff8820824f03a3bf58168f0367b2824a8,H1,1,43,59,11904,12636,11949,12681
edit_write,63f316f5b5c2c922acad61013afb0acff8820824f03a3bf58168f0367b2824a8,H1,2,42,50,11787,12522,11827,12563
edit_write,63f316f5b5c2c922acad61013afb0acff8820824f03a3bf58168f0367b2824a8,H2,0,69,106,11411,12611,11508,12706
edit_write,63f316f5b5c2c922acad61013afb0acff8820824f03a3bf58168f0367b2824a8,H2,1,76,87,11902,12658,11982,12729
edit_write,63f316f5b5c2c922acad61013afb0acff8820824f03a3bf58168f0367b2824a8,H2,2,92,113,11445,22939,11550,23025
edit_write,63f316f5b5c2c922acad61013afb0acff8820824f03a3bf58168f0367b2824a8,H0,0,42,46,28193,29981,28239,30027
edit_write,63f316f5b5c2c922acad61013afb0acff8820824f03a3bf58168f0367b2824a8,H0,1,36,54,27832,40033,27873,40062
edit_write,63f316f5b5c2c922acad61013afb0acff8820824f03a3bf58168f0367b2824a8,H0,2,32,35,27544,29587,27578,29619
edit_write,63f316f5b5c2c922acad61013afb0acff8820824f03a3bf58168f0367b2824a8,H3,0,1498,1593,8015,8574,9475,10229
edit_write,63f316f5b5c2c922acad61013afb0acff8820824f03a3bf58168f0367b2824a8,H3,1,1441,1614,8157,12356,9626,13820
edit_write,63f316f5b5c2c922acad61013afb0acff8820824f03a3bf58168f0367b2824a8,H3,2,1463,1585,8054,8804,9493,10408
edit_write,63f316f5b5c2c922acad61013afb0acff8820824f03a3bf58168f0367b2824a8,H4,0,277,303,4489,4961,4743,5240
edit_write,63f316f5b5c2c922acad61013afb0acff8820824f03a3bf58168f0367b2824a8,H4,1,282,356,4679,5313,4987,5677
edit_write,63f316f5b5c2c922acad61013afb0acff8820824f03a3bf58168f0367b2824a8,H4,2,259,295,4818,5205,5048,5499
edit_write,650b0c26f400fdeb33b4262bed1f728ddec195fd4e9d95572402f84c63635510,H1,0,43,49,64709,86078,64752,86119
edit_write,650b0c26f400fdeb33b4262bed1f728ddec195fd4e9d95572402f84c63635510,H1,1,63,68,63605,84164,63668,84208
edit_write,650b0c26f400fdeb33b4262bed1f728ddec195fd4e9d95572402f84c63635510,H1,2,37,40,64979,85377,65015,85416
edit_write,650b0c26f400fdeb33b4262bed1f728ddec195fd4e9d95572402f84c63635510,H2,0,118,168,35958,48134,36132,48280
edit_write,650b0c26f400fdeb33b4262bed1f728ddec195fd4e9d95572402f84c63635510,H2,1,125,172,33686,38194,33769,38366
edit_write,650b0c26f400fdeb33b4262bed1f728ddec195fd4e9d95572402f84c63635510,H2,2,137,162,33494,39640,33637,39782
edit_write,650b0c26f400fdeb33b4262bed1f728ddec195fd4e9d95572402f84c63635510,H0,0,43,58,44017,57364,44060,57414
edit_write,650b0c26f400fdeb33b4262bed1f728ddec195fd4e9d95572402f84c63635510,H0,1,35,44,43923,57957,43958,57987
edit_write,650b0c26f400fdeb33b4262bed1f728ddec195fd4e9d95572402f84c63635510,H0,2,33,47,42400,42881,42435,42914
edit_write,650b0c26f400fdeb33b4262bed1f728ddec195fd4e9d95572402f84c63635510,H3,0,2425,2566,29848,31903,32265,34461
edit_write,650b0c26f400fdeb33b4262bed1f728ddec195fd4e9d95572402f84c63635510,H3,1,2448,2695,29474,31770,31910,34526
edit_write,650b0c26f400fdeb33b4262bed1f728ddec195fd4e9d95572402f84c63635510,H3,2,2403,2572,29737,30666,32121,33296
edit_write,650b0c26f400fdeb33b4262bed1f728ddec195fd4e9d95572402f84c63635510,H4,0,466,510,72470,95195,72935,95699
edit_write,650b0c26f400fdeb33b4262bed1f728ddec195fd4e9d95572402f84c63635510,H4,1,476,537,72167,92812,72616,93288
edit_write,650b0c26f400fdeb33b4262bed1f728ddec195fd4e9d95572402f84c63635510,H4,2,434,483,77027,81236,77485,81674
edit_write,663bcb3ac40e8c9ff27695874d9dbe6fe49c85ee1f254e43b5a0311ff70f80d7,H1,0,43,46,68900,89666,68942,89710
edit_write,663bcb3ac40e8c9ff27695874d9dbe6fe49c85ee1f254e43b5a0311ff70f80d7,H1,1,64,73,69336,90899,69394,90969
edit_write,663bcb3ac40e8c9ff27695874d9dbe6fe49c85ee1f254e43b5a0311ff70f80d7,H1,2,43,48,69228,80953,69269,81002
edit_write,663bcb3ac40e8c9ff27695874d9dbe6fe49c85ee1f254e43b5a0311ff70f80d7,H2,0,95,123,17484,23603,17573,23693
edit_write,663bcb3ac40e8c9ff27695874d9dbe6fe49c85ee1f254e43b5a0311ff70f80d7,H2,1,109,150,17743,19073,17878,19204
edit_write,663bcb3ac40e8c9ff27695874d9dbe6fe49c85ee1f254e43b5a0311ff70f80d7,H2,2,122,136,17646,28733,17763,28865
edit_write,663bcb3ac40e8c9ff27695874d9dbe6fe49c85ee1f254e43b5a0311ff70f80d7,H0,0,45,52,43397,46722,43440,46773
edit_write,663bcb3ac40e8c9ff27695874d9dbe6fe49c85ee1f254e43b5a0311ff70f80d7,H0,1,37,59,42031,45024,42068,45063
edit_write,663bcb3ac40e8c9ff27695874d9dbe6fe49c85ee1f254e43b5a0311ff70f80d7,H0,2,32,51,42018,48597,42069,48633
edit_write,663bcb3ac40e8c9ff27695874d9dbe6fe49c85ee1f254e43b5a0311ff70f80d7,H3,0,2335,2513,14187,19380,16528,21642
edit_write,663bcb3ac40e8c9ff27695874d9dbe6fe49c85ee1f254e43b5a0311ff70f80d7,H3,1,2406,2614,14204,15422,16523,18081
edit_write,663bcb3ac40e8c9ff27695874d9dbe6fe49c85ee1f254e43b5a0311ff70f80d7,H3,2,2380,2488,14255,15582,16659,18107
edit_write,663bcb3ac40e8c9ff27695874d9dbe6fe49c85ee1f254e43b5a0311ff70f80d7,H4,0,366,423,8415,8945,8794,9345
edit_write,663bcb3ac40e8c9ff27695874d9dbe6fe49c85ee1f254e43b5a0311ff70f80d7,H4,1,398,451,8707,9883,9094,10322
edit_write,663bcb3ac40e8c9ff27695874d9dbe6fe49c85ee1f254e43b5a0311ff70f80d7,H4,2,384,417,8495,9122,8883,9521
edit_write,6718546b0c95f3475e7e8a14a322c83ad7d344fbf454abfced315cf664671f67,H1,0,43,48,14525,15634,14573,15679
edit_write,6718546b0c95f3475e7e8a14a322c83ad7d344fbf454abfced315cf664671f67,H1,1,46,59,15890,16968,15943,17018
edit_write,6718546b0c95f3475e7e8a14a322c83ad7d344fbf454abfced315cf664671f67,H1,2,38,43,16269,17626,16306,17664
edit_write,6718546b0c95f3475e7e8a14a322c83ad7d344fbf454abfced315cf664671f67,H2,0,63,96,16967,18267,17019,18341
edit_write,6718546b0c95f3475e7e8a14a322c83ad7d344fbf454abfced315cf664671f67,H2,1,82,129,16979,35042,17070,35130
edit_write,6718546b0c95f3475e7e8a14a322c83ad7d344fbf454abfced315cf664671f67,H2,2,106,140,16875,17621,16970,17734
edit_write,6718546b0c95f3475e7e8a14a322c83ad7d344fbf454abfced315cf664671f67,H0,0,49,66,31417,33845,31470,33890
edit_write,6718546b0c95f3475e7e8a14a322c83ad7d344fbf454abfced315cf664671f67,H0,1,36,58,31338,35763,31373,35800
edit_write,6718546b0c95f3475e7e8a14a322c83ad7d344fbf454abfced315cf664671f67,H0,2,29,39,31275,31641,31303,31669
edit_write,6718546b0c95f3475e7e8a14a322c83ad7d344fbf454abfced315cf664671f67,H3,0,2154,2377,13272,24291,15344,26440
edit_write,6718546b0c95f3475e7e8a14a322c83ad7d344fbf454abfced315cf664671f67,H3,1,2177,2406,13156,14213,15320,16680
edit_write,6718546b0c95f3475e7e8a14a322c83ad7d344fbf454abfced315cf664671f67,H3,2,2141,2236,13182,13711,15321,15888
edit_write,6718546b0c95f3475e7e8a14a322c83ad7d344fbf454abfced315cf664671f67,H4,0,337,410,7487,12435,7825,12751
edit_write,6718546b0c95f3475e7e8a14a322c83ad7d344fbf454abfced315cf664671f67,H4,1,351,392,7373,8042,7711,8412
edit_write,6718546b0c95f3475e7e8a14a322c83ad7d344fbf454abfced315cf664671f67,H4,2,301,350,7248,7605,7561,7968
edit_write,674d697d1df41dfb1ef4ca1fe595cd958a1bb90326b619801226ef864d013ad7,H1,0,45,57,9839,10399,9881,10451
edit_write,674d697d1df41dfb1ef4ca1fe595cd958a1bb90326b619801226ef864d013ad7,H1,1,29,65,10032,21329,10061,21358
edit_write,674d697d1df41dfb1ef4ca1fe595cd958a1bb90326b619801226ef864d013ad7,H1,2,33,45,9768,10463,9802,10506
edit_write,674d697d1df41dfb1ef4ca1fe595cd958a1bb90326b619801226ef864d013ad7,H2,0,53,100,14248,14785,14297,14848
edit_write,674d697d1df41dfb1ef4ca1fe595cd958a1bb90326b619801226ef864d013ad7,H2,1,53,74,14568,15720,14651,15794
edit_write,674d697d1df41dfb1ef4ca1fe595cd958a1bb90326b619801226ef864d013ad7,H2,2,57,90,14022,15093,14070,15183
edit_write,674d697d1df41dfb1ef4ca1fe595cd958a1bb90326b619801226ef864d013ad7,H0,0,43,52,9077,9279,9119,9327
edit_write,674d697d1df41dfb1ef4ca1fe595cd958a1bb90326b619801226ef864d013ad7,H0,1,29,48,9264,9873,9307,9912
edit_write,674d697d1df41dfb1ef4ca1fe595cd958a1bb90326b619801226ef864d013ad7,H0,2,29,48,9074,9717,9117,9757
edit_write,674d697d1df41dfb1ef4ca1fe595cd958a1bb90326b619801226ef864d013ad7,H3,0,1489,1655,13040,13743,14529,15425
edit_write,674d697d1df41dfb1ef4ca1fe595cd958a1bb90326b619801226ef864d013ad7,H3,1,1523,1649,13174,13803,14693,15441
edit_write,674d697d1df41dfb1ef4ca1fe595cd958a1bb90326b619801226ef864d013ad7,H3,2,1443,1583,12998,14235,14438,15771
edit_write,674d697d1df41dfb1ef4ca1fe595cd958a1bb90326b619801226ef864d013ad7,H4,0,266,364,10974,12159,11282,12523
edit_write,674d697d1df41dfb1ef4ca1fe595cd958a1bb90326b619801226ef864d013ad7,H4,1,279,353,10859,16099,11190,16370
edit_write,674d697d1df41dfb1ef4ca1fe595cd958a1bb90326b619801226ef864d013ad7,H4,2,252,300,10457,22451,10720,22726
edit_write,677d73a2e29705f6d2669fb9e12b5c975cb18f21407bd94f2f269d0b3a9d1566,H1,0,44,48,31690,49484,31733,49526
edit_write,677d73a2e29705f6d2669fb9e12b5c975cb18f21407bd94f2f269d0b3a9d1566,H1,1,47,74,29787,31441,29830,31487
edit_write,677d73a2e29705f6d2669fb9e12b5c975cb18f21407bd94f2f269d0b3a9d1566,H1,2,34,42,31011,33633,31045,33675
edit_write,677d73a2e29705f6d2669fb9e12b5c975cb18f21407bd94f2f269d0b3a9d1566,H2,0,71,110,12116,13116,12185,13200
edit_write,677d73a2e29705f6d2669fb9e12b5c975cb18f21407bd94f2f269d0b3a9d1566,H2,1,77,106,12601,25198,12661,25278
edit_write,677d73a2e29705f6d2669fb9e12b5c975cb18f21407bd94f2f269d0b3a9d1566,H2,2,108,130,12669,14300,12762,14429
edit_write,677d73a2e29705f6d2669fb9e12b5c975cb18f21407bd94f2f269d0b3a9d1566,H0,0,43,54,18746,30762,18790,30804
edit_write,677d73a2e29705f6d2669fb9e12b5c975cb18f21407bd94f2f269d0b3a9d1566,H0,1,37,41,17108,22707,17143,22744
edit_write,677d73a2e29705f6d2669fb9e12b5c975cb18f21407bd94f2f269d0b3a9d1566,H0,2,38,49,17078,18682,17122,18716
edit_write,677d73a2e29705f6d2669fb9e12b5c975cb18f21407bd94f2f269d0b3a9d1566,H3,0,1754,2009,9604,20367,11337,22193
edit_write,677d73a2e29705f6d2669fb9e12b5c975cb18f21407bd94f2f269d0b3a9d1566,H3,1,1793,1943,9618,10691,11404,12734
edit_write,677d73a2e29705f6d2669fb9e12b5c975cb18f21407bd94f2f269d0b3a9d1566,H3,2,1702,1816,9325,9769,10969,11546
edit_write,677d73a2e29705f6d2669fb9e12b5c975cb18f21407bd94f2f269d0b3a9d1566,H4,0,232,276,5519,6261,5763,6529
edit_write,677d73a2e29705f6d2669fb9e12b5c975cb18f21407bd94f2f269d0b3a9d1566,H4,1,254,320,5606,6040,5873,6291
edit_write,677d73a2e29705f6d2669fb9e12b5c975cb18f21407bd94f2f269d0b3a9d1566,H4,2,218,289,5486,6134,5707,6447
edit_write,67de44c0d548c0402393e34e2201b364f9558d0f696fd1b14d559361b9434153,H1,0,43,49,9586,21356,9628,21400
edit_write,67de44c0d548c0402393e34e2201b364f9558d0f696fd1b14d559361b9434153,H1,1,35,63,9553,9858,9595,9907
edit_write,67de44c0d548c0402393e34e2201b364f9558d0f696fd1b14d559361b9434153,H1,2,32,41,9783,9990,9808,10027
edit_write,67de44c0d548c0402393e34e2201b364f9558d0f696fd1b14d559361b9434153,H2,0,54,81,14678,15787,14732,15868
edit_write,67de44c0d548c0402393e34e2201b364f9558d0f696fd1b14d559361b9434153,H2,1,59,73,14042,14921,14105,14988
edit_write,67de44c0d548c0402393e34e2201b364f9558d0f696fd1b14d559361b9434153,H2,2,60,102,15113,22092,15178,22194
edit_write,67de44c0d548c0402393e34e2201b364f9558d0f696fd1b14d559361b9434153,H0,0,42,47,9132,20722,9172,20764
edit_write,67de44c0d548c0402393e34e2201b364f9558d0f696fd1b14d559361b9434153,H0,1,28,36,8977,9086,9006,9122
edit_write,67de44c0d548c0402393e34e2201b364f9558d0f696fd1b14d559361b9434153,H0,2,30,51,9053,9202,9089,9234
edit_write,67de44c0d548c0402393e34e2201b364f9558d0f696fd1b14d559361b9434153,H3,0,1492,1629,12989,13835,14452,15464
edit_write,67de44c0d548c0402393e34e2201b364f9558d0f696fd1b14d559361b9434153,H3,1,1495,1560,13374,13999,14875,15628
edit_write,67de44c0d548c0402393e34e2201b364f9558d0f696fd1b14d559361b9434153,H3,2,1409,1543,13033,13879,14422,15377
edit_write,67de44c0d548c0402393e34e2201b364f9558d0f696fd1b14d559361b9434153,H4,0,255,331,10798,12251,11085,12631
edit_write,67de44c0d548c0402393e34e2201b364f9558d0f696fd1b14d559361b9434153,H4,1,278,343,11031,11495,11329,11834
edit_write,67de44c0d548c0402393e34e2201b364f9558d0f696fd1b14d559361b9434153,H4,2,252,333,10847,12280,11146,12611
edit_write,688e238ccf4e0741c348b3597c68ee223c8bf8f4eb0ddc59a3f3a519960e63b5,H1,0,44,51,72565,86327,72610,86372
edit_write,688e238ccf4e0741c348b3597c68ee223c8bf8f4eb0ddc59a3f3a519960e63b5,H1,1,63,70,72679,95087,72746,95147
edit_write,688e238ccf4e0741c348b3597c68ee223c8bf8f4eb0ddc59a3f3a519960e63b5,H1,2,41,51,71185,75764,71225,75807
edit_write,688e238ccf4e0741c348b3597c68ee223c8bf8f4eb0ddc59a3f3a519960e63b5,H2,0,114,151,82794,101222,82917,101377
edit_write,688e238ccf4e0741c348b3597c68ee223c8bf8f4eb0ddc59a3f3a519960e63b5,H2,1,122,149,85175,105156,85298,105259
edit_write,688e238ccf4e0741c348b3597c68ee223c8bf8f4eb0ddc59a3f3a519960e63b5,H2,2,132,150,84824,103594,84966,103730
edit_write,688e238ccf4e0741c348b3597c68ee223c8bf8f4eb0ddc59a3f3a519960e63b5,H0,0,45,55,48213,67231,48257,67276
edit_write,688e238ccf4e0741c348b3597c68ee223c8bf8f4eb0ddc59a3f3a519960e63b5,H0,1,36,54,48878,67758,48914,67797
edit_write,688e238ccf4e0741c348b3597c68ee223c8bf8f4eb0ddc59a3f3a519960e63b5,H0,2,32,39,47963,53385,47992,53417
edit_write,688e238ccf4e0741c348b3597c68ee223c8bf8f4eb0ddc59a3f3a519960e63b5,H3,0,3457,3758,19763,25454,23201,28849
edit_write,688e238ccf4e0741c348b3597c68ee223c8bf8f4eb0ddc59a3f3a519960e63b5,H3,1,3579,3985,19926,26063,23447,34672
edit_write,688e238ccf4e0741c348b3597c68ee223c8bf8f4eb0ddc59a3f3a519960e63b5,H3,2,3516,3675,20450,21835,24003,25391
edit_write,688e238ccf4e0741c348b3597c68ee223c8bf8f4eb0ddc59a3f3a519960e63b5,H4,0,700,779,14346,20139,15058,20835
edit_write,688e238ccf4e0741c348b3597c68ee223c8bf8f4eb0ddc59a3f3a519960e63b5,H4,1,668,758,14137,15492,14812,16175
edit_write,688e238ccf4e0741c348b3597c68ee223c8bf8f4eb0ddc59a3f3a519960e63b5,H4,2,686,754,14293,15721,15027,16403
edit_write,68bb037136682dacb6150f6f88cafad3830d225456abc460e02c15ef8bba9fd8,H1,0,44,50,34559,37502,34601,37546
edit_write,68bb037136682dacb6150f6f88cafad3830d225456abc460e02c15ef8bba9fd8,H1,1,97,126,65076,74246,65191,74348
edit_write,68bb037136682dacb6150f6f88cafad3830d225456abc460e02c15ef8bba9fd8,H1,2,35,40,34540,55125,34579,55162
edit_write,68bb037136682dacb6150f6f88cafad3830d225456abc460e02c15ef8bba9fd8,H2,0,77,99,8324,8985,8414,9071
edit_write,68bb037136682dacb6150f6f88cafad3830d225456abc460e02c15ef8bba9fd8,H2,1,168,198,15577,16257,15721,16443
edit_write,68bb037136682dacb6150f6f88cafad3830d225456abc460e02c15ef8bba9fd8,H2,2,81,135,8452,9283,8535,9376
edit_write,68bb037136682dacb6150f6f88cafad3830d225456abc460e02c15ef8bba9fd8,H0,0,44,54,20141,21794,20181,21842
edit_write,68bb037136682dacb6150f6f88cafad3830d225456abc460e02c15ef8bba9fd8,H0,1,46,51,20957,22723,21003,22758
edit_write,68bb037136682dacb6150f6f88cafad3830d225456abc460e02c15ef8bba9fd8,H0,2,31,34,20375,21730,20408,21758
edit_write,68bb037136682dacb6150f6f88cafad3830d225456abc460e02c15ef8bba9fd8,H3,0,991,1080,6661,7226,7648,8288
edit_write,68bb037136682dacb6150f6f88cafad3830d225456abc460e02c15ef8bba9fd8,H3,1,1596,1783,11144,11868,12740,13657
edit_write,68bb037136682dacb6150f6f88cafad3830d225456abc460e02c15ef8bba9fd8,H3,2,883,1000,6385,7180,7300,8144
edit_write,68bb037136682dacb6150f6f88cafad3830d225456abc460e02c15ef8bba9fd8,H4,0,136,170,4366,4840,4500,4989
edit_write,68bb037136682dacb6150f6f88cafad3830d225456abc460e02c15ef8bba9fd8,H4,1,179,216,4690,5199,4895,5406
edit_write,68bb037136682dacb6150f6f88cafad3830d225456abc460e02c15ef8bba9fd8,H4,2,146,199,4348,4960,4533,5139
edit_write,68d42e6d61df20bd2312aed24d24c372ab96bddbb76bd3fa56b54fef820b72c3,H1,0,44,48,70369,86859,70412,86905
edit_write,68d42e6d61df20bd2312aed24d24c372ab96bddbb76bd3fa56b54fef820b72c3,H1,1,69,77,70288,91407,70358,91472
edit_write,68d42e6d61df20bd2312aed24d24c372ab96bddbb76bd3fa56b54fef820b72c3,H1,2,39,67,71064,77492,71103,77525
edit_write,68d42e6d61df20bd2312aed24d24c372ab96bddbb76bd3fa56b54fef820b72c3,H2,0,108,145,20140,39159,20271,39297
edit_write,68d42e6d61df20bd2312aed24d24c372ab96bddbb76bd3fa56b54fef820b72c3,H2,1,107,133,20156,25993,20256,26100
edit_write,68d42e6d61df20bd2312aed24d24c372ab96bddbb76bd3fa56b54fef820b72c3,H2,2,135,150,19688,20144,19800,20287
edit_write,68d42e6d61df20bd2312aed24d24c372ab96bddbb76bd3fa56b54fef820b72c3,H0,0,44,56,48502,67432,48542,67488
edit_write,68d42e6d61df20bd2312aed24d24c372ab96bddbb76bd3fa56b54fef820b72c3,H0,1,36,41,47888,61350,47924,61388
edit_write,68d42e6d61df20bd2312aed24d24c372ab96bddbb76bd3fa56b54fef820b72c3,H0,2,34,40,47749,53174,47782,53208
edit_write,68d42e6d61df20bd2312aed24d24c372ab96bddbb76bd3fa56b54fef820b72c3,H3,0,2648,2997,17325,18451,19988,21301
edit_write,68d42e6d61df20bd2312aed24d24c372ab96bddbb76bd3fa56b54fef820b72c3,H3,1,2720,2972,16850,17805,19540,20764
edit_write,68d42e6d61df20bd2312aed24d24c372ab96bddbb76bd3fa56b54fef820b72c3,H3,2,2641,2770,16789,17359,19397,20053
edit_write,68d42e6d61df20bd2312aed24d24c372ab96bddbb76bd3fa56b54fef820b72c3,H4,0,397,451,10325,11434,10715,11876
edit_write,68d42e6d61df20bd2312aed24d24c372ab96bddbb76bd3fa56b54fef820b72c3,H4,1,431,478,10374,11437,10794,11912
edit_write,68d42e6d61df20bd2312aed24d24c372ab96bddbb76bd3fa56b54fef820b72c3,H4,2,415,462,10126,10556,10583,10998
edit_write,69336ca0612fddc2954bca409e1b2639d32d623bbc152e0bfd7e6d7194cef664,H1,0,44,50,68625,80508,68666,80553
edit_write,69336ca0612fddc2954bca409e1b2639d32d623bbc152e0bfd7e6d7194cef664,H1,1,43,63,71818,79030,71874,79086
edit_write,69336ca0612fddc2954bca409e1b2639d32d623bbc152e0bfd7e6d7194cef664,H1,2,37,44,69015,76540,69051,76576
edit_write,69336ca0612fddc2954bca409e1b2639d32d623bbc152e0bfd7e6d7194cef664,H2,0,93,123,17253,18285,17357,18401
edit_write,69336ca0612fddc2954bca409e1b2639d32d623bbc152e0bfd7e6d7194cef664,H2,1,91,136,17303,18288,17420,18372
edit_write,69336ca0612fddc2954bca409e1b2639d32d623bbc152e0bfd7e6d7194cef664,H2,2,112,135,17122,18198,17238,18311
edit_write,69336ca0612fddc2954bca409e1b2639d32d623bbc152e0bfd7e6d7194cef664,H0,0,43,54,41947,55479,41991,55526
edit_write,69336ca0612fddc2954bca409e1b2639d32d623bbc152e0bfd7e6d7194cef664,H0,1,34,39,47075,47514,47112,47547
edit_write,69336ca0612fddc2954bca409e1b2639d32d623bbc152e0bfd7e6d7194cef664,H0,2,31,35,46784,47315,46818,47348
edit_write,69336ca0612fddc2954bca409e1b2639d32d623bbc152e0bfd7e6d7194cef664,H3,0,2700,2833,13581,14549,16235,17389
edit_write,69336ca0612fddc2954bca409e1b2639d32d623bbc152e0bfd7e6d7194cef664,H3,1,2744,2863,13733,20162,16501,22933
edit_write,69336ca0612fddc2954bca409e1b2639d32d623bbc152e0bfd7e6d7194cef664,H3,2,2770,3005,14347,15296,17070,18270
edit_write,69336ca0612fddc2954bca409e1b2639d32d623bbc152e0bfd7e6d7194cef664,H4,0,404,452,9048,9955,9428,10377
edit_write,69336ca0612fddc2954bca409e1b2639d32d623bbc152e0bfd7e6d7194cef664,H4,1,401,443,9399,9787,9793,10216
edit_write,69336ca0612fddc2954bca409e1b2639d32d623bbc152e0bfd7e6d7194cef664,H4,2,392,432,9078,9468,9485,9878
edit_write,695f65783b7991135a185c8f0db220b4c6d38f2254f12830caeb5b2ffd96d143,H1,0,44,50,30015,32259,30061,32304
edit_write,695f65783b7991135a185c8f0db220b4c6d38f2254f12830caeb5b2ffd96d143,H1,1,74,92,29952,41572,30009,41656
edit_write,695f65783b7991135a185c8f0db220b4c6d38f2254f12830caeb5b2ffd96d143,H1,2,40,50,30479,30750,30500,30797
edit_write,695f65783b7991135a185c8f0db220b4c6d38f2254f12830caeb5b2ffd96d143,H2,0,66,90,38344,51381,38422,51450
edit_write,695f65783b7991135a185c8f0db220b4c6d38f2254f12830caeb5b2ffd96d143,H2,1,97,144,39179,41839,39271,41983
edit_write,695f65783b7991135a185c8f0db220b4c6d38f2254f12830caeb5b2ffd96d143,H2,2,109,156,37612,45167,37727,49199
edit_write,695f65783b7991135a185c8f0db220b4c6d38f2254f12830caeb5b2ffd96d143,H0,0,45,56,24707,27001,24752,27057
edit_write,695f65783b7991135a185c8f0db220b4c6d38f2254f12830caeb5b2ffd96d143,H0,1,57,75,24643,29769,24703,29817
edit_write,695f65783b7991135a185c8f0db220b4c6d38f2254f12830caeb5b2ffd96d143,H0,2,33,46,24216,24914,24245,24946
edit_write,695f65783b7991135a185c8f0db220b4c6d38f2254f12830caeb5b2ffd96d143,H3,0,3403,3650,37246,49753,40616,53403
edit_write,695f65783b7991135a185c8f0db220b4c6d38f2254f12830caeb5b2ffd96d143,H3,1,3384,3548,37412,56296,40764,59591
edit_write,695f65783b7991135a185c8f0db220b4c6d38f2254f12830caeb5b2ffd96d143,H3,2,3375,3555,37084,44270,40378,47575
edit_write,695f65783b7991135a185c8f0db220b4c6d38f2254f12830caeb5b2ffd96d143,H4,0,397,440,33741,35677,34124,36113
edit_write,695f65783b7991135a185c8f0db220b4c6d38f2254f12830caeb5b2ffd96d143,H4,1,504,561,33884,46678,34400,47207
edit_write,695f65783b7991135a185c8f0db220b4c6d38f2254f12830caeb5b2ffd96d143,H4,2,401,494,32554,33488,32977,33810
edit_write,6af7d29f7b5a1372d5a2a374f82bf29f17c5ad8111ce15db9547361713105ab4,H1,0,57,81,25986,27861,26050,27918
edit_write,6af7d29f7b5a1372d5a2a374f82bf29f17c5ad8111ce15db9547361713105ab4,H1,1,62,70,26132,26504,26203,26570
edit_write,6af7d29f7b5a1372d5a2a374f82bf29f17c5ad8111ce15db9547361713105ab4,H1,2,47,76,27325,33465,27394,33511
edit_write,6af7d29f7b5a1372d5a2a374f82bf29f17c5ad8111ce15db9547361713105ab4,H2,0,86,162,18529,20013,18601,20133
edit_write,6af7d29f7b5a1372d5a2a374f82bf29f17c5ad8111ce15db9547361713105ab4,H2,1,108,133,18716,20260,18812,20391
edit_write,6af7d29f7b5a1372d5a2a374f82bf29f17c5ad8111ce15db9547361713105ab4,H2,2,114,148,18682,19206,18778,19307
edit_write,6af7d29f7b5a1372d5a2a374f82bf29f17c5ad8111ce15db9547361713105ab4,H0,0,42,51,55212,67846,55259,67892
edit_write,6af7d29f7b5a1372d5a2a374f82bf29f17c5ad8111ce15db9547361713105ab4,H0,1,38,55,54141,61080,54170,61118
edit_write,6af7d29f7b5a1372d5a2a374f82bf29f17c5ad8111ce15db9547361713105ab4,H0,2,32,35,54236,61326,54269,61359
edit_write,6af7d29f7b5a1372d5a2a374f82bf29f17c5ad8111ce15db9547361713105ab4,H3,0,3167,3398,14540,15774,17624,28584
edit_write,6af7d29f7b5a1372d5a2a374f82bf29f17c5ad8111ce15db9547361713105ab4,H3,1,3069,3176,14495,15198,17567,18348
edit_write,6af7d29f7b5a1372d5a2a374f82bf29f17c5ad8111ce15db9547361713105ab4,H3,2,3228,3338,14716,15160,17920,18350
edit_write,6af7d29f7b5a1372d5a2a374f82bf29f17c5ad8111ce15db9547361713105ab4,H4,0,483,561,11081,12137,11572,12639
edit_write,6af7d29f7b5a1372d5a2a374f82bf29f17c5ad8111ce15db9547361713105ab4,H4,1,528,609,11042,11547,11531,12081
edit_write,6af7d29f7b5a1372d5a2a374f82bf29f17c5ad8111ce15db9547361713105ab4,H4,2,488,579,11798,12600,12259,13226
edit_write,6b2427d04942f1ac12e37f2882960eb6e759aab67f60394af6882d3349db0370,H1,0,44,66,40610,43018,40657,43084
edit_write,6b2427d04942f1ac12e37f2882960eb6e759aab67f60394af6882d3349db0370,H1,1,44,49,40856,54159,40900,54205
edit_write,6b2427d04942f1ac12e37f2882960eb6e759aab67f60394af6882d3349db0370,H1,2,34,51,40595,47570,40639,47602
edit_write,6b2427d04942f1ac12e37f2882960eb6e759aab67f60394af6882d3349db0370,H2,0,58,94,12512,13709,12601,13807
edit_write,6b2427d04942f1ac12e37f2882960eb6e759aab67f60394af6882d3349db0370,H2,1,75,83,12898,13706,12969,13785
edit_write,6b2427d04942f1ac12e37f2882960eb6e759aab67f60394af6882d3349db0370,H2,2,84,115,12837,13252,12913,13363
edit_write,6b2427d04942f1ac12e37f2882960eb6e759aab67f60394af6882d3349db0370,H0,0,41,49,27505,29400,27534,29441
edit_write,6b2427d04942f1ac12e37f2882960eb6e759aab67f60394af6882d3349db0370,H0,1,30,37,26969,28706,26996,28739
edit_write,6b2427d04942f1ac12e37f2882960eb6e759aab67f60394af6882d3349db0370,H0,2,31,47,26878,27481,26913,27528
edit_write,6b2427d04942f1ac12e37f2882960eb6e759aab67f60394af6882d3349db0370,H3,0,1561,1744,9580,14575,11188,22146
edit_write,6b2427d04942f1ac12e37f2882960eb6e759aab67f60394af6882d3349db0370,H3,1,1509,1649,9478,10223,10973,11824
edit_write,6b2427d04942f1ac12e37f2882960eb6e759aab67f60394af6882d3349db0370,H3,2,1436,1525,9140,9525,10579,11062
edit_write,6b2427d04942f1ac12e37f2882960eb6e759aab67f60394af6882d3349db0370,H4,0,240,288,5777,6271,6025,6540
edit_write,6b2427d04942f1ac12e37f2882960eb6e759aab67f60394af6882d3349db0370,H4,1,279,349,5479,6000,5793,6306
edit_write,6b2427d04942f1ac12e37f2882960eb6e759aab67f60394af6882d3349db0370,H4,2,254,275,5444,5823,5692,6074
edit_write,6baab4b7c3e61ea7ef90050dc0479f839bc9179c49e3a25f91709a31685d07f3,H1,0,44,64,32213,34675,32256,34722
edit_write,6baab4b7c3e61ea7ef90050dc0479f839bc9179c49e3a25f91709a31685d07f3,H1,1,47,77,30255,50038,30308,50084
edit_write,6baab4b7c3e61ea7ef90050dc0479f839bc9179c49e3a25f91709a31685d07f3,H1,2,41,48,31462,49044,31504,49084
edit_write,6baab4b7c3e61ea7ef90050dc0479f839bc9179c49e3a25f91709a31685d07f3,H2,0,76,108,13750,14641,13837,14729
edit_write,6baab4b7c3e61ea7ef90050dc0479f839bc9179c49e3a25f91709a31685d07f3,H2,1,106,132,14277,15265,14387,15379
edit_write,6baab4b7c3e61ea7ef90050dc0479f839bc9179c49e3a25f91709a31685d07f3,H2,2,90,106,13902,15473,13994,15553
edit_write,6baab4b7c3e61ea7ef90050dc0479f839bc9179c49e3a25f91709a31685d07f3,H0,0,45,51,18062,19028,18106,19074
edit_write,6baab4b7c3e61ea7ef90050dc0479f839bc9179c49e3a25f91709a31685d07f3,H0,1,36,47,17944,19636,17977,19675
edit_write,6baab4b7c3e61ea7ef90050dc0479f839bc9179c49e3a25f91709a31685d07f3,H0,2,28,36,17940,29406,17971,29434
edit_write,6baab4b7c3e61ea7ef90050dc0479f839bc9179c49e3a25f91709a31685d07f3,H3,0,1765,2003,10986,12030,12790,14048
edit_write,6baab4b7c3e61ea7ef90050dc0479f839bc9179c49e3a25f91709a31685d07f3,H3,1,1944,2192,11393,12835,13284,15027
edit_write,6baab4b7c3e61ea7ef90050dc0479f839bc9179c49e3a25f91709a31685d07f3,H3,2,1804,1989,10779,11772,12586,17870
edit_write,6baab4b7c3e61ea7ef90050dc0479f839bc9179c49e3a25f91709a31685d07f3,H4,0,234,272,5817,6173,6066,6445
edit_write,6baab4b7c3e61ea7ef90050dc0479f839bc9179c49e3a25f91709a31685d07f3,H4,1,275,320,5903,6377,6183,6643
edit_write,6baab4b7c3e61ea7ef90050dc0479f839bc9179c49e3a25f91709a31685d07f3,H4,2,263,356,5851,6742,6115,7098
edit_write,6c07587238f12dac426cf3b771cfff094be79773c3848c36ebcbde4e9f767826,H1,0,47,77,26068,27996,26134,28043
edit_write,6c07587238f12dac426cf3b771cfff094be79773c3848c36ebcbde4e9f767826,H1,1,40,54,25126,30566,25167,30606
edit_write,6c07587238f12dac426cf3b771cfff094be79773c3848c36ebcbde4e9f767826,H1,2,41,45,26651,28556,26692,28599
edit_write,6c07587238f12dac426cf3b771cfff094be79773c3848c36ebcbde4e9f767826,H2,0,79,104,9866,10600,9937,10699
edit_write,6c07587238f12dac426cf3b771cfff094be79773c3848c36ebcbde4e9f767826,H2,1,66,108,9933,10941,10025,11062
edit_write,6c07587238f12dac426cf3b771cfff094be79773c3848c36ebcbde4e9f767826,H2,2,71,130,9784,10460,9892,10529
edit_write,6c07587238f12dac426cf3b771cfff094be79773c3848c36ebcbde4e9f767826,H0,0,43,56,16158,17350,16199,17399
edit_write,6c07587238f12dac426cf3b771cfff094be79773c3848c36ebcbde4e9f767826,H0,1,30,40,15677,21874,15702,21903
edit_write,6c07587238f12dac426cf3b771cfff094be79773c3848c36ebcbde4e9f767826,H0,2,30,34,15770,27897,15799,27923
edit_write,6c07587238f12dac426cf3b771cfff094be79773c3848c36ebcbde4e9f767826,H3,0,1312,1529,7870,9056,9113,10489
edit_write,6c07587238f12dac426cf3b771cfff094be79773c3848c36ebcbde4e9f767826,H3,1,1372,1482,8065,8705,9406,10175
edit_write,6c07587238f12dac426cf3b771cfff094be79773c3848c36ebcbde4e9f767826,H3,2,1293,1442,8178,8805,9456,10193
edit_write,6c07587238f12dac426cf3b771cfff094be79773c3848c36ebcbde4e9f767826,H4,0,178,207,5177,5939,5328,6146
edit_write,6c07587238f12dac426cf3b771cfff094be79773c3848c36ebcbde4e9f767826,H4,1,195,258,5112,5704,5330,5962
edit_write,6c07587238f12dac426cf3b771cfff094be79773c3848c36ebcbde4e9f767826,H4,2,179,197,5302,5849,5477,6046
edit_write,6c9483ebe49d32f630559fc1c98bd89d17981a86c86a41fe91e70e26cfeb7104,H1,0,42,50,4980,6066,5025,6111
edit_write,6c9483ebe49d32f630559fc1c98bd89d17981a86c86a41fe91e70e26cfeb7104,H1,1,40,50,5034,6232,5075,6272
edit_write,6c9483ebe49d32f630559fc1c98bd89d17981a86c86a41fe91e70e26cfeb7104,H1,2,32,35,4947,5592,4980,5627
edit_write,6c9483ebe49d32f630559fc1c98bd89d17981a86c86a41fe91e70e26cfeb7104,H2,0,74,108,6294,6877,6386,6988
edit_write,6c9483ebe49d32f630559fc1c98bd89d17981a86c86a41fe91e70e26cfeb7104,H2,1,60,85,6557,6965,6627,7050
edit_write,6c9483ebe49d32f630559fc1c98bd89d17981a86c86a41fe91e70e26cfeb7104,H2,2,51,85,6103,6557,6147,6630
edit_write,6c9483ebe49d32f630559fc1c98bd89d17981a86c86a41fe91e70e26cfeb7104,H0,0,44,55,16052,33042,16100,33084
edit_write,6c9483ebe49d32f630559fc1c98bd89d17981a86c86a41fe91e70e26cfeb7104,H0,1,32,49,16023,17242,16059,17282
edit_write,6c9483ebe49d32f630559fc1c98bd89d17981a86c86a41fe91e70e26cfeb7104,H0,2,28,36,15669,27056,15699,27084
edit_write,6c9483ebe49d32f630559fc1c98bd89d17981a86c86a41fe91e70e26cfeb7104,H3,0,959,1094,5312,10050,6269,11023
edit_write,6c9483ebe49d32f630559fc1c98bd89d17981a86c86a41fe91e70e26cfeb7104,H3,1,922,1041,5241,5642,6180,6612
edit_write,6c9483ebe49d32f630559fc1c98bd89d17981a86c86a41fe91e70e26cfeb7104,H3,2,807,908,5082,5431,5897,6346
edit_write,6c9483ebe49d32f630559fc1c98bd89d17981a86c86a41fe91e70e26cfeb7104,H4,0,111,157,3126,3657,3227,3800
edit_write,6c9483ebe49d32f630559fc1c98bd89d17981a86c86a41fe91e70e26cfeb7104,H4,1,114,169,3359,3715,3499,3851
edit_write,6c9483ebe49d32f630559fc1c98bd89d17981a86c86a41fe91e70e26cfeb7104,H4,2,111,137,3297,3685,3409,3818
edit_write,6ed4635ab549310f0a2e1a2db8208cea70067492191cec357f26b678b0b11a39,H1,0,45,48,74366,108707,74408,108752
edit_write,6ed4635ab549310f0a2e1a2db8208cea70067492191cec357f26b678b0b11a39,H1,1,70,74,72184,86685,72254,86759
edit_write,6ed4635ab549310f0a2e1a2db8208cea70067492191cec357f26b678b0b11a39,H1,2,34,37,73667,92376,73701,92408
edit_write,6ed4635ab549310f0a2e1a2db8208cea70067492191cec357f26b678b0b11a39,H2,0,112,157,24231,25509,24335,25666
edit_write,6ed4635ab549310f0a2e1a2db8208cea70067492191cec357f26b678b0b11a39,H2,1,103,162,23167,35045,23281,35146
edit_write,6ed4635ab549310f0a2e1a2db8208cea70067492191cec357f26b678b0b11a39,H2,2,141,159,22705,34658,22846,34814
edit_write,6ed4635ab549310f0a2e1a2db8208cea70067492191cec357f26b678b0b11a39,H0,0,42,51,48605,70277,48645,70321
edit_write,6ed4635ab549310f0a2e1a2db8208cea70067492191cec357f26b678b0b11a39,H0,1,35,53,47739,67212,47770,67287
edit_write,6ed4635ab549310f0a2e1a2db8208cea70067492191cec357f26b678b0b11a39,H0,2,31,47,48253,59627,48284,59662
edit_write,6ed4635ab549310f0a2e1a2db8208cea70067492191cec357f26b678b0b11a39,H3,0,2758,3022,19401,37752,22159,40438
edit_write,6ed4635ab549310f0a2e1a2db8208cea70067492191cec357f26b678b0b11a39,H3,1,2949,3113,19333,21095,22169,24063
edit_write,6ed4635ab549310f0a2e1a2db8208cea70067492191cec357f26b678b0b11a39,H3,2,2848,3232,19113,20810,21960,24104
edit_write,6ed4635ab549310f0a2e1a2db8208cea70067492191cec357f26b678b0b11a39,H4,0,674,754,13720,25125,14400,25791
edit_write,6ed4635ab549310f0a2e1a2db8208cea70067492191cec357f26b678b0b11a39,H4,1,663,742,13663,14350,14283,15032
edit_write,6ed4635ab549310f0a2e1a2db8208cea70067492191cec357f26b678b0b11a39,H4,2,636,706,13564,14822,14224,15528
edit_write,6fcda9d926538996d4548fc15bb24703d803e730a498835bdc85e0dd6989ae91,H1,0,43,47,8177,9034,8224,9081
edit_write,6fcda9d926538996d4548fc15bb24703d803e730a498835bdc85e0dd6989ae91,H1,1,37,51,8724,9176,8773,9213
edit_write,6fcda9d926538996d4548fc15bb24703d803e730a498835bdc85e0dd6989ae91,H1,2,42,48,8733,9462,8774,9505
edit_write,6fcda9d926538996d4548fc15bb24703d803e730a498835bdc85e0dd6989ae91,H2,0,74,109,12396,13985,12454,14072
edit_write,6fcda9d926538996d4548fc15bb24703d803e730a498835bdc85e0dd6989ae91,H2,1,72,136,12197,16972,12256,17108
edit_write,6fcda9d926538996d4548fc15bb24703d803e730a498835bdc85e0dd6989ae91,H2,2,85,128,13082,29782,13171,29858
edit_write,6fcda9d926538996d4548fc15bb24703d803e730a498835bdc85e0dd6989ae91,H0,0,45,51,28264,30032,28309,30085
edit_write,6fcda9d926538996d4548fc15bb24703d803e730a498835bdc85e0dd6989ae91,H0,1,30,36,27210,38782,27240,38813
edit_write,6fcda9d926538996d4548fc15bb24703d803e730a498835bdc85e0dd6989ae91,H0,2,33,39,27441,45461,27478,45491
edit_write,6fcda9d926538996d4548fc15bb24703d803e730a498835bdc85e0dd6989ae91,H3,0,1767,1873,8829,20502,10574,22311
edit_write,6fcda9d926538996d4548fc15bb24703d803e730a498835bdc85e0dd6989ae91,H3,1,1664,1835,8587,9422,10268,11257
edit_write,6fcda9d926538996d4548fc15bb24703d803e730a498835bdc85e0dd6989ae91,H3,2,1742,1936,9097,9913,10838,11826
edit_write,6fcda9d926538996d4548fc15bb24703d803e730a498835bdc85e0dd6989ae91,H4,0,248,296,5036,5578,5283,5860
edit_write,6fcda9d926538996d4548fc15bb24703d803e730a498835bdc85e0dd6989ae91,H4,1,236,311,5155,5673,5402,5955
edit_write,6fcda9d926538996d4548fc15bb24703d803e730a498835bdc85e0dd6989ae91,H4,2,271,314,5246,6280,5508,6608
edit_write,71140f2c88f2602f2699cc3b1fced40727ae094b4e9c51f793c814ac7b54a505,H1,0,44,50,47342,50583,47386,50627
edit_write,71140f2c88f2602f2699cc3b1fced40727ae094b4e9c51f793c814ac7b54a505,H1,1,66,74,48170,59854,48236,59933
edit_write,71140f2c88f2602f2699cc3b1fced40727ae094b4e9c51f793c814ac7b54a505,H1,2,35,37,48212,55240,48247,55276
edit_write,71140f2c88f2602f2699cc3b1fced40727ae094b4e9c51f793c814ac7b54a505,H2,0,84,111,39433,46019,39524,46082
edit_write,71140f2c88f2602f2699cc3b1fced40727ae094b4e9c51f793c814ac7b54a505,H2,1,81,143,39916,45622,39987,45697
edit_write,71140f2c88f2602f2699cc3b1fced40727ae094b4e9c51f793c814ac7b54a505,H2,2,105,134,38823,44400,38935,44521
edit_write,71140f2c88f2602f2699cc3b1fced40727ae094b4e9c51f793c814ac7b54a505,H0,0,44,48,24464,26022,24507,26068
edit_write,71140f2c88f2602f2699cc3b1fced40727ae094b4e9c51f793c814ac7b54a505,H0,1,47,56,23873,29045,23923,29072
edit_write,71140f2c88f2602f2699cc3b1fced40727ae094b4e9c51f793c814ac7b54a505,H0,2,32,59,23939,24755,23965,24777
edit_write,71140f2c88f2602f2699cc3b1fced40727ae094b4e9c51f793c814ac7b54a505,H3,0,2525,2781,38536,44679,41075,47171
edit_write,71140f2c88f2602f2699cc3b1fced40727ae094b4e9c51f793c814ac7b54a505,H3,1,2598,2762,39114,52702,41657,55459
edit_write,71140f2c88f2602f2699cc3b1fced40727ae094b4e9c51f793c814ac7b54a505,H3,2,2416,2637,38485,41048,40806,43586
edit_write,71140f2c88f2602f2699cc3b1fced40727ae094b4e9c51f793c814ac7b54a505,H4,0,373,419,35331,47902,35684,48218
edit_write,71140f2c88f2602f2699cc3b1fced40727ae094b4e9c51f793c814ac7b54a505,H4,1,360,399,35412,54770,35806,55156
edit_write,71140f2c88f2602f2699cc3b1fced40727ae094b4e9c51f793c814ac7b54a505,H4,2,332,375,35267,36522,35593,36858
edit_write,727f2b4fbd80338f19c517faab6aaaa816cf00de49477970b233d642cb1598ce,H1,0,49,66,33606,40638,33671,40706
edit_write,727f2b4fbd80338f19c517faab6aaaa816cf00de49477970b233d642cb1598ce,H1,1,51,73,32197,45223,32261,45273
edit_write,727f2b4fbd80338f19c517faab6aaaa816cf00de49477970b233d642cb1598ce,H1,2,34,40,31835,45230,31869,45266
edit_write,727f2b4fbd80338f19c517faab6aaaa816cf00de49477970b233d642cb1598ce,H2,0,80,107,14706,34028,14805,34094
edit_write,727f2b4fbd80338f19c517faab6aaaa816cf00de49477970b233d642cb1598ce,H2,1,86,119,14849,15917,14936,16037
edit_write,727f2b4fbd80338f19c517faab6aaaa816cf00de49477970b233d642cb1598ce,H2,2,57,108,14522,25738,14571,25807
edit_write,727f2b4fbd80338f19c517faab6aaaa816cf00de49477970b233d642cb1598ce,H0,0,43,56,17562,29760,17604,29804
edit_write,727f2b4fbd80338f19c517faab6aaaa816cf00de49477970b233d642cb1598ce,H0,1,33,40,17067,18294,17107,18325
edit_write,727f2b4fbd80338f19c517faab6aaaa816cf00de49477970b233d642cb1598ce,H0,2,32,54,18283,28809,18322,28836
edit_write,727f2b4fbd80338f19c517faab6aaaa816cf00de49477970b233d642cb1598ce,H3,0,1839,1981,11653,22330,13509,24145
edit_write,727f2b4fbd80338f19c517faab6aaaa816cf00de49477970b233d642cb1598ce,H3,1,1802,1928,11326,12187,13100,14183
edit_write,727f2b4fbd80338f19c517faab6aaaa816cf00de49477970b233d642cb1598ce,H3,2,1775,1959,11305,12609,13082,14515
edit_write,727f2b4fbd80338f19c517faab6aaaa816cf00de49477970b233d642cb1598ce,H4,0,328,390,7264,8024,7579,8400
edit_write,727f2b4fbd80338f19c517faab6aaaa816cf00de49477970b233d642cb1598ce,H4,1,358,426,7223,7781,7581,8147
edit_write,727f2b4fbd80338f19c517faab6aaaa816cf00de49477970b233d642cb1598ce,H4,2,306,379,7257,8188,7571,8508
edit_write,72e99128d9a702e77b2c2a4d95cd7fdbfc20fba89d72b6f4dfd864b679c5f923,H1,0,45,56,34354,48834,34408,48876
edit_write,72e99128d9a702e77b2c2a4d95cd7fdbfc20fba89d72b6f4dfd864b679c5f923,H1,1,43,69,34142,40229,34211,40295
edit_write,72e99128d9a702e77b2c2a4d95cd7fdbfc20fba89d72b6f4dfd864b679c5f923,H1,2,42,44,33602,34910,33644,34952
edit_write,72e99128d9a702e77b2c2a4d95cd7fdbfc20fba89d72b6f4dfd864b679c5f923,H2,0,89,123,36729,56521,36827,56606
edit_write,72e99128d9a702e77b2c2a4d95cd7fdbfc20fba89d72b6f4dfd864b679c5f923,H2,1,97,137,37701,48906,37822,48978
edit_write,72e99128d9a702e77b2c2a4d95cd7fdbfc20fba89d72b6f4dfd864b679c5f923,H2,2,91,121,36050,37366,36140,37446
edit_write,72e99128d9a702e77b2c2a4d95cd7fdbfc20fba89d72b6f4dfd864b679c5f923,H0,0,43,51,23013,24683,23054,24726
edit_write,72e99128d9a702e77b2c2a4d95cd7fdbfc20fba89d72b6f4dfd864b679c5f923,H0,1,36,51,23060,29431,23093,29467
edit_write,72e99128d9a702e77b2c2a4d95cd7fdbfc20fba89d72b6f4dfd864b679c5f923,H0,2,31,38,22607,23151,22639,23191
edit_write,72e99128d9a702e77b2c2a4d95cd7fdbfc20fba89d72b6f4dfd864b679c5f923,H3,0,1152,1253,37662,44084,38737,45259
edit_write,72e99128d9a702e77b2c2a4d95cd7fdbfc20fba89d72b6f4dfd864b679c5f923,H3,1,1033,1114,35535,36390,36568,37437
edit_write,72e99128d9a702e77b2c2a4d95cd7fdbfc20fba89d72b6f4dfd864b679c5f923,H3,2,1026,1137,37002,37329,38061,38335
edit_write,72e99128d9a702e77b2c2a4d95cd7fdbfc20fba89d72b6f4dfd864b679c5f923,H4,0,131,157,34560,52655,34681,52774
edit_write,72e99128d9a702e77b2c2a4d95cd7fdbfc20fba89d72b6f4dfd864b679c5f923,H4,1,140,178,34250,45474,34421,45652
edit_write,72e99128d9a702e77b2c2a4d95cd7fdbfc20fba89d72b6f4dfd864b679c5f923,H4,2,125,176,34146,40110,34259,40257
edit_write,73ddccb64ab70b42e7bd34b631e5614b427a14dd96c67b2581c604bce52f8110,H1,0,43,51,13992,15080,14033,15122
edit_write,73ddccb64ab70b42e7bd34b631e5614b427a14dd96c67b2581c604bce52f8110,H1,1,49,72,14238,15187,14290,15250
edit_write,73ddccb64ab70b42e7bd34b631e5614b427a14dd96c67b2581c604bce52f8110,H1,2,37,56,14272,14717,14311,14749
edit_write,73ddccb64ab70b42e7bd34b631e5614b427a14dd96c67b2581c604bce52f8110,H2,0,64,109,4819,5291,4882,5392
edit_write,73ddccb64ab70b42e7bd34b631e5614b427a14dd96c67b2581c604bce52f8110,H2,1,68,100,5061,5495,5141,5584
edit_write,73ddccb64ab70b42e7bd34b631e5614b427a14dd96c67b2581c604bce52f8110,H2,2,81,139,4772,5065,4843,5178
edit_write,73ddccb64ab70b42e7bd34b631e5614b427a14dd96c67b2581c604bce52f8110,H0,0,47,55,11022,11761,11066,11818
edit_write,73ddccb64ab70b42e7bd34b631e5614b427a14dd96c67b2581c604bce52f8110,H0,1,30,45,10820,10983,10856,11040
edit_write,73ddccb64ab70b42e7bd34b631e5614b427a14dd96c67b2581c604bce52f8110,H0,2,33,47,10702,10822,10742,10853
edit_write,73ddccb64ab70b42e7bd34b631e5614b427a14dd96c67b2581c604bce52f8110,H3,0,640,784,4224,4819,4827,5603
edit_write,73ddccb64ab70b42e7bd34b631e5614b427a14dd96c67b2581c604bce52f8110,H3,1,625,745,4388,4723,4988,5456
edit_write,73ddccb64ab70b42e7bd34b631e5614b427a14dd96c67b2581c604bce52f8110,H3,2,607,702,4419,4916,5032,5590
edit_write,73ddccb64ab70b42e7bd34b631e5614b427a14dd96c67b2581c604bce52f8110,H4,0,103,121,13788,14736,13897,14849
edit_write,73ddccb64ab70b42e7bd34b631e5614b427a14dd96c67b2581c604bce52f8110,H4,1,128,164,14406,14855,14551,15012
edit_write,73ddccb64ab70b42e7bd34b631e5614b427a14dd96c67b2581c604bce52f8110,H4,2,128,169,14202,14816,14343,14958
edit_write,73fb1b73db354e144288626f81ea8a635dd9b482d932538002f210bc61affa6d,H1,0,43,50,44268,58752,44308,58796
edit_write,73fb1b73db354e144288626f81ea8a635dd9b482d932538002f210bc61affa6d,H1,1,44,50,44625,50143,44670,50182
edit_write,73fb1b73db354e144288626f81ea8a635dd9b482d932538002f210bc61affa6d,H1,2,91,119,81168,102545,81259,102658
edit_write,73fb1b73db354e144288626f81ea8a635dd9b482d932538002f210bc61affa6d,H2,0,55,102,15888,16976,15990,17069
edit_write,73fb1b73db354e144288626f81ea8a635dd9b482d932538002f210bc61affa6d,H2,1,86,120,15923,17559,16020,17675
edit_write,73fb1b73db354e144288626f81ea8a635dd9b482d932538002f210bc61affa6d,H2,2,188,231,26664,30489,26868,30724
edit_write,73fb1b73db354e144288626f81ea8a635dd9b482d932538002f210bc61affa6d,H0,0,47,60,31944,43255,32004,43305
edit_write,73fb1b73db354e144288626f81ea8a635dd9b482d932538002f210bc61affa6d,H0,1,46,57,30867,33382,30914,33430
edit_write,73fb1b73db354e144288626f81ea8a635dd9b482d932538002f210bc61affa6d,H0,2,33,102,34335,64057,34411,64147
edit_write,73fb1b73db354e144288626f81ea8a635dd9b482d932538002f210bc61affa6d,H3,0,1677,1851,12079,17221,13722,18885
edit_write,73fb1b73db354e144288626f81ea8a635dd9b482d932538002f210bc61affa6d,H3,1,1619,1838,12200,13480,13821,15463
edit_write,73fb1b73db354e144288626f81ea8a635dd9b482d932538002f210bc61affa6d,H3,2,2924,3675,20637,24503,24150,28058
edit_write,73fb1b73db354e144288626f81ea8a635dd9b482d932538002f210bc61affa6d,H4,0,309,352,7493,8168,7797,8490
edit_write,73fb1b73db354e144288626f81ea8a635dd9b482d932538002f210bc61affa6d,H4,1,316,360,7490,8093,7795,8453
edit_write,73fb1b73db354e144288626f81ea8a635dd9b482d932538002f210bc61affa6d,H4,2,622,725,14681,17618,15309,18150
edit_write,753316efbf9fa705dbe35b67c794d02275f27f4aa4b3272332b0a77692265f2c,H1,0,44,52,31559,42748,31608,42791
edit_write,753316efbf9fa705dbe35b67c794d02275f27f4aa4b3272332b0a77692265f2c,H1,1,51,78,31937,44041,31986,44092
edit_write,753316efbf9fa705dbe35b67c794d02275f27f4aa4b3272332b0a77692265f2c,H1,2,37,52,31236,42877,31269,42913
edit_write,753316efbf9fa705dbe35b67c794d02275f27f4aa4b3272332b0a77692265f2c,H2,0,79,97,20215,26980,20296,27072
edit_write,753316efbf9fa705dbe35b67c794d02275f27f4aa4b3272332b0a77692265f2c,H2,1,82,123,20197,21340,20277,21418
edit_write,753316efbf9fa705dbe35b67c794d02275f27f4aa4b3272332b0a77692265f2c,H2,2,91,119,19906,21504,20002,21639
edit_write,753316efbf9fa705dbe35b67c794d02275f27f4aa4b3272332b0a77692265f2c,H0,0,44,47,17618,19276,17662,19319
edit_write,753316efbf9fa705dbe35b67c794d02275f27f4aa4b3272332b0a77692265f2c,H0,1,33,42,17389,19427,17423,19473
edit_write,753316efbf9fa705dbe35b67c794d02275f27f4aa4b3272332b0a77692265f2c,H0,2,40,51,16773,18158,16810,18206
edit_write,753316efbf9fa705dbe35b67c794d02275f27f4aa4b3272332b0a77692265f2c,H3,0,1671,1886,17573,19843,19225,21729
edit_write,753316efbf9fa705dbe35b67c794d02275f27f4aa4b3272332b0a77692265f2c,H3,1,1619,1833,17667,19324,19293,21278
edit_write,753316efbf9fa705dbe35b67c794d02275f27f4aa4b3272332b0a77692265f2c,H3,2,1500,1674,17682,18732,19144,20406
edit_write,753316efbf9fa705dbe35b67c794d02275f27f4aa4b3272332b0a77692265f2c,H4,0,222,255,8795,9451,9017,9695
edit_write,753316efbf9fa705dbe35b67c794d02275f27f4aa4b3272332b0a77692265f2c,H4,1,263,313,8911,9581,9147,9871
edit_write,753316efbf9fa705dbe35b67c794d02275f27f4aa4b3272332b0a77692265f2c,H4,2,201,251,8713,9283,8934,9515
edit_write,75c2e90437d640e16632dd6d7e19fa7be9ec8dd720e2c85cdf49af68ff61f3cd,H1,0,45,48,10052,10700,10096,10745
edit_write,75c2e90437d640e16632dd6d7e19fa7be9ec8dd720e2c85cdf49af68ff61f3cd,H1,1,53,69,10330,11384,10389,11440
edit_write,75c2e90437d640e16632dd6d7e19fa7be9ec8dd720e2c85cdf49af68ff61f3cd,H1,2,38,41,10385,11186,10423,11223
edit_write,75c2e90437d640e16632dd6d7e19fa7be9ec8dd720e2c85cdf49af68ff61f3cd,H2,0,69,116,9866,10665,9950,10742
edit_write,75c2e90437d640e16632dd6d7e19fa7be9ec8dd720e2c85cdf49af68ff61f3cd,H2,1,93,116,10081,10979,10179,11079
edit_write,75c2e90437d640e16632dd6d7e19fa7be9ec8dd720e2c85cdf49af68ff61f3cd,H2,2,120,177,9730,21206,9883,21383
edit_write,75c2e90437d640e16632dd6d7e19fa7be9ec8dd720e2c85cdf49af68ff61f3cd,H0,0,44,51,18342,23498,18385,23542
edit_write,75c2e90437d640e16632dd6d7e19fa7be9ec8dd720e2c85cdf49af68ff61f3cd,H0,1,35,53,18859,20291,18892,20338
edit_write,75c2e90437d640e16632dd6d7e19fa7be9ec8dd720e2c85cdf49af68ff61f3cd,H0,2,28,44,18812,23366,18840,23403
edit_write,75c2e90437d640e16632dd6d7e19fa7be9ec8dd720e2c85cdf49af68ff61f3cd,H3,0,1308,1395,7084,7723,8381,9096
edit_write,75c2e90437d640e16632dd6d7e19fa7be9ec8dd720e2c85cdf49af68ff61f3cd,H3,1,1260,1489,7036,7735,8329,9224
edit_write,75c2e90437d640e16632dd6d7e19fa7be9ec8dd720e2c85cdf49af68ff61f3cd,H3,2,2091,2637,12288,13214,14372,15851
edit_write,75c2e90437d640e16632dd6d7e19fa7be9ec8dd720e2c85cdf49af68ff61f3cd,H4,0,204,231,3917,4535,4110,4746
edit_write,75c2e90437d640e16632dd6d7e19fa7be9ec8dd720e2c85cdf49af68ff61f3cd,H4,1,247,314,4123,4640,4376,4954
edit_write,75c2e90437d640e16632dd6d7e19fa7be9ec8dd720e2c85cdf49af68ff61f3cd,H4,2,206,256,3807,4212,4044,4446
edit_write,75f9d88eade92ec417e69e6059e3ba91910d88d4e9b89c6bff1f38e99b01480b,H1,0,43,52,11775,24749,11822,24797
edit_write,75f9d88eade92ec417e69e6059e3ba91910d88d4e9b89c6bff1f38e99b01480b,H1,1,52,77,11434,17175,11496,17240
edit_write,75f9d88eade92ec417e69e6059e3ba91910d88d4e9b89c6bff1f38e99b01480b,H1,2,38,47,11352,11626,11389,11664
edit_write,75f9d88eade92ec417e69e6059e3ba91910d88d4e9b89c6bff1f38e99b01480b,H2,0,67,97,24340,26038,24432,26112
edit_write,75f9d88eade92ec417e69e6059e3ba91910d88d4e9b89c6bff1f38e99b01480b,H2,1,78,94,25153,27244,25239,27338
edit_write,75f9d88eade92ec417e69e6059e3ba91910d88d4e9b89c6bff1f38e99b01480b,H2,2,102,138,24653,30551,24778,30687
edit_write,75f9d88eade92ec417e69e6059e3ba91910d88d4e9b89c6bff1f38e99b01480b,H0,0,43,55,18155,31202,18199,31256
edit_write,75f9d88eade92ec417e69e6059e3ba91910d88d4e9b89c6bff1f38e99b01480b,H0,1,33,41,18600,20375,18626,20410
edit_write,75f9d88eade92ec417e69e6059e3ba91910d88d4e9b89c6bff1f38e99b01480b,H0,2,33,47,17955,18472,17991,18494
edit_write,75f9d88eade92ec417e69e6059e3ba91910d88d4e9b89c6bff1f38e99b01480b,H3,0,986,1112,22442,24683,23431,25805
edit_write,75f9d88eade92ec417e69e6059e3ba91910d88d4e9b89c6bff1f38e99b01480b,H3,1,901,1004,22439,23667,23333,24695
edit_write,75f9d88eade92ec417e69e6059e3ba91910d88d4e9b89c6bff1f38e99b01480b,H3,2,830,911,22444,22955,23278,23747
edit_write,75f9d88eade92ec417e69e6059e3ba91910d88d4e9b89c6bff1f38e99b01480b,H4,0,167,196,12799,14137,12969,14306
edit_write,75f9d88eade92ec417e69e6059e3ba91910d88d4e9b89c6bff1f38e99b01480b,H4,1,180,210,12606,13878,12785,14084
edit_write,75f9d88eade92ec417e69e6059e3ba91910d88d4e9b89c6bff1f38e99b01480b,H4,2,163,220,12310,12870,12470,13067
edit_write,760557bd9c22d3407a47b891743a8cefc2d0bce91df3fa0b216cb2d9108d5c8f,H1,0,44,55,34560,46600,34602,46643
edit_write,760557bd9c22d3407a47b891743a8cefc2d0bce91df3fa0b216cb2d9108d5c8f,H1,1,49,69,34250,45557,34299,45606
edit_write,760557bd9c22d3407a47b891743a8cefc2d0bce91df3fa0b216cb2d9108d5c8f,H1,2,41,56,34492,36484,34549,36530
edit_write,760557bd9c22d3407a47b891743a8cefc2d0bce91df3fa0b216cb2d9108d5c8f,H2,0,77,100,10414,16014,10479,16077
edit_write,760557bd9c22d3407a47b891743a8cefc2d0bce91df3fa0b216cb2d9108d5c8f,H2,1,93,133,10146,11860,10226,11971
edit_write,760557bd9c22d3407a47b891743a8cefc2d0bce91df3fa0b216cb2d9108d5c8f,H2,2,92,112,10322,10823,10425,10918
edit_write,760557bd9c22d3407a47b891743a8cefc2d0bce91df3fa0b216cb2d9108d5c8f,H0,0,45,58,21547,23584,21599,23634
edit_write,760557bd9c22d3407a47b891743a8cefc2d0bce91df3fa0b216cb2d9108d5c8f,H0,1,38,56,21737,33803,21779,33838
edit_write,760557bd9c22d3407a47b891743a8cefc2d0bce91df3fa0b216cb2d9108d5c8f,H0,2,27,67,20256,37078,20287,37145
edit_write,760557bd9c22d3407a47b891743a8cefc2d0bce91df3fa0b216cb2d9108d5c8f,H3,0,1540,1732,8746,10125,10334,11814
edit_write,760557bd9c22d3407a47b891743a8cefc2d0bce91df3fa0b216cb2d9108d5c8f,H3,1,1529,1776,8328,9160,9910,10930
edit_write,760557bd9c22d3407a47b891743a8cefc2d0bce91df3fa0b216cb2d9108d5c8f,H3,2,1421,1570,8260,8613,9667,10180
edit_write,760557bd9c22d3407a47b891743a8cefc2d0bce91df3fa0b216cb2d9108d5c8f,H4,0,183,209,5172,5705,5362,5898
edit_write,760557bd9c22d3407a47b891743a8cefc2d0bce91df3fa0b216cb2d9108d5c8f,H4,1,201,240,5266,5645,5500,5860
edit_write,760557bd9c22d3407a47b891743a8cefc2d0bce91df3fa0b216cb2d9108d5c8f,H4,2,205,255,5090,5407,5295,5652
edit_write,762b3b4e918d58e39b5002a7642906e5658b38d06345ac7a18c84aefd60a4271,H1,0,44,48,73896,92262,73942,92308
edit_write,762b3b4e918d58e39b5002a7642906e5658b38d06345ac7a18c84aefd60a4271,H1,1,44,65,68520,79157,68585,79199
edit_write,762b3b4e918d58e39b5002a7642906e5658b38d06345ac7a18c84aefd60a4271,H1,2,35,38,69058,76091,69093,76128
edit_write,762b3b4e918d58e39b5002a7642906e5658b38d06345ac7a18c84aefd60a4271,H2,0,92,118,16107,28197,16199,28309
edit_write,762b3b4e918d58e39b5002a7642906e5658b38d06345ac7a18c84aefd60a4271,H2,1,92,133,16471,17482,16571,17581
edit_write,762b3b4e918d58e39b5002a7642906e5658b38d06345ac7a18c84aefd60a4271,H2,2,116,142,16199,16835,16312,16962
edit_write,762b3b4e918d58e39b5002a7642906e5658b38d06345ac7a18c84aefd60a4271,H0,0,47,55,43169,57367,43210,57412
edit_write,762b3b4e918d58e39b5002a7642906e5658b38d06345ac7a18c84aefd60a4271,H0,1,32,38,42380,45754,42414,45784
edit_write,762b3b4e918d58e39b5002a7642906e5658b38d06345ac7a18c84aefd60a4271,H0,2,32,41,44155,50950,44187,50977
edit_write,762b3b4e918d58e39b5002a7642906e5658b38d06345ac7a18c84aefd60a4271,H3,0,2386,2594,12847,14167,15229,16939
edit_write,762b3b4e918d58e39b5002a7642906e5658b38d06345ac7a18c84aefd60a4271,H3,1,2460,2598,12763,13624,15245,16315
edit_write,762b3b4e918d58e39b5002a7642906e5658b38d06345ac7a18c84aefd60a4271,H3,2,2446,2584,12944,14076,15343,16652
edit_write,762b3b4e918d58e39b5002a7642906e5658b38d06345ac7a18c84aefd60a4271,H4,0,406,438,8319,8886,8715,9323
edit_write,762b3b4e918d58e39b5002a7642906e5658b38d06345ac7a18c84aefd60a4271,H4,1,411,474,8443,9112,8865,9605
edit_write,762b3b4e918d58e39b5002a7642906e5658b38d06345ac7a18c84aefd60a4271,H4,2,431,462,8072,8594,8461,8940
edit_write,7648b3992a70fce1a9858bcbf82343dd3caded40140cff070c19a1a76b22f52a,H1,0,44,50,74112,85490,74155,85539
edit_write,7648b3992a70fce1a9858bcbf82343dd3caded40140cff070c19a1a76b22f52a,H1,1,69,80,71425,85478,71501,85561
edit_write,7648b3992a70fce1a9858bcbf82343dd3caded40140cff070c19a1a76b22f52a,H1,2,38,43,72326,79334,72364,79372
edit_write,7648b3992a70fce1a9858bcbf82343dd3caded40140cff070c19a1a76b22f52a,H2,0,129,154,50004,67660,50122,67760
edit_write,7648b3992a70fce1a9858bcbf82343dd3caded40140cff070c19a1a76b22f52a,H2,1,116,154,51169,54735,51292,54854
edit_write,7648b3992a70fce1a9858bcbf82343dd3caded40140cff070c19a1a76b22f52a,H2,2,107,147,49353,56299,49449,56401
edit_write,7648b3992a70fce1a9858bcbf82343dd3caded40140cff070c19a1a76b22f52a,H0,0,43,50,48691,67333,48731,67375
edit_write,7648b3992a70fce1a9858bcbf82343dd3caded40140cff070c19a1a76b22f52a,H0,1,51,65,48211,68044,48260,68105
edit_write,7648b3992a70fce1a9858bcbf82343dd3caded40140cff070c19a1a76b22f52a,H0,2,34,49,47583,61658,47619,61692
edit_write,7648b3992a70fce1a9858bcbf82343dd3caded40140cff070c19a1a76b22f52a,H3,0,1977,2241,46616,66125,48624,68074
edit_write,7648b3992a70fce1a9858bcbf82343dd3caded40140cff070c19a1a76b22f52a,H3,1,2196,2333,47733,52233,49863,54570
edit_write,7648b3992a70fce1a9858bcbf82343dd3caded40140cff070c19a1a76b22f52a,H3,2,2000,2146,46323,48336,48399,50469
edit_write,7648b3992a70fce1a9858bcbf82343dd3caded40140cff070c19a1a76b22f52a,H4,0,313,353,82218,103237,82529,103545
edit_write,7648b3992a70fce1a9858bcbf82343dd3caded40140cff070c19a1a76b22f52a,H4,1,308,373,82676,87304,83017,87664
edit_write,7648b3992a70fce1a9858bcbf82343dd3caded40140cff070c19a1a76b22f52a,H4,2,318,357,81975,83044,82293,83351
edit_write,768d02de5e37124d78cc211644d0853fbe6279af971e5f2efabed69584ec0d68,H1,0,44,50,37226,48759,37268,48803
edit_write,768d02de5e37124d78cc211644d0853fbe6279af971e5f2efabed69584ec0d68,H1,1,43,69,36506,55696,36549,55735
edit_write,768d02de5e37124d78cc211644d0853fbe6279af971e5f2efabed69584ec0d68,H1,2,38,45,36174,38215,36210,38252
edit_write,768d02de5e37124d78cc211644d0853fbe6279af971e5f2efabed69584ec0d68,H2,0,84,132,4853,6223,4937,6336
edit_write,768d02de5e37124d78cc211644d0853fbe6279af971e5f2efabed69584ec0d68,H2,1,94,131,4721,5356,4819,5463
edit_write,768d02de5e37124d78cc211644d0853fbe6279af971e5f2efabed69584ec0d68,H2,2,103,205,4425,4854,4554,4966
edit_write,768d02de5e37124d78cc211644d0853fbe6279af971e5f2efabed69584ec0d68,H0,0,43,49,23824,37022,23869,37071
edit_write,768d02de5e37124d78cc211644d0853fbe6279af971e5f2efabed69584ec0d68,H0,1,33,39,23329,24857,23363,24892
edit_write,768d02de5e37124d78cc211644d0853fbe6279af971e5f2efabed69584ec0d68,H0,2,31,46,23013,28787,23040,28809
edit_write,768d02de5e37124d78cc211644d0853fbe6279af971e5f2efabed69584ec0d68,H3,0,1149,1391,4290,4893,5414,6341
edit_write,768d02de5e37124d78cc211644d0853fbe6279af971e5f2efabed69584ec0d68,H3,1,1142,1289,4162,4756,5313,5950
edit_write,768d02de5e37124d78cc211644d0853fbe6279af971e5f2efabed69584ec0d68,H3,2,1055,1139,4040,4437,5084,5587
edit_write,768d02de5e37124d78cc211644d0853fbe6279af971e5f2efabed69584ec0d68,H4,0,103,135,3365,3618,3472,3739
edit_write,768d02de5e37124d78cc211644d0853fbe6279af971e5f2efabed69584ec0d68,H4,1,128,177,3272,3618,3403,3787
edit_write,768d02de5e37124d78cc211644d0853fbe6279af971e5f2efabed69584ec0d68,H4,2,92,125,3139,3484,3223,3609
edit_write,76a377de79bee74ecc0308a957ce4782b363d406c856e52ef09ef44ee185df87,H1,0,44,54,35705,37738,35755,37782
edit_write,76a377de79bee74ecc0308a957ce4782b363d406c856e52ef09ef44ee185df87,H1,1,44,65,35639,54626,35683,54696
edit_write,76a377de79bee74ecc0308a957ce4782b363d406c856e52ef09ef44ee185df87,H1,2,38,41,35324,36014,35365,36055
edit_write,76a377de79bee74ecc0308a957ce4782b363d406c856e52ef09ef44ee185df87,H2,0,82,115,11920,23432,12009,23524
edit_write,76a377de79bee74ecc0308a957ce4782b363d406c856e52ef09ef44ee185df87,H2,1,100,128,11986,13162,12081,13278
edit_write,76a377de79bee74ecc0308a957ce4782b363d406c856e52ef09ef44ee185df87,H2,2,93,115,11822,12240,11915,12336
edit_write,76a377de79bee74ecc0308a957ce4782b363d406c856e52ef09ef44ee185df87,H0,0,44,62,19692,20795,19735,20837
edit_write,76a377de79bee74ecc0308a957ce4782b363d406c856e52ef09ef44ee185df87,H0,1,40,52,20163,31770,20196,31806
edit_write,76a377de79bee74ecc0308a957ce4782b363d406c856e52ef09ef44ee185df87,H0,2,31,40,19667,20267,19702,20313
edit_write,76a377de79bee74ecc0308a957ce4782b363d406c856e52ef09ef44ee185df87,H3,0,1637,1731,9785,10299,11436,11991
edit_write,76a377de79bee74ecc0308a957ce4782b363d406c856e52ef09ef44ee185df87,H3,1,1724,1931,9974,10911,11696,12842
edit_write,76a377de79bee74ecc0308a957ce4782b363d406c856e52ef09ef44ee185df87,H3,2,1586,1701,9859,10380,11399,12013
edit_write,76a377de79bee74ecc0308a957ce4782b363d406c856e52ef09ef44ee185df87,H4,0,280,319,7103,13532,7386,13775
edit_write,76a377de79bee74ecc0308a957ce4782b363d406c856e52ef09ef44ee185df87,H4,1,263,325,7665,8543,7952,8863
edit_write,76a377de79bee74ecc0308a957ce4782b363d406c856e52ef09ef44ee185df87,H4,2,227,257,7285,7747,7521,7974
edit_write,76b92656c1420d28bd3a96204c95983ba4ebc7410b2baaafe97dcae89b0c54b6,H1,0,42,50,1652,1817,1702,1860
edit_write,76b92656c1420d28bd3a96204c95983ba4ebc7410b2baaafe97dcae89b0c54b6,H1,1,39,58,1710,1910,1752,1963
edit_write,76b92656c1420d28bd3a96204c95983ba4ebc7410b2baaafe97dcae89b0c54b6,H1,2,27,41,1695,1876,1722,1907
edit_write,76b92656c1420d28bd3a96204c95983ba4ebc7410b2baaafe97dcae89b0c54b6,H2,0,43,56,2189,2362,2231,2421
edit_write,76b92656c1420d28bd3a96204c95983ba4ebc7410b2baaafe97dcae89b0c54b6,H2,1,39,65,2297,2513,2330,2573
edit_write,76b92656c1420d28bd3a96204c95983ba4ebc7410b2baaafe97dcae89b0c54b6,H2,2,30,46,2098,2273,2130,2319
edit_write,76b92656c1420d28bd3a96204c95983ba4ebc7410b2baaafe97dcae89b0c54b6,H0,0,42,49,1747,1885,1787,1927
edit_write,76b92656c1420d28bd3a96204c95983ba4ebc7410b2baaafe97dcae89b0c54b6,H0,1,28,40,1704,1840,1736,1876
edit_write,76b92656c1420d28bd3a96204c95983ba4ebc7410b2baaafe97dcae89b0c54b6,H0,2,31,34,1679,1738,1707,1772
edit_write,76b92656c1420d28bd3a96204c95983ba4ebc7410b2baaafe97dcae89b0c54b6,H3,0,330,521,2017,2608,2398,3145
edit_write,76b92656c1420d28bd3a96204c95983ba4ebc7410b2baaafe97dcae89b0c54b6,H3,1,295,362,2014,2179,2356,2470
edit_write,76b92656c1420d28bd3a96204c95983ba4ebc7410b2baaafe97dcae89b0c54b6,H3,2,267,359,1983,2137,2276,2488
edit_write,76b92656c1420d28bd3a96204c95983ba4ebc7410b2baaafe97dcae89b0c54b6,H4,0,54,64,1264,1437,1313,1491
edit_write,76b92656c1420d28bd3a96204c95983ba4ebc7410b2baaafe97dcae89b0c54b6,H4,1,57,93,1379,1524,1431,1603
edit_write,76b92656c1420d28bd3a96204c95983ba4ebc7410b2baaafe97dcae89b0c54b6,H4,2,41,77,1293,1429,1332,1491
edit_write,76d7182424c088c668db71df1d0f37e720a41f14b6c85772adc103c35f754071,H1,0,44,62,9991,10760,10041,10804
edit_write,76d7182424c088c668db71df1d0f37e720a41f14b6c85772adc103c35f754071,H1,1,43,71,10072,10717,10122,10761
edit_write,76d7182424c088c668db71df1d0f37e720a41f14b6c85772adc103c35f754071,H1,2,37,42,10119,10731,10157,10770
edit_write,76d7182424c088c668db71df1d0f37e720a41f14b6c85772adc103c35f754071,H2,0,57,99,15059,16535,15124,16652
edit_write,76d7182424c088c668db71df1d0f37e720a41f14b6c85772adc103c35f754071,H2,1,69,91,14876,26122,14957,26188
edit_write,76d7182424c088c668db71df1d0f37e720a41f14b6c85772adc103c35f754071,H2,2,67,111,14185,15154,14265,15257
edit_write,76d7182424c088c668db71df1d0f37e720a41f14b6c85772adc103c35f754071,H0,0,43,53,9523,10000,9565,10045
edit_write,76d7182424c088c668db71df1d0f37e720a41f14b6c85772adc103c35f754071,H0,1,31,35,9354,9946,9381,9977
edit_write,76d7182424c088c668db71df1d0f37e720a41f14b6c85772adc103c35f754071,H0,2,32,52,9346,10059,9382,10080
edit_write,76d7182424c088c668db71df1d0f37e720a41f14b6c85772adc103c35f754071,H3,0,1397,1574,13372,14721,14825,16344
edit_write,76d7182424c088c668db71df1d0f37e720a41f14b6c85772adc103c35f754071,H3,1,1378,1509,13768,25743,15146,27196
edit_write,76d7182424c088c668db71df1d0f37e720a41f14b6c85772adc103c35f754071,H3,2,1360,1482,13304,25013,14664,26464
edit_write,76d7182424c088c668db71df1d0f37e720a41f14b6c85772adc103c35f754071,H4,0,256,306,11450,15864,11742,16092
edit_write,76d7182424c088c668db71df1d0f37e720a41f14b6c85772adc103c35f754071,H4,1,307,362,11096,11962,11396,12294
edit_write,76d7182424c088c668db71df1d0f37e720a41f14b6c85772adc103c35f754071,H4,2,255,316,11334,16591,11589,16867
edit_write,77bf6a4855e233e4978bb3e894c5acd2c704953f2df603dc3d6534917bc70a8e,H1,0,44,53,38488,53968,38534,54011
edit_write,77bf6a4855e233e4978bb3e894c5acd2c704953f2df603dc3d6534917bc70a8e,H1,1,47,66,35619,37925,35662,37973
edit_write,77bf6a4855e233e4978bb3e894c5acd2c704953f2df603dc3d6534917bc70a8e,H1,2,34,52,35552,38249,35587,38286
edit_write,77bf6a4855e233e4978bb3e894c5acd2c704953f2df603dc3d6534917bc70a8e,H2,0,86,108,12487,13490,12573,13592
edit_write,77bf6a4855e233e4978bb3e894c5acd2c704953f2df603dc3d6534917bc70a8e,H2,1,90,139,12905,14181,12968,14306
edit_write,77bf6a4855e233e4978bb3e894c5acd2c704953f2df603dc3d6534917bc70a8e,H2,2,106,154,12469,24604,12550,24718
edit_write,77bf6a4855e233e4978bb3e894c5acd2c704953f2df603dc3d6534917bc70a8e,H0,0,47,63,21895,25921,21950,25975
edit_write,77bf6a4855e233e4978bb3e894c5acd2c704953f2df603dc3d6534917bc70a8e,H0,1,33,43,21393,34208,21423,34243
edit_write,77bf6a4855e233e4978bb3e894c5acd2c704953f2df603dc3d6534917bc70a8e,H0,2,32,45,20240,22252,20271,22275
edit_write,77bf6a4855e233e4978bb3e894c5acd2c704953f2df603dc3d6534917bc70a8e,H3,0,1490,1632,10790,11277,12310,12852
edit_write,77bf6a4855e233e4978bb3e894c5acd2c704953f2df603dc3d6534917bc70a8e,H3,1,1435,1602,10343,16911,11815,19188
edit_write,77bf6a4855e233e4978bb3e894c5acd2c704953f2df603dc3d6534917bc70a8e,H3,2,1248,1432,10076,11590,11306,12924
edit_write,77bf6a4855e233e4978bb3e894c5acd2c704953f2df603dc3d6534917bc70a8e,H4,0,284,332,7537,8235,7832,8549
edit_write,77bf6a4855e233e4978bb3e894c5acd2c704953f2df603dc3d6534917bc70a8e,H4,1,285,343,7800,8756,8084,9043
edit_write,77bf6a4855e233e4978bb3e894c5acd2c704953f2df603dc3d6534917bc70a8e,H4,2,236,293,7650,8404,7883,8692
edit_write,79591834c5b6c29cebd2c6c2fdaa6c09ee1fe83606c2af405c7aa312e342e911,H1,0,44,56,31147,32839,31191,32884
edit_write,79591834c5b6c29cebd2c6c2fdaa6c09ee1fe83606c2af405c7aa312e342e911,H1,1,65,78,30038,32096,30112,32169
edit_write,79591834c5b6c29cebd2c6c2fdaa6c09ee1fe83606c2af405c7aa312e342e911,H1,2,37,47,30155,31808,30191,31853
edit_write,79591834c5b6c29cebd2c6c2fdaa6c09ee1fe83606c2af405c7aa312e342e911,H2,0,76,107,12615,13581,12702,13657
edit_write,79591834c5b6c29cebd2c6c2fdaa6c09ee1fe83606c2af405c7aa312e342e911,H2,1,100,140,13000,14430,13100,14527
edit_write,79591834c5b6c29cebd2c6c2fdaa6c09ee1fe83606c2af405c7aa312e342e911,H2,2,106,245,12326,33573,12432,33818
edit_write,79591834c5b6c29cebd2c6c2fdaa6c09ee1fe83606c2af405c7aa312e342e911,H0,0,46,54,17471,18464,17517,18519
edit_write,79591834c5b6c29cebd2c6c2fdaa6c09ee1fe83606c2af405c7aa312e342e911,H0,1,37,53,17018,18347,17048,18379
edit_write,79591834c5b6c29cebd2c6c2fdaa6c09ee1fe83606c2af405c7aa312e342e911,H0,2,35,52,16695,28842,16718,28894
edit_write,79591834c5b6c29cebd2c6c2fdaa6c09ee1fe83606c2af405c7aa312e342e911,H3,0,1806,1885,9539,14826,11329,16502
edit_write,79591834c5b6c29cebd2c6c2fdaa6c09ee1fe83606c2af405c7aa312e342e911,H3,1,1874,2141,9536,28120,11404,29976
edit_write,79591834c5b6c29cebd2c6c2fdaa6c09ee1fe83606c2af405c7aa312e342e911,H3,2,1786,1881,9453,10071,11252,11846
edit_write,79591834c5b6c29cebd2c6c2fdaa6c09ee1fe83606c2af405c7aa312e342e911,H4,0,250,298,5308,5766,5571,6011
edit_write,79591834c5b6c29cebd2c6c2fdaa6c09ee1fe83606c2af405c7aa312e342e911,H4,1,271,326,5318,6028,5600,6352
edit_write,79591834c5b6c29cebd2c6c2fdaa6c09ee1fe83606c2af405c7aa312e342e911,H4,2,257,312,5423,6125,5690,6420
edit_write,79c8f83fa3b3942b5aa39a94e143660d0dc056c79d5e5299bbfd6b8e16418a04,H1,0,46,62,32879,45910,32929,45968
edit_write,79c8f83fa3b3942b5aa39a94e143660d0dc056c79d5e5299bbfd6b8e16418a04,H1,1,49,79,35997,37016,36043,37095
edit_write,79c8f83fa3b3942b5aa39a94e143660d0dc056c79d5e5299bbfd6b8e16418a04,H1,2,35,41,32373,37548,32407,37583
edit_write,79c8f83fa3b3942b5aa39a94e143660d0dc056c79d5e5299bbfd6b8e16418a04,H2,0,73,100,9725,10632,9810,10723
edit_write,79c8f83fa3b3942b5aa39a94e143660d0dc056c79d5e5299bbfd6b8e16418a04,H2,1,86,113,10630,17898,10701,17999
edit_write,79c8f83fa3b3942b5aa39a94e143660d0dc056c79d5e5299bbfd6b8e16418a04,H2,2,86,125,9508,9971,9590,10062
edit_write,79c8f83fa3b3942b5aa39a94e143660d0dc056c79d5e5299bbfd6b8e16418a04,H0,0,45,57,24255,35979,24301,36028
edit_write,79c8f83fa3b3942b5aa39a94e143660d0dc056c79d5e5299bbfd6b8e16418a04,H0,1,33,44,26952,28444,26986,28480
edit_write,79c8f83fa3b3942b5aa39a94e143660d0dc056c79d5e5299bbfd6b8e16418a04,H0,2,33,65,23831,26171,23864,26208
edit_write,79c8f83fa3b3942b5aa39a94e143660d0dc056c79d5e5299bbfd6b8e16418a04,H3,0,1156,1350,7430,8313,8647,9683
edit_write,79c8f83fa3b3942b5aa39a94e143660d0dc056c79d5e5299bbfd6b8e16418a04,H3,1,1260,1379,8061,8436,9358,9758
edit_write,79c8f83fa3b3942b5aa39a94e143660d0dc056c79d5e5299bbfd6b8e16418a04,H3,2,1060,1196,7427,7726,8468,8971
edit_write,79c8f83fa3b3942b5aa39a94e143660d0dc056c79d5e5299bbfd6b8e16418a04,H4,0,173,185,4639,5299,4818,5478
edit_write,79c8f83fa3b3942b5aa39a94e143660d0dc056c79d5e5299bbfd6b8e16418a04,H4,1,217,271,5186,5732,5424,5975
edit_write,79c8f83fa3b3942b5aa39a94e143660d0dc056c79d5e5299bbfd6b8e16418a04,H4,2,154,190,4716,5068,4873,5233
edit_write,79d201d06f0b6d7c609b0f4ad9ac6703d4ee79bd4cbacc5f8f7f4b9d5025bb0e,H1,0,43,62,33969,46051,34012,46096
edit_write,79d201d06f0b6d7c609b0f4ad9ac6703d4ee79bd4cbacc5f8f7f4b9d5025bb0e,H1,1,52,62,34593,38133,34655,38185
edit_write,79d201d06f0b6d7c609b0f4ad9ac6703d4ee79bd4cbacc5f8f7f4b9d5025bb0e,H1,2,41,47,34221,34978,34262,35025
edit_write,79d201d06f0b6d7c609b0f4ad9ac6703d4ee79bd4cbacc5f8f7f4b9d5025bb0e,H2,0,81,110,9738,10327,9826,10423
edit_write,79d201d06f0b6d7c609b0f4ad9ac6703d4ee79bd4cbacc5f8f7f4b9d5025bb0e,H2,1,99,164,10217,11191,10296,11305
edit_write,79d201d06f0b6d7c609b0f4ad9ac6703d4ee79bd4cbacc5f8f7f4b9d5025bb0e,H2,2,93,110,9782,10001,9863,10100
edit_write,79d201d06f0b6d7c609b0f4ad9ac6703d4ee79bd4cbacc5f8f7f4b9d5025bb0e,H0,0,44,52,25109,28022,25162,28065
edit_write,79d201d06f0b6d7c609b0f4ad9ac6703d4ee79bd4cbacc5f8f7f4b9d5025bb0e,H0,1,33,37,25021,26651,25058,26697
edit_write,79d201d06f0b6d7c609b0f4ad9ac6703d4ee79bd4cbacc5f8f7f4b9d5025bb0e,H0,2,33,49,24483,25633,24530,25678
edit_write,79d201d06f0b6d7c609b0f4ad9ac6703d4ee79bd4cbacc5f8f7f4b9d5025bb0e,H3,0,1246,2116,7485,17715,8769,20234
edit_write,79d201d06f0b6d7c609b0f4ad9ac6703d4ee79bd4cbacc5f8f7f4b9d5025bb0e,H3,1,1225,1430,7420,7924,8618,9354
edit_write,79d201d06f0b6d7c609b0f4ad9ac6703d4ee79bd4cbacc5f8f7f4b9d5025bb0e,H3,2,1188,1281,7450,7738,8649,9002
edit_write,79d201d06f0b6d7c609b0f4ad9ac6703d4ee79bd4cbacc5f8f7f4b9d5025bb0e,H4,0,185,233,4209,4736,4396,4969
edit_write,79d201d06f0b6d7c609b0f4ad9ac6703d4ee79bd4cbacc5f8f7f4b9d5025bb0e,H4,1,219,269,4573,5072,4800,5350
edit_write,79d201d06f0b6d7c609b0f4ad9ac6703d4ee79bd4cbacc5f8f7f4b9d5025bb0e,H4,2,222,260,4560,4792,4749,5088
edit_write,7aef71638f2f719ed6c38c86506eee85737708b667e4bced462e66a6d2a5a12d,H1,0,42,47,1480,1591,1522,1635
edit_write,7aef71638f2f719ed6c38c86506eee85737708b667e4bced462e66a6d2a5a12d,H1,1,39,49,1572,1663,1614,1705
edit_write,7aef71638f2f719ed6c38c86506eee85737708b667e4bced462e66a6d2a5a12d,H1,2,29,33,1405,1588,1436,1615
edit_write,7aef71638f2f719ed6c38c86506eee85737708b667e4bced462e66a6d2a5a12d,H2,0,45,57,1849,2017,1902,2066
edit_write,7aef71638f2f719ed6c38c86506eee85737708b667e4bced462e66a6d2a5a12d,H2,1,48,62,2001,2257,2049,2320
edit_write,7aef71638f2f719ed6c38c86506eee85737708b667e4bced462e66a6d2a5a12d,H2,2,29,53,1765,1905,1796,1940
edit_write,7aef71638f2f719ed6c38c86506eee85737708b667e4bced462e66a6d2a5a12d,H0,0,41,47,1497,1556,1537,1598
edit_write,7aef71638f2f719ed6c38c86506eee85737708b667e4bced462e66a6d2a5a12d,H0,1,27,34,1626,1662,1653,1696
edit_write,7aef71638f2f719ed6c38c86506eee85737708b667e4bced462e66a6d2a5a12d,H0,2,27,34,1487,1527,1515,1558
edit_write,7aef71638f2f719ed6c38c86506eee85737708b667e4bced462e66a6d2a5a12d,H3,0,319,409,1600,1837,1914,2257
edit_write,7aef71638f2f719ed6c38c86506eee85737708b667e4bced462e66a6d2a5a12d,H3,1,304,365,1621,1845,1893,2241
edit_write,7aef71638f2f719ed6c38c86506eee85737708b667e4bced462e66a6d2a5a12d,H3,2,282,340,1517,1732,1790,2063
edit_write,7aef71638f2f719ed6c38c86506eee85737708b667e4bced462e66a6d2a5a12d,H4,0,53,64,998,1179,1050,1241
edit_write,7aef71638f2f719ed6c38c86506eee85737708b667e4bced462e66a6d2a5a12d,H4,1,51,79,1064,1210,1111,1270
edit_write,7aef71638f2f719ed6c38c86506eee85737708b667e4bced462e66a6d2a5a12d,H4,2,46,77,1020,1225,1059,1302
edit_write,7b4502db71fb9e6d46cdd5cb2df2cfa87c7acff03f4f11b38b7465ad2bcba8f2,H1,0,44,55,30764,32893,30804,32932
edit_write,7b4502db71fb9e6d46cdd5cb2df2cfa87c7acff03f4f11b38b7465ad2bcba8f2,H1,1,47,74,31093,42644,31136,42702
edit_write,7b4502db71fb9e6d46cdd5cb2df2cfa87c7acff03f4f11b38b7465ad2bcba8f2,H1,2,42,45,31031,49829,31075,49869
edit_write,7b4502db71fb9e6d46cdd5cb2df2cfa87c7acff03f4f11b38b7465ad2bcba8f2,H2,0,77,110,12439,23713,12540,23780
edit_write,7b4502db71fb9e6d46cdd5cb2df2cfa87c7acff03f4f11b38b7465ad2bcba8f2,H2,1,86,114,12908,14224,13007,14330
edit_write,7b4502db71fb9e6d46cdd5cb2df2cfa87c7acff03f4f11b38b7465ad2bcba8f2,H2,2,101,138,12183,13038,12281,13131
edit_write,7b4502db71fb9e6d46cdd5cb2df2cfa87c7acff03f4f11b38b7465ad2bcba8f2,H0,0,43,52,16797,18030,16841,18071
edit_write,7b4502db71fb9e6d46cdd5cb2df2cfa87c7acff03f4f11b38b7465ad2bcba8f2,H0,1,36,61,17496,34673,17522,34706
edit_write,7b4502db71fb9e6d46cdd5cb2df2cfa87c7acff03f4f11b38b7465ad2bcba8f2,H0,2,28,54,17185,18391,17216,18424
edit_write,7b4502db71fb9e6d46cdd5cb2df2cfa87c7acff03f4f11b38b7465ad2bcba8f2,H3,0,1673,1829,9165,9932,10852,11761
edit_write,7b4502db71fb9e6d46cdd5cb2df2cfa87c7acff03f4f11b38b7465ad2bcba8f2,H3,1,1756,1902,9158,9711,10871,11638
edit_write,7b4502db71fb9e6d46cdd5cb2df2cfa87c7acff03f4f11b38b7465ad2bcba8f2,H3,2,1744,1884,9315,10133,11025,12009
edit_write,7b4502db71fb9e6d46cdd5cb2df2cfa87c7acff03f4f11b38b7465ad2bcba8f2,H4,0,274,321,5252,10576,5531,10819
edit_write,7b4502db71fb9e6d46cdd5cb2df2cfa87c7acff03f4f11b38b7465ad2bcba8f2,H4,1,287,364,5487,5849,5777,6159
edit_write,7b4502db71fb9e6d46cdd5cb2df2cfa87c7acff03f4f11b38b7465ad2bcba8f2,H4,2,231,270,5313,5680,5526,5926
edit_write,7b70853f946d5f7d1e576c3384b501606a907461bb58999d1e1e2540e2b861cf,H1,0,43,47,26096,27549,26139,27592
edit_write,7b70853f946d5f7d1e576c3384b501606a907461bb58999d1e1e2540e2b861cf,H1,1,45,71,25973,27236,26040,27300
edit_write,7b70853f946d5f7d1e576c3384b501606a907461bb58999d1e1e2540e2b861cf,H1,2,33,37,25926,27891,25962,27929
edit_write,7b70853f946d5f7d1e576c3384b501606a907461bb58999d1e1e2540e2b861cf,H2,0,93,115,9040,9948,9104,10050
edit_write,7b70853f946d5f7d1e576c3384b501606a907461bb58999d1e1e2540e2b861cf,H2,1,80,120,9236,9700,9324,9767
edit_write,7b70853f946d5f7d1e576c3384b501606a907461bb58999d1e1e2540e2b861cf,H2,2,83,113,8861,9579,8939,9683
edit_write,7b70853f946d5f7d1e576c3384b501606a907461bb58999d1e1e2540e2b861cf,H0,0,47,63,16193,17884,16241,17935
edit_write,7b70853f946d5f7d1e576c3384b501606a907461bb58999d1e1e2540e2b861cf,H0,1,32,37,16044,17254,16073,17289
edit_write,7b70853f946d5f7d1e576c3384b501606a907461bb58999d1e1e2540e2b861cf,H0,2,32,41,15283,15533,15321,15565
edit_write,7b70853f946d5f7d1e576c3384b501606a907461bb58999d1e1e2540e2b861cf,H3,0,1145,1240,6876,7366,8027,8606
edit_write,7b70853f946d5f7d1e576c3384b501606a907461bb58999d1e1e2540e2b861cf,H3,1,1179,1228,7131,7708,8291,8853
edit_write,7b70853f946d5f7d1e576c3384b501606a907461bb58999d1e1e2540e2b861cf,H3,2,1060,1158,7082,7416,8140,8526
edit_write,7b70853f946d5f7d1e576c3384b501606a907461bb58999d1e1e2540e2b861cf,H4,0,177,236,4690,12716,4863,12879
edit_write,7b70853f946d5f7d1e576c3384b501606a907461bb58999d1e1e2540e2b861cf,H4,1,199,227,4856,5491,5059,5780
edit_write,7b70853f946d5f7d1e576c3384b501606a907461bb58999d1e1e2540e2b861cf,H4,2,161,196,4747,5246,4938,5409
edit_write,7b9cd2e241c7e76e74b0eb78f917ad692e11cf5912110fc0ba2ea177e923249f,H1,0,56,80,2655,2834,2705,2903
edit_write,7b9cd2e241c7e76e74b0eb78f917ad692e11cf5912110fc0ba2ea177e923249f,H1,1,57,76,2646,2853,2707,2918
edit_write,7b9cd2e241c7e76e74b0eb78f917ad692e11cf5912110fc0ba2ea177e923249f,H1,2,27,32,1291,1407,1318,1435
edit_write,7b9cd2e241c7e76e74b0eb78f917ad692e11cf5912110fc0ba2ea177e923249f,H2,0,63,100,2749,3024,2806,3123
edit_write,7b9cd2e241c7e76e74b0eb78f917ad692e11cf5912110fc0ba2ea177e923249f,H2,1,83,120,2905,3293,2995,3414
edit_write,7b9cd2e241c7e76e74b0eb78f917ad692e11cf5912110fc0ba2ea177e923249f,H2,2,27,38,1334,1484,1361,1510
edit_write,7b9cd2e241c7e76e74b0eb78f917ad692e11cf5912110fc0ba2ea177e923249f,H0,0,66,91,1594,1694,1656,1784
edit_write,7b9cd2e241c7e76e74b0eb78f917ad692e11cf5912110fc0ba2ea177e923249f,H0,1,50,74,1597,1698,1652,1772
edit_write,7b9cd2e241c7e76e74b0eb78f917ad692e11cf5912110fc0ba2ea177e923249f,H0,2,28,34,774,856,798,890
edit_write,7b9cd2e241c7e76e74b0eb78f917ad692e11cf5912110fc0ba2ea177e923249f,H3,0,462,571,2575,2886,3001,3401
edit_write,7b9cd2e241c7e76e74b0eb78f917ad692e11cf5912110fc0ba2ea177e923249f,H3,1,439,513,2634,3082,3061,3561
edit_write,7b9cd2e241c7e76e74b0eb78f917ad692e11cf5912110fc0ba2ea177e923249f,H3,2,224,301,1277,1482,1493,1772
edit_write,7b9cd2e241c7e76e74b0eb78f917ad692e11cf5912110fc0ba2ea177e923249f,H4,0,104,135,2124,2458,2227,2593
edit_write,7b9cd2e241c7e76e74b0eb78f917ad692e11cf5912110fc0ba2ea177e923249f,H4,1,118,153,2236,2517,2354,2658
edit_write,7b9cd2e241c7e76e74b0eb78f917ad692e11cf5912110fc0ba2ea177e923249f,H4,2,40,77,1039,1284,1078,1361
edit_write,7bead3e0928cd4b0e3f5db78ec77368f869dc72f1b59956265ea56bdc390b87c,H1,0,44,56,9858,10582,9910,10625
edit_write,7bead3e0928cd4b0e3f5db78ec77368f869dc72f1b59956265ea56bdc390b87c,H1,1,45,64,10275,10860,10328,10903
edit_write,7bead3e0928cd4b0e3f5db78ec77368f869dc72f1b59956265ea56bdc390b87c,H1,2,38,48,9660,15164,9699,15202
edit_write,7bead3e0928cd4b0e3f5db78ec77368f869dc72f1b59956265ea56bdc390b87c,H2,0,74,107,11743,12692,11817,12812
edit_write,7bead3e0928cd4b0e3f5db78ec77368f869dc72f1b59956265ea56bdc390b87c,H2,1,80,116,12210,13209,12271,13313
edit_write,7bead3e0928cd4b0e3f5db78ec77368f869dc72f1b59956265ea56bdc390b87c,H2,2,91,123,11641,12586,11734,12692
edit_write,7bead3e0928cd4b0e3f5db78ec77368f869dc72f1b59956265ea56bdc390b87c,H0,0,42,47,27930,39642,27971,39685
edit_write,7bead3e0928cd4b0e3f5db78ec77368f869dc72f1b59956265ea56bdc390b87c,H0,1,32,37,27336,29613,27366,29636
edit_write,7bead3e0928cd4b0e3f5db78ec77368f869dc72f1b59956265ea56bdc390b87c,H0,2,31,48,26824,28679,26871,28704
edit_write,7bead3e0928cd4b0e3f5db78ec77368f869dc72f1b59956265ea56bdc390b87c,H3,0,1633,1732,8764,20242,10387,21828
edit_write,7bead3e0928cd4b0e3f5db78ec77368f869dc72f1b59956265ea56bdc390b87c,H3,1,1564,1768,9074,9907,10682,11675
edit_write,7bead3e0928cd4b0e3f5db78ec77368f869dc72f1b59956265ea56bdc390b87c,H3,2,1565,1668,8623,9535,10198,11166
edit_write,7bead3e0928cd4b0e3f5db78ec77368f869dc72f1b59956265ea56bdc390b87c,H4,0,252,297,4700,5145,4965,5442
edit_write,7bead3e0928cd4b0e3f5db78ec77368f869dc72f1b59956265ea56bdc390b87c,H4,1,285,364,5272,5923,5534,6256
edit_write,7bead3e0928cd4b0e3f5db78ec77368f869dc72f1b59956265ea56bdc390b87c,H4,2,281,316,5046,5707,5304,5996
edit_write,7d5c9e88c4b5e2dc31112982694389b38a4f0f71ff398a6105dbad45e00005ee,H1,0,42,50,18226,22802,18264,22845
edit_write,7d5c9e88c4b5e2dc31112982694389b38a4f0f71ff398a6105dbad45e00005ee,H1,1,40,52,18188,22220,18225,22265
edit_write,7d5c9e88c4b5e2dc31112982694389b38a4f0f71ff398a6105dbad45e00005ee,H1,2,41,45,17576,22138,17621,22178
edit_write,7d5c9e88c4b5e2dc31112982694389b38a4f0f71ff398a6105dbad45e00005ee,H2,0,68,97,5432,5924,5508,5999
edit_write,7d5c9e88c4b5e2dc31112982694389b38a4f0f71ff398a6105dbad45e00005ee,H2,1,67,97,5973,6472,6058,6562
edit_write,7d5c9e88c4b5e2dc31112982694389b38a4f0f71ff398a6105dbad45e00005ee,H2,2,64,86,5357,5473,5431,5538
edit_write,7d5c9e88c4b5e2dc31112982694389b38a4f0f71ff398a6105dbad45e00005ee,H0,0,42,50,15613,16802,15653,16853
edit_write,7d5c9e88c4b5e2dc31112982694389b38a4f0f71ff398a6105dbad45e00005ee,H0,1,33,40,17045,29773,17080,29811
edit_write,7d5c9e88c4b5e2dc31112982694389b38a4f0f71ff398a6105dbad45e00005ee,H0,2,28,35,15676,16165,15707,16197
edit_write,7d5c9e88c4b5e2dc31112982694389b38a4f0f71ff398a6105dbad45e00005ee,H3,0,564,664,4146,4709,4710,5373
edit_write,7d5c9e88c4b5e2dc31112982694389b38a4f0f71ff398a6105dbad45e00005ee,H3,1,511,591,4380,5074,4893,5665
edit_write,7d5c9e88c4b5e2dc31112982694389b38a4f0f71ff398a6105dbad45e00005ee,H3,2,497,561,4170,4579,4682,5112
edit_write,7d5c9e88c4b5e2dc31112982694389b38a4f0f71ff398a6105dbad45e00005ee,H4,0,118,157,2603,2943,2723,3091
edit_write,7d5c9e88c4b5e2dc31112982694389b38a4f0f71ff398a6105dbad45e00005ee,H4,1,110,155,2634,2803,2754,2958
edit_write,7d5c9e88c4b5e2dc31112982694389b38a4f0f71ff398a6105dbad45e00005ee,H4,2,93,110,2492,2803,2589,2913
edit_write,7e94ac02dde8d70eaaf5e8e61127c49acd493143f24236f8d7df688622327689,H1,0,45,51,47902,54817,47949,54868
edit_write,7e94ac02dde8d70eaaf5e8e61127c49acd493143f24236f8d7df688622327689,H1,1,44,67,48626,55177,48663,55222
edit_write,7e94ac02dde8d70eaaf5e8e61127c49acd493143f24236f8d7df688622327689,H1,2,37,40,48492,62004,48528,62043
edit_write,7e94ac02dde8d70eaaf5e8e61127c49acd493143f24236f8d7df688622327689,H2,0,88,114,38718,50646,38807,50728
edit_write,7e94ac02dde8d70eaaf5e8e61127c49acd493143f24236f8d7df688622327689,H2,1,117,137,39594,54672,39705,54797
edit_write,7e94ac02dde8d70eaaf5e8e61127c49acd493143f24236f8d7df688622327689,H2,2,117,146,39117,50127,39263,50289
edit_write,7e94ac02dde8d70eaaf5e8e61127c49acd493143f24236f8d7df688622327689,H0,0,42,49,24070,25882,24113,25924
edit_write,7e94ac02dde8d70eaaf5e8e61127c49acd493143f24236f8d7df688622327689,H0,1,34,41,23447,25144,23476,25185
edit_write,7e94ac02dde8d70eaaf5e8e61127c49acd493143f24236f8d7df688622327689,H0,2,31,46,23423,35064,23460,35086
edit_write,7e94ac02dde8d70eaaf5e8e61127c49acd493143f24236f8d7df688622327689,H3,0,2155,2364,40094,41707,42196,44091
edit_write,7e94ac02dde8d70eaaf5e8e61127c49acd493143f24236f8d7df688622327689,H3,1,2059,2223,37554,49793,39613,51898
edit_write,7e94ac02dde8d70eaaf5e8e61127c49acd493143f24236f8d7df688622327689,H3,2,1996,2278,38989,41186,40991,44359
edit_write,7e94ac02dde8d70eaaf5e8e61127c49acd493143f24236f8d7df688622327689,H4,0,344,391,35082,37136,35419,37522
edit_write,7e94ac02dde8d70eaaf5e8e61127c49acd493143f24236f8d7df688622327689,H4,1,363,408,35796,56591,36173,56975
edit_write,7e94ac02dde8d70eaaf5e8e61127c49acd493143f24236f8d7df688622327689,H4,2,307,380,34927,37023,35257,37375
edit_write,7eaa6df2c96ac2dd353a86a9e74f3724559b94da70cb07b400a4e0ba86c57a4e,H1,0,43,48,35940,39524,35983,39568
edit_write,7eaa6df2c96ac2dd353a86a9e74f3724559b94da70cb07b400a4e0ba86c57a4e,H1,1,49,70,35873,43173,35924,43222
edit_write,7eaa6df2c96ac2dd353a86a9e74f3724559b94da70cb07b400a4e0ba86c57a4e,H1,2,44,57,36520,48473,36570,48520
edit_write,7eaa6df2c96ac2dd353a86a9e74f3724559b94da70cb07b400a4e0ba86c57a4e,H2,0,83,107,14013,26290,14120,26374
edit_write,7eaa6df2c96ac2dd353a86a9e74f3724559b94da70cb07b400a4e0ba86c57a4e,H2,1,76,94,14067,15714,14128,15805
edit_write,7eaa6df2c96ac2dd353a86a9e74f3724559b94da70cb07b400a4e0ba86c57a4e,H2,2,100,137,13890,15180,14004,15279
edit_write,7eaa6df2c96ac2dd353a86a9e74f3724559b94da70cb07b400a4e0ba86c57a4e,H0,0,44,55,21578,26593,21606,26638
edit_write,7eaa6df2c96ac2dd353a86a9e74f3724559b94da70cb07b400a4e0ba86c57a4e,H0,1,37,60,21908,27178,21938,27217
edit_write,7eaa6df2c96ac2dd353a86a9e74f3724559b94da70cb07b400a4e0ba86c57a4e,H0,2,35,50,20903,33219,20941,33263
edit_write,7eaa6df2c96ac2dd353a86a9e74f3724559b94da70cb07b400a4e0ba86c57a4e,H3,0,1483,1668,11745,12952,13251,14670
edit_write,7eaa6df2c96ac2dd353a86a9e74f3724559b94da70cb07b400a4e0ba86c57a4e,H3,1,1510,1723,12277,14611,13710,16451
edit_write,7eaa6df2c96ac2dd353a86a9e74f3724559b94da70cb07b400a4e0ba86c57a4e,H3,2,1441,1646,12044,13359,13521,15048
edit_write,7eaa6df2c96ac2dd353a86a9e74f3724559b94da70cb07b400a4e0ba86c57a4e,H4,0,263,320,8487,8925,8737,9213
edit_write,7eaa6df2c96ac2dd353a86a9e74f3724559b94da70cb07b400a4e0ba86c57a4e,H4,1,279,344,8888,20667,9203,20994
edit_write,7eaa6df2c96ac2dd353a86a9e74f3724559b94da70cb07b400a4e0ba86c57a4e,H4,2,212,268,8558,9300,8747,9537
edit_write,7fdb3ed3e9c8d0284723f10bab37cc1e8227df4bcb19db973367f64678f93221,H1,0,43,50,45521,58050,45565,58097
edit_write,7fdb3ed3e9c8d0284723f10bab37cc1e8227df4bcb19db973367f64678f93221,H1,1,47,67,46603,64607,46652,64654
edit_write,7fdb3ed3e9c8d0284723f10bab37cc1e8227df4bcb19db973367f64678f93221,H1,2,34,38,46672,52707,46703,52740
edit_write,7fdb3ed3e9c8d0284723f10bab37cc1e8227df4bcb19db973367f64678f93221,H2,0,91,109,37571,61950,37656,62037
edit_write,7fdb3ed3e9c8d0284723f10bab37cc1e8227df4bcb19db973367f64678f93221,H2,1,80,140,37729,49550,37809,49655
edit_write,7fdb3ed3e9c8d0284723f10bab37cc1e8227df4bcb19db973367f64678f93221,H2,2,110,135,38084,57403,38193,57513
edit_write,7fdb3ed3e9c8d0284723f10bab37cc1e8227df4bcb19db973367f64678f93221,H0,0,44,52,23256,34649,23297,34693
edit_write,7fdb3ed3e9c8d0284723f10bab37cc1e8227df4bcb19db973367f64678f93221,H0,1,34,47,23042,24380,23079,24420
edit_write,7fdb3ed3e9c8d0284723f10bab37cc1e8227df4bcb19db973367f64678f93221,H0,2,32,64,24736,37433,24774,37476
edit_write,7fdb3ed3e9c8d0284723f10bab37cc1e8227df4bcb19db973367f64678f93221,H3,0,2961,3266,36895,49038,39824,52152
edit_write,7fdb3ed3e9c8d0284723f10bab37cc1e8227df4bcb19db973367f64678f93221,H3,1,2862,3128,37397,56155,40274,58943
edit_write,7fdb3ed3e9c8d0284723f10bab37cc1e8227df4bcb19db973367f64678f93221,H3,2,2835,3187,37954,50090,40740,53043
edit_write,7fdb3ed3e9c8d0284723f10bab37cc1e8227df4bcb19db973367f64678f93221,H4,0,345,407,34365,46850,34748,47166
edit_write,7fdb3ed3e9c8d0284723f10bab37cc1e8227df4bcb19db973367f64678f93221,H4,1,366,440,34001,41084,34384,41416
edit_write,7fdb3ed3e9c8d0284723f10bab37cc1e8227df4bcb19db973367f64678f93221,H4,2,315,384,33722,36378,34037,36762
edit_write,8066098647a37f0152c216f31ccbcae39de413f548b80f6a213b0782ac5f3512,H1,0,43,48,72229,91942,72270,91986
edit_write,8066098647a37f0152c216f31ccbcae39de413f548b80f6a213b0782ac5f3512,H1,1,60,70,74497,98833,74567,98899
edit_write,8066098647a37f0152c216f31ccbcae39de413f548b80f6a213b0782ac5f3512,H1,2,37,43,71756,92804,71795,92836
edit_write,8066098647a37f0152c216f31ccbcae39de413f548b80f6a213b0782ac5f3512,H2,0,116,150,19942,33221,20072,33351
edit_write,8066098647a37f0152c216f31ccbcae39de413f548b80f6a213b0782ac5f3512,H2,1,107,180,20090,44181,20197,44281
edit_write,8066098647a37f0152c216f31ccbcae39de413f548b80f6a213b0782ac5f3512,H2,2,128,155,19930,20806,20056,20947
edit_write,8066098647a37f0152c216f31ccbcae39de413f548b80f6a213b0782ac5f3512,H0,0,45,54,48450,62983,48499,63027
edit_write,8066098647a37f0152c216f31ccbcae39de413f548b80f6a213b0782ac5f3512,H0,1,36,40,48622,50044,48659,50080
edit_write,8066098647a37f0152c216f31ccbcae39de413f548b80f6a213b0782ac5f3512,H0,2,34,71,48152,63689,48186,63729
edit_write,8066098647a37f0152c216f31ccbcae39de413f548b80f6a213b0782ac5f3512,H3,0,2443,2611,16329,34904,18736,37507
edit_write,8066098647a37f0152c216f31ccbcae39de413f548b80f6a213b0782ac5f3512,H3,1,2526,2691,16172,16613,18718,19241
edit_write,8066098647a37f0152c216f31ccbcae39de413f548b80f6a213b0782ac5f3512,H3,2,2495,2745,16323,18030,18745,20911
edit_write,8066098647a37f0152c216f31ccbcae39de413f548b80f6a213b0782ac5f3512,H4,0,440,482,9493,10182,9973,10667
edit_write,8066098647a37f0152c216f31ccbcae39de413f548b80f6a213b0782ac5f3512,H4,1,407,442,9456,9899,9863,10322
edit_write,8066098647a37f0152c216f31ccbcae39de413f548b80f6a213b0782ac5f3512,H4,2,448,495,9421,10646,9869,11100
edit_write,808db073a4fb2b3b431241533696cc0aafbef7513bf72cdf11198287228a80b1,H1,0,43,47,1829,2001,1873,2046
edit_write,808db073a4fb2b3b431241533696cc0aafbef7513bf72cdf11198287228a80b1,H1,1,29,39,1858,1980,1881,2019
edit_write,808db073a4fb2b3b431241533696cc0aafbef7513bf72cdf11198287228a80b1,H1,2,26,28,1772,1853,1795,1877
edit_write,808db073a4fb2b3b431241533696cc0aafbef7513bf72cdf11198287228a80b1,H2,0,53,82,2358,2573,2410,2655
edit_write,808db073a4fb2b3b431241533696cc0aafbef7513bf72cdf11198287228a80b1,H2,1,65,83,2276,2560,2348,2630
edit_write,808db073a4fb2b3b431241533696cc0aafbef7513bf72cdf11198287228a80b1,H2,2,46,57,2251,2472,2292,2523
edit_write,808db073a4fb2b3b431241533696cc0aafbef7513bf72cdf11198287228a80b1,H0,0,42,49,1424,1477,1466,1520
edit_write,808db073a4fb2b3b431241533696cc0aafbef7513bf72cdf11198287228a80b1,H0,1,28,34,1389,1477,1419,1511
edit_write,808db073a4fb2b3b431241533696cc0aafbef7513bf72cdf11198287228a80b1,H0,2,26,28,1376,1476,1404,1505
edit_write,808db073a4fb2b3b431241533696cc0aafbef7513bf72cdf11198287228a80b1,H3,0,319,438,1951,2720,2266,3158
edit_write,808db073a4fb2b3b431241533696cc0aafbef7513bf72cdf11198287228a80b1,H3,1,308,384,2002,2314,2317,2619
edit_write,808db073a4fb2b3b431241533696cc0aafbef7513bf72cdf11198287228a80b1,H3,2,317,388,1919,2131,2218,2492
edit_write,808db073a4fb2b3b431241533696cc0aafbef7513bf72cdf11198287228a80b1,H4,0,55,63,1237,1372,1298,1428
edit_write,808db073a4fb2b3b431241533696cc0aafbef7513bf72cdf11198287228a80b1,H4,1,53,103,1262,1480,1313,1581
edit_write,808db073a4fb2b3b431241533696cc0aafbef7513bf72cdf11198287228a80b1,H4,2,45,66,1176,1346,1222,1397
edit_write,81815860e8d1363939917aaae82838019da5c7eaa1dee341a77feb063c222b3e,H1,0,45,66,70578,84865,70636,84909
edit_write,81815860e8d1363939917aaae82838019da5c7eaa1dee341a77feb063c222b3e,H1,1,58,77,71493,91950,71545,92019
edit_write,81815860e8d1363939917aaae82838019da5c7eaa1dee341a77feb063c222b3e,H1,2,34,44,69962,77068,69993,77101
edit_write,81815860e8d1363939917aaae82838019da5c7eaa1dee341a77feb063c222b3e,H2,0,92,121,20724,22259,20811,22356
edit_write,81815860e8d1363939917aaae82838019da5c7eaa1dee341a77feb063c222b3e,H2,1,103,122,21479,23069,21585,23191
edit_write,81815860e8d1363939917aaae82838019da5c7eaa1dee341a77feb063c222b3e,H2,2,115,142,20702,21576,20823,21692
edit_write,81815860e8d1363939917aaae82838019da5c7eaa1dee341a77feb063c222b3e,H0,0,43,54,45147,62544,45177,62572
edit_write,81815860e8d1363939917aaae82838019da5c7eaa1dee341a77feb063c222b3e,H0,1,36,43,44729,57009,44766,57040
edit_write,81815860e8d1363939917aaae82838019da5c7eaa1dee341a77feb063c222b3e,H0,2,34,46,43072,44347,43119,44386
edit_write,81815860e8d1363939917aaae82838019da5c7eaa1dee341a77feb063c222b3e,H3,0,2714,2958,17461,19002,20068,22117
edit_write,81815860e8d1363939917aaae82838019da5c7eaa1dee341a77feb063c222b3e,H3,1,2668,2822,17366,18318,20024,21171
edit_write,81815860e8d1363939917aaae82838019da5c7eaa1dee341a77feb063c222b3e,H3,2,2603,2749,17311,18989,19981,21738
edit_write,81815860e8d1363939917aaae82838019da5c7eaa1dee341a77feb063c222b3e,H4,0,588,632,12369,13261,12947,13858
edit_write,81815860e8d1363939917aaae82838019da5c7eaa1dee341a77feb063c222b3e,H4,1,548,674,12440,13609,13002,14238
edit_write,81815860e8d1363939917aaae82838019da5c7eaa1dee341a77feb063c222b3e,H4,2,524,589,12098,12623,12602,13180
edit_write,8196468a2a94316d1819ccdee437ec9f0d39c85bbdcada00faf8001f40f819b8,H1,0,45,57,10211,10850,10254,10896
edit_write,8196468a2a94316d1819ccdee437ec9f0d39c85bbdcada00faf8001f40f819b8,H1,1,52,65,10117,10746,10178,10795
edit_write,8196468a2a94316d1819ccdee437ec9f0d39c85bbdcada00faf8001f40f819b8,H1,2,38,40,9940,10587,9973,10626
edit_write,8196468a2a94316d1819ccdee437ec9f0d39c85bbdcada00faf8001f40f819b8,H2,0,60,94,19520,20647,19577,20730
edit_write,8196468a2a94316d1819ccdee437ec9f0d39c85bbdcada00faf8001f40f819b8,H2,1,81,112,19163,20309,19269,20396
edit_write,8196468a2a94316d1819ccdee437ec9f0d39c85bbdcada00faf8001f40f819b8,H2,2,96,118,19052,19393,19147,19493
edit_write,8196468a2a94316d1819ccdee437ec9f0d39c85bbdcada00faf8001f40f819b8,H0,0,45,55,31816,34319,31859,34377
edit_write,8196468a2a94316d1819ccdee437ec9f0d39c85bbdcada00faf8001f40f819b8,H0,1,36,40,31130,33275,31167,33311
edit_write,8196468a2a94316d1819ccdee437ec9f0d39c85bbdcada00faf8001f40f819b8,H0,2,30,34,31585,32312,31606,32337
edit_write,8196468a2a94316d1819ccdee437ec9f0d39c85bbdcada00faf8001f40f819b8,H3,0,2163,2323,15789,21307,17964,23372
edit_write,8196468a2a94316d1819ccdee437ec9f0d39c85bbdcada00faf8001f40f819b8,H3,1,2223,2346,15691,16836,17927,19332
edit_write,8196468a2a94316d1819ccdee437ec9f0d39c85bbdcada00faf8001f40f819b8,H3,2,1995,2230,15140,15980,17131,18817
edit_write,8196468a2a94316d1819ccdee437ec9f0d39c85bbdcada00faf8001f40f819b8,H4,0,276,309,7559,8129,7831,8397
edit_write,8196468a2a94316d1819ccdee437ec9f0d39c85bbdcada00faf8001f40f819b8,H4,1,290,327,7470,8295,7772,8639
edit_write,8196468a2a94316d1819ccdee437ec9f0d39c85bbdcada00faf8001f40f819b8,H4,2,320,351,7553,7977,7855,8347
edit_write,81fdea3ccfb4e45255aba7bbea58f27d5b84fd18df33ff75a84b61a1c0352ebb,H1,0,45,49,17727,19934,17770,19981
edit_write,81fdea3ccfb4e45255aba7bbea58f27d5b84fd18df33ff75a84b61a1c0352ebb,H1,1,44,54,17979,19186,18022,19238
edit_write,81fdea3ccfb4e45255aba7bbea58f27d5b84fd18df33ff75a84b61a1c0352ebb,H1,2,89,135,33335,44192,33417,44265
edit_write,81fdea3ccfb4e45255aba7bbea58f27d5b84fd18df33ff75a84b61a1c0352ebb,H2,0,57,96,4902,5500,4989,5590
edit_write,81fdea3ccfb4e45255aba7bbea58f27d5b84fd18df33ff75a84b61a1c0352ebb,H2,1,75,89,4904,5294,4978,5372
edit_write,81fdea3ccfb4e45255aba7bbea58f27d5b84fd18df33ff75a84b61a1c0352ebb,H2,2,180,211,9892,21559,10061,21770
edit_write,81fdea3ccfb4e45255aba7bbea58f27d5b84fd18df33ff75a84b61a1c0352ebb,H0,0,42,53,15720,16691,15766,16735
edit_write,81fdea3ccfb4e45255aba7bbea58f27d5b84fd18df33ff75a84b61a1c0352ebb,H0,1,27,36,15864,21981,15891,22004
edit_write,81fdea3ccfb4e45255aba7bbea58f27d5b84fd18df33ff75a84b61a1c0352ebb,H0,2,117,669,29941,36474,30239,36591
edit_write,81fdea3ccfb4e45255aba7bbea58f27d5b84fd18df33ff75a84b61a1c0352ebb,H3,0,544,623,3776,4097,4347,4720
edit_write,81fdea3ccfb4e45255aba7bbea58f27d5b84fd18df33ff75a84b61a1c0352ebb,H3,1,511,589,3753,4138,4273,4649
edit_write,81fdea3ccfb4e45255aba7bbea58f27d5b84fd18df33ff75a84b61a1c0352ebb,H3,2,1001,1197,7126,7757,8085,8753
edit_write,81fdea3ccfb4e45255aba7bbea58f27d5b84fd18df33ff75a84b61a1c0352ebb,H4,0,115,137,2028,2534,2129,2655
edit_write,81fdea3ccfb4e45255aba7bbea58f27d5b84fd18df33ff75a84b61a1c0352ebb,H4,1,116,150,2104,2525,2224,2704
edit_write,81fdea3ccfb4e45255aba7bbea58f27d5b84fd18df33ff75a84b61a1c0352ebb,H4,2,257,306,4530,5198,4783,5450
edit_write,82c60937300de0b2bf3ef53fcdd12983e5dbfaef9490d320d5fff82b13d0dabb,H1,0,43,51,12370,13392,12413,13440
edit_write,82c60937300de0b2bf3ef53fcdd12983e5dbfaef9490d320d5fff82b13d0dabb,H1,1,43,59,12289,13263,12340,13305
edit_write,82c60937300de0b2bf3ef53fcdd12983e5dbfaef9490d320d5fff82b13d0dabb,H1,2,41,47,12286,12721,12317,12762
edit_write,82c60937300de0b2bf3ef53fcdd12983e5dbfaef9490d320d5fff82b13d0dabb,H2,0,58,98,28459,40474,28517,40537
edit_write,82c60937300de0b2bf3ef53fcdd12983e5dbfaef9490d320d5fff82b13d0dabb,H2,1,82,99,26802,28711,26867,28801
edit_write,82c60937300de0b2bf3ef53fcdd12983e5dbfaef9490d320d5fff82b13d0dabb,H2,2,185,287,47041,48725,47315,48896
edit_write,82c60937300de0b2bf3ef53fcdd12983e5dbfaef9490d320d5fff82b13d0dabb,H0,0,46,58,31013,43668,31057,43715
edit_write,82c60937300de0b2bf3ef53fcdd12983e5dbfaef9490d320d5fff82b13d0dabb,H0,1,35,40,30884,32926,30925,32966
edit_write,82c60937300de0b2bf3ef53fcdd12983e5dbfaef9490d320d5fff82b13d0dabb,H0,2,71,115,62221,68413,62295,68486
edit_write,82c60937300de0b2bf3ef53fcdd12983e5dbfaef9490d320d5fff82b13d0dabb,H3,0,1397,1574,22969,24212,24375,25869
edit_write,82c60937300de0b2bf3ef53fcdd12983e5dbfaef9490d320d5fff82b13d0dabb,H3,1,1427,1524,22857,24534,24287,26058
edit_write,82c60937300de0b2bf3ef53fcdd12983e5dbfaef9490d320d5fff82b13d0dabb,H3,2,1418,1491,22957,29627,24366,31007
edit_write,82c60937300de0b2bf3ef53fcdd12983e5dbfaef9490d320d5fff82b13d0dabb,H4,0,261,300,12119,13067,12376,13367
edit_write,82c60937300de0b2bf3ef53fcdd12983e5dbfaef9490d320d5fff82b13d0dabb,H4,1,275,318,12039,13048,12329,13377
edit_write,82c60937300de0b2bf3ef53fcdd12983e5dbfaef9490d320d5fff82b13d0dabb,H4,2,453,499,22277,23369,22760,23874
edit_write,82f4fca7f6b35beb7567e37839ed9166f5dda3effe1818cdef2980b56e32205c,H1,0,43,49,11505,12233,11551,12277
edit_write,82f4fca7f6b35beb7567e37839ed9166f5dda3effe1818cdef2980b56e32205c,H1,1,41,58,11723,18166,11768,18207
edit_write,82f4fca7f6b35beb7567e37839ed9166f5dda3effe1818cdef2980b56e32205c,H1,2,35,53,11835,12584,11878,12637
edit_write,82f4fca7f6b35beb7567e37839ed9166f5dda3effe1818cdef2980b56e32205c,H2,0,63,118,9949,10711,10024,10763
edit_write,82f4fca7f6b35beb7567e37839ed9166f5dda3effe1818cdef2980b56e32205c,H2,1,76,83,10209,11056,10288,11137
edit_write,82f4fca7f6b35beb7567e37839ed9166f5dda3effe1818cdef2980b56e32205c,H2,2,83,119,9575,10261,9695,10370
edit_write,82f4fca7f6b35beb7567e37839ed9166f5dda3effe1818cdef2980b56e32205c,H0,0,44,48,18409,19501,18451,19547
edit_write,82f4fca7f6b35beb7567e37839ed9166f5dda3effe1818cdef2980b56e32205c,H0,1,41,59,19527,31104,19562,31154
edit_write,82f4fca7f6b35beb7567e37839ed9166f5dda3effe1818cdef2980b56e32205c,H0,2,34,49,17899,19147,17944,19180
edit_write,82f4fca7f6b35beb7567e37839ed9166f5dda3effe1818cdef2980b56e32205c,H3,0,1278,1400,7275,18442,8566,19823
edit_write,82f4fca7f6b35beb7567e37839ed9166f5dda3effe1818cdef2980b56e32205c,H3,1,1304,1440,7359,7766,8678,9126
edit_write,82f4fca7f6b35beb7567e37839ed9166f5dda3effe1818cdef2980b56e32205c,H3,2,1224,1297,6818,7513,8033,8907
edit_write,82f4fca7f6b35beb7567e37839ed9166f5dda3effe1818cdef2980b56e32205c,H4,0,225,248,4169,4451,4384,4674
edit_write,82f4fca7f6b35beb7567e37839ed9166f5dda3effe1818cdef2980b56e32205c,H4,1,250,305,4117,4719,4359,5003
edit_write,82f4fca7f6b35beb7567e37839ed9166f5dda3effe1818cdef2980b56e32205c,H4,2,246,284,4050,4378,4300,4653
edit_write,8306b1003f14faeed2726556e7c5f47ece2ffe4deee6e3f812c36979b66281f0,H1,0,63,71,26381,28266,26447,28312
edit_write,8306b1003f14faeed2726556e7c5f47ece2ffe4deee6e3f812c36979b66281f0,H1,1,49,73,27672,29776,27719,29822
edit_write,8306b1003f14faeed2726556e7c5f47ece2ffe4deee6e3f812c36979b66281f0,H1,2,36,64,28712,36536,28742,36569
edit_write,8306b1003f14faeed2726556e7c5f47ece2ffe4deee6e3f812c36979b66281f0,H2,0,106,140,20017,21470,20145,21609
edit_write,8306b1003f14faeed2726556e7c5f47ece2ffe4deee6e3f812c36979b66281f0,H2,1,108,132,20656,21975,20765,22052
edit_write,8306b1003f14faeed2726556e7c5f47ece2ffe4deee6e3f812c36979b66281f0,H2,2,117,161,21227,22134,21344,22255
edit_write,8306b1003f14faeed2726556e7c5f47ece2ffe4deee6e3f812c36979b66281f0,H0,0,43,51,55655,65109,55695,65151
edit_write,8306b1003f14faeed2726556e7c5f47ece2ffe4deee6e3f812c36979b66281f0,H0,1,36,39,55519,71240,55552,71278
edit_write,8306b1003f14faeed2726556e7c5f47ece2ffe4deee6e3f812c36979b66281f0,H0,2,31,35,54812,62022,54843,62053
edit_write,8306b1003f14faeed2726556e7c5f47ece2ffe4deee6e3f812c36979b66281f0,H3,0,3240,3471,16257,27372,19540,30642
edit_write,8306b1003f14faeed2726556e7c5f47ece2ffe4deee6e3f812c36979b66281f0,H3,1,3096,3306,16532,17622,19599,20859
edit_write,8306b1003f14faeed2726556e7c5f47ece2ffe4deee6e3f812c36979b66281f0,H3,2,3134,3345,16366,16888,19547,20045
edit_write,8306b1003f14faeed2726556e7c5f47ece2ffe4deee6e3f812c36979b66281f0,H4,0,543,679,12333,13538,12796,14085
edit_write,8306b1003f14faeed2726556e7c5f47ece2ffe4deee6e3f812c36979b66281f0,H4,1,509,559,12193,13074,12667,13583
edit_write,8306b1003f14faeed2726556e7c5f47ece2ffe4deee6e3f812c36979b66281f0,H4,2,506,549,12409,13265,12915,13726
edit_write,8513c625573e57cbe4f5a82969af1f52dc1728577c02b618387175bbdad735ca,H1,0,44,50,22548,24837,22592,24884
edit_write,8513c625573e57cbe4f5a82969af1f52dc1728577c02b618387175bbdad735ca,H1,1,44,70,22777,28713,22817,28748
edit_write,8513c625573e57cbe4f5a82969af1f52dc1728577c02b618387175bbdad735ca,H1,2,41,45,22639,24266,22680,24313
edit_write,8513c625573e57cbe4f5a82969af1f52dc1728577c02b618387175bbdad735ca,H2,0,66,101,9835,15967,9916,16057
edit_write,8513c625573e57cbe4f5a82969af1f52dc1728577c02b618387175bbdad735ca,H2,1,68,88,9555,10335,9626,10423
edit_write,8513c625573e57cbe4f5a82969af1f52dc1728577c02b618387175bbdad735ca,H2,2,78,107,9466,10014,9552,10081
edit_write,8513c625573e57cbe4f5a82969af1f52dc1728577c02b618387175bbdad735ca,H0,0,43,63,13600,14729,13631,14783
edit_write,8513c625573e57cbe4f5a82969af1f52dc1728577c02b618387175bbdad735ca,H0,1,34,55,13350,14747,13385,14798
edit_write,8513c625573e57cbe4f5a82969af1f52dc1728577c02b618387175bbdad735ca,H0,2,26,37,13003,13566,13026,13597
edit_write,8513c625573e57cbe4f5a82969af1f52dc1728577c02b618387175bbdad735ca,H3,0,1153,1301,7489,8314,8574,9611
edit_write,8513c625573e57cbe4f5a82969af1f52dc1728577c02b618387175bbdad735ca,H3,1,1142,1252,7255,7896,8404,9137
edit_write,8513c625573e57cbe4f5a82969af1f52dc1728577c02b618387175bbdad735ca,H3,2,1135,1280,7419,8306,8550,9586
edit_write,8513c625573e57cbe4f5a82969af1f52dc1728577c02b618387175bbdad735ca,H4,0,176,230,4892,5351,5091,5598
edit_write,8513c625573e57cbe4f5a82969af1f52dc1728577c02b618387175bbdad735ca,H4,1,209,244,5024,5416,5221,5643
edit_write,8513c625573e57cbe4f5a82969af1f52dc1728577c02b618387175bbdad735ca,H4,2,167,194,4851,5326,5020,5517
edit_write,8751b5cd8453f60efd97861a4e26576d6fa7df53a7729a43311e0a1cbafd1600,H1,0,43,52,8326,8772,8370,8814
edit_write,8751b5cd8453f60efd97861a4e26576d6fa7df53a7729a43311e0a1cbafd1600,H1,1,40,74,8209,19395,8271,19427
edit_write,8751b5cd8453f60efd97861a4e26576d6fa7df53a7729a43311e0a1cbafd1600,H1,2,34,45,8382,8642,8412,8681
edit_write,8751b5cd8453f60efd97861a4e26576d6fa7df53a7729a43311e0a1cbafd1600,H2,0,54,97,12410,13397,12478,13496
edit_write,8751b5cd8453f60efd97861a4e26576d6fa7df53a7729a43311e0a1cbafd1600,H2,1,56,78,12520,13830,12579,13908
edit_write,8751b5cd8453f60efd97861a4e26576d6fa7df53a7729a43311e0a1cbafd1600,H2,2,76,90,12032,12330,12097,12408
edit_write,8751b5cd8453f60efd97861a4e26576d6fa7df53a7729a43311e0a1cbafd1600,H0,0,44,61,8181,8772,8240,8816
edit_write,8751b5cd8453f60efd97861a4e26576d6fa7df53a7729a43311e0a1cbafd1600,H0,1,28,39,8136,8787,8165,8816
edit_write,8751b5cd8453f60efd97861a4e26576d6fa7df53a7729a43311e0a1cbafd1600,H0,2,33,51,7978,8137,8012,8170
edit_write,8751b5cd8453f60efd97861a4e26576d6fa7df53a7729a43311e0a1cbafd1600,H3,0,1431,1689,11365,12599,12844,14138
edit_write,8751b5cd8453f60efd97861a4e26576d6fa7df53a7729a43311e0a1cbafd1600,H3,1,1346,1486,11424,12310,12800,13796
edit_write,8751b5cd8453f60efd97861a4e26576d6fa7df53a7729a43311e0a1cbafd1600,H3,2,1269,1369,10881,11464,12216,12844
edit_write,8751b5cd8453f60efd97861a4e26576d6fa7df53a7729a43311e0a1cbafd1600,H4,0,249,309,8646,19734,8900,19976
edit_write,8751b5cd8453f60efd97861a4e26576d6fa7df53a7729a43311e0a1cbafd1600,H4,1,258,348,8892,9889,9226,10237
edit_write,8751b5cd8453f60efd97861a4e26576d6fa7df53a7729a43311e0a1cbafd1600,H4,2,273,357,8581,8880,8873,9230
edit_write,888f42ac05f411e6c91e05f7b84fb37208f1af1ac324b050eb7542c16f7095f9,H1,0,44,65,40118,42728,40161,42781
edit_write,888f42ac05f411e6c91e05f7b84fb37208f1af1ac324b050eb7542c16f7095f9,H1,1,44,56,40625,53329,40665,53374
edit_write,888f42ac05f411e6c91e05f7b84fb37208f1af1ac324b050eb7542c16f7095f9,H1,2,39,43,40483,60695,40522,60732
edit_write,888f42ac05f411e6c91e05f7b84fb37208f1af1ac324b050eb7542c16f7095f9,H2,0,60,97,13444,25509,13505,25560
edit_write,888f42ac05f411e6c91e05f7b84fb37208f1af1ac324b050eb7542c16f7095f9,H2,1,79,116,13625,15423,13723,15531
edit_write,888f42ac05f411e6c91e05f7b84fb37208f1af1ac324b050eb7542c16f7095f9,H2,2,86,130,13564,19698,13669,19777
edit_write,888f42ac05f411e6c91e05f7b84fb37208f1af1ac324b050eb7542c16f7095f9,H0,0,42,48,27500,29498,27543,29543
edit_write,888f42ac05f411e6c91e05f7b84fb37208f1af1ac324b050eb7542c16f7095f9,H0,1,33,48,27453,40504,27486,40543
edit_write,888f42ac05f411e6c91e05f7b84fb37208f1af1ac324b050eb7542c16f7095f9,H0,2,34,51,29357,29516,29398,29548
edit_write,888f42ac05f411e6c91e05f7b84fb37208f1af1ac324b050eb7542c16f7095f9,H3,0,1569,1656,9896,10299,11449,11949
edit_write,888f42ac05f411e6c91e05f7b84fb37208f1af1ac324b050eb7542c16f7095f9,H3,1,1592,1792,9973,10786,11565,12518
edit_write,888f42ac05f411e6c91e05f7b84fb37208f1af1ac324b050eb7542c16f7095f9,H3,2,1591,1764,10601,21864,12191,23453
edit_write,888f42ac05f411e6c91e05f7b84fb37208f1af1ac324b050eb7542c16f7095f9,H4,0,250,277,5949,6620,6191,6876
edit_write,888f42ac05f411e6c91e05f7b84fb37208f1af1ac324b050eb7542c16f7095f9,H4,1,279,333,6107,6872,6387,7157
edit_write,888f42ac05f411e6c91e05f7b84fb37208f1af1ac324b050eb7542c16f7095f9,H4,2,225,284,5920,6113,6145,6393
edit_write,889092e089ef1c28b9cbf60d4dc8cb1e2f7451b183c25b05d6514ffbf26a240d,H1,0,44,53,32385,34272,32428,34325
edit_write,889092e089ef1c28b9cbf60d4dc8cb1e2f7451b183c25b05d6514ffbf26a240d,H1,1,53,75,32226,48075,32278,48126
edit_write,889092e089ef1c28b9cbf60d4dc8cb1e2f7451b183c25b05d6514ffbf26a240d,H1,2,35,55,31841,33495,31877,33525
edit_write,889092e089ef1c28b9cbf60d4dc8cb1e2f7451b183c25b05d6514ffbf26a240d,H2,0,93,112,18050,19379,18150,19491
edit_write,889092e089ef1c28b9cbf60d4dc8cb1e2f7451b183c25b05d6514ffbf26a240d,H2,1,82,134,18334,19642,18415,19750
edit_write,889092e089ef1c28b9cbf60d4dc8cb1e2f7451b183c25b05d6514ffbf26a240d,H2,2,97,146,17502,30023,17572,30128
edit_write,889092e089ef1c28b9cbf60d4dc8cb1e2f7451b183c25b05d6514ffbf26a240d,H0,0,45,54,17461,19474,17508,19519
edit_write,889092e089ef1c28b9cbf60d4dc8cb1e2f7451b183c25b05d6514ffbf26a240d,H0,1,36,53,17484,19030,17519,19072
edit_write,889092e089ef1c28b9cbf60d4dc8cb1e2f7451b183c25b05d6514ffbf26a240d,H0,2,32,52,17139,18301,17165,18352
edit_write,889092e089ef1c28b9cbf60d4dc8cb1e2f7451b183c25b05d6514ffbf26a240d,H3,0,1363,1506,15445,16792,16778,18264
edit_write,889092e089ef1c28b9cbf60d4dc8cb1e2f7451b183c25b05d6514ffbf26a240d,H3,1,1418,1592,15464,16715,16881,18307
edit_write,889092e089ef1c28b9cbf60d4dc8cb1e2f7451b183c25b05d6514ffbf26a240d,H3,2,1314,1512,14968,16721,16261,18171
edit_write,889092e089ef1c28b9cbf60d4dc8cb1e2f7451b183c25b05d6514ffbf26a240d,H4,0,244,289,35614,49255,35889,49544
edit_write,889092e089ef1c28b9cbf60d4dc8cb1e2f7451b183c25b05d6514ffbf26a240d,H4,1,263,308,36448,55193,36716,55433
edit_write,889092e089ef1c28b9cbf60d4dc8cb1e2f7451b183c25b05d6514ffbf26a240d,H4,2,232,270,36927,51033,37154,51272
edit_write,896d1b51839468e5f639198557ea8491b45e17bd0987835ed37903a0a4ac0dee,H1,0,44,51,9342,9920,9393,9969
edit_write,896d1b51839468e5f639198557ea8491b45e17bd0987835ed37903a0a4ac0dee,H1,1,38,55,9061,13891,9099,13931
edit_write,896d1b51839468e5f639198557ea8491b45e17bd0987835ed37903a0a4ac0dee,H1,2,34,38,9258,10232,9287,10268
edit_write,896d1b51839468e5f639198557ea8491b45e17bd0987835ed37903a0a4ac0dee,H2,0,60,100,13627,14633,13677,14700
edit_write,896d1b51839468e5f639198557ea8491b45e17bd0987835ed37903a0a4ac0dee,H2,1,76,101,14238,15336,14314,15438
edit_write,896d1b51839468e5f639198557ea8491b45e17bd0987835ed37903a0a4ac0dee,H2,2,89,125,13783,15022,13861,15142
edit_write,896d1b51839468e5f639198557ea8491b45e17bd0987835ed37903a0a4ac0dee,H0,0,42,48,28533,30066,28578,30096
edit_write,896d1b51839468e5f639198557ea8491b45e17bd0987835ed37903a0a4ac0dee,H0,1,30,36,28282,30262,28315,30296
edit_write,896d1b51839468e5f639198557ea8491b45e17bd0987835ed37903a0a4ac0dee,H0,2,31,47,28351,29930,28380,29964
edit_write,896d1b51839468e5f639198557ea8491b45e17bd0987835ed37903a0a4ac0dee,H3,0,1742,1913,10528,11145,12277,13027
edit_write,896d1b51839468e5f639198557ea8491b45e17bd0987835ed37903a0a4ac0dee,H3,1,1718,1935,10885,11628,12583,13541
edit_write,896d1b51839468e5f639198557ea8491b45e17bd0987835ed37903a0a4ac0dee,H3,2,1753,1897,10157,21606,11924,23422
edit_write,896d1b51839468e5f639198557ea8491b45e17bd0987835ed37903a0a4ac0dee,H4,0,234,316,6097,6674,6315,6910
edit_write,896d1b51839468e5f639198557ea8491b45e17bd0987835ed37903a0a4ac0dee,H4,1,295,383,6028,6747,6345,7082
edit_write,896d1b51839468e5f639198557ea8491b45e17bd0987835ed37903a0a4ac0dee,H4,2,263,290,5982,6399,6233,6657
edit_write,89cbbad8752c807200218f5d5f4ca3dcde6756e20335e1b783324a198dd0ac9a,H1,0,43,55,38204,51078,38250,51123
edit_write,89cbbad8752c807200218f5d5f4ca3dcde6756e20335e1b783324a198dd0ac9a,H1,1,51,76,38324,44064,38390,44115
edit_write,89cbbad8752c807200218f5d5f4ca3dcde6756e20335e1b783324a198dd0ac9a,H1,2,40,46,37614,49715,37653,49755
edit_write,89cbbad8752c807200218f5d5f4ca3dcde6756e20335e1b783324a198dd0ac9a,H2,0,71,103,28514,42654,28600,42752
edit_write,89cbbad8752c807200218f5d5f4ca3dcde6756e20335e1b783324a198dd0ac9a,H2,1,77,105,28732,48071,28810,48151
edit_write,89cbbad8752c807200218f5d5f4ca3dcde6756e20335e1b783324a198dd0ac9a,H2,2,91,123,28275,42149,28398,42212
edit_write,89cbbad8752c807200218f5d5f4ca3dcde6756e20335e1b783324a198dd0ac9a,H0,0,44,51,26339,35909,26380,35957
edit_write,89cbbad8752c807200218f5d5f4ca3dcde6756e20335e1b783324a198dd0ac9a,H0,1,38,54,23830,25381,23865,25420
edit_write,89cbbad8752c807200218f5d5f4ca3dcde6756e20335e1b783324a198dd0ac9a,H0,2,32,47,24491,26188,24521,26220
edit_write,89cbbad8752c807200218f5d5f4ca3dcde6756e20335e1b783324a198dd0ac9a,H3,0,1209,1344,27092,28946,28276,30274
edit_write,89cbbad8752c807200218f5d5f4ca3dcde6756e20335e1b783324a198dd0ac9a,H3,1,1273,1410,27761,32997,29037,34325
edit_write,89cbbad8752c807200218f5d5f4ca3dcde6756e20335e1b783324a198dd0ac9a,H3,2,1172,1336,26914,29140,28066,30494
edit_write,89cbbad8752c807200218f5d5f4ca3dcde6756e20335e1b783324a198dd0ac9a,H4,0,130,179,19013,20539,19151,20739
edit_write,89cbbad8752c807200218f5d5f4ca3dcde6756e20335e1b783324a198dd0ac9a,H4,1,154,181,19004,20553,19171,20779
edit_write,89cbbad8752c807200218f5d5f4ca3dcde6756e20335e1b783324a198dd0ac9a,H4,2,150,175,19152,37771,19302,37923
edit_write,89e3692a9b6ff141c809bcf4c0ba197fad85885d1cfca74b65273fde40757089,H1,0,45,55,6771,7488,6815,7534
edit_write,89e3692a9b6ff141c809bcf4c0ba197fad85885d1cfca74b65273fde40757089,H1,1,40,50,5560,16559,5602,16598
edit_write,89e3692a9b6ff141c809bcf4c0ba197fad85885d1cfca74b65273fde40757089,H1,2,33,45,6752,7069,6778,7106
edit_write,89e3692a9b6ff141c809bcf4c0ba197fad85885d1cfca74b65273fde40757089,H2,0,60,119,12007,12871,12091,12925
edit_write,89e3692a9b6ff141c809bcf4c0ba197fad85885d1cfca74b65273fde40757089,H2,1,77,93,12347,23651,12421,23728
edit_write,89e3692a9b6ff141c809bcf4c0ba197fad85885d1cfca74b65273fde40757089,H2,2,73,122,11773,12457,11847,12545
edit_write,89e3692a9b6ff141c809bcf4c0ba197fad85885d1cfca74b65273fde40757089,H0,0,42,45,27863,42067,27907,42109
edit_write,89e3692a9b6ff141c809bcf4c0ba197fad85885d1cfca74b65273fde40757089,H0,1,32,38,27638,30309,27673,30343
edit_write,89e3692a9b6ff141c809bcf4c0ba197fad85885d1cfca74b65273fde40757089,H0,2,31,51,27385,29152,27418,29180
edit_write,89e3692a9b6ff141c809bcf4c0ba197fad85885d1cfca74b65273fde40757089,H3,0,1630,1696,8513,9383,10100,11079
edit_write,89e3692a9b6ff141c809bcf4c0ba197fad85885d1cfca74b65273fde40757089,H3,1,1635,1759,8634,9211,10284,10911
edit_write,89e3692a9b6ff141c809bcf4c0ba197fad85885d1cfca74b65273fde40757089,H3,2,1645,1761,8503,9238,10222,10991
edit_write,89e3692a9b6ff141c809bcf4c0ba197fad85885d1cfca74b65273fde40757089,H4,0,243,274,5000,5600,5240,5879
edit_write,89e3692a9b6ff141c809bcf4c0ba197fad85885d1cfca74b65273fde40757089,H4,1,276,336,4864,5349,5181,5685
edit_write,89e3692a9b6ff141c809bcf4c0ba197fad85885d1cfca74b65273fde40757089,H4,2,238,283,4893,5612,5131,5895
edit_write,89e6e1498a77d3cd583ad7fbdec41e4f8f5ef826113ab3d2b861baf01f310fe3,H1,0,45,61,3008,3264,3054,3321
edit_write,89e6e1498a77d3cd583ad7fbdec41e4f8f5ef826113ab3d2b861baf01f310fe3,H1,1,30,47,3080,3311,3107,3335
edit_write,89e6e1498a77d3cd583ad7fbdec41e4f8f5ef826113ab3d2b861baf01f310fe3,H1,2,26,40,3065,3336,3098,3371
edit_write,89e6e1498a77d3cd583ad7fbdec41e4f8f5ef826113ab3d2b861baf01f310fe3,H2,0,57,114,5612,6527,5703,6618
edit_write,89e6e1498a77d3cd583ad7fbdec41e4f8f5ef826113ab3d2b861baf01f310fe3,H2,1,60,79,5719,5956,5775,6016
edit_write,89e6e1498a77d3cd583ad7fbdec41e4f8f5ef826113ab3d2b861baf01f310fe3,H2,2,69,100,5611,5946,5677,6034
edit_write,89e6e1498a77d3cd583ad7fbdec41e4f8f5ef826113ab3d2b861baf01f310fe3,H0,0,43,53,15729,16031,15773,16072
edit_write,89e6e1498a77d3cd583ad7fbdec41e4f8f5ef826113ab3d2b861baf01f310fe3,H0,1,27,35,15771,15958,15802,15986
edit_write,89e6e1498a77d3cd583ad7fbdec41e4f8f5ef826113ab3d2b861baf01f310fe3,H0,2,30,49,15635,15942,15666,15974
edit_write,89e6e1498a77d3cd583ad7fbdec41e4f8f5ef826113ab3d2b861baf01f310fe3,H3,0,835,942,4438,4918,5304,5817
edit_write,89e6e1498a77d3cd583ad7fbdec41e4f8f5ef826113ab3d2b861baf01f310fe3,H3,1,797,888,4333,4873,5110,5694
edit_write,89e6e1498a77d3cd583ad7fbdec41e4f8f5ef826113ab3d2b861baf01f310fe3,H3,2,777,917,4372,4851,5150,5712
edit_write,89e6e1498a77d3cd583ad7fbdec41e4f8f5ef826113ab3d2b861baf01f310fe3,H4,0,110,141,2665,3140,2782,3283
edit_write,89e6e1498a77d3cd583ad7fbdec41e4f8f5ef826113ab3d2b861baf01f310fe3,H4,1,119,154,2597,3055,2707,3193
edit_write,89e6e1498a77d3cd583ad7fbdec41e4f8f5ef826113ab3d2b861baf01f310fe3,H4,2,90,126,2692,3007,2794,3091
edit_write,8acf0a7491fb60d89a82b3cca004b80706068802f6d5503cd7b5efd4e4f08559,H1,0,43,46,69079,73074,69121,73120
edit_write,8acf0a7491fb60d89a82b3cca004b80706068802f6d5503cd7b5efd4e4f08559,H1,1,41,70,68140,74832,68204,74898
edit_write,8acf0a7491fb60d89a82b3cca004b80706068802f6d5503cd7b5efd4e4f08559,H1,2,34,50,69649,76903,69683,76938
edit_write,8acf0a7491fb60d89a82b3cca004b80706068802f6d5503cd7b5efd4e4f08559,H2,0,128,151,44686,64499,44816,64595
edit_write,8acf0a7491fb60d89a82b3cca004b80706068802f6d5503cd7b5efd4e4f08559,H2,1,124,156,44866,45634,45021,45776
edit_write,8acf0a7491fb60d89a82b3cca004b80706068802f6d5503cd7b5efd4e4f08559,H2,2,138,159,45017,47417,45154,47569
edit_write,8acf0a7491fb60d89a82b3cca004b80706068802f6d5503cd7b5efd4e4f08559,H0,0,49,60,47867,67634,47920,67681
edit_write,8acf0a7491fb60d89a82b3cca004b80706068802f6d5503cd7b5efd4e4f08559,H0,1,36,49,50755,56383,50792,56416
edit_write,8acf0a7491fb60d89a82b3cca004b80706068802f6d5503cd7b5efd4e4f08559,H0,2,33,52,46551,53219,46583,53253
edit_write,8acf0a7491fb60d89a82b3cca004b80706068802f6d5503cd7b5efd4e4f08559,H3,0,2479,2775,41621,45398,44121,47840
edit_write,8acf0a7491fb60d89a82b3cca004b80706068802f6d5503cd7b5efd4e4f08559,H3,1,2486,2611,41616,48385,44124,50891
edit_write,8acf0a7491fb60d89a82b3cca004b80706068802f6d5503cd7b5efd4e4f08559,H3,2,2424,2591,43141,48474,45486,51077
edit_write,8acf0a7491fb60d89a82b3cca004b80706068802f6d5503cd7b5efd4e4f08559,H4,0,337,374,69533,89240,69849,89579
edit_write,8acf0a7491fb60d89a82b3cca004b80706068802f6d5503cd7b5efd4e4f08559,H4,1,375,402,70025,78143,70400,78528
edit_write,8acf0a7491fb60d89a82b3cca004b80706068802f6d5503cd7b5efd4e4f08559,H4,2,314,341,70299,76005,70624,76309
edit_write,8b8f43a89d351ae5f51f371bf89ec18dc438190e8b7fb099271ad201aadee946,H1,0,44,48,22460,35017,22505,35060
edit_write,8b8f43a89d351ae5f51f371bf89ec18dc438190e8b7fb099271ad201aadee946,H1,1,48,71,21643,23250,21712,23321
edit_write,8b8f43a89d351ae5f51f371bf89ec18dc438190e8b7fb099271ad201aadee946,H1,2,36,40,22288,22603,22320,22639
edit_write,8b8f43a89d351ae5f51f371bf89ec18dc438190e8b7fb099271ad201aadee946,H2,0,97,116,17991,20078,18092,20211
edit_write,8b8f43a89d351ae5f51f371bf89ec18dc438190e8b7fb099271ad201aadee946,H2,1,85,128,17980,19850,18061,19978
edit_write,8b8f43a89d351ae5f51f371bf89ec18dc438190e8b7fb099271ad201aadee946,H2,2,83,126,17792,18902,17871,19028
edit_write,8b8f43a89d351ae5f51f371bf89ec18dc438190e8b7fb099271ad201aadee946,H0,0,44,51,13250,14484,13291,14527
edit_write,8b8f43a89d351ae5f51f371bf89ec18dc438190e8b7fb099271ad201aadee946,H0,1,33,38,13682,14757,13720,14792
edit_write,8b8f43a89d351ae5f51f371bf89ec18dc438190e8b7fb099271ad201aadee946,H0,2,31,38,12925,13754,12956,13782
edit_write,8b8f43a89d351ae5f51f371bf89ec18dc438190e8b7fb099271ad201aadee946,H3,0,1651,1816,15299,16933,16890,18793
edit_write,8b8f43a89d351ae5f51f371bf89ec18dc438190e8b7fb099271ad201aadee946,H3,1,1709,1913,15393,16490,17068,18309
edit_write,8b8f43a89d351ae5f51f371bf89ec18dc438190e8b7fb099271ad201aadee946,H3,2,1655,1785,15387,22090,17029,23815
edit_write,8b8f43a89d351ae5f51f371bf89ec18dc438190e8b7fb099271ad201aadee946,H4,0,179,218,25672,27697,25894,27915
edit_write,8b8f43a89d351ae5f51f371bf89ec18dc438190e8b7fb099271ad201aadee946,H4,1,220,272,25606,27019,25870,27281
edit_write,8b8f43a89d351ae5f51f371bf89ec18dc438190e8b7fb099271ad201aadee946,H4,2,214,273,25195,32395,25405,32626
edit_write,8c58d4b40f0803b8f26b2e108ccfa04987c765b4630584be880b888757309271,H1,0,43,46,34148,47375,34191,47417
edit_write,8c58d4b40f0803b8f26b2e108ccfa04987c765b4630584be880b888757309271,H1,1,59,66,33882,53572,33946,53632
edit_write,8c58d4b40f0803b8f26b2e108ccfa04987c765b4630584be880b888757309271,H1,2,38,42,33650,36127,33688,36168
edit_write,8c58d4b40f0803b8f26b2e108ccfa04987c765b4630584be880b888757309271,H2,0,100,116,26724,29636,26829,29742
edit_write,8c58d4b40f0803b8f26b2e108ccfa04987c765b4630584be880b888757309271,H2,1,91,126,27982,38870,28096,38954
edit_write,8c58d4b40f0803b8f26b2e108ccfa04987c765b4630584be880b888757309271,H2,2,121,147,26479,39354,26604,39489
edit_write,8c58d4b40f0803b8f26b2e108ccfa04987c765b4630584be880b888757309271,H0,0,44,52,20883,22687,20932,22736
edit_write,8c58d4b40f0803b8f26b2e108ccfa04987c765b4630584be880b888757309271,H0,1,50,63,22026,34219,22080,34272
edit_write,8c58d4b40f0803b8f26b2e108ccfa04987c765b4630584be880b888757309271,H0,2,47,53,20855,33257,20888,33283
edit_write,8c58d4b40f0803b8f26b2e108ccfa04987c765b4630584be880b888757309271,H3,0,1046,1202,21686,33269,22704,34352
edit_write,8c58d4b40f0803b8f26b2e108ccfa04987c765b4630584be880b888757309271,H3,1,1125,1231,21959,33572,23108,34755
edit_write,8c58d4b40f0803b8f26b2e108ccfa04987c765b4630584be880b888757309271,H3,2,987,1119,21561,23205,22602,24292
edit_write,8c58d4b40f0803b8f26b2e108ccfa04987c765b4630584be880b888757309271,H4,0,184,251,32733,48201,32903,48469
edit_write,8c58d4b40f0803b8f26b2e108ccfa04987c765b4630584be880b888757309271,H4,1,239,292,33840,53836,34053,54032
edit_write,8c58d4b40f0803b8f26b2e108ccfa04987c765b4630584be880b888757309271,H4,2,216,255,33117,45337,33335,45534
edit_write,8c7a9109e2ed6c28c78b2d7f5b51c7dedb7d062b4990f640989799da5156089b,H1,0,44,57,9743,14736,9800,14780
edit_write,8c7a9109e2ed6c28c78b2d7f5b51c7dedb7d062b4990f640989799da5156089b,H1,1,46,71,9856,10516,9899,10546
edit_write,8c7a9109e2ed6c28c78b2d7f5b51c7dedb7d062b4990f640989799da5156089b,H1,2,32,42,9734,10045,9767,10079
edit_write,8c7a9109e2ed6c28c78b2d7f5b51c7dedb7d062b4990f640989799da5156089b,H2,0,68,80,13628,31300,13685,31349
edit_write,8c7a9109e2ed6c28c78b2d7f5b51c7dedb7d062b4990f640989799da5156089b,H2,1,63,83,13856,26354,13934,26435
edit_write,8c7a9109e2ed6c28c78b2d7f5b51c7dedb7d062b4990f640989799da5156089b,H2,2,51,86,13382,13950,13435,14037
edit_write,8c7a9109e2ed6c28c78b2d7f5b51c7dedb7d062b4990f640989799da5156089b,H0,0,43,53,9230,10016,9274,10061
edit_write,8c7a9109e2ed6c28c78b2d7f5b51c7dedb7d062b4990f640989799da5156089b,H0,1,30,55,9041,9935,9068,9973
edit_write,8c7a9109e2ed6c28c78b2d7f5b51c7dedb7d062b4990f640989799da5156089b,H0,2,36,46,9129,9325,9170,9368
edit_write,8c7a9109e2ed6c28c78b2d7f5b51c7dedb7d062b4990f640989799da5156089b,H3,0,1549,1712,13039,14466,14615,16170
edit_write,8c7a9109e2ed6c28c78b2d7f5b51c7dedb7d062b4990f640989799da5156089b,H3,1,1545,1696,12910,18848,14451,20433
edit_write,8c7a9109e2ed6c28c78b2d7f5b51c7dedb7d062b4990f640989799da5156089b,H3,2,1508,1606,12662,13239,14155,14845
edit_write,8c7a9109e2ed6c28c78b2d7f5b51c7dedb7d062b4990f640989799da5156089b,H4,0,225,310,10576,11267,10850,11491
edit_write,8c7a9109e2ed6c28c78b2d7f5b51c7dedb7d062b4990f640989799da5156089b,H4,1,310,381,11020,11584,11342,11901
edit_write,8c7a9109e2ed6c28c78b2d7f5b51c7dedb7d062b4990f640989799da5156089b,H4,2,244,317,10619,11075,10915,11346
edit_write,8db3b5ae7d47000d4da1c1986d0905b01e85a199c24a19f95db3e756a94d76f9,H1,0,43,48,10177,10943,10225,10992
edit_write,8db3b5ae7d47000d4da1c1986d0905b01e85a199c24a19f95db3e756a94d76f9,H1,1,42,61,10283,11194,10323,11255
edit_write,8db3b5ae7d47000d4da1c1986d0905b01e85a199c24a19f95db3e756a94d76f9,H1,2,38,43,9583,10114,9621,10153
edit_write,8db3b5ae7d47000d4da1c1986d0905b01e85a199c24a19f95db3e756a94d76f9,H2,0,64,103,16949,18068,17035,18145
edit_write,8db3b5ae7d47000d4da1c1986d0905b01e85a199c24a19f95db3e756a94d76f9,H2,1,78,100,17243,18848,17319,18948
edit_write,8db3b5ae7d47000d4da1c1986d0905b01e85a199c24a19f95db3e756a94d76f9,H2,2,96,121,16885,17319,16990,17428
edit_write,8db3b5ae7d47000d4da1c1986d0905b01e85a199c24a19f95db3e756a94d76f9,H0,0,42,46,27761,29329,27804,29373
edit_write,8db3b5ae7d47000d4da1c1986d0905b01e85a199c24a19f95db3e756a94d76f9,H0,1,32,39,28239,30187,28274,30224
edit_write,8db3b5ae7d47000d4da1c1986d0905b01e85a199c24a19f95db3e756a94d76f9,H0,2,33,40,27538,27904,27568,27937
edit_write,8db3b5ae7d47000d4da1c1986d0905b01e85a199c24a19f95db3e756a94d76f9,H3,0,1903,2088,13652,15005,15582,17093
edit_write,8db3b5ae7d47000d4da1c1986d0905b01e85a199c24a19f95db3e756a94d76f9,H3,1,1925,2114,13677,14535,15585,16657
edit_write,8db3b5ae7d47000d4da1c1986d0905b01e85a199c24a19f95db3e756a94d76f9,H3,2,1986,2089,13521,13914,15520,15958
edit_write,8db3b5ae7d47000d4da1c1986d0905b01e85a199c24a19f95db3e756a94d76f9,H4,0,481,567,12719,14005,13225,14570
edit_write,8db3b5ae7d47000d4da1c1986d0905b01e85a199c24a19f95db3e756a94d76f9,H4,1,254,310,7369,8101,7651,8420
edit_write,8db3b5ae7d47000d4da1c1986d0905b01e85a199c24a19f95db3e756a94d76f9,H4,2,259,286,7202,7577,7447,7815
edit_write,8f7c4df7c6776a41d2319873ce38cb0dc7622a5693017d783333d7565e52cc80,H1,0,44,52,25313,44347,25357,44391
edit_write,8f7c4df7c6776a41d2319873ce38cb0dc7622a5693017d783333d7565e52cc80,H1,1,52,75,25604,37536,25652,37582
edit_write,8f7c4df7c6776a41d2319873ce38cb0dc7622a5693017d783333d7565e52cc80,H1,2,34,36,26321,27035,26357,27068
edit_write,8f7c4df7c6776a41d2319873ce38cb0dc7622a5693017d783333d7565e52cc80,H2,0,96,124,25468,27606,25553,27698
edit_write,8f7c4df7c6776a41d2319873ce38cb0dc7622a5693017d783333d7565e52cc80,H2,1,99,124,25818,26854,25921,26958
edit_write,8f7c4df7c6776a41d2319873ce38cb0dc7622a5693017d783333d7565e52cc80,H2,2,152,198,25619,26557,25750,26751
edit_write,8f7c4df7c6776a41d2319873ce38cb0dc7622a5693017d783333d7565e52cc80,H0,0,43,53,16258,27856,16301,27903
edit_write,8f7c4df7c6776a41d2319873ce38cb0dc7622a5693017d783333d7565e52cc80,H0,1,37,55,15534,20846,15568,20884
edit_write,8f7c4df7c6776a41d2319873ce38cb0dc7622a5693017d783333d7565e52cc80,H0,2,30,34,15484,16020,15517,16050
edit_write,8f7c4df7c6776a41d2319873ce38cb0dc7622a5693017d783333d7565e52cc80,H3,0,1286,1426,25241,27474,26534,28900
edit_write,8f7c4df7c6776a41d2319873ce38cb0dc7622a5693017d783333d7565e52cc80,H3,1,1258,1358,25763,43741,27055,44939
edit_write,8f7c4df7c6776a41d2319873ce38cb0dc7622a5693017d783333d7565e52cc80,H3,2,1165,1338,24814,25556,25964,26885
edit_write,8f7c4df7c6776a41d2319873ce38cb0dc7622a5693017d783333d7565e52cc80,H4,0,299,380,25350,28557,25681,36736
edit_write,8f7c4df7c6776a41d2319873ce38cb0dc7622a5693017d783333d7565e52cc80,H4,1,325,355,26143,27966,26464,28298
edit_write,8f7c4df7c6776a41d2319873ce38cb0dc7622a5693017d783333d7565e52cc80,H4,2,297,318,26531,33039,26833,33353
edit_write,905ef594fea9042f9c99b453152006593111da486b176aba9d1593bd8d7e1381,H1,0,43,49,71502,76617,71545,76663
edit_write,905ef594fea9042f9c99b453152006593111da486b176aba9d1593bd8d7e1381,H1,1,62,71,73194,78456,73258,78516
edit_write,905ef594fea9042f9c99b453152006593111da486b176aba9d1593bd8d7e1381,H1,2,38,40,73252,80397,73290,80435
edit_write,905ef594fea9042f9c99b453152006593111da486b176aba9d1593bd8d7e1381,H2,0,107,144,25711,27567,25831,27710
edit_write,905ef594fea9042f9c99b453152006593111da486b176aba9d1593bd8d7e1381,H2,1,122,165,26169,28955,26292,29156
edit_write,905ef594fea9042f9c99b453152006593111da486b176aba9d1593bd8d7e1381,H2,2,131,174,26153,26568,26305,26742
edit_write,905ef594fea9042f9c99b453152006593111da486b176aba9d1593bd8d7e1381,H0,0,49,56,48402,54562,48450,54608
edit_write,905ef594fea9042f9c99b453152006593111da486b176aba9d1593bd8d7e1381,H0,1,36,42,47841,54149,47872,54187
edit_write,905ef594fea9042f9c99b453152006593111da486b176aba9d1593bd8d7e1381,H0,2,32,44,51395,58256,51435,58289
edit_write,905ef594fea9042f9c99b453152006593111da486b176aba9d1593bd8d7e1381,H3,0,3558,3867,22750,24927,26325,28794
edit_write,905ef594fea9042f9c99b453152006593111da486b176aba9d1593bd8d7e1381,H3,1,3676,3907,22536,24036,26222,27986
edit_write,905ef594fea9042f9c99b453152006593111da486b176aba9d1593bd8d7e1381,H3,2,3518,3699,22599,23509,26106,26931
edit_write,905ef594fea9042f9c99b453152006593111da486b176aba9d1593bd8d7e1381,H4,0,564,646,14972,16347,15555,16989
edit_write,905ef594fea9042f9c99b453152006593111da486b176aba9d1593bd8d7e1381,H4,1,555,656,15112,21798,15716,22370
edit_write,905ef594fea9042f9c99b453152006593111da486b176aba9d1593bd8d7e1381,H4,2,561,637,15376,15740,15956,16307
edit_write,9149f5456233a48bc21188991c82d3730d2b9195b7b960396041c3393579c0a3,H1,0,43,47,15359,17189,15402,17233
edit_write,9149f5456233a48bc21188991c82d3730d2b9195b7b960396041c3393579c0a3,H1,1,50,70,15728,16721,15776,16783
edit_write,9149f5456233a48bc21188991c82d3730d2b9195b7b960396041c3393579c0a3,H1,2,32,36,15118,16442,15155,16476
edit_write,9149f5456233a48bc21188991c82d3730d2b9195b7b960396041c3393579c0a3,H2,0,65,104,5693,6584,5797,6682
edit_write,9149f5456233a48bc21188991c82d3730d2b9195b7b960396041c3393579c0a3,H2,1,74,115,5814,6301,5896,6416
edit_write,9149f5456233a48bc21188991c82d3730d2b9195b7b960396041c3393579c0a3,H2,2,63,100,5491,5923,5553,6012
edit_write,9149f5456233a48bc21188991c82d3730d2b9195b7b960396041c3393579c0a3,H0,0,43,50,11619,23270,11662,23316
edit_write,9149f5456233a48bc21188991c82d3730d2b9195b7b960396041c3393579c0a3,H0,1,32,62,11295,12005,11328,12069
edit_write,9149f5456233a48bc21188991c82d3730d2b9195b7b960396041c3393579c0a3,H0,2,31,44,11196,11452,11227,11477
edit_write,9149f5456233a48bc21188991c82d3730d2b9195b7b960396041c3393579c0a3,H3,0,887,1019,4454,5057,5331,6076
edit_write,9149f5456233a48bc21188991c82d3730d2b9195b7b960396041c3393579c0a3,H3,1,884,1007,4513,4838,5396,5796
edit_write,9149f5456233a48bc21188991c82d3730d2b9195b7b960396041c3393579c0a3,H3,2,775,1039,4249,4592,5015,5631
edit_write,9149f5456233a48bc21188991c82d3730d2b9195b7b960396041c3393579c0a3,H4,0,88,145,2545,2875,2623,3020
edit_write,9149f5456233a48bc21188991c82d3730d2b9195b7b960396041c3393579c0a3,H4,1,145,210,2729,3244,2864,3444
edit_write,9149f5456233a48bc21188991c82d3730d2b9195b7b960396041c3393579c0a3,H4,2,126,151,2484,2812,2608,2963
edit_write,91d2e536796799571237ced8e8266b404d33ee3077367a18a75a2ca3ca470b02,H1,0,45,60,32290,44829,32332,44883
edit_write,91d2e536796799571237ced8e8266b404d33ee3077367a18a75a2ca3ca470b02,H1,1,50,77,32298,44078,32372,44132
edit_write,91d2e536796799571237ced8e8266b404d33ee3077367a18a75a2ca3ca470b02,H1,2,37,47,32419,35049,32455,35089
edit_write,91d2e536796799571237ced8e8266b404d33ee3077367a18a75a2ca3ca470b02,H2,0,103,117,16806,29603,16921,29717
edit_write,91d2e536796799571237ced8e8266b404d33ee3077367a18a75a2ca3ca470b02,H2,1,109,122,16789,18651,16899,18772
edit_write,91d2e536796799571237ced8e8266b404d33ee3077367a18a75a2ca3ca470b02,H2,2,96,131,17546,18387,17640,18492
edit_write,91d2e536796799571237ced8e8266b404d33ee3077367a18a75a2ca3ca470b02,H0,0,47,59,25880,36340,25927,36390
edit_write,91d2e536796799571237ced8e8266b404d33ee3077367a18a75a2ca3ca470b02,H0,1,33,42,23843,28891,23878,28927
edit_write,91d2e536796799571237ced8e8266b404d33ee3077367a18a75a2ca3ca470b02,H0,2,31,52,23243,47020,23274,47060
edit_write,91d2e536796799571237ced8e8266b404d33ee3077367a18a75a2ca3ca470b02,H3,0,1681,1922,57023,73759,58759,75560
edit_write,91d2e536796799571237ced8e8266b404d33ee3077367a18a75a2ca3ca470b02,H3,1,1618,1873,52349,68580,54002,72486
edit_write,91d2e536796799571237ced8e8266b404d33ee3077367a18a75a2ca3ca470b02,H3,2,1616,1840,52193,66707,53825,68373
edit_write,91d2e536796799571237ced8e8266b404d33ee3077367a18a75a2ca3ca470b02,H4,0,209,281,31384,33727,31579,34008
edit_write,91d2e536796799571237ced8e8266b404d33ee3077367a18a75a2ca3ca470b02,H4,1,260,319,32274,51988,32514,52218
edit_write,91d2e536796799571237ced8e8266b404d33ee3077367a18a75a2ca3ca470b02,H4,2,204,288,31769,46351,31983,46608
edit_write,9200178eda46905a79636adeef213e4b99a3af62ce43d0ea62ccc7d89eb0059a,H1,0,43,48,33712,36322,33760,36368
edit_write,9200178eda46905a79636adeef213e4b99a3af62ce43d0ea62ccc7d89eb0059a,H1,1,52,75,33814,35934,33867,36010
edit_write,9200178eda46905a79636adeef213e4b99a3af62ce43d0ea62ccc7d89eb0059a,H1,2,42,51,34192,35260,34234,35314
edit_write,9200178eda46905a79636adeef213e4b99a3af62ce43d0ea62ccc7d89eb0059a,H2,0,84,112,25825,27249,25908,27342
edit_write,9200178eda46905a79636adeef213e4b99a3af62ce43d0ea62ccc7d89eb0059a,H2,1,85,115,26864,28588,26930,28703
edit_write,9200178eda46905a79636adeef213e4b99a3af62ce43d0ea62ccc7d89eb0059a,H2,2,105,129,28133,30385,28247,30501
edit_write,9200178eda46905a79636adeef213e4b99a3af62ce43d0ea62ccc7d89eb0059a,H0,0,44,53,20386,21976,20429,22020
edit_write,9200178eda46905a79636adeef213e4b99a3af62ce43d0ea62ccc7d89eb0059a,H0,1,33,53,19989,21462,20018,21495
edit_write,9200178eda46905a79636adeef213e4b99a3af62ce43d0ea62ccc7d89eb0059a,H0,2,33,36,20207,21748,20243,21780
edit_write,9200178eda46905a79636adeef213e4b99a3af62ce43d0ea62ccc7d89eb0059a,H3,0,1008,1142,24835,36710,25842,37670
edit_write,9200178eda46905a79636adeef213e4b99a3af62ce43d0ea62ccc7d89eb0059a,H3,1,1155,1251,25385,32861,26555,34023
edit_write,9200178eda46905a79636adeef213e4b99a3af62ce43d0ea62ccc7d89eb0059a,H3,2,1028,1141,24696,25449,25710,26591
edit_write,9200178eda46905a79636adeef213e4b99a3af62ce43d0ea62ccc7d89eb0059a,H4,0,224,285,33200,41007,33420,41254
edit_write,9200178eda46905a79636adeef213e4b99a3af62ce43d0ea62ccc7d89eb0059a,H4,1,231,276,34051,45523,34282,45772
edit_write,9200178eda46905a79636adeef213e4b99a3af62ce43d0ea62ccc7d89eb0059a,H4,2,244,298,32748,34979,32980,35232
edit_write,931f8b25ebe8484f83b997d3b1acdd6e992d455d397b1b614c6bb3605094c070,H1,0,45,55,34721,51159,34776,51204
edit_write,931f8b25ebe8484f83b997d3b1acdd6e992d455d397b1b614c6bb3605094c070,H1,1,41,65,33338,36222,33382,36265
edit_write,931f8b25ebe8484f83b997d3b1acdd6e992d455d397b1b614c6bb3605094c070,H1,2,34,41,34034,45748,34070,45784
edit_write,931f8b25ebe8484f83b997d3b1acdd6e992d455d397b1b614c6bb3605094c070,H2,0,65,97,8736,9333,8798,9421
edit_write,931f8b25ebe8484f83b997d3b1acdd6e992d455d397b1b614c6bb3605094c070,H2,1,70,108,9006,9664,9067,9771
edit_write,931f8b25ebe8484f83b997d3b1acdd6e992d455d397b1b614c6bb3605094c070,H2,2,82,123,8602,9399,8696,9476
edit_write,931f8b25ebe8484f83b997d3b1acdd6e992d455d397b1b614c6bb3605094c070,H0,0,43,52,24322,29147,24362,29191
edit_write,931f8b25ebe8484f83b997d3b1acdd6e992d455d397b1b614c6bb3605094c070,H0,1,38,54,24418,25801,24463,25841
edit_write,931f8b25ebe8484f83b997d3b1acdd6e992d455d397b1b614c6bb3605094c070,H0,2,34,45,23954,28698,23980,28735
edit_write,931f8b25ebe8484f83b997d3b1acdd6e992d455d397b1b614c6bb3605094c070,H3,0,1288,1450,6474,7635,7785,9144
edit_write,931f8b25ebe8484f83b997d3b1acdd6e992d455d397b1b614c6bb3605094c070,H3,1,1355,1455,6507,7061,7870,8516
edit_write,931f8b25ebe8484f83b997d3b1acdd6e992d455d397b1b614c6bb3605094c070,H3,2,1240,1374,6471,7321,7719,8691
edit_write,931f8b25ebe8484f83b997d3b1acdd6e992d455d397b1b614c6bb3605094c070,H4,0,199,234,4069,4426,4272,4670
edit_write,931f8b25ebe8484f83b997d3b1acdd6e992d455d397b1b614c6bb3605094c070,H4,1,194,256,4384,4770,4583,5047
edit_write,931f8b25ebe8484f83b997d3b1acdd6e992d455d397b1b614c6bb3605094c070,H4,2,167,248,4215,4759,4401,5007
edit_write,97adac114ae26b9e33db5553a0766b27975003ee606de7d2b62f0d49947f960a,H1,0,43,49,9296,9945,9345,9991
edit_write,97adac114ae26b9e33db5553a0766b27975003ee606de7d2b62f0d49947f960a,H1,1,37,67,9385,10575,9434,10627
edit_write,97adac114ae26b9e33db5553a0766b27975003ee606de7d2b62f0d49947f960a,H1,2,37,40,9506,10588,9543,10625
edit_write,97adac114ae26b9e33db5553a0766b27975003ee606de7d2b62f0d49947f960a,H2,0,54,81,13484,15121,13560,15197
edit_write,97adac114ae26b9e33db5553a0766b27975003ee606de7d2b62f0d49947f960a,H2,1,59,82,13901,18636,13957,18689
edit_write,97adac114ae26b9e33db5553a0766b27975003ee606de7d2b62f0d49947f960a,H2,2,59,80,13445,14917,13519,15032
edit_write,97adac114ae26b9e33db5553a0766b27975003ee606de7d2b62f0d49947f960a,H0,0,43,49,9096,9868,9142,9910
edit_write,97adac114ae26b9e33db5553a0766b27975003ee606de7d2b62f0d49947f960a,H0,1,32,40,9029,9537,9062,9565
edit_write,97adac114ae26b9e33db5553a0766b27975003ee606de7d2b62f0d49947f960a,H0,2,36,52,8896,9484,8920,9517
edit_write,97adac114ae26b9e33db5553a0766b27975003ee606de7d2b62f0d49947f960a,H3,0,1591,1797,12839,13659,14488,15422
edit_write,97adac114ae26b9e33db5553a0766b27975003ee606de7d2b62f0d49947f960a,H3,1,1608,1747,12633,14018,14280,16278
edit_write,97adac114ae26b9e33db5553a0766b27975003ee606de7d2b62f0d49947f960a,H3,2,1560,1681,12741,13715,14301,15396
edit_write,97adac114ae26b9e33db5553a0766b27975003ee606de7d2b62f0d49947f960a,H4,0,252,338,11173,11822,11451,12068
edit_write,97adac114ae26b9e33db5553a0766b27975003ee606de7d2b62f0d49947f960a,H4,1,267,329,10753,11614,11036,11908
edit_write,97adac114ae26b9e33db5553a0766b27975003ee606de7d2b62f0d49947f960a,H4,2,253,308,10963,11866,11242,12165
edit_write,98d7bfc5037afecbc7b9a6ab5b2d8f56cf0fe3fa30ce49a1694523ccb220ffeb,H1,0,43,49,45717,58846,45760,58890
edit_write,98d7bfc5037afecbc7b9a6ab5b2d8f56cf0fe3fa30ce49a1694523ccb220ffeb,H1,1,46,67,46625,67712,46671,67755
edit_write,98d7bfc5037afecbc7b9a6ab5b2d8f56cf0fe3fa30ce49a1694523ccb220ffeb,H1,2,39,52,46752,58623,46793,58669
edit_write,98d7bfc5037afecbc7b9a6ab5b2d8f56cf0fe3fa30ce49a1694523ccb220ffeb,H2,0,76,97,37817,40606,37885,40682
edit_write,98d7bfc5037afecbc7b9a6ab5b2d8f56cf0fe3fa30ce49a1694523ccb220ffeb,H2,1,113,130,38315,51427,38427,51550
edit_write,98d7bfc5037afecbc7b9a6ab5b2d8f56cf0fe3fa30ce49a1694523ccb220ffeb,H2,2,108,141,38533,51649,38653,51758
edit_write,98d7bfc5037afecbc7b9a6ab5b2d8f56cf0fe3fa30ce49a1694523ccb220ffeb,H0,0,43,51,23412,28959,23454,29003
edit_write,98d7bfc5037afecbc7b9a6ab5b2d8f56cf0fe3fa30ce49a1694523ccb220ffeb,H0,1,34,40,22937,34270,22975,34295
edit_write,98d7bfc5037afecbc7b9a6ab5b2d8f56cf0fe3fa30ce49a1694523ccb220ffeb,H0,2,32,45,22982,24760,23014,24781
edit_write,98d7bfc5037afecbc7b9a6ab5b2d8f56cf0fe3fa30ce49a1694523ccb220ffeb,H3,0,2879,3238,37471,55929,40375,58670
edit_write,98d7bfc5037afecbc7b9a6ab5b2d8f56cf0fe3fa30ce49a1694523ccb220ffeb,H3,1,2805,3156,36974,55189,39835,57913
edit_write,98d7bfc5037afecbc7b9a6ab5b2d8f56cf0fe3fa30ce49a1694523ccb220ffeb,H3,2,2813,3135,38243,52424,41033,55433
edit_write,98d7bfc5037afecbc7b9a6ab5b2d8f56cf0fe3fa30ce49a1694523ccb220ffeb,H4,0,355,420,34135,52002,34555,52332
edit_write,98d7bfc5037afecbc7b9a6ab5b2d8f56cf0fe3fa30ce49a1694523ccb220ffeb,H4,1,368,422,33719,36348,34091,36782
edit_write,98d7bfc5037afecbc7b9a6ab5b2d8f56cf0fe3fa30ce49a1694523ccb220ffeb,H4,2,336,377,34476,36443,34795,36807
edit_write,9946b5d49a56529eebb9de39e11cf1b90fdce580569534ab54d782c00ba8b593,H1,0,49,64,21787,23566,21846,23628
edit_write,9946b5d49a56529eebb9de39e11cf1b90fdce580569534ab54d782c00ba8b593,H1,1,67,72,21436,22761,21481,22806
edit_write,9946b5d49a56529eebb9de39e11cf1b90fdce580569534ab54d782c00ba8b593,H1,2,48,80,22386,33892,22457,33963
edit_write,9946b5d49a56529eebb9de39e11cf1b90fdce580569534ab54d782c00ba8b593,H2,0,94,174,19556,41021,19671,41114
edit_write,9946b5d49a56529eebb9de39e11cf1b90fdce580569534ab54d782c00ba8b593,H2,1,108,134,18807,19966,18909,20090
edit_write,9946b5d49a56529eebb9de39e11cf1b90fdce580569534ab54d782c00ba8b593,H2,2,128,156,18025,28944,18148,29072
edit_write,9946b5d49a56529eebb9de39e11cf1b90fdce580569534ab54d782c00ba8b593,H0,0,43,52,56816,77507,56860,77551
edit_write,9946b5d49a56529eebb9de39e11cf1b90fdce580569534ab54d782c00ba8b593,H0,1,38,52,56315,67864,56352,67911
edit_write,9946b5d49a56529eebb9de39e11cf1b90fdce580569534ab54d782c00ba8b593,H0,2,31,53,55626,69012,55657,69045
edit_write,9946b5d49a56529eebb9de39e11cf1b90fdce580569534ab54d782c00ba8b593,H3,0,2867,3427,14646,26792,17571,29818
edit_write,9946b5d49a56529eebb9de39e11cf1b90fdce580569534ab54d782c00ba8b593,H3,1,2812,2972,14307,14885,17107,17837
edit_write,9946b5d49a56529eebb9de39e11cf1b90fdce580569534ab54d782c00ba8b593,H3,2,2768,7781,14574,15677,17252,22595
edit_write,9946b5d49a56529eebb9de39e11cf1b90fdce580569534ab54d782c00ba8b593,H4,0,542,641,11198,22654,11699,23213
edit_write,9946b5d49a56529eebb9de39e11cf1b90fdce580569534ab54d782c00ba8b593,H4,1,497,589,10959,11343,11429,11867
edit_write,9946b5d49a56529eebb9de39e11cf1b90fdce580569534ab54d782c00ba8b593,H4,2,510,589,11062,11975,11564,12556
edit_write,9afe9977181af953dfcc5dd24e1c5d67f16aae6bd3c85af8ac5e4704e8b3b7f7,H1,0,61,68,20863,22232,20905,22279
edit_write,9afe9977181af953dfcc5dd24e1c5d67f16aae6bd3c85af8ac5e4704e8b3b7f7,H1,1,64,80,20721,27548,20795,27612
edit_write,9afe9977181af953dfcc5dd24e1c5d67f16aae6bd3c85af8ac5e4704e8b3b7f7,H1,2,43,69,22107,23628,22151,23670
edit_write,9afe9977181af953dfcc5dd24e1c5d67f16aae6bd3c85af8ac5e4704e8b3b7f7,H2,0,104,158,18539,29594,18592,29664
edit_write,9afe9977181af953dfcc5dd24e1c5d67f16aae6bd3c85af8ac5e4704e8b3b7f7,H2,1,115,146,18308,24792,18434,24885
edit_write,9afe9977181af953dfcc5dd24e1c5d67f16aae6bd3c85af8ac5e4704e8b3b7f7,H2,2,99,150,17874,18853,18024,18969
edit_write,9afe9977181af953dfcc5dd24e1c5d67f16aae6bd3c85af8ac5e4704e8b3b7f7,H0,0,43,51,55551,69907,55592,69951
edit_write,9afe9977181af953dfcc5dd24e1c5d67f16aae6bd3c85af8ac5e4704e8b3b7f7,H0,1,50,64,55023,62919,55087,62974
edit_write,9afe9977181af953dfcc5dd24e1c5d67f16aae6bd3c85af8ac5e4704e8b3b7f7,H0,2,31,34,54159,60823,54186,60853
edit_write,9afe9977181af953dfcc5dd24e1c5d67f16aae6bd3c85af8ac5e4704e8b3b7f7,H3,0,3183,3484,14094,25447,17322,28791
edit_write,9afe9977181af953dfcc5dd24e1c5d67f16aae6bd3c85af8ac5e4704e8b3b7f7,H3,1,3282,3607,14259,14760,17536,18316
edit_write,9afe9977181af953dfcc5dd24e1c5d67f16aae6bd3c85af8ac5e4704e8b3b7f7,H3,2,3191,3565,14121,14627,17357,18131
edit_write,9afe9977181af953dfcc5dd24e1c5d67f16aae6bd3c85af8ac5e4704e8b3b7f7,H4,0,539,618,10593,11378,11146,11917
edit_write,9afe9977181af953dfcc5dd24e1c5d67f16aae6bd3c85af8ac5e4704e8b3b7f7,H4,1,508,581,10340,11019,10862,11510
edit_write,9afe9977181af953dfcc5dd24e1c5d67f16aae6bd3c85af8ac5e4704e8b3b7f7,H4,2,508,537,10640,11147,11129,11665
edit_write,9ddf2ef64375a9ae0ca999d16b981d1dcaeff7ef4b56a14a947cd680aa60a1f8,H1,0,46,50,1076,1138,1113,1183
edit_write,9ddf2ef64375a9ae0ca999d16b981d1dcaeff7ef4b56a14a947cd680aa60a1f8,H1,1,28,48,943,1056,970,1106
edit_write,9ddf2ef64375a9ae0ca999d16b981d1dcaeff7ef4b56a14a947cd680aa60a1f8,H1,2,27,45,1064,1154,1095,1194
edit_write,9ddf2ef64375a9ae0ca999d16b981d1dcaeff7ef4b56a14a947cd680aa60a1f8,H2,0,57,91,1904,2040,1961,2131
edit_write,9ddf2ef64375a9ae0ca999d16b981d1dcaeff7ef4b56a14a947cd680aa60a1f8,H2,1,66,88,1843,2063,1904,2141
edit_write,9ddf2ef64375a9ae0ca999d16b981d1dcaeff7ef4b56a14a947cd680aa60a1f8,H2,2,68,89,1770,2056,1834,2145
edit_write,9ddf2ef64375a9ae0ca999d16b981d1dcaeff7ef4b56a14a947cd680aa60a1f8,H0,0,43,50,1561,1618,1600,1658
edit_write,9ddf2ef64375a9ae0ca999d16b981d1dcaeff7ef4b56a14a947cd680aa60a1f8,H0,1,28,34,1508,1562,1540,1587
edit_write,9ddf2ef64375a9ae0ca999d16b981d1dcaeff7ef4b56a14a947cd680aa60a1f8,H0,2,27,29,1502,1543,1529,1569
edit_write,9ddf2ef64375a9ae0ca999d16b981d1dcaeff7ef4b56a14a947cd680aa60a1f8,H3,0,283,413,1376,1662,1651,2075
edit_write,9ddf2ef64375a9ae0ca999d16b981d1dcaeff7ef4b56a14a947cd680aa60a1f8,H3,1,301,365,1481,1687,1758,2021
edit_write,9ddf2ef64375a9ae0ca999d16b981d1dcaeff7ef4b56a14a947cd680aa60a1f8,H3,2,278,340,1376,1656,1649,1993
edit_write,9ddf2ef64375a9ae0ca999d16b981d1dcaeff7ef4b56a14a947cd680aa60a1f8,H4,0,57,65,833,1002,888,1064
edit_write,9ddf2ef64375a9ae0ca999d16b981d1dcaeff7ef4b56a14a947cd680aa60a1f8,H4,1,63,98,907,1052,965,1134
edit_write,9ddf2ef64375a9ae0ca999d16b981d1dcaeff7ef4b56a14a947cd680aa60a1f8,H4,2,45,70,852,1213,895,1327
edit_write,9e061dfa374ca2f87fad0e1384784fa366777679a980ad8478441686249f692c,H1,0,44,50,31095,43641,31137,43684
edit_write,9e061dfa374ca2f87fad0e1384784fa366777679a980ad8478441686249f692c,H1,1,48,71,30278,42429,30329,42476
edit_write,9e061dfa374ca2f87fad0e1384784fa366777679a980ad8478441686249f692c,H1,2,37,46,30709,31783,30747,31830
edit_write,9e061dfa374ca2f87fad0e1384784fa366777679a980ad8478441686249f692c,H2,0,74,118,35021,38074,35089,38196
edit_write,9e061dfa374ca2f87fad0e1384784fa366777679a980ad8478441686249f692c,H2,1,79,103,35187,40278,35266,40352
edit_write,9e061dfa374ca2f87fad0e1384784fa366777679a980ad8478441686249f692c,H2,2,99,124,34327,40532,34430,40623
edit_write,9e061dfa374ca2f87fad0e1384784fa366777679a980ad8478441686249f692c,H0,0,44,51,18809,20486,18855,20541
edit_write,9e061dfa374ca2f87fad0e1384784fa366777679a980ad8478441686249f692c,H0,1,34,54,18804,20202,18841,20263
edit_write,9e061dfa374ca2f87fad0e1384784fa366777679a980ad8478441686249f692c,H0,2,33,48,18240,18955,18269,19003
edit_write,9e061dfa374ca2f87fad0e1384784fa366777679a980ad8478441686249f692c,H3,0,1408,1511,34136,37061,35528,38622
edit_write,9e061dfa374ca2f87fad0e1384784fa366777679a980ad8478441686249f692c,H3,1,1344,1436,34347,40481,35723,41830
edit_write,9e061dfa374ca2f87fad0e1384784fa366777679a980ad8478441686249f692c,H3,2,1267,1362,33506,39175,34752,40439
edit_write,9e061dfa374ca2f87fad0e1384784fa366777679a980ad8478441686249f692c,H4,0,110,142,25231,26871,25351,26966
edit_write,9e061dfa374ca2f87fad0e1384784fa366777679a980ad8478441686249f692c,H4,1,152,230,26595,29400,26747,29630
edit_write,9e061dfa374ca2f87fad0e1384784fa366777679a980ad8478441686249f692c,H4,2,111,154,25496,31312,25594,31442
edit_write,9e15f35b62ab9a5813c884426433b5eef4b26d2f106b2b7bc654f4a60b612255,H1,0,43,47,67053,74800,67097,74846
edit_write,9e15f35b62ab9a5813c884426433b5eef4b26d2f106b2b7bc654f4a60b612255,H1,1,49,69,72701,77184,72739,77238
edit_write,9e15f35b62ab9a5813c884426433b5eef4b26d2f106b2b7bc654f4a60b612255,H1,2,39,49,69756,82941,69796,82981
edit_write,9e15f35b62ab9a5813c884426433b5eef4b26d2f106b2b7bc654f4a60b612255,H2,0,87,122,16203,25004,16302,25095
edit_write,9e15f35b62ab9a5813c884426433b5eef4b26d2f106b2b7bc654f4a60b612255,H2,1,90,144,16380,17332,16472,17440
edit_write,9e15f35b62ab9a5813c884426433b5eef4b26d2f106b2b7bc654f4a60b612255,H2,2,112,131,16094,17475,16193,17585
edit_write,9e15f35b62ab9a5813c884426433b5eef4b26d2f106b2b7bc654f4a60b612255,H0,0,45,52,43413,56622,43457,56669
edit_write,9e15f35b62ab9a5813c884426433b5eef4b26d2f106b2b7bc654f4a60b612255,H0,1,37,40,42340,42939,42380,42976
edit_write,9e15f35b62ab9a5813c884426433b5eef4b26d2f106b2b7bc654f4a60b612255,H0,2,27,42,41840,62666,41867,62693
edit_write,9e15f35b62ab9a5813c884426433b5eef4b26d2f106b2b7bc654f4a60b612255,H3,0,2309,2499,12663,13664,14935,16147
edit_write,9e15f35b62ab9a5813c884426433b5eef4b26d2f106b2b7bc654f4a60b612255,H3,1,2322,2411,12449,12753,14791,15102
edit_write,9e15f35b62ab9a5813c884426433b5eef4b26d2f106b2b7bc654f4a60b612255,H3,2,2315,2425,12692,13717,15011,16156
edit_write,9e15f35b62ab9a5813c884426433b5eef4b26d2f106b2b7bc654f4a60b612255,H4,0,397,446,8056,8844,8489,9286
edit_write,9e15f35b62ab9a5813c884426433b5eef4b26d2f106b2b7bc654f4a60b612255,H4,1,388,422,8233,8602,8640,8982
edit_write,9e15f35b62ab9a5813c884426433b5eef4b26d2f106b2b7bc654f4a60b612255,H4,2,378,449,8080,8863,8428,9313
edit_write,9e8929590c927eeea3b1fef4c47d8d04add7c04d72781204744d9cdbaa98c20e,H1,0,43,48,70028,84785,70070,84830
edit_write,9e8929590c927eeea3b1fef4c47d8d04add7c04d72781204744d9cdbaa98c20e,H1,1,59,66,68838,90744,68890,90812
edit_write,9e8929590c927eeea3b1fef4c47d8d04add7c04d72781204744d9cdbaa98c20e,H1,2,38,40,70658,90158,70696,90194
edit_write,9e8929590c927eeea3b1fef4c47d8d04add7c04d72781204744d9cdbaa98c20e,H2,0,116,153,25793,39966,25926,40108
edit_write,9e8929590c927eeea3b1fef4c47d8d04add7c04d72781204744d9cdbaa98c20e,H2,1,121,160,26229,28465,26348,28590
edit_write,9e8929590c927eeea3b1fef4c47d8d04add7c04d72781204744d9cdbaa98c20e,H2,2,144,169,26070,31269,26202,31388
edit_write,9e8929590c927eeea3b1fef4c47d8d04add7c04d72781204744d9cdbaa98c20e,H0,0,46,56,48429,59970,48481,60018
edit_write,9e8929590c927eeea3b1fef4c47d8d04add7c04d72781204744d9cdbaa98c20e,H0,1,36,54,47286,52446,47321,52481
edit_write,9e8929590c927eeea3b1fef4c47d8d04add7c04d72781204744d9cdbaa98c20e,H0,2,34,50,47762,62412,47793,62455
edit_write,9e8929590c927eeea3b1fef4c47d8d04add7c04d72781204744d9cdbaa98c20e,H3,0,2642,2928,20512,21705,23153,24576
edit_write,9e8929590c927eeea3b1fef4c47d8d04add7c04d72781204744d9cdbaa98c20e,H3,1,2746,2949,21001,22648,23719,25677
edit_write,9e8929590c927eeea3b1fef4c47d8d04add7c04d72781204744d9cdbaa98c20e,H3,2,2678,2876,20640,32588,23268,35298
edit_write,9e8929590c927eeea3b1fef4c47d8d04add7c04d72781204744d9cdbaa98c20e,H4,0,432,484,14136,20969,14551,21411
edit_write,9e8929590c927eeea3b1fef4c47d8d04add7c04d72781204744d9cdbaa98c20e,H4,1,464,543,14410,15790,14920,16198
edit_write,9e8929590c927eeea3b1fef4c47d8d04add7c04d72781204744d9cdbaa98c20e,H4,2,425,488,14223,25707,14610,26095
edit_write,9f4b9202dae1b93e687d879a9b18adbcd3fd6763f50b01eda801251bd155e4f0,H1,0,43,51,67319,81812,67361,81855
edit_write,9f4b9202dae1b93e687d879a9b18adbcd3fd6763f50b01eda801251bd155e4f0,H1,1,49,75,66827,71959,66874,72030
edit_write,9f4b9202dae1b93e687d879a9b18adbcd3fd6763f50b01eda801251bd155e4f0,H1,2,39,41,70254,85819,70291,85859
edit_write,9f4b9202dae1b93e687d879a9b18adbcd3fd6763f50b01eda801251bd155e4f0,H2,0,114,151,55087,67820,55182,67943
edit_write,9f4b9202dae1b93e687d879a9b18adbcd3fd6763f50b01eda801251bd155e4f0,H2,1,116,148,54623,76950,54752,77019
edit_write,9f4b9202dae1b93e687d879a9b18adbcd3fd6763f50b01eda801251bd155e4f0,H2,2,133,152,54763,74429,54893,74556
edit_write,9f4b9202dae1b93e687d879a9b18adbcd3fd6763f50b01eda801251bd155e4f0,H0,0,43,49,44004,60956,44046,60998
edit_write,9f4b9202dae1b93e687d879a9b18adbcd3fd6763f50b01eda801251bd155e4f0,H0,1,36,41,43713,56443,43749,56480
edit_write,9f4b9202dae1b93e687d879a9b18adbcd3fd6763f50b01eda801251bd155e4f0,H0,2,30,62,43359,55801,43387,55831
edit_write,9f4b9202dae1b93e687d879a9b18adbcd3fd6763f50b01eda801251bd155e4f0,H3,0,1885,2067,51737,55245,53640,57297
edit_write,9f4b9202dae1b93e687d879a9b18adbcd3fd6763f50b01eda801251bd155e4f0,H3,1,2073,2197,52023,59594,54080,61668
edit_write,9f4b9202dae1b93e687d879a9b18adbcd3fd6763f50b01eda801251bd155e4f0,H3,2,1963,2146,52865,64789,54814,66927
edit_write,9f4b9202dae1b93e687d879a9b18adbcd3fd6763f50b01eda801251bd155e4f0,H4,0,343,377,67127,84964,67448,85331
edit_write,9f4b9202dae1b93e687d879a9b18adbcd3fd6763f50b01eda801251bd155e4f0,H4,1,398,439,67785,89561,68159,89899
edit_write,9f4b9202dae1b93e687d879a9b18adbcd3fd6763f50b01eda801251bd155e4f0,H4,2,365,407,67539,88584,67894,88909
edit_write,9f785d1857618263802bfcdc6b3336495cf00cafb4b430e3c928f3cc2a47d038,H1,0,43,52,70135,82395,70177,82440
edit_write,9f785d1857618263802bfcdc6b3336495cf00cafb4b430e3c928f3cc2a47d038,H1,1,49,74,68894,77096,68968,77142
edit_write,9f785d1857618263802bfcdc6b3336495cf00cafb4b430e3c928f3cc2a47d038,H1,2,36,50,69752,90381,69800,90415
edit_write,9f785d1857618263802bfcdc6b3336495cf00cafb4b430e3c928f3cc2a47d038,H2,0,95,122,21021,33074,21124,33172
edit_write,9f785d1857618263802bfcdc6b3336495cf00cafb4b430e3c928f3cc2a47d038,H2,1,88,148,20809,21681,20900,21811
edit_write,9f785d1857618263802bfcdc6b3336495cf00cafb4b430e3c928f3cc2a47d038,H2,2,116,136,20746,22582,20843,22698
edit_write,9f785d1857618263802bfcdc6b3336495cf00cafb4b430e3c928f3cc2a47d038,H0,0,42,50,44068,55138,44101,55182
edit_write,9f785d1857618263802bfcdc6b3336495cf00cafb4b430e3c928f3cc2a47d038,H0,1,48,84,45681,48636,45731,48671
edit_write,9f785d1857618263802bfcdc6b3336495cf00cafb4b430e3c928f3cc2a47d038,H0,2,32,59,43476,56639,43507,56679
edit_write,9f785d1857618263802bfcdc6b3336495cf00cafb4b430e3c928f3cc2a47d038,H3,0,2241,2417,17939,19398,20178,21694
edit_write,9f785d1857618263802bfcdc6b3336495cf00cafb4b430e3c928f3cc2a47d038,H3,1,2299,2500,18332,19726,20671,22272
edit_write,9f785d1857618263802bfcdc6b3336495cf00cafb4b430e3c928f3cc2a47d038,H3,2,2180,2433,17937,19723,20088,22194
edit_write,9f785d1857618263802bfcdc6b3336495cf00cafb4b430e3c928f3cc2a47d038,H4,0,402,439,9775,10859,10155,11265
edit_write,9f785d1857618263802bfcdc6b3336495cf00cafb4b430e3c928f3cc2a47d038,H4,1,407,441,10043,10421,10475,10852
edit_write,9f785d1857618263802bfcdc6b3336495cf00cafb4b430e3c928f3cc2a47d038,H4,2,402,434,9881,10838,10258,11242
edit_write,9fed435dc97c76f382eaf29ebea8394f0e483eef6fc8720e90e8dbaa73793bf9,H1,0,45,80,31400,33398,31483,33442
edit_write,9fed435dc97c76f382eaf29ebea8394f0e483eef6fc8720e90e8dbaa73793bf9,H1,1,45,67,31819,43415,31858,43481
edit_write,9fed435dc97c76f382eaf29ebea8394f0e483eef6fc8720e90e8dbaa73793bf9,H1,2,44,57,31521,51013,31568,51057
edit_write,9fed435dc97c76f382eaf29ebea8394f0e483eef6fc8720e90e8dbaa73793bf9,H2,0,73,101,13519,19085,13591,19152
edit_write,9fed435dc97c76f382eaf29ebea8394f0e483eef6fc8720e90e8dbaa73793bf9,H2,1,91,144,13659,14703,13745,14847
edit_write,9fed435dc97c76f382eaf29ebea8394f0e483eef6fc8720e90e8dbaa73793bf9,H2,2,108,135,13173,18858,13289,18953
edit_write,9fed435dc97c76f382eaf29ebea8394f0e483eef6fc8720e90e8dbaa73793bf9,H0,0,45,53,17191,22020,17237,22064
edit_write,9fed435dc97c76f382eaf29ebea8394f0e483eef6fc8720e90e8dbaa73793bf9,H0,1,36,41,17136,18458,17168,18497
edit_write,9fed435dc97c76f382eaf29ebea8394f0e483eef6fc8720e90e8dbaa73793bf9,H0,2,35,53,17108,28872,17144,28899
edit_write,9fed435dc97c76f382eaf29ebea8394f0e483eef6fc8720e90e8dbaa73793bf9,H3,0,2100,2247,10994,11766,13059,14013
edit_write,9fed435dc97c76f382eaf29ebea8394f0e483eef6fc8720e90e8dbaa73793bf9,H3,1,2110,2275,10428,15788,12518,17869
edit_write,9fed435dc97c76f382eaf29ebea8394f0e483eef6fc8720e90e8dbaa73793bf9,H3,2,2006,2225,10343,11425,12388,13650
edit_write,9fed435dc97c76f382eaf29ebea8394f0e483eef6fc8720e90e8dbaa73793bf9,H4,0,360,433,5902,6576,6249,6980
edit_write,9fed435dc97c76f382eaf29ebea8394f0e483eef6fc8720e90e8dbaa73793bf9,H4,1,320,405,6064,6729,6384,7116
edit_write,9fed435dc97c76f382eaf29ebea8394f0e483eef6fc8720e90e8dbaa73793bf9,H4,2,278,362,6012,6383,6290,6703
edit_write,a01bb6d33a280b86965cf155f630385fa89fb41819db7f55e39d86251ed18d6a,H1,0,55,66,14515,15160,14563,15226
edit_write,a01bb6d33a280b86965cf155f630385fa89fb41819db7f55e39d86251ed18d6a,H1,1,61,74,14874,15602,14916,15666
edit_write,a01bb6d33a280b86965cf155f630385fa89fb41819db7f55e39d86251ed18d6a,H1,2,45,67,15157,15579,15204,15624
edit_write,a01bb6d33a280b86965cf155f630385fa89fb41819db7f55e39d86251ed18d6a,H2,0,88,138,21490,39930,21609,40013
edit_write,a01bb6d33a280b86965cf155f630385fa89fb41819db7f55e39d86251ed18d6a,H2,1,110,136,22241,23500,22328,23662
edit_write,a01bb6d33a280b86965cf155f630385fa89fb41819db7f55e39d86251ed18d6a,H2,2,107,138,21535,22755,21638,22878
edit_write,a01bb6d33a280b86965cf155f630385fa89fb41819db7f55e39d86251ed18d6a,H0,0,43,49,57798,78057,57846,78099
edit_write,a01bb6d33a280b86965cf155f630385fa89fb41819db7f55e39d86251ed18d6a,H0,1,36,50,55846,57124,55885,57160
edit_write,a01bb6d33a280b86965cf155f630385fa89fb41819db7f55e39d86251ed18d6a,H0,2,31,37,56023,63544,56056,63576
edit_write,a01bb6d33a280b86965cf155f630385fa89fb41819db7f55e39d86251ed18d6a,H3,0,2945,3114,17555,29330,20490,32275
edit_write,a01bb6d33a280b86965cf155f630385fa89fb41819db7f55e39d86251ed18d6a,H3,1,2943,3066,17328,17636,20294,20612
edit_write,a01bb6d33a280b86965cf155f630385fa89fb41819db7f55e39d86251ed18d6a,H3,2,2916,3069,17879,18923,20705,21990
edit_write,a01bb6d33a280b86965cf155f630385fa89fb41819db7f55e39d86251ed18d6a,H4,0,493,554,13855,15155,14353,15677
edit_write,a01bb6d33a280b86965cf155f630385fa89fb41819db7f55e39d86251ed18d6a,H4,1,490,553,13683,14151,14201,14654
edit_write,a01bb6d33a280b86965cf155f630385fa89fb41819db7f55e39d86251ed18d6a,H4,2,453,498,13647,14115,14109,14569
edit_write,a055eaeac3fc2eb2d7bf7a21b5f636890d4411f5c8f8d3e3ac7b81d9faadb06e,H1,0,44,52,68627,88378,68671,88421
edit_write,a055eaeac3fc2eb2d7bf7a21b5f636890d4411f5c8f8d3e3ac7b81d9faadb06e,H1,1,58,71,67211,68803,67254,68874
edit_write,a055eaeac3fc2eb2d7bf7a21b5f636890d4411f5c8f8d3e3ac7b81d9faadb06e,H1,2,43,48,67735,73004,67774,73046
edit_write,a055eaeac3fc2eb2d7bf7a21b5f636890d4411f5c8f8d3e3ac7b81d9faadb06e,H2,0,87,115,17461,20286,17573,20392
edit_write,a055eaeac3fc2eb2d7bf7a21b5f636890d4411f5c8f8d3e3ac7b81d9faadb06e,H2,1,100,133,17838,19023,17938,19130
edit_write,a055eaeac3fc2eb2d7bf7a21b5f636890d4411f5c8f8d3e3ac7b81d9faadb06e,H2,2,112,140,17754,18762,17874,18880
edit_write,a055eaeac3fc2eb2d7bf7a21b5f636890d4411f5c8f8d3e3ac7b81d9faadb06e,H0,0,44,54,44378,66722,44420,66769
edit_write,a055eaeac3fc2eb2d7bf7a21b5f636890d4411f5c8f8d3e3ac7b81d9faadb06e,H0,1,37,44,43003,44011,43041,44048
edit_write,a055eaeac3fc2eb2d7bf7a21b5f636890d4411f5c8f8d3e3ac7b81d9faadb06e,H0,2,27,39,43209,49194,43240,49225
edit_write,a055eaeac3fc2eb2d7bf7a21b5f636890d4411f5c8f8d3e3ac7b81d9faadb06e,H3,0,2871,3167,14930,16321,17788,19412
edit_write,a055eaeac3fc2eb2d7bf7a21b5f636890d4411f5c8f8d3e3ac7b81d9faadb06e,H3,1,2897,2998,14892,15179,17768,18167
edit_write,a055eaeac3fc2eb2d7bf7a21b5f636890d4411f5c8f8d3e3ac7b81d9faadb06e,H3,2,2843,2975,14761,15821,17600,18681
edit_write,a055eaeac3fc2eb2d7bf7a21b5f636890d4411f5c8f8d3e3ac7b81d9faadb06e,H4,0,416,456,10143,10876,10585,11327
edit_write,a055eaeac3fc2eb2d7bf7a21b5f636890d4411f5c8f8d3e3ac7b81d9faadb06e,H4,1,403,430,10058,10303,10470,10701
edit_write,a055eaeac3fc2eb2d7bf7a21b5f636890d4411f5c8f8d3e3ac7b81d9faadb06e,H4,2,399,456,9702,10396,10123,10782
edit_write,a05d55898c098ae66aedbe75a628b964fb97d268be8b54385626d4fbf5143bf9,H1,0,45,59,8799,9447,8844,9492
edit_write,a05d55898c098ae66aedbe75a628b964fb97d268be8b54385626d4fbf5143bf9,H1,1,37,54,8674,9153,8710,9193
edit_write,a05d55898c098ae66aedbe75a628b964fb97d268be8b54385626d4fbf5143bf9,H1,2,41,49,9238,9973,9268,10019
edit_write,a05d55898c098ae66aedbe75a628b964fb97d268be8b54385626d4fbf5143bf9,H2,0,74,107,9459,10544,9542,10630
edit_write,a05d55898c098ae66aedbe75a628b964fb97d268be8b54385626d4fbf5143bf9,H2,1,82,103,9562,10384,9649,10466
edit_write,a05d55898c098ae66aedbe75a628b964fb97d268be8b54385626d4fbf5143bf9,H2,2,90,108,9233,9931,9326,10003
edit_write,a05d55898c098ae66aedbe75a628b964fb97d268be8b54385626d4fbf5143bf9,H0,0,45,59,53166,70249,53218,70300
edit_write,a05d55898c098ae66aedbe75a628b964fb97d268be8b54385626d4fbf5143bf9,H0,1,31,57,52872,65957,52909,65996
edit_write,a05d55898c098ae66aedbe75a628b964fb97d268be8b54385626d4fbf5143bf9,H0,2,35,48,52677,53092,52709,53120
edit_write,a05d55898c098ae66aedbe75a628b964fb97d268be8b54385626d4fbf5143bf9,H3,0,1252,1335,7727,8146,9009,9487
edit_write,a05d55898c098ae66aedbe75a628b964fb97d268be8b54385626d4fbf5143bf9,H3,1,1225,1387,7813,8378,9011,9616
edit_write,a05d55898c098ae66aedbe75a628b964fb97d268be8b54385626d4fbf5143bf9,H3,2,1184,1355,7764,8080,8945,9282
edit_write,a05d55898c098ae66aedbe75a628b964fb97d268be8b54385626d4fbf5143bf9,H4,0,236,286,4487,4792,4709,5056
edit_write,a05d55898c098ae66aedbe75a628b964fb97d268be8b54385626d4fbf5143bf9,H4,1,265,306,4410,4854,4681,5119
edit_write,a05d55898c098ae66aedbe75a628b964fb97d268be8b54385626d4fbf5143bf9,H4,2,243,281,4333,4699,4611,4935
edit_write,a10d7b838a421a3cc1e49d0fbccf4fe51a640090158c99d528ed421b8202645b,H1,0,43,50,70349,89779,70390,89823
edit_write,a10d7b838a421a3cc1e49d0fbccf4fe51a640090158c99d528ed421b8202645b,H1,1,60,74,68653,90785,68722,90829
edit_write,a10d7b838a421a3cc1e49d0fbccf4fe51a640090158c99d528ed421b8202645b,H1,2,46,58,76286,83431,76322,83485
edit_write,a10d7b838a421a3cc1e49d0fbccf4fe51a640090158c99d528ed421b8202645b,H2,0,111,153,19458,21416,19572,21526
edit_write,a10d7b838a421a3cc1e49d0fbccf4fe51a640090158c99d528ed421b8202645b,H2,1,104,136,19589,21597,19679,21738
edit_write,a10d7b838a421a3cc1e49d0fbccf4fe51a640090158c99d528ed421b8202645b,H2,2,121,149,18846,19679,18986,19791
edit_write,a10d7b838a421a3cc1e49d0fbccf4fe51a640090158c99d528ed421b8202645b,H0,0,43,49,48616,63063,48656,63110
edit_write,a10d7b838a421a3cc1e49d0fbccf4fe51a640090158c99d528ed421b8202645b,H0,1,37,47,48078,51918,48117,51958
edit_write,a10d7b838a421a3cc1e49d0fbccf4fe51a640090158c99d528ed421b8202645b,H0,2,32,50,47207,54515,47240,54544
edit_write,a10d7b838a421a3cc1e49d0fbccf4fe51a640090158c99d528ed421b8202645b,H3,0,2240,2445,16655,18170,18909,20542
edit_write,a10d7b838a421a3cc1e49d0fbccf4fe51a640090158c99d528ed421b8202645b,H3,1,2296,2595,16799,17974,19131,20569
edit_write,a10d7b838a421a3cc1e49d0fbccf4fe51a640090158c99d528ed421b8202645b,H3,2,2240,2449,16190,17114,18418,19563
edit_write,a10d7b838a421a3cc1e49d0fbccf4fe51a640090158c99d528ed421b8202645b,H4,0,405,439,10109,10723,10508,11167
edit_write,a10d7b838a421a3cc1e49d0fbccf4fe51a640090158c99d528ed421b8202645b,H4,1,408,472,10154,11459,10568,11897
edit_write,a10d7b838a421a3cc1e49d0fbccf4fe51a640090158c99d528ed421b8202645b,H4,2,398,421,10258,15485,10648,15887
edit_write,a3d4da7ba3d5b5dc18b530f3f465498db4aa464e7087e5dce79a0d4828fc1f3f,H1,0,43,46,71808,91867,71850,91910
edit_write,a3d4da7ba3d5b5dc18b530f3f465498db4aa464e7087e5dce79a0d4828fc1f3f,H1,1,69,76,72977,92129,73043,92204
edit_write,a3d4da7ba3d5b5dc18b530f3f465498db4aa464e7087e5dce79a0d4828fc1f3f,H1,2,40,58,71672,77320,71717,77358
edit_write,a3d4da7ba3d5b5dc18b530f3f465498db4aa464e7087e5dce79a0d4828fc1f3f,H2,0,119,153,26292,28396,26438,28530
edit_write,a3d4da7ba3d5b5dc18b530f3f465498db4aa464e7087e5dce79a0d4828fc1f3f,H2,1,95,132,26412,29010,26499,29215
edit_write,a3d4da7ba3d5b5dc18b530f3f465498db4aa464e7087e5dce79a0d4828fc1f3f,H2,2,127,161,26396,33561,26523,33687
edit_write,a3d4da7ba3d5b5dc18b530f3f465498db4aa464e7087e5dce79a0d4828fc1f3f,H0,0,44,56,49061,67200,49106,67253
edit_write,a3d4da7ba3d5b5dc18b530f3f465498db4aa464e7087e5dce79a0d4828fc1f3f,H0,1,37,44,47728,66010,47765,66045
edit_write,a3d4da7ba3d5b5dc18b530f3f465498db4aa464e7087e5dce79a0d4828fc1f3f,H0,2,36,62,47558,48967,47594,49029
edit_write,a3d4da7ba3d5b5dc18b530f3f465498db4aa464e7087e5dce79a0d4828fc1f3f,H3,0,3345,3562,23061,24884,26484,28470
edit_write,a3d4da7ba3d5b5dc18b530f3f465498db4aa464e7087e5dce79a0d4828fc1f3f,H3,1,3567,3772,23011,41478,26670,45075
edit_write,a3d4da7ba3d5b5dc18b530f3f465498db4aa464e7087e5dce79a0d4828fc1f3f,H3,2,3419,3618,22858,23820,26311,27438
edit_write,a3d4da7ba3d5b5dc18b530f3f465498db4aa464e7087e5dce79a0d4828fc1f3f,H4,0,552,615,15337,16599,15890,17172
edit_write,a3d4da7ba3d5b5dc18b530f3f465498db4aa464e7087e5dce79a0d4828fc1f3f,H4,1,546,606,15709,16645,16219,17222
edit_write,a3d4da7ba3d5b5dc18b530f3f465498db4aa464e7087e5dce79a0d4828fc1f3f,H4,2,544,607,15462,16081,16006,16707
edit_write,a51ad8cdee689426de2e8ebcc0b7dca384008351a599e89286b6fee0de144e92,H1,0,45,68,15406,16370,15460,16413
edit_write,a51ad8cdee689426de2e8ebcc0b7dca384008351a599e89286b6fee0de144e92,H1,1,41,60,15646,17081,15688,17128
edit_write,a51ad8cdee689426de2e8ebcc0b7dca384008351a599e89286b6fee0de144e92,H1,2,35,46,15600,16966,15638,16998
edit_write,a51ad8cdee689426de2e8ebcc0b7dca384008351a599e89286b6fee0de144e92,H2,0,65,113,5834,6093,5883,6183
edit_write,a51ad8cdee689426de2e8ebcc0b7dca384008351a599e89286b6fee0de144e92,H2,1,85,105,5896,6714,5975,6817
edit_write,a51ad8cdee689426de2e8ebcc0b7dca384008351a599e89286b6fee0de144e92,H2,2,94,127,5854,6331,5962,6441
edit_write,a51ad8cdee689426de2e8ebcc0b7dca384008351a599e89286b6fee0de144e92,H0,0,44,51,11305,11928,11354,11970
edit_write,a51ad8cdee689426de2e8ebcc0b7dca384008351a599e89286b6fee0de144e92,H0,1,34,48,11333,22746,11373,22780
edit_write,a51ad8cdee689426de2e8ebcc0b7dca384008351a599e89286b6fee0de144e92,H0,2,27,50,11207,12090,11229,12140
edit_write,a51ad8cdee689426de2e8ebcc0b7dca384008351a599e89286b6fee0de144e92,H3,0,885,1064,4772,5228,5713,6249
edit_write,a51ad8cdee689426de2e8ebcc0b7dca384008351a599e89286b6fee0de144e92,H3,1,939,1178,4771,5608,5714,6786
edit_write,a51ad8cdee689426de2e8ebcc0b7dca384008351a599e89286b6fee0de144e92,H3,2,824,920,4826,5538,5659,6660
edit_write,a51ad8cdee689426de2e8ebcc0b7dca384008351a599e89286b6fee0de144e92,H4,0,133,162,2764,3130,2892,3271
edit_write,a51ad8cdee689426de2e8ebcc0b7dca384008351a599e89286b6fee0de144e92,H4,1,137,219,2950,3303,3087,3522
edit_write,a51ad8cdee689426de2e8ebcc0b7dca384008351a599e89286b6fee0de144e92,H4,2,118,140,2851,3352,2966,3474
edit_write,a86e2dac4512bec45c1d90372bbdfdcf0b4c495e400c4ef4fa637cd1263e1208,H1,0,45,56,30936,43124,30986,43174
edit_write,a86e2dac4512bec45c1d90372bbdfdcf0b4c495e400c4ef4fa637cd1263e1208,H1,1,43,67,30068,32296,30107,32341
edit_write,a86e2dac4512bec45c1d90372bbdfdcf0b4c495e400c4ef4fa637cd1263e1208,H1,2,41,47,30354,32365,30395,32407
edit_write,a86e2dac4512bec45c1d90372bbdfdcf0b4c495e400c4ef4fa637cd1263e1208,H2,0,79,123,12062,13051,12148,13174
edit_write,a86e2dac4512bec45c1d90372bbdfdcf0b4c495e400c4ef4fa637cd1263e1208,H2,1,119,158,12272,13022,12396,13163
edit_write,a86e2dac4512bec45c1d90372bbdfdcf0b4c495e400c4ef4fa637cd1263e1208,H2,2,102,131,11966,13189,12081,13297
edit_write,a86e2dac4512bec45c1d90372bbdfdcf0b4c495e400c4ef4fa637cd1263e1208,H0,0,43,56,17303,18246,17350,18291
edit_write,a86e2dac4512bec45c1d90372bbdfdcf0b4c495e400c4ef4fa637cd1263e1208,H0,1,42,58,16835,18131,16887,18166
edit_write,a86e2dac4512bec45c1d90372bbdfdcf0b4c495e400c4ef4fa637cd1263e1208,H0,2,31,45,16694,18245,16720,18272
edit_write,a86e2dac4512bec45c1d90372bbdfdcf0b4c495e400c4ef4fa637cd1263e1208,H3,0,1758,1952,9118,10391,10902,12316
edit_write,a86e2dac4512bec45c1d90372bbdfdcf0b4c495e400c4ef4fa637cd1263e1208,H3,1,1910,2146,9335,10502,11285,12648
edit_write,a86e2dac4512bec45c1d90372bbdfdcf0b4c495e400c4ef4fa637cd1263e1208,H3,2,1776,1953,9358,10144,11171,12218
edit_write,a86e2dac4512bec45c1d90372bbdfdcf0b4c495e400c4ef4fa637cd1263e1208,H4,0,244,260,5435,6140,5677,6387
edit_write,a86e2dac4512bec45c1d90372bbdfdcf0b4c495e400c4ef4fa637cd1263e1208,H4,1,271,311,5454,5957,5740,6259
edit_write,a86e2dac4512bec45c1d90372bbdfdcf0b4c495e400c4ef4fa637cd1263e1208,H4,2,240,326,5531,6046,5771,6369
edit_write,a886ef1bfe9df29d6e1138d2ea2eb294326554e04c2b7542fa1f53ebc494287c,H1,0,44,48,70696,81573,70739,81618
edit_write,a886ef1bfe9df29d6e1138d2ea2eb294326554e04c2b7542fa1f53ebc494287c,H1,1,59,67,70024,82591,70063,82658
edit_write,a886ef1bfe9df29d6e1138d2ea2eb294326554e04c2b7542fa1f53ebc494287c,H1,2,35,38,71136,75964,71171,76000
edit_write,a886ef1bfe9df29d6e1138d2ea2eb294326554e04c2b7542fa1f53ebc494287c,H2,0,109,156,19585,21070,19724,21220
edit_write,a886ef1bfe9df29d6e1138d2ea2eb294326554e04c2b7542fa1f53ebc494287c,H2,1,102,136,19751,37488,19861,37590
edit_write,a886ef1bfe9df29d6e1138d2ea2eb294326554e04c2b7542fa1f53ebc494287c,H2,2,131,157,19456,25739,19589,25864
edit_write,a886ef1bfe9df29d6e1138d2ea2eb294326554e04c2b7542fa1f53ebc494287c,H0,0,44,62,48897,69429,48942,69471
edit_write,a886ef1bfe9df29d6e1138d2ea2eb294326554e04c2b7542fa1f53ebc494287c,H0,1,36,54,48066,60941,48101,60978
edit_write,a886ef1bfe9df29d6e1138d2ea2eb294326554e04c2b7542fa1f53ebc494287c,H0,2,32,47,47730,61092,47763,61123
edit_write,a886ef1bfe9df29d6e1138d2ea2eb294326554e04c2b7542fa1f53ebc494287c,H3,0,2907,3261,15806,17210,18752,20419
edit_write,a886ef1bfe9df29d6e1138d2ea2eb294326554e04c2b7542fa1f53ebc494287c,H3,1,2871,3051,16085,17094,19010,20138
edit_write,a886ef1bfe9df29d6e1138d2ea2eb294326554e04c2b7542fa1f53ebc494287c,H3,2,2842,3148,15967,17107,18780,20106
edit_write,a886ef1bfe9df29d6e1138d2ea2eb294326554e04c2b7542fa1f53ebc494287c,H4,0,450,514,9555,10695,10013,11145
edit_write,a886ef1bfe9df29d6e1138d2ea2eb294326554e04c2b7542fa1f53ebc494287c,H4,1,422,465,9914,10556,10311,11021
edit_write,a886ef1bfe9df29d6e1138d2ea2eb294326554e04c2b7542fa1f53ebc494287c,H4,2,419,457,9648,10506,10054,10956
edit_write,a9063a44e5c190c3c1e04fc392654c2aabe4314c0b528e69a69ad4acad5e853c,H1,0,44,51,14677,15864,14719,15908
edit_write,a9063a44e5c190c3c1e04fc392654c2aabe4314c0b528e69a69ad4acad5e853c,H1,1,36,61,14964,16362,15003,16423
edit_write,a9063a44e5c190c3c1e04fc392654c2aabe4314c0b528e69a69ad4acad5e853c,H1,2,36,51,14637,15516,14676,15562
edit_write,a9063a44e5c190c3c1e04fc392654c2aabe4314c0b528e69a69ad4acad5e853c,H2,0,70,101,6468,7314,6571,7402
edit_write,a9063a44e5c190c3c1e04fc392654c2aabe4314c0b528e69a69ad4acad5e853c,H2,1,67,107,6709,7259,6777,7336
edit_write,a9063a44e5c190c3c1e04fc392654c2aabe4314c0b528e69a69ad4acad5e853c,H2,2,69,105,6175,6748,6242,6834
edit_write,a9063a44e5c190c3c1e04fc392654c2aabe4314c0b528e69a69ad4acad5e853c,H0,0,43,55,11331,12292,11374,12338
edit_write,a9063a44e5c190c3c1e04fc392654c2aabe4314c0b528e69a69ad4acad5e853c,H0,1,34,41,11301,12082,11330,12116
edit_write,a9063a44e5c190c3c1e04fc392654c2aabe4314c0b528e69a69ad4acad5e853c,H0,2,26,39,11125,11846,11151,11882
edit_write,a9063a44e5c190c3c1e04fc392654c2aabe4314c0b528e69a69ad4acad5e853c,H3,0,684,788,5287,5800,5986,6577
edit_write,a9063a44e5c190c3c1e04fc392654c2aabe4314c0b528e69a69ad4acad5e853c,H3,1,672,766,5331,5774,6025,6540
edit_write,a9063a44e5c190c3c1e04fc392654c2aabe4314c0b528e69a69ad4acad5e853c,H3,2,683,785,5052,5580,5766,6379
edit_write,a9063a44e5c190c3c1e04fc392654c2aabe4314c0b528e69a69ad4acad5e853c,H4,0,99,141,3314,3625,3407,3760
edit_write,a9063a44e5c190c3c1e04fc392654c2aabe4314c0b528e69a69ad4acad5e853c,H4,1,137,198,3444,4028,3578,4226
edit_write,a9063a44e5c190c3c1e04fc392654c2aabe4314c0b528e69a69ad4acad5e853c,H4,2,132,155,3232,3561,3362,3708
edit_write,aa0dfaae223446ef4b936f598a233d70b7f31458f953ca33a3bea748d1755dc8,H1,0,44,62,11983,13022,12024,13075
edit_write,aa0dfaae223446ef4b936f598a233d70b7f31458f953ca33a3bea748d1755dc8,H1,1,48,64,11885,12444,11932,12493
edit_write,aa0dfaae223446ef4b936f598a233d70b7f31458f953ca33a3bea748d1755dc8,H1,2,41,50,12596,13368,12637,13411
edit_write,aa0dfaae223446ef4b936f598a233d70b7f31458f953ca33a3bea748d1755dc8,H2,0,69,113,14217,25573,14324,25686
edit_write,aa0dfaae223446ef4b936f598a233d70b7f31458f953ca33a3bea748d1755dc8,H2,1,83,106,14003,19448,14098,19519
edit_write,aa0dfaae223446ef4b936f598a233d70b7f31458f953ca33a3bea748d1755dc8,H2,2,86,136,13280,14276,13395,14412
edit_write,aa0dfaae223446ef4b936f598a233d70b7f31458f953ca33a3bea748d1755dc8,H0,0,43,52,18832,30803,18875,30845
edit_write,aa0dfaae223446ef4b936f598a233d70b7f31458f953ca33a3bea748d1755dc8,H0,1,36,57,20116,21326,20168,21360
edit_write,aa0dfaae223446ef4b936f598a233d70b7f31458f953ca33a3bea748d1755dc8,H0,2,33,50,18246,19549,18291,19582
edit_write,aa0dfaae223446ef4b936f598a233d70b7f31458f953ca33a3bea748d1755dc8,H3,0,1544,1691,10846,12455,12370,24079
edit_write,aa0dfaae223446ef4b936f598a233d70b7f31458f953ca33a3bea748d1755dc8,H3,1,1410,1618,10707,11910,12103,13607
edit_write,aa0dfaae223446ef4b936f598a233d70b7f31458f953ca33a3bea748d1755dc8,H3,2,1476,1586,10888,16375,12357,17739
edit_write,aa0dfaae223446ef4b936f598a233d70b7f31458f953ca33a3bea748d1755dc8,H4,0,255,344,7444,20186,7725,20517
edit_write,aa0dfaae223446ef4b936f598a233d70b7f31458f953ca33a3bea748d1755dc8,H4,1,298,400,7626,8272,7939,8581
edit_write,aa0dfaae223446ef4b936f598a233d70b7f31458f953ca33a3bea748d1755dc8,H4,2,245,341,7269,7815,7492,8109
edit_write,aa304dab9542aae56430a3ad80ebb7a4ea14c092811902608679e477f0159bbe,H1,0,45,55,15915,17037,15970,17086
edit_write,aa304dab9542aae56430a3ad80ebb7a4ea14c092811902608679e477f0159bbe,H1,1,38,60,16104,17127,16132,17164
edit_write,aa304dab9542aae56430a3ad80ebb7a4ea14c092811902608679e477f0159bbe,H1,2,35,40,15847,17376,15879,17411
edit_write,aa304dab9542aae56430a3ad80ebb7a4ea14c092811902608679e477f0159bbe,H2,0,78,112,6198,6791,6285,6895
edit_write,aa304dab9542aae56430a3ad80ebb7a4ea14c092811902608679e477f0159bbe,H2,1,141,167,12373,12826,12514,12940
edit_write,aa304dab9542aae56430a3ad80ebb7a4ea14c092811902608679e477f0159bbe,H2,2,67,86,6136,6905,6195,6982
edit_write,aa304dab9542aae56430a3ad80ebb7a4ea14c092811902608679e477f0159bbe,H0,0,43,54,11786,12594,11831,12650
edit_write,aa304dab9542aae56430a3ad80ebb7a4ea14c092811902608679e477f0159bbe,H0,1,33,61,12708,23636,12753,23668
edit_write,aa304dab9542aae56430a3ad80ebb7a4ea14c092811902608679e477f0159bbe,H0,2,32,35,11422,11742,11455,11769
edit_write,aa304dab9542aae56430a3ad80ebb7a4ea14c092811902608679e477f0159bbe,H3,0,846,980,5070,5553,5962,6533
edit_write,aa304dab9542aae56430a3ad80ebb7a4ea14c092811902608679e477f0159bbe,H3,1,873,1032,5314,5630,6192,6662
edit_write,aa304dab9542aae56430a3ad80ebb7a4ea14c092811902608679e477f0159bbe,H3,2,806,923,4906,5426,5745,6349
edit_write,aa304dab9542aae56430a3ad80ebb7a4ea14c092811902608679e477f0159bbe,H4,0,116,167,3045,3681,3158,7645
edit_write,aa304dab9542aae56430a3ad80ebb7a4ea14c092811902608679e477f0159bbe,H4,1,261,309,6025,6477,6263,6709
edit_write,aa304dab9542aae56430a3ad80ebb7a4ea14c092811902608679e477f0159bbe,H4,2,98,167,3000,3665,3100,3790
edit_write,aaa3319de212ce57fd6f629978b65e80ee2798a7b76257874e88855b1270276e,H1,0,44,54,31310,33134,31361,33178
edit_write,aaa3319de212ce57fd6f629978b65e80ee2798a7b76257874e88855b1270276e,H1,1,71,79,31775,50100,31844,50171
edit_write,aaa3319de212ce57fd6f629978b65e80ee2798a7b76257874e88855b1270276e,H1,2,37,46,32011,37831,32048,37865
edit_write,aaa3319de212ce57fd6f629978b65e80ee2798a7b76257874e88855b1270276e,H2,0,67,96,39888,58499,39962,58550
edit_write,aaa3319de212ce57fd6f629978b65e80ee2798a7b76257874e88855b1270276e,H2,1,97,117,40029,57468,40126,57553
edit_write,aaa3319de212ce57fd6f629978b65e80ee2798a7b76257874e88855b1270276e,H2,2,106,155,39981,42550,40091,42653
edit_write,aaa3319de212ce57fd6f629978b65e80ee2798a7b76257874e88855b1270276e,H0,0,45,60,25685,27077,25738,27120
edit_write,aaa3319de212ce57fd6f629978b65e80ee2798a7b76257874e88855b1270276e,H0,1,56,72,25348,26587,25404,26651
edit_write,aaa3319de212ce57fd6f629978b65e80ee2798a7b76257874e88855b1270276e,H0,2,31,47,25142,26577,25168,26638
edit_write,aaa3319de212ce57fd6f629978b65e80ee2798a7b76257874e88855b1270276e,H3,0,3348,3637,38410,43215,41836,46519
edit_write,aaa3319de212ce57fd6f629978b65e80ee2798a7b76257874e88855b1270276e,H3,1,3385,3673,39005,51277,42445,54672
edit_write,aaa3319de212ce57fd6f629978b65e80ee2798a7b76257874e88855b1270276e,H3,2,3302,3610,38629,56184,41997,59347
edit_write,aaa3319de212ce57fd6f629978b65e80ee2798a7b76257874e88855b1270276e,H4,0,430,510,32794,56332,33185,56794
edit_write,aaa3319de212ce57fd6f629978b65e80ee2798a7b76257874e88855b1270276e,H4,1,454,540,32852,35023,33307,35482
edit_write,aaa3319de212ce57fd6f629978b65e80ee2798a7b76257874e88855b1270276e,H4,2,417,495,32438,39634,32830,40029
edit_write,abf0d9be96b4f1ee1cc656f1d4760bb7b208201baef57c703ddaf7ddf84c6fb2,H1,0,45,56,14842,26736,14893,26782
edit_write,abf0d9be96b4f1ee1cc656f1d4760bb7b208201baef57c703ddaf7ddf84c6fb2,H1,1,50,65,13832,14808,13880,14865
edit_write,abf0d9be96b4f1ee1cc656f1d4760bb7b208201baef57c703ddaf7ddf84c6fb2,H1,2,41,46,14903,15316,14946,15355
edit_write,abf0d9be96b4f1ee1cc656f1d4760bb7b208201baef57c703ddaf7ddf84c6fb2,H2,0,62,99,16508,18364,16593,18458
edit_write,abf0d9be96b4f1ee1cc656f1d4760bb7b208201baef57c703ddaf7ddf84c6fb2,H2,1,82,117,16461,17617,16554,17707
edit_write,abf0d9be96b4f1ee1cc656f1d4760bb7b208201baef57c703ddaf7ddf84c6fb2,H2,2,99,155,16197,17653,16322,17808
edit_write,abf0d9be96b4f1ee1cc656f1d4760bb7b208201baef57c703ddaf7ddf84c6fb2,H0,0,46,58,31781,50333,31824,50377
edit_write,abf0d9be96b4f1ee1cc656f1d4760bb7b208201baef57c703ddaf7ddf84c6fb2,H0,1,46,52,31472,33666,31518,33711
edit_write,abf0d9be96b4f1ee1cc656f1d4760bb7b208201baef57c703ddaf7ddf84c6fb2,H0,2,31,41,31229,31702,31251,31735
edit_write,abf0d9be96b4f1ee1cc656f1d4760bb7b208201baef57c703ddaf7ddf84c6fb2,H3,0,1793,1929,12334,23852,14097,25753
edit_write,abf0d9be96b4f1ee1cc656f1d4760bb7b208201baef57c703ddaf7ddf84c6fb2,H3,1,1835,2029,12521,18219,14372,20054
edit_write,abf0d9be96b4f1ee1cc656f1d4760bb7b208201baef57c703ddaf7ddf84c6fb2,H3,2,1658,1758,12524,13395,14181,15496
edit_write,abf0d9be96b4f1ee1cc656f1d4760bb7b208201baef57c703ddaf7ddf84c6fb2,H4,0,309,379,5950,6520,6268,6899
edit_write,abf0d9be96b4f1ee1cc656f1d4760bb7b208201baef57c703ddaf7ddf84c6fb2,H4,1,321,387,6022,6417,6336,6773
edit_write,abf0d9be96b4f1ee1cc656f1d4760bb7b208201baef57c703ddaf7ddf84c6fb2,H4,2,339,366,5974,6571,6322,6937
edit_write,ac1fb780b0d48ca9f592921413ef52016e45df309f2ab6dc9a11b494bc549d5f,H1,0,44,54,24984,26101,25027,26146
edit_write,ac1fb780b0d48ca9f592921413ef52016e45df309f2ab6dc9a11b494bc549d5f,H1,1,50,73,24526,26053,24595,26125
edit_write,ac1fb780b0d48ca9f592921413ef52016e45df309f2ab6dc9a11b494bc549d5f,H1,2,37,39,24995,25454,25032,25492
edit_write,ac1fb780b0d48ca9f592921413ef52016e45df309f2ab6dc9a11b494bc549d5f,H2,0,74,98,27694,29751,27778,29823
edit_write,ac1fb780b0d48ca9f592921413ef52016e45df309f2ab6dc9a11b494bc549d5f,H2,1,104,130,28092,28938,28198,29068
edit_write,ac1fb780b0d48ca9f592921413ef52016e45df309f2ab6dc9a11b494bc549d5f,H2,2,109,134,27075,28450,27183,28568
edit_write,ac1fb780b0d48ca9f592921413ef52016e45df309f2ab6dc9a11b494bc549d5f,H0,0,49,72,16818,28026,16891,28071
edit_write,ac1fb780b0d48ca9f592921413ef52016e45df309f2ab6dc9a11b494bc549d5f,H0,1,33,37,15564,15917,15598,15952
edit_write,ac1fb780b0d48ca9f592921413ef52016e45df309f2ab6dc9a11b494bc549d5f,H0,2,28,33,15417,16092,15443,16120
edit_write,ac1fb780b0d48ca9f592921413ef52016e45df309f2ab6dc9a11b494bc549d5f,H3,0,1452,1714,28418,40136,29921,41850
edit_write,ac1fb780b0d48ca9f592921413ef52016e45df309f2ab6dc9a11b494bc549d5f,H3,1,1553,1681,26999,32693,28537,34238
edit_write,ac1fb780b0d48ca9f592921413ef52016e45df309f2ab6dc9a11b494bc549d5f,H3,2,1461,1643,26979,28029,28507,29672
edit_write,ac1fb780b0d48ca9f592921413ef52016e45df309f2ab6dc9a11b494bc549d5f,H4,0,231,294,25630,27289,25858,27496
edit_write,ac1fb780b0d48ca9f592921413ef52016e45df309f2ab6dc9a11b494bc549d5f,H4,1,218,276,25615,27075,25869,27337
edit_write,ac1fb780b0d48ca9f592921413ef52016e45df309f2ab6dc9a11b494bc549d5f,H4,2,168,242,25030,26972,25232,27194
edit_write,aca48617e4afbadd93b79c41769cd75d4c5b1cdf8a3fede5d19fd65378f5c830,H1,0,43,52,14758,15602,14801,15646
edit_write,aca48617e4afbadd93b79c41769cd75d4c5b1cdf8a3fede5d19fd65378f5c830,H1,1,41,61,15116,15549,15155,15605
edit_write,aca48617e4afbadd93b79c41769cd75d4c5b1cdf8a3fede5d19fd65378f5c830,H1,2,33,39,14904,16142,14937,16172
edit_write,aca48617e4afbadd93b79c41769cd75d4c5b1cdf8a3fede5d19fd65378f5c830,H2,0,67,105,6940,7548,7043,7631
edit_write,aca48617e4afbadd93b79c41769cd75d4c5b1cdf8a3fede5d19fd65378f5c830,H2,1,65,83,7072,7446,7137,7526
edit_write,aca48617e4afbadd93b79c41769cd75d4c5b1cdf8a3fede5d19fd65378f5c830,H2,2,79,113,7052,9582,7133,9732
edit_write,aca48617e4afbadd93b79c41769cd75d4c5b1cdf8a3fede5d19fd65378f5c830,H0,0,43,49,11221,12466,11266,12508
edit_write,aca48617e4afbadd93b79c41769cd75d4c5b1cdf8a3fede5d19fd65378f5c830,H0,1,33,59,11419,12432,11450,12466
edit_write,aca48617e4afbadd93b79c41769cd75d4c5b1cdf8a3fede5d19fd65378f5c830,H0,2,30,46,11009,11701,11043,11738
edit_write,aca48617e4afbadd93b79c41769cd75d4c5b1cdf8a3fede5d19fd65378f5c830,H3,0,843,971,5957,6469,6815,7448
edit_write,aca48617e4afbadd93b79c41769cd75d4c5b1cdf8a3fede5d19fd65378f5c830,H3,1,803,925,5778,6092,6539,7017
edit_write,aca48617e4afbadd93b79c41769cd75d4c5b1cdf8a3fede5d19fd65378f5c830,H3,2,755,897,5838,6300,6602,7110
edit_write,aca48617e4afbadd93b79c41769cd75d4c5b1cdf8a3fede5d19fd65378f5c830,H4,0,102,149,3779,4038,3890,4165
edit_write,aca48617e4afbadd93b79c41769cd75d4c5b1cdf8a3fede5d19fd65378f5c830,H4,1,132,194,3861,4148,3994,4327
edit_write,aca48617e4afbadd93b79c41769cd75d4c5b1cdf8a3fede5d19fd65378f5c830,H4,2,100,131,3744,4134,3842,4244
edit_write,af4e7bafa17c682a447a00f92d994afe9049f3c76b2949717d5c92fe8c9ba3bf,H1,0,44,52,74409,95611,74451,95659
edit_write,af4e7bafa17c682a447a00f92d994afe9049f3c76b2949717d5c92fe8c9ba3bf,H1,1,69,76,76419,89791,76461,89862
edit_write,af4e7bafa17c682a447a00f92d994afe9049f3c76b2949717d5c92fe8c9ba3bf,H1,2,42,46,74196,75476,74236,75518
edit_write,af4e7bafa17c682a447a00f92d994afe9049f3c76b2949717d5c92fe8c9ba3bf,H2,0,121,157,23446,34926,23580,35053
edit_write,af4e7bafa17c682a447a00f92d994afe9049f3c76b2949717d5c92fe8c9ba3bf,H2,1,102,155,23374,42236,23470,42312
edit_write,af4e7bafa17c682a447a00f92d994afe9049f3c76b2949717d5c92fe8c9ba3bf,H2,2,138,155,23668,24191,23807,24331
edit_write,af4e7bafa17c682a447a00f92d994afe9049f3c76b2949717d5c92fe8c9ba3bf,H0,0,44,56,48843,61217,48887,61262
edit_write,af4e7bafa17c682a447a00f92d994afe9049f3c76b2949717d5c92fe8c9ba3bf,H0,1,38,49,51170,63799,51208,63837
edit_write,af4e7bafa17c682a447a00f92d994afe9049f3c76b2949717d5c92fe8c9ba3bf,H0,2,32,55,48597,50648,48618,50694
edit_write,af4e7bafa17c682a447a00f92d994afe9049f3c76b2949717d5c92fe8c9ba3bf,H3,0,2558,2707,19441,20756,21949,33416
edit_write,af4e7bafa17c682a447a00f92d994afe9049f3c76b2949717d5c92fe8c9ba3bf,H3,1,2653,2887,19538,21098,22167,23985
edit_write,af4e7bafa17c682a447a00f92d994afe9049f3c76b2949717d5c92fe8c9ba3bf,H3,2,2617,2725,20456,21316,23080,23962
edit_write,af4e7bafa17c682a447a00f92d994afe9049f3c76b2949717d5c92fe8c9ba3bf,H4,0,648,702,14472,16091,15126,16801
edit_write,af4e7bafa17c682a447a00f92d994afe9049f3c76b2949717d5c92fe8c9ba3bf,H4,1,611,683,14280,15123,14897,15763
edit_write,af4e7bafa17c682a447a00f92d994afe9049f3c76b2949717d5c92fe8c9ba3bf,H4,2,619,676,14195,15485,14789,16160
edit_write,b03992b89a221bded3662b3ceb14f91bc15dd1a2a2fea1b4d481eb1866138cc1,H1,0,43,52,71835,83476,71876,83522
edit_write,b03992b89a221bded3662b3ceb14f91bc15dd1a2a2fea1b4d481eb1866138cc1,H1,1,58,74,69237,74021,69303,74066
edit_write,b03992b89a221bded3662b3ceb14f91bc15dd1a2a2fea1b4d481eb1866138cc1,H1,2,38,57,70237,75801,70274,75882
edit_write,b03992b89a221bded3662b3ceb14f91bc15dd1a2a2fea1b4d481eb1866138cc1,H2,0,119,159,19127,21389,19235,21510
edit_write,b03992b89a221bded3662b3ceb14f91bc15dd1a2a2fea1b4d481eb1866138cc1,H2,1,121,156,19312,21308,19433,21452
edit_write,b03992b89a221bded3662b3ceb14f91bc15dd1a2a2fea1b4d481eb1866138cc1,H2,2,142,166,18842,19735,18985,19883
edit_write,b03992b89a221bded3662b3ceb14f91bc15dd1a2a2fea1b4d481eb1866138cc1,H0,0,43,48,48218,63753,48261,63794
edit_write,b03992b89a221bded3662b3ceb14f91bc15dd1a2a2fea1b4d481eb1866138cc1,H0,1,33,40,47735,50575,47767,50614
edit_write,b03992b89a221bded3662b3ceb14f91bc15dd1a2a2fea1b4d481eb1866138cc1,H0,2,34,55,47078,51315,47114,51348
edit_write,b03992b89a221bded3662b3ceb14f91bc15dd1a2a2fea1b4d481eb1866138cc1,H3,0,2809,2992,15536,16911,18237,19787
edit_write,b03992b89a221bded3662b3ceb14f91bc15dd1a2a2fea1b4d481eb1866138cc1,H3,1,2870,3119,15784,28258,18609,31164
edit_write,b03992b89a221bded3662b3ceb14f91bc15dd1a2a2fea1b4d481eb1866138cc1,H3,2,2747,3011,15603,16457,18395,23893
edit_write,b03992b89a221bded3662b3ceb14f91bc15dd1a2a2fea1b4d481eb1866138cc1,H4,0,433,485,9560,10296,10003,10778
edit_write,b03992b89a221bded3662b3ceb14f91bc15dd1a2a2fea1b4d481eb1866138cc1,H4,1,438,496,9759,10800,10231,11264
edit_write,b03992b89a221bded3662b3ceb14f91bc15dd1a2a2fea1b4d481eb1866138cc1,H4,2,423,467,9430,9977,9872,10414
edit_write,b05cdc92f4c1a451c7f394ad1c349b0f419f23544850c61441bbc2a4f0522613,H1,0,44,47,73177,91908,73221,91950
edit_write,b05cdc92f4c1a451c7f394ad1c349b0f419f23544850c61441bbc2a4f0522613,H1,1,66,80,70115,82081,70192,82134
edit_write,b05cdc92f4c1a451c7f394ad1c349b0f419f23544850c61441bbc2a4f0522613,H1,2,55,65,71364,84521,71417,84581
edit_write,b05cdc92f4c1a451c7f394ad1c349b0f419f23544850c61441bbc2a4f0522613,H2,0,113,150,20217,21918,20347,22045
edit_write,b05cdc92f4c1a451c7f394ad1c349b0f419f23544850c61441bbc2a4f0522613,H2,1,124,193,20156,22153,20276,22356
edit_write,b05cdc92f4c1a451c7f394ad1c349b0f419f23544850c61441bbc2a4f0522613,H2,2,138,164,19869,21295,20004,21446
edit_write,b05cdc92f4c1a451c7f394ad1c349b0f419f23544850c61441bbc2a4f0522613,H0,0,45,58,48600,67013,48644,67053
edit_write,b05cdc92f4c1a451c7f394ad1c349b0f419f23544850c61441bbc2a4f0522613,H0,1,36,41,48313,69928,48352,69967
edit_write,b05cdc92f4c1a451c7f394ad1c349b0f419f23544850c61441bbc2a4f0522613,H0,2,33,51,47621,63708,47652,63741
edit_write,b05cdc92f4c1a451c7f394ad1c349b0f419f23544850c61441bbc2a4f0522613,H3,0,2653,2935,16528,17832,19154,20767
edit_write,b05cdc92f4c1a451c7f394ad1c349b0f419f23544850c61441bbc2a4f0522613,H3,1,2794,3007,16424,28233,19211,30995
edit_write,b05cdc92f4c1a451c7f394ad1c349b0f419f23544850c61441bbc2a4f0522613,H3,2,2588,3119,16601,17572,19173,21131
edit_write,b05cdc92f4c1a451c7f394ad1c349b0f419f23544850c61441bbc2a4f0522613,H4,0,374,436,10014,10947,10393,11358
edit_write,b05cdc92f4c1a451c7f394ad1c349b0f419f23544850c61441bbc2a4f0522613,H4,1,426,476,9921,10806,10345,11232
edit_write,b05cdc92f4c1a451c7f394ad1c349b0f419f23544850c61441bbc2a4f0522613,H4,2,393,450,10158,10941,10555,11336
edit_write,b1b4bba780b9c892e32669fe5993ce2f356114cd443cf0fa4a7d3285310597a8,H1,0,44,48,30006,41488,30052,41534
edit_write,b1b4bba780b9c892e32669fe5993ce2f356114cd443cf0fa4a7d3285310597a8,H1,1,43,69,30419,47499,30461,47565
edit_write,b1b4bba780b9c892e32669fe5993ce2f356114cd443cf0fa4a7d3285310597a8,H1,2,38,44,30701,41526,30733,41564
edit_write,b1b4bba780b9c892e32669fe5993ce2f356114cd443cf0fa4a7d3285310597a8,H2,0,86,107,24462,26500,24535,26607
edit_write,b1b4bba780b9c892e32669fe5993ce2f356114cd443cf0fa4a7d3285310597a8,H2,1,114,147,24637,26632,24757,26813
edit_write,b1b4bba780b9c892e32669fe5993ce2f356114cd443cf0fa4a7d3285310597a8,H2,2,99,129,24229,25735,24336,25848
edit_write,b1b4bba780b9c892e32669fe5993ce2f356114cd443cf0fa4a7d3285310597a8,H0,0,44,55,17090,18783,17132,18829
edit_write,b1b4bba780b9c892e32669fe5993ce2f356114cd443cf0fa4a7d3285310597a8,H0,1,32,51,16795,29008,16834,29041
edit_write,b1b4bba780b9c892e32669fe5993ce2f356114cd443cf0fa4a7d3285310597a8,H0,2,31,45,16685,17795,16716,17822
edit_write,b1b4bba780b9c892e32669fe5993ce2f356114cd443cf0fa4a7d3285310597a8,H3,0,1939,2059,22670,35565,24583,37609
edit_write,b1b4bba780b9c892e32669fe5993ce2f356114cd443cf0fa4a7d3285310597a8,H3,1,1980,2224,22934,24672,24936,26859
edit_write,b1b4bba780b9c892e32669fe5993ce2f356114cd443cf0fa4a7d3285310597a8,H3,2,1919,2160,23033,34348,24959,36252
edit_write,b1b4bba780b9c892e32669fe5993ce2f356114cd443cf0fa4a7d3285310597a8,H4,0,240,305,28871,34552,29104,34791
edit_write,b1b4bba780b9c892e32669fe5993ce2f356114cd443cf0fa4a7d3285310597a8,H4,1,290,351,30792,43134,31080,43424
edit_write,b1b4bba780b9c892e32669fe5993ce2f356114cd443cf0fa4a7d3285310597a8,H4,2,250,276,29328,41619,29576,41868
edit_write,b31289b84ff6c472c8e5b438920fb4f7d3c2ccb0f690f299cabae40a1a24d7b5,H1,0,43,51,8816,19932,8861,19978
edit_write,b31289b84ff6c472c8e5b438920fb4f7d3c2ccb0f690f299cabae40a1a24d7b5,H1,1,48,68,8176,8726,8231,8780
edit_write,b31289b84ff6c472c8e5b438920fb4f7d3c2ccb0f690f299cabae40a1a24d7b5,H1,2,41,47,8285,8521,8326,8561
edit_write,b31289b84ff6c472c8e5b438920fb4f7d3c2ccb0f690f299cabae40a1a24d7b5,H2,0,56,102,10141,11641,10239,11743
edit_write,b31289b84ff6c472c8e5b438920fb4f7d3c2ccb0f690f299cabae40a1a24d7b5,H2,1,67,99,10136,16544,10208,16608
edit_write,b31289b84ff6c472c8e5b438920fb4f7d3c2ccb0f690f299cabae40a1a24d7b5,H2,2,84,115,9555,10229,9652,10324
edit_write,b31289b84ff6c472c8e5b438920fb4f7d3c2ccb0f690f299cabae40a1a24d7b5,H0,0,42,46,18868,20383,18908,20425
edit_write,b31289b84ff6c472c8e5b438920fb4f7d3c2ccb0f690f299cabae40a1a24d7b5,H0,1,38,52,18293,29709,18340,29751
edit_write,b31289b84ff6c472c8e5b438920fb4f7d3c2ccb0f690f299cabae40a1a24d7b5,H0,2,33,49,17823,30589,17855,30626
edit_write,b31289b84ff6c472c8e5b438920fb4f7d3c2ccb0f690f299cabae40a1a24d7b5,H3,0,1325,1468,6880,7549,8216,8985
edit_write,b31289b84ff6c472c8e5b438920fb4f7d3c2ccb0f690f299cabae40a1a24d7b5,H3,1,1372,1486,7147,7757,8471,9186
edit_write,b31289b84ff6c472c8e5b438920fb4f7d3c2ccb0f690f299cabae40a1a24d7b5,H3,2,1269,1374,6810,11652,8096,12856
edit_write,b31289b84ff6c472c8e5b438920fb4f7d3c2ccb0f690f299cabae40a1a24d7b5,H4,0,192,226,4070,4681,4231,4935
edit_write,b31289b84ff6c472c8e5b438920fb4f7d3c2ccb0f690f299cabae40a1a24d7b5,H4,1,240,299,4041,4684,4278,4934
edit_write,b31289b84ff6c472c8e5b438920fb4f7d3c2ccb0f690f299cabae40a1a24d7b5,H4,2,262,301,4526,4738,4790,5054
edit_write,b37b90dde6f7ffe876567d657f23917a0254d5e59056e44b139fa619938bc42c,H1,0,43,50,45946,65695,45989,65738
edit_write,b37b90dde6f7ffe876567d657f23917a0254d5e59056e44b139fa619938bc42c,H1,1,57,74,46242,53146,46311,53202
edit_write,b37b90dde6f7ffe876567d657f23917a0254d5e59056e44b139fa619938bc42c,H1,2,35,39,50315,65942,50351,65977
edit_write,b37b90dde6f7ffe876567d657f23917a0254d5e59056e44b139fa619938bc42c,H2,0,78,106,37650,50630,37741,50712
edit_write,b37b90dde6f7ffe876567d657f23917a0254d5e59056e44b139fa619938bc42c,H2,1,118,128,37714,56850,37843,56976
edit_write,b37b90dde6f7ffe876567d657f23917a0254d5e59056e44b139fa619938bc42c,H2,2,109,132,36913,39046,37022,39148
edit_write,b37b90dde6f7ffe876567d657f23917a0254d5e59056e44b139fa619938bc42c,H0,0,42,54,23402,26040,23443,26094
edit_write,b37b90dde6f7ffe876567d657f23917a0254d5e59056e44b139fa619938bc42c,H0,1,35,44,23655,25375,23699,25412
edit_write,b37b90dde6f7ffe876567d657f23917a0254d5e59056e44b139fa619938bc42c,H0,2,31,49,22963,24898,23012,24925
edit_write,b37b90dde6f7ffe876567d657f23917a0254d5e59056e44b139fa619938bc42c,H3,0,1719,1918,37691,40023,39264,41941
edit_write,b37b90dde6f7ffe876567d657f23917a0254d5e59056e44b139fa619938bc42c,H3,1,1741,1891,36981,39974,38744,41855
edit_write,b37b90dde6f7ffe876567d657f23917a0254d5e59056e44b139fa619938bc42c,H3,2,1625,1722,37361,37961,39006,39682
edit_write,b37b90dde6f7ffe876567d657f23917a0254d5e59056e44b139fa619938bc42c,H4,0,351,409,34559,54848,34933,55175
edit_write,b37b90dde6f7ffe876567d657f23917a0254d5e59056e44b139fa619938bc42c,H4,1,367,434,33863,45525,34268,45926
edit_write,b37b90dde6f7ffe876567d657f23917a0254d5e59056e44b139fa619938bc42c,H4,2,363,408,34397,36037,34771,36430
edit_write,b3ae49cbccbfdcab71653f7db40291ad6c43e1f5feb9ae3766f7cc48b08bb8b9,H1,0,44,50,61452,82420,61497,82463
edit_write,b3ae49cbccbfdcab71653f7db40291ad6c43e1f5feb9ae3766f7cc48b08bb8b9,H1,1,44,59,61235,74701,61278,74746
edit_write,b3ae49cbccbfdcab71653f7db40291ad6c43e1f5feb9ae3766f7cc48b08bb8b9,H1,2,33,38,61742,63107,61776,67640
edit_write,b3ae49cbccbfdcab71653f7db40291ad6c43e1f5feb9ae3766f7cc48b08bb8b9,H2,0,46,77,8438,9458,8504,9537
edit_write,b3ae49cbccbfdcab71653f7db40291ad6c43e1f5feb9ae3766f7cc48b08bb8b9,H2,1,68,87,8678,9523,8749,9597
edit_write,b3ae49cbccbfdcab71653f7db40291ad6c43e1f5feb9ae3766f7cc48b08bb8b9,H2,2,59,73,8192,8427,8249,8506
edit_write,b3ae49cbccbfdcab71653f7db40291ad6c43e1f5feb9ae3766f7cc48b08bb8b9,H0,0,44,52,53304,73309,53350,73350
edit_write,b3ae49cbccbfdcab71653f7db40291ad6c43e1f5feb9ae3766f7cc48b08bb8b9,H0,1,33,45,52695,58031,52732,58055
edit_write,b3ae49cbccbfdcab71653f7db40291ad6c43e1f5feb9ae3766f7cc48b08bb8b9,H0,2,31,39,52743,53199,52769,53236
edit_write,b3ae49cbccbfdcab71653f7db40291ad6c43e1f5feb9ae3766f7cc48b08bb8b9,H3,0,955,1030,7479,7982,8439,8967
edit_write,b3ae49cbccbfdcab71653f7db40291ad6c43e1f5feb9ae3766f7cc48b08bb8b9,H3,1,859,978,7523,8449,8362,9427
edit_write,b3ae49cbccbfdcab71653f7db40291ad6c43e1f5feb9ae3766f7cc48b08bb8b9,H3,2,976,1029,7737,8166,8689,9180
edit_write,b3ae49cbccbfdcab71653f7db40291ad6c43e1f5feb9ae3766f7cc48b08bb8b9,H4,0,205,254,4181,4518,4380,4774
edit_write,b3ae49cbccbfdcab71653f7db40291ad6c43e1f5feb9ae3766f7cc48b08bb8b9,H4,1,252,498,4640,8796,4885,9270
edit_write,b3ae49cbccbfdcab71653f7db40291ad6c43e1f5feb9ae3766f7cc48b08bb8b9,H4,2,219,249,4591,4974,4811,5232
edit_write,b3c2a185505556987500d3119899680450fbec51ed1102b2940b6cbcc6950fcb,H1,0,44,49,44653,47378,44697,47422
edit_write,b3c2a185505556987500d3119899680450fbec51ed1102b2940b6cbcc6950fcb,H1,1,46,66,44466,58476,44532,58528
edit_write,b3c2a185505556987500d3119899680450fbec51ed1102b2940b6cbcc6950fcb,H1,2,38,44,44749,51281,44785,51317
edit_write,b3c2a185505556987500d3119899680450fbec51ed1102b2940b6cbcc6950fcb,H2,0,46,91,9328,20706,9383,20750
edit_write,b3c2a185505556987500d3119899680450fbec51ed1102b2940b6cbcc6950fcb,H2,1,70,85,9576,10441,9643,10520
edit_write,b3c2a185505556987500d3119899680450fbec51ed1102b2940b6cbcc6950fcb,H2,2,57,93,9345,10131,9408,10183
edit_write,b3c2a185505556987500d3119899680450fbec51ed1102b2940b6cbcc6950fcb,H0,0,44,51,31575,46980,31616,47031
edit_write,b3c2a185505556987500d3119899680450fbec51ed1102b2940b6cbcc6950fcb,H0,1,35,42,32544,37479,32577,37514
edit_write,b3c2a185505556987500d3119899680450fbec51ed1102b2940b6cbcc6950fcb,H0,2,34,46,31835,43217,31868,43251
edit_write,b3c2a185505556987500d3119899680450fbec51ed1102b2940b6cbcc6950fcb,H3,0,1315,1441,8585,9399,9896,10827
edit_write,b3c2a185505556987500d3119899680450fbec51ed1102b2940b6cbcc6950fcb,H3,1,1348,1464,8603,9370,9957,10805
edit_write,b3c2a185505556987500d3119899680450fbec51ed1102b2940b6cbcc6950fcb,H3,2,1301,1440,8628,9456,9915,10925
edit_write,b3c2a185505556987500d3119899680450fbec51ed1102b2940b6cbcc6950fcb,H4,0,287,319,5857,6412,6165,6710
edit_write,b3c2a185505556987500d3119899680450fbec51ed1102b2940b6cbcc6950fcb,H4,1,281,305,5860,6407,6127,6716
edit_write,b3c2a185505556987500d3119899680450fbec51ed1102b2940b6cbcc6950fcb,H4,2,279,318,6209,6855,6492,7174
edit_write,b4e256b869bc26477213328374c2d60d427948e2ae734758aadf598867cce652,H1,0,45,52,30273,43098,30316,43145
edit_write,b4e256b869bc26477213328374c2d60d427948e2ae734758aadf598867cce652,H1,1,72,83,30065,31727,30135,31796
edit_write,b4e256b869bc26477213328374c2d60d427948e2ae734758aadf598867cce652,H1,2,40,51,30846,33971,30886,34022
edit_write,b4e256b869bc26477213328374c2d60d427948e2ae734758aadf598867cce652,H2,0,60,90,38154,62002,38210,62076
edit_write,b4e256b869bc26477213328374c2d60d427948e2ae734758aadf598867cce652,H2,1,101,113,38668,42804,38757,42896
edit_write,b4e256b869bc26477213328374c2d60d427948e2ae734758aadf598867cce652,H2,2,89,148,38167,42749,38248,42889
edit_write,b4e256b869bc26477213328374c2d60d427948e2ae734758aadf598867cce652,H0,0,47,62,25889,44826,25936,44878
edit_write,b4e256b869bc26477213328374c2d60d427948e2ae734758aadf598867cce652,H0,1,52,71,24465,26060,24526,26114
edit_write,b4e256b869bc26477213328374c2d60d427948e2ae734758aadf598867cce652,H0,2,31,47,24196,24835,24228,24862
edit_write,b4e256b869bc26477213328374c2d60d427948e2ae734758aadf598867cce652,H3,0,3170,3490,38610,50090,41762,53214
edit_write,b4e256b869bc26477213328374c2d60d427948e2ae734758aadf598867cce652,H3,1,2946,3160,36543,48525,39485,51596
edit_write,b4e256b869bc26477213328374c2d60d427948e2ae734758aadf598867cce652,H3,2,2920,3149,36370,42122,39320,45036
edit_write,b4e256b869bc26477213328374c2d60d427948e2ae734758aadf598867cce652,H4,0,434,554,33462,54698,33894,55167
edit_write,b4e256b869bc26477213328374c2d60d427948e2ae734758aadf598867cce652,H4,1,443,499,33317,48440,33762,48870
edit_write,b4e256b869bc26477213328374c2d60d427948e2ae734758aadf598867cce652,H4,2,363,438,32890,39230,33286,39551
edit_write,b611ef4898361d44f393abf3aa498dce9f5f746da2ad0b31491f5864a5fc9be8,H1,0,46,57,32232,44658,32275,44701
edit_write,b611ef4898361d44f393abf3aa498dce9f5f746da2ad0b31491f5864a5fc9be8,H1,1,49,74,32736,33242,32777,33304
edit_write,b611ef4898361d44f393abf3aa498dce9f5f746da2ad0b31491f5864a5fc9be8,H1,2,39,47,32771,51844,32818,51883
edit_write,b611ef4898361d44f393abf3aa498dce9f5f746da2ad0b31491f5864a5fc9be8,H2,0,74,111,14555,15935,14614,16017
edit_write,b611ef4898361d44f393abf3aa498dce9f5f746da2ad0b31491f5864a5fc9be8,H2,1,82,104,14882,15555,14944,15696
edit_write,b611ef4898361d44f393abf3aa498dce9f5f746da2ad0b31491f5864a5fc9be8,H2,2,105,136,14576,17103,14681,17239
edit_write,b611ef4898361d44f393abf3aa498dce9f5f746da2ad0b31491f5864a5fc9be8,H0,0,46,57,17881,19415,17924,19461
edit_write,b611ef4898361d44f393abf3aa498dce9f5f746da2ad0b31491f5864a5fc9be8,H0,1,33,41,17432,17824,17465,17857
edit_write,b611ef4898361d44f393abf3aa498dce9f5f746da2ad0b31491f5864a5fc9be8,H0,2,32,47,17134,18513,17165,18546
edit_write,b611ef4898361d44f393abf3aa498dce9f5f746da2ad0b31491f5864a5fc9be8,H3,0,1664,1796,11403,16533,13126,18171
edit_write,b611ef4898361d44f393abf3aa498dce9f5f746da2ad0b31491f5864a5fc9be8,H3,1,1654,1750,11586,12037,13208,13787
edit_write,b611ef4898361d44f393abf3aa498dce9f5f746da2ad0b31491f5864a5fc9be8,H3,2,1591,1721,12081,12943,13802,14774
edit_write,b611ef4898361d44f393abf3aa498dce9f5f746da2ad0b31491f5864a5fc9be8,H4,0,326,389,7179,7931,7509,8291
edit_write,b611ef4898361d44f393abf3aa498dce9f5f746da2ad0b31491f5864a5fc9be8,H4,1,345,415,7238,7711,7573,8105
edit_write,b611ef4898361d44f393abf3aa498dce9f5f746da2ad0b31491f5864a5fc9be8,H4,2,298,324,7231,8091,7511,8411
edit_write,b7ca50041000576dad8c28de1bf9a1cdfb8a63445015f1435f3c95ec7f25f332,H1,0,43,52,16378,18098,16424,18141
edit_write,b7ca50041000576dad8c28de1bf9a1cdfb8a63445015f1435f3c95ec7f25f332,H1,1,54,66,16101,17310,16160,17355
edit_write,b7ca50041000576dad8c28de1bf9a1cdfb8a63445015f1435f3c95ec7f25f332,H1,2,42,49,16420,17936,16469,17978
edit_write,b7ca50041000576dad8c28de1bf9a1cdfb8a63445015f1435f3c95ec7f25f332,H2,0,60,100,14758,16161,14848,16232
edit_write,b7ca50041000576dad8c28de1bf9a1cdfb8a63445015f1435f3c95ec7f25f332,H2,1,97,113,15073,16063,15172,16160
edit_write,b7ca50041000576dad8c28de1bf9a1cdfb8a63445015f1435f3c95ec7f25f332,H2,2,105,117,14990,16112,15103,16211
edit_write,b7ca50041000576dad8c28de1bf9a1cdfb8a63445015f1435f3c95ec7f25f332,H0,0,44,55,31023,34264,31064,34306
edit_write,b7ca50041000576dad8c28de1bf9a1cdfb8a63445015f1435f3c95ec7f25f332,H0,1,48,59,31078,34427,31126,34465
edit_write,b7ca50041000576dad8c28de1bf9a1cdfb8a63445015f1435f3c95ec7f25f332,H0,2,31,38,30550,42340,30582,42371
edit_write,b7ca50041000576dad8c28de1bf9a1cdfb8a63445015f1435f3c95ec7f25f332,H3,0,1876,2045,11003,12082,12862,14025
edit_write,b7ca50041000576dad8c28de1bf9a1cdfb8a63445015f1435f3c95ec7f25f332,H3,1,1847,1992,10934,12379,12776,14366
edit_write,b7ca50041000576dad8c28de1bf9a1cdfb8a63445015f1435f3c95ec7f25f332,H3,2,1806,6578,11080,11904,12860,25543
edit_write,b7ca50041000576dad8c28de1bf9a1cdfb8a63445015f1435f3c95ec7f25f332,H4,0,320,365,6397,6851,6731,7249
edit_write,b7ca50041000576dad8c28de1bf9a1cdfb8a63445015f1435f3c95ec7f25f332,H4,1,325,355,6459,7179,6799,7532
edit_write,b7ca50041000576dad8c28de1bf9a1cdfb8a63445015f1435f3c95ec7f25f332,H4,2,303,398,6354,7019,6667,7356
edit_write,b8d4935b3f0010b5be1629ca4b9bede85972113c4b9ad7580b004f368ca73194,H1,0,43,49,1324,1518,1367,1565
edit_write,b8d4935b3f0010b5be1629ca4b9bede85972113c4b9ad7580b004f368ca73194,H1,1,29,47,1189,1337,1216,1373
edit_write,b8d4935b3f0010b5be1629ca4b9bede85972113c4b9ad7580b004f368ca73194,H1,2,27,33,1281,1492,1307,1523
edit_write,b8d4935b3f0010b5be1629ca4b9bede85972113c4b9ad7580b004f368ca73194,H2,0,53,67,2029,2175,2080,2236
edit_write,b8d4935b3f0010b5be1629ca4b9bede85972113c4b9ad7580b004f368ca73194,H2,1,128,156,2125,2321,2255,2457
edit_write,b8d4935b3f0010b5be1629ca4b9bede85972113c4b9ad7580b004f368ca73194,H2,2,51,73,1993,2171,2052,2246
edit_write,b8d4935b3f0010b5be1629ca4b9bede85972113c4b9ad7580b004f368ca73194,H0,0,43,56,1760,1826,1804,1879
edit_write,b8d4935b3f0010b5be1629ca4b9bede85972113c4b9ad7580b004f368ca73194,H0,1,27,34,1716,1779,1738,1813
edit_write,b8d4935b3f0010b5be1629ca4b9bede85972113c4b9ad7580b004f368ca73194,H0,2,30,35,1688,1769,1719,1795
edit_write,b8d4935b3f0010b5be1629ca4b9bede85972113c4b9ad7580b004f368ca73194,H3,0,296,415,1895,2247,2249,2799
edit_write,b8d4935b3f0010b5be1629ca4b9bede85972113c4b9ad7580b004f368ca73194,H3,1,275,354,1998,2110,2274,2449
edit_write,b8d4935b3f0010b5be1629ca4b9bede85972113c4b9ad7580b004f368ca73194,H3,2,282,341,1874,2108,2143,2445
edit_write,b8d4935b3f0010b5be1629ca4b9bede85972113c4b9ad7580b004f368ca73194,H4,0,60,98,1170,1337,1224,1412
edit_write,b8d4935b3f0010b5be1629ca4b9bede85972113c4b9ad7580b004f368ca73194,H4,1,59,117,1229,1392,1280,1494
edit_write,b8d4935b3f0010b5be1629ca4b9bede85972113c4b9ad7580b004f368ca73194,H4,2,47,66,1133,1353,1180,1411
edit_write,b9bafd91b40d8bdb1d66c8e90eeafe0f591e7747ae4392d01b48db59f95c4a63,H1,0,44,50,29129,36202,29172,36246
edit_write,b9bafd91b40d8bdb1d66c8e90eeafe0f591e7747ae4392d01b48db59f95c4a63,H1,1,45,69,29141,29684,29185,29734
edit_write,b9bafd91b40d8bdb1d66c8e90eeafe0f591e7747ae4392d01b48db59f95c4a63,H1,2,34,40,29605,35949,29639,35985
edit_write,b9bafd91b40d8bdb1d66c8e90eeafe0f591e7747ae4392d01b48db59f95c4a63,H2,0,78,104,12203,13409,12280,13485
edit_write,b9bafd91b40d8bdb1d66c8e90eeafe0f591e7747ae4392d01b48db59f95c4a63,H2,1,75,118,12152,12576,12223,12676
edit_write,b9bafd91b40d8bdb1d66c8e90eeafe0f591e7747ae4392d01b48db59f95c4a63,H2,2,94,129,11903,12440,11994,12529
edit_write,b9bafd91b40d8bdb1d66c8e90eeafe0f591e7747ae4392d01b48db59f95c4a63,H0,0,43,60,16803,28571,16827,28620
edit_write,b9bafd91b40d8bdb1d66c8e90eeafe0f591e7747ae4392d01b48db59f95c4a63,H0,1,31,40,15959,16389,15997,16420
edit_write,b9bafd91b40d8bdb1d66c8e90eeafe0f591e7747ae4392d01b48db59f95c4a63,H0,2,33,46,15940,16487,15974,16514
edit_write,b9bafd91b40d8bdb1d66c8e90eeafe0f591e7747ae4392d01b48db59f95c4a63,H3,0,1486,1646,8755,9542,10256,11083
edit_write,b9bafd91b40d8bdb1d66c8e90eeafe0f591e7747ae4392d01b48db59f95c4a63,H3,1,1609,1709,9093,15799,10677,17525
edit_write,b9bafd91b40d8bdb1d66c8e90eeafe0f591e7747ae4392d01b48db59f95c4a63,H3,2,1479,1559,8717,9226,10215,10785
edit_write,b9bafd91b40d8bdb1d66c8e90eeafe0f591e7747ae4392d01b48db59f95c4a63,H4,0,253,295,4925,5466,5179,5741
edit_write,b9bafd91b40d8bdb1d66c8e90eeafe0f591e7747ae4392d01b48db59f95c4a63,H4,1,302,338,5062,5401,5368,5716
edit_write,b9bafd91b40d8bdb1d66c8e90eeafe0f591e7747ae4392d01b48db59f95c4a63,H4,2,243,273,5169,5410,5412,5665
edit_write,bad78dc378ee85dad1cd400b71c05fca5f8c1d208c0c2a5793baab442a28e84d,H1,0,43,49,69167,81945,69212,81990
edit_write,bad78dc378ee85dad1cd400b71c05fca5f8c1d208c0c2a5793baab442a28e84d,H1,1,65,70,68284,74966,68354,75036
edit_write,bad78dc378ee85dad1cd400b71c05fca5f8c1d208c0c2a5793baab442a28e84d,H1,2,42,47,69351,75913,69395,75952
edit_write,bad78dc378ee85dad1cd400b71c05fca5f8c1d208c0c2a5793baab442a28e84d,H2,0,95,122,18624,20553,18725,20646
edit_write,bad78dc378ee85dad1cd400b71c05fca5f8c1d208c0c2a5793baab442a28e84d,H2,1,98,132,18651,19526,18753,19639
edit_write,bad78dc378ee85dad1cd400b71c05fca5f8c1d208c0c2a5793baab442a28e84d,H2,2,116,146,18831,20606,18935,20727
edit_write,bad78dc378ee85dad1cd400b71c05fca5f8c1d208c0c2a5793baab442a28e84d,H0,0,43,54,41887,59427,41939,59468
edit_write,bad78dc378ee85dad1cd400b71c05fca5f8c1d208c0c2a5793baab442a28e84d,H0,1,36,42,43221,49748,43249,49779
edit_write,bad78dc378ee85dad1cd400b71c05fca5f8c1d208c0c2a5793baab442a28e84d,H0,2,33,45,42971,44797,43006,44829
edit_write,bad78dc378ee85dad1cd400b71c05fca5f8c1d208c0c2a5793baab442a28e84d,H3,0,2738,2965,15215,16570,17971,19486
edit_write,bad78dc378ee85dad1cd400b71c05fca5f8c1d208c0c2a5793baab442a28e84d,H3,1,2704,2876,15382,15824,18071,18528
edit_write,bad78dc378ee85dad1cd400b71c05fca5f8c1d208c0c2a5793baab442a28e84d,H3,2,2663,2757,15115,15449,17771,18202
edit_write,bad78dc378ee85dad1cd400b71c05fca5f8c1d208c0c2a5793baab442a28e84d,H4,0,502,560,9907,10443,10414,11000
edit_write,bad78dc378ee85dad1cd400b71c05fca5f8c1d208c0c2a5793baab442a28e84d,H4,1,500,564,10097,10720,10593,11269
edit_write,bad78dc378ee85dad1cd400b71c05fca5f8c1d208c0c2a5793baab442a28e84d,H4,2,471,513,10251,10647,10700,11151
edit_write,bce797a9c215ce0ddcdb5b2f489e572332bcaf860b47d167841bf1acf79a4de6,H1,0,44,66,6453,7531,6501,7602
edit_write,bce797a9c215ce0ddcdb5b2f489e572332bcaf860b47d167841bf1acf79a4de6,H1,1,39,47,5381,10729,5421,10769
edit_write,bce797a9c215ce0ddcdb5b2f489e572332bcaf860b47d167841bf1acf79a4de6,H1,2,39,42,6536,6906,6575,6946
edit_write,bce797a9c215ce0ddcdb5b2f489e572332bcaf860b47d167841bf1acf79a4de6,H2,0,54,116,11916,12895,11990,13008
edit_write,bce797a9c215ce0ddcdb5b2f489e572332bcaf860b47d167841bf1acf79a4de6,H2,1,72,89,12022,12910,12091,12993
edit_write,bce797a9c215ce0ddcdb5b2f489e572332bcaf860b47d167841bf1acf79a4de6,H2,2,98,111,11557,12046,11646,12157
edit_write,bce797a9c215ce0ddcdb5b2f489e572332bcaf860b47d167841bf1acf79a4de6,H0,0,42,47,27654,33162,27695,33204
edit_write,bce797a9c215ce0ddcdb5b2f489e572332bcaf860b47d167841bf1acf79a4de6,H0,1,36,42,28177,30207,28212,30244
edit_write,bce797a9c215ce0ddcdb5b2f489e572332bcaf860b47d167841bf1acf79a4de6,H0,2,30,33,27488,33498,27520,33528
edit_write,bce797a9c215ce0ddcdb5b2f489e572332bcaf860b47d167841bf1acf79a4de6,H3,0,1623,1768,8032,8685,9688,10387
edit_write,bce797a9c215ce0ddcdb5b2f489e572332bcaf860b47d167841bf1acf79a4de6,H3,1,1643,1809,8385,13178,9989,14744
edit_write,bce797a9c215ce0ddcdb5b2f489e572332bcaf860b47d167841bf1acf79a4de6,H3,2,1559,1685,7881,8339,9436,9998
edit_write,bce797a9c215ce0ddcdb5b2f489e572332bcaf860b47d167841bf1acf79a4de6,H4,0,243,286,4737,5328,4980,5609
edit_write,bce797a9c215ce0ddcdb5b2f489e572332bcaf860b47d167841bf1acf79a4de6,H4,1,271,318,4718,5212,5011,5483
edit_write,bce797a9c215ce0ddcdb5b2f489e572332bcaf860b47d167841bf1acf79a4de6,H4,2,244,293,4902,5183,5146,5452
edit_write,bd3e8b8d5f697cdcc16a550de113c7e14708d05ad550afbe996ac67259aab542,H1,0,44,50,12799,13546,12843,13591
edit_write,bd3e8b8d5f697cdcc16a550de113c7e14708d05ad550afbe996ac67259aab542,H1,1,46,65,12944,13258,12992,13320
edit_write,bd3e8b8d5f697cdcc16a550de113c7e14708d05ad550afbe996ac67259aab542,H1,2,40,56,14247,14900,14297,14956
edit_write,bd3e8b8d5f697cdcc16a550de113c7e14708d05ad550afbe996ac67259aab542,H2,0,56,127,12921,14150,12992,14277
edit_write,bd3e8b8d5f697cdcc16a550de113c7e14708d05ad550afbe996ac67259aab542,H2,1,81,109,12943,13632,13019,13764
edit_write,bd3e8b8d5f697cdcc16a550de113c7e14708d05ad550afbe996ac67259aab542,H2,2,81,131,12735,23745,12827,23840
edit_write,bd3e8b8d5f697cdcc16a550de113c7e14708d05ad550afbe996ac67259aab542,H0,0,44,57,27621,29467,27670,29516
edit_write,bd3e8b8d5f697cdcc16a550de113c7e14708d05ad550afbe996ac67259aab542,H0,1,30,48,27269,27812,27292,27844
edit_write,bd3e8b8d5f697cdcc16a550de113c7e14708d05ad550afbe996ac67259aab542,H0,2,33,47,26971,28906,26999,28953
edit_write,bd3e8b8d5f697cdcc16a550de113c7e14708d05ad550afbe996ac67259aab542,H3,0,1947,2234,9636,10675,11622,12930
edit_write,bd3e8b8d5f697cdcc16a550de113c7e14708d05ad550afbe996ac67259aab542,H3,1,1878,2054,9474,9756,11326,11746
edit_write,bd3e8b8d5f697cdcc16a550de113c7e14708d05ad550afbe996ac67259aab542,H3,2,2014,3363,9943,17344,11952,20707
edit_write,bd3e8b8d5f697cdcc16a550de113c7e14708d05ad550afbe996ac67259aab542,H4,0,314,401,5645,6104,5966,6469
edit_write,bd3e8b8d5f697cdcc16a550de113c7e14708d05ad550afbe996ac67259aab542,H4,1,302,404,5546,6024,5931,6424
edit_write,bd3e8b8d5f697cdcc16a550de113c7e14708d05ad550afbe996ac67259aab542,H4,2,325,385,5828,10648,6124,11324
edit_write,bdd901d8192bdaccd4c6eb4eca9902643307ae62396814151a1de112756f548c,H1,0,43,48,9252,9940,9293,9984
edit_write,bdd901d8192bdaccd4c6eb4eca9902643307ae62396814151a1de112756f548c,H1,1,42,59,9697,10232,9751,10273
edit_write,bdd901d8192bdaccd4c6eb4eca9902643307ae62396814151a1de112756f548c,H1,2,39,42,7920,8571,7960,8610
edit_write,bdd901d8192bdaccd4c6eb4eca9902643307ae62396814151a1de112756f548c,H2,0,59,95,17831,19057,17904,19133
edit_write,bdd901d8192bdaccd4c6eb4eca9902643307ae62396814151a1de112756f548c,H2,1,80,110,18315,19298,18394,19390
edit_write,bdd901d8192bdaccd4c6eb4eca9902643307ae62396814151a1de112756f548c,H2,2,91,122,17591,19154,17705,19276
edit_write,bdd901d8192bdaccd4c6eb4eca9902643307ae62396814151a1de112756f548c,H0,0,44,51,30963,48069,31005,48119
edit_write,bdd901d8192bdaccd4c6eb4eca9902643307ae62396814151a1de112756f548c,H0,1,33,63,30471,42927,30504,42958
edit_write,bdd901d8192bdaccd4c6eb4eca9902643307ae62396814151a1de112756f548c,H0,2,32,35,30829,42553,30856,42588
edit_write,bdd901d8192bdaccd4c6eb4eca9902643307ae62396814151a1de112756f548c,H3,0,2081,2223,14109,15124,16136,17333
edit_write,bdd901d8192bdaccd4c6eb4eca9902643307ae62396814151a1de112756f548c,H3,1,2094,2271,14373,15185,16437,17426
edit_write,bdd901d8192bdaccd4c6eb4eca9902643307ae62396814151a1de112756f548c,H3,2,2037,2210,14087,15110,16086,17336
edit_write,bdd901d8192bdaccd4c6eb4eca9902643307ae62396814151a1de112756f548c,H4,0,292,321,7040,7715,7347,8028
edit_write,bdd901d8192bdaccd4c6eb4eca9902643307ae62396814151a1de112756f548c,H4,1,310,338,6965,7820,7268,8130
edit_write,bdd901d8192bdaccd4c6eb4eca9902643307ae62396814151a1de112756f548c,H4,2,283,336,7306,7878,7570,8174
edit_write,bdf617a1a1f320dc82e00edb8c7418cb86f8c05e4dc4d653673e2838f50d8462,H1,0,45,53,9448,10878,9494,10923
edit_write,bdf617a1a1f320dc82e00edb8c7418cb86f8c05e4dc4d653673e2838f50d8462,H1,1,32,59,9417,10329,9455,10386
edit_write,bdf617a1a1f320dc82e00edb8c7418cb86f8c05e4dc4d653673e2838f50d8462,H1,2,41,47,9318,9969,9350,10012
edit_write,bdf617a1a1f320dc82e00edb8c7418cb86f8c05e4dc4d653673e2838f50d8462,H2,0,56,102,12890,14086,12962,14158
edit_write,bdf617a1a1f320dc82e00edb8c7418cb86f8c05e4dc4d653673e2838f50d8462,H2,1,62,77,13134,14204,13205,14281
edit_write,bdf617a1a1f320dc82e00edb8c7418cb86f8c05e4dc4d653673e2838f50d8462,H2,2,66,106,12890,13676,12956,13765
edit_write,bdf617a1a1f320dc82e00edb8c7418cb86f8c05e4dc4d653673e2838f50d8462,H0,0,45,56,9029,9583,9086,9639
edit_write,bdf617a1a1f320dc82e00edb8c7418cb86f8c05e4dc4d653673e2838f50d8462,H0,1,34,60,9126,9657,9160,9696
edit_write,bdf617a1a1f320dc82e00edb8c7418cb86f8c05e4dc4d653673e2838f50d8462,H0,2,23,33,8782,9417,8804,9438
edit_write,bdf617a1a1f320dc82e00edb8c7418cb86f8c05e4dc4d653673e2838f50d8462,H3,0,1581,1769,12332,13213,13895,14982
edit_write,bdf617a1a1f320dc82e00edb8c7418cb86f8c05e4dc4d653673e2838f50d8462,H3,1,1569,1741,12123,13148,13702,14889
edit_write,bdf617a1a1f320dc82e00edb8c7418cb86f8c05e4dc4d653673e2838f50d8462,H3,2,1581,1736,12755,13733,14385,15378
edit_write,bdf617a1a1f320dc82e00edb8c7418cb86f8c05e4dc4d653673e2838f50d8462,H4,0,240,331,10058,11177,10281,11533
edit_write,bdf617a1a1f320dc82e00edb8c7418cb86f8c05e4dc4d653673e2838f50d8462,H4,1,261,333,10321,10964,10623,11297
edit_write,bdf617a1a1f320dc82e00edb8c7418cb86f8c05e4dc4d653673e2838f50d8462,H4,2,255,300,10578,11278,10843,11558
edit_write,bf131fcaad9deb6c3279a7fea16be7aafca9c31ef9700dd6a7da9284da7abffa,H1,0,43,46,8715,9275,8758,9318
edit_write,bf131fcaad9deb6c3279a7fea16be7aafca9c31ef9700dd6a7da9284da7abffa,H1,1,45,59,8599,9343,8655,9406
edit_write,bf131fcaad9deb6c3279a7fea16be7aafca9c31ef9700dd6a7da9284da7abffa,H1,2,37,41,8249,8862,8291,8902
edit_write,bf131fcaad9deb6c3279a7fea16be7aafca9c31ef9700dd6a7da9284da7abffa,H2,0,62,106,11288,12068,11371,12167
edit_write,bf131fcaad9deb6c3279a7fea16be7aafca9c31ef9700dd6a7da9284da7abffa,H2,1,66,91,11293,12146,11377,12218
edit_write,bf131fcaad9deb6c3279a7fea16be7aafca9c31ef9700dd6a7da9284da7abffa,H2,2,98,130,10978,11993,11108,12125
edit_write,bf131fcaad9deb6c3279a7fea16be7aafca9c31ef9700dd6a7da9284da7abffa,H0,0,43,48,18881,20324,18925,20370
edit_write,bf131fcaad9deb6c3279a7fea16be7aafca9c31ef9700dd6a7da9284da7abffa,H0,1,32,41,18677,31565,18716,31600
edit_write,bf131fcaad9deb6c3279a7fea16be7aafca9c31ef9700dd6a7da9284da7abffa,H0,2,33,71,18317,19467,18362,19517
edit_write,bf131fcaad9deb6c3279a7fea16be7aafca9c31ef9700dd6a7da9284da7abffa,H3,0,1221,1364,7335,7847,8550,9191
edit_write,bf131fcaad9deb6c3279a7fea16be7aafca9c31ef9700dd6a7da9284da7abffa,H3,1,1306,6166,7423,13450,8724,20402
edit_write,bf131fcaad9deb6c3279a7fea16be7aafca9c31ef9700dd6a7da9284da7abffa,H3,2,1262,1406,7336,8019,8556,9389
edit_write,bf131fcaad9deb6c3279a7fea16be7aafca9c31ef9700dd6a7da9284da7abffa,H4,0,251,303,4456,4841,4709,5121
edit_write,bf131fcaad9deb6c3279a7fea16be7aafca9c31ef9700dd6a7da9284da7abffa,H4,1,298,376,4183,4806,4513,5170
edit_write,bf131fcaad9deb6c3279a7fea16be7aafca9c31ef9700dd6a7da9284da7abffa,H4,2,268,321,4176,4600,4453,4877
edit_write,bfb9b73c07eef068f3f34543e08a9b0bdb489c566e225afc15c9ea5065a20cc9,H1,0,43,48,26183,27899,26224,27944
edit_write,bfb9b73c07eef068f3f34543e08a9b0bdb489c566e225afc15c9ea5065a20cc9,H1,1,53,75,26189,32802,26234,32850
edit_write,bfb9b73c07eef068f3f34543e08a9b0bdb489c566e225afc15c9ea5065a20cc9,H1,2,41,44,25700,26313,25742,26354
edit_write,bfb9b73c07eef068f3f34543e08a9b0bdb489c566e225afc15c9ea5065a20cc9,H2,0,76,115,9834,10970,9917,11086
edit_write,bfb9b73c07eef068f3f34543e08a9b0bdb489c566e225afc15c9ea5065a20cc9,H2,1,69,107,10172,10609,10230,10671
edit_write,bfb9b73c07eef068f3f34543e08a9b0bdb489c566e225afc15c9ea5065a20cc9,H2,2,95,125,9949,10465,10014,10557
edit_write,bfb9b73c07eef068f3f34543e08a9b0bdb489c566e225afc15c9ea5065a20cc9,H0,0,46,52,16096,17519,16142,17573
edit_write,bfb9b73c07eef068f3f34543e08a9b0bdb489c566e225afc15c9ea5065a20cc9,H0,1,31,36,15703,16267,15733,16296
edit_write,bfb9b73c07eef068f3f34543e08a9b0bdb489c566e225afc15c9ea5065a20cc9,H0,2,30,48,15751,16563,15781,16609
edit_write,bfb9b73c07eef068f3f34543e08a9b0bdb489c566e225afc15c9ea5065a20cc9,H3,0,1338,1482,7916,9149,9229,10684
edit_write,bfb9b73c07eef068f3f34543e08a9b0bdb489c566e225afc15c9ea5065a20cc9,H3,1,1398,1498,7956,8387,9396,9880
edit_write,bfb9b73c07eef068f3f34543e08a9b0bdb489c566e225afc15c9ea5065a20cc9,H3,2,1343,1474,7808,8100,9150,9547
edit_write,bfb9b73c07eef068f3f34543e08a9b0bdb489c566e225afc15c9ea5065a20cc9,H4,0,171,221,5136,5804,5320,6015
edit_write,bfb9b73c07eef068f3f34543e08a9b0bdb489c566e225afc15c9ea5065a20cc9,H4,1,203,240,5374,6069,5574,6325
edit_write,bfb9b73c07eef068f3f34543e08a9b0bdb489c566e225afc15c9ea5065a20cc9,H4,2,184,259,5274,5667,5446,5903
edit_write,c0ab46174da72bac78ece781582b750d6b7bf3f4b054d9481ebd599932d0889a,H1,0,43,53,36357,39332,36401,39361
edit_write,c0ab46174da72bac78ece781582b750d6b7bf3f4b054d9481ebd599932d0889a,H1,1,43,72,35275,52991,35318,53040
edit_write,c0ab46174da72bac78ece781582b750d6b7bf3f4b054d9481ebd599932d0889a,H1,2,41,45,34528,35502,34569,35542
edit_write,c0ab46174da72bac78ece781582b750d6b7bf3f4b054d9481ebd599932d0889a,H2,0,48,69,9806,20817,9867,20861
edit_write,c0ab46174da72bac78ece781582b750d6b7bf3f4b054d9481ebd599932d0889a,H2,1,59,75,10305,10892,10339,10967
edit_write,c0ab46174da72bac78ece781582b750d6b7bf3f4b054d9481ebd599932d0889a,H2,2,50,80,9821,10299,9853,10378
edit_write,c0ab46174da72bac78ece781582b750d6b7bf3f4b054d9481ebd599932d0889a,H0,0,45,58,25623,27276,25681,27326
edit_write,c0ab46174da72bac78ece781582b750d6b7bf3f4b054d9481ebd599932d0889a,H0,1,33,38,24118,36294,24147,36327
edit_write,c0ab46174da72bac78ece781582b750d6b7bf3f4b054d9481ebd599932d0889a,H0,2,31,38,23907,24343,23942,24370
edit_write,c0ab46174da72bac78ece781582b750d6b7bf3f4b054d9481ebd599932d0889a,H3,0,1145,1320,8689,9572,9752,10903
edit_write,c0ab46174da72bac78ece781582b750d6b7bf3f4b054d9481ebd599932d0889a,H3,1,1076,1139,8704,9766,9791,10887
edit_write,c0ab46174da72bac78ece781582b750d6b7bf3f4b054d9481ebd599932d0889a,H3,2,1099,1233,8818,9706,9901,10994
edit_write,c0ab46174da72bac78ece781582b750d6b7bf3f4b054d9481ebd599932d0889a,H4,0,259,322,6667,7656,6937,7938
edit_write,c0ab46174da72bac78ece781582b750d6b7bf3f4b054d9481ebd599932d0889a,H4,1,283,337,6823,7528,7150,7811
edit_write,c0ab46174da72bac78ece781582b750d6b7bf3f4b054d9481ebd599932d0889a,H4,2,270,315,6865,7209,7091,7521
edit_write,c0dfb39d2e78566340a19be72f627d1d1cb5b3d8d1a0658f0bab7a96c4d011e5,H1,0,45,68,12897,14875,12945,14940
edit_write,c0dfb39d2e78566340a19be72f627d1d1cb5b3d8d1a0658f0bab7a96c4d011e5,H1,1,62,76,12601,17058,12668,17131
edit_write,c0dfb39d2e78566340a19be72f627d1d1cb5b3d8d1a0658f0bab7a96c4d011e5,H1,2,36,63,14637,26067,14672,26120
edit_write,c0dfb39d2e78566340a19be72f627d1d1cb5b3d8d1a0658f0bab7a96c4d011e5,H2,0,93,157,21490,32938,21548,32991
edit_write,c0dfb39d2e78566340a19be72f627d1d1cb5b3d8d1a0658f0bab7a96c4d011e5,H2,1,99,148,21685,23406,21806,23554
edit_write,c0dfb39d2e78566340a19be72f627d1d1cb5b3d8d1a0658f0bab7a96c4d011e5,H2,2,113,138,21441,22854,21544,22989
edit_write,c0dfb39d2e78566340a19be72f627d1d1cb5b3d8d1a0658f0bab7a96c4d011e5,H0,0,45,56,56151,74009,56196,74052
edit_write,c0dfb39d2e78566340a19be72f627d1d1cb5b3d8d1a0658f0bab7a96c4d011e5,H0,1,36,48,55383,76411,55417,76446
edit_write,c0dfb39d2e78566340a19be72f627d1d1cb5b3d8d1a0658f0bab7a96c4d011e5,H0,2,32,34,55419,73936,55446,73968
edit_write,c0dfb39d2e78566340a19be72f627d1d1cb5b3d8d1a0658f0bab7a96c4d011e5,H3,0,3325,3822,18243,21145,21485,25777
edit_write,c0dfb39d2e78566340a19be72f627d1d1cb5b3d8d1a0658f0bab7a96c4d011e5,H3,1,3310,3487,17160,35600,20337,38933
edit_write,c0dfb39d2e78566340a19be72f627d1d1cb5b3d8d1a0658f0bab7a96c4d011e5,H3,2,3141,3338,16822,17793,19913,21112
edit_write,c0dfb39d2e78566340a19be72f627d1d1cb5b3d8d1a0658f0bab7a96c4d011e5,H4,0,498,563,13330,14680,13852,15243
edit_write,c0dfb39d2e78566340a19be72f627d1d1cb5b3d8d1a0658f0bab7a96c4d011e5,H4,1,503,553,13457,25170,13980,25645
edit_write,c0dfb39d2e78566340a19be72f627d1d1cb5b3d8d1a0658f0bab7a96c4d011e5,H4,2,488,541,13381,14572,13873,15090
edit_write,c107f96cf2743e89b11b986e01908e6c6fc5107417e667d5dfd08f4bc516aec2,H1,0,43,48,58932,78738,58976,78780
edit_write,c107f96cf2743e89b11b986e01908e6c6fc5107417e667d5dfd08f4bc516aec2,H1,1,49,59,59370,72765,59422,72819
edit_write,c107f96cf2743e89b11b986e01908e6c6fc5107417e667d5dfd08f4bc516aec2,H1,2,39,43,58943,59715,58983,59752
edit_write,c107f96cf2743e89b11b986e01908e6c6fc5107417e667d5dfd08f4bc516aec2,H2,0,107,127,30321,32744,30432,32855
edit_write,c107f96cf2743e89b11b986e01908e6c6fc5107417e667d5dfd08f4bc516aec2,H2,1,117,148,31037,43314,31180,43445
edit_write,c107f96cf2743e89b11b986e01908e6c6fc5107417e667d5dfd08f4bc516aec2,H2,2,115,135,29944,30589,30051,30710
edit_write,c107f96cf2743e89b11b986e01908e6c6fc5107417e667d5dfd08f4bc516aec2,H0,0,45,55,39449,51473,39492,51515
edit_write,c107f96cf2743e89b11b986e01908e6c6fc5107417e667d5dfd08f4bc516aec2,H0,1,35,50,39405,52210,39445,52245
edit_write,c107f96cf2743e89b11b986e01908e6c6fc5107417e667d5dfd08f4bc516aec2,H0,2,32,44,38969,51776,39001,51803
edit_write,c107f96cf2743e89b11b986e01908e6c6fc5107417e667d5dfd08f4bc516aec2,H3,0,2190,2535,26625,29226,28733,31644
edit_write,c107f96cf2743e89b11b986e01908e6c6fc5107417e667d5dfd08f4bc516aec2,H3,1,2297,2535,26822,28942,29087,31339
edit_write,c107f96cf2743e89b11b986e01908e6c6fc5107417e667d5dfd08f4bc516aec2,H3,2,2048,2213,26289,26769,28303,29032
edit_write,c107f96cf2743e89b11b986e01908e6c6fc5107417e667d5dfd08f4bc516aec2,H4,0,398,461,61661,80358,62052,80741
edit_write,c107f96cf2743e89b11b986e01908e6c6fc5107417e667d5dfd08f4bc516aec2,H4,1,419,468,62252,77728,62695,78172
edit_write,c107f96cf2743e89b11b986e01908e6c6fc5107417e667d5dfd08f4bc516aec2,H4,2,391,434,61798,71716,62217,72096
edit_write,c10f963186c7615c1fbbaa43095181d91f1910f2178b29e5dea371626604f8c6,H1,0,43,52,67850,80855,67893,80900
edit_write,c10f963186c7615c1fbbaa43095181d91f1910f2178b29e5dea371626604f8c6,H1,1,49,74,66365,80019,66427,80097
edit_write,c10f963186c7615c1fbbaa43095181d91f1910f2178b29e5dea371626604f8c6,H1,2,38,45,68381,87809,68417,87850
edit_write,c10f963186c7615c1fbbaa43095181d91f1910f2178b29e5dea371626604f8c6,H2,0,89,117,18541,20076,18655,20157
edit_write,c10f963186c7615c1fbbaa43095181d91f1910f2178b29e5dea371626604f8c6,H2,1,97,130,18832,31171,18914,31286
edit_write,c10f963186c7615c1fbbaa43095181d91f1910f2178b29e5dea371626604f8c6,H2,2,116,149,18244,29556,18347,29675
edit_write,c10f963186c7615c1fbbaa43095181d91f1910f2178b29e5dea371626604f8c6,H0,0,44,53,43829,62009,43872,62058
edit_write,c10f963186c7615c1fbbaa43095181d91f1910f2178b29e5dea371626604f8c6,H0,1,36,39,42917,48971,42952,49001
edit_write,c10f963186c7615c1fbbaa43095181d91f1910f2178b29e5dea371626604f8c6,H0,2,28,57,42545,59642,42579,59676
edit_write,c10f963186c7615c1fbbaa43095181d91f1910f2178b29e5dea371626604f8c6,H3,0,2354,2659,15594,17185,17922,19844
edit_write,c10f963186c7615c1fbbaa43095181d91f1910f2178b29e5dea371626604f8c6,H3,1,2283,2520,15780,21642,18075,23840
edit_write,c10f963186c7615c1fbbaa43095181d91f1910f2178b29e5dea371626604f8c6,H3,2,2262,2442,15369,16716,17620,19158
edit_write,c10f963186c7615c1fbbaa43095181d91f1910f2178b29e5dea371626604f8c6,H4,0,368,440,9962,28338,10326,28710
edit_write,c10f963186c7615c1fbbaa43095181d91f1910f2178b29e5dea371626604f8c6,H4,1,410,492,10249,11132,10655,11572
edit_write,c10f963186c7615c1fbbaa43095181d91f1910f2178b29e5dea371626604f8c6,H4,2,375,402,9859,10835,10253,11262
edit_write,c198f4ef4ce3c201f26ab651597a9c468309cc7c7c913cdcb69317f9e7fa92a3,H1,0,64,85,26268,37669,26327,37750
edit_write,c198f4ef4ce3c201f26ab651597a9c468309cc7c7c913cdcb69317f9e7fa92a3,H1,1,55,76,25933,37546,25993,37602
edit_write,c198f4ef4ce3c201f26ab651597a9c468309cc7c7c913cdcb69317f9e7fa92a3,H1,2,54,89,28263,56591,28304,56680
edit_write,c198f4ef4ce3c201f26ab651597a9c468309cc7c7c913cdcb69317f9e7fa92a3,H2,0,93,125,18607,36925,18676,37043
edit_write,c198f4ef4ce3c201f26ab651597a9c468309cc7c7c913cdcb69317f9e7fa92a3,H2,1,103,122,19437,20656,19516,20761
edit_write,c198f4ef4ce3c201f26ab651597a9c468309cc7c7c913cdcb69317f9e7fa92a3,H2,2,113,155,18821,30595,18939,30677
edit_write,c198f4ef4ce3c201f26ab651597a9c468309cc7c7c913cdcb69317f9e7fa92a3,H0,0,45,70,57074,77866,57116,77911
edit_write,c198f4ef4ce3c201f26ab651597a9c468309cc7c7c913cdcb69317f9e7fa92a3,H0,1,36,61,54197,72025,54232,72070
edit_write,c198f4ef4ce3c201f26ab651597a9c468309cc7c7c913cdcb69317f9e7fa92a3,H0,2,33,55,55091,72077,55122,72128
edit_write,c198f4ef4ce3c201f26ab651597a9c468309cc7c7c913cdcb69317f9e7fa92a3,H3,0,2688,8491,14493,16259,17215,28750
edit_write,c198f4ef4ce3c201f26ab651597a9c468309cc7c7c913cdcb69317f9e7fa92a3,H3,1,2695,2929,14606,15806,17332,18821
edit_write,c198f4ef4ce3c201f26ab651597a9c468309cc7c7c913cdcb69317f9e7fa92a3,H3,2,2655,3120,14659,26494,17406,29267
edit_write,c198f4ef4ce3c201f26ab651597a9c468309cc7c7c913cdcb69317f9e7fa92a3,H4,0,564,623,11843,12673,12446,13296
edit_write,c198f4ef4ce3c201f26ab651597a9c468309cc7c7c913cdcb69317f9e7fa92a3,H4,1,511,879,11706,22254,12241,23258
edit_write,c198f4ef4ce3c201f26ab651597a9c468309cc7c7c913cdcb69317f9e7fa92a3,H4,2,515,606,11940,12751,12460,13315
edit_write,c20431ee65a06fdd179d8ddd242fe42cafb96176afafcae6a935a1168d22eda0,H1,0,45,64,46876,65161,46925,65205
edit_write,c20431ee65a06fdd179d8ddd242fe42cafb96176afafcae6a935a1168d22eda0,H1,1,48,71,47826,63415,47885,63463
edit_write,c20431ee65a06fdd179d8ddd242fe42cafb96176afafcae6a935a1168d22eda0,H1,2,43,54,48008,66421,48065,66467
edit_write,c20431ee65a06fdd179d8ddd242fe42cafb96176afafcae6a935a1168d22eda0,H2,0,85,113,36924,39666,37005,39770
edit_write,c20431ee65a06fdd179d8ddd242fe42cafb96176afafcae6a935a1168d22eda0,H2,1,89,132,39483,52055,39579,52142
edit_write,c20431ee65a06fdd179d8ddd242fe42cafb96176afafcae6a935a1168d22eda0,H2,2,103,137,37183,40118,37293,40276
edit_write,c20431ee65a06fdd179d8ddd242fe42cafb96176afafcae6a935a1168d22eda0,H0,0,43,47,24139,36110,24181,36153
edit_write,c20431ee65a06fdd179d8ddd242fe42cafb96176afafcae6a935a1168d22eda0,H0,1,33,53,24224,25891,24255,25930
edit_write,c20431ee65a06fdd179d8ddd242fe42cafb96176afafcae6a935a1168d22eda0,H0,2,32,45,23407,25233,23441,25281
edit_write,c20431ee65a06fdd179d8ddd242fe42cafb96176afafcae6a935a1168d22eda0,H3,0,1886,2072,35978,47246,37922,49101
edit_write,c20431ee65a06fdd179d8ddd242fe42cafb96176afafcae6a935a1168d22eda0,H3,1,1872,2004,37791,55935,39688,57739
edit_write,c20431ee65a06fdd179d8ddd242fe42cafb96176afafcae6a935a1168d22eda0,H3,2,1806,1990,37887,57870,39612,59710
edit_write,c20431ee65a06fdd179d8ddd242fe42cafb96176afafcae6a935a1168d22eda0,H4,0,331,394,35029,48182,35341,48553
edit_write,c20431ee65a06fdd179d8ddd242fe42cafb96176afafcae6a935a1168d22eda0,H4,1,367,458,35608,54119,35995,54461
edit_write,c20431ee65a06fdd179d8ddd242fe42cafb96176afafcae6a935a1168d22eda0,H4,2,329,392,35482,37665,35786,38038
edit_write,c2929dd26fb7d4ad4004a5767bd2a88a8f90d9e9c31b5afef093d1fc19911e53,H1,0,44,52,30153,32074,30200,32116
edit_write,c2929dd26fb7d4ad4004a5767bd2a88a8f90d9e9c31b5afef093d1fc19911e53,H1,1,50,63,29905,41170,29967,41220
edit_write,c2929dd26fb7d4ad4004a5767bd2a88a8f90d9e9c31b5afef093d1fc19911e53,H1,2,41,46,29906,36087,29947,36131
edit_write,c2929dd26fb7d4ad4004a5767bd2a88a8f90d9e9c31b5afef093d1fc19911e53,H2,0,60,99,10597,11580,10671,11665
edit_write,c2929dd26fb7d4ad4004a5767bd2a88a8f90d9e9c31b5afef093d1fc19911e53,H2,1,59,84,10643,16430,10713,16486
edit_write,c2929dd26fb7d4ad4004a5767bd2a88a8f90d9e9c31b5afef093d1fc19911e53,H2,2,95,119,10405,11019,10500,11098
edit_write,c2929dd26fb7d4ad4004a5767bd2a88a8f90d9e9c31b5afef093d1fc19911e53,H0,0,44,55,18745,29869,18786,29924
edit_write,c2929dd26fb7d4ad4004a5767bd2a88a8f90d9e9c31b5afef093d1fc19911e53,H0,1,35,73,18918,20533,18952,20614
edit_write,c2929dd26fb7d4ad4004a5767bd2a88a8f90d9e9c31b5afef093d1fc19911e53,H0,2,35,47,18019,19241,18054,19288
edit_write,c2929dd26fb7d4ad4004a5767bd2a88a8f90d9e9c31b5afef093d1fc19911e53,H3,0,1036,1099,7110,7697,8154,8761
edit_write,c2929dd26fb7d4ad4004a5767bd2a88a8f90d9e9c31b5afef093d1fc19911e53,H3,1,1106,1219,7476,8132,8573,9343
edit_write,c2929dd26fb7d4ad4004a5767bd2a88a8f90d9e9c31b5afef093d1fc19911e53,H3,2,1034,1157,7856,8376,8891,9475
edit_write,c2929dd26fb7d4ad4004a5767bd2a88a8f90d9e9c31b5afef093d1fc19911e53,H4,0,201,234,4328,4637,4544,4845
edit_write,c2929dd26fb7d4ad4004a5767bd2a88a8f90d9e9c31b5afef093d1fc19911e53,H4,1,222,307,4591,5180,4833,5422
edit_write,c2929dd26fb7d4ad4004a5767bd2a88a8f90d9e9c31b5afef093d1fc19911e53,H4,2,224,256,4450,4908,4680,5109
edit_write,c2ca783cb0b98e5eb7935803dc4ee6314cbcf8304bf0428b4e75e40799c70a63,H1,0,43,45,1151,1464,1191,1509
edit_write,c2ca783cb0b98e5eb7935803dc4ee6314cbcf8304bf0428b4e75e40799c70a63,H1,1,29,53,1090,1341,1119,1394
edit_write,c2ca783cb0b98e5eb7935803dc4ee6314cbcf8304bf0428b4e75e40799c70a63,H1,2,39,41,1086,1405,1123,1441
edit_write,c2ca783cb0b98e5eb7935803dc4ee6314cbcf8304bf0428b4e75e40799c70a63,H2,0,47,87,1748,3387,1798,3484
edit_write,c2ca783cb0b98e5eb7935803dc4ee6314cbcf8304bf0428b4e75e40799c70a63,H2,1,33,61,1684,1945,1717,1997
edit_write,c2ca783cb0b98e5eb7935803dc4ee6314cbcf8304bf0428b4e75e40799c70a63,H2,2,41,63,1547,1627,1589,1673
edit_write,c2ca783cb0b98e5eb7935803dc4ee6314cbcf8304bf0428b4e75e40799c70a63,H0,0,42,48,749,795,790,835
edit_write,c2ca783cb0b98e5eb7935803dc4ee6314cbcf8304bf0428b4e75e40799c70a63,H0,1,28,39,741,791,768,825
edit_write,c2ca783cb0b98e5eb7935803dc4ee6314cbcf8304bf0428b4e75e40799c70a63,H0,2,34,46,767,824,801,864
edit_write,c2ca783cb0b98e5eb7935803dc4ee6314cbcf8304bf0428b4e75e40799c70a63,H3,0,376,466,1340,1610,1704,2051
edit_write,c2ca783cb0b98e5eb7935803dc4ee6314cbcf8304bf0428b4e75e40799c70a63,H3,1,376,453,1389,1616,1760,2061
edit_write,c2ca783cb0b98e5eb7935803dc4ee6314cbcf8304bf0428b4e75e40799c70a63,H3,2,356,460,1360,1691,1705,2086
edit_write,c2ca783cb0b98e5eb7935803dc4ee6314cbcf8304bf0428b4e75e40799c70a63,H4,0,172,236,2161,2522,2330,2758
edit_write,c2ca783cb0b98e5eb7935803dc4ee6314cbcf8304bf0428b4e75e40799c70a63,H4,1,82,147,1147,1329,1229,1459
edit_write,c2ca783cb0b98e5eb7935803dc4ee6314cbcf8304bf0428b4e75e40799c70a63,H4,2,73,109,1122,1278,1195,1383
edit_write,c3979ed70b046b3ec9a3e9633d597f83530a2b809aec31c46998f9621d0554a2,H1,0,43,49,25507,40950,25551,41010
edit_write,c3979ed70b046b3ec9a3e9633d597f83530a2b809aec31c46998f9621d0554a2,H1,1,50,74,25971,46097,26018,46168
edit_write,c3979ed70b046b3ec9a3e9633d597f83530a2b809aec31c46998f9621d0554a2,H1,2,38,41,25596,26485,25635,26522
edit_write,c3979ed70b046b3ec9a3e9633d597f83530a2b809aec31c46998f9621d0554a2,H2,0,84,108,12863,13989,12946,14057
edit_write,c3979ed70b046b3ec9a3e9633d597f83530a2b809aec31c46998f9621d0554a2,H2,1,72,122,13418,14918,13473,15023
edit_write,c3979ed70b046b3ec9a3e9633d597f83530a2b809aec31c46998f9621d0554a2,H2,2,82,129,12474,12948,12552,13026
edit_write,c3979ed70b046b3ec9a3e9633d597f83530a2b809aec31c46998f9621d0554a2,H0,0,45,50,16209,21941,16252,21986
edit_write,c3979ed70b046b3ec9a3e9633d597f83530a2b809aec31c46998f9621d0554a2,H0,1,32,38,16262,21764,16294,21795
edit_write,c3979ed70b046b3ec9a3e9633d597f83530a2b809aec31c46998f9621d0554a2,H0,2,29,39,15830,17069,15853,17091
edit_write,c3979ed70b046b3ec9a3e9633d597f83530a2b809aec31c46998f9621d0554a2,H3,0,1795,2019,11760,12772,13526,14899
edit_write,c3979ed70b046b3ec9a3e9633d597f83530a2b809aec31c46998f9621d0554a2,H3,1,1638,1753,11716,17747,13382,19427
edit_write,c3979ed70b046b3ec9a3e9633d597f83530a2b809aec31c46998f9621d0554a2,H3,2,1647,1803,10936,11281,12579,13109
edit_write,c3979ed70b046b3ec9a3e9633d597f83530a2b809aec31c46998f9621d0554a2,H4,0,159,218,7724,8372,7869,8572
edit_write,c3979ed70b046b3ec9a3e9633d597f83530a2b809aec31c46998f9621d0554a2,H4,1,222,248,7716,8238,7950,8477
edit_write,c3979ed70b046b3ec9a3e9633d597f83530a2b809aec31c46998f9621d0554a2,H4,2,157,186,7422,7981,7567,8139
edit_write,c3b8c4a0b365538ab16ba737ce76f78f63fbfc54c902813bdc60d75d13f67f28,H1,0,44,52,11517,12748,11558,12792
edit_write,c3b8c4a0b365538ab16ba737ce76f78f63fbfc54c902813bdc60d75d13f67f28,H1,1,42,71,11036,11790,11090,11861
edit_write,c3b8c4a0b365538ab16ba737ce76f78f63fbfc54c902813bdc60d75d13f67f28,H1,2,41,44,10807,11256,10848,11298
edit_write,c3b8c4a0b365538ab16ba737ce76f78f63fbfc54c902813bdc60d75d13f67f28,H2,0,57,121,12705,13878,12791,14000
edit_write,c3b8c4a0b365538ab16ba737ce76f78f63fbfc54c902813bdc60d75d13f67f28,H2,1,90,116,12982,14114,13079,14199
edit_write,c3b8c4a0b365538ab16ba737ce76f78f63fbfc54c902813bdc60d75d13f67f28,H2,2,80,128,12510,12944,12586,13055
edit_write,c3b8c4a0b365538ab16ba737ce76f78f63fbfc54c902813bdc60d75d13f67f28,H0,0,43,49,18218,38077,18260,38119
edit_write,c3b8c4a0b365538ab16ba737ce76f78f63fbfc54c902813bdc60d75d13f67f28,H0,1,32,50,17977,29236,18010,29267
edit_write,c3b8c4a0b365538ab16ba737ce76f78f63fbfc54c902813bdc60d75d13f67f28,H0,2,29,34,18159,18539,18193,18570
edit_write,c3b8c4a0b365538ab16ba737ce76f78f63fbfc54c902813bdc60d75d13f67f28,H3,0,2066,2261,10090,10877,12165,12936
edit_write,c3b8c4a0b365538ab16ba737ce76f78f63fbfc54c902813bdc60d75d13f67f28,H3,1,2011,2196,10172,10967,12270,13095
edit_write,c3b8c4a0b365538ab16ba737ce76f78f63fbfc54c902813bdc60d75d13f67f28,H3,2,1903,2100,9711,10066,11587,12204
edit_write,c3b8c4a0b365538ab16ba737ce76f78f63fbfc54c902813bdc60d75d13f67f28,H4,0,260,333,6256,6719,6501,7018
edit_write,c3b8c4a0b365538ab16ba737ce76f78f63fbfc54c902813bdc60d75d13f67f28,H4,1,283,358,6481,7320,6804,7612
edit_write,c3b8c4a0b365538ab16ba737ce76f78f63fbfc54c902813bdc60d75d13f67f28,H4,2,263,330,6544,6852,6792,7168
edit_write,c43a54fba190c87bebcbd0952352d9749afb85d53d26b77d444ecef0ab811842,H1,0,43,48,71600,76019,71641,76063
edit_write,c43a54fba190c87bebcbd0952352d9749afb85d53d26b77d444ecef0ab811842,H1,1,58,74,72282,78918,72353,78992
edit_write,c43a54fba190c87bebcbd0952352d9749afb85d53d26b77d444ecef0ab811842,H1,2,34,40,71319,82380,71357,82417
edit_write,c43a54fba190c87bebcbd0952352d9749afb85d53d26b77d444ecef0ab811842,H2,0,108,152,83841,103404,83944,103517
edit_write,c43a54fba190c87bebcbd0952352d9749afb85d53d26b77d444ecef0ab811842,H2,1,100,165,83691,89491,83791,89625
edit_write,c43a54fba190c87bebcbd0952352d9749afb85d53d26b77d444ecef0ab811842,H2,2,127,152,84455,91502,84601,91658
edit_write,c43a54fba190c87bebcbd0952352d9749afb85d53d26b77d444ecef0ab811842,H0,0,44,50,48036,59506,48082,59550
edit_write,c43a54fba190c87bebcbd0952352d9749afb85d53d26b77d444ecef0ab811842,H0,1,37,47,47906,49020,47951,49053
edit_write,c43a54fba190c87bebcbd0952352d9749afb85d53d26b77d444ecef0ab811842,H0,2,32,57,48008,55148,48043,55182
edit_write,c43a54fba190c87bebcbd0952352d9749afb85d53d26b77d444ecef0ab811842,H3,0,3037,3300,19535,21114,22565,24341
edit_write,c43a54fba190c87bebcbd0952352d9749afb85d53d26b77d444ecef0ab811842,H3,1,3242,3349,19629,20043,22827,23343
edit_write,c43a54fba190c87bebcbd0952352d9749afb85d53d26b77d444ecef0ab811842,H3,2,3094,3284,19805,26062,22850,29027
edit_write,c43a54fba190c87bebcbd0952352d9749afb85d53d26b77d444ecef0ab811842,H4,0,683,731,13714,15265,14383,16006
edit_write,c43a54fba190c87bebcbd0952352d9749afb85d53d26b77d444ecef0ab811842,H4,1,673,743,13967,15681,14704,16466
edit_write,c43a54fba190c87bebcbd0952352d9749afb85d53d26b77d444ecef0ab811842,H4,2,667,727,14138,19810,14800,20541
edit_write,c443417ceefcb54e9b311cdf1904506278a4db7e66b3443390180a13413e93c9,H1,0,44,53,33174,45535,33218,45587
edit_write,c443417ceefcb54e9b311cdf1904506278a4db7e66b3443390180a13413e93c9,H1,1,94,118,65977,74512,66070,74594
edit_write,c443417ceefcb54e9b311cdf1904506278a4db7e66b3443390180a13413e93c9,H1,2,79,99,62893,79694,62980,79776
edit_write,c443417ceefcb54e9b311cdf1904506278a4db7e66b3443390180a13413e93c9,H2,0,78,120,12458,12942,12562,13027
edit_write,c443417ceefcb54e9b311cdf1904506278a4db7e66b3443390180a13413e93c9,H2,1,151,210,21824,22577,21969,22830
edit_write,c443417ceefcb54e9b311cdf1904506278a4db7e66b3443390180a13413e93c9,H2,2,191,235,21186,23612,21372,23804
edit_write,c443417ceefcb54e9b311cdf1904506278a4db7e66b3443390180a13413e93c9,H0,0,47,54,26414,37531,26460,37577
edit_write,c443417ceefcb54e9b311cdf1904506278a4db7e66b3443390180a13413e93c9,H0,1,37,54,24287,26848,24320,26880
edit_write,c443417ceefcb54e9b311cdf1904506278a4db7e66b3443390180a13413e93c9,H0,2,79,109,45900,51627,45970,51736
edit_write,c443417ceefcb54e9b311cdf1904506278a4db7e66b3443390180a13413e93c9,H3,0,1371,1698,9920,10640,11241,12338
edit_write,c443417ceefcb54e9b311cdf1904506278a4db7e66b3443390180a13413e93c9,H3,1,1242,1774,9271,10174,10582,12468
edit_write,c443417ceefcb54e9b311cdf1904506278a4db7e66b3443390180a13413e93c9,H3,2,2443,2783,17789,19807,20365,22576
edit_write,c443417ceefcb54e9b311cdf1904506278a4db7e66b3443390180a13413e93c9,H4,0,219,240,6826,7341,7054,7580
edit_write,c443417ceefcb54e9b311cdf1904506278a4db7e66b3443390180a13413e93c9,H4,1,220,326,6616,14597,6827,15006
edit_write,c443417ceefcb54e9b311cdf1904506278a4db7e66b3443390180a13413e93c9,H4,2,426,479,12140,13277,12565,13713
edit_write,c53531433c385a66eaab17b690b48141deb7e16eaac44cfc76bd0e9375bde031,H1,0,44,55,15833,21662,15877,21704
edit_write,c53531433c385a66eaab17b690b48141deb7e16eaac44cfc76bd0e9375bde031,H1,1,42,58,15672,16649,15727,16694
edit_write,c53531433c385a66eaab17b690b48141deb7e16eaac44cfc76bd0e9375bde031,H1,2,38,41,15957,17121,15993,17158
edit_write,c53531433c385a66eaab17b690b48141deb7e16eaac44cfc76bd0e9375bde031,H2,0,46,73,11287,28480,11355,28523
edit_write,c53531433c385a66eaab17b690b48141deb7e16eaac44cfc76bd0e9375bde031,H2,1,70,80,11775,12604,11854,12680
edit_write,c53531433c385a66eaab17b690b48141deb7e16eaac44cfc76bd0e9375bde031,H2,2,59,67,11542,12471,11579,12534
edit_write,c53531433c385a66eaab17b690b48141deb7e16eaac44cfc76bd0e9375bde031,H0,0,47,56,31109,43443,31164,43491
edit_write,c53531433c385a66eaab17b690b48141deb7e16eaac44cfc76bd0e9375bde031,H0,1,35,38,31189,43692,31224,43726
edit_write,c53531433c385a66eaab17b690b48141deb7e16eaac44cfc76bd0e9375bde031,H0,2,33,48,31122,43610,31155,43640
edit_write,c53531433c385a66eaab17b690b48141deb7e16eaac44cfc76bd0e9375bde031,H3,0,1710,1844,8378,9065,10103,10872
edit_write,c53531433c385a66eaab17b690b48141deb7e16eaac44cfc76bd0e9375bde031,H3,1,1731,1957,8549,9407,10334,11408
edit_write,c53531433c385a66eaab17b690b48141deb7e16eaac44cfc76bd0e9375bde031,H3,2,1594,1789,8500,9759,10141,11548
edit_write,c53531433c385a66eaab17b690b48141deb7e16eaac44cfc76bd0e9375bde031,H4,0,375,429,5776,6218,6151,6616
edit_write,c53531433c385a66eaab17b690b48141deb7e16eaac44cfc76bd0e9375bde031,H4,1,364,409,5978,6562,6339,6968
edit_write,c53531433c385a66eaab17b690b48141deb7e16eaac44cfc76bd0e9375bde031,H4,2,366,413,5698,6347,6059,6752
edit_write,c7331c9fdd0c01929aaefee829b525943236c89100c0614b66b5003f555dcb57,H1,0,43,48,30661,43566,30703,43612
edit_write,c7331c9fdd0c01929aaefee829b525943236c89100c0614b66b5003f555dcb57,H1,1,46,73,30263,32620,30333,32692
edit_write,c7331c9fdd0c01929aaefee829b525943236c89100c0614b66b5003f555dcb57,H1,2,35,40,29365,41297,29396,41335
edit_write,c7331c9fdd0c01929aaefee829b525943236c89100c0614b66b5003f555dcb57,H2,0,73,118,12322,13272,12393,13347
edit_write,c7331c9fdd0c01929aaefee829b525943236c89100c0614b66b5003f555dcb57,H2,1,92,258,13031,23269,13119,23541
edit_write,c7331c9fdd0c01929aaefee829b525943236c89100c0614b66b5003f555dcb57,H2,2,106,146,12387,13668,12493,13814
edit_write,c7331c9fdd0c01929aaefee829b525943236c89100c0614b66b5003f555dcb57,H0,0,44,51,17381,18587,17410,18635
edit_write,c7331c9fdd0c01929aaefee829b525943236c89100c0614b66b5003f555dcb57,H0,1,37,56,17191,28072,17242,28127
edit_write,c7331c9fdd0c01929aaefee829b525943236c89100c0614b66b5003f555dcb57,H0,2,32,44,17006,17886,17038,17920
edit_write,c7331c9fdd0c01929aaefee829b525943236c89100c0614b66b5003f555dcb57,H3,0,1750,1885,9402,10191,11142,12055
edit_write,c7331c9fdd0c01929aaefee829b525943236c89100c0614b66b5003f555dcb57,H3,1,1851,2033,9386,10195,11306,12163
edit_write,c7331c9fdd0c01929aaefee829b525943236c89100c0614b66b5003f555dcb57,H3,2,1796,1969,9190,10186,11002,12176
edit_write,c7331c9fdd0c01929aaefee829b525943236c89100c0614b66b5003f555dcb57,H4,0,256,290,5563,6119,5808,6418
edit_write,c7331c9fdd0c01929aaefee829b525943236c89100c0614b66b5003f555dcb57,H4,1,298,349,5404,5859,5705,6208
edit_write,c7331c9fdd0c01929aaefee829b525943236c89100c0614b66b5003f555dcb57,H4,2,260,299,5251,5637,5520,5902
edit_write,c74430f44252cd26a514efa4712f636d2c8903edfd55dab8f5190f12081ce71a,H1,0,44,57,61524,75072,61577,75115
edit_write,c74430f44252cd26a514efa4712f636d2c8903edfd55dab8f5190f12081ce71a,H1,1,45,52,61512,75907,61560,75948
edit_write,c74430f44252cd26a514efa4712f636d2c8903edfd55dab8f5190f12081ce71a,H1,2,43,51,61719,77219,61758,77262
edit_write,c74430f44252cd26a514efa4712f636d2c8903edfd55dab8f5190f12081ce71a,H2,0,74,125,14646,15923,14756,16044
edit_write,c74430f44252cd26a514efa4712f636d2c8903edfd55dab8f5190f12081ce71a,H2,1,75,97,14796,16015,14862,16095
edit_write,c74430f44252cd26a514efa4712f636d2c8903edfd55dab8f5190f12081ce71a,H2,2,96,120,14590,15006,14682,15124
edit_write,c74430f44252cd26a514efa4712f636d2c8903edfd55dab8f5190f12081ce71a,H0,0,45,57,52587,57925,52639,57970
edit_write,c74430f44252cd26a514efa4712f636d2c8903edfd55dab8f5190f12081ce71a,H0,1,35,47,52712,57373,52743,57408
edit_write,c74430f44252cd26a514efa4712f636d2c8903edfd55dab8f5190f12081ce71a,H0,2,40,50,55411,68731,55439,68758
edit_write,c74430f44252cd26a514efa4712f636d2c8903edfd55dab8f5190f12081ce71a,H3,0,1285,1516,11654,12797,12929,14313
edit_write,c74430f44252cd26a514efa4712f636d2c8903edfd55dab8f5190f12081ce71a,H3,1,1296,1436,11837,13051,13143,14476
edit_write,c74430f44252cd26a514efa4712f636d2c8903edfd55dab8f5190f12081ce71a,H3,2,1241,1355,11469,11888,12697,13255
edit_write,c74430f44252cd26a514efa4712f636d2c8903edfd55dab8f5190f12081ce71a,H4,0,255,308,10127,11031,10377,11300
edit_write,c74430f44252cd26a514efa4712f636d2c8903edfd55dab8f5190f12081ce71a,H4,1,244,309,9964,21509,10213,21730
edit_write,c74430f44252cd26a514efa4712f636d2c8903edfd55dab8f5190f12081ce71a,H4,2,238,278,9862,10262,10091,10518
edit_write,c75bb9bc4599ce17200404835799fbf077d8c469195db9a76bab4c77afc839d2,H1,0,42,46,4759,5272,4800,5316
edit_write,c75bb9bc4599ce17200404835799fbf077d8c469195db9a76bab4c77afc839d2,H1,1,39,59,4902,5896,4933,5931
edit_write,c75bb9bc4599ce17200404835799fbf077d8c469195db9a76bab4c77afc839d2,H1,2,63,83,8725,10408,8792,10478
edit_write,c75bb9bc4599ce17200404835799fbf077d8c469195db9a76bab4c77afc839d2,H2,0,51,78,5273,5910,5323,5962
edit_write,c75bb9bc4599ce17200404835799fbf077d8c469195db9a76bab4c77afc839d2,H2,1,75,93,6174,6794,6245,6876
edit_write,c75bb9bc4599ce17200404835799fbf077d8c469195db9a76bab4c77afc839d2,H2,2,130,166,9938,11958,10057,12124
edit_write,c75bb9bc4599ce17200404835799fbf077d8c469195db9a76bab4c77afc839d2,H0,0,42,55,3073,3238,3122,3280
edit_write,c75bb9bc4599ce17200404835799fbf077d8c469195db9a76bab4c77afc839d2,H0,1,34,47,3145,3369,3187,3415
edit_write,c75bb9bc4599ce17200404835799fbf077d8c469195db9a76bab4c77afc839d2,H0,2,66,79,5674,6015,5731,6061
edit_write,c75bb9bc4599ce17200404835799fbf077d8c469195db9a76bab4c77afc839d2,H3,0,866,1008,4737,5118,5729,6037
edit_write,c75bb9bc4599ce17200404835799fbf077d8c469195db9a76bab4c77afc839d2,H3,1,917,1020,5145,5897,6080,6917
edit_write,c75bb9bc4599ce17200404835799fbf077d8c469195db9a76bab4c77afc839d2,H3,2,1388,1554,8841,9868,10266,11136
edit_write,c75bb9bc4599ce17200404835799fbf077d8c469195db9a76bab4c77afc839d2,H4,0,66,120,3017,3310,3088,3430
edit_write,c75bb9bc4599ce17200404835799fbf077d8c469195db9a76bab4c77afc839d2,H4,1,95,148,3203,3678,3314,3826
edit_write,c75bb9bc4599ce17200404835799fbf077d8c469195db9a76bab4c77afc839d2,H4,2,153,234,5558,6380,5719,6552
edit_write,c77f89afadd2f001ee762f1cbd116e5f028217edf320a5b84518375f8bff1961,H1,0,45,58,32583,43678,32627,43722
edit_write,c77f89afadd2f001ee762f1cbd116e5f028217edf320a5b84518375f8bff1961,H1,1,54,79,31307,37528,31375,37580
edit_write,c77f89afadd2f001ee762f1cbd116e5f028217edf320a5b84518375f8bff1961,H1,2,38,41,30649,31376,30687,31414
edit_write,c77f89afadd2f001ee762f1cbd116e5f028217edf320a5b84518375f8bff1961,H2,0,80,110,12850,13507,12958,13598
edit_write,c77f89afadd2f001ee762f1cbd116e5f028217edf320a5b84518375f8bff1961,H2,1,89,129,12366,13174,12445,13292
edit_write,c77f89afadd2f001ee762f1cbd116e5f028217edf320a5b84518375f8bff1961,H2,2,80,128,11989,12682,12071,12762
edit_write,c77f89afadd2f001ee762f1cbd116e5f028217edf320a5b84518375f8bff1961,H0,0,44,53,17302,18901,17343,18957
edit_write,c77f89afadd2f001ee762f1cbd116e5f028217edf320a5b84518375f8bff1961,H0,1,33,44,17192,18332,17221,18373
edit_write,c77f89afadd2f001ee762f1cbd116e5f028217edf320a5b84518375f8bff1961,H0,2,33,48,16602,17213,16635,17248
edit_write,c77f89afadd2f001ee762f1cbd116e5f028217edf320a5b84518375f8bff1961,H3,0,1793,1928,9816,10272,11629,12226
edit_write,c77f89afadd2f001ee762f1cbd116e5f028217edf320a5b84518375f8bff1961,H3,1,1767,1932,8976,9621,10711,11553
edit_write,c77f89afadd2f001ee762f1cbd116e5f028217edf320a5b84518375f8bff1961,H3,2,1699,1852,8839,9332,10552,11113
edit_write,c77f89afadd2f001ee762f1cbd116e5f028217edf320a5b84518375f8bff1961,H4,0,260,308,5344,5940,5609,6230
edit_write,c77f89afadd2f001ee762f1cbd116e5f028217edf320a5b84518375f8bff1961,H4,1,286,371,5269,6000,5538,6363
edit_write,c77f89afadd2f001ee762f1cbd116e5f028217edf320a5b84518375f8bff1961,H4,2,241,273,5092,5574,5324,5830
edit_write,c7ae0d73f5d0f7db1b7583822e43558395466cca3e225ce4584d93daf65130a7,H1,0,45,57,46155,49264,46205,49307
edit_write,c7ae0d73f5d0f7db1b7583822e43558395466cca3e225ce4584d93daf65130a7,H1,1,49,75,46192,59608,46235,59668
edit_write,c7ae0d73f5d0f7db1b7583822e43558395466cca3e225ce4584d93daf65130a7,H1,2,41,46,45714,51905,45754,51944
edit_write,c7ae0d73f5d0f7db1b7583822e43558395466cca3e225ce4584d93daf65130a7,H2,0,85,118,37391,50301,37478,50376
edit_write,c7ae0d73f5d0f7db1b7583822e43558395466cca3e225ce4584d93daf65130a7,H2,1,114,135,38150,45055,38252,45160
edit_write,c7ae0d73f5d0f7db1b7583822e43558395466cca3e225ce4584d93daf65130a7,H2,2,93,126,38299,44429,38403,44510
edit_write,c7ae0d73f5d0f7db1b7583822e43558395466cca3e225ce4584d93daf65130a7,H0,0,42,48,23315,24652,23356,24694
edit_write,c7ae0d73f5d0f7db1b7583822e43558395466cca3e225ce4584d93daf65130a7,H0,1,35,40,23100,41420,23138,41455
edit_write,c7ae0d73f5d0f7db1b7583822e43558395466cca3e225ce4584d93daf65130a7,H0,2,31,48,23136,23605,23162,23636
edit_write,c7ae0d73f5d0f7db1b7583822e43558395466cca3e225ce4584d93daf65130a7,H3,0,1912,2180,37371,39981,39329,50499
edit_write,c7ae0d73f5d0f7db1b7583822e43558395466cca3e225ce4584d93daf65130a7,H3,1,1929,2128,36991,42879,38938,44699
edit_write,c7ae0d73f5d0f7db1b7583822e43558395466cca3e225ce4584d93daf65130a7,H3,2,1835,1981,37004,38058,38921,39893
edit_write,c7ae0d73f5d0f7db1b7583822e43558395466cca3e225ce4584d93daf65130a7,H4,0,338,402,33965,36474,34334,36836
edit_write,c7ae0d73f5d0f7db1b7583822e43558395466cca3e225ce4584d93daf65130a7,H4,1,362,407,34189,36366,34547,36772
edit_write,c7ae0d73f5d0f7db1b7583822e43558395466cca3e225ce4584d93daf65130a7,H4,2,318,369,33936,35043,34283,35401
edit_write,c7b110ef9b870d6b93f4fd413c4ac7d473ece4797ab51496bef785a1c9262ea5,H1,0,44,48,33881,36394,33922,36439
edit_write,c7b110ef9b870d6b93f4fd413c4ac7d473ece4797ab51496bef785a1c9262ea5,H1,1,63,73,32987,35650,33055,35697
edit_write,c7b110ef9b870d6b93f4fd413c4ac7d473ece4797ab51496bef785a1c9262ea5,H1,2,38,43,33975,46217,34013,46257
edit_write,c7b110ef9b870d6b93f4fd413c4ac7d473ece4797ab51496bef785a1c9262ea5,H2,0,148,196,9439,20829,9583,20996
edit_write,c7b110ef9b870d6b93f4fd413c4ac7d473ece4797ab51496bef785a1c9262ea5,H2,1,83,97,8616,9255,8707,9371
edit_write,c7b110ef9b870d6b93f4fd413c4ac7d473ece4797ab51496bef785a1c9262ea5,H2,2,94,145,8663,9608,8789,9706
edit_write,c7b110ef9b870d6b93f4fd413c4ac7d473ece4797ab51496bef785a1c9262ea5,H0,0,44,48,20535,22175,20572,22216
edit_write,c7b110ef9b870d6b93f4fd413c4ac7d473ece4797ab51496bef785a1c9262ea5,H0,1,32,46,20331,22056,20364,22092
edit_write,c7b110ef9b870d6b93f4fd413c4ac7d473ece4797ab51496bef785a1c9262ea5,H0,2,32,52,20471,21897,20504,21931
edit_write,c7b110ef9b870d6b93f4fd413c4ac7d473ece4797ab51496bef785a1c9262ea5,H3,0,1323,1484,6957,7546,8314,9030
edit_write,c7b110ef9b870d6b93f4fd413c4ac7d473ece4797ab51496bef785a1c9262ea5,H3,1,1388,1476,6778,7116,8149,8578
edit_write,c7b110ef9b870d6b93f4fd413c4ac7d473ece4797ab51496bef785a1c9262ea5,H3,2,1368,1683,6789,7456,8223,19101
edit_write,c7b110ef9b870d6b93f4fd413c4ac7d473ece4797ab51496bef785a1c9262ea5,H4,0,182,239,4320,5115,4480,5284
edit_write,c7b110ef9b870d6b93f4fd413c4ac7d473ece4797ab51496bef785a1c9262ea5,H4,1,213,248,4398,4770,4611,4999
edit_write,c7b110ef9b870d6b93f4fd413c4ac7d473ece4797ab51496bef785a1c9262ea5,H4,2,199,230,4373,4849,4544,5057
edit_write,c7cedef1c92870d78fa38fa1e359d098b09cacff05cf527abbf840b65c9d5163,H1,0,44,49,9584,10702,9637,10747
edit_write,c7cedef1c92870d78fa38fa1e359d098b09cacff05cf527abbf840b65c9d5163,H1,1,40,65,9585,10469,9645,10529
edit_write,c7cedef1c92870d78fa38fa1e359d098b09cacff05cf527abbf840b65c9d5163,H1,2,32,41,9608,10024,9647,10061
edit_write,c7cedef1c92870d78fa38fa1e359d098b09cacff05cf527abbf840b65c9d5163,H2,0,56,95,13977,25069,14049,25120
edit_write,c7cedef1c92870d78fa38fa1e359d098b09cacff05cf527abbf840b65c9d5163,H2,1,57,79,13954,14900,14017,14976
edit_write,c7cedef1c92870d78fa38fa1e359d098b09cacff05cf527abbf840b65c9d5163,H2,2,58,85,13803,14328,13862,14404
edit_write,c7cedef1c92870d78fa38fa1e359d098b09cacff05cf527abbf840b65c9d5163,H0,0,44,58,9280,9822,9326,9879
edit_write,c7cedef1c92870d78fa38fa1e359d098b09cacff05cf527abbf840b65c9d5163,H0,1,31,35,9402,9791,9434,9816
edit_write,c7cedef1c92870d78fa38fa1e359d098b09cacff05cf527abbf840b65c9d5163,H0,2,36,49,9206,9384,9246,9408
edit_write,c7cedef1c92870d78fa38fa1e359d098b09cacff05cf527abbf840b65c9d5163,H3,0,1179,1419,12591,13499,13872,15008
edit_write,c7cedef1c92870d78fa38fa1e359d098b09cacff05cf527abbf840b65c9d5163,H3,1,1244,1342,12676,13527,13954,14846
edit_write,c7cedef1c92870d78fa38fa1e359d098b09cacff05cf527abbf840b65c9d5163,H3,2,1253,1504,13024,13870,14303,15431
edit_write,c7cedef1c92870d78fa38fa1e359d098b09cacff05cf527abbf840b65c9d5163,H4,0,272,353,10622,22141,10890,22398
edit_write,c7cedef1c92870d78fa38fa1e359d098b09cacff05cf527abbf840b65c9d5163,H4,1,254,343,10924,11763,11173,12083
edit_write,c7cedef1c92870d78fa38fa1e359d098b09cacff05cf527abbf840b65c9d5163,H4,2,240,307,10866,11781,11130,12040
edit_write,c83dd2cc32964702b573928fdba9841ef7bab9465fb0b4898bf925fd6df6d773,H1,0,44,50,30156,42363,30200,42407
edit_write,c83dd2cc32964702b573928fdba9841ef7bab9465fb0b4898bf925fd6df6d773,H1,1,47,60,29150,29891,29203,29950
edit_write,c83dd2cc32964702b573928fdba9841ef7bab9465fb0b4898bf925fd6df6d773,H1,2,37,45,29241,29745,29278,29790
edit_write,c83dd2cc32964702b573928fdba9841ef7bab9465fb0b4898bf925fd6df6d773,H2,0,61,109,10189,10970,10296,11084
edit_write,c83dd2cc32964702b573928fdba9841ef7bab9465fb0b4898bf925fd6df6d773,H2,1,78,106,10513,11104,10585,11211
edit_write,c83dd2cc32964702b573928fdba9841ef7bab9465fb0b4898bf925fd6df6d773,H2,2,97,124,9937,10372,10014,10484
edit_write,c83dd2cc32964702b573928fdba9841ef7bab9465fb0b4898bf925fd6df6d773,H0,0,42,49,18791,31151,18833,31193
edit_write,c83dd2cc32964702b573928fdba9841ef7bab9465fb0b4898bf925fd6df6d773,H0,1,32,46,18385,23635,18431,23667
edit_write,c83dd2cc32964702b573928fdba9841ef7bab9465fb0b4898bf925fd6df6d773,H0,2,33,45,17977,18251,18015,18284
edit_write,c83dd2cc32964702b573928fdba9841ef7bab9465fb0b4898bf925fd6df6d773,H3,0,1278,1397,7513,8090,8796,9487
edit_write,c83dd2cc32964702b573928fdba9841ef7bab9465fb0b4898bf925fd6df6d773,H3,1,1325,1479,7654,8324,8955,9732
edit_write,c83dd2cc32964702b573928fdba9841ef7bab9465fb0b4898bf925fd6df6d773,H3,2,1205,1325,7239,7755,8427,9076
edit_write,c83dd2cc32964702b573928fdba9841ef7bab9465fb0b4898bf925fd6df6d773,H4,0,218,258,4182,4571,4407,4800
edit_write,c83dd2cc32964702b573928fdba9841ef7bab9465fb0b4898bf925fd6df6d773,H4,1,220,302,4259,4514,4466,4737
edit_write,c83dd2cc32964702b573928fdba9841ef7bab9465fb0b4898bf925fd6df6d773,H4,2,186,212,4116,4466,4323,4663
edit_write,c85e6502b8eea651614b10dd4c2c622bcdfdfca5ebc9331e767435427e51328a,H1,0,45,53,34525,36834,34573,36879
edit_write,c85e6502b8eea651614b10dd4c2c622bcdfdfca5ebc9331e767435427e51328a,H1,1,50,78,34766,47315,34816,47363
edit_write,c85e6502b8eea651614b10dd4c2c622bcdfdfca5ebc9331e767435427e51328a,H1,2,41,60,34300,35270,34354,35311
edit_write,c85e6502b8eea651614b10dd4c2c622bcdfdfca5ebc9331e767435427e51328a,H2,0,87,115,9810,10667,9893,10750
edit_write,c85e6502b8eea651614b10dd4c2c622bcdfdfca5ebc9331e767435427e51328a,H2,1,78,104,10630,21730,10714,21796
edit_write,c85e6502b8eea651614b10dd4c2c622bcdfdfca5ebc9331e767435427e51328a,H2,2,68,117,10372,10776,10438,10852
edit_write,c85e6502b8eea651614b10dd4c2c622bcdfdfca5ebc9331e767435427e51328a,H0,0,44,53,24684,27251,24725,27297
edit_write,c85e6502b8eea651614b10dd4c2c622bcdfdfca5ebc9331e767435427e51328a,H0,1,33,48,24866,42401,24898,42434
edit_write,c85e6502b8eea651614b10dd4c2c622bcdfdfca5ebc9331e767435427e51328a,H0,2,33,48,24422,24827,24466,24861
edit_write,c85e6502b8eea651614b10dd4c2c622bcdfdfca5ebc9331e767435427e51328a,H3,0,1404,1677,7712,8398,9114,20535
edit_write,c85e6502b8eea651614b10dd4c2c622bcdfdfca5ebc9331e767435427e51328a,H3,1,1454,1572,7741,8446,9184,10018
edit_write,c85e6502b8eea651614b10dd4c2c622bcdfdfca5ebc9331e767435427e51328a,H3,2,1307,1412,8034,8386,9346,9805
edit_write,c85e6502b8eea651614b10dd4c2c622bcdfdfca5ebc9331e767435427e51328a,H4,0,178,192,4714,5562,4896,5756
edit_write,c85e6502b8eea651614b10dd4c2c622bcdfdfca5ebc9331e767435427e51328a,H4,1,210,252,4969,5485,5203,5717
edit_write,c85e6502b8eea651614b10dd4c2c622bcdfdfca5ebc9331e767435427e51328a,H4,2,200,234,4891,5626,5103,5866
edit_write,c8aed004f4a21287147ad31f24b942b980b4c33907a6aa0f0aabec8b3da77273,H1,0,43,50,44394,58226,44436,58268
edit_write,c8aed004f4a21287147ad31f24b942b980b4c33907a6aa0f0aabec8b3da77273,H1,1,49,61,43758,49881,43809,49927
edit_write,c8aed004f4a21287147ad31f24b942b980b4c33907a6aa0f0aabec8b3da77273,H1,2,37,42,44575,63977,44612,64016
edit_write,c8aed004f4a21287147ad31f24b942b980b4c33907a6aa0f0aabec8b3da77273,H2,0,48,70,9927,10720,9996,10764
edit_write,c8aed004f4a21287147ad31f24b942b980b4c33907a6aa0f0aabec8b3da77273,H2,1,74,87,10125,10471,10200,10543
edit_write,c8aed004f4a21287147ad31f24b942b980b4c33907a6aa0f0aabec8b3da77273,H2,2,67,104,10470,11194,10539,11239
edit_write,c8aed004f4a21287147ad31f24b942b980b4c33907a6aa0f0aabec8b3da77273,H0,0,45,48,31354,33766,31401,33814
edit_write,c8aed004f4a21287147ad31f24b942b980b4c33907a6aa0f0aabec8b3da77273,H0,1,38,50,31175,31586,31221,31619
edit_write,c8aed004f4a21287147ad31f24b942b980b4c33907a6aa0f0aabec8b3da77273,H0,2,32,48,32875,44469,32907,44505
edit_write,c8aed004f4a21287147ad31f24b942b980b4c33907a6aa0f0aabec8b3da77273,H3,0,1684,1808,8126,8657,9805,10408
edit_write,c8aed004f4a21287147ad31f24b942b980b4c33907a6aa0f0aabec8b3da77273,H3,1,1672,1817,8192,8617,9910,10658
edit_write,c8aed004f4a21287147ad31f24b942b980b4c33907a6aa0f0aabec8b3da77273,H3,2,1613,1865,8254,8735,9890,10581
edit_write,c8aed004f4a21287147ad31f24b942b980b4c33907a6aa0f0aabec8b3da77273,H4,0,310,328,5590,6143,5897,6465
edit_write,c8aed004f4a21287147ad31f24b942b980b4c33907a6aa0f0aabec8b3da77273,H4,1,310,348,5424,5633,5763,5969
edit_write,c8aed004f4a21287147ad31f24b942b980b4c33907a6aa0f0aabec8b3da77273,H4,2,313,363,5620,6118,5944,6430
edit_write,c9679e07f4cd4512b612d84dcd38a6aa9480d623935a437836830509d81095b6,H1,0,44,51,9462,10018,9503,10065
edit_write,c9679e07f4cd4512b612d84dcd38a6aa9480d623935a437836830509d81095b6,H1,1,36,53,9592,10014,9627,10063
edit_write,c9679e07f4cd4512b612d84dcd38a6aa9480d623935a437836830509d81095b6,H1,2,33,50,9722,10707,9753,10741
edit_write,c9679e07f4cd4512b612d84dcd38a6aa9480d623935a437836830509d81095b6,H2,0,52,110,13635,24318,13731,24370
edit_write,c9679e07f4cd4512b612d84dcd38a6aa9480d623935a437836830509d81095b6,H2,1,57,82,14017,15836,14075,15899
edit_write,c9679e07f4cd4512b612d84dcd38a6aa9480d623935a437836830509d81095b6,H2,2,67,110,13477,14669,13533,14774
edit_write,c9679e07f4cd4512b612d84dcd38a6aa9480d623935a437836830509d81095b6,H0,0,43,48,9203,9874,9246,9916
edit_write,c9679e07f4cd4512b612d84dcd38a6aa9480d623935a437836830509d81095b6,H0,1,29,52,9301,20745,9324,20780
edit_write,c9679e07f4cd4512b612d84dcd38a6aa9480d623935a437836830509d81095b6,H0,2,30,47,9169,21425,9191,21453
edit_write,c9679e07f4cd4512b612d84dcd38a6aa9480d623935a437836830509d81095b6,H3,0,1506,1713,12766,13929,14293,15576
edit_write,c9679e07f4cd4512b612d84dcd38a6aa9480d623935a437836830509d81095b6,H3,1,1541,1755,13103,14325,14699,16026
edit_write,c9679e07f4cd4512b612d84dcd38a6aa9480d623935a437836830509d81095b6,H3,2,1511,1801,12607,25527,14099,27218
edit_write,c9679e07f4cd4512b612d84dcd38a6aa9480d623935a437836830509d81095b6,H4,0,276,316,10758,28976,11052,29204
edit_write,c9679e07f4cd4512b612d84dcd38a6aa9480d623935a437836830509d81095b6,H4,1,280,356,11122,12029,11392,12366
edit_write,c9679e07f4cd4512b612d84dcd38a6aa9480d623935a437836830509d81095b6,H4,2,276,343,11043,22944,11321,23230
edit_write,c9998294249710e88934b381a25b7f66b58d082503f35798baa5a88dfcf80d25,H1,0,45,61,61651,79919,61702,79981
edit_write,c9998294249710e88934b381a25b7f66b58d082503f35798baa5a88dfcf80d25,H1,1,43,66,61412,67393,61455,67432
edit_write,c9998294249710e88934b381a25b7f66b58d082503f35798baa5a88dfcf80d25,H1,2,80,99,110630,131238,110707,131320
edit_write,c9998294249710e88934b381a25b7f66b58d082503f35798baa5a88dfcf80d25,H2,0,73,121,12950,24810,13020,24880
edit_write,c9998294249710e88934b381a25b7f66b58d082503f35798baa5a88dfcf80d25,H2,1,77,110,13084,13582,13155,13669
edit_write,c9998294249710e88934b381a25b7f66b58d082503f35798baa5a88dfcf80d25,H2,2,181,209,22115,23613,22287,23794
edit_write,c9998294249710e88934b381a25b7f66b58d082503f35798baa5a88dfcf80d25,H0,0,43,55,52646,70721,52689,70762
edit_write,c9998294249710e88934b381a25b7f66b58d082503f35798baa5a88dfcf80d25,H0,1,28,39,52359,57030,52386,57057
edit_write,c9998294249710e88934b381a25b7f66b58d082503f35798baa5a88dfcf80d25,H0,2,85,110,91066,98522,91134,98628
edit_write,c9998294249710e88934b381a25b7f66b58d082503f35798baa5a88dfcf80d25,H3,0,1498,1661,10305,21544,11828,23173
edit_write,c9998294249710e88934b381a25b7f66b58d082503f35798baa5a88dfcf80d25,H3,1,1486,1562,10127,10488,11618,11990
edit_write,c9998294249710e88934b381a25b7f66b58d082503f35798baa5a88dfcf80d25,H3,2,2558,2884,18026,28731,20635,31603
edit_write,c9998294249710e88934b381a25b7f66b58d082503f35798baa5a88dfcf80d25,H4,0,188,241,7359,8222,7573,8463
edit_write,c9998294249710e88934b381a25b7f66b58d082503f35798baa5a88dfcf80d25,H4,1,221,236,7627,7951,7849,8179
edit_write,c9998294249710e88934b381a25b7f66b58d082503f35798baa5a88dfcf80d25,H4,2,383,550,12259,14628,12673,15178
edit_write,ca1ec7dd18dd14437d76f8330475954a1ed0a65a55ca40e782296b725aa3bcc9,H1,0,43,49,45996,48834,46036,48879
edit_write,ca1ec7dd18dd14437d76f8330475954a1ed0a65a55ca40e782296b725aa3bcc9,H1,1,50,71,46210,58881,46257,58936
edit_write,ca1ec7dd18dd14437d76f8330475954a1ed0a65a55ca40e782296b725aa3bcc9,H1,2,34,41,45932,51924,45961,51961
edit_write,ca1ec7dd18dd14437d76f8330475954a1ed0a65a55ca40e782296b725aa3bcc9,H2,0,85,124,37128,40642,37204,40727
edit_write,ca1ec7dd18dd14437d76f8330475954a1ed0a65a55ca40e782296b725aa3bcc9,H2,1,95,140,37361,40546,37442,40702
edit_write,ca1ec7dd18dd14437d76f8330475954a1ed0a65a55ca40e782296b725aa3bcc9,H2,2,106,128,37564,39905,37658,40003
edit_write,ca1ec7dd18dd14437d76f8330475954a1ed0a65a55ca40e782296b725aa3bcc9,H0,0,46,53,25039,25989,25085,26035
edit_write,ca1ec7dd18dd14437d76f8330475954a1ed0a65a55ca40e782296b725aa3bcc9,H0,1,46,56,23280,36482,23328,36520
edit_write,ca1ec7dd18dd14437d76f8330475954a1ed0a65a55ca40e782296b725aa3bcc9,H0,2,31,49,23279,29512,23309,29550
edit_write,ca1ec7dd18dd14437d76f8330475954a1ed0a65a55ca40e782296b725aa3bcc9,H3,0,2437,2709,37770,40624,40192,43230
edit_write,ca1ec7dd18dd14437d76f8330475954a1ed0a65a55ca40e782296b725aa3bcc9,H3,1,2377,2686,36578,39527,39114,46116
edit_write,ca1ec7dd18dd14437d76f8330475954a1ed0a65a55ca40e782296b725aa3bcc9,H3,2,2179,2351,36982,37328,39137,39555
edit_write,ca1ec7dd18dd14437d76f8330475954a1ed0a65a55ca40e782296b725aa3bcc9,H4,0,355,404,34790,38063,35160,38467
edit_write,ca1ec7dd18dd14437d76f8330475954a1ed0a65a55ca40e782296b725aa3bcc9,H4,1,358,424,34330,47202,34670,47569
edit_write,ca1ec7dd18dd14437d76f8330475954a1ed0a65a55ca40e782296b725aa3bcc9,H4,2,328,367,33740,34537,34092,34904
edit_write,cab3e9e757a9fff962ffd957dc518218273cf9864a98178becb18d8a42d9655b,H1,0,62,83,9446,10304,9499,10385
edit_write,cab3e9e757a9fff962ffd957dc518218273cf9864a98178becb18d8a42d9655b,H1,1,67,79,10945,11463,10996,11538
edit_write,cab3e9e757a9fff962ffd957dc518218273cf9864a98178becb18d8a42d9655b,H1,2,34,60,10909,12016,10942,12051
edit_write,cab3e9e757a9fff962ffd957dc518218273cf9864a98178becb18d8a42d9655b,H2,0,87,130,17308,18666,17427,18773
edit_write,cab3e9e757a9fff962ffd957dc518218273cf9864a98178becb18d8a42d9655b,H2,1,105,134,17137,17652,17254,17758
edit_write,cab3e9e757a9fff962ffd957dc518218273cf9864a98178becb18d8a42d9655b,H2,2,105,156,16716,17583,16819,17673
edit_write,cab3e9e757a9fff962ffd957dc518218273cf9864a98178becb18d8a42d9655b,H0,0,44,56,55346,69307,55391,69351
edit_write,cab3e9e757a9fff962ffd957dc518218273cf9864a98178becb18d8a42d9655b,H0,1,35,50,55103,59514,55138,59549
edit_write,cab3e9e757a9fff962ffd957dc518218273cf9864a98178becb18d8a42d9655b,H0,2,33,47,54211,55179,54245,55214
edit_write,cab3e9e757a9fff962ffd957dc518218273cf9864a98178becb18d8a42d9655b,H3,0,3017,3315,12931,17856,15961,20814
edit_write,cab3e9e757a9fff962ffd957dc518218273cf9864a98178becb18d8a42d9655b,H3,1,3021,3265,12856,13436,15883,16764
edit_write,cab3e9e757a9fff962ffd957dc518218273cf9864a98178becb18d8a42d9655b,H3,2,3189,4314,13785,15048,17028,20322
edit_write,cab3e9e757a9fff962ffd957dc518218273cf9864a98178becb18d8a42d9655b,H4,0,427,468,10382,11362,10793,11783
edit_write,cab3e9e757a9fff962ffd957dc518218273cf9864a98178becb18d8a42d9655b,H4,1,441,487,10492,11168,10935,11613
edit_write,cab3e9e757a9fff962ffd957dc518218273cf9864a98178becb18d8a42d9655b,H4,2,405,434,10572,11221,10962,11655
edit_write,cada35f8a7ed2b2c18f357de8e562d411f5b1c65cdd3912246d23376d1a24dec,H1,0,43,47,24014,29346,24056,29388
edit_write,cada35f8a7ed2b2c18f357de8e562d411f5b1c65cdd3912246d23376d1a24dec,H1,1,47,76,25244,37870,25289,37913
edit_write,cada35f8a7ed2b2c18f357de8e562d411f5b1c65cdd3912246d23376d1a24dec,H1,2,37,40,26372,27482,26409,27521
edit_write,cada35f8a7ed2b2c18f357de8e562d411f5b1c65cdd3912246d23376d1a24dec,H2,0,90,111,24130,26507,24221,26618
edit_write,cada35f8a7ed2b2c18f357de8e562d411f5b1c65cdd3912246d23376d1a24dec,H2,1,90,127,24825,37718,24914,37816
edit_write,cada35f8a7ed2b2c18f357de8e562d411f5b1c65cdd3912246d23376d1a24dec,H2,2,88,122,24219,30643,24280,30705
edit_write,cada35f8a7ed2b2c18f357de8e562d411f5b1c65cdd3912246d23376d1a24dec,H0,0,48,54,15242,21109,15294,21156
edit_write,cada35f8a7ed2b2c18f357de8e562d411f5b1c65cdd3912246d23376d1a24dec,H0,1,32,51,15418,16519,15455,16560
edit_write,cada35f8a7ed2b2c18f357de8e562d411f5b1c65cdd3912246d23376d1a24dec,H0,2,33,50,15366,16987,15397,17036
edit_write,cada35f8a7ed2b2c18f357de8e562d411f5b1c65cdd3912246d23376d1a24dec,H3,0,1579,1845,23953,28978,25577,30792
edit_write,cada35f8a7ed2b2c18f357de8e562d411f5b1c65cdd3912246d23376d1a24dec,H3,1,1681,1851,24834,37378,26547,39113
edit_write,cada35f8a7ed2b2c18f357de8e562d411f5b1c65cdd3912246d23376d1a24dec,H3,2,1621,1875,24448,37662,26042,39486
edit_write,cada35f8a7ed2b2c18f357de8e562d411f5b1c65cdd3912246d23376d1a24dec,H4,0,306,348,24621,27188,24940,27536
edit_write,cada35f8a7ed2b2c18f357de8e562d411f5b1c65cdd3912246d23376d1a24dec,H4,1,342,381,24069,35709,24421,36062
edit_write,cada35f8a7ed2b2c18f357de8e562d411f5b1c65cdd3912246d23376d1a24dec,H4,2,311,358,25106,44486,25414,44777
edit_write,caed28a0f1f75a39fc323ba021c99eaef59b0b000fc1b5d7d1581ff0405c2983,H1,0,43,51,8599,9154,8642,9201
edit_write,caed28a0f1f75a39fc323ba021c99eaef59b0b000fc1b5d7d1581ff0405c2983,H1,1,38,59,9177,9623,9222,9657
edit_write,caed28a0f1f75a39fc323ba021c99eaef59b0b000fc1b5d7d1581ff0405c2983,H1,2,43,49,9941,20736,9987,20778
edit_write,caed28a0f1f75a39fc323ba021c99eaef59b0b000fc1b5d7d1581ff0405c2983,H2,0,74,115,9138,9872,9206,9983
edit_write,caed28a0f1f75a39fc323ba021c99eaef59b0b000fc1b5d7d1581ff0405c2983,H2,1,69,79,9352,10012,9409,10089
edit_write,caed28a0f1f75a39fc323ba021c99eaef59b0b000fc1b5d7d1581ff0405c2983,H2,2,104,122,9468,9799,9569,9899
edit_write,caed28a0f1f75a39fc323ba021c99eaef59b0b000fc1b5d7d1581ff0405c2983,H0,0,45,58,52919,65933,52967,65978
edit_write,caed28a0f1f75a39fc323ba021c99eaef59b0b000fc1b5d7d1581ff0405c2983,H0,1,28,38,52503,57512,52530,57543
edit_write,caed28a0f1f75a39fc323ba021c99eaef59b0b000fc1b5d7d1581ff0405c2983,H0,2,40,51,55698,61077,55740,61119
edit_write,caed28a0f1f75a39fc323ba021c99eaef59b0b000fc1b5d7d1581ff0405c2983,H3,0,1326,1450,7860,8404,9182,9835
edit_write,caed28a0f1f75a39fc323ba021c99eaef59b0b000fc1b5d7d1581ff0405c2983,H3,1,1243,1341,7846,8451,9112,9717
edit_write,caed28a0f1f75a39fc323ba021c99eaef59b0b000fc1b5d7d1581ff0405c2983,H3,2,1224,1418,8075,8509,9305,9845
edit_write,caed28a0f1f75a39fc323ba021c99eaef59b0b000fc1b5d7d1581ff0405c2983,H4,0,272,305,4386,4836,4645,5130
edit_write,caed28a0f1f75a39fc323ba021c99eaef59b0b000fc1b5d7d1581ff0405c2983,H4,1,238,298,4540,4932,4790,5161
edit_write,caed28a0f1f75a39fc323ba021c99eaef59b0b000fc1b5d7d1581ff0405c2983,H4,2,278,306,4427,4962,4717,5244
edit_write,caf839f03565e3628f29f96868c449c0240d514d8825df919c171790c9ac44bb,H1,0,43,50,47834,60543,47876,60586
edit_write,caf839f03565e3628f29f96868c449c0240d514d8825df919c171790c9ac44bb,H1,1,45,71,48328,54942,48399,54987
edit_write,caf839f03565e3628f29f96868c449c0240d514d8825df919c171790c9ac44bb,H1,2,43,49,52173,71796,52214,71838
edit_write,caf839f03565e3628f29f96868c449c0240d514d8825df919c171790c9ac44bb,H2,0,86,122,39668,52114,39752,52202
edit_write,caf839f03565e3628f29f96868c449c0240d514d8825df919c171790c9ac44bb,H2,1,106,133,40267,52808,40383,52908
edit_write,caf839f03565e3628f29f96868c449c0240d514d8825df919c171790c9ac44bb,H2,2,106,126,40035,46533,40144,46629
edit_write,caf839f03565e3628f29f96868c449c0240d514d8825df919c171790c9ac44bb,H0,0,43,53,23791,25456,23835,25499
edit_write,caf839f03565e3628f29f96868c449c0240d514d8825df919c171790c9ac44bb,H0,1,37,41,24440,36371,24478,36411
edit_write,caf839f03565e3628f29f96868c449c0240d514d8825df919c171790c9ac44bb,H0,2,30,34,23882,24459,23908,24486
edit_write,caf839f03565e3628f29f96868c449c0240d514d8825df919c171790c9ac44bb,H3,0,2939,3213,38412,50722,41374,53820
edit_write,caf839f03565e3628f29f96868c449c0240d514d8825df919c171790c9ac44bb,H3,1,2997,3175,40120,53476,43213,56473
edit_write,caf839f03565e3628f29f96868c449c0240d514d8825df919c171790c9ac44bb,H3,2,2931,3122,41427,51451,44412,54327
edit_write,caf839f03565e3628f29f96868c449c0240d514d8825df919c171790c9ac44bb,H4,0,337,393,35716,52814,36041,53145
edit_write,caf839f03565e3628f29f96868c449c0240d514d8825df919c171790c9ac44bb,H4,1,369,437,34779,37944,35131,38286
edit_write,caf839f03565e3628f29f96868c449c0240d514d8825df919c171790c9ac44bb,H4,2,305,353,34701,38103,35026,38456
edit_write,cb96e25707d3eb023ef99d1349be41fa73faee04e7e449d49518c1aa824e9ef1,H1,0,44,52,30641,48437,30690,48479
edit_write,cb96e25707d3eb023ef99d1349be41fa73faee04e7e449d49518c1aa824e9ef1,H1,1,49,74,30596,31369,30649,31418
edit_write,cb96e25707d3eb023ef99d1349be41fa73faee04e7e449d49518c1aa824e9ef1,H1,2,37,42,30322,32385,30355,32425
edit_write,cb96e25707d3eb023ef99d1349be41fa73faee04e7e449d49518c1aa824e9ef1,H2,0,76,112,12129,13020,12202,13136
edit_write,cb96e25707d3eb023ef99d1349be41fa73faee04e7e449d49518c1aa824e9ef1,H2,1,83,103,12262,12879,12351,12969
edit_write,cb96e25707d3eb023ef99d1349be41fa73faee04e7e449d49518c1aa824e9ef1,H2,2,108,138,11570,12847,11651,12985
edit_write,cb96e25707d3eb023ef99d1349be41fa73faee04e7e449d49518c1aa824e9ef1,H0,0,44,50,17663,19846,17707,19882
edit_write,cb96e25707d3eb023ef99d1349be41fa73faee04e7e449d49518c1aa824e9ef1,H0,1,36,41,17049,22334,17086,22369
edit_write,cb96e25707d3eb023ef99d1349be41fa73faee04e7e449d49518c1aa824e9ef1,H0,2,30,48,16510,28805,16536,28827
edit_write,cb96e25707d3eb023ef99d1349be41fa73faee04e7e449d49518c1aa824e9ef1,H3,0,1555,1740,9399,10367,10954,12224
edit_write,cb96e25707d3eb023ef99d1349be41fa73faee04e7e449d49518c1aa824e9ef1,H3,1,1617,1721,9161,9523,10737,11151
edit_write,cb96e25707d3eb023ef99d1349be41fa73faee04e7e449d49518c1aa824e9ef1,H3,2,1501,1643,9253,9883,10765,11526
edit_write,cb96e25707d3eb023ef99d1349be41fa73faee04e7e449d49518c1aa824e9ef1,H4,0,252,300,5167,5843,5427,6141
edit_write,cb96e25707d3eb023ef99d1349be41fa73faee04e7e449d49518c1aa824e9ef1,H4,1,270,315,5373,5800,5636,6085
edit_write,cb96e25707d3eb023ef99d1349be41fa73faee04e7e449d49518c1aa824e9ef1,H4,2,248,289,5185,5808,5451,6072
edit_write,cc0b66344680a24a0af14933bc7d76d1a4ba2ffded520f4bb706650498e06625,H1,0,46,55,7102,7826,7157,7875
edit_write,cc0b66344680a24a0af14933bc7d76d1a4ba2ffded520f4bb706650498e06625,H1,1,40,66,7680,8339,7727,8406
edit_write,cc0b66344680a24a0af14933bc7d76d1a4ba2ffded520f4bb706650498e06625,H1,2,34,38,7913,8980,7946,9014
edit_write,cc0b66344680a24a0af14933bc7d76d1a4ba2ffded520f4bb706650498e06625,H2,0,74,123,10065,10689,10148,10761
edit_write,cc0b66344680a24a0af14933bc7d76d1a4ba2ffded520f4bb706650498e06625,H2,1,87,125,11177,22116,11249,22174
edit_write,cc0b66344680a24a0af14933bc7d76d1a4ba2ffded520f4bb706650498e06625,H2,2,104,128,9767,10178,9871,10302
edit_write,cc0b66344680a24a0af14933bc7d76d1a4ba2ffded520f4bb706650498e06625,H0,0,45,61,52930,64686,52979,64728
edit_write,cc0b66344680a24a0af14933bc7d76d1a4ba2ffded520f4bb706650498e06625,H0,1,28,36,52803,70018,52835,70047
edit_write,cc0b66344680a24a0af14933bc7d76d1a4ba2ffded520f4bb706650498e06625,H0,2,38,55,52608,52956,52646,53000
edit_write,cc0b66344680a24a0af14933bc7d76d1a4ba2ffded520f4bb706650498e06625,H3,0,1265,1441,7369,8012,8661,9342
edit_write,cc0b66344680a24a0af14933bc7d76d1a4ba2ffded520f4bb706650498e06625,H3,1,1344,1742,7910,13725,9227,15076
edit_write,cc0b66344680a24a0af14933bc7d76d1a4ba2ffded520f4bb706650498e06625,H3,2,1146,1342,7355,8265,8555,9607
edit_write,cc0b66344680a24a0af14933bc7d76d1a4ba2ffded520f4bb706650498e06625,H4,0,196,223,4473,4882,4675,5078
edit_write,cc0b66344680a24a0af14933bc7d76d1a4ba2ffded520f4bb706650498e06625,H4,1,229,290,4566,5204,4804,5494
edit_write,cc0b66344680a24a0af14933bc7d76d1a4ba2ffded520f4bb706650498e06625,H4,2,207,252,4722,5161,4931,5371
edit_write,cc346a5d361368cc28a56734a9ba91e2ba38b8a0468d5d4f51ecbd09703aa5b4,H1,0,44,52,16041,17439,16085,17488
edit_write,cc346a5d361368cc28a56734a9ba91e2ba38b8a0468d5d4f51ecbd09703aa5b4,H1,1,46,66,15318,16306,15364,16368
edit_write,cc346a5d361368cc28a56734a9ba91e2ba38b8a0468d5d4f51ecbd09703aa5b4,H1,2,41,44,15094,16027,15134,16069
edit_write,cc346a5d361368cc28a56734a9ba91e2ba38b8a0468d5d4f51ecbd09703aa5b4,H2,0,44,65,11348,12535,11397,12600
edit_write,cc346a5d361368cc28a56734a9ba91e2ba38b8a0468d5d4f51ecbd09703aa5b4,H2,1,70,99,11619,24563,11684,24647
edit_write,cc346a5d361368cc28a56734a9ba91e2ba38b8a0468d5d4f51ecbd09703aa5b4,H2,2,63,72,11503,12262,11570,12331
edit_write,cc346a5d361368cc28a56734a9ba91e2ba38b8a0468d5d4f51ecbd09703aa5b4,H0,0,46,53,30966,36478,31011,36524
edit_write,cc346a5d361368cc28a56734a9ba91e2ba38b8a0468d5d4f51ecbd09703aa5b4,H0,1,36,39,31615,44867,31653,44904
edit_write,cc346a5d361368cc28a56734a9ba91e2ba38b8a0468d5d4f51ecbd09703aa5b4,H0,2,33,50,31236,45085,31267,45116
edit_write,cc346a5d361368cc28a56734a9ba91e2ba38b8a0468d5d4f51ecbd09703aa5b4,H3,0,1687,1877,8404,9063,10058,10940
edit_write,cc346a5d361368cc28a56734a9ba91e2ba38b8a0468d5d4f51ecbd09703aa5b4,H3,1,1726,1885,8569,9462,10303,11248
edit_write,cc346a5d361368cc28a56734a9ba91e2ba38b8a0468d5d4f51ecbd09703aa5b4,H3,2,1655,1820,8447,9117,10083,10915
edit_write,cc346a5d361368cc28a56734a9ba91e2ba38b8a0468d5d4f51ecbd09703aa5b4,H4,0,372,411,5707,6330,6066,6741
edit_write,cc346a5d361368cc28a56734a9ba91e2ba38b8a0468d5d4f51ecbd09703aa5b4,H4,1,379,440,5814,6321,6175,6758
edit_write,cc346a5d361368cc28a56734a9ba91e2ba38b8a0468d5d4f51ecbd09703aa5b4,H4,2,372,432,6009,6652,6389,7012
edit_write,cc429df8592f99d0e08c50855b32dae2202cf269096a2632a20775f8c99c0e91,H1,0,46,53,30753,42276,30795,42322
edit_write,cc429df8592f99d0e08c50855b32dae2202cf269096a2632a20775f8c99c0e91,H1,1,47,71,30948,42023,30997,42070
edit_write,cc429df8592f99d0e08c50855b32dae2202cf269096a2632a20775f8c99c0e91,H1,2,36,41,30935,36098,30974,36132
edit_write,cc429df8592f99d0e08c50855b32dae2202cf269096a2632a20775f8c99c0e91,H2,0,80,106,12566,13800,12646,13878
edit_write,cc429df8592f99d0e08c50855b32dae2202cf269096a2632a20775f8c99c0e91,H2,1,88,115,12859,14406,12950,14521
edit_write,cc429df8592f99d0e08c50855b32dae2202cf269096a2632a20775f8c99c0e91,H2,2,82,136,12555,13156,12650,13292
edit_write,cc429df8592f99d0e08c50855b32dae2202cf269096a2632a20775f8c99c0e91,H0,0,43,50,17406,29952,17449,29999
edit_write,cc429df8592f99d0e08c50855b32dae2202cf269096a2632a20775f8c99c0e91,H0,1,34,39,17008,18052,17042,18091
edit_write,cc429df8592f99d0e08c50855b32dae2202cf269096a2632a20775f8c99c0e91,H0,2,31,37,16942,17340,16973,17372
edit_write,cc429df8592f99d0e08c50855b32dae2202cf269096a2632a20775f8c99c0e91,H3,0,1631,1845,9665,10459,11284,12274
edit_write,cc429df8592f99d0e08c50855b32dae2202cf269096a2632a20775f8c99c0e91,H3,1,1695,1837,9613,10462,11298,12299
edit_write,cc429df8592f99d0e08c50855b32dae2202cf269096a2632a20775f8c99c0e91,H3,2,1591,1692,9376,9920,10941,11572
edit_write,cc429df8592f99d0e08c50855b32dae2202cf269096a2632a20775f8c99c0e91,H4,0,227,267,5316,5940,5565,6188
edit_write,cc429df8592f99d0e08c50855b32dae2202cf269096a2632a20775f8c99c0e91,H4,1,299,371,5477,6245,5777,6619
edit_write,cc429df8592f99d0e08c50855b32dae2202cf269096a2632a20775f8c99c0e91,H4,2,229,272,5354,5634,5586,5884
edit_write,cc591e901cba133c8eb261033b0d4ac02569e19e76cd97a0033586af2fa0e82a,H1,0,42,46,1108,1189,1152,1231
edit_write,cc591e901cba133c8eb261033b0d4ac02569e19e76cd97a0033586af2fa0e82a,H1,1,60,84,2212,2947,2287,3006
edit_write,cc591e901cba133c8eb261033b0d4ac02569e19e76cd97a0033586af2fa0e82a,H1,2,27,48,1108,1411,1134,1437
edit_write,cc591e901cba133c8eb261033b0d4ac02569e19e76cd97a0033586af2fa0e82a,H2,0,45,54,1314,1458,1359,1502
edit_write,cc591e901cba133c8eb261033b0d4ac02569e19e76cd97a0033586af2fa0e82a,H2,1,32,52,1323,1523,1357,1577
edit_write,cc591e901cba133c8eb261033b0d4ac02569e19e76cd97a0033586af2fa0e82a,H2,2,29,54,1194,1332,1217,1381
edit_write,cc591e901cba133c8eb261033b0d4ac02569e19e76cd97a0033586af2fa0e82a,H0,0,43,50,636,689,681,736
edit_write,cc591e901cba133c8eb261033b0d4ac02569e19e76cd97a0033586af2fa0e82a,H0,1,27,34,629,705,656,735
edit_write,cc591e901cba133c8eb261033b0d4ac02569e19e76cd97a0033586af2fa0e82a,H0,2,27,30,626,676,652,705
edit_write,cc591e901cba133c8eb261033b0d4ac02569e19e76cd97a0033586af2fa0e82a,H3,0,406,519,1162,1409,1565,1887
edit_write,cc591e901cba133c8eb261033b0d4ac02569e19e76cd97a0033586af2fa0e82a,H3,1,398,664,1268,2103,1645,2721
edit_write,cc591e901cba133c8eb261033b0d4ac02569e19e76cd97a0033586af2fa0e82a,H3,2,396,460,1177,1414,1552,1851
edit_write,cc591e901cba133c8eb261033b0d4ac02569e19e76cd97a0033586af2fa0e82a,H4,0,57,77,875,1096,931,1158
edit_write,cc591e901cba133c8eb261033b0d4ac02569e19e76cd97a0033586af2fa0e82a,H4,1,52,99,911,1093,961,1173
edit_write,cc591e901cba133c8eb261033b0d4ac02569e19e76cd97a0033586af2fa0e82a,H4,2,42,65,877,1139,921,1191
edit_write,ccbe49adcdc45496737402524812f4189c6d13ce1539af741a6324b023e4309b,H1,0,43,50,15271,16479,15314,16525
edit_write,ccbe49adcdc45496737402524812f4189c6d13ce1539af741a6324b023e4309b,H1,1,43,68,16165,16630,16214,16693
edit_write,ccbe49adcdc45496737402524812f4189c6d13ce1539af741a6324b023e4309b,H1,2,34,47,15417,16795,15451,16823
edit_write,ccbe49adcdc45496737402524812f4189c6d13ce1539af741a6324b023e4309b,H2,0,105,141,6043,6616,6131,6743
edit_write,ccbe49adcdc45496737402524812f4189c6d13ce1539af741a6324b023e4309b,H2,1,68,96,6002,6513,6070,6609
edit_write,ccbe49adcdc45496737402524812f4189c6d13ce1539af741a6324b023e4309b,H2,2,75,99,5649,6364,5736,6456
edit_write,ccbe49adcdc45496737402524812f4189c6d13ce1539af741a6324b023e4309b,H0,0,47,54,11510,12421,11555,12468
edit_write,ccbe49adcdc45496737402524812f4189c6d13ce1539af741a6324b023e4309b,H0,1,38,65,11263,12089,11308,12139
edit_write,ccbe49adcdc45496737402524812f4189c6d13ce1539af741a6324b023e4309b,H0,2,30,43,10967,11741,10996,11772
edit_write,ccbe49adcdc45496737402524812f4189c6d13ce1539af741a6324b023e4309b,H3,0,931,1107,4677,5078,5611,6168
edit_write,ccbe49adcdc45496737402524812f4189c6d13ce1539af741a6324b023e4309b,H3,1,1030,1244,4883,5227,5910,6471
edit_write,ccbe49adcdc45496737402524812f4189c6d13ce1539af741a6324b023e4309b,H3,2,935,1132,4674,5097,5609,6259
edit_write,ccbe49adcdc45496737402524812f4189c6d13ce1539af741a6324b023e4309b,H4,0,105,142,2758,3293,2884,3416
edit_write,ccbe49adcdc45496737402524812f4189c6d13ce1539af741a6324b023e4309b,H4,1,133,200,2826,3134,2960,3330
edit_write,ccbe49adcdc45496737402524812f4189c6d13ce1539af741a6324b023e4309b,H4,2,100,116,2899,3286,2998,3422
edit_write,cd2ecbd46a4c8e03eddcd41e89e404ce533b664282b0fcedd9d6d9cda89de2c6,H1,0,45,56,30637,36669,30684,36714
edit_write,cd2ecbd46a4c8e03eddcd41e89e404ce533b664282b0fcedd9d6d9cda89de2c6,H1,1,72,79,30744,32593,30823,32656
edit_write,cd2ecbd46a4c8e03eddcd41e89e404ce533b664282b0fcedd9d6d9cda89de2c6,H1,2,35,42,31193,32977,31233,33027
edit_write,cd2ecbd46a4c8e03eddcd41e89e404ce533b664282b0fcedd9d6d9cda89de2c6,H2,0,60,98,37828,49346,37887,49406
edit_write,cd2ecbd46a4c8e03eddcd41e89e404ce533b664282b0fcedd9d6d9cda89de2c6,H2,1,94,117,38735,53303,38845,53404
edit_write,cd2ecbd46a4c8e03eddcd41e89e404ce533b664282b0fcedd9d6d9cda89de2c6,H2,2,82,121,37167,38443,37261,38546
edit_write,cd2ecbd46a4c8e03eddcd41e89e404ce533b664282b0fcedd9d6d9cda89de2c6,H0,0,45,55,25099,31601,25149,31649
edit_write,cd2ecbd46a4c8e03eddcd41e89e404ce533b664282b0fcedd9d6d9cda89de2c6,H0,1,55,78,24915,26916,24972,26951
edit_write,cd2ecbd46a4c8e03eddcd41e89e404ce533b664282b0fcedd9d6d9cda89de2c6,H0,2,32,43,24908,25671,24940,25702
edit_write,cd2ecbd46a4c8e03eddcd41e89e404ce533b664282b0fcedd9d6d9cda89de2c6,H3,0,2409,2584,36776,39075,39170,41673
edit_write,cd2ecbd46a4c8e03eddcd41e89e404ce533b664282b0fcedd9d6d9cda89de2c6,H3,1,2616,2872,39065,40616,41724,43481
edit_write,cd2ecbd46a4c8e03eddcd41e89e404ce533b664282b0fcedd9d6d9cda89de2c6,H3,2,2359,2511,36283,37178,38654,43944
edit_write,cd2ecbd46a4c8e03eddcd41e89e404ce533b664282b0fcedd9d6d9cda89de2c6,H4,0,397,511,33356,36566,33726,37020
edit_write,cd2ecbd46a4c8e03eddcd41e89e404ce533b664282b0fcedd9d6d9cda89de2c6,H4,1,470,519,34134,58214,34597,58691
edit_write,cd2ecbd46a4c8e03eddcd41e89e404ce533b664282b0fcedd9d6d9cda89de2c6,H4,2,407,519,33771,39995,34194,40485
edit_write,ce515e1f1c8d2ca39a03fb5b61d497fa2289a528941eb209b240f1391b0a2a79,H1,0,44,48,15323,16191,15366,16235
edit_write,ce515e1f1c8d2ca39a03fb5b61d497fa2289a528941eb209b240f1391b0a2a79,H1,1,42,65,15507,27372,15546,27417
edit_write,ce515e1f1c8d2ca39a03fb5b61d497fa2289a528941eb209b240f1391b0a2a79,H1,2,30,36,15139,15747,15167,15770
edit_write,ce515e1f1c8d2ca39a03fb5b61d497fa2289a528941eb209b240f1391b0a2a79,H2,0,46,66,4734,5153,4777,5199
edit_write,ce515e1f1c8d2ca39a03fb5b61d497fa2289a528941eb209b240f1391b0a2a79,H2,1,52,104,5221,5691,5311,6096
edit_write,ce515e1f1c8d2ca39a03fb5b61d497fa2289a528941eb209b240f1391b0a2a79,H2,2,36,58,4901,5909,4959,5942
edit_write,ce515e1f1c8d2ca39a03fb5b61d497fa2289a528941eb209b240f1391b0a2a79,H0,0,43,48,11419,12226,11462,12273
edit_write,ce515e1f1c8d2ca39a03fb5b61d497fa2289a528941eb209b240f1391b0a2a79,H0,1,34,57,11396,12184,11445,12231
edit_write,ce515e1f1c8d2ca39a03fb5b61d497fa2289a528941eb209b240f1391b0a2a79,H0,2,27,54,11303,11558,11331,11594
edit_write,ce515e1f1c8d2ca39a03fb5b61d497fa2289a528941eb209b240f1391b0a2a79,H3,0,720,833,3962,4416,4689,5210
edit_write,ce515e1f1c8d2ca39a03fb5b61d497fa2289a528941eb209b240f1391b0a2a79,H3,1,706,803,4094,4488,4824,5291
edit_write,ce515e1f1c8d2ca39a03fb5b61d497fa2289a528941eb209b240f1391b0a2a79,H3,2,670,808,3979,4401,4639,5209
edit_write,ce515e1f1c8d2ca39a03fb5b61d497fa2289a528941eb209b240f1391b0a2a79,H4,0,108,157,2518,2793,2608,2945
edit_write,ce515e1f1c8d2ca39a03fb5b61d497fa2289a528941eb209b240f1391b0a2a79,H4,1,134,205,2682,3027,2819,3209
edit_write,ce515e1f1c8d2ca39a03fb5b61d497fa2289a528941eb209b240f1391b0a2a79,H4,2,93,160,2326,2659,2419,2781
edit_write,d0a2203aa2451c26f9c1f910511bd35f908ddec5cd61bcfd575d67400cfec5f5,H1,0,44,64,10248,15922,10297,15964
edit_write,d0a2203aa2451c26f9c1f910511bd35f908ddec5cd61bcfd575d67400cfec5f5,H1,1,43,75,9617,10223,9683,10294
edit_write,d0a2203aa2451c26f9c1f910511bd35f908ddec5cd61bcfd575d67400cfec5f5,H1,2,32,37,9658,10247,9685,10282
edit_write,d0a2203aa2451c26f9c1f910511bd35f908ddec5cd61bcfd575d67400cfec5f5,H2,0,60,87,13410,14673,13484,14758
edit_write,d0a2203aa2451c26f9c1f910511bd35f908ddec5cd61bcfd575d67400cfec5f5,H2,1,63,85,13850,15021,13912,15109
edit_write,d0a2203aa2451c26f9c1f910511bd35f908ddec5cd61bcfd575d67400cfec5f5,H2,2,66,82,13616,14863,13662,14945
edit_write,d0a2203aa2451c26f9c1f910511bd35f908ddec5cd61bcfd575d67400cfec5f5,H0,0,44,59,9004,9741,9052,9800
edit_write,d0a2203aa2451c26f9c1f910511bd35f908ddec5cd61bcfd575d67400cfec5f5,H0,1,26,38,9257,9722,9292,9746
edit_write,d0a2203aa2451c26f9c1f910511bd35f908ddec5cd61bcfd575d67400cfec5f5,H0,2,28,44,9076,9606,9102,9640
edit_write,d0a2203aa2451c26f9c1f910511bd35f908ddec5cd61bcfd575d67400cfec5f5,H3,0,1574,1788,12418,13446,14105,15247
edit_write,d0a2203aa2451c26f9c1f910511bd35f908ddec5cd61bcfd575d67400cfec5f5,H3,1,1595,1846,12910,14263,14469,20242
edit_write,d0a2203aa2451c26f9c1f910511bd35f908ddec5cd61bcfd575d67400cfec5f5,H3,2,1554,1663,12880,14061,14454,15671
edit_write,d0a2203aa2451c26f9c1f910511bd35f908ddec5cd61bcfd575d67400cfec5f5,H4,0,236,312,10681,11487,10940,11795
edit_write,d0a2203aa2451c26f9c1f910511bd35f908ddec5cd61bcfd575d67400cfec5f5,H4,1,272,377,10710,11744,11099,12236
edit_write,d0a2203aa2451c26f9c1f910511bd35f908ddec5cd61bcfd575d67400cfec5f5,H4,2,280,321,10586,11500,10862,11821
edit_write,d28f2392b87fbb710c62448bd3a886c26915651135eb15cb5737995f62a30b64,H1,0,45,48,4860,5104,4905,5148
edit_write,d28f2392b87fbb710c62448bd3a886c26915651135eb15cb5737995f62a30b64,H1,1,32,62,4640,5058,4695,5097
edit_write,d28f2392b87fbb710c62448bd3a886c26915651135eb15cb5737995f62a30b64,H1,2,41,45,4615,4853,4657,4897
edit_write,d28f2392b87fbb710c62448bd3a886c26915651135eb15cb5737995f62a30b64,H2,0,58,116,15718,26635,15796,26690
edit_write,d28f2392b87fbb710c62448bd3a886c26915651135eb15cb5737995f62a30b64,H2,1,60,84,14613,15972,14665,16056
edit_write,d28f2392b87fbb710c62448bd3a886c26915651135eb15cb5737995f62a30b64,H2,2,55,80,14697,15311,14753,15391
edit_write,d28f2392b87fbb710c62448bd3a886c26915651135eb15cb5737995f62a30b64,H0,0,45,50,10173,10410,10215,10455
edit_write,d28f2392b87fbb710c62448bd3a886c26915651135eb15cb5737995f62a30b64,H0,1,30,49,9257,9876,9284,9910
edit_write,d28f2392b87fbb710c62448bd3a886c26915651135eb15cb5737995f62a30b64,H0,2,32,43,9251,9452,9282,9478
edit_write,d28f2392b87fbb710c62448bd3a886c26915651135eb15cb5737995f62a30b64,H3,0,765,852,15139,15915,15937,16680
edit_write,d28f2392b87fbb710c62448bd3a886c26915651135eb15cb5737995f62a30b64,H3,1,712,841,15035,16341,15781,17150
edit_write,d28f2392b87fbb710c62448bd3a886c26915651135eb15cb5737995f62a30b64,H3,2,688,764,14310,14891,15001,15616
edit_write,d28f2392b87fbb710c62448bd3a886c26915651135eb15cb5737995f62a30b64,H4,0,214,246,13139,13685,13356,13904
edit_write,d28f2392b87fbb710c62448bd3a886c26915651135eb15cb5737995f62a30b64,H4,1,198,273,12267,13282,12516,13549
edit_write,d28f2392b87fbb710c62448bd3a886c26915651135eb15cb5737995f62a30b64,H4,2,185,223,12243,12681,12431,12909
edit_write,d378f080a8c160379b01810e95ff44b867d292c405c44f7c16163c13668947a3,H1,0,44,50,70008,90081,70049,90122
edit_write,d378f080a8c160379b01810e95ff44b867d292c405c44f7c16163c13668947a3,H1,1,69,78,73374,93115,73444,93191
edit_write,d378f080a8c160379b01810e95ff44b867d292c405c44f7c16163c13668947a3,H1,2,47,57,69654,74746,69707,74782
edit_write,d378f080a8c160379b01810e95ff44b867d292c405c44f7c16163c13668947a3,H2,0,110,145,36935,51103,37045,51217
edit_write,d378f080a8c160379b01810e95ff44b867d292c405c44f7c16163c13668947a3,H2,1,118,156,37899,51308,38014,51469
edit_write,d378f080a8c160379b01810e95ff44b867d292c405c44f7c16163c13668947a3,H2,2,133,163,37043,37657,37154,37820
edit_write,d378f080a8c160379b01810e95ff44b867d292c405c44f7c16163c13668947a3,H0,0,43,51,48877,68756,48919,68797
edit_write,d378f080a8c160379b01810e95ff44b867d292c405c44f7c16163c13668947a3,H0,1,36,50,47873,58865,47909,58902
edit_write,d378f080a8c160379b01810e95ff44b867d292c405c44f7c16163c13668947a3,H0,2,32,38,47508,51265,47546,51297
edit_write,d378f080a8c160379b01810e95ff44b867d292c405c44f7c16163c13668947a3,H3,0,1673,1804,34942,54391,36646,56031
edit_write,d378f080a8c160379b01810e95ff44b867d292c405c44f7c16163c13668947a3,H3,1,1683,1824,35055,47326,36792,49038
edit_write,d378f080a8c160379b01810e95ff44b867d292c405c44f7c16163c13668947a3,H3,2,1646,1731,34403,35353,36044,36978
edit_write,d378f080a8c160379b01810e95ff44b867d292c405c44f7c16163c13668947a3,H4,0,306,359,70948,83737,71257,84050
edit_write,d378f080a8c160379b01810e95ff44b867d292c405c44f7c16163c13668947a3,H4,1,330,365,70691,86516,71037,86849
edit_write,d378f080a8c160379b01810e95ff44b867d292c405c44f7c16163c13668947a3,H4,2,324,402,71747,84590,72092,84933
edit_write,d3e571f6eb0d9d9818f5aabeafe211bad134f1447b7aac2c68389a3d5638e2b2,H1,0,43,51,30076,32109,30118,32154
edit_write,d3e571f6eb0d9d9818f5aabeafe211bad134f1447b7aac2c68389a3d5638e2b2,H1,1,73,90,29835,32347,29914,32421
edit_write,d3e571f6eb0d9d9818f5aabeafe211bad134f1447b7aac2c68389a3d5638e2b2,H1,2,44,52,30504,30948,30550,30992
edit_write,d3e571f6eb0d9d9818f5aabeafe211bad134f1447b7aac2c68389a3d5638e2b2,H2,0,59,103,38423,40774,38504,40863
edit_write,d3e571f6eb0d9d9818f5aabeafe211bad134f1447b7aac2c68389a3d5638e2b2,H2,1,96,129,38479,41216,38571,41327
edit_write,d3e571f6eb0d9d9818f5aabeafe211bad134f1447b7aac2c68389a3d5638e2b2,H2,2,105,146,38499,40417,38563,40558
edit_write,d3e571f6eb0d9d9818f5aabeafe211bad134f1447b7aac2c68389a3d5638e2b2,H0,0,43,54,24742,36692,24784,36737
edit_write,d3e571f6eb0d9d9818f5aabeafe211bad134f1447b7aac2c68389a3d5638e2b2,H0,1,55,73,25129,37441,25171,37494
edit_write,d3e571f6eb0d9d9818f5aabeafe211bad134f1447b7aac2c68389a3d5638e2b2,H0,2,31,36,24359,24801,24392,24827
edit_write,d3e571f6eb0d9d9818f5aabeafe211bad134f1447b7aac2c68389a3d5638e2b2,H3,0,3326,3602,37134,48380,40500,52026
edit_write,d3e571f6eb0d9d9818f5aabeafe211bad134f1447b7aac2c68389a3d5638e2b2,H3,1,3345,3538,36840,39532,40108,43041
edit_write,d3e571f6eb0d9d9818f5aabeafe211bad134f1447b7aac2c68389a3d5638e2b2,H3,2,3250,3393,37568,38292,40852,41614
edit_write,d3e571f6eb0d9d9818f5aabeafe211bad134f1447b7aac2c68389a3d5638e2b2,H4,0,434,533,32753,35254,33205,35793
edit_write,d3e571f6eb0d9d9818f5aabeafe211bad134f1447b7aac2c68389a3d5638e2b2,H4,1,463,521,34374,51554,34827,51989
edit_write,d3e571f6eb0d9d9818f5aabeafe211bad134f1447b7aac2c68389a3d5638e2b2,H4,2,413,495,32402,35558,32865,36110
edit_write,d446060d3a406aa10a6fe347c6f905902cc7baef74ff8cfac2eec8ace1284a54,H1,0,45,58,61199,66735,61245,66779
edit_write,d446060d3a406aa10a6fe347c6f905902cc7baef74ff8cfac2eec8ace1284a54,H1,1,37,46,61427,75157,61464,75200
edit_write,d446060d3a406aa10a6fe347c6f905902cc7baef74ff8cfac2eec8ace1284a54,H1,2,38,49,61619,76567,61655,76609
edit_write,d446060d3a406aa10a6fe347c6f905902cc7baef74ff8cfac2eec8ace1284a54,H2,0,59,92,9214,9811,9282,9867
edit_write,d446060d3a406aa10a6fe347c6f905902cc7baef74ff8cfac2eec8ace1284a54,H2,1,69,78,8932,9585,9001,9657
edit_write,d446060d3a406aa10a6fe347c6f905902cc7baef74ff8cfac2eec8ace1284a54,H2,2,58,69,8856,9419,8917,9484
edit_write,d446060d3a406aa10a6fe347c6f905902cc7baef74ff8cfac2eec8ace1284a54,H0,0,46,60,52927,56319,52970,56364
edit_write,d446060d3a406aa10a6fe347c6f905902cc7baef74ff8cfac2eec8ace1284a54,H0,1,31,43,52480,64046,52511,64070
edit_write,d446060d3a406aa10a6fe347c6f905902cc7baef74ff8cfac2eec8ace1284a54,H0,2,32,63,52601,72107,52633,72138
edit_write,d446060d3a406aa10a6fe347c6f905902cc7baef74ff8cfac2eec8ace1284a54,H3,0,1247,1497,7688,8393,8951,9862
edit_write,d446060d3a406aa10a6fe347c6f905902cc7baef74ff8cfac2eec8ace1284a54,H3,1,1199,1303,7054,7439,8265,8638
edit_write,d446060d3a406aa10a6fe347c6f905902cc7baef74ff8cfac2eec8ace1284a54,H3,2,1270,1440,7336,7870,8638,9251
edit_write,d446060d3a406aa10a6fe347c6f905902cc7baef74ff8cfac2eec8ace1284a54,H4,0,213,258,4006,4327,4191,4567
edit_write,d446060d3a406aa10a6fe347c6f905902cc7baef74ff8cfac2eec8ace1284a54,H4,1,213,244,4101,4577,4311,4821
edit_write,d446060d3a406aa10a6fe347c6f905902cc7baef74ff8cfac2eec8ace1284a54,H4,2,216,259,4021,4549,4213,4789
edit_write,d4646d4d64ea92bfb6bec92906b20e45b5a13678ed10b71d20339db109189017,H1,0,50,69,26110,27689,26157,27743
edit_write,d4646d4d64ea92bfb6bec92906b20e45b5a13678ed10b71d20339db109189017,H1,1,45,75,26669,38544,26711,38609
edit_write,d4646d4d64ea92bfb6bec92906b20e45b5a13678ed10b71d20339db109189017,H1,2,41,45,29918,30352,29963,30391
edit_write,d4646d4d64ea92bfb6bec92906b20e45b5a13678ed10b71d20339db109189017,H2,0,74,115,11176,11873,11283,11973
edit_write,d4646d4d64ea92bfb6bec92906b20e45b5a13678ed10b71d20339db109189017,H2,1,79,132,11579,18144,11643,18231
edit_write,d4646d4d64ea92bfb6bec92906b20e45b5a13678ed10b71d20339db109189017,H2,2,95,145,11713,12126,11793,12230
edit_write,d4646d4d64ea92bfb6bec92906b20e45b5a13678ed10b71d20339db109189017,H0,0,44,65,16324,27656,16371,27701
edit_write,d4646d4d64ea92bfb6bec92906b20e45b5a13678ed10b71d20339db109189017,H0,1,36,52,15709,16672,15738,16718
edit_write,d4646d4d64ea92bfb6bec92906b20e45b5a13678ed10b71d20339db109189017,H0,2,33,46,18854,19238,18891,19271
edit_write,d4646d4d64ea92bfb6bec92906b20e45b5a13678ed10b71d20339db109189017,H3,0,1568,1748,8691,13763,10320,15263
edit_write,d4646d4d64ea92bfb6bec92906b20e45b5a13678ed10b71d20339db109189017,H3,1,1554,1723,8619,9322,10168,11001
edit_write,d4646d4d64ea92bfb6bec92906b20e45b5a13678ed10b71d20339db109189017,H3,2,1741,1864,9652,10021,11384,11909
edit_write,d4646d4d64ea92bfb6bec92906b20e45b5a13678ed10b71d20339db109189017,H4,0,164,211,5813,6321,5989,6522
edit_write,d4646d4d64ea92bfb6bec92906b20e45b5a13678ed10b71d20339db109189017,H4,1,225,281,6214,17080,6430,17283
edit_write,d4646d4d64ea92bfb6bec92906b20e45b5a13678ed10b71d20339db109189017,H4,2,253,294,6391,6987,6650,7264
edit_write,d4c505eff55e5d69bc44a9b3d186bd7e816e1a2f38b14551a5ef64ec24ea3d47,H1,0,45,69,30629,46062,30682,46119
edit_write,d4c505eff55e5d69bc44a9b3d186bd7e816e1a2f38b14551a5ef64ec24ea3d47,H1,1,53,77,30502,33029,30554,33101
edit_write,d4c505eff55e5d69bc44a9b3d186bd7e816e1a2f38b14551a5ef64ec24ea3d47,H1,2,34,48,30498,49494,30530,49523
edit_write,d4c505eff55e5d69bc44a9b3d186bd7e816e1a2f38b14551a5ef64ec24ea3d47,H2,0,68,91,12414,23725,12482,23794
edit_write,d4c505eff55e5d69bc44a9b3d186bd7e816e1a2f38b14551a5ef64ec24ea3d47,H2,1,83,117,12815,13675,12903,13804
edit_write,d4c505eff55e5d69bc44a9b3d186bd7e816e1a2f38b14551a5ef64ec24ea3d47,H2,2,96,121,12352,29718,12451,29805
edit_write,d4c505eff55e5d69bc44a9b3d186bd7e816e1a2f38b14551a5ef64ec24ea3d47,H0,0,43,51,17752,19297,17796,19343
edit_write,d4c505eff55e5d69bc44a9b3d186bd7e816e1a2f38b14551a5ef64ec24ea3d47,H0,1,36,45,17249,18459,17287,18496
edit_write,d4c505eff55e5d69bc44a9b3d186bd7e816e1a2f38b14551a5ef64ec24ea3d47,H0,2,36,47,17004,18737,17047,18774
edit_write,d4c505eff55e5d69bc44a9b3d186bd7e816e1a2f38b14551a5ef64ec24ea3d47,H3,0,1664,1872,9258,10153,10923,12025
edit_write,d4c505eff55e5d69bc44a9b3d186bd7e816e1a2f38b14551a5ef64ec24ea3d47,H3,1,1735,1875,9371,27399,11096,29099
edit_write,d4c505eff55e5d69bc44a9b3d186bd7e816e1a2f38b14551a5ef64ec24ea3d47,H3,2,1646,1855,9366,10277,10979,12167
edit_write,d4c505eff55e5d69bc44a9b3d186bd7e816e1a2f38b14551a5ef64ec24ea3d47,H4,0,265,302,5315,5826,5592,6129
edit_write,d4c505eff55e5d69bc44a9b3d186bd7e816e1a2f38b14551a5ef64ec24ea3d47,H4,1,278,352,5375,16876,5658,17153
edit_write,d4c505eff55e5d69bc44a9b3d186bd7e816e1a2f38b14551a5ef64ec24ea3d47,H4,2,261,307,5294,5862,5547,6114
edit_write,d50a9b74fb38f6574eaf08014abc23d3371c1df61f9be2e68c776b3c1d35d83d,H1,0,45,57,39851,57376,39901,57423
edit_write,d50a9b74fb38f6574eaf08014abc23d3371c1df61f9be2e68c776b3c1d35d83d,H1,1,50,64,40331,52804,40379,52858
edit_write,d50a9b74fb38f6574eaf08014abc23d3371c1df61f9be2e68c776b3c1d35d83d,H1,2,35,38,38814,46528,38849,46563
edit_write,d50a9b74fb38f6574eaf08014abc23d3371c1df61f9be2e68c776b3c1d35d83d,H2,0,60,116,12680,13511,12764,13591
edit_write,d50a9b74fb38f6574eaf08014abc23d3371c1df61f9be2e68c776b3c1d35d83d,H2,1,87,109,13545,24666,13634,24761
edit_write,d50a9b74fb38f6574eaf08014abc23d3371c1df61f9be2e68c776b3c1d35d83d,H2,2,94,132,12645,13068,12744,13185
edit_write,d50a9b74fb38f6574eaf08014abc23d3371c1df61f9be2e68c776b3c1d35d83d,H0,0,45,52,27200,39140,27245,39187
edit_write,d50a9b74fb38f6574eaf08014abc23d3371c1df61f9be2e68c776b3c1d35d83d,H0,1,35,39,26472,46421,26508,46451
edit_write,d50a9b74fb38f6574eaf08014abc23d3371c1df61f9be2e68c776b3c1d35d83d,H0,2,28,44,26256,26849,26289,26893
edit_write,d50a9b74fb38f6574eaf08014abc23d3371c1df61f9be2e68c776b3c1d35d83d,H3,0,1633,1757,8752,9577,10364,11297
edit_write,d50a9b74fb38f6574eaf08014abc23d3371c1df61f9be2e68c776b3c1d35d83d,H3,1,1580,1760,8894,13835,10455,15362
edit_write,d50a9b74fb38f6574eaf08014abc23d3371c1df61f9be2e68c776b3c1d35d83d,H3,2,1584,1678,8827,9304,10429,11019
edit_write,d50a9b74fb38f6574eaf08014abc23d3371c1df61f9be2e68c776b3c1d35d83d,H4,0,270,318,6213,6619,6498,6937
edit_write,d50a9b74fb38f6574eaf08014abc23d3371c1df61f9be2e68c776b3c1d35d83d,H4,1,318,376,6133,6809,6462,7232
edit_write,d50a9b74fb38f6574eaf08014abc23d3371c1df61f9be2e68c776b3c1d35d83d,H4,2,284,318,5910,6178,6193,6493
edit_write,d5502cc52c2173802f4aa342217f7333ea54ca238086c96a253ff4568a0a2828,H1,0,44,48,33749,36133,33792,36176
edit_write,d5502cc52c2173802f4aa342217f7333ea54ca238086c96a253ff4568a0a2828,H1,1,46,65,33579,33999,33626,34045
edit_write,d5502cc52c2173802f4aa342217f7333ea54ca238086c96a253ff4568a0a2828,H1,2,35,39,33737,45080,33771,45119
edit_write,d5502cc52c2173802f4aa342217f7333ea54ca238086c96a253ff4568a0a2828,H2,0,80,107,8630,13839,8720,13911
edit_write,d5502cc52c2173802f4aa342217f7333ea54ca238086c96a253ff4568a0a2828,H2,1,77,118,9149,9764,9234,9882
edit_write,d5502cc52c2173802f4aa342217f7333ea54ca238086c96a253ff4568a0a2828,H2,2,100,142,8847,9766,8973,9866
edit_write,d5502cc52c2173802f4aa342217f7333ea54ca238086c96a253ff4568a0a2828,H0,0,43,53,19779,21158,19822,21200
edit_write,d5502cc52c2173802f4aa342217f7333ea54ca238086c96a253ff4568a0a2828,H0,1,30,37,21771,27003,21806,27033
edit_write,d5502cc52c2173802f4aa342217f7333ea54ca238086c96a253ff4568a0a2828,H0,2,32,50,19765,21110,19796,21160
edit_write,d5502cc52c2173802f4aa342217f7333ea54ca238086c96a253ff4568a0a2828,H3,0,1479,1628,6736,7354,8227,8982
edit_write,d5502cc52c2173802f4aa342217f7333ea54ca238086c96a253ff4568a0a2828,H3,1,1480,1670,7027,8009,8477,9661
edit_write,d5502cc52c2173802f4aa342217f7333ea54ca238086c96a253ff4568a0a2828,H3,2,1437,1639,7149,8181,8584,9761
edit_write,d5502cc52c2173802f4aa342217f7333ea54ca238086c96a253ff4568a0a2828,H4,0,180,200,4515,4927,4702,5119
edit_write,d5502cc52c2173802f4aa342217f7333ea54ca238086c96a253ff4568a0a2828,H4,1,188,236,4701,5088,4886,5296
edit_write,d5502cc52c2173802f4aa342217f7333ea54ca238086c96a253ff4568a0a2828,H4,2,168,207,4692,5086,4865,5271
edit_write,d57572272c305031dc25d72be17c7082fae40f2091bd40fcbd8e2f5022231818,H1,0,45,57,28561,29512,28605,29563
edit_write,d57572272c305031dc25d72be17c7082fae40f2091bd40fcbd8e2f5022231818,H1,1,42,58,29335,41661,29373,41719
edit_write,d57572272c305031dc25d72be17c7082fae40f2091bd40fcbd8e2f5022231818,H1,2,37,57,29676,31413,29733,31472
edit_write,d57572272c305031dc25d72be17c7082fae40f2091bd40fcbd8e2f5022231818,H2,0,66,88,24501,26928,24568,26999
edit_write,d57572272c305031dc25d72be17c7082fae40f2091bd40fcbd8e2f5022231818,H2,1,73,114,25253,37044,25372,37125
edit_write,d57572272c305031dc25d72be17c7082fae40f2091bd40fcbd8e2f5022231818,H2,2,114,150,24534,42486,24648,42595
edit_write,d57572272c305031dc25d72be17c7082fae40f2091bd40fcbd8e2f5022231818,H0,0,42,46,16261,17438,16303,17481
edit_write,d57572272c305031dc25d72be17c7082fae40f2091bd40fcbd8e2f5022231818,H0,1,33,38,16070,17480,16108,17516
edit_write,d57572272c305031dc25d72be17c7082fae40f2091bd40fcbd8e2f5022231818,H0,2,32,49,15725,16629,15755,16673
edit_write,d57572272c305031dc25d72be17c7082fae40f2091bd40fcbd8e2f5022231818,H3,0,770,871,22978,29455,23719,30232
edit_write,d57572272c305031dc25d72be17c7082fae40f2091bd40fcbd8e2f5022231818,H3,1,761,846,22540,41114,23346,41843
edit_write,d57572272c305031dc25d72be17c7082fae40f2091bd40fcbd8e2f5022231818,H3,2,707,886,22920,25102,23671,25993
edit_write,d57572272c305031dc25d72be17c7082fae40f2091bd40fcbd8e2f5022231818,H4,0,178,223,33325,36519,33507,36742
edit_write,d57572272c305031dc25d72be17c7082fae40f2091bd40fcbd8e2f5022231818,H4,1,169,226,33242,45513,33408,45675
edit_write,d57572272c305031dc25d72be17c7082fae40f2091bd40fcbd8e2f5022231818,H4,2,153,186,33388,38069,33540,38222
edit_write,d6077ad362388f522da55189dd08271cc7e14ce18ec3454f5d3a2ac6f173eba0,H1,0,43,47,68617,86807,68660,86851
edit_write,d6077ad362388f522da55189dd08271cc7e14ce18ec3454f5d3a2ac6f173eba0,H1,1,50,75,70836,93700,70910,93749
edit_write,d6077ad362388f522da55189dd08271cc7e14ce18ec3454f5d3a2ac6f173eba0,H1,2,34,55,71556,77408,71590,77457
edit_write,d6077ad362388f522da55189dd08271cc7e14ce18ec3454f5d3a2ac6f173eba0,H2,0,118,145,25176,38068,25307,38212
edit_write,d6077ad362388f522da55189dd08271cc7e14ce18ec3454f5d3a2ac6f173eba0,H2,1,98,145,25584,31008,25656,31070
edit_write,d6077ad362388f522da55189dd08271cc7e14ce18ec3454f5d3a2ac6f173eba0,H2,2,132,170,25000,26085,25129,26245
edit_write,d6077ad362388f522da55189dd08271cc7e14ce18ec3454f5d3a2ac6f173eba0,H0,0,43,53,48955,60943,49000,60986
edit_write,d6077ad362388f522da55189dd08271cc7e14ce18ec3454f5d3a2ac6f173eba0,H0,1,36,58,48700,53182,48729,53218
edit_write,d6077ad362388f522da55189dd08271cc7e14ce18ec3454f5d3a2ac6f173eba0,H0,2,44,56,47321,49798,47351,49853
edit_write,d6077ad362388f522da55189dd08271cc7e14ce18ec3454f5d3a2ac6f173eba0,H3,0,2071,2177,21258,39691,23381,41762
edit_write,d6077ad362388f522da55189dd08271cc7e14ce18ec3454f5d3a2ac6f173eba0,H3,1,2216,2514,21570,33398,23792,36438
edit_write,d6077ad362388f522da55189dd08271cc7e14ce18ec3454f5d3a2ac6f173eba0,H3,2,2065,2158,21697,22316,23765,24399
edit_write,d6077ad362388f522da55189dd08271cc7e14ce18ec3454f5d3a2ac6f173eba0,H4,0,422,457,14367,15557,14804,16014
edit_write,d6077ad362388f522da55189dd08271cc7e14ce18ec3454f5d3a2ac6f173eba0,H4,1,410,463,15055,32561,15497,32969
edit_write,d6077ad362388f522da55189dd08271cc7e14ce18ec3454f5d3a2ac6f173eba0,H4,2,409,453,14582,15676,14992,16109
edit_write,d6ae01bb10be9373be3537aa84e19572059730a328de85cb276a1a4fbea772a1,H1,0,45,62,5153,5443,5215,5490
edit_write,d6ae01bb10be9373be3537aa84e19572059730a328de85cb276a1a4fbea772a1,H1,1,68,78,5173,5931,5242,6009
edit_write,d6ae01bb10be9373be3537aa84e19572059730a328de85cb276a1a4fbea772a1,H1,2,41,45,5022,5435,5066,5477
edit_write,d6ae01bb10be9373be3537aa84e19572059730a328de85cb276a1a4fbea772a1,H2,0,59,108,7669,18759,7764,18811
edit_write,d6ae01bb10be9373be3537aa84e19572059730a328de85cb276a1a4fbea772a1,H2,1,87,109,7976,8654,8057,8763
edit_write,d6ae01bb10be9373be3537aa84e19572059730a328de85cb276a1a4fbea772a1,H2,2,102,153,8143,18849,8274,18946
edit_write,d6ae01bb10be9373be3537aa84e19572059730a328de85cb276a1a4fbea772a1,H0,0,46,60,24875,26336,24926,26389
edit_write,d6ae01bb10be9373be3537aa84e19572059730a328de85cb276a1a4fbea772a1,H0,1,53,66,24735,36519,24785,36570
edit_write,d6ae01bb10be9373be3537aa84e19572059730a328de85cb276a1a4fbea772a1,H0,2,27,50,24968,27422,24999,27478
edit_write,d6ae01bb10be9373be3537aa84e19572059730a328de85cb276a1a4fbea772a1,H3,0,1136,1271,6480,17969,7631,19252
edit_write,d6ae01bb10be9373be3537aa84e19572059730a328de85cb276a1a4fbea772a1,H3,1,1056,1155,6545,6933,7601,8030
edit_write,d6ae01bb10be9373be3537aa84e19572059730a328de85cb276a1a4fbea772a1,H3,2,1055,1161,6626,6938,7622,8027
edit_write,d6ae01bb10be9373be3537aa84e19572059730a328de85cb276a1a4fbea772a1,H4,0,188,222,5169,5654,5347,5863
edit_write,d6ae01bb10be9373be3537aa84e19572059730a328de85cb276a1a4fbea772a1,H4,1,260,318,5266,5871,5524,6182
edit_write,d6ae01bb10be9373be3537aa84e19572059730a328de85cb276a1a4fbea772a1,H4,2,145,258,5396,6073,5547,6331
edit_write,d7fa8a9d0620b241515ceeebf6c2d2190acdb0da0db529665cbc27d44f676ef5,H1,0,43,52,69105,91527,69152,91568
edit_write,d7fa8a9d0620b241515ceeebf6c2d2190acdb0da0db529665cbc27d44f676ef5,H1,1,46,70,69924,87625,69979,87721
edit_write,d7fa8a9d0620b241515ceeebf6c2d2190acdb0da0db529665cbc27d44f676ef5,H1,2,35,37,70029,77627,70066,77664
edit_write,d7fa8a9d0620b241515ceeebf6c2d2190acdb0da0db529665cbc27d44f676ef5,H2,0,102,132,18852,30090,18938,30187
edit_write,d7fa8a9d0620b241515ceeebf6c2d2190acdb0da0db529665cbc27d44f676ef5,H2,1,100,142,19102,31138,19204,31201
edit_write,d7fa8a9d0620b241515ceeebf6c2d2190acdb0da0db529665cbc27d44f676ef5,H2,2,117,138,18543,18944,18667,19067
edit_write,d7fa8a9d0620b241515ceeebf6c2d2190acdb0da0db529665cbc27d44f676ef5,H0,0,44,55,42282,44883,42345,44928
edit_write,d7fa8a9d0620b241515ceeebf6c2d2190acdb0da0db529665cbc27d44f676ef5,H0,1,35,42,41911,62175,41945,62216
edit_write,d7fa8a9d0620b241515ceeebf6c2d2190acdb0da0db529665cbc27d44f676ef5,H0,2,31,52,47377,47964,47408,48014
edit_write,d7fa8a9d0620b241515ceeebf6c2d2190acdb0da0db529665cbc27d44f676ef5,H3,0,2524,2747,15268,16933,17754,19557
edit_write,d7fa8a9d0620b241515ceeebf6c2d2190acdb0da0db529665cbc27d44f676ef5,H3,1,2541,2786,15351,17101,17870,19848
edit_write,d7fa8a9d0620b241515ceeebf6c2d2190acdb0da0db529665cbc27d44f676ef5,H3,2,2433,2530,15294,15780,17773,18238
edit_write,d7fa8a9d0620b241515ceeebf6c2d2190acdb0da0db529665cbc27d44f676ef5,H4,0,502,602,10372,10909,10930,11441
edit_write,d7fa8a9d0620b241515ceeebf6c2d2190acdb0da0db529665cbc27d44f676ef5,H4,1,540,618,10588,16738,11116,17319
edit_write,d7fa8a9d0620b241515ceeebf6c2d2190acdb0da0db529665cbc27d44f676ef5,H4,2,501,559,10429,10848,10933,11383
edit_write,d928d2fc2c8c027c3fc004d772f51aa2d56698ac0b338c1c090ca87f7eaa2b4c,H1,0,43,47,71727,75613,71775,75657
edit_write,d928d2fc2c8c027c3fc004d772f51aa2d56698ac0b338c1c090ca87f7eaa2b4c,H1,1,69,79,76003,96548,76079,96600
edit_write,d928d2fc2c8c027c3fc004d772f51aa2d56698ac0b338c1c090ca87f7eaa2b4c,H1,2,34,36,73098,95386,73134,95420
edit_write,d928d2fc2c8c027c3fc004d772f51aa2d56698ac0b338c1c090ca87f7eaa2b4c,H2,0,105,162,25848,27541,25952,27668
edit_write,d928d2fc2c8c027c3fc004d772f51aa2d56698ac0b338c1c090ca87f7eaa2b4c,H2,1,99,181,26646,38508,26759,38576
edit_write,d928d2fc2c8c027c3fc004d772f51aa2d56698ac0b338c1c090ca87f7eaa2b4c,H2,2,133,156,26211,27724,26336,27854
edit_write,d928d2fc2c8c027c3fc004d772f51aa2d56698ac0b338c1c090ca87f7eaa2b4c,H0,0,44,53,48140,53841,48184,53883
edit_write,d928d2fc2c8c027c3fc004d772f51aa2d56698ac0b338c1c090ca87f7eaa2b4c,H0,1,37,45,51050,62129,51088,62162
edit_write,d928d2fc2c8c027c3fc004d772f51aa2d56698ac0b338c1c090ca87f7eaa2b4c,H0,2,33,43,47733,60458,47764,60495
edit_write,d928d2fc2c8c027c3fc004d772f51aa2d56698ac0b338c1c090ca87f7eaa2b4c,H3,0,3460,3803,22701,24317,26138,28012
edit_write,d928d2fc2c8c027c3fc004d772f51aa2d56698ac0b338c1c090ca87f7eaa2b4c,H3,1,3819,3922,24714,36207,28490,40175
edit_write,d928d2fc2c8c027c3fc004d772f51aa2d56698ac0b338c1c090ca87f7eaa2b4c,H3,2,3468,3761,22968,29362,26405,32788
edit_write,d928d2fc2c8c027c3fc004d772f51aa2d56698ac0b338c1c090ca87f7eaa2b4c,H4,0,544,612,15249,21144,15819,21655
edit_write,d928d2fc2c8c027c3fc004d772f51aa2d56698ac0b338c1c090ca87f7eaa2b4c,H4,1,585,647,16268,16966,16863,17606
edit_write,d928d2fc2c8c027c3fc004d772f51aa2d56698ac0b338c1c090ca87f7eaa2b4c,H4,2,524,599,15415,17055,15952,17619
edit_write,da0f382d9ae2d1c638afc64fbf55ff9bf1f2d45e99a0838bb4ea2508e901f095,H1,0,43,49,5016,5342,5059,5384
edit_write,da0f382d9ae2d1c638afc64fbf55ff9bf1f2d45e99a0838bb4ea2508e901f095,H1,1,44,71,4076,4585,4117,4648
edit_write,da0f382d9ae2d1c638afc64fbf55ff9bf1f2d45e99a0838bb4ea2508e901f095,H1,2,37,39,4792,16391,4827,16430
edit_write,da0f382d9ae2d1c638afc64fbf55ff9bf1f2d45e99a0838bb4ea2508e901f095,H2,0,77,124,9362,10239,9477,10361
edit_write,da0f382d9ae2d1c638afc64fbf55ff9bf1f2d45e99a0838bb4ea2508e901f095,H2,1,88,104,9326,9910,9415,10009
edit_write,da0f382d9ae2d1c638afc64fbf55ff9bf1f2d45e99a0838bb4ea2508e901f095,H2,2,78,115,9607,20416,9682,20489
edit_write,da0f382d9ae2d1c638afc64fbf55ff9bf1f2d45e99a0838bb4ea2508e901f095,H0,0,44,52,53004,58180,53047,58227
edit_write,da0f382d9ae2d1c638afc64fbf55ff9bf1f2d45e99a0838bb4ea2508e901f095,H0,1,31,35,52740,56164,52767,56188
edit_write,da0f382d9ae2d1c638afc64fbf55ff9bf1f2d45e99a0838bb4ea2508e901f095,H0,2,28,66,52682,55815,52709,55881
edit_write,da0f382d9ae2d1c638afc64fbf55ff9bf1f2d45e99a0838bb4ea2508e901f095,H3,0,1194,1307,6543,6858,7737,8143
edit_write,da0f382d9ae2d1c638afc64fbf55ff9bf1f2d45e99a0838bb4ea2508e901f095,H3,1,1205,1333,6355,7001,7584,8277
edit_write,da0f382d9ae2d1c638afc64fbf55ff9bf1f2d45e99a0838bb4ea2508e901f095,H3,2,1136,1340,6483,7593,7649,8992
edit_write,da0f382d9ae2d1c638afc64fbf55ff9bf1f2d45e99a0838bb4ea2508e901f095,H4,0,196,229,3984,4376,4180,4601
edit_write,da0f382d9ae2d1c638afc64fbf55ff9bf1f2d45e99a0838bb4ea2508e901f095,H4,1,225,274,3926,4369,4167,4643
edit_write,da0f382d9ae2d1c638afc64fbf55ff9bf1f2d45e99a0838bb4ea2508e901f095,H4,2,212,224,3765,4170,3968,4389
edit_write,db98a6ab43bc30f1129ee2d1455564e6fe33274fd8248d8363c4f828f81f6ddb,H1,0,42,48,1765,1857,1806,1901
edit_write,db98a6ab43bc30f1129ee2d1455564e6fe33274fd8248d8363c4f828f81f6ddb,H1,1,27,33,1789,1858,1817,1884
edit_write,db98a6ab43bc30f1129ee2d1455564e6fe33274fd8248d8363c4f828f81f6ddb,H1,2,26,29,1733,1850,1760,1880
edit_write,db98a6ab43bc30f1129ee2d1455564e6fe33274fd8248d8363c4f828f81f6ddb,H2,0,52,76,2158,2242,2210,2322
edit_write,db98a6ab43bc30f1129ee2d1455564e6fe33274fd8248d8363c4f828f81f6ddb,H2,1,52,71,2230,2379,2278,2428
edit_write,db98a6ab43bc30f1129ee2d1455564e6fe33274fd8248d8363c4f828f81f6ddb,H2,2,47,83,2145,2323,2184,2370
edit_write,db98a6ab43bc30f1129ee2d1455564e6fe33274fd8248d8363c4f828f81f6ddb,H0,0,41,46,1357,1436,1399,1481
edit_write,db98a6ab43bc30f1129ee2d1455564e6fe33274fd8248d8363c4f828f81f6ddb,H0,1,25,34,1365,1412,1390,1452
edit_write,db98a6ab43bc30f1129ee2d1455564e6fe33274fd8248d8363c4f828f81f6ddb,H0,2,27,34,1354,1419,1379,1446
edit_write,db98a6ab43bc30f1129ee2d1455564e6fe33274fd8248d8363c4f828f81f6ddb,H3,0,327,468,2034,2448,2401,7585
edit_write,db98a6ab43bc30f1129ee2d1455564e6fe33274fd8248d8363c4f828f81f6ddb,H3,1,305,395,1911,2176,2215,2514
edit_write,db98a6ab43bc30f1129ee2d1455564e6fe33274fd8248d8363c4f828f81f6ddb,H3,2,359,414,1870,2125,2208,2526
edit_write,db98a6ab43bc30f1129ee2d1455564e6fe33274fd8248d8363c4f828f81f6ddb,H4,0,55,92,1426,1584,1483,1676
edit_write,db98a6ab43bc30f1129ee2d1455564e6fe33274fd8248d8363c4f828f81f6ddb,H4,1,52,83,1384,1526,1423,1596
edit_write,db98a6ab43bc30f1129ee2d1455564e6fe33274fd8248d8363c4f828f81f6ddb,H4,2,41,79,1397,1538,1435,1615
edit_write,dc56b851c8950aaa6444f8b6429387c50081329722f25791475ea8b7b52d0e55,H1,0,44,51,10177,11266,10220,11314
edit_write,dc56b851c8950aaa6444f8b6429387c50081329722f25791475ea8b7b52d0e55,H1,1,49,61,10642,11295,10689,11354
edit_write,dc56b851c8950aaa6444f8b6429387c50081329722f25791475ea8b7b52d0e55,H1,2,41,48,10342,11016,10386,11058
edit_write,dc56b851c8950aaa6444f8b6429387c50081329722f25791475ea8b7b52d0e55,H2,0,82,110,10311,11576,10403,11661
edit_write,dc56b851c8950aaa6444f8b6429387c50081329722f25791475ea8b7b52d0e55,H2,1,76,92,10467,11381,10552,11473
edit_write,dc56b851c8950aaa6444f8b6429387c50081329722f25791475ea8b7b52d0e55,H2,2,87,109,10143,11200,10250,11296
edit_write,dc56b851c8950aaa6444f8b6429387c50081329722f25791475ea8b7b52d0e55,H0,0,41,49,18007,19815,18049,19858
edit_write,dc56b851c8950aaa6444f8b6429387c50081329722f25791475ea8b7b52d0e55,H0,1,46,52,18164,23207,18193,23256
edit_write,dc56b851c8950aaa6444f8b6429387c50081329722f25791475ea8b7b52d0e55,H0,2,30,46,17857,18876,17885,18918
edit_write,dc56b851c8950aaa6444f8b6429387c50081329722f25791475ea8b7b52d0e55,H3,0,1462,1621,7697,8199,9126,9839
edit_write,dc56b851c8950aaa6444f8b6429387c50081329722f25791475ea8b7b52d0e55,H3,1,1398,1535,7208,7499,8595,8974
edit_write,dc56b851c8950aaa6444f8b6429387c50081329722f25791475ea8b7b52d0e55,H3,2,1445,1569,7281,8077,8732,9634
edit_write,dc56b851c8950aaa6444f8b6429387c50081329722f25791475ea8b7b52d0e55,H4,0,208,250,4253,4848,4461,5056
edit_write,dc56b851c8950aaa6444f8b6429387c50081329722f25791475ea8b7b52d0e55,H4,1,215,266,4331,4476,4547,4722
edit_write,dc56b851c8950aaa6444f8b6429387c50081329722f25791475ea8b7b52d0e55,H4,2,210,246,4328,4890,4536,5164
edit_write,dcc057acf138328dd32faa61e709ed690dbe222049aaab59437db74e2c467e6f,H1,0,44,50,15888,17259,15931,17309
edit_write,dcc057acf138328dd32faa61e709ed690dbe222049aaab59437db74e2c467e6f,H1,1,42,47,15634,27805,15678,27847
edit_write,dcc057acf138328dd32faa61e709ed690dbe222049aaab59437db74e2c467e6f,H1,2,42,47,16110,16358,16151,16400
edit_write,dcc057acf138328dd32faa61e709ed690dbe222049aaab59437db74e2c467e6f,H2,0,64,100,14184,15094,14253,15167
edit_write,dcc057acf138328dd32faa61e709ed690dbe222049aaab59437db74e2c467e6f,H2,1,82,117,14022,15106,14126,15221
edit_write,dcc057acf138328dd32faa61e709ed690dbe222049aaab59437db74e2c467e6f,H2,2,90,117,13526,14192,13617,14282
edit_write,dcc057acf138328dd32faa61e709ed690dbe222049aaab59437db74e2c467e6f,H0,0,45,54,31914,43822,31960,43866
edit_write,dcc057acf138328dd32faa61e709ed690dbe222049aaab59437db74e2c467e6f,H0,1,48,93,34899,62270,34936,62356
edit_write,dcc057acf138328dd32faa61e709ed690dbe222049aaab59437db74e2c467e6f,H0,2,29,35,31195,31848,31220,31873
edit_write,dcc057acf138328dd32faa61e709ed690dbe222049aaab59437db74e2c467e6f,H3,0,1813,1985,10183,11229,11953,13353
edit_write,dcc057acf138328dd32faa61e709ed690dbe222049aaab59437db74e2c467e6f,H3,1,1825,2022,10305,21915,12113,23765
edit_write,dcc057acf138328dd32faa61e709ed690dbe222049aaab59437db74e2c467e6f,H3,2,1768,1894,10165,10594,11898,12410
edit_write,dcc057acf138328dd32faa61e709ed690dbe222049aaab59437db74e2c467e6f,H4,0,323,354,6155,6748,6507,7083
edit_write,dcc057acf138328dd32faa61e709ed690dbe222049aaab59437db74e2c467e6f,H4,1,315,363,5788,6323,6113,6668
edit_write,dcc057acf138328dd32faa61e709ed690dbe222049aaab59437db74e2c467e6f,H4,2,337,398,5979,6361,6321,6702
edit_write,dccbfb960df0592b7f962980c2b563a92a269c298e9bbb6e353a131e09bf8b2f,H1,0,42,47,1159,1362,1200,1405
edit_write,dccbfb960df0592b7f962980c2b563a92a269c298e9bbb6e353a131e09bf8b2f,H1,1,28,39,1183,1344,1208,1380
edit_write,dccbfb960df0592b7f962980c2b563a92a269c298e9bbb6e353a131e09bf8b2f,H1,2,26,42,1198,1343,1223,1366
edit_write,dccbfb960df0592b7f962980c2b563a92a269c298e9bbb6e353a131e09bf8b2f,H2,0,44,52,1507,1634,1552,1679
edit_write,dccbfb960df0592b7f962980c2b563a92a269c298e9bbb6e353a131e09bf8b2f,H2,1,34,63,1693,1913,1728,1963
edit_write,dccbfb960df0592b7f962980c2b563a92a269c298e9bbb6e353a131e09bf8b2f,H2,2,28,44,1479,1576,1506,1612
edit_write,dccbfb960df0592b7f962980c2b563a92a269c298e9bbb6e353a131e09bf8b2f,H0,0,41,47,764,793,806,841
edit_write,dccbfb960df0592b7f962980c2b563a92a269c298e9bbb6e353a131e09bf8b2f,H0,1,26,36,741,781,771,816
edit_write,dccbfb960df0592b7f962980c2b563a92a269c298e9bbb6e353a131e09bf8b2f,H0,2,27,47,730,782,758,827
edit_write,dccbfb960df0592b7f962980c2b563a92a269c298e9bbb6e353a131e09bf8b2f,H3,0,400,517,1378,1603,1780,2100
edit_write,dccbfb960df0592b7f962980c2b563a92a269c298e9bbb6e353a131e09bf8b2f,H3,1,389,461,1458,1779,1832,2245
edit_write,dccbfb960df0592b7f962980c2b563a92a269c298e9bbb6e353a131e09bf8b2f,H3,2,380,448,1406,1624,1758,2048
edit_write,dccbfb960df0592b7f962980c2b563a92a269c298e9bbb6e353a131e09bf8b2f,H4,0,60,103,1123,1312,1183,1415
edit_write,dccbfb960df0592b7f962980c2b563a92a269c298e9bbb6e353a131e09bf8b2f,H4,1,68,116,1193,1475,1254,1579
edit_write,dccbfb960df0592b7f962980c2b563a92a269c298e9bbb6e353a131e09bf8b2f,H4,2,49,80,1077,1266,1124,1346
edit_write,dddaa6f247bca48e0d302c30e2051c60e9ba33a0b8232e1babe19ad0a9a67a5b,H1,0,43,56,67306,81444,67348,81494
edit_write,dddaa6f247bca48e0d302c30e2051c60e9ba33a0b8232e1babe19ad0a9a67a5b,H1,1,62,72,69683,92000,69754,92048
edit_write,dddaa6f247bca48e0d302c30e2051c60e9ba33a0b8232e1babe19ad0a9a67a5b,H1,2,94,126,146857,154289,146932,154383
edit_write,dddaa6f247bca48e0d302c30e2051c60e9ba33a0b8232e1babe19ad0a9a67a5b,H2,0,96,124,19131,21304,19243,21401
edit_write,dddaa6f247bca48e0d302c30e2051c60e9ba33a0b8232e1babe19ad0a9a67a5b,H2,1,105,168,19378,31063,19469,31161
edit_write,dddaa6f247bca48e0d302c30e2051c60e9ba33a0b8232e1babe19ad0a9a67a5b,H2,2,138,162,19944,26092,20100,26226
edit_write,dddaa6f247bca48e0d302c30e2051c60e9ba33a0b8232e1babe19ad0a9a67a5b,H0,0,44,49,42913,55193,42964,55240
edit_write,dddaa6f247bca48e0d302c30e2051c60e9ba33a0b8232e1babe19ad0a9a67a5b,H0,1,37,42,43748,58749,43781,58789
edit_write,dddaa6f247bca48e0d302c30e2051c60e9ba33a0b8232e1babe19ad0a9a67a5b,H0,2,76,88,85047,92818,85123,92890
edit_write,dddaa6f247bca48e0d302c30e2051c60e9ba33a0b8232e1babe19ad0a9a67a5b,H3,0,2394,2589,16072,17298,18477,19884
edit_write,dddaa6f247bca48e0d302c30e2051c60e9ba33a0b8232e1babe19ad0a9a67a5b,H3,1,2447,2604,16009,17119,18423,19662
edit_write,dddaa6f247bca48e0d302c30e2051c60e9ba33a0b8232e1babe19ad0a9a67a5b,H3,2,3991,4681,27135,38210,31206,42035
edit_write,dddaa6f247bca48e0d302c30e2051c60e9ba33a0b8232e1babe19ad0a9a67a5b,H4,0,404,432,9323,15027,9724,15436
edit_write,dddaa6f247bca48e0d302c30e2051c60e9ba33a0b8232e1babe19ad0a9a67a5b,H4,1,456,520,9729,10510,10191,11030
edit_write,dddaa6f247bca48e0d302c30e2051c60e9ba33a0b8232e1babe19ad0a9a67a5b,H4,2,634,712,16059,18788,16710,19522
edit_write,ddfddcd220e9837f01d6fc88ef5133ccdc5a1af536522ca797a76d4796cf9c9f,H1,0,44,49,9526,10488,9569,10532
edit_write,ddfddcd220e9837f01d6fc88ef5133ccdc5a1af536522ca797a76d4796cf9c9f,H1,1,61,77,9290,9900,9348,9978
edit_write,ddfddcd220e9837f01d6fc88ef5133ccdc5a1af536522ca797a76d4796cf9c9f,H1,2,38,48,9102,9719,9140,9766
edit_write,ddfddcd220e9837f01d6fc88ef5133ccdc5a1af536522ca797a76d4796cf9c9f,H2,0,57,111,11331,12240,11400,12352
edit_write,ddfddcd220e9837f01d6fc88ef5133ccdc5a1af536522ca797a76d4796cf9c9f,H2,1,79,89,11528,12458,11618,12547
edit_write,ddfddcd220e9837f01d6fc88ef5133ccdc5a1af536522ca797a76d4796cf9c9f,H2,2,105,164,11780,12766,11890,12939
edit_write,ddfddcd220e9837f01d6fc88ef5133ccdc5a1af536522ca797a76d4796cf9c9f,H0,0,42,47,19075,20805,19102,20848
edit_write,ddfddcd220e9837f01d6fc88ef5133ccdc5a1af536522ca797a76d4796cf9c9f,H0,1,48,56,18991,30614,19024,30664
edit_write,ddfddcd220e9837f01d6fc88ef5133ccdc5a1af536522ca797a76d4796cf9c9f,H0,2,30,43,18848,20231,18870,20265
edit_write,ddfddcd220e9837f01d6fc88ef5133ccdc5a1af536522ca797a76d4796cf9c9f,H3,0,1368,1510,8535,25905,9962,27175
edit_write,ddfddcd220e9837f01d6fc88ef5133ccdc5a1af536522ca797a76d4796cf9c9f,H3,1,1528,1652,8712,9445,10309,11097
edit_write,ddfddcd220e9837f01d6fc88ef5133ccdc5a1af536522ca797a76d4796cf9c9f,H3,2,1439,1536,9101,9647,10476,11168
edit_write,ddfddcd220e9837f01d6fc88ef5133ccdc5a1af536522ca797a76d4796cf9c9f,H4,0,209,241,4757,5106,4988,5317
edit_write,ddfddcd220e9837f01d6fc88ef5133ccdc5a1af536522ca797a76d4796cf9c9f,H4,1,215,304,4751,5257,4997,5512
edit_write,ddfddcd220e9837f01d6fc88ef5133ccdc5a1af536522ca797a76d4796cf9c9f,H4,2,196,236,4659,5046,4851,5250
edit_write,deec120ccaf855ffb72678a86f70fb4fa05da76419d8bbb52a4141ffcaa9d45d,H1,0,43,54,16027,17259,16072,17311
edit_write,deec120ccaf855ffb72678a86f70fb4fa05da76419d8bbb52a4141ffcaa9d45d,H1,1,42,66,16962,17768,17002,17812
edit_write,deec120ccaf855ffb72678a86f70fb4fa05da76419d8bbb52a4141ffcaa9d45d,H1,2,40,43,15903,16341,15945,16382
edit_write,deec120ccaf855ffb72678a86f70fb4fa05da76419d8bbb52a4141ffcaa9d45d,H2,0,72,97,6441,17878,6531,17955
edit_write,deec120ccaf855ffb72678a86f70fb4fa05da76419d8bbb52a4141ffcaa9d45d,H2,1,66,90,6970,7376,7055,7463
edit_write,deec120ccaf855ffb72678a86f70fb4fa05da76419d8bbb52a4141ffcaa9d45d,H2,2,74,99,6387,6993,6473,7085
edit_write,deec120ccaf855ffb72678a86f70fb4fa05da76419d8bbb52a4141ffcaa9d45d,H0,0,43,49,11623,28159,11663,28200
edit_write,deec120ccaf855ffb72678a86f70fb4fa05da76419d8bbb52a4141ffcaa9d45d,H0,1,32,52,12205,12498,12237,12533
edit_write,deec120ccaf855ffb72678a86f70fb4fa05da76419d8bbb52a4141ffcaa9d45d,H0,2,32,43,11242,11427,11266,11455
edit_write,deec120ccaf855ffb72678a86f70fb4fa05da76419d8bbb52a4141ffcaa9d45d,H3,0,926,1074,5226,5746,6199,6815
edit_write,deec120ccaf855ffb72678a86f70fb4fa05da76419d8bbb52a4141ffcaa9d45d,H3,1,994,1182,5668,6239,6649,7421
edit_write,deec120ccaf855ffb72678a86f70fb4fa05da76419d8bbb52a4141ffcaa9d45d,H3,2,878,1088,5433,5898,6291,7005
edit_write,deec120ccaf855ffb72678a86f70fb4fa05da76419d8bbb52a4141ffcaa9d45d,H4,0,112,153,3223,3672,3334,3834
edit_write,deec120ccaf855ffb72678a86f70fb4fa05da76419d8bbb52a4141ffcaa9d45d,H4,1,135,197,3474,4032,3580,4214
edit_write,deec120ccaf855ffb72678a86f70fb4fa05da76419d8bbb52a4141ffcaa9d45d,H4,2,144,159,3102,3524,3251,3676
edit_write,def93c41f1733ca232755061103edd2623fd7ec39fb9d995b005d82d0e9ed15e,H1,0,44,51,72044,90858,72088,90900
edit_write,def93c41f1733ca232755061103edd2623fd7ec39fb9d995b005d82d0e9ed15e,H1,1,47,68,71146,91377,71208,91436
edit_write,def93c41f1733ca232755061103edd2623fd7ec39fb9d995b005d82d0e9ed15e,H1,2,43,46,70466,77018,70511,77062
edit_write,def93c41f1733ca232755061103edd2623fd7ec39fb9d995b005d82d0e9ed15e,H2,0,105,146,38843,42631,38977,42742
edit_write,def93c41f1733ca232755061103edd2623fd7ec39fb9d995b005d82d0e9ed15e,H2,1,97,164,39494,44006,39591,44170
edit_write,def93c41f1733ca232755061103edd2623fd7ec39fb9d995b005d82d0e9ed15e,H2,2,106,136,38944,42822,39063,42943
edit_write,def93c41f1733ca232755061103edd2623fd7ec39fb9d995b005d82d0e9ed15e,H0,0,44,53,43543,63974,43588,64020
edit_write,def93c41f1733ca232755061103edd2623fd7ec39fb9d995b005d82d0e9ed15e,H0,1,37,48,43899,46915,43934,46963
edit_write,def93c41f1733ca232755061103edd2623fd7ec39fb9d995b005d82d0e9ed15e,H0,2,33,43,42921,46490,42960,46523
edit_write,def93c41f1733ca232755061103edd2623fd7ec39fb9d995b005d82d0e9ed15e,H3,0,1564,1733,36007,39961,37610,41649
edit_write,def93c41f1733ca232755061103edd2623fd7ec39fb9d995b005d82d0e9ed15e,H3,1,1755,2039,35293,50599,37045,56366
edit_write,def93c41f1733ca232755061103edd2623fd7ec39fb9d995b005d82d0e9ed15e,H3,2,1558,1630,35416,35843,36936,37443
edit_write,def93c41f1733ca232755061103edd2623fd7ec39fb9d995b005d82d0e9ed15e,H4,0,260,298,77193,97179,77469,97436
edit_write,def93c41f1733ca232755061103edd2623fd7ec39fb9d995b005d82d0e9ed15e,H4,1,267,312,78230,98168,78492,98426
edit_write,def93c41f1733ca232755061103edd2623fd7ec39fb9d995b005d82d0e9ed15e,H4,2,248,279,77630,84690,77863,84941
edit_write,df3653bddca59e9295c25e92d246b4be2cc17efecc3d19511fdf3165c6ee5360,H1,0,43,49,33535,39410,33578,39453
edit_write,df3653bddca59e9295c25e92d246b4be2cc17efecc3d19511fdf3165c6ee5360,H1,1,50,70,33806,53278,33854,53332
edit_write,df3653bddca59e9295c25e92d246b4be2cc17efecc3d19511fdf3165c6ee5360,H1,2,36,41,33996,34798,34027,34831
edit_write,df3653bddca59e9295c25e92d246b4be2cc17efecc3d19511fdf3165c6ee5360,H2,0,78,99,8086,8843,8156,8922
edit_write,df3653bddca59e9295c25e92d246b4be2cc17efecc3d19511fdf3165c6ee5360,H2,1,72,101,8267,9219,8342,9320
edit_write,df3653bddca59e9295c25e92d246b4be2cc17efecc3d19511fdf3165c6ee5360,H2,2,83,128,8195,8893,8294,9014
edit_write,df3653bddca59e9295c25e92d246b4be2cc17efecc3d19511fdf3165c6ee5360,H0,0,45,53,20453,21925,20498,21975
edit_write,df3653bddca59e9295c25e92d246b4be2cc17efecc3d19511fdf3165c6ee5360,H0,1,36,53,19523,20764,19573,20815
edit_write,df3653bddca59e9295c25e92d246b4be2cc17efecc3d19511fdf3165c6ee5360,H0,2,33,41,20595,34574,20630,34620
edit_write,df3653bddca59e9295c25e92d246b4be2cc17efecc3d19511fdf3165c6ee5360,H3,0,1487,1682,5859,6313,7359,7995
edit_write,df3653bddca59e9295c25e92d246b4be2cc17efecc3d19511fdf3165c6ee5360,H3,1,1540,1697,5992,6663,7512,8348
edit_write,df3653bddca59e9295c25e92d246b4be2cc17efecc3d19511fdf3165c6ee5360,H3,2,1579,1739,6913,7435,8508,9159
edit_write,df3653bddca59e9295c25e92d246b4be2cc17efecc3d19511fdf3165c6ee5360,H4,0,228,257,4280,4750,4511,4987
edit_write,df3653bddca59e9295c25e92d246b4be2cc17efecc3d19511fdf3165c6ee5360,H4,1,249,284,4399,4928,4633,5211
edit_write,df3653bddca59e9295c25e92d246b4be2cc17efecc3d19511fdf3165c6ee5360,H4,2,185,250,4340,4634,4518,4884
edit_write,dffec48502f2116a822f56bebe3352afedc3e7da29661b772d06f600e975e67c,H1,0,43,49,33708,36435,33750,36477
edit_write,dffec48502f2116a822f56bebe3352afedc3e7da29661b772d06f600e975e67c,H1,1,53,71,33571,35391,33634,35457
edit_write,dffec48502f2116a822f56bebe3352afedc3e7da29661b772d06f600e975e67c,H1,2,45,51,36567,42343,36611,42389
edit_write,dffec48502f2116a822f56bebe3352afedc3e7da29661b772d06f600e975e67c,H2,0,87,102,9000,9697,9090,9769
edit_write,dffec48502f2116a822f56bebe3352afedc3e7da29661b772d06f600e975e67c,H2,1,87,122,10148,17338,10238,17430
edit_write,dffec48502f2116a822f56bebe3352afedc3e7da29661b772d06f600e975e67c,H2,2,94,138,9415,10355,9504,10493
edit_write,dffec48502f2116a822f56bebe3352afedc3e7da29661b772d06f600e975e67c,H0,0,43,55,20207,22183,20249,22212
edit_write,dffec48502f2116a822f56bebe3352afedc3e7da29661b772d06f600e975e67c,H0,1,35,55,22628,33562,22665,33596
edit_write,dffec48502f2116a822f56bebe3352afedc3e7da29661b772d06f600e975e67c,H0,2,31,40,20738,21161,20770,21191
edit_write,dffec48502f2116a822f56bebe3352afedc3e7da29661b772d06f600e975e67c,H3,0,1427,1611,7703,8415,9140,10006
edit_write,dffec48502f2116a822f56bebe3352afedc3e7da29661b772d06f600e975e67c,H3,1,1468,1624,7235,7866,8664,9439
edit_write,dffec48502f2116a822f56bebe3352afedc3e7da29661b772d06f600e975e67c,H3,2,1411,1590,7256,8050,8672,9517
edit_write,dffec48502f2116a822f56bebe3352afedc3e7da29661b772d06f600e975e67c,H4,0,194,225,4690,5174,4879,5389
edit_write,dffec48502f2116a822f56bebe3352afedc3e7da29661b772d06f600e975e67c,H4,1,221,273,5041,5623,5281,5852
edit_write,dffec48502f2116a822f56bebe3352afedc3e7da29661b772d06f600e975e67c,H4,2,177,207,4620,4870,4803,5073
edit_write,e085ec33bfbf9d19ba1eba4b57f144467e8adc566a2b901b3bc6e35c7c2e6294,H1,0,44,58,26296,27884,26340,27939
edit_write,e085ec33bfbf9d19ba1eba4b57f144467e8adc566a2b901b3bc6e35c7c2e6294,H1,1,50,77,26293,38141,26365,38195
edit_write,e085ec33bfbf9d19ba1eba4b57f144467e8adc566a2b901b3bc6e35c7c2e6294,H1,2,44,68,26910,36603,26955,36642
edit_write,e085ec33bfbf9d19ba1eba4b57f144467e8adc566a2b901b3bc6e35c7c2e6294,H2,0,68,109,10716,11810,10817,11887
edit_write,e085ec33bfbf9d19ba1eba4b57f144467e8adc566a2b901b3bc6e35c7c2e6294,H2,1,73,123,10862,11553,10940,11676
edit_write,e085ec33bfbf9d19ba1eba4b57f144467e8adc566a2b901b3bc6e35c7c2e6294,H2,2,134,170,10585,11124,10739,11269
edit_write,e085ec33bfbf9d19ba1eba4b57f144467e8adc566a2b901b3bc6e35c7c2e6294,H0,0,42,67,16224,17493,16269,17534
edit_write,e085ec33bfbf9d19ba1eba4b57f144467e8adc566a2b901b3bc6e35c7c2e6294,H0,1,37,39,16339,27813,16377,27845
edit_write,e085ec33bfbf9d19ba1eba4b57f144467e8adc566a2b901b3bc6e35c7c2e6294,H0,2,32,36,18072,20726,18104,20761
edit_write,e085ec33bfbf9d19ba1eba4b57f144467e8adc566a2b901b3bc6e35c7c2e6294,H3,0,1452,1566,8287,9116,9729,10807
edit_write,e085ec33bfbf9d19ba1eba4b57f144467e8adc566a2b901b3bc6e35c7c2e6294,H3,1,1668,1891,8801,21533,10428,23614
edit_write,e085ec33bfbf9d19ba1eba4b57f144467e8adc566a2b901b3bc6e35c7c2e6294,H3,2,1646,1746,9866,10225,11518,11911
edit_write,e085ec33bfbf9d19ba1eba4b57f144467e8adc566a2b901b3bc6e35c7c2e6294,H4,0,174,249,5664,6334,5838,6616
edit_write,e085ec33bfbf9d19ba1eba4b57f144467e8adc566a2b901b3bc6e35c7c2e6294,H4,1,216,252,6018,6681,6238,6933
edit_write,e085ec33bfbf9d19ba1eba4b57f144467e8adc566a2b901b3bc6e35c7c2e6294,H4,2,177,237,5783,6200,5965,6390
edit_write,e14135e852ac642a0ef48af0180732798427e21b4f49092e1beb05551dc3e546,H1,0,46,58,4789,5328,4845,5374
edit_write,e14135e852ac642a0ef48af0180732798427e21b4f49092e1beb05551dc3e546,H1,1,36,55,4841,5346,4870,5380
edit_write,e14135e852ac642a0ef48af0180732798427e21b4f49092e1beb05551dc3e546,H1,2,37,40,4706,4896,4747,4934
edit_write,e14135e852ac642a0ef48af0180732798427e21b4f49092e1beb05551dc3e546,H2,0,55,112,5924,6350,5979,6408
edit_write,e14135e852ac642a0ef48af0180732798427e21b4f49092e1beb05551dc3e546,H2,1,65,95,6291,6910,6348,6987
edit_write,e14135e852ac642a0ef48af0180732798427e21b4f49092e1beb05551dc3e546,H2,2,68,96,5760,6130,5812,6204
edit_write,e14135e852ac642a0ef48af0180732798427e21b4f49092e1beb05551dc3e546,H0,0,43,48,15745,16952,15789,16995
edit_write,e14135e852ac642a0ef48af0180732798427e21b4f49092e1beb05551dc3e546,H0,1,34,48,15720,20657,15751,20703
edit_write,e14135e852ac642a0ef48af0180732798427e21b4f49092e1beb05551dc3e546,H0,2,28,45,15481,15725,15513,15754
edit_write,e14135e852ac642a0ef48af0180732798427e21b4f49092e1beb05551dc3e546,H3,0,883,1128,4739,5722,5649,6882
edit_write,e14135e852ac642a0ef48af0180732798427e21b4f49092e1beb05551dc3e546,H3,1,896,964,4912,5393,5843,6357
edit_write,e14135e852ac642a0ef48af0180732798427e21b4f49092e1beb05551dc3e546,H3,2,866,1027,4628,5098,5483,6125
edit_write,e14135e852ac642a0ef48af0180732798427e21b4f49092e1beb05551dc3e546,H4,0,112,156,2904,3624,2992,3771
edit_write,e14135e852ac642a0ef48af0180732798427e21b4f49092e1beb05551dc3e546,H4,1,123,159,3159,3800,3297,3952
edit_write,e14135e852ac642a0ef48af0180732798427e21b4f49092e1beb05551dc3e546,H4,2,115,160,2924,3206,3030,3336
edit_write,e2481a67e3a6898bdc021d732c6879ebdd4fa170f59aba348b1760416fe552e0,H1,0,46,54,14128,15984,14176,16034
edit_write,e2481a67e3a6898bdc021d732c6879ebdd4fa170f59aba348b1760416fe552e0,H1,1,42,50,14788,16703,14832,16748
edit_write,e2481a67e3a6898bdc021d732c6879ebdd4fa170f59aba348b1760416fe552e0,H1,2,37,38,14419,14724,14456,14761
edit_write,e2481a67e3a6898bdc021d732c6879ebdd4fa170f59aba348b1760416fe552e0,H2,0,63,103,15734,16985,15794,17077
edit_write,e2481a67e3a6898bdc021d732c6879ebdd4fa170f59aba348b1760416fe552e0,H2,1,76,116,17305,18216,17363,18306
edit_write,e2481a67e3a6898bdc021d732c6879ebdd4fa170f59aba348b1760416fe552e0,H2,2,120,159,16062,16987,16197,17101
edit_write,e2481a67e3a6898bdc021d732c6879ebdd4fa170f59aba348b1760416fe552e0,H0,0,43,55,31015,36264,31058,36307
edit_write,e2481a67e3a6898bdc021d732c6879ebdd4fa170f59aba348b1760416fe552e0,H0,1,36,47,30971,43120,31007,43155
edit_write,e2481a67e3a6898bdc021d732c6879ebdd4fa170f59aba348b1760416fe552e0,H0,2,32,50,31740,32316,31770,32338
edit_write,e2481a67e3a6898bdc021d732c6879ebdd4fa170f59aba348b1760416fe552e0,H3,0,1817,1964,11901,12819,13729,14744
edit_write,e2481a67e3a6898bdc021d732c6879ebdd4fa170f59aba348b1760416fe552e0,H3,1,1794,2045,12578,13402,14362,15435
edit_write,e2481a67e3a6898bdc021d732c6879ebdd4fa170f59aba348b1760416fe552e0,H3,2,1784,1883,12299,12678,14102,14501
edit_write,e2481a67e3a6898bdc021d732c6879ebdd4fa170f59aba348b1760416fe552e0,H4,0,348,407,5836,6686,6187,7034
edit_write,e2481a67e3a6898bdc021d732c6879ebdd4fa170f59aba348b1760416fe552e0,H4,1,342,417,5876,6595,6220,6978
edit_write,e2481a67e3a6898bdc021d732c6879ebdd4fa170f59aba348b1760416fe552e0,H4,2,304,355,5752,6281,6067,6661
edit_write,e33d056486e9ad3e327a3b2e745761221b2d50ff860ba2024c6bb7b1514a539e,H1,0,44,50,35466,46772,35507,46816
edit_write,e33d056486e9ad3e327a3b2e745761221b2d50ff860ba2024c6bb7b1514a539e,H1,1,51,75,35400,53904,35471,53989
edit_write,e33d056486e9ad3e327a3b2e745761221b2d50ff860ba2024c6bb7b1514a539e,H1,2,39,41,35515,42941,35552,42974
edit_write,e33d056486e9ad3e327a3b2e745761221b2d50ff860ba2024c6bb7b1514a539e,H2,0,72,119,14864,33020,14956,33100
edit_write,e33d056486e9ad3e327a3b2e745761221b2d50ff860ba2024c6bb7b1514a539e,H2,1,83,119,14589,25925,14676,26024
edit_write,e33d056486e9ad3e327a3b2e745761221b2d50ff860ba2024c6bb7b1514a539e,H2,2,104,141,14036,14648,14134,14772
edit_write,e33d056486e9ad3e327a3b2e745761221b2d50ff860ba2024c6bb7b1514a539e,H0,0,45,57,21424,23716,21454,23764
edit_write,e33d056486e9ad3e327a3b2e745761221b2d50ff860ba2024c6bb7b1514a539e,H0,1,38,58,21298,23135,21357,23170
edit_write,e33d056486e9ad3e327a3b2e745761221b2d50ff860ba2024c6bb7b1514a539e,H0,2,31,41,20629,21185,20660,21218
edit_write,e33d056486e9ad3e327a3b2e745761221b2d50ff860ba2024c6bb7b1514a539e,H3,0,2105,2301,12442,13484,14603,19750
edit_write,e33d056486e9ad3e327a3b2e745761221b2d50ff860ba2024c6bb7b1514a539e,H3,1,2116,2286,12358,13386,14554,15640
edit_write,e33d056486e9ad3e327a3b2e745761221b2d50ff860ba2024c6bb7b1514a539e,H3,2,2120,2276,12075,12616,14237,14855
edit_write,e33d056486e9ad3e327a3b2e745761221b2d50ff860ba2024c6bb7b1514a539e,H4,0,271,319,8022,19486,8305,19755
edit_write,e33d056486e9ad3e327a3b2e745761221b2d50ff860ba2024c6bb7b1514a539e,H4,1,269,347,8426,9371,8730,9733
edit_write,e33d056486e9ad3e327a3b2e745761221b2d50ff860ba2024c6bb7b1514a539e,H4,2,243,303,8158,8564,8385,8856
edit_write,e35afeecd6c593f0e1d6bc9d348cdfe5988aa9b28e44f2f1e496df57f64ac65e,H1,0,43,51,33301,45379,33326,45430
edit_write,e35afeecd6c593f0e1d6bc9d348cdfe5988aa9b28e44f2f1e496df57f64ac65e,H1,1,50,71,34057,37056,34106,37129
edit_write,e35afeecd6c593f0e1d6bc9d348cdfe5988aa9b28e44f2f1e496df57f64ac65e,H1,2,38,41,33899,45740,33933,45779
edit_write,e35afeecd6c593f0e1d6bc9d348cdfe5988aa9b28e44f2f1e496df57f64ac65e,H2,0,80,108,9207,9730,9308,9814
edit_write,e35afeecd6c593f0e1d6bc9d348cdfe5988aa9b28e44f2f1e496df57f64ac65e,H2,1,82,110,9096,10219,9176,10335
edit_write,e35afeecd6c593f0e1d6bc9d348cdfe5988aa9b28e44f2f1e496df57f64ac65e,H2,2,88,117,8672,9801,8780,9939
edit_write,e35afeecd6c593f0e1d6bc9d348cdfe5988aa9b28e44f2f1e496df57f64ac65e,H0,0,44,50,24391,29387,24431,29436
edit_write,e35afeecd6c593f0e1d6bc9d348cdfe5988aa9b28e44f2f1e496df57f64ac65e,H0,1,42,52,24514,31555,24566,31595
edit_write,e35afeecd6c593f0e1d6bc9d348cdfe5988aa9b28e44f2f1e496df57f64ac65e,H0,2,32,53,24421,35517,24453,35556
edit_write,e35afeecd6c593f0e1d6bc9d348cdfe5988aa9b28e44f2f1e496df57f64ac65e,H3,0,1187,1435,6496,7223,7761,8668
edit_write,e35afeecd6c593f0e1d6bc9d348cdfe5988aa9b28e44f2f1e496df57f64ac65e,H3,1,1305,1447,6715,7324,8014,8703
edit_write,e35afeecd6c593f0e1d6bc9d348cdfe5988aa9b28e44f2f1e496df57f64ac65e,H3,2,1288,1422,6741,7400,8034,8867
edit_write,e35afeecd6c593f0e1d6bc9d348cdfe5988aa9b28e44f2f1e496df57f64ac65e,H4,0,194,236,4282,4675,4478,4865
edit_write,e35afeecd6c593f0e1d6bc9d348cdfe5988aa9b28e44f2f1e496df57f64ac65e,H4,1,210,281,4409,8539,4645,8733
edit_write,e35afeecd6c593f0e1d6bc9d348cdfe5988aa9b28e44f2f1e496df57f64ac65e,H4,2,200,231,4252,4586,4453,4820
edit_write,e3fa0aba7389e3ce36094559998df525d3eca3f91a17de6a407779eb041f20e2,H1,0,44,50,69109,82344,69166,82387
edit_write,e3fa0aba7389e3ce36094559998df525d3eca3f91a17de6a407779eb041f20e2,H1,1,53,72,74178,95533,74250,95587
edit_write,e3fa0aba7389e3ce36094559998df525d3eca3f91a17de6a407779eb041f20e2,H1,2,42,49,71085,78456,71127,78502
edit_write,e3fa0aba7389e3ce36094559998df525d3eca3f91a17de6a407779eb041f20e2,H2,0,98,133,19265,36900,19362,36994
edit_write,e3fa0aba7389e3ce36094559998df525d3eca3f91a17de6a407779eb041f20e2,H2,1,98,138,19275,20808,19380,20937
edit_write,e3fa0aba7389e3ce36094559998df525d3eca3f91a17de6a407779eb041f20e2,H2,2,119,147,18744,19745,18862,19891
edit_write,e3fa0aba7389e3ce36094559998df525d3eca3f91a17de6a407779eb041f20e2,H0,0,43,57,44101,56774,44145,56816
edit_write,e3fa0aba7389e3ce36094559998df525d3eca3f91a17de6a407779eb041f20e2,H0,1,37,49,43475,56681,43512,56712
edit_write,e3fa0aba7389e3ce36094559998df525d3eca3f91a17de6a407779eb041f20e2,H0,2,33,38,43289,44342,43322,44375
edit_write,e3fa0aba7389e3ce36094559998df525d3eca3f91a17de6a407779eb041f20e2,H3,0,2247,2404,15487,16580,17791,18962
edit_write,e3fa0aba7389e3ce36094559998df525d3eca3f91a17de6a407779eb041f20e2,H3,1,2293,2420,15776,16434,18040,18775
edit_write,e3fa0aba7389e3ce36094559998df525d3eca3f91a17de6a407779eb041f20e2,H3,2,2214,7608,15740,16634,17946,24397
edit_write,e3fa0aba7389e3ce36094559998df525d3eca3f91a17de6a407779eb041f20e2,H4,0,499,548,11097,11867,11596,12389
edit_write,e3fa0aba7389e3ce36094559998df525d3eca3f91a17de6a407779eb041f20e2,H4,1,516,562,11191,12062,11716,12581
edit_write,e3fa0aba7389e3ce36094559998df525d3eca3f91a17de6a407779eb041f20e2,H4,2,496,544,10683,12092,11215,12611
edit_write,e46709f6e4c8f8150c0a193e0f0185d0669b6736e15f7af0c4e989a1b4cdf0af,H1,0,43,49,15450,16477,15496,16523
edit_write,e46709f6e4c8f8150c0a193e0f0185d0669b6736e15f7af0c4e989a1b4cdf0af,H1,1,49,59,15954,27070,16003,27120
edit_write,e46709f6e4c8f8150c0a193e0f0185d0669b6736e15f7af0c4e989a1b4cdf0af,H1,2,29,50,16028,17276,16060,17303
edit_write,e46709f6e4c8f8150c0a193e0f0185d0669b6736e15f7af0c4e989a1b4cdf0af,H2,0,62,94,5869,6318,5936,6390
edit_write,e46709f6e4c8f8150c0a193e0f0185d0669b6736e15f7af0c4e989a1b4cdf0af,H2,1,84,128,6155,6652,6258,6766
edit_write,e46709f6e4c8f8150c0a193e0f0185d0669b6736e15f7af0c4e989a1b4cdf0af,H2,2,68,111,5634,6225,5709,6302
edit_write,e46709f6e4c8f8150c0a193e0f0185d0669b6736e15f7af0c4e989a1b4cdf0af,H0,0,43,50,11695,12786,11737,12837
edit_write,e46709f6e4c8f8150c0a193e0f0185d0669b6736e15f7af0c4e989a1b4cdf0af,H0,1,31,55,11576,12454,11620,12485
edit_write,e46709f6e4c8f8150c0a193e0f0185d0669b6736e15f7af0c4e989a1b4cdf0af,H0,2,28,47,11415,12234,11449,12266
edit_write,e46709f6e4c8f8150c0a193e0f0185d0669b6736e15f7af0c4e989a1b4cdf0af,H3,0,805,976,4897,5419,5738,6395
edit_write,e46709f6e4c8f8150c0a193e0f0185d0669b6736e15f7af0c4e989a1b4cdf0af,H3,1,892,1013,4616,5297,5534,6351
edit_write,e46709f6e4c8f8150c0a193e0f0185d0669b6736e15f7af0c4e989a1b4cdf0af,H3,2,788,929,4618,5057,5403,5986
edit_write,e46709f6e4c8f8150c0a193e0f0185d0669b6736e15f7af0c4e989a1b4cdf0af,H4,0,111,188,2973,3531,3089,3719
edit_write,e46709f6e4c8f8150c0a193e0f0185d0669b6736e15f7af0c4e989a1b4cdf0af,H4,1,138,199,3010,3450,3154,3639
edit_write,e46709f6e4c8f8150c0a193e0f0185d0669b6736e15f7af0c4e989a1b4cdf0af,H4,2,106,147,2878,3498,3016,3639
edit_write,e52482b490ffa6f110fef0462767e13ec236040da0152277b8dc741b36946264,H1,0,44,52,72745,94287,72789,94330
edit_write,e52482b490ffa6f110fef0462767e13ec236040da0152277b8dc741b36946264,H1,1,65,72,72121,89718,72182,89769
edit_write,e52482b490ffa6f110fef0462767e13ec236040da0152277b8dc741b36946264,H1,2,38,39,71529,79853,71565,79888
edit_write,e52482b490ffa6f110fef0462767e13ec236040da0152277b8dc741b36946264,H2,0,107,145,22936,34640,23053,34755
edit_write,e52482b490ffa6f110fef0462767e13ec236040da0152277b8dc741b36946264,H2,1,104,143,22948,28719,23045,28829
edit_write,e52482b490ffa6f110fef0462767e13ec236040da0152277b8dc741b36946264,H2,2,133,150,22693,23142,22842,23292
edit_write,e52482b490ffa6f110fef0462767e13ec236040da0152277b8dc741b36946264,H0,0,44,55,49192,69259,49240,69304
edit_write,e52482b490ffa6f110fef0462767e13ec236040da0152277b8dc741b36946264,H0,1,36,52,47785,53870,47821,53906
edit_write,e52482b490ffa6f110fef0462767e13ec236040da0152277b8dc741b36946264,H0,2,31,37,47991,54171,48027,54193
edit_write,e52482b490ffa6f110fef0462767e13ec236040da0152277b8dc741b36946264,H3,0,3239,3478,19671,20939,22893,24417
edit_write,e52482b490ffa6f110fef0462767e13ec236040da0152277b8dc741b36946264,H3,1,3437,3728,19498,20688,22955,33592
edit_write,e52482b490ffa6f110fef0462767e13ec236040da0152277b8dc741b36946264,H3,2,3295,3419,19459,25271,22746,28506
edit_write,e52482b490ffa6f110fef0462767e13ec236040da0152277b8dc741b36946264,H4,0,613,660,13595,15132,14201,15776
edit_write,e52482b490ffa6f110fef0462767e13ec236040da0152277b8dc741b36946264,H4,1,602,644,13297,14502,13892,15173
edit_write,e52482b490ffa6f110fef0462767e13ec236040da0152277b8dc741b36946264,H4,2,585,662,13389,14637,13982,15299
edit_write,e56d62a77dba18eae80e137fa93b491150bc071d70c387c71ffeb7b1144e9ce9,H1,0,43,50,6109,6605,6152,6650
edit_write,e56d62a77dba18eae80e137fa93b491150bc071d70c387c71ffeb7b1144e9ce9,H1,1,42,59,6098,6546,6139,6596
edit_write,e56d62a77dba18eae80e137fa93b491150bc071d70c387c71ffeb7b1144e9ce9,H1,2,36,48,6117,6274,6154,6305
edit_write,e56d62a77dba18eae80e137fa93b491150bc071d70c387c71ffeb7b1144e9ce9,H2,0,71,116,10805,11931,10879,12040
edit_write,e56d62a77dba18eae80e137fa93b491150bc071d70c387c71ffeb7b1144e9ce9,H2,1,79,124,11029,11840,11091,11964
edit_write,e56d62a77dba18eae80e137fa93b491150bc071d70c387c71ffeb7b1144e9ce9,H2,2,98,135,11286,11754,11380,11903
edit_write,e56d62a77dba18eae80e137fa93b491150bc071d70c387c71ffeb7b1144e9ce9,H0,0,44,49,19862,20431,19894,20477
edit_write,e56d62a77dba18eae80e137fa93b491150bc071d70c387c71ffeb7b1144e9ce9,H0,1,46,51,18802,30448,18853,30497
edit_write,e56d62a77dba18eae80e137fa93b491150bc071d70c387c71ffeb7b1144e9ce9,H0,2,26,46,18054,19700,18081,19727
edit_write,e56d62a77dba18eae80e137fa93b491150bc071d70c387c71ffeb7b1144e9ce9,H3,0,1518,1667,7696,19418,9220,21009
edit_write,e56d62a77dba18eae80e137fa93b491150bc071d70c387c71ffeb7b1144e9ce9,H3,1,1559,1747,7782,8416,9353,10085
edit_write,e56d62a77dba18eae80e137fa93b491150bc071d70c387c71ffeb7b1144e9ce9,H3,2,1474,1550,7688,7997,9212,9489
edit_write,e56d62a77dba18eae80e137fa93b491150bc071d70c387c71ffeb7b1144e9ce9,H4,0,215,295,4696,5593,4927,5897
edit_write,e56d62a77dba18eae80e137fa93b491150bc071d70c387c71ffeb7b1144e9ce9,H4,1,211,273,4525,4851,4758,5111
edit_write,e56d62a77dba18eae80e137fa93b491150bc071d70c387c71ffeb7b1144e9ce9,H4,2,211,238,4511,4788,4720,4999
edit_write,e5feaf72a5564ee9e88ab2df002883d6f6afc96280e4b3ef6294d64d1167452f,H1,0,44,54,40941,47590,40983,47633
edit_write,e5feaf72a5564ee9e88ab2df002883d6f6afc96280e4b3ef6294d64d1167452f,H1,1,38,57,39340,50763,39375,50801
edit_write,e5feaf72a5564ee9e88ab2df002883d6f6afc96280e4b3ef6294d64d1167452f,H1,2,41,56,40551,53188,40610,53231
edit_write,e5feaf72a5564ee9e88ab2df002883d6f6afc96280e4b3ef6294d64d1167452f,H2,0,57,95,11605,12708,11661,12783
edit_write,e5feaf72a5564ee9e88ab2df002883d6f6afc96280e4b3ef6294d64d1167452f,H2,1,71,94,11449,12330,11521,12425
edit_write,e5feaf72a5564ee9e88ab2df002883d6f6afc96280e4b3ef6294d64d1167452f,H2,2,91,123,11479,22635,11599,22753
edit_write,e5feaf72a5564ee9e88ab2df002883d6f6afc96280e4b3ef6294d64d1167452f,H0,0,42,62,27983,32542,28027,32586
edit_write,e5feaf72a5564ee9e88ab2df002883d6f6afc96280e4b3ef6294d64d1167452f,H0,1,32,38,27144,39492,27176,39515
edit_write,e5feaf72a5564ee9e88ab2df002883d6f6afc96280e4b3ef6294d64d1167452f,H0,2,32,43,26946,28719,26979,28753
edit_write,e5feaf72a5564ee9e88ab2df002883d6f6afc96280e4b3ef6294d64d1167452f,H3,0,1425,1533,7959,8529,9396,10062
edit_write,e5feaf72a5564ee9e88ab2df002883d6f6afc96280e4b3ef6294d64d1167452f,H3,1,1405,1519,8031,8759,9427,10257
edit_write,e5feaf72a5564ee9e88ab2df002883d6f6afc96280e4b3ef6294d64d1167452f,H3,2,1279,1470,7960,8779,9268,10183
edit_write,e5feaf72a5564ee9e88ab2df002883d6f6afc96280e4b3ef6294d64d1167452f,H4,0,264,293,4748,5742,5012,6023
edit_write,e5feaf72a5564ee9e88ab2df002883d6f6afc96280e4b3ef6294d64d1167452f,H4,1,298,334,4909,5252,5215,5597
edit_write,e5feaf72a5564ee9e88ab2df002883d6f6afc96280e4b3ef6294d64d1167452f,H4,2,272,310,4882,5262,5134,5559
edit_write,e640032fcb4b41cabefdda40065e68885bee492b6898b5507867044f4955ac77,H1,0,43,51,39196,53494,39234,53545
edit_write,e640032fcb4b41cabefdda40065e68885bee492b6898b5507867044f4955ac77,H1,1,38,69,39970,52248,40031,52318
edit_write,e640032fcb4b41cabefdda40065e68885bee492b6898b5507867044f4955ac77,H1,2,38,48,39582,51261,39626,51302
edit_write,e640032fcb4b41cabefdda40065e68885bee492b6898b5507867044f4955ac77,H2,0,56,97,12568,13346,12617,13432
edit_write,e640032fcb4b41cabefdda40065e68885bee492b6898b5507867044f4955ac77,H2,1,79,117,12487,13407,12556,13543
edit_write,e640032fcb4b41cabefdda40065e68885bee492b6898b5507867044f4955ac77,H2,2,85,122,12380,13754,12476,13857
edit_write,e640032fcb4b41cabefdda40065e68885bee492b6898b5507867044f4955ac77,H0,0,43,47,26562,28368,26606,28417
edit_write,e640032fcb4b41cabefdda40065e68885bee492b6898b5507867044f4955ac77,H0,1,29,38,27220,40405,27258,40433
edit_write,e640032fcb4b41cabefdda40065e68885bee492b6898b5507867044f4955ac77,H0,2,32,47,26222,31138,26254,31167
edit_write,e640032fcb4b41cabefdda40065e68885bee492b6898b5507867044f4955ac77,H3,0,1783,1899,9136,9804,10911,11607
edit_write,e640032fcb4b41cabefdda40065e68885bee492b6898b5507867044f4955ac77,H3,1,1761,1960,9116,9896,10878,11856
edit_write,e640032fcb4b41cabefdda40065e68885bee492b6898b5507867044f4955ac77,H3,2,1737,1966,8863,9833,10603,11738
edit_write,e640032fcb4b41cabefdda40065e68885bee492b6898b5507867044f4955ac77,H4,0,244,313,5519,6454,5765,6726
edit_write,e640032fcb4b41cabefdda40065e68885bee492b6898b5507867044f4955ac77,H4,1,279,308,5572,6222,5840,6514
edit_write,e640032fcb4b41cabefdda40065e68885bee492b6898b5507867044f4955ac77,H4,2,269,593,5667,11623,5970,12239
edit_write,e650830d8dfdf9ba117cae8186a3a497fef863f83c0ac1b3c9c87ecd795d3fe4,H1,0,44,52,78165,98376,78208,98417
edit_write,e650830d8dfdf9ba117cae8186a3a497fef863f83c0ac1b3c9c87ecd795d3fe4,H1,1,69,74,78412,85801,78486,85867
edit_write,e650830d8dfdf9ba117cae8186a3a497fef863f83c0ac1b3c9c87ecd795d3fe4,H1,2,52,60,75179,88579,75231,88639
edit_write,e650830d8dfdf9ba117cae8186a3a497fef863f83c0ac1b3c9c87ecd795d3fe4,H2,0,114,163,28840,30856,28928,30990
edit_write,e650830d8dfdf9ba117cae8186a3a497fef863f83c0ac1b3c9c87ecd795d3fe4,H2,1,110,140,28909,34973,29009,35077
edit_write,e650830d8dfdf9ba117cae8186a3a497fef863f83c0ac1b3c9c87ecd795d3fe4,H2,2,129,162,28945,31333,29048,31487
edit_write,e650830d8dfdf9ba117cae8186a3a497fef863f83c0ac1b3c9c87ecd795d3fe4,H0,0,45,55,49826,63042,49869,63090
edit_write,e650830d8dfdf9ba117cae8186a3a497fef863f83c0ac1b3c9c87ecd795d3fe4,H0,1,37,46,49271,50069,49308,50123
edit_write,e650830d8dfdf9ba117cae8186a3a497fef863f83c0ac1b3c9c87ecd795d3fe4,H0,2,31,60,48908,68462,48938,68493
edit_write,e650830d8dfdf9ba117cae8186a3a497fef863f83c0ac1b3c9c87ecd795d3fe4,H3,0,3476,3656,25210,36812,28649,40446
edit_write,e650830d8dfdf9ba117cae8186a3a497fef863f83c0ac1b3c9c87ecd795d3fe4,H3,1,3526,3638,25456,25961,29025,29533
edit_write,e650830d8dfdf9ba117cae8186a3a497fef863f83c0ac1b3c9c87ecd795d3fe4,H3,2,3455,3758,25457,27343,28900,31002
edit_write,e650830d8dfdf9ba117cae8186a3a497fef863f83c0ac1b3c9c87ecd795d3fe4,H4,0,533,599,17482,18752,18001,19353
edit_write,e650830d8dfdf9ba117cae8186a3a497fef863f83c0ac1b3c9c87ecd795d3fe4,H4,1,536,601,16888,17311,17448,17865
edit_write,e650830d8dfdf9ba117cae8186a3a497fef863f83c0ac1b3c9c87ecd795d3fe4,H4,2,539,611,17079,28826,17595,29385
edit_write,e68cd754c3dac6c5c22c04510cdf4a6e94ab2156c9c8dee1092ac354741ac651,H1,0,43,51,68039,80121,68082,80168
edit_write,e68cd754c3dac6c5c22c04510cdf4a6e94ab2156c9c8dee1092ac354741ac651,H1,1,46,65,67756,74533,67794,74579
edit_write,e68cd754c3dac6c5c22c04510cdf4a6e94ab2156c9c8dee1092ac354741ac651,H1,2,36,40,67743,88688,67781,88724
edit_write,e68cd754c3dac6c5c22c04510cdf4a6e94ab2156c9c8dee1092ac354741ac651,H2,0,90,118,15751,17152,15852,17290
edit_write,e68cd754c3dac6c5c22c04510cdf4a6e94ab2156c9c8dee1092ac354741ac651,H2,1,90,135,15685,16980,15791,17115
edit_write,e68cd754c3dac6c5c22c04510cdf4a6e94ab2156c9c8dee1092ac354741ac651,H2,2,123,145,15612,20561,15744,20694
edit_write,e68cd754c3dac6c5c22c04510cdf4a6e94ab2156c9c8dee1092ac354741ac651,H0,0,46,71,42862,55357,42914,55398
edit_write,e68cd754c3dac6c5c22c04510cdf4a6e94ab2156c9c8dee1092ac354741ac651,H0,1,36,40,42097,43607,42130,43646
edit_write,e68cd754c3dac6c5c22c04510cdf4a6e94ab2156c9c8dee1092ac354741ac651,H0,2,32,42,41994,55531,42030,55559
edit_write,e68cd754c3dac6c5c22c04510cdf4a6e94ab2156c9c8dee1092ac354741ac651,H3,0,2053,2234,12319,13422,14316,15525
edit_write,e68cd754c3dac6c5c22c04510cdf4a6e94ab2156c9c8dee1092ac354741ac651,H3,1,2138,2268,12267,12748,14377,14937
edit_write,e68cd754c3dac6c5c22c04510cdf4a6e94ab2156c9c8dee1092ac354741ac651,H3,2,2008,2239,11970,13341,13939,15576
edit_write,e68cd754c3dac6c5c22c04510cdf4a6e94ab2156c9c8dee1092ac354741ac651,H4,0,413,466,8211,19747,8588,20188
edit_write,e68cd754c3dac6c5c22c04510cdf4a6e94ab2156c9c8dee1092ac354741ac651,H4,1,433,508,8895,9968,9377,20853
edit_write,e68cd754c3dac6c5c22c04510cdf4a6e94ab2156c9c8dee1092ac354741ac651,H4,2,403,437,7998,8598,8415,9021
edit_write,e9cac494e2a3b9d05dc05c8eeffb7d84337317220ec3075084bacbfb9ae3155f,H1,0,44,57,40576,53019,40626,53083
edit_write,e9cac494e2a3b9d05dc05c8eeffb7d84337317220ec3075084bacbfb9ae3155f,H1,1,61,95,40833,55831,40880,55909
edit_write,e9cac494e2a3b9d05dc05c8eeffb7d84337317220ec3075084bacbfb9ae3155f,H1,2,42,48,40435,42942,40477,42985
edit_write,e9cac494e2a3b9d05dc05c8eeffb7d84337317220ec3075084bacbfb9ae3155f,H2,0,63,109,11598,12331,11671,12433
edit_write,e9cac494e2a3b9d05dc05c8eeffb7d84337317220ec3075084bacbfb9ae3155f,H2,1,55,74,11679,12273,11753,12319
edit_write,e9cac494e2a3b9d05dc05c8eeffb7d84337317220ec3075084bacbfb9ae3155f,H2,2,83,109,11292,11581,11373,11690
edit_write,e9cac494e2a3b9d05dc05c8eeffb7d84337317220ec3075084bacbfb9ae3155f,H0,0,43,51,27614,30039,27657,30069
edit_write,e9cac494e2a3b9d05dc05c8eeffb7d84337317220ec3075084bacbfb9ae3155f,H0,1,33,41,27342,41514,27374,41553
edit_write,e9cac494e2a3b9d05dc05c8eeffb7d84337317220ec3075084bacbfb9ae3155f,H0,2,32,58,26999,27614,27032,27641
edit_write,e9cac494e2a3b9d05dc05c8eeffb7d84337317220ec3075084bacbfb9ae3155f,H3,0,1510,1623,7846,8663,9336,10249
edit_write,e9cac494e2a3b9d05dc05c8eeffb7d84337317220ec3075084bacbfb9ae3155f,H3,1,1453,1567,7897,8552,9360,10045
edit_write,e9cac494e2a3b9d05dc05c8eeffb7d84337317220ec3075084bacbfb9ae3155f,H3,2,1483,1558,7830,8192,9296,9720
edit_write,e9cac494e2a3b9d05dc05c8eeffb7d84337317220ec3075084bacbfb9ae3155f,H4,0,242,265,4537,5075,4782,5351
edit_write,e9cac494e2a3b9d05dc05c8eeffb7d84337317220ec3075084bacbfb9ae3155f,H4,1,275,316,4987,5528,5282,5827
edit_write,e9cac494e2a3b9d05dc05c8eeffb7d84337317220ec3075084bacbfb9ae3155f,H4,2,235,292,4699,5354,4944,5646
edit_write,ea21bb524195d67cb8bd7e44d83f9b06b41e4674b76beefe64e748dc9dcb09d5,H1,0,45,55,72108,94688,72152,94738
edit_write,ea21bb524195d67cb8bd7e44d83f9b06b41e4674b76beefe64e748dc9dcb09d5,H1,1,69,74,72947,93248,72992,93318
edit_write,ea21bb524195d67cb8bd7e44d83f9b06b41e4674b76beefe64e748dc9dcb09d5,H1,2,36,48,72585,86423,72619,86461
edit_write,ea21bb524195d67cb8bd7e44d83f9b06b41e4674b76beefe64e748dc9dcb09d5,H2,0,110,146,26454,45682,26556,45791
edit_write,ea21bb524195d67cb8bd7e44d83f9b06b41e4674b76beefe64e748dc9dcb09d5,H2,1,114,200,26527,41912,26640,42133
edit_write,ea21bb524195d67cb8bd7e44d83f9b06b41e4674b76beefe64e748dc9dcb09d5,H2,2,142,274,27979,44940,28140,45396
edit_write,ea21bb524195d67cb8bd7e44d83f9b06b41e4674b76beefe64e748dc9dcb09d5,H0,0,45,56,48888,60944,48932,60988
edit_write,ea21bb524195d67cb8bd7e44d83f9b06b41e4674b76beefe64e748dc9dcb09d5,H0,1,37,50,47810,68148,47841,68185
edit_write,ea21bb524195d67cb8bd7e44d83f9b06b41e4674b76beefe64e748dc9dcb09d5,H0,2,33,45,47490,59708,47521,59744
edit_write,ea21bb524195d67cb8bd7e44d83f9b06b41e4674b76beefe64e748dc9dcb09d5,H3,0,3449,3738,22665,24731,26157,28469
edit_write,ea21bb524195d67cb8bd7e44d83f9b06b41e4674b76beefe64e748dc9dcb09d5,H3,1,3613,3988,23121,41462,26746,45025
edit_write,ea21bb524195d67cb8bd7e44d83f9b06b41e4674b76beefe64e748dc9dcb09d5,H3,2,3534,3905,23162,41737,26646,45222
edit_write,ea21bb524195d67cb8bd7e44d83f9b06b41e4674b76beefe64e748dc9dcb09d5,H4,0,525,577,14924,16026,15441,16530
edit_write,ea21bb524195d67cb8bd7e44d83f9b06b41e4674b76beefe64e748dc9dcb09d5,H4,1,535,581,15258,16670,15778,17205
edit_write,ea21bb524195d67cb8bd7e44d83f9b06b41e4674b76beefe64e748dc9dcb09d5,H4,2,522,613,15596,17112,16120,17725
edit_write,eaada7a97bf42c495f0e4a30c807aab4230e1c800c17df3e814742137b46ac65,H1,0,44,55,33985,36071,34034,36115
edit_write,eaada7a97bf42c495f0e4a30c807aab4230e1c800c17df3e814742137b46ac65,H1,1,46,74,33936,52489,34011,52533
edit_write,eaada7a97bf42c495f0e4a30c807aab4230e1c800c17df3e814742137b46ac65,H1,2,42,48,33601,34743,33642,34783
edit_write,eaada7a97bf42c495f0e4a30c807aab4230e1c800c17df3e814742137b46ac65,H2,0,81,122,9516,10383,9587,10449
edit_write,eaada7a97bf42c495f0e4a30c807aab4230e1c800c17df3e814742137b46ac65,H2,1,68,118,9492,14662,9555,14733
edit_write,eaada7a97bf42c495f0e4a30c807aab4230e1c800c17df3e814742137b46ac65,H2,2,78,107,8968,9239,9050,9307
edit_write,eaada7a97bf42c495f0e4a30c807aab4230e1c800c17df3e814742137b46ac65,H0,0,45,63,27767,33734,27812,33784
edit_write,eaada7a97bf42c495f0e4a30c807aab4230e1c800c17df3e814742137b46ac65,H0,1,34,49,24093,25526,24131,25567
edit_write,eaada7a97bf42c495f0e4a30c807aab4230e1c800c17df3e814742137b46ac65,H0,2,31,53,23719,24181,23759,24234
edit_write,eaada7a97bf42c495f0e4a30c807aab4230e1c800c17df3e814742137b46ac65,H3,0,1510,1658,7364,8053,8894,9664
edit_write,eaada7a97bf42c495f0e4a30c807aab4230e1c800c17df3e814742137b46ac65,H3,1,1449,1597,6993,7579,8446,9168
edit_write,eaada7a97bf42c495f0e4a30c807aab4230e1c800c17df3e814742137b46ac65,H3,2,1441,1537,7017,7434,8436,8961
edit_write,eaada7a97bf42c495f0e4a30c807aab4230e1c800c17df3e814742137b46ac65,H4,0,170,200,4473,5033,4667,5228
edit_write,eaada7a97bf42c495f0e4a30c807aab4230e1c800c17df3e814742137b46ac65,H4,1,194,245,4517,5214,4731,5427
edit_write,eaada7a97bf42c495f0e4a30c807aab4230e1c800c17df3e814742137b46ac65,H4,2,153,183,4509,4966,4682,5118
edit_write,ecdec5e939c073acfbc351d68258389a216c2463007458b61e13705fe5f37f2e,H1,0,46,61,34024,36065,34079,36109
edit_write,ecdec5e939c073acfbc351d68258389a216c2463007458b61e13705fe5f37f2e,H1,1,51,66,33770,39781,33834,39843
edit_write,ecdec5e939c073acfbc351d68258389a216c2463007458b61e13705fe5f37f2e,H1,2,34,49,33653,35930,33682,35972
edit_write,ecdec5e939c073acfbc351d68258389a216c2463007458b61e13705fe5f37f2e,H2,0,71,108,9227,10285,9327,10388
edit_write,ecdec5e939c073acfbc351d68258389a216c2463007458b61e13705fe5f37f2e,H2,1,69,93,9745,21236,9815,21314
edit_write,ecdec5e939c073acfbc351d68258389a216c2463007458b61e13705fe5f37f2e,H2,2,87,129,9409,10186,9496,10282
edit_write,ecdec5e939c073acfbc351d68258389a216c2463007458b61e13705fe5f37f2e,H0,0,44,50,24436,29866,24487,29908
edit_write,ecdec5e939c073acfbc351d68258389a216c2463007458b61e13705fe5f37f2e,H0,1,46,54,24222,25641,24274,25689
edit_write,ecdec5e939c073acfbc351d68258389a216c2463007458b61e13705fe5f37f2e,H0,2,42,53,23727,29194,23762,29247
edit_write,ecdec5e939c073acfbc351d68258389a216c2463007458b61e13705fe5f37f2e,H3,0,1442,1576,6970,7702,8490,9363
edit_write,ecdec5e939c073acfbc351d68258389a216c2463007458b61e13705fe5f37f2e,H3,1,1438,1563,7222,7870,8665,9369
edit_write,ecdec5e939c073acfbc351d68258389a216c2463007458b61e13705fe5f37f2e,H3,2,1302,1486,7175,7778,8524,9264
edit_write,ecdec5e939c073acfbc351d68258389a216c2463007458b61e13705fe5f37f2e,H4,0,171,205,4431,5138,4597,5337
edit_write,ecdec5e939c073acfbc351d68258389a216c2463007458b61e13705fe5f37f2e,H4,1,213,258,4595,5160,4805,5413
edit_write,ecdec5e939c073acfbc351d68258389a216c2463007458b61e13705fe5f37f2e,H4,2,152,188,4378,5028,4525,5207
edit_write,ed06094607cb4185d6f5db2ecf7d05957677881858b80727b1800d83b894e324,H1,0,45,54,10509,11161,10563,11206
edit_write,ed06094607cb4185d6f5db2ecf7d05957677881858b80727b1800d83b894e324,H1,1,41,52,10500,11386,10550,11435
edit_write,ed06094607cb4185d6f5db2ecf7d05957677881858b80727b1800d83b894e324,H1,2,38,42,10090,10844,10127,10885
edit_write,ed06094607cb4185d6f5db2ecf7d05957677881858b80727b1800d83b894e324,H2,0,92,108,15791,21726,15883,21794
edit_write,ed06094607cb4185d6f5db2ecf7d05957677881858b80727b1800d83b894e324,H2,1,79,91,16026,20953,16105,21033
edit_write,ed06094607cb4185d6f5db2ecf7d05957677881858b80727b1800d83b894e324,H2,2,100,123,15631,17283,15756,17406
edit_write,ed06094607cb4185d6f5db2ecf7d05957677881858b80727b1800d83b894e324,H0,0,44,61,53131,68588,53176,68632
edit_write,ed06094607cb4185d6f5db2ecf7d05957677881858b80727b1800d83b894e324,H0,1,35,41,53313,69077,53347,69114
edit_write,ed06094607cb4185d6f5db2ecf7d05957677881858b80727b1800d83b894e324,H0,2,44,51,52615,71596,52662,71639
edit_write,ed06094607cb4185d6f5db2ecf7d05957677881858b80727b1800d83b894e324,H3,0,2626,2830,12936,14022,15550,16904
edit_write,ed06094607cb4185d6f5db2ecf7d05957677881858b80727b1800d83b894e324,H3,1,2520,2722,12982,24643,15490,27326
edit_write,ed06094607cb4185d6f5db2ecf7d05957677881858b80727b1800d83b894e324,H3,2,2614,14417,13133,17683,15707,27988
edit_write,ed06094607cb4185d6f5db2ecf7d05957677881858b80727b1800d83b894e324,H4,0,265,327,10454,11200,10725,11473
edit_write,ed06094607cb4185d6f5db2ecf7d05957677881858b80727b1800d83b894e324,H4,1,236,274,10690,11667,10935,11936
edit_write,ed06094607cb4185d6f5db2ecf7d05957677881858b80727b1800d83b894e324,H4,2,240,277,10423,11544,10664,11809
edit_write,eea2d13af08d21f480e48d99d66b662ea0ade4cab0824f11b9d295994355b76b,H1,0,44,59,9378,10398,9428,10449
edit_write,eea2d13af08d21f480e48d99d66b662ea0ade4cab0824f11b9d295994355b76b,H1,1,44,62,9343,9598,9393,9647
edit_write,eea2d13af08d21f480e48d99d66b662ea0ade4cab0824f11b9d295994355b76b,H1,2,43,51,9301,9809,9343,9877
edit_write,eea2d13af08d21f480e48d99d66b662ea0ade4cab0824f11b9d295994355b76b,H2,0,63,100,12348,17389,12414,17441
edit_write,eea2d13af08d21f480e48d99d66b662ea0ade4cab0824f11b9d295994355b76b,H2,1,88,123,12483,13185,12606,13275
edit_write,eea2d13af08d21f480e48d99d66b662ea0ade4cab0824f11b9d295994355b76b,H2,2,81,114,12453,13182,12552,13288
edit_write,eea2d13af08d21f480e48d99d66b662ea0ade4cab0824f11b9d295994355b76b,H0,0,43,48,6114,6800,6157,6848
edit_write,eea2d13af08d21f480e48d99d66b662ea0ade4cab0824f11b9d295994355b76b,H0,1,34,65,6266,6756,6297,6790
edit_write,eea2d13af08d21f480e48d99d66b662ea0ade4cab0824f11b9d295994355b76b,H0,2,26,64,6033,6215,6055,6283
edit_write,eea2d13af08d21f480e48d99d66b662ea0ade4cab0824f11b9d295994355b76b,H3,0,1209,1333,9626,21291,10893,22473
edit_write,eea2d13af08d21f480e48d99d66b662ea0ade4cab0824f11b9d295994355b76b,H3,1,1153,1250,9227,9706,10349,10905
edit_write,eea2d13af08d21f480e48d99d66b662ea0ade4cab0824f11b9d295994355b76b,H3,2,1160,1318,9335,10025,10532,11332
edit_write,eea2d13af08d21f480e48d99d66b662ea0ade4cab0824f11b9d295994355b76b,H4,0,209,244,7077,7890,7288,8163
edit_write,eea2d13af08d21f480e48d99d66b662ea0ade4cab0824f11b9d295994355b76b,H4,1,231,263,7098,7383,7313,7645
edit_write,eea2d13af08d21f480e48d99d66b662ea0ade4cab0824f11b9d295994355b76b,H4,2,227,275,7200,7545,7408,7810
edit_write,efa53e1dd58dda0beb91a1de8b32601841c003215d06acf68ccdfd32ebae72b2,H1,0,44,50,16691,17605,16733,17653
edit_write,efa53e1dd58dda0beb91a1de8b32601841c003215d06acf68ccdfd32ebae72b2,H1,1,47,72,17029,33846,17075,33891
edit_write,efa53e1dd58dda0beb91a1de8b32601841c003215d06acf68ccdfd32ebae72b2,H1,2,35,39,17014,23498,17050,23528
edit_write,efa53e1dd58dda0beb91a1de8b32601841c003215d06acf68ccdfd32ebae72b2,H2,0,68,108,16488,17846,16551,17925
edit_write,efa53e1dd58dda0beb91a1de8b32601841c003215d06acf68ccdfd32ebae72b2,H2,1,79,107,16580,18117,16688,18208
edit_write,efa53e1dd58dda0beb91a1de8b32601841c003215d06acf68ccdfd32ebae72b2,H2,2,90,122,16146,16601,16236,16719
edit_write,efa53e1dd58dda0beb91a1de8b32601841c003215d06acf68ccdfd32ebae72b2,H0,0,46,58,31688,50680,31732,50723
edit_write,efa53e1dd58dda0beb91a1de8b32601841c003215d06acf68ccdfd32ebae72b2,H0,1,37,56,32330,43636,32366,43687
edit_write,efa53e1dd58dda0beb91a1de8b32601841c003215d06acf68ccdfd32ebae72b2,H0,2,28,57,32257,36736,32284,36793
edit_write,efa53e1dd58dda0beb91a1de8b32601841c003215d06acf68ccdfd32ebae72b2,H3,0,1869,2023,12727,13549,14605,15806
edit_write,efa53e1dd58dda0beb91a1de8b32601841c003215d06acf68ccdfd32ebae72b2,H3,1,1811,1965,12570,14051,14363,15997
edit_write,efa53e1dd58dda0beb91a1de8b32601841c003215d06acf68ccdfd32ebae72b2,H3,2,1746,1968,12584,14015,14330,15858
edit_write,efa53e1dd58dda0beb91a1de8b32601841c003215d06acf68ccdfd32ebae72b2,H4,0,326,360,6816,7458,7140,7798
edit_write,efa53e1dd58dda0beb91a1de8b32601841c003215d06acf68ccdfd32ebae72b2,H4,1,334,392,7015,7754,7350,8146
edit_write,efa53e1dd58dda0beb91a1de8b32601841c003215d06acf68ccdfd32ebae72b2,H4,2,304,358,7106,7303,7421,7689
edit_write,f0169860a0c6b378bb91f1a12cd5e204c6dc5b560ca705883adea0ddaa96eb3b,H1,0,44,48,33971,44979,34018,45024
edit_write,f0169860a0c6b378bb91f1a12cd5e204c6dc5b560ca705883adea0ddaa96eb3b,H1,1,46,69,33574,53226,33615,53287
edit_write,f0169860a0c6b378bb91f1a12cd5e204c6dc5b560ca705883adea0ddaa96eb3b,H1,2,33,40,33991,40516,34019,40547
edit_write,f0169860a0c6b378bb91f1a12cd5e204c6dc5b560ca705883adea0ddaa96eb3b,H2,0,78,115,8672,9941,8741,10029
edit_write,f0169860a0c6b378bb91f1a12cd5e204c6dc5b560ca705883adea0ddaa96eb3b,H2,1,99,126,8903,9543,9003,9635
edit_write,f0169860a0c6b378bb91f1a12cd5e204c6dc5b560ca705883adea0ddaa96eb3b,H2,2,87,130,8465,8815,8556,8941
edit_write,f0169860a0c6b378bb91f1a12cd5e204c6dc5b560ca705883adea0ddaa96eb3b,H0,0,44,59,21164,22548,21209,22600
edit_write,f0169860a0c6b378bb91f1a12cd5e204c6dc5b560ca705883adea0ddaa96eb3b,H0,1,36,55,22690,26592,22728,26633
edit_write,f0169860a0c6b378bb91f1a12cd5e204c6dc5b560ca705883adea0ddaa96eb3b,H0,2,32,48,19550,20255,19577,20303
edit_write,f0169860a0c6b378bb91f1a12cd5e204c6dc5b560ca705883adea0ddaa96eb3b,H3,0,1289,1413,6503,6916,7792,8297
edit_write,f0169860a0c6b378bb91f1a12cd5e204c6dc5b560ca705883adea0ddaa96eb3b,H3,1,1303,1439,6598,7595,7929,9097
edit_write,f0169860a0c6b378bb91f1a12cd5e204c6dc5b560ca705883adea0ddaa96eb3b,H3,2,1202,1425,6693,7020,7891,8358
edit_write,f0169860a0c6b378bb91f1a12cd5e204c6dc5b560ca705883adea0ddaa96eb3b,H4,0,175,199,4078,4850,4255,5061
edit_write,f0169860a0c6b378bb91f1a12cd5e204c6dc5b560ca705883adea0ddaa96eb3b,H4,1,217,269,4259,4691,4480,4960
edit_write,f0169860a0c6b378bb91f1a12cd5e204c6dc5b560ca705883adea0ddaa96eb3b,H4,2,174,181,4086,4325,4264,4506
edit_write,f04d74d299bbbd0534aece43e862eb7221ca297f507f3c33be935acf5c5b2a69,H1,0,43,52,67944,80597,67986,80640
edit_write,f04d74d299bbbd0534aece43e862eb7221ca297f507f3c33be935acf5c5b2a69,H1,1,53,74,67810,82583,67860,82651
edit_write,f04d74d299bbbd0534aece43e862eb7221ca297f507f3c33be935acf5c5b2a69,H1,2,40,46,67755,79607,67794,79650
edit_write,f04d74d299bbbd0534aece43e862eb7221ca297f507f3c33be935acf5c5b2a69,H2,0,89,116,18142,19968,18251,20077
edit_write,f04d74d299bbbd0534aece43e862eb7221ca297f507f3c33be935acf5c5b2a69,H2,1,94,138,18372,19687,18452,19778
edit_write,f04d74d299bbbd0534aece43e862eb7221ca297f507f3c33be935acf5c5b2a69,H2,2,116,139,17946,18502,18071,18598
edit_write,f04d74d299bbbd0534aece43e862eb7221ca297f507f3c33be935acf5c5b2a69,H0,0,43,56,43144,55804,43185,55854
edit_write,f04d74d299bbbd0534aece43e862eb7221ca297f507f3c33be935acf5c5b2a69,H0,1,33,38,41402,59224,41432,59254
edit_write,f04d74d299bbbd0534aece43e862eb7221ca297f507f3c33be935acf5c5b2a69,H0,2,33,45,43090,49945,43123,49979
edit_write,f04d74d299bbbd0534aece43e862eb7221ca297f507f3c33be935acf5c5b2a69,H3,0,2895,3114,15253,16306,18135,19428
edit_write,f04d74d299bbbd0534aece43e862eb7221ca297f507f3c33be935acf5c5b2a69,H3,1,2929,3132,15009,16223,17923,19394
edit_write,f04d74d299bbbd0534aece43e862eb7221ca297f507f3c33be935acf5c5b2a69,H3,2,3028,3164,15368,16316,18446,19558
edit_write,f04d74d299bbbd0534aece43e862eb7221ca297f507f3c33be935acf5c5b2a69,H4,0,413,443,9915,11172,10321,11615
edit_write,f04d74d299bbbd0534aece43e862eb7221ca297f507f3c33be935acf5c5b2a69,H4,1,412,471,10085,11151,10479,11577
edit_write,f04d74d299bbbd0534aece43e862eb7221ca297f507f3c33be935acf5c5b2a69,H4,2,375,429,9998,10518,10366,10917
edit_write,f0831dd6b564b80e4230d3b4f546ff93b7c65d37018a3b627385ef6a6b90d282,H1,0,47,102,28352,52638,28396,52729
edit_write,f0831dd6b564b80e4230d3b4f546ff93b7c65d37018a3b627385ef6a6b90d282,H1,1,45,66,26351,27896,26394,27968
edit_write,f0831dd6b564b80e4230d3b4f546ff93b7c65d37018a3b627385ef6a6b90d282,H1,2,34,37,27104,29459,27137,29496
edit_write,f0831dd6b564b80e4230d3b4f546ff93b7c65d37018a3b627385ef6a6b90d282,H2,0,97,116,30091,39580,30205,39645
edit_write,f0831dd6b564b80e4230d3b4f546ff93b7c65d37018a3b627385ef6a6b90d282,H2,1,98,117,28820,39627,28935,39714
edit_write,f0831dd6b564b80e4230d3b4f546ff93b7c65d37018a3b627385ef6a6b90d282,H2,2,111,148,27952,46064,28063,46205
edit_write,f0831dd6b564b80e4230d3b4f546ff93b7c65d37018a3b627385ef6a6b90d282,H0,0,45,51,16504,18220,16549,18267
edit_write,f0831dd6b564b80e4230d3b4f546ff93b7c65d37018a3b627385ef6a6b90d282,H0,1,32,39,15675,16667,15707,16702
edit_write,f0831dd6b564b80e4230d3b4f546ff93b7c65d37018a3b627385ef6a6b90d282,H0,2,30,41,16009,17248,16041,17297
edit_write,f0831dd6b564b80e4230d3b4f546ff93b7c65d37018a3b627385ef6a6b90d282,H3,0,1115,1226,26833,38342,27935,39446
edit_write,f0831dd6b564b80e4230d3b4f546ff93b7c65d37018a3b627385ef6a6b90d282,H3,1,1084,1174,27576,39601,28615,40672
edit_write,f0831dd6b564b80e4230d3b4f546ff93b7c65d37018a3b627385ef6a6b90d282,H3,2,961,1183,26766,28776,27696,29959
edit_write,f0831dd6b564b80e4230d3b4f546ff93b7c65d37018a3b627385ef6a6b90d282,H4,0,182,239,28208,30315,28410,30536
edit_write,f0831dd6b564b80e4230d3b4f546ff93b7c65d37018a3b627385ef6a6b90d282,H4,1,231,296,27005,44226,27211,44491
edit_write,f0831dd6b564b80e4230d3b4f546ff93b7c65d37018a3b627385ef6a6b90d282,H4,2,197,269,26551,38890,26771,39120
edit_write,f0d5cc7a6c9b30f6f232856b70010a25dadae1686c1f0a146a179f2209d24641,H1,0,43,49,68944,89594,68986,89637
edit_write,f0d5cc7a6c9b30f6f232856b70010a25dadae1686c1f0a146a179f2209d24641,H1,1,51,73,67395,89135,67445,89209
edit_write,f0d5cc7a6c9b30f6f232856b70010a25dadae1686c1f0a146a179f2209d24641,H1,2,38,41,69011,89591,69048,89627
edit_write,f0d5cc7a6c9b30f6f232856b70010a25dadae1686c1f0a146a179f2209d24641,H2,0,93,123,17546,19192,17628,19292
edit_write,f0d5cc7a6c9b30f6f232856b70010a25dadae1686c1f0a146a179f2209d24641,H2,1,118,151,17798,19357,17922,19504
edit_write,f0d5cc7a6c9b30f6f232856b70010a25dadae1686c1f0a146a179f2209d24641,H2,2,121,136,17503,18645,17624,18763
edit_write,f0d5cc7a6c9b30f6f232856b70010a25dadae1686c1f0a146a179f2209d24641,H0,0,45,53,42920,57224,42968,57272
edit_write,f0d5cc7a6c9b30f6f232856b70010a25dadae1686c1f0a146a179f2209d24641,H0,1,36,60,42778,55323,42813,55384
edit_write,f0d5cc7a6c9b30f6f232856b70010a25dadae1686c1f0a146a179f2209d24641,H0,2,30,58,43537,56397,43564,56429
edit_write,f0d5cc7a6c9b30f6f232856b70010a25dadae1686c1f0a146a179f2209d24641,H3,0,2704,2900,13833,15131,16518,17893
edit_write,f0d5cc7a6c9b30f6f232856b70010a25dadae1686c1f0a146a179f2209d24641,H3,1,2739,3009,14106,19184,16847,29027
edit_write,f0d5cc7a6c9b30f6f232856b70010a25dadae1686c1f0a146a179f2209d24641,H3,2,2813,3099,14508,15805,17427,28543
edit_write,f0d5cc7a6c9b30f6f232856b70010a25dadae1686c1f0a146a179f2209d24641,H4,0,393,433,9247,20621,9598,21054
edit_write,f0d5cc7a6c9b30f6f232856b70010a25dadae1686c1f0a146a179f2209d24641,H4,1,412,459,9375,20633,9793,21027
edit_write,f0d5cc7a6c9b30f6f232856b70010a25dadae1686c1f0a146a179f2209d24641,H4,2,403,446,9191,20320,9568,20748
edit_write,f1fcb363f1117d7452505ae334f87fe70b6acee470a6f796c6441aabda4db061,H1,0,43,52,25303,26808,25343,26851
edit_write,f1fcb363f1117d7452505ae334f87fe70b6acee470a6f796c6441aabda4db061,H1,1,52,75,26302,39985,26377,40032
edit_write,f1fcb363f1117d7452505ae334f87fe70b6acee470a6f796c6441aabda4db061,H1,2,43,47,25051,31862,25095,31908
edit_write,f1fcb363f1117d7452505ae334f87fe70b6acee470a6f796c6441aabda4db061,H2,0,85,111,10007,11091,10087,11189
edit_write,f1fcb363f1117d7452505ae334f87fe70b6acee470a6f796c6441aabda4db061,H2,1,67,104,10939,11739,11005,11831
edit_write,f1fcb363f1117d7452505ae334f87fe70b6acee470a6f796c6441aabda4db061,H2,2,83,113,9617,10483,9691,10596
edit_write,f1fcb363f1117d7452505ae334f87fe70b6acee470a6f796c6441aabda4db061,H0,0,46,58,15656,16812,15704,16861
edit_write,f1fcb363f1117d7452505ae334f87fe70b6acee470a6f796c6441aabda4db061,H0,1,35,51,15723,17389,15760,17431
edit_write,f1fcb363f1117d7452505ae334f87fe70b6acee470a6f796c6441aabda4db061,H0,2,31,43,15357,16759,15385,16781
edit_write,f1fcb363f1117d7452505ae334f87fe70b6acee470a6f796c6441aabda4db061,H3,0,1452,1633,7771,8570,9159,10203
edit_write,f1fcb363f1117d7452505ae334f87fe70b6acee470a6f796c6441aabda4db061,H3,1,1498,1665,8203,9065,9702,10730
edit_write,f1fcb363f1117d7452505ae334f87fe70b6acee470a6f796c6441aabda4db061,H3,2,1306,1459,7520,8411,8825,9900
edit_write,f1fcb363f1117d7452505ae334f87fe70b6acee470a6f796c6441aabda4db061,H4,0,194,241,5129,5458,5352,5655
edit_write,f1fcb363f1117d7452505ae334f87fe70b6acee470a6f796c6441aabda4db061,H4,1,203,247,5218,6133,5443,6375
edit_write,f1fcb363f1117d7452505ae334f87fe70b6acee470a6f796c6441aabda4db061,H4,2,170,220,5224,5696,5404,5926
edit_write,f2a00553931d7e619d072d03abfb651dca5066cb32356f2d8aa4b45588138914,H1,0,44,48,15428,28581,15471,28622
edit_write,f2a00553931d7e619d072d03abfb651dca5066cb32356f2d8aa4b45588138914,H1,1,46,68,15720,17664,15764,17718
edit_write,f2a00553931d7e619d072d03abfb651dca5066cb32356f2d8aa4b45588138914,H1,2,32,58,15515,16475,15542,16504
edit_write,f2a00553931d7e619d072d03abfb651dca5066cb32356f2d8aa4b45588138914,H2,0,64,97,5951,6445,6015,6508
edit_write,f2a00553931d7e619d072d03abfb651dca5066cb32356f2d8aa4b45588138914,H2,1,63,80,6560,7470,6627,7556
edit_write,f2a00553931d7e619d072d03abfb651dca5066cb32356f2d8aa4b45588138914,H2,2,80,116,5758,6417,5846,6533
edit_write,f2a00553931d7e619d072d03abfb651dca5066cb32356f2d8aa4b45588138914,H0,0,43,56,11527,23396,11572,23442
edit_write,f2a00553931d7e619d072d03abfb651dca5066cb32356f2d8aa4b45588138914,H0,1,33,46,11416,23211,11459,23243
edit_write,f2a00553931d7e619d072d03abfb651dca5066cb32356f2d8aa4b45588138914,H0,2,28,37,11685,12664,11713,12716
edit_write,f2a00553931d7e619d072d03abfb651dca5066cb32356f2d8aa4b45588138914,H3,0,886,1045,4850,5390,5777,6390
edit_write,f2a00553931d7e619d072d03abfb651dca5066cb32356f2d8aa4b45588138914,H3,1,922,1034,4931,5291,5843,6397
edit_write,f2a00553931d7e619d072d03abfb651dca5066cb32356f2d8aa4b45588138914,H3,2,819,945,4509,4819,5322,5745
edit_write,f2a00553931d7e619d072d03abfb651dca5066cb32356f2d8aa4b45588138914,H4,0,102,140,2924,3211,3011,3333
edit_write,f2a00553931d7e619d072d03abfb651dca5066cb32356f2d8aa4b45588138914,H4,1,131,184,3169,3361,3313,3522
edit_write,f2a00553931d7e619d072d03abfb651dca5066cb32356f2d8aa4b45588138914,H4,2,121,183,3034,3516,3157,3638
edit_write,f35697d63e9e81b6db079b5f049375cde501fba71cac49b2e7e0655d6820b828,H1,0,45,54,29586,33172,29629,33216
edit_write,f35697d63e9e81b6db079b5f049375cde501fba71cac49b2e7e0655d6820b828,H1,1,45,62,28784,29309,28839,29355
edit_write,f35697d63e9e81b6db079b5f049375cde501fba71cac49b2e7e0655d6820b828,H1,2,35,48,29197,30958,29232,31006
edit_write,f35697d63e9e81b6db079b5f049375cde501fba71cac49b2e7e0655d6820b828,H2,0,66,115,9695,10496,9791,10586
edit_write,f35697d63e9e81b6db079b5f049375cde501fba71cac49b2e7e0655d6820b828,H2,1,55,80,10176,10662,10229,10722
edit_write,f35697d63e9e81b6db079b5f049375cde501fba71cac49b2e7e0655d6820b828,H2,2,79,124,9823,10475,9909,10596
edit_write,f35697d63e9e81b6db079b5f049375cde501fba71cac49b2e7e0655d6820b828,H0,0,43,48,18518,20112,18564,20154
edit_write,f35697d63e9e81b6db079b5f049375cde501fba71cac49b2e7e0655d6820b828,H0,1,46,51,18684,19254,18716,19302
edit_write,f35697d63e9e81b6db079b5f049375cde501fba71cac49b2e7e0655d6820b828,H0,2,29,34,18493,20159,18522,20192
edit_write,f35697d63e9e81b6db079b5f049375cde501fba71cac49b2e7e0655d6820b828,H3,0,1284,1398,7368,8430,8635,9828
edit_write,f35697d63e9e81b6db079b5f049375cde501fba71cac49b2e7e0655d6820b828,H3,1,1306,1404,7295,7854,8661,9205
edit_write,f35697d63e9e81b6db079b5f049375cde501fba71cac49b2e7e0655d6820b828,H3,2,1223,1321,7325,8084,8469,9410
edit_write,f35697d63e9e81b6db079b5f049375cde501fba71cac49b2e7e0655d6820b828,H4,0,229,253,4291,4558,4528,4788
edit_write,f35697d63e9e81b6db079b5f049375cde501fba71cac49b2e7e0655d6820b828,H4,1,240,282,4236,4482,4483,4762
edit_write,f35697d63e9e81b6db079b5f049375cde501fba71cac49b2e7e0655d6820b828,H4,2,211,242,4216,4598,4430,4848
edit_write,f42d70c0faaec9d7d28fe545cd6be15a1093f3f326a3404b5900c7a6228a1bc1,H1,0,44,48,31371,43162,31414,43205
edit_write,f42d70c0faaec9d7d28fe545cd6be15a1093f3f326a3404b5900c7a6228a1bc1,H1,1,46,73,31232,50781,31275,50831
edit_write,f42d70c0faaec9d7d28fe545cd6be15a1093f3f326a3404b5900c7a6228a1bc1,H1,2,41,42,33021,44937,33063,44979
edit_write,f42d70c0faaec9d7d28fe545cd6be15a1093f3f326a3404b5900c7a6228a1bc1,H2,0,69,96,13563,24932,13629,25017
edit_write,f42d70c0faaec9d7d28fe545cd6be15a1093f3f326a3404b5900c7a6228a1bc1,H2,1,83,129,13683,14851,13766,14969
edit_write,f42d70c0faaec9d7d28fe545cd6be15a1093f3f326a3404b5900c7a6228a1bc1,H2,2,81,118,13335,14693,13413,14775
edit_write,f42d70c0faaec9d7d28fe545cd6be15a1093f3f326a3404b5900c7a6228a1bc1,H0,0,46,52,17793,19302,17843,19353
edit_write,f42d70c0faaec9d7d28fe545cd6be15a1093f3f326a3404b5900c7a6228a1bc1,H0,1,33,48,17290,18636,17325,18676
edit_write,f42d70c0faaec9d7d28fe545cd6be15a1093f3f326a3404b5900c7a6228a1bc1,H0,2,34,55,17320,18761,17350,18782
edit_write,f42d70c0faaec9d7d28fe545cd6be15a1093f3f326a3404b5900c7a6228a1bc1,H3,0,1610,1735,10407,11068,12004,12799
edit_write,f42d70c0faaec9d7d28fe545cd6be15a1093f3f326a3404b5900c7a6228a1bc1,H3,1,1682,1792,10426,11334,12100,13091
edit_write,f42d70c0faaec9d7d28fe545cd6be15a1093f3f326a3404b5900c7a6228a1bc1,H3,2,1613,1737,10429,11021,12049,12771
edit_write,f42d70c0faaec9d7d28fe545cd6be15a1093f3f326a3404b5900c7a6228a1bc1,H4,0,281,300,5535,6158,5818,6458
edit_write,f42d70c0faaec9d7d28fe545cd6be15a1093f3f326a3404b5900c7a6228a1bc1,H4,1,289,364,5811,6384,6104,6768
edit_write,f42d70c0faaec9d7d28fe545cd6be15a1093f3f326a3404b5900c7a6228a1bc1,H4,2,246,417,5714,9857,5955,10274
edit_write,f4c37ff99f209df6496dfe5b3ea465531421dddd2d74ebb719ccf370b4030bd4,H1,0,57,75,26485,37474,26560,37546
edit_write,f4c37ff99f209df6496dfe5b3ea465531421dddd2d74ebb719ccf370b4030bd4,H1,1,51,75,26453,26885,26530,26936
edit_write,f4c37ff99f209df6496dfe5b3ea465531421dddd2d74ebb719ccf370b4030bd4,H1,2,77,92,47242,55905,47322,55979
edit_write,f4c37ff99f209df6496dfe5b3ea465531421dddd2d74ebb719ccf370b4030bd4,H2,0,95,142,19111,36729,19181,36799
edit_write,f4c37ff99f209df6496dfe5b3ea465531421dddd2d74ebb719ccf370b4030bd4,H2,1,98,122,19180,20124,19269,20207
edit_write,f4c37ff99f209df6496dfe5b3ea465531421dddd2d74ebb719ccf370b4030bd4,H2,2,123,175,19471,31162,19630,31287
edit_write,f4c37ff99f209df6496dfe5b3ea465531421dddd2d74ebb719ccf370b4030bd4,H0,0,47,57,54113,72469,54160,72516
edit_write,f4c37ff99f209df6496dfe5b3ea465531421dddd2d74ebb719ccf370b4030bd4,H0,1,36,40,54022,56952,54058,57014
edit_write,f4c37ff99f209df6496dfe5b3ea465531421dddd2d74ebb719ccf370b4030bd4,H0,2,32,88,53861,109071,53891,109142
edit_write,f4c37ff99f209df6496dfe5b3ea465531421dddd2d74ebb719ccf370b4030bd4,H3,0,2987,3204,14321,15542,17296,18674
edit_write,f4c37ff99f209df6496dfe5b3ea465531421dddd2d74ebb719ccf370b4030bd4,H3,1,2970,3149,14492,20933,17445,23927
edit_write,f4c37ff99f209df6496dfe5b3ea465531421dddd2d74ebb719ccf370b4030bd4,H3,2,4839,5203,24976,25569,29822,30448
edit_write,f4c37ff99f209df6496dfe5b3ea465531421dddd2d74ebb719ccf370b4030bd4,H4,0,557,661,11477,12201,12009,12786
edit_write,f4c37ff99f209df6496dfe5b3ea465531421dddd2d74ebb719ccf370b4030bd4,H4,1,563,647,11607,12238,12155,12776
edit_write,f4c37ff99f209df6496dfe5b3ea465531421dddd2d74ebb719ccf370b4030bd4,H4,2,540,651,11263,12208,11844,12788
edit_write,f5f292a1f9a76c68c51cdedc2639a84f1be63cd22f557203a9363e0fd00d0913,H1,0,43,46,26061,37261,26105,37306
edit_write,f5f292a1f9a76c68c51cdedc2639a84f1be63cd22f557203a9363e0fd00d0913,H1,1,45,71,26061,38623,26125,38693
edit_write,f5f292a1f9a76c68c51cdedc2639a84f1be63cd22f557203a9363e0fd00d0913,H1,2,42,45,29905,30613,29954,30653
edit_write,f5f292a1f9a76c68c51cdedc2639a84f1be63cd22f557203a9363e0fd00d0913,H2,0,77,116,9061,9667,9131,9783
edit_write,f5f292a1f9a76c68c51cdedc2639a84f1be63cd22f557203a9363e0fd00d0913,H2,1,82,104,9392,10038,9482,10128
edit_write,f5f292a1f9a76c68c51cdedc2639a84f1be63cd22f557203a9363e0fd00d0913,H2,2,83,119,9824,10143,9916,10219
edit_write,f5f292a1f9a76c68c51cdedc2639a84f1be63cd22f557203a9363e0fd00d0913,H0,0,42,52,15855,17199,15900,17241
edit_write,f5f292a1f9a76c68c51cdedc2639a84f1be63cd22f557203a9363e0fd00d0913,H0,1,31,48,15637,16678,15666,16713
edit_write,f5f292a1f9a76c68c51cdedc2639a84f1be63cd22f557203a9363e0fd00d0913,H0,2,30,36,18893,19192,18924,19218
edit_write,f5f292a1f9a76c68c51cdedc2639a84f1be63cd22f557203a9363e0fd00d0913,H3,0,1177,1308,6882,7425,8045,8739
edit_write,f5f292a1f9a76c68c51cdedc2639a84f1be63cd22f557203a9363e0fd00d0913,H3,1,1197,1296,7126,7888,8349,9215
edit_write,f5f292a1f9a76c68c51cdedc2639a84f1be63cd22f557203a9363e0fd00d0913,H3,2,1307,1396,7923,8133,9233,9467
edit_write,f5f292a1f9a76c68c51cdedc2639a84f1be63cd22f557203a9363e0fd00d0913,H4,0,184,236,4435,4972,4615,5214
edit_write,f5f292a1f9a76c68c51cdedc2639a84f1be63cd22f557203a9363e0fd00d0913,H4,1,199,228,4660,5217,4858,5421
edit_write,f5f292a1f9a76c68c51cdedc2639a84f1be63cd22f557203a9363e0fd00d0913,H4,2,221,268,5039,5520,5272,5778
edit_write,f61bfc495b6b4fb15fa7c8e4b239846ad8b1bdd28eed516ad6b3fd70ba992869,H1,0,44,50,10833,11655,10882,11699
edit_write,f61bfc495b6b4fb15fa7c8e4b239846ad8b1bdd28eed516ad6b3fd70ba992869,H1,1,49,73,11472,12524,11544,12567
edit_write,f61bfc495b6b4fb15fa7c8e4b239846ad8b1bdd28eed516ad6b3fd70ba992869,H1,2,34,41,11895,12231,11928,12265
edit_write,f61bfc495b6b4fb15fa7c8e4b239846ad8b1bdd28eed516ad6b3fd70ba992869,H2,0,59,88,13761,19567,13835,19643
edit_write,f61bfc495b6b4fb15fa7c8e4b239846ad8b1bdd28eed516ad6b3fd70ba992869,H2,1,64,89,14048,14924,14111,15013
edit_write,f61bfc495b6b4fb15fa7c8e4b239846ad8b1bdd28eed516ad6b3fd70ba992869,H2,2,129,177,13669,14048,13805,14174
edit_write,f61bfc495b6b4fb15fa7c8e4b239846ad8b1bdd28eed516ad6b3fd70ba992869,H0,0,42,52,18847,20186,18888,20232
edit_write,f61bfc495b6b4fb15fa7c8e4b239846ad8b1bdd28eed516ad6b3fd70ba992869,H0,1,38,52,18392,19506,18434,19561
edit_write,f61bfc495b6b4fb15fa7c8e4b239846ad8b1bdd28eed516ad6b3fd70ba992869,H0,2,33,55,17971,18202,18005,18228
edit_write,f61bfc495b6b4fb15fa7c8e4b239846ad8b1bdd28eed516ad6b3fd70ba992869,H3,0,1710,1911,10714,11985,12415,13923
edit_write,f61bfc495b6b4fb15fa7c8e4b239846ad8b1bdd28eed516ad6b3fd70ba992869,H3,1,1639,1827,10707,11515,12351,13303
edit_write,f61bfc495b6b4fb15fa7c8e4b239846ad8b1bdd28eed516ad6b3fd70ba992869,H3,2,1549,1631,10569,11010,12070,12638
edit_write,f61bfc495b6b4fb15fa7c8e4b239846ad8b1bdd28eed516ad6b3fd70ba992869,H4,0,247,308,7014,7582,7260,7915
edit_write,f61bfc495b6b4fb15fa7c8e4b239846ad8b1bdd28eed516ad6b3fd70ba992869,H4,1,321,410,7040,7625,7345,8022
edit_write,f61bfc495b6b4fb15fa7c8e4b239846ad8b1bdd28eed516ad6b3fd70ba992869,H4,2,245,312,7095,7614,7323,7926
edit_write,f6b7ad8fdd3ca0cc04fc726f7145dec7a841e96ec70a46b83ac199e0ae171bca,H1,0,44,49,68536,88868,68581,88917
edit_write,f6b7ad8fdd3ca0cc04fc726f7145dec7a841e96ec70a46b83ac199e0ae171bca,H1,1,47,67,68399,88751,68445,88796
edit_write,f6b7ad8fdd3ca0cc04fc726f7145dec7a841e96ec70a46b83ac199e0ae171bca,H1,2,37,40,68920,70335,68960,70372
edit_write,f6b7ad8fdd3ca0cc04fc726f7145dec7a841e96ec70a46b83ac199e0ae171bca,H2,0,81,112,18197,29643,18275,29730
edit_write,f6b7ad8fdd3ca0cc04fc726f7145dec7a841e96ec70a46b83ac199e0ae171bca,H2,1,98,149,18678,24986,18775,25071
edit_write,f6b7ad8fdd3ca0cc04fc726f7145dec7a841e96ec70a46b83ac199e0ae171bca,H2,2,106,142,18126,18873,18245,18977
edit_write,f6b7ad8fdd3ca0cc04fc726f7145dec7a841e96ec70a46b83ac199e0ae171bca,H0,0,43,71,43600,48568,43640,48625
edit_write,f6b7ad8fdd3ca0cc04fc726f7145dec7a841e96ec70a46b83ac199e0ae171bca,H0,1,36,54,42791,60255,42840,60282
edit_write,f6b7ad8fdd3ca0cc04fc726f7145dec7a841e96ec70a46b83ac199e0ae171bca,H0,2,31,53,42482,48576,42515,48614
edit_write,f6b7ad8fdd3ca0cc04fc726f7145dec7a841e96ec70a46b83ac199e0ae171bca,H3,0,2917,3258,15630,16900,18514,20200
edit_write,f6b7ad8fdd3ca0cc04fc726f7145dec7a841e96ec70a46b83ac199e0ae171bca,H3,1,2886,3099,15593,22613,18442,30144
edit_write,f6b7ad8fdd3ca0cc04fc726f7145dec7a841e96ec70a46b83ac199e0ae171bca,H3,2,2724,2887,15234,15789,18008,18516
edit_write,f6b7ad8fdd3ca0cc04fc726f7145dec7a841e96ec70a46b83ac199e0ae171bca,H4,0,400,433,10141,10975,10549,11381
edit_write,f6b7ad8fdd3ca0cc04fc726f7145dec7a841e96ec70a46b83ac199e0ae171bca,H4,1,434,481,10258,11254,10700,11702
edit_write,f6b7ad8fdd3ca0cc04fc726f7145dec7a841e96ec70a46b83ac199e0ae171bca,H4,2,402,437,10252,11708,10685,12132
edit_write,f7cd16240695e8403d969ea60241e214bf24a935c1f3784e1b6151ee17dc2754,H1,0,43,51,27592,29103,27635,29150
edit_write,f7cd16240695e8403d969ea60241e214bf24a935c1f3784e1b6151ee17dc2754,H1,1,43,63,26277,28612,26341,28672
edit_write,f7cd16240695e8403d969ea60241e214bf24a935c1f3784e1b6151ee17dc2754,H1,2,40,45,26394,27203,26434,27243
edit_write,f7cd16240695e8403d969ea60241e214bf24a935c1f3784e1b6151ee17dc2754,H2,0,71,109,12496,13724,12580,13812
edit_write,f7cd16240695e8403d969ea60241e214bf24a935c1f3784e1b6151ee17dc2754,H2,1,62,108,13119,13848,13195,13912
edit_write,f7cd16240695e8403d969ea60241e214bf24a935c1f3784e1b6151ee17dc2754,H2,2,111,133,12079,12743,12195,12855
edit_write,f7cd16240695e8403d969ea60241e214bf24a935c1f3784e1b6151ee17dc2754,H0,0,44,53,15572,33325,15614,33367
edit_write,f7cd16240695e8403d969ea60241e214bf24a935c1f3784e1b6151ee17dc2754,H0,1,37,45,15187,16156,15222,16195
edit_write,f7cd16240695e8403d969ea60241e214bf24a935c1f3784e1b6151ee17dc2754,H0,2,36,53,15077,16604,15110,16644
edit_write,f7cd16240695e8403d969ea60241e214bf24a935c1f3784e1b6151ee17dc2754,H3,0,1534,1775,9217,10123,10820,11960
edit_write,f7cd16240695e8403d969ea60241e214bf24a935c1f3784e1b6151ee17dc2754,H3,1,1590,1758,9499,10312,11129,12070
edit_write,f7cd16240695e8403d969ea60241e214bf24a935c1f3784e1b6151ee17dc2754,H3,2,1557,1621,9078,9548,10586,11158
edit_write,f7cd16240695e8403d969ea60241e214bf24a935c1f3784e1b6151ee17dc2754,H4,0,236,271,5335,5892,5585,6163
edit_write,f7cd16240695e8403d969ea60241e214bf24a935c1f3784e1b6151ee17dc2754,H4,1,302,347,5283,5643,5585,5956
edit_write,f7cd16240695e8403d969ea60241e214bf24a935c1f3784e1b6151ee17dc2754,H4,2,252,295,5496,6000,5780,6281
edit_write,f8fec1d2fddf3830f2f6c9049be9a50487418fe217e6a872dc38727c29aa9b15,H1,0,44,51,26329,28593,26374,28638
edit_write,f8fec1d2fddf3830f2f6c9049be9a50487418fe217e6a872dc38727c29aa9b15,H1,1,49,75,26754,38942,26802,39010
edit_write,f8fec1d2fddf3830f2f6c9049be9a50487418fe217e6a872dc38727c29aa9b15,H1,2,38,42,27176,31223,27213,31284
edit_write,f8fec1d2fddf3830f2f6c9049be9a50487418fe217e6a872dc38727c29aa9b15,H2,0,79,107,10891,11746,10992,11825
edit_write,f8fec1d2fddf3830f2f6c9049be9a50487418fe217e6a872dc38727c29aa9b15,H2,1,74,121,11028,11428,11096,11513
edit_write,f8fec1d2fddf3830f2f6c9049be9a50487418fe217e6a872dc38727c29aa9b15,H2,2,94,113,10438,11154,10528,11256
edit_write,f8fec1d2fddf3830f2f6c9049be9a50487418fe217e6a872dc38727c29aa9b15,H0,0,43,53,16306,17459,16348,17511
edit_write,f8fec1d2fddf3830f2f6c9049be9a50487418fe217e6a872dc38727c29aa9b15,H0,1,30,51,16073,16781,16111,16811
edit_write,f8fec1d2fddf3830f2f6c9049be9a50487418fe217e6a872dc38727c29aa9b15,H0,2,29,37,15973,17153,15999,17209
edit_write,f8fec1d2fddf3830f2f6c9049be9a50487418fe217e6a872dc38727c29aa9b15,H3,0,1256,1387,8966,9512,10240,10938
edit_write,f8fec1d2fddf3830f2f6c9049be9a50487418fe217e6a872dc38727c29aa9b15,H3,1,1347,1473,8981,9536,10321,10911
edit_write,f8fec1d2fddf3830f2f6c9049be9a50487418fe217e6a872dc38727c29aa9b15,H3,2,1299,1426,9108,10179,10395,11605
edit_write,f8fec1d2fddf3830f2f6c9049be9a50487418fe217e6a872dc38727c29aa9b15,H4,0,192,233,5603,6105,5800,6338
edit_write,f8fec1d2fddf3830f2f6c9049be9a50487418fe217e6a872dc38727c29aa9b15,H4,1,189,208,5775,6229,5983,6415
edit_write,f8fec1d2fddf3830f2f6c9049be9a50487418fe217e6a872dc38727c29aa9b15,H4,2,203,248,5956,6866,6172,7114
edit_write,f94643fb6b680558517d775cc28fd2a02d3bf654111425b839bbf95a08d7f29f,H1,0,47,61,14248,15195,14298,15239
edit_write,f94643fb6b680558517d775cc28fd2a02d3bf654111425b839bbf95a08d7f29f,H1,1,51,80,14072,14697,14131,14768
edit_write,f94643fb6b680558517d775cc28fd2a02d3bf654111425b839bbf95a08d7f29f,H1,2,38,48,14452,14800,14490,14840
edit_write,f94643fb6b680558517d775cc28fd2a02d3bf654111425b839bbf95a08d7f29f,H2,0,69,95,14818,20230,14908,20284
edit_write,f94643fb6b680558517d775cc28fd2a02d3bf654111425b839bbf95a08d7f29f,H2,1,90,124,14769,15881,14856,15978
edit_write,f94643fb6b680558517d775cc28fd2a02d3bf654111425b839bbf95a08d7f29f,H2,2,93,118,15042,16021,15131,16098
edit_write,f94643fb6b680558517d775cc28fd2a02d3bf654111425b839bbf95a08d7f29f,H0,0,52,65,30957,43051,31008,43100
edit_write,f94643fb6b680558517d775cc28fd2a02d3bf654111425b839bbf95a08d7f29f,H0,1,48,84,30441,42591,30484,42683
edit_write,f94643fb6b680558517d775cc28fd2a02d3bf654111425b839bbf95a08d7f29f,H0,2,32,48,32891,33560,32923,33591
edit_write,f94643fb6b680558517d775cc28fd2a02d3bf654111425b839bbf95a08d7f29f,H3,0,1684,1858,10465,11255,12097,13074
edit_write,f94643fb6b680558517d775cc28fd2a02d3bf654111425b839bbf95a08d7f29f,H3,1,1723,1864,11060,11778,12756,13642
edit_write,f94643fb6b680558517d775cc28fd2a02d3bf654111425b839bbf95a08d7f29f,H3,2,1668,1822,11084,12133,12699,14066
edit_write,f94643fb6b680558517d775cc28fd2a02d3bf654111425b839bbf95a08d7f29f,H4,0,345,383,5543,6121,5891,6498
edit_write,f94643fb6b680558517d775cc28fd2a02d3bf654111425b839bbf95a08d7f29f,H4,1,346,395,5712,6195,6068,6552
edit_write,f94643fb6b680558517d775cc28fd2a02d3bf654111425b839bbf95a08d7f29f,H4,2,348,381,5537,5803,5887,6152
edit_write,f9d9853e5d1a86bd3f5789e51df999bcd31b2ca5d74e70a72c4b106ba06725a7,H1,0,44,55,26924,39183,26978,39233
edit_write,f9d9853e5d1a86bd3f5789e51df999bcd31b2ca5d74e70a72c4b106ba06725a7,H1,1,47,70,25277,31696,25336,31743
edit_write,f9d9853e5d1a86bd3f5789e51df999bcd31b2ca5d74e70a72c4b106ba06725a7,H1,2,34,50,26980,28634,27014,28686
edit_write,f9d9853e5d1a86bd3f5789e51df999bcd31b2ca5d74e70a72c4b106ba06725a7,H2,0,73,107,15400,16709,15481,16782
edit_write,f9d9853e5d1a86bd3f5789e51df999bcd31b2ca5d74e70a72c4b106ba06725a7,H2,1,80,87,15766,34564,15848,34644
edit_write,f9d9853e5d1a86bd3f5789e51df999bcd31b2ca5d74e70a72c4b106ba06725a7,H2,2,73,101,14976,20536,15048,20623
edit_write,f9d9853e5d1a86bd3f5789e51df999bcd31b2ca5d74e70a72c4b106ba06725a7,H0,0,42,49,16427,17374,16471,17418
edit_write,f9d9853e5d1a86bd3f5789e51df999bcd31b2ca5d74e70a72c4b106ba06725a7,H0,1,33,37,15819,17509,15852,17538
edit_write,f9d9853e5d1a86bd3f5789e51df999bcd31b2ca5d74e70a72c4b106ba06725a7,H0,2,31,38,15923,17692,15958,17730
edit_write,f9d9853e5d1a86bd3f5789e51df999bcd31b2ca5d74e70a72c4b106ba06725a7,H3,0,1418,1677,13866,14940,15267,16828
edit_write,f9d9853e5d1a86bd3f5789e51df999bcd31b2ca5d74e70a72c4b106ba06725a7,H3,1,1475,1655,14350,15117,15898,16677
edit_write,f9d9853e5d1a86bd3f5789e51df999bcd31b2ca5d74e70a72c4b106ba06725a7,H3,2,1360,1699,13837,14657,15223,16055
edit_write,f9d9853e5d1a86bd3f5789e51df999bcd31b2ca5d74e70a72c4b106ba06725a7,H4,0,183,234,8328,8914,8502,9122
edit_write,f9d9853e5d1a86bd3f5789e51df999bcd31b2ca5d74e70a72c4b106ba06725a7,H4,1,198,224,8266,8904,8473,9128
edit_write,f9d9853e5d1a86bd3f5789e51df999bcd31b2ca5d74e70a72c4b106ba06725a7,H4,2,168,198,8166,14353,8334,14536
edit_write,f9e1f690f48c3253326fce967a3f7d87361266afd3942d96d5d78dd2b3c25ad4,H1,0,44,49,36334,48271,36379,48314
edit_write,f9e1f690f48c3253326fce967a3f7d87361266afd3942d96d5d78dd2b3c25ad4,H1,1,44,66,36436,47952,36474,47992
edit_write,f9e1f690f48c3253326fce967a3f7d87361266afd3942d96d5d78dd2b3c25ad4,H1,2,42,52,36476,43194,36516,43238
edit_write,f9e1f690f48c3253326fce967a3f7d87361266afd3942d96d5d78dd2b3c25ad4,H2,0,72,106,11993,13351,12069,13420
edit_write,f9e1f690f48c3253326fce967a3f7d87361266afd3942d96d5d78dd2b3c25ad4,H2,1,81,114,12377,23538,12464,23615
edit_write,f9e1f690f48c3253326fce967a3f7d87361266afd3942d96d5d78dd2b3c25ad4,H2,2,96,138,11982,12470,12100,12549
edit_write,f9e1f690f48c3253326fce967a3f7d87361266afd3942d96d5d78dd2b3c25ad4,H0,0,43,55,20049,21410,20091,21449
edit_write,f9e1f690f48c3253326fce967a3f7d87361266afd3942d96d5d78dd2b3c25ad4,H0,1,38,52,21346,22772,21384,22810
edit_write,f9e1f690f48c3253326fce967a3f7d87361266afd3942d96d5d78dd2b3c25ad4,H0,2,33,43,19627,20051,19660,20077
edit_write,f9e1f690f48c3253326fce967a3f7d87361266afd3942d96d5d78dd2b3c25ad4,H3,0,1106,1259,10801,22097,11958,23159
edit_write,f9e1f690f48c3253326fce967a3f7d87361266afd3942d96d5d78dd2b3c25ad4,H3,1,1277,1419,10860,12359,12128,13854
edit_write,f9e1f690f48c3253326fce967a3f7d87361266afd3942d96d5d78dd2b3c25ad4,H3,2,1109,1220,10484,10853,11593,11977
edit_write,f9e1f690f48c3253326fce967a3f7d87361266afd3942d96d5d78dd2b3c25ad4,H4,0,271,316,7755,8382,8023,8671
edit_write,f9e1f690f48c3253326fce967a3f7d87361266afd3942d96d5d78dd2b3c25ad4,H4,1,266,338,8084,9066,8398,9389
edit_write,f9e1f690f48c3253326fce967a3f7d87361266afd3942d96d5d78dd2b3c25ad4,H4,2,253,292,7924,8649,8170,8870
edit_write,f9f9788384837350748b55e9fdf2f0827975bb37f45b75ffab7fa0ff4e86486b,H1,0,45,57,35851,47865,35902,47908
edit_write,f9f9788384837350748b55e9fdf2f0827975bb37f45b75ffab7fa0ff4e86486b,H1,1,49,74,34009,36978,34083,37038
edit_write,f9f9788384837350748b55e9fdf2f0827975bb37f45b75ffab7fa0ff4e86486b,H1,2,42,46,33895,47069,33935,47110
edit_write,f9f9788384837350748b55e9fdf2f0827975bb37f45b75ffab7fa0ff4e86486b,H2,0,67,105,10173,11314,10235,11418
edit_write,f9f9788384837350748b55e9fdf2f0827975bb37f45b75ffab7fa0ff4e86486b,H2,1,92,119,10793,11356,10891,11475
edit_write,f9f9788384837350748b55e9fdf2f0827975bb37f45b75ffab7fa0ff4e86486b,H2,2,80,114,10500,11180,10589,11294
edit_write,f9f9788384837350748b55e9fdf2f0827975bb37f45b75ffab7fa0ff4e86486b,H0,0,46,66,24021,25558,24074,25624
edit_write,f9f9788384837350748b55e9fdf2f0827975bb37f45b75ffab7fa0ff4e86486b,H0,1,33,49,24354,26285,24388,26324
edit_write,f9f9788384837350748b55e9fdf2f0827975bb37f45b75ffab7fa0ff4e86486b,H0,2,35,49,23670,29368,23701,29409
edit_write,f9f9788384837350748b55e9fdf2f0827975bb37f45b75ffab7fa0ff4e86486b,H3,0,1611,1794,8089,8664,9705,10412
edit_write,f9f9788384837350748b55e9fdf2f0827975bb37f45b75ffab7fa0ff4e86486b,H3,1,1697,1891,8429,9191,10093,11082
edit_write,f9f9788384837350748b55e9fdf2f0827975bb37f45b75ffab7fa0ff4e86486b,H3,2,1556,1705,8548,9019,10142,10745
edit_write,f9f9788384837350748b55e9fdf2f0827975bb37f45b75ffab7fa0ff4e86486b,H4,0,179,211,5360,5938,5535,6137
edit_write,f9f9788384837350748b55e9fdf2f0827975bb37f45b75ffab7fa0ff4e86486b,H4,1,204,239,5423,5970,5632,6206
edit_write,f9f9788384837350748b55e9fdf2f0827975bb37f45b75ffab7fa0ff4e86486b,H4,2,187,226,5563,6169,5750,6383
edit_write,fbf54e62646d4a938dfe09bfa1e7afb91cb32873f150d37c68bcb9e6b1187127,H1,0,44,50,73746,87775,73795,87821
edit_write,fbf54e62646d4a938dfe09bfa1e7afb91cb32873f150d37c68bcb9e6b1187127,H1,1,73,78,71776,93069,71842,93139
edit_write,fbf54e62646d4a938dfe09bfa1e7afb91cb32873f150d37c68bcb9e6b1187127,H1,2,41,48,74520,84506,74562,84546
edit_write,fbf54e62646d4a938dfe09bfa1e7afb91cb32873f150d37c68bcb9e6b1187127,H2,0,119,172,26757,39219,26852,39321
edit_write,fbf54e62646d4a938dfe09bfa1e7afb91cb32873f150d37c68bcb9e6b1187127,H2,1,119,161,26861,28771,26987,28939
edit_write,fbf54e62646d4a938dfe09bfa1e7afb91cb32873f150d37c68bcb9e6b1187127,H2,2,128,155,26102,27278,26244,27419
edit_write,fbf54e62646d4a938dfe09bfa1e7afb91cb32873f150d37c68bcb9e6b1187127,H0,0,48,58,49047,60749,49103,60797
edit_write,fbf54e62646d4a938dfe09bfa1e7afb91cb32873f150d37c68bcb9e6b1187127,H0,1,36,39,47749,66009,47785,66035
edit_write,fbf54e62646d4a938dfe09bfa1e7afb91cb32873f150d37c68bcb9e6b1187127,H0,2,33,43,47799,48512,47832,48550
edit_write,fbf54e62646d4a938dfe09bfa1e7afb91cb32873f150d37c68bcb9e6b1187127,H3,0,3043,3352,22849,24884,25822,28274
edit_write,fbf54e62646d4a938dfe09bfa1e7afb91cb32873f150d37c68bcb9e6b1187127,H3,1,3141,3422,23146,24949,26265,28394
edit_write,fbf54e62646d4a938dfe09bfa1e7afb91cb32873f150d37c68bcb9e6b1187127,H3,2,3077,3191,22987,23888,26039,27070
edit_write,fbf54e62646d4a938dfe09bfa1e7afb91cb32873f150d37c68bcb9e6b1187127,H4,0,622,678,15645,17117,16248,17795
edit_write,fbf54e62646d4a938dfe09bfa1e7afb91cb32873f150d37c68bcb9e6b1187127,H4,1,607,688,15661,16948,16317,17607
edit_write,fbf54e62646d4a938dfe09bfa1e7afb91cb32873f150d37c68bcb9e6b1187127,H4,2,596,654,15650,16391,16284,16974
edit_write,fdf78a5668533a2b09c7c6e670e8f260bc76ada0943d921ec6078a76363c562e,H1,0,66,72,86186,107670,86246,107719
edit_write,fdf78a5668533a2b09c7c6e670e8f260bc76ada0943d921ec6078a76363c562e,H1,1,52,75,87469,105234,87522,105315
edit_write,fdf78a5668533a2b09c7c6e670e8f260bc76ada0943d921ec6078a76363c562e,H1,2,40,66,88198,109090,88245,109129
edit_write,fdf78a5668533a2b09c7c6e670e8f260bc76ada0943d921ec6078a76363c562e,H2,0,82,131,15277,16538,15354,16610
edit_write,fdf78a5668533a2b09c7c6e670e8f260bc76ada0943d921ec6078a76363c562e,H2,1,104,153,15131,16236,15229,16321
edit_write,fdf78a5668533a2b09c7c6e670e8f260bc76ada0943d921ec6078a76363c562e,H2,2,125,160,14952,16080,15057,16222
edit_write,fdf78a5668533a2b09c7c6e670e8f260bc76ada0943d921ec6078a76363c562e,H0,0,45,53,55004,68609,55054,68654
edit_write,fdf78a5668533a2b09c7c6e670e8f260bc76ada0943d921ec6078a76363c562e,H0,1,39,60,54580,58312,54615,58350
edit_write,fdf78a5668533a2b09c7c6e670e8f260bc76ada0943d921ec6078a76363c562e,H0,2,31,35,53433,71663,53460,71694
edit_write,fdf78a5668533a2b09c7c6e670e8f260bc76ada0943d921ec6078a76363c562e,H3,0,2379,2714,11215,11998,13579,14876
edit_write,fdf78a5668533a2b09c7c6e670e8f260bc76ada0943d921ec6078a76363c562e,H3,1,2409,2549,11243,12372,13632,14906
edit_write,fdf78a5668533a2b09c7c6e670e8f260bc76ada0943d921ec6078a76363c562e,H3,2,2356,2602,11277,12310,13601,14885
edit_write,fdf78a5668533a2b09c7c6e670e8f260bc76ada0943d921ec6078a76363c562e,H4,0,367,412,8025,8864,8400,9258
edit_write,fdf78a5668533a2b09c7c6e670e8f260bc76ada0943d921ec6078a76363c562e,H4,1,377,437,8078,8717,8462,9186
edit_write,fdf78a5668533a2b09c7c6e670e8f260bc76ada0943d921ec6078a76363c562e,H4,2,362,402,8097,9136,8453,9503
edit_write,fe26ea0f547ee5341ee2a774c4626d40cff403f978f0eecd4885426a95dd9e4f,H1,0,44,61,32096,43165,32142,43209
edit_write,fe26ea0f547ee5341ee2a774c4626d40cff403f978f0eecd4885426a95dd9e4f,H1,1,48,74,30730,31511,30804,31583
edit_write,fe26ea0f547ee5341ee2a774c4626d40cff403f978f0eecd4885426a95dd9e4f,H1,2,37,48,33232,41662,33269,41699
edit_write,fe26ea0f547ee5341ee2a774c4626d40cff403f978f0eecd4885426a95dd9e4f,H2,0,75,118,12043,13346,12121,13443
edit_write,fe26ea0f547ee5341ee2a774c4626d40cff403f978f0eecd4885426a95dd9e4f,H2,1,85,125,12245,12755,12341,12889
edit_write,fe26ea0f547ee5341ee2a774c4626d40cff403f978f0eecd4885426a95dd9e4f,H2,2,99,120,12132,14120,12215,14243
edit_write,fe26ea0f547ee5341ee2a774c4626d40cff403f978f0eecd4885426a95dd9e4f,H0,0,44,59,17970,28298,18014,28329
edit_write,fe26ea0f547ee5341ee2a774c4626d40cff403f978f0eecd4885426a95dd9e4f,H0,1,33,53,17035,17654,17071,17684
edit_write,fe26ea0f547ee5341ee2a774c4626d40cff403f978f0eecd4885426a95dd9e4f,H0,2,35,49,17581,18277,17625,18304
edit_write,fe26ea0f547ee5341ee2a774c4626d40cff403f978f0eecd4885426a95dd9e4f,H3,0,1639,7080,9332,21998,10966,28725
edit_write,fe26ea0f547ee5341ee2a774c4626d40cff403f978f0eecd4885426a95dd9e4f,H3,1,1695,1831,8943,9524,10577,11278
edit_write,fe26ea0f547ee5341ee2a774c4626d40cff403f978f0eecd4885426a95dd9e4f,H3,2,1669,1820,9427,9969,11102,11789
edit_write,fe26ea0f547ee5341ee2a774c4626d40cff403f978f0eecd4885426a95dd9e4f,H4,0,266,309,5199,5666,5486,5956
edit_write,fe26ea0f547ee5341ee2a774c4626d40cff403f978f0eecd4885426a95dd9e4f,H4,1,286,325,5183,5476,5451,5801
edit_write,fe26ea0f547ee5341ee2a774c4626d40cff403f978f0eecd4885426a95dd9e4f,H4,2,255,309,5155,5948,5396,6294
edit_write,fea305d72dbbeee48fdea65ea9893a4889602407d2c96d9baf476141ba785ac3,H1,0,43,48,67749,89896,67792,89937
edit_write,fea305d72dbbeee48fdea65ea9893a4889602407d2c96d9baf476141ba785ac3,H1,1,59,68,67381,70616,67444,70684
edit_write,fea305d72dbbeee48fdea65ea9893a4889602407d2c96d9baf476141ba785ac3,H1,2,42,45,67075,84310,67118,84352
edit_write,fea305d72dbbeee48fdea65ea9893a4889602407d2c96d9baf476141ba785ac3,H2,0,111,141,57612,76325,57728,76407
edit_write,fea305d72dbbeee48fdea65ea9893a4889602407d2c96d9baf476141ba785ac3,H2,1,128,157,58071,59064,58201,59201
edit_write,fea305d72dbbeee48fdea65ea9893a4889602407d2c96d9baf476141ba785ac3,H2,2,119,142,57831,71042,57955,71171
edit_write,fea305d72dbbeee48fdea65ea9893a4889602407d2c96d9baf476141ba785ac3,H0,0,48,60,43613,55289,43668,55345
edit_write,fea305d72dbbeee48fdea65ea9893a4889602407d2c96d9baf476141ba785ac3,H0,1,40,61,45605,58104,45666,58161
edit_write,fea305d72dbbeee48fdea65ea9893a4889602407d2c96d9baf476141ba785ac3,H0,2,32,47,42887,61006,42931,61032
edit_write,fea305d72dbbeee48fdea65ea9893a4889602407d2c96d9baf476141ba785ac3,H3,0,2603,2727,57408,71926,60055,78811
edit_write,fea305d72dbbeee48fdea65ea9893a4889602407d2c96d9baf476141ba785ac3,H3,1,2712,2981,58439,66186,61155,68922
edit_write,fea305d72dbbeee48fdea65ea9893a4889602407d2c96d9baf476141ba785ac3,H3,2,2498,2698,55561,74514,58061,77012
edit_write,fea305d72dbbeee48fdea65ea9893a4889602407d2c96d9baf476141ba785ac3,H4,0,390,418,66012,85890,66349,86293
edit_write,fea305d72dbbeee48fdea65ea9893a4889602407d2c96d9baf476141ba785ac3,H4,1,410,456,66911,73412,67336,73845
edit_write,fea305d72dbbeee48fdea65ea9893a4889602407d2c96d9baf476141ba785ac3,H4,2,377,435,66633,87420,66990,87787
edit_write,ff3e4698ee092736a6520cc9f85bfd5e49a7552f008673c7abaad578d7054728,H1,0,43,48,30512,42587,30554,42635
edit_write,ff3e4698ee092736a6520cc9f85bfd5e49a7552f008673c7abaad578d7054728,H1,1,45,68,29921,32553,29970,32604
edit_write,ff3e4698ee092736a6520cc9f85bfd5e49a7552f008673c7abaad578d7054728,H1,2,34,45,30473,31825,30502,31870
edit_write,ff3e4698ee092736a6520cc9f85bfd5e49a7552f008673c7abaad578d7054728,H2,0,69,119,10413,21873,10496,21932
edit_write,ff3e4698ee092736a6520cc9f85bfd5e49a7552f008673c7abaad578d7054728,H2,1,57,73,10777,11752,10849,11808
edit_write,ff3e4698ee092736a6520cc9f85bfd5e49a7552f008673c7abaad578d7054728,H2,2,101,129,10051,10443,10156,10566
edit_write,ff3e4698ee092736a6520cc9f85bfd5e49a7552f008673c7abaad578d7054728,H0,0,46,61,18975,20424,19022,20474
edit_write,ff3e4698ee092736a6520cc9f85bfd5e49a7552f008673c7abaad578d7054728,H0,1,61,94,18813,19942,18890,19996
edit_write,ff3e4698ee092736a6520cc9f85bfd5e49a7552f008673c7abaad578d7054728,H0,2,43,52,18573,18913,18621,18960
edit_write,ff3e4698ee092736a6520cc9f85bfd5e49a7552f008673c7abaad578d7054728,H3,0,1036,1165,7630,8286,8725,9560
edit_write,ff3e4698ee092736a6520cc9f85bfd5e49a7552f008673c7abaad578d7054728,H3,1,1123,1350,7771,13392,8858,14560
edit_write,ff3e4698ee092736a6520cc9f85bfd5e49a7552f008673c7abaad578d7054728,H3,2,1108,1853,8227,14169,9398,16022
edit_write,ff3e4698ee092736a6520cc9f85bfd5e49a7552f008673c7abaad578d7054728,H4,0,235,275,4375,10360,4610,10559
edit_write,ff3e4698ee092736a6520cc9f85bfd5e49a7552f008673c7abaad578d7054728,H4,1,248,314,4499,5136,4751,5477
edit_write,ff3e4698ee092736a6520cc9f85bfd5e49a7552f008673c7abaad578d7054728,H4,2,196,245,4416,4845,4609,5090
